topic_id,series_id,series_name,entity,metric,date,period,date_precision,period_start,value,unit,frequency,kind,source_url,retrieved_at,attributes_json
EG.ELC.ACCS.ZS,EG.ELC.ACCS.ZS--bra,Brazylia,BRA,Access to electricity (% of population),1960-12-31,1960,year,1960-01-01,,% populacji,annual,observed,https://api.worldbank.org/v2/country/POL;WLD;USA;CHN;DEU;IND;KOR;JPN;GBR;FRA;BRA;EST/indicator/EG.ELC.ACCS.ZS?format=json&per_page=1000,2026-09-28T17:23:23.270Z,{}
EG.ELC.ACCS.ZS,EG.ELC.ACCS.ZS--chn,Chiny,CHN,Access to electricity (% of population),1960-12-31,1960,year,1960-01-01,,% populacji,annual,observed,https://api.worldbank.org/v2/country/POL;WLD;USA;CHN;DEU;IND;KOR;JPN;GBR;FRA;BRA;EST/indicator/EG.ELC.ACCS.ZS?format=json&per_page=1000,2026-09-28T17:23:23.270Z,{}
EG.ELC.ACCS.ZS,EG.ELC.ACCS.ZS--deu,Niemcy,DEU,Access to electricity (% of population),1960-12-31,1960,year,1960-01-01,,% populacji,annual,observed,https://api.worldbank.org/v2/country/POL;WLD;USA;CHN;DEU;IND;KOR;JPN;GBR;FRA;BRA;EST/indicator/EG.ELC.ACCS.ZS?format=json&per_page=1000,2026-09-28T17:23:23.270Z,{}
EG.ELC.ACCS.ZS,EG.ELC.ACCS.ZS--est,Estonia,EST,Access to electricity (% of population),1960-12-31,1960,year,1960-01-01,,% populacji,annual,observed,https://api.worldbank.org/v2/country/POL;WLD;USA;CHN;DEU;IND;KOR;JPN;GBR;FRA;BRA;EST/indicator/EG.ELC.ACCS.ZS?format=json&per_page=1000,2026-09-28T17:23:23.270Z,{}
EG.ELC.ACCS.ZS,EG.ELC.ACCS.ZS--fra,Francja,FRA,Access to electricity (% of population),1960-12-31,1960,year,1960-01-01,,% populacji,annual,observed,https://api.worldbank.org/v2/country/POL;WLD;USA;CHN;DEU;IND;KOR;JPN;GBR;FRA;BRA;EST/indicator/EG.ELC.ACCS.ZS?format=json&per_page=1000,2026-09-28T17:23:23.270Z,{}
EG.ELC.ACCS.ZS,EG.ELC.ACCS.ZS--gbr,Wielka Brytania,GBR,Access to electricity (% of population),1960-12-31,1960,year,1960-01-01,,% populacji,annual,observed,https://api.worldbank.org/v2/country/POL;WLD;USA;CHN;DEU;IND;KOR;JPN;GBR;FRA;BRA;EST/indicator/EG.ELC.ACCS.ZS?format=json&per_page=1000,2026-09-28T17:23:23.270Z,{}
EG.ELC.ACCS.ZS,EG.ELC.ACCS.ZS--ind,Indie,IND,Access to electricity (% of population),1960-12-31,1960,year,1960-01-01,,% populacji,annual,observed,https://api.worldbank.org/v2/country/POL;WLD;USA;CHN;DEU;IND;KOR;JPN;GBR;FRA;BRA;EST/indicator/EG.ELC.ACCS.ZS?format=json&per_page=1000,2026-09-28T17:23:23.270Z,{}
EG.ELC.ACCS.ZS,EG.ELC.ACCS.ZS--jpn,Japonia,JPN,Access to electricity (% of population),1960-12-31,1960,year,1960-01-01,,% populacji,annual,observed,https://api.worldbank.org/v2/country/POL;WLD;USA;CHN;DEU;IND;KOR;JPN;GBR;FRA;BRA;EST/indicator/EG.ELC.ACCS.ZS?format=json&per_page=1000,2026-09-28T17:23:23.270Z,{}
EG.ELC.ACCS.ZS,EG.ELC.ACCS.ZS--kor,Korea Płd.,KOR,Access to electricity (% of population),1960-12-31,1960,year,1960-01-01,,% populacji,annual,observed,https://api.worldbank.org/v2/country/POL;WLD;USA;CHN;DEU;IND;KOR;JPN;GBR;FRA;BRA;EST/indicator/EG.ELC.ACCS.ZS?format=json&per_page=1000,2026-09-28T17:23:23.270Z,{}
EG.ELC.ACCS.ZS,EG.ELC.ACCS.ZS--pol,Polska,POL,Access to electricity (% of population),1960-12-31,1960,year,1960-01-01,,% populacji,annual,observed,https://api.worldbank.org/v2/country/POL;WLD;USA;CHN;DEU;IND;KOR;JPN;GBR;FRA;BRA;EST/indicator/EG.ELC.ACCS.ZS?format=json&per_page=1000,2026-09-28T17:23:23.270Z,{}
EG.ELC.ACCS.ZS,EG.ELC.ACCS.ZS--usa,USA,USA,Access to electricity (% of population),1960-12-31,1960,year,1960-01-01,,% populacji,annual,observed,https://api.worldbank.org/v2/country/POL;WLD;USA;CHN;DEU;IND;KOR;JPN;GBR;FRA;BRA;EST/indicator/EG.ELC.ACCS.ZS?format=json&per_page=1000,2026-09-28T17:23:23.270Z,{}
EG.ELC.ACCS.ZS,EG.ELC.ACCS.ZS--wld,Świat,WLD,Access to electricity (% of population),1960-12-31,1960,year,1960-01-01,,% populacji,annual,observed,https://api.worldbank.org/v2/country/POL;WLD;USA;CHN;DEU;IND;KOR;JPN;GBR;FRA;BRA;EST/indicator/EG.ELC.ACCS.ZS?format=json&per_page=1000,2026-09-28T17:23:23.270Z,{}
EG.ELC.ACCS.ZS,EG.ELC.ACCS.ZS--bra,Brazylia,BRA,Access to electricity (% of population),1961-12-31,1961,year,1961-01-01,,% populacji,annual,observed,https://api.worldbank.org/v2/country/POL;WLD;USA;CHN;DEU;IND;KOR;JPN;GBR;FRA;BRA;EST/indicator/EG.ELC.ACCS.ZS?format=json&per_page=1000,2026-09-28T17:23:23.270Z,{}
EG.ELC.ACCS.ZS,EG.ELC.ACCS.ZS--chn,Chiny,CHN,Access to electricity (% of population),1961-12-31,1961,year,1961-01-01,,% populacji,annual,observed,https://api.worldbank.org/v2/country/POL;WLD;USA;CHN;DEU;IND;KOR;JPN;GBR;FRA;BRA;EST/indicator/EG.ELC.ACCS.ZS?format=json&per_page=1000,2026-09-28T17:23:23.270Z,{}
EG.ELC.ACCS.ZS,EG.ELC.ACCS.ZS--deu,Niemcy,DEU,Access to electricity (% of population),1961-12-31,1961,year,1961-01-01,,% populacji,annual,observed,https://api.worldbank.org/v2/country/POL;WLD;USA;CHN;DEU;IND;KOR;JPN;GBR;FRA;BRA;EST/indicator/EG.ELC.ACCS.ZS?format=json&per_page=1000,2026-09-28T17:23:23.270Z,{}
EG.ELC.ACCS.ZS,EG.ELC.ACCS.ZS--est,Estonia,EST,Access to electricity (% of population),1961-12-31,1961,year,1961-01-01,,% populacji,annual,observed,https://api.worldbank.org/v2/country/POL;WLD;USA;CHN;DEU;IND;KOR;JPN;GBR;FRA;BRA;EST/indicator/EG.ELC.ACCS.ZS?format=json&per_page=1000,2026-09-28T17:23:23.270Z,{}
EG.ELC.ACCS.ZS,EG.ELC.ACCS.ZS--fra,Francja,FRA,Access to electricity (% of population),1961-12-31,1961,year,1961-01-01,,% populacji,annual,observed,https://api.worldbank.org/v2/country/POL;WLD;USA;CHN;DEU;IND;KOR;JPN;GBR;FRA;BRA;EST/indicator/EG.ELC.ACCS.ZS?format=json&per_page=1000,2026-09-28T17:23:23.270Z,{}
EG.ELC.ACCS.ZS,EG.ELC.ACCS.ZS--gbr,Wielka Brytania,GBR,Access to electricity (% of population),1961-12-31,1961,year,1961-01-01,,% populacji,annual,observed,https://api.worldbank.org/v2/country/POL;WLD;USA;CHN;DEU;IND;KOR;JPN;GBR;FRA;BRA;EST/indicator/EG.ELC.ACCS.ZS?format=json&per_page=1000,2026-09-28T17:23:23.270Z,{}
EG.ELC.ACCS.ZS,EG.ELC.ACCS.ZS--ind,Indie,IND,Access to electricity (% of population),1961-12-31,1961,year,1961-01-01,,% populacji,annual,observed,https://api.worldbank.org/v2/country/POL;WLD;USA;CHN;DEU;IND;KOR;JPN;GBR;FRA;BRA;EST/indicator/EG.ELC.ACCS.ZS?format=json&per_page=1000,2026-09-28T17:23:23.270Z,{}
EG.ELC.ACCS.ZS,EG.ELC.ACCS.ZS--jpn,Japonia,JPN,Access to electricity (% of population),1961-12-31,1961,year,1961-01-01,,% populacji,annual,observed,https://api.worldbank.org/v2/country/POL;WLD;USA;CHN;DEU;IND;KOR;JPN;GBR;FRA;BRA;EST/indicator/EG.ELC.ACCS.ZS?format=json&per_page=1000,2026-09-28T17:23:23.270Z,{}
EG.ELC.ACCS.ZS,EG.ELC.ACCS.ZS--kor,Korea Płd.,KOR,Access to electricity (% of population),1961-12-31,1961,year,1961-01-01,,% populacji,annual,observed,https://api.worldbank.org/v2/country/POL;WLD;USA;CHN;DEU;IND;KOR;JPN;GBR;FRA;BRA;EST/indicator/EG.ELC.ACCS.ZS?format=json&per_page=1000,2026-09-28T17:23:23.270Z,{}
EG.ELC.ACCS.ZS,EG.ELC.ACCS.ZS--pol,Polska,POL,Access to electricity (% of population),1961-12-31,1961,year,1961-01-01,,% populacji,annual,observed,https://api.worldbank.org/v2/country/POL;WLD;USA;CHN;DEU;IND;KOR;JPN;GBR;FRA;BRA;EST/indicator/EG.ELC.ACCS.ZS?format=json&per_page=1000,2026-09-28T17:23:23.270Z,{}
EG.ELC.ACCS.ZS,EG.ELC.ACCS.ZS--usa,USA,USA,Access to electricity (% of population),1961-12-31,1961,year,1961-01-01,,% populacji,annual,observed,https://api.worldbank.org/v2/country/POL;WLD;USA;CHN;DEU;IND;KOR;JPN;GBR;FRA;BRA;EST/indicator/EG.ELC.ACCS.ZS?format=json&per_page=1000,2026-09-28T17:23:23.270Z,{}
EG.ELC.ACCS.ZS,EG.ELC.ACCS.ZS--wld,Świat,WLD,Access to electricity (% of population),1961-12-31,1961,year,1961-01-01,,% populacji,annual,observed,https://api.worldbank.org/v2/country/POL;WLD;USA;CHN;DEU;IND;KOR;JPN;GBR;FRA;BRA;EST/indicator/EG.ELC.ACCS.ZS?format=json&per_page=1000,2026-09-28T17:23:23.270Z,{}
EG.ELC.ACCS.ZS,EG.ELC.ACCS.ZS--bra,Brazylia,BRA,Access to electricity (% of population),1962-12-31,1962,year,1962-01-01,,% populacji,annual,observed,https://api.worldbank.org/v2/country/POL;WLD;USA;CHN;DEU;IND;KOR;JPN;GBR;FRA;BRA;EST/indicator/EG.ELC.ACCS.ZS?format=json&per_page=1000,2026-09-28T17:23:23.270Z,{}
EG.ELC.ACCS.ZS,EG.ELC.ACCS.ZS--chn,Chiny,CHN,Access to electricity (% of population),1962-12-31,1962,year,1962-01-01,,% populacji,annual,observed,https://api.worldbank.org/v2/country/POL;WLD;USA;CHN;DEU;IND;KOR;JPN;GBR;FRA;BRA;EST/indicator/EG.ELC.ACCS.ZS?format=json&per_page=1000,2026-09-28T17:23:23.270Z,{}
EG.ELC.ACCS.ZS,EG.ELC.ACCS.ZS--deu,Niemcy,DEU,Access to electricity (% of population),1962-12-31,1962,year,1962-01-01,,% populacji,annual,observed,https://api.worldbank.org/v2/country/POL;WLD;USA;CHN;DEU;IND;KOR;JPN;GBR;FRA;BRA;EST/indicator/EG.ELC.ACCS.ZS?format=json&per_page=1000,2026-09-28T17:23:23.270Z,{}
EG.ELC.ACCS.ZS,EG.ELC.ACCS.ZS--est,Estonia,EST,Access to electricity (% of population),1962-12-31,1962,year,1962-01-01,,% populacji,annual,observed,https://api.worldbank.org/v2/country/POL;WLD;USA;CHN;DEU;IND;KOR;JPN;GBR;FRA;BRA;EST/indicator/EG.ELC.ACCS.ZS?format=json&per_page=1000,2026-09-28T17:23:23.270Z,{}
EG.ELC.ACCS.ZS,EG.ELC.ACCS.ZS--fra,Francja,FRA,Access to electricity (% of population),1962-12-31,1962,year,1962-01-01,,% populacji,annual,observed,https://api.worldbank.org/v2/country/POL;WLD;USA;CHN;DEU;IND;KOR;JPN;GBR;FRA;BRA;EST/indicator/EG.ELC.ACCS.ZS?format=json&per_page=1000,2026-09-28T17:23:23.270Z,{}
EG.ELC.ACCS.ZS,EG.ELC.ACCS.ZS--gbr,Wielka Brytania,GBR,Access to electricity (% of population),1962-12-31,1962,year,1962-01-01,,% populacji,annual,observed,https://api.worldbank.org/v2/country/POL;WLD;USA;CHN;DEU;IND;KOR;JPN;GBR;FRA;BRA;EST/indicator/EG.ELC.ACCS.ZS?format=json&per_page=1000,2026-09-28T17:23:23.270Z,{}
EG.ELC.ACCS.ZS,EG.ELC.ACCS.ZS--ind,Indie,IND,Access to electricity (% of population),1962-12-31,1962,year,1962-01-01,,% populacji,annual,observed,https://api.worldbank.org/v2/country/POL;WLD;USA;CHN;DEU;IND;KOR;JPN;GBR;FRA;BRA;EST/indicator/EG.ELC.ACCS.ZS?format=json&per_page=1000,2026-09-28T17:23:23.270Z,{}
EG.ELC.ACCS.ZS,EG.ELC.ACCS.ZS--jpn,Japonia,JPN,Access to electricity (% of population),1962-12-31,1962,year,1962-01-01,,% populacji,annual,observed,https://api.worldbank.org/v2/country/POL;WLD;USA;CHN;DEU;IND;KOR;JPN;GBR;FRA;BRA;EST/indicator/EG.ELC.ACCS.ZS?format=json&per_page=1000,2026-09-28T17:23:23.270Z,{}
EG.ELC.ACCS.ZS,EG.ELC.ACCS.ZS--kor,Korea Płd.,KOR,Access to electricity (% of population),1962-12-31,1962,year,1962-01-01,,% populacji,annual,observed,https://api.worldbank.org/v2/country/POL;WLD;USA;CHN;DEU;IND;KOR;JPN;GBR;FRA;BRA;EST/indicator/EG.ELC.ACCS.ZS?format=json&per_page=1000,2026-09-28T17:23:23.270Z,{}
EG.ELC.ACCS.ZS,EG.ELC.ACCS.ZS--pol,Polska,POL,Access to electricity (% of population),1962-12-31,1962,year,1962-01-01,,% populacji,annual,observed,https://api.worldbank.org/v2/country/POL;WLD;USA;CHN;DEU;IND;KOR;JPN;GBR;FRA;BRA;EST/indicator/EG.ELC.ACCS.ZS?format=json&per_page=1000,2026-09-28T17:23:23.270Z,{}
EG.ELC.ACCS.ZS,EG.ELC.ACCS.ZS--usa,USA,USA,Access to electricity (% of population),1962-12-31,1962,year,1962-01-01,,% populacji,annual,observed,https://api.worldbank.org/v2/country/POL;WLD;USA;CHN;DEU;IND;KOR;JPN;GBR;FRA;BRA;EST/indicator/EG.ELC.ACCS.ZS?format=json&per_page=1000,2026-09-28T17:23:23.270Z,{}
EG.ELC.ACCS.ZS,EG.ELC.ACCS.ZS--wld,Świat,WLD,Access to electricity (% of population),1962-12-31,1962,year,1962-01-01,,% populacji,annual,observed,https://api.worldbank.org/v2/country/POL;WLD;USA;CHN;DEU;IND;KOR;JPN;GBR;FRA;BRA;EST/indicator/EG.ELC.ACCS.ZS?format=json&per_page=1000,2026-09-28T17:23:23.270Z,{}
EG.ELC.ACCS.ZS,EG.ELC.ACCS.ZS--bra,Brazylia,BRA,Access to electricity (% of population),1963-12-31,1963,year,1963-01-01,,% populacji,annual,observed,https://api.worldbank.org/v2/country/POL;WLD;USA;CHN;DEU;IND;KOR;JPN;GBR;FRA;BRA;EST/indicator/EG.ELC.ACCS.ZS?format=json&per_page=1000,2026-09-28T17:23:23.270Z,{}
EG.ELC.ACCS.ZS,EG.ELC.ACCS.ZS--chn,Chiny,CHN,Access to electricity (% of population),1963-12-31,1963,year,1963-01-01,,% populacji,annual,observed,https://api.worldbank.org/v2/country/POL;WLD;USA;CHN;DEU;IND;KOR;JPN;GBR;FRA;BRA;EST/indicator/EG.ELC.ACCS.ZS?format=json&per_page=1000,2026-09-28T17:23:23.270Z,{}
EG.ELC.ACCS.ZS,EG.ELC.ACCS.ZS--deu,Niemcy,DEU,Access to electricity (% of population),1963-12-31,1963,year,1963-01-01,,% populacji,annual,observed,https://api.worldbank.org/v2/country/POL;WLD;USA;CHN;DEU;IND;KOR;JPN;GBR;FRA;BRA;EST/indicator/EG.ELC.ACCS.ZS?format=json&per_page=1000,2026-09-28T17:23:23.270Z,{}
EG.ELC.ACCS.ZS,EG.ELC.ACCS.ZS--est,Estonia,EST,Access to electricity (% of population),1963-12-31,1963,year,1963-01-01,,% populacji,annual,observed,https://api.worldbank.org/v2/country/POL;WLD;USA;CHN;DEU;IND;KOR;JPN;GBR;FRA;BRA;EST/indicator/EG.ELC.ACCS.ZS?format=json&per_page=1000,2026-09-28T17:23:23.270Z,{}
EG.ELC.ACCS.ZS,EG.ELC.ACCS.ZS--fra,Francja,FRA,Access to electricity (% of population),1963-12-31,1963,year,1963-01-01,,% populacji,annual,observed,https://api.worldbank.org/v2/country/POL;WLD;USA;CHN;DEU;IND;KOR;JPN;GBR;FRA;BRA;EST/indicator/EG.ELC.ACCS.ZS?format=json&per_page=1000,2026-09-28T17:23:23.270Z,{}
EG.ELC.ACCS.ZS,EG.ELC.ACCS.ZS--gbr,Wielka Brytania,GBR,Access to electricity (% of population),1963-12-31,1963,year,1963-01-01,,% populacji,annual,observed,https://api.worldbank.org/v2/country/POL;WLD;USA;CHN;DEU;IND;KOR;JPN;GBR;FRA;BRA;EST/indicator/EG.ELC.ACCS.ZS?format=json&per_page=1000,2026-09-28T17:23:23.270Z,{}
EG.ELC.ACCS.ZS,EG.ELC.ACCS.ZS--ind,Indie,IND,Access to electricity (% of population),1963-12-31,1963,year,1963-01-01,,% populacji,annual,observed,https://api.worldbank.org/v2/country/POL;WLD;USA;CHN;DEU;IND;KOR;JPN;GBR;FRA;BRA;EST/indicator/EG.ELC.ACCS.ZS?format=json&per_page=1000,2026-09-28T17:23:23.270Z,{}
EG.ELC.ACCS.ZS,EG.ELC.ACCS.ZS--jpn,Japonia,JPN,Access to electricity (% of population),1963-12-31,1963,year,1963-01-01,,% populacji,annual,observed,https://api.worldbank.org/v2/country/POL;WLD;USA;CHN;DEU;IND;KOR;JPN;GBR;FRA;BRA;EST/indicator/EG.ELC.ACCS.ZS?format=json&per_page=1000,2026-09-28T17:23:23.270Z,{}
EG.ELC.ACCS.ZS,EG.ELC.ACCS.ZS--kor,Korea Płd.,KOR,Access to electricity (% of population),1963-12-31,1963,year,1963-01-01,,% populacji,annual,observed,https://api.worldbank.org/v2/country/POL;WLD;USA;CHN;DEU;IND;KOR;JPN;GBR;FRA;BRA;EST/indicator/EG.ELC.ACCS.ZS?format=json&per_page=1000,2026-09-28T17:23:23.270Z,{}
EG.ELC.ACCS.ZS,EG.ELC.ACCS.ZS--pol,Polska,POL,Access to electricity (% of population),1963-12-31,1963,year,1963-01-01,,% populacji,annual,observed,https://api.worldbank.org/v2/country/POL;WLD;USA;CHN;DEU;IND;KOR;JPN;GBR;FRA;BRA;EST/indicator/EG.ELC.ACCS.ZS?format=json&per_page=1000,2026-09-28T17:23:23.270Z,{}
EG.ELC.ACCS.ZS,EG.ELC.ACCS.ZS--usa,USA,USA,Access to electricity (% of population),1963-12-31,1963,year,1963-01-01,,% populacji,annual,observed,https://api.worldbank.org/v2/country/POL;WLD;USA;CHN;DEU;IND;KOR;JPN;GBR;FRA;BRA;EST/indicator/EG.ELC.ACCS.ZS?format=json&per_page=1000,2026-09-28T17:23:23.270Z,{}
EG.ELC.ACCS.ZS,EG.ELC.ACCS.ZS--wld,Świat,WLD,Access to electricity (% of population),1963-12-31,1963,year,1963-01-01,,% populacji,annual,observed,https://api.worldbank.org/v2/country/POL;WLD;USA;CHN;DEU;IND;KOR;JPN;GBR;FRA;BRA;EST/indicator/EG.ELC.ACCS.ZS?format=json&per_page=1000,2026-09-28T17:23:23.270Z,{}
EG.ELC.ACCS.ZS,EG.ELC.ACCS.ZS--bra,Brazylia,BRA,Access to electricity (% of population),1964-12-31,1964,year,1964-01-01,,% populacji,annual,observed,https://api.worldbank.org/v2/country/POL;WLD;USA;CHN;DEU;IND;KOR;JPN;GBR;FRA;BRA;EST/indicator/EG.ELC.ACCS.ZS?format=json&per_page=1000,2026-09-28T17:23:23.270Z,{}
EG.ELC.ACCS.ZS,EG.ELC.ACCS.ZS--chn,Chiny,CHN,Access to electricity (% of population),1964-12-31,1964,year,1964-01-01,,% populacji,annual,observed,https://api.worldbank.org/v2/country/POL;WLD;USA;CHN;DEU;IND;KOR;JPN;GBR;FRA;BRA;EST/indicator/EG.ELC.ACCS.ZS?format=json&per_page=1000,2026-09-28T17:23:23.270Z,{}
EG.ELC.ACCS.ZS,EG.ELC.ACCS.ZS--deu,Niemcy,DEU,Access to electricity (% of population),1964-12-31,1964,year,1964-01-01,,% populacji,annual,observed,https://api.worldbank.org/v2/country/POL;WLD;USA;CHN;DEU;IND;KOR;JPN;GBR;FRA;BRA;EST/indicator/EG.ELC.ACCS.ZS?format=json&per_page=1000,2026-09-28T17:23:23.270Z,{}
EG.ELC.ACCS.ZS,EG.ELC.ACCS.ZS--est,Estonia,EST,Access to electricity (% of population),1964-12-31,1964,year,1964-01-01,,% populacji,annual,observed,https://api.worldbank.org/v2/country/POL;WLD;USA;CHN;DEU;IND;KOR;JPN;GBR;FRA;BRA;EST/indicator/EG.ELC.ACCS.ZS?format=json&per_page=1000,2026-09-28T17:23:23.270Z,{}
EG.ELC.ACCS.ZS,EG.ELC.ACCS.ZS--fra,Francja,FRA,Access to electricity (% of population),1964-12-31,1964,year,1964-01-01,,% populacji,annual,observed,https://api.worldbank.org/v2/country/POL;WLD;USA;CHN;DEU;IND;KOR;JPN;GBR;FRA;BRA;EST/indicator/EG.ELC.ACCS.ZS?format=json&per_page=1000,2026-09-28T17:23:23.270Z,{}
EG.ELC.ACCS.ZS,EG.ELC.ACCS.ZS--gbr,Wielka Brytania,GBR,Access to electricity (% of population),1964-12-31,1964,year,1964-01-01,,% populacji,annual,observed,https://api.worldbank.org/v2/country/POL;WLD;USA;CHN;DEU;IND;KOR;JPN;GBR;FRA;BRA;EST/indicator/EG.ELC.ACCS.ZS?format=json&per_page=1000,2026-09-28T17:23:23.270Z,{}
EG.ELC.ACCS.ZS,EG.ELC.ACCS.ZS--ind,Indie,IND,Access to electricity (% of population),1964-12-31,1964,year,1964-01-01,,% populacji,annual,observed,https://api.worldbank.org/v2/country/POL;WLD;USA;CHN;DEU;IND;KOR;JPN;GBR;FRA;BRA;EST/indicator/EG.ELC.ACCS.ZS?format=json&per_page=1000,2026-09-28T17:23:23.270Z,{}
EG.ELC.ACCS.ZS,EG.ELC.ACCS.ZS--jpn,Japonia,JPN,Access to electricity (% of population),1964-12-31,1964,year,1964-01-01,,% populacji,annual,observed,https://api.worldbank.org/v2/country/POL;WLD;USA;CHN;DEU;IND;KOR;JPN;GBR;FRA;BRA;EST/indicator/EG.ELC.ACCS.ZS?format=json&per_page=1000,2026-09-28T17:23:23.270Z,{}
EG.ELC.ACCS.ZS,EG.ELC.ACCS.ZS--kor,Korea Płd.,KOR,Access to electricity (% of population),1964-12-31,1964,year,1964-01-01,,% populacji,annual,observed,https://api.worldbank.org/v2/country/POL;WLD;USA;CHN;DEU;IND;KOR;JPN;GBR;FRA;BRA;EST/indicator/EG.ELC.ACCS.ZS?format=json&per_page=1000,2026-09-28T17:23:23.270Z,{}
EG.ELC.ACCS.ZS,EG.ELC.ACCS.ZS--pol,Polska,POL,Access to electricity (% of population),1964-12-31,1964,year,1964-01-01,,% populacji,annual,observed,https://api.worldbank.org/v2/country/POL;WLD;USA;CHN;DEU;IND;KOR;JPN;GBR;FRA;BRA;EST/indicator/EG.ELC.ACCS.ZS?format=json&per_page=1000,2026-09-28T17:23:23.270Z,{}
EG.ELC.ACCS.ZS,EG.ELC.ACCS.ZS--usa,USA,USA,Access to electricity (% of population),1964-12-31,1964,year,1964-01-01,,% populacji,annual,observed,https://api.worldbank.org/v2/country/POL;WLD;USA;CHN;DEU;IND;KOR;JPN;GBR;FRA;BRA;EST/indicator/EG.ELC.ACCS.ZS?format=json&per_page=1000,2026-09-28T17:23:23.270Z,{}
EG.ELC.ACCS.ZS,EG.ELC.ACCS.ZS--wld,Świat,WLD,Access to electricity (% of population),1964-12-31,1964,year,1964-01-01,,% populacji,annual,observed,https://api.worldbank.org/v2/country/POL;WLD;USA;CHN;DEU;IND;KOR;JPN;GBR;FRA;BRA;EST/indicator/EG.ELC.ACCS.ZS?format=json&per_page=1000,2026-09-28T17:23:23.270Z,{}
EG.ELC.ACCS.ZS,EG.ELC.ACCS.ZS--bra,Brazylia,BRA,Access to electricity (% of population),1965-12-31,1965,year,1965-01-01,,% populacji,annual,observed,https://api.worldbank.org/v2/country/POL;WLD;USA;CHN;DEU;IND;KOR;JPN;GBR;FRA;BRA;EST/indicator/EG.ELC.ACCS.ZS?format=json&per_page=1000,2026-09-28T17:23:23.270Z,{}
EG.ELC.ACCS.ZS,EG.ELC.ACCS.ZS--chn,Chiny,CHN,Access to electricity (% of population),1965-12-31,1965,year,1965-01-01,,% populacji,annual,observed,https://api.worldbank.org/v2/country/POL;WLD;USA;CHN;DEU;IND;KOR;JPN;GBR;FRA;BRA;EST/indicator/EG.ELC.ACCS.ZS?format=json&per_page=1000,2026-09-28T17:23:23.270Z,{}
EG.ELC.ACCS.ZS,EG.ELC.ACCS.ZS--deu,Niemcy,DEU,Access to electricity (% of population),1965-12-31,1965,year,1965-01-01,,% populacji,annual,observed,https://api.worldbank.org/v2/country/POL;WLD;USA;CHN;DEU;IND;KOR;JPN;GBR;FRA;BRA;EST/indicator/EG.ELC.ACCS.ZS?format=json&per_page=1000,2026-09-28T17:23:23.270Z,{}
EG.ELC.ACCS.ZS,EG.ELC.ACCS.ZS--est,Estonia,EST,Access to electricity (% of population),1965-12-31,1965,year,1965-01-01,,% populacji,annual,observed,https://api.worldbank.org/v2/country/POL;WLD;USA;CHN;DEU;IND;KOR;JPN;GBR;FRA;BRA;EST/indicator/EG.ELC.ACCS.ZS?format=json&per_page=1000,2026-09-28T17:23:23.270Z,{}
EG.ELC.ACCS.ZS,EG.ELC.ACCS.ZS--fra,Francja,FRA,Access to electricity (% of population),1965-12-31,1965,year,1965-01-01,,% populacji,annual,observed,https://api.worldbank.org/v2/country/POL;WLD;USA;CHN;DEU;IND;KOR;JPN;GBR;FRA;BRA;EST/indicator/EG.ELC.ACCS.ZS?format=json&per_page=1000,2026-09-28T17:23:23.270Z,{}
EG.ELC.ACCS.ZS,EG.ELC.ACCS.ZS--gbr,Wielka Brytania,GBR,Access to electricity (% of population),1965-12-31,1965,year,1965-01-01,,% populacji,annual,observed,https://api.worldbank.org/v2/country/POL;WLD;USA;CHN;DEU;IND;KOR;JPN;GBR;FRA;BRA;EST/indicator/EG.ELC.ACCS.ZS?format=json&per_page=1000,2026-09-28T17:23:23.270Z,{}
EG.ELC.ACCS.ZS,EG.ELC.ACCS.ZS--ind,Indie,IND,Access to electricity (% of population),1965-12-31,1965,year,1965-01-01,,% populacji,annual,observed,https://api.worldbank.org/v2/country/POL;WLD;USA;CHN;DEU;IND;KOR;JPN;GBR;FRA;BRA;EST/indicator/EG.ELC.ACCS.ZS?format=json&per_page=1000,2026-09-28T17:23:23.270Z,{}
EG.ELC.ACCS.ZS,EG.ELC.ACCS.ZS--jpn,Japonia,JPN,Access to electricity (% of population),1965-12-31,1965,year,1965-01-01,,% populacji,annual,observed,https://api.worldbank.org/v2/country/POL;WLD;USA;CHN;DEU;IND;KOR;JPN;GBR;FRA;BRA;EST/indicator/EG.ELC.ACCS.ZS?format=json&per_page=1000,2026-09-28T17:23:23.270Z,{}
EG.ELC.ACCS.ZS,EG.ELC.ACCS.ZS--kor,Korea Płd.,KOR,Access to electricity (% of population),1965-12-31,1965,year,1965-01-01,,% populacji,annual,observed,https://api.worldbank.org/v2/country/POL;WLD;USA;CHN;DEU;IND;KOR;JPN;GBR;FRA;BRA;EST/indicator/EG.ELC.ACCS.ZS?format=json&per_page=1000,2026-09-28T17:23:23.270Z,{}
EG.ELC.ACCS.ZS,EG.ELC.ACCS.ZS--pol,Polska,POL,Access to electricity (% of population),1965-12-31,1965,year,1965-01-01,,% populacji,annual,observed,https://api.worldbank.org/v2/country/POL;WLD;USA;CHN;DEU;IND;KOR;JPN;GBR;FRA;BRA;EST/indicator/EG.ELC.ACCS.ZS?format=json&per_page=1000,2026-09-28T17:23:23.270Z,{}
EG.ELC.ACCS.ZS,EG.ELC.ACCS.ZS--usa,USA,USA,Access to electricity (% of population),1965-12-31,1965,year,1965-01-01,,% populacji,annual,observed,https://api.worldbank.org/v2/country/POL;WLD;USA;CHN;DEU;IND;KOR;JPN;GBR;FRA;BRA;EST/indicator/EG.ELC.ACCS.ZS?format=json&per_page=1000,2026-09-28T17:23:23.270Z,{}
EG.ELC.ACCS.ZS,EG.ELC.ACCS.ZS--wld,Świat,WLD,Access to electricity (% of population),1965-12-31,1965,year,1965-01-01,,% populacji,annual,observed,https://api.worldbank.org/v2/country/POL;WLD;USA;CHN;DEU;IND;KOR;JPN;GBR;FRA;BRA;EST/indicator/EG.ELC.ACCS.ZS?format=json&per_page=1000,2026-09-28T17:23:23.270Z,{}
EG.ELC.ACCS.ZS,EG.ELC.ACCS.ZS--bra,Brazylia,BRA,Access to electricity (% of population),1966-12-31,1966,year,1966-01-01,,% populacji,annual,observed,https://api.worldbank.org/v2/country/POL;WLD;USA;CHN;DEU;IND;KOR;JPN;GBR;FRA;BRA;EST/indicator/EG.ELC.ACCS.ZS?format=json&per_page=1000,2026-09-28T17:23:23.270Z,{}
EG.ELC.ACCS.ZS,EG.ELC.ACCS.ZS--chn,Chiny,CHN,Access to electricity (% of population),1966-12-31,1966,year,1966-01-01,,% populacji,annual,observed,https://api.worldbank.org/v2/country/POL;WLD;USA;CHN;DEU;IND;KOR;JPN;GBR;FRA;BRA;EST/indicator/EG.ELC.ACCS.ZS?format=json&per_page=1000,2026-09-28T17:23:23.270Z,{}
EG.ELC.ACCS.ZS,EG.ELC.ACCS.ZS--deu,Niemcy,DEU,Access to electricity (% of population),1966-12-31,1966,year,1966-01-01,,% populacji,annual,observed,https://api.worldbank.org/v2/country/POL;WLD;USA;CHN;DEU;IND;KOR;JPN;GBR;FRA;BRA;EST/indicator/EG.ELC.ACCS.ZS?format=json&per_page=1000,2026-09-28T17:23:23.270Z,{}
EG.ELC.ACCS.ZS,EG.ELC.ACCS.ZS--est,Estonia,EST,Access to electricity (% of population),1966-12-31,1966,year,1966-01-01,,% populacji,annual,observed,https://api.worldbank.org/v2/country/POL;WLD;USA;CHN;DEU;IND;KOR;JPN;GBR;FRA;BRA;EST/indicator/EG.ELC.ACCS.ZS?format=json&per_page=1000,2026-09-28T17:23:23.270Z,{}
EG.ELC.ACCS.ZS,EG.ELC.ACCS.ZS--fra,Francja,FRA,Access to electricity (% of population),1966-12-31,1966,year,1966-01-01,,% populacji,annual,observed,https://api.worldbank.org/v2/country/POL;WLD;USA;CHN;DEU;IND;KOR;JPN;GBR;FRA;BRA;EST/indicator/EG.ELC.ACCS.ZS?format=json&per_page=1000,2026-09-28T17:23:23.270Z,{}
EG.ELC.ACCS.ZS,EG.ELC.ACCS.ZS--gbr,Wielka Brytania,GBR,Access to electricity (% of population),1966-12-31,1966,year,1966-01-01,,% populacji,annual,observed,https://api.worldbank.org/v2/country/POL;WLD;USA;CHN;DEU;IND;KOR;JPN;GBR;FRA;BRA;EST/indicator/EG.ELC.ACCS.ZS?format=json&per_page=1000,2026-09-28T17:23:23.270Z,{}
EG.ELC.ACCS.ZS,EG.ELC.ACCS.ZS--ind,Indie,IND,Access to electricity (% of population),1966-12-31,1966,year,1966-01-01,,% populacji,annual,observed,https://api.worldbank.org/v2/country/POL;WLD;USA;CHN;DEU;IND;KOR;JPN;GBR;FRA;BRA;EST/indicator/EG.ELC.ACCS.ZS?format=json&per_page=1000,2026-09-28T17:23:23.270Z,{}
EG.ELC.ACCS.ZS,EG.ELC.ACCS.ZS--jpn,Japonia,JPN,Access to electricity (% of population),1966-12-31,1966,year,1966-01-01,,% populacji,annual,observed,https://api.worldbank.org/v2/country/POL;WLD;USA;CHN;DEU;IND;KOR;JPN;GBR;FRA;BRA;EST/indicator/EG.ELC.ACCS.ZS?format=json&per_page=1000,2026-09-28T17:23:23.270Z,{}
EG.ELC.ACCS.ZS,EG.ELC.ACCS.ZS--kor,Korea Płd.,KOR,Access to electricity (% of population),1966-12-31,1966,year,1966-01-01,,% populacji,annual,observed,https://api.worldbank.org/v2/country/POL;WLD;USA;CHN;DEU;IND;KOR;JPN;GBR;FRA;BRA;EST/indicator/EG.ELC.ACCS.ZS?format=json&per_page=1000,2026-09-28T17:23:23.270Z,{}
EG.ELC.ACCS.ZS,EG.ELC.ACCS.ZS--pol,Polska,POL,Access to electricity (% of population),1966-12-31,1966,year,1966-01-01,,% populacji,annual,observed,https://api.worldbank.org/v2/country/POL;WLD;USA;CHN;DEU;IND;KOR;JPN;GBR;FRA;BRA;EST/indicator/EG.ELC.ACCS.ZS?format=json&per_page=1000,2026-09-28T17:23:23.270Z,{}
EG.ELC.ACCS.ZS,EG.ELC.ACCS.ZS--usa,USA,USA,Access to electricity (% of population),1966-12-31,1966,year,1966-01-01,,% populacji,annual,observed,https://api.worldbank.org/v2/country/POL;WLD;USA;CHN;DEU;IND;KOR;JPN;GBR;FRA;BRA;EST/indicator/EG.ELC.ACCS.ZS?format=json&per_page=1000,2026-09-28T17:23:23.270Z,{}
EG.ELC.ACCS.ZS,EG.ELC.ACCS.ZS--wld,Świat,WLD,Access to electricity (% of population),1966-12-31,1966,year,1966-01-01,,% populacji,annual,observed,https://api.worldbank.org/v2/country/POL;WLD;USA;CHN;DEU;IND;KOR;JPN;GBR;FRA;BRA;EST/indicator/EG.ELC.ACCS.ZS?format=json&per_page=1000,2026-09-28T17:23:23.270Z,{}
EG.ELC.ACCS.ZS,EG.ELC.ACCS.ZS--bra,Brazylia,BRA,Access to electricity (% of population),1967-12-31,1967,year,1967-01-01,,% populacji,annual,observed,https://api.worldbank.org/v2/country/POL;WLD;USA;CHN;DEU;IND;KOR;JPN;GBR;FRA;BRA;EST/indicator/EG.ELC.ACCS.ZS?format=json&per_page=1000,2026-09-28T17:23:23.270Z,{}
EG.ELC.ACCS.ZS,EG.ELC.ACCS.ZS--chn,Chiny,CHN,Access to electricity (% of population),1967-12-31,1967,year,1967-01-01,,% populacji,annual,observed,https://api.worldbank.org/v2/country/POL;WLD;USA;CHN;DEU;IND;KOR;JPN;GBR;FRA;BRA;EST/indicator/EG.ELC.ACCS.ZS?format=json&per_page=1000,2026-09-28T17:23:23.270Z,{}
EG.ELC.ACCS.ZS,EG.ELC.ACCS.ZS--deu,Niemcy,DEU,Access to electricity (% of population),1967-12-31,1967,year,1967-01-01,,% populacji,annual,observed,https://api.worldbank.org/v2/country/POL;WLD;USA;CHN;DEU;IND;KOR;JPN;GBR;FRA;BRA;EST/indicator/EG.ELC.ACCS.ZS?format=json&per_page=1000,2026-09-28T17:23:23.270Z,{}
EG.ELC.ACCS.ZS,EG.ELC.ACCS.ZS--est,Estonia,EST,Access to electricity (% of population),1967-12-31,1967,year,1967-01-01,,% populacji,annual,observed,https://api.worldbank.org/v2/country/POL;WLD;USA;CHN;DEU;IND;KOR;JPN;GBR;FRA;BRA;EST/indicator/EG.ELC.ACCS.ZS?format=json&per_page=1000,2026-09-28T17:23:23.270Z,{}
EG.ELC.ACCS.ZS,EG.ELC.ACCS.ZS--fra,Francja,FRA,Access to electricity (% of population),1967-12-31,1967,year,1967-01-01,,% populacji,annual,observed,https://api.worldbank.org/v2/country/POL;WLD;USA;CHN;DEU;IND;KOR;JPN;GBR;FRA;BRA;EST/indicator/EG.ELC.ACCS.ZS?format=json&per_page=1000,2026-09-28T17:23:23.270Z,{}
EG.ELC.ACCS.ZS,EG.ELC.ACCS.ZS--gbr,Wielka Brytania,GBR,Access to electricity (% of population),1967-12-31,1967,year,1967-01-01,,% populacji,annual,observed,https://api.worldbank.org/v2/country/POL;WLD;USA;CHN;DEU;IND;KOR;JPN;GBR;FRA;BRA;EST/indicator/EG.ELC.ACCS.ZS?format=json&per_page=1000,2026-09-28T17:23:23.270Z,{}
EG.ELC.ACCS.ZS,EG.ELC.ACCS.ZS--ind,Indie,IND,Access to electricity (% of population),1967-12-31,1967,year,1967-01-01,,% populacji,annual,observed,https://api.worldbank.org/v2/country/POL;WLD;USA;CHN;DEU;IND;KOR;JPN;GBR;FRA;BRA;EST/indicator/EG.ELC.ACCS.ZS?format=json&per_page=1000,2026-09-28T17:23:23.270Z,{}
EG.ELC.ACCS.ZS,EG.ELC.ACCS.ZS--jpn,Japonia,JPN,Access to electricity (% of population),1967-12-31,1967,year,1967-01-01,,% populacji,annual,observed,https://api.worldbank.org/v2/country/POL;WLD;USA;CHN;DEU;IND;KOR;JPN;GBR;FRA;BRA;EST/indicator/EG.ELC.ACCS.ZS?format=json&per_page=1000,2026-09-28T17:23:23.270Z,{}
EG.ELC.ACCS.ZS,EG.ELC.ACCS.ZS--kor,Korea Płd.,KOR,Access to electricity (% of population),1967-12-31,1967,year,1967-01-01,,% populacji,annual,observed,https://api.worldbank.org/v2/country/POL;WLD;USA;CHN;DEU;IND;KOR;JPN;GBR;FRA;BRA;EST/indicator/EG.ELC.ACCS.ZS?format=json&per_page=1000,2026-09-28T17:23:23.270Z,{}
EG.ELC.ACCS.ZS,EG.ELC.ACCS.ZS--pol,Polska,POL,Access to electricity (% of population),1967-12-31,1967,year,1967-01-01,,% populacji,annual,observed,https://api.worldbank.org/v2/country/POL;WLD;USA;CHN;DEU;IND;KOR;JPN;GBR;FRA;BRA;EST/indicator/EG.ELC.ACCS.ZS?format=json&per_page=1000,2026-09-28T17:23:23.270Z,{}
EG.ELC.ACCS.ZS,EG.ELC.ACCS.ZS--usa,USA,USA,Access to electricity (% of population),1967-12-31,1967,year,1967-01-01,,% populacji,annual,observed,https://api.worldbank.org/v2/country/POL;WLD;USA;CHN;DEU;IND;KOR;JPN;GBR;FRA;BRA;EST/indicator/EG.ELC.ACCS.ZS?format=json&per_page=1000,2026-09-28T17:23:23.270Z,{}
EG.ELC.ACCS.ZS,EG.ELC.ACCS.ZS--wld,Świat,WLD,Access to electricity (% of population),1967-12-31,1967,year,1967-01-01,,% populacji,annual,observed,https://api.worldbank.org/v2/country/POL;WLD;USA;CHN;DEU;IND;KOR;JPN;GBR;FRA;BRA;EST/indicator/EG.ELC.ACCS.ZS?format=json&per_page=1000,2026-09-28T17:23:23.270Z,{}
EG.ELC.ACCS.ZS,EG.ELC.ACCS.ZS--bra,Brazylia,BRA,Access to electricity (% of population),1968-12-31,1968,year,1968-01-01,,% populacji,annual,observed,https://api.worldbank.org/v2/country/POL;WLD;USA;CHN;DEU;IND;KOR;JPN;GBR;FRA;BRA;EST/indicator/EG.ELC.ACCS.ZS?format=json&per_page=1000,2026-09-28T17:23:23.270Z,{}
EG.ELC.ACCS.ZS,EG.ELC.ACCS.ZS--chn,Chiny,CHN,Access to electricity (% of population),1968-12-31,1968,year,1968-01-01,,% populacji,annual,observed,https://api.worldbank.org/v2/country/POL;WLD;USA;CHN;DEU;IND;KOR;JPN;GBR;FRA;BRA;EST/indicator/EG.ELC.ACCS.ZS?format=json&per_page=1000,2026-09-28T17:23:23.270Z,{}
EG.ELC.ACCS.ZS,EG.ELC.ACCS.ZS--deu,Niemcy,DEU,Access to electricity (% of population),1968-12-31,1968,year,1968-01-01,,% populacji,annual,observed,https://api.worldbank.org/v2/country/POL;WLD;USA;CHN;DEU;IND;KOR;JPN;GBR;FRA;BRA;EST/indicator/EG.ELC.ACCS.ZS?format=json&per_page=1000,2026-09-28T17:23:23.270Z,{}
EG.ELC.ACCS.ZS,EG.ELC.ACCS.ZS--est,Estonia,EST,Access to electricity (% of population),1968-12-31,1968,year,1968-01-01,,% populacji,annual,observed,https://api.worldbank.org/v2/country/POL;WLD;USA;CHN;DEU;IND;KOR;JPN;GBR;FRA;BRA;EST/indicator/EG.ELC.ACCS.ZS?format=json&per_page=1000,2026-09-28T17:23:23.270Z,{}
EG.ELC.ACCS.ZS,EG.ELC.ACCS.ZS--fra,Francja,FRA,Access to electricity (% of population),1968-12-31,1968,year,1968-01-01,,% populacji,annual,observed,https://api.worldbank.org/v2/country/POL;WLD;USA;CHN;DEU;IND;KOR;JPN;GBR;FRA;BRA;EST/indicator/EG.ELC.ACCS.ZS?format=json&per_page=1000,2026-09-28T17:23:23.270Z,{}
EG.ELC.ACCS.ZS,EG.ELC.ACCS.ZS--gbr,Wielka Brytania,GBR,Access to electricity (% of population),1968-12-31,1968,year,1968-01-01,,% populacji,annual,observed,https://api.worldbank.org/v2/country/POL;WLD;USA;CHN;DEU;IND;KOR;JPN;GBR;FRA;BRA;EST/indicator/EG.ELC.ACCS.ZS?format=json&per_page=1000,2026-09-28T17:23:23.270Z,{}
EG.ELC.ACCS.ZS,EG.ELC.ACCS.ZS--ind,Indie,IND,Access to electricity (% of population),1968-12-31,1968,year,1968-01-01,,% populacji,annual,observed,https://api.worldbank.org/v2/country/POL;WLD;USA;CHN;DEU;IND;KOR;JPN;GBR;FRA;BRA;EST/indicator/EG.ELC.ACCS.ZS?format=json&per_page=1000,2026-09-28T17:23:23.270Z,{}
EG.ELC.ACCS.ZS,EG.ELC.ACCS.ZS--jpn,Japonia,JPN,Access to electricity (% of population),1968-12-31,1968,year,1968-01-01,,% populacji,annual,observed,https://api.worldbank.org/v2/country/POL;WLD;USA;CHN;DEU;IND;KOR;JPN;GBR;FRA;BRA;EST/indicator/EG.ELC.ACCS.ZS?format=json&per_page=1000,2026-09-28T17:23:23.270Z,{}
EG.ELC.ACCS.ZS,EG.ELC.ACCS.ZS--kor,Korea Płd.,KOR,Access to electricity (% of population),1968-12-31,1968,year,1968-01-01,,% populacji,annual,observed,https://api.worldbank.org/v2/country/POL;WLD;USA;CHN;DEU;IND;KOR;JPN;GBR;FRA;BRA;EST/indicator/EG.ELC.ACCS.ZS?format=json&per_page=1000,2026-09-28T17:23:23.270Z,{}
EG.ELC.ACCS.ZS,EG.ELC.ACCS.ZS--pol,Polska,POL,Access to electricity (% of population),1968-12-31,1968,year,1968-01-01,,% populacji,annual,observed,https://api.worldbank.org/v2/country/POL;WLD;USA;CHN;DEU;IND;KOR;JPN;GBR;FRA;BRA;EST/indicator/EG.ELC.ACCS.ZS?format=json&per_page=1000,2026-09-28T17:23:23.270Z,{}
EG.ELC.ACCS.ZS,EG.ELC.ACCS.ZS--usa,USA,USA,Access to electricity (% of population),1968-12-31,1968,year,1968-01-01,,% populacji,annual,observed,https://api.worldbank.org/v2/country/POL;WLD;USA;CHN;DEU;IND;KOR;JPN;GBR;FRA;BRA;EST/indicator/EG.ELC.ACCS.ZS?format=json&per_page=1000,2026-09-28T17:23:23.270Z,{}
EG.ELC.ACCS.ZS,EG.ELC.ACCS.ZS--wld,Świat,WLD,Access to electricity (% of population),1968-12-31,1968,year,1968-01-01,,% populacji,annual,observed,https://api.worldbank.org/v2/country/POL;WLD;USA;CHN;DEU;IND;KOR;JPN;GBR;FRA;BRA;EST/indicator/EG.ELC.ACCS.ZS?format=json&per_page=1000,2026-09-28T17:23:23.270Z,{}
EG.ELC.ACCS.ZS,EG.ELC.ACCS.ZS--bra,Brazylia,BRA,Access to electricity (% of population),1969-12-31,1969,year,1969-01-01,,% populacji,annual,observed,https://api.worldbank.org/v2/country/POL;WLD;USA;CHN;DEU;IND;KOR;JPN;GBR;FRA;BRA;EST/indicator/EG.ELC.ACCS.ZS?format=json&per_page=1000,2026-09-28T17:23:23.270Z,{}
EG.ELC.ACCS.ZS,EG.ELC.ACCS.ZS--chn,Chiny,CHN,Access to electricity (% of population),1969-12-31,1969,year,1969-01-01,,% populacji,annual,observed,https://api.worldbank.org/v2/country/POL;WLD;USA;CHN;DEU;IND;KOR;JPN;GBR;FRA;BRA;EST/indicator/EG.ELC.ACCS.ZS?format=json&per_page=1000,2026-09-28T17:23:23.270Z,{}
EG.ELC.ACCS.ZS,EG.ELC.ACCS.ZS--deu,Niemcy,DEU,Access to electricity (% of population),1969-12-31,1969,year,1969-01-01,,% populacji,annual,observed,https://api.worldbank.org/v2/country/POL;WLD;USA;CHN;DEU;IND;KOR;JPN;GBR;FRA;BRA;EST/indicator/EG.ELC.ACCS.ZS?format=json&per_page=1000,2026-09-28T17:23:23.270Z,{}
EG.ELC.ACCS.ZS,EG.ELC.ACCS.ZS--est,Estonia,EST,Access to electricity (% of population),1969-12-31,1969,year,1969-01-01,,% populacji,annual,observed,https://api.worldbank.org/v2/country/POL;WLD;USA;CHN;DEU;IND;KOR;JPN;GBR;FRA;BRA;EST/indicator/EG.ELC.ACCS.ZS?format=json&per_page=1000,2026-09-28T17:23:23.270Z,{}
EG.ELC.ACCS.ZS,EG.ELC.ACCS.ZS--fra,Francja,FRA,Access to electricity (% of population),1969-12-31,1969,year,1969-01-01,,% populacji,annual,observed,https://api.worldbank.org/v2/country/POL;WLD;USA;CHN;DEU;IND;KOR;JPN;GBR;FRA;BRA;EST/indicator/EG.ELC.ACCS.ZS?format=json&per_page=1000,2026-09-28T17:23:23.270Z,{}
EG.ELC.ACCS.ZS,EG.ELC.ACCS.ZS--gbr,Wielka Brytania,GBR,Access to electricity (% of population),1969-12-31,1969,year,1969-01-01,,% populacji,annual,observed,https://api.worldbank.org/v2/country/POL;WLD;USA;CHN;DEU;IND;KOR;JPN;GBR;FRA;BRA;EST/indicator/EG.ELC.ACCS.ZS?format=json&per_page=1000,2026-09-28T17:23:23.270Z,{}
EG.ELC.ACCS.ZS,EG.ELC.ACCS.ZS--ind,Indie,IND,Access to electricity (% of population),1969-12-31,1969,year,1969-01-01,,% populacji,annual,observed,https://api.worldbank.org/v2/country/POL;WLD;USA;CHN;DEU;IND;KOR;JPN;GBR;FRA;BRA;EST/indicator/EG.ELC.ACCS.ZS?format=json&per_page=1000,2026-09-28T17:23:23.270Z,{}
EG.ELC.ACCS.ZS,EG.ELC.ACCS.ZS--jpn,Japonia,JPN,Access to electricity (% of population),1969-12-31,1969,year,1969-01-01,,% populacji,annual,observed,https://api.worldbank.org/v2/country/POL;WLD;USA;CHN;DEU;IND;KOR;JPN;GBR;FRA;BRA;EST/indicator/EG.ELC.ACCS.ZS?format=json&per_page=1000,2026-09-28T17:23:23.270Z,{}
EG.ELC.ACCS.ZS,EG.ELC.ACCS.ZS--kor,Korea Płd.,KOR,Access to electricity (% of population),1969-12-31,1969,year,1969-01-01,,% populacji,annual,observed,https://api.worldbank.org/v2/country/POL;WLD;USA;CHN;DEU;IND;KOR;JPN;GBR;FRA;BRA;EST/indicator/EG.ELC.ACCS.ZS?format=json&per_page=1000,2026-09-28T17:23:23.270Z,{}
EG.ELC.ACCS.ZS,EG.ELC.ACCS.ZS--pol,Polska,POL,Access to electricity (% of population),1969-12-31,1969,year,1969-01-01,,% populacji,annual,observed,https://api.worldbank.org/v2/country/POL;WLD;USA;CHN;DEU;IND;KOR;JPN;GBR;FRA;BRA;EST/indicator/EG.ELC.ACCS.ZS?format=json&per_page=1000,2026-09-28T17:23:23.270Z,{}
EG.ELC.ACCS.ZS,EG.ELC.ACCS.ZS--usa,USA,USA,Access to electricity (% of population),1969-12-31,1969,year,1969-01-01,,% populacji,annual,observed,https://api.worldbank.org/v2/country/POL;WLD;USA;CHN;DEU;IND;KOR;JPN;GBR;FRA;BRA;EST/indicator/EG.ELC.ACCS.ZS?format=json&per_page=1000,2026-09-28T17:23:23.270Z,{}
EG.ELC.ACCS.ZS,EG.ELC.ACCS.ZS--wld,Świat,WLD,Access to electricity (% of population),1969-12-31,1969,year,1969-01-01,,% populacji,annual,observed,https://api.worldbank.org/v2/country/POL;WLD;USA;CHN;DEU;IND;KOR;JPN;GBR;FRA;BRA;EST/indicator/EG.ELC.ACCS.ZS?format=json&per_page=1000,2026-09-28T17:23:23.270Z,{}
EG.ELC.ACCS.ZS,EG.ELC.ACCS.ZS--bra,Brazylia,BRA,Access to electricity (% of population),1970-12-31,1970,year,1970-01-01,,% populacji,annual,observed,https://api.worldbank.org/v2/country/POL;WLD;USA;CHN;DEU;IND;KOR;JPN;GBR;FRA;BRA;EST/indicator/EG.ELC.ACCS.ZS?format=json&per_page=1000,2026-09-28T17:23:23.270Z,{}
EG.ELC.ACCS.ZS,EG.ELC.ACCS.ZS--chn,Chiny,CHN,Access to electricity (% of population),1970-12-31,1970,year,1970-01-01,,% populacji,annual,observed,https://api.worldbank.org/v2/country/POL;WLD;USA;CHN;DEU;IND;KOR;JPN;GBR;FRA;BRA;EST/indicator/EG.ELC.ACCS.ZS?format=json&per_page=1000,2026-09-28T17:23:23.270Z,{}
EG.ELC.ACCS.ZS,EG.ELC.ACCS.ZS--deu,Niemcy,DEU,Access to electricity (% of population),1970-12-31,1970,year,1970-01-01,,% populacji,annual,observed,https://api.worldbank.org/v2/country/POL;WLD;USA;CHN;DEU;IND;KOR;JPN;GBR;FRA;BRA;EST/indicator/EG.ELC.ACCS.ZS?format=json&per_page=1000,2026-09-28T17:23:23.270Z,{}
EG.ELC.ACCS.ZS,EG.ELC.ACCS.ZS--est,Estonia,EST,Access to electricity (% of population),1970-12-31,1970,year,1970-01-01,,% populacji,annual,observed,https://api.worldbank.org/v2/country/POL;WLD;USA;CHN;DEU;IND;KOR;JPN;GBR;FRA;BRA;EST/indicator/EG.ELC.ACCS.ZS?format=json&per_page=1000,2026-09-28T17:23:23.270Z,{}
EG.ELC.ACCS.ZS,EG.ELC.ACCS.ZS--fra,Francja,FRA,Access to electricity (% of population),1970-12-31,1970,year,1970-01-01,,% populacji,annual,observed,https://api.worldbank.org/v2/country/POL;WLD;USA;CHN;DEU;IND;KOR;JPN;GBR;FRA;BRA;EST/indicator/EG.ELC.ACCS.ZS?format=json&per_page=1000,2026-09-28T17:23:23.270Z,{}
EG.ELC.ACCS.ZS,EG.ELC.ACCS.ZS--gbr,Wielka Brytania,GBR,Access to electricity (% of population),1970-12-31,1970,year,1970-01-01,,% populacji,annual,observed,https://api.worldbank.org/v2/country/POL;WLD;USA;CHN;DEU;IND;KOR;JPN;GBR;FRA;BRA;EST/indicator/EG.ELC.ACCS.ZS?format=json&per_page=1000,2026-09-28T17:23:23.270Z,{}
EG.ELC.ACCS.ZS,EG.ELC.ACCS.ZS--ind,Indie,IND,Access to electricity (% of population),1970-12-31,1970,year,1970-01-01,,% populacji,annual,observed,https://api.worldbank.org/v2/country/POL;WLD;USA;CHN;DEU;IND;KOR;JPN;GBR;FRA;BRA;EST/indicator/EG.ELC.ACCS.ZS?format=json&per_page=1000,2026-09-28T17:23:23.270Z,{}
EG.ELC.ACCS.ZS,EG.ELC.ACCS.ZS--jpn,Japonia,JPN,Access to electricity (% of population),1970-12-31,1970,year,1970-01-01,,% populacji,annual,observed,https://api.worldbank.org/v2/country/POL;WLD;USA;CHN;DEU;IND;KOR;JPN;GBR;FRA;BRA;EST/indicator/EG.ELC.ACCS.ZS?format=json&per_page=1000,2026-09-28T17:23:23.270Z,{}
EG.ELC.ACCS.ZS,EG.ELC.ACCS.ZS--kor,Korea Płd.,KOR,Access to electricity (% of population),1970-12-31,1970,year,1970-01-01,,% populacji,annual,observed,https://api.worldbank.org/v2/country/POL;WLD;USA;CHN;DEU;IND;KOR;JPN;GBR;FRA;BRA;EST/indicator/EG.ELC.ACCS.ZS?format=json&per_page=1000,2026-09-28T17:23:23.270Z,{}
EG.ELC.ACCS.ZS,EG.ELC.ACCS.ZS--pol,Polska,POL,Access to electricity (% of population),1970-12-31,1970,year,1970-01-01,,% populacji,annual,observed,https://api.worldbank.org/v2/country/POL;WLD;USA;CHN;DEU;IND;KOR;JPN;GBR;FRA;BRA;EST/indicator/EG.ELC.ACCS.ZS?format=json&per_page=1000,2026-09-28T17:23:23.270Z,{}
EG.ELC.ACCS.ZS,EG.ELC.ACCS.ZS--usa,USA,USA,Access to electricity (% of population),1970-12-31,1970,year,1970-01-01,,% populacji,annual,observed,https://api.worldbank.org/v2/country/POL;WLD;USA;CHN;DEU;IND;KOR;JPN;GBR;FRA;BRA;EST/indicator/EG.ELC.ACCS.ZS?format=json&per_page=1000,2026-09-28T17:23:23.270Z,{}
EG.ELC.ACCS.ZS,EG.ELC.ACCS.ZS--wld,Świat,WLD,Access to electricity (% of population),1970-12-31,1970,year,1970-01-01,,% populacji,annual,observed,https://api.worldbank.org/v2/country/POL;WLD;USA;CHN;DEU;IND;KOR;JPN;GBR;FRA;BRA;EST/indicator/EG.ELC.ACCS.ZS?format=json&per_page=1000,2026-09-28T17:23:23.270Z,{}
EG.ELC.ACCS.ZS,EG.ELC.ACCS.ZS--bra,Brazylia,BRA,Access to electricity (% of population),1971-12-31,1971,year,1971-01-01,,% populacji,annual,observed,https://api.worldbank.org/v2/country/POL;WLD;USA;CHN;DEU;IND;KOR;JPN;GBR;FRA;BRA;EST/indicator/EG.ELC.ACCS.ZS?format=json&per_page=1000,2026-09-28T17:23:23.270Z,{}
EG.ELC.ACCS.ZS,EG.ELC.ACCS.ZS--chn,Chiny,CHN,Access to electricity (% of population),1971-12-31,1971,year,1971-01-01,,% populacji,annual,observed,https://api.worldbank.org/v2/country/POL;WLD;USA;CHN;DEU;IND;KOR;JPN;GBR;FRA;BRA;EST/indicator/EG.ELC.ACCS.ZS?format=json&per_page=1000,2026-09-28T17:23:23.270Z,{}
EG.ELC.ACCS.ZS,EG.ELC.ACCS.ZS--deu,Niemcy,DEU,Access to electricity (% of population),1971-12-31,1971,year,1971-01-01,,% populacji,annual,observed,https://api.worldbank.org/v2/country/POL;WLD;USA;CHN;DEU;IND;KOR;JPN;GBR;FRA;BRA;EST/indicator/EG.ELC.ACCS.ZS?format=json&per_page=1000,2026-09-28T17:23:23.270Z,{}
EG.ELC.ACCS.ZS,EG.ELC.ACCS.ZS--est,Estonia,EST,Access to electricity (% of population),1971-12-31,1971,year,1971-01-01,,% populacji,annual,observed,https://api.worldbank.org/v2/country/POL;WLD;USA;CHN;DEU;IND;KOR;JPN;GBR;FRA;BRA;EST/indicator/EG.ELC.ACCS.ZS?format=json&per_page=1000,2026-09-28T17:23:23.270Z,{}
EG.ELC.ACCS.ZS,EG.ELC.ACCS.ZS--fra,Francja,FRA,Access to electricity (% of population),1971-12-31,1971,year,1971-01-01,,% populacji,annual,observed,https://api.worldbank.org/v2/country/POL;WLD;USA;CHN;DEU;IND;KOR;JPN;GBR;FRA;BRA;EST/indicator/EG.ELC.ACCS.ZS?format=json&per_page=1000,2026-09-28T17:23:23.270Z,{}
EG.ELC.ACCS.ZS,EG.ELC.ACCS.ZS--gbr,Wielka Brytania,GBR,Access to electricity (% of population),1971-12-31,1971,year,1971-01-01,,% populacji,annual,observed,https://api.worldbank.org/v2/country/POL;WLD;USA;CHN;DEU;IND;KOR;JPN;GBR;FRA;BRA;EST/indicator/EG.ELC.ACCS.ZS?format=json&per_page=1000,2026-09-28T17:23:23.270Z,{}
EG.ELC.ACCS.ZS,EG.ELC.ACCS.ZS--ind,Indie,IND,Access to electricity (% of population),1971-12-31,1971,year,1971-01-01,,% populacji,annual,observed,https://api.worldbank.org/v2/country/POL;WLD;USA;CHN;DEU;IND;KOR;JPN;GBR;FRA;BRA;EST/indicator/EG.ELC.ACCS.ZS?format=json&per_page=1000,2026-09-28T17:23:23.270Z,{}
EG.ELC.ACCS.ZS,EG.ELC.ACCS.ZS--jpn,Japonia,JPN,Access to electricity (% of population),1971-12-31,1971,year,1971-01-01,,% populacji,annual,observed,https://api.worldbank.org/v2/country/POL;WLD;USA;CHN;DEU;IND;KOR;JPN;GBR;FRA;BRA;EST/indicator/EG.ELC.ACCS.ZS?format=json&per_page=1000,2026-09-28T17:23:23.270Z,{}
EG.ELC.ACCS.ZS,EG.ELC.ACCS.ZS--kor,Korea Płd.,KOR,Access to electricity (% of population),1971-12-31,1971,year,1971-01-01,,% populacji,annual,observed,https://api.worldbank.org/v2/country/POL;WLD;USA;CHN;DEU;IND;KOR;JPN;GBR;FRA;BRA;EST/indicator/EG.ELC.ACCS.ZS?format=json&per_page=1000,2026-09-28T17:23:23.270Z,{}
EG.ELC.ACCS.ZS,EG.ELC.ACCS.ZS--pol,Polska,POL,Access to electricity (% of population),1971-12-31,1971,year,1971-01-01,,% populacji,annual,observed,https://api.worldbank.org/v2/country/POL;WLD;USA;CHN;DEU;IND;KOR;JPN;GBR;FRA;BRA;EST/indicator/EG.ELC.ACCS.ZS?format=json&per_page=1000,2026-09-28T17:23:23.270Z,{}
EG.ELC.ACCS.ZS,EG.ELC.ACCS.ZS--usa,USA,USA,Access to electricity (% of population),1971-12-31,1971,year,1971-01-01,,% populacji,annual,observed,https://api.worldbank.org/v2/country/POL;WLD;USA;CHN;DEU;IND;KOR;JPN;GBR;FRA;BRA;EST/indicator/EG.ELC.ACCS.ZS?format=json&per_page=1000,2026-09-28T17:23:23.270Z,{}
EG.ELC.ACCS.ZS,EG.ELC.ACCS.ZS--wld,Świat,WLD,Access to electricity (% of population),1971-12-31,1971,year,1971-01-01,,% populacji,annual,observed,https://api.worldbank.org/v2/country/POL;WLD;USA;CHN;DEU;IND;KOR;JPN;GBR;FRA;BRA;EST/indicator/EG.ELC.ACCS.ZS?format=json&per_page=1000,2026-09-28T17:23:23.270Z,{}
EG.ELC.ACCS.ZS,EG.ELC.ACCS.ZS--bra,Brazylia,BRA,Access to electricity (% of population),1972-12-31,1972,year,1972-01-01,,% populacji,annual,observed,https://api.worldbank.org/v2/country/POL;WLD;USA;CHN;DEU;IND;KOR;JPN;GBR;FRA;BRA;EST/indicator/EG.ELC.ACCS.ZS?format=json&per_page=1000,2026-09-28T17:23:23.270Z,{}
EG.ELC.ACCS.ZS,EG.ELC.ACCS.ZS--chn,Chiny,CHN,Access to electricity (% of population),1972-12-31,1972,year,1972-01-01,,% populacji,annual,observed,https://api.worldbank.org/v2/country/POL;WLD;USA;CHN;DEU;IND;KOR;JPN;GBR;FRA;BRA;EST/indicator/EG.ELC.ACCS.ZS?format=json&per_page=1000,2026-09-28T17:23:23.270Z,{}
EG.ELC.ACCS.ZS,EG.ELC.ACCS.ZS--deu,Niemcy,DEU,Access to electricity (% of population),1972-12-31,1972,year,1972-01-01,,% populacji,annual,observed,https://api.worldbank.org/v2/country/POL;WLD;USA;CHN;DEU;IND;KOR;JPN;GBR;FRA;BRA;EST/indicator/EG.ELC.ACCS.ZS?format=json&per_page=1000,2026-09-28T17:23:23.270Z,{}
EG.ELC.ACCS.ZS,EG.ELC.ACCS.ZS--est,Estonia,EST,Access to electricity (% of population),1972-12-31,1972,year,1972-01-01,,% populacji,annual,observed,https://api.worldbank.org/v2/country/POL;WLD;USA;CHN;DEU;IND;KOR;JPN;GBR;FRA;BRA;EST/indicator/EG.ELC.ACCS.ZS?format=json&per_page=1000,2026-09-28T17:23:23.270Z,{}
EG.ELC.ACCS.ZS,EG.ELC.ACCS.ZS--fra,Francja,FRA,Access to electricity (% of population),1972-12-31,1972,year,1972-01-01,,% populacji,annual,observed,https://api.worldbank.org/v2/country/POL;WLD;USA;CHN;DEU;IND;KOR;JPN;GBR;FRA;BRA;EST/indicator/EG.ELC.ACCS.ZS?format=json&per_page=1000,2026-09-28T17:23:23.270Z,{}
EG.ELC.ACCS.ZS,EG.ELC.ACCS.ZS--gbr,Wielka Brytania,GBR,Access to electricity (% of population),1972-12-31,1972,year,1972-01-01,,% populacji,annual,observed,https://api.worldbank.org/v2/country/POL;WLD;USA;CHN;DEU;IND;KOR;JPN;GBR;FRA;BRA;EST/indicator/EG.ELC.ACCS.ZS?format=json&per_page=1000,2026-09-28T17:23:23.270Z,{}
EG.ELC.ACCS.ZS,EG.ELC.ACCS.ZS--ind,Indie,IND,Access to electricity (% of population),1972-12-31,1972,year,1972-01-01,,% populacji,annual,observed,https://api.worldbank.org/v2/country/POL;WLD;USA;CHN;DEU;IND;KOR;JPN;GBR;FRA;BRA;EST/indicator/EG.ELC.ACCS.ZS?format=json&per_page=1000,2026-09-28T17:23:23.270Z,{}
EG.ELC.ACCS.ZS,EG.ELC.ACCS.ZS--jpn,Japonia,JPN,Access to electricity (% of population),1972-12-31,1972,year,1972-01-01,,% populacji,annual,observed,https://api.worldbank.org/v2/country/POL;WLD;USA;CHN;DEU;IND;KOR;JPN;GBR;FRA;BRA;EST/indicator/EG.ELC.ACCS.ZS?format=json&per_page=1000,2026-09-28T17:23:23.270Z,{}
EG.ELC.ACCS.ZS,EG.ELC.ACCS.ZS--kor,Korea Płd.,KOR,Access to electricity (% of population),1972-12-31,1972,year,1972-01-01,,% populacji,annual,observed,https://api.worldbank.org/v2/country/POL;WLD;USA;CHN;DEU;IND;KOR;JPN;GBR;FRA;BRA;EST/indicator/EG.ELC.ACCS.ZS?format=json&per_page=1000,2026-09-28T17:23:23.270Z,{}
EG.ELC.ACCS.ZS,EG.ELC.ACCS.ZS--pol,Polska,POL,Access to electricity (% of population),1972-12-31,1972,year,1972-01-01,,% populacji,annual,observed,https://api.worldbank.org/v2/country/POL;WLD;USA;CHN;DEU;IND;KOR;JPN;GBR;FRA;BRA;EST/indicator/EG.ELC.ACCS.ZS?format=json&per_page=1000,2026-09-28T17:23:23.270Z,{}
EG.ELC.ACCS.ZS,EG.ELC.ACCS.ZS--usa,USA,USA,Access to electricity (% of population),1972-12-31,1972,year,1972-01-01,,% populacji,annual,observed,https://api.worldbank.org/v2/country/POL;WLD;USA;CHN;DEU;IND;KOR;JPN;GBR;FRA;BRA;EST/indicator/EG.ELC.ACCS.ZS?format=json&per_page=1000,2026-09-28T17:23:23.270Z,{}
EG.ELC.ACCS.ZS,EG.ELC.ACCS.ZS--wld,Świat,WLD,Access to electricity (% of population),1972-12-31,1972,year,1972-01-01,,% populacji,annual,observed,https://api.worldbank.org/v2/country/POL;WLD;USA;CHN;DEU;IND;KOR;JPN;GBR;FRA;BRA;EST/indicator/EG.ELC.ACCS.ZS?format=json&per_page=1000,2026-09-28T17:23:23.270Z,{}
EG.ELC.ACCS.ZS,EG.ELC.ACCS.ZS--bra,Brazylia,BRA,Access to electricity (% of population),1973-12-31,1973,year,1973-01-01,,% populacji,annual,observed,https://api.worldbank.org/v2/country/POL;WLD;USA;CHN;DEU;IND;KOR;JPN;GBR;FRA;BRA;EST/indicator/EG.ELC.ACCS.ZS?format=json&per_page=1000,2026-09-28T17:23:23.270Z,{}
EG.ELC.ACCS.ZS,EG.ELC.ACCS.ZS--chn,Chiny,CHN,Access to electricity (% of population),1973-12-31,1973,year,1973-01-01,,% populacji,annual,observed,https://api.worldbank.org/v2/country/POL;WLD;USA;CHN;DEU;IND;KOR;JPN;GBR;FRA;BRA;EST/indicator/EG.ELC.ACCS.ZS?format=json&per_page=1000,2026-09-28T17:23:23.270Z,{}
EG.ELC.ACCS.ZS,EG.ELC.ACCS.ZS--deu,Niemcy,DEU,Access to electricity (% of population),1973-12-31,1973,year,1973-01-01,,% populacji,annual,observed,https://api.worldbank.org/v2/country/POL;WLD;USA;CHN;DEU;IND;KOR;JPN;GBR;FRA;BRA;EST/indicator/EG.ELC.ACCS.ZS?format=json&per_page=1000,2026-09-28T17:23:23.270Z,{}
EG.ELC.ACCS.ZS,EG.ELC.ACCS.ZS--est,Estonia,EST,Access to electricity (% of population),1973-12-31,1973,year,1973-01-01,,% populacji,annual,observed,https://api.worldbank.org/v2/country/POL;WLD;USA;CHN;DEU;IND;KOR;JPN;GBR;FRA;BRA;EST/indicator/EG.ELC.ACCS.ZS?format=json&per_page=1000,2026-09-28T17:23:23.270Z,{}
EG.ELC.ACCS.ZS,EG.ELC.ACCS.ZS--fra,Francja,FRA,Access to electricity (% of population),1973-12-31,1973,year,1973-01-01,,% populacji,annual,observed,https://api.worldbank.org/v2/country/POL;WLD;USA;CHN;DEU;IND;KOR;JPN;GBR;FRA;BRA;EST/indicator/EG.ELC.ACCS.ZS?format=json&per_page=1000,2026-09-28T17:23:23.270Z,{}
EG.ELC.ACCS.ZS,EG.ELC.ACCS.ZS--gbr,Wielka Brytania,GBR,Access to electricity (% of population),1973-12-31,1973,year,1973-01-01,,% populacji,annual,observed,https://api.worldbank.org/v2/country/POL;WLD;USA;CHN;DEU;IND;KOR;JPN;GBR;FRA;BRA;EST/indicator/EG.ELC.ACCS.ZS?format=json&per_page=1000,2026-09-28T17:23:23.270Z,{}
EG.ELC.ACCS.ZS,EG.ELC.ACCS.ZS--ind,Indie,IND,Access to electricity (% of population),1973-12-31,1973,year,1973-01-01,,% populacji,annual,observed,https://api.worldbank.org/v2/country/POL;WLD;USA;CHN;DEU;IND;KOR;JPN;GBR;FRA;BRA;EST/indicator/EG.ELC.ACCS.ZS?format=json&per_page=1000,2026-09-28T17:23:23.270Z,{}
EG.ELC.ACCS.ZS,EG.ELC.ACCS.ZS--jpn,Japonia,JPN,Access to electricity (% of population),1973-12-31,1973,year,1973-01-01,,% populacji,annual,observed,https://api.worldbank.org/v2/country/POL;WLD;USA;CHN;DEU;IND;KOR;JPN;GBR;FRA;BRA;EST/indicator/EG.ELC.ACCS.ZS?format=json&per_page=1000,2026-09-28T17:23:23.270Z,{}
EG.ELC.ACCS.ZS,EG.ELC.ACCS.ZS--kor,Korea Płd.,KOR,Access to electricity (% of population),1973-12-31,1973,year,1973-01-01,,% populacji,annual,observed,https://api.worldbank.org/v2/country/POL;WLD;USA;CHN;DEU;IND;KOR;JPN;GBR;FRA;BRA;EST/indicator/EG.ELC.ACCS.ZS?format=json&per_page=1000,2026-09-28T17:23:23.270Z,{}
EG.ELC.ACCS.ZS,EG.ELC.ACCS.ZS--pol,Polska,POL,Access to electricity (% of population),1973-12-31,1973,year,1973-01-01,,% populacji,annual,observed,https://api.worldbank.org/v2/country/POL;WLD;USA;CHN;DEU;IND;KOR;JPN;GBR;FRA;BRA;EST/indicator/EG.ELC.ACCS.ZS?format=json&per_page=1000,2026-09-28T17:23:23.270Z,{}
EG.ELC.ACCS.ZS,EG.ELC.ACCS.ZS--usa,USA,USA,Access to electricity (% of population),1973-12-31,1973,year,1973-01-01,,% populacji,annual,observed,https://api.worldbank.org/v2/country/POL;WLD;USA;CHN;DEU;IND;KOR;JPN;GBR;FRA;BRA;EST/indicator/EG.ELC.ACCS.ZS?format=json&per_page=1000,2026-09-28T17:23:23.270Z,{}
EG.ELC.ACCS.ZS,EG.ELC.ACCS.ZS--wld,Świat,WLD,Access to electricity (% of population),1973-12-31,1973,year,1973-01-01,,% populacji,annual,observed,https://api.worldbank.org/v2/country/POL;WLD;USA;CHN;DEU;IND;KOR;JPN;GBR;FRA;BRA;EST/indicator/EG.ELC.ACCS.ZS?format=json&per_page=1000,2026-09-28T17:23:23.270Z,{}
EG.ELC.ACCS.ZS,EG.ELC.ACCS.ZS--bra,Brazylia,BRA,Access to electricity (% of population),1974-12-31,1974,year,1974-01-01,,% populacji,annual,observed,https://api.worldbank.org/v2/country/POL;WLD;USA;CHN;DEU;IND;KOR;JPN;GBR;FRA;BRA;EST/indicator/EG.ELC.ACCS.ZS?format=json&per_page=1000,2026-09-28T17:23:23.270Z,{}
EG.ELC.ACCS.ZS,EG.ELC.ACCS.ZS--chn,Chiny,CHN,Access to electricity (% of population),1974-12-31,1974,year,1974-01-01,,% populacji,annual,observed,https://api.worldbank.org/v2/country/POL;WLD;USA;CHN;DEU;IND;KOR;JPN;GBR;FRA;BRA;EST/indicator/EG.ELC.ACCS.ZS?format=json&per_page=1000,2026-09-28T17:23:23.270Z,{}
EG.ELC.ACCS.ZS,EG.ELC.ACCS.ZS--deu,Niemcy,DEU,Access to electricity (% of population),1974-12-31,1974,year,1974-01-01,,% populacji,annual,observed,https://api.worldbank.org/v2/country/POL;WLD;USA;CHN;DEU;IND;KOR;JPN;GBR;FRA;BRA;EST/indicator/EG.ELC.ACCS.ZS?format=json&per_page=1000,2026-09-28T17:23:23.270Z,{}
EG.ELC.ACCS.ZS,EG.ELC.ACCS.ZS--est,Estonia,EST,Access to electricity (% of population),1974-12-31,1974,year,1974-01-01,,% populacji,annual,observed,https://api.worldbank.org/v2/country/POL;WLD;USA;CHN;DEU;IND;KOR;JPN;GBR;FRA;BRA;EST/indicator/EG.ELC.ACCS.ZS?format=json&per_page=1000,2026-09-28T17:23:23.270Z,{}
EG.ELC.ACCS.ZS,EG.ELC.ACCS.ZS--fra,Francja,FRA,Access to electricity (% of population),1974-12-31,1974,year,1974-01-01,,% populacji,annual,observed,https://api.worldbank.org/v2/country/POL;WLD;USA;CHN;DEU;IND;KOR;JPN;GBR;FRA;BRA;EST/indicator/EG.ELC.ACCS.ZS?format=json&per_page=1000,2026-09-28T17:23:23.270Z,{}
EG.ELC.ACCS.ZS,EG.ELC.ACCS.ZS--gbr,Wielka Brytania,GBR,Access to electricity (% of population),1974-12-31,1974,year,1974-01-01,,% populacji,annual,observed,https://api.worldbank.org/v2/country/POL;WLD;USA;CHN;DEU;IND;KOR;JPN;GBR;FRA;BRA;EST/indicator/EG.ELC.ACCS.ZS?format=json&per_page=1000,2026-09-28T17:23:23.270Z,{}
EG.ELC.ACCS.ZS,EG.ELC.ACCS.ZS--ind,Indie,IND,Access to electricity (% of population),1974-12-31,1974,year,1974-01-01,,% populacji,annual,observed,https://api.worldbank.org/v2/country/POL;WLD;USA;CHN;DEU;IND;KOR;JPN;GBR;FRA;BRA;EST/indicator/EG.ELC.ACCS.ZS?format=json&per_page=1000,2026-09-28T17:23:23.270Z,{}
EG.ELC.ACCS.ZS,EG.ELC.ACCS.ZS--jpn,Japonia,JPN,Access to electricity (% of population),1974-12-31,1974,year,1974-01-01,,% populacji,annual,observed,https://api.worldbank.org/v2/country/POL;WLD;USA;CHN;DEU;IND;KOR;JPN;GBR;FRA;BRA;EST/indicator/EG.ELC.ACCS.ZS?format=json&per_page=1000,2026-09-28T17:23:23.270Z,{}
EG.ELC.ACCS.ZS,EG.ELC.ACCS.ZS--kor,Korea Płd.,KOR,Access to electricity (% of population),1974-12-31,1974,year,1974-01-01,,% populacji,annual,observed,https://api.worldbank.org/v2/country/POL;WLD;USA;CHN;DEU;IND;KOR;JPN;GBR;FRA;BRA;EST/indicator/EG.ELC.ACCS.ZS?format=json&per_page=1000,2026-09-28T17:23:23.270Z,{}
EG.ELC.ACCS.ZS,EG.ELC.ACCS.ZS--pol,Polska,POL,Access to electricity (% of population),1974-12-31,1974,year,1974-01-01,,% populacji,annual,observed,https://api.worldbank.org/v2/country/POL;WLD;USA;CHN;DEU;IND;KOR;JPN;GBR;FRA;BRA;EST/indicator/EG.ELC.ACCS.ZS?format=json&per_page=1000,2026-09-28T17:23:23.270Z,{}
EG.ELC.ACCS.ZS,EG.ELC.ACCS.ZS--usa,USA,USA,Access to electricity (% of population),1974-12-31,1974,year,1974-01-01,,% populacji,annual,observed,https://api.worldbank.org/v2/country/POL;WLD;USA;CHN;DEU;IND;KOR;JPN;GBR;FRA;BRA;EST/indicator/EG.ELC.ACCS.ZS?format=json&per_page=1000,2026-09-28T17:23:23.270Z,{}
EG.ELC.ACCS.ZS,EG.ELC.ACCS.ZS--wld,Świat,WLD,Access to electricity (% of population),1974-12-31,1974,year,1974-01-01,,% populacji,annual,observed,https://api.worldbank.org/v2/country/POL;WLD;USA;CHN;DEU;IND;KOR;JPN;GBR;FRA;BRA;EST/indicator/EG.ELC.ACCS.ZS?format=json&per_page=1000,2026-09-28T17:23:23.270Z,{}
EG.ELC.ACCS.ZS,EG.ELC.ACCS.ZS--bra,Brazylia,BRA,Access to electricity (% of population),1975-12-31,1975,year,1975-01-01,,% populacji,annual,observed,https://api.worldbank.org/v2/country/POL;WLD;USA;CHN;DEU;IND;KOR;JPN;GBR;FRA;BRA;EST/indicator/EG.ELC.ACCS.ZS?format=json&per_page=1000,2026-09-28T17:23:23.270Z,{}
EG.ELC.ACCS.ZS,EG.ELC.ACCS.ZS--chn,Chiny,CHN,Access to electricity (% of population),1975-12-31,1975,year,1975-01-01,,% populacji,annual,observed,https://api.worldbank.org/v2/country/POL;WLD;USA;CHN;DEU;IND;KOR;JPN;GBR;FRA;BRA;EST/indicator/EG.ELC.ACCS.ZS?format=json&per_page=1000,2026-09-28T17:23:23.270Z,{}
EG.ELC.ACCS.ZS,EG.ELC.ACCS.ZS--deu,Niemcy,DEU,Access to electricity (% of population),1975-12-31,1975,year,1975-01-01,,% populacji,annual,observed,https://api.worldbank.org/v2/country/POL;WLD;USA;CHN;DEU;IND;KOR;JPN;GBR;FRA;BRA;EST/indicator/EG.ELC.ACCS.ZS?format=json&per_page=1000,2026-09-28T17:23:23.270Z,{}
EG.ELC.ACCS.ZS,EG.ELC.ACCS.ZS--est,Estonia,EST,Access to electricity (% of population),1975-12-31,1975,year,1975-01-01,,% populacji,annual,observed,https://api.worldbank.org/v2/country/POL;WLD;USA;CHN;DEU;IND;KOR;JPN;GBR;FRA;BRA;EST/indicator/EG.ELC.ACCS.ZS?format=json&per_page=1000,2026-09-28T17:23:23.270Z,{}
EG.ELC.ACCS.ZS,EG.ELC.ACCS.ZS--fra,Francja,FRA,Access to electricity (% of population),1975-12-31,1975,year,1975-01-01,,% populacji,annual,observed,https://api.worldbank.org/v2/country/POL;WLD;USA;CHN;DEU;IND;KOR;JPN;GBR;FRA;BRA;EST/indicator/EG.ELC.ACCS.ZS?format=json&per_page=1000,2026-09-28T17:23:23.270Z,{}
EG.ELC.ACCS.ZS,EG.ELC.ACCS.ZS--gbr,Wielka Brytania,GBR,Access to electricity (% of population),1975-12-31,1975,year,1975-01-01,,% populacji,annual,observed,https://api.worldbank.org/v2/country/POL;WLD;USA;CHN;DEU;IND;KOR;JPN;GBR;FRA;BRA;EST/indicator/EG.ELC.ACCS.ZS?format=json&per_page=1000,2026-09-28T17:23:23.270Z,{}
EG.ELC.ACCS.ZS,EG.ELC.ACCS.ZS--ind,Indie,IND,Access to electricity (% of population),1975-12-31,1975,year,1975-01-01,,% populacji,annual,observed,https://api.worldbank.org/v2/country/POL;WLD;USA;CHN;DEU;IND;KOR;JPN;GBR;FRA;BRA;EST/indicator/EG.ELC.ACCS.ZS?format=json&per_page=1000,2026-09-28T17:23:23.270Z,{}
EG.ELC.ACCS.ZS,EG.ELC.ACCS.ZS--jpn,Japonia,JPN,Access to electricity (% of population),1975-12-31,1975,year,1975-01-01,,% populacji,annual,observed,https://api.worldbank.org/v2/country/POL;WLD;USA;CHN;DEU;IND;KOR;JPN;GBR;FRA;BRA;EST/indicator/EG.ELC.ACCS.ZS?format=json&per_page=1000,2026-09-28T17:23:23.270Z,{}
EG.ELC.ACCS.ZS,EG.ELC.ACCS.ZS--kor,Korea Płd.,KOR,Access to electricity (% of population),1975-12-31,1975,year,1975-01-01,,% populacji,annual,observed,https://api.worldbank.org/v2/country/POL;WLD;USA;CHN;DEU;IND;KOR;JPN;GBR;FRA;BRA;EST/indicator/EG.ELC.ACCS.ZS?format=json&per_page=1000,2026-09-28T17:23:23.270Z,{}
EG.ELC.ACCS.ZS,EG.ELC.ACCS.ZS--pol,Polska,POL,Access to electricity (% of population),1975-12-31,1975,year,1975-01-01,,% populacji,annual,observed,https://api.worldbank.org/v2/country/POL;WLD;USA;CHN;DEU;IND;KOR;JPN;GBR;FRA;BRA;EST/indicator/EG.ELC.ACCS.ZS?format=json&per_page=1000,2026-09-28T17:23:23.270Z,{}
EG.ELC.ACCS.ZS,EG.ELC.ACCS.ZS--usa,USA,USA,Access to electricity (% of population),1975-12-31,1975,year,1975-01-01,,% populacji,annual,observed,https://api.worldbank.org/v2/country/POL;WLD;USA;CHN;DEU;IND;KOR;JPN;GBR;FRA;BRA;EST/indicator/EG.ELC.ACCS.ZS?format=json&per_page=1000,2026-09-28T17:23:23.270Z,{}
EG.ELC.ACCS.ZS,EG.ELC.ACCS.ZS--wld,Świat,WLD,Access to electricity (% of population),1975-12-31,1975,year,1975-01-01,,% populacji,annual,observed,https://api.worldbank.org/v2/country/POL;WLD;USA;CHN;DEU;IND;KOR;JPN;GBR;FRA;BRA;EST/indicator/EG.ELC.ACCS.ZS?format=json&per_page=1000,2026-09-28T17:23:23.270Z,{}
EG.ELC.ACCS.ZS,EG.ELC.ACCS.ZS--bra,Brazylia,BRA,Access to electricity (% of population),1976-12-31,1976,year,1976-01-01,,% populacji,annual,observed,https://api.worldbank.org/v2/country/POL;WLD;USA;CHN;DEU;IND;KOR;JPN;GBR;FRA;BRA;EST/indicator/EG.ELC.ACCS.ZS?format=json&per_page=1000,2026-09-28T17:23:23.270Z,{}
EG.ELC.ACCS.ZS,EG.ELC.ACCS.ZS--chn,Chiny,CHN,Access to electricity (% of population),1976-12-31,1976,year,1976-01-01,,% populacji,annual,observed,https://api.worldbank.org/v2/country/POL;WLD;USA;CHN;DEU;IND;KOR;JPN;GBR;FRA;BRA;EST/indicator/EG.ELC.ACCS.ZS?format=json&per_page=1000,2026-09-28T17:23:23.270Z,{}
EG.ELC.ACCS.ZS,EG.ELC.ACCS.ZS--deu,Niemcy,DEU,Access to electricity (% of population),1976-12-31,1976,year,1976-01-01,,% populacji,annual,observed,https://api.worldbank.org/v2/country/POL;WLD;USA;CHN;DEU;IND;KOR;JPN;GBR;FRA;BRA;EST/indicator/EG.ELC.ACCS.ZS?format=json&per_page=1000,2026-09-28T17:23:23.270Z,{}
EG.ELC.ACCS.ZS,EG.ELC.ACCS.ZS--est,Estonia,EST,Access to electricity (% of population),1976-12-31,1976,year,1976-01-01,,% populacji,annual,observed,https://api.worldbank.org/v2/country/POL;WLD;USA;CHN;DEU;IND;KOR;JPN;GBR;FRA;BRA;EST/indicator/EG.ELC.ACCS.ZS?format=json&per_page=1000,2026-09-28T17:23:23.270Z,{}
EG.ELC.ACCS.ZS,EG.ELC.ACCS.ZS--fra,Francja,FRA,Access to electricity (% of population),1976-12-31,1976,year,1976-01-01,,% populacji,annual,observed,https://api.worldbank.org/v2/country/POL;WLD;USA;CHN;DEU;IND;KOR;JPN;GBR;FRA;BRA;EST/indicator/EG.ELC.ACCS.ZS?format=json&per_page=1000,2026-09-28T17:23:23.270Z,{}
EG.ELC.ACCS.ZS,EG.ELC.ACCS.ZS--gbr,Wielka Brytania,GBR,Access to electricity (% of population),1976-12-31,1976,year,1976-01-01,,% populacji,annual,observed,https://api.worldbank.org/v2/country/POL;WLD;USA;CHN;DEU;IND;KOR;JPN;GBR;FRA;BRA;EST/indicator/EG.ELC.ACCS.ZS?format=json&per_page=1000,2026-09-28T17:23:23.270Z,{}
EG.ELC.ACCS.ZS,EG.ELC.ACCS.ZS--ind,Indie,IND,Access to electricity (% of population),1976-12-31,1976,year,1976-01-01,,% populacji,annual,observed,https://api.worldbank.org/v2/country/POL;WLD;USA;CHN;DEU;IND;KOR;JPN;GBR;FRA;BRA;EST/indicator/EG.ELC.ACCS.ZS?format=json&per_page=1000,2026-09-28T17:23:23.270Z,{}
EG.ELC.ACCS.ZS,EG.ELC.ACCS.ZS--jpn,Japonia,JPN,Access to electricity (% of population),1976-12-31,1976,year,1976-01-01,,% populacji,annual,observed,https://api.worldbank.org/v2/country/POL;WLD;USA;CHN;DEU;IND;KOR;JPN;GBR;FRA;BRA;EST/indicator/EG.ELC.ACCS.ZS?format=json&per_page=1000,2026-09-28T17:23:23.270Z,{}
EG.ELC.ACCS.ZS,EG.ELC.ACCS.ZS--kor,Korea Płd.,KOR,Access to electricity (% of population),1976-12-31,1976,year,1976-01-01,,% populacji,annual,observed,https://api.worldbank.org/v2/country/POL;WLD;USA;CHN;DEU;IND;KOR;JPN;GBR;FRA;BRA;EST/indicator/EG.ELC.ACCS.ZS?format=json&per_page=1000,2026-09-28T17:23:23.270Z,{}
EG.ELC.ACCS.ZS,EG.ELC.ACCS.ZS--pol,Polska,POL,Access to electricity (% of population),1976-12-31,1976,year,1976-01-01,,% populacji,annual,observed,https://api.worldbank.org/v2/country/POL;WLD;USA;CHN;DEU;IND;KOR;JPN;GBR;FRA;BRA;EST/indicator/EG.ELC.ACCS.ZS?format=json&per_page=1000,2026-09-28T17:23:23.270Z,{}
EG.ELC.ACCS.ZS,EG.ELC.ACCS.ZS--usa,USA,USA,Access to electricity (% of population),1976-12-31,1976,year,1976-01-01,,% populacji,annual,observed,https://api.worldbank.org/v2/country/POL;WLD;USA;CHN;DEU;IND;KOR;JPN;GBR;FRA;BRA;EST/indicator/EG.ELC.ACCS.ZS?format=json&per_page=1000,2026-09-28T17:23:23.270Z,{}
EG.ELC.ACCS.ZS,EG.ELC.ACCS.ZS--wld,Świat,WLD,Access to electricity (% of population),1976-12-31,1976,year,1976-01-01,,% populacji,annual,observed,https://api.worldbank.org/v2/country/POL;WLD;USA;CHN;DEU;IND;KOR;JPN;GBR;FRA;BRA;EST/indicator/EG.ELC.ACCS.ZS?format=json&per_page=1000,2026-09-28T17:23:23.270Z,{}
EG.ELC.ACCS.ZS,EG.ELC.ACCS.ZS--bra,Brazylia,BRA,Access to electricity (% of population),1977-12-31,1977,year,1977-01-01,,% populacji,annual,observed,https://api.worldbank.org/v2/country/POL;WLD;USA;CHN;DEU;IND;KOR;JPN;GBR;FRA;BRA;EST/indicator/EG.ELC.ACCS.ZS?format=json&per_page=1000,2026-09-28T17:23:23.270Z,{}
EG.ELC.ACCS.ZS,EG.ELC.ACCS.ZS--chn,Chiny,CHN,Access to electricity (% of population),1977-12-31,1977,year,1977-01-01,,% populacji,annual,observed,https://api.worldbank.org/v2/country/POL;WLD;USA;CHN;DEU;IND;KOR;JPN;GBR;FRA;BRA;EST/indicator/EG.ELC.ACCS.ZS?format=json&per_page=1000,2026-09-28T17:23:23.270Z,{}
EG.ELC.ACCS.ZS,EG.ELC.ACCS.ZS--deu,Niemcy,DEU,Access to electricity (% of population),1977-12-31,1977,year,1977-01-01,,% populacji,annual,observed,https://api.worldbank.org/v2/country/POL;WLD;USA;CHN;DEU;IND;KOR;JPN;GBR;FRA;BRA;EST/indicator/EG.ELC.ACCS.ZS?format=json&per_page=1000,2026-09-28T17:23:23.270Z,{}
EG.ELC.ACCS.ZS,EG.ELC.ACCS.ZS--est,Estonia,EST,Access to electricity (% of population),1977-12-31,1977,year,1977-01-01,,% populacji,annual,observed,https://api.worldbank.org/v2/country/POL;WLD;USA;CHN;DEU;IND;KOR;JPN;GBR;FRA;BRA;EST/indicator/EG.ELC.ACCS.ZS?format=json&per_page=1000,2026-09-28T17:23:23.270Z,{}
EG.ELC.ACCS.ZS,EG.ELC.ACCS.ZS--fra,Francja,FRA,Access to electricity (% of population),1977-12-31,1977,year,1977-01-01,,% populacji,annual,observed,https://api.worldbank.org/v2/country/POL;WLD;USA;CHN;DEU;IND;KOR;JPN;GBR;FRA;BRA;EST/indicator/EG.ELC.ACCS.ZS?format=json&per_page=1000,2026-09-28T17:23:23.270Z,{}
EG.ELC.ACCS.ZS,EG.ELC.ACCS.ZS--gbr,Wielka Brytania,GBR,Access to electricity (% of population),1977-12-31,1977,year,1977-01-01,,% populacji,annual,observed,https://api.worldbank.org/v2/country/POL;WLD;USA;CHN;DEU;IND;KOR;JPN;GBR;FRA;BRA;EST/indicator/EG.ELC.ACCS.ZS?format=json&per_page=1000,2026-09-28T17:23:23.270Z,{}
EG.ELC.ACCS.ZS,EG.ELC.ACCS.ZS--ind,Indie,IND,Access to electricity (% of population),1977-12-31,1977,year,1977-01-01,,% populacji,annual,observed,https://api.worldbank.org/v2/country/POL;WLD;USA;CHN;DEU;IND;KOR;JPN;GBR;FRA;BRA;EST/indicator/EG.ELC.ACCS.ZS?format=json&per_page=1000,2026-09-28T17:23:23.270Z,{}
EG.ELC.ACCS.ZS,EG.ELC.ACCS.ZS--jpn,Japonia,JPN,Access to electricity (% of population),1977-12-31,1977,year,1977-01-01,,% populacji,annual,observed,https://api.worldbank.org/v2/country/POL;WLD;USA;CHN;DEU;IND;KOR;JPN;GBR;FRA;BRA;EST/indicator/EG.ELC.ACCS.ZS?format=json&per_page=1000,2026-09-28T17:23:23.270Z,{}
EG.ELC.ACCS.ZS,EG.ELC.ACCS.ZS--kor,Korea Płd.,KOR,Access to electricity (% of population),1977-12-31,1977,year,1977-01-01,,% populacji,annual,observed,https://api.worldbank.org/v2/country/POL;WLD;USA;CHN;DEU;IND;KOR;JPN;GBR;FRA;BRA;EST/indicator/EG.ELC.ACCS.ZS?format=json&per_page=1000,2026-09-28T17:23:23.270Z,{}
EG.ELC.ACCS.ZS,EG.ELC.ACCS.ZS--pol,Polska,POL,Access to electricity (% of population),1977-12-31,1977,year,1977-01-01,,% populacji,annual,observed,https://api.worldbank.org/v2/country/POL;WLD;USA;CHN;DEU;IND;KOR;JPN;GBR;FRA;BRA;EST/indicator/EG.ELC.ACCS.ZS?format=json&per_page=1000,2026-09-28T17:23:23.270Z,{}
EG.ELC.ACCS.ZS,EG.ELC.ACCS.ZS--usa,USA,USA,Access to electricity (% of population),1977-12-31,1977,year,1977-01-01,,% populacji,annual,observed,https://api.worldbank.org/v2/country/POL;WLD;USA;CHN;DEU;IND;KOR;JPN;GBR;FRA;BRA;EST/indicator/EG.ELC.ACCS.ZS?format=json&per_page=1000,2026-09-28T17:23:23.270Z,{}
EG.ELC.ACCS.ZS,EG.ELC.ACCS.ZS--wld,Świat,WLD,Access to electricity (% of population),1977-12-31,1977,year,1977-01-01,,% populacji,annual,observed,https://api.worldbank.org/v2/country/POL;WLD;USA;CHN;DEU;IND;KOR;JPN;GBR;FRA;BRA;EST/indicator/EG.ELC.ACCS.ZS?format=json&per_page=1000,2026-09-28T17:23:23.270Z,{}
EG.ELC.ACCS.ZS,EG.ELC.ACCS.ZS--bra,Brazylia,BRA,Access to electricity (% of population),1978-12-31,1978,year,1978-01-01,,% populacji,annual,observed,https://api.worldbank.org/v2/country/POL;WLD;USA;CHN;DEU;IND;KOR;JPN;GBR;FRA;BRA;EST/indicator/EG.ELC.ACCS.ZS?format=json&per_page=1000,2026-09-28T17:23:23.270Z,{}
EG.ELC.ACCS.ZS,EG.ELC.ACCS.ZS--chn,Chiny,CHN,Access to electricity (% of population),1978-12-31,1978,year,1978-01-01,,% populacji,annual,observed,https://api.worldbank.org/v2/country/POL;WLD;USA;CHN;DEU;IND;KOR;JPN;GBR;FRA;BRA;EST/indicator/EG.ELC.ACCS.ZS?format=json&per_page=1000,2026-09-28T17:23:23.270Z,{}
EG.ELC.ACCS.ZS,EG.ELC.ACCS.ZS--deu,Niemcy,DEU,Access to electricity (% of population),1978-12-31,1978,year,1978-01-01,,% populacji,annual,observed,https://api.worldbank.org/v2/country/POL;WLD;USA;CHN;DEU;IND;KOR;JPN;GBR;FRA;BRA;EST/indicator/EG.ELC.ACCS.ZS?format=json&per_page=1000,2026-09-28T17:23:23.270Z,{}
EG.ELC.ACCS.ZS,EG.ELC.ACCS.ZS--est,Estonia,EST,Access to electricity (% of population),1978-12-31,1978,year,1978-01-01,,% populacji,annual,observed,https://api.worldbank.org/v2/country/POL;WLD;USA;CHN;DEU;IND;KOR;JPN;GBR;FRA;BRA;EST/indicator/EG.ELC.ACCS.ZS?format=json&per_page=1000,2026-09-28T17:23:23.270Z,{}
EG.ELC.ACCS.ZS,EG.ELC.ACCS.ZS--fra,Francja,FRA,Access to electricity (% of population),1978-12-31,1978,year,1978-01-01,,% populacji,annual,observed,https://api.worldbank.org/v2/country/POL;WLD;USA;CHN;DEU;IND;KOR;JPN;GBR;FRA;BRA;EST/indicator/EG.ELC.ACCS.ZS?format=json&per_page=1000,2026-09-28T17:23:23.270Z,{}
EG.ELC.ACCS.ZS,EG.ELC.ACCS.ZS--gbr,Wielka Brytania,GBR,Access to electricity (% of population),1978-12-31,1978,year,1978-01-01,,% populacji,annual,observed,https://api.worldbank.org/v2/country/POL;WLD;USA;CHN;DEU;IND;KOR;JPN;GBR;FRA;BRA;EST/indicator/EG.ELC.ACCS.ZS?format=json&per_page=1000,2026-09-28T17:23:23.270Z,{}
EG.ELC.ACCS.ZS,EG.ELC.ACCS.ZS--ind,Indie,IND,Access to electricity (% of population),1978-12-31,1978,year,1978-01-01,,% populacji,annual,observed,https://api.worldbank.org/v2/country/POL;WLD;USA;CHN;DEU;IND;KOR;JPN;GBR;FRA;BRA;EST/indicator/EG.ELC.ACCS.ZS?format=json&per_page=1000,2026-09-28T17:23:23.270Z,{}
EG.ELC.ACCS.ZS,EG.ELC.ACCS.ZS--jpn,Japonia,JPN,Access to electricity (% of population),1978-12-31,1978,year,1978-01-01,,% populacji,annual,observed,https://api.worldbank.org/v2/country/POL;WLD;USA;CHN;DEU;IND;KOR;JPN;GBR;FRA;BRA;EST/indicator/EG.ELC.ACCS.ZS?format=json&per_page=1000,2026-09-28T17:23:23.270Z,{}
EG.ELC.ACCS.ZS,EG.ELC.ACCS.ZS--kor,Korea Płd.,KOR,Access to electricity (% of population),1978-12-31,1978,year,1978-01-01,,% populacji,annual,observed,https://api.worldbank.org/v2/country/POL;WLD;USA;CHN;DEU;IND;KOR;JPN;GBR;FRA;BRA;EST/indicator/EG.ELC.ACCS.ZS?format=json&per_page=1000,2026-09-28T17:23:23.270Z,{}
EG.ELC.ACCS.ZS,EG.ELC.ACCS.ZS--pol,Polska,POL,Access to electricity (% of population),1978-12-31,1978,year,1978-01-01,,% populacji,annual,observed,https://api.worldbank.org/v2/country/POL;WLD;USA;CHN;DEU;IND;KOR;JPN;GBR;FRA;BRA;EST/indicator/EG.ELC.ACCS.ZS?format=json&per_page=1000,2026-09-28T17:23:23.270Z,{}
EG.ELC.ACCS.ZS,EG.ELC.ACCS.ZS--usa,USA,USA,Access to electricity (% of population),1978-12-31,1978,year,1978-01-01,,% populacji,annual,observed,https://api.worldbank.org/v2/country/POL;WLD;USA;CHN;DEU;IND;KOR;JPN;GBR;FRA;BRA;EST/indicator/EG.ELC.ACCS.ZS?format=json&per_page=1000,2026-09-28T17:23:23.270Z,{}
EG.ELC.ACCS.ZS,EG.ELC.ACCS.ZS--wld,Świat,WLD,Access to electricity (% of population),1978-12-31,1978,year,1978-01-01,,% populacji,annual,observed,https://api.worldbank.org/v2/country/POL;WLD;USA;CHN;DEU;IND;KOR;JPN;GBR;FRA;BRA;EST/indicator/EG.ELC.ACCS.ZS?format=json&per_page=1000,2026-09-28T17:23:23.270Z,{}
EG.ELC.ACCS.ZS,EG.ELC.ACCS.ZS--bra,Brazylia,BRA,Access to electricity (% of population),1979-12-31,1979,year,1979-01-01,,% populacji,annual,observed,https://api.worldbank.org/v2/country/POL;WLD;USA;CHN;DEU;IND;KOR;JPN;GBR;FRA;BRA;EST/indicator/EG.ELC.ACCS.ZS?format=json&per_page=1000,2026-09-28T17:23:23.270Z,{}
EG.ELC.ACCS.ZS,EG.ELC.ACCS.ZS--chn,Chiny,CHN,Access to electricity (% of population),1979-12-31,1979,year,1979-01-01,,% populacji,annual,observed,https://api.worldbank.org/v2/country/POL;WLD;USA;CHN;DEU;IND;KOR;JPN;GBR;FRA;BRA;EST/indicator/EG.ELC.ACCS.ZS?format=json&per_page=1000,2026-09-28T17:23:23.270Z,{}
EG.ELC.ACCS.ZS,EG.ELC.ACCS.ZS--deu,Niemcy,DEU,Access to electricity (% of population),1979-12-31,1979,year,1979-01-01,,% populacji,annual,observed,https://api.worldbank.org/v2/country/POL;WLD;USA;CHN;DEU;IND;KOR;JPN;GBR;FRA;BRA;EST/indicator/EG.ELC.ACCS.ZS?format=json&per_page=1000,2026-09-28T17:23:23.270Z,{}
EG.ELC.ACCS.ZS,EG.ELC.ACCS.ZS--est,Estonia,EST,Access to electricity (% of population),1979-12-31,1979,year,1979-01-01,,% populacji,annual,observed,https://api.worldbank.org/v2/country/POL;WLD;USA;CHN;DEU;IND;KOR;JPN;GBR;FRA;BRA;EST/indicator/EG.ELC.ACCS.ZS?format=json&per_page=1000,2026-09-28T17:23:23.270Z,{}
EG.ELC.ACCS.ZS,EG.ELC.ACCS.ZS--fra,Francja,FRA,Access to electricity (% of population),1979-12-31,1979,year,1979-01-01,,% populacji,annual,observed,https://api.worldbank.org/v2/country/POL;WLD;USA;CHN;DEU;IND;KOR;JPN;GBR;FRA;BRA;EST/indicator/EG.ELC.ACCS.ZS?format=json&per_page=1000,2026-09-28T17:23:23.270Z,{}
EG.ELC.ACCS.ZS,EG.ELC.ACCS.ZS--gbr,Wielka Brytania,GBR,Access to electricity (% of population),1979-12-31,1979,year,1979-01-01,,% populacji,annual,observed,https://api.worldbank.org/v2/country/POL;WLD;USA;CHN;DEU;IND;KOR;JPN;GBR;FRA;BRA;EST/indicator/EG.ELC.ACCS.ZS?format=json&per_page=1000,2026-09-28T17:23:23.270Z,{}
EG.ELC.ACCS.ZS,EG.ELC.ACCS.ZS--ind,Indie,IND,Access to electricity (% of population),1979-12-31,1979,year,1979-01-01,,% populacji,annual,observed,https://api.worldbank.org/v2/country/POL;WLD;USA;CHN;DEU;IND;KOR;JPN;GBR;FRA;BRA;EST/indicator/EG.ELC.ACCS.ZS?format=json&per_page=1000,2026-09-28T17:23:23.270Z,{}
EG.ELC.ACCS.ZS,EG.ELC.ACCS.ZS--jpn,Japonia,JPN,Access to electricity (% of population),1979-12-31,1979,year,1979-01-01,,% populacji,annual,observed,https://api.worldbank.org/v2/country/POL;WLD;USA;CHN;DEU;IND;KOR;JPN;GBR;FRA;BRA;EST/indicator/EG.ELC.ACCS.ZS?format=json&per_page=1000,2026-09-28T17:23:23.270Z,{}
EG.ELC.ACCS.ZS,EG.ELC.ACCS.ZS--kor,Korea Płd.,KOR,Access to electricity (% of population),1979-12-31,1979,year,1979-01-01,,% populacji,annual,observed,https://api.worldbank.org/v2/country/POL;WLD;USA;CHN;DEU;IND;KOR;JPN;GBR;FRA;BRA;EST/indicator/EG.ELC.ACCS.ZS?format=json&per_page=1000,2026-09-28T17:23:23.270Z,{}
EG.ELC.ACCS.ZS,EG.ELC.ACCS.ZS--pol,Polska,POL,Access to electricity (% of population),1979-12-31,1979,year,1979-01-01,,% populacji,annual,observed,https://api.worldbank.org/v2/country/POL;WLD;USA;CHN;DEU;IND;KOR;JPN;GBR;FRA;BRA;EST/indicator/EG.ELC.ACCS.ZS?format=json&per_page=1000,2026-09-28T17:23:23.270Z,{}
EG.ELC.ACCS.ZS,EG.ELC.ACCS.ZS--usa,USA,USA,Access to electricity (% of population),1979-12-31,1979,year,1979-01-01,,% populacji,annual,observed,https://api.worldbank.org/v2/country/POL;WLD;USA;CHN;DEU;IND;KOR;JPN;GBR;FRA;BRA;EST/indicator/EG.ELC.ACCS.ZS?format=json&per_page=1000,2026-09-28T17:23:23.270Z,{}
EG.ELC.ACCS.ZS,EG.ELC.ACCS.ZS--wld,Świat,WLD,Access to electricity (% of population),1979-12-31,1979,year,1979-01-01,,% populacji,annual,observed,https://api.worldbank.org/v2/country/POL;WLD;USA;CHN;DEU;IND;KOR;JPN;GBR;FRA;BRA;EST/indicator/EG.ELC.ACCS.ZS?format=json&per_page=1000,2026-09-28T17:23:23.270Z,{}
EG.ELC.ACCS.ZS,EG.ELC.ACCS.ZS--bra,Brazylia,BRA,Access to electricity (% of population),1980-12-31,1980,year,1980-01-01,,% populacji,annual,observed,https://api.worldbank.org/v2/country/POL;WLD;USA;CHN;DEU;IND;KOR;JPN;GBR;FRA;BRA;EST/indicator/EG.ELC.ACCS.ZS?format=json&per_page=1000,2026-09-28T17:23:23.270Z,{}
EG.ELC.ACCS.ZS,EG.ELC.ACCS.ZS--chn,Chiny,CHN,Access to electricity (% of population),1980-12-31,1980,year,1980-01-01,,% populacji,annual,observed,https://api.worldbank.org/v2/country/POL;WLD;USA;CHN;DEU;IND;KOR;JPN;GBR;FRA;BRA;EST/indicator/EG.ELC.ACCS.ZS?format=json&per_page=1000,2026-09-28T17:23:23.270Z,{}
EG.ELC.ACCS.ZS,EG.ELC.ACCS.ZS--deu,Niemcy,DEU,Access to electricity (% of population),1980-12-31,1980,year,1980-01-01,,% populacji,annual,observed,https://api.worldbank.org/v2/country/POL;WLD;USA;CHN;DEU;IND;KOR;JPN;GBR;FRA;BRA;EST/indicator/EG.ELC.ACCS.ZS?format=json&per_page=1000,2026-09-28T17:23:23.270Z,{}
EG.ELC.ACCS.ZS,EG.ELC.ACCS.ZS--est,Estonia,EST,Access to electricity (% of population),1980-12-31,1980,year,1980-01-01,,% populacji,annual,observed,https://api.worldbank.org/v2/country/POL;WLD;USA;CHN;DEU;IND;KOR;JPN;GBR;FRA;BRA;EST/indicator/EG.ELC.ACCS.ZS?format=json&per_page=1000,2026-09-28T17:23:23.270Z,{}
EG.ELC.ACCS.ZS,EG.ELC.ACCS.ZS--fra,Francja,FRA,Access to electricity (% of population),1980-12-31,1980,year,1980-01-01,,% populacji,annual,observed,https://api.worldbank.org/v2/country/POL;WLD;USA;CHN;DEU;IND;KOR;JPN;GBR;FRA;BRA;EST/indicator/EG.ELC.ACCS.ZS?format=json&per_page=1000,2026-09-28T17:23:23.270Z,{}
EG.ELC.ACCS.ZS,EG.ELC.ACCS.ZS--gbr,Wielka Brytania,GBR,Access to electricity (% of population),1980-12-31,1980,year,1980-01-01,,% populacji,annual,observed,https://api.worldbank.org/v2/country/POL;WLD;USA;CHN;DEU;IND;KOR;JPN;GBR;FRA;BRA;EST/indicator/EG.ELC.ACCS.ZS?format=json&per_page=1000,2026-09-28T17:23:23.270Z,{}
EG.ELC.ACCS.ZS,EG.ELC.ACCS.ZS--ind,Indie,IND,Access to electricity (% of population),1980-12-31,1980,year,1980-01-01,,% populacji,annual,observed,https://api.worldbank.org/v2/country/POL;WLD;USA;CHN;DEU;IND;KOR;JPN;GBR;FRA;BRA;EST/indicator/EG.ELC.ACCS.ZS?format=json&per_page=1000,2026-09-28T17:23:23.270Z,{}
EG.ELC.ACCS.ZS,EG.ELC.ACCS.ZS--jpn,Japonia,JPN,Access to electricity (% of population),1980-12-31,1980,year,1980-01-01,,% populacji,annual,observed,https://api.worldbank.org/v2/country/POL;WLD;USA;CHN;DEU;IND;KOR;JPN;GBR;FRA;BRA;EST/indicator/EG.ELC.ACCS.ZS?format=json&per_page=1000,2026-09-28T17:23:23.270Z,{}
EG.ELC.ACCS.ZS,EG.ELC.ACCS.ZS--kor,Korea Płd.,KOR,Access to electricity (% of population),1980-12-31,1980,year,1980-01-01,,% populacji,annual,observed,https://api.worldbank.org/v2/country/POL;WLD;USA;CHN;DEU;IND;KOR;JPN;GBR;FRA;BRA;EST/indicator/EG.ELC.ACCS.ZS?format=json&per_page=1000,2026-09-28T17:23:23.270Z,{}
EG.ELC.ACCS.ZS,EG.ELC.ACCS.ZS--pol,Polska,POL,Access to electricity (% of population),1980-12-31,1980,year,1980-01-01,,% populacji,annual,observed,https://api.worldbank.org/v2/country/POL;WLD;USA;CHN;DEU;IND;KOR;JPN;GBR;FRA;BRA;EST/indicator/EG.ELC.ACCS.ZS?format=json&per_page=1000,2026-09-28T17:23:23.270Z,{}
EG.ELC.ACCS.ZS,EG.ELC.ACCS.ZS--usa,USA,USA,Access to electricity (% of population),1980-12-31,1980,year,1980-01-01,,% populacji,annual,observed,https://api.worldbank.org/v2/country/POL;WLD;USA;CHN;DEU;IND;KOR;JPN;GBR;FRA;BRA;EST/indicator/EG.ELC.ACCS.ZS?format=json&per_page=1000,2026-09-28T17:23:23.270Z,{}
EG.ELC.ACCS.ZS,EG.ELC.ACCS.ZS--wld,Świat,WLD,Access to electricity (% of population),1980-12-31,1980,year,1980-01-01,,% populacji,annual,observed,https://api.worldbank.org/v2/country/POL;WLD;USA;CHN;DEU;IND;KOR;JPN;GBR;FRA;BRA;EST/indicator/EG.ELC.ACCS.ZS?format=json&per_page=1000,2026-09-28T17:23:23.270Z,{}
EG.ELC.ACCS.ZS,EG.ELC.ACCS.ZS--bra,Brazylia,BRA,Access to electricity (% of population),1981-12-31,1981,year,1981-01-01,,% populacji,annual,observed,https://api.worldbank.org/v2/country/POL;WLD;USA;CHN;DEU;IND;KOR;JPN;GBR;FRA;BRA;EST/indicator/EG.ELC.ACCS.ZS?format=json&per_page=1000,2026-09-28T17:23:23.270Z,{}
EG.ELC.ACCS.ZS,EG.ELC.ACCS.ZS--chn,Chiny,CHN,Access to electricity (% of population),1981-12-31,1981,year,1981-01-01,,% populacji,annual,observed,https://api.worldbank.org/v2/country/POL;WLD;USA;CHN;DEU;IND;KOR;JPN;GBR;FRA;BRA;EST/indicator/EG.ELC.ACCS.ZS?format=json&per_page=1000,2026-09-28T17:23:23.270Z,{}
EG.ELC.ACCS.ZS,EG.ELC.ACCS.ZS--deu,Niemcy,DEU,Access to electricity (% of population),1981-12-31,1981,year,1981-01-01,,% populacji,annual,observed,https://api.worldbank.org/v2/country/POL;WLD;USA;CHN;DEU;IND;KOR;JPN;GBR;FRA;BRA;EST/indicator/EG.ELC.ACCS.ZS?format=json&per_page=1000,2026-09-28T17:23:23.270Z,{}
EG.ELC.ACCS.ZS,EG.ELC.ACCS.ZS--est,Estonia,EST,Access to electricity (% of population),1981-12-31,1981,year,1981-01-01,,% populacji,annual,observed,https://api.worldbank.org/v2/country/POL;WLD;USA;CHN;DEU;IND;KOR;JPN;GBR;FRA;BRA;EST/indicator/EG.ELC.ACCS.ZS?format=json&per_page=1000,2026-09-28T17:23:23.270Z,{}
EG.ELC.ACCS.ZS,EG.ELC.ACCS.ZS--fra,Francja,FRA,Access to electricity (% of population),1981-12-31,1981,year,1981-01-01,,% populacji,annual,observed,https://api.worldbank.org/v2/country/POL;WLD;USA;CHN;DEU;IND;KOR;JPN;GBR;FRA;BRA;EST/indicator/EG.ELC.ACCS.ZS?format=json&per_page=1000,2026-09-28T17:23:23.270Z,{}
EG.ELC.ACCS.ZS,EG.ELC.ACCS.ZS--gbr,Wielka Brytania,GBR,Access to electricity (% of population),1981-12-31,1981,year,1981-01-01,,% populacji,annual,observed,https://api.worldbank.org/v2/country/POL;WLD;USA;CHN;DEU;IND;KOR;JPN;GBR;FRA;BRA;EST/indicator/EG.ELC.ACCS.ZS?format=json&per_page=1000,2026-09-28T17:23:23.270Z,{}
EG.ELC.ACCS.ZS,EG.ELC.ACCS.ZS--ind,Indie,IND,Access to electricity (% of population),1981-12-31,1981,year,1981-01-01,,% populacji,annual,observed,https://api.worldbank.org/v2/country/POL;WLD;USA;CHN;DEU;IND;KOR;JPN;GBR;FRA;BRA;EST/indicator/EG.ELC.ACCS.ZS?format=json&per_page=1000,2026-09-28T17:23:23.270Z,{}
EG.ELC.ACCS.ZS,EG.ELC.ACCS.ZS--jpn,Japonia,JPN,Access to electricity (% of population),1981-12-31,1981,year,1981-01-01,,% populacji,annual,observed,https://api.worldbank.org/v2/country/POL;WLD;USA;CHN;DEU;IND;KOR;JPN;GBR;FRA;BRA;EST/indicator/EG.ELC.ACCS.ZS?format=json&per_page=1000,2026-09-28T17:23:23.270Z,{}
EG.ELC.ACCS.ZS,EG.ELC.ACCS.ZS--kor,Korea Płd.,KOR,Access to electricity (% of population),1981-12-31,1981,year,1981-01-01,,% populacji,annual,observed,https://api.worldbank.org/v2/country/POL;WLD;USA;CHN;DEU;IND;KOR;JPN;GBR;FRA;BRA;EST/indicator/EG.ELC.ACCS.ZS?format=json&per_page=1000,2026-09-28T17:23:23.270Z,{}
EG.ELC.ACCS.ZS,EG.ELC.ACCS.ZS--pol,Polska,POL,Access to electricity (% of population),1981-12-31,1981,year,1981-01-01,,% populacji,annual,observed,https://api.worldbank.org/v2/country/POL;WLD;USA;CHN;DEU;IND;KOR;JPN;GBR;FRA;BRA;EST/indicator/EG.ELC.ACCS.ZS?format=json&per_page=1000,2026-09-28T17:23:23.270Z,{}
EG.ELC.ACCS.ZS,EG.ELC.ACCS.ZS--usa,USA,USA,Access to electricity (% of population),1981-12-31,1981,year,1981-01-01,,% populacji,annual,observed,https://api.worldbank.org/v2/country/POL;WLD;USA;CHN;DEU;IND;KOR;JPN;GBR;FRA;BRA;EST/indicator/EG.ELC.ACCS.ZS?format=json&per_page=1000,2026-09-28T17:23:23.270Z,{}
EG.ELC.ACCS.ZS,EG.ELC.ACCS.ZS--wld,Świat,WLD,Access to electricity (% of population),1981-12-31,1981,year,1981-01-01,,% populacji,annual,observed,https://api.worldbank.org/v2/country/POL;WLD;USA;CHN;DEU;IND;KOR;JPN;GBR;FRA;BRA;EST/indicator/EG.ELC.ACCS.ZS?format=json&per_page=1000,2026-09-28T17:23:23.270Z,{}
EG.ELC.ACCS.ZS,EG.ELC.ACCS.ZS--bra,Brazylia,BRA,Access to electricity (% of population),1982-12-31,1982,year,1982-01-01,,% populacji,annual,observed,https://api.worldbank.org/v2/country/POL;WLD;USA;CHN;DEU;IND;KOR;JPN;GBR;FRA;BRA;EST/indicator/EG.ELC.ACCS.ZS?format=json&per_page=1000,2026-09-28T17:23:23.270Z,{}
EG.ELC.ACCS.ZS,EG.ELC.ACCS.ZS--chn,Chiny,CHN,Access to electricity (% of population),1982-12-31,1982,year,1982-01-01,,% populacji,annual,observed,https://api.worldbank.org/v2/country/POL;WLD;USA;CHN;DEU;IND;KOR;JPN;GBR;FRA;BRA;EST/indicator/EG.ELC.ACCS.ZS?format=json&per_page=1000,2026-09-28T17:23:23.270Z,{}
EG.ELC.ACCS.ZS,EG.ELC.ACCS.ZS--deu,Niemcy,DEU,Access to electricity (% of population),1982-12-31,1982,year,1982-01-01,,% populacji,annual,observed,https://api.worldbank.org/v2/country/POL;WLD;USA;CHN;DEU;IND;KOR;JPN;GBR;FRA;BRA;EST/indicator/EG.ELC.ACCS.ZS?format=json&per_page=1000,2026-09-28T17:23:23.270Z,{}
EG.ELC.ACCS.ZS,EG.ELC.ACCS.ZS--est,Estonia,EST,Access to electricity (% of population),1982-12-31,1982,year,1982-01-01,,% populacji,annual,observed,https://api.worldbank.org/v2/country/POL;WLD;USA;CHN;DEU;IND;KOR;JPN;GBR;FRA;BRA;EST/indicator/EG.ELC.ACCS.ZS?format=json&per_page=1000,2026-09-28T17:23:23.270Z,{}
EG.ELC.ACCS.ZS,EG.ELC.ACCS.ZS--fra,Francja,FRA,Access to electricity (% of population),1982-12-31,1982,year,1982-01-01,,% populacji,annual,observed,https://api.worldbank.org/v2/country/POL;WLD;USA;CHN;DEU;IND;KOR;JPN;GBR;FRA;BRA;EST/indicator/EG.ELC.ACCS.ZS?format=json&per_page=1000,2026-09-28T17:23:23.270Z,{}
EG.ELC.ACCS.ZS,EG.ELC.ACCS.ZS--gbr,Wielka Brytania,GBR,Access to electricity (% of population),1982-12-31,1982,year,1982-01-01,,% populacji,annual,observed,https://api.worldbank.org/v2/country/POL;WLD;USA;CHN;DEU;IND;KOR;JPN;GBR;FRA;BRA;EST/indicator/EG.ELC.ACCS.ZS?format=json&per_page=1000,2026-09-28T17:23:23.270Z,{}
EG.ELC.ACCS.ZS,EG.ELC.ACCS.ZS--ind,Indie,IND,Access to electricity (% of population),1982-12-31,1982,year,1982-01-01,,% populacji,annual,observed,https://api.worldbank.org/v2/country/POL;WLD;USA;CHN;DEU;IND;KOR;JPN;GBR;FRA;BRA;EST/indicator/EG.ELC.ACCS.ZS?format=json&per_page=1000,2026-09-28T17:23:23.270Z,{}
EG.ELC.ACCS.ZS,EG.ELC.ACCS.ZS--jpn,Japonia,JPN,Access to electricity (% of population),1982-12-31,1982,year,1982-01-01,,% populacji,annual,observed,https://api.worldbank.org/v2/country/POL;WLD;USA;CHN;DEU;IND;KOR;JPN;GBR;FRA;BRA;EST/indicator/EG.ELC.ACCS.ZS?format=json&per_page=1000,2026-09-28T17:23:23.270Z,{}
EG.ELC.ACCS.ZS,EG.ELC.ACCS.ZS--kor,Korea Płd.,KOR,Access to electricity (% of population),1982-12-31,1982,year,1982-01-01,,% populacji,annual,observed,https://api.worldbank.org/v2/country/POL;WLD;USA;CHN;DEU;IND;KOR;JPN;GBR;FRA;BRA;EST/indicator/EG.ELC.ACCS.ZS?format=json&per_page=1000,2026-09-28T17:23:23.270Z,{}
EG.ELC.ACCS.ZS,EG.ELC.ACCS.ZS--pol,Polska,POL,Access to electricity (% of population),1982-12-31,1982,year,1982-01-01,,% populacji,annual,observed,https://api.worldbank.org/v2/country/POL;WLD;USA;CHN;DEU;IND;KOR;JPN;GBR;FRA;BRA;EST/indicator/EG.ELC.ACCS.ZS?format=json&per_page=1000,2026-09-28T17:23:23.270Z,{}
EG.ELC.ACCS.ZS,EG.ELC.ACCS.ZS--usa,USA,USA,Access to electricity (% of population),1982-12-31,1982,year,1982-01-01,,% populacji,annual,observed,https://api.worldbank.org/v2/country/POL;WLD;USA;CHN;DEU;IND;KOR;JPN;GBR;FRA;BRA;EST/indicator/EG.ELC.ACCS.ZS?format=json&per_page=1000,2026-09-28T17:23:23.270Z,{}
EG.ELC.ACCS.ZS,EG.ELC.ACCS.ZS--wld,Świat,WLD,Access to electricity (% of population),1982-12-31,1982,year,1982-01-01,,% populacji,annual,observed,https://api.worldbank.org/v2/country/POL;WLD;USA;CHN;DEU;IND;KOR;JPN;GBR;FRA;BRA;EST/indicator/EG.ELC.ACCS.ZS?format=json&per_page=1000,2026-09-28T17:23:23.270Z,{}
EG.ELC.ACCS.ZS,EG.ELC.ACCS.ZS--bra,Brazylia,BRA,Access to electricity (% of population),1983-12-31,1983,year,1983-01-01,,% populacji,annual,observed,https://api.worldbank.org/v2/country/POL;WLD;USA;CHN;DEU;IND;KOR;JPN;GBR;FRA;BRA;EST/indicator/EG.ELC.ACCS.ZS?format=json&per_page=1000,2026-09-28T17:23:23.270Z,{}
EG.ELC.ACCS.ZS,EG.ELC.ACCS.ZS--chn,Chiny,CHN,Access to electricity (% of population),1983-12-31,1983,year,1983-01-01,,% populacji,annual,observed,https://api.worldbank.org/v2/country/POL;WLD;USA;CHN;DEU;IND;KOR;JPN;GBR;FRA;BRA;EST/indicator/EG.ELC.ACCS.ZS?format=json&per_page=1000,2026-09-28T17:23:23.270Z,{}
EG.ELC.ACCS.ZS,EG.ELC.ACCS.ZS--deu,Niemcy,DEU,Access to electricity (% of population),1983-12-31,1983,year,1983-01-01,,% populacji,annual,observed,https://api.worldbank.org/v2/country/POL;WLD;USA;CHN;DEU;IND;KOR;JPN;GBR;FRA;BRA;EST/indicator/EG.ELC.ACCS.ZS?format=json&per_page=1000,2026-09-28T17:23:23.270Z,{}
EG.ELC.ACCS.ZS,EG.ELC.ACCS.ZS--est,Estonia,EST,Access to electricity (% of population),1983-12-31,1983,year,1983-01-01,,% populacji,annual,observed,https://api.worldbank.org/v2/country/POL;WLD;USA;CHN;DEU;IND;KOR;JPN;GBR;FRA;BRA;EST/indicator/EG.ELC.ACCS.ZS?format=json&per_page=1000,2026-09-28T17:23:23.270Z,{}
EG.ELC.ACCS.ZS,EG.ELC.ACCS.ZS--fra,Francja,FRA,Access to electricity (% of population),1983-12-31,1983,year,1983-01-01,,% populacji,annual,observed,https://api.worldbank.org/v2/country/POL;WLD;USA;CHN;DEU;IND;KOR;JPN;GBR;FRA;BRA;EST/indicator/EG.ELC.ACCS.ZS?format=json&per_page=1000,2026-09-28T17:23:23.270Z,{}
EG.ELC.ACCS.ZS,EG.ELC.ACCS.ZS--gbr,Wielka Brytania,GBR,Access to electricity (% of population),1983-12-31,1983,year,1983-01-01,,% populacji,annual,observed,https://api.worldbank.org/v2/country/POL;WLD;USA;CHN;DEU;IND;KOR;JPN;GBR;FRA;BRA;EST/indicator/EG.ELC.ACCS.ZS?format=json&per_page=1000,2026-09-28T17:23:23.270Z,{}
EG.ELC.ACCS.ZS,EG.ELC.ACCS.ZS--ind,Indie,IND,Access to electricity (% of population),1983-12-31,1983,year,1983-01-01,,% populacji,annual,observed,https://api.worldbank.org/v2/country/POL;WLD;USA;CHN;DEU;IND;KOR;JPN;GBR;FRA;BRA;EST/indicator/EG.ELC.ACCS.ZS?format=json&per_page=1000,2026-09-28T17:23:23.270Z,{}
EG.ELC.ACCS.ZS,EG.ELC.ACCS.ZS--jpn,Japonia,JPN,Access to electricity (% of population),1983-12-31,1983,year,1983-01-01,,% populacji,annual,observed,https://api.worldbank.org/v2/country/POL;WLD;USA;CHN;DEU;IND;KOR;JPN;GBR;FRA;BRA;EST/indicator/EG.ELC.ACCS.ZS?format=json&per_page=1000,2026-09-28T17:23:23.270Z,{}
EG.ELC.ACCS.ZS,EG.ELC.ACCS.ZS--kor,Korea Płd.,KOR,Access to electricity (% of population),1983-12-31,1983,year,1983-01-01,,% populacji,annual,observed,https://api.worldbank.org/v2/country/POL;WLD;USA;CHN;DEU;IND;KOR;JPN;GBR;FRA;BRA;EST/indicator/EG.ELC.ACCS.ZS?format=json&per_page=1000,2026-09-28T17:23:23.270Z,{}
EG.ELC.ACCS.ZS,EG.ELC.ACCS.ZS--pol,Polska,POL,Access to electricity (% of population),1983-12-31,1983,year,1983-01-01,,% populacji,annual,observed,https://api.worldbank.org/v2/country/POL;WLD;USA;CHN;DEU;IND;KOR;JPN;GBR;FRA;BRA;EST/indicator/EG.ELC.ACCS.ZS?format=json&per_page=1000,2026-09-28T17:23:23.270Z,{}
EG.ELC.ACCS.ZS,EG.ELC.ACCS.ZS--usa,USA,USA,Access to electricity (% of population),1983-12-31,1983,year,1983-01-01,,% populacji,annual,observed,https://api.worldbank.org/v2/country/POL;WLD;USA;CHN;DEU;IND;KOR;JPN;GBR;FRA;BRA;EST/indicator/EG.ELC.ACCS.ZS?format=json&per_page=1000,2026-09-28T17:23:23.270Z,{}
EG.ELC.ACCS.ZS,EG.ELC.ACCS.ZS--wld,Świat,WLD,Access to electricity (% of population),1983-12-31,1983,year,1983-01-01,,% populacji,annual,observed,https://api.worldbank.org/v2/country/POL;WLD;USA;CHN;DEU;IND;KOR;JPN;GBR;FRA;BRA;EST/indicator/EG.ELC.ACCS.ZS?format=json&per_page=1000,2026-09-28T17:23:23.270Z,{}
EG.ELC.ACCS.ZS,EG.ELC.ACCS.ZS--bra,Brazylia,BRA,Access to electricity (% of population),1984-12-31,1984,year,1984-01-01,,% populacji,annual,observed,https://api.worldbank.org/v2/country/POL;WLD;USA;CHN;DEU;IND;KOR;JPN;GBR;FRA;BRA;EST/indicator/EG.ELC.ACCS.ZS?format=json&per_page=1000,2026-09-28T17:23:23.270Z,{}
EG.ELC.ACCS.ZS,EG.ELC.ACCS.ZS--chn,Chiny,CHN,Access to electricity (% of population),1984-12-31,1984,year,1984-01-01,,% populacji,annual,observed,https://api.worldbank.org/v2/country/POL;WLD;USA;CHN;DEU;IND;KOR;JPN;GBR;FRA;BRA;EST/indicator/EG.ELC.ACCS.ZS?format=json&per_page=1000,2026-09-28T17:23:23.270Z,{}
EG.ELC.ACCS.ZS,EG.ELC.ACCS.ZS--deu,Niemcy,DEU,Access to electricity (% of population),1984-12-31,1984,year,1984-01-01,,% populacji,annual,observed,https://api.worldbank.org/v2/country/POL;WLD;USA;CHN;DEU;IND;KOR;JPN;GBR;FRA;BRA;EST/indicator/EG.ELC.ACCS.ZS?format=json&per_page=1000,2026-09-28T17:23:23.270Z,{}
EG.ELC.ACCS.ZS,EG.ELC.ACCS.ZS--est,Estonia,EST,Access to electricity (% of population),1984-12-31,1984,year,1984-01-01,,% populacji,annual,observed,https://api.worldbank.org/v2/country/POL;WLD;USA;CHN;DEU;IND;KOR;JPN;GBR;FRA;BRA;EST/indicator/EG.ELC.ACCS.ZS?format=json&per_page=1000,2026-09-28T17:23:23.270Z,{}
EG.ELC.ACCS.ZS,EG.ELC.ACCS.ZS--fra,Francja,FRA,Access to electricity (% of population),1984-12-31,1984,year,1984-01-01,,% populacji,annual,observed,https://api.worldbank.org/v2/country/POL;WLD;USA;CHN;DEU;IND;KOR;JPN;GBR;FRA;BRA;EST/indicator/EG.ELC.ACCS.ZS?format=json&per_page=1000,2026-09-28T17:23:23.270Z,{}
EG.ELC.ACCS.ZS,EG.ELC.ACCS.ZS--gbr,Wielka Brytania,GBR,Access to electricity (% of population),1984-12-31,1984,year,1984-01-01,,% populacji,annual,observed,https://api.worldbank.org/v2/country/POL;WLD;USA;CHN;DEU;IND;KOR;JPN;GBR;FRA;BRA;EST/indicator/EG.ELC.ACCS.ZS?format=json&per_page=1000,2026-09-28T17:23:23.270Z,{}
EG.ELC.ACCS.ZS,EG.ELC.ACCS.ZS--ind,Indie,IND,Access to electricity (% of population),1984-12-31,1984,year,1984-01-01,,% populacji,annual,observed,https://api.worldbank.org/v2/country/POL;WLD;USA;CHN;DEU;IND;KOR;JPN;GBR;FRA;BRA;EST/indicator/EG.ELC.ACCS.ZS?format=json&per_page=1000,2026-09-28T17:23:23.270Z,{}
EG.ELC.ACCS.ZS,EG.ELC.ACCS.ZS--jpn,Japonia,JPN,Access to electricity (% of population),1984-12-31,1984,year,1984-01-01,,% populacji,annual,observed,https://api.worldbank.org/v2/country/POL;WLD;USA;CHN;DEU;IND;KOR;JPN;GBR;FRA;BRA;EST/indicator/EG.ELC.ACCS.ZS?format=json&per_page=1000,2026-09-28T17:23:23.270Z,{}
EG.ELC.ACCS.ZS,EG.ELC.ACCS.ZS--kor,Korea Płd.,KOR,Access to electricity (% of population),1984-12-31,1984,year,1984-01-01,,% populacji,annual,observed,https://api.worldbank.org/v2/country/POL;WLD;USA;CHN;DEU;IND;KOR;JPN;GBR;FRA;BRA;EST/indicator/EG.ELC.ACCS.ZS?format=json&per_page=1000,2026-09-28T17:23:23.270Z,{}
EG.ELC.ACCS.ZS,EG.ELC.ACCS.ZS--pol,Polska,POL,Access to electricity (% of population),1984-12-31,1984,year,1984-01-01,,% populacji,annual,observed,https://api.worldbank.org/v2/country/POL;WLD;USA;CHN;DEU;IND;KOR;JPN;GBR;FRA;BRA;EST/indicator/EG.ELC.ACCS.ZS?format=json&per_page=1000,2026-09-28T17:23:23.270Z,{}
EG.ELC.ACCS.ZS,EG.ELC.ACCS.ZS--usa,USA,USA,Access to electricity (% of population),1984-12-31,1984,year,1984-01-01,,% populacji,annual,observed,https://api.worldbank.org/v2/country/POL;WLD;USA;CHN;DEU;IND;KOR;JPN;GBR;FRA;BRA;EST/indicator/EG.ELC.ACCS.ZS?format=json&per_page=1000,2026-09-28T17:23:23.270Z,{}
EG.ELC.ACCS.ZS,EG.ELC.ACCS.ZS--wld,Świat,WLD,Access to electricity (% of population),1984-12-31,1984,year,1984-01-01,,% populacji,annual,observed,https://api.worldbank.org/v2/country/POL;WLD;USA;CHN;DEU;IND;KOR;JPN;GBR;FRA;BRA;EST/indicator/EG.ELC.ACCS.ZS?format=json&per_page=1000,2026-09-28T17:23:23.270Z,{}
EG.ELC.ACCS.ZS,EG.ELC.ACCS.ZS--bra,Brazylia,BRA,Access to electricity (% of population),1985-12-31,1985,year,1985-01-01,,% populacji,annual,observed,https://api.worldbank.org/v2/country/POL;WLD;USA;CHN;DEU;IND;KOR;JPN;GBR;FRA;BRA;EST/indicator/EG.ELC.ACCS.ZS?format=json&per_page=1000,2026-09-28T17:23:23.270Z,{}
EG.ELC.ACCS.ZS,EG.ELC.ACCS.ZS--chn,Chiny,CHN,Access to electricity (% of population),1985-12-31,1985,year,1985-01-01,,% populacji,annual,observed,https://api.worldbank.org/v2/country/POL;WLD;USA;CHN;DEU;IND;KOR;JPN;GBR;FRA;BRA;EST/indicator/EG.ELC.ACCS.ZS?format=json&per_page=1000,2026-09-28T17:23:23.270Z,{}
EG.ELC.ACCS.ZS,EG.ELC.ACCS.ZS--deu,Niemcy,DEU,Access to electricity (% of population),1985-12-31,1985,year,1985-01-01,,% populacji,annual,observed,https://api.worldbank.org/v2/country/POL;WLD;USA;CHN;DEU;IND;KOR;JPN;GBR;FRA;BRA;EST/indicator/EG.ELC.ACCS.ZS?format=json&per_page=1000,2026-09-28T17:23:23.270Z,{}
EG.ELC.ACCS.ZS,EG.ELC.ACCS.ZS--est,Estonia,EST,Access to electricity (% of population),1985-12-31,1985,year,1985-01-01,,% populacji,annual,observed,https://api.worldbank.org/v2/country/POL;WLD;USA;CHN;DEU;IND;KOR;JPN;GBR;FRA;BRA;EST/indicator/EG.ELC.ACCS.ZS?format=json&per_page=1000,2026-09-28T17:23:23.270Z,{}
EG.ELC.ACCS.ZS,EG.ELC.ACCS.ZS--fra,Francja,FRA,Access to electricity (% of population),1985-12-31,1985,year,1985-01-01,,% populacji,annual,observed,https://api.worldbank.org/v2/country/POL;WLD;USA;CHN;DEU;IND;KOR;JPN;GBR;FRA;BRA;EST/indicator/EG.ELC.ACCS.ZS?format=json&per_page=1000,2026-09-28T17:23:23.270Z,{}
EG.ELC.ACCS.ZS,EG.ELC.ACCS.ZS--gbr,Wielka Brytania,GBR,Access to electricity (% of population),1985-12-31,1985,year,1985-01-01,,% populacji,annual,observed,https://api.worldbank.org/v2/country/POL;WLD;USA;CHN;DEU;IND;KOR;JPN;GBR;FRA;BRA;EST/indicator/EG.ELC.ACCS.ZS?format=json&per_page=1000,2026-09-28T17:23:23.270Z,{}
EG.ELC.ACCS.ZS,EG.ELC.ACCS.ZS--ind,Indie,IND,Access to electricity (% of population),1985-12-31,1985,year,1985-01-01,,% populacji,annual,observed,https://api.worldbank.org/v2/country/POL;WLD;USA;CHN;DEU;IND;KOR;JPN;GBR;FRA;BRA;EST/indicator/EG.ELC.ACCS.ZS?format=json&per_page=1000,2026-09-28T17:23:23.270Z,{}
EG.ELC.ACCS.ZS,EG.ELC.ACCS.ZS--jpn,Japonia,JPN,Access to electricity (% of population),1985-12-31,1985,year,1985-01-01,,% populacji,annual,observed,https://api.worldbank.org/v2/country/POL;WLD;USA;CHN;DEU;IND;KOR;JPN;GBR;FRA;BRA;EST/indicator/EG.ELC.ACCS.ZS?format=json&per_page=1000,2026-09-28T17:23:23.270Z,{}
EG.ELC.ACCS.ZS,EG.ELC.ACCS.ZS--kor,Korea Płd.,KOR,Access to electricity (% of population),1985-12-31,1985,year,1985-01-01,,% populacji,annual,observed,https://api.worldbank.org/v2/country/POL;WLD;USA;CHN;DEU;IND;KOR;JPN;GBR;FRA;BRA;EST/indicator/EG.ELC.ACCS.ZS?format=json&per_page=1000,2026-09-28T17:23:23.270Z,{}
EG.ELC.ACCS.ZS,EG.ELC.ACCS.ZS--pol,Polska,POL,Access to electricity (% of population),1985-12-31,1985,year,1985-01-01,,% populacji,annual,observed,https://api.worldbank.org/v2/country/POL;WLD;USA;CHN;DEU;IND;KOR;JPN;GBR;FRA;BRA;EST/indicator/EG.ELC.ACCS.ZS?format=json&per_page=1000,2026-09-28T17:23:23.270Z,{}
EG.ELC.ACCS.ZS,EG.ELC.ACCS.ZS--usa,USA,USA,Access to electricity (% of population),1985-12-31,1985,year,1985-01-01,,% populacji,annual,observed,https://api.worldbank.org/v2/country/POL;WLD;USA;CHN;DEU;IND;KOR;JPN;GBR;FRA;BRA;EST/indicator/EG.ELC.ACCS.ZS?format=json&per_page=1000,2026-09-28T17:23:23.270Z,{}
EG.ELC.ACCS.ZS,EG.ELC.ACCS.ZS--wld,Świat,WLD,Access to electricity (% of population),1985-12-31,1985,year,1985-01-01,,% populacji,annual,observed,https://api.worldbank.org/v2/country/POL;WLD;USA;CHN;DEU;IND;KOR;JPN;GBR;FRA;BRA;EST/indicator/EG.ELC.ACCS.ZS?format=json&per_page=1000,2026-09-28T17:23:23.270Z,{}
EG.ELC.ACCS.ZS,EG.ELC.ACCS.ZS--bra,Brazylia,BRA,Access to electricity (% of population),1986-12-31,1986,year,1986-01-01,,% populacji,annual,observed,https://api.worldbank.org/v2/country/POL;WLD;USA;CHN;DEU;IND;KOR;JPN;GBR;FRA;BRA;EST/indicator/EG.ELC.ACCS.ZS?format=json&per_page=1000,2026-09-28T17:23:23.270Z,{}
EG.ELC.ACCS.ZS,EG.ELC.ACCS.ZS--chn,Chiny,CHN,Access to electricity (% of population),1986-12-31,1986,year,1986-01-01,,% populacji,annual,observed,https://api.worldbank.org/v2/country/POL;WLD;USA;CHN;DEU;IND;KOR;JPN;GBR;FRA;BRA;EST/indicator/EG.ELC.ACCS.ZS?format=json&per_page=1000,2026-09-28T17:23:23.270Z,{}
EG.ELC.ACCS.ZS,EG.ELC.ACCS.ZS--deu,Niemcy,DEU,Access to electricity (% of population),1986-12-31,1986,year,1986-01-01,,% populacji,annual,observed,https://api.worldbank.org/v2/country/POL;WLD;USA;CHN;DEU;IND;KOR;JPN;GBR;FRA;BRA;EST/indicator/EG.ELC.ACCS.ZS?format=json&per_page=1000,2026-09-28T17:23:23.270Z,{}
EG.ELC.ACCS.ZS,EG.ELC.ACCS.ZS--est,Estonia,EST,Access to electricity (% of population),1986-12-31,1986,year,1986-01-01,,% populacji,annual,observed,https://api.worldbank.org/v2/country/POL;WLD;USA;CHN;DEU;IND;KOR;JPN;GBR;FRA;BRA;EST/indicator/EG.ELC.ACCS.ZS?format=json&per_page=1000,2026-09-28T17:23:23.270Z,{}
EG.ELC.ACCS.ZS,EG.ELC.ACCS.ZS--fra,Francja,FRA,Access to electricity (% of population),1986-12-31,1986,year,1986-01-01,,% populacji,annual,observed,https://api.worldbank.org/v2/country/POL;WLD;USA;CHN;DEU;IND;KOR;JPN;GBR;FRA;BRA;EST/indicator/EG.ELC.ACCS.ZS?format=json&per_page=1000,2026-09-28T17:23:23.270Z,{}
EG.ELC.ACCS.ZS,EG.ELC.ACCS.ZS--gbr,Wielka Brytania,GBR,Access to electricity (% of population),1986-12-31,1986,year,1986-01-01,,% populacji,annual,observed,https://api.worldbank.org/v2/country/POL;WLD;USA;CHN;DEU;IND;KOR;JPN;GBR;FRA;BRA;EST/indicator/EG.ELC.ACCS.ZS?format=json&per_page=1000,2026-09-28T17:23:23.270Z,{}
EG.ELC.ACCS.ZS,EG.ELC.ACCS.ZS--ind,Indie,IND,Access to electricity (% of population),1986-12-31,1986,year,1986-01-01,,% populacji,annual,observed,https://api.worldbank.org/v2/country/POL;WLD;USA;CHN;DEU;IND;KOR;JPN;GBR;FRA;BRA;EST/indicator/EG.ELC.ACCS.ZS?format=json&per_page=1000,2026-09-28T17:23:23.270Z,{}
EG.ELC.ACCS.ZS,EG.ELC.ACCS.ZS--jpn,Japonia,JPN,Access to electricity (% of population),1986-12-31,1986,year,1986-01-01,,% populacji,annual,observed,https://api.worldbank.org/v2/country/POL;WLD;USA;CHN;DEU;IND;KOR;JPN;GBR;FRA;BRA;EST/indicator/EG.ELC.ACCS.ZS?format=json&per_page=1000,2026-09-28T17:23:23.270Z,{}
EG.ELC.ACCS.ZS,EG.ELC.ACCS.ZS--kor,Korea Płd.,KOR,Access to electricity (% of population),1986-12-31,1986,year,1986-01-01,,% populacji,annual,observed,https://api.worldbank.org/v2/country/POL;WLD;USA;CHN;DEU;IND;KOR;JPN;GBR;FRA;BRA;EST/indicator/EG.ELC.ACCS.ZS?format=json&per_page=1000,2026-09-28T17:23:23.270Z,{}
EG.ELC.ACCS.ZS,EG.ELC.ACCS.ZS--pol,Polska,POL,Access to electricity (% of population),1986-12-31,1986,year,1986-01-01,,% populacji,annual,observed,https://api.worldbank.org/v2/country/POL;WLD;USA;CHN;DEU;IND;KOR;JPN;GBR;FRA;BRA;EST/indicator/EG.ELC.ACCS.ZS?format=json&per_page=1000,2026-09-28T17:23:23.270Z,{}
EG.ELC.ACCS.ZS,EG.ELC.ACCS.ZS--usa,USA,USA,Access to electricity (% of population),1986-12-31,1986,year,1986-01-01,,% populacji,annual,observed,https://api.worldbank.org/v2/country/POL;WLD;USA;CHN;DEU;IND;KOR;JPN;GBR;FRA;BRA;EST/indicator/EG.ELC.ACCS.ZS?format=json&per_page=1000,2026-09-28T17:23:23.270Z,{}
EG.ELC.ACCS.ZS,EG.ELC.ACCS.ZS--wld,Świat,WLD,Access to electricity (% of population),1986-12-31,1986,year,1986-01-01,,% populacji,annual,observed,https://api.worldbank.org/v2/country/POL;WLD;USA;CHN;DEU;IND;KOR;JPN;GBR;FRA;BRA;EST/indicator/EG.ELC.ACCS.ZS?format=json&per_page=1000,2026-09-28T17:23:23.270Z,{}
EG.ELC.ACCS.ZS,EG.ELC.ACCS.ZS--bra,Brazylia,BRA,Access to electricity (% of population),1987-12-31,1987,year,1987-01-01,,% populacji,annual,observed,https://api.worldbank.org/v2/country/POL;WLD;USA;CHN;DEU;IND;KOR;JPN;GBR;FRA;BRA;EST/indicator/EG.ELC.ACCS.ZS?format=json&per_page=1000,2026-09-28T17:23:23.270Z,{}
EG.ELC.ACCS.ZS,EG.ELC.ACCS.ZS--chn,Chiny,CHN,Access to electricity (% of population),1987-12-31,1987,year,1987-01-01,,% populacji,annual,observed,https://api.worldbank.org/v2/country/POL;WLD;USA;CHN;DEU;IND;KOR;JPN;GBR;FRA;BRA;EST/indicator/EG.ELC.ACCS.ZS?format=json&per_page=1000,2026-09-28T17:23:23.270Z,{}
EG.ELC.ACCS.ZS,EG.ELC.ACCS.ZS--deu,Niemcy,DEU,Access to electricity (% of population),1987-12-31,1987,year,1987-01-01,,% populacji,annual,observed,https://api.worldbank.org/v2/country/POL;WLD;USA;CHN;DEU;IND;KOR;JPN;GBR;FRA;BRA;EST/indicator/EG.ELC.ACCS.ZS?format=json&per_page=1000,2026-09-28T17:23:23.270Z,{}
EG.ELC.ACCS.ZS,EG.ELC.ACCS.ZS--est,Estonia,EST,Access to electricity (% of population),1987-12-31,1987,year,1987-01-01,,% populacji,annual,observed,https://api.worldbank.org/v2/country/POL;WLD;USA;CHN;DEU;IND;KOR;JPN;GBR;FRA;BRA;EST/indicator/EG.ELC.ACCS.ZS?format=json&per_page=1000,2026-09-28T17:23:23.270Z,{}
EG.ELC.ACCS.ZS,EG.ELC.ACCS.ZS--fra,Francja,FRA,Access to electricity (% of population),1987-12-31,1987,year,1987-01-01,,% populacji,annual,observed,https://api.worldbank.org/v2/country/POL;WLD;USA;CHN;DEU;IND;KOR;JPN;GBR;FRA;BRA;EST/indicator/EG.ELC.ACCS.ZS?format=json&per_page=1000,2026-09-28T17:23:23.270Z,{}
EG.ELC.ACCS.ZS,EG.ELC.ACCS.ZS--gbr,Wielka Brytania,GBR,Access to electricity (% of population),1987-12-31,1987,year,1987-01-01,,% populacji,annual,observed,https://api.worldbank.org/v2/country/POL;WLD;USA;CHN;DEU;IND;KOR;JPN;GBR;FRA;BRA;EST/indicator/EG.ELC.ACCS.ZS?format=json&per_page=1000,2026-09-28T17:23:23.270Z,{}
EG.ELC.ACCS.ZS,EG.ELC.ACCS.ZS--ind,Indie,IND,Access to electricity (% of population),1987-12-31,1987,year,1987-01-01,,% populacji,annual,observed,https://api.worldbank.org/v2/country/POL;WLD;USA;CHN;DEU;IND;KOR;JPN;GBR;FRA;BRA;EST/indicator/EG.ELC.ACCS.ZS?format=json&per_page=1000,2026-09-28T17:23:23.270Z,{}
EG.ELC.ACCS.ZS,EG.ELC.ACCS.ZS--jpn,Japonia,JPN,Access to electricity (% of population),1987-12-31,1987,year,1987-01-01,,% populacji,annual,observed,https://api.worldbank.org/v2/country/POL;WLD;USA;CHN;DEU;IND;KOR;JPN;GBR;FRA;BRA;EST/indicator/EG.ELC.ACCS.ZS?format=json&per_page=1000,2026-09-28T17:23:23.270Z,{}
EG.ELC.ACCS.ZS,EG.ELC.ACCS.ZS--kor,Korea Płd.,KOR,Access to electricity (% of population),1987-12-31,1987,year,1987-01-01,,% populacji,annual,observed,https://api.worldbank.org/v2/country/POL;WLD;USA;CHN;DEU;IND;KOR;JPN;GBR;FRA;BRA;EST/indicator/EG.ELC.ACCS.ZS?format=json&per_page=1000,2026-09-28T17:23:23.270Z,{}
EG.ELC.ACCS.ZS,EG.ELC.ACCS.ZS--pol,Polska,POL,Access to electricity (% of population),1987-12-31,1987,year,1987-01-01,,% populacji,annual,observed,https://api.worldbank.org/v2/country/POL;WLD;USA;CHN;DEU;IND;KOR;JPN;GBR;FRA;BRA;EST/indicator/EG.ELC.ACCS.ZS?format=json&per_page=1000,2026-09-28T17:23:23.270Z,{}
EG.ELC.ACCS.ZS,EG.ELC.ACCS.ZS--usa,USA,USA,Access to electricity (% of population),1987-12-31,1987,year,1987-01-01,,% populacji,annual,observed,https://api.worldbank.org/v2/country/POL;WLD;USA;CHN;DEU;IND;KOR;JPN;GBR;FRA;BRA;EST/indicator/EG.ELC.ACCS.ZS?format=json&per_page=1000,2026-09-28T17:23:23.270Z,{}
EG.ELC.ACCS.ZS,EG.ELC.ACCS.ZS--wld,Świat,WLD,Access to electricity (% of population),1987-12-31,1987,year,1987-01-01,,% populacji,annual,observed,https://api.worldbank.org/v2/country/POL;WLD;USA;CHN;DEU;IND;KOR;JPN;GBR;FRA;BRA;EST/indicator/EG.ELC.ACCS.ZS?format=json&per_page=1000,2026-09-28T17:23:23.270Z,{}
EG.ELC.ACCS.ZS,EG.ELC.ACCS.ZS--bra,Brazylia,BRA,Access to electricity (% of population),1988-12-31,1988,year,1988-01-01,,% populacji,annual,observed,https://api.worldbank.org/v2/country/POL;WLD;USA;CHN;DEU;IND;KOR;JPN;GBR;FRA;BRA;EST/indicator/EG.ELC.ACCS.ZS?format=json&per_page=1000,2026-09-28T17:23:23.270Z,{}
EG.ELC.ACCS.ZS,EG.ELC.ACCS.ZS--chn,Chiny,CHN,Access to electricity (% of population),1988-12-31,1988,year,1988-01-01,,% populacji,annual,observed,https://api.worldbank.org/v2/country/POL;WLD;USA;CHN;DEU;IND;KOR;JPN;GBR;FRA;BRA;EST/indicator/EG.ELC.ACCS.ZS?format=json&per_page=1000,2026-09-28T17:23:23.270Z,{}
EG.ELC.ACCS.ZS,EG.ELC.ACCS.ZS--deu,Niemcy,DEU,Access to electricity (% of population),1988-12-31,1988,year,1988-01-01,,% populacji,annual,observed,https://api.worldbank.org/v2/country/POL;WLD;USA;CHN;DEU;IND;KOR;JPN;GBR;FRA;BRA;EST/indicator/EG.ELC.ACCS.ZS?format=json&per_page=1000,2026-09-28T17:23:23.270Z,{}
EG.ELC.ACCS.ZS,EG.ELC.ACCS.ZS--est,Estonia,EST,Access to electricity (% of population),1988-12-31,1988,year,1988-01-01,,% populacji,annual,observed,https://api.worldbank.org/v2/country/POL;WLD;USA;CHN;DEU;IND;KOR;JPN;GBR;FRA;BRA;EST/indicator/EG.ELC.ACCS.ZS?format=json&per_page=1000,2026-09-28T17:23:23.270Z,{}
EG.ELC.ACCS.ZS,EG.ELC.ACCS.ZS--fra,Francja,FRA,Access to electricity (% of population),1988-12-31,1988,year,1988-01-01,,% populacji,annual,observed,https://api.worldbank.org/v2/country/POL;WLD;USA;CHN;DEU;IND;KOR;JPN;GBR;FRA;BRA;EST/indicator/EG.ELC.ACCS.ZS?format=json&per_page=1000,2026-09-28T17:23:23.270Z,{}
EG.ELC.ACCS.ZS,EG.ELC.ACCS.ZS--gbr,Wielka Brytania,GBR,Access to electricity (% of population),1988-12-31,1988,year,1988-01-01,,% populacji,annual,observed,https://api.worldbank.org/v2/country/POL;WLD;USA;CHN;DEU;IND;KOR;JPN;GBR;FRA;BRA;EST/indicator/EG.ELC.ACCS.ZS?format=json&per_page=1000,2026-09-28T17:23:23.270Z,{}
EG.ELC.ACCS.ZS,EG.ELC.ACCS.ZS--ind,Indie,IND,Access to electricity (% of population),1988-12-31,1988,year,1988-01-01,,% populacji,annual,observed,https://api.worldbank.org/v2/country/POL;WLD;USA;CHN;DEU;IND;KOR;JPN;GBR;FRA;BRA;EST/indicator/EG.ELC.ACCS.ZS?format=json&per_page=1000,2026-09-28T17:23:23.270Z,{}
EG.ELC.ACCS.ZS,EG.ELC.ACCS.ZS--jpn,Japonia,JPN,Access to electricity (% of population),1988-12-31,1988,year,1988-01-01,,% populacji,annual,observed,https://api.worldbank.org/v2/country/POL;WLD;USA;CHN;DEU;IND;KOR;JPN;GBR;FRA;BRA;EST/indicator/EG.ELC.ACCS.ZS?format=json&per_page=1000,2026-09-28T17:23:23.270Z,{}
EG.ELC.ACCS.ZS,EG.ELC.ACCS.ZS--kor,Korea Płd.,KOR,Access to electricity (% of population),1988-12-31,1988,year,1988-01-01,,% populacji,annual,observed,https://api.worldbank.org/v2/country/POL;WLD;USA;CHN;DEU;IND;KOR;JPN;GBR;FRA;BRA;EST/indicator/EG.ELC.ACCS.ZS?format=json&per_page=1000,2026-09-28T17:23:23.270Z,{}
EG.ELC.ACCS.ZS,EG.ELC.ACCS.ZS--pol,Polska,POL,Access to electricity (% of population),1988-12-31,1988,year,1988-01-01,,% populacji,annual,observed,https://api.worldbank.org/v2/country/POL;WLD;USA;CHN;DEU;IND;KOR;JPN;GBR;FRA;BRA;EST/indicator/EG.ELC.ACCS.ZS?format=json&per_page=1000,2026-09-28T17:23:23.270Z,{}
EG.ELC.ACCS.ZS,EG.ELC.ACCS.ZS--usa,USA,USA,Access to electricity (% of population),1988-12-31,1988,year,1988-01-01,,% populacji,annual,observed,https://api.worldbank.org/v2/country/POL;WLD;USA;CHN;DEU;IND;KOR;JPN;GBR;FRA;BRA;EST/indicator/EG.ELC.ACCS.ZS?format=json&per_page=1000,2026-09-28T17:23:23.270Z,{}
EG.ELC.ACCS.ZS,EG.ELC.ACCS.ZS--wld,Świat,WLD,Access to electricity (% of population),1988-12-31,1988,year,1988-01-01,,% populacji,annual,observed,https://api.worldbank.org/v2/country/POL;WLD;USA;CHN;DEU;IND;KOR;JPN;GBR;FRA;BRA;EST/indicator/EG.ELC.ACCS.ZS?format=json&per_page=1000,2026-09-28T17:23:23.270Z,{}
EG.ELC.ACCS.ZS,EG.ELC.ACCS.ZS--bra,Brazylia,BRA,Access to electricity (% of population),1989-12-31,1989,year,1989-01-01,,% populacji,annual,observed,https://api.worldbank.org/v2/country/POL;WLD;USA;CHN;DEU;IND;KOR;JPN;GBR;FRA;BRA;EST/indicator/EG.ELC.ACCS.ZS?format=json&per_page=1000,2026-09-28T17:23:23.270Z,{}
EG.ELC.ACCS.ZS,EG.ELC.ACCS.ZS--chn,Chiny,CHN,Access to electricity (% of population),1989-12-31,1989,year,1989-01-01,,% populacji,annual,observed,https://api.worldbank.org/v2/country/POL;WLD;USA;CHN;DEU;IND;KOR;JPN;GBR;FRA;BRA;EST/indicator/EG.ELC.ACCS.ZS?format=json&per_page=1000,2026-09-28T17:23:23.270Z,{}
EG.ELC.ACCS.ZS,EG.ELC.ACCS.ZS--deu,Niemcy,DEU,Access to electricity (% of population),1989-12-31,1989,year,1989-01-01,,% populacji,annual,observed,https://api.worldbank.org/v2/country/POL;WLD;USA;CHN;DEU;IND;KOR;JPN;GBR;FRA;BRA;EST/indicator/EG.ELC.ACCS.ZS?format=json&per_page=1000,2026-09-28T17:23:23.270Z,{}
EG.ELC.ACCS.ZS,EG.ELC.ACCS.ZS--est,Estonia,EST,Access to electricity (% of population),1989-12-31,1989,year,1989-01-01,,% populacji,annual,observed,https://api.worldbank.org/v2/country/POL;WLD;USA;CHN;DEU;IND;KOR;JPN;GBR;FRA;BRA;EST/indicator/EG.ELC.ACCS.ZS?format=json&per_page=1000,2026-09-28T17:23:23.270Z,{}
EG.ELC.ACCS.ZS,EG.ELC.ACCS.ZS--fra,Francja,FRA,Access to electricity (% of population),1989-12-31,1989,year,1989-01-01,,% populacji,annual,observed,https://api.worldbank.org/v2/country/POL;WLD;USA;CHN;DEU;IND;KOR;JPN;GBR;FRA;BRA;EST/indicator/EG.ELC.ACCS.ZS?format=json&per_page=1000,2026-09-28T17:23:23.270Z,{}
EG.ELC.ACCS.ZS,EG.ELC.ACCS.ZS--gbr,Wielka Brytania,GBR,Access to electricity (% of population),1989-12-31,1989,year,1989-01-01,,% populacji,annual,observed,https://api.worldbank.org/v2/country/POL;WLD;USA;CHN;DEU;IND;KOR;JPN;GBR;FRA;BRA;EST/indicator/EG.ELC.ACCS.ZS?format=json&per_page=1000,2026-09-28T17:23:23.270Z,{}
EG.ELC.ACCS.ZS,EG.ELC.ACCS.ZS--ind,Indie,IND,Access to electricity (% of population),1989-12-31,1989,year,1989-01-01,,% populacji,annual,observed,https://api.worldbank.org/v2/country/POL;WLD;USA;CHN;DEU;IND;KOR;JPN;GBR;FRA;BRA;EST/indicator/EG.ELC.ACCS.ZS?format=json&per_page=1000,2026-09-28T17:23:23.270Z,{}
EG.ELC.ACCS.ZS,EG.ELC.ACCS.ZS--jpn,Japonia,JPN,Access to electricity (% of population),1989-12-31,1989,year,1989-01-01,,% populacji,annual,observed,https://api.worldbank.org/v2/country/POL;WLD;USA;CHN;DEU;IND;KOR;JPN;GBR;FRA;BRA;EST/indicator/EG.ELC.ACCS.ZS?format=json&per_page=1000,2026-09-28T17:23:23.270Z,{}
EG.ELC.ACCS.ZS,EG.ELC.ACCS.ZS--kor,Korea Płd.,KOR,Access to electricity (% of population),1989-12-31,1989,year,1989-01-01,,% populacji,annual,observed,https://api.worldbank.org/v2/country/POL;WLD;USA;CHN;DEU;IND;KOR;JPN;GBR;FRA;BRA;EST/indicator/EG.ELC.ACCS.ZS?format=json&per_page=1000,2026-09-28T17:23:23.270Z,{}
EG.ELC.ACCS.ZS,EG.ELC.ACCS.ZS--pol,Polska,POL,Access to electricity (% of population),1989-12-31,1989,year,1989-01-01,,% populacji,annual,observed,https://api.worldbank.org/v2/country/POL;WLD;USA;CHN;DEU;IND;KOR;JPN;GBR;FRA;BRA;EST/indicator/EG.ELC.ACCS.ZS?format=json&per_page=1000,2026-09-28T17:23:23.270Z,{}
EG.ELC.ACCS.ZS,EG.ELC.ACCS.ZS--usa,USA,USA,Access to electricity (% of population),1989-12-31,1989,year,1989-01-01,,% populacji,annual,observed,https://api.worldbank.org/v2/country/POL;WLD;USA;CHN;DEU;IND;KOR;JPN;GBR;FRA;BRA;EST/indicator/EG.ELC.ACCS.ZS?format=json&per_page=1000,2026-09-28T17:23:23.270Z,{}
EG.ELC.ACCS.ZS,EG.ELC.ACCS.ZS--wld,Świat,WLD,Access to electricity (% of population),1989-12-31,1989,year,1989-01-01,,% populacji,annual,observed,https://api.worldbank.org/v2/country/POL;WLD;USA;CHN;DEU;IND;KOR;JPN;GBR;FRA;BRA;EST/indicator/EG.ELC.ACCS.ZS?format=json&per_page=1000,2026-09-28T17:23:23.270Z,{}
EG.ELC.ACCS.ZS,EG.ELC.ACCS.ZS--bra,Brazylia,BRA,Access to electricity (% of population),1990-12-31,1990,year,1990-01-01,87.475116,% populacji,annual,observed,https://api.worldbank.org/v2/country/POL;WLD;USA;CHN;DEU;IND;KOR;JPN;GBR;FRA;BRA;EST/indicator/EG.ELC.ACCS.ZS?format=json&per_page=1000,2026-09-28T17:23:23.270Z,{}
EG.ELC.ACCS.ZS,EG.ELC.ACCS.ZS--chn,Chiny,CHN,Access to electricity (% of population),1990-12-31,1990,year,1990-01-01,,% populacji,annual,observed,https://api.worldbank.org/v2/country/POL;WLD;USA;CHN;DEU;IND;KOR;JPN;GBR;FRA;BRA;EST/indicator/EG.ELC.ACCS.ZS?format=json&per_page=1000,2026-09-28T17:23:23.270Z,{}
EG.ELC.ACCS.ZS,EG.ELC.ACCS.ZS--deu,Niemcy,DEU,Access to electricity (% of population),1990-12-31,1990,year,1990-01-01,100,% populacji,annual,observed,https://api.worldbank.org/v2/country/POL;WLD;USA;CHN;DEU;IND;KOR;JPN;GBR;FRA;BRA;EST/indicator/EG.ELC.ACCS.ZS?format=json&per_page=1000,2026-09-28T17:23:23.270Z,{}
EG.ELC.ACCS.ZS,EG.ELC.ACCS.ZS--est,Estonia,EST,Access to electricity (% of population),1990-12-31,1990,year,1990-01-01,100,% populacji,annual,observed,https://api.worldbank.org/v2/country/POL;WLD;USA;CHN;DEU;IND;KOR;JPN;GBR;FRA;BRA;EST/indicator/EG.ELC.ACCS.ZS?format=json&per_page=1000,2026-09-28T17:23:23.270Z,{}
EG.ELC.ACCS.ZS,EG.ELC.ACCS.ZS--fra,Francja,FRA,Access to electricity (% of population),1990-12-31,1990,year,1990-01-01,100,% populacji,annual,observed,https://api.worldbank.org/v2/country/POL;WLD;USA;CHN;DEU;IND;KOR;JPN;GBR;FRA;BRA;EST/indicator/EG.ELC.ACCS.ZS?format=json&per_page=1000,2026-09-28T17:23:23.270Z,{}
EG.ELC.ACCS.ZS,EG.ELC.ACCS.ZS--gbr,Wielka Brytania,GBR,Access to electricity (% of population),1990-12-31,1990,year,1990-01-01,100,% populacji,annual,observed,https://api.worldbank.org/v2/country/POL;WLD;USA;CHN;DEU;IND;KOR;JPN;GBR;FRA;BRA;EST/indicator/EG.ELC.ACCS.ZS?format=json&per_page=1000,2026-09-28T17:23:23.270Z,{}
EG.ELC.ACCS.ZS,EG.ELC.ACCS.ZS--ind,Indie,IND,Access to electricity (% of population),1990-12-31,1990,year,1990-01-01,,% populacji,annual,observed,https://api.worldbank.org/v2/country/POL;WLD;USA;CHN;DEU;IND;KOR;JPN;GBR;FRA;BRA;EST/indicator/EG.ELC.ACCS.ZS?format=json&per_page=1000,2026-09-28T17:23:23.270Z,{}
EG.ELC.ACCS.ZS,EG.ELC.ACCS.ZS--jpn,Japonia,JPN,Access to electricity (% of population),1990-12-31,1990,year,1990-01-01,100,% populacji,annual,observed,https://api.worldbank.org/v2/country/POL;WLD;USA;CHN;DEU;IND;KOR;JPN;GBR;FRA;BRA;EST/indicator/EG.ELC.ACCS.ZS?format=json&per_page=1000,2026-09-28T17:23:23.270Z,{}
EG.ELC.ACCS.ZS,EG.ELC.ACCS.ZS--kor,Korea Płd.,KOR,Access to electricity (% of population),1990-12-31,1990,year,1990-01-01,99.8828430175781,% populacji,annual,observed,https://api.worldbank.org/v2/country/POL;WLD;USA;CHN;DEU;IND;KOR;JPN;GBR;FRA;BRA;EST/indicator/EG.ELC.ACCS.ZS?format=json&per_page=1000,2026-09-28T17:23:23.270Z,{}
EG.ELC.ACCS.ZS,EG.ELC.ACCS.ZS--pol,Polska,POL,Access to electricity (% of population),1990-12-31,1990,year,1990-01-01,100,% populacji,annual,observed,https://api.worldbank.org/v2/country/POL;WLD;USA;CHN;DEU;IND;KOR;JPN;GBR;FRA;BRA;EST/indicator/EG.ELC.ACCS.ZS?format=json&per_page=1000,2026-09-28T17:23:23.270Z,{}
EG.ELC.ACCS.ZS,EG.ELC.ACCS.ZS--usa,USA,USA,Access to electricity (% of population),1990-12-31,1990,year,1990-01-01,100,% populacji,annual,observed,https://api.worldbank.org/v2/country/POL;WLD;USA;CHN;DEU;IND;KOR;JPN;GBR;FRA;BRA;EST/indicator/EG.ELC.ACCS.ZS?format=json&per_page=1000,2026-09-28T17:23:23.270Z,{}
EG.ELC.ACCS.ZS,EG.ELC.ACCS.ZS--wld,Świat,WLD,Access to electricity (% of population),1990-12-31,1990,year,1990-01-01,,% populacji,annual,observed,https://api.worldbank.org/v2/country/POL;WLD;USA;CHN;DEU;IND;KOR;JPN;GBR;FRA;BRA;EST/indicator/EG.ELC.ACCS.ZS?format=json&per_page=1000,2026-09-28T17:23:23.270Z,{}
EG.ELC.ACCS.ZS,EG.ELC.ACCS.ZS--bra,Brazylia,BRA,Access to electricity (% of population),1991-12-31,1991,year,1991-01-01,90.6065444946289,% populacji,annual,observed,https://api.worldbank.org/v2/country/POL;WLD;USA;CHN;DEU;IND;KOR;JPN;GBR;FRA;BRA;EST/indicator/EG.ELC.ACCS.ZS?format=json&per_page=1000,2026-09-28T17:23:23.270Z,{}
EG.ELC.ACCS.ZS,EG.ELC.ACCS.ZS--chn,Chiny,CHN,Access to electricity (% of population),1991-12-31,1991,year,1991-01-01,,% populacji,annual,observed,https://api.worldbank.org/v2/country/POL;WLD;USA;CHN;DEU;IND;KOR;JPN;GBR;FRA;BRA;EST/indicator/EG.ELC.ACCS.ZS?format=json&per_page=1000,2026-09-28T17:23:23.270Z,{}
EG.ELC.ACCS.ZS,EG.ELC.ACCS.ZS--deu,Niemcy,DEU,Access to electricity (% of population),1991-12-31,1991,year,1991-01-01,100,% populacji,annual,observed,https://api.worldbank.org/v2/country/POL;WLD;USA;CHN;DEU;IND;KOR;JPN;GBR;FRA;BRA;EST/indicator/EG.ELC.ACCS.ZS?format=json&per_page=1000,2026-09-28T17:23:23.270Z,{}
EG.ELC.ACCS.ZS,EG.ELC.ACCS.ZS--est,Estonia,EST,Access to electricity (% of population),1991-12-31,1991,year,1991-01-01,100,% populacji,annual,observed,https://api.worldbank.org/v2/country/POL;WLD;USA;CHN;DEU;IND;KOR;JPN;GBR;FRA;BRA;EST/indicator/EG.ELC.ACCS.ZS?format=json&per_page=1000,2026-09-28T17:23:23.270Z,{}
EG.ELC.ACCS.ZS,EG.ELC.ACCS.ZS--fra,Francja,FRA,Access to electricity (% of population),1991-12-31,1991,year,1991-01-01,100,% populacji,annual,observed,https://api.worldbank.org/v2/country/POL;WLD;USA;CHN;DEU;IND;KOR;JPN;GBR;FRA;BRA;EST/indicator/EG.ELC.ACCS.ZS?format=json&per_page=1000,2026-09-28T17:23:23.270Z,{}
EG.ELC.ACCS.ZS,EG.ELC.ACCS.ZS--gbr,Wielka Brytania,GBR,Access to electricity (% of population),1991-12-31,1991,year,1991-01-01,100,% populacji,annual,observed,https://api.worldbank.org/v2/country/POL;WLD;USA;CHN;DEU;IND;KOR;JPN;GBR;FRA;BRA;EST/indicator/EG.ELC.ACCS.ZS?format=json&per_page=1000,2026-09-28T17:23:23.270Z,{}
EG.ELC.ACCS.ZS,EG.ELC.ACCS.ZS--ind,Indie,IND,Access to electricity (% of population),1991-12-31,1991,year,1991-01-01,,% populacji,annual,observed,https://api.worldbank.org/v2/country/POL;WLD;USA;CHN;DEU;IND;KOR;JPN;GBR;FRA;BRA;EST/indicator/EG.ELC.ACCS.ZS?format=json&per_page=1000,2026-09-28T17:23:23.270Z,{}
EG.ELC.ACCS.ZS,EG.ELC.ACCS.ZS--jpn,Japonia,JPN,Access to electricity (% of population),1991-12-31,1991,year,1991-01-01,100,% populacji,annual,observed,https://api.worldbank.org/v2/country/POL;WLD;USA;CHN;DEU;IND;KOR;JPN;GBR;FRA;BRA;EST/indicator/EG.ELC.ACCS.ZS?format=json&per_page=1000,2026-09-28T17:23:23.270Z,{}
EG.ELC.ACCS.ZS,EG.ELC.ACCS.ZS--kor,Korea Płd.,KOR,Access to electricity (% of population),1991-12-31,1991,year,1991-01-01,99.9126739501953,% populacji,annual,observed,https://api.worldbank.org/v2/country/POL;WLD;USA;CHN;DEU;IND;KOR;JPN;GBR;FRA;BRA;EST/indicator/EG.ELC.ACCS.ZS?format=json&per_page=1000,2026-09-28T17:23:23.270Z,{}
EG.ELC.ACCS.ZS,EG.ELC.ACCS.ZS--pol,Polska,POL,Access to electricity (% of population),1991-12-31,1991,year,1991-01-01,100,% populacji,annual,observed,https://api.worldbank.org/v2/country/POL;WLD;USA;CHN;DEU;IND;KOR;JPN;GBR;FRA;BRA;EST/indicator/EG.ELC.ACCS.ZS?format=json&per_page=1000,2026-09-28T17:23:23.270Z,{}
EG.ELC.ACCS.ZS,EG.ELC.ACCS.ZS--usa,USA,USA,Access to electricity (% of population),1991-12-31,1991,year,1991-01-01,100,% populacji,annual,observed,https://api.worldbank.org/v2/country/POL;WLD;USA;CHN;DEU;IND;KOR;JPN;GBR;FRA;BRA;EST/indicator/EG.ELC.ACCS.ZS?format=json&per_page=1000,2026-09-28T17:23:23.270Z,{}
EG.ELC.ACCS.ZS,EG.ELC.ACCS.ZS--wld,Świat,WLD,Access to electricity (% of population),1991-12-31,1991,year,1991-01-01,,% populacji,annual,observed,https://api.worldbank.org/v2/country/POL;WLD;USA;CHN;DEU;IND;KOR;JPN;GBR;FRA;BRA;EST/indicator/EG.ELC.ACCS.ZS?format=json&per_page=1000,2026-09-28T17:23:23.270Z,{}
EG.ELC.ACCS.ZS,EG.ELC.ACCS.ZS--bra,Brazylia,BRA,Access to electricity (% of population),1992-12-31,1992,year,1992-01-01,88.803833,% populacji,annual,observed,https://api.worldbank.org/v2/country/POL;WLD;USA;CHN;DEU;IND;KOR;JPN;GBR;FRA;BRA;EST/indicator/EG.ELC.ACCS.ZS?format=json&per_page=1000,2026-09-28T17:23:23.270Z,{}
EG.ELC.ACCS.ZS,EG.ELC.ACCS.ZS--chn,Chiny,CHN,Access to electricity (% of population),1992-12-31,1992,year,1992-01-01,,% populacji,annual,observed,https://api.worldbank.org/v2/country/POL;WLD;USA;CHN;DEU;IND;KOR;JPN;GBR;FRA;BRA;EST/indicator/EG.ELC.ACCS.ZS?format=json&per_page=1000,2026-09-28T17:23:23.270Z,{}
EG.ELC.ACCS.ZS,EG.ELC.ACCS.ZS--deu,Niemcy,DEU,Access to electricity (% of population),1992-12-31,1992,year,1992-01-01,100,% populacji,annual,observed,https://api.worldbank.org/v2/country/POL;WLD;USA;CHN;DEU;IND;KOR;JPN;GBR;FRA;BRA;EST/indicator/EG.ELC.ACCS.ZS?format=json&per_page=1000,2026-09-28T17:23:23.270Z,{}
EG.ELC.ACCS.ZS,EG.ELC.ACCS.ZS--est,Estonia,EST,Access to electricity (% of population),1992-12-31,1992,year,1992-01-01,100,% populacji,annual,observed,https://api.worldbank.org/v2/country/POL;WLD;USA;CHN;DEU;IND;KOR;JPN;GBR;FRA;BRA;EST/indicator/EG.ELC.ACCS.ZS?format=json&per_page=1000,2026-09-28T17:23:23.270Z,{}
EG.ELC.ACCS.ZS,EG.ELC.ACCS.ZS--fra,Francja,FRA,Access to electricity (% of population),1992-12-31,1992,year,1992-01-01,100,% populacji,annual,observed,https://api.worldbank.org/v2/country/POL;WLD;USA;CHN;DEU;IND;KOR;JPN;GBR;FRA;BRA;EST/indicator/EG.ELC.ACCS.ZS?format=json&per_page=1000,2026-09-28T17:23:23.270Z,{}
EG.ELC.ACCS.ZS,EG.ELC.ACCS.ZS--gbr,Wielka Brytania,GBR,Access to electricity (% of population),1992-12-31,1992,year,1992-01-01,100,% populacji,annual,observed,https://api.worldbank.org/v2/country/POL;WLD;USA;CHN;DEU;IND;KOR;JPN;GBR;FRA;BRA;EST/indicator/EG.ELC.ACCS.ZS?format=json&per_page=1000,2026-09-28T17:23:23.270Z,{}
EG.ELC.ACCS.ZS,EG.ELC.ACCS.ZS--ind,Indie,IND,Access to electricity (% of population),1992-12-31,1992,year,1992-01-01,,% populacji,annual,observed,https://api.worldbank.org/v2/country/POL;WLD;USA;CHN;DEU;IND;KOR;JPN;GBR;FRA;BRA;EST/indicator/EG.ELC.ACCS.ZS?format=json&per_page=1000,2026-09-28T17:23:23.270Z,{}
EG.ELC.ACCS.ZS,EG.ELC.ACCS.ZS--jpn,Japonia,JPN,Access to electricity (% of population),1992-12-31,1992,year,1992-01-01,100,% populacji,annual,observed,https://api.worldbank.org/v2/country/POL;WLD;USA;CHN;DEU;IND;KOR;JPN;GBR;FRA;BRA;EST/indicator/EG.ELC.ACCS.ZS?format=json&per_page=1000,2026-09-28T17:23:23.270Z,{}
EG.ELC.ACCS.ZS,EG.ELC.ACCS.ZS--kor,Korea Płd.,KOR,Access to electricity (% of population),1992-12-31,1992,year,1992-01-01,99.9422149658203,% populacji,annual,observed,https://api.worldbank.org/v2/country/POL;WLD;USA;CHN;DEU;IND;KOR;JPN;GBR;FRA;BRA;EST/indicator/EG.ELC.ACCS.ZS?format=json&per_page=1000,2026-09-28T17:23:23.270Z,{}
EG.ELC.ACCS.ZS,EG.ELC.ACCS.ZS--pol,Polska,POL,Access to electricity (% of population),1992-12-31,1992,year,1992-01-01,100,% populacji,annual,observed,https://api.worldbank.org/v2/country/POL;WLD;USA;CHN;DEU;IND;KOR;JPN;GBR;FRA;BRA;EST/indicator/EG.ELC.ACCS.ZS?format=json&per_page=1000,2026-09-28T17:23:23.270Z,{}
EG.ELC.ACCS.ZS,EG.ELC.ACCS.ZS--usa,USA,USA,Access to electricity (% of population),1992-12-31,1992,year,1992-01-01,100,% populacji,annual,observed,https://api.worldbank.org/v2/country/POL;WLD;USA;CHN;DEU;IND;KOR;JPN;GBR;FRA;BRA;EST/indicator/EG.ELC.ACCS.ZS?format=json&per_page=1000,2026-09-28T17:23:23.270Z,{}
EG.ELC.ACCS.ZS,EG.ELC.ACCS.ZS--wld,Świat,WLD,Access to electricity (% of population),1992-12-31,1992,year,1992-01-01,,% populacji,annual,observed,https://api.worldbank.org/v2/country/POL;WLD;USA;CHN;DEU;IND;KOR;JPN;GBR;FRA;BRA;EST/indicator/EG.ELC.ACCS.ZS?format=json&per_page=1000,2026-09-28T17:23:23.270Z,{}
EG.ELC.ACCS.ZS,EG.ELC.ACCS.ZS--bra,Brazylia,BRA,Access to electricity (% of population),1993-12-31,1993,year,1993-01-01,89.999927,% populacji,annual,observed,https://api.worldbank.org/v2/country/POL;WLD;USA;CHN;DEU;IND;KOR;JPN;GBR;FRA;BRA;EST/indicator/EG.ELC.ACCS.ZS?format=json&per_page=1000,2026-09-28T17:23:23.270Z,{}
EG.ELC.ACCS.ZS,EG.ELC.ACCS.ZS--chn,Chiny,CHN,Access to electricity (% of population),1993-12-31,1993,year,1993-01-01,,% populacji,annual,observed,https://api.worldbank.org/v2/country/POL;WLD;USA;CHN;DEU;IND;KOR;JPN;GBR;FRA;BRA;EST/indicator/EG.ELC.ACCS.ZS?format=json&per_page=1000,2026-09-28T17:23:23.270Z,{}
EG.ELC.ACCS.ZS,EG.ELC.ACCS.ZS--deu,Niemcy,DEU,Access to electricity (% of population),1993-12-31,1993,year,1993-01-01,100,% populacji,annual,observed,https://api.worldbank.org/v2/country/POL;WLD;USA;CHN;DEU;IND;KOR;JPN;GBR;FRA;BRA;EST/indicator/EG.ELC.ACCS.ZS?format=json&per_page=1000,2026-09-28T17:23:23.270Z,{}
EG.ELC.ACCS.ZS,EG.ELC.ACCS.ZS--est,Estonia,EST,Access to electricity (% of population),1993-12-31,1993,year,1993-01-01,100,% populacji,annual,observed,https://api.worldbank.org/v2/country/POL;WLD;USA;CHN;DEU;IND;KOR;JPN;GBR;FRA;BRA;EST/indicator/EG.ELC.ACCS.ZS?format=json&per_page=1000,2026-09-28T17:23:23.270Z,{}
EG.ELC.ACCS.ZS,EG.ELC.ACCS.ZS--fra,Francja,FRA,Access to electricity (% of population),1993-12-31,1993,year,1993-01-01,100,% populacji,annual,observed,https://api.worldbank.org/v2/country/POL;WLD;USA;CHN;DEU;IND;KOR;JPN;GBR;FRA;BRA;EST/indicator/EG.ELC.ACCS.ZS?format=json&per_page=1000,2026-09-28T17:23:23.270Z,{}
EG.ELC.ACCS.ZS,EG.ELC.ACCS.ZS--gbr,Wielka Brytania,GBR,Access to electricity (% of population),1993-12-31,1993,year,1993-01-01,100,% populacji,annual,observed,https://api.worldbank.org/v2/country/POL;WLD;USA;CHN;DEU;IND;KOR;JPN;GBR;FRA;BRA;EST/indicator/EG.ELC.ACCS.ZS?format=json&per_page=1000,2026-09-28T17:23:23.270Z,{}
EG.ELC.ACCS.ZS,EG.ELC.ACCS.ZS--ind,Indie,IND,Access to electricity (% of population),1993-12-31,1993,year,1993-01-01,50.9,% populacji,annual,observed,https://api.worldbank.org/v2/country/POL;WLD;USA;CHN;DEU;IND;KOR;JPN;GBR;FRA;BRA;EST/indicator/EG.ELC.ACCS.ZS?format=json&per_page=1000,2026-09-28T17:23:23.270Z,{}
EG.ELC.ACCS.ZS,EG.ELC.ACCS.ZS--jpn,Japonia,JPN,Access to electricity (% of population),1993-12-31,1993,year,1993-01-01,100,% populacji,annual,observed,https://api.worldbank.org/v2/country/POL;WLD;USA;CHN;DEU;IND;KOR;JPN;GBR;FRA;BRA;EST/indicator/EG.ELC.ACCS.ZS?format=json&per_page=1000,2026-09-28T17:23:23.270Z,{}
EG.ELC.ACCS.ZS,EG.ELC.ACCS.ZS--kor,Korea Płd.,KOR,Access to electricity (% of population),1993-12-31,1993,year,1993-01-01,99.9694366455078,% populacji,annual,observed,https://api.worldbank.org/v2/country/POL;WLD;USA;CHN;DEU;IND;KOR;JPN;GBR;FRA;BRA;EST/indicator/EG.ELC.ACCS.ZS?format=json&per_page=1000,2026-09-28T17:23:23.270Z,{}
EG.ELC.ACCS.ZS,EG.ELC.ACCS.ZS--pol,Polska,POL,Access to electricity (% of population),1993-12-31,1993,year,1993-01-01,100,% populacji,annual,observed,https://api.worldbank.org/v2/country/POL;WLD;USA;CHN;DEU;IND;KOR;JPN;GBR;FRA;BRA;EST/indicator/EG.ELC.ACCS.ZS?format=json&per_page=1000,2026-09-28T17:23:23.270Z,{}
EG.ELC.ACCS.ZS,EG.ELC.ACCS.ZS--usa,USA,USA,Access to electricity (% of population),1993-12-31,1993,year,1993-01-01,100,% populacji,annual,observed,https://api.worldbank.org/v2/country/POL;WLD;USA;CHN;DEU;IND;KOR;JPN;GBR;FRA;BRA;EST/indicator/EG.ELC.ACCS.ZS?format=json&per_page=1000,2026-09-28T17:23:23.270Z,{}
EG.ELC.ACCS.ZS,EG.ELC.ACCS.ZS--wld,Świat,WLD,Access to electricity (% of population),1993-12-31,1993,year,1993-01-01,,% populacji,annual,observed,https://api.worldbank.org/v2/country/POL;WLD;USA;CHN;DEU;IND;KOR;JPN;GBR;FRA;BRA;EST/indicator/EG.ELC.ACCS.ZS?format=json&per_page=1000,2026-09-28T17:23:23.270Z,{}
EG.ELC.ACCS.ZS,EG.ELC.ACCS.ZS--bra,Brazylia,BRA,Access to electricity (% of population),1994-12-31,1994,year,1994-01-01,91.8837280273438,% populacji,annual,observed,https://api.worldbank.org/v2/country/POL;WLD;USA;CHN;DEU;IND;KOR;JPN;GBR;FRA;BRA;EST/indicator/EG.ELC.ACCS.ZS?format=json&per_page=1000,2026-09-28T17:23:23.270Z,{}
EG.ELC.ACCS.ZS,EG.ELC.ACCS.ZS--chn,Chiny,CHN,Access to electricity (% of population),1994-12-31,1994,year,1994-01-01,,% populacji,annual,observed,https://api.worldbank.org/v2/country/POL;WLD;USA;CHN;DEU;IND;KOR;JPN;GBR;FRA;BRA;EST/indicator/EG.ELC.ACCS.ZS?format=json&per_page=1000,2026-09-28T17:23:23.270Z,{}
EG.ELC.ACCS.ZS,EG.ELC.ACCS.ZS--deu,Niemcy,DEU,Access to electricity (% of population),1994-12-31,1994,year,1994-01-01,100,% populacji,annual,observed,https://api.worldbank.org/v2/country/POL;WLD;USA;CHN;DEU;IND;KOR;JPN;GBR;FRA;BRA;EST/indicator/EG.ELC.ACCS.ZS?format=json&per_page=1000,2026-09-28T17:23:23.270Z,{}
EG.ELC.ACCS.ZS,EG.ELC.ACCS.ZS--est,Estonia,EST,Access to electricity (% of population),1994-12-31,1994,year,1994-01-01,100,% populacji,annual,observed,https://api.worldbank.org/v2/country/POL;WLD;USA;CHN;DEU;IND;KOR;JPN;GBR;FRA;BRA;EST/indicator/EG.ELC.ACCS.ZS?format=json&per_page=1000,2026-09-28T17:23:23.270Z,{}
EG.ELC.ACCS.ZS,EG.ELC.ACCS.ZS--fra,Francja,FRA,Access to electricity (% of population),1994-12-31,1994,year,1994-01-01,100,% populacji,annual,observed,https://api.worldbank.org/v2/country/POL;WLD;USA;CHN;DEU;IND;KOR;JPN;GBR;FRA;BRA;EST/indicator/EG.ELC.ACCS.ZS?format=json&per_page=1000,2026-09-28T17:23:23.270Z,{}
EG.ELC.ACCS.ZS,EG.ELC.ACCS.ZS--gbr,Wielka Brytania,GBR,Access to electricity (% of population),1994-12-31,1994,year,1994-01-01,100,% populacji,annual,observed,https://api.worldbank.org/v2/country/POL;WLD;USA;CHN;DEU;IND;KOR;JPN;GBR;FRA;BRA;EST/indicator/EG.ELC.ACCS.ZS?format=json&per_page=1000,2026-09-28T17:23:23.270Z,{}
EG.ELC.ACCS.ZS,EG.ELC.ACCS.ZS--ind,Indie,IND,Access to electricity (% of population),1994-12-31,1994,year,1994-01-01,49.8113098144531,% populacji,annual,observed,https://api.worldbank.org/v2/country/POL;WLD;USA;CHN;DEU;IND;KOR;JPN;GBR;FRA;BRA;EST/indicator/EG.ELC.ACCS.ZS?format=json&per_page=1000,2026-09-28T17:23:23.270Z,{}
EG.ELC.ACCS.ZS,EG.ELC.ACCS.ZS--jpn,Japonia,JPN,Access to electricity (% of population),1994-12-31,1994,year,1994-01-01,100,% populacji,annual,observed,https://api.worldbank.org/v2/country/POL;WLD;USA;CHN;DEU;IND;KOR;JPN;GBR;FRA;BRA;EST/indicator/EG.ELC.ACCS.ZS?format=json&per_page=1000,2026-09-28T17:23:23.270Z,{}
EG.ELC.ACCS.ZS,EG.ELC.ACCS.ZS--kor,Korea Płd.,KOR,Access to electricity (% of population),1994-12-31,1994,year,1994-01-01,99.9891204833984,% populacji,annual,observed,https://api.worldbank.org/v2/country/POL;WLD;USA;CHN;DEU;IND;KOR;JPN;GBR;FRA;BRA;EST/indicator/EG.ELC.ACCS.ZS?format=json&per_page=1000,2026-09-28T17:23:23.270Z,{}
EG.ELC.ACCS.ZS,EG.ELC.ACCS.ZS--pol,Polska,POL,Access to electricity (% of population),1994-12-31,1994,year,1994-01-01,100,% populacji,annual,observed,https://api.worldbank.org/v2/country/POL;WLD;USA;CHN;DEU;IND;KOR;JPN;GBR;FRA;BRA;EST/indicator/EG.ELC.ACCS.ZS?format=json&per_page=1000,2026-09-28T17:23:23.270Z,{}
EG.ELC.ACCS.ZS,EG.ELC.ACCS.ZS--usa,USA,USA,Access to electricity (% of population),1994-12-31,1994,year,1994-01-01,100,% populacji,annual,observed,https://api.worldbank.org/v2/country/POL;WLD;USA;CHN;DEU;IND;KOR;JPN;GBR;FRA;BRA;EST/indicator/EG.ELC.ACCS.ZS?format=json&per_page=1000,2026-09-28T17:23:23.270Z,{}
EG.ELC.ACCS.ZS,EG.ELC.ACCS.ZS--wld,Świat,WLD,Access to electricity (% of population),1994-12-31,1994,year,1994-01-01,,% populacji,annual,observed,https://api.worldbank.org/v2/country/POL;WLD;USA;CHN;DEU;IND;KOR;JPN;GBR;FRA;BRA;EST/indicator/EG.ELC.ACCS.ZS?format=json&per_page=1000,2026-09-28T17:23:23.270Z,{}
EG.ELC.ACCS.ZS,EG.ELC.ACCS.ZS--bra,Brazylia,BRA,Access to electricity (% of population),1995-12-31,1995,year,1995-01-01,91.728598,% populacji,annual,observed,https://api.worldbank.org/v2/country/POL;WLD;USA;CHN;DEU;IND;KOR;JPN;GBR;FRA;BRA;EST/indicator/EG.ELC.ACCS.ZS?format=json&per_page=1000,2026-09-28T17:23:23.270Z,{}
EG.ELC.ACCS.ZS,EG.ELC.ACCS.ZS--chn,Chiny,CHN,Access to electricity (% of population),1995-12-31,1995,year,1995-01-01,,% populacji,annual,observed,https://api.worldbank.org/v2/country/POL;WLD;USA;CHN;DEU;IND;KOR;JPN;GBR;FRA;BRA;EST/indicator/EG.ELC.ACCS.ZS?format=json&per_page=1000,2026-09-28T17:23:23.270Z,{}
EG.ELC.ACCS.ZS,EG.ELC.ACCS.ZS--deu,Niemcy,DEU,Access to electricity (% of population),1995-12-31,1995,year,1995-01-01,100,% populacji,annual,observed,https://api.worldbank.org/v2/country/POL;WLD;USA;CHN;DEU;IND;KOR;JPN;GBR;FRA;BRA;EST/indicator/EG.ELC.ACCS.ZS?format=json&per_page=1000,2026-09-28T17:23:23.270Z,{}
EG.ELC.ACCS.ZS,EG.ELC.ACCS.ZS--est,Estonia,EST,Access to electricity (% of population),1995-12-31,1995,year,1995-01-01,100,% populacji,annual,observed,https://api.worldbank.org/v2/country/POL;WLD;USA;CHN;DEU;IND;KOR;JPN;GBR;FRA;BRA;EST/indicator/EG.ELC.ACCS.ZS?format=json&per_page=1000,2026-09-28T17:23:23.270Z,{}
EG.ELC.ACCS.ZS,EG.ELC.ACCS.ZS--fra,Francja,FRA,Access to electricity (% of population),1995-12-31,1995,year,1995-01-01,100,% populacji,annual,observed,https://api.worldbank.org/v2/country/POL;WLD;USA;CHN;DEU;IND;KOR;JPN;GBR;FRA;BRA;EST/indicator/EG.ELC.ACCS.ZS?format=json&per_page=1000,2026-09-28T17:23:23.270Z,{}
EG.ELC.ACCS.ZS,EG.ELC.ACCS.ZS--gbr,Wielka Brytania,GBR,Access to electricity (% of population),1995-12-31,1995,year,1995-01-01,100,% populacji,annual,observed,https://api.worldbank.org/v2/country/POL;WLD;USA;CHN;DEU;IND;KOR;JPN;GBR;FRA;BRA;EST/indicator/EG.ELC.ACCS.ZS?format=json&per_page=1000,2026-09-28T17:23:23.270Z,{}
EG.ELC.ACCS.ZS,EG.ELC.ACCS.ZS--ind,Indie,IND,Access to electricity (% of population),1995-12-31,1995,year,1995-01-01,51.4087753295898,% populacji,annual,observed,https://api.worldbank.org/v2/country/POL;WLD;USA;CHN;DEU;IND;KOR;JPN;GBR;FRA;BRA;EST/indicator/EG.ELC.ACCS.ZS?format=json&per_page=1000,2026-09-28T17:23:23.270Z,{}
EG.ELC.ACCS.ZS,EG.ELC.ACCS.ZS--jpn,Japonia,JPN,Access to electricity (% of population),1995-12-31,1995,year,1995-01-01,100,% populacji,annual,observed,https://api.worldbank.org/v2/country/POL;WLD;USA;CHN;DEU;IND;KOR;JPN;GBR;FRA;BRA;EST/indicator/EG.ELC.ACCS.ZS?format=json&per_page=1000,2026-09-28T17:23:23.270Z,{}
EG.ELC.ACCS.ZS,EG.ELC.ACCS.ZS--kor,Korea Płd.,KOR,Access to electricity (% of population),1995-12-31,1995,year,1995-01-01,100,% populacji,annual,observed,https://api.worldbank.org/v2/country/POL;WLD;USA;CHN;DEU;IND;KOR;JPN;GBR;FRA;BRA;EST/indicator/EG.ELC.ACCS.ZS?format=json&per_page=1000,2026-09-28T17:23:23.270Z,{}
EG.ELC.ACCS.ZS,EG.ELC.ACCS.ZS--pol,Polska,POL,Access to electricity (% of population),1995-12-31,1995,year,1995-01-01,100,% populacji,annual,observed,https://api.worldbank.org/v2/country/POL;WLD;USA;CHN;DEU;IND;KOR;JPN;GBR;FRA;BRA;EST/indicator/EG.ELC.ACCS.ZS?format=json&per_page=1000,2026-09-28T17:23:23.270Z,{}
EG.ELC.ACCS.ZS,EG.ELC.ACCS.ZS--usa,USA,USA,Access to electricity (% of population),1995-12-31,1995,year,1995-01-01,100,% populacji,annual,observed,https://api.worldbank.org/v2/country/POL;WLD;USA;CHN;DEU;IND;KOR;JPN;GBR;FRA;BRA;EST/indicator/EG.ELC.ACCS.ZS?format=json&per_page=1000,2026-09-28T17:23:23.270Z,{}
EG.ELC.ACCS.ZS,EG.ELC.ACCS.ZS--wld,Świat,WLD,Access to electricity (% of population),1995-12-31,1995,year,1995-01-01,,% populacji,annual,observed,https://api.worldbank.org/v2/country/POL;WLD;USA;CHN;DEU;IND;KOR;JPN;GBR;FRA;BRA;EST/indicator/EG.ELC.ACCS.ZS?format=json&per_page=1000,2026-09-28T17:23:23.270Z,{}
EG.ELC.ACCS.ZS,EG.ELC.ACCS.ZS--bra,Brazylia,BRA,Access to electricity (% of population),1996-12-31,1996,year,1996-01-01,92.867095,% populacji,annual,observed,https://api.worldbank.org/v2/country/POL;WLD;USA;CHN;DEU;IND;KOR;JPN;GBR;FRA;BRA;EST/indicator/EG.ELC.ACCS.ZS?format=json&per_page=1000,2026-09-28T17:23:23.270Z,{}
EG.ELC.ACCS.ZS,EG.ELC.ACCS.ZS--chn,Chiny,CHN,Access to electricity (% of population),1996-12-31,1996,year,1996-01-01,,% populacji,annual,observed,https://api.worldbank.org/v2/country/POL;WLD;USA;CHN;DEU;IND;KOR;JPN;GBR;FRA;BRA;EST/indicator/EG.ELC.ACCS.ZS?format=json&per_page=1000,2026-09-28T17:23:23.270Z,{}
EG.ELC.ACCS.ZS,EG.ELC.ACCS.ZS--deu,Niemcy,DEU,Access to electricity (% of population),1996-12-31,1996,year,1996-01-01,100,% populacji,annual,observed,https://api.worldbank.org/v2/country/POL;WLD;USA;CHN;DEU;IND;KOR;JPN;GBR;FRA;BRA;EST/indicator/EG.ELC.ACCS.ZS?format=json&per_page=1000,2026-09-28T17:23:23.270Z,{}
EG.ELC.ACCS.ZS,EG.ELC.ACCS.ZS--est,Estonia,EST,Access to electricity (% of population),1996-12-31,1996,year,1996-01-01,100,% populacji,annual,observed,https://api.worldbank.org/v2/country/POL;WLD;USA;CHN;DEU;IND;KOR;JPN;GBR;FRA;BRA;EST/indicator/EG.ELC.ACCS.ZS?format=json&per_page=1000,2026-09-28T17:23:23.270Z,{}
EG.ELC.ACCS.ZS,EG.ELC.ACCS.ZS--fra,Francja,FRA,Access to electricity (% of population),1996-12-31,1996,year,1996-01-01,100,% populacji,annual,observed,https://api.worldbank.org/v2/country/POL;WLD;USA;CHN;DEU;IND;KOR;JPN;GBR;FRA;BRA;EST/indicator/EG.ELC.ACCS.ZS?format=json&per_page=1000,2026-09-28T17:23:23.270Z,{}
EG.ELC.ACCS.ZS,EG.ELC.ACCS.ZS--gbr,Wielka Brytania,GBR,Access to electricity (% of population),1996-12-31,1996,year,1996-01-01,100,% populacji,annual,observed,https://api.worldbank.org/v2/country/POL;WLD;USA;CHN;DEU;IND;KOR;JPN;GBR;FRA;BRA;EST/indicator/EG.ELC.ACCS.ZS?format=json&per_page=1000,2026-09-28T17:23:23.270Z,{}
EG.ELC.ACCS.ZS,EG.ELC.ACCS.ZS--ind,Indie,IND,Access to electricity (% of population),1996-12-31,1996,year,1996-01-01,53.0035209655762,% populacji,annual,observed,https://api.worldbank.org/v2/country/POL;WLD;USA;CHN;DEU;IND;KOR;JPN;GBR;FRA;BRA;EST/indicator/EG.ELC.ACCS.ZS?format=json&per_page=1000,2026-09-28T17:23:23.270Z,{}
EG.ELC.ACCS.ZS,EG.ELC.ACCS.ZS--jpn,Japonia,JPN,Access to electricity (% of population),1996-12-31,1996,year,1996-01-01,100,% populacji,annual,observed,https://api.worldbank.org/v2/country/POL;WLD;USA;CHN;DEU;IND;KOR;JPN;GBR;FRA;BRA;EST/indicator/EG.ELC.ACCS.ZS?format=json&per_page=1000,2026-09-28T17:23:23.270Z,{}
EG.ELC.ACCS.ZS,EG.ELC.ACCS.ZS--kor,Korea Płd.,KOR,Access to electricity (% of population),1996-12-31,1996,year,1996-01-01,100,% populacji,annual,observed,https://api.worldbank.org/v2/country/POL;WLD;USA;CHN;DEU;IND;KOR;JPN;GBR;FRA;BRA;EST/indicator/EG.ELC.ACCS.ZS?format=json&per_page=1000,2026-09-28T17:23:23.270Z,{}
EG.ELC.ACCS.ZS,EG.ELC.ACCS.ZS--pol,Polska,POL,Access to electricity (% of population),1996-12-31,1996,year,1996-01-01,100,% populacji,annual,observed,https://api.worldbank.org/v2/country/POL;WLD;USA;CHN;DEU;IND;KOR;JPN;GBR;FRA;BRA;EST/indicator/EG.ELC.ACCS.ZS?format=json&per_page=1000,2026-09-28T17:23:23.270Z,{}
EG.ELC.ACCS.ZS,EG.ELC.ACCS.ZS--usa,USA,USA,Access to electricity (% of population),1996-12-31,1996,year,1996-01-01,100,% populacji,annual,observed,https://api.worldbank.org/v2/country/POL;WLD;USA;CHN;DEU;IND;KOR;JPN;GBR;FRA;BRA;EST/indicator/EG.ELC.ACCS.ZS?format=json&per_page=1000,2026-09-28T17:23:23.270Z,{}
EG.ELC.ACCS.ZS,EG.ELC.ACCS.ZS--wld,Świat,WLD,Access to electricity (% of population),1996-12-31,1996,year,1996-01-01,,% populacji,annual,observed,https://api.worldbank.org/v2/country/POL;WLD;USA;CHN;DEU;IND;KOR;JPN;GBR;FRA;BRA;EST/indicator/EG.ELC.ACCS.ZS?format=json&per_page=1000,2026-09-28T17:23:23.270Z,{}
EG.ELC.ACCS.ZS,EG.ELC.ACCS.ZS--bra,Brazylia,BRA,Access to electricity (% of population),1997-12-31,1997,year,1997-01-01,93.354139,% populacji,annual,observed,https://api.worldbank.org/v2/country/POL;WLD;USA;CHN;DEU;IND;KOR;JPN;GBR;FRA;BRA;EST/indicator/EG.ELC.ACCS.ZS?format=json&per_page=1000,2026-09-28T17:23:23.270Z,{}
EG.ELC.ACCS.ZS,EG.ELC.ACCS.ZS--chn,Chiny,CHN,Access to electricity (% of population),1997-12-31,1997,year,1997-01-01,,% populacji,annual,observed,https://api.worldbank.org/v2/country/POL;WLD;USA;CHN;DEU;IND;KOR;JPN;GBR;FRA;BRA;EST/indicator/EG.ELC.ACCS.ZS?format=json&per_page=1000,2026-09-28T17:23:23.270Z,{}
EG.ELC.ACCS.ZS,EG.ELC.ACCS.ZS--deu,Niemcy,DEU,Access to electricity (% of population),1997-12-31,1997,year,1997-01-01,100,% populacji,annual,observed,https://api.worldbank.org/v2/country/POL;WLD;USA;CHN;DEU;IND;KOR;JPN;GBR;FRA;BRA;EST/indicator/EG.ELC.ACCS.ZS?format=json&per_page=1000,2026-09-28T17:23:23.270Z,{}
EG.ELC.ACCS.ZS,EG.ELC.ACCS.ZS--est,Estonia,EST,Access to electricity (% of population),1997-12-31,1997,year,1997-01-01,100,% populacji,annual,observed,https://api.worldbank.org/v2/country/POL;WLD;USA;CHN;DEU;IND;KOR;JPN;GBR;FRA;BRA;EST/indicator/EG.ELC.ACCS.ZS?format=json&per_page=1000,2026-09-28T17:23:23.270Z,{}
EG.ELC.ACCS.ZS,EG.ELC.ACCS.ZS--fra,Francja,FRA,Access to electricity (% of population),1997-12-31,1997,year,1997-01-01,100,% populacji,annual,observed,https://api.worldbank.org/v2/country/POL;WLD;USA;CHN;DEU;IND;KOR;JPN;GBR;FRA;BRA;EST/indicator/EG.ELC.ACCS.ZS?format=json&per_page=1000,2026-09-28T17:23:23.270Z,{}
EG.ELC.ACCS.ZS,EG.ELC.ACCS.ZS--gbr,Wielka Brytania,GBR,Access to electricity (% of population),1997-12-31,1997,year,1997-01-01,100,% populacji,annual,observed,https://api.worldbank.org/v2/country/POL;WLD;USA;CHN;DEU;IND;KOR;JPN;GBR;FRA;BRA;EST/indicator/EG.ELC.ACCS.ZS?format=json&per_page=1000,2026-09-28T17:23:23.270Z,{}
EG.ELC.ACCS.ZS,EG.ELC.ACCS.ZS--ind,Indie,IND,Access to electricity (% of population),1997-12-31,1997,year,1997-01-01,54.5948638916016,% populacji,annual,observed,https://api.worldbank.org/v2/country/POL;WLD;USA;CHN;DEU;IND;KOR;JPN;GBR;FRA;BRA;EST/indicator/EG.ELC.ACCS.ZS?format=json&per_page=1000,2026-09-28T17:23:23.270Z,{}
EG.ELC.ACCS.ZS,EG.ELC.ACCS.ZS--jpn,Japonia,JPN,Access to electricity (% of population),1997-12-31,1997,year,1997-01-01,100,% populacji,annual,observed,https://api.worldbank.org/v2/country/POL;WLD;USA;CHN;DEU;IND;KOR;JPN;GBR;FRA;BRA;EST/indicator/EG.ELC.ACCS.ZS?format=json&per_page=1000,2026-09-28T17:23:23.270Z,{}
EG.ELC.ACCS.ZS,EG.ELC.ACCS.ZS--kor,Korea Płd.,KOR,Access to electricity (% of population),1997-12-31,1997,year,1997-01-01,100,% populacji,annual,observed,https://api.worldbank.org/v2/country/POL;WLD;USA;CHN;DEU;IND;KOR;JPN;GBR;FRA;BRA;EST/indicator/EG.ELC.ACCS.ZS?format=json&per_page=1000,2026-09-28T17:23:23.270Z,{}
EG.ELC.ACCS.ZS,EG.ELC.ACCS.ZS--pol,Polska,POL,Access to electricity (% of population),1997-12-31,1997,year,1997-01-01,100,% populacji,annual,observed,https://api.worldbank.org/v2/country/POL;WLD;USA;CHN;DEU;IND;KOR;JPN;GBR;FRA;BRA;EST/indicator/EG.ELC.ACCS.ZS?format=json&per_page=1000,2026-09-28T17:23:23.270Z,{}
EG.ELC.ACCS.ZS,EG.ELC.ACCS.ZS--usa,USA,USA,Access to electricity (% of population),1997-12-31,1997,year,1997-01-01,100,% populacji,annual,observed,https://api.worldbank.org/v2/country/POL;WLD;USA;CHN;DEU;IND;KOR;JPN;GBR;FRA;BRA;EST/indicator/EG.ELC.ACCS.ZS?format=json&per_page=1000,2026-09-28T17:23:23.270Z,{}
EG.ELC.ACCS.ZS,EG.ELC.ACCS.ZS--wld,Świat,WLD,Access to electricity (% of population),1997-12-31,1997,year,1997-01-01,,% populacji,annual,observed,https://api.worldbank.org/v2/country/POL;WLD;USA;CHN;DEU;IND;KOR;JPN;GBR;FRA;BRA;EST/indicator/EG.ELC.ACCS.ZS?format=json&per_page=1000,2026-09-28T17:23:23.270Z,{}
EG.ELC.ACCS.ZS,EG.ELC.ACCS.ZS--bra,Brazylia,BRA,Access to electricity (% of population),1998-12-31,1998,year,1998-01-01,94.193812,% populacji,annual,observed,https://api.worldbank.org/v2/country/POL;WLD;USA;CHN;DEU;IND;KOR;JPN;GBR;FRA;BRA;EST/indicator/EG.ELC.ACCS.ZS?format=json&per_page=1000,2026-09-28T17:23:23.270Z,{}
EG.ELC.ACCS.ZS,EG.ELC.ACCS.ZS--chn,Chiny,CHN,Access to electricity (% of population),1998-12-31,1998,year,1998-01-01,,% populacji,annual,observed,https://api.worldbank.org/v2/country/POL;WLD;USA;CHN;DEU;IND;KOR;JPN;GBR;FRA;BRA;EST/indicator/EG.ELC.ACCS.ZS?format=json&per_page=1000,2026-09-28T17:23:23.270Z,{}
EG.ELC.ACCS.ZS,EG.ELC.ACCS.ZS--deu,Niemcy,DEU,Access to electricity (% of population),1998-12-31,1998,year,1998-01-01,100,% populacji,annual,observed,https://api.worldbank.org/v2/country/POL;WLD;USA;CHN;DEU;IND;KOR;JPN;GBR;FRA;BRA;EST/indicator/EG.ELC.ACCS.ZS?format=json&per_page=1000,2026-09-28T17:23:23.270Z,{}
EG.ELC.ACCS.ZS,EG.ELC.ACCS.ZS--est,Estonia,EST,Access to electricity (% of population),1998-12-31,1998,year,1998-01-01,100,% populacji,annual,observed,https://api.worldbank.org/v2/country/POL;WLD;USA;CHN;DEU;IND;KOR;JPN;GBR;FRA;BRA;EST/indicator/EG.ELC.ACCS.ZS?format=json&per_page=1000,2026-09-28T17:23:23.270Z,{}
EG.ELC.ACCS.ZS,EG.ELC.ACCS.ZS--fra,Francja,FRA,Access to electricity (% of population),1998-12-31,1998,year,1998-01-01,100,% populacji,annual,observed,https://api.worldbank.org/v2/country/POL;WLD;USA;CHN;DEU;IND;KOR;JPN;GBR;FRA;BRA;EST/indicator/EG.ELC.ACCS.ZS?format=json&per_page=1000,2026-09-28T17:23:23.270Z,{}
EG.ELC.ACCS.ZS,EG.ELC.ACCS.ZS--gbr,Wielka Brytania,GBR,Access to electricity (% of population),1998-12-31,1998,year,1998-01-01,100,% populacji,annual,observed,https://api.worldbank.org/v2/country/POL;WLD;USA;CHN;DEU;IND;KOR;JPN;GBR;FRA;BRA;EST/indicator/EG.ELC.ACCS.ZS?format=json&per_page=1000,2026-09-28T17:23:23.270Z,{}
EG.ELC.ACCS.ZS,EG.ELC.ACCS.ZS--ind,Indie,IND,Access to electricity (% of population),1998-12-31,1998,year,1998-01-01,56.1821327209473,% populacji,annual,observed,https://api.worldbank.org/v2/country/POL;WLD;USA;CHN;DEU;IND;KOR;JPN;GBR;FRA;BRA;EST/indicator/EG.ELC.ACCS.ZS?format=json&per_page=1000,2026-09-28T17:23:23.270Z,{}
EG.ELC.ACCS.ZS,EG.ELC.ACCS.ZS--jpn,Japonia,JPN,Access to electricity (% of population),1998-12-31,1998,year,1998-01-01,100,% populacji,annual,observed,https://api.worldbank.org/v2/country/POL;WLD;USA;CHN;DEU;IND;KOR;JPN;GBR;FRA;BRA;EST/indicator/EG.ELC.ACCS.ZS?format=json&per_page=1000,2026-09-28T17:23:23.270Z,{}
EG.ELC.ACCS.ZS,EG.ELC.ACCS.ZS--kor,Korea Płd.,KOR,Access to electricity (% of population),1998-12-31,1998,year,1998-01-01,100,% populacji,annual,observed,https://api.worldbank.org/v2/country/POL;WLD;USA;CHN;DEU;IND;KOR;JPN;GBR;FRA;BRA;EST/indicator/EG.ELC.ACCS.ZS?format=json&per_page=1000,2026-09-28T17:23:23.270Z,{}
EG.ELC.ACCS.ZS,EG.ELC.ACCS.ZS--pol,Polska,POL,Access to electricity (% of population),1998-12-31,1998,year,1998-01-01,100,% populacji,annual,observed,https://api.worldbank.org/v2/country/POL;WLD;USA;CHN;DEU;IND;KOR;JPN;GBR;FRA;BRA;EST/indicator/EG.ELC.ACCS.ZS?format=json&per_page=1000,2026-09-28T17:23:23.270Z,{}
EG.ELC.ACCS.ZS,EG.ELC.ACCS.ZS--usa,USA,USA,Access to electricity (% of population),1998-12-31,1998,year,1998-01-01,100,% populacji,annual,observed,https://api.worldbank.org/v2/country/POL;WLD;USA;CHN;DEU;IND;KOR;JPN;GBR;FRA;BRA;EST/indicator/EG.ELC.ACCS.ZS?format=json&per_page=1000,2026-09-28T17:23:23.270Z,{}
EG.ELC.ACCS.ZS,EG.ELC.ACCS.ZS--wld,Świat,WLD,Access to electricity (% of population),1998-12-31,1998,year,1998-01-01,73.2005808465702,% populacji,annual,observed,https://api.worldbank.org/v2/country/POL;WLD;USA;CHN;DEU;IND;KOR;JPN;GBR;FRA;BRA;EST/indicator/EG.ELC.ACCS.ZS?format=json&per_page=1000,2026-09-28T17:23:23.270Z,{}
EG.ELC.ACCS.ZS,EG.ELC.ACCS.ZS--bra,Brazylia,BRA,Access to electricity (% of population),1999-12-31,1999,year,1999-01-01,94.76296,% populacji,annual,observed,https://api.worldbank.org/v2/country/POL;WLD;USA;CHN;DEU;IND;KOR;JPN;GBR;FRA;BRA;EST/indicator/EG.ELC.ACCS.ZS?format=json&per_page=1000,2026-09-28T17:23:23.270Z,{}
EG.ELC.ACCS.ZS,EG.ELC.ACCS.ZS--chn,Chiny,CHN,Access to electricity (% of population),1999-12-31,1999,year,1999-01-01,,% populacji,annual,observed,https://api.worldbank.org/v2/country/POL;WLD;USA;CHN;DEU;IND;KOR;JPN;GBR;FRA;BRA;EST/indicator/EG.ELC.ACCS.ZS?format=json&per_page=1000,2026-09-28T17:23:23.270Z,{}
EG.ELC.ACCS.ZS,EG.ELC.ACCS.ZS--deu,Niemcy,DEU,Access to electricity (% of population),1999-12-31,1999,year,1999-01-01,100,% populacji,annual,observed,https://api.worldbank.org/v2/country/POL;WLD;USA;CHN;DEU;IND;KOR;JPN;GBR;FRA;BRA;EST/indicator/EG.ELC.ACCS.ZS?format=json&per_page=1000,2026-09-28T17:23:23.270Z,{}
EG.ELC.ACCS.ZS,EG.ELC.ACCS.ZS--est,Estonia,EST,Access to electricity (% of population),1999-12-31,1999,year,1999-01-01,100,% populacji,annual,observed,https://api.worldbank.org/v2/country/POL;WLD;USA;CHN;DEU;IND;KOR;JPN;GBR;FRA;BRA;EST/indicator/EG.ELC.ACCS.ZS?format=json&per_page=1000,2026-09-28T17:23:23.270Z,{}
EG.ELC.ACCS.ZS,EG.ELC.ACCS.ZS--fra,Francja,FRA,Access to electricity (% of population),1999-12-31,1999,year,1999-01-01,100,% populacji,annual,observed,https://api.worldbank.org/v2/country/POL;WLD;USA;CHN;DEU;IND;KOR;JPN;GBR;FRA;BRA;EST/indicator/EG.ELC.ACCS.ZS?format=json&per_page=1000,2026-09-28T17:23:23.270Z,{}
EG.ELC.ACCS.ZS,EG.ELC.ACCS.ZS--gbr,Wielka Brytania,GBR,Access to electricity (% of population),1999-12-31,1999,year,1999-01-01,100,% populacji,annual,observed,https://api.worldbank.org/v2/country/POL;WLD;USA;CHN;DEU;IND;KOR;JPN;GBR;FRA;BRA;EST/indicator/EG.ELC.ACCS.ZS?format=json&per_page=1000,2026-09-28T17:23:23.270Z,{}
EG.ELC.ACCS.ZS,EG.ELC.ACCS.ZS--ind,Indie,IND,Access to electricity (% of population),1999-12-31,1999,year,1999-01-01,60.1,% populacji,annual,observed,https://api.worldbank.org/v2/country/POL;WLD;USA;CHN;DEU;IND;KOR;JPN;GBR;FRA;BRA;EST/indicator/EG.ELC.ACCS.ZS?format=json&per_page=1000,2026-09-28T17:23:23.270Z,{}
EG.ELC.ACCS.ZS,EG.ELC.ACCS.ZS--jpn,Japonia,JPN,Access to electricity (% of population),1999-12-31,1999,year,1999-01-01,100,% populacji,annual,observed,https://api.worldbank.org/v2/country/POL;WLD;USA;CHN;DEU;IND;KOR;JPN;GBR;FRA;BRA;EST/indicator/EG.ELC.ACCS.ZS?format=json&per_page=1000,2026-09-28T17:23:23.270Z,{}
EG.ELC.ACCS.ZS,EG.ELC.ACCS.ZS--kor,Korea Płd.,KOR,Access to electricity (% of population),1999-12-31,1999,year,1999-01-01,100,% populacji,annual,observed,https://api.worldbank.org/v2/country/POL;WLD;USA;CHN;DEU;IND;KOR;JPN;GBR;FRA;BRA;EST/indicator/EG.ELC.ACCS.ZS?format=json&per_page=1000,2026-09-28T17:23:23.270Z,{}
EG.ELC.ACCS.ZS,EG.ELC.ACCS.ZS--pol,Polska,POL,Access to electricity (% of population),1999-12-31,1999,year,1999-01-01,100,% populacji,annual,observed,https://api.worldbank.org/v2/country/POL;WLD;USA;CHN;DEU;IND;KOR;JPN;GBR;FRA;BRA;EST/indicator/EG.ELC.ACCS.ZS?format=json&per_page=1000,2026-09-28T17:23:23.270Z,{}
EG.ELC.ACCS.ZS,EG.ELC.ACCS.ZS--usa,USA,USA,Access to electricity (% of population),1999-12-31,1999,year,1999-01-01,100,% populacji,annual,observed,https://api.worldbank.org/v2/country/POL;WLD;USA;CHN;DEU;IND;KOR;JPN;GBR;FRA;BRA;EST/indicator/EG.ELC.ACCS.ZS?format=json&per_page=1000,2026-09-28T17:23:23.270Z,{}
EG.ELC.ACCS.ZS,EG.ELC.ACCS.ZS--wld,Świat,WLD,Access to electricity (% of population),1999-12-31,1999,year,1999-01-01,74.5078582821173,% populacji,annual,observed,https://api.worldbank.org/v2/country/POL;WLD;USA;CHN;DEU;IND;KOR;JPN;GBR;FRA;BRA;EST/indicator/EG.ELC.ACCS.ZS?format=json&per_page=1000,2026-09-28T17:23:23.270Z,{}
EG.ELC.ACCS.ZS,EG.ELC.ACCS.ZS--bra,Brazylia,BRA,Access to electricity (% of population),2000-12-31,2000,year,2000-01-01,94.4,% populacji,annual,observed,https://api.worldbank.org/v2/country/POL;WLD;USA;CHN;DEU;IND;KOR;JPN;GBR;FRA;BRA;EST/indicator/EG.ELC.ACCS.ZS?format=json&per_page=1000,2026-09-28T17:23:23.270Z,{}
EG.ELC.ACCS.ZS,EG.ELC.ACCS.ZS--chn,Chiny,CHN,Access to electricity (% of population),2000-12-31,2000,year,2000-01-01,96.7,% populacji,annual,observed,https://api.worldbank.org/v2/country/POL;WLD;USA;CHN;DEU;IND;KOR;JPN;GBR;FRA;BRA;EST/indicator/EG.ELC.ACCS.ZS?format=json&per_page=1000,2026-09-28T17:23:23.270Z,{}
EG.ELC.ACCS.ZS,EG.ELC.ACCS.ZS--deu,Niemcy,DEU,Access to electricity (% of population),2000-12-31,2000,year,2000-01-01,100,% populacji,annual,observed,https://api.worldbank.org/v2/country/POL;WLD;USA;CHN;DEU;IND;KOR;JPN;GBR;FRA;BRA;EST/indicator/EG.ELC.ACCS.ZS?format=json&per_page=1000,2026-09-28T17:23:23.270Z,{}
EG.ELC.ACCS.ZS,EG.ELC.ACCS.ZS--est,Estonia,EST,Access to electricity (% of population),2000-12-31,2000,year,2000-01-01,100,% populacji,annual,observed,https://api.worldbank.org/v2/country/POL;WLD;USA;CHN;DEU;IND;KOR;JPN;GBR;FRA;BRA;EST/indicator/EG.ELC.ACCS.ZS?format=json&per_page=1000,2026-09-28T17:23:23.270Z,{}
EG.ELC.ACCS.ZS,EG.ELC.ACCS.ZS--fra,Francja,FRA,Access to electricity (% of population),2000-12-31,2000,year,2000-01-01,100,% populacji,annual,observed,https://api.worldbank.org/v2/country/POL;WLD;USA;CHN;DEU;IND;KOR;JPN;GBR;FRA;BRA;EST/indicator/EG.ELC.ACCS.ZS?format=json&per_page=1000,2026-09-28T17:23:23.270Z,{}
EG.ELC.ACCS.ZS,EG.ELC.ACCS.ZS--gbr,Wielka Brytania,GBR,Access to electricity (% of population),2000-12-31,2000,year,2000-01-01,100,% populacji,annual,observed,https://api.worldbank.org/v2/country/POL;WLD;USA;CHN;DEU;IND;KOR;JPN;GBR;FRA;BRA;EST/indicator/EG.ELC.ACCS.ZS?format=json&per_page=1000,2026-09-28T17:23:23.270Z,{}
EG.ELC.ACCS.ZS,EG.ELC.ACCS.ZS--ind,Indie,IND,Access to electricity (% of population),2000-12-31,2000,year,2000-01-01,60.3,% populacji,annual,observed,https://api.worldbank.org/v2/country/POL;WLD;USA;CHN;DEU;IND;KOR;JPN;GBR;FRA;BRA;EST/indicator/EG.ELC.ACCS.ZS?format=json&per_page=1000,2026-09-28T17:23:23.270Z,{}
EG.ELC.ACCS.ZS,EG.ELC.ACCS.ZS--jpn,Japonia,JPN,Access to electricity (% of population),2000-12-31,2000,year,2000-01-01,100,% populacji,annual,observed,https://api.worldbank.org/v2/country/POL;WLD;USA;CHN;DEU;IND;KOR;JPN;GBR;FRA;BRA;EST/indicator/EG.ELC.ACCS.ZS?format=json&per_page=1000,2026-09-28T17:23:23.270Z,{}
EG.ELC.ACCS.ZS,EG.ELC.ACCS.ZS--kor,Korea Płd.,KOR,Access to electricity (% of population),2000-12-31,2000,year,2000-01-01,100,% populacji,annual,observed,https://api.worldbank.org/v2/country/POL;WLD;USA;CHN;DEU;IND;KOR;JPN;GBR;FRA;BRA;EST/indicator/EG.ELC.ACCS.ZS?format=json&per_page=1000,2026-09-28T17:23:23.270Z,{}
EG.ELC.ACCS.ZS,EG.ELC.ACCS.ZS--pol,Polska,POL,Access to electricity (% of population),2000-12-31,2000,year,2000-01-01,100,% populacji,annual,observed,https://api.worldbank.org/v2/country/POL;WLD;USA;CHN;DEU;IND;KOR;JPN;GBR;FRA;BRA;EST/indicator/EG.ELC.ACCS.ZS?format=json&per_page=1000,2026-09-28T17:23:23.270Z,{}
EG.ELC.ACCS.ZS,EG.ELC.ACCS.ZS--usa,USA,USA,Access to electricity (% of population),2000-12-31,2000,year,2000-01-01,100,% populacji,annual,observed,https://api.worldbank.org/v2/country/POL;WLD;USA;CHN;DEU;IND;KOR;JPN;GBR;FRA;BRA;EST/indicator/EG.ELC.ACCS.ZS?format=json&per_page=1000,2026-09-28T17:23:23.270Z,{}
EG.ELC.ACCS.ZS,EG.ELC.ACCS.ZS--wld,Świat,WLD,Access to electricity (% of population),2000-12-31,2000,year,2000-01-01,78.224965031972,% populacji,annual,observed,https://api.worldbank.org/v2/country/POL;WLD;USA;CHN;DEU;IND;KOR;JPN;GBR;FRA;BRA;EST/indicator/EG.ELC.ACCS.ZS?format=json&per_page=1000,2026-09-28T17:23:23.270Z,{}
EG.ELC.ACCS.ZS,EG.ELC.ACCS.ZS--bra,Brazylia,BRA,Access to electricity (% of population),2001-12-31,2001,year,2001-01-01,96,% populacji,annual,observed,https://api.worldbank.org/v2/country/POL;WLD;USA;CHN;DEU;IND;KOR;JPN;GBR;FRA;BRA;EST/indicator/EG.ELC.ACCS.ZS?format=json&per_page=1000,2026-09-28T17:23:23.270Z,{}
EG.ELC.ACCS.ZS,EG.ELC.ACCS.ZS--chn,Chiny,CHN,Access to electricity (% of population),2001-12-31,2001,year,2001-01-01,97,% populacji,annual,observed,https://api.worldbank.org/v2/country/POL;WLD;USA;CHN;DEU;IND;KOR;JPN;GBR;FRA;BRA;EST/indicator/EG.ELC.ACCS.ZS?format=json&per_page=1000,2026-09-28T17:23:23.270Z,{}
EG.ELC.ACCS.ZS,EG.ELC.ACCS.ZS--deu,Niemcy,DEU,Access to electricity (% of population),2001-12-31,2001,year,2001-01-01,100,% populacji,annual,observed,https://api.worldbank.org/v2/country/POL;WLD;USA;CHN;DEU;IND;KOR;JPN;GBR;FRA;BRA;EST/indicator/EG.ELC.ACCS.ZS?format=json&per_page=1000,2026-09-28T17:23:23.270Z,{}
EG.ELC.ACCS.ZS,EG.ELC.ACCS.ZS--est,Estonia,EST,Access to electricity (% of population),2001-12-31,2001,year,2001-01-01,100,% populacji,annual,observed,https://api.worldbank.org/v2/country/POL;WLD;USA;CHN;DEU;IND;KOR;JPN;GBR;FRA;BRA;EST/indicator/EG.ELC.ACCS.ZS?format=json&per_page=1000,2026-09-28T17:23:23.270Z,{}
EG.ELC.ACCS.ZS,EG.ELC.ACCS.ZS--fra,Francja,FRA,Access to electricity (% of population),2001-12-31,2001,year,2001-01-01,100,% populacji,annual,observed,https://api.worldbank.org/v2/country/POL;WLD;USA;CHN;DEU;IND;KOR;JPN;GBR;FRA;BRA;EST/indicator/EG.ELC.ACCS.ZS?format=json&per_page=1000,2026-09-28T17:23:23.270Z,{}
EG.ELC.ACCS.ZS,EG.ELC.ACCS.ZS--gbr,Wielka Brytania,GBR,Access to electricity (% of population),2001-12-31,2001,year,2001-01-01,100,% populacji,annual,observed,https://api.worldbank.org/v2/country/POL;WLD;USA;CHN;DEU;IND;KOR;JPN;GBR;FRA;BRA;EST/indicator/EG.ELC.ACCS.ZS?format=json&per_page=1000,2026-09-28T17:23:23.270Z,{}
EG.ELC.ACCS.ZS,EG.ELC.ACCS.ZS--ind,Indie,IND,Access to electricity (% of population),2001-12-31,2001,year,2001-01-01,62,% populacji,annual,observed,https://api.worldbank.org/v2/country/POL;WLD;USA;CHN;DEU;IND;KOR;JPN;GBR;FRA;BRA;EST/indicator/EG.ELC.ACCS.ZS?format=json&per_page=1000,2026-09-28T17:23:23.270Z,{}
EG.ELC.ACCS.ZS,EG.ELC.ACCS.ZS--jpn,Japonia,JPN,Access to electricity (% of population),2001-12-31,2001,year,2001-01-01,100,% populacji,annual,observed,https://api.worldbank.org/v2/country/POL;WLD;USA;CHN;DEU;IND;KOR;JPN;GBR;FRA;BRA;EST/indicator/EG.ELC.ACCS.ZS?format=json&per_page=1000,2026-09-28T17:23:23.270Z,{}
EG.ELC.ACCS.ZS,EG.ELC.ACCS.ZS--kor,Korea Płd.,KOR,Access to electricity (% of population),2001-12-31,2001,year,2001-01-01,100,% populacji,annual,observed,https://api.worldbank.org/v2/country/POL;WLD;USA;CHN;DEU;IND;KOR;JPN;GBR;FRA;BRA;EST/indicator/EG.ELC.ACCS.ZS?format=json&per_page=1000,2026-09-28T17:23:23.270Z,{}
EG.ELC.ACCS.ZS,EG.ELC.ACCS.ZS--pol,Polska,POL,Access to electricity (% of population),2001-12-31,2001,year,2001-01-01,100,% populacji,annual,observed,https://api.worldbank.org/v2/country/POL;WLD;USA;CHN;DEU;IND;KOR;JPN;GBR;FRA;BRA;EST/indicator/EG.ELC.ACCS.ZS?format=json&per_page=1000,2026-09-28T17:23:23.270Z,{}
EG.ELC.ACCS.ZS,EG.ELC.ACCS.ZS--usa,USA,USA,Access to electricity (% of population),2001-12-31,2001,year,2001-01-01,100,% populacji,annual,observed,https://api.worldbank.org/v2/country/POL;WLD;USA;CHN;DEU;IND;KOR;JPN;GBR;FRA;BRA;EST/indicator/EG.ELC.ACCS.ZS?format=json&per_page=1000,2026-09-28T17:23:23.270Z,{}
EG.ELC.ACCS.ZS,EG.ELC.ACCS.ZS--wld,Świat,WLD,Access to electricity (% of population),2001-12-31,2001,year,2001-01-01,78.718809926323,% populacji,annual,observed,https://api.worldbank.org/v2/country/POL;WLD;USA;CHN;DEU;IND;KOR;JPN;GBR;FRA;BRA;EST/indicator/EG.ELC.ACCS.ZS?format=json&per_page=1000,2026-09-28T17:23:23.270Z,{}
EG.ELC.ACCS.ZS,EG.ELC.ACCS.ZS--bra,Brazylia,BRA,Access to electricity (% of population),2002-12-31,2002,year,2002-01-01,96.7,% populacji,annual,observed,https://api.worldbank.org/v2/country/POL;WLD;USA;CHN;DEU;IND;KOR;JPN;GBR;FRA;BRA;EST/indicator/EG.ELC.ACCS.ZS?format=json&per_page=1000,2026-09-28T17:23:23.270Z,{}
EG.ELC.ACCS.ZS,EG.ELC.ACCS.ZS--chn,Chiny,CHN,Access to electricity (% of population),2002-12-31,2002,year,2002-01-01,97.2,% populacji,annual,observed,https://api.worldbank.org/v2/country/POL;WLD;USA;CHN;DEU;IND;KOR;JPN;GBR;FRA;BRA;EST/indicator/EG.ELC.ACCS.ZS?format=json&per_page=1000,2026-09-28T17:23:23.270Z,{}
EG.ELC.ACCS.ZS,EG.ELC.ACCS.ZS--deu,Niemcy,DEU,Access to electricity (% of population),2002-12-31,2002,year,2002-01-01,100,% populacji,annual,observed,https://api.worldbank.org/v2/country/POL;WLD;USA;CHN;DEU;IND;KOR;JPN;GBR;FRA;BRA;EST/indicator/EG.ELC.ACCS.ZS?format=json&per_page=1000,2026-09-28T17:23:23.270Z,{}
EG.ELC.ACCS.ZS,EG.ELC.ACCS.ZS--est,Estonia,EST,Access to electricity (% of population),2002-12-31,2002,year,2002-01-01,100,% populacji,annual,observed,https://api.worldbank.org/v2/country/POL;WLD;USA;CHN;DEU;IND;KOR;JPN;GBR;FRA;BRA;EST/indicator/EG.ELC.ACCS.ZS?format=json&per_page=1000,2026-09-28T17:23:23.270Z,{}
EG.ELC.ACCS.ZS,EG.ELC.ACCS.ZS--fra,Francja,FRA,Access to electricity (% of population),2002-12-31,2002,year,2002-01-01,100,% populacji,annual,observed,https://api.worldbank.org/v2/country/POL;WLD;USA;CHN;DEU;IND;KOR;JPN;GBR;FRA;BRA;EST/indicator/EG.ELC.ACCS.ZS?format=json&per_page=1000,2026-09-28T17:23:23.270Z,{}
EG.ELC.ACCS.ZS,EG.ELC.ACCS.ZS--gbr,Wielka Brytania,GBR,Access to electricity (% of population),2002-12-31,2002,year,2002-01-01,100,% populacji,annual,observed,https://api.worldbank.org/v2/country/POL;WLD;USA;CHN;DEU;IND;KOR;JPN;GBR;FRA;BRA;EST/indicator/EG.ELC.ACCS.ZS?format=json&per_page=1000,2026-09-28T17:23:23.270Z,{}
EG.ELC.ACCS.ZS,EG.ELC.ACCS.ZS--ind,Indie,IND,Access to electricity (% of population),2002-12-31,2002,year,2002-01-01,62.3,% populacji,annual,observed,https://api.worldbank.org/v2/country/POL;WLD;USA;CHN;DEU;IND;KOR;JPN;GBR;FRA;BRA;EST/indicator/EG.ELC.ACCS.ZS?format=json&per_page=1000,2026-09-28T17:23:23.270Z,{}
EG.ELC.ACCS.ZS,EG.ELC.ACCS.ZS--jpn,Japonia,JPN,Access to electricity (% of population),2002-12-31,2002,year,2002-01-01,100,% populacji,annual,observed,https://api.worldbank.org/v2/country/POL;WLD;USA;CHN;DEU;IND;KOR;JPN;GBR;FRA;BRA;EST/indicator/EG.ELC.ACCS.ZS?format=json&per_page=1000,2026-09-28T17:23:23.270Z,{}
EG.ELC.ACCS.ZS,EG.ELC.ACCS.ZS--kor,Korea Płd.,KOR,Access to electricity (% of population),2002-12-31,2002,year,2002-01-01,100,% populacji,annual,observed,https://api.worldbank.org/v2/country/POL;WLD;USA;CHN;DEU;IND;KOR;JPN;GBR;FRA;BRA;EST/indicator/EG.ELC.ACCS.ZS?format=json&per_page=1000,2026-09-28T17:23:23.270Z,{}
EG.ELC.ACCS.ZS,EG.ELC.ACCS.ZS--pol,Polska,POL,Access to electricity (% of population),2002-12-31,2002,year,2002-01-01,100,% populacji,annual,observed,https://api.worldbank.org/v2/country/POL;WLD;USA;CHN;DEU;IND;KOR;JPN;GBR;FRA;BRA;EST/indicator/EG.ELC.ACCS.ZS?format=json&per_page=1000,2026-09-28T17:23:23.270Z,{}
EG.ELC.ACCS.ZS,EG.ELC.ACCS.ZS--usa,USA,USA,Access to electricity (% of population),2002-12-31,2002,year,2002-01-01,100,% populacji,annual,observed,https://api.worldbank.org/v2/country/POL;WLD;USA;CHN;DEU;IND;KOR;JPN;GBR;FRA;BRA;EST/indicator/EG.ELC.ACCS.ZS?format=json&per_page=1000,2026-09-28T17:23:23.270Z,{}
EG.ELC.ACCS.ZS,EG.ELC.ACCS.ZS--wld,Świat,WLD,Access to electricity (% of population),2002-12-31,2002,year,2002-01-01,79.1043589102051,% populacji,annual,observed,https://api.worldbank.org/v2/country/POL;WLD;USA;CHN;DEU;IND;KOR;JPN;GBR;FRA;BRA;EST/indicator/EG.ELC.ACCS.ZS?format=json&per_page=1000,2026-09-28T17:23:23.270Z,{}
EG.ELC.ACCS.ZS,EG.ELC.ACCS.ZS--bra,Brazylia,BRA,Access to electricity (% of population),2003-12-31,2003,year,2003-01-01,97,% populacji,annual,observed,https://api.worldbank.org/v2/country/POL;WLD;USA;CHN;DEU;IND;KOR;JPN;GBR;FRA;BRA;EST/indicator/EG.ELC.ACCS.ZS?format=json&per_page=1000,2026-09-28T17:23:23.270Z,{}
EG.ELC.ACCS.ZS,EG.ELC.ACCS.ZS--chn,Chiny,CHN,Access to electricity (% of population),2003-12-31,2003,year,2003-01-01,97.4,% populacji,annual,observed,https://api.worldbank.org/v2/country/POL;WLD;USA;CHN;DEU;IND;KOR;JPN;GBR;FRA;BRA;EST/indicator/EG.ELC.ACCS.ZS?format=json&per_page=1000,2026-09-28T17:23:23.270Z,{}
EG.ELC.ACCS.ZS,EG.ELC.ACCS.ZS--deu,Niemcy,DEU,Access to electricity (% of population),2003-12-31,2003,year,2003-01-01,100,% populacji,annual,observed,https://api.worldbank.org/v2/country/POL;WLD;USA;CHN;DEU;IND;KOR;JPN;GBR;FRA;BRA;EST/indicator/EG.ELC.ACCS.ZS?format=json&per_page=1000,2026-09-28T17:23:23.270Z,{}
EG.ELC.ACCS.ZS,EG.ELC.ACCS.ZS--est,Estonia,EST,Access to electricity (% of population),2003-12-31,2003,year,2003-01-01,100,% populacji,annual,observed,https://api.worldbank.org/v2/country/POL;WLD;USA;CHN;DEU;IND;KOR;JPN;GBR;FRA;BRA;EST/indicator/EG.ELC.ACCS.ZS?format=json&per_page=1000,2026-09-28T17:23:23.270Z,{}
EG.ELC.ACCS.ZS,EG.ELC.ACCS.ZS--fra,Francja,FRA,Access to electricity (% of population),2003-12-31,2003,year,2003-01-01,100,% populacji,annual,observed,https://api.worldbank.org/v2/country/POL;WLD;USA;CHN;DEU;IND;KOR;JPN;GBR;FRA;BRA;EST/indicator/EG.ELC.ACCS.ZS?format=json&per_page=1000,2026-09-28T17:23:23.270Z,{}
EG.ELC.ACCS.ZS,EG.ELC.ACCS.ZS--gbr,Wielka Brytania,GBR,Access to electricity (% of population),2003-12-31,2003,year,2003-01-01,100,% populacji,annual,observed,https://api.worldbank.org/v2/country/POL;WLD;USA;CHN;DEU;IND;KOR;JPN;GBR;FRA;BRA;EST/indicator/EG.ELC.ACCS.ZS?format=json&per_page=1000,2026-09-28T17:23:23.270Z,{}
EG.ELC.ACCS.ZS,EG.ELC.ACCS.ZS--ind,Indie,IND,Access to electricity (% of population),2003-12-31,2003,year,2003-01-01,65.4,% populacji,annual,observed,https://api.worldbank.org/v2/country/POL;WLD;USA;CHN;DEU;IND;KOR;JPN;GBR;FRA;BRA;EST/indicator/EG.ELC.ACCS.ZS?format=json&per_page=1000,2026-09-28T17:23:23.270Z,{}
EG.ELC.ACCS.ZS,EG.ELC.ACCS.ZS--jpn,Japonia,JPN,Access to electricity (% of population),2003-12-31,2003,year,2003-01-01,100,% populacji,annual,observed,https://api.worldbank.org/v2/country/POL;WLD;USA;CHN;DEU;IND;KOR;JPN;GBR;FRA;BRA;EST/indicator/EG.ELC.ACCS.ZS?format=json&per_page=1000,2026-09-28T17:23:23.270Z,{}
EG.ELC.ACCS.ZS,EG.ELC.ACCS.ZS--kor,Korea Płd.,KOR,Access to electricity (% of population),2003-12-31,2003,year,2003-01-01,100,% populacji,annual,observed,https://api.worldbank.org/v2/country/POL;WLD;USA;CHN;DEU;IND;KOR;JPN;GBR;FRA;BRA;EST/indicator/EG.ELC.ACCS.ZS?format=json&per_page=1000,2026-09-28T17:23:23.270Z,{}
EG.ELC.ACCS.ZS,EG.ELC.ACCS.ZS--pol,Polska,POL,Access to electricity (% of population),2003-12-31,2003,year,2003-01-01,99.9,% populacji,annual,observed,https://api.worldbank.org/v2/country/POL;WLD;USA;CHN;DEU;IND;KOR;JPN;GBR;FRA;BRA;EST/indicator/EG.ELC.ACCS.ZS?format=json&per_page=1000,2026-09-28T17:23:23.270Z,{}
EG.ELC.ACCS.ZS,EG.ELC.ACCS.ZS--usa,USA,USA,Access to electricity (% of population),2003-12-31,2003,year,2003-01-01,100,% populacji,annual,observed,https://api.worldbank.org/v2/country/POL;WLD;USA;CHN;DEU;IND;KOR;JPN;GBR;FRA;BRA;EST/indicator/EG.ELC.ACCS.ZS?format=json&per_page=1000,2026-09-28T17:23:23.270Z,{}
EG.ELC.ACCS.ZS,EG.ELC.ACCS.ZS--wld,Świat,WLD,Access to electricity (% of population),2003-12-31,2003,year,2003-01-01,79.9684714685475,% populacji,annual,observed,https://api.worldbank.org/v2/country/POL;WLD;USA;CHN;DEU;IND;KOR;JPN;GBR;FRA;BRA;EST/indicator/EG.ELC.ACCS.ZS?format=json&per_page=1000,2026-09-28T17:23:23.270Z,{}
EG.ELC.ACCS.ZS,EG.ELC.ACCS.ZS--bra,Brazylia,BRA,Access to electricity (% of population),2004-12-31,2004,year,2004-01-01,96.8,% populacji,annual,observed,https://api.worldbank.org/v2/country/POL;WLD;USA;CHN;DEU;IND;KOR;JPN;GBR;FRA;BRA;EST/indicator/EG.ELC.ACCS.ZS?format=json&per_page=1000,2026-09-28T17:23:23.270Z,{}
EG.ELC.ACCS.ZS,EG.ELC.ACCS.ZS--chn,Chiny,CHN,Access to electricity (% of population),2004-12-31,2004,year,2004-01-01,97.7,% populacji,annual,observed,https://api.worldbank.org/v2/country/POL;WLD;USA;CHN;DEU;IND;KOR;JPN;GBR;FRA;BRA;EST/indicator/EG.ELC.ACCS.ZS?format=json&per_page=1000,2026-09-28T17:23:23.270Z,{}
EG.ELC.ACCS.ZS,EG.ELC.ACCS.ZS--deu,Niemcy,DEU,Access to electricity (% of population),2004-12-31,2004,year,2004-01-01,100,% populacji,annual,observed,https://api.worldbank.org/v2/country/POL;WLD;USA;CHN;DEU;IND;KOR;JPN;GBR;FRA;BRA;EST/indicator/EG.ELC.ACCS.ZS?format=json&per_page=1000,2026-09-28T17:23:23.270Z,{}
EG.ELC.ACCS.ZS,EG.ELC.ACCS.ZS--est,Estonia,EST,Access to electricity (% of population),2004-12-31,2004,year,2004-01-01,100,% populacji,annual,observed,https://api.worldbank.org/v2/country/POL;WLD;USA;CHN;DEU;IND;KOR;JPN;GBR;FRA;BRA;EST/indicator/EG.ELC.ACCS.ZS?format=json&per_page=1000,2026-09-28T17:23:23.270Z,{}
EG.ELC.ACCS.ZS,EG.ELC.ACCS.ZS--fra,Francja,FRA,Access to electricity (% of population),2004-12-31,2004,year,2004-01-01,100,% populacji,annual,observed,https://api.worldbank.org/v2/country/POL;WLD;USA;CHN;DEU;IND;KOR;JPN;GBR;FRA;BRA;EST/indicator/EG.ELC.ACCS.ZS?format=json&per_page=1000,2026-09-28T17:23:23.270Z,{}
EG.ELC.ACCS.ZS,EG.ELC.ACCS.ZS--gbr,Wielka Brytania,GBR,Access to electricity (% of population),2004-12-31,2004,year,2004-01-01,100,% populacji,annual,observed,https://api.worldbank.org/v2/country/POL;WLD;USA;CHN;DEU;IND;KOR;JPN;GBR;FRA;BRA;EST/indicator/EG.ELC.ACCS.ZS?format=json&per_page=1000,2026-09-28T17:23:23.270Z,{}
EG.ELC.ACCS.ZS,EG.ELC.ACCS.ZS--ind,Indie,IND,Access to electricity (% of population),2004-12-31,2004,year,2004-01-01,64.4,% populacji,annual,observed,https://api.worldbank.org/v2/country/POL;WLD;USA;CHN;DEU;IND;KOR;JPN;GBR;FRA;BRA;EST/indicator/EG.ELC.ACCS.ZS?format=json&per_page=1000,2026-09-28T17:23:23.270Z,{}
EG.ELC.ACCS.ZS,EG.ELC.ACCS.ZS--jpn,Japonia,JPN,Access to electricity (% of population),2004-12-31,2004,year,2004-01-01,100,% populacji,annual,observed,https://api.worldbank.org/v2/country/POL;WLD;USA;CHN;DEU;IND;KOR;JPN;GBR;FRA;BRA;EST/indicator/EG.ELC.ACCS.ZS?format=json&per_page=1000,2026-09-28T17:23:23.270Z,{}
EG.ELC.ACCS.ZS,EG.ELC.ACCS.ZS--kor,Korea Płd.,KOR,Access to electricity (% of population),2004-12-31,2004,year,2004-01-01,100,% populacji,annual,observed,https://api.worldbank.org/v2/country/POL;WLD;USA;CHN;DEU;IND;KOR;JPN;GBR;FRA;BRA;EST/indicator/EG.ELC.ACCS.ZS?format=json&per_page=1000,2026-09-28T17:23:23.270Z,{}
EG.ELC.ACCS.ZS,EG.ELC.ACCS.ZS--pol,Polska,POL,Access to electricity (% of population),2004-12-31,2004,year,2004-01-01,99.9,% populacji,annual,observed,https://api.worldbank.org/v2/country/POL;WLD;USA;CHN;DEU;IND;KOR;JPN;GBR;FRA;BRA;EST/indicator/EG.ELC.ACCS.ZS?format=json&per_page=1000,2026-09-28T17:23:23.270Z,{}
EG.ELC.ACCS.ZS,EG.ELC.ACCS.ZS--usa,USA,USA,Access to electricity (% of population),2004-12-31,2004,year,2004-01-01,100,% populacji,annual,observed,https://api.worldbank.org/v2/country/POL;WLD;USA;CHN;DEU;IND;KOR;JPN;GBR;FRA;BRA;EST/indicator/EG.ELC.ACCS.ZS?format=json&per_page=1000,2026-09-28T17:23:23.270Z,{}
EG.ELC.ACCS.ZS,EG.ELC.ACCS.ZS--wld,Świat,WLD,Access to electricity (% of population),2004-12-31,2004,year,2004-01-01,79.9557071016267,% populacji,annual,observed,https://api.worldbank.org/v2/country/POL;WLD;USA;CHN;DEU;IND;KOR;JPN;GBR;FRA;BRA;EST/indicator/EG.ELC.ACCS.ZS?format=json&per_page=1000,2026-09-28T17:23:23.270Z,{}
EG.ELC.ACCS.ZS,EG.ELC.ACCS.ZS--bra,Brazylia,BRA,Access to electricity (% of population),2005-12-31,2005,year,2005-01-01,97.1,% populacji,annual,observed,https://api.worldbank.org/v2/country/POL;WLD;USA;CHN;DEU;IND;KOR;JPN;GBR;FRA;BRA;EST/indicator/EG.ELC.ACCS.ZS?format=json&per_page=1000,2026-09-28T17:23:23.270Z,{}
EG.ELC.ACCS.ZS,EG.ELC.ACCS.ZS--chn,Chiny,CHN,Access to electricity (% of population),2005-12-31,2005,year,2005-01-01,97.9,% populacji,annual,observed,https://api.worldbank.org/v2/country/POL;WLD;USA;CHN;DEU;IND;KOR;JPN;GBR;FRA;BRA;EST/indicator/EG.ELC.ACCS.ZS?format=json&per_page=1000,2026-09-28T17:23:23.270Z,{}
EG.ELC.ACCS.ZS,EG.ELC.ACCS.ZS--deu,Niemcy,DEU,Access to electricity (% of population),2005-12-31,2005,year,2005-01-01,100,% populacji,annual,observed,https://api.worldbank.org/v2/country/POL;WLD;USA;CHN;DEU;IND;KOR;JPN;GBR;FRA;BRA;EST/indicator/EG.ELC.ACCS.ZS?format=json&per_page=1000,2026-09-28T17:23:23.270Z,{}
EG.ELC.ACCS.ZS,EG.ELC.ACCS.ZS--est,Estonia,EST,Access to electricity (% of population),2005-12-31,2005,year,2005-01-01,100,% populacji,annual,observed,https://api.worldbank.org/v2/country/POL;WLD;USA;CHN;DEU;IND;KOR;JPN;GBR;FRA;BRA;EST/indicator/EG.ELC.ACCS.ZS?format=json&per_page=1000,2026-09-28T17:23:23.270Z,{}
EG.ELC.ACCS.ZS,EG.ELC.ACCS.ZS--fra,Francja,FRA,Access to electricity (% of population),2005-12-31,2005,year,2005-01-01,100,% populacji,annual,observed,https://api.worldbank.org/v2/country/POL;WLD;USA;CHN;DEU;IND;KOR;JPN;GBR;FRA;BRA;EST/indicator/EG.ELC.ACCS.ZS?format=json&per_page=1000,2026-09-28T17:23:23.270Z,{}
EG.ELC.ACCS.ZS,EG.ELC.ACCS.ZS--gbr,Wielka Brytania,GBR,Access to electricity (% of population),2005-12-31,2005,year,2005-01-01,100,% populacji,annual,observed,https://api.worldbank.org/v2/country/POL;WLD;USA;CHN;DEU;IND;KOR;JPN;GBR;FRA;BRA;EST/indicator/EG.ELC.ACCS.ZS?format=json&per_page=1000,2026-09-28T17:23:23.270Z,{}
EG.ELC.ACCS.ZS,EG.ELC.ACCS.ZS--ind,Indie,IND,Access to electricity (% of population),2005-12-31,2005,year,2005-01-01,68.8,% populacji,annual,observed,https://api.worldbank.org/v2/country/POL;WLD;USA;CHN;DEU;IND;KOR;JPN;GBR;FRA;BRA;EST/indicator/EG.ELC.ACCS.ZS?format=json&per_page=1000,2026-09-28T17:23:23.270Z,{}
EG.ELC.ACCS.ZS,EG.ELC.ACCS.ZS--jpn,Japonia,JPN,Access to electricity (% of population),2005-12-31,2005,year,2005-01-01,100,% populacji,annual,observed,https://api.worldbank.org/v2/country/POL;WLD;USA;CHN;DEU;IND;KOR;JPN;GBR;FRA;BRA;EST/indicator/EG.ELC.ACCS.ZS?format=json&per_page=1000,2026-09-28T17:23:23.270Z,{}
EG.ELC.ACCS.ZS,EG.ELC.ACCS.ZS--kor,Korea Płd.,KOR,Access to electricity (% of population),2005-12-31,2005,year,2005-01-01,100,% populacji,annual,observed,https://api.worldbank.org/v2/country/POL;WLD;USA;CHN;DEU;IND;KOR;JPN;GBR;FRA;BRA;EST/indicator/EG.ELC.ACCS.ZS?format=json&per_page=1000,2026-09-28T17:23:23.270Z,{}
EG.ELC.ACCS.ZS,EG.ELC.ACCS.ZS--pol,Polska,POL,Access to electricity (% of population),2005-12-31,2005,year,2005-01-01,99.8,% populacji,annual,observed,https://api.worldbank.org/v2/country/POL;WLD;USA;CHN;DEU;IND;KOR;JPN;GBR;FRA;BRA;EST/indicator/EG.ELC.ACCS.ZS?format=json&per_page=1000,2026-09-28T17:23:23.270Z,{}
EG.ELC.ACCS.ZS,EG.ELC.ACCS.ZS--usa,USA,USA,Access to electricity (% of population),2005-12-31,2005,year,2005-01-01,100,% populacji,annual,observed,https://api.worldbank.org/v2/country/POL;WLD;USA;CHN;DEU;IND;KOR;JPN;GBR;FRA;BRA;EST/indicator/EG.ELC.ACCS.ZS?format=json&per_page=1000,2026-09-28T17:23:23.270Z,{}
EG.ELC.ACCS.ZS,EG.ELC.ACCS.ZS--wld,Świat,WLD,Access to electricity (% of population),2005-12-31,2005,year,2005-01-01,80.7045758983383,% populacji,annual,observed,https://api.worldbank.org/v2/country/POL;WLD;USA;CHN;DEU;IND;KOR;JPN;GBR;FRA;BRA;EST/indicator/EG.ELC.ACCS.ZS?format=json&per_page=1000,2026-09-28T17:23:23.270Z,{}
EG.ELC.ACCS.ZS,EG.ELC.ACCS.ZS--bra,Brazylia,BRA,Access to electricity (% of population),2006-12-31,2006,year,2006-01-01,97.6,% populacji,annual,observed,https://api.worldbank.org/v2/country/POL;WLD;USA;CHN;DEU;IND;KOR;JPN;GBR;FRA;BRA;EST/indicator/EG.ELC.ACCS.ZS?format=json&per_page=1000,2026-09-28T17:23:23.270Z,{}
EG.ELC.ACCS.ZS,EG.ELC.ACCS.ZS--chn,Chiny,CHN,Access to electricity (% of population),2006-12-31,2006,year,2006-01-01,98.2,% populacji,annual,observed,https://api.worldbank.org/v2/country/POL;WLD;USA;CHN;DEU;IND;KOR;JPN;GBR;FRA;BRA;EST/indicator/EG.ELC.ACCS.ZS?format=json&per_page=1000,2026-09-28T17:23:23.270Z,{}
EG.ELC.ACCS.ZS,EG.ELC.ACCS.ZS--deu,Niemcy,DEU,Access to electricity (% of population),2006-12-31,2006,year,2006-01-01,100,% populacji,annual,observed,https://api.worldbank.org/v2/country/POL;WLD;USA;CHN;DEU;IND;KOR;JPN;GBR;FRA;BRA;EST/indicator/EG.ELC.ACCS.ZS?format=json&per_page=1000,2026-09-28T17:23:23.270Z,{}
EG.ELC.ACCS.ZS,EG.ELC.ACCS.ZS--est,Estonia,EST,Access to electricity (% of population),2006-12-31,2006,year,2006-01-01,100,% populacji,annual,observed,https://api.worldbank.org/v2/country/POL;WLD;USA;CHN;DEU;IND;KOR;JPN;GBR;FRA;BRA;EST/indicator/EG.ELC.ACCS.ZS?format=json&per_page=1000,2026-09-28T17:23:23.270Z,{}
EG.ELC.ACCS.ZS,EG.ELC.ACCS.ZS--fra,Francja,FRA,Access to electricity (% of population),2006-12-31,2006,year,2006-01-01,100,% populacji,annual,observed,https://api.worldbank.org/v2/country/POL;WLD;USA;CHN;DEU;IND;KOR;JPN;GBR;FRA;BRA;EST/indicator/EG.ELC.ACCS.ZS?format=json&per_page=1000,2026-09-28T17:23:23.270Z,{}
EG.ELC.ACCS.ZS,EG.ELC.ACCS.ZS--gbr,Wielka Brytania,GBR,Access to electricity (% of population),2006-12-31,2006,year,2006-01-01,100,% populacji,annual,observed,https://api.worldbank.org/v2/country/POL;WLD;USA;CHN;DEU;IND;KOR;JPN;GBR;FRA;BRA;EST/indicator/EG.ELC.ACCS.ZS?format=json&per_page=1000,2026-09-28T17:23:23.270Z,{}
EG.ELC.ACCS.ZS,EG.ELC.ACCS.ZS--ind,Indie,IND,Access to electricity (% of population),2006-12-31,2006,year,2006-01-01,67.9,% populacji,annual,observed,https://api.worldbank.org/v2/country/POL;WLD;USA;CHN;DEU;IND;KOR;JPN;GBR;FRA;BRA;EST/indicator/EG.ELC.ACCS.ZS?format=json&per_page=1000,2026-09-28T17:23:23.270Z,{}
EG.ELC.ACCS.ZS,EG.ELC.ACCS.ZS--jpn,Japonia,JPN,Access to electricity (% of population),2006-12-31,2006,year,2006-01-01,100,% populacji,annual,observed,https://api.worldbank.org/v2/country/POL;WLD;USA;CHN;DEU;IND;KOR;JPN;GBR;FRA;BRA;EST/indicator/EG.ELC.ACCS.ZS?format=json&per_page=1000,2026-09-28T17:23:23.270Z,{}
EG.ELC.ACCS.ZS,EG.ELC.ACCS.ZS--kor,Korea Płd.,KOR,Access to electricity (% of population),2006-12-31,2006,year,2006-01-01,100,% populacji,annual,observed,https://api.worldbank.org/v2/country/POL;WLD;USA;CHN;DEU;IND;KOR;JPN;GBR;FRA;BRA;EST/indicator/EG.ELC.ACCS.ZS?format=json&per_page=1000,2026-09-28T17:23:23.270Z,{}
EG.ELC.ACCS.ZS,EG.ELC.ACCS.ZS--pol,Polska,POL,Access to electricity (% of population),2006-12-31,2006,year,2006-01-01,99.8,% populacji,annual,observed,https://api.worldbank.org/v2/country/POL;WLD;USA;CHN;DEU;IND;KOR;JPN;GBR;FRA;BRA;EST/indicator/EG.ELC.ACCS.ZS?format=json&per_page=1000,2026-09-28T17:23:23.270Z,{}
EG.ELC.ACCS.ZS,EG.ELC.ACCS.ZS--usa,USA,USA,Access to electricity (% of population),2006-12-31,2006,year,2006-01-01,100,% populacji,annual,observed,https://api.worldbank.org/v2/country/POL;WLD;USA;CHN;DEU;IND;KOR;JPN;GBR;FRA;BRA;EST/indicator/EG.ELC.ACCS.ZS?format=json&per_page=1000,2026-09-28T17:23:23.270Z,{}
EG.ELC.ACCS.ZS,EG.ELC.ACCS.ZS--wld,Świat,WLD,Access to electricity (% of population),2006-12-31,2006,year,2006-01-01,81.3567271905369,% populacji,annual,observed,https://api.worldbank.org/v2/country/POL;WLD;USA;CHN;DEU;IND;KOR;JPN;GBR;FRA;BRA;EST/indicator/EG.ELC.ACCS.ZS?format=json&per_page=1000,2026-09-28T17:23:23.270Z,{}
EG.ELC.ACCS.ZS,EG.ELC.ACCS.ZS--bra,Brazylia,BRA,Access to electricity (% of population),2007-12-31,2007,year,2007-01-01,98.1,% populacji,annual,observed,https://api.worldbank.org/v2/country/POL;WLD;USA;CHN;DEU;IND;KOR;JPN;GBR;FRA;BRA;EST/indicator/EG.ELC.ACCS.ZS?format=json&per_page=1000,2026-09-28T17:23:23.270Z,{}
EG.ELC.ACCS.ZS,EG.ELC.ACCS.ZS--chn,Chiny,CHN,Access to electricity (% of population),2007-12-31,2007,year,2007-01-01,98.5,% populacji,annual,observed,https://api.worldbank.org/v2/country/POL;WLD;USA;CHN;DEU;IND;KOR;JPN;GBR;FRA;BRA;EST/indicator/EG.ELC.ACCS.ZS?format=json&per_page=1000,2026-09-28T17:23:23.270Z,{}
EG.ELC.ACCS.ZS,EG.ELC.ACCS.ZS--deu,Niemcy,DEU,Access to electricity (% of population),2007-12-31,2007,year,2007-01-01,100,% populacji,annual,observed,https://api.worldbank.org/v2/country/POL;WLD;USA;CHN;DEU;IND;KOR;JPN;GBR;FRA;BRA;EST/indicator/EG.ELC.ACCS.ZS?format=json&per_page=1000,2026-09-28T17:23:23.270Z,{}
EG.ELC.ACCS.ZS,EG.ELC.ACCS.ZS--est,Estonia,EST,Access to electricity (% of population),2007-12-31,2007,year,2007-01-01,100,% populacji,annual,observed,https://api.worldbank.org/v2/country/POL;WLD;USA;CHN;DEU;IND;KOR;JPN;GBR;FRA;BRA;EST/indicator/EG.ELC.ACCS.ZS?format=json&per_page=1000,2026-09-28T17:23:23.270Z,{}
EG.ELC.ACCS.ZS,EG.ELC.ACCS.ZS--fra,Francja,FRA,Access to electricity (% of population),2007-12-31,2007,year,2007-01-01,100,% populacji,annual,observed,https://api.worldbank.org/v2/country/POL;WLD;USA;CHN;DEU;IND;KOR;JPN;GBR;FRA;BRA;EST/indicator/EG.ELC.ACCS.ZS?format=json&per_page=1000,2026-09-28T17:23:23.270Z,{}
EG.ELC.ACCS.ZS,EG.ELC.ACCS.ZS--gbr,Wielka Brytania,GBR,Access to electricity (% of population),2007-12-31,2007,year,2007-01-01,100,% populacji,annual,observed,https://api.worldbank.org/v2/country/POL;WLD;USA;CHN;DEU;IND;KOR;JPN;GBR;FRA;BRA;EST/indicator/EG.ELC.ACCS.ZS?format=json&per_page=1000,2026-09-28T17:23:23.270Z,{}
EG.ELC.ACCS.ZS,EG.ELC.ACCS.ZS--ind,Indie,IND,Access to electricity (% of population),2007-12-31,2007,year,2007-01-01,72.3,% populacji,annual,observed,https://api.worldbank.org/v2/country/POL;WLD;USA;CHN;DEU;IND;KOR;JPN;GBR;FRA;BRA;EST/indicator/EG.ELC.ACCS.ZS?format=json&per_page=1000,2026-09-28T17:23:23.270Z,{}
EG.ELC.ACCS.ZS,EG.ELC.ACCS.ZS--jpn,Japonia,JPN,Access to electricity (% of population),2007-12-31,2007,year,2007-01-01,100,% populacji,annual,observed,https://api.worldbank.org/v2/country/POL;WLD;USA;CHN;DEU;IND;KOR;JPN;GBR;FRA;BRA;EST/indicator/EG.ELC.ACCS.ZS?format=json&per_page=1000,2026-09-28T17:23:23.270Z,{}
EG.ELC.ACCS.ZS,EG.ELC.ACCS.ZS--kor,Korea Płd.,KOR,Access to electricity (% of population),2007-12-31,2007,year,2007-01-01,100,% populacji,annual,observed,https://api.worldbank.org/v2/country/POL;WLD;USA;CHN;DEU;IND;KOR;JPN;GBR;FRA;BRA;EST/indicator/EG.ELC.ACCS.ZS?format=json&per_page=1000,2026-09-28T17:23:23.270Z,{}
EG.ELC.ACCS.ZS,EG.ELC.ACCS.ZS--pol,Polska,POL,Access to electricity (% of population),2007-12-31,2007,year,2007-01-01,99.8,% populacji,annual,observed,https://api.worldbank.org/v2/country/POL;WLD;USA;CHN;DEU;IND;KOR;JPN;GBR;FRA;BRA;EST/indicator/EG.ELC.ACCS.ZS?format=json&per_page=1000,2026-09-28T17:23:23.270Z,{}
EG.ELC.ACCS.ZS,EG.ELC.ACCS.ZS--usa,USA,USA,Access to electricity (% of population),2007-12-31,2007,year,2007-01-01,100,% populacji,annual,observed,https://api.worldbank.org/v2/country/POL;WLD;USA;CHN;DEU;IND;KOR;JPN;GBR;FRA;BRA;EST/indicator/EG.ELC.ACCS.ZS?format=json&per_page=1000,2026-09-28T17:23:23.270Z,{}
EG.ELC.ACCS.ZS,EG.ELC.ACCS.ZS--wld,Świat,WLD,Access to electricity (% of population),2007-12-31,2007,year,2007-01-01,81.9745726621334,% populacji,annual,observed,https://api.worldbank.org/v2/country/POL;WLD;USA;CHN;DEU;IND;KOR;JPN;GBR;FRA;BRA;EST/indicator/EG.ELC.ACCS.ZS?format=json&per_page=1000,2026-09-28T17:23:23.270Z,{}
EG.ELC.ACCS.ZS,EG.ELC.ACCS.ZS--bra,Brazylia,BRA,Access to electricity (% of population),2008-12-31,2008,year,2008-01-01,98.5,% populacji,annual,observed,https://api.worldbank.org/v2/country/POL;WLD;USA;CHN;DEU;IND;KOR;JPN;GBR;FRA;BRA;EST/indicator/EG.ELC.ACCS.ZS?format=json&per_page=1000,2026-09-28T17:23:23.270Z,{}
EG.ELC.ACCS.ZS,EG.ELC.ACCS.ZS--chn,Chiny,CHN,Access to electricity (% of population),2008-12-31,2008,year,2008-01-01,98.8,% populacji,annual,observed,https://api.worldbank.org/v2/country/POL;WLD;USA;CHN;DEU;IND;KOR;JPN;GBR;FRA;BRA;EST/indicator/EG.ELC.ACCS.ZS?format=json&per_page=1000,2026-09-28T17:23:23.270Z,{}
EG.ELC.ACCS.ZS,EG.ELC.ACCS.ZS--deu,Niemcy,DEU,Access to electricity (% of population),2008-12-31,2008,year,2008-01-01,100,% populacji,annual,observed,https://api.worldbank.org/v2/country/POL;WLD;USA;CHN;DEU;IND;KOR;JPN;GBR;FRA;BRA;EST/indicator/EG.ELC.ACCS.ZS?format=json&per_page=1000,2026-09-28T17:23:23.270Z,{}
EG.ELC.ACCS.ZS,EG.ELC.ACCS.ZS--est,Estonia,EST,Access to electricity (% of population),2008-12-31,2008,year,2008-01-01,100,% populacji,annual,observed,https://api.worldbank.org/v2/country/POL;WLD;USA;CHN;DEU;IND;KOR;JPN;GBR;FRA;BRA;EST/indicator/EG.ELC.ACCS.ZS?format=json&per_page=1000,2026-09-28T17:23:23.270Z,{}
EG.ELC.ACCS.ZS,EG.ELC.ACCS.ZS--fra,Francja,FRA,Access to electricity (% of population),2008-12-31,2008,year,2008-01-01,100,% populacji,annual,observed,https://api.worldbank.org/v2/country/POL;WLD;USA;CHN;DEU;IND;KOR;JPN;GBR;FRA;BRA;EST/indicator/EG.ELC.ACCS.ZS?format=json&per_page=1000,2026-09-28T17:23:23.270Z,{}
EG.ELC.ACCS.ZS,EG.ELC.ACCS.ZS--gbr,Wielka Brytania,GBR,Access to electricity (% of population),2008-12-31,2008,year,2008-01-01,100,% populacji,annual,observed,https://api.worldbank.org/v2/country/POL;WLD;USA;CHN;DEU;IND;KOR;JPN;GBR;FRA;BRA;EST/indicator/EG.ELC.ACCS.ZS?format=json&per_page=1000,2026-09-28T17:23:23.270Z,{}
EG.ELC.ACCS.ZS,EG.ELC.ACCS.ZS--ind,Indie,IND,Access to electricity (% of population),2008-12-31,2008,year,2008-01-01,74.1,% populacji,annual,observed,https://api.worldbank.org/v2/country/POL;WLD;USA;CHN;DEU;IND;KOR;JPN;GBR;FRA;BRA;EST/indicator/EG.ELC.ACCS.ZS?format=json&per_page=1000,2026-09-28T17:23:23.270Z,{}
EG.ELC.ACCS.ZS,EG.ELC.ACCS.ZS--jpn,Japonia,JPN,Access to electricity (% of population),2008-12-31,2008,year,2008-01-01,100,% populacji,annual,observed,https://api.worldbank.org/v2/country/POL;WLD;USA;CHN;DEU;IND;KOR;JPN;GBR;FRA;BRA;EST/indicator/EG.ELC.ACCS.ZS?format=json&per_page=1000,2026-09-28T17:23:23.270Z,{}
EG.ELC.ACCS.ZS,EG.ELC.ACCS.ZS--kor,Korea Płd.,KOR,Access to electricity (% of population),2008-12-31,2008,year,2008-01-01,100,% populacji,annual,observed,https://api.worldbank.org/v2/country/POL;WLD;USA;CHN;DEU;IND;KOR;JPN;GBR;FRA;BRA;EST/indicator/EG.ELC.ACCS.ZS?format=json&per_page=1000,2026-09-28T17:23:23.270Z,{}
EG.ELC.ACCS.ZS,EG.ELC.ACCS.ZS--pol,Polska,POL,Access to electricity (% of population),2008-12-31,2008,year,2008-01-01,99.8,% populacji,annual,observed,https://api.worldbank.org/v2/country/POL;WLD;USA;CHN;DEU;IND;KOR;JPN;GBR;FRA;BRA;EST/indicator/EG.ELC.ACCS.ZS?format=json&per_page=1000,2026-09-28T17:23:23.270Z,{}
EG.ELC.ACCS.ZS,EG.ELC.ACCS.ZS--usa,USA,USA,Access to electricity (% of population),2008-12-31,2008,year,2008-01-01,100,% populacji,annual,observed,https://api.worldbank.org/v2/country/POL;WLD;USA;CHN;DEU;IND;KOR;JPN;GBR;FRA;BRA;EST/indicator/EG.ELC.ACCS.ZS?format=json&per_page=1000,2026-09-28T17:23:23.270Z,{}
EG.ELC.ACCS.ZS,EG.ELC.ACCS.ZS--wld,Świat,WLD,Access to electricity (% of population),2008-12-31,2008,year,2008-01-01,82.6714183692273,% populacji,annual,observed,https://api.worldbank.org/v2/country/POL;WLD;USA;CHN;DEU;IND;KOR;JPN;GBR;FRA;BRA;EST/indicator/EG.ELC.ACCS.ZS?format=json&per_page=1000,2026-09-28T17:23:23.270Z,{}
EG.ELC.ACCS.ZS,EG.ELC.ACCS.ZS--bra,Brazylia,BRA,Access to electricity (% of population),2009-12-31,2009,year,2009-01-01,98.9,% populacji,annual,observed,https://api.worldbank.org/v2/country/POL;WLD;USA;CHN;DEU;IND;KOR;JPN;GBR;FRA;BRA;EST/indicator/EG.ELC.ACCS.ZS?format=json&per_page=1000,2026-09-28T17:23:23.270Z,{}
EG.ELC.ACCS.ZS,EG.ELC.ACCS.ZS--chn,Chiny,CHN,Access to electricity (% of population),2009-12-31,2009,year,2009-01-01,99.1,% populacji,annual,observed,https://api.worldbank.org/v2/country/POL;WLD;USA;CHN;DEU;IND;KOR;JPN;GBR;FRA;BRA;EST/indicator/EG.ELC.ACCS.ZS?format=json&per_page=1000,2026-09-28T17:23:23.270Z,{}
EG.ELC.ACCS.ZS,EG.ELC.ACCS.ZS--deu,Niemcy,DEU,Access to electricity (% of population),2009-12-31,2009,year,2009-01-01,100,% populacji,annual,observed,https://api.worldbank.org/v2/country/POL;WLD;USA;CHN;DEU;IND;KOR;JPN;GBR;FRA;BRA;EST/indicator/EG.ELC.ACCS.ZS?format=json&per_page=1000,2026-09-28T17:23:23.270Z,{}
EG.ELC.ACCS.ZS,EG.ELC.ACCS.ZS--est,Estonia,EST,Access to electricity (% of population),2009-12-31,2009,year,2009-01-01,100,% populacji,annual,observed,https://api.worldbank.org/v2/country/POL;WLD;USA;CHN;DEU;IND;KOR;JPN;GBR;FRA;BRA;EST/indicator/EG.ELC.ACCS.ZS?format=json&per_page=1000,2026-09-28T17:23:23.270Z,{}
EG.ELC.ACCS.ZS,EG.ELC.ACCS.ZS--fra,Francja,FRA,Access to electricity (% of population),2009-12-31,2009,year,2009-01-01,100,% populacji,annual,observed,https://api.worldbank.org/v2/country/POL;WLD;USA;CHN;DEU;IND;KOR;JPN;GBR;FRA;BRA;EST/indicator/EG.ELC.ACCS.ZS?format=json&per_page=1000,2026-09-28T17:23:23.270Z,{}
EG.ELC.ACCS.ZS,EG.ELC.ACCS.ZS--gbr,Wielka Brytania,GBR,Access to electricity (% of population),2009-12-31,2009,year,2009-01-01,100,% populacji,annual,observed,https://api.worldbank.org/v2/country/POL;WLD;USA;CHN;DEU;IND;KOR;JPN;GBR;FRA;BRA;EST/indicator/EG.ELC.ACCS.ZS?format=json&per_page=1000,2026-09-28T17:23:23.270Z,{}
EG.ELC.ACCS.ZS,EG.ELC.ACCS.ZS--ind,Indie,IND,Access to electricity (% of population),2009-12-31,2009,year,2009-01-01,75,% populacji,annual,observed,https://api.worldbank.org/v2/country/POL;WLD;USA;CHN;DEU;IND;KOR;JPN;GBR;FRA;BRA;EST/indicator/EG.ELC.ACCS.ZS?format=json&per_page=1000,2026-09-28T17:23:23.270Z,{}
EG.ELC.ACCS.ZS,EG.ELC.ACCS.ZS--jpn,Japonia,JPN,Access to electricity (% of population),2009-12-31,2009,year,2009-01-01,100,% populacji,annual,observed,https://api.worldbank.org/v2/country/POL;WLD;USA;CHN;DEU;IND;KOR;JPN;GBR;FRA;BRA;EST/indicator/EG.ELC.ACCS.ZS?format=json&per_page=1000,2026-09-28T17:23:23.270Z,{}
EG.ELC.ACCS.ZS,EG.ELC.ACCS.ZS--kor,Korea Płd.,KOR,Access to electricity (% of population),2009-12-31,2009,year,2009-01-01,100,% populacji,annual,observed,https://api.worldbank.org/v2/country/POL;WLD;USA;CHN;DEU;IND;KOR;JPN;GBR;FRA;BRA;EST/indicator/EG.ELC.ACCS.ZS?format=json&per_page=1000,2026-09-28T17:23:23.270Z,{}
EG.ELC.ACCS.ZS,EG.ELC.ACCS.ZS--pol,Polska,POL,Access to electricity (% of population),2009-12-31,2009,year,2009-01-01,100,% populacji,annual,observed,https://api.worldbank.org/v2/country/POL;WLD;USA;CHN;DEU;IND;KOR;JPN;GBR;FRA;BRA;EST/indicator/EG.ELC.ACCS.ZS?format=json&per_page=1000,2026-09-28T17:23:23.270Z,{}
EG.ELC.ACCS.ZS,EG.ELC.ACCS.ZS--usa,USA,USA,Access to electricity (% of population),2009-12-31,2009,year,2009-01-01,100,% populacji,annual,observed,https://api.worldbank.org/v2/country/POL;WLD;USA;CHN;DEU;IND;KOR;JPN;GBR;FRA;BRA;EST/indicator/EG.ELC.ACCS.ZS?format=json&per_page=1000,2026-09-28T17:23:23.270Z,{}
EG.ELC.ACCS.ZS,EG.ELC.ACCS.ZS--wld,Świat,WLD,Access to electricity (% of population),2009-12-31,2009,year,2009-01-01,82.8688257633761,% populacji,annual,observed,https://api.worldbank.org/v2/country/POL;WLD;USA;CHN;DEU;IND;KOR;JPN;GBR;FRA;BRA;EST/indicator/EG.ELC.ACCS.ZS?format=json&per_page=1000,2026-09-28T17:23:23.270Z,{}
EG.ELC.ACCS.ZS,EG.ELC.ACCS.ZS--bra,Brazylia,BRA,Access to electricity (% of population),2010-12-31,2010,year,2010-01-01,98.6,% populacji,annual,observed,https://api.worldbank.org/v2/country/POL;WLD;USA;CHN;DEU;IND;KOR;JPN;GBR;FRA;BRA;EST/indicator/EG.ELC.ACCS.ZS?format=json&per_page=1000,2026-09-28T17:23:23.270Z,{}
EG.ELC.ACCS.ZS,EG.ELC.ACCS.ZS--chn,Chiny,CHN,Access to electricity (% of population),2010-12-31,2010,year,2010-01-01,99.7,% populacji,annual,observed,https://api.worldbank.org/v2/country/POL;WLD;USA;CHN;DEU;IND;KOR;JPN;GBR;FRA;BRA;EST/indicator/EG.ELC.ACCS.ZS?format=json&per_page=1000,2026-09-28T17:23:23.270Z,{}
EG.ELC.ACCS.ZS,EG.ELC.ACCS.ZS--deu,Niemcy,DEU,Access to electricity (% of population),2010-12-31,2010,year,2010-01-01,100,% populacji,annual,observed,https://api.worldbank.org/v2/country/POL;WLD;USA;CHN;DEU;IND;KOR;JPN;GBR;FRA;BRA;EST/indicator/EG.ELC.ACCS.ZS?format=json&per_page=1000,2026-09-28T17:23:23.270Z,{}
EG.ELC.ACCS.ZS,EG.ELC.ACCS.ZS--est,Estonia,EST,Access to electricity (% of population),2010-12-31,2010,year,2010-01-01,100,% populacji,annual,observed,https://api.worldbank.org/v2/country/POL;WLD;USA;CHN;DEU;IND;KOR;JPN;GBR;FRA;BRA;EST/indicator/EG.ELC.ACCS.ZS?format=json&per_page=1000,2026-09-28T17:23:23.270Z,{}
EG.ELC.ACCS.ZS,EG.ELC.ACCS.ZS--fra,Francja,FRA,Access to electricity (% of population),2010-12-31,2010,year,2010-01-01,100,% populacji,annual,observed,https://api.worldbank.org/v2/country/POL;WLD;USA;CHN;DEU;IND;KOR;JPN;GBR;FRA;BRA;EST/indicator/EG.ELC.ACCS.ZS?format=json&per_page=1000,2026-09-28T17:23:23.270Z,{}
EG.ELC.ACCS.ZS,EG.ELC.ACCS.ZS--gbr,Wielka Brytania,GBR,Access to electricity (% of population),2010-12-31,2010,year,2010-01-01,100,% populacji,annual,observed,https://api.worldbank.org/v2/country/POL;WLD;USA;CHN;DEU;IND;KOR;JPN;GBR;FRA;BRA;EST/indicator/EG.ELC.ACCS.ZS?format=json&per_page=1000,2026-09-28T17:23:23.270Z,{}
EG.ELC.ACCS.ZS,EG.ELC.ACCS.ZS--ind,Indie,IND,Access to electricity (% of population),2010-12-31,2010,year,2010-01-01,76.3,% populacji,annual,observed,https://api.worldbank.org/v2/country/POL;WLD;USA;CHN;DEU;IND;KOR;JPN;GBR;FRA;BRA;EST/indicator/EG.ELC.ACCS.ZS?format=json&per_page=1000,2026-09-28T17:23:23.270Z,{}
EG.ELC.ACCS.ZS,EG.ELC.ACCS.ZS--jpn,Japonia,JPN,Access to electricity (% of population),2010-12-31,2010,year,2010-01-01,100,% populacji,annual,observed,https://api.worldbank.org/v2/country/POL;WLD;USA;CHN;DEU;IND;KOR;JPN;GBR;FRA;BRA;EST/indicator/EG.ELC.ACCS.ZS?format=json&per_page=1000,2026-09-28T17:23:23.270Z,{}
EG.ELC.ACCS.ZS,EG.ELC.ACCS.ZS--kor,Korea Płd.,KOR,Access to electricity (% of population),2010-12-31,2010,year,2010-01-01,100,% populacji,annual,observed,https://api.worldbank.org/v2/country/POL;WLD;USA;CHN;DEU;IND;KOR;JPN;GBR;FRA;BRA;EST/indicator/EG.ELC.ACCS.ZS?format=json&per_page=1000,2026-09-28T17:23:23.270Z,{}
EG.ELC.ACCS.ZS,EG.ELC.ACCS.ZS--pol,Polska,POL,Access to electricity (% of population),2010-12-31,2010,year,2010-01-01,100,% populacji,annual,observed,https://api.worldbank.org/v2/country/POL;WLD;USA;CHN;DEU;IND;KOR;JPN;GBR;FRA;BRA;EST/indicator/EG.ELC.ACCS.ZS?format=json&per_page=1000,2026-09-28T17:23:23.270Z,{}
EG.ELC.ACCS.ZS,EG.ELC.ACCS.ZS--usa,USA,USA,Access to electricity (% of population),2010-12-31,2010,year,2010-01-01,100,% populacji,annual,observed,https://api.worldbank.org/v2/country/POL;WLD;USA;CHN;DEU;IND;KOR;JPN;GBR;FRA;BRA;EST/indicator/EG.ELC.ACCS.ZS?format=json&per_page=1000,2026-09-28T17:23:23.270Z,{}
EG.ELC.ACCS.ZS,EG.ELC.ACCS.ZS--wld,Świat,WLD,Access to electricity (% of population),2010-12-31,2010,year,2010-01-01,83.4501564252405,% populacji,annual,observed,https://api.worldbank.org/v2/country/POL;WLD;USA;CHN;DEU;IND;KOR;JPN;GBR;FRA;BRA;EST/indicator/EG.ELC.ACCS.ZS?format=json&per_page=1000,2026-09-28T17:23:23.270Z,{}
EG.ELC.ACCS.ZS,EG.ELC.ACCS.ZS--bra,Brazylia,BRA,Access to electricity (% of population),2011-12-31,2011,year,2011-01-01,99.3,% populacji,annual,observed,https://api.worldbank.org/v2/country/POL;WLD;USA;CHN;DEU;IND;KOR;JPN;GBR;FRA;BRA;EST/indicator/EG.ELC.ACCS.ZS?format=json&per_page=1000,2026-09-28T17:23:23.270Z,{}
EG.ELC.ACCS.ZS,EG.ELC.ACCS.ZS--chn,Chiny,CHN,Access to electricity (% of population),2011-12-31,2011,year,2011-01-01,99.9,% populacji,annual,observed,https://api.worldbank.org/v2/country/POL;WLD;USA;CHN;DEU;IND;KOR;JPN;GBR;FRA;BRA;EST/indicator/EG.ELC.ACCS.ZS?format=json&per_page=1000,2026-09-28T17:23:23.270Z,{}
EG.ELC.ACCS.ZS,EG.ELC.ACCS.ZS--deu,Niemcy,DEU,Access to electricity (% of population),2011-12-31,2011,year,2011-01-01,100,% populacji,annual,observed,https://api.worldbank.org/v2/country/POL;WLD;USA;CHN;DEU;IND;KOR;JPN;GBR;FRA;BRA;EST/indicator/EG.ELC.ACCS.ZS?format=json&per_page=1000,2026-09-28T17:23:23.270Z,{}
EG.ELC.ACCS.ZS,EG.ELC.ACCS.ZS--est,Estonia,EST,Access to electricity (% of population),2011-12-31,2011,year,2011-01-01,100,% populacji,annual,observed,https://api.worldbank.org/v2/country/POL;WLD;USA;CHN;DEU;IND;KOR;JPN;GBR;FRA;BRA;EST/indicator/EG.ELC.ACCS.ZS?format=json&per_page=1000,2026-09-28T17:23:23.270Z,{}
EG.ELC.ACCS.ZS,EG.ELC.ACCS.ZS--fra,Francja,FRA,Access to electricity (% of population),2011-12-31,2011,year,2011-01-01,100,% populacji,annual,observed,https://api.worldbank.org/v2/country/POL;WLD;USA;CHN;DEU;IND;KOR;JPN;GBR;FRA;BRA;EST/indicator/EG.ELC.ACCS.ZS?format=json&per_page=1000,2026-09-28T17:23:23.270Z,{}
EG.ELC.ACCS.ZS,EG.ELC.ACCS.ZS--gbr,Wielka Brytania,GBR,Access to electricity (% of population),2011-12-31,2011,year,2011-01-01,100,% populacji,annual,observed,https://api.worldbank.org/v2/country/POL;WLD;USA;CHN;DEU;IND;KOR;JPN;GBR;FRA;BRA;EST/indicator/EG.ELC.ACCS.ZS?format=json&per_page=1000,2026-09-28T17:23:23.270Z,{}
EG.ELC.ACCS.ZS,EG.ELC.ACCS.ZS--ind,Indie,IND,Access to electricity (% of population),2011-12-31,2011,year,2011-01-01,79.5,% populacji,annual,observed,https://api.worldbank.org/v2/country/POL;WLD;USA;CHN;DEU;IND;KOR;JPN;GBR;FRA;BRA;EST/indicator/EG.ELC.ACCS.ZS?format=json&per_page=1000,2026-09-28T17:23:23.270Z,{}
EG.ELC.ACCS.ZS,EG.ELC.ACCS.ZS--jpn,Japonia,JPN,Access to electricity (% of population),2011-12-31,2011,year,2011-01-01,100,% populacji,annual,observed,https://api.worldbank.org/v2/country/POL;WLD;USA;CHN;DEU;IND;KOR;JPN;GBR;FRA;BRA;EST/indicator/EG.ELC.ACCS.ZS?format=json&per_page=1000,2026-09-28T17:23:23.270Z,{}
EG.ELC.ACCS.ZS,EG.ELC.ACCS.ZS--kor,Korea Płd.,KOR,Access to electricity (% of population),2011-12-31,2011,year,2011-01-01,100,% populacji,annual,observed,https://api.worldbank.org/v2/country/POL;WLD;USA;CHN;DEU;IND;KOR;JPN;GBR;FRA;BRA;EST/indicator/EG.ELC.ACCS.ZS?format=json&per_page=1000,2026-09-28T17:23:23.270Z,{}
EG.ELC.ACCS.ZS,EG.ELC.ACCS.ZS--pol,Polska,POL,Access to electricity (% of population),2011-12-31,2011,year,2011-01-01,100,% populacji,annual,observed,https://api.worldbank.org/v2/country/POL;WLD;USA;CHN;DEU;IND;KOR;JPN;GBR;FRA;BRA;EST/indicator/EG.ELC.ACCS.ZS?format=json&per_page=1000,2026-09-28T17:23:23.270Z,{}
EG.ELC.ACCS.ZS,EG.ELC.ACCS.ZS--usa,USA,USA,Access to electricity (% of population),2011-12-31,2011,year,2011-01-01,100,% populacji,annual,observed,https://api.worldbank.org/v2/country/POL;WLD;USA;CHN;DEU;IND;KOR;JPN;GBR;FRA;BRA;EST/indicator/EG.ELC.ACCS.ZS?format=json&per_page=1000,2026-09-28T17:23:23.270Z,{}
EG.ELC.ACCS.ZS,EG.ELC.ACCS.ZS--wld,Świat,WLD,Access to electricity (% of population),2011-12-31,2011,year,2011-01-01,84.5088722141776,% populacji,annual,observed,https://api.worldbank.org/v2/country/POL;WLD;USA;CHN;DEU;IND;KOR;JPN;GBR;FRA;BRA;EST/indicator/EG.ELC.ACCS.ZS?format=json&per_page=1000,2026-09-28T17:23:23.270Z,{}
EG.ELC.ACCS.ZS,EG.ELC.ACCS.ZS--bra,Brazylia,BRA,Access to electricity (% of population),2012-12-31,2012,year,2012-01-01,99.5,% populacji,annual,observed,https://api.worldbank.org/v2/country/POL;WLD;USA;CHN;DEU;IND;KOR;JPN;GBR;FRA;BRA;EST/indicator/EG.ELC.ACCS.ZS?format=json&per_page=1000,2026-09-28T17:23:23.270Z,{}
EG.ELC.ACCS.ZS,EG.ELC.ACCS.ZS--chn,Chiny,CHN,Access to electricity (% of population),2012-12-31,2012,year,2012-01-01,99.9,% populacji,annual,observed,https://api.worldbank.org/v2/country/POL;WLD;USA;CHN;DEU;IND;KOR;JPN;GBR;FRA;BRA;EST/indicator/EG.ELC.ACCS.ZS?format=json&per_page=1000,2026-09-28T17:23:23.270Z,{}
EG.ELC.ACCS.ZS,EG.ELC.ACCS.ZS--deu,Niemcy,DEU,Access to electricity (% of population),2012-12-31,2012,year,2012-01-01,100,% populacji,annual,observed,https://api.worldbank.org/v2/country/POL;WLD;USA;CHN;DEU;IND;KOR;JPN;GBR;FRA;BRA;EST/indicator/EG.ELC.ACCS.ZS?format=json&per_page=1000,2026-09-28T17:23:23.270Z,{}
EG.ELC.ACCS.ZS,EG.ELC.ACCS.ZS--est,Estonia,EST,Access to electricity (% of population),2012-12-31,2012,year,2012-01-01,100,% populacji,annual,observed,https://api.worldbank.org/v2/country/POL;WLD;USA;CHN;DEU;IND;KOR;JPN;GBR;FRA;BRA;EST/indicator/EG.ELC.ACCS.ZS?format=json&per_page=1000,2026-09-28T17:23:23.270Z,{}
EG.ELC.ACCS.ZS,EG.ELC.ACCS.ZS--fra,Francja,FRA,Access to electricity (% of population),2012-12-31,2012,year,2012-01-01,100,% populacji,annual,observed,https://api.worldbank.org/v2/country/POL;WLD;USA;CHN;DEU;IND;KOR;JPN;GBR;FRA;BRA;EST/indicator/EG.ELC.ACCS.ZS?format=json&per_page=1000,2026-09-28T17:23:23.270Z,{}
EG.ELC.ACCS.ZS,EG.ELC.ACCS.ZS--gbr,Wielka Brytania,GBR,Access to electricity (% of population),2012-12-31,2012,year,2012-01-01,100,% populacji,annual,observed,https://api.worldbank.org/v2/country/POL;WLD;USA;CHN;DEU;IND;KOR;JPN;GBR;FRA;BRA;EST/indicator/EG.ELC.ACCS.ZS?format=json&per_page=1000,2026-09-28T17:23:23.270Z,{}
EG.ELC.ACCS.ZS,EG.ELC.ACCS.ZS--ind,Indie,IND,Access to electricity (% of population),2012-12-31,2012,year,2012-01-01,79.9,% populacji,annual,observed,https://api.worldbank.org/v2/country/POL;WLD;USA;CHN;DEU;IND;KOR;JPN;GBR;FRA;BRA;EST/indicator/EG.ELC.ACCS.ZS?format=json&per_page=1000,2026-09-28T17:23:23.270Z,{}
EG.ELC.ACCS.ZS,EG.ELC.ACCS.ZS--jpn,Japonia,JPN,Access to electricity (% of population),2012-12-31,2012,year,2012-01-01,100,% populacji,annual,observed,https://api.worldbank.org/v2/country/POL;WLD;USA;CHN;DEU;IND;KOR;JPN;GBR;FRA;BRA;EST/indicator/EG.ELC.ACCS.ZS?format=json&per_page=1000,2026-09-28T17:23:23.270Z,{}
EG.ELC.ACCS.ZS,EG.ELC.ACCS.ZS--kor,Korea Płd.,KOR,Access to electricity (% of population),2012-12-31,2012,year,2012-01-01,100,% populacji,annual,observed,https://api.worldbank.org/v2/country/POL;WLD;USA;CHN;DEU;IND;KOR;JPN;GBR;FRA;BRA;EST/indicator/EG.ELC.ACCS.ZS?format=json&per_page=1000,2026-09-28T17:23:23.270Z,{}
EG.ELC.ACCS.ZS,EG.ELC.ACCS.ZS--pol,Polska,POL,Access to electricity (% of population),2012-12-31,2012,year,2012-01-01,100,% populacji,annual,observed,https://api.worldbank.org/v2/country/POL;WLD;USA;CHN;DEU;IND;KOR;JPN;GBR;FRA;BRA;EST/indicator/EG.ELC.ACCS.ZS?format=json&per_page=1000,2026-09-28T17:23:23.270Z,{}
EG.ELC.ACCS.ZS,EG.ELC.ACCS.ZS--usa,USA,USA,Access to electricity (% of population),2012-12-31,2012,year,2012-01-01,100,% populacji,annual,observed,https://api.worldbank.org/v2/country/POL;WLD;USA;CHN;DEU;IND;KOR;JPN;GBR;FRA;BRA;EST/indicator/EG.ELC.ACCS.ZS?format=json&per_page=1000,2026-09-28T17:23:23.270Z,{}
EG.ELC.ACCS.ZS,EG.ELC.ACCS.ZS--wld,Świat,WLD,Access to electricity (% of population),2012-12-31,2012,year,2012-01-01,84.9391555731035,% populacji,annual,observed,https://api.worldbank.org/v2/country/POL;WLD;USA;CHN;DEU;IND;KOR;JPN;GBR;FRA;BRA;EST/indicator/EG.ELC.ACCS.ZS?format=json&per_page=1000,2026-09-28T17:23:23.270Z,{}
EG.ELC.ACCS.ZS,EG.ELC.ACCS.ZS--bra,Brazylia,BRA,Access to electricity (% of population),2013-12-31,2013,year,2013-01-01,99.6,% populacji,annual,observed,https://api.worldbank.org/v2/country/POL;WLD;USA;CHN;DEU;IND;KOR;JPN;GBR;FRA;BRA;EST/indicator/EG.ELC.ACCS.ZS?format=json&per_page=1000,2026-09-28T17:23:23.270Z,{}
EG.ELC.ACCS.ZS,EG.ELC.ACCS.ZS--chn,Chiny,CHN,Access to electricity (% of population),2013-12-31,2013,year,2013-01-01,100,% populacji,annual,observed,https://api.worldbank.org/v2/country/POL;WLD;USA;CHN;DEU;IND;KOR;JPN;GBR;FRA;BRA;EST/indicator/EG.ELC.ACCS.ZS?format=json&per_page=1000,2026-09-28T17:23:23.270Z,{}
EG.ELC.ACCS.ZS,EG.ELC.ACCS.ZS--deu,Niemcy,DEU,Access to electricity (% of population),2013-12-31,2013,year,2013-01-01,100,% populacji,annual,observed,https://api.worldbank.org/v2/country/POL;WLD;USA;CHN;DEU;IND;KOR;JPN;GBR;FRA;BRA;EST/indicator/EG.ELC.ACCS.ZS?format=json&per_page=1000,2026-09-28T17:23:23.270Z,{}
EG.ELC.ACCS.ZS,EG.ELC.ACCS.ZS--est,Estonia,EST,Access to electricity (% of population),2013-12-31,2013,year,2013-01-01,100,% populacji,annual,observed,https://api.worldbank.org/v2/country/POL;WLD;USA;CHN;DEU;IND;KOR;JPN;GBR;FRA;BRA;EST/indicator/EG.ELC.ACCS.ZS?format=json&per_page=1000,2026-09-28T17:23:23.270Z,{}
EG.ELC.ACCS.ZS,EG.ELC.ACCS.ZS--fra,Francja,FRA,Access to electricity (% of population),2013-12-31,2013,year,2013-01-01,100,% populacji,annual,observed,https://api.worldbank.org/v2/country/POL;WLD;USA;CHN;DEU;IND;KOR;JPN;GBR;FRA;BRA;EST/indicator/EG.ELC.ACCS.ZS?format=json&per_page=1000,2026-09-28T17:23:23.270Z,{}
EG.ELC.ACCS.ZS,EG.ELC.ACCS.ZS--gbr,Wielka Brytania,GBR,Access to electricity (% of population),2013-12-31,2013,year,2013-01-01,100,% populacji,annual,observed,https://api.worldbank.org/v2/country/POL;WLD;USA;CHN;DEU;IND;KOR;JPN;GBR;FRA;BRA;EST/indicator/EG.ELC.ACCS.ZS?format=json&per_page=1000,2026-09-28T17:23:23.270Z,{}
EG.ELC.ACCS.ZS,EG.ELC.ACCS.ZS--ind,Indie,IND,Access to electricity (% of population),2013-12-31,2013,year,2013-01-01,83.1,% populacji,annual,observed,https://api.worldbank.org/v2/country/POL;WLD;USA;CHN;DEU;IND;KOR;JPN;GBR;FRA;BRA;EST/indicator/EG.ELC.ACCS.ZS?format=json&per_page=1000,2026-09-28T17:23:23.270Z,{}
EG.ELC.ACCS.ZS,EG.ELC.ACCS.ZS--jpn,Japonia,JPN,Access to electricity (% of population),2013-12-31,2013,year,2013-01-01,100,% populacji,annual,observed,https://api.worldbank.org/v2/country/POL;WLD;USA;CHN;DEU;IND;KOR;JPN;GBR;FRA;BRA;EST/indicator/EG.ELC.ACCS.ZS?format=json&per_page=1000,2026-09-28T17:23:23.270Z,{}
EG.ELC.ACCS.ZS,EG.ELC.ACCS.ZS--kor,Korea Płd.,KOR,Access to electricity (% of population),2013-12-31,2013,year,2013-01-01,100,% populacji,annual,observed,https://api.worldbank.org/v2/country/POL;WLD;USA;CHN;DEU;IND;KOR;JPN;GBR;FRA;BRA;EST/indicator/EG.ELC.ACCS.ZS?format=json&per_page=1000,2026-09-28T17:23:23.270Z,{}
EG.ELC.ACCS.ZS,EG.ELC.ACCS.ZS--pol,Polska,POL,Access to electricity (% of population),2013-12-31,2013,year,2013-01-01,100,% populacji,annual,observed,https://api.worldbank.org/v2/country/POL;WLD;USA;CHN;DEU;IND;KOR;JPN;GBR;FRA;BRA;EST/indicator/EG.ELC.ACCS.ZS?format=json&per_page=1000,2026-09-28T17:23:23.270Z,{}
EG.ELC.ACCS.ZS,EG.ELC.ACCS.ZS--usa,USA,USA,Access to electricity (% of population),2013-12-31,2013,year,2013-01-01,100,% populacji,annual,observed,https://api.worldbank.org/v2/country/POL;WLD;USA;CHN;DEU;IND;KOR;JPN;GBR;FRA;BRA;EST/indicator/EG.ELC.ACCS.ZS?format=json&per_page=1000,2026-09-28T17:23:23.270Z,{}
EG.ELC.ACCS.ZS,EG.ELC.ACCS.ZS--wld,Świat,WLD,Access to electricity (% of population),2013-12-31,2013,year,2013-01-01,85.7136907083818,% populacji,annual,observed,https://api.worldbank.org/v2/country/POL;WLD;USA;CHN;DEU;IND;KOR;JPN;GBR;FRA;BRA;EST/indicator/EG.ELC.ACCS.ZS?format=json&per_page=1000,2026-09-28T17:23:23.270Z,{}
EG.ELC.ACCS.ZS,EG.ELC.ACCS.ZS--bra,Brazylia,BRA,Access to electricity (% of population),2014-12-31,2014,year,2014-01-01,99.7,% populacji,annual,observed,https://api.worldbank.org/v2/country/POL;WLD;USA;CHN;DEU;IND;KOR;JPN;GBR;FRA;BRA;EST/indicator/EG.ELC.ACCS.ZS?format=json&per_page=1000,2026-09-28T17:23:23.270Z,{}
EG.ELC.ACCS.ZS,EG.ELC.ACCS.ZS--chn,Chiny,CHN,Access to electricity (% of population),2014-12-31,2014,year,2014-01-01,100,% populacji,annual,observed,https://api.worldbank.org/v2/country/POL;WLD;USA;CHN;DEU;IND;KOR;JPN;GBR;FRA;BRA;EST/indicator/EG.ELC.ACCS.ZS?format=json&per_page=1000,2026-09-28T17:23:23.270Z,{}
EG.ELC.ACCS.ZS,EG.ELC.ACCS.ZS--deu,Niemcy,DEU,Access to electricity (% of population),2014-12-31,2014,year,2014-01-01,100,% populacji,annual,observed,https://api.worldbank.org/v2/country/POL;WLD;USA;CHN;DEU;IND;KOR;JPN;GBR;FRA;BRA;EST/indicator/EG.ELC.ACCS.ZS?format=json&per_page=1000,2026-09-28T17:23:23.270Z,{}
EG.ELC.ACCS.ZS,EG.ELC.ACCS.ZS--est,Estonia,EST,Access to electricity (% of population),2014-12-31,2014,year,2014-01-01,100,% populacji,annual,observed,https://api.worldbank.org/v2/country/POL;WLD;USA;CHN;DEU;IND;KOR;JPN;GBR;FRA;BRA;EST/indicator/EG.ELC.ACCS.ZS?format=json&per_page=1000,2026-09-28T17:23:23.270Z,{}
EG.ELC.ACCS.ZS,EG.ELC.ACCS.ZS--fra,Francja,FRA,Access to electricity (% of population),2014-12-31,2014,year,2014-01-01,100,% populacji,annual,observed,https://api.worldbank.org/v2/country/POL;WLD;USA;CHN;DEU;IND;KOR;JPN;GBR;FRA;BRA;EST/indicator/EG.ELC.ACCS.ZS?format=json&per_page=1000,2026-09-28T17:23:23.270Z,{}
EG.ELC.ACCS.ZS,EG.ELC.ACCS.ZS--gbr,Wielka Brytania,GBR,Access to electricity (% of population),2014-12-31,2014,year,2014-01-01,100,% populacji,annual,observed,https://api.worldbank.org/v2/country/POL;WLD;USA;CHN;DEU;IND;KOR;JPN;GBR;FRA;BRA;EST/indicator/EG.ELC.ACCS.ZS?format=json&per_page=1000,2026-09-28T17:23:23.270Z,{}
EG.ELC.ACCS.ZS,EG.ELC.ACCS.ZS--ind,Indie,IND,Access to electricity (% of population),2014-12-31,2014,year,2014-01-01,85.1,% populacji,annual,observed,https://api.worldbank.org/v2/country/POL;WLD;USA;CHN;DEU;IND;KOR;JPN;GBR;FRA;BRA;EST/indicator/EG.ELC.ACCS.ZS?format=json&per_page=1000,2026-09-28T17:23:23.270Z,{}
EG.ELC.ACCS.ZS,EG.ELC.ACCS.ZS--jpn,Japonia,JPN,Access to electricity (% of population),2014-12-31,2014,year,2014-01-01,100,% populacji,annual,observed,https://api.worldbank.org/v2/country/POL;WLD;USA;CHN;DEU;IND;KOR;JPN;GBR;FRA;BRA;EST/indicator/EG.ELC.ACCS.ZS?format=json&per_page=1000,2026-09-28T17:23:23.270Z,{}
EG.ELC.ACCS.ZS,EG.ELC.ACCS.ZS--kor,Korea Płd.,KOR,Access to electricity (% of population),2014-12-31,2014,year,2014-01-01,100,% populacji,annual,observed,https://api.worldbank.org/v2/country/POL;WLD;USA;CHN;DEU;IND;KOR;JPN;GBR;FRA;BRA;EST/indicator/EG.ELC.ACCS.ZS?format=json&per_page=1000,2026-09-28T17:23:23.270Z,{}
EG.ELC.ACCS.ZS,EG.ELC.ACCS.ZS--pol,Polska,POL,Access to electricity (% of population),2014-12-31,2014,year,2014-01-01,100,% populacji,annual,observed,https://api.worldbank.org/v2/country/POL;WLD;USA;CHN;DEU;IND;KOR;JPN;GBR;FRA;BRA;EST/indicator/EG.ELC.ACCS.ZS?format=json&per_page=1000,2026-09-28T17:23:23.270Z,{}
EG.ELC.ACCS.ZS,EG.ELC.ACCS.ZS--usa,USA,USA,Access to electricity (% of population),2014-12-31,2014,year,2014-01-01,100,% populacji,annual,observed,https://api.worldbank.org/v2/country/POL;WLD;USA;CHN;DEU;IND;KOR;JPN;GBR;FRA;BRA;EST/indicator/EG.ELC.ACCS.ZS?format=json&per_page=1000,2026-09-28T17:23:23.270Z,{}
EG.ELC.ACCS.ZS,EG.ELC.ACCS.ZS--wld,Świat,WLD,Access to electricity (% of population),2014-12-31,2014,year,2014-01-01,86.198537437738,% populacji,annual,observed,https://api.worldbank.org/v2/country/POL;WLD;USA;CHN;DEU;IND;KOR;JPN;GBR;FRA;BRA;EST/indicator/EG.ELC.ACCS.ZS?format=json&per_page=1000,2026-09-28T17:23:23.270Z,{}
EG.ELC.ACCS.ZS,EG.ELC.ACCS.ZS--bra,Brazylia,BRA,Access to electricity (% of population),2015-12-31,2015,year,2015-01-01,99.7,% populacji,annual,observed,https://api.worldbank.org/v2/country/POL;WLD;USA;CHN;DEU;IND;KOR;JPN;GBR;FRA;BRA;EST/indicator/EG.ELC.ACCS.ZS?format=json&per_page=1000,2026-09-28T17:23:23.270Z,{}
EG.ELC.ACCS.ZS,EG.ELC.ACCS.ZS--chn,Chiny,CHN,Access to electricity (% of population),2015-12-31,2015,year,2015-01-01,100,% populacji,annual,observed,https://api.worldbank.org/v2/country/POL;WLD;USA;CHN;DEU;IND;KOR;JPN;GBR;FRA;BRA;EST/indicator/EG.ELC.ACCS.ZS?format=json&per_page=1000,2026-09-28T17:23:23.270Z,{}
EG.ELC.ACCS.ZS,EG.ELC.ACCS.ZS--deu,Niemcy,DEU,Access to electricity (% of population),2015-12-31,2015,year,2015-01-01,100,% populacji,annual,observed,https://api.worldbank.org/v2/country/POL;WLD;USA;CHN;DEU;IND;KOR;JPN;GBR;FRA;BRA;EST/indicator/EG.ELC.ACCS.ZS?format=json&per_page=1000,2026-09-28T17:23:23.270Z,{}
EG.ELC.ACCS.ZS,EG.ELC.ACCS.ZS--est,Estonia,EST,Access to electricity (% of population),2015-12-31,2015,year,2015-01-01,100,% populacji,annual,observed,https://api.worldbank.org/v2/country/POL;WLD;USA;CHN;DEU;IND;KOR;JPN;GBR;FRA;BRA;EST/indicator/EG.ELC.ACCS.ZS?format=json&per_page=1000,2026-09-28T17:23:23.270Z,{}
EG.ELC.ACCS.ZS,EG.ELC.ACCS.ZS--fra,Francja,FRA,Access to electricity (% of population),2015-12-31,2015,year,2015-01-01,100,% populacji,annual,observed,https://api.worldbank.org/v2/country/POL;WLD;USA;CHN;DEU;IND;KOR;JPN;GBR;FRA;BRA;EST/indicator/EG.ELC.ACCS.ZS?format=json&per_page=1000,2026-09-28T17:23:23.270Z,{}
EG.ELC.ACCS.ZS,EG.ELC.ACCS.ZS--gbr,Wielka Brytania,GBR,Access to electricity (% of population),2015-12-31,2015,year,2015-01-01,100,% populacji,annual,observed,https://api.worldbank.org/v2/country/POL;WLD;USA;CHN;DEU;IND;KOR;JPN;GBR;FRA;BRA;EST/indicator/EG.ELC.ACCS.ZS?format=json&per_page=1000,2026-09-28T17:23:23.270Z,{}
EG.ELC.ACCS.ZS,EG.ELC.ACCS.ZS--ind,Indie,IND,Access to electricity (% of population),2015-12-31,2015,year,2015-01-01,88,% populacji,annual,observed,https://api.worldbank.org/v2/country/POL;WLD;USA;CHN;DEU;IND;KOR;JPN;GBR;FRA;BRA;EST/indicator/EG.ELC.ACCS.ZS?format=json&per_page=1000,2026-09-28T17:23:23.270Z,{}
EG.ELC.ACCS.ZS,EG.ELC.ACCS.ZS--jpn,Japonia,JPN,Access to electricity (% of population),2015-12-31,2015,year,2015-01-01,100,% populacji,annual,observed,https://api.worldbank.org/v2/country/POL;WLD;USA;CHN;DEU;IND;KOR;JPN;GBR;FRA;BRA;EST/indicator/EG.ELC.ACCS.ZS?format=json&per_page=1000,2026-09-28T17:23:23.270Z,{}
EG.ELC.ACCS.ZS,EG.ELC.ACCS.ZS--kor,Korea Płd.,KOR,Access to electricity (% of population),2015-12-31,2015,year,2015-01-01,100,% populacji,annual,observed,https://api.worldbank.org/v2/country/POL;WLD;USA;CHN;DEU;IND;KOR;JPN;GBR;FRA;BRA;EST/indicator/EG.ELC.ACCS.ZS?format=json&per_page=1000,2026-09-28T17:23:23.270Z,{}
EG.ELC.ACCS.ZS,EG.ELC.ACCS.ZS--pol,Polska,POL,Access to electricity (% of population),2015-12-31,2015,year,2015-01-01,100,% populacji,annual,observed,https://api.worldbank.org/v2/country/POL;WLD;USA;CHN;DEU;IND;KOR;JPN;GBR;FRA;BRA;EST/indicator/EG.ELC.ACCS.ZS?format=json&per_page=1000,2026-09-28T17:23:23.270Z,{}
EG.ELC.ACCS.ZS,EG.ELC.ACCS.ZS--usa,USA,USA,Access to electricity (% of population),2015-12-31,2015,year,2015-01-01,100,% populacji,annual,observed,https://api.worldbank.org/v2/country/POL;WLD;USA;CHN;DEU;IND;KOR;JPN;GBR;FRA;BRA;EST/indicator/EG.ELC.ACCS.ZS?format=json&per_page=1000,2026-09-28T17:23:23.270Z,{}
EG.ELC.ACCS.ZS,EG.ELC.ACCS.ZS--wld,Świat,WLD,Access to electricity (% of population),2015-12-31,2015,year,2015-01-01,86.9273667608945,% populacji,annual,observed,https://api.worldbank.org/v2/country/POL;WLD;USA;CHN;DEU;IND;KOR;JPN;GBR;FRA;BRA;EST/indicator/EG.ELC.ACCS.ZS?format=json&per_page=1000,2026-09-28T17:23:23.270Z,{}
EG.ELC.ACCS.ZS,EG.ELC.ACCS.ZS--bra,Brazylia,BRA,Access to electricity (% of population),2016-12-31,2016,year,2016-01-01,99.7,% populacji,annual,observed,https://api.worldbank.org/v2/country/POL;WLD;USA;CHN;DEU;IND;KOR;JPN;GBR;FRA;BRA;EST/indicator/EG.ELC.ACCS.ZS?format=json&per_page=1000,2026-09-28T17:23:23.270Z,{}
EG.ELC.ACCS.ZS,EG.ELC.ACCS.ZS--chn,Chiny,CHN,Access to electricity (% of population),2016-12-31,2016,year,2016-01-01,100,% populacji,annual,observed,https://api.worldbank.org/v2/country/POL;WLD;USA;CHN;DEU;IND;KOR;JPN;GBR;FRA;BRA;EST/indicator/EG.ELC.ACCS.ZS?format=json&per_page=1000,2026-09-28T17:23:23.270Z,{}
EG.ELC.ACCS.ZS,EG.ELC.ACCS.ZS--deu,Niemcy,DEU,Access to electricity (% of population),2016-12-31,2016,year,2016-01-01,100,% populacji,annual,observed,https://api.worldbank.org/v2/country/POL;WLD;USA;CHN;DEU;IND;KOR;JPN;GBR;FRA;BRA;EST/indicator/EG.ELC.ACCS.ZS?format=json&per_page=1000,2026-09-28T17:23:23.270Z,{}
EG.ELC.ACCS.ZS,EG.ELC.ACCS.ZS--est,Estonia,EST,Access to electricity (% of population),2016-12-31,2016,year,2016-01-01,100,% populacji,annual,observed,https://api.worldbank.org/v2/country/POL;WLD;USA;CHN;DEU;IND;KOR;JPN;GBR;FRA;BRA;EST/indicator/EG.ELC.ACCS.ZS?format=json&per_page=1000,2026-09-28T17:23:23.270Z,{}
EG.ELC.ACCS.ZS,EG.ELC.ACCS.ZS--fra,Francja,FRA,Access to electricity (% of population),2016-12-31,2016,year,2016-01-01,100,% populacji,annual,observed,https://api.worldbank.org/v2/country/POL;WLD;USA;CHN;DEU;IND;KOR;JPN;GBR;FRA;BRA;EST/indicator/EG.ELC.ACCS.ZS?format=json&per_page=1000,2026-09-28T17:23:23.270Z,{}
EG.ELC.ACCS.ZS,EG.ELC.ACCS.ZS--gbr,Wielka Brytania,GBR,Access to electricity (% of population),2016-12-31,2016,year,2016-01-01,100,% populacji,annual,observed,https://api.worldbank.org/v2/country/POL;WLD;USA;CHN;DEU;IND;KOR;JPN;GBR;FRA;BRA;EST/indicator/EG.ELC.ACCS.ZS?format=json&per_page=1000,2026-09-28T17:23:23.270Z,{}
EG.ELC.ACCS.ZS,EG.ELC.ACCS.ZS--ind,Indie,IND,Access to electricity (% of population),2016-12-31,2016,year,2016-01-01,89.6,% populacji,annual,observed,https://api.worldbank.org/v2/country/POL;WLD;USA;CHN;DEU;IND;KOR;JPN;GBR;FRA;BRA;EST/indicator/EG.ELC.ACCS.ZS?format=json&per_page=1000,2026-09-28T17:23:23.270Z,{}
EG.ELC.ACCS.ZS,EG.ELC.ACCS.ZS--jpn,Japonia,JPN,Access to electricity (% of population),2016-12-31,2016,year,2016-01-01,100,% populacji,annual,observed,https://api.worldbank.org/v2/country/POL;WLD;USA;CHN;DEU;IND;KOR;JPN;GBR;FRA;BRA;EST/indicator/EG.ELC.ACCS.ZS?format=json&per_page=1000,2026-09-28T17:23:23.270Z,{}
EG.ELC.ACCS.ZS,EG.ELC.ACCS.ZS--kor,Korea Płd.,KOR,Access to electricity (% of population),2016-12-31,2016,year,2016-01-01,100,% populacji,annual,observed,https://api.worldbank.org/v2/country/POL;WLD;USA;CHN;DEU;IND;KOR;JPN;GBR;FRA;BRA;EST/indicator/EG.ELC.ACCS.ZS?format=json&per_page=1000,2026-09-28T17:23:23.270Z,{}
EG.ELC.ACCS.ZS,EG.ELC.ACCS.ZS--pol,Polska,POL,Access to electricity (% of population),2016-12-31,2016,year,2016-01-01,100,% populacji,annual,observed,https://api.worldbank.org/v2/country/POL;WLD;USA;CHN;DEU;IND;KOR;JPN;GBR;FRA;BRA;EST/indicator/EG.ELC.ACCS.ZS?format=json&per_page=1000,2026-09-28T17:23:23.270Z,{}
EG.ELC.ACCS.ZS,EG.ELC.ACCS.ZS--usa,USA,USA,Access to electricity (% of population),2016-12-31,2016,year,2016-01-01,100,% populacji,annual,observed,https://api.worldbank.org/v2/country/POL;WLD;USA;CHN;DEU;IND;KOR;JPN;GBR;FRA;BRA;EST/indicator/EG.ELC.ACCS.ZS?format=json&per_page=1000,2026-09-28T17:23:23.270Z,{}
EG.ELC.ACCS.ZS,EG.ELC.ACCS.ZS--wld,Świat,WLD,Access to electricity (% of population),2016-12-31,2016,year,2016-01-01,88.1080967238499,% populacji,annual,observed,https://api.worldbank.org/v2/country/POL;WLD;USA;CHN;DEU;IND;KOR;JPN;GBR;FRA;BRA;EST/indicator/EG.ELC.ACCS.ZS?format=json&per_page=1000,2026-09-28T17:23:23.270Z,{}
EG.ELC.ACCS.ZS,EG.ELC.ACCS.ZS--bra,Brazylia,BRA,Access to electricity (% of population),2017-12-31,2017,year,2017-01-01,99.8,% populacji,annual,observed,https://api.worldbank.org/v2/country/POL;WLD;USA;CHN;DEU;IND;KOR;JPN;GBR;FRA;BRA;EST/indicator/EG.ELC.ACCS.ZS?format=json&per_page=1000,2026-09-28T17:23:23.270Z,{}
EG.ELC.ACCS.ZS,EG.ELC.ACCS.ZS--chn,Chiny,CHN,Access to electricity (% of population),2017-12-31,2017,year,2017-01-01,100,% populacji,annual,observed,https://api.worldbank.org/v2/country/POL;WLD;USA;CHN;DEU;IND;KOR;JPN;GBR;FRA;BRA;EST/indicator/EG.ELC.ACCS.ZS?format=json&per_page=1000,2026-09-28T17:23:23.270Z,{}
EG.ELC.ACCS.ZS,EG.ELC.ACCS.ZS--deu,Niemcy,DEU,Access to electricity (% of population),2017-12-31,2017,year,2017-01-01,100,% populacji,annual,observed,https://api.worldbank.org/v2/country/POL;WLD;USA;CHN;DEU;IND;KOR;JPN;GBR;FRA;BRA;EST/indicator/EG.ELC.ACCS.ZS?format=json&per_page=1000,2026-09-28T17:23:23.270Z,{}
EG.ELC.ACCS.ZS,EG.ELC.ACCS.ZS--est,Estonia,EST,Access to electricity (% of population),2017-12-31,2017,year,2017-01-01,100,% populacji,annual,observed,https://api.worldbank.org/v2/country/POL;WLD;USA;CHN;DEU;IND;KOR;JPN;GBR;FRA;BRA;EST/indicator/EG.ELC.ACCS.ZS?format=json&per_page=1000,2026-09-28T17:23:23.270Z,{}
EG.ELC.ACCS.ZS,EG.ELC.ACCS.ZS--fra,Francja,FRA,Access to electricity (% of population),2017-12-31,2017,year,2017-01-01,100,% populacji,annual,observed,https://api.worldbank.org/v2/country/POL;WLD;USA;CHN;DEU;IND;KOR;JPN;GBR;FRA;BRA;EST/indicator/EG.ELC.ACCS.ZS?format=json&per_page=1000,2026-09-28T17:23:23.270Z,{}
EG.ELC.ACCS.ZS,EG.ELC.ACCS.ZS--gbr,Wielka Brytania,GBR,Access to electricity (% of population),2017-12-31,2017,year,2017-01-01,100,% populacji,annual,observed,https://api.worldbank.org/v2/country/POL;WLD;USA;CHN;DEU;IND;KOR;JPN;GBR;FRA;BRA;EST/indicator/EG.ELC.ACCS.ZS?format=json&per_page=1000,2026-09-28T17:23:23.270Z,{}
EG.ELC.ACCS.ZS,EG.ELC.ACCS.ZS--ind,Indie,IND,Access to electricity (% of population),2017-12-31,2017,year,2017-01-01,91.8,% populacji,annual,observed,https://api.worldbank.org/v2/country/POL;WLD;USA;CHN;DEU;IND;KOR;JPN;GBR;FRA;BRA;EST/indicator/EG.ELC.ACCS.ZS?format=json&per_page=1000,2026-09-28T17:23:23.270Z,{}
EG.ELC.ACCS.ZS,EG.ELC.ACCS.ZS--jpn,Japonia,JPN,Access to electricity (% of population),2017-12-31,2017,year,2017-01-01,100,% populacji,annual,observed,https://api.worldbank.org/v2/country/POL;WLD;USA;CHN;DEU;IND;KOR;JPN;GBR;FRA;BRA;EST/indicator/EG.ELC.ACCS.ZS?format=json&per_page=1000,2026-09-28T17:23:23.270Z,{}
EG.ELC.ACCS.ZS,EG.ELC.ACCS.ZS--kor,Korea Płd.,KOR,Access to electricity (% of population),2017-12-31,2017,year,2017-01-01,100,% populacji,annual,observed,https://api.worldbank.org/v2/country/POL;WLD;USA;CHN;DEU;IND;KOR;JPN;GBR;FRA;BRA;EST/indicator/EG.ELC.ACCS.ZS?format=json&per_page=1000,2026-09-28T17:23:23.270Z,{}
EG.ELC.ACCS.ZS,EG.ELC.ACCS.ZS--pol,Polska,POL,Access to electricity (% of population),2017-12-31,2017,year,2017-01-01,100,% populacji,annual,observed,https://api.worldbank.org/v2/country/POL;WLD;USA;CHN;DEU;IND;KOR;JPN;GBR;FRA;BRA;EST/indicator/EG.ELC.ACCS.ZS?format=json&per_page=1000,2026-09-28T17:23:23.270Z,{}
EG.ELC.ACCS.ZS,EG.ELC.ACCS.ZS--usa,USA,USA,Access to electricity (% of population),2017-12-31,2017,year,2017-01-01,100,% populacji,annual,observed,https://api.worldbank.org/v2/country/POL;WLD;USA;CHN;DEU;IND;KOR;JPN;GBR;FRA;BRA;EST/indicator/EG.ELC.ACCS.ZS?format=json&per_page=1000,2026-09-28T17:23:23.270Z,{}
EG.ELC.ACCS.ZS,EG.ELC.ACCS.ZS--wld,Świat,WLD,Access to electricity (% of population),2017-12-31,2017,year,2017-01-01,88.9357124003312,% populacji,annual,observed,https://api.worldbank.org/v2/country/POL;WLD;USA;CHN;DEU;IND;KOR;JPN;GBR;FRA;BRA;EST/indicator/EG.ELC.ACCS.ZS?format=json&per_page=1000,2026-09-28T17:23:23.270Z,{}
EG.ELC.ACCS.ZS,EG.ELC.ACCS.ZS--bra,Brazylia,BRA,Access to electricity (% of population),2018-12-31,2018,year,2018-01-01,99.7,% populacji,annual,observed,https://api.worldbank.org/v2/country/POL;WLD;USA;CHN;DEU;IND;KOR;JPN;GBR;FRA;BRA;EST/indicator/EG.ELC.ACCS.ZS?format=json&per_page=1000,2026-09-28T17:23:23.270Z,{}
EG.ELC.ACCS.ZS,EG.ELC.ACCS.ZS--chn,Chiny,CHN,Access to electricity (% of population),2018-12-31,2018,year,2018-01-01,100,% populacji,annual,observed,https://api.worldbank.org/v2/country/POL;WLD;USA;CHN;DEU;IND;KOR;JPN;GBR;FRA;BRA;EST/indicator/EG.ELC.ACCS.ZS?format=json&per_page=1000,2026-09-28T17:23:23.270Z,{}
EG.ELC.ACCS.ZS,EG.ELC.ACCS.ZS--deu,Niemcy,DEU,Access to electricity (% of population),2018-12-31,2018,year,2018-01-01,100,% populacji,annual,observed,https://api.worldbank.org/v2/country/POL;WLD;USA;CHN;DEU;IND;KOR;JPN;GBR;FRA;BRA;EST/indicator/EG.ELC.ACCS.ZS?format=json&per_page=1000,2026-09-28T17:23:23.270Z,{}
EG.ELC.ACCS.ZS,EG.ELC.ACCS.ZS--est,Estonia,EST,Access to electricity (% of population),2018-12-31,2018,year,2018-01-01,100,% populacji,annual,observed,https://api.worldbank.org/v2/country/POL;WLD;USA;CHN;DEU;IND;KOR;JPN;GBR;FRA;BRA;EST/indicator/EG.ELC.ACCS.ZS?format=json&per_page=1000,2026-09-28T17:23:23.270Z,{}
EG.ELC.ACCS.ZS,EG.ELC.ACCS.ZS--fra,Francja,FRA,Access to electricity (% of population),2018-12-31,2018,year,2018-01-01,100,% populacji,annual,observed,https://api.worldbank.org/v2/country/POL;WLD;USA;CHN;DEU;IND;KOR;JPN;GBR;FRA;BRA;EST/indicator/EG.ELC.ACCS.ZS?format=json&per_page=1000,2026-09-28T17:23:23.270Z,{}
EG.ELC.ACCS.ZS,EG.ELC.ACCS.ZS--gbr,Wielka Brytania,GBR,Access to electricity (% of population),2018-12-31,2018,year,2018-01-01,100,% populacji,annual,observed,https://api.worldbank.org/v2/country/POL;WLD;USA;CHN;DEU;IND;KOR;JPN;GBR;FRA;BRA;EST/indicator/EG.ELC.ACCS.ZS?format=json&per_page=1000,2026-09-28T17:23:23.270Z,{}
EG.ELC.ACCS.ZS,EG.ELC.ACCS.ZS--ind,Indie,IND,Access to electricity (% of population),2018-12-31,2018,year,2018-01-01,95.7,% populacji,annual,observed,https://api.worldbank.org/v2/country/POL;WLD;USA;CHN;DEU;IND;KOR;JPN;GBR;FRA;BRA;EST/indicator/EG.ELC.ACCS.ZS?format=json&per_page=1000,2026-09-28T17:23:23.270Z,{}
EG.ELC.ACCS.ZS,EG.ELC.ACCS.ZS--jpn,Japonia,JPN,Access to electricity (% of population),2018-12-31,2018,year,2018-01-01,100,% populacji,annual,observed,https://api.worldbank.org/v2/country/POL;WLD;USA;CHN;DEU;IND;KOR;JPN;GBR;FRA;BRA;EST/indicator/EG.ELC.ACCS.ZS?format=json&per_page=1000,2026-09-28T17:23:23.270Z,{}
EG.ELC.ACCS.ZS,EG.ELC.ACCS.ZS--kor,Korea Płd.,KOR,Access to electricity (% of population),2018-12-31,2018,year,2018-01-01,100,% populacji,annual,observed,https://api.worldbank.org/v2/country/POL;WLD;USA;CHN;DEU;IND;KOR;JPN;GBR;FRA;BRA;EST/indicator/EG.ELC.ACCS.ZS?format=json&per_page=1000,2026-09-28T17:23:23.270Z,{}
EG.ELC.ACCS.ZS,EG.ELC.ACCS.ZS--pol,Polska,POL,Access to electricity (% of population),2018-12-31,2018,year,2018-01-01,100,% populacji,annual,observed,https://api.worldbank.org/v2/country/POL;WLD;USA;CHN;DEU;IND;KOR;JPN;GBR;FRA;BRA;EST/indicator/EG.ELC.ACCS.ZS?format=json&per_page=1000,2026-09-28T17:23:23.270Z,{}
EG.ELC.ACCS.ZS,EG.ELC.ACCS.ZS--usa,USA,USA,Access to electricity (% of population),2018-12-31,2018,year,2018-01-01,100,% populacji,annual,observed,https://api.worldbank.org/v2/country/POL;WLD;USA;CHN;DEU;IND;KOR;JPN;GBR;FRA;BRA;EST/indicator/EG.ELC.ACCS.ZS?format=json&per_page=1000,2026-09-28T17:23:23.270Z,{}
EG.ELC.ACCS.ZS,EG.ELC.ACCS.ZS--wld,Świat,WLD,Access to electricity (% of population),2018-12-31,2018,year,2018-01-01,89.8011777019155,% populacji,annual,observed,https://api.worldbank.org/v2/country/POL;WLD;USA;CHN;DEU;IND;KOR;JPN;GBR;FRA;BRA;EST/indicator/EG.ELC.ACCS.ZS?format=json&per_page=1000,2026-09-28T17:23:23.270Z,{}
EG.ELC.ACCS.ZS,EG.ELC.ACCS.ZS--bra,Brazylia,BRA,Access to electricity (% of population),2019-12-31,2019,year,2019-01-01,99.8,% populacji,annual,observed,https://api.worldbank.org/v2/country/POL;WLD;USA;CHN;DEU;IND;KOR;JPN;GBR;FRA;BRA;EST/indicator/EG.ELC.ACCS.ZS?format=json&per_page=1000,2026-09-28T17:23:23.270Z,{}
EG.ELC.ACCS.ZS,EG.ELC.ACCS.ZS--chn,Chiny,CHN,Access to electricity (% of population),2019-12-31,2019,year,2019-01-01,100,% populacji,annual,observed,https://api.worldbank.org/v2/country/POL;WLD;USA;CHN;DEU;IND;KOR;JPN;GBR;FRA;BRA;EST/indicator/EG.ELC.ACCS.ZS?format=json&per_page=1000,2026-09-28T17:23:23.270Z,{}
EG.ELC.ACCS.ZS,EG.ELC.ACCS.ZS--deu,Niemcy,DEU,Access to electricity (% of population),2019-12-31,2019,year,2019-01-01,100,% populacji,annual,observed,https://api.worldbank.org/v2/country/POL;WLD;USA;CHN;DEU;IND;KOR;JPN;GBR;FRA;BRA;EST/indicator/EG.ELC.ACCS.ZS?format=json&per_page=1000,2026-09-28T17:23:23.270Z,{}
EG.ELC.ACCS.ZS,EG.ELC.ACCS.ZS--est,Estonia,EST,Access to electricity (% of population),2019-12-31,2019,year,2019-01-01,100,% populacji,annual,observed,https://api.worldbank.org/v2/country/POL;WLD;USA;CHN;DEU;IND;KOR;JPN;GBR;FRA;BRA;EST/indicator/EG.ELC.ACCS.ZS?format=json&per_page=1000,2026-09-28T17:23:23.270Z,{}
EG.ELC.ACCS.ZS,EG.ELC.ACCS.ZS--fra,Francja,FRA,Access to electricity (% of population),2019-12-31,2019,year,2019-01-01,100,% populacji,annual,observed,https://api.worldbank.org/v2/country/POL;WLD;USA;CHN;DEU;IND;KOR;JPN;GBR;FRA;BRA;EST/indicator/EG.ELC.ACCS.ZS?format=json&per_page=1000,2026-09-28T17:23:23.270Z,{}
EG.ELC.ACCS.ZS,EG.ELC.ACCS.ZS--gbr,Wielka Brytania,GBR,Access to electricity (% of population),2019-12-31,2019,year,2019-01-01,100,% populacji,annual,observed,https://api.worldbank.org/v2/country/POL;WLD;USA;CHN;DEU;IND;KOR;JPN;GBR;FRA;BRA;EST/indicator/EG.ELC.ACCS.ZS?format=json&per_page=1000,2026-09-28T17:23:23.270Z,{}
EG.ELC.ACCS.ZS,EG.ELC.ACCS.ZS--ind,Indie,IND,Access to electricity (% of population),2019-12-31,2019,year,2019-01-01,95.9,% populacji,annual,observed,https://api.worldbank.org/v2/country/POL;WLD;USA;CHN;DEU;IND;KOR;JPN;GBR;FRA;BRA;EST/indicator/EG.ELC.ACCS.ZS?format=json&per_page=1000,2026-09-28T17:23:23.270Z,{}
EG.ELC.ACCS.ZS,EG.ELC.ACCS.ZS--jpn,Japonia,JPN,Access to electricity (% of population),2019-12-31,2019,year,2019-01-01,100,% populacji,annual,observed,https://api.worldbank.org/v2/country/POL;WLD;USA;CHN;DEU;IND;KOR;JPN;GBR;FRA;BRA;EST/indicator/EG.ELC.ACCS.ZS?format=json&per_page=1000,2026-09-28T17:23:23.270Z,{}
EG.ELC.ACCS.ZS,EG.ELC.ACCS.ZS--kor,Korea Płd.,KOR,Access to electricity (% of population),2019-12-31,2019,year,2019-01-01,100,% populacji,annual,observed,https://api.worldbank.org/v2/country/POL;WLD;USA;CHN;DEU;IND;KOR;JPN;GBR;FRA;BRA;EST/indicator/EG.ELC.ACCS.ZS?format=json&per_page=1000,2026-09-28T17:23:23.270Z,{}
EG.ELC.ACCS.ZS,EG.ELC.ACCS.ZS--pol,Polska,POL,Access to electricity (% of population),2019-12-31,2019,year,2019-01-01,100,% populacji,annual,observed,https://api.worldbank.org/v2/country/POL;WLD;USA;CHN;DEU;IND;KOR;JPN;GBR;FRA;BRA;EST/indicator/EG.ELC.ACCS.ZS?format=json&per_page=1000,2026-09-28T17:23:23.270Z,{}
EG.ELC.ACCS.ZS,EG.ELC.ACCS.ZS--usa,USA,USA,Access to electricity (% of population),2019-12-31,2019,year,2019-01-01,100,% populacji,annual,observed,https://api.worldbank.org/v2/country/POL;WLD;USA;CHN;DEU;IND;KOR;JPN;GBR;FRA;BRA;EST/indicator/EG.ELC.ACCS.ZS?format=json&per_page=1000,2026-09-28T17:23:23.270Z,{}
EG.ELC.ACCS.ZS,EG.ELC.ACCS.ZS--wld,Świat,WLD,Access to electricity (% of population),2019-12-31,2019,year,2019-01-01,90.1089635853778,% populacji,annual,observed,https://api.worldbank.org/v2/country/POL;WLD;USA;CHN;DEU;IND;KOR;JPN;GBR;FRA;BRA;EST/indicator/EG.ELC.ACCS.ZS?format=json&per_page=1000,2026-09-28T17:23:23.270Z,{}
EG.ELC.ACCS.ZS,EG.ELC.ACCS.ZS--bra,Brazylia,BRA,Access to electricity (% of population),2020-12-31,2020,year,2020-01-01,99.7,% populacji,annual,observed,https://api.worldbank.org/v2/country/POL;WLD;USA;CHN;DEU;IND;KOR;JPN;GBR;FRA;BRA;EST/indicator/EG.ELC.ACCS.ZS?format=json&per_page=1000,2026-09-28T17:23:23.270Z,{}
EG.ELC.ACCS.ZS,EG.ELC.ACCS.ZS--chn,Chiny,CHN,Access to electricity (% of population),2020-12-31,2020,year,2020-01-01,100,% populacji,annual,observed,https://api.worldbank.org/v2/country/POL;WLD;USA;CHN;DEU;IND;KOR;JPN;GBR;FRA;BRA;EST/indicator/EG.ELC.ACCS.ZS?format=json&per_page=1000,2026-09-28T17:23:23.270Z,{}
EG.ELC.ACCS.ZS,EG.ELC.ACCS.ZS--deu,Niemcy,DEU,Access to electricity (% of population),2020-12-31,2020,year,2020-01-01,100,% populacji,annual,observed,https://api.worldbank.org/v2/country/POL;WLD;USA;CHN;DEU;IND;KOR;JPN;GBR;FRA;BRA;EST/indicator/EG.ELC.ACCS.ZS?format=json&per_page=1000,2026-09-28T17:23:23.270Z,{}
EG.ELC.ACCS.ZS,EG.ELC.ACCS.ZS--est,Estonia,EST,Access to electricity (% of population),2020-12-31,2020,year,2020-01-01,100,% populacji,annual,observed,https://api.worldbank.org/v2/country/POL;WLD;USA;CHN;DEU;IND;KOR;JPN;GBR;FRA;BRA;EST/indicator/EG.ELC.ACCS.ZS?format=json&per_page=1000,2026-09-28T17:23:23.270Z,{}
EG.ELC.ACCS.ZS,EG.ELC.ACCS.ZS--fra,Francja,FRA,Access to electricity (% of population),2020-12-31,2020,year,2020-01-01,100,% populacji,annual,observed,https://api.worldbank.org/v2/country/POL;WLD;USA;CHN;DEU;IND;KOR;JPN;GBR;FRA;BRA;EST/indicator/EG.ELC.ACCS.ZS?format=json&per_page=1000,2026-09-28T17:23:23.270Z,{}
EG.ELC.ACCS.ZS,EG.ELC.ACCS.ZS--gbr,Wielka Brytania,GBR,Access to electricity (% of population),2020-12-31,2020,year,2020-01-01,100,% populacji,annual,observed,https://api.worldbank.org/v2/country/POL;WLD;USA;CHN;DEU;IND;KOR;JPN;GBR;FRA;BRA;EST/indicator/EG.ELC.ACCS.ZS?format=json&per_page=1000,2026-09-28T17:23:23.270Z,{}
EG.ELC.ACCS.ZS,EG.ELC.ACCS.ZS--ind,Indie,IND,Access to electricity (% of population),2020-12-31,2020,year,2020-01-01,96.5,% populacji,annual,observed,https://api.worldbank.org/v2/country/POL;WLD;USA;CHN;DEU;IND;KOR;JPN;GBR;FRA;BRA;EST/indicator/EG.ELC.ACCS.ZS?format=json&per_page=1000,2026-09-28T17:23:23.270Z,{}
EG.ELC.ACCS.ZS,EG.ELC.ACCS.ZS--jpn,Japonia,JPN,Access to electricity (% of population),2020-12-31,2020,year,2020-01-01,100,% populacji,annual,observed,https://api.worldbank.org/v2/country/POL;WLD;USA;CHN;DEU;IND;KOR;JPN;GBR;FRA;BRA;EST/indicator/EG.ELC.ACCS.ZS?format=json&per_page=1000,2026-09-28T17:23:23.270Z,{}
EG.ELC.ACCS.ZS,EG.ELC.ACCS.ZS--kor,Korea Płd.,KOR,Access to electricity (% of population),2020-12-31,2020,year,2020-01-01,100,% populacji,annual,observed,https://api.worldbank.org/v2/country/POL;WLD;USA;CHN;DEU;IND;KOR;JPN;GBR;FRA;BRA;EST/indicator/EG.ELC.ACCS.ZS?format=json&per_page=1000,2026-09-28T17:23:23.270Z,{}
EG.ELC.ACCS.ZS,EG.ELC.ACCS.ZS--pol,Polska,POL,Access to electricity (% of population),2020-12-31,2020,year,2020-01-01,100,% populacji,annual,observed,https://api.worldbank.org/v2/country/POL;WLD;USA;CHN;DEU;IND;KOR;JPN;GBR;FRA;BRA;EST/indicator/EG.ELC.ACCS.ZS?format=json&per_page=1000,2026-09-28T17:23:23.270Z,{}
EG.ELC.ACCS.ZS,EG.ELC.ACCS.ZS--usa,USA,USA,Access to electricity (% of population),2020-12-31,2020,year,2020-01-01,100,% populacji,annual,observed,https://api.worldbank.org/v2/country/POL;WLD;USA;CHN;DEU;IND;KOR;JPN;GBR;FRA;BRA;EST/indicator/EG.ELC.ACCS.ZS?format=json&per_page=1000,2026-09-28T17:23:23.270Z,{}
EG.ELC.ACCS.ZS,EG.ELC.ACCS.ZS--wld,Świat,WLD,Access to electricity (% of population),2020-12-31,2020,year,2020-01-01,90.3995467820191,% populacji,annual,observed,https://api.worldbank.org/v2/country/POL;WLD;USA;CHN;DEU;IND;KOR;JPN;GBR;FRA;BRA;EST/indicator/EG.ELC.ACCS.ZS?format=json&per_page=1000,2026-09-28T17:23:23.270Z,{}
EG.ELC.ACCS.ZS,EG.ELC.ACCS.ZS--bra,Brazylia,BRA,Access to electricity (% of population),2021-12-31,2021,year,2021-01-01,99.5,% populacji,annual,observed,https://api.worldbank.org/v2/country/POL;WLD;USA;CHN;DEU;IND;KOR;JPN;GBR;FRA;BRA;EST/indicator/EG.ELC.ACCS.ZS?format=json&per_page=1000,2026-09-28T17:23:23.270Z,{}
EG.ELC.ACCS.ZS,EG.ELC.ACCS.ZS--chn,Chiny,CHN,Access to electricity (% of population),2021-12-31,2021,year,2021-01-01,100,% populacji,annual,observed,https://api.worldbank.org/v2/country/POL;WLD;USA;CHN;DEU;IND;KOR;JPN;GBR;FRA;BRA;EST/indicator/EG.ELC.ACCS.ZS?format=json&per_page=1000,2026-09-28T17:23:23.270Z,{}
EG.ELC.ACCS.ZS,EG.ELC.ACCS.ZS--deu,Niemcy,DEU,Access to electricity (% of population),2021-12-31,2021,year,2021-01-01,100,% populacji,annual,observed,https://api.worldbank.org/v2/country/POL;WLD;USA;CHN;DEU;IND;KOR;JPN;GBR;FRA;BRA;EST/indicator/EG.ELC.ACCS.ZS?format=json&per_page=1000,2026-09-28T17:23:23.270Z,{}
EG.ELC.ACCS.ZS,EG.ELC.ACCS.ZS--est,Estonia,EST,Access to electricity (% of population),2021-12-31,2021,year,2021-01-01,100,% populacji,annual,observed,https://api.worldbank.org/v2/country/POL;WLD;USA;CHN;DEU;IND;KOR;JPN;GBR;FRA;BRA;EST/indicator/EG.ELC.ACCS.ZS?format=json&per_page=1000,2026-09-28T17:23:23.270Z,{}
EG.ELC.ACCS.ZS,EG.ELC.ACCS.ZS--fra,Francja,FRA,Access to electricity (% of population),2021-12-31,2021,year,2021-01-01,100,% populacji,annual,observed,https://api.worldbank.org/v2/country/POL;WLD;USA;CHN;DEU;IND;KOR;JPN;GBR;FRA;BRA;EST/indicator/EG.ELC.ACCS.ZS?format=json&per_page=1000,2026-09-28T17:23:23.270Z,{}
EG.ELC.ACCS.ZS,EG.ELC.ACCS.ZS--gbr,Wielka Brytania,GBR,Access to electricity (% of population),2021-12-31,2021,year,2021-01-01,100,% populacji,annual,observed,https://api.worldbank.org/v2/country/POL;WLD;USA;CHN;DEU;IND;KOR;JPN;GBR;FRA;BRA;EST/indicator/EG.ELC.ACCS.ZS?format=json&per_page=1000,2026-09-28T17:23:23.270Z,{}
EG.ELC.ACCS.ZS,EG.ELC.ACCS.ZS--ind,Indie,IND,Access to electricity (% of population),2021-12-31,2021,year,2021-01-01,99.6,% populacji,annual,observed,https://api.worldbank.org/v2/country/POL;WLD;USA;CHN;DEU;IND;KOR;JPN;GBR;FRA;BRA;EST/indicator/EG.ELC.ACCS.ZS?format=json&per_page=1000,2026-09-28T17:23:23.270Z,{}
EG.ELC.ACCS.ZS,EG.ELC.ACCS.ZS--jpn,Japonia,JPN,Access to electricity (% of population),2021-12-31,2021,year,2021-01-01,100,% populacji,annual,observed,https://api.worldbank.org/v2/country/POL;WLD;USA;CHN;DEU;IND;KOR;JPN;GBR;FRA;BRA;EST/indicator/EG.ELC.ACCS.ZS?format=json&per_page=1000,2026-09-28T17:23:23.270Z,{}
EG.ELC.ACCS.ZS,EG.ELC.ACCS.ZS--kor,Korea Płd.,KOR,Access to electricity (% of population),2021-12-31,2021,year,2021-01-01,100,% populacji,annual,observed,https://api.worldbank.org/v2/country/POL;WLD;USA;CHN;DEU;IND;KOR;JPN;GBR;FRA;BRA;EST/indicator/EG.ELC.ACCS.ZS?format=json&per_page=1000,2026-09-28T17:23:23.270Z,{}
EG.ELC.ACCS.ZS,EG.ELC.ACCS.ZS--pol,Polska,POL,Access to electricity (% of population),2021-12-31,2021,year,2021-01-01,100,% populacji,annual,observed,https://api.worldbank.org/v2/country/POL;WLD;USA;CHN;DEU;IND;KOR;JPN;GBR;FRA;BRA;EST/indicator/EG.ELC.ACCS.ZS?format=json&per_page=1000,2026-09-28T17:23:23.270Z,{}
EG.ELC.ACCS.ZS,EG.ELC.ACCS.ZS--usa,USA,USA,Access to electricity (% of population),2021-12-31,2021,year,2021-01-01,100,% populacji,annual,observed,https://api.worldbank.org/v2/country/POL;WLD;USA;CHN;DEU;IND;KOR;JPN;GBR;FRA;BRA;EST/indicator/EG.ELC.ACCS.ZS?format=json&per_page=1000,2026-09-28T17:23:23.270Z,{}
EG.ELC.ACCS.ZS,EG.ELC.ACCS.ZS--wld,Świat,WLD,Access to electricity (% of population),2021-12-31,2021,year,2021-01-01,91.3385144099012,% populacji,annual,observed,https://api.worldbank.org/v2/country/POL;WLD;USA;CHN;DEU;IND;KOR;JPN;GBR;FRA;BRA;EST/indicator/EG.ELC.ACCS.ZS?format=json&per_page=1000,2026-09-28T17:23:23.270Z,{}
EG.ELC.ACCS.ZS,EG.ELC.ACCS.ZS--bra,Brazylia,BRA,Access to electricity (% of population),2022-12-31,2022,year,2022-01-01,100,% populacji,annual,observed,https://api.worldbank.org/v2/country/POL;WLD;USA;CHN;DEU;IND;KOR;JPN;GBR;FRA;BRA;EST/indicator/EG.ELC.ACCS.ZS?format=json&per_page=1000,2026-09-28T17:23:23.270Z,{}
EG.ELC.ACCS.ZS,EG.ELC.ACCS.ZS--chn,Chiny,CHN,Access to electricity (% of population),2022-12-31,2022,year,2022-01-01,100,% populacji,annual,observed,https://api.worldbank.org/v2/country/POL;WLD;USA;CHN;DEU;IND;KOR;JPN;GBR;FRA;BRA;EST/indicator/EG.ELC.ACCS.ZS?format=json&per_page=1000,2026-09-28T17:23:23.270Z,{}
EG.ELC.ACCS.ZS,EG.ELC.ACCS.ZS--deu,Niemcy,DEU,Access to electricity (% of population),2022-12-31,2022,year,2022-01-01,100,% populacji,annual,observed,https://api.worldbank.org/v2/country/POL;WLD;USA;CHN;DEU;IND;KOR;JPN;GBR;FRA;BRA;EST/indicator/EG.ELC.ACCS.ZS?format=json&per_page=1000,2026-09-28T17:23:23.270Z,{}
EG.ELC.ACCS.ZS,EG.ELC.ACCS.ZS--est,Estonia,EST,Access to electricity (% of population),2022-12-31,2022,year,2022-01-01,100,% populacji,annual,observed,https://api.worldbank.org/v2/country/POL;WLD;USA;CHN;DEU;IND;KOR;JPN;GBR;FRA;BRA;EST/indicator/EG.ELC.ACCS.ZS?format=json&per_page=1000,2026-09-28T17:23:23.270Z,{}
EG.ELC.ACCS.ZS,EG.ELC.ACCS.ZS--fra,Francja,FRA,Access to electricity (% of population),2022-12-31,2022,year,2022-01-01,100,% populacji,annual,observed,https://api.worldbank.org/v2/country/POL;WLD;USA;CHN;DEU;IND;KOR;JPN;GBR;FRA;BRA;EST/indicator/EG.ELC.ACCS.ZS?format=json&per_page=1000,2026-09-28T17:23:23.270Z,{}
EG.ELC.ACCS.ZS,EG.ELC.ACCS.ZS--gbr,Wielka Brytania,GBR,Access to electricity (% of population),2022-12-31,2022,year,2022-01-01,100,% populacji,annual,observed,https://api.worldbank.org/v2/country/POL;WLD;USA;CHN;DEU;IND;KOR;JPN;GBR;FRA;BRA;EST/indicator/EG.ELC.ACCS.ZS?format=json&per_page=1000,2026-09-28T17:23:23.270Z,{}
EG.ELC.ACCS.ZS,EG.ELC.ACCS.ZS--ind,Indie,IND,Access to electricity (% of population),2022-12-31,2022,year,2022-01-01,99.2,% populacji,annual,observed,https://api.worldbank.org/v2/country/POL;WLD;USA;CHN;DEU;IND;KOR;JPN;GBR;FRA;BRA;EST/indicator/EG.ELC.ACCS.ZS?format=json&per_page=1000,2026-09-28T17:23:23.270Z,{}
EG.ELC.ACCS.ZS,EG.ELC.ACCS.ZS--jpn,Japonia,JPN,Access to electricity (% of population),2022-12-31,2022,year,2022-01-01,100,% populacji,annual,observed,https://api.worldbank.org/v2/country/POL;WLD;USA;CHN;DEU;IND;KOR;JPN;GBR;FRA;BRA;EST/indicator/EG.ELC.ACCS.ZS?format=json&per_page=1000,2026-09-28T17:23:23.270Z,{}
EG.ELC.ACCS.ZS,EG.ELC.ACCS.ZS--kor,Korea Płd.,KOR,Access to electricity (% of population),2022-12-31,2022,year,2022-01-01,100,% populacji,annual,observed,https://api.worldbank.org/v2/country/POL;WLD;USA;CHN;DEU;IND;KOR;JPN;GBR;FRA;BRA;EST/indicator/EG.ELC.ACCS.ZS?format=json&per_page=1000,2026-09-28T17:23:23.270Z,{}
EG.ELC.ACCS.ZS,EG.ELC.ACCS.ZS--pol,Polska,POL,Access to electricity (% of population),2022-12-31,2022,year,2022-01-01,100,% populacji,annual,observed,https://api.worldbank.org/v2/country/POL;WLD;USA;CHN;DEU;IND;KOR;JPN;GBR;FRA;BRA;EST/indicator/EG.ELC.ACCS.ZS?format=json&per_page=1000,2026-09-28T17:23:23.270Z,{}
EG.ELC.ACCS.ZS,EG.ELC.ACCS.ZS--usa,USA,USA,Access to electricity (% of population),2022-12-31,2022,year,2022-01-01,100,% populacji,annual,observed,https://api.worldbank.org/v2/country/POL;WLD;USA;CHN;DEU;IND;KOR;JPN;GBR;FRA;BRA;EST/indicator/EG.ELC.ACCS.ZS?format=json&per_page=1000,2026-09-28T17:23:23.270Z,{}
EG.ELC.ACCS.ZS,EG.ELC.ACCS.ZS--wld,Świat,WLD,Access to electricity (% of population),2022-12-31,2022,year,2022-01-01,91.2817736699915,% populacji,annual,observed,https://api.worldbank.org/v2/country/POL;WLD;USA;CHN;DEU;IND;KOR;JPN;GBR;FRA;BRA;EST/indicator/EG.ELC.ACCS.ZS?format=json&per_page=1000,2026-09-28T17:23:23.270Z,{}
EG.ELC.ACCS.ZS,EG.ELC.ACCS.ZS--bra,Brazylia,BRA,Access to electricity (% of population),2023-12-31,2023,year,2023-01-01,99.8,% populacji,annual,observed,https://api.worldbank.org/v2/country/POL;WLD;USA;CHN;DEU;IND;KOR;JPN;GBR;FRA;BRA;EST/indicator/EG.ELC.ACCS.ZS?format=json&per_page=1000,2026-09-28T17:23:23.270Z,{}
EG.ELC.ACCS.ZS,EG.ELC.ACCS.ZS--chn,Chiny,CHN,Access to electricity (% of population),2023-12-31,2023,year,2023-01-01,100,% populacji,annual,observed,https://api.worldbank.org/v2/country/POL;WLD;USA;CHN;DEU;IND;KOR;JPN;GBR;FRA;BRA;EST/indicator/EG.ELC.ACCS.ZS?format=json&per_page=1000,2026-09-28T17:23:23.270Z,{}
EG.ELC.ACCS.ZS,EG.ELC.ACCS.ZS--deu,Niemcy,DEU,Access to electricity (% of population),2023-12-31,2023,year,2023-01-01,100,% populacji,annual,observed,https://api.worldbank.org/v2/country/POL;WLD;USA;CHN;DEU;IND;KOR;JPN;GBR;FRA;BRA;EST/indicator/EG.ELC.ACCS.ZS?format=json&per_page=1000,2026-09-28T17:23:23.270Z,{}
EG.ELC.ACCS.ZS,EG.ELC.ACCS.ZS--est,Estonia,EST,Access to electricity (% of population),2023-12-31,2023,year,2023-01-01,100,% populacji,annual,observed,https://api.worldbank.org/v2/country/POL;WLD;USA;CHN;DEU;IND;KOR;JPN;GBR;FRA;BRA;EST/indicator/EG.ELC.ACCS.ZS?format=json&per_page=1000,2026-09-28T17:23:23.270Z,{}
EG.ELC.ACCS.ZS,EG.ELC.ACCS.ZS--fra,Francja,FRA,Access to electricity (% of population),2023-12-31,2023,year,2023-01-01,100,% populacji,annual,observed,https://api.worldbank.org/v2/country/POL;WLD;USA;CHN;DEU;IND;KOR;JPN;GBR;FRA;BRA;EST/indicator/EG.ELC.ACCS.ZS?format=json&per_page=1000,2026-09-28T17:23:23.270Z,{}
EG.ELC.ACCS.ZS,EG.ELC.ACCS.ZS--gbr,Wielka Brytania,GBR,Access to electricity (% of population),2023-12-31,2023,year,2023-01-01,100,% populacji,annual,observed,https://api.worldbank.org/v2/country/POL;WLD;USA;CHN;DEU;IND;KOR;JPN;GBR;FRA;BRA;EST/indicator/EG.ELC.ACCS.ZS?format=json&per_page=1000,2026-09-28T17:23:23.270Z,{}
EG.ELC.ACCS.ZS,EG.ELC.ACCS.ZS--ind,Indie,IND,Access to electricity (% of population),2023-12-31,2023,year,2023-01-01,99.5,% populacji,annual,observed,https://api.worldbank.org/v2/country/POL;WLD;USA;CHN;DEU;IND;KOR;JPN;GBR;FRA;BRA;EST/indicator/EG.ELC.ACCS.ZS?format=json&per_page=1000,2026-09-28T17:23:23.270Z,{}
EG.ELC.ACCS.ZS,EG.ELC.ACCS.ZS--jpn,Japonia,JPN,Access to electricity (% of population),2023-12-31,2023,year,2023-01-01,100,% populacji,annual,observed,https://api.worldbank.org/v2/country/POL;WLD;USA;CHN;DEU;IND;KOR;JPN;GBR;FRA;BRA;EST/indicator/EG.ELC.ACCS.ZS?format=json&per_page=1000,2026-09-28T17:23:23.270Z,{}
EG.ELC.ACCS.ZS,EG.ELC.ACCS.ZS--kor,Korea Płd.,KOR,Access to electricity (% of population),2023-12-31,2023,year,2023-01-01,100,% populacji,annual,observed,https://api.worldbank.org/v2/country/POL;WLD;USA;CHN;DEU;IND;KOR;JPN;GBR;FRA;BRA;EST/indicator/EG.ELC.ACCS.ZS?format=json&per_page=1000,2026-09-28T17:23:23.270Z,{}
EG.ELC.ACCS.ZS,EG.ELC.ACCS.ZS--pol,Polska,POL,Access to electricity (% of population),2023-12-31,2023,year,2023-01-01,100,% populacji,annual,observed,https://api.worldbank.org/v2/country/POL;WLD;USA;CHN;DEU;IND;KOR;JPN;GBR;FRA;BRA;EST/indicator/EG.ELC.ACCS.ZS?format=json&per_page=1000,2026-09-28T17:23:23.270Z,{}
EG.ELC.ACCS.ZS,EG.ELC.ACCS.ZS--usa,USA,USA,Access to electricity (% of population),2023-12-31,2023,year,2023-01-01,100,% populacji,annual,observed,https://api.worldbank.org/v2/country/POL;WLD;USA;CHN;DEU;IND;KOR;JPN;GBR;FRA;BRA;EST/indicator/EG.ELC.ACCS.ZS?format=json&per_page=1000,2026-09-28T17:23:23.270Z,{}
EG.ELC.ACCS.ZS,EG.ELC.ACCS.ZS--wld,Świat,WLD,Access to electricity (% of population),2023-12-31,2023,year,2023-01-01,91.6034762480239,% populacji,annual,observed,https://api.worldbank.org/v2/country/POL;WLD;USA;CHN;DEU;IND;KOR;JPN;GBR;FRA;BRA;EST/indicator/EG.ELC.ACCS.ZS?format=json&per_page=1000,2026-09-28T17:23:23.270Z,{}
EG.ELC.ACCS.ZS,EG.ELC.ACCS.ZS--bra,Brazylia,BRA,Access to electricity (% of population),2024-12-31,2024,year,2024-01-01,99.8,% populacji,annual,observed,https://api.worldbank.org/v2/country/POL;WLD;USA;CHN;DEU;IND;KOR;JPN;GBR;FRA;BRA;EST/indicator/EG.ELC.ACCS.ZS?format=json&per_page=1000,2026-09-28T17:23:23.270Z,{}
EG.ELC.ACCS.ZS,EG.ELC.ACCS.ZS--chn,Chiny,CHN,Access to electricity (% of population),2024-12-31,2024,year,2024-01-01,100,% populacji,annual,observed,https://api.worldbank.org/v2/country/POL;WLD;USA;CHN;DEU;IND;KOR;JPN;GBR;FRA;BRA;EST/indicator/EG.ELC.ACCS.ZS?format=json&per_page=1000,2026-09-28T17:23:23.270Z,{}
EG.ELC.ACCS.ZS,EG.ELC.ACCS.ZS--deu,Niemcy,DEU,Access to electricity (% of population),2024-12-31,2024,year,2024-01-01,100,% populacji,annual,observed,https://api.worldbank.org/v2/country/POL;WLD;USA;CHN;DEU;IND;KOR;JPN;GBR;FRA;BRA;EST/indicator/EG.ELC.ACCS.ZS?format=json&per_page=1000,2026-09-28T17:23:23.270Z,{}
EG.ELC.ACCS.ZS,EG.ELC.ACCS.ZS--est,Estonia,EST,Access to electricity (% of population),2024-12-31,2024,year,2024-01-01,100,% populacji,annual,observed,https://api.worldbank.org/v2/country/POL;WLD;USA;CHN;DEU;IND;KOR;JPN;GBR;FRA;BRA;EST/indicator/EG.ELC.ACCS.ZS?format=json&per_page=1000,2026-09-28T17:23:23.270Z,{}
EG.ELC.ACCS.ZS,EG.ELC.ACCS.ZS--fra,Francja,FRA,Access to electricity (% of population),2024-12-31,2024,year,2024-01-01,100,% populacji,annual,observed,https://api.worldbank.org/v2/country/POL;WLD;USA;CHN;DEU;IND;KOR;JPN;GBR;FRA;BRA;EST/indicator/EG.ELC.ACCS.ZS?format=json&per_page=1000,2026-09-28T17:23:23.270Z,{}
EG.ELC.ACCS.ZS,EG.ELC.ACCS.ZS--gbr,Wielka Brytania,GBR,Access to electricity (% of population),2024-12-31,2024,year,2024-01-01,100,% populacji,annual,observed,https://api.worldbank.org/v2/country/POL;WLD;USA;CHN;DEU;IND;KOR;JPN;GBR;FRA;BRA;EST/indicator/EG.ELC.ACCS.ZS?format=json&per_page=1000,2026-09-28T17:23:23.270Z,{}
EG.ELC.ACCS.ZS,EG.ELC.ACCS.ZS--ind,Indie,IND,Access to electricity (% of population),2024-12-31,2024,year,2024-01-01,99.9,% populacji,annual,observed,https://api.worldbank.org/v2/country/POL;WLD;USA;CHN;DEU;IND;KOR;JPN;GBR;FRA;BRA;EST/indicator/EG.ELC.ACCS.ZS?format=json&per_page=1000,2026-09-28T17:23:23.270Z,{}
EG.ELC.ACCS.ZS,EG.ELC.ACCS.ZS--jpn,Japonia,JPN,Access to electricity (% of population),2024-12-31,2024,year,2024-01-01,100,% populacji,annual,observed,https://api.worldbank.org/v2/country/POL;WLD;USA;CHN;DEU;IND;KOR;JPN;GBR;FRA;BRA;EST/indicator/EG.ELC.ACCS.ZS?format=json&per_page=1000,2026-09-28T17:23:23.270Z,{}
EG.ELC.ACCS.ZS,EG.ELC.ACCS.ZS--kor,Korea Płd.,KOR,Access to electricity (% of population),2024-12-31,2024,year,2024-01-01,100,% populacji,annual,observed,https://api.worldbank.org/v2/country/POL;WLD;USA;CHN;DEU;IND;KOR;JPN;GBR;FRA;BRA;EST/indicator/EG.ELC.ACCS.ZS?format=json&per_page=1000,2026-09-28T17:23:23.270Z,{}
EG.ELC.ACCS.ZS,EG.ELC.ACCS.ZS--pol,Polska,POL,Access to electricity (% of population),2024-12-31,2024,year,2024-01-01,100,% populacji,annual,observed,https://api.worldbank.org/v2/country/POL;WLD;USA;CHN;DEU;IND;KOR;JPN;GBR;FRA;BRA;EST/indicator/EG.ELC.ACCS.ZS?format=json&per_page=1000,2026-09-28T17:23:23.270Z,{}
EG.ELC.ACCS.ZS,EG.ELC.ACCS.ZS--usa,USA,USA,Access to electricity (% of population),2024-12-31,2024,year,2024-01-01,100,% populacji,annual,observed,https://api.worldbank.org/v2/country/POL;WLD;USA;CHN;DEU;IND;KOR;JPN;GBR;FRA;BRA;EST/indicator/EG.ELC.ACCS.ZS?format=json&per_page=1000,2026-09-28T17:23:23.270Z,{}
EG.ELC.ACCS.ZS,EG.ELC.ACCS.ZS--wld,Świat,WLD,Access to electricity (% of population),2024-12-31,2024,year,2024-01-01,91.9264843853681,% populacji,annual,observed,https://api.worldbank.org/v2/country/POL;WLD;USA;CHN;DEU;IND;KOR;JPN;GBR;FRA;BRA;EST/indicator/EG.ELC.ACCS.ZS?format=json&per_page=1000,2026-09-28T17:23:23.270Z,{}
EG.ELC.ACCS.ZS,EG.ELC.ACCS.ZS--bra,Brazylia,BRA,Access to electricity (% of population),2025-12-31,2025,year,2025-01-01,,% populacji,annual,observed,https://api.worldbank.org/v2/country/POL;WLD;USA;CHN;DEU;IND;KOR;JPN;GBR;FRA;BRA;EST/indicator/EG.ELC.ACCS.ZS?format=json&per_page=1000,2026-09-28T17:23:23.270Z,{}
EG.ELC.ACCS.ZS,EG.ELC.ACCS.ZS--chn,Chiny,CHN,Access to electricity (% of population),2025-12-31,2025,year,2025-01-01,,% populacji,annual,observed,https://api.worldbank.org/v2/country/POL;WLD;USA;CHN;DEU;IND;KOR;JPN;GBR;FRA;BRA;EST/indicator/EG.ELC.ACCS.ZS?format=json&per_page=1000,2026-09-28T17:23:23.270Z,{}
EG.ELC.ACCS.ZS,EG.ELC.ACCS.ZS--deu,Niemcy,DEU,Access to electricity (% of population),2025-12-31,2025,year,2025-01-01,,% populacji,annual,observed,https://api.worldbank.org/v2/country/POL;WLD;USA;CHN;DEU;IND;KOR;JPN;GBR;FRA;BRA;EST/indicator/EG.ELC.ACCS.ZS?format=json&per_page=1000,2026-09-28T17:23:23.270Z,{}
EG.ELC.ACCS.ZS,EG.ELC.ACCS.ZS--est,Estonia,EST,Access to electricity (% of population),2025-12-31,2025,year,2025-01-01,,% populacji,annual,observed,https://api.worldbank.org/v2/country/POL;WLD;USA;CHN;DEU;IND;KOR;JPN;GBR;FRA;BRA;EST/indicator/EG.ELC.ACCS.ZS?format=json&per_page=1000,2026-09-28T17:23:23.270Z,{}
EG.ELC.ACCS.ZS,EG.ELC.ACCS.ZS--fra,Francja,FRA,Access to electricity (% of population),2025-12-31,2025,year,2025-01-01,,% populacji,annual,observed,https://api.worldbank.org/v2/country/POL;WLD;USA;CHN;DEU;IND;KOR;JPN;GBR;FRA;BRA;EST/indicator/EG.ELC.ACCS.ZS?format=json&per_page=1000,2026-09-28T17:23:23.270Z,{}
EG.ELC.ACCS.ZS,EG.ELC.ACCS.ZS--gbr,Wielka Brytania,GBR,Access to electricity (% of population),2025-12-31,2025,year,2025-01-01,,% populacji,annual,observed,https://api.worldbank.org/v2/country/POL;WLD;USA;CHN;DEU;IND;KOR;JPN;GBR;FRA;BRA;EST/indicator/EG.ELC.ACCS.ZS?format=json&per_page=1000,2026-09-28T17:23:23.270Z,{}
EG.ELC.ACCS.ZS,EG.ELC.ACCS.ZS--ind,Indie,IND,Access to electricity (% of population),2025-12-31,2025,year,2025-01-01,,% populacji,annual,observed,https://api.worldbank.org/v2/country/POL;WLD;USA;CHN;DEU;IND;KOR;JPN;GBR;FRA;BRA;EST/indicator/EG.ELC.ACCS.ZS?format=json&per_page=1000,2026-09-28T17:23:23.270Z,{}
EG.ELC.ACCS.ZS,EG.ELC.ACCS.ZS--jpn,Japonia,JPN,Access to electricity (% of population),2025-12-31,2025,year,2025-01-01,,% populacji,annual,observed,https://api.worldbank.org/v2/country/POL;WLD;USA;CHN;DEU;IND;KOR;JPN;GBR;FRA;BRA;EST/indicator/EG.ELC.ACCS.ZS?format=json&per_page=1000,2026-09-28T17:23:23.270Z,{}
EG.ELC.ACCS.ZS,EG.ELC.ACCS.ZS--kor,Korea Płd.,KOR,Access to electricity (% of population),2025-12-31,2025,year,2025-01-01,,% populacji,annual,observed,https://api.worldbank.org/v2/country/POL;WLD;USA;CHN;DEU;IND;KOR;JPN;GBR;FRA;BRA;EST/indicator/EG.ELC.ACCS.ZS?format=json&per_page=1000,2026-09-28T17:23:23.270Z,{}
EG.ELC.ACCS.ZS,EG.ELC.ACCS.ZS--pol,Polska,POL,Access to electricity (% of population),2025-12-31,2025,year,2025-01-01,,% populacji,annual,observed,https://api.worldbank.org/v2/country/POL;WLD;USA;CHN;DEU;IND;KOR;JPN;GBR;FRA;BRA;EST/indicator/EG.ELC.ACCS.ZS?format=json&per_page=1000,2026-09-28T17:23:23.270Z,{}
EG.ELC.ACCS.ZS,EG.ELC.ACCS.ZS--usa,USA,USA,Access to electricity (% of population),2025-12-31,2025,year,2025-01-01,,% populacji,annual,observed,https://api.worldbank.org/v2/country/POL;WLD;USA;CHN;DEU;IND;KOR;JPN;GBR;FRA;BRA;EST/indicator/EG.ELC.ACCS.ZS?format=json&per_page=1000,2026-09-28T17:23:23.270Z,{}
EG.ELC.ACCS.ZS,EG.ELC.ACCS.ZS--wld,Świat,WLD,Access to electricity (% of population),2025-12-31,2025,year,2025-01-01,,% populacji,annual,observed,https://api.worldbank.org/v2/country/POL;WLD;USA;CHN;DEU;IND;KOR;JPN;GBR;FRA;BRA;EST/indicator/EG.ELC.ACCS.ZS?format=json&per_page=1000,2026-09-28T17:23:23.270Z,{}
