topic_id,series_id,series_name,entity,metric,date,period,date_precision,period_start,value,unit,frequency,kind,source_url,retrieved_at,attributes_json
ev,ev--electric-car-sales-share-belgium-share-of-new-cars-that-are-electric,Belgium · Share of new cars that are electric,Belgium,Share of new cars that are electric,2010-12-31,2010,year,2010-01-01,0.01,% nowych aut,annual,observed,https://ourworldindata.org/grapher/electric-car-sales-share.csv,2026-09-28T22:52:31.425Z,{}
ev,ev--electric-car-sales-share-brazil-share-of-new-cars-that-are-electric,Brazil · Share of new cars that are electric,Brazil,Share of new cars that are electric,2010-12-31,2010,year,2010-01-01,0.00035,% nowych aut,annual,observed,https://ourworldindata.org/grapher/electric-car-sales-share.csv,2026-09-28T22:52:31.425Z,{}
ev,ev--electric-car-sales-share-china-share-of-new-cars-that-are-electric,China · Share of new cars that are electric,China,Share of new cars that are electric,2010-12-31,2010,year,2010-01-01,0.01,% nowych aut,annual,observed,https://ourworldindata.org/grapher/electric-car-sales-share.csv,2026-09-28T22:52:31.425Z,{}
ev,ev--electric-car-sales-share-europe-share-of-new-cars-that-are-electric,Europe · Share of new cars that are electric,Europe,Share of new cars that are electric,2010-12-31,2010,year,2010-01-01,0.012,% nowych aut,annual,observed,https://ourworldindata.org/grapher/electric-car-sales-share.csv,2026-09-28T22:52:31.425Z,{}
ev,ev--electric-car-sales-share-european-union-27-share-of-new-cars-that-are-electric,European Union (27) · Share of new cars that are electric,European Union (27),Share of new cars that are electric,2010-12-31,2010,year,2010-01-01,0.01,% nowych aut,annual,observed,https://ourworldindata.org/grapher/electric-car-sales-share.csv,2026-09-28T22:52:31.425Z,{}
ev,ev--electric-car-sales-share-france-share-of-new-cars-that-are-electric,France · Share of new cars that are electric,France,Share of new cars that are electric,2010-12-31,2010,year,2010-01-01,0.012,% nowych aut,annual,observed,https://ourworldindata.org/grapher/electric-car-sales-share.csv,2026-09-28T22:52:31.425Z,{}
ev,ev--electric-car-sales-share-germany-share-of-new-cars-that-are-electric,Germany · Share of new cars that are electric,Germany,Share of new cars that are electric,2010-12-31,2010,year,2010-01-01,0.0049,% nowych aut,annual,observed,https://ourworldindata.org/grapher/electric-car-sales-share.csv,2026-09-28T22:52:31.425Z,{}
ev,ev--electric-car-sales-share-india-share-of-new-cars-that-are-electric,India · Share of new cars that are electric,India,Share of new cars that are electric,2010-12-31,2010,year,2010-01-01,0.021,% nowych aut,annual,observed,https://ourworldindata.org/grapher/electric-car-sales-share.csv,2026-09-28T22:52:31.425Z,{}
ev,ev--electric-car-sales-share-italy-share-of-new-cars-that-are-electric,Italy · Share of new cars that are electric,Italy,Share of new cars that are electric,2010-12-31,2010,year,2010-01-01,0.002,% nowych aut,annual,observed,https://ourworldindata.org/grapher/electric-car-sales-share.csv,2026-09-28T22:52:31.425Z,{}
ev,ev--electric-car-sales-share-japan-share-of-new-cars-that-are-electric,Japan · Share of new cars that are electric,Japan,Share of new cars that are electric,2010-12-31,2010,year,2010-01-01,0.058,% nowych aut,annual,observed,https://ourworldindata.org/grapher/electric-car-sales-share.csv,2026-09-28T22:52:31.425Z,{}
ev,ev--electric-car-sales-share-netherlands-share-of-new-cars-that-are-electric,Netherlands · Share of new cars that are electric,Netherlands,Share of new cars that are electric,2010-12-31,2010,year,2010-01-01,0.025,% nowych aut,annual,observed,https://ourworldindata.org/grapher/electric-car-sales-share.csv,2026-09-28T22:52:31.425Z,{}
ev,ev--electric-car-sales-share-new-zealand-share-of-new-cars-that-are-electric,New Zealand · Share of new cars that are electric,New Zealand,Share of new cars that are electric,2010-12-31,2010,year,2010-01-01,0.015,% nowych aut,annual,observed,https://ourworldindata.org/grapher/electric-car-sales-share.csv,2026-09-28T22:52:31.425Z,{}
ev,ev--electric-car-sales-share-norway-share-of-new-cars-that-are-electric,Norway · Share of new cars that are electric,Norway,Share of new cars that are electric,2010-12-31,2010,year,2010-01-01,0.28,% nowych aut,annual,observed,https://ourworldindata.org/grapher/electric-car-sales-share.csv,2026-09-28T22:52:31.425Z,{}
ev,ev--electric-car-sales-share-poland-share-of-new-cars-that-are-electric,Poland · Share of new cars that are electric,Poland,Share of new cars that are electric,2010-12-31,2010,year,2010-01-01,0.0048,% nowych aut,annual,observed,https://ourworldindata.org/grapher/electric-car-sales-share.csv,2026-09-28T22:52:31.425Z,{}
ev,ev--electric-car-sales-share-portugal-share-of-new-cars-that-are-electric,Portugal · Share of new cars that are electric,Portugal,Share of new cars that are electric,2010-12-31,2010,year,2010-01-01,0.0058,% nowych aut,annual,observed,https://ourworldindata.org/grapher/electric-car-sales-share.csv,2026-09-28T22:52:31.425Z,{}
ev,ev--electric-car-sales-share-rest-of-world-share-of-new-cars-that-are-electric,Rest of World · Share of new cars that are electric,Rest of World,Share of new cars that are electric,2010-12-31,2010,year,2010-01-01,0.003735474,% nowych aut,annual,observed,https://ourworldindata.org/grapher/electric-car-sales-share.csv,2026-09-28T22:52:31.425Z,{}
ev,ev--electric-car-sales-share-south-korea-share-of-new-cars-that-are-electric,South Korea · Share of new cars that are electric,South Korea,Share of new cars that are electric,2010-12-31,2010,year,2010-01-01,0.005,% nowych aut,annual,observed,https://ourworldindata.org/grapher/electric-car-sales-share.csv,2026-09-28T22:52:31.425Z,{}
ev,ev--electric-car-sales-share-spain-share-of-new-cars-that-are-electric,Spain · Share of new cars that are electric,Spain,Share of new cars that are electric,2010-12-31,2010,year,2010-01-01,0.0077,% nowych aut,annual,observed,https://ourworldindata.org/grapher/electric-car-sales-share.csv,2026-09-28T22:52:31.425Z,{}
ev,ev--electric-car-sales-share-sweden-share-of-new-cars-that-are-electric,Sweden · Share of new cars that are electric,Sweden,Share of new cars that are electric,2010-12-31,2010,year,2010-01-01,0.0013,% nowych aut,annual,observed,https://ourworldindata.org/grapher/electric-car-sales-share.csv,2026-09-28T22:52:31.425Z,{}
ev,ev--electric-car-sales-share-thailand-share-of-new-cars-that-are-electric,Thailand · Share of new cars that are electric,Thailand,Share of new cars that are electric,2010-12-31,2010,year,2010-01-01,0.00013,% nowych aut,annual,observed,https://ourworldindata.org/grapher/electric-car-sales-share.csv,2026-09-28T22:52:31.425Z,{}
ev,ev--electric-car-sales-share-united-kingdom-share-of-new-cars-that-are-electric,United Kingdom · Share of new cars that are electric,United Kingdom,Share of new cars that are electric,2010-12-31,2010,year,2010-01-01,0.013,% nowych aut,annual,observed,https://ourworldindata.org/grapher/electric-car-sales-share.csv,2026-09-28T22:52:31.425Z,{}
ev,ev--electric-car-sales-share-united-states-share-of-new-cars-that-are-electric,United States · Share of new cars that are electric,United States,Share of new cars that are electric,2010-12-31,2010,year,2010-01-01,0.012,% nowych aut,annual,observed,https://ourworldindata.org/grapher/electric-car-sales-share.csv,2026-09-28T22:52:31.425Z,{}
ev,ev--electric-car-sales-share-world-share-of-new-cars-that-are-electric,Share of new cars that are electric,World,Share of new cars that are electric,2010-12-31,2010,year,2010-01-01,0.012,% nowych aut,annual,observed,https://ourworldindata.org/grapher/electric-car-sales-share.csv,2026-09-28T22:52:31.425Z,{}
ev,ev--electric-car-sales-share-australia-share-of-new-cars-that-are-electric,Australia · Share of new cars that are electric,Australia,Share of new cars that are electric,2011-12-31,2011,year,2011-01-01,0.0061,% nowych aut,annual,observed,https://ourworldindata.org/grapher/electric-car-sales-share.csv,2026-09-28T22:52:31.425Z,{}
ev,ev--electric-car-sales-share-belgium-share-of-new-cars-that-are-electric,Belgium · Share of new cars that are electric,Belgium,Share of new cars that are electric,2011-12-31,2011,year,2011-01-01,0.052,% nowych aut,annual,observed,https://ourworldindata.org/grapher/electric-car-sales-share.csv,2026-09-28T22:52:31.425Z,{}
ev,ev--electric-car-sales-share-brazil-share-of-new-cars-that-are-electric,Brazil · Share of new cars that are electric,Brazil,Share of new cars that are electric,2011-12-31,2011,year,2011-01-01,0.00028,% nowych aut,annual,observed,https://ourworldindata.org/grapher/electric-car-sales-share.csv,2026-09-28T22:52:31.425Z,{}
ev,ev--electric-car-sales-share-canada-share-of-new-cars-that-are-electric,Canada · Share of new cars that are electric,Canada,Share of new cars that are electric,2011-12-31,2011,year,2011-01-01,0.041,% nowych aut,annual,observed,https://ourworldindata.org/grapher/electric-car-sales-share.csv,2026-09-28T22:52:31.425Z,{}
ev,ev--electric-car-sales-share-chile-share-of-new-cars-that-are-electric,Chile · Share of new cars that are electric,Chile,Share of new cars that are electric,2011-12-31,2011,year,2011-01-01,0.0024,% nowych aut,annual,observed,https://ourworldindata.org/grapher/electric-car-sales-share.csv,2026-09-28T22:52:31.425Z,{}
ev,ev--electric-car-sales-share-china-share-of-new-cars-that-are-electric,China · Share of new cars that are electric,China,Share of new cars that are electric,2011-12-31,2011,year,2011-01-01,0.034,% nowych aut,annual,observed,https://ourworldindata.org/grapher/electric-car-sales-share.csv,2026-09-28T22:52:31.425Z,{}
ev,ev--electric-car-sales-share-colombia-share-of-new-cars-that-are-electric,Colombia · Share of new cars that are electric,Colombia,Share of new cars that are electric,2011-12-31,2011,year,2011-01-01,0.00042,% nowych aut,annual,observed,https://ourworldindata.org/grapher/electric-car-sales-share.csv,2026-09-28T22:52:31.425Z,{}
ev,ev--electric-car-sales-share-denmark-share-of-new-cars-that-are-electric,Denmark · Share of new cars that are electric,Denmark,Share of new cars that are electric,2011-12-31,2011,year,2011-01-01,0.25,% nowych aut,annual,observed,https://ourworldindata.org/grapher/electric-car-sales-share.csv,2026-09-28T22:52:31.425Z,{}
ev,ev--electric-car-sales-share-europe-share-of-new-cars-that-are-electric,Europe · Share of new cars that are electric,Europe,Share of new cars that are electric,2011-12-31,2011,year,2011-01-01,0.074,% nowych aut,annual,observed,https://ourworldindata.org/grapher/electric-car-sales-share.csv,2026-09-28T22:52:31.425Z,{}
ev,ev--electric-car-sales-share-european-union-27-share-of-new-cars-that-are-electric,European Union (27) · Share of new cars that are electric,European Union (27),Share of new cars that are electric,2011-12-31,2011,year,2011-01-01,0.066,% nowych aut,annual,observed,https://ourworldindata.org/grapher/electric-car-sales-share.csv,2026-09-28T22:52:31.425Z,{}
ev,ev--electric-car-sales-share-finland-share-of-new-cars-that-are-electric,Finland · Share of new cars that are electric,Finland,Share of new cars that are electric,2011-12-31,2011,year,2011-01-01,0.025,% nowych aut,annual,observed,https://ourworldindata.org/grapher/electric-car-sales-share.csv,2026-09-28T22:52:31.425Z,{}
ev,ev--electric-car-sales-share-france-share-of-new-cars-that-are-electric,France · Share of new cars that are electric,France,Share of new cars that are electric,2011-12-31,2011,year,2011-01-01,0.12,% nowych aut,annual,observed,https://ourworldindata.org/grapher/electric-car-sales-share.csv,2026-09-28T22:52:31.425Z,{}
ev,ev--electric-car-sales-share-germany-share-of-new-cars-that-are-electric,Germany · Share of new cars that are electric,Germany,Share of new cars that are electric,2011-12-31,2011,year,2011-01-01,0.052,% nowych aut,annual,observed,https://ourworldindata.org/grapher/electric-car-sales-share.csv,2026-09-28T22:52:31.425Z,{}
ev,ev--electric-car-sales-share-india-share-of-new-cars-that-are-electric,India · Share of new cars that are electric,India,Share of new cars that are electric,2011-12-31,2011,year,2011-01-01,0.057,% nowych aut,annual,observed,https://ourworldindata.org/grapher/electric-car-sales-share.csv,2026-09-28T22:52:31.425Z,{}
ev,ev--electric-car-sales-share-indonesia-share-of-new-cars-that-are-electric,Indonesia · Share of new cars that are electric,Indonesia,Share of new cars that are electric,2011-12-31,2011,year,2011-01-01,0.00034,% nowych aut,annual,observed,https://ourworldindata.org/grapher/electric-car-sales-share.csv,2026-09-28T22:52:31.425Z,{}
ev,ev--electric-car-sales-share-israel-share-of-new-cars-that-are-electric,Israel · Share of new cars that are electric,Israel,Share of new cars that are electric,2011-12-31,2011,year,2011-01-01,0.0013,% nowych aut,annual,observed,https://ourworldindata.org/grapher/electric-car-sales-share.csv,2026-09-28T22:52:31.425Z,{}
ev,ev--electric-car-sales-share-italy-share-of-new-cars-that-are-electric,Italy · Share of new cars that are electric,Italy,Share of new cars that are electric,2011-12-31,2011,year,2011-01-01,0.0065,% nowych aut,annual,observed,https://ourworldindata.org/grapher/electric-car-sales-share.csv,2026-09-28T22:52:31.425Z,{}
ev,ev--electric-car-sales-share-japan-share-of-new-cars-that-are-electric,Japan · Share of new cars that are electric,Japan,Share of new cars that are electric,2011-12-31,2011,year,2011-01-01,0.31,% nowych aut,annual,observed,https://ourworldindata.org/grapher/electric-car-sales-share.csv,2026-09-28T22:52:31.425Z,{}
ev,ev--electric-car-sales-share-mexico-share-of-new-cars-that-are-electric,Mexico · Share of new cars that are electric,Mexico,Share of new cars that are electric,2011-12-31,2011,year,2011-01-01,0.0004,% nowych aut,annual,observed,https://ourworldindata.org/grapher/electric-car-sales-share.csv,2026-09-28T22:52:31.425Z,{}
ev,ev--electric-car-sales-share-netherlands-share-of-new-cars-that-are-electric,Netherlands · Share of new cars that are electric,Netherlands,Share of new cars that are electric,2011-12-31,2011,year,2011-01-01,0.16,% nowych aut,annual,observed,https://ourworldindata.org/grapher/electric-car-sales-share.csv,2026-09-28T22:52:31.425Z,{}
ev,ev--electric-car-sales-share-new-zealand-share-of-new-cars-that-are-electric,New Zealand · Share of new cars that are electric,New Zealand,Share of new cars that are electric,2011-12-31,2011,year,2011-01-01,0.022,% nowych aut,annual,observed,https://ourworldindata.org/grapher/electric-car-sales-share.csv,2026-09-28T22:52:31.425Z,{}
ev,ev--electric-car-sales-share-norway-share-of-new-cars-that-are-electric,Norway · Share of new cars that are electric,Norway,Share of new cars that are electric,2011-12-31,2011,year,2011-01-01,1.4,% nowych aut,annual,observed,https://ourworldindata.org/grapher/electric-car-sales-share.csv,2026-09-28T22:52:31.425Z,{}
ev,ev--electric-car-sales-share-poland-share-of-new-cars-that-are-electric,Poland · Share of new cars that are electric,Poland,Share of new cars that are electric,2011-12-31,2011,year,2011-01-01,0.014,% nowych aut,annual,observed,https://ourworldindata.org/grapher/electric-car-sales-share.csv,2026-09-28T22:52:31.425Z,{}
ev,ev--electric-car-sales-share-portugal-share-of-new-cars-that-are-electric,Portugal · Share of new cars that are electric,Portugal,Share of new cars that are electric,2011-12-31,2011,year,2011-01-01,0.11,% nowych aut,annual,observed,https://ourworldindata.org/grapher/electric-car-sales-share.csv,2026-09-28T22:52:31.425Z,{}
ev,ev--electric-car-sales-share-rest-of-world-share-of-new-cars-that-are-electric,Rest of World · Share of new cars that are electric,Rest of World,Share of new cars that are electric,2011-12-31,2011,year,2011-01-01,0.002624585,% nowych aut,annual,observed,https://ourworldindata.org/grapher/electric-car-sales-share.csv,2026-09-28T22:52:31.425Z,{}
ev,ev--electric-car-sales-share-russia-share-of-new-cars-that-are-electric,Russia · Share of new cars that are electric,Russia,Share of new cars that are electric,2011-12-31,2011,year,2011-01-01,0.0015,% nowych aut,annual,observed,https://ourworldindata.org/grapher/electric-car-sales-share.csv,2026-09-28T22:52:31.425Z,{}
ev,ev--electric-car-sales-share-south-korea-share-of-new-cars-that-are-electric,South Korea · Share of new cars that are electric,South Korea,Share of new cars that are electric,2011-12-31,2011,year,2011-01-01,0.023,% nowych aut,annual,observed,https://ourworldindata.org/grapher/electric-car-sales-share.csv,2026-09-28T22:52:31.425Z,{}
ev,ev--electric-car-sales-share-spain-share-of-new-cars-that-are-electric,Spain · Share of new cars that are electric,Spain,Share of new cars that are electric,2011-12-31,2011,year,2011-01-01,0.049,% nowych aut,annual,observed,https://ourworldindata.org/grapher/electric-car-sales-share.csv,2026-09-28T22:52:31.425Z,{}
ev,ev--electric-car-sales-share-sweden-share-of-new-cars-that-are-electric,Sweden · Share of new cars that are electric,Sweden,Share of new cars that are electric,2011-12-31,2011,year,2011-01-01,0.054,% nowych aut,annual,observed,https://ourworldindata.org/grapher/electric-car-sales-share.csv,2026-09-28T22:52:31.425Z,{}
ev,ev--electric-car-sales-share-switzerland-share-of-new-cars-that-are-electric,Switzerland · Share of new cars that are electric,Switzerland,Share of new cars that are electric,2011-12-31,2011,year,2011-01-01,0.14,% nowych aut,annual,observed,https://ourworldindata.org/grapher/electric-car-sales-share.csv,2026-09-28T22:52:31.425Z,{}
ev,ev--electric-car-sales-share-thailand-share-of-new-cars-that-are-electric,Thailand · Share of new cars that are electric,Thailand,Share of new cars that are electric,2011-12-31,2011,year,2011-01-01,0.001,% nowych aut,annual,observed,https://ourworldindata.org/grapher/electric-car-sales-share.csv,2026-09-28T22:52:31.425Z,{}
ev,ev--electric-car-sales-share-united-kingdom-share-of-new-cars-that-are-electric,United Kingdom · Share of new cars that are electric,United Kingdom,Share of new cars that are electric,2011-12-31,2011,year,2011-01-01,0.062,% nowych aut,annual,observed,https://ourworldindata.org/grapher/electric-car-sales-share.csv,2026-09-28T22:52:31.425Z,{}
ev,ev--electric-car-sales-share-united-states-share-of-new-cars-that-are-electric,United States · Share of new cars that are electric,United States,Share of new cars that are electric,2011-12-31,2011,year,2011-01-01,0.15,% nowych aut,annual,observed,https://ourworldindata.org/grapher/electric-car-sales-share.csv,2026-09-28T22:52:31.425Z,{}
ev,ev--electric-car-sales-share-world-share-of-new-cars-that-are-electric,Share of new cars that are electric,World,Share of new cars that are electric,2011-12-31,2011,year,2011-01-01,0.072,% nowych aut,annual,observed,https://ourworldindata.org/grapher/electric-car-sales-share.csv,2026-09-28T22:52:31.425Z,{}
ev,ev--electric-car-sales-share-australia-share-of-new-cars-that-are-electric,Australia · Share of new cars that are electric,Australia,Share of new cars that are electric,2012-12-31,2012,year,2012-01-01,0.029,% nowych aut,annual,observed,https://ourworldindata.org/grapher/electric-car-sales-share.csv,2026-09-28T22:52:31.425Z,{}
ev,ev--electric-car-sales-share-belgium-share-of-new-cars-that-are-electric,Belgium · Share of new cars that are electric,Belgium,Share of new cars that are electric,2012-12-31,2012,year,2012-01-01,0.19,% nowych aut,annual,observed,https://ourworldindata.org/grapher/electric-car-sales-share.csv,2026-09-28T22:52:31.425Z,{}
ev,ev--electric-car-sales-share-brazil-share-of-new-cars-that-are-electric,Brazil · Share of new cars that are electric,Brazil,Share of new cars that are electric,2012-12-31,2012,year,2012-01-01,0.0013,% nowych aut,annual,observed,https://ourworldindata.org/grapher/electric-car-sales-share.csv,2026-09-28T22:52:31.425Z,{}
ev,ev--electric-car-sales-share-canada-share-of-new-cars-that-are-electric,Canada · Share of new cars that are electric,Canada,Share of new cars that are electric,2012-12-31,2012,year,2012-01-01,0.14,% nowych aut,annual,observed,https://ourworldindata.org/grapher/electric-car-sales-share.csv,2026-09-28T22:52:31.425Z,{}
ev,ev--electric-car-sales-share-chile-share-of-new-cars-that-are-electric,Chile · Share of new cars that are electric,Chile,Share of new cars that are electric,2012-12-31,2012,year,2012-01-01,0.002,% nowych aut,annual,observed,https://ourworldindata.org/grapher/electric-car-sales-share.csv,2026-09-28T22:52:31.425Z,{}
ev,ev--electric-car-sales-share-china-share-of-new-cars-that-are-electric,China · Share of new cars that are electric,China,Share of new cars that are electric,2012-12-31,2012,year,2012-01-01,0.073,% nowych aut,annual,observed,https://ourworldindata.org/grapher/electric-car-sales-share.csv,2026-09-28T22:52:31.425Z,{}
ev,ev--electric-car-sales-share-colombia-share-of-new-cars-that-are-electric,Colombia · Share of new cars that are electric,Colombia,Share of new cars that are electric,2012-12-31,2012,year,2012-01-01,0.011,% nowych aut,annual,observed,https://ourworldindata.org/grapher/electric-car-sales-share.csv,2026-09-28T22:52:31.425Z,{}
ev,ev--electric-car-sales-share-denmark-share-of-new-cars-that-are-electric,Denmark · Share of new cars that are electric,Denmark,Share of new cars that are electric,2012-12-31,2012,year,2012-01-01,0.29,% nowych aut,annual,observed,https://ourworldindata.org/grapher/electric-car-sales-share.csv,2026-09-28T22:52:31.425Z,{}
ev,ev--electric-car-sales-share-europe-share-of-new-cars-that-are-electric,Europe · Share of new cars that are electric,Europe,Share of new cars that are electric,2012-12-31,2012,year,2012-01-01,0.2,% nowych aut,annual,observed,https://ourworldindata.org/grapher/electric-car-sales-share.csv,2026-09-28T22:52:31.425Z,{}
ev,ev--electric-car-sales-share-european-union-27-share-of-new-cars-that-are-electric,European Union (27) · Share of new cars that are electric,European Union (27),Share of new cars that are electric,2012-12-31,2012,year,2012-01-01,0.19,% nowych aut,annual,observed,https://ourworldindata.org/grapher/electric-car-sales-share.csv,2026-09-28T22:52:31.425Z,{}
ev,ev--electric-car-sales-share-finland-share-of-new-cars-that-are-electric,Finland · Share of new cars that are electric,Finland,Share of new cars that are electric,2012-12-31,2012,year,2012-01-01,0.17,% nowych aut,annual,observed,https://ourworldindata.org/grapher/electric-car-sales-share.csv,2026-09-28T22:52:31.425Z,{}
ev,ev--electric-car-sales-share-france-share-of-new-cars-that-are-electric,France · Share of new cars that are electric,France,Share of new cars that are electric,2012-12-31,2012,year,2012-01-01,0.33,% nowych aut,annual,observed,https://ourworldindata.org/grapher/electric-car-sales-share.csv,2026-09-28T22:52:31.425Z,{}
ev,ev--electric-car-sales-share-germany-share-of-new-cars-that-are-electric,Germany · Share of new cars that are electric,Germany,Share of new cars that are electric,2012-12-31,2012,year,2012-01-01,0.11,% nowych aut,annual,observed,https://ourworldindata.org/grapher/electric-car-sales-share.csv,2026-09-28T22:52:31.425Z,{}
ev,ev--electric-car-sales-share-iceland-share-of-new-cars-that-are-electric,Iceland · Share of new cars that are electric,Iceland,Share of new cars that are electric,2012-12-31,2012,year,2012-01-01,0.33,% nowych aut,annual,observed,https://ourworldindata.org/grapher/electric-car-sales-share.csv,2026-09-28T22:52:31.425Z,{}
ev,ev--electric-car-sales-share-india-share-of-new-cars-that-are-electric,India · Share of new cars that are electric,India,Share of new cars that are electric,2012-12-31,2012,year,2012-01-01,0.0073,% nowych aut,annual,observed,https://ourworldindata.org/grapher/electric-car-sales-share.csv,2026-09-28T22:52:31.425Z,{}
ev,ev--electric-car-sales-share-israel-share-of-new-cars-that-are-electric,Israel · Share of new cars that are electric,Israel,Share of new cars that are electric,2012-12-31,2012,year,2012-01-01,0.27,% nowych aut,annual,observed,https://ourworldindata.org/grapher/electric-car-sales-share.csv,2026-09-28T22:52:31.425Z,{}
ev,ev--electric-car-sales-share-italy-share-of-new-cars-that-are-electric,Italy · Share of new cars that are electric,Italy,Share of new cars that are electric,2012-12-31,2012,year,2012-01-01,0.033,% nowych aut,annual,observed,https://ourworldindata.org/grapher/electric-car-sales-share.csv,2026-09-28T22:52:31.425Z,{}
ev,ev--electric-car-sales-share-japan-share-of-new-cars-that-are-electric,Japan · Share of new cars that are electric,Japan,Share of new cars that are electric,2012-12-31,2012,year,2012-01-01,0.53,% nowych aut,annual,observed,https://ourworldindata.org/grapher/electric-car-sales-share.csv,2026-09-28T22:52:31.425Z,{}
ev,ev--electric-car-sales-share-malaysia-share-of-new-cars-that-are-electric,Malaysia · Share of new cars that are electric,Malaysia,Share of new cars that are electric,2012-12-31,2012,year,2012-01-01,0.0018,% nowych aut,annual,observed,https://ourworldindata.org/grapher/electric-car-sales-share.csv,2026-09-28T22:52:31.425Z,{}
ev,ev--electric-car-sales-share-mexico-share-of-new-cars-that-are-electric,Mexico · Share of new cars that are electric,Mexico,Share of new cars that are electric,2012-12-31,2012,year,2012-01-01,0.01,% nowych aut,annual,observed,https://ourworldindata.org/grapher/electric-car-sales-share.csv,2026-09-28T22:52:31.425Z,{}
ev,ev--electric-car-sales-share-netherlands-share-of-new-cars-that-are-electric,Netherlands · Share of new cars that are electric,Netherlands,Share of new cars that are electric,2012-12-31,2012,year,2012-01-01,1.0,% nowych aut,annual,observed,https://ourworldindata.org/grapher/electric-car-sales-share.csv,2026-09-28T22:52:31.425Z,{}
ev,ev--electric-car-sales-share-new-zealand-share-of-new-cars-that-are-electric,New Zealand · Share of new cars that are electric,New Zealand,Share of new cars that are electric,2012-12-31,2012,year,2012-01-01,0.033,% nowych aut,annual,observed,https://ourworldindata.org/grapher/electric-car-sales-share.csv,2026-09-28T22:52:31.425Z,{}
ev,ev--electric-car-sales-share-norway-share-of-new-cars-that-are-electric,Norway · Share of new cars that are electric,Norway,Share of new cars that are electric,2012-12-31,2012,year,2012-01-01,3.1,% nowych aut,annual,observed,https://ourworldindata.org/grapher/electric-car-sales-share.csv,2026-09-28T22:52:31.425Z,{}
ev,ev--electric-car-sales-share-poland-share-of-new-cars-that-are-electric,Poland · Share of new cars that are electric,Poland,Share of new cars that are electric,2012-12-31,2012,year,2012-01-01,0.018,% nowych aut,annual,observed,https://ourworldindata.org/grapher/electric-car-sales-share.csv,2026-09-28T22:52:31.425Z,{}
ev,ev--electric-car-sales-share-portugal-share-of-new-cars-that-are-electric,Portugal · Share of new cars that are electric,Portugal,Share of new cars that are electric,2012-12-31,2012,year,2012-01-01,0.088,% nowych aut,annual,observed,https://ourworldindata.org/grapher/electric-car-sales-share.csv,2026-09-28T22:52:31.425Z,{}
ev,ev--electric-car-sales-share-rest-of-world-share-of-new-cars-that-are-electric,Rest of World · Share of new cars that are electric,Rest of World,Share of new cars that are electric,2012-12-31,2012,year,2012-01-01,0.009032399,% nowych aut,annual,observed,https://ourworldindata.org/grapher/electric-car-sales-share.csv,2026-09-28T22:52:31.425Z,{}
ev,ev--electric-car-sales-share-russia-share-of-new-cars-that-are-electric,Russia · Share of new cars that are electric,Russia,Share of new cars that are electric,2012-12-31,2012,year,2012-01-01,0.0017,% nowych aut,annual,observed,https://ourworldindata.org/grapher/electric-car-sales-share.csv,2026-09-28T22:52:31.425Z,{}
ev,ev--electric-car-sales-share-south-korea-share-of-new-cars-that-are-electric,South Korea · Share of new cars that are electric,South Korea,Share of new cars that are electric,2012-12-31,2012,year,2012-01-01,0.041,% nowych aut,annual,observed,https://ourworldindata.org/grapher/electric-car-sales-share.csv,2026-09-28T22:52:31.425Z,{}
ev,ev--electric-car-sales-share-spain-share-of-new-cars-that-are-electric,Spain · Share of new cars that are electric,Spain,Share of new cars that are electric,2012-12-31,2012,year,2012-01-01,0.076,% nowych aut,annual,observed,https://ourworldindata.org/grapher/electric-car-sales-share.csv,2026-09-28T22:52:31.425Z,{}
ev,ev--electric-car-sales-share-sweden-share-of-new-cars-that-are-electric,Sweden · Share of new cars that are electric,Sweden,Share of new cars that are electric,2012-12-31,2012,year,2012-01-01,0.31,% nowych aut,annual,observed,https://ourworldindata.org/grapher/electric-car-sales-share.csv,2026-09-28T22:52:31.425Z,{}
ev,ev--electric-car-sales-share-switzerland-share-of-new-cars-that-are-electric,Switzerland · Share of new cars that are electric,Switzerland,Share of new cars that are electric,2012-12-31,2012,year,2012-01-01,0.23,% nowych aut,annual,observed,https://ourworldindata.org/grapher/electric-car-sales-share.csv,2026-09-28T22:52:31.425Z,{}
ev,ev--electric-car-sales-share-thailand-share-of-new-cars-that-are-electric,Thailand · Share of new cars that are electric,Thailand,Share of new cars that are electric,2012-12-31,2012,year,2012-01-01,0.00055,% nowych aut,annual,observed,https://ourworldindata.org/grapher/electric-car-sales-share.csv,2026-09-28T22:52:31.425Z,{}
ev,ev--electric-car-sales-share-turkey-share-of-new-cars-that-are-electric,Turkey · Share of new cars that are electric,Turkey,Share of new cars that are electric,2012-12-31,2012,year,2012-01-01,0.016,% nowych aut,annual,observed,https://ourworldindata.org/grapher/electric-car-sales-share.csv,2026-09-28T22:52:31.425Z,{}
ev,ev--electric-car-sales-share-united-arab-emirates-share-of-new-cars-that-are-electric,United Arab Emirates · Share of new cars that are electric,United Arab Emirates,Share of new cars that are electric,2012-12-31,2012,year,2012-01-01,0.065,% nowych aut,annual,observed,https://ourworldindata.org/grapher/electric-car-sales-share.csv,2026-09-28T22:52:31.425Z,{}
ev,ev--electric-car-sales-share-united-kingdom-share-of-new-cars-that-are-electric,United Kingdom · Share of new cars that are electric,United Kingdom,Share of new cars that are electric,2012-12-31,2012,year,2012-01-01,0.13,% nowych aut,annual,observed,https://ourworldindata.org/grapher/electric-car-sales-share.csv,2026-09-28T22:52:31.425Z,{}
ev,ev--electric-car-sales-share-united-states-share-of-new-cars-that-are-electric,United States · Share of new cars that are electric,United States,Share of new cars that are electric,2012-12-31,2012,year,2012-01-01,0.42,% nowych aut,annual,observed,https://ourworldindata.org/grapher/electric-car-sales-share.csv,2026-09-28T22:52:31.425Z,{}
ev,ev--electric-car-sales-share-world-share-of-new-cars-that-are-electric,Share of new cars that are electric,World,Share of new cars that are electric,2012-12-31,2012,year,2012-01-01,0.17,% nowych aut,annual,observed,https://ourworldindata.org/grapher/electric-car-sales-share.csv,2026-09-28T22:52:31.425Z,{}
ev,ev--electric-car-sales-share-australia-share-of-new-cars-that-are-electric,Australia · Share of new cars that are electric,Australia,Share of new cars that are electric,2013-12-31,2013,year,2013-01-01,0.033,% nowych aut,annual,observed,https://ourworldindata.org/grapher/electric-car-sales-share.csv,2026-09-28T22:52:31.425Z,{}
ev,ev--electric-car-sales-share-austria-share-of-new-cars-that-are-electric,Austria · Share of new cars that are electric,Austria,Share of new cars that are electric,2013-12-31,2013,year,2013-01-01,0.2,% nowych aut,annual,observed,https://ourworldindata.org/grapher/electric-car-sales-share.csv,2026-09-28T22:52:31.425Z,{}
ev,ev--electric-car-sales-share-belgium-share-of-new-cars-that-are-electric,Belgium · Share of new cars that are electric,Belgium,Share of new cars that are electric,2013-12-31,2013,year,2013-01-01,0.11,% nowych aut,annual,observed,https://ourworldindata.org/grapher/electric-car-sales-share.csv,2026-09-28T22:52:31.425Z,{}
ev,ev--electric-car-sales-share-brazil-share-of-new-cars-that-are-electric,Brazil · Share of new cars that are electric,Brazil,Share of new cars that are electric,2013-12-31,2013,year,2013-01-01,0.0024,% nowych aut,annual,observed,https://ourworldindata.org/grapher/electric-car-sales-share.csv,2026-09-28T22:52:31.425Z,{}
ev,ev--electric-car-sales-share-canada-share-of-new-cars-that-are-electric,Canada · Share of new cars that are electric,Canada,Share of new cars that are electric,2013-12-31,2013,year,2013-01-01,0.22,% nowych aut,annual,observed,https://ourworldindata.org/grapher/electric-car-sales-share.csv,2026-09-28T22:52:31.425Z,{}
ev,ev--electric-car-sales-share-chile-share-of-new-cars-that-are-electric,Chile · Share of new cars that are electric,Chile,Share of new cars that are electric,2013-12-31,2013,year,2013-01-01,0.0019,% nowych aut,annual,observed,https://ourworldindata.org/grapher/electric-car-sales-share.csv,2026-09-28T22:52:31.425Z,{}
ev,ev--electric-car-sales-share-china-share-of-new-cars-that-are-electric,China · Share of new cars that are electric,China,Share of new cars that are electric,2013-12-31,2013,year,2013-01-01,0.096,% nowych aut,annual,observed,https://ourworldindata.org/grapher/electric-car-sales-share.csv,2026-09-28T22:52:31.425Z,{}
ev,ev--electric-car-sales-share-colombia-share-of-new-cars-that-are-electric,Colombia · Share of new cars that are electric,Colombia,Share of new cars that are electric,2013-12-31,2013,year,2013-01-01,0.0096,% nowych aut,annual,observed,https://ourworldindata.org/grapher/electric-car-sales-share.csv,2026-09-28T22:52:31.425Z,{}
ev,ev--electric-car-sales-share-denmark-share-of-new-cars-that-are-electric,Denmark · Share of new cars that are electric,Denmark,Share of new cars that are electric,2013-12-31,2013,year,2013-01-01,0.28,% nowych aut,annual,observed,https://ourworldindata.org/grapher/electric-car-sales-share.csv,2026-09-28T22:52:31.425Z,{}
ev,ev--electric-car-sales-share-europe-share-of-new-cars-that-are-electric,Europe · Share of new cars that are electric,Europe,Share of new cars that are electric,2013-12-31,2013,year,2013-01-01,0.43,% nowych aut,annual,observed,https://ourworldindata.org/grapher/electric-car-sales-share.csv,2026-09-28T22:52:31.425Z,{}
ev,ev--electric-car-sales-share-european-union-27-share-of-new-cars-that-are-electric,European Union (27) · Share of new cars that are electric,European Union (27),Share of new cars that are electric,2013-12-31,2013,year,2013-01-01,0.47,% nowych aut,annual,observed,https://ourworldindata.org/grapher/electric-car-sales-share.csv,2026-09-28T22:52:31.425Z,{}
ev,ev--electric-car-sales-share-finland-share-of-new-cars-that-are-electric,Finland · Share of new cars that are electric,Finland,Share of new cars that are electric,2013-12-31,2013,year,2013-01-01,0.21,% nowych aut,annual,observed,https://ourworldindata.org/grapher/electric-car-sales-share.csv,2026-09-28T22:52:31.425Z,{}
ev,ev--electric-car-sales-share-france-share-of-new-cars-that-are-electric,France · Share of new cars that are electric,France,Share of new cars that are electric,2013-12-31,2013,year,2013-01-01,0.53,% nowych aut,annual,observed,https://ourworldindata.org/grapher/electric-car-sales-share.csv,2026-09-28T22:52:31.425Z,{}
ev,ev--electric-car-sales-share-germany-share-of-new-cars-that-are-electric,Germany · Share of new cars that are electric,Germany,Share of new cars that are electric,2013-12-31,2013,year,2013-01-01,0.23,% nowych aut,annual,observed,https://ourworldindata.org/grapher/electric-car-sales-share.csv,2026-09-28T22:52:31.425Z,{}
ev,ev--electric-car-sales-share-greece-share-of-new-cars-that-are-electric,Greece · Share of new cars that are electric,Greece,Share of new cars that are electric,2013-12-31,2013,year,2013-01-01,0.0051,% nowych aut,annual,observed,https://ourworldindata.org/grapher/electric-car-sales-share.csv,2026-09-28T22:52:31.425Z,{}
ev,ev--electric-car-sales-share-iceland-share-of-new-cars-that-are-electric,Iceland · Share of new cars that are electric,Iceland,Share of new cars that are electric,2013-12-31,2013,year,2013-01-01,1.4,% nowych aut,annual,observed,https://ourworldindata.org/grapher/electric-car-sales-share.csv,2026-09-28T22:52:31.425Z,{}
ev,ev--electric-car-sales-share-india-share-of-new-cars-that-are-electric,India · Share of new cars that are electric,India,Share of new cars that are electric,2013-12-31,2013,year,2013-01-01,0.016,% nowych aut,annual,observed,https://ourworldindata.org/grapher/electric-car-sales-share.csv,2026-09-28T22:52:31.425Z,{}
ev,ev--electric-car-sales-share-indonesia-share-of-new-cars-that-are-electric,Indonesia · Share of new cars that are electric,Indonesia,Share of new cars that are electric,2013-12-31,2013,year,2013-01-01,0.00024,% nowych aut,annual,observed,https://ourworldindata.org/grapher/electric-car-sales-share.csv,2026-09-28T22:52:31.425Z,{}
ev,ev--electric-car-sales-share-israel-share-of-new-cars-that-are-electric,Israel · Share of new cars that are electric,Israel,Share of new cars that are electric,2013-12-31,2013,year,2013-01-01,0.21,% nowych aut,annual,observed,https://ourworldindata.org/grapher/electric-car-sales-share.csv,2026-09-28T22:52:31.425Z,{}
ev,ev--electric-car-sales-share-italy-share-of-new-cars-that-are-electric,Italy · Share of new cars that are electric,Italy,Share of new cars that are electric,2013-12-31,2013,year,2013-01-01,0.08,% nowych aut,annual,observed,https://ourworldindata.org/grapher/electric-car-sales-share.csv,2026-09-28T22:52:31.425Z,{}
ev,ev--electric-car-sales-share-japan-share-of-new-cars-that-are-electric,Japan · Share of new cars that are electric,Japan,Share of new cars that are electric,2013-12-31,2013,year,2013-01-01,0.63,% nowych aut,annual,observed,https://ourworldindata.org/grapher/electric-car-sales-share.csv,2026-09-28T22:52:31.425Z,{}
ev,ev--electric-car-sales-share-malaysia-share-of-new-cars-that-are-electric,Malaysia · Share of new cars that are electric,Malaysia,Share of new cars that are electric,2013-12-31,2013,year,2013-01-01,0.00035,% nowych aut,annual,observed,https://ourworldindata.org/grapher/electric-car-sales-share.csv,2026-09-28T22:52:31.425Z,{}
ev,ev--electric-car-sales-share-mexico-share-of-new-cars-that-are-electric,Mexico · Share of new cars that are electric,Mexico,Share of new cars that are electric,2013-12-31,2013,year,2013-01-01,0.0013,% nowych aut,annual,observed,https://ourworldindata.org/grapher/electric-car-sales-share.csv,2026-09-28T22:52:31.425Z,{}
ev,ev--electric-car-sales-share-netherlands-share-of-new-cars-that-are-electric,Netherlands · Share of new cars that are electric,Netherlands,Share of new cars that are electric,2013-12-31,2013,year,2013-01-01,5.5,% nowych aut,annual,observed,https://ourworldindata.org/grapher/electric-car-sales-share.csv,2026-09-28T22:52:31.425Z,{}
ev,ev--electric-car-sales-share-new-zealand-share-of-new-cars-that-are-electric,New Zealand · Share of new cars that are electric,New Zealand,Share of new cars that are electric,2013-12-31,2013,year,2013-01-01,0.041,% nowych aut,annual,observed,https://ourworldindata.org/grapher/electric-car-sales-share.csv,2026-09-28T22:52:31.425Z,{}
ev,ev--electric-car-sales-share-norway-share-of-new-cars-that-are-electric,Norway · Share of new cars that are electric,Norway,Share of new cars that are electric,2013-12-31,2013,year,2013-01-01,5.8,% nowych aut,annual,observed,https://ourworldindata.org/grapher/electric-car-sales-share.csv,2026-09-28T22:52:31.425Z,{}
ev,ev--electric-car-sales-share-poland-share-of-new-cars-that-are-electric,Poland · Share of new cars that are electric,Poland,Share of new cars that are electric,2013-12-31,2013,year,2013-01-01,0.013,% nowych aut,annual,observed,https://ourworldindata.org/grapher/electric-car-sales-share.csv,2026-09-28T22:52:31.425Z,{}
ev,ev--electric-car-sales-share-portugal-share-of-new-cars-that-are-electric,Portugal · Share of new cars that are electric,Portugal,Share of new cars that are electric,2013-12-31,2013,year,2013-01-01,0.17,% nowych aut,annual,observed,https://ourworldindata.org/grapher/electric-car-sales-share.csv,2026-09-28T22:52:31.425Z,{}
ev,ev--electric-car-sales-share-south-africa-share-of-new-cars-that-are-electric,South Africa · Share of new cars that are electric,South Africa,Share of new cars that are electric,2013-12-31,2013,year,2013-01-01,0.0075,% nowych aut,annual,observed,https://ourworldindata.org/grapher/electric-car-sales-share.csv,2026-09-28T22:52:31.425Z,{}
ev,ev--electric-car-sales-share-south-korea-share-of-new-cars-that-are-electric,South Korea · Share of new cars that are electric,South Korea,Share of new cars that are electric,2013-12-31,2013,year,2013-01-01,0.048,% nowych aut,annual,observed,https://ourworldindata.org/grapher/electric-car-sales-share.csv,2026-09-28T22:52:31.425Z,{}
ev,ev--electric-car-sales-share-spain-share-of-new-cars-that-are-electric,Spain · Share of new cars that are electric,Spain,Share of new cars that are electric,2013-12-31,2013,year,2013-01-01,0.12,% nowych aut,annual,observed,https://ourworldindata.org/grapher/electric-car-sales-share.csv,2026-09-28T22:52:31.425Z,{}
ev,ev--electric-car-sales-share-sweden-share-of-new-cars-that-are-electric,Sweden · Share of new cars that are electric,Sweden,Share of new cars that are electric,2013-12-31,2013,year,2013-01-01,0.53,% nowych aut,annual,observed,https://ourworldindata.org/grapher/electric-car-sales-share.csv,2026-09-28T22:52:31.425Z,{}
ev,ev--electric-car-sales-share-switzerland-share-of-new-cars-that-are-electric,Switzerland · Share of new cars that are electric,Switzerland,Share of new cars that are electric,2013-12-31,2013,year,2013-01-01,0.42,% nowych aut,annual,observed,https://ourworldindata.org/grapher/electric-car-sales-share.csv,2026-09-28T22:52:31.425Z,{}
ev,ev--electric-car-sales-share-thailand-share-of-new-cars-that-are-electric,Thailand · Share of new cars that are electric,Thailand,Share of new cars that are electric,2013-12-31,2013,year,2013-01-01,0.001,% nowych aut,annual,observed,https://ourworldindata.org/grapher/electric-car-sales-share.csv,2026-09-28T22:52:31.425Z,{}
ev,ev--electric-car-sales-share-turkey-share-of-new-cars-that-are-electric,Turkey · Share of new cars that are electric,Turkey,Share of new cars that are electric,2013-12-31,2013,year,2013-01-01,0.00015,% nowych aut,annual,observed,https://ourworldindata.org/grapher/electric-car-sales-share.csv,2026-09-28T22:52:31.425Z,{}
ev,ev--electric-car-sales-share-united-arab-emirates-share-of-new-cars-that-are-electric,United Arab Emirates · Share of new cars that are electric,United Arab Emirates,Share of new cars that are electric,2013-12-31,2013,year,2013-01-01,0.037,% nowych aut,annual,observed,https://ourworldindata.org/grapher/electric-car-sales-share.csv,2026-09-28T22:52:31.425Z,{}
ev,ev--electric-car-sales-share-united-kingdom-share-of-new-cars-that-are-electric,United Kingdom · Share of new cars that are electric,United Kingdom,Share of new cars that are electric,2013-12-31,2013,year,2013-01-01,0.16,% nowych aut,annual,observed,https://ourworldindata.org/grapher/electric-car-sales-share.csv,2026-09-28T22:52:31.425Z,{}
ev,ev--electric-car-sales-share-united-states-share-of-new-cars-that-are-electric,United States · Share of new cars that are electric,United States,Share of new cars that are electric,2013-12-31,2013,year,2013-01-01,0.71,% nowych aut,annual,observed,https://ourworldindata.org/grapher/electric-car-sales-share.csv,2026-09-28T22:52:31.425Z,{}
ev,ev--electric-car-sales-share-world-share-of-new-cars-that-are-electric,Share of new cars that are electric,World,Share of new cars that are electric,2013-12-31,2013,year,2013-01-01,0.29,% nowych aut,annual,observed,https://ourworldindata.org/grapher/electric-car-sales-share.csv,2026-09-28T22:52:31.425Z,{}
ev,ev--electric-car-sales-share-australia-share-of-new-cars-that-are-electric,Australia · Share of new cars that are electric,Australia,Share of new cars that are electric,2014-12-31,2014,year,2014-01-01,0.15,% nowych aut,annual,observed,https://ourworldindata.org/grapher/electric-car-sales-share.csv,2026-09-28T22:52:31.425Z,{}
ev,ev--electric-car-sales-share-austria-share-of-new-cars-that-are-electric,Austria · Share of new cars that are electric,Austria,Share of new cars that are electric,2014-12-31,2014,year,2014-01-01,0.57,% nowych aut,annual,observed,https://ourworldindata.org/grapher/electric-car-sales-share.csv,2026-09-28T22:52:31.425Z,{}
ev,ev--electric-car-sales-share-belgium-share-of-new-cars-that-are-electric,Belgium · Share of new cars that are electric,Belgium,Share of new cars that are electric,2014-12-31,2014,year,2014-01-01,0.41,% nowych aut,annual,observed,https://ourworldindata.org/grapher/electric-car-sales-share.csv,2026-09-28T22:52:31.425Z,{}
ev,ev--electric-car-sales-share-brazil-share-of-new-cars-that-are-electric,Brazil · Share of new cars that are electric,Brazil,Share of new cars that are electric,2014-12-31,2014,year,2014-01-01,0.0022,% nowych aut,annual,observed,https://ourworldindata.org/grapher/electric-car-sales-share.csv,2026-09-28T22:52:31.425Z,{}
ev,ev--electric-car-sales-share-canada-share-of-new-cars-that-are-electric,Canada · Share of new cars that are electric,Canada,Share of new cars that are electric,2014-12-31,2014,year,2014-01-01,0.35,% nowych aut,annual,observed,https://ourworldindata.org/grapher/electric-car-sales-share.csv,2026-09-28T22:52:31.425Z,{}
ev,ev--electric-car-sales-share-chile-share-of-new-cars-that-are-electric,Chile · Share of new cars that are electric,Chile,Share of new cars that are electric,2014-12-31,2014,year,2014-01-01,0.0079,% nowych aut,annual,observed,https://ourworldindata.org/grapher/electric-car-sales-share.csv,2026-09-28T22:52:31.425Z,{}
ev,ev--electric-car-sales-share-china-share-of-new-cars-that-are-electric,China · Share of new cars that are electric,China,Share of new cars that are electric,2014-12-31,2014,year,2014-01-01,0.41,% nowych aut,annual,observed,https://ourworldindata.org/grapher/electric-car-sales-share.csv,2026-09-28T22:52:31.425Z,{}
ev,ev--electric-car-sales-share-colombia-share-of-new-cars-that-are-electric,Colombia · Share of new cars that are electric,Colombia,Share of new cars that are electric,2014-12-31,2014,year,2014-01-01,0.01,% nowych aut,annual,observed,https://ourworldindata.org/grapher/electric-car-sales-share.csv,2026-09-28T22:52:31.425Z,{}
ev,ev--electric-car-sales-share-denmark-share-of-new-cars-that-are-electric,Denmark · Share of new cars that are electric,Denmark,Share of new cars that are electric,2014-12-31,2014,year,2014-01-01,0.91,% nowych aut,annual,observed,https://ourworldindata.org/grapher/electric-car-sales-share.csv,2026-09-28T22:52:31.425Z,{}
ev,ev--electric-car-sales-share-europe-share-of-new-cars-that-are-electric,Europe · Share of new cars that are electric,Europe,Share of new cars that are electric,2014-12-31,2014,year,2014-01-01,0.68,% nowych aut,annual,observed,https://ourworldindata.org/grapher/electric-car-sales-share.csv,2026-09-28T22:52:31.425Z,{}
ev,ev--electric-car-sales-share-european-union-27-share-of-new-cars-that-are-electric,European Union (27) · Share of new cars that are electric,European Union (27),Share of new cars that are electric,2014-12-31,2014,year,2014-01-01,0.56,% nowych aut,annual,observed,https://ourworldindata.org/grapher/electric-car-sales-share.csv,2026-09-28T22:52:31.425Z,{}
ev,ev--electric-car-sales-share-finland-share-of-new-cars-that-are-electric,Finland · Share of new cars that are electric,Finland,Share of new cars that are electric,2014-12-31,2014,year,2014-01-01,0.41,% nowych aut,annual,observed,https://ourworldindata.org/grapher/electric-car-sales-share.csv,2026-09-28T22:52:31.425Z,{}
ev,ev--electric-car-sales-share-france-share-of-new-cars-that-are-electric,France · Share of new cars that are electric,France,Share of new cars that are electric,2014-12-31,2014,year,2014-01-01,0.69,% nowych aut,annual,observed,https://ourworldindata.org/grapher/electric-car-sales-share.csv,2026-09-28T22:52:31.425Z,{}
ev,ev--electric-car-sales-share-germany-share-of-new-cars-that-are-electric,Germany · Share of new cars that are electric,Germany,Share of new cars that are electric,2014-12-31,2014,year,2014-01-01,0.45,% nowych aut,annual,observed,https://ourworldindata.org/grapher/electric-car-sales-share.csv,2026-09-28T22:52:31.425Z,{}
ev,ev--electric-car-sales-share-greece-share-of-new-cars-that-are-electric,Greece · Share of new cars that are electric,Greece,Share of new cars that are electric,2014-12-31,2014,year,2014-01-01,0.055,% nowych aut,annual,observed,https://ourworldindata.org/grapher/electric-car-sales-share.csv,2026-09-28T22:52:31.425Z,{}
ev,ev--electric-car-sales-share-iceland-share-of-new-cars-that-are-electric,Iceland · Share of new cars that are electric,Iceland,Share of new cars that are electric,2014-12-31,2014,year,2014-01-01,2.4,% nowych aut,annual,observed,https://ourworldindata.org/grapher/electric-car-sales-share.csv,2026-09-28T22:52:31.425Z,{}
ev,ev--electric-car-sales-share-india-share-of-new-cars-that-are-electric,India · Share of new cars that are electric,India,Share of new cars that are electric,2014-12-31,2014,year,2014-01-01,0.038,% nowych aut,annual,observed,https://ourworldindata.org/grapher/electric-car-sales-share.csv,2026-09-28T22:52:31.425Z,{}
ev,ev--electric-car-sales-share-israel-share-of-new-cars-that-are-electric,Israel · Share of new cars that are electric,Israel,Share of new cars that are electric,2014-12-31,2014,year,2014-01-01,0.022,% nowych aut,annual,observed,https://ourworldindata.org/grapher/electric-car-sales-share.csv,2026-09-28T22:52:31.425Z,{}
ev,ev--electric-car-sales-share-italy-share-of-new-cars-that-are-electric,Italy · Share of new cars that are electric,Italy,Share of new cars that are electric,2014-12-31,2014,year,2014-01-01,0.1,% nowych aut,annual,observed,https://ourworldindata.org/grapher/electric-car-sales-share.csv,2026-09-28T22:52:31.425Z,{}
ev,ev--electric-car-sales-share-japan-share-of-new-cars-that-are-electric,Japan · Share of new cars that are electric,Japan,Share of new cars that are electric,2014-12-31,2014,year,2014-01-01,0.69,% nowych aut,annual,observed,https://ourworldindata.org/grapher/electric-car-sales-share.csv,2026-09-28T22:52:31.425Z,{}
ev,ev--electric-car-sales-share-malaysia-share-of-new-cars-that-are-electric,Malaysia · Share of new cars that are electric,Malaysia,Share of new cars that are electric,2014-12-31,2014,year,2014-01-01,0.0025,% nowych aut,annual,observed,https://ourworldindata.org/grapher/electric-car-sales-share.csv,2026-09-28T22:52:31.425Z,{}
ev,ev--electric-car-sales-share-mexico-share-of-new-cars-that-are-electric,Mexico · Share of new cars that are electric,Mexico,Share of new cars that are electric,2014-12-31,2014,year,2014-01-01,0.005,% nowych aut,annual,observed,https://ourworldindata.org/grapher/electric-car-sales-share.csv,2026-09-28T22:52:31.425Z,{}
ev,ev--electric-car-sales-share-netherlands-share-of-new-cars-that-are-electric,Netherlands · Share of new cars that are electric,Netherlands,Share of new cars that are electric,2014-12-31,2014,year,2014-01-01,3.9,% nowych aut,annual,observed,https://ourworldindata.org/grapher/electric-car-sales-share.csv,2026-09-28T22:52:31.425Z,{}
ev,ev--electric-car-sales-share-new-zealand-share-of-new-cars-that-are-electric,New Zealand · Share of new cars that are electric,New Zealand,Share of new cars that are electric,2014-12-31,2014,year,2014-01-01,0.34,% nowych aut,annual,observed,https://ourworldindata.org/grapher/electric-car-sales-share.csv,2026-09-28T22:52:31.425Z,{}
ev,ev--electric-car-sales-share-norway-share-of-new-cars-that-are-electric,Norway · Share of new cars that are electric,Norway,Share of new cars that are electric,2014-12-31,2014,year,2014-01-01,15.0,% nowych aut,annual,observed,https://ourworldindata.org/grapher/electric-car-sales-share.csv,2026-09-28T22:52:31.425Z,{}
ev,ev--electric-car-sales-share-poland-share-of-new-cars-that-are-electric,Poland · Share of new cars that are electric,Poland,Share of new cars that are electric,2014-12-31,2014,year,2014-01-01,0.062,% nowych aut,annual,observed,https://ourworldindata.org/grapher/electric-car-sales-share.csv,2026-09-28T22:52:31.425Z,{}
ev,ev--electric-car-sales-share-portugal-share-of-new-cars-that-are-electric,Portugal · Share of new cars that are electric,Portugal,Share of new cars that are electric,2014-12-31,2014,year,2014-01-01,0.2,% nowych aut,annual,observed,https://ourworldindata.org/grapher/electric-car-sales-share.csv,2026-09-28T22:52:31.425Z,{}
ev,ev--electric-car-sales-share-rest-of-world-share-of-new-cars-that-are-electric,Rest of World · Share of new cars that are electric,Rest of World,Share of new cars that are electric,2014-12-31,2014,year,2014-01-01,0.01811767,% nowych aut,annual,observed,https://ourworldindata.org/grapher/electric-car-sales-share.csv,2026-09-28T22:52:31.425Z,{}
ev,ev--electric-car-sales-share-south-africa-share-of-new-cars-that-are-electric,South Africa · Share of new cars that are electric,South Africa,Share of new cars that are electric,2014-12-31,2014,year,2014-01-01,0.0034,% nowych aut,annual,observed,https://ourworldindata.org/grapher/electric-car-sales-share.csv,2026-09-28T22:52:31.425Z,{}
ev,ev--electric-car-sales-share-south-korea-share-of-new-cars-that-are-electric,South Korea · Share of new cars that are electric,South Korea,Share of new cars that are electric,2014-12-31,2014,year,2014-01-01,0.092,% nowych aut,annual,observed,https://ourworldindata.org/grapher/electric-car-sales-share.csv,2026-09-28T22:52:31.425Z,{}
ev,ev--electric-car-sales-share-spain-share-of-new-cars-that-are-electric,Spain · Share of new cars that are electric,Spain,Share of new cars that are electric,2014-12-31,2014,year,2014-01-01,0.19,% nowych aut,annual,observed,https://ourworldindata.org/grapher/electric-car-sales-share.csv,2026-09-28T22:52:31.425Z,{}
ev,ev--electric-car-sales-share-sweden-share-of-new-cars-that-are-electric,Sweden · Share of new cars that are electric,Sweden,Share of new cars that are electric,2014-12-31,2014,year,2014-01-01,1.4,% nowych aut,annual,observed,https://ourworldindata.org/grapher/electric-car-sales-share.csv,2026-09-28T22:52:31.425Z,{}
ev,ev--electric-car-sales-share-switzerland-share-of-new-cars-that-are-electric,Switzerland · Share of new cars that are electric,Switzerland,Share of new cars that are electric,2014-12-31,2014,year,2014-01-01,0.94,% nowych aut,annual,observed,https://ourworldindata.org/grapher/electric-car-sales-share.csv,2026-09-28T22:52:31.425Z,{}
ev,ev--electric-car-sales-share-thailand-share-of-new-cars-that-are-electric,Thailand · Share of new cars that are electric,Thailand,Share of new cars that are electric,2014-12-31,2014,year,2014-01-01,0.0076,% nowych aut,annual,observed,https://ourworldindata.org/grapher/electric-car-sales-share.csv,2026-09-28T22:52:31.425Z,{}
ev,ev--electric-car-sales-share-turkey-share-of-new-cars-that-are-electric,Turkey · Share of new cars that are electric,Turkey,Share of new cars that are electric,2014-12-31,2014,year,2014-01-01,0.012,% nowych aut,annual,observed,https://ourworldindata.org/grapher/electric-car-sales-share.csv,2026-09-28T22:52:31.425Z,{}
ev,ev--electric-car-sales-share-united-arab-emirates-share-of-new-cars-that-are-electric,United Arab Emirates · Share of new cars that are electric,United Arab Emirates,Share of new cars that are electric,2014-12-31,2014,year,2014-01-01,0.01,% nowych aut,annual,observed,https://ourworldindata.org/grapher/electric-car-sales-share.csv,2026-09-28T22:52:31.425Z,{}
ev,ev--electric-car-sales-share-united-kingdom-share-of-new-cars-that-are-electric,United Kingdom · Share of new cars that are electric,United Kingdom,Share of new cars that are electric,2014-12-31,2014,year,2014-01-01,0.59,% nowych aut,annual,observed,https://ourworldindata.org/grapher/electric-car-sales-share.csv,2026-09-28T22:52:31.425Z,{}
ev,ev--electric-car-sales-share-united-states-share-of-new-cars-that-are-electric,United States · Share of new cars that are electric,United States,Share of new cars that are electric,2014-12-31,2014,year,2014-01-01,0.77,% nowych aut,annual,observed,https://ourworldindata.org/grapher/electric-car-sales-share.csv,2026-09-28T22:52:31.425Z,{}
ev,ev--electric-car-sales-share-world-share-of-new-cars-that-are-electric,Share of new cars that are electric,World,Share of new cars that are electric,2014-12-31,2014,year,2014-01-01,0.44,% nowych aut,annual,observed,https://ourworldindata.org/grapher/electric-car-sales-share.csv,2026-09-28T22:52:31.425Z,{}
ev,ev--electric-car-sales-share-australia-share-of-new-cars-that-are-electric,Australia · Share of new cars that are electric,Australia,Share of new cars that are electric,2015-12-31,2015,year,2015-01-01,0.19,% nowych aut,annual,observed,https://ourworldindata.org/grapher/electric-car-sales-share.csv,2026-09-28T22:52:31.425Z,{}
ev,ev--electric-car-sales-share-austria-share-of-new-cars-that-are-electric,Austria · Share of new cars that are electric,Austria,Share of new cars that are electric,2015-12-31,2015,year,2015-01-01,0.9,% nowych aut,annual,observed,https://ourworldindata.org/grapher/electric-car-sales-share.csv,2026-09-28T22:52:31.425Z,{}
ev,ev--electric-car-sales-share-belgium-share-of-new-cars-that-are-electric,Belgium · Share of new cars that are electric,Belgium,Share of new cars that are electric,2015-12-31,2015,year,2015-01-01,0.76,% nowych aut,annual,observed,https://ourworldindata.org/grapher/electric-car-sales-share.csv,2026-09-28T22:52:31.425Z,{}
ev,ev--electric-car-sales-share-brazil-share-of-new-cars-that-are-electric,Brazil · Share of new cars that are electric,Brazil,Share of new cars that are electric,2015-12-31,2015,year,2015-01-01,0.0042,% nowych aut,annual,observed,https://ourworldindata.org/grapher/electric-car-sales-share.csv,2026-09-28T22:52:31.425Z,{}
ev,ev--electric-car-sales-share-bulgaria-share-of-new-cars-that-are-electric,Bulgaria · Share of new cars that are electric,Bulgaria,Share of new cars that are electric,2015-12-31,2015,year,2015-01-01,0.09,% nowych aut,annual,observed,https://ourworldindata.org/grapher/electric-car-sales-share.csv,2026-09-28T22:52:31.425Z,{}
ev,ev--electric-car-sales-share-canada-share-of-new-cars-that-are-electric,Canada · Share of new cars that are electric,Canada,Share of new cars that are electric,2015-12-31,2015,year,2015-01-01,0.45,% nowych aut,annual,observed,https://ourworldindata.org/grapher/electric-car-sales-share.csv,2026-09-28T22:52:31.425Z,{}
ev,ev--electric-car-sales-share-chile-share-of-new-cars-that-are-electric,Chile · Share of new cars that are electric,Chile,Share of new cars that are electric,2015-12-31,2015,year,2015-01-01,0.019,% nowych aut,annual,observed,https://ourworldindata.org/grapher/electric-car-sales-share.csv,2026-09-28T22:52:31.425Z,{}
ev,ev--electric-car-sales-share-china-share-of-new-cars-that-are-electric,China · Share of new cars that are electric,China,Share of new cars that are electric,2015-12-31,2015,year,2015-01-01,1.1,% nowych aut,annual,observed,https://ourworldindata.org/grapher/electric-car-sales-share.csv,2026-09-28T22:52:31.425Z,{}
ev,ev--electric-car-sales-share-colombia-share-of-new-cars-that-are-electric,Colombia · Share of new cars that are electric,Colombia,Share of new cars that are electric,2015-12-31,2015,year,2015-01-01,0.017,% nowych aut,annual,observed,https://ourworldindata.org/grapher/electric-car-sales-share.csv,2026-09-28T22:52:31.425Z,{}
ev,ev--electric-car-sales-share-costa-rica-share-of-new-cars-that-are-electric,Costa Rica · Share of new cars that are electric,Costa Rica,Share of new cars that are electric,2015-12-31,2015,year,2015-01-01,0.029,% nowych aut,annual,observed,https://ourworldindata.org/grapher/electric-car-sales-share.csv,2026-09-28T22:52:31.425Z,{}
ev,ev--electric-car-sales-share-czechia-share-of-new-cars-that-are-electric,Czechia · Share of new cars that are electric,Czechia,Share of new cars that are electric,2015-12-31,2015,year,2015-01-01,0.13,% nowych aut,annual,observed,https://ourworldindata.org/grapher/electric-car-sales-share.csv,2026-09-28T22:52:31.425Z,{}
ev,ev--electric-car-sales-share-denmark-share-of-new-cars-that-are-electric,Denmark · Share of new cars that are electric,Denmark,Share of new cars that are electric,2015-12-31,2015,year,2015-01-01,2.3,% nowych aut,annual,observed,https://ourworldindata.org/grapher/electric-car-sales-share.csv,2026-09-28T22:52:31.425Z,{}
ev,ev--electric-car-sales-share-estonia-share-of-new-cars-that-are-electric,Estonia · Share of new cars that are electric,Estonia,Share of new cars that are electric,2015-12-31,2015,year,2015-01-01,0.16,% nowych aut,annual,observed,https://ourworldindata.org/grapher/electric-car-sales-share.csv,2026-09-28T22:52:31.425Z,{}
ev,ev--electric-car-sales-share-europe-share-of-new-cars-that-are-electric,Europe · Share of new cars that are electric,Europe,Share of new cars that are electric,2015-12-31,2015,year,2015-01-01,1.0,% nowych aut,annual,observed,https://ourworldindata.org/grapher/electric-car-sales-share.csv,2026-09-28T22:52:31.425Z,{}
ev,ev--electric-car-sales-share-european-union-27-share-of-new-cars-that-are-electric,European Union (27) · Share of new cars that are electric,European Union (27),Share of new cars that are electric,2015-12-31,2015,year,2015-01-01,0.82,% nowych aut,annual,observed,https://ourworldindata.org/grapher/electric-car-sales-share.csv,2026-09-28T22:52:31.425Z,{}
ev,ev--electric-car-sales-share-finland-share-of-new-cars-that-are-electric,Finland · Share of new cars that are electric,Finland,Share of new cars that are electric,2015-12-31,2015,year,2015-01-01,0.6,% nowych aut,annual,observed,https://ourworldindata.org/grapher/electric-car-sales-share.csv,2026-09-28T22:52:31.425Z,{}
ev,ev--electric-car-sales-share-france-share-of-new-cars-that-are-electric,France · Share of new cars that are electric,France,Share of new cars that are electric,2015-12-31,2015,year,2015-01-01,1.2,% nowych aut,annual,observed,https://ourworldindata.org/grapher/electric-car-sales-share.csv,2026-09-28T22:52:31.425Z,{}
ev,ev--electric-car-sales-share-germany-share-of-new-cars-that-are-electric,Germany · Share of new cars that are electric,Germany,Share of new cars that are electric,2015-12-31,2015,year,2015-01-01,0.73,% nowych aut,annual,observed,https://ourworldindata.org/grapher/electric-car-sales-share.csv,2026-09-28T22:52:31.425Z,{}
ev,ev--electric-car-sales-share-greece-share-of-new-cars-that-are-electric,Greece · Share of new cars that are electric,Greece,Share of new cars that are electric,2015-12-31,2015,year,2015-01-01,0.076,% nowych aut,annual,observed,https://ourworldindata.org/grapher/electric-car-sales-share.csv,2026-09-28T22:52:31.425Z,{}
ev,ev--electric-car-sales-share-hungary-share-of-new-cars-that-are-electric,Hungary · Share of new cars that are electric,Hungary,Share of new cars that are electric,2015-12-31,2015,year,2015-01-01,0.17,% nowych aut,annual,observed,https://ourworldindata.org/grapher/electric-car-sales-share.csv,2026-09-28T22:52:31.425Z,{}
ev,ev--electric-car-sales-share-iceland-share-of-new-cars-that-are-electric,Iceland · Share of new cars that are electric,Iceland,Share of new cars that are electric,2015-12-31,2015,year,2015-01-01,3.9,% nowych aut,annual,observed,https://ourworldindata.org/grapher/electric-car-sales-share.csv,2026-09-28T22:52:31.425Z,{}
ev,ev--electric-car-sales-share-india-share-of-new-cars-that-are-electric,India · Share of new cars that are electric,India,Share of new cars that are electric,2015-12-31,2015,year,2015-01-01,0.017,% nowych aut,annual,observed,https://ourworldindata.org/grapher/electric-car-sales-share.csv,2026-09-28T22:52:31.425Z,{}
ev,ev--electric-car-sales-share-ireland-share-of-new-cars-that-are-electric,Ireland · Share of new cars that are electric,Ireland,Share of new cars that are electric,2015-12-31,2015,year,2015-01-01,0.47,% nowych aut,annual,observed,https://ourworldindata.org/grapher/electric-car-sales-share.csv,2026-09-28T22:52:31.425Z,{}
ev,ev--electric-car-sales-share-israel-share-of-new-cars-that-are-electric,Israel · Share of new cars that are electric,Israel,Share of new cars that are electric,2015-12-31,2015,year,2015-01-01,0.024,% nowych aut,annual,observed,https://ourworldindata.org/grapher/electric-car-sales-share.csv,2026-09-28T22:52:31.425Z,{}
ev,ev--electric-car-sales-share-italy-share-of-new-cars-that-are-electric,Italy · Share of new cars that are electric,Italy,Share of new cars that are electric,2015-12-31,2015,year,2015-01-01,0.14,% nowych aut,annual,observed,https://ourworldindata.org/grapher/electric-car-sales-share.csv,2026-09-28T22:52:31.425Z,{}
ev,ev--electric-car-sales-share-japan-share-of-new-cars-that-are-electric,Japan · Share of new cars that are electric,Japan,Share of new cars that are electric,2015-12-31,2015,year,2015-01-01,0.58,% nowych aut,annual,observed,https://ourworldindata.org/grapher/electric-car-sales-share.csv,2026-09-28T22:52:31.425Z,{}
ev,ev--electric-car-sales-share-latvia-share-of-new-cars-that-are-electric,Latvia · Share of new cars that are electric,Latvia,Share of new cars that are electric,2015-12-31,2015,year,2015-01-01,0.19,% nowych aut,annual,observed,https://ourworldindata.org/grapher/electric-car-sales-share.csv,2026-09-28T22:52:31.425Z,{}
ev,ev--electric-car-sales-share-lithuania-share-of-new-cars-that-are-electric,Lithuania · Share of new cars that are electric,Lithuania,Share of new cars that are electric,2015-12-31,2015,year,2015-01-01,0.22,% nowych aut,annual,observed,https://ourworldindata.org/grapher/electric-car-sales-share.csv,2026-09-28T22:52:31.425Z,{}
ev,ev--electric-car-sales-share-malaysia-share-of-new-cars-that-are-electric,Malaysia · Share of new cars that are electric,Malaysia,Share of new cars that are electric,2015-12-31,2015,year,2015-01-01,0.0063,% nowych aut,annual,observed,https://ourworldindata.org/grapher/electric-car-sales-share.csv,2026-09-28T22:52:31.425Z,{}
ev,ev--electric-car-sales-share-mexico-share-of-new-cars-that-are-electric,Mexico · Share of new cars that are electric,Mexico,Share of new cars that are electric,2015-12-31,2015,year,2015-01-01,0.0086,% nowych aut,annual,observed,https://ourworldindata.org/grapher/electric-car-sales-share.csv,2026-09-28T22:52:31.425Z,{}
ev,ev--electric-car-sales-share-netherlands-share-of-new-cars-that-are-electric,Netherlands · Share of new cars that are electric,Netherlands,Share of new cars that are electric,2015-12-31,2015,year,2015-01-01,3.5,% nowych aut,annual,observed,https://ourworldindata.org/grapher/electric-car-sales-share.csv,2026-09-28T22:52:31.425Z,{}
ev,ev--electric-car-sales-share-new-zealand-share-of-new-cars-that-are-electric,New Zealand · Share of new cars that are electric,New Zealand,Share of new cars that are electric,2015-12-31,2015,year,2015-01-01,0.6,% nowych aut,annual,observed,https://ourworldindata.org/grapher/electric-car-sales-share.csv,2026-09-28T22:52:31.425Z,{}
ev,ev--electric-car-sales-share-norway-share-of-new-cars-that-are-electric,Norway · Share of new cars that are electric,Norway,Share of new cars that are electric,2015-12-31,2015,year,2015-01-01,22.0,% nowych aut,annual,observed,https://ourworldindata.org/grapher/electric-car-sales-share.csv,2026-09-28T22:52:31.425Z,{}
ev,ev--electric-car-sales-share-poland-share-of-new-cars-that-are-electric,Poland · Share of new cars that are electric,Poland,Share of new cars that are electric,2015-12-31,2015,year,2015-01-01,0.061,% nowych aut,annual,observed,https://ourworldindata.org/grapher/electric-car-sales-share.csv,2026-09-28T22:52:31.425Z,{}
ev,ev--electric-car-sales-share-portugal-share-of-new-cars-that-are-electric,Portugal · Share of new cars that are electric,Portugal,Share of new cars that are electric,2015-12-31,2015,year,2015-01-01,0.62,% nowych aut,annual,observed,https://ourworldindata.org/grapher/electric-car-sales-share.csv,2026-09-28T22:52:31.425Z,{}
ev,ev--electric-car-sales-share-romania-share-of-new-cars-that-are-electric,Romania · Share of new cars that are electric,Romania,Share of new cars that are electric,2015-12-31,2015,year,2015-01-01,0.03,% nowych aut,annual,observed,https://ourworldindata.org/grapher/electric-car-sales-share.csv,2026-09-28T22:52:31.425Z,{}
ev,ev--electric-car-sales-share-russia-share-of-new-cars-that-are-electric,Russia · Share of new cars that are electric,Russia,Share of new cars that are electric,2015-12-31,2015,year,2015-01-01,0.01,% nowych aut,annual,observed,https://ourworldindata.org/grapher/electric-car-sales-share.csv,2026-09-28T22:52:31.425Z,{}
ev,ev--electric-car-sales-share-seychelles-share-of-new-cars-that-are-electric,Seychelles · Share of new cars that are electric,Seychelles,Share of new cars that are electric,2015-12-31,2015,year,2015-01-01,0.15,% nowych aut,annual,observed,https://ourworldindata.org/grapher/electric-car-sales-share.csv,2026-09-28T22:52:31.425Z,{}
ev,ev--electric-car-sales-share-slovakia-share-of-new-cars-that-are-electric,Slovakia · Share of new cars that are electric,Slovakia,Share of new cars that are electric,2015-12-31,2015,year,2015-01-01,0.07,% nowych aut,annual,observed,https://ourworldindata.org/grapher/electric-car-sales-share.csv,2026-09-28T22:52:31.425Z,{}
ev,ev--electric-car-sales-share-south-africa-share-of-new-cars-that-are-electric,South Africa · Share of new cars that are electric,South Africa,Share of new cars that are electric,2015-12-31,2015,year,2015-01-01,0.058,% nowych aut,annual,observed,https://ourworldindata.org/grapher/electric-car-sales-share.csv,2026-09-28T22:52:31.425Z,{}
ev,ev--electric-car-sales-share-south-korea-share-of-new-cars-that-are-electric,South Korea · Share of new cars that are electric,South Korea,Share of new cars that are electric,2015-12-31,2015,year,2015-01-01,0.22,% nowych aut,annual,observed,https://ourworldindata.org/grapher/electric-car-sales-share.csv,2026-09-28T22:52:31.425Z,{}
ev,ev--electric-car-sales-share-spain-share-of-new-cars-that-are-electric,Spain · Share of new cars that are electric,Spain,Share of new cars that are electric,2015-12-31,2015,year,2015-01-01,0.2,% nowych aut,annual,observed,https://ourworldindata.org/grapher/electric-car-sales-share.csv,2026-09-28T22:52:31.425Z,{}
ev,ev--electric-car-sales-share-sweden-share-of-new-cars-that-are-electric,Sweden · Share of new cars that are electric,Sweden,Share of new cars that are electric,2015-12-31,2015,year,2015-01-01,2.4,% nowych aut,annual,observed,https://ourworldindata.org/grapher/electric-car-sales-share.csv,2026-09-28T22:52:31.425Z,{}
ev,ev--electric-car-sales-share-switzerland-share-of-new-cars-that-are-electric,Switzerland · Share of new cars that are electric,Switzerland,Share of new cars that are electric,2015-12-31,2015,year,2015-01-01,1.7,% nowych aut,annual,observed,https://ourworldindata.org/grapher/electric-car-sales-share.csv,2026-09-28T22:52:31.425Z,{}
ev,ev--electric-car-sales-share-thailand-share-of-new-cars-that-are-electric,Thailand · Share of new cars that are electric,Thailand,Share of new cars that are electric,2015-12-31,2015,year,2015-01-01,0.0046,% nowych aut,annual,observed,https://ourworldindata.org/grapher/electric-car-sales-share.csv,2026-09-28T22:52:31.425Z,{}
ev,ev--electric-car-sales-share-turkey-share-of-new-cars-that-are-electric,Turkey · Share of new cars that are electric,Turkey,Share of new cars that are electric,2015-12-31,2015,year,2015-01-01,0.03,% nowych aut,annual,observed,https://ourworldindata.org/grapher/electric-car-sales-share.csv,2026-09-28T22:52:31.425Z,{}
ev,ev--electric-car-sales-share-united-arab-emirates-share-of-new-cars-that-are-electric,United Arab Emirates · Share of new cars that are electric,United Arab Emirates,Share of new cars that are electric,2015-12-31,2015,year,2015-01-01,0.015,% nowych aut,annual,observed,https://ourworldindata.org/grapher/electric-car-sales-share.csv,2026-09-28T22:52:31.425Z,{}
ev,ev--electric-car-sales-share-united-kingdom-share-of-new-cars-that-are-electric,United Kingdom · Share of new cars that are electric,United Kingdom,Share of new cars that are electric,2015-12-31,2015,year,2015-01-01,1.1,% nowych aut,annual,observed,https://ourworldindata.org/grapher/electric-car-sales-share.csv,2026-09-28T22:52:31.425Z,{}
ev,ev--electric-car-sales-share-united-states-share-of-new-cars-that-are-electric,United States · Share of new cars that are electric,United States,Share of new cars that are electric,2015-12-31,2015,year,2015-01-01,0.7,% nowych aut,annual,observed,https://ourworldindata.org/grapher/electric-car-sales-share.csv,2026-09-28T22:52:31.425Z,{}
ev,ev--electric-car-sales-share-world-share-of-new-cars-that-are-electric,Share of new cars that are electric,World,Share of new cars that are electric,2015-12-31,2015,year,2015-01-01,0.68,% nowych aut,annual,observed,https://ourworldindata.org/grapher/electric-car-sales-share.csv,2026-09-28T22:52:31.425Z,{}
ev,ev--electric-car-sales-share-australia-share-of-new-cars-that-are-electric,Australia · Share of new cars that are electric,Australia,Share of new cars that are electric,2016-12-31,2016,year,2016-01-01,0.15,% nowych aut,annual,observed,https://ourworldindata.org/grapher/electric-car-sales-share.csv,2026-09-28T22:52:31.425Z,{}
ev,ev--electric-car-sales-share-austria-share-of-new-cars-that-are-electric,Austria · Share of new cars that are electric,Austria,Share of new cars that are electric,2016-12-31,2016,year,2016-01-01,1.5,% nowych aut,annual,observed,https://ourworldindata.org/grapher/electric-car-sales-share.csv,2026-09-28T22:52:31.425Z,{}
ev,ev--electric-car-sales-share-belgium-share-of-new-cars-that-are-electric,Belgium · Share of new cars that are electric,Belgium,Share of new cars that are electric,2016-12-31,2016,year,2016-01-01,1.7,% nowych aut,annual,observed,https://ourworldindata.org/grapher/electric-car-sales-share.csv,2026-09-28T22:52:31.425Z,{}
ev,ev--electric-car-sales-share-brazil-share-of-new-cars-that-are-electric,Brazil · Share of new cars that are electric,Brazil,Share of new cars that are electric,2016-12-31,2016,year,2016-01-01,0.011,% nowych aut,annual,observed,https://ourworldindata.org/grapher/electric-car-sales-share.csv,2026-09-28T22:52:31.425Z,{}
ev,ev--electric-car-sales-share-bulgaria-share-of-new-cars-that-are-electric,Bulgaria · Share of new cars that are electric,Bulgaria,Share of new cars that are electric,2016-12-31,2016,year,2016-01-01,0.05,% nowych aut,annual,observed,https://ourworldindata.org/grapher/electric-car-sales-share.csv,2026-09-28T22:52:31.425Z,{}
ev,ev--electric-car-sales-share-canada-share-of-new-cars-that-are-electric,Canada · Share of new cars that are electric,Canada,Share of new cars that are electric,2016-12-31,2016,year,2016-01-01,0.76,% nowych aut,annual,observed,https://ourworldindata.org/grapher/electric-car-sales-share.csv,2026-09-28T22:52:31.425Z,{}
ev,ev--electric-car-sales-share-chile-share-of-new-cars-that-are-electric,Chile · Share of new cars that are electric,Chile,Share of new cars that are electric,2016-12-31,2016,year,2016-01-01,0.015,% nowych aut,annual,observed,https://ourworldindata.org/grapher/electric-car-sales-share.csv,2026-09-28T22:52:31.425Z,{}
ev,ev--electric-car-sales-share-china-share-of-new-cars-that-are-electric,China · Share of new cars that are electric,China,Share of new cars that are electric,2016-12-31,2016,year,2016-01-01,1.5,% nowych aut,annual,observed,https://ourworldindata.org/grapher/electric-car-sales-share.csv,2026-09-28T22:52:31.425Z,{}
ev,ev--electric-car-sales-share-colombia-share-of-new-cars-that-are-electric,Colombia · Share of new cars that are electric,Colombia,Share of new cars that are electric,2016-12-31,2016,year,2016-01-01,0.025,% nowych aut,annual,observed,https://ourworldindata.org/grapher/electric-car-sales-share.csv,2026-09-28T22:52:31.425Z,{}
ev,ev--electric-car-sales-share-costa-rica-share-of-new-cars-that-are-electric,Costa Rica · Share of new cars that are electric,Costa Rica,Share of new cars that are electric,2016-12-31,2016,year,2016-01-01,0.22,% nowych aut,annual,observed,https://ourworldindata.org/grapher/electric-car-sales-share.csv,2026-09-28T22:52:31.425Z,{}
ev,ev--electric-car-sales-share-czechia-share-of-new-cars-that-are-electric,Czechia · Share of new cars that are electric,Czechia,Share of new cars that are electric,2016-12-31,2016,year,2016-01-01,0.08,% nowych aut,annual,observed,https://ourworldindata.org/grapher/electric-car-sales-share.csv,2026-09-28T22:52:31.425Z,{}
ev,ev--electric-car-sales-share-denmark-share-of-new-cars-that-are-electric,Denmark · Share of new cars that are electric,Denmark,Share of new cars that are electric,2016-12-31,2016,year,2016-01-01,0.85,% nowych aut,annual,observed,https://ourworldindata.org/grapher/electric-car-sales-share.csv,2026-09-28T22:52:31.425Z,{}
ev,ev--electric-car-sales-share-estonia-share-of-new-cars-that-are-electric,Estonia · Share of new cars that are electric,Estonia,Share of new cars that are electric,2016-12-31,2016,year,2016-01-01,0.15,% nowych aut,annual,observed,https://ourworldindata.org/grapher/electric-car-sales-share.csv,2026-09-28T22:52:31.425Z,{}
ev,ev--electric-car-sales-share-europe-share-of-new-cars-that-are-electric,Europe · Share of new cars that are electric,Europe,Share of new cars that are electric,2016-12-31,2016,year,2016-01-01,1.4,% nowych aut,annual,observed,https://ourworldindata.org/grapher/electric-car-sales-share.csv,2026-09-28T22:52:31.425Z,{}
ev,ev--electric-car-sales-share-european-union-27-share-of-new-cars-that-are-electric,European Union (27) · Share of new cars that are electric,European Union (27),Share of new cars that are electric,2016-12-31,2016,year,2016-01-01,1.1,% nowych aut,annual,observed,https://ourworldindata.org/grapher/electric-car-sales-share.csv,2026-09-28T22:52:31.425Z,{}
ev,ev--electric-car-sales-share-finland-share-of-new-cars-that-are-electric,Finland · Share of new cars that are electric,Finland,Share of new cars that are electric,2016-12-31,2016,year,2016-01-01,1.2,% nowych aut,annual,observed,https://ourworldindata.org/grapher/electric-car-sales-share.csv,2026-09-28T22:52:31.425Z,{}
ev,ev--electric-car-sales-share-france-share-of-new-cars-that-are-electric,France · Share of new cars that are electric,France,Share of new cars that are electric,2016-12-31,2016,year,2016-01-01,1.4,% nowych aut,annual,observed,https://ourworldindata.org/grapher/electric-car-sales-share.csv,2026-09-28T22:52:31.425Z,{}
ev,ev--electric-car-sales-share-germany-share-of-new-cars-that-are-electric,Germany · Share of new cars that are electric,Germany,Share of new cars that are electric,2016-12-31,2016,year,2016-01-01,0.74,% nowych aut,annual,observed,https://ourworldindata.org/grapher/electric-car-sales-share.csv,2026-09-28T22:52:31.425Z,{}
ev,ev--electric-car-sales-share-greece-share-of-new-cars-that-are-electric,Greece · Share of new cars that are electric,Greece,Share of new cars that are electric,2016-12-31,2016,year,2016-01-01,0.12,% nowych aut,annual,observed,https://ourworldindata.org/grapher/electric-car-sales-share.csv,2026-09-28T22:52:31.425Z,{}
ev,ev--electric-car-sales-share-hungary-share-of-new-cars-that-are-electric,Hungary · Share of new cars that are electric,Hungary,Share of new cars that are electric,2016-12-31,2016,year,2016-01-01,0.36,% nowych aut,annual,observed,https://ourworldindata.org/grapher/electric-car-sales-share.csv,2026-09-28T22:52:31.425Z,{}
ev,ev--electric-car-sales-share-iceland-share-of-new-cars-that-are-electric,Iceland · Share of new cars that are electric,Iceland,Share of new cars that are electric,2016-12-31,2016,year,2016-01-01,6.3,% nowych aut,annual,observed,https://ourworldindata.org/grapher/electric-car-sales-share.csv,2026-09-28T22:52:31.425Z,{}
ev,ev--electric-car-sales-share-india-share-of-new-cars-that-are-electric,India · Share of new cars that are electric,India,Share of new cars that are electric,2016-12-31,2016,year,2016-01-01,0.026,% nowych aut,annual,observed,https://ourworldindata.org/grapher/electric-car-sales-share.csv,2026-09-28T22:52:31.425Z,{}
ev,ev--electric-car-sales-share-ireland-share-of-new-cars-that-are-electric,Ireland · Share of new cars that are electric,Ireland,Share of new cars that are electric,2016-12-31,2016,year,2016-01-01,0.47,% nowych aut,annual,observed,https://ourworldindata.org/grapher/electric-car-sales-share.csv,2026-09-28T22:52:31.425Z,{}
ev,ev--electric-car-sales-share-israel-share-of-new-cars-that-are-electric,Israel · Share of new cars that are electric,Israel,Share of new cars that are electric,2016-12-31,2016,year,2016-01-01,0.022,% nowych aut,annual,observed,https://ourworldindata.org/grapher/electric-car-sales-share.csv,2026-09-28T22:52:31.425Z,{}
ev,ev--electric-car-sales-share-italy-share-of-new-cars-that-are-electric,Italy · Share of new cars that are electric,Italy,Share of new cars that are electric,2016-12-31,2016,year,2016-01-01,0.15,% nowych aut,annual,observed,https://ourworldindata.org/grapher/electric-car-sales-share.csv,2026-09-28T22:52:31.425Z,{}
ev,ev--electric-car-sales-share-japan-share-of-new-cars-that-are-electric,Japan · Share of new cars that are electric,Japan,Share of new cars that are electric,2016-12-31,2016,year,2016-01-01,0.6,% nowych aut,annual,observed,https://ourworldindata.org/grapher/electric-car-sales-share.csv,2026-09-28T22:52:31.425Z,{}
ev,ev--electric-car-sales-share-latvia-share-of-new-cars-that-are-electric,Latvia · Share of new cars that are electric,Latvia,Share of new cars that are electric,2016-12-31,2016,year,2016-01-01,0.24,% nowych aut,annual,observed,https://ourworldindata.org/grapher/electric-car-sales-share.csv,2026-09-28T22:52:31.425Z,{}
ev,ev--electric-car-sales-share-lithuania-share-of-new-cars-that-are-electric,Lithuania · Share of new cars that are electric,Lithuania,Share of new cars that are electric,2016-12-31,2016,year,2016-01-01,0.32,% nowych aut,annual,observed,https://ourworldindata.org/grapher/electric-car-sales-share.csv,2026-09-28T22:52:31.425Z,{}
ev,ev--electric-car-sales-share-malaysia-share-of-new-cars-that-are-electric,Malaysia · Share of new cars that are electric,Malaysia,Share of new cars that are electric,2016-12-31,2016,year,2016-01-01,0.021,% nowych aut,annual,observed,https://ourworldindata.org/grapher/electric-car-sales-share.csv,2026-09-28T22:52:31.425Z,{}
ev,ev--electric-car-sales-share-mexico-share-of-new-cars-that-are-electric,Mexico · Share of new cars that are electric,Mexico,Share of new cars that are electric,2016-12-31,2016,year,2016-01-01,0.056,% nowych aut,annual,observed,https://ourworldindata.org/grapher/electric-car-sales-share.csv,2026-09-28T22:52:31.425Z,{}
ev,ev--electric-car-sales-share-netherlands-share-of-new-cars-that-are-electric,Netherlands · Share of new cars that are electric,Netherlands,Share of new cars that are electric,2016-12-31,2016,year,2016-01-01,11.0,% nowych aut,annual,observed,https://ourworldindata.org/grapher/electric-car-sales-share.csv,2026-09-28T22:52:31.425Z,{}
ev,ev--electric-car-sales-share-new-zealand-share-of-new-cars-that-are-electric,New Zealand · Share of new cars that are electric,New Zealand,Share of new cars that are electric,2016-12-31,2016,year,2016-01-01,1.7,% nowych aut,annual,observed,https://ourworldindata.org/grapher/electric-car-sales-share.csv,2026-09-28T22:52:31.425Z,{}
ev,ev--electric-car-sales-share-norway-share-of-new-cars-that-are-electric,Norway · Share of new cars that are electric,Norway,Share of new cars that are electric,2016-12-31,2016,year,2016-01-01,29.0,% nowych aut,annual,observed,https://ourworldindata.org/grapher/electric-car-sales-share.csv,2026-09-28T22:52:31.425Z,{}
ev,ev--electric-car-sales-share-poland-share-of-new-cars-that-are-electric,Poland · Share of new cars that are electric,Poland,Share of new cars that are electric,2016-12-31,2016,year,2016-01-01,0.12,% nowych aut,annual,observed,https://ourworldindata.org/grapher/electric-car-sales-share.csv,2026-09-28T22:52:31.425Z,{}
ev,ev--electric-car-sales-share-portugal-share-of-new-cars-that-are-electric,Portugal · Share of new cars that are electric,Portugal,Share of new cars that are electric,2016-12-31,2016,year,2016-01-01,0.87,% nowych aut,annual,observed,https://ourworldindata.org/grapher/electric-car-sales-share.csv,2026-09-28T22:52:31.425Z,{}
ev,ev--electric-car-sales-share-rest-of-world-share-of-new-cars-that-are-electric,Rest of World · Share of new cars that are electric,Rest of World,Share of new cars that are electric,2016-12-31,2016,year,2016-01-01,0.04961722,% nowych aut,annual,observed,https://ourworldindata.org/grapher/electric-car-sales-share.csv,2026-09-28T22:52:31.425Z,{}
ev,ev--electric-car-sales-share-romania-share-of-new-cars-that-are-electric,Romania · Share of new cars that are electric,Romania,Share of new cars that are electric,2016-12-31,2016,year,2016-01-01,0.08,% nowych aut,annual,observed,https://ourworldindata.org/grapher/electric-car-sales-share.csv,2026-09-28T22:52:31.425Z,{}
ev,ev--electric-car-sales-share-russia-share-of-new-cars-that-are-electric,Russia · Share of new cars that are electric,Russia,Share of new cars that are electric,2016-12-31,2016,year,2016-01-01,0.026,% nowych aut,annual,observed,https://ourworldindata.org/grapher/electric-car-sales-share.csv,2026-09-28T22:52:31.425Z,{}
ev,ev--electric-car-sales-share-seychelles-share-of-new-cars-that-are-electric,Seychelles · Share of new cars that are electric,Seychelles,Share of new cars that are electric,2016-12-31,2016,year,2016-01-01,0.63,% nowych aut,annual,observed,https://ourworldindata.org/grapher/electric-car-sales-share.csv,2026-09-28T22:52:31.425Z,{}
ev,ev--electric-car-sales-share-singapore-share-of-new-cars-that-are-electric,Singapore · Share of new cars that are electric,Singapore,Share of new cars that are electric,2016-12-31,2016,year,2016-01-01,0.0023,% nowych aut,annual,observed,https://ourworldindata.org/grapher/electric-car-sales-share.csv,2026-09-28T22:52:31.425Z,{}
ev,ev--electric-car-sales-share-slovakia-share-of-new-cars-that-are-electric,Slovakia · Share of new cars that are electric,Slovakia,Share of new cars that are electric,2016-12-31,2016,year,2016-01-01,0.07,% nowych aut,annual,observed,https://ourworldindata.org/grapher/electric-car-sales-share.csv,2026-09-28T22:52:31.425Z,{}
ev,ev--electric-car-sales-share-slovenia-share-of-new-cars-that-are-electric,Slovenia · Share of new cars that are electric,Slovenia,Share of new cars that are electric,2016-12-31,2016,year,2016-01-01,0.32,% nowych aut,annual,observed,https://ourworldindata.org/grapher/electric-car-sales-share.csv,2026-09-28T22:52:31.425Z,{}
ev,ev--electric-car-sales-share-south-africa-share-of-new-cars-that-are-electric,South Africa · Share of new cars that are electric,South Africa,Share of new cars that are electric,2016-12-31,2016,year,2016-01-01,0.1,% nowych aut,annual,observed,https://ourworldindata.org/grapher/electric-car-sales-share.csv,2026-09-28T22:52:31.425Z,{}
ev,ev--electric-car-sales-share-south-korea-share-of-new-cars-that-are-electric,South Korea · Share of new cars that are electric,South Korea,Share of new cars that are electric,2016-12-31,2016,year,2016-01-01,0.33,% nowych aut,annual,observed,https://ourworldindata.org/grapher/electric-car-sales-share.csv,2026-09-28T22:52:31.425Z,{}
ev,ev--electric-car-sales-share-spain-share-of-new-cars-that-are-electric,Spain · Share of new cars that are electric,Spain,Share of new cars that are electric,2016-12-31,2016,year,2016-01-01,0.29,% nowych aut,annual,observed,https://ourworldindata.org/grapher/electric-car-sales-share.csv,2026-09-28T22:52:31.425Z,{}
ev,ev--electric-car-sales-share-sweden-share-of-new-cars-that-are-electric,Sweden · Share of new cars that are electric,Sweden,Share of new cars that are electric,2016-12-31,2016,year,2016-01-01,3.4,% nowych aut,annual,observed,https://ourworldindata.org/grapher/electric-car-sales-share.csv,2026-09-28T22:52:31.425Z,{}
ev,ev--electric-car-sales-share-switzerland-share-of-new-cars-that-are-electric,Switzerland · Share of new cars that are electric,Switzerland,Share of new cars that are electric,2016-12-31,2016,year,2016-01-01,1.9,% nowych aut,annual,observed,https://ourworldindata.org/grapher/electric-car-sales-share.csv,2026-09-28T22:52:31.425Z,{}
ev,ev--electric-car-sales-share-thailand-share-of-new-cars-that-are-electric,Thailand · Share of new cars that are electric,Thailand,Share of new cars that are electric,2016-12-31,2016,year,2016-01-01,0.0048,% nowych aut,annual,observed,https://ourworldindata.org/grapher/electric-car-sales-share.csv,2026-09-28T22:52:31.425Z,{}
ev,ev--electric-car-sales-share-turkey-share-of-new-cars-that-are-electric,Turkey · Share of new cars that are electric,Turkey,Share of new cars that are electric,2016-12-31,2016,year,2016-01-01,0.017,% nowych aut,annual,observed,https://ourworldindata.org/grapher/electric-car-sales-share.csv,2026-09-28T22:52:31.425Z,{}
ev,ev--electric-car-sales-share-united-arab-emirates-share-of-new-cars-that-are-electric,United Arab Emirates · Share of new cars that are electric,United Arab Emirates,Share of new cars that are electric,2016-12-31,2016,year,2016-01-01,0.013,% nowych aut,annual,observed,https://ourworldindata.org/grapher/electric-car-sales-share.csv,2026-09-28T22:52:31.425Z,{}
ev,ev--electric-car-sales-share-united-kingdom-share-of-new-cars-that-are-electric,United Kingdom · Share of new cars that are electric,United Kingdom,Share of new cars that are electric,2016-12-31,2016,year,2016-01-01,1.4,% nowych aut,annual,observed,https://ourworldindata.org/grapher/electric-car-sales-share.csv,2026-09-28T22:52:31.425Z,{}
ev,ev--electric-car-sales-share-united-states-share-of-new-cars-that-are-electric,United States · Share of new cars that are electric,United States,Share of new cars that are electric,2016-12-31,2016,year,2016-01-01,0.99,% nowych aut,annual,observed,https://ourworldindata.org/grapher/electric-car-sales-share.csv,2026-09-28T22:52:31.425Z,{}
ev,ev--electric-car-sales-share-world-share-of-new-cars-that-are-electric,Share of new cars that are electric,World,Share of new cars that are electric,2016-12-31,2016,year,2016-01-01,0.95,% nowych aut,annual,observed,https://ourworldindata.org/grapher/electric-car-sales-share.csv,2026-09-28T22:52:31.425Z,{}
ev,ev--electric-car-sales-share-australia-share-of-new-cars-that-are-electric,Australia · Share of new cars that are electric,Australia,Share of new cars that are electric,2017-12-31,2017,year,2017-01-01,0.25,% nowych aut,annual,observed,https://ourworldindata.org/grapher/electric-car-sales-share.csv,2026-09-28T22:52:31.425Z,{}
ev,ev--electric-car-sales-share-austria-share-of-new-cars-that-are-electric,Austria · Share of new cars that are electric,Austria,Share of new cars that are electric,2017-12-31,2017,year,2017-01-01,2.0,% nowych aut,annual,observed,https://ourworldindata.org/grapher/electric-car-sales-share.csv,2026-09-28T22:52:31.425Z,{}
ev,ev--electric-car-sales-share-belgium-share-of-new-cars-that-are-electric,Belgium · Share of new cars that are electric,Belgium,Share of new cars that are electric,2017-12-31,2017,year,2017-01-01,2.6,% nowych aut,annual,observed,https://ourworldindata.org/grapher/electric-car-sales-share.csv,2026-09-28T22:52:31.425Z,{}
ev,ev--electric-car-sales-share-brazil-share-of-new-cars-that-are-electric,Brazil · Share of new cars that are electric,Brazil,Share of new cars that are electric,2017-12-31,2017,year,2017-01-01,0.023,% nowych aut,annual,observed,https://ourworldindata.org/grapher/electric-car-sales-share.csv,2026-09-28T22:52:31.425Z,{}
ev,ev--electric-car-sales-share-bulgaria-share-of-new-cars-that-are-electric,Bulgaria · Share of new cars that are electric,Bulgaria,Share of new cars that are electric,2017-12-31,2017,year,2017-01-01,0.34,% nowych aut,annual,observed,https://ourworldindata.org/grapher/electric-car-sales-share.csv,2026-09-28T22:52:31.425Z,{}
ev,ev--electric-car-sales-share-canada-share-of-new-cars-that-are-electric,Canada · Share of new cars that are electric,Canada,Share of new cars that are electric,2017-12-31,2017,year,2017-01-01,1.0,% nowych aut,annual,observed,https://ourworldindata.org/grapher/electric-car-sales-share.csv,2026-09-28T22:52:31.425Z,{}
ev,ev--electric-car-sales-share-chile-share-of-new-cars-that-are-electric,Chile · Share of new cars that are electric,Chile,Share of new cars that are electric,2017-12-31,2017,year,2017-01-01,0.064,% nowych aut,annual,observed,https://ourworldindata.org/grapher/electric-car-sales-share.csv,2026-09-28T22:52:31.425Z,{}
ev,ev--electric-car-sales-share-china-share-of-new-cars-that-are-electric,China · Share of new cars that are electric,China,Share of new cars that are electric,2017-12-31,2017,year,2017-01-01,2.4,% nowych aut,annual,observed,https://ourworldindata.org/grapher/electric-car-sales-share.csv,2026-09-28T22:52:31.425Z,{}
ev,ev--electric-car-sales-share-colombia-share-of-new-cars-that-are-electric,Colombia · Share of new cars that are electric,Colombia,Share of new cars that are electric,2017-12-31,2017,year,2017-01-01,0.074,% nowych aut,annual,observed,https://ourworldindata.org/grapher/electric-car-sales-share.csv,2026-09-28T22:52:31.425Z,{}
ev,ev--electric-car-sales-share-costa-rica-share-of-new-cars-that-are-electric,Costa Rica · Share of new cars that are electric,Costa Rica,Share of new cars that are electric,2017-12-31,2017,year,2017-01-01,0.082,% nowych aut,annual,observed,https://ourworldindata.org/grapher/electric-car-sales-share.csv,2026-09-28T22:52:31.425Z,{}
ev,ev--electric-car-sales-share-czechia-share-of-new-cars-that-are-electric,Czechia · Share of new cars that are electric,Czechia,Share of new cars that are electric,2017-12-31,2017,year,2017-01-01,0.14,% nowych aut,annual,observed,https://ourworldindata.org/grapher/electric-car-sales-share.csv,2026-09-28T22:52:31.425Z,{}
ev,ev--electric-car-sales-share-denmark-share-of-new-cars-that-are-electric,Denmark · Share of new cars that are electric,Denmark,Share of new cars that are electric,2017-12-31,2017,year,2017-01-01,0.6,% nowych aut,annual,observed,https://ourworldindata.org/grapher/electric-car-sales-share.csv,2026-09-28T22:52:31.425Z,{}
ev,ev--electric-car-sales-share-estonia-share-of-new-cars-that-are-electric,Estonia · Share of new cars that are electric,Estonia,Share of new cars that are electric,2017-12-31,2017,year,2017-01-01,0.18,% nowych aut,annual,observed,https://ourworldindata.org/grapher/electric-car-sales-share.csv,2026-09-28T22:52:31.425Z,{}
ev,ev--electric-car-sales-share-europe-share-of-new-cars-that-are-electric,Europe · Share of new cars that are electric,Europe,Share of new cars that are electric,2017-12-31,2017,year,2017-01-01,1.8,% nowych aut,annual,observed,https://ourworldindata.org/grapher/electric-car-sales-share.csv,2026-09-28T22:52:31.425Z,{}
ev,ev--electric-car-sales-share-european-union-27-share-of-new-cars-that-are-electric,European Union (27) · Share of new cars that are electric,European Union (27),Share of new cars that are electric,2017-12-31,2017,year,2017-01-01,1.5,% nowych aut,annual,observed,https://ourworldindata.org/grapher/electric-car-sales-share.csv,2026-09-28T22:52:31.425Z,{}
ev,ev--electric-car-sales-share-finland-share-of-new-cars-that-are-electric,Finland · Share of new cars that are electric,Finland,Share of new cars that are electric,2017-12-31,2017,year,2017-01-01,2.6,% nowych aut,annual,observed,https://ourworldindata.org/grapher/electric-car-sales-share.csv,2026-09-28T22:52:31.425Z,{}
ev,ev--electric-car-sales-share-france-share-of-new-cars-that-are-electric,France · Share of new cars that are electric,France,Share of new cars that are electric,2017-12-31,2017,year,2017-01-01,1.7,% nowych aut,annual,observed,https://ourworldindata.org/grapher/electric-car-sales-share.csv,2026-09-28T22:52:31.425Z,{}
ev,ev--electric-car-sales-share-germany-share-of-new-cars-that-are-electric,Germany · Share of new cars that are electric,Germany,Share of new cars that are electric,2017-12-31,2017,year,2017-01-01,1.6,% nowych aut,annual,observed,https://ourworldindata.org/grapher/electric-car-sales-share.csv,2026-09-28T22:52:31.425Z,{}
ev,ev--electric-car-sales-share-greece-share-of-new-cars-that-are-electric,Greece · Share of new cars that are electric,Greece,Share of new cars that are electric,2017-12-31,2017,year,2017-01-01,0.22,% nowych aut,annual,observed,https://ourworldindata.org/grapher/electric-car-sales-share.csv,2026-09-28T22:52:31.425Z,{}
ev,ev--electric-car-sales-share-hungary-share-of-new-cars-that-are-electric,Hungary · Share of new cars that are electric,Hungary,Share of new cars that are electric,2017-12-31,2017,year,2017-01-01,1.0,% nowych aut,annual,observed,https://ourworldindata.org/grapher/electric-car-sales-share.csv,2026-09-28T22:52:31.425Z,{}
ev,ev--electric-car-sales-share-iceland-share-of-new-cars-that-are-electric,Iceland · Share of new cars that are electric,Iceland,Share of new cars that are electric,2017-12-31,2017,year,2017-01-01,14.0,% nowych aut,annual,observed,https://ourworldindata.org/grapher/electric-car-sales-share.csv,2026-09-28T22:52:31.425Z,{}
ev,ev--electric-car-sales-share-india-share-of-new-cars-that-are-electric,India · Share of new cars that are electric,India,Share of new cars that are electric,2017-12-31,2017,year,2017-01-01,0.031,% nowych aut,annual,observed,https://ourworldindata.org/grapher/electric-car-sales-share.csv,2026-09-28T22:52:31.425Z,{}
ev,ev--electric-car-sales-share-indonesia-share-of-new-cars-that-are-electric,Indonesia · Share of new cars that are electric,Indonesia,Share of new cars that are electric,2017-12-31,2017,year,2017-01-01,0.0032,% nowych aut,annual,observed,https://ourworldindata.org/grapher/electric-car-sales-share.csv,2026-09-28T22:52:31.425Z,{}
ev,ev--electric-car-sales-share-ireland-share-of-new-cars-that-are-electric,Ireland · Share of new cars that are electric,Ireland,Share of new cars that are electric,2017-12-31,2017,year,2017-01-01,0.72,% nowych aut,annual,observed,https://ourworldindata.org/grapher/electric-car-sales-share.csv,2026-09-28T22:52:31.425Z,{}
ev,ev--electric-car-sales-share-israel-share-of-new-cars-that-are-electric,Israel · Share of new cars that are electric,Israel,Share of new cars that are electric,2017-12-31,2017,year,2017-01-01,0.52,% nowych aut,annual,observed,https://ourworldindata.org/grapher/electric-car-sales-share.csv,2026-09-28T22:52:31.425Z,{}
ev,ev--electric-car-sales-share-italy-share-of-new-cars-that-are-electric,Italy · Share of new cars that are electric,Italy,Share of new cars that are electric,2017-12-31,2017,year,2017-01-01,0.25,% nowych aut,annual,observed,https://ourworldindata.org/grapher/electric-car-sales-share.csv,2026-09-28T22:52:31.425Z,{}
ev,ev--electric-car-sales-share-japan-share-of-new-cars-that-are-electric,Japan · Share of new cars that are electric,Japan,Share of new cars that are electric,2017-12-31,2017,year,2017-01-01,1.2,% nowych aut,annual,observed,https://ourworldindata.org/grapher/electric-car-sales-share.csv,2026-09-28T22:52:31.425Z,{}
ev,ev--electric-car-sales-share-jordan-share-of-new-cars-that-are-electric,Jordan · Share of new cars that are electric,Jordan,Share of new cars that are electric,2017-12-31,2017,year,2017-01-01,1.7,% nowych aut,annual,observed,https://ourworldindata.org/grapher/electric-car-sales-share.csv,2026-09-28T22:52:31.425Z,{}
ev,ev--electric-car-sales-share-latvia-share-of-new-cars-that-are-electric,Latvia · Share of new cars that are electric,Latvia,Share of new cars that are electric,2017-12-31,2017,year,2017-01-01,0.24,% nowych aut,annual,observed,https://ourworldindata.org/grapher/electric-car-sales-share.csv,2026-09-28T22:52:31.425Z,{}
ev,ev--electric-car-sales-share-lithuania-share-of-new-cars-that-are-electric,Lithuania · Share of new cars that are electric,Lithuania,Share of new cars that are electric,2017-12-31,2017,year,2017-01-01,0.2,% nowych aut,annual,observed,https://ourworldindata.org/grapher/electric-car-sales-share.csv,2026-09-28T22:52:31.425Z,{}
ev,ev--electric-car-sales-share-malaysia-share-of-new-cars-that-are-electric,Malaysia · Share of new cars that are electric,Malaysia,Share of new cars that are electric,2017-12-31,2017,year,2017-01-01,1.6,% nowych aut,annual,observed,https://ourworldindata.org/grapher/electric-car-sales-share.csv,2026-09-28T22:52:31.425Z,{}
ev,ev--electric-car-sales-share-mexico-share-of-new-cars-that-are-electric,Mexico · Share of new cars that are electric,Mexico,Share of new cars that are electric,2017-12-31,2017,year,2017-01-01,0.091,% nowych aut,annual,observed,https://ourworldindata.org/grapher/electric-car-sales-share.csv,2026-09-28T22:52:31.425Z,{}
ev,ev--electric-car-sales-share-netherlands-share-of-new-cars-that-are-electric,Netherlands · Share of new cars that are electric,Netherlands,Share of new cars that are electric,2017-12-31,2017,year,2017-01-01,6.4,% nowych aut,annual,observed,https://ourworldindata.org/grapher/electric-car-sales-share.csv,2026-09-28T22:52:31.425Z,{}
ev,ev--electric-car-sales-share-new-zealand-share-of-new-cars-that-are-electric,New Zealand · Share of new cars that are electric,New Zealand,Share of new cars that are electric,2017-12-31,2017,year,2017-01-01,3.4,% nowych aut,annual,observed,https://ourworldindata.org/grapher/electric-car-sales-share.csv,2026-09-28T22:52:31.425Z,{}
ev,ev--electric-car-sales-share-norway-share-of-new-cars-that-are-electric,Norway · Share of new cars that are electric,Norway,Share of new cars that are electric,2017-12-31,2017,year,2017-01-01,39.0,% nowych aut,annual,observed,https://ourworldindata.org/grapher/electric-car-sales-share.csv,2026-09-28T22:52:31.425Z,{}
ev,ev--electric-car-sales-share-philippines-share-of-new-cars-that-are-electric,Philippines · Share of new cars that are electric,Philippines,Share of new cars that are electric,2017-12-31,2017,year,2017-01-01,0.0057,% nowych aut,annual,observed,https://ourworldindata.org/grapher/electric-car-sales-share.csv,2026-09-28T22:52:31.425Z,{}
ev,ev--electric-car-sales-share-poland-share-of-new-cars-that-are-electric,Poland · Share of new cars that are electric,Poland,Share of new cars that are electric,2017-12-31,2017,year,2017-01-01,0.22,% nowych aut,annual,observed,https://ourworldindata.org/grapher/electric-car-sales-share.csv,2026-09-28T22:52:31.425Z,{}
ev,ev--electric-car-sales-share-portugal-share-of-new-cars-that-are-electric,Portugal · Share of new cars that are electric,Portugal,Share of new cars that are electric,2017-12-31,2017,year,2017-01-01,1.9,% nowych aut,annual,observed,https://ourworldindata.org/grapher/electric-car-sales-share.csv,2026-09-28T22:52:31.425Z,{}
ev,ev--electric-car-sales-share-rest-of-world-share-of-new-cars-that-are-electric,Rest of World · Share of new cars that are electric,Rest of World,Share of new cars that are electric,2017-12-31,2017,year,2017-01-01,0.1180452,% nowych aut,annual,observed,https://ourworldindata.org/grapher/electric-car-sales-share.csv,2026-09-28T22:52:31.425Z,{}
ev,ev--electric-car-sales-share-romania-share-of-new-cars-that-are-electric,Romania · Share of new cars that are electric,Romania,Share of new cars that are electric,2017-12-31,2017,year,2017-01-01,0.18,% nowych aut,annual,observed,https://ourworldindata.org/grapher/electric-car-sales-share.csv,2026-09-28T22:52:31.425Z,{}
ev,ev--electric-car-sales-share-russia-share-of-new-cars-that-are-electric,Russia · Share of new cars that are electric,Russia,Share of new cars that are electric,2017-12-31,2017,year,2017-01-01,0.0093,% nowych aut,annual,observed,https://ourworldindata.org/grapher/electric-car-sales-share.csv,2026-09-28T22:52:31.425Z,{}
ev,ev--electric-car-sales-share-seychelles-share-of-new-cars-that-are-electric,Seychelles · Share of new cars that are electric,Seychelles,Share of new cars that are electric,2017-12-31,2017,year,2017-01-01,2.0,% nowych aut,annual,observed,https://ourworldindata.org/grapher/electric-car-sales-share.csv,2026-09-28T22:52:31.425Z,{}
ev,ev--electric-car-sales-share-singapore-share-of-new-cars-that-are-electric,Singapore · Share of new cars that are electric,Singapore,Share of new cars that are electric,2017-12-31,2017,year,2017-01-01,0.78,% nowych aut,annual,observed,https://ourworldindata.org/grapher/electric-car-sales-share.csv,2026-09-28T22:52:31.425Z,{}
ev,ev--electric-car-sales-share-slovakia-share-of-new-cars-that-are-electric,Slovakia · Share of new cars that are electric,Slovakia,Share of new cars that are electric,2017-12-31,2017,year,2017-01-01,0.22,% nowych aut,annual,observed,https://ourworldindata.org/grapher/electric-car-sales-share.csv,2026-09-28T22:52:31.425Z,{}
ev,ev--electric-car-sales-share-slovenia-share-of-new-cars-that-are-electric,Slovenia · Share of new cars that are electric,Slovenia,Share of new cars that are electric,2017-12-31,2017,year,2017-01-01,0.64,% nowych aut,annual,observed,https://ourworldindata.org/grapher/electric-car-sales-share.csv,2026-09-28T22:52:31.425Z,{}
ev,ev--electric-car-sales-share-south-africa-share-of-new-cars-that-are-electric,South Africa · Share of new cars that are electric,South Africa,Share of new cars that are electric,2017-12-31,2017,year,2017-01-01,0.053,% nowych aut,annual,observed,https://ourworldindata.org/grapher/electric-car-sales-share.csv,2026-09-28T22:52:31.425Z,{}
ev,ev--electric-car-sales-share-south-korea-share-of-new-cars-that-are-electric,South Korea · Share of new cars that are electric,South Korea,Share of new cars that are electric,2017-12-31,2017,year,2017-01-01,0.96,% nowych aut,annual,observed,https://ourworldindata.org/grapher/electric-car-sales-share.csv,2026-09-28T22:52:31.425Z,{}
ev,ev--electric-car-sales-share-spain-share-of-new-cars-that-are-electric,Spain · Share of new cars that are electric,Spain,Share of new cars that are electric,2017-12-31,2017,year,2017-01-01,0.56,% nowych aut,annual,observed,https://ourworldindata.org/grapher/electric-car-sales-share.csv,2026-09-28T22:52:31.425Z,{}
ev,ev--electric-car-sales-share-sweden-share-of-new-cars-that-are-electric,Sweden · Share of new cars that are electric,Sweden,Share of new cars that are electric,2017-12-31,2017,year,2017-01-01,5.1,% nowych aut,annual,observed,https://ourworldindata.org/grapher/electric-car-sales-share.csv,2026-09-28T22:52:31.425Z,{}
ev,ev--electric-car-sales-share-switzerland-share-of-new-cars-that-are-electric,Switzerland · Share of new cars that are electric,Switzerland,Share of new cars that are electric,2017-12-31,2017,year,2017-01-01,2.7,% nowych aut,annual,observed,https://ourworldindata.org/grapher/electric-car-sales-share.csv,2026-09-28T22:52:31.425Z,{}
ev,ev--electric-car-sales-share-thailand-share-of-new-cars-that-are-electric,Thailand · Share of new cars that are electric,Thailand,Share of new cars that are electric,2017-12-31,2017,year,2017-01-01,0.018,% nowych aut,annual,observed,https://ourworldindata.org/grapher/electric-car-sales-share.csv,2026-09-28T22:52:31.425Z,{}
ev,ev--electric-car-sales-share-turkey-share-of-new-cars-that-are-electric,Turkey · Share of new cars that are electric,Turkey,Share of new cars that are electric,2017-12-31,2017,year,2017-01-01,0.015,% nowych aut,annual,observed,https://ourworldindata.org/grapher/electric-car-sales-share.csv,2026-09-28T22:52:31.425Z,{}
ev,ev--electric-car-sales-share-united-arab-emirates-share-of-new-cars-that-are-electric,United Arab Emirates · Share of new cars that are electric,United Arab Emirates,Share of new cars that are electric,2017-12-31,2017,year,2017-01-01,0.18,% nowych aut,annual,observed,https://ourworldindata.org/grapher/electric-car-sales-share.csv,2026-09-28T22:52:31.425Z,{}
ev,ev--electric-car-sales-share-united-kingdom-share-of-new-cars-that-are-electric,United Kingdom · Share of new cars that are electric,United Kingdom,Share of new cars that are electric,2017-12-31,2017,year,2017-01-01,1.9,% nowych aut,annual,observed,https://ourworldindata.org/grapher/electric-car-sales-share.csv,2026-09-28T22:52:31.425Z,{}
ev,ev--electric-car-sales-share-united-states-share-of-new-cars-that-are-electric,United States · Share of new cars that are electric,United States,Share of new cars that are electric,2017-12-31,2017,year,2017-01-01,1.3,% nowych aut,annual,observed,https://ourworldindata.org/grapher/electric-car-sales-share.csv,2026-09-28T22:52:31.425Z,{}
ev,ev--electric-car-sales-share-world-share-of-new-cars-that-are-electric,Share of new cars that are electric,World,Share of new cars that are electric,2017-12-31,2017,year,2017-01-01,1.4,% nowych aut,annual,observed,https://ourworldindata.org/grapher/electric-car-sales-share.csv,2026-09-28T22:52:31.425Z,{}
ev,ev--electric-car-sales-share-australia-share-of-new-cars-that-are-electric,Australia · Share of new cars that are electric,Australia,Share of new cars that are electric,2018-12-31,2018,year,2018-01-01,0.42,% nowych aut,annual,observed,https://ourworldindata.org/grapher/electric-car-sales-share.csv,2026-09-28T22:52:31.425Z,{}
ev,ev--electric-car-sales-share-austria-share-of-new-cars-that-are-electric,Austria · Share of new cars that are electric,Austria,Share of new cars that are electric,2018-12-31,2018,year,2018-01-01,2.6,% nowych aut,annual,observed,https://ourworldindata.org/grapher/electric-car-sales-share.csv,2026-09-28T22:52:31.425Z,{}
ev,ev--electric-car-sales-share-belgium-share-of-new-cars-that-are-electric,Belgium · Share of new cars that are electric,Belgium,Share of new cars that are electric,2018-12-31,2018,year,2018-01-01,2.4,% nowych aut,annual,observed,https://ourworldindata.org/grapher/electric-car-sales-share.csv,2026-09-28T22:52:31.425Z,{}
ev,ev--electric-car-sales-share-brazil-share-of-new-cars-that-are-electric,Brazil · Share of new cars that are electric,Brazil,Share of new cars that are electric,2018-12-31,2018,year,2018-01-01,0.02,% nowych aut,annual,observed,https://ourworldindata.org/grapher/electric-car-sales-share.csv,2026-09-28T22:52:31.425Z,{}
ev,ev--electric-car-sales-share-bulgaria-share-of-new-cars-that-are-electric,Bulgaria · Share of new cars that are electric,Bulgaria,Share of new cars that are electric,2018-12-31,2018,year,2018-01-01,0.64,% nowych aut,annual,observed,https://ourworldindata.org/grapher/electric-car-sales-share.csv,2026-09-28T22:52:31.425Z,{}
ev,ev--electric-car-sales-share-canada-share-of-new-cars-that-are-electric,Canada · Share of new cars that are electric,Canada,Share of new cars that are electric,2018-12-31,2018,year,2018-01-01,2.8,% nowych aut,annual,observed,https://ourworldindata.org/grapher/electric-car-sales-share.csv,2026-09-28T22:52:31.425Z,{}
ev,ev--electric-car-sales-share-chile-share-of-new-cars-that-are-electric,Chile · Share of new cars that are electric,Chile,Share of new cars that are electric,2018-12-31,2018,year,2018-01-01,0.08,% nowych aut,annual,observed,https://ourworldindata.org/grapher/electric-car-sales-share.csv,2026-09-28T22:52:31.425Z,{}
ev,ev--electric-car-sales-share-china-share-of-new-cars-that-are-electric,China · Share of new cars that are electric,China,Share of new cars that are electric,2018-12-31,2018,year,2018-01-01,4.7,% nowych aut,annual,observed,https://ourworldindata.org/grapher/electric-car-sales-share.csv,2026-09-28T22:52:31.425Z,{}
ev,ev--electric-car-sales-share-colombia-share-of-new-cars-that-are-electric,Colombia · Share of new cars that are electric,Colombia,Share of new cars that are electric,2018-12-31,2018,year,2018-01-01,0.26,% nowych aut,annual,observed,https://ourworldindata.org/grapher/electric-car-sales-share.csv,2026-09-28T22:52:31.425Z,{}
ev,ev--electric-car-sales-share-costa-rica-share-of-new-cars-that-are-electric,Costa Rica · Share of new cars that are electric,Costa Rica,Share of new cars that are electric,2018-12-31,2018,year,2018-01-01,0.84,% nowych aut,annual,observed,https://ourworldindata.org/grapher/electric-car-sales-share.csv,2026-09-28T22:52:31.425Z,{}
ev,ev--electric-car-sales-share-czechia-share-of-new-cars-that-are-electric,Czechia · Share of new cars that are electric,Czechia,Share of new cars that are electric,2018-12-31,2018,year,2018-01-01,0.38,% nowych aut,annual,observed,https://ourworldindata.org/grapher/electric-car-sales-share.csv,2026-09-28T22:52:31.425Z,{}
ev,ev--electric-car-sales-share-denmark-share-of-new-cars-that-are-electric,Denmark · Share of new cars that are electric,Denmark,Share of new cars that are electric,2018-12-31,2018,year,2018-01-01,2.1,% nowych aut,annual,observed,https://ourworldindata.org/grapher/electric-car-sales-share.csv,2026-09-28T22:52:31.425Z,{}
ev,ev--electric-car-sales-share-estonia-share-of-new-cars-that-are-electric,Estonia · Share of new cars that are electric,Estonia,Share of new cars that are electric,2018-12-31,2018,year,2018-01-01,0.46,% nowych aut,annual,observed,https://ourworldindata.org/grapher/electric-car-sales-share.csv,2026-09-28T22:52:31.425Z,{}
ev,ev--electric-car-sales-share-europe-share-of-new-cars-that-are-electric,Europe · Share of new cars that are electric,Europe,Share of new cars that are electric,2018-12-31,2018,year,2018-01-01,2.3,% nowych aut,annual,observed,https://ourworldindata.org/grapher/electric-car-sales-share.csv,2026-09-28T22:52:31.425Z,{}
ev,ev--electric-car-sales-share-european-union-27-share-of-new-cars-that-are-electric,European Union (27) · Share of new cars that are electric,European Union (27),Share of new cars that are electric,2018-12-31,2018,year,2018-01-01,1.9,% nowych aut,annual,observed,https://ourworldindata.org/grapher/electric-car-sales-share.csv,2026-09-28T22:52:31.425Z,{}
ev,ev--electric-car-sales-share-finland-share-of-new-cars-that-are-electric,Finland · Share of new cars that are electric,Finland,Share of new cars that are electric,2018-12-31,2018,year,2018-01-01,4.7,% nowych aut,annual,observed,https://ourworldindata.org/grapher/electric-car-sales-share.csv,2026-09-28T22:52:31.425Z,{}
ev,ev--electric-car-sales-share-france-share-of-new-cars-that-are-electric,France · Share of new cars that are electric,France,Share of new cars that are electric,2018-12-31,2018,year,2018-01-01,2.0,% nowych aut,annual,observed,https://ourworldindata.org/grapher/electric-car-sales-share.csv,2026-09-28T22:52:31.425Z,{}
ev,ev--electric-car-sales-share-germany-share-of-new-cars-that-are-electric,Germany · Share of new cars that are electric,Germany,Share of new cars that are electric,2018-12-31,2018,year,2018-01-01,2.0,% nowych aut,annual,observed,https://ourworldindata.org/grapher/electric-car-sales-share.csv,2026-09-28T22:52:31.425Z,{}
ev,ev--electric-car-sales-share-greece-share-of-new-cars-that-are-electric,Greece · Share of new cars that are electric,Greece,Share of new cars that are electric,2018-12-31,2018,year,2018-01-01,0.29,% nowych aut,annual,observed,https://ourworldindata.org/grapher/electric-car-sales-share.csv,2026-09-28T22:52:31.425Z,{}
ev,ev--electric-car-sales-share-hungary-share-of-new-cars-that-are-electric,Hungary · Share of new cars that are electric,Hungary,Share of new cars that are electric,2018-12-31,2018,year,2018-01-01,1.5,% nowych aut,annual,observed,https://ourworldindata.org/grapher/electric-car-sales-share.csv,2026-09-28T22:52:31.425Z,{}
ev,ev--electric-car-sales-share-iceland-share-of-new-cars-that-are-electric,Iceland · Share of new cars that are electric,Iceland,Share of new cars that are electric,2018-12-31,2018,year,2018-01-01,20.0,% nowych aut,annual,observed,https://ourworldindata.org/grapher/electric-car-sales-share.csv,2026-09-28T22:52:31.425Z,{}
ev,ev--electric-car-sales-share-india-share-of-new-cars-that-are-electric,India · Share of new cars that are electric,India,Share of new cars that are electric,2018-12-31,2018,year,2018-01-01,0.03,% nowych aut,annual,observed,https://ourworldindata.org/grapher/electric-car-sales-share.csv,2026-09-28T22:52:31.425Z,{}
ev,ev--electric-car-sales-share-indonesia-share-of-new-cars-that-are-electric,Indonesia · Share of new cars that are electric,Indonesia,Share of new cars that are electric,2018-12-31,2018,year,2018-01-01,0.00023,% nowych aut,annual,observed,https://ourworldindata.org/grapher/electric-car-sales-share.csv,2026-09-28T22:52:31.425Z,{}
ev,ev--electric-car-sales-share-ireland-share-of-new-cars-that-are-electric,Ireland · Share of new cars that are electric,Ireland,Share of new cars that are electric,2018-12-31,2018,year,2018-01-01,1.6,% nowych aut,annual,observed,https://ourworldindata.org/grapher/electric-car-sales-share.csv,2026-09-28T22:52:31.425Z,{}
ev,ev--electric-car-sales-share-israel-share-of-new-cars-that-are-electric,Israel · Share of new cars that are electric,Israel,Share of new cars that are electric,2018-12-31,2018,year,2018-01-01,1.2,% nowych aut,annual,observed,https://ourworldindata.org/grapher/electric-car-sales-share.csv,2026-09-28T22:52:31.425Z,{}
ev,ev--electric-car-sales-share-italy-share-of-new-cars-that-are-electric,Italy · Share of new cars that are electric,Italy,Share of new cars that are electric,2018-12-31,2018,year,2018-01-01,0.5,% nowych aut,annual,observed,https://ourworldindata.org/grapher/electric-car-sales-share.csv,2026-09-28T22:52:31.425Z,{}
ev,ev--electric-car-sales-share-japan-share-of-new-cars-that-are-electric,Japan · Share of new cars that are electric,Japan,Share of new cars that are electric,2018-12-31,2018,year,2018-01-01,1.1,% nowych aut,annual,observed,https://ourworldindata.org/grapher/electric-car-sales-share.csv,2026-09-28T22:52:31.425Z,{}
ev,ev--electric-car-sales-share-jordan-share-of-new-cars-that-are-electric,Jordan · Share of new cars that are electric,Jordan,Share of new cars that are electric,2018-12-31,2018,year,2018-01-01,1.4,% nowych aut,annual,observed,https://ourworldindata.org/grapher/electric-car-sales-share.csv,2026-09-28T22:52:31.425Z,{}
ev,ev--electric-car-sales-share-latvia-share-of-new-cars-that-are-electric,Latvia · Share of new cars that are electric,Latvia,Share of new cars that are electric,2018-12-31,2018,year,2018-01-01,0.53,% nowych aut,annual,observed,https://ourworldindata.org/grapher/electric-car-sales-share.csv,2026-09-28T22:52:31.425Z,{}
ev,ev--electric-car-sales-share-malaysia-share-of-new-cars-that-are-electric,Malaysia · Share of new cars that are electric,Malaysia,Share of new cars that are electric,2018-12-31,2018,year,2018-01-01,1.5,% nowych aut,annual,observed,https://ourworldindata.org/grapher/electric-car-sales-share.csv,2026-09-28T22:52:31.425Z,{}
ev,ev--electric-car-sales-share-mexico-share-of-new-cars-that-are-electric,Mexico · Share of new cars that are electric,Mexico,Share of new cars that are electric,2018-12-31,2018,year,2018-01-01,0.15,% nowych aut,annual,observed,https://ourworldindata.org/grapher/electric-car-sales-share.csv,2026-09-28T22:52:31.425Z,{}
ev,ev--electric-car-sales-share-netherlands-share-of-new-cars-that-are-electric,Netherlands · Share of new cars that are electric,Netherlands,Share of new cars that are electric,2018-12-31,2018,year,2018-01-01,6.2,% nowych aut,annual,observed,https://ourworldindata.org/grapher/electric-car-sales-share.csv,2026-09-28T22:52:31.425Z,{}
ev,ev--electric-car-sales-share-new-zealand-share-of-new-cars-that-are-electric,New Zealand · Share of new cars that are electric,New Zealand,Share of new cars that are electric,2018-12-31,2018,year,2018-01-01,5.0,% nowych aut,annual,observed,https://ourworldindata.org/grapher/electric-car-sales-share.csv,2026-09-28T22:52:31.425Z,{}
ev,ev--electric-car-sales-share-norway-share-of-new-cars-that-are-electric,Norway · Share of new cars that are electric,Norway,Share of new cars that are electric,2018-12-31,2018,year,2018-01-01,49.0,% nowych aut,annual,observed,https://ourworldindata.org/grapher/electric-car-sales-share.csv,2026-09-28T22:52:31.425Z,{}
ev,ev--electric-car-sales-share-philippines-share-of-new-cars-that-are-electric,Philippines · Share of new cars that are electric,Philippines,Share of new cars that are electric,2018-12-31,2018,year,2018-01-01,0.0016,% nowych aut,annual,observed,https://ourworldindata.org/grapher/electric-car-sales-share.csv,2026-09-28T22:52:31.425Z,{}
ev,ev--electric-car-sales-share-poland-share-of-new-cars-that-are-electric,Poland · Share of new cars that are electric,Poland,Share of new cars that are electric,2018-12-31,2018,year,2018-01-01,0.26,% nowych aut,annual,observed,https://ourworldindata.org/grapher/electric-car-sales-share.csv,2026-09-28T22:52:31.425Z,{}
ev,ev--electric-car-sales-share-portugal-share-of-new-cars-that-are-electric,Portugal · Share of new cars that are electric,Portugal,Share of new cars that are electric,2018-12-31,2018,year,2018-01-01,3.6,% nowych aut,annual,observed,https://ourworldindata.org/grapher/electric-car-sales-share.csv,2026-09-28T22:52:31.425Z,{}
ev,ev--electric-car-sales-share-rest-of-world-share-of-new-cars-that-are-electric,Rest of World · Share of new cars that are electric,Rest of World,Share of new cars that are electric,2018-12-31,2018,year,2018-01-01,0.2644452,% nowych aut,annual,observed,https://ourworldindata.org/grapher/electric-car-sales-share.csv,2026-09-28T22:52:31.425Z,{}
ev,ev--electric-car-sales-share-romania-share-of-new-cars-that-are-electric,Romania · Share of new cars that are electric,Romania,Share of new cars that are electric,2018-12-31,2018,year,2018-01-01,0.46,% nowych aut,annual,observed,https://ourworldindata.org/grapher/electric-car-sales-share.csv,2026-09-28T22:52:31.425Z,{}
ev,ev--electric-car-sales-share-russia-share-of-new-cars-that-are-electric,Russia · Share of new cars that are electric,Russia,Share of new cars that are electric,2018-12-31,2018,year,2018-01-01,0.067,% nowych aut,annual,observed,https://ourworldindata.org/grapher/electric-car-sales-share.csv,2026-09-28T22:52:31.425Z,{}
ev,ev--electric-car-sales-share-seychelles-share-of-new-cars-that-are-electric,Seychelles · Share of new cars that are electric,Seychelles,Share of new cars that are electric,2018-12-31,2018,year,2018-01-01,2.3,% nowych aut,annual,observed,https://ourworldindata.org/grapher/electric-car-sales-share.csv,2026-09-28T22:52:31.425Z,{}
ev,ev--electric-car-sales-share-singapore-share-of-new-cars-that-are-electric,Singapore · Share of new cars that are electric,Singapore,Share of new cars that are electric,2018-12-31,2018,year,2018-01-01,1.2,% nowych aut,annual,observed,https://ourworldindata.org/grapher/electric-car-sales-share.csv,2026-09-28T22:52:31.425Z,{}
ev,ev--electric-car-sales-share-slovakia-share-of-new-cars-that-are-electric,Slovakia · Share of new cars that are electric,Slovakia,Share of new cars that are electric,2018-12-31,2018,year,2018-01-01,0.3,% nowych aut,annual,observed,https://ourworldindata.org/grapher/electric-car-sales-share.csv,2026-09-28T22:52:31.425Z,{}
ev,ev--electric-car-sales-share-slovenia-share-of-new-cars-that-are-electric,Slovenia · Share of new cars that are electric,Slovenia,Share of new cars that are electric,2018-12-31,2018,year,2018-01-01,0.91,% nowych aut,annual,observed,https://ourworldindata.org/grapher/electric-car-sales-share.csv,2026-09-28T22:52:31.425Z,{}
ev,ev--electric-car-sales-share-south-africa-share-of-new-cars-that-are-electric,South Africa · Share of new cars that are electric,South Africa,Share of new cars that are electric,2018-12-31,2018,year,2018-01-01,0.041,% nowych aut,annual,observed,https://ourworldindata.org/grapher/electric-car-sales-share.csv,2026-09-28T22:52:31.425Z,{}
ev,ev--electric-car-sales-share-south-korea-share-of-new-cars-that-are-electric,South Korea · Share of new cars that are electric,South Korea,Share of new cars that are electric,2018-12-31,2018,year,2018-01-01,3.9,% nowych aut,annual,observed,https://ourworldindata.org/grapher/electric-car-sales-share.csv,2026-09-28T22:52:31.425Z,{}
ev,ev--electric-car-sales-share-spain-share-of-new-cars-that-are-electric,Spain · Share of new cars that are electric,Spain,Share of new cars that are electric,2018-12-31,2018,year,2018-01-01,0.81,% nowych aut,annual,observed,https://ourworldindata.org/grapher/electric-car-sales-share.csv,2026-09-28T22:52:31.425Z,{}
ev,ev--electric-car-sales-share-sweden-share-of-new-cars-that-are-electric,Sweden · Share of new cars that are electric,Sweden,Share of new cars that are electric,2018-12-31,2018,year,2018-01-01,7.6,% nowych aut,annual,observed,https://ourworldindata.org/grapher/electric-car-sales-share.csv,2026-09-28T22:52:31.425Z,{}
ev,ev--electric-car-sales-share-switzerland-share-of-new-cars-that-are-electric,Switzerland · Share of new cars that are electric,Switzerland,Share of new cars that are electric,2018-12-31,2018,year,2018-01-01,3.2,% nowych aut,annual,observed,https://ourworldindata.org/grapher/electric-car-sales-share.csv,2026-09-28T22:52:31.425Z,{}
ev,ev--electric-car-sales-share-thailand-share-of-new-cars-that-are-electric,Thailand · Share of new cars that are electric,Thailand,Share of new cars that are electric,2018-12-31,2018,year,2018-01-01,0.87,% nowych aut,annual,observed,https://ourworldindata.org/grapher/electric-car-sales-share.csv,2026-09-28T22:52:31.425Z,{}
ev,ev--electric-car-sales-share-turkey-share-of-new-cars-that-are-electric,Turkey · Share of new cars that are electric,Turkey,Share of new cars that are electric,2018-12-31,2018,year,2018-01-01,0.045,% nowych aut,annual,observed,https://ourworldindata.org/grapher/electric-car-sales-share.csv,2026-09-28T22:52:31.425Z,{}
ev,ev--electric-car-sales-share-united-arab-emirates-share-of-new-cars-that-are-electric,United Arab Emirates · Share of new cars that are electric,United Arab Emirates,Share of new cars that are electric,2018-12-31,2018,year,2018-01-01,0.12,% nowych aut,annual,observed,https://ourworldindata.org/grapher/electric-car-sales-share.csv,2026-09-28T22:52:31.425Z,{}
ev,ev--electric-car-sales-share-united-kingdom-share-of-new-cars-that-are-electric,United Kingdom · Share of new cars that are electric,United Kingdom,Share of new cars that are electric,2018-12-31,2018,year,2018-01-01,2.6,% nowych aut,annual,observed,https://ourworldindata.org/grapher/electric-car-sales-share.csv,2026-09-28T22:52:31.425Z,{}
ev,ev--electric-car-sales-share-united-states-share-of-new-cars-that-are-electric,United States · Share of new cars that are electric,United States,Share of new cars that are electric,2018-12-31,2018,year,2018-01-01,2.3,% nowych aut,annual,observed,https://ourworldindata.org/grapher/electric-car-sales-share.csv,2026-09-28T22:52:31.425Z,{}
ev,ev--electric-car-sales-share-vietnam-share-of-new-cars-that-are-electric,Vietnam · Share of new cars that are electric,Vietnam,Share of new cars that are electric,2018-12-31,2018,year,2018-01-01,0.0016,% nowych aut,annual,observed,https://ourworldindata.org/grapher/electric-car-sales-share.csv,2026-09-28T22:52:31.425Z,{}
ev,ev--electric-car-sales-share-world-share-of-new-cars-that-are-electric,Share of new cars that are electric,World,Share of new cars that are electric,2018-12-31,2018,year,2018-01-01,2.4,% nowych aut,annual,observed,https://ourworldindata.org/grapher/electric-car-sales-share.csv,2026-09-28T22:52:31.425Z,{}
ev,ev--electric-car-sales-share-australia-share-of-new-cars-that-are-electric,Australia · Share of new cars that are electric,Australia,Share of new cars that are electric,2019-12-31,2019,year,2019-01-01,1.2,% nowych aut,annual,observed,https://ourworldindata.org/grapher/electric-car-sales-share.csv,2026-09-28T22:52:31.425Z,{}
ev,ev--electric-car-sales-share-austria-share-of-new-cars-that-are-electric,Austria · Share of new cars that are electric,Austria,Share of new cars that are electric,2019-12-31,2019,year,2019-01-01,3.5,% nowych aut,annual,observed,https://ourworldindata.org/grapher/electric-car-sales-share.csv,2026-09-28T22:52:31.425Z,{}
ev,ev--electric-car-sales-share-belgium-share-of-new-cars-that-are-electric,Belgium · Share of new cars that are electric,Belgium,Share of new cars that are electric,2019-12-31,2019,year,2019-01-01,3.2,% nowych aut,annual,observed,https://ourworldindata.org/grapher/electric-car-sales-share.csv,2026-09-28T22:52:31.425Z,{}
ev,ev--electric-car-sales-share-brazil-share-of-new-cars-that-are-electric,Brazil · Share of new cars that are electric,Brazil,Share of new cars that are electric,2019-12-31,2019,year,2019-01-01,0.084,% nowych aut,annual,observed,https://ourworldindata.org/grapher/electric-car-sales-share.csv,2026-09-28T22:52:31.425Z,{}
ev,ev--electric-car-sales-share-bulgaria-share-of-new-cars-that-are-electric,Bulgaria · Share of new cars that are electric,Bulgaria,Share of new cars that are electric,2019-12-31,2019,year,2019-01-01,0.67,% nowych aut,annual,observed,https://ourworldindata.org/grapher/electric-car-sales-share.csv,2026-09-28T22:52:31.425Z,{}
ev,ev--electric-car-sales-share-canada-share-of-new-cars-that-are-electric,Canada · Share of new cars that are electric,Canada,Share of new cars that are electric,2019-12-31,2019,year,2019-01-01,3.4,% nowych aut,annual,observed,https://ourworldindata.org/grapher/electric-car-sales-share.csv,2026-09-28T22:52:31.425Z,{}
ev,ev--electric-car-sales-share-chile-share-of-new-cars-that-are-electric,Chile · Share of new cars that are electric,Chile,Share of new cars that are electric,2019-12-31,2019,year,2019-01-01,0.14,% nowych aut,annual,observed,https://ourworldindata.org/grapher/electric-car-sales-share.csv,2026-09-28T22:52:31.425Z,{}
ev,ev--electric-car-sales-share-china-share-of-new-cars-that-are-electric,China · Share of new cars that are electric,China,Share of new cars that are electric,2019-12-31,2019,year,2019-01-01,5.0,% nowych aut,annual,observed,https://ourworldindata.org/grapher/electric-car-sales-share.csv,2026-09-28T22:52:31.425Z,{}
ev,ev--electric-car-sales-share-colombia-share-of-new-cars-that-are-electric,Colombia · Share of new cars that are electric,Colombia,Share of new cars that are electric,2019-12-31,2019,year,2019-01-01,0.56,% nowych aut,annual,observed,https://ourworldindata.org/grapher/electric-car-sales-share.csv,2026-09-28T22:52:31.425Z,{}
ev,ev--electric-car-sales-share-costa-rica-share-of-new-cars-that-are-electric,Costa Rica · Share of new cars that are electric,Costa Rica,Share of new cars that are electric,2019-12-31,2019,year,2019-01-01,1.2,% nowych aut,annual,observed,https://ourworldindata.org/grapher/electric-car-sales-share.csv,2026-09-28T22:52:31.425Z,{}
ev,ev--electric-car-sales-share-croatia-share-of-new-cars-that-are-electric,Croatia · Share of new cars that are electric,Croatia,Share of new cars that are electric,2019-12-31,2019,year,2019-01-01,0.41,% nowych aut,annual,observed,https://ourworldindata.org/grapher/electric-car-sales-share.csv,2026-09-28T22:52:31.425Z,{}
ev,ev--electric-car-sales-share-cyprus-share-of-new-cars-that-are-electric,Cyprus · Share of new cars that are electric,Cyprus,Share of new cars that are electric,2019-12-31,2019,year,2019-01-01,0.19,% nowych aut,annual,observed,https://ourworldindata.org/grapher/electric-car-sales-share.csv,2026-09-28T22:52:31.425Z,{}
ev,ev--electric-car-sales-share-czechia-share-of-new-cars-that-are-electric,Czechia · Share of new cars that are electric,Czechia,Share of new cars that are electric,2019-12-31,2019,year,2019-01-01,0.49,% nowych aut,annual,observed,https://ourworldindata.org/grapher/electric-car-sales-share.csv,2026-09-28T22:52:31.425Z,{}
ev,ev--electric-car-sales-share-denmark-share-of-new-cars-that-are-electric,Denmark · Share of new cars that are electric,Denmark,Share of new cars that are electric,2019-12-31,2019,year,2019-01-01,4.2,% nowych aut,annual,observed,https://ourworldindata.org/grapher/electric-car-sales-share.csv,2026-09-28T22:52:31.425Z,{}
ev,ev--electric-car-sales-share-estonia-share-of-new-cars-that-are-electric,Estonia · Share of new cars that are electric,Estonia,Share of new cars that are electric,2019-12-31,2019,year,2019-01-01,0.36,% nowych aut,annual,observed,https://ourworldindata.org/grapher/electric-car-sales-share.csv,2026-09-28T22:52:31.425Z,{}
ev,ev--electric-car-sales-share-europe-share-of-new-cars-that-are-electric,Europe · Share of new cars that are electric,Europe,Share of new cars that are electric,2019-12-31,2019,year,2019-01-01,3.4,% nowych aut,annual,observed,https://ourworldindata.org/grapher/electric-car-sales-share.csv,2026-09-28T22:52:31.425Z,{}
ev,ev--electric-car-sales-share-european-union-27-share-of-new-cars-that-are-electric,European Union (27) · Share of new cars that are electric,European Union (27),Share of new cars that are electric,2019-12-31,2019,year,2019-01-01,2.9,% nowych aut,annual,observed,https://ourworldindata.org/grapher/electric-car-sales-share.csv,2026-09-28T22:52:31.425Z,{}
ev,ev--electric-car-sales-share-finland-share-of-new-cars-that-are-electric,Finland · Share of new cars that are electric,Finland,Share of new cars that are electric,2019-12-31,2019,year,2019-01-01,6.9,% nowych aut,annual,observed,https://ourworldindata.org/grapher/electric-car-sales-share.csv,2026-09-28T22:52:31.425Z,{}
ev,ev--electric-car-sales-share-france-share-of-new-cars-that-are-electric,France · Share of new cars that are electric,France,Share of new cars that are electric,2019-12-31,2019,year,2019-01-01,2.7,% nowych aut,annual,observed,https://ourworldindata.org/grapher/electric-car-sales-share.csv,2026-09-28T22:52:31.425Z,{}
ev,ev--electric-car-sales-share-germany-share-of-new-cars-that-are-electric,Germany · Share of new cars that are electric,Germany,Share of new cars that are electric,2019-12-31,2019,year,2019-01-01,3.0,% nowych aut,annual,observed,https://ourworldindata.org/grapher/electric-car-sales-share.csv,2026-09-28T22:52:31.425Z,{}
ev,ev--electric-car-sales-share-greece-share-of-new-cars-that-are-electric,Greece · Share of new cars that are electric,Greece,Share of new cars that are electric,2019-12-31,2019,year,2019-01-01,0.42,% nowych aut,annual,observed,https://ourworldindata.org/grapher/electric-car-sales-share.csv,2026-09-28T22:52:31.425Z,{}
ev,ev--electric-car-sales-share-hungary-share-of-new-cars-that-are-electric,Hungary · Share of new cars that are electric,Hungary,Share of new cars that are electric,2019-12-31,2019,year,2019-01-01,1.9,% nowych aut,annual,observed,https://ourworldindata.org/grapher/electric-car-sales-share.csv,2026-09-28T22:52:31.425Z,{}
ev,ev--electric-car-sales-share-iceland-share-of-new-cars-that-are-electric,Iceland · Share of new cars that are electric,Iceland,Share of new cars that are electric,2019-12-31,2019,year,2019-01-01,26.0,% nowych aut,annual,observed,https://ourworldindata.org/grapher/electric-car-sales-share.csv,2026-09-28T22:52:31.425Z,{}
ev,ev--electric-car-sales-share-india-share-of-new-cars-that-are-electric,India · Share of new cars that are electric,India,Share of new cars that are electric,2019-12-31,2019,year,2019-01-01,0.024,% nowych aut,annual,observed,https://ourworldindata.org/grapher/electric-car-sales-share.csv,2026-09-28T22:52:31.425Z,{}
ev,ev--electric-car-sales-share-indonesia-share-of-new-cars-that-are-electric,Indonesia · Share of new cars that are electric,Indonesia,Share of new cars that are electric,2019-12-31,2019,year,2019-01-01,0.012,% nowych aut,annual,observed,https://ourworldindata.org/grapher/electric-car-sales-share.csv,2026-09-28T22:52:31.425Z,{}
ev,ev--electric-car-sales-share-ireland-share-of-new-cars-that-are-electric,Ireland · Share of new cars that are electric,Ireland,Share of new cars that are electric,2019-12-31,2019,year,2019-01-01,4.1,% nowych aut,annual,observed,https://ourworldindata.org/grapher/electric-car-sales-share.csv,2026-09-28T22:52:31.425Z,{}
ev,ev--electric-car-sales-share-israel-share-of-new-cars-that-are-electric,Israel · Share of new cars that are electric,Israel,Share of new cars that are electric,2019-12-31,2019,year,2019-01-01,1.6,% nowych aut,annual,observed,https://ourworldindata.org/grapher/electric-car-sales-share.csv,2026-09-28T22:52:31.425Z,{}
ev,ev--electric-car-sales-share-italy-share-of-new-cars-that-are-electric,Italy · Share of new cars that are electric,Italy,Share of new cars that are electric,2019-12-31,2019,year,2019-01-01,0.88,% nowych aut,annual,observed,https://ourworldindata.org/grapher/electric-car-sales-share.csv,2026-09-28T22:52:31.425Z,{}
ev,ev--electric-car-sales-share-japan-share-of-new-cars-that-are-electric,Japan · Share of new cars that are electric,Japan,Share of new cars that are electric,2019-12-31,2019,year,2019-01-01,0.9,% nowych aut,annual,observed,https://ourworldindata.org/grapher/electric-car-sales-share.csv,2026-09-28T22:52:31.425Z,{}
ev,ev--electric-car-sales-share-jordan-share-of-new-cars-that-are-electric,Jordan · Share of new cars that are electric,Jordan,Share of new cars that are electric,2019-12-31,2019,year,2019-01-01,2.5,% nowych aut,annual,observed,https://ourworldindata.org/grapher/electric-car-sales-share.csv,2026-09-28T22:52:31.425Z,{}
ev,ev--electric-car-sales-share-latvia-share-of-new-cars-that-are-electric,Latvia · Share of new cars that are electric,Latvia,Share of new cars that are electric,2019-12-31,2019,year,2019-01-01,0.54,% nowych aut,annual,observed,https://ourworldindata.org/grapher/electric-car-sales-share.csv,2026-09-28T22:52:31.425Z,{}
ev,ev--electric-car-sales-share-lithuania-share-of-new-cars-that-are-electric,Lithuania · Share of new cars that are electric,Lithuania,Share of new cars that are electric,2019-12-31,2019,year,2019-01-01,0.35,% nowych aut,annual,observed,https://ourworldindata.org/grapher/electric-car-sales-share.csv,2026-09-28T22:52:31.425Z,{}
ev,ev--electric-car-sales-share-luxembourg-share-of-new-cars-that-are-electric,Luxembourg · Share of new cars that are electric,Luxembourg,Share of new cars that are electric,2019-12-31,2019,year,2019-01-01,3.5,% nowych aut,annual,observed,https://ourworldindata.org/grapher/electric-car-sales-share.csv,2026-09-28T22:52:31.425Z,{}
ev,ev--electric-car-sales-share-malaysia-share-of-new-cars-that-are-electric,Malaysia · Share of new cars that are electric,Malaysia,Share of new cars that are electric,2019-12-31,2019,year,2019-01-01,0.46,% nowych aut,annual,observed,https://ourworldindata.org/grapher/electric-car-sales-share.csv,2026-09-28T22:52:31.425Z,{}
ev,ev--electric-car-sales-share-mexico-share-of-new-cars-that-are-electric,Mexico · Share of new cars that are electric,Mexico,Share of new cars that are electric,2019-12-31,2019,year,2019-01-01,0.15,% nowych aut,annual,observed,https://ourworldindata.org/grapher/electric-car-sales-share.csv,2026-09-28T22:52:31.425Z,{}
ev,ev--electric-car-sales-share-netherlands-share-of-new-cars-that-are-electric,Netherlands · Share of new cars that are electric,Netherlands,Share of new cars that are electric,2019-12-31,2019,year,2019-01-01,15.0,% nowych aut,annual,observed,https://ourworldindata.org/grapher/electric-car-sales-share.csv,2026-09-28T22:52:31.425Z,{}
ev,ev--electric-car-sales-share-new-zealand-share-of-new-cars-that-are-electric,New Zealand · Share of new cars that are electric,New Zealand,Share of new cars that are electric,2019-12-31,2019,year,2019-01-01,6.8,% nowych aut,annual,observed,https://ourworldindata.org/grapher/electric-car-sales-share.csv,2026-09-28T22:52:31.425Z,{}
ev,ev--electric-car-sales-share-norway-share-of-new-cars-that-are-electric,Norway · Share of new cars that are electric,Norway,Share of new cars that are electric,2019-12-31,2019,year,2019-01-01,56.0,% nowych aut,annual,observed,https://ourworldindata.org/grapher/electric-car-sales-share.csv,2026-09-28T22:52:31.425Z,{}
ev,ev--electric-car-sales-share-philippines-share-of-new-cars-that-are-electric,Philippines · Share of new cars that are electric,Philippines,Share of new cars that are electric,2019-12-31,2019,year,2019-01-01,0.16,% nowych aut,annual,observed,https://ourworldindata.org/grapher/electric-car-sales-share.csv,2026-09-28T22:52:31.425Z,{}
ev,ev--electric-car-sales-share-poland-share-of-new-cars-that-are-electric,Poland · Share of new cars that are electric,Poland,Share of new cars that are electric,2019-12-31,2019,year,2019-01-01,0.48,% nowych aut,annual,observed,https://ourworldindata.org/grapher/electric-car-sales-share.csv,2026-09-28T22:52:31.425Z,{}
ev,ev--electric-car-sales-share-portugal-share-of-new-cars-that-are-electric,Portugal · Share of new cars that are electric,Portugal,Share of new cars that are electric,2019-12-31,2019,year,2019-01-01,5.6,% nowych aut,annual,observed,https://ourworldindata.org/grapher/electric-car-sales-share.csv,2026-09-28T22:52:31.425Z,{}
ev,ev--electric-car-sales-share-romania-share-of-new-cars-that-are-electric,Romania · Share of new cars that are electric,Romania,Share of new cars that are electric,2019-12-31,2019,year,2019-01-01,0.93,% nowych aut,annual,observed,https://ourworldindata.org/grapher/electric-car-sales-share.csv,2026-09-28T22:52:31.425Z,{}
ev,ev--electric-car-sales-share-russia-share-of-new-cars-that-are-electric,Russia · Share of new cars that are electric,Russia,Share of new cars that are electric,2019-12-31,2019,year,2019-01-01,0.073,% nowych aut,annual,observed,https://ourworldindata.org/grapher/electric-car-sales-share.csv,2026-09-28T22:52:31.425Z,{}
ev,ev--electric-car-sales-share-seychelles-share-of-new-cars-that-are-electric,Seychelles · Share of new cars that are electric,Seychelles,Share of new cars that are electric,2019-12-31,2019,year,2019-01-01,2.6,% nowych aut,annual,observed,https://ourworldindata.org/grapher/electric-car-sales-share.csv,2026-09-28T22:52:31.425Z,{}
ev,ev--electric-car-sales-share-singapore-share-of-new-cars-that-are-electric,Singapore · Share of new cars that are electric,Singapore,Share of new cars that are electric,2019-12-31,2019,year,2019-01-01,2.0,% nowych aut,annual,observed,https://ourworldindata.org/grapher/electric-car-sales-share.csv,2026-09-28T22:52:31.425Z,{}
ev,ev--electric-car-sales-share-slovakia-share-of-new-cars-that-are-electric,Slovakia · Share of new cars that are electric,Slovakia,Share of new cars that are electric,2019-12-31,2019,year,2019-01-01,0.36,% nowych aut,annual,observed,https://ourworldindata.org/grapher/electric-car-sales-share.csv,2026-09-28T22:52:31.425Z,{}
ev,ev--electric-car-sales-share-slovenia-share-of-new-cars-that-are-electric,Slovenia · Share of new cars that are electric,Slovenia,Share of new cars that are electric,2019-12-31,2019,year,2019-01-01,0.29,% nowych aut,annual,observed,https://ourworldindata.org/grapher/electric-car-sales-share.csv,2026-09-28T22:52:31.425Z,{}
ev,ev--electric-car-sales-share-south-africa-share-of-new-cars-that-are-electric,South Africa · Share of new cars that are electric,South Africa,Share of new cars that are electric,2019-12-31,2019,year,2019-01-01,0.064,% nowych aut,annual,observed,https://ourworldindata.org/grapher/electric-car-sales-share.csv,2026-09-28T22:52:31.425Z,{}
ev,ev--electric-car-sales-share-south-korea-share-of-new-cars-that-are-electric,South Korea · Share of new cars that are electric,South Korea,Share of new cars that are electric,2019-12-31,2019,year,2019-01-01,2.4,% nowych aut,annual,observed,https://ourworldindata.org/grapher/electric-car-sales-share.csv,2026-09-28T22:52:31.425Z,{}
ev,ev--electric-car-sales-share-spain-share-of-new-cars-that-are-electric,Spain · Share of new cars that are electric,Spain,Share of new cars that are electric,2019-12-31,2019,year,2019-01-01,1.3,% nowych aut,annual,observed,https://ourworldindata.org/grapher/electric-car-sales-share.csv,2026-09-28T22:52:31.425Z,{}
ev,ev--electric-car-sales-share-sweden-share-of-new-cars-that-are-electric,Sweden · Share of new cars that are electric,Sweden,Share of new cars that are electric,2019-12-31,2019,year,2019-01-01,11.0,% nowych aut,annual,observed,https://ourworldindata.org/grapher/electric-car-sales-share.csv,2026-09-28T22:52:31.425Z,{}
ev,ev--electric-car-sales-share-switzerland-share-of-new-cars-that-are-electric,Switzerland · Share of new cars that are electric,Switzerland,Share of new cars that are electric,2019-12-31,2019,year,2019-01-01,5.6,% nowych aut,annual,observed,https://ourworldindata.org/grapher/electric-car-sales-share.csv,2026-09-28T22:52:31.425Z,{}
ev,ev--electric-car-sales-share-thailand-share-of-new-cars-that-are-electric,Thailand · Share of new cars that are electric,Thailand,Share of new cars that are electric,2019-12-31,2019,year,2019-01-01,1.0,% nowych aut,annual,observed,https://ourworldindata.org/grapher/electric-car-sales-share.csv,2026-09-28T22:52:31.425Z,{}
ev,ev--electric-car-sales-share-turkey-share-of-new-cars-that-are-electric,Turkey · Share of new cars that are electric,Turkey,Share of new cars that are electric,2019-12-31,2019,year,2019-01-01,0.084,% nowych aut,annual,observed,https://ourworldindata.org/grapher/electric-car-sales-share.csv,2026-09-28T22:52:31.425Z,{}
ev,ev--electric-car-sales-share-united-arab-emirates-share-of-new-cars-that-are-electric,United Arab Emirates · Share of new cars that are electric,United Arab Emirates,Share of new cars that are electric,2019-12-31,2019,year,2019-01-01,0.097,% nowych aut,annual,observed,https://ourworldindata.org/grapher/electric-car-sales-share.csv,2026-09-28T22:52:31.425Z,{}
ev,ev--electric-car-sales-share-united-kingdom-share-of-new-cars-that-are-electric,United Kingdom · Share of new cars that are electric,United Kingdom,Share of new cars that are electric,2019-12-31,2019,year,2019-01-01,3.2,% nowych aut,annual,observed,https://ourworldindata.org/grapher/electric-car-sales-share.csv,2026-09-28T22:52:31.425Z,{}
ev,ev--electric-car-sales-share-united-states-share-of-new-cars-that-are-electric,United States · Share of new cars that are electric,United States,Share of new cars that are electric,2019-12-31,2019,year,2019-01-01,2.1,% nowych aut,annual,observed,https://ourworldindata.org/grapher/electric-car-sales-share.csv,2026-09-28T22:52:31.425Z,{}
ev,ev--electric-car-sales-share-world-share-of-new-cars-that-are-electric,Share of new cars that are electric,World,Share of new cars that are electric,2019-12-31,2019,year,2019-01-01,2.7,% nowych aut,annual,observed,https://ourworldindata.org/grapher/electric-car-sales-share.csv,2026-09-28T22:52:31.425Z,{}
ev,ev--electric-car-sales-share-australia-share-of-new-cars-that-are-electric,Australia · Share of new cars that are electric,Australia,Share of new cars that are electric,2020-12-31,2020,year,2020-01-01,0.98,% nowych aut,annual,observed,https://ourworldindata.org/grapher/electric-car-sales-share.csv,2026-09-28T22:52:31.425Z,{}
ev,ev--electric-car-sales-share-austria-share-of-new-cars-that-are-electric,Austria · Share of new cars that are electric,Austria,Share of new cars that are electric,2020-12-31,2020,year,2020-01-01,9.5,% nowych aut,annual,observed,https://ourworldindata.org/grapher/electric-car-sales-share.csv,2026-09-28T22:52:31.425Z,{}
ev,ev--electric-car-sales-share-belgium-share-of-new-cars-that-are-electric,Belgium · Share of new cars that are electric,Belgium,Share of new cars that are electric,2020-12-31,2020,year,2020-01-01,11.0,% nowych aut,annual,observed,https://ourworldindata.org/grapher/electric-car-sales-share.csv,2026-09-28T22:52:31.425Z,{}
ev,ev--electric-car-sales-share-brazil-share-of-new-cars-that-are-electric,Brazil · Share of new cars that are electric,Brazil,Share of new cars that are electric,2020-12-31,2020,year,2020-01-01,0.16,% nowych aut,annual,observed,https://ourworldindata.org/grapher/electric-car-sales-share.csv,2026-09-28T22:52:31.425Z,{}
ev,ev--electric-car-sales-share-canada-share-of-new-cars-that-are-electric,Canada · Share of new cars that are electric,Canada,Share of new cars that are electric,2020-12-31,2020,year,2020-01-01,4.2,% nowych aut,annual,observed,https://ourworldindata.org/grapher/electric-car-sales-share.csv,2026-09-28T22:52:31.425Z,{}
ev,ev--electric-car-sales-share-chile-share-of-new-cars-that-are-electric,Chile · Share of new cars that are electric,Chile,Share of new cars that are electric,2020-12-31,2020,year,2020-01-01,0.2,% nowych aut,annual,observed,https://ourworldindata.org/grapher/electric-car-sales-share.csv,2026-09-28T22:52:31.425Z,{}
ev,ev--electric-car-sales-share-china-share-of-new-cars-that-are-electric,China · Share of new cars that are electric,China,Share of new cars that are electric,2020-12-31,2020,year,2020-01-01,5.7,% nowych aut,annual,observed,https://ourworldindata.org/grapher/electric-car-sales-share.csv,2026-09-28T22:52:31.425Z,{}
ev,ev--electric-car-sales-share-colombia-share-of-new-cars-that-are-electric,Colombia · Share of new cars that are electric,Colombia,Share of new cars that are electric,2020-12-31,2020,year,2020-01-01,0.77,% nowych aut,annual,observed,https://ourworldindata.org/grapher/electric-car-sales-share.csv,2026-09-28T22:52:31.425Z,{}
ev,ev--electric-car-sales-share-costa-rica-share-of-new-cars-that-are-electric,Costa Rica · Share of new cars that are electric,Costa Rica,Share of new cars that are electric,2020-12-31,2020,year,2020-01-01,2.5,% nowych aut,annual,observed,https://ourworldindata.org/grapher/electric-car-sales-share.csv,2026-09-28T22:52:31.425Z,{}
ev,ev--electric-car-sales-share-croatia-share-of-new-cars-that-are-electric,Croatia · Share of new cars that are electric,Croatia,Share of new cars that are electric,2020-12-31,2020,year,2020-01-01,1.9,% nowych aut,annual,observed,https://ourworldindata.org/grapher/electric-car-sales-share.csv,2026-09-28T22:52:31.425Z,{}
ev,ev--electric-car-sales-share-cyprus-share-of-new-cars-that-are-electric,Cyprus · Share of new cars that are electric,Cyprus,Share of new cars that are electric,2020-12-31,2020,year,2020-01-01,1.4,% nowych aut,annual,observed,https://ourworldindata.org/grapher/electric-car-sales-share.csv,2026-09-28T22:52:31.425Z,{}
ev,ev--electric-car-sales-share-czechia-share-of-new-cars-that-are-electric,Czechia · Share of new cars that are electric,Czechia,Share of new cars that are electric,2020-12-31,2020,year,2020-01-01,2.5,% nowych aut,annual,observed,https://ourworldindata.org/grapher/electric-car-sales-share.csv,2026-09-28T22:52:31.425Z,{}
ev,ev--electric-car-sales-share-denmark-share-of-new-cars-that-are-electric,Denmark · Share of new cars that are electric,Denmark,Share of new cars that are electric,2020-12-31,2020,year,2020-01-01,16.0,% nowych aut,annual,observed,https://ourworldindata.org/grapher/electric-car-sales-share.csv,2026-09-28T22:52:31.425Z,{}
ev,ev--electric-car-sales-share-estonia-share-of-new-cars-that-are-electric,Estonia · Share of new cars that are electric,Estonia,Share of new cars that are electric,2020-12-31,2020,year,2020-01-01,1.8,% nowych aut,annual,observed,https://ourworldindata.org/grapher/electric-car-sales-share.csv,2026-09-28T22:52:31.425Z,{}
ev,ev--electric-car-sales-share-europe-share-of-new-cars-that-are-electric,Europe · Share of new cars that are electric,Europe,Share of new cars that are electric,2020-12-31,2020,year,2020-01-01,10.0,% nowych aut,annual,observed,https://ourworldindata.org/grapher/electric-car-sales-share.csv,2026-09-28T22:52:31.425Z,{}
ev,ev--electric-car-sales-share-european-union-27-share-of-new-cars-that-are-electric,European Union (27) · Share of new cars that are electric,European Union (27),Share of new cars that are electric,2020-12-31,2020,year,2020-01-01,10.0,% nowych aut,annual,observed,https://ourworldindata.org/grapher/electric-car-sales-share.csv,2026-09-28T22:52:31.425Z,{}
ev,ev--electric-car-sales-share-finland-share-of-new-cars-that-are-electric,Finland · Share of new cars that are electric,Finland,Share of new cars that are electric,2020-12-31,2020,year,2020-01-01,18.0,% nowych aut,annual,observed,https://ourworldindata.org/grapher/electric-car-sales-share.csv,2026-09-28T22:52:31.425Z,{}
ev,ev--electric-car-sales-share-france-share-of-new-cars-that-are-electric,France · Share of new cars that are electric,France,Share of new cars that are electric,2020-12-31,2020,year,2020-01-01,11.0,% nowych aut,annual,observed,https://ourworldindata.org/grapher/electric-car-sales-share.csv,2026-09-28T22:52:31.425Z,{}
ev,ev--electric-car-sales-share-germany-share-of-new-cars-that-are-electric,Germany · Share of new cars that are electric,Germany,Share of new cars that are electric,2020-12-31,2020,year,2020-01-01,14.0,% nowych aut,annual,observed,https://ourworldindata.org/grapher/electric-car-sales-share.csv,2026-09-28T22:52:31.425Z,{}
ev,ev--electric-car-sales-share-greece-share-of-new-cars-that-are-electric,Greece · Share of new cars that are electric,Greece,Share of new cars that are electric,2020-12-31,2020,year,2020-01-01,2.7,% nowych aut,annual,observed,https://ourworldindata.org/grapher/electric-car-sales-share.csv,2026-09-28T22:52:31.425Z,{}
ev,ev--electric-car-sales-share-hungary-share-of-new-cars-that-are-electric,Hungary · Share of new cars that are electric,Hungary,Share of new cars that are electric,2020-12-31,2020,year,2020-01-01,4.7,% nowych aut,annual,observed,https://ourworldindata.org/grapher/electric-car-sales-share.csv,2026-09-28T22:52:31.425Z,{}
ev,ev--electric-car-sales-share-iceland-share-of-new-cars-that-are-electric,Iceland · Share of new cars that are electric,Iceland,Share of new cars that are electric,2020-12-31,2020,year,2020-01-01,52.0,% nowych aut,annual,observed,https://ourworldindata.org/grapher/electric-car-sales-share.csv,2026-09-28T22:52:31.425Z,{}
ev,ev--electric-car-sales-share-india-share-of-new-cars-that-are-electric,India · Share of new cars that are electric,India,Share of new cars that are electric,2020-12-31,2020,year,2020-01-01,0.12,% nowych aut,annual,observed,https://ourworldindata.org/grapher/electric-car-sales-share.csv,2026-09-28T22:52:31.425Z,{}
ev,ev--electric-car-sales-share-indonesia-share-of-new-cars-that-are-electric,Indonesia · Share of new cars that are electric,Indonesia,Share of new cars that are electric,2020-12-31,2020,year,2020-01-01,0.097,% nowych aut,annual,observed,https://ourworldindata.org/grapher/electric-car-sales-share.csv,2026-09-28T22:52:31.425Z,{}
ev,ev--electric-car-sales-share-ireland-share-of-new-cars-that-are-electric,Ireland · Share of new cars that are electric,Ireland,Share of new cars that are electric,2020-12-31,2020,year,2020-01-01,7.4,% nowych aut,annual,observed,https://ourworldindata.org/grapher/electric-car-sales-share.csv,2026-09-28T22:52:31.425Z,{}
ev,ev--electric-car-sales-share-israel-share-of-new-cars-that-are-electric,Israel · Share of new cars that are electric,Israel,Share of new cars that are electric,2020-12-31,2020,year,2020-01-01,2.6,% nowych aut,annual,observed,https://ourworldindata.org/grapher/electric-car-sales-share.csv,2026-09-28T22:52:31.425Z,{}
ev,ev--electric-car-sales-share-italy-share-of-new-cars-that-are-electric,Italy · Share of new cars that are electric,Italy,Share of new cars that are electric,2020-12-31,2020,year,2020-01-01,4.2,% nowych aut,annual,observed,https://ourworldindata.org/grapher/electric-car-sales-share.csv,2026-09-28T22:52:31.425Z,{}
ev,ev--electric-car-sales-share-japan-share-of-new-cars-that-are-electric,Japan · Share of new cars that are electric,Japan,Share of new cars that are electric,2020-12-31,2020,year,2020-01-01,0.77,% nowych aut,annual,observed,https://ourworldindata.org/grapher/electric-car-sales-share.csv,2026-09-28T22:52:31.425Z,{}
ev,ev--electric-car-sales-share-jordan-share-of-new-cars-that-are-electric,Jordan · Share of new cars that are electric,Jordan,Share of new cars that are electric,2020-12-31,2020,year,2020-01-01,2.4,% nowych aut,annual,observed,https://ourworldindata.org/grapher/electric-car-sales-share.csv,2026-09-28T22:52:31.425Z,{}
ev,ev--electric-car-sales-share-latvia-share-of-new-cars-that-are-electric,Latvia · Share of new cars that are electric,Latvia,Share of new cars that are electric,2020-12-31,2020,year,2020-01-01,2.6,% nowych aut,annual,observed,https://ourworldindata.org/grapher/electric-car-sales-share.csv,2026-09-28T22:52:31.425Z,{}
ev,ev--electric-car-sales-share-lithuania-share-of-new-cars-that-are-electric,Lithuania · Share of new cars that are electric,Lithuania,Share of new cars that are electric,2020-12-31,2020,year,2020-01-01,1.1,% nowych aut,annual,observed,https://ourworldindata.org/grapher/electric-car-sales-share.csv,2026-09-28T22:52:31.425Z,{}
ev,ev--electric-car-sales-share-luxembourg-share-of-new-cars-that-are-electric,Luxembourg · Share of new cars that are electric,Luxembourg,Share of new cars that are electric,2020-12-31,2020,year,2020-01-01,11.0,% nowych aut,annual,observed,https://ourworldindata.org/grapher/electric-car-sales-share.csv,2026-09-28T22:52:31.425Z,{}
ev,ev--electric-car-sales-share-malaysia-share-of-new-cars-that-are-electric,Malaysia · Share of new cars that are electric,Malaysia,Share of new cars that are electric,2020-12-31,2020,year,2020-01-01,0.14,% nowych aut,annual,observed,https://ourworldindata.org/grapher/electric-car-sales-share.csv,2026-09-28T22:52:31.425Z,{}
ev,ev--electric-car-sales-share-mexico-share-of-new-cars-that-are-electric,Mexico · Share of new cars that are electric,Mexico,Share of new cars that are electric,2020-12-31,2020,year,2020-01-01,0.49,% nowych aut,annual,observed,https://ourworldindata.org/grapher/electric-car-sales-share.csv,2026-09-28T22:52:31.425Z,{}
ev,ev--electric-car-sales-share-netherlands-share-of-new-cars-that-are-electric,Netherlands · Share of new cars that are electric,Netherlands,Share of new cars that are electric,2020-12-31,2020,year,2020-01-01,25.0,% nowych aut,annual,observed,https://ourworldindata.org/grapher/electric-car-sales-share.csv,2026-09-28T22:52:31.425Z,{}
ev,ev--electric-car-sales-share-new-zealand-share-of-new-cars-that-are-electric,New Zealand · Share of new cars that are electric,New Zealand,Share of new cars that are electric,2020-12-31,2020,year,2020-01-01,6.6,% nowych aut,annual,observed,https://ourworldindata.org/grapher/electric-car-sales-share.csv,2026-09-28T22:52:31.425Z,{}
ev,ev--electric-car-sales-share-norway-share-of-new-cars-that-are-electric,Norway · Share of new cars that are electric,Norway,Share of new cars that are electric,2020-12-31,2020,year,2020-01-01,75.0,% nowych aut,annual,observed,https://ourworldindata.org/grapher/electric-car-sales-share.csv,2026-09-28T22:52:31.425Z,{}
ev,ev--electric-car-sales-share-philippines-share-of-new-cars-that-are-electric,Philippines · Share of new cars that are electric,Philippines,Share of new cars that are electric,2020-12-31,2020,year,2020-01-01,0.2,% nowych aut,annual,observed,https://ourworldindata.org/grapher/electric-car-sales-share.csv,2026-09-28T22:52:31.425Z,{}
ev,ev--electric-car-sales-share-poland-share-of-new-cars-that-are-electric,Poland · Share of new cars that are electric,Poland,Share of new cars that are electric,2020-12-31,2020,year,2020-01-01,1.9,% nowych aut,annual,observed,https://ourworldindata.org/grapher/electric-car-sales-share.csv,2026-09-28T22:52:31.425Z,{}
ev,ev--electric-car-sales-share-portugal-share-of-new-cars-that-are-electric,Portugal · Share of new cars that are electric,Portugal,Share of new cars that are electric,2020-12-31,2020,year,2020-01-01,13.0,% nowych aut,annual,observed,https://ourworldindata.org/grapher/electric-car-sales-share.csv,2026-09-28T22:52:31.425Z,{}
ev,ev--electric-car-sales-share-rest-of-world-share-of-new-cars-that-are-electric,Rest of World · Share of new cars that are electric,Rest of World,Share of new cars that are electric,2020-12-31,2020,year,2020-01-01,0.09722563,% nowych aut,annual,observed,https://ourworldindata.org/grapher/electric-car-sales-share.csv,2026-09-28T22:52:31.425Z,{}
ev,ev--electric-car-sales-share-romania-share-of-new-cars-that-are-electric,Romania · Share of new cars that are electric,Romania,Share of new cars that are electric,2020-12-31,2020,year,2020-01-01,3.1,% nowych aut,annual,observed,https://ourworldindata.org/grapher/electric-car-sales-share.csv,2026-09-28T22:52:31.425Z,{}
ev,ev--electric-car-sales-share-russia-share-of-new-cars-that-are-electric,Russia · Share of new cars that are electric,Russia,Share of new cars that are electric,2020-12-31,2020,year,2020-01-01,0.1,% nowych aut,annual,observed,https://ourworldindata.org/grapher/electric-car-sales-share.csv,2026-09-28T22:52:31.425Z,{}
ev,ev--electric-car-sales-share-seychelles-share-of-new-cars-that-are-electric,Seychelles · Share of new cars that are electric,Seychelles,Share of new cars that are electric,2020-12-31,2020,year,2020-01-01,3.3,% nowych aut,annual,observed,https://ourworldindata.org/grapher/electric-car-sales-share.csv,2026-09-28T22:52:31.425Z,{}
ev,ev--electric-car-sales-share-singapore-share-of-new-cars-that-are-electric,Singapore · Share of new cars that are electric,Singapore,Share of new cars that are electric,2020-12-31,2020,year,2020-01-01,2.6,% nowych aut,annual,observed,https://ourworldindata.org/grapher/electric-car-sales-share.csv,2026-09-28T22:52:31.425Z,{}
ev,ev--electric-car-sales-share-slovakia-share-of-new-cars-that-are-electric,Slovakia · Share of new cars that are electric,Slovakia,Share of new cars that are electric,2020-12-31,2020,year,2020-01-01,2.3,% nowych aut,annual,observed,https://ourworldindata.org/grapher/electric-car-sales-share.csv,2026-09-28T22:52:31.425Z,{}
ev,ev--electric-car-sales-share-slovenia-share-of-new-cars-that-are-electric,Slovenia · Share of new cars that are electric,Slovenia,Share of new cars that are electric,2020-12-31,2020,year,2020-01-01,3.1,% nowych aut,annual,observed,https://ourworldindata.org/grapher/electric-car-sales-share.csv,2026-09-28T22:52:31.425Z,{}
ev,ev--electric-car-sales-share-south-africa-share-of-new-cars-that-are-electric,South Africa · Share of new cars that are electric,South Africa,Share of new cars that are electric,2020-12-31,2020,year,2020-01-01,0.098,% nowych aut,annual,observed,https://ourworldindata.org/grapher/electric-car-sales-share.csv,2026-09-28T22:52:31.425Z,{}
ev,ev--electric-car-sales-share-south-korea-share-of-new-cars-that-are-electric,South Korea · Share of new cars that are electric,South Korea,Share of new cars that are electric,2020-12-31,2020,year,2020-01-01,2.5,% nowych aut,annual,observed,https://ourworldindata.org/grapher/electric-car-sales-share.csv,2026-09-28T22:52:31.425Z,{}
ev,ev--electric-car-sales-share-spain-share-of-new-cars-that-are-electric,Spain · Share of new cars that are electric,Spain,Share of new cars that are electric,2020-12-31,2020,year,2020-01-01,4.5,% nowych aut,annual,observed,https://ourworldindata.org/grapher/electric-car-sales-share.csv,2026-09-28T22:52:31.425Z,{}
ev,ev--electric-car-sales-share-sweden-share-of-new-cars-that-are-electric,Sweden · Share of new cars that are electric,Sweden,Share of new cars that are electric,2020-12-31,2020,year,2020-01-01,32.0,% nowych aut,annual,observed,https://ourworldindata.org/grapher/electric-car-sales-share.csv,2026-09-28T22:52:31.425Z,{}
ev,ev--electric-car-sales-share-switzerland-share-of-new-cars-that-are-electric,Switzerland · Share of new cars that are electric,Switzerland,Share of new cars that are electric,2020-12-31,2020,year,2020-01-01,14.0,% nowych aut,annual,observed,https://ourworldindata.org/grapher/electric-car-sales-share.csv,2026-09-28T22:52:31.425Z,{}
ev,ev--electric-car-sales-share-thailand-share-of-new-cars-that-are-electric,Thailand · Share of new cars that are electric,Thailand,Share of new cars that are electric,2020-12-31,2020,year,2020-01-01,1.1,% nowych aut,annual,observed,https://ourworldindata.org/grapher/electric-car-sales-share.csv,2026-09-28T22:52:31.425Z,{}
ev,ev--electric-car-sales-share-turkey-share-of-new-cars-that-are-electric,Turkey · Share of new cars that are electric,Turkey,Share of new cars that are electric,2020-12-31,2020,year,2020-01-01,0.21,% nowych aut,annual,observed,https://ourworldindata.org/grapher/electric-car-sales-share.csv,2026-09-28T22:52:31.425Z,{}
ev,ev--electric-car-sales-share-united-arab-emirates-share-of-new-cars-that-are-electric,United Arab Emirates · Share of new cars that are electric,United Arab Emirates,Share of new cars that are electric,2020-12-31,2020,year,2020-01-01,0.44,% nowych aut,annual,observed,https://ourworldindata.org/grapher/electric-car-sales-share.csv,2026-09-28T22:52:31.425Z,{}
ev,ev--electric-car-sales-share-united-kingdom-share-of-new-cars-that-are-electric,United Kingdom · Share of new cars that are electric,United Kingdom,Share of new cars that are electric,2020-12-31,2020,year,2020-01-01,11.0,% nowych aut,annual,observed,https://ourworldindata.org/grapher/electric-car-sales-share.csv,2026-09-28T22:52:31.425Z,{}
ev,ev--electric-car-sales-share-united-states-share-of-new-cars-that-are-electric,United States · Share of new cars that are electric,United States,Share of new cars that are electric,2020-12-31,2020,year,2020-01-01,2.3,% nowych aut,annual,observed,https://ourworldindata.org/grapher/electric-car-sales-share.csv,2026-09-28T22:52:31.425Z,{}
ev,ev--electric-car-sales-share-world-share-of-new-cars-that-are-electric,Share of new cars that are electric,World,Share of new cars that are electric,2020-12-31,2020,year,2020-01-01,4.4,% nowych aut,annual,observed,https://ourworldindata.org/grapher/electric-car-sales-share.csv,2026-09-28T22:52:31.425Z,{}
ev,ev--electric-car-sales-share-australia-share-of-new-cars-that-are-electric,Australia · Share of new cars that are electric,Australia,Share of new cars that are electric,2021-12-31,2021,year,2021-01-01,2.7,% nowych aut,annual,observed,https://ourworldindata.org/grapher/electric-car-sales-share.csv,2026-09-28T22:52:31.425Z,{}
ev,ev--electric-car-sales-share-austria-share-of-new-cars-that-are-electric,Austria · Share of new cars that are electric,Austria,Share of new cars that are electric,2021-12-31,2021,year,2021-01-01,20.0,% nowych aut,annual,observed,https://ourworldindata.org/grapher/electric-car-sales-share.csv,2026-09-28T22:52:31.425Z,{}
ev,ev--electric-car-sales-share-belgium-share-of-new-cars-that-are-electric,Belgium · Share of new cars that are electric,Belgium,Share of new cars that are electric,2021-12-31,2021,year,2021-01-01,18.0,% nowych aut,annual,observed,https://ourworldindata.org/grapher/electric-car-sales-share.csv,2026-09-28T22:52:31.425Z,{}
ev,ev--electric-car-sales-share-brazil-share-of-new-cars-that-are-electric,Brazil · Share of new cars that are electric,Brazil,Share of new cars that are electric,2021-12-31,2021,year,2021-01-01,0.92,% nowych aut,annual,observed,https://ourworldindata.org/grapher/electric-car-sales-share.csv,2026-09-28T22:52:31.425Z,{}
ev,ev--electric-car-sales-share-bulgaria-share-of-new-cars-that-are-electric,Bulgaria · Share of new cars that are electric,Bulgaria,Share of new cars that are electric,2021-12-31,2021,year,2021-01-01,2.2,% nowych aut,annual,observed,https://ourworldindata.org/grapher/electric-car-sales-share.csv,2026-09-28T22:52:31.425Z,{}
ev,ev--electric-car-sales-share-cambodia-share-of-new-cars-that-are-electric,Cambodia · Share of new cars that are electric,Cambodia,Share of new cars that are electric,2021-12-31,2021,year,2021-01-01,0.059,% nowych aut,annual,observed,https://ourworldindata.org/grapher/electric-car-sales-share.csv,2026-09-28T22:52:31.425Z,{}
ev,ev--electric-car-sales-share-canada-share-of-new-cars-that-are-electric,Canada · Share of new cars that are electric,Canada,Share of new cars that are electric,2021-12-31,2021,year,2021-01-01,6.4,% nowych aut,annual,observed,https://ourworldindata.org/grapher/electric-car-sales-share.csv,2026-09-28T22:52:31.425Z,{}
ev,ev--electric-car-sales-share-chile-share-of-new-cars-that-are-electric,Chile · Share of new cars that are electric,Chile,Share of new cars that are electric,2021-12-31,2021,year,2021-01-01,0.29,% nowych aut,annual,observed,https://ourworldindata.org/grapher/electric-car-sales-share.csv,2026-09-28T22:52:31.425Z,{}
ev,ev--electric-car-sales-share-china-share-of-new-cars-that-are-electric,China · Share of new cars that are electric,China,Share of new cars that are electric,2021-12-31,2021,year,2021-01-01,16.0,% nowych aut,annual,observed,https://ourworldindata.org/grapher/electric-car-sales-share.csv,2026-09-28T22:52:31.425Z,{}
ev,ev--electric-car-sales-share-colombia-share-of-new-cars-that-are-electric,Colombia · Share of new cars that are electric,Colombia,Share of new cars that are electric,2021-12-31,2021,year,2021-01-01,1.4,% nowych aut,annual,observed,https://ourworldindata.org/grapher/electric-car-sales-share.csv,2026-09-28T22:52:31.425Z,{}
ev,ev--electric-car-sales-share-costa-rica-share-of-new-cars-that-are-electric,Costa Rica · Share of new cars that are electric,Costa Rica,Share of new cars that are electric,2021-12-31,2021,year,2021-01-01,3.6,% nowych aut,annual,observed,https://ourworldindata.org/grapher/electric-car-sales-share.csv,2026-09-28T22:52:31.425Z,{}
ev,ev--electric-car-sales-share-croatia-share-of-new-cars-that-are-electric,Croatia · Share of new cars that are electric,Croatia,Share of new cars that are electric,2021-12-31,2021,year,2021-01-01,3.8,% nowych aut,annual,observed,https://ourworldindata.org/grapher/electric-car-sales-share.csv,2026-09-28T22:52:31.425Z,{}
ev,ev--electric-car-sales-share-cyprus-share-of-new-cars-that-are-electric,Cyprus · Share of new cars that are electric,Cyprus,Share of new cars that are electric,2021-12-31,2021,year,2021-01-01,1.7,% nowych aut,annual,observed,https://ourworldindata.org/grapher/electric-car-sales-share.csv,2026-09-28T22:52:31.425Z,{}
ev,ev--electric-car-sales-share-czechia-share-of-new-cars-that-are-electric,Czechia · Share of new cars that are electric,Czechia,Share of new cars that are electric,2021-12-31,2021,year,2021-01-01,3.1,% nowych aut,annual,observed,https://ourworldindata.org/grapher/electric-car-sales-share.csv,2026-09-28T22:52:31.425Z,{}
ev,ev--electric-car-sales-share-denmark-share-of-new-cars-that-are-electric,Denmark · Share of new cars that are electric,Denmark,Share of new cars that are electric,2021-12-31,2021,year,2021-01-01,35.0,% nowych aut,annual,observed,https://ourworldindata.org/grapher/electric-car-sales-share.csv,2026-09-28T22:52:31.425Z,{}
ev,ev--electric-car-sales-share-estonia-share-of-new-cars-that-are-electric,Estonia · Share of new cars that are electric,Estonia,Share of new cars that are electric,2021-12-31,2021,year,2021-01-01,3.2,% nowych aut,annual,observed,https://ourworldindata.org/grapher/electric-car-sales-share.csv,2026-09-28T22:52:31.425Z,{}
ev,ev--electric-car-sales-share-europe-share-of-new-cars-that-are-electric,Europe · Share of new cars that are electric,Europe,Share of new cars that are electric,2021-12-31,2021,year,2021-01-01,17.0,% nowych aut,annual,observed,https://ourworldindata.org/grapher/electric-car-sales-share.csv,2026-09-28T22:52:31.425Z,{}
ev,ev--electric-car-sales-share-european-union-27-share-of-new-cars-that-are-electric,European Union (27) · Share of new cars that are electric,European Union (27),Share of new cars that are electric,2021-12-31,2021,year,2021-01-01,18.0,% nowych aut,annual,observed,https://ourworldindata.org/grapher/electric-car-sales-share.csv,2026-09-28T22:52:31.425Z,{}
ev,ev--electric-car-sales-share-finland-share-of-new-cars-that-are-electric,Finland · Share of new cars that are electric,Finland,Share of new cars that are electric,2021-12-31,2021,year,2021-01-01,31.0,% nowych aut,annual,observed,https://ourworldindata.org/grapher/electric-car-sales-share.csv,2026-09-28T22:52:31.425Z,{}
ev,ev--electric-car-sales-share-france-share-of-new-cars-that-are-electric,France · Share of new cars that are electric,France,Share of new cars that are electric,2021-12-31,2021,year,2021-01-01,17.0,% nowych aut,annual,observed,https://ourworldindata.org/grapher/electric-car-sales-share.csv,2026-09-28T22:52:31.425Z,{}
ev,ev--electric-car-sales-share-germany-share-of-new-cars-that-are-electric,Germany · Share of new cars that are electric,Germany,Share of new cars that are electric,2021-12-31,2021,year,2021-01-01,26.0,% nowych aut,annual,observed,https://ourworldindata.org/grapher/electric-car-sales-share.csv,2026-09-28T22:52:31.425Z,{}
ev,ev--electric-car-sales-share-greece-share-of-new-cars-that-are-electric,Greece · Share of new cars that are electric,Greece,Share of new cars that are electric,2021-12-31,2021,year,2021-01-01,6.9,% nowych aut,annual,observed,https://ourworldindata.org/grapher/electric-car-sales-share.csv,2026-09-28T22:52:31.425Z,{}
ev,ev--electric-car-sales-share-hungary-share-of-new-cars-that-are-electric,Hungary · Share of new cars that are electric,Hungary,Share of new cars that are electric,2021-12-31,2021,year,2021-01-01,7.0,% nowych aut,annual,observed,https://ourworldindata.org/grapher/electric-car-sales-share.csv,2026-09-28T22:52:31.425Z,{}
ev,ev--electric-car-sales-share-iceland-share-of-new-cars-that-are-electric,Iceland · Share of new cars that are electric,Iceland,Share of new cars that are electric,2021-12-31,2021,year,2021-01-01,70.0,% nowych aut,annual,observed,https://ourworldindata.org/grapher/electric-car-sales-share.csv,2026-09-28T22:52:31.425Z,{}
ev,ev--electric-car-sales-share-india-share-of-new-cars-that-are-electric,India · Share of new cars that are electric,India,Share of new cars that are electric,2021-12-31,2021,year,2021-01-01,0.41,% nowych aut,annual,observed,https://ourworldindata.org/grapher/electric-car-sales-share.csv,2026-09-28T22:52:31.425Z,{}
ev,ev--electric-car-sales-share-indonesia-share-of-new-cars-that-are-electric,Indonesia · Share of new cars that are electric,Indonesia,Share of new cars that are electric,2021-12-31,2021,year,2021-01-01,0.12,% nowych aut,annual,observed,https://ourworldindata.org/grapher/electric-car-sales-share.csv,2026-09-28T22:52:31.425Z,{}
ev,ev--electric-car-sales-share-ireland-share-of-new-cars-that-are-electric,Ireland · Share of new cars that are electric,Ireland,Share of new cars that are electric,2021-12-31,2021,year,2021-01-01,16.0,% nowych aut,annual,observed,https://ourworldindata.org/grapher/electric-car-sales-share.csv,2026-09-28T22:52:31.425Z,{}
ev,ev--electric-car-sales-share-israel-share-of-new-cars-that-are-electric,Israel · Share of new cars that are electric,Israel,Share of new cars that are electric,2021-12-31,2021,year,2021-01-01,6.9,% nowych aut,annual,observed,https://ourworldindata.org/grapher/electric-car-sales-share.csv,2026-09-28T22:52:31.425Z,{}
ev,ev--electric-car-sales-share-italy-share-of-new-cars-that-are-electric,Italy · Share of new cars that are electric,Italy,Share of new cars that are electric,2021-12-31,2021,year,2021-01-01,9.1,% nowych aut,annual,observed,https://ourworldindata.org/grapher/electric-car-sales-share.csv,2026-09-28T22:52:31.425Z,{}
ev,ev--electric-car-sales-share-japan-share-of-new-cars-that-are-electric,Japan · Share of new cars that are electric,Japan,Share of new cars that are electric,2021-12-31,2021,year,2021-01-01,1.2,% nowych aut,annual,observed,https://ourworldindata.org/grapher/electric-car-sales-share.csv,2026-09-28T22:52:31.425Z,{}
ev,ev--electric-car-sales-share-jordan-share-of-new-cars-that-are-electric,Jordan · Share of new cars that are electric,Jordan,Share of new cars that are electric,2021-12-31,2021,year,2021-01-01,7.6,% nowych aut,annual,observed,https://ourworldindata.org/grapher/electric-car-sales-share.csv,2026-09-28T22:52:31.425Z,{}
ev,ev--electric-car-sales-share-latvia-share-of-new-cars-that-are-electric,Latvia · Share of new cars that are electric,Latvia,Share of new cars that are electric,2021-12-31,2021,year,2021-01-01,3.9,% nowych aut,annual,observed,https://ourworldindata.org/grapher/electric-car-sales-share.csv,2026-09-28T22:52:31.425Z,{}
ev,ev--electric-car-sales-share-lithuania-share-of-new-cars-that-are-electric,Lithuania · Share of new cars that are electric,Lithuania,Share of new cars that are electric,2021-12-31,2021,year,2021-01-01,5.0,% nowych aut,annual,observed,https://ourworldindata.org/grapher/electric-car-sales-share.csv,2026-09-28T22:52:31.425Z,{}
ev,ev--electric-car-sales-share-luxembourg-share-of-new-cars-that-are-electric,Luxembourg · Share of new cars that are electric,Luxembourg,Share of new cars that are electric,2021-12-31,2021,year,2021-01-01,20.0,% nowych aut,annual,observed,https://ourworldindata.org/grapher/electric-car-sales-share.csv,2026-09-28T22:52:31.425Z,{}
ev,ev--electric-car-sales-share-malaysia-share-of-new-cars-that-are-electric,Malaysia · Share of new cars that are electric,Malaysia,Share of new cars that are electric,2021-12-31,2021,year,2021-01-01,0.28,% nowych aut,annual,observed,https://ourworldindata.org/grapher/electric-car-sales-share.csv,2026-09-28T22:52:31.425Z,{}
ev,ev--electric-car-sales-share-mexico-share-of-new-cars-that-are-electric,Mexico · Share of new cars that are electric,Mexico,Share of new cars that are electric,2021-12-31,2021,year,2021-01-01,0.78,% nowych aut,annual,observed,https://ourworldindata.org/grapher/electric-car-sales-share.csv,2026-09-28T22:52:31.425Z,{}
ev,ev--electric-car-sales-share-nepal-share-of-new-cars-that-are-electric,Nepal · Share of new cars that are electric,Nepal,Share of new cars that are electric,2021-12-31,2021,year,2021-01-01,9.9,% nowych aut,annual,observed,https://ourworldindata.org/grapher/electric-car-sales-share.csv,2026-09-28T22:52:31.425Z,{}
ev,ev--electric-car-sales-share-netherlands-share-of-new-cars-that-are-electric,Netherlands · Share of new cars that are electric,Netherlands,Share of new cars that are electric,2021-12-31,2021,year,2021-01-01,29.0,% nowych aut,annual,observed,https://ourworldindata.org/grapher/electric-car-sales-share.csv,2026-09-28T22:52:31.425Z,{}
ev,ev--electric-car-sales-share-new-zealand-share-of-new-cars-that-are-electric,New Zealand · Share of new cars that are electric,New Zealand,Share of new cars that are electric,2021-12-31,2021,year,2021-01-01,9.4,% nowych aut,annual,observed,https://ourworldindata.org/grapher/electric-car-sales-share.csv,2026-09-28T22:52:31.425Z,{}
ev,ev--electric-car-sales-share-norway-share-of-new-cars-that-are-electric,Norway · Share of new cars that are electric,Norway,Share of new cars that are electric,2021-12-31,2021,year,2021-01-01,86.0,% nowych aut,annual,observed,https://ourworldindata.org/grapher/electric-car-sales-share.csv,2026-09-28T22:52:31.425Z,{}
ev,ev--electric-car-sales-share-philippines-share-of-new-cars-that-are-electric,Philippines · Share of new cars that are electric,Philippines,Share of new cars that are electric,2021-12-31,2021,year,2021-01-01,0.17,% nowych aut,annual,observed,https://ourworldindata.org/grapher/electric-car-sales-share.csv,2026-09-28T22:52:31.425Z,{}
ev,ev--electric-car-sales-share-poland-share-of-new-cars-that-are-electric,Poland · Share of new cars that are electric,Poland,Share of new cars that are electric,2021-12-31,2021,year,2021-01-01,3.6,% nowych aut,annual,observed,https://ourworldindata.org/grapher/electric-car-sales-share.csv,2026-09-28T22:52:31.425Z,{}
ev,ev--electric-car-sales-share-portugal-share-of-new-cars-that-are-electric,Portugal · Share of new cars that are electric,Portugal,Share of new cars that are electric,2021-12-31,2021,year,2021-01-01,20.0,% nowych aut,annual,observed,https://ourworldindata.org/grapher/electric-car-sales-share.csv,2026-09-28T22:52:31.425Z,{}
ev,ev--electric-car-sales-share-rest-of-world-share-of-new-cars-that-are-electric,Rest of World · Share of new cars that are electric,Rest of World,Share of new cars that are electric,2021-12-31,2021,year,2021-01-01,1.532554,% nowych aut,annual,observed,https://ourworldindata.org/grapher/electric-car-sales-share.csv,2026-09-28T22:52:31.425Z,{}
ev,ev--electric-car-sales-share-romania-share-of-new-cars-that-are-electric,Romania · Share of new cars that are electric,Romania,Share of new cars that are electric,2021-12-31,2021,year,2021-01-01,5.2,% nowych aut,annual,observed,https://ourworldindata.org/grapher/electric-car-sales-share.csv,2026-09-28T22:52:31.425Z,{}
ev,ev--electric-car-sales-share-russia-share-of-new-cars-that-are-electric,Russia · Share of new cars that are electric,Russia,Share of new cars that are electric,2021-12-31,2021,year,2021-01-01,0.13,% nowych aut,annual,observed,https://ourworldindata.org/grapher/electric-car-sales-share.csv,2026-09-28T22:52:31.425Z,{}
ev,ev--electric-car-sales-share-seychelles-share-of-new-cars-that-are-electric,Seychelles · Share of new cars that are electric,Seychelles,Share of new cars that are electric,2021-12-31,2021,year,2021-01-01,4.2,% nowych aut,annual,observed,https://ourworldindata.org/grapher/electric-car-sales-share.csv,2026-09-28T22:52:31.425Z,{}
ev,ev--electric-car-sales-share-singapore-share-of-new-cars-that-are-electric,Singapore · Share of new cars that are electric,Singapore,Share of new cars that are electric,2021-12-31,2021,year,2021-01-01,8.1,% nowych aut,annual,observed,https://ourworldindata.org/grapher/electric-car-sales-share.csv,2026-09-28T22:52:31.425Z,{}
ev,ev--electric-car-sales-share-slovakia-share-of-new-cars-that-are-electric,Slovakia · Share of new cars that are electric,Slovakia,Share of new cars that are electric,2021-12-31,2021,year,2021-01-01,3.0,% nowych aut,annual,observed,https://ourworldindata.org/grapher/electric-car-sales-share.csv,2026-09-28T22:52:31.425Z,{}
ev,ev--electric-car-sales-share-slovenia-share-of-new-cars-that-are-electric,Slovenia · Share of new cars that are electric,Slovenia,Share of new cars that are electric,2021-12-31,2021,year,2021-01-01,3.8,% nowych aut,annual,observed,https://ourworldindata.org/grapher/electric-car-sales-share.csv,2026-09-28T22:52:31.425Z,{}
ev,ev--electric-car-sales-share-south-africa-share-of-new-cars-that-are-electric,South Africa · Share of new cars that are electric,South Africa,Share of new cars that are electric,2021-12-31,2021,year,2021-01-01,0.088,% nowych aut,annual,observed,https://ourworldindata.org/grapher/electric-car-sales-share.csv,2026-09-28T22:52:31.425Z,{}
ev,ev--electric-car-sales-share-south-korea-share-of-new-cars-that-are-electric,South Korea · Share of new cars that are electric,South Korea,Share of new cars that are electric,2021-12-31,2021,year,2021-01-01,6.3,% nowych aut,annual,observed,https://ourworldindata.org/grapher/electric-car-sales-share.csv,2026-09-28T22:52:31.425Z,{}
ev,ev--electric-car-sales-share-spain-share-of-new-cars-that-are-electric,Spain · Share of new cars that are electric,Spain,Share of new cars that are electric,2021-12-31,2021,year,2021-01-01,7.3,% nowych aut,annual,observed,https://ourworldindata.org/grapher/electric-car-sales-share.csv,2026-09-28T22:52:31.425Z,{}
ev,ev--electric-car-sales-share-sweden-share-of-new-cars-that-are-electric,Sweden · Share of new cars that are electric,Sweden,Share of new cars that are electric,2021-12-31,2021,year,2021-01-01,43.0,% nowych aut,annual,observed,https://ourworldindata.org/grapher/electric-car-sales-share.csv,2026-09-28T22:52:31.425Z,{}
ev,ev--electric-car-sales-share-switzerland-share-of-new-cars-that-are-electric,Switzerland · Share of new cars that are electric,Switzerland,Share of new cars that are electric,2021-12-31,2021,year,2021-01-01,23.0,% nowych aut,annual,observed,https://ourworldindata.org/grapher/electric-car-sales-share.csv,2026-09-28T22:52:31.425Z,{}
ev,ev--electric-car-sales-share-thailand-share-of-new-cars-that-are-electric,Thailand · Share of new cars that are electric,Thailand,Share of new cars that are electric,2021-12-31,2021,year,2021-01-01,1.2,% nowych aut,annual,observed,https://ourworldindata.org/grapher/electric-car-sales-share.csv,2026-09-28T22:52:31.425Z,{}
ev,ev--electric-car-sales-share-turkey-share-of-new-cars-that-are-electric,Turkey · Share of new cars that are electric,Turkey,Share of new cars that are electric,2021-12-31,2021,year,2021-01-01,0.63,% nowych aut,annual,observed,https://ourworldindata.org/grapher/electric-car-sales-share.csv,2026-09-28T22:52:31.425Z,{}
ev,ev--electric-car-sales-share-united-arab-emirates-share-of-new-cars-that-are-electric,United Arab Emirates · Share of new cars that are electric,United Arab Emirates,Share of new cars that are electric,2021-12-31,2021,year,2021-01-01,2.5,% nowych aut,annual,observed,https://ourworldindata.org/grapher/electric-car-sales-share.csv,2026-09-28T22:52:31.425Z,{}
ev,ev--electric-car-sales-share-united-kingdom-share-of-new-cars-that-are-electric,United Kingdom · Share of new cars that are electric,United Kingdom,Share of new cars that are electric,2021-12-31,2021,year,2021-01-01,18.0,% nowych aut,annual,observed,https://ourworldindata.org/grapher/electric-car-sales-share.csv,2026-09-28T22:52:31.425Z,{}
ev,ev--electric-car-sales-share-united-states-share-of-new-cars-that-are-electric,United States · Share of new cars that are electric,United States,Share of new cars that are electric,2021-12-31,2021,year,2021-01-01,4.7,% nowych aut,annual,observed,https://ourworldindata.org/grapher/electric-car-sales-share.csv,2026-09-28T22:52:31.425Z,{}
ev,ev--electric-car-sales-share-vietnam-share-of-new-cars-that-are-electric,Vietnam · Share of new cars that are electric,Vietnam,Share of new cars that are electric,2021-12-31,2021,year,2021-01-01,0.042,% nowych aut,annual,observed,https://ourworldindata.org/grapher/electric-car-sales-share.csv,2026-09-28T22:52:31.425Z,{}
ev,ev--electric-car-sales-share-world-share-of-new-cars-that-are-electric,Share of new cars that are electric,World,Share of new cars that are electric,2021-12-31,2021,year,2021-01-01,9.3,% nowych aut,annual,observed,https://ourworldindata.org/grapher/electric-car-sales-share.csv,2026-09-28T22:52:31.425Z,{}
ev,ev--electric-car-sales-share-australia-share-of-new-cars-that-are-electric,Australia · Share of new cars that are electric,Australia,Share of new cars that are electric,2022-12-31,2022,year,2022-01-01,5.1,% nowych aut,annual,observed,https://ourworldindata.org/grapher/electric-car-sales-share.csv,2026-09-28T22:52:31.425Z,{}
ev,ev--electric-car-sales-share-austria-share-of-new-cars-that-are-electric,Austria · Share of new cars that are electric,Austria,Share of new cars that are electric,2022-12-31,2022,year,2022-01-01,22.0,% nowych aut,annual,observed,https://ourworldindata.org/grapher/electric-car-sales-share.csv,2026-09-28T22:52:31.425Z,{}
ev,ev--electric-car-sales-share-belgium-share-of-new-cars-that-are-electric,Belgium · Share of new cars that are electric,Belgium,Share of new cars that are electric,2022-12-31,2022,year,2022-01-01,26.0,% nowych aut,annual,observed,https://ourworldindata.org/grapher/electric-car-sales-share.csv,2026-09-28T22:52:31.425Z,{}
ev,ev--electric-car-sales-share-brazil-share-of-new-cars-that-are-electric,Brazil · Share of new cars that are electric,Brazil,Share of new cars that are electric,2022-12-31,2022,year,2022-01-01,1.2,% nowych aut,annual,observed,https://ourworldindata.org/grapher/electric-car-sales-share.csv,2026-09-28T22:52:31.425Z,{}
ev,ev--electric-car-sales-share-bulgaria-share-of-new-cars-that-are-electric,Bulgaria · Share of new cars that are electric,Bulgaria,Share of new cars that are electric,2022-12-31,2022,year,2022-01-01,4.0,% nowych aut,annual,observed,https://ourworldindata.org/grapher/electric-car-sales-share.csv,2026-09-28T22:52:31.425Z,{}
ev,ev--electric-car-sales-share-cambodia-share-of-new-cars-that-are-electric,Cambodia · Share of new cars that are electric,Cambodia,Share of new cars that are electric,2022-12-31,2022,year,2022-01-01,0.45,% nowych aut,annual,observed,https://ourworldindata.org/grapher/electric-car-sales-share.csv,2026-09-28T22:52:31.425Z,{}
ev,ev--electric-car-sales-share-canada-share-of-new-cars-that-are-electric,Canada · Share of new cars that are electric,Canada,Share of new cars that are electric,2022-12-31,2022,year,2022-01-01,9.5,% nowych aut,annual,observed,https://ourworldindata.org/grapher/electric-car-sales-share.csv,2026-09-28T22:52:31.425Z,{}
ev,ev--electric-car-sales-share-chile-share-of-new-cars-that-are-electric,Chile · Share of new cars that are electric,Chile,Share of new cars that are electric,2022-12-31,2022,year,2022-01-01,0.6,% nowych aut,annual,observed,https://ourworldindata.org/grapher/electric-car-sales-share.csv,2026-09-28T22:52:31.425Z,{}
ev,ev--electric-car-sales-share-china-share-of-new-cars-that-are-electric,China · Share of new cars that are electric,China,Share of new cars that are electric,2022-12-31,2022,year,2022-01-01,29.0,% nowych aut,annual,observed,https://ourworldindata.org/grapher/electric-car-sales-share.csv,2026-09-28T22:52:31.425Z,{}
ev,ev--electric-car-sales-share-colombia-share-of-new-cars-that-are-electric,Colombia · Share of new cars that are electric,Colombia,Share of new cars that are electric,2022-12-31,2022,year,2022-01-01,2.2,% nowych aut,annual,observed,https://ourworldindata.org/grapher/electric-car-sales-share.csv,2026-09-28T22:52:31.425Z,{}
ev,ev--electric-car-sales-share-costa-rica-share-of-new-cars-that-are-electric,Costa Rica · Share of new cars that are electric,Costa Rica,Share of new cars that are electric,2022-12-31,2022,year,2022-01-01,7.6,% nowych aut,annual,observed,https://ourworldindata.org/grapher/electric-car-sales-share.csv,2026-09-28T22:52:31.425Z,{}
ev,ev--electric-car-sales-share-croatia-share-of-new-cars-that-are-electric,Croatia · Share of new cars that are electric,Croatia,Share of new cars that are electric,2022-12-31,2022,year,2022-01-01,5.0,% nowych aut,annual,observed,https://ourworldindata.org/grapher/electric-car-sales-share.csv,2026-09-28T22:52:31.425Z,{}
ev,ev--electric-car-sales-share-cyprus-share-of-new-cars-that-are-electric,Cyprus · Share of new cars that are electric,Cyprus,Share of new cars that are electric,2022-12-31,2022,year,2022-01-01,5.4,% nowych aut,annual,observed,https://ourworldindata.org/grapher/electric-car-sales-share.csv,2026-09-28T22:52:31.425Z,{}
ev,ev--electric-car-sales-share-czechia-share-of-new-cars-that-are-electric,Czechia · Share of new cars that are electric,Czechia,Share of new cars that are electric,2022-12-31,2022,year,2022-01-01,3.9,% nowych aut,annual,observed,https://ourworldindata.org/grapher/electric-car-sales-share.csv,2026-09-28T22:52:31.425Z,{}
ev,ev--electric-car-sales-share-denmark-share-of-new-cars-that-are-electric,Denmark · Share of new cars that are electric,Denmark,Share of new cars that are electric,2022-12-31,2022,year,2022-01-01,38.0,% nowych aut,annual,observed,https://ourworldindata.org/grapher/electric-car-sales-share.csv,2026-09-28T22:52:31.425Z,{}
ev,ev--electric-car-sales-share-estonia-share-of-new-cars-that-are-electric,Estonia · Share of new cars that are electric,Estonia,Share of new cars that are electric,2022-12-31,2022,year,2022-01-01,5.4,% nowych aut,annual,observed,https://ourworldindata.org/grapher/electric-car-sales-share.csv,2026-09-28T22:52:31.425Z,{}
ev,ev--electric-car-sales-share-europe-share-of-new-cars-that-are-electric,Europe · Share of new cars that are electric,Europe,Share of new cars that are electric,2022-12-31,2022,year,2022-01-01,21.0,% nowych aut,annual,observed,https://ourworldindata.org/grapher/electric-car-sales-share.csv,2026-09-28T22:52:31.425Z,{}
ev,ev--electric-car-sales-share-european-union-27-share-of-new-cars-that-are-electric,European Union (27) · Share of new cars that are electric,European Union (27),Share of new cars that are electric,2022-12-31,2022,year,2022-01-01,21.0,% nowych aut,annual,observed,https://ourworldindata.org/grapher/electric-car-sales-share.csv,2026-09-28T22:52:31.425Z,{}
ev,ev--electric-car-sales-share-finland-share-of-new-cars-that-are-electric,Finland · Share of new cars that are electric,Finland,Share of new cars that are electric,2022-12-31,2022,year,2022-01-01,38.0,% nowych aut,annual,observed,https://ourworldindata.org/grapher/electric-car-sales-share.csv,2026-09-28T22:52:31.425Z,{}
ev,ev--electric-car-sales-share-france-share-of-new-cars-that-are-electric,France · Share of new cars that are electric,France,Share of new cars that are electric,2022-12-31,2022,year,2022-01-01,20.0,% nowych aut,annual,observed,https://ourworldindata.org/grapher/electric-car-sales-share.csv,2026-09-28T22:52:31.425Z,{}
ev,ev--electric-car-sales-share-germany-share-of-new-cars-that-are-electric,Germany · Share of new cars that are electric,Germany,Share of new cars that are electric,2022-12-31,2022,year,2022-01-01,31.0,% nowych aut,annual,observed,https://ourworldindata.org/grapher/electric-car-sales-share.csv,2026-09-28T22:52:31.425Z,{}
ev,ev--electric-car-sales-share-greece-share-of-new-cars-that-are-electric,Greece · Share of new cars that are electric,Greece,Share of new cars that are electric,2022-12-31,2022,year,2022-01-01,7.9,% nowych aut,annual,observed,https://ourworldindata.org/grapher/electric-car-sales-share.csv,2026-09-28T22:52:31.425Z,{}
ev,ev--electric-car-sales-share-hungary-share-of-new-cars-that-are-electric,Hungary · Share of new cars that are electric,Hungary,Share of new cars that are electric,2022-12-31,2022,year,2022-01-01,8.6,% nowych aut,annual,observed,https://ourworldindata.org/grapher/electric-car-sales-share.csv,2026-09-28T22:52:31.425Z,{}
ev,ev--electric-car-sales-share-iceland-share-of-new-cars-that-are-electric,Iceland · Share of new cars that are electric,Iceland,Share of new cars that are electric,2022-12-31,2022,year,2022-01-01,69.0,% nowych aut,annual,observed,https://ourworldindata.org/grapher/electric-car-sales-share.csv,2026-09-28T22:52:31.425Z,{}
ev,ev--electric-car-sales-share-india-share-of-new-cars-that-are-electric,India · Share of new cars that are electric,India,Share of new cars that are electric,2022-12-31,2022,year,2022-01-01,1.4,% nowych aut,annual,observed,https://ourworldindata.org/grapher/electric-car-sales-share.csv,2026-09-28T22:52:31.425Z,{}
ev,ev--electric-car-sales-share-indonesia-share-of-new-cars-that-are-electric,Indonesia · Share of new cars that are electric,Indonesia,Share of new cars that are electric,2022-12-31,2022,year,2022-01-01,1.4,% nowych aut,annual,observed,https://ourworldindata.org/grapher/electric-car-sales-share.csv,2026-09-28T22:52:31.425Z,{}
ev,ev--electric-car-sales-share-ireland-share-of-new-cars-that-are-electric,Ireland · Share of new cars that are electric,Ireland,Share of new cars that are electric,2022-12-31,2022,year,2022-01-01,22.0,% nowych aut,annual,observed,https://ourworldindata.org/grapher/electric-car-sales-share.csv,2026-09-28T22:52:31.425Z,{}
ev,ev--electric-car-sales-share-israel-share-of-new-cars-that-are-electric,Israel · Share of new cars that are electric,Israel,Share of new cars that are electric,2022-12-31,2022,year,2022-01-01,12.0,% nowych aut,annual,observed,https://ourworldindata.org/grapher/electric-car-sales-share.csv,2026-09-28T22:52:31.425Z,{}
ev,ev--electric-car-sales-share-italy-share-of-new-cars-that-are-electric,Italy · Share of new cars that are electric,Italy,Share of new cars that are electric,2022-12-31,2022,year,2022-01-01,8.5,% nowych aut,annual,observed,https://ourworldindata.org/grapher/electric-car-sales-share.csv,2026-09-28T22:52:31.425Z,{}
ev,ev--electric-car-sales-share-japan-share-of-new-cars-that-are-electric,Japan · Share of new cars that are electric,Japan,Share of new cars that are electric,2022-12-31,2022,year,2022-01-01,2.8,% nowych aut,annual,observed,https://ourworldindata.org/grapher/electric-car-sales-share.csv,2026-09-28T22:52:31.425Z,{}
ev,ev--electric-car-sales-share-jordan-share-of-new-cars-that-are-electric,Jordan · Share of new cars that are electric,Jordan,Share of new cars that are electric,2022-12-31,2022,year,2022-01-01,7.2,% nowych aut,annual,observed,https://ourworldindata.org/grapher/electric-car-sales-share.csv,2026-09-28T22:52:31.425Z,{}
ev,ev--electric-car-sales-share-laos-share-of-new-cars-that-are-electric,Laos · Share of new cars that are electric,Laos,Share of new cars that are electric,2022-12-31,2022,year,2022-01-01,3.2,% nowych aut,annual,observed,https://ourworldindata.org/grapher/electric-car-sales-share.csv,2026-09-28T22:52:31.425Z,{}
ev,ev--electric-car-sales-share-latvia-share-of-new-cars-that-are-electric,Latvia · Share of new cars that are electric,Latvia,Share of new cars that are electric,2022-12-31,2022,year,2022-01-01,8.1,% nowych aut,annual,observed,https://ourworldindata.org/grapher/electric-car-sales-share.csv,2026-09-28T22:52:31.425Z,{}
ev,ev--electric-car-sales-share-lithuania-share-of-new-cars-that-are-electric,Lithuania · Share of new cars that are electric,Lithuania,Share of new cars that are electric,2022-12-31,2022,year,2022-01-01,7.9,% nowych aut,annual,observed,https://ourworldindata.org/grapher/electric-car-sales-share.csv,2026-09-28T22:52:31.425Z,{}
ev,ev--electric-car-sales-share-luxembourg-share-of-new-cars-that-are-electric,Luxembourg · Share of new cars that are electric,Luxembourg,Share of new cars that are electric,2022-12-31,2022,year,2022-01-01,24.0,% nowych aut,annual,observed,https://ourworldindata.org/grapher/electric-car-sales-share.csv,2026-09-28T22:52:31.425Z,{}
ev,ev--electric-car-sales-share-malaysia-share-of-new-cars-that-are-electric,Malaysia · Share of new cars that are electric,Malaysia,Share of new cars that are electric,2022-12-31,2022,year,2022-01-01,0.49,% nowych aut,annual,observed,https://ourworldindata.org/grapher/electric-car-sales-share.csv,2026-09-28T22:52:31.425Z,{}
ev,ev--electric-car-sales-share-mexico-share-of-new-cars-that-are-electric,Mexico · Share of new cars that are electric,Mexico,Share of new cars that are electric,2022-12-31,2022,year,2022-01-01,0.96,% nowych aut,annual,observed,https://ourworldindata.org/grapher/electric-car-sales-share.csv,2026-09-28T22:52:31.425Z,{}
ev,ev--electric-car-sales-share-nepal-share-of-new-cars-that-are-electric,Nepal · Share of new cars that are electric,Nepal,Share of new cars that are electric,2022-12-31,2022,year,2022-01-01,29.0,% nowych aut,annual,observed,https://ourworldindata.org/grapher/electric-car-sales-share.csv,2026-09-28T22:52:31.425Z,{}
ev,ev--electric-car-sales-share-netherlands-share-of-new-cars-that-are-electric,Netherlands · Share of new cars that are electric,Netherlands,Share of new cars that are electric,2022-12-31,2022,year,2022-01-01,35.0,% nowych aut,annual,observed,https://ourworldindata.org/grapher/electric-car-sales-share.csv,2026-09-28T22:52:31.425Z,{}
ev,ev--electric-car-sales-share-new-zealand-share-of-new-cars-that-are-electric,New Zealand · Share of new cars that are electric,New Zealand,Share of new cars that are electric,2022-12-31,2022,year,2022-01-01,24.0,% nowych aut,annual,observed,https://ourworldindata.org/grapher/electric-car-sales-share.csv,2026-09-28T22:52:31.425Z,{}
ev,ev--electric-car-sales-share-norway-share-of-new-cars-that-are-electric,Norway · Share of new cars that are electric,Norway,Share of new cars that are electric,2022-12-31,2022,year,2022-01-01,89.0,% nowych aut,annual,observed,https://ourworldindata.org/grapher/electric-car-sales-share.csv,2026-09-28T22:52:31.425Z,{}
ev,ev--electric-car-sales-share-philippines-share-of-new-cars-that-are-electric,Philippines · Share of new cars that are electric,Philippines,Share of new cars that are electric,2022-12-31,2022,year,2022-01-01,0.15,% nowych aut,annual,observed,https://ourworldindata.org/grapher/electric-car-sales-share.csv,2026-09-28T22:52:31.425Z,{}
ev,ev--electric-car-sales-share-poland-share-of-new-cars-that-are-electric,Poland · Share of new cars that are electric,Poland,Share of new cars that are electric,2022-12-31,2022,year,2022-01-01,5.9,% nowych aut,annual,observed,https://ourworldindata.org/grapher/electric-car-sales-share.csv,2026-09-28T22:52:31.425Z,{}
ev,ev--electric-car-sales-share-portugal-share-of-new-cars-that-are-electric,Portugal · Share of new cars that are electric,Portugal,Share of new cars that are electric,2022-12-31,2022,year,2022-01-01,22.0,% nowych aut,annual,observed,https://ourworldindata.org/grapher/electric-car-sales-share.csv,2026-09-28T22:52:31.425Z,{}
ev,ev--electric-car-sales-share-romania-share-of-new-cars-that-are-electric,Romania · Share of new cars that are electric,Romania,Share of new cars that are electric,2022-12-31,2022,year,2022-01-01,9.0,% nowych aut,annual,observed,https://ourworldindata.org/grapher/electric-car-sales-share.csv,2026-09-28T22:52:31.425Z,{}
ev,ev--electric-car-sales-share-russia-share-of-new-cars-that-are-electric,Russia · Share of new cars that are electric,Russia,Share of new cars that are electric,2022-12-31,2022,year,2022-01-01,0.13,% nowych aut,annual,observed,https://ourworldindata.org/grapher/electric-car-sales-share.csv,2026-09-28T22:52:31.425Z,{}
ev,ev--electric-car-sales-share-seychelles-share-of-new-cars-that-are-electric,Seychelles · Share of new cars that are electric,Seychelles,Share of new cars that are electric,2022-12-31,2022,year,2022-01-01,1.7,% nowych aut,annual,observed,https://ourworldindata.org/grapher/electric-car-sales-share.csv,2026-09-28T22:52:31.425Z,{}
ev,ev--electric-car-sales-share-singapore-share-of-new-cars-that-are-electric,Singapore · Share of new cars that are electric,Singapore,Share of new cars that are electric,2022-12-31,2022,year,2022-01-01,15.0,% nowych aut,annual,observed,https://ourworldindata.org/grapher/electric-car-sales-share.csv,2026-09-28T22:52:31.425Z,{}
ev,ev--electric-car-sales-share-slovakia-share-of-new-cars-that-are-electric,Slovakia · Share of new cars that are electric,Slovakia,Share of new cars that are electric,2022-12-31,2022,year,2022-01-01,3.7,% nowych aut,annual,observed,https://ourworldindata.org/grapher/electric-car-sales-share.csv,2026-09-28T22:52:31.425Z,{}
ev,ev--electric-car-sales-share-slovenia-share-of-new-cars-that-are-electric,Slovenia · Share of new cars that are electric,Slovenia,Share of new cars that are electric,2022-12-31,2022,year,2022-01-01,6.2,% nowych aut,annual,observed,https://ourworldindata.org/grapher/electric-car-sales-share.csv,2026-09-28T22:52:31.425Z,{}
ev,ev--electric-car-sales-share-south-africa-share-of-new-cars-that-are-electric,South Africa · Share of new cars that are electric,South Africa,Share of new cars that are electric,2022-12-31,2022,year,2022-01-01,0.17,% nowych aut,annual,observed,https://ourworldindata.org/grapher/electric-car-sales-share.csv,2026-09-28T22:52:31.425Z,{}
ev,ev--electric-car-sales-share-south-korea-share-of-new-cars-that-are-electric,South Korea · Share of new cars that are electric,South Korea,Share of new cars that are electric,2022-12-31,2022,year,2022-01-01,9.6,% nowych aut,annual,observed,https://ourworldindata.org/grapher/electric-car-sales-share.csv,2026-09-28T22:52:31.425Z,{}
ev,ev--electric-car-sales-share-spain-share-of-new-cars-that-are-electric,Spain · Share of new cars that are electric,Spain,Share of new cars that are electric,2022-12-31,2022,year,2022-01-01,8.9,% nowych aut,annual,observed,https://ourworldindata.org/grapher/electric-car-sales-share.csv,2026-09-28T22:52:31.425Z,{}
ev,ev--electric-car-sales-share-sweden-share-of-new-cars-that-are-electric,Sweden · Share of new cars that are electric,Sweden,Share of new cars that are electric,2022-12-31,2022,year,2022-01-01,54.0,% nowych aut,annual,observed,https://ourworldindata.org/grapher/electric-car-sales-share.csv,2026-09-28T22:52:31.425Z,{}
ev,ev--electric-car-sales-share-switzerland-share-of-new-cars-that-are-electric,Switzerland · Share of new cars that are electric,Switzerland,Share of new cars that are electric,2022-12-31,2022,year,2022-01-01,26.0,% nowych aut,annual,observed,https://ourworldindata.org/grapher/electric-car-sales-share.csv,2026-09-28T22:52:31.425Z,{}
ev,ev--electric-car-sales-share-thailand-share-of-new-cars-that-are-electric,Thailand · Share of new cars that are electric,Thailand,Share of new cars that are electric,2022-12-31,2022,year,2022-01-01,2.3,% nowych aut,annual,observed,https://ourworldindata.org/grapher/electric-car-sales-share.csv,2026-09-28T22:52:31.425Z,{}
ev,ev--electric-car-sales-share-turkey-share-of-new-cars-that-are-electric,Turkey · Share of new cars that are electric,Turkey,Share of new cars that are electric,2022-12-31,2022,year,2022-01-01,1.3,% nowych aut,annual,observed,https://ourworldindata.org/grapher/electric-car-sales-share.csv,2026-09-28T22:52:31.425Z,{}
ev,ev--electric-car-sales-share-united-arab-emirates-share-of-new-cars-that-are-electric,United Arab Emirates · Share of new cars that are electric,United Arab Emirates,Share of new cars that are electric,2022-12-31,2022,year,2022-01-01,5.8,% nowych aut,annual,observed,https://ourworldindata.org/grapher/electric-car-sales-share.csv,2026-09-28T22:52:31.425Z,{}
ev,ev--electric-car-sales-share-united-kingdom-share-of-new-cars-that-are-electric,United Kingdom · Share of new cars that are electric,United Kingdom,Share of new cars that are electric,2022-12-31,2022,year,2022-01-01,22.0,% nowych aut,annual,observed,https://ourworldindata.org/grapher/electric-car-sales-share.csv,2026-09-28T22:52:31.425Z,{}
ev,ev--electric-car-sales-share-united-states-share-of-new-cars-that-are-electric,United States · Share of new cars that are electric,United States,Share of new cars that are electric,2022-12-31,2022,year,2022-01-01,7.7,% nowych aut,annual,observed,https://ourworldindata.org/grapher/electric-car-sales-share.csv,2026-09-28T22:52:31.425Z,{}
ev,ev--electric-car-sales-share-vietnam-share-of-new-cars-that-are-electric,Vietnam · Share of new cars that are electric,Vietnam,Share of new cars that are electric,2022-12-31,2022,year,2022-01-01,2.6,% nowych aut,annual,observed,https://ourworldindata.org/grapher/electric-car-sales-share.csv,2026-09-28T22:52:31.425Z,{}
ev,ev--electric-car-sales-share-world-share-of-new-cars-that-are-electric,Share of new cars that are electric,World,Share of new cars that are electric,2022-12-31,2022,year,2022-01-01,15.0,% nowych aut,annual,observed,https://ourworldindata.org/grapher/electric-car-sales-share.csv,2026-09-28T22:52:31.425Z,{}
ev,ev--electric-car-sales-share-australia-share-of-new-cars-that-are-electric,Australia · Share of new cars that are electric,Australia,Share of new cars that are electric,2023-12-31,2023,year,2023-01-01,11.0,% nowych aut,annual,observed,https://ourworldindata.org/grapher/electric-car-sales-share.csv,2026-09-28T22:52:31.425Z,{}
ev,ev--electric-car-sales-share-austria-share-of-new-cars-that-are-electric,Austria · Share of new cars that are electric,Austria,Share of new cars that are electric,2023-12-31,2023,year,2023-01-01,27.0,% nowych aut,annual,observed,https://ourworldindata.org/grapher/electric-car-sales-share.csv,2026-09-28T22:52:31.425Z,{}
ev,ev--electric-car-sales-share-belgium-share-of-new-cars-that-are-electric,Belgium · Share of new cars that are electric,Belgium,Share of new cars that are electric,2023-12-31,2023,year,2023-01-01,41.0,% nowych aut,annual,observed,https://ourworldindata.org/grapher/electric-car-sales-share.csv,2026-09-28T22:52:31.425Z,{}
ev,ev--electric-car-sales-share-brazil-share-of-new-cars-that-are-electric,Brazil · Share of new cars that are electric,Brazil,Share of new cars that are electric,2023-12-31,2023,year,2023-01-01,3.0,% nowych aut,annual,observed,https://ourworldindata.org/grapher/electric-car-sales-share.csv,2026-09-28T22:52:31.425Z,{}
ev,ev--electric-car-sales-share-bulgaria-share-of-new-cars-that-are-electric,Bulgaria · Share of new cars that are electric,Bulgaria,Share of new cars that are electric,2023-12-31,2023,year,2023-01-01,5.8,% nowych aut,annual,observed,https://ourworldindata.org/grapher/electric-car-sales-share.csv,2026-09-28T22:52:31.425Z,{}
ev,ev--electric-car-sales-share-cambodia-share-of-new-cars-that-are-electric,Cambodia · Share of new cars that are electric,Cambodia,Share of new cars that are electric,2023-12-31,2023,year,2023-01-01,0.67,% nowych aut,annual,observed,https://ourworldindata.org/grapher/electric-car-sales-share.csv,2026-09-28T22:52:31.425Z,{}
ev,ev--electric-car-sales-share-canada-share-of-new-cars-that-are-electric,Canada · Share of new cars that are electric,Canada,Share of new cars that are electric,2023-12-31,2023,year,2023-01-01,13.0,% nowych aut,annual,observed,https://ourworldindata.org/grapher/electric-car-sales-share.csv,2026-09-28T22:52:31.425Z,{}
ev,ev--electric-car-sales-share-chile-share-of-new-cars-that-are-electric,Chile · Share of new cars that are electric,Chile,Share of new cars that are electric,2023-12-31,2023,year,2023-01-01,0.75,% nowych aut,annual,observed,https://ourworldindata.org/grapher/electric-car-sales-share.csv,2026-09-28T22:52:31.425Z,{}
ev,ev--electric-car-sales-share-china-share-of-new-cars-that-are-electric,China · Share of new cars that are electric,China,Share of new cars that are electric,2023-12-31,2023,year,2023-01-01,38.0,% nowych aut,annual,observed,https://ourworldindata.org/grapher/electric-car-sales-share.csv,2026-09-28T22:52:31.425Z,{}
ev,ev--electric-car-sales-share-colombia-share-of-new-cars-that-are-electric,Colombia · Share of new cars that are electric,Colombia,Share of new cars that are electric,2023-12-31,2023,year,2023-01-01,3.6,% nowych aut,annual,observed,https://ourworldindata.org/grapher/electric-car-sales-share.csv,2026-09-28T22:52:31.425Z,{}
ev,ev--electric-car-sales-share-costa-rica-share-of-new-cars-that-are-electric,Costa Rica · Share of new cars that are electric,Costa Rica,Share of new cars that are electric,2023-12-31,2023,year,2023-01-01,10.0,% nowych aut,annual,observed,https://ourworldindata.org/grapher/electric-car-sales-share.csv,2026-09-28T22:52:31.425Z,{}
ev,ev--electric-car-sales-share-croatia-share-of-new-cars-that-are-electric,Croatia · Share of new cars that are electric,Croatia,Share of new cars that are electric,2023-12-31,2023,year,2023-01-01,4.6,% nowych aut,annual,observed,https://ourworldindata.org/grapher/electric-car-sales-share.csv,2026-09-28T22:52:31.425Z,{}
ev,ev--electric-car-sales-share-cyprus-share-of-new-cars-that-are-electric,Cyprus · Share of new cars that are electric,Cyprus,Share of new cars that are electric,2023-12-31,2023,year,2023-01-01,8.8,% nowych aut,annual,observed,https://ourworldindata.org/grapher/electric-car-sales-share.csv,2026-09-28T22:52:31.425Z,{}
ev,ev--electric-car-sales-share-czechia-share-of-new-cars-that-are-electric,Czechia · Share of new cars that are electric,Czechia,Share of new cars that are electric,2023-12-31,2023,year,2023-01-01,5.4,% nowych aut,annual,observed,https://ourworldindata.org/grapher/electric-car-sales-share.csv,2026-09-28T22:52:31.425Z,{}
ev,ev--electric-car-sales-share-denmark-share-of-new-cars-that-are-electric,Denmark · Share of new cars that are electric,Denmark,Share of new cars that are electric,2023-12-31,2023,year,2023-01-01,46.0,% nowych aut,annual,observed,https://ourworldindata.org/grapher/electric-car-sales-share.csv,2026-09-28T22:52:31.425Z,{}
ev,ev--electric-car-sales-share-estonia-share-of-new-cars-that-are-electric,Estonia · Share of new cars that are electric,Estonia,Share of new cars that are electric,2023-12-31,2023,year,2023-01-01,8.8,% nowych aut,annual,observed,https://ourworldindata.org/grapher/electric-car-sales-share.csv,2026-09-28T22:52:31.425Z,{}
ev,ev--electric-car-sales-share-europe-share-of-new-cars-that-are-electric,Europe · Share of new cars that are electric,Europe,Share of new cars that are electric,2023-12-31,2023,year,2023-01-01,22.0,% nowych aut,annual,observed,https://ourworldindata.org/grapher/electric-car-sales-share.csv,2026-09-28T22:52:31.425Z,{}
ev,ev--electric-car-sales-share-european-union-27-share-of-new-cars-that-are-electric,European Union (27) · Share of new cars that are electric,European Union (27),Share of new cars that are electric,2023-12-31,2023,year,2023-01-01,22.0,% nowych aut,annual,observed,https://ourworldindata.org/grapher/electric-car-sales-share.csv,2026-09-28T22:52:31.425Z,{}
ev,ev--electric-car-sales-share-finland-share-of-new-cars-that-are-electric,Finland · Share of new cars that are electric,Finland,Share of new cars that are electric,2023-12-31,2023,year,2023-01-01,54.0,% nowych aut,annual,observed,https://ourworldindata.org/grapher/electric-car-sales-share.csv,2026-09-28T22:52:31.425Z,{}
ev,ev--electric-car-sales-share-france-share-of-new-cars-that-are-electric,France · Share of new cars that are electric,France,Share of new cars that are electric,2023-12-31,2023,year,2023-01-01,25.0,% nowych aut,annual,observed,https://ourworldindata.org/grapher/electric-car-sales-share.csv,2026-09-28T22:52:31.425Z,{}
ev,ev--electric-car-sales-share-germany-share-of-new-cars-that-are-electric,Germany · Share of new cars that are electric,Germany,Share of new cars that are electric,2023-12-31,2023,year,2023-01-01,24.0,% nowych aut,annual,observed,https://ourworldindata.org/grapher/electric-car-sales-share.csv,2026-09-28T22:52:31.425Z,{}
ev,ev--electric-car-sales-share-greece-share-of-new-cars-that-are-electric,Greece · Share of new cars that are electric,Greece,Share of new cars that are electric,2023-12-31,2023,year,2023-01-01,13.0,% nowych aut,annual,observed,https://ourworldindata.org/grapher/electric-car-sales-share.csv,2026-09-28T22:52:31.425Z,{}
ev,ev--electric-car-sales-share-hungary-share-of-new-cars-that-are-electric,Hungary · Share of new cars that are electric,Hungary,Share of new cars that are electric,2023-12-31,2023,year,2023-01-01,11.0,% nowych aut,annual,observed,https://ourworldindata.org/grapher/electric-car-sales-share.csv,2026-09-28T22:52:31.425Z,{}
ev,ev--electric-car-sales-share-iceland-share-of-new-cars-that-are-electric,Iceland · Share of new cars that are electric,Iceland,Share of new cars that are electric,2023-12-31,2023,year,2023-01-01,71.0,% nowych aut,annual,observed,https://ourworldindata.org/grapher/electric-car-sales-share.csv,2026-09-28T22:52:31.425Z,{}
ev,ev--electric-car-sales-share-india-share-of-new-cars-that-are-electric,India · Share of new cars that are electric,India,Share of new cars that are electric,2023-12-31,2023,year,2023-01-01,2.1,% nowych aut,annual,observed,https://ourworldindata.org/grapher/electric-car-sales-share.csv,2026-09-28T22:52:31.425Z,{}
ev,ev--electric-car-sales-share-indonesia-share-of-new-cars-that-are-electric,Indonesia · Share of new cars that are electric,Indonesia,Share of new cars that are electric,2023-12-31,2023,year,2023-01-01,2.2,% nowych aut,annual,observed,https://ourworldindata.org/grapher/electric-car-sales-share.csv,2026-09-28T22:52:31.425Z,{}
ev,ev--electric-car-sales-share-ireland-share-of-new-cars-that-are-electric,Ireland · Share of new cars that are electric,Ireland,Share of new cars that are electric,2023-12-31,2023,year,2023-01-01,27.0,% nowych aut,annual,observed,https://ourworldindata.org/grapher/electric-car-sales-share.csv,2026-09-28T22:52:31.425Z,{}
ev,ev--electric-car-sales-share-israel-share-of-new-cars-that-are-electric,Israel · Share of new cars that are electric,Israel,Share of new cars that are electric,2023-12-31,2023,year,2023-01-01,17.0,% nowych aut,annual,observed,https://ourworldindata.org/grapher/electric-car-sales-share.csv,2026-09-28T22:52:31.425Z,{}
ev,ev--electric-car-sales-share-italy-share-of-new-cars-that-are-electric,Italy · Share of new cars that are electric,Italy,Share of new cars that are electric,2023-12-31,2023,year,2023-01-01,9.2,% nowych aut,annual,observed,https://ourworldindata.org/grapher/electric-car-sales-share.csv,2026-09-28T22:52:31.425Z,{}
ev,ev--electric-car-sales-share-japan-share-of-new-cars-that-are-electric,Japan · Share of new cars that are electric,Japan,Share of new cars that are electric,2023-12-31,2023,year,2023-01-01,3.5,% nowych aut,annual,observed,https://ourworldindata.org/grapher/electric-car-sales-share.csv,2026-09-28T22:52:31.425Z,{}
ev,ev--electric-car-sales-share-jordan-share-of-new-cars-that-are-electric,Jordan · Share of new cars that are electric,Jordan,Share of new cars that are electric,2023-12-31,2023,year,2023-01-01,9.4,% nowych aut,annual,observed,https://ourworldindata.org/grapher/electric-car-sales-share.csv,2026-09-28T22:52:31.425Z,{}
ev,ev--electric-car-sales-share-laos-share-of-new-cars-that-are-electric,Laos · Share of new cars that are electric,Laos,Share of new cars that are electric,2023-12-31,2023,year,2023-01-01,8.5,% nowych aut,annual,observed,https://ourworldindata.org/grapher/electric-car-sales-share.csv,2026-09-28T22:52:31.425Z,{}
ev,ev--electric-car-sales-share-latvia-share-of-new-cars-that-are-electric,Latvia · Share of new cars that are electric,Latvia,Share of new cars that are electric,2023-12-31,2023,year,2023-01-01,11.0,% nowych aut,annual,observed,https://ourworldindata.org/grapher/electric-car-sales-share.csv,2026-09-28T22:52:31.425Z,{}
ev,ev--electric-car-sales-share-lithuania-share-of-new-cars-that-are-electric,Lithuania · Share of new cars that are electric,Lithuania,Share of new cars that are electric,2023-12-31,2023,year,2023-01-01,11.0,% nowych aut,annual,observed,https://ourworldindata.org/grapher/electric-car-sales-share.csv,2026-09-28T22:52:31.425Z,{}
ev,ev--electric-car-sales-share-luxembourg-share-of-new-cars-that-are-electric,Luxembourg · Share of new cars that are electric,Luxembourg,Share of new cars that are electric,2023-12-31,2023,year,2023-01-01,32.0,% nowych aut,annual,observed,https://ourworldindata.org/grapher/electric-car-sales-share.csv,2026-09-28T22:52:31.425Z,{}
ev,ev--electric-car-sales-share-malaysia-share-of-new-cars-that-are-electric,Malaysia · Share of new cars that are electric,Malaysia,Share of new cars that are electric,2023-12-31,2023,year,2023-01-01,1.5,% nowych aut,annual,observed,https://ourworldindata.org/grapher/electric-car-sales-share.csv,2026-09-28T22:52:31.425Z,{}
ev,ev--electric-car-sales-share-mexico-share-of-new-cars-that-are-electric,Mexico · Share of new cars that are electric,Mexico,Share of new cars that are electric,2023-12-31,2023,year,2023-01-01,1.5,% nowych aut,annual,observed,https://ourworldindata.org/grapher/electric-car-sales-share.csv,2026-09-28T22:52:31.425Z,{}
ev,ev--electric-car-sales-share-nepal-share-of-new-cars-that-are-electric,Nepal · Share of new cars that are electric,Nepal,Share of new cars that are electric,2023-12-31,2023,year,2023-01-01,64.0,% nowych aut,annual,observed,https://ourworldindata.org/grapher/electric-car-sales-share.csv,2026-09-28T22:52:31.425Z,{}
ev,ev--electric-car-sales-share-netherlands-share-of-new-cars-that-are-electric,Netherlands · Share of new cars that are electric,Netherlands,Share of new cars that are electric,2023-12-31,2023,year,2023-01-01,44.0,% nowych aut,annual,observed,https://ourworldindata.org/grapher/electric-car-sales-share.csv,2026-09-28T22:52:31.425Z,{}
ev,ev--electric-car-sales-share-new-zealand-share-of-new-cars-that-are-electric,New Zealand · Share of new cars that are electric,New Zealand,Share of new cars that are electric,2023-12-31,2023,year,2023-01-01,27.0,% nowych aut,annual,observed,https://ourworldindata.org/grapher/electric-car-sales-share.csv,2026-09-28T22:52:31.425Z,{}
ev,ev--electric-car-sales-share-norway-share-of-new-cars-that-are-electric,Norway · Share of new cars that are electric,Norway,Share of new cars that are electric,2023-12-31,2023,year,2023-01-01,90.0,% nowych aut,annual,observed,https://ourworldindata.org/grapher/electric-car-sales-share.csv,2026-09-28T22:52:31.425Z,{}
ev,ev--electric-car-sales-share-philippines-share-of-new-cars-that-are-electric,Philippines · Share of new cars that are electric,Philippines,Share of new cars that are electric,2023-12-31,2023,year,2023-01-01,0.16,% nowych aut,annual,observed,https://ourworldindata.org/grapher/electric-car-sales-share.csv,2026-09-28T22:52:31.425Z,{}
ev,ev--electric-car-sales-share-poland-share-of-new-cars-that-are-electric,Poland · Share of new cars that are electric,Poland,Share of new cars that are electric,2023-12-31,2023,year,2023-01-01,6.4,% nowych aut,annual,observed,https://ourworldindata.org/grapher/electric-car-sales-share.csv,2026-09-28T22:52:31.425Z,{}
ev,ev--electric-car-sales-share-portugal-share-of-new-cars-that-are-electric,Portugal · Share of new cars that are electric,Portugal,Share of new cars that are electric,2023-12-31,2023,year,2023-01-01,32.0,% nowych aut,annual,observed,https://ourworldindata.org/grapher/electric-car-sales-share.csv,2026-09-28T22:52:31.425Z,{}
ev,ev--electric-car-sales-share-rest-of-world-share-of-new-cars-that-are-electric,Rest of World · Share of new cars that are electric,Rest of World,Share of new cars that are electric,2023-12-31,2023,year,2023-01-01,0.4448116,% nowych aut,annual,observed,https://ourworldindata.org/grapher/electric-car-sales-share.csv,2026-09-28T22:52:31.425Z,{}
ev,ev--electric-car-sales-share-romania-share-of-new-cars-that-are-electric,Romania · Share of new cars that are electric,Romania,Share of new cars that are electric,2023-12-31,2023,year,2023-01-01,11.0,% nowych aut,annual,observed,https://ourworldindata.org/grapher/electric-car-sales-share.csv,2026-09-28T22:52:31.425Z,{}
ev,ev--electric-car-sales-share-russia-share-of-new-cars-that-are-electric,Russia · Share of new cars that are electric,Russia,Share of new cars that are electric,2023-12-31,2023,year,2023-01-01,0.5,% nowych aut,annual,observed,https://ourworldindata.org/grapher/electric-car-sales-share.csv,2026-09-28T22:52:31.425Z,{}
ev,ev--electric-car-sales-share-seychelles-share-of-new-cars-that-are-electric,Seychelles · Share of new cars that are electric,Seychelles,Share of new cars that are electric,2023-12-31,2023,year,2023-01-01,5.0,% nowych aut,annual,observed,https://ourworldindata.org/grapher/electric-car-sales-share.csv,2026-09-28T22:52:31.425Z,{}
ev,ev--electric-car-sales-share-singapore-share-of-new-cars-that-are-electric,Singapore · Share of new cars that are electric,Singapore,Share of new cars that are electric,2023-12-31,2023,year,2023-01-01,21.0,% nowych aut,annual,observed,https://ourworldindata.org/grapher/electric-car-sales-share.csv,2026-09-28T22:52:31.425Z,{}
ev,ev--electric-car-sales-share-slovakia-share-of-new-cars-that-are-electric,Slovakia · Share of new cars that are electric,Slovakia,Share of new cars that are electric,2023-12-31,2023,year,2023-01-01,6.1,% nowych aut,annual,observed,https://ourworldindata.org/grapher/electric-car-sales-share.csv,2026-09-28T22:52:31.425Z,{}
ev,ev--electric-car-sales-share-slovenia-share-of-new-cars-that-are-electric,Slovenia · Share of new cars that are electric,Slovenia,Share of new cars that are electric,2023-12-31,2023,year,2023-01-01,11.0,% nowych aut,annual,observed,https://ourworldindata.org/grapher/electric-car-sales-share.csv,2026-09-28T22:52:31.425Z,{}
ev,ev--electric-car-sales-share-south-africa-share-of-new-cars-that-are-electric,South Africa · Share of new cars that are electric,South Africa,Share of new cars that are electric,2023-12-31,2023,year,2023-01-01,0.3,% nowych aut,annual,observed,https://ourworldindata.org/grapher/electric-car-sales-share.csv,2026-09-28T22:52:31.425Z,{}
ev,ev--electric-car-sales-share-south-korea-share-of-new-cars-that-are-electric,South Korea · Share of new cars that are electric,South Korea,Share of new cars that are electric,2023-12-31,2023,year,2023-01-01,8.9,% nowych aut,annual,observed,https://ourworldindata.org/grapher/electric-car-sales-share.csv,2026-09-28T22:52:31.425Z,{}
ev,ev--electric-car-sales-share-spain-share-of-new-cars-that-are-electric,Spain · Share of new cars that are electric,Spain,Share of new cars that are electric,2023-12-31,2023,year,2023-01-01,12.0,% nowych aut,annual,observed,https://ourworldindata.org/grapher/electric-car-sales-share.csv,2026-09-28T22:52:31.425Z,{}
ev,ev--electric-car-sales-share-sweden-share-of-new-cars-that-are-electric,Sweden · Share of new cars that are electric,Sweden,Share of new cars that are electric,2023-12-31,2023,year,2023-01-01,60.0,% nowych aut,annual,observed,https://ourworldindata.org/grapher/electric-car-sales-share.csv,2026-09-28T22:52:31.425Z,{}
ev,ev--electric-car-sales-share-switzerland-share-of-new-cars-that-are-electric,Switzerland · Share of new cars that are electric,Switzerland,Share of new cars that are electric,2023-12-31,2023,year,2023-01-01,30.0,% nowych aut,annual,observed,https://ourworldindata.org/grapher/electric-car-sales-share.csv,2026-09-28T22:52:31.425Z,{}
ev,ev--electric-car-sales-share-thailand-share-of-new-cars-that-are-electric,Thailand · Share of new cars that are electric,Thailand,Share of new cars that are electric,2023-12-31,2023,year,2023-01-01,11.0,% nowych aut,annual,observed,https://ourworldindata.org/grapher/electric-car-sales-share.csv,2026-09-28T22:52:31.425Z,{}
ev,ev--electric-car-sales-share-turkey-share-of-new-cars-that-are-electric,Turkey · Share of new cars that are electric,Turkey,Share of new cars that are electric,2023-12-31,2023,year,2023-01-01,7.2,% nowych aut,annual,observed,https://ourworldindata.org/grapher/electric-car-sales-share.csv,2026-09-28T22:52:31.425Z,{}
ev,ev--electric-car-sales-share-united-arab-emirates-share-of-new-cars-that-are-electric,United Arab Emirates · Share of new cars that are electric,United Arab Emirates,Share of new cars that are electric,2023-12-31,2023,year,2023-01-01,6.2,% nowych aut,annual,observed,https://ourworldindata.org/grapher/electric-car-sales-share.csv,2026-09-28T22:52:31.425Z,{}
ev,ev--electric-car-sales-share-united-kingdom-share-of-new-cars-that-are-electric,United Kingdom · Share of new cars that are electric,United Kingdom,Share of new cars that are electric,2023-12-31,2023,year,2023-01-01,23.0,% nowych aut,annual,observed,https://ourworldindata.org/grapher/electric-car-sales-share.csv,2026-09-28T22:52:31.425Z,{}
ev,ev--electric-car-sales-share-united-states-share-of-new-cars-that-are-electric,United States · Share of new cars that are electric,United States,Share of new cars that are electric,2023-12-31,2023,year,2023-01-01,9.7,% nowych aut,annual,observed,https://ourworldindata.org/grapher/electric-car-sales-share.csv,2026-09-28T22:52:31.425Z,{}
ev,ev--electric-car-sales-share-uzbekistan-share-of-new-cars-that-are-electric,Uzbekistan · Share of new cars that are electric,Uzbekistan,Share of new cars that are electric,2023-12-31,2023,year,2023-01-01,2.2,% nowych aut,annual,observed,https://ourworldindata.org/grapher/electric-car-sales-share.csv,2026-09-28T22:52:31.425Z,{}
ev,ev--electric-car-sales-share-vietnam-share-of-new-cars-that-are-electric,Vietnam · Share of new cars that are electric,Vietnam,Share of new cars that are electric,2023-12-31,2023,year,2023-01-01,10.0,% nowych aut,annual,observed,https://ourworldindata.org/grapher/electric-car-sales-share.csv,2026-09-28T22:52:31.425Z,{}
ev,ev--electric-car-sales-share-world-share-of-new-cars-that-are-electric,Share of new cars that are electric,World,Share of new cars that are electric,2023-12-31,2023,year,2023-01-01,18.0,% nowych aut,annual,observed,https://ourworldindata.org/grapher/electric-car-sales-share.csv,2026-09-28T22:52:31.425Z,{}
ev,ev--electric-car-sales-share-australia-share-of-new-cars-that-are-electric,Australia · Share of new cars that are electric,Australia,Share of new cars that are electric,2024-12-31,2024,year,2024-01-01,12.0,% nowych aut,annual,observed,https://ourworldindata.org/grapher/electric-car-sales-share.csv,2026-09-28T22:52:31.425Z,{}
ev,ev--electric-car-sales-share-austria-share-of-new-cars-that-are-electric,Austria · Share of new cars that are electric,Austria,Share of new cars that are electric,2024-12-31,2024,year,2024-01-01,24.0,% nowych aut,annual,observed,https://ourworldindata.org/grapher/electric-car-sales-share.csv,2026-09-28T22:52:31.425Z,{}
ev,ev--electric-car-sales-share-belgium-share-of-new-cars-that-are-electric,Belgium · Share of new cars that are electric,Belgium,Share of new cars that are electric,2024-12-31,2024,year,2024-01-01,43.0,% nowych aut,annual,observed,https://ourworldindata.org/grapher/electric-car-sales-share.csv,2026-09-28T22:52:31.425Z,{}
ev,ev--electric-car-sales-share-brazil-share-of-new-cars-that-are-electric,Brazil · Share of new cars that are electric,Brazil,Share of new cars that are electric,2024-12-31,2024,year,2024-01-01,6.4,% nowych aut,annual,observed,https://ourworldindata.org/grapher/electric-car-sales-share.csv,2026-09-28T22:52:31.425Z,{}
ev,ev--electric-car-sales-share-bulgaria-share-of-new-cars-that-are-electric,Bulgaria · Share of new cars that are electric,Bulgaria,Share of new cars that are electric,2024-12-31,2024,year,2024-01-01,5.0,% nowych aut,annual,observed,https://ourworldindata.org/grapher/electric-car-sales-share.csv,2026-09-28T22:52:31.425Z,{}
ev,ev--electric-car-sales-share-cambodia-share-of-new-cars-that-are-electric,Cambodia · Share of new cars that are electric,Cambodia,Share of new cars that are electric,2024-12-31,2024,year,2024-01-01,2.9,% nowych aut,annual,observed,https://ourworldindata.org/grapher/electric-car-sales-share.csv,2026-09-28T22:52:31.425Z,{}
ev,ev--electric-car-sales-share-canada-share-of-new-cars-that-are-electric,Canada · Share of new cars that are electric,Canada,Share of new cars that are electric,2024-12-31,2024,year,2024-01-01,17.0,% nowych aut,annual,observed,https://ourworldindata.org/grapher/electric-car-sales-share.csv,2026-09-28T22:52:31.425Z,{}
ev,ev--electric-car-sales-share-chile-share-of-new-cars-that-are-electric,Chile · Share of new cars that are electric,Chile,Share of new cars that are electric,2024-12-31,2024,year,2024-01-01,2.1,% nowych aut,annual,observed,https://ourworldindata.org/grapher/electric-car-sales-share.csv,2026-09-28T22:52:31.425Z,{}
ev,ev--electric-car-sales-share-china-share-of-new-cars-that-are-electric,China · Share of new cars that are electric,China,Share of new cars that are electric,2024-12-31,2024,year,2024-01-01,48.0,% nowych aut,annual,observed,https://ourworldindata.org/grapher/electric-car-sales-share.csv,2026-09-28T22:52:31.425Z,{}
ev,ev--electric-car-sales-share-colombia-share-of-new-cars-that-are-electric,Colombia · Share of new cars that are electric,Colombia,Share of new cars that are electric,2024-12-31,2024,year,2024-01-01,7.6,% nowych aut,annual,observed,https://ourworldindata.org/grapher/electric-car-sales-share.csv,2026-09-28T22:52:31.425Z,{}
ev,ev--electric-car-sales-share-costa-rica-share-of-new-cars-that-are-electric,Costa Rica · Share of new cars that are electric,Costa Rica,Share of new cars that are electric,2024-12-31,2024,year,2024-01-01,15.0,% nowych aut,annual,observed,https://ourworldindata.org/grapher/electric-car-sales-share.csv,2026-09-28T22:52:31.425Z,{}
ev,ev--electric-car-sales-share-croatia-share-of-new-cars-that-are-electric,Croatia · Share of new cars that are electric,Croatia,Share of new cars that are electric,2024-12-31,2024,year,2024-01-01,4.9,% nowych aut,annual,observed,https://ourworldindata.org/grapher/electric-car-sales-share.csv,2026-09-28T22:52:31.425Z,{}
ev,ev--electric-car-sales-share-cyprus-share-of-new-cars-that-are-electric,Cyprus · Share of new cars that are electric,Cyprus,Share of new cars that are electric,2024-12-31,2024,year,2024-01-01,12.0,% nowych aut,annual,observed,https://ourworldindata.org/grapher/electric-car-sales-share.csv,2026-09-28T22:52:31.425Z,{}
ev,ev--electric-car-sales-share-czechia-share-of-new-cars-that-are-electric,Czechia · Share of new cars that are electric,Czechia,Share of new cars that are electric,2024-12-31,2024,year,2024-01-01,6.8,% nowych aut,annual,observed,https://ourworldindata.org/grapher/electric-car-sales-share.csv,2026-09-28T22:52:31.425Z,{}
ev,ev--electric-car-sales-share-denmark-share-of-new-cars-that-are-electric,Denmark · Share of new cars that are electric,Denmark,Share of new cars that are electric,2024-12-31,2024,year,2024-01-01,56.0,% nowych aut,annual,observed,https://ourworldindata.org/grapher/electric-car-sales-share.csv,2026-09-28T22:52:31.425Z,{}
ev,ev--electric-car-sales-share-estonia-share-of-new-cars-that-are-electric,Estonia · Share of new cars that are electric,Estonia,Share of new cars that are electric,2024-12-31,2024,year,2024-01-01,10.0,% nowych aut,annual,observed,https://ourworldindata.org/grapher/electric-car-sales-share.csv,2026-09-28T22:52:31.425Z,{}
ev,ev--electric-car-sales-share-europe-share-of-new-cars-that-are-electric,Europe · Share of new cars that are electric,Europe,Share of new cars that are electric,2024-12-31,2024,year,2024-01-01,21.0,% nowych aut,annual,observed,https://ourworldindata.org/grapher/electric-car-sales-share.csv,2026-09-28T22:52:31.425Z,{}
ev,ev--electric-car-sales-share-european-union-27-share-of-new-cars-that-are-electric,European Union (27) · Share of new cars that are electric,European Union (27),Share of new cars that are electric,2024-12-31,2024,year,2024-01-01,21.0,% nowych aut,annual,observed,https://ourworldindata.org/grapher/electric-car-sales-share.csv,2026-09-28T22:52:31.425Z,{}
ev,ev--electric-car-sales-share-finland-share-of-new-cars-that-are-electric,Finland · Share of new cars that are electric,Finland,Share of new cars that are electric,2024-12-31,2024,year,2024-01-01,50.0,% nowych aut,annual,observed,https://ourworldindata.org/grapher/electric-car-sales-share.csv,2026-09-28T22:52:31.425Z,{}
ev,ev--electric-car-sales-share-france-share-of-new-cars-that-are-electric,France · Share of new cars that are electric,France,Share of new cars that are electric,2024-12-31,2024,year,2024-01-01,24.0,% nowych aut,annual,observed,https://ourworldindata.org/grapher/electric-car-sales-share.csv,2026-09-28T22:52:31.425Z,{}
ev,ev--electric-car-sales-share-germany-share-of-new-cars-that-are-electric,Germany · Share of new cars that are electric,Germany,Share of new cars that are electric,2024-12-31,2024,year,2024-01-01,20.0,% nowych aut,annual,observed,https://ourworldindata.org/grapher/electric-car-sales-share.csv,2026-09-28T22:52:31.425Z,{}
ev,ev--electric-car-sales-share-greece-share-of-new-cars-that-are-electric,Greece · Share of new cars that are electric,Greece,Share of new cars that are electric,2024-12-31,2024,year,2024-01-01,12.0,% nowych aut,annual,observed,https://ourworldindata.org/grapher/electric-car-sales-share.csv,2026-09-28T22:52:31.425Z,{}
ev,ev--electric-car-sales-share-hungary-share-of-new-cars-that-are-electric,Hungary · Share of new cars that are electric,Hungary,Share of new cars that are electric,2024-12-31,2024,year,2024-01-01,12.0,% nowych aut,annual,observed,https://ourworldindata.org/grapher/electric-car-sales-share.csv,2026-09-28T22:52:31.425Z,{}
ev,ev--electric-car-sales-share-iceland-share-of-new-cars-that-are-electric,Iceland · Share of new cars that are electric,Iceland,Share of new cars that are electric,2024-12-31,2024,year,2024-01-01,43.0,% nowych aut,annual,observed,https://ourworldindata.org/grapher/electric-car-sales-share.csv,2026-09-28T22:52:31.425Z,{}
ev,ev--electric-car-sales-share-india-share-of-new-cars-that-are-electric,India · Share of new cars that are electric,India,Share of new cars that are electric,2024-12-31,2024,year,2024-01-01,2.1,% nowych aut,annual,observed,https://ourworldindata.org/grapher/electric-car-sales-share.csv,2026-09-28T22:52:31.425Z,{}
ev,ev--electric-car-sales-share-indonesia-share-of-new-cars-that-are-electric,Indonesia · Share of new cars that are electric,Indonesia,Share of new cars that are electric,2024-12-31,2024,year,2024-01-01,6.8,% nowych aut,annual,observed,https://ourworldindata.org/grapher/electric-car-sales-share.csv,2026-09-28T22:52:31.425Z,{}
ev,ev--electric-car-sales-share-ireland-share-of-new-cars-that-are-electric,Ireland · Share of new cars that are electric,Ireland,Share of new cars that are electric,2024-12-31,2024,year,2024-01-01,25.0,% nowych aut,annual,observed,https://ourworldindata.org/grapher/electric-car-sales-share.csv,2026-09-28T22:52:31.425Z,{}
ev,ev--electric-car-sales-share-israel-share-of-new-cars-that-are-electric,Israel · Share of new cars that are electric,Israel,Share of new cars that are electric,2024-12-31,2024,year,2024-01-01,19.0,% nowych aut,annual,observed,https://ourworldindata.org/grapher/electric-car-sales-share.csv,2026-09-28T22:52:31.425Z,{}
ev,ev--electric-car-sales-share-italy-share-of-new-cars-that-are-electric,Italy · Share of new cars that are electric,Italy,Share of new cars that are electric,2024-12-31,2024,year,2024-01-01,7.5,% nowych aut,annual,observed,https://ourworldindata.org/grapher/electric-car-sales-share.csv,2026-09-28T22:52:31.425Z,{}
ev,ev--electric-car-sales-share-japan-share-of-new-cars-that-are-electric,Japan · Share of new cars that are electric,Japan,Share of new cars that are electric,2024-12-31,2024,year,2024-01-01,2.8,% nowych aut,annual,observed,https://ourworldindata.org/grapher/electric-car-sales-share.csv,2026-09-28T22:52:31.425Z,{}
ev,ev--electric-car-sales-share-jordan-share-of-new-cars-that-are-electric,Jordan · Share of new cars that are electric,Jordan,Share of new cars that are electric,2024-12-31,2024,year,2024-01-01,21.0,% nowych aut,annual,observed,https://ourworldindata.org/grapher/electric-car-sales-share.csv,2026-09-28T22:52:31.425Z,{}
ev,ev--electric-car-sales-share-laos-share-of-new-cars-that-are-electric,Laos · Share of new cars that are electric,Laos,Share of new cars that are electric,2024-12-31,2024,year,2024-01-01,25.0,% nowych aut,annual,observed,https://ourworldindata.org/grapher/electric-car-sales-share.csv,2026-09-28T22:52:31.425Z,{}
ev,ev--electric-car-sales-share-latvia-share-of-new-cars-that-are-electric,Latvia · Share of new cars that are electric,Latvia,Share of new cars that are electric,2024-12-31,2024,year,2024-01-01,12.0,% nowych aut,annual,observed,https://ourworldindata.org/grapher/electric-car-sales-share.csv,2026-09-28T22:52:31.425Z,{}
ev,ev--electric-car-sales-share-lithuania-share-of-new-cars-that-are-electric,Lithuania · Share of new cars that are electric,Lithuania,Share of new cars that are electric,2024-12-31,2024,year,2024-01-01,12.0,% nowych aut,annual,observed,https://ourworldindata.org/grapher/electric-car-sales-share.csv,2026-09-28T22:52:31.425Z,{}
ev,ev--electric-car-sales-share-luxembourg-share-of-new-cars-that-are-electric,Luxembourg · Share of new cars that are electric,Luxembourg,Share of new cars that are electric,2024-12-31,2024,year,2024-01-01,36.0,% nowych aut,annual,observed,https://ourworldindata.org/grapher/electric-car-sales-share.csv,2026-09-28T22:52:31.425Z,{}
ev,ev--electric-car-sales-share-malaysia-share-of-new-cars-that-are-electric,Malaysia · Share of new cars that are electric,Malaysia,Share of new cars that are electric,2024-12-31,2024,year,2024-01-01,3.1,% nowych aut,annual,observed,https://ourworldindata.org/grapher/electric-car-sales-share.csv,2026-09-28T22:52:31.425Z,{}
ev,ev--electric-car-sales-share-mexico-share-of-new-cars-that-are-electric,Mexico · Share of new cars that are electric,Mexico,Share of new cars that are electric,2024-12-31,2024,year,2024-01-01,2.2,% nowych aut,annual,observed,https://ourworldindata.org/grapher/electric-car-sales-share.csv,2026-09-28T22:52:31.425Z,{}
ev,ev--electric-car-sales-share-nepal-share-of-new-cars-that-are-electric,Nepal · Share of new cars that are electric,Nepal,Share of new cars that are electric,2024-12-31,2024,year,2024-01-01,74.0,% nowych aut,annual,observed,https://ourworldindata.org/grapher/electric-car-sales-share.csv,2026-09-28T22:52:31.425Z,{}
ev,ev--electric-car-sales-share-netherlands-share-of-new-cars-that-are-electric,Netherlands · Share of new cars that are electric,Netherlands,Share of new cars that are electric,2024-12-31,2024,year,2024-01-01,48.0,% nowych aut,annual,observed,https://ourworldindata.org/grapher/electric-car-sales-share.csv,2026-09-28T22:52:31.425Z,{}
ev,ev--electric-car-sales-share-new-zealand-share-of-new-cars-that-are-electric,New Zealand · Share of new cars that are electric,New Zealand,Share of new cars that are electric,2024-12-31,2024,year,2024-01-01,11.0,% nowych aut,annual,observed,https://ourworldindata.org/grapher/electric-car-sales-share.csv,2026-09-28T22:52:31.425Z,{}
ev,ev--electric-car-sales-share-norway-share-of-new-cars-that-are-electric,Norway · Share of new cars that are electric,Norway,Share of new cars that are electric,2024-12-31,2024,year,2024-01-01,92.0,% nowych aut,annual,observed,https://ourworldindata.org/grapher/electric-car-sales-share.csv,2026-09-28T22:52:31.425Z,{}
ev,ev--electric-car-sales-share-philippines-share-of-new-cars-that-are-electric,Philippines · Share of new cars that are electric,Philippines,Share of new cars that are electric,2024-12-31,2024,year,2024-01-01,1.3,% nowych aut,annual,observed,https://ourworldindata.org/grapher/electric-car-sales-share.csv,2026-09-28T22:52:31.425Z,{}
ev,ev--electric-car-sales-share-poland-share-of-new-cars-that-are-electric,Poland · Share of new cars that are electric,Poland,Share of new cars that are electric,2024-12-31,2024,year,2024-01-01,6.7,% nowych aut,annual,observed,https://ourworldindata.org/grapher/electric-car-sales-share.csv,2026-09-28T22:52:31.425Z,{}
ev,ev--electric-car-sales-share-portugal-share-of-new-cars-that-are-electric,Portugal · Share of new cars that are electric,Portugal,Share of new cars that are electric,2024-12-31,2024,year,2024-01-01,33.0,% nowych aut,annual,observed,https://ourworldindata.org/grapher/electric-car-sales-share.csv,2026-09-28T22:52:31.425Z,{}
ev,ev--electric-car-sales-share-rest-of-world-share-of-new-cars-that-are-electric,Rest of World · Share of new cars that are electric,Rest of World,Share of new cars that are electric,2024-12-31,2024,year,2024-01-01,5.214191,% nowych aut,annual,observed,https://ourworldindata.org/grapher/electric-car-sales-share.csv,2026-09-28T22:52:31.425Z,{}
ev,ev--electric-car-sales-share-romania-share-of-new-cars-that-are-electric,Romania · Share of new cars that are electric,Romania,Share of new cars that are electric,2024-12-31,2024,year,2024-01-01,6.5,% nowych aut,annual,observed,https://ourworldindata.org/grapher/electric-car-sales-share.csv,2026-09-28T22:52:31.425Z,{}
ev,ev--electric-car-sales-share-russia-share-of-new-cars-that-are-electric,Russia · Share of new cars that are electric,Russia,Share of new cars that are electric,2024-12-31,2024,year,2024-01-01,2.5,% nowych aut,annual,observed,https://ourworldindata.org/grapher/electric-car-sales-share.csv,2026-09-28T22:52:31.425Z,{}
ev,ev--electric-car-sales-share-singapore-share-of-new-cars-that-are-electric,Singapore · Share of new cars that are electric,Singapore,Share of new cars that are electric,2024-12-31,2024,year,2024-01-01,34.0,% nowych aut,annual,observed,https://ourworldindata.org/grapher/electric-car-sales-share.csv,2026-09-28T22:52:31.425Z,{}
ev,ev--electric-car-sales-share-slovakia-share-of-new-cars-that-are-electric,Slovakia · Share of new cars that are electric,Slovakia,Share of new cars that are electric,2024-12-31,2024,year,2024-01-01,4.8,% nowych aut,annual,observed,https://ourworldindata.org/grapher/electric-car-sales-share.csv,2026-09-28T22:52:31.425Z,{}
ev,ev--electric-car-sales-share-slovenia-share-of-new-cars-that-are-electric,Slovenia · Share of new cars that are electric,Slovenia,Share of new cars that are electric,2024-12-31,2024,year,2024-01-01,8.1,% nowych aut,annual,observed,https://ourworldindata.org/grapher/electric-car-sales-share.csv,2026-09-28T22:52:31.425Z,{}
ev,ev--electric-car-sales-share-south-africa-share-of-new-cars-that-are-electric,South Africa · Share of new cars that are electric,South Africa,Share of new cars that are electric,2024-12-31,2024,year,2024-01-01,0.54,% nowych aut,annual,observed,https://ourworldindata.org/grapher/electric-car-sales-share.csv,2026-09-28T22:52:31.425Z,{}
ev,ev--electric-car-sales-share-south-korea-share-of-new-cars-that-are-electric,South Korea · Share of new cars that are electric,South Korea,Share of new cars that are electric,2024-12-31,2024,year,2024-01-01,7.4,% nowych aut,annual,observed,https://ourworldindata.org/grapher/electric-car-sales-share.csv,2026-09-28T22:52:31.425Z,{}
ev,ev--electric-car-sales-share-spain-share-of-new-cars-that-are-electric,Spain · Share of new cars that are electric,Spain,Share of new cars that are electric,2024-12-31,2024,year,2024-01-01,11.0,% nowych aut,annual,observed,https://ourworldindata.org/grapher/electric-car-sales-share.csv,2026-09-28T22:52:31.425Z,{}
ev,ev--electric-car-sales-share-sweden-share-of-new-cars-that-are-electric,Sweden · Share of new cars that are electric,Sweden,Share of new cars that are electric,2024-12-31,2024,year,2024-01-01,58.0,% nowych aut,annual,observed,https://ourworldindata.org/grapher/electric-car-sales-share.csv,2026-09-28T22:52:31.425Z,{}
ev,ev--electric-car-sales-share-switzerland-share-of-new-cars-that-are-electric,Switzerland · Share of new cars that are electric,Switzerland,Share of new cars that are electric,2024-12-31,2024,year,2024-01-01,28.0,% nowych aut,annual,observed,https://ourworldindata.org/grapher/electric-car-sales-share.csv,2026-09-28T22:52:31.425Z,{}
ev,ev--electric-car-sales-share-thailand-share-of-new-cars-that-are-electric,Thailand · Share of new cars that are electric,Thailand,Share of new cars that are electric,2024-12-31,2024,year,2024-01-01,13.0,% nowych aut,annual,observed,https://ourworldindata.org/grapher/electric-car-sales-share.csv,2026-09-28T22:52:31.425Z,{}
ev,ev--electric-car-sales-share-turkey-share-of-new-cars-that-are-electric,Turkey · Share of new cars that are electric,Turkey,Share of new cars that are electric,2024-12-31,2024,year,2024-01-01,11.0,% nowych aut,annual,observed,https://ourworldindata.org/grapher/electric-car-sales-share.csv,2026-09-28T22:52:31.425Z,{}
ev,ev--electric-car-sales-share-united-arab-emirates-share-of-new-cars-that-are-electric,United Arab Emirates · Share of new cars that are electric,United Arab Emirates,Share of new cars that are electric,2024-12-31,2024,year,2024-01-01,6.5,% nowych aut,annual,observed,https://ourworldindata.org/grapher/electric-car-sales-share.csv,2026-09-28T22:52:31.425Z,{}
ev,ev--electric-car-sales-share-united-kingdom-share-of-new-cars-that-are-electric,United Kingdom · Share of new cars that are electric,United Kingdom,Share of new cars that are electric,2024-12-31,2024,year,2024-01-01,27.0,% nowych aut,annual,observed,https://ourworldindata.org/grapher/electric-car-sales-share.csv,2026-09-28T22:52:31.425Z,{}
ev,ev--electric-car-sales-share-united-states-share-of-new-cars-that-are-electric,United States · Share of new cars that are electric,United States,Share of new cars that are electric,2024-12-31,2024,year,2024-01-01,10.0,% nowych aut,annual,observed,https://ourworldindata.org/grapher/electric-car-sales-share.csv,2026-09-28T22:52:31.425Z,{}
ev,ev--electric-car-sales-share-uzbekistan-share-of-new-cars-that-are-electric,Uzbekistan · Share of new cars that are electric,Uzbekistan,Share of new cars that are electric,2024-12-31,2024,year,2024-01-01,5.0,% nowych aut,annual,observed,https://ourworldindata.org/grapher/electric-car-sales-share.csv,2026-09-28T22:52:31.425Z,{}
ev,ev--electric-car-sales-share-vietnam-share-of-new-cars-that-are-electric,Vietnam · Share of new cars that are electric,Vietnam,Share of new cars that are electric,2024-12-31,2024,year,2024-01-01,19.0,% nowych aut,annual,observed,https://ourworldindata.org/grapher/electric-car-sales-share.csv,2026-09-28T22:52:31.425Z,{}
ev,ev--electric-car-sales-share-world-share-of-new-cars-that-are-electric,Share of new cars that are electric,World,Share of new cars that are electric,2024-12-31,2024,year,2024-01-01,21.0,% nowych aut,annual,observed,https://ourworldindata.org/grapher/electric-car-sales-share.csv,2026-09-28T22:52:31.425Z,{}
ev,ev--electric-car-sales-share-australia-share-of-new-cars-that-are-electric,Australia · Share of new cars that are electric,Australia,Share of new cars that are electric,2025-12-31,2025,year,2025-01-01,15.0,% nowych aut,annual,observed,https://ourworldindata.org/grapher/electric-car-sales-share.csv,2026-09-28T22:52:31.425Z,{}
ev,ev--electric-car-sales-share-austria-share-of-new-cars-that-are-electric,Austria · Share of new cars that are electric,Austria,Share of new cars that are electric,2025-12-31,2025,year,2025-01-01,31.0,% nowych aut,annual,observed,https://ourworldindata.org/grapher/electric-car-sales-share.csv,2026-09-28T22:52:31.425Z,{}
ev,ev--electric-car-sales-share-belgium-share-of-new-cars-that-are-electric,Belgium · Share of new cars that are electric,Belgium,Share of new cars that are electric,2025-12-31,2025,year,2025-01-01,44.0,% nowych aut,annual,observed,https://ourworldindata.org/grapher/electric-car-sales-share.csv,2026-09-28T22:52:31.425Z,{}
ev,ev--electric-car-sales-share-brazil-share-of-new-cars-that-are-electric,Brazil · Share of new cars that are electric,Brazil,Share of new cars that are electric,2025-12-31,2025,year,2025-01-01,9.0,% nowych aut,annual,observed,https://ourworldindata.org/grapher/electric-car-sales-share.csv,2026-09-28T22:52:31.425Z,{}
ev,ev--electric-car-sales-share-bulgaria-share-of-new-cars-that-are-electric,Bulgaria · Share of new cars that are electric,Bulgaria,Share of new cars that are electric,2025-12-31,2025,year,2025-01-01,6.0,% nowych aut,annual,observed,https://ourworldindata.org/grapher/electric-car-sales-share.csv,2026-09-28T22:52:31.425Z,{}
ev,ev--electric-car-sales-share-cambodia-share-of-new-cars-that-are-electric,Cambodia · Share of new cars that are electric,Cambodia,Share of new cars that are electric,2025-12-31,2025,year,2025-01-01,5.0,% nowych aut,annual,observed,https://ourworldindata.org/grapher/electric-car-sales-share.csv,2026-09-28T22:52:31.425Z,{}
ev,ev--electric-car-sales-share-canada-share-of-new-cars-that-are-electric,Canada · Share of new cars that are electric,Canada,Share of new cars that are electric,2025-12-31,2025,year,2025-01-01,11.0,% nowych aut,annual,observed,https://ourworldindata.org/grapher/electric-car-sales-share.csv,2026-09-28T22:52:31.425Z,{}
ev,ev--electric-car-sales-share-chile-share-of-new-cars-that-are-electric,Chile · Share of new cars that are electric,Chile,Share of new cars that are electric,2025-12-31,2025,year,2025-01-01,4.0,% nowych aut,annual,observed,https://ourworldindata.org/grapher/electric-car-sales-share.csv,2026-09-28T22:52:31.425Z,{}
ev,ev--electric-car-sales-share-china-share-of-new-cars-that-are-electric,China · Share of new cars that are electric,China,Share of new cars that are electric,2025-12-31,2025,year,2025-01-01,53.0,% nowych aut,annual,observed,https://ourworldindata.org/grapher/electric-car-sales-share.csv,2026-09-28T22:52:31.425Z,{}
ev,ev--electric-car-sales-share-colombia-share-of-new-cars-that-are-electric,Colombia · Share of new cars that are electric,Colombia,Share of new cars that are electric,2025-12-31,2025,year,2025-01-01,10.0,% nowych aut,annual,observed,https://ourworldindata.org/grapher/electric-car-sales-share.csv,2026-09-28T22:52:31.425Z,{}
ev,ev--electric-car-sales-share-costa-rica-share-of-new-cars-that-are-electric,Costa Rica · Share of new cars that are electric,Costa Rica,Share of new cars that are electric,2025-12-31,2025,year,2025-01-01,17.0,% nowych aut,annual,observed,https://ourworldindata.org/grapher/electric-car-sales-share.csv,2026-09-28T22:52:31.425Z,{}
ev,ev--electric-car-sales-share-croatia-share-of-new-cars-that-are-electric,Croatia · Share of new cars that are electric,Croatia,Share of new cars that are electric,2025-12-31,2025,year,2025-01-01,5.4,% nowych aut,annual,observed,https://ourworldindata.org/grapher/electric-car-sales-share.csv,2026-09-28T22:52:31.425Z,{}
ev,ev--electric-car-sales-share-cyprus-share-of-new-cars-that-are-electric,Cyprus · Share of new cars that are electric,Cyprus,Share of new cars that are electric,2025-12-31,2025,year,2025-01-01,15.0,% nowych aut,annual,observed,https://ourworldindata.org/grapher/electric-car-sales-share.csv,2026-09-28T22:52:31.425Z,{}
ev,ev--electric-car-sales-share-czechia-share-of-new-cars-that-are-electric,Czechia · Share of new cars that are electric,Czechia,Share of new cars that are electric,2025-12-31,2025,year,2025-01-01,10.0,% nowych aut,annual,observed,https://ourworldindata.org/grapher/electric-car-sales-share.csv,2026-09-28T22:52:31.425Z,{}
ev,ev--electric-car-sales-share-denmark-share-of-new-cars-that-are-electric,Denmark · Share of new cars that are electric,Denmark,Share of new cars that are electric,2025-12-31,2025,year,2025-01-01,71.0,% nowych aut,annual,observed,https://ourworldindata.org/grapher/electric-car-sales-share.csv,2026-09-28T22:52:31.425Z,{}
ev,ev--electric-car-sales-share-estonia-share-of-new-cars-that-are-electric,Estonia · Share of new cars that are electric,Estonia,Share of new cars that are electric,2025-12-31,2025,year,2025-01-01,17.0,% nowych aut,annual,observed,https://ourworldindata.org/grapher/electric-car-sales-share.csv,2026-09-28T22:52:31.425Z,{}
ev,ev--electric-car-sales-share-europe-share-of-new-cars-that-are-electric,Europe · Share of new cars that are electric,Europe,Share of new cars that are electric,2025-12-31,2025,year,2025-01-01,28.0,% nowych aut,annual,observed,https://ourworldindata.org/grapher/electric-car-sales-share.csv,2026-09-28T22:52:31.425Z,{}
ev,ev--electric-car-sales-share-european-union-27-share-of-new-cars-that-are-electric,European Union (27) · Share of new cars that are electric,European Union (27),Share of new cars that are electric,2025-12-31,2025,year,2025-01-01,27.0,% nowych aut,annual,observed,https://ourworldindata.org/grapher/electric-car-sales-share.csv,2026-09-28T22:52:31.425Z,{}
ev,ev--electric-car-sales-share-finland-share-of-new-cars-that-are-electric,Finland · Share of new cars that are electric,Finland,Share of new cars that are electric,2025-12-31,2025,year,2025-01-01,57.0,% nowych aut,annual,observed,https://ourworldindata.org/grapher/electric-car-sales-share.csv,2026-09-28T22:52:31.425Z,{}
ev,ev--electric-car-sales-share-france-share-of-new-cars-that-are-electric,France · Share of new cars that are electric,France,Share of new cars that are electric,2025-12-31,2025,year,2025-01-01,26.0,% nowych aut,annual,observed,https://ourworldindata.org/grapher/electric-car-sales-share.csv,2026-09-28T22:52:31.425Z,{}
ev,ev--electric-car-sales-share-germany-share-of-new-cars-that-are-electric,Germany · Share of new cars that are electric,Germany,Share of new cars that are electric,2025-12-31,2025,year,2025-01-01,30.0,% nowych aut,annual,observed,https://ourworldindata.org/grapher/electric-car-sales-share.csv,2026-09-28T22:52:31.425Z,{}
ev,ev--electric-car-sales-share-greece-share-of-new-cars-that-are-electric,Greece · Share of new cars that are electric,Greece,Share of new cars that are electric,2025-12-31,2025,year,2025-01-01,14.0,% nowych aut,annual,observed,https://ourworldindata.org/grapher/electric-car-sales-share.csv,2026-09-28T22:52:31.425Z,{}
ev,ev--electric-car-sales-share-hungary-share-of-new-cars-that-are-electric,Hungary · Share of new cars that are electric,Hungary,Share of new cars that are electric,2025-12-31,2025,year,2025-01-01,14.0,% nowych aut,annual,observed,https://ourworldindata.org/grapher/electric-car-sales-share.csv,2026-09-28T22:52:31.425Z,{}
ev,ev--electric-car-sales-share-iceland-share-of-new-cars-that-are-electric,Iceland · Share of new cars that are electric,Iceland,Share of new cars that are electric,2025-12-31,2025,year,2025-01-01,62.0,% nowych aut,annual,observed,https://ourworldindata.org/grapher/electric-car-sales-share.csv,2026-09-28T22:52:31.425Z,{}
ev,ev--electric-car-sales-share-india-share-of-new-cars-that-are-electric,India · Share of new cars that are electric,India,Share of new cars that are electric,2025-12-31,2025,year,2025-01-01,4.0,% nowych aut,annual,observed,https://ourworldindata.org/grapher/electric-car-sales-share.csv,2026-09-28T22:52:31.425Z,{}
ev,ev--electric-car-sales-share-indonesia-share-of-new-cars-that-are-electric,Indonesia · Share of new cars that are electric,Indonesia,Share of new cars that are electric,2025-12-31,2025,year,2025-01-01,15.0,% nowych aut,annual,observed,https://ourworldindata.org/grapher/electric-car-sales-share.csv,2026-09-28T22:52:31.425Z,{}
ev,ev--electric-car-sales-share-ireland-share-of-new-cars-that-are-electric,Ireland · Share of new cars that are electric,Ireland,Share of new cars that are electric,2025-12-31,2025,year,2025-01-01,34.0,% nowych aut,annual,observed,https://ourworldindata.org/grapher/electric-car-sales-share.csv,2026-09-28T22:52:31.425Z,{}
ev,ev--electric-car-sales-share-israel-share-of-new-cars-that-are-electric,Israel · Share of new cars that are electric,Israel,Share of new cars that are electric,2025-12-31,2025,year,2025-01-01,21.0,% nowych aut,annual,observed,https://ourworldindata.org/grapher/electric-car-sales-share.csv,2026-09-28T22:52:31.425Z,{}
ev,ev--electric-car-sales-share-italy-share-of-new-cars-that-are-electric,Italy · Share of new cars that are electric,Italy,Share of new cars that are electric,2025-12-31,2025,year,2025-01-01,13.0,% nowych aut,annual,observed,https://ourworldindata.org/grapher/electric-car-sales-share.csv,2026-09-28T22:52:31.425Z,{}
ev,ev--electric-car-sales-share-japan-share-of-new-cars-that-are-electric,Japan · Share of new cars that are electric,Japan,Share of new cars that are electric,2025-12-31,2025,year,2025-01-01,3.0,% nowych aut,annual,observed,https://ourworldindata.org/grapher/electric-car-sales-share.csv,2026-09-28T22:52:31.425Z,{}
ev,ev--electric-car-sales-share-jordan-share-of-new-cars-that-are-electric,Jordan · Share of new cars that are electric,Jordan,Share of new cars that are electric,2025-12-31,2025,year,2025-01-01,12.0,% nowych aut,annual,observed,https://ourworldindata.org/grapher/electric-car-sales-share.csv,2026-09-28T22:52:31.425Z,{}
ev,ev--electric-car-sales-share-laos-share-of-new-cars-that-are-electric,Laos · Share of new cars that are electric,Laos,Share of new cars that are electric,2025-12-31,2025,year,2025-01-01,36.0,% nowych aut,annual,observed,https://ourworldindata.org/grapher/electric-car-sales-share.csv,2026-09-28T22:52:31.425Z,{}
ev,ev--electric-car-sales-share-latvia-share-of-new-cars-that-are-electric,Latvia · Share of new cars that are electric,Latvia,Share of new cars that are electric,2025-12-31,2025,year,2025-01-01,19.0,% nowych aut,annual,observed,https://ourworldindata.org/grapher/electric-car-sales-share.csv,2026-09-28T22:52:31.425Z,{}
ev,ev--electric-car-sales-share-lithuania-share-of-new-cars-that-are-electric,Lithuania · Share of new cars that are electric,Lithuania,Share of new cars that are electric,2025-12-31,2025,year,2025-01-01,18.0,% nowych aut,annual,observed,https://ourworldindata.org/grapher/electric-car-sales-share.csv,2026-09-28T22:52:31.425Z,{}
ev,ev--electric-car-sales-share-luxembourg-share-of-new-cars-that-are-electric,Luxembourg · Share of new cars that are electric,Luxembourg,Share of new cars that are electric,2025-12-31,2025,year,2025-01-01,35.0,% nowych aut,annual,observed,https://ourworldindata.org/grapher/electric-car-sales-share.csv,2026-09-28T22:52:31.425Z,{}
ev,ev--electric-car-sales-share-malaysia-share-of-new-cars-that-are-electric,Malaysia · Share of new cars that are electric,Malaysia,Share of new cars that are electric,2025-12-31,2025,year,2025-01-01,7.0,% nowych aut,annual,observed,https://ourworldindata.org/grapher/electric-car-sales-share.csv,2026-09-28T22:52:31.425Z,{}
ev,ev--electric-car-sales-share-mexico-share-of-new-cars-that-are-electric,Mexico · Share of new cars that are electric,Mexico,Share of new cars that are electric,2025-12-31,2025,year,2025-01-01,7.0,% nowych aut,annual,observed,https://ourworldindata.org/grapher/electric-car-sales-share.csv,2026-09-28T22:52:31.425Z,{}
ev,ev--electric-car-sales-share-nepal-share-of-new-cars-that-are-electric,Nepal · Share of new cars that are electric,Nepal,Share of new cars that are electric,2025-12-31,2025,year,2025-01-01,68.0,% nowych aut,annual,observed,https://ourworldindata.org/grapher/electric-car-sales-share.csv,2026-09-28T22:52:31.425Z,{}
ev,ev--electric-car-sales-share-netherlands-share-of-new-cars-that-are-electric,Netherlands · Share of new cars that are electric,Netherlands,Share of new cars that are electric,2025-12-31,2025,year,2025-01-01,58.0,% nowych aut,annual,observed,https://ourworldindata.org/grapher/electric-car-sales-share.csv,2026-09-28T22:52:31.425Z,{}
ev,ev--electric-car-sales-share-new-zealand-share-of-new-cars-that-are-electric,New Zealand · Share of new cars that are electric,New Zealand,Share of new cars that are electric,2025-12-31,2025,year,2025-01-01,12.0,% nowych aut,annual,observed,https://ourworldindata.org/grapher/electric-car-sales-share.csv,2026-09-28T22:52:31.425Z,{}
ev,ev--electric-car-sales-share-norway-share-of-new-cars-that-are-electric,Norway · Share of new cars that are electric,Norway,Share of new cars that are electric,2025-12-31,2025,year,2025-01-01,97.0,% nowych aut,annual,observed,https://ourworldindata.org/grapher/electric-car-sales-share.csv,2026-09-28T22:52:31.425Z,{}
ev,ev--electric-car-sales-share-philippines-share-of-new-cars-that-are-electric,Philippines · Share of new cars that are electric,Philippines,Share of new cars that are electric,2025-12-31,2025,year,2025-01-01,10.0,% nowych aut,annual,observed,https://ourworldindata.org/grapher/electric-car-sales-share.csv,2026-09-28T22:52:31.425Z,{}
ev,ev--electric-car-sales-share-poland-share-of-new-cars-that-are-electric,Poland · Share of new cars that are electric,Poland,Share of new cars that are electric,2025-12-31,2025,year,2025-01-01,14.0,% nowych aut,annual,observed,https://ourworldindata.org/grapher/electric-car-sales-share.csv,2026-09-28T22:52:31.425Z,{}
ev,ev--electric-car-sales-share-portugal-share-of-new-cars-that-are-electric,Portugal · Share of new cars that are electric,Portugal,Share of new cars that are electric,2025-12-31,2025,year,2025-01-01,38.0,% nowych aut,annual,observed,https://ourworldindata.org/grapher/electric-car-sales-share.csv,2026-09-28T22:52:31.425Z,{}
ev,ev--electric-car-sales-share-rest-of-world-share-of-new-cars-that-are-electric,Rest of World · Share of new cars that are electric,Rest of World,Share of new cars that are electric,2025-12-31,2025,year,2025-01-01,5.525748,% nowych aut,annual,observed,https://ourworldindata.org/grapher/electric-car-sales-share.csv,2026-09-28T22:52:31.425Z,{}
ev,ev--electric-car-sales-share-romania-share-of-new-cars-that-are-electric,Romania · Share of new cars that are electric,Romania,Share of new cars that are electric,2025-12-31,2025,year,2025-01-01,5.6,% nowych aut,annual,observed,https://ourworldindata.org/grapher/electric-car-sales-share.csv,2026-09-28T22:52:31.425Z,{}
ev,ev--electric-car-sales-share-russia-share-of-new-cars-that-are-electric,Russia · Share of new cars that are electric,Russia,Share of new cars that are electric,2025-12-31,2025,year,2025-01-01,2.0,% nowych aut,annual,observed,https://ourworldindata.org/grapher/electric-car-sales-share.csv,2026-09-28T22:52:31.425Z,{}
ev,ev--electric-car-sales-share-singapore-share-of-new-cars-that-are-electric,Singapore · Share of new cars that are electric,Singapore,Share of new cars that are electric,2025-12-31,2025,year,2025-01-01,37.0,% nowych aut,annual,observed,https://ourworldindata.org/grapher/electric-car-sales-share.csv,2026-09-28T22:52:31.425Z,{}
ev,ev--electric-car-sales-share-slovakia-share-of-new-cars-that-are-electric,Slovakia · Share of new cars that are electric,Slovakia,Share of new cars that are electric,2025-12-31,2025,year,2025-01-01,9.1,% nowych aut,annual,observed,https://ourworldindata.org/grapher/electric-car-sales-share.csv,2026-09-28T22:52:31.425Z,{}
ev,ev--electric-car-sales-share-slovenia-share-of-new-cars-that-are-electric,Slovenia · Share of new cars that are electric,Slovenia,Share of new cars that are electric,2025-12-31,2025,year,2025-01-01,15.0,% nowych aut,annual,observed,https://ourworldindata.org/grapher/electric-car-sales-share.csv,2026-09-28T22:52:31.425Z,{}
ev,ev--electric-car-sales-share-south-africa-share-of-new-cars-that-are-electric,South Africa · Share of new cars that are electric,South Africa,Share of new cars that are electric,2025-12-31,2025,year,2025-01-01,0.88,% nowych aut,annual,observed,https://ourworldindata.org/grapher/electric-car-sales-share.csv,2026-09-28T22:52:31.425Z,{}
ev,ev--electric-car-sales-share-south-korea-share-of-new-cars-that-are-electric,South Korea · Share of new cars that are electric,South Korea,Share of new cars that are electric,2025-12-31,2025,year,2025-01-01,11.0,% nowych aut,annual,observed,https://ourworldindata.org/grapher/electric-car-sales-share.csv,2026-09-28T22:52:31.425Z,{}
ev,ev--electric-car-sales-share-spain-share-of-new-cars-that-are-electric,Spain · Share of new cars that are electric,Spain,Share of new cars that are electric,2025-12-31,2025,year,2025-01-01,20.0,% nowych aut,annual,observed,https://ourworldindata.org/grapher/electric-car-sales-share.csv,2026-09-28T22:52:31.425Z,{}
ev,ev--electric-car-sales-share-sweden-share-of-new-cars-that-are-electric,Sweden · Share of new cars that are electric,Sweden,Share of new cars that are electric,2025-12-31,2025,year,2025-01-01,61.0,% nowych aut,annual,observed,https://ourworldindata.org/grapher/electric-car-sales-share.csv,2026-09-28T22:52:31.425Z,{}
ev,ev--electric-car-sales-share-switzerland-share-of-new-cars-that-are-electric,Switzerland · Share of new cars that are electric,Switzerland,Share of new cars that are electric,2025-12-31,2025,year,2025-01-01,34.0,% nowych aut,annual,observed,https://ourworldindata.org/grapher/electric-car-sales-share.csv,2026-09-28T22:52:31.425Z,{}
ev,ev--electric-car-sales-share-thailand-share-of-new-cars-that-are-electric,Thailand · Share of new cars that are electric,Thailand,Share of new cars that are electric,2025-12-31,2025,year,2025-01-01,23.0,% nowych aut,annual,observed,https://ourworldindata.org/grapher/electric-car-sales-share.csv,2026-09-28T22:52:31.425Z,{}
ev,ev--electric-car-sales-share-turkey-share-of-new-cars-that-are-electric,Turkey · Share of new cars that are electric,Turkey,Share of new cars that are electric,2025-12-31,2025,year,2025-01-01,22.0,% nowych aut,annual,observed,https://ourworldindata.org/grapher/electric-car-sales-share.csv,2026-09-28T22:52:31.425Z,{}
ev,ev--electric-car-sales-share-united-arab-emirates-share-of-new-cars-that-are-electric,United Arab Emirates · Share of new cars that are electric,United Arab Emirates,Share of new cars that are electric,2025-12-31,2025,year,2025-01-01,9.0,% nowych aut,annual,observed,https://ourworldindata.org/grapher/electric-car-sales-share.csv,2026-09-28T22:52:31.425Z,{}
ev,ev--electric-car-sales-share-united-kingdom-share-of-new-cars-that-are-electric,United Kingdom · Share of new cars that are electric,United Kingdom,Share of new cars that are electric,2025-12-31,2025,year,2025-01-01,35.0,% nowych aut,annual,observed,https://ourworldindata.org/grapher/electric-car-sales-share.csv,2026-09-28T22:52:31.425Z,{}
ev,ev--electric-car-sales-share-united-states-share-of-new-cars-that-are-electric,United States · Share of new cars that are electric,United States,Share of new cars that are electric,2025-12-31,2025,year,2025-01-01,10.0,% nowych aut,annual,observed,https://ourworldindata.org/grapher/electric-car-sales-share.csv,2026-09-28T22:52:31.425Z,{}
ev,ev--electric-car-sales-share-uzbekistan-share-of-new-cars-that-are-electric,Uzbekistan · Share of new cars that are electric,Uzbekistan,Share of new cars that are electric,2025-12-31,2025,year,2025-01-01,6.0,% nowych aut,annual,observed,https://ourworldindata.org/grapher/electric-car-sales-share.csv,2026-09-28T22:52:31.425Z,{}
ev,ev--electric-car-sales-share-vietnam-share-of-new-cars-that-are-electric,Vietnam · Share of new cars that are electric,Vietnam,Share of new cars that are electric,2025-12-31,2025,year,2025-01-01,40.0,% nowych aut,annual,observed,https://ourworldindata.org/grapher/electric-car-sales-share.csv,2026-09-28T22:52:31.425Z,{}
ev,ev--electric-car-sales-share-world-share-of-new-cars-that-are-electric,Share of new cars that are electric,World,Share of new cars that are electric,2025-12-31,2025,year,2025-01-01,25.0,% nowych aut,annual,observed,https://ourworldindata.org/grapher/electric-car-sales-share.csv,2026-09-28T22:52:31.425Z,{}
