topic_id,series_id,series_name,entity,metric,date,period,date_precision,period_start,value,unit,frequency,kind,source_url,retrieved_at,attributes_json
gaming,gaming--family-computer-nes-annual,Family Computer/NES · dostawy roczne,Family Computer/NES,Annual hardware shipments,1998-03-31,1998-03-31,fiscal-year,1997-04-01,0.03,mln sztuk / rok,annual,observed,https://www.nintendo.co.jp/ir/finance/historical_data/xls/consolidated_sales_e2603.xlsx,2026-09-28T22:54:48.050Z,"{""fiscalYear"": 1998, ""rawSpreadsheetValue"": 3.0, ""valueQualifier"": ""approximately"", ""roundingUnits"": 10000}"
gaming,gaming--game-boy-advance-annual,Game Boy Advance · dostawy roczne,Game Boy Advance,Annual hardware shipments,1998-03-31,1998-03-31,fiscal-year,1997-04-01,,mln sztuk / rok,annual,observed,https://www.nintendo.co.jp/ir/finance/historical_data/xls/consolidated_sales_e2603.xlsx,2026-09-28T22:54:48.050Z,"{""fiscalYear"": 1998, ""rawSpreadsheetValue"": null, ""valueQualifier"": ""approximately"", ""roundingUnits"": 10000}"
gaming,gaming--game-boy-annual,Game Boy · dostawy roczne,Game Boy,Annual hardware shipments,1998-03-31,1998-03-31,fiscal-year,1997-04-01,10.37,mln sztuk / rok,annual,observed,https://www.nintendo.co.jp/ir/finance/historical_data/xls/consolidated_sales_e2603.xlsx,2026-09-28T22:54:48.050Z,"{""fiscalYear"": 1998, ""rawSpreadsheetValue"": 1037.0, ""valueQualifier"": ""approximately"", ""roundingUnits"": 10000}"
gaming,gaming--nintendo-64-annual,Nintendo 64 · dostawy roczne,Nintendo 64,Annual hardware shipments,1998-03-31,1998-03-31,fiscal-year,1997-04-01,9.42,mln sztuk / rok,annual,observed,https://www.nintendo.co.jp/ir/finance/historical_data/xls/consolidated_sales_e2603.xlsx,2026-09-28T22:54:48.050Z,"{""fiscalYear"": 1998, ""rawSpreadsheetValue"": 942.0, ""valueQualifier"": ""approximately"", ""roundingUnits"": 10000}"
gaming,gaming--nintendo-gamecube-annual,Nintendo GameCube · dostawy roczne,Nintendo GameCube,Annual hardware shipments,1998-03-31,1998-03-31,fiscal-year,1997-04-01,,mln sztuk / rok,annual,observed,https://www.nintendo.co.jp/ir/finance/historical_data/xls/consolidated_sales_e2603.xlsx,2026-09-28T22:54:48.050Z,"{""fiscalYear"": 1998, ""rawSpreadsheetValue"": null, ""valueQualifier"": ""approximately"", ""roundingUnits"": 10000}"
gaming,gaming--super-family-computer-snes-annual,Super Family Computer/SNES · dostawy roczne,Super Family Computer/SNES,Annual hardware shipments,1998-03-31,1998-03-31,fiscal-year,1997-04-01,2.04,mln sztuk / rok,annual,observed,https://www.nintendo.co.jp/ir/finance/historical_data/xls/consolidated_sales_e2603.xlsx,2026-09-28T22:54:48.050Z,"{""fiscalYear"": 1998, ""rawSpreadsheetValue"": 204.0, ""valueQualifier"": ""approximately"", ""roundingUnits"": 10000}"
gaming,gaming--family-computer-nes-annual,Family Computer/NES · dostawy roczne,Family Computer/NES,Annual hardware shipments,1999-03-31,1999-03-31,fiscal-year,1998-04-01,0.05,mln sztuk / rok,annual,observed,https://www.nintendo.co.jp/ir/finance/historical_data/xls/consolidated_sales_e2603.xlsx,2026-09-28T22:54:48.050Z,"{""fiscalYear"": 1999, ""rawSpreadsheetValue"": 5.0, ""valueQualifier"": ""approximately"", ""roundingUnits"": 10000}"
gaming,gaming--game-boy-advance-annual,Game Boy Advance · dostawy roczne,Game Boy Advance,Annual hardware shipments,1999-03-31,1999-03-31,fiscal-year,1998-04-01,,mln sztuk / rok,annual,observed,https://www.nintendo.co.jp/ir/finance/historical_data/xls/consolidated_sales_e2603.xlsx,2026-09-28T22:54:48.050Z,"{""fiscalYear"": 1999, ""rawSpreadsheetValue"": null, ""valueQualifier"": ""approximately"", ""roundingUnits"": 10000}"
gaming,gaming--game-boy-annual,Game Boy · dostawy roczne,Game Boy,Annual hardware shipments,1999-03-31,1999-03-31,fiscal-year,1998-04-01,12.99,mln sztuk / rok,annual,observed,https://www.nintendo.co.jp/ir/finance/historical_data/xls/consolidated_sales_e2603.xlsx,2026-09-28T22:54:48.050Z,"{""fiscalYear"": 1999, ""rawSpreadsheetValue"": 1299.0, ""valueQualifier"": ""approximately"", ""roundingUnits"": 10000}"
gaming,gaming--nintendo-64-annual,Nintendo 64 · dostawy roczne,Nintendo 64,Annual hardware shipments,1999-03-31,1999-03-31,fiscal-year,1998-04-01,7.86,mln sztuk / rok,annual,observed,https://www.nintendo.co.jp/ir/finance/historical_data/xls/consolidated_sales_e2603.xlsx,2026-09-28T22:54:48.050Z,"{""fiscalYear"": 1999, ""rawSpreadsheetValue"": 786.0, ""valueQualifier"": ""approximately"", ""roundingUnits"": 10000}"
gaming,gaming--nintendo-gamecube-annual,Nintendo GameCube · dostawy roczne,Nintendo GameCube,Annual hardware shipments,1999-03-31,1999-03-31,fiscal-year,1998-04-01,,mln sztuk / rok,annual,observed,https://www.nintendo.co.jp/ir/finance/historical_data/xls/consolidated_sales_e2603.xlsx,2026-09-28T22:54:48.050Z,"{""fiscalYear"": 1999, ""rawSpreadsheetValue"": null, ""valueQualifier"": ""approximately"", ""roundingUnits"": 10000}"
gaming,gaming--super-family-computer-snes-annual,Super Family Computer/SNES · dostawy roczne,Super Family Computer/SNES,Annual hardware shipments,1999-03-31,1999-03-31,fiscal-year,1998-04-01,1.43,mln sztuk / rok,annual,observed,https://www.nintendo.co.jp/ir/finance/historical_data/xls/consolidated_sales_e2603.xlsx,2026-09-28T22:54:48.050Z,"{""fiscalYear"": 1999, ""rawSpreadsheetValue"": 143.0, ""valueQualifier"": ""approximately"", ""roundingUnits"": 10000}"
gaming,gaming--family-computer-nes-annual,Family Computer/NES · dostawy roczne,Family Computer/NES,Annual hardware shipments,2000-03-31,2000-03-31,fiscal-year,1999-04-01,0.05,mln sztuk / rok,annual,observed,https://www.nintendo.co.jp/ir/finance/historical_data/xls/consolidated_sales_e2603.xlsx,2026-09-28T22:54:48.050Z,"{""fiscalYear"": 2000, ""rawSpreadsheetValue"": 5.0, ""valueQualifier"": ""approximately"", ""roundingUnits"": 10000}"
gaming,gaming--game-boy-advance-annual,Game Boy Advance · dostawy roczne,Game Boy Advance,Annual hardware shipments,2000-03-31,2000-03-31,fiscal-year,1999-04-01,,mln sztuk / rok,annual,observed,https://www.nintendo.co.jp/ir/finance/historical_data/xls/consolidated_sales_e2603.xlsx,2026-09-28T22:54:48.050Z,"{""fiscalYear"": 2000, ""rawSpreadsheetValue"": null, ""valueQualifier"": ""approximately"", ""roundingUnits"": 10000}"
gaming,gaming--game-boy-annual,Game Boy · dostawy roczne,Game Boy,Annual hardware shipments,2000-03-31,2000-03-31,fiscal-year,1999-04-01,17.45,mln sztuk / rok,annual,observed,https://www.nintendo.co.jp/ir/finance/historical_data/xls/consolidated_sales_e2603.xlsx,2026-09-28T22:54:48.050Z,"{""fiscalYear"": 2000, ""rawSpreadsheetValue"": 1745.0, ""valueQualifier"": ""approximately"", ""roundingUnits"": 10000}"
gaming,gaming--nintendo-64-annual,Nintendo 64 · dostawy roczne,Nintendo 64,Annual hardware shipments,2000-03-31,2000-03-31,fiscal-year,1999-04-01,6.49,mln sztuk / rok,annual,observed,https://www.nintendo.co.jp/ir/finance/historical_data/xls/consolidated_sales_e2603.xlsx,2026-09-28T22:54:48.050Z,"{""fiscalYear"": 2000, ""rawSpreadsheetValue"": 649.0, ""valueQualifier"": ""approximately"", ""roundingUnits"": 10000}"
gaming,gaming--nintendo-gamecube-annual,Nintendo GameCube · dostawy roczne,Nintendo GameCube,Annual hardware shipments,2000-03-31,2000-03-31,fiscal-year,1999-04-01,,mln sztuk / rok,annual,observed,https://www.nintendo.co.jp/ir/finance/historical_data/xls/consolidated_sales_e2603.xlsx,2026-09-28T22:54:48.050Z,"{""fiscalYear"": 2000, ""rawSpreadsheetValue"": null, ""valueQualifier"": ""approximately"", ""roundingUnits"": 10000}"
gaming,gaming--super-family-computer-snes-annual,Super Family Computer/SNES · dostawy roczne,Super Family Computer/SNES,Annual hardware shipments,2000-03-31,2000-03-31,fiscal-year,1999-04-01,0.28,mln sztuk / rok,annual,observed,https://www.nintendo.co.jp/ir/finance/historical_data/xls/consolidated_sales_e2603.xlsx,2026-09-28T22:54:48.050Z,"{""fiscalYear"": 2000, ""rawSpreadsheetValue"": 28.0, ""valueQualifier"": ""approximately"", ""roundingUnits"": 10000}"
gaming,gaming--family-computer-nes-annual,Family Computer/NES · dostawy roczne,Family Computer/NES,Annual hardware shipments,2001-03-31,2001-03-31,fiscal-year,2000-04-01,0.05,mln sztuk / rok,annual,observed,https://www.nintendo.co.jp/ir/finance/historical_data/xls/consolidated_sales_e2603.xlsx,2026-09-28T22:54:48.050Z,"{""fiscalYear"": 2001, ""rawSpreadsheetValue"": 5.0, ""valueQualifier"": ""approximately"", ""roundingUnits"": 10000}"
gaming,gaming--game-boy-advance-annual,Game Boy Advance · dostawy roczne,Game Boy Advance,Annual hardware shipments,2001-03-31,2001-03-31,fiscal-year,2000-04-01,1.07,mln sztuk / rok,annual,observed,https://www.nintendo.co.jp/ir/finance/historical_data/xls/consolidated_sales_e2603.xlsx,2026-09-28T22:54:48.050Z,"{""fiscalYear"": 2001, ""rawSpreadsheetValue"": 107.0, ""valueQualifier"": ""approximately"", ""roundingUnits"": 10000}"
gaming,gaming--game-boy-annual,Game Boy · dostawy roczne,Game Boy,Annual hardware shipments,2001-03-31,2001-03-31,fiscal-year,2000-04-01,18.86,mln sztuk / rok,annual,observed,https://www.nintendo.co.jp/ir/finance/historical_data/xls/consolidated_sales_e2603.xlsx,2026-09-28T22:54:48.050Z,"{""fiscalYear"": 2001, ""rawSpreadsheetValue"": 1886.0, ""valueQualifier"": ""approximately"", ""roundingUnits"": 10000}"
gaming,gaming--nintendo-64-annual,Nintendo 64 · dostawy roczne,Nintendo 64,Annual hardware shipments,2001-03-31,2001-03-31,fiscal-year,2000-04-01,2.85,mln sztuk / rok,annual,observed,https://www.nintendo.co.jp/ir/finance/historical_data/xls/consolidated_sales_e2603.xlsx,2026-09-28T22:54:48.050Z,"{""fiscalYear"": 2001, ""rawSpreadsheetValue"": 285.0, ""valueQualifier"": ""approximately"", ""roundingUnits"": 10000}"
gaming,gaming--nintendo-gamecube-annual,Nintendo GameCube · dostawy roczne,Nintendo GameCube,Annual hardware shipments,2001-03-31,2001-03-31,fiscal-year,2000-04-01,,mln sztuk / rok,annual,observed,https://www.nintendo.co.jp/ir/finance/historical_data/xls/consolidated_sales_e2603.xlsx,2026-09-28T22:54:48.050Z,"{""fiscalYear"": 2001, ""rawSpreadsheetValue"": null, ""valueQualifier"": ""approximately"", ""roundingUnits"": 10000}"
gaming,gaming--super-family-computer-snes-annual,Super Family Computer/SNES · dostawy roczne,Super Family Computer/SNES,Annual hardware shipments,2001-03-31,2001-03-31,fiscal-year,2000-04-01,0.09,mln sztuk / rok,annual,observed,https://www.nintendo.co.jp/ir/finance/historical_data/xls/consolidated_sales_e2603.xlsx,2026-09-28T22:54:48.050Z,"{""fiscalYear"": 2001, ""rawSpreadsheetValue"": 9.0, ""valueQualifier"": ""approximately"", ""roundingUnits"": 10000}"
gaming,gaming--family-computer-nes-annual,Family Computer/NES · dostawy roczne,Family Computer/NES,Annual hardware shipments,2002-03-31,2002-03-31,fiscal-year,2001-04-01,0.06,mln sztuk / rok,annual,observed,https://www.nintendo.co.jp/ir/finance/historical_data/xls/consolidated_sales_e2603.xlsx,2026-09-28T22:54:48.050Z,"{""fiscalYear"": 2002, ""rawSpreadsheetValue"": 6.0, ""valueQualifier"": ""approximately"", ""roundingUnits"": 10000}"
gaming,gaming--game-boy-advance-annual,Game Boy Advance · dostawy roczne,Game Boy Advance,Annual hardware shipments,2002-03-31,2002-03-31,fiscal-year,2001-04-01,17.09,mln sztuk / rok,annual,observed,https://www.nintendo.co.jp/ir/finance/historical_data/xls/consolidated_sales_e2603.xlsx,2026-09-28T22:54:48.050Z,"{""fiscalYear"": 2002, ""rawSpreadsheetValue"": 1709.0, ""valueQualifier"": ""approximately"", ""roundingUnits"": 10000}"
gaming,gaming--game-boy-annual,Game Boy · dostawy roczne,Game Boy,Annual hardware shipments,2002-03-31,2002-03-31,fiscal-year,2001-04-01,4.7,mln sztuk / rok,annual,observed,https://www.nintendo.co.jp/ir/finance/historical_data/xls/consolidated_sales_e2603.xlsx,2026-09-28T22:54:48.050Z,"{""fiscalYear"": 2002, ""rawSpreadsheetValue"": 470.0, ""valueQualifier"": ""approximately"", ""roundingUnits"": 10000}"
gaming,gaming--nintendo-64-annual,Nintendo 64 · dostawy roczne,Nintendo 64,Annual hardware shipments,2002-03-31,2002-03-31,fiscal-year,2001-04-01,0.5,mln sztuk / rok,annual,observed,https://www.nintendo.co.jp/ir/finance/historical_data/xls/consolidated_sales_e2603.xlsx,2026-09-28T22:54:48.050Z,"{""fiscalYear"": 2002, ""rawSpreadsheetValue"": 50.0, ""valueQualifier"": ""approximately"", ""roundingUnits"": 10000}"
gaming,gaming--nintendo-gamecube-annual,Nintendo GameCube · dostawy roczne,Nintendo GameCube,Annual hardware shipments,2002-03-31,2002-03-31,fiscal-year,2001-04-01,3.8,mln sztuk / rok,annual,observed,https://www.nintendo.co.jp/ir/finance/historical_data/xls/consolidated_sales_e2603.xlsx,2026-09-28T22:54:48.050Z,"{""fiscalYear"": 2002, ""rawSpreadsheetValue"": 380.0, ""valueQualifier"": ""approximately"", ""roundingUnits"": 10000}"
gaming,gaming--super-family-computer-snes-annual,Super Family Computer/SNES · dostawy roczne,Super Family Computer/SNES,Annual hardware shipments,2002-03-31,2002-03-31,fiscal-year,2001-04-01,0.01,mln sztuk / rok,annual,observed,https://www.nintendo.co.jp/ir/finance/historical_data/xls/consolidated_sales_e2603.xlsx,2026-09-28T22:54:48.050Z,"{""fiscalYear"": 2002, ""rawSpreadsheetValue"": 1.0, ""valueQualifier"": ""approximately"", ""roundingUnits"": 10000}"
gaming,gaming--family-computer-nes-annual,Family Computer/NES · dostawy roczne,Family Computer/NES,Annual hardware shipments,2003-03-31,2003-03-31,fiscal-year,2002-04-01,0.06,mln sztuk / rok,annual,observed,https://www.nintendo.co.jp/ir/finance/historical_data/xls/consolidated_sales_e2603.xlsx,2026-09-28T22:54:48.050Z,"{""fiscalYear"": 2003, ""rawSpreadsheetValue"": 6.0, ""valueQualifier"": ""approximately"", ""roundingUnits"": 10000}"
gaming,gaming--game-boy-advance-annual,Game Boy Advance · dostawy roczne,Game Boy Advance,Annual hardware shipments,2003-03-31,2003-03-31,fiscal-year,2002-04-01,15.65,mln sztuk / rok,annual,observed,https://www.nintendo.co.jp/ir/finance/historical_data/xls/consolidated_sales_e2603.xlsx,2026-09-28T22:54:48.050Z,"{""fiscalYear"": 2003, ""rawSpreadsheetValue"": 1565.0, ""valueQualifier"": ""approximately"", ""roundingUnits"": 10000}"
gaming,gaming--game-boy-annual,Game Boy · dostawy roczne,Game Boy,Annual hardware shipments,2003-03-31,2003-03-31,fiscal-year,2002-04-01,0.27,mln sztuk / rok,annual,observed,https://www.nintendo.co.jp/ir/finance/historical_data/xls/consolidated_sales_e2603.xlsx,2026-09-28T22:54:48.050Z,"{""fiscalYear"": 2003, ""rawSpreadsheetValue"": 27.0, ""valueQualifier"": ""approximately"", ""roundingUnits"": 10000}"
gaming,gaming--nintendo-64-annual,Nintendo 64 · dostawy roczne,Nintendo 64,Annual hardware shipments,2003-03-31,2003-03-31,fiscal-year,2002-04-01,0.01,mln sztuk / rok,annual,observed,https://www.nintendo.co.jp/ir/finance/historical_data/xls/consolidated_sales_e2603.xlsx,2026-09-28T22:54:48.050Z,"{""fiscalYear"": 2003, ""rawSpreadsheetValue"": 1.0, ""valueQualifier"": ""approximately"", ""roundingUnits"": 10000}"
gaming,gaming--nintendo-gamecube-annual,Nintendo GameCube · dostawy roczne,Nintendo GameCube,Annual hardware shipments,2003-03-31,2003-03-31,fiscal-year,2002-04-01,5.76,mln sztuk / rok,annual,observed,https://www.nintendo.co.jp/ir/finance/historical_data/xls/consolidated_sales_e2603.xlsx,2026-09-28T22:54:48.050Z,"{""fiscalYear"": 2003, ""rawSpreadsheetValue"": 576.0, ""valueQualifier"": ""approximately"", ""roundingUnits"": 10000}"
gaming,gaming--super-family-computer-snes-annual,Super Family Computer/SNES · dostawy roczne,Super Family Computer/SNES,Annual hardware shipments,2003-03-31,2003-03-31,fiscal-year,2002-04-01,0.01,mln sztuk / rok,annual,observed,https://www.nintendo.co.jp/ir/finance/historical_data/xls/consolidated_sales_e2603.xlsx,2026-09-28T22:54:48.050Z,"{""fiscalYear"": 2003, ""rawSpreadsheetValue"": 1.0, ""valueQualifier"": ""approximately"", ""roundingUnits"": 10000}"
gaming,gaming--family-computer-nes-annual,Family Computer/NES · dostawy roczne,Family Computer/NES,Annual hardware shipments,2004-03-31,2004-03-31,fiscal-year,2003-04-01,0.03,mln sztuk / rok,annual,observed,https://www.nintendo.co.jp/ir/finance/historical_data/xls/consolidated_sales_e2603.xlsx,2026-09-28T22:54:48.050Z,"{""fiscalYear"": 2004, ""rawSpreadsheetValue"": 3.0, ""valueQualifier"": ""approximately"", ""roundingUnits"": 10000}"
gaming,gaming--game-boy-advance-annual,Game Boy Advance · dostawy roczne,Game Boy Advance,Annual hardware shipments,2004-03-31,2004-03-31,fiscal-year,2003-04-01,17.59,mln sztuk / rok,annual,observed,https://www.nintendo.co.jp/ir/finance/historical_data/xls/consolidated_sales_e2603.xlsx,2026-09-28T22:54:48.050Z,"{""fiscalYear"": 2004, ""rawSpreadsheetValue"": 1759.0, ""valueQualifier"": ""approximately"", ""roundingUnits"": 10000}"
gaming,gaming--game-boy-annual,Game Boy · dostawy roczne,Game Boy,Annual hardware shipments,2004-03-31,2004-03-31,fiscal-year,2003-04-01,0.0,mln sztuk / rok,annual,observed,https://www.nintendo.co.jp/ir/finance/historical_data/xls/consolidated_sales_e2603.xlsx,2026-09-28T22:54:48.050Z,"{""fiscalYear"": 2004, ""rawSpreadsheetValue"": 0.1, ""valueQualifier"": ""approximately"", ""roundingUnits"": 10000}"
gaming,gaming--nintendo-64-annual,Nintendo 64 · dostawy roczne,Nintendo 64,Annual hardware shipments,2004-03-31,2004-03-31,fiscal-year,2003-04-01,0.0,mln sztuk / rok,annual,observed,https://www.nintendo.co.jp/ir/finance/historical_data/xls/consolidated_sales_e2603.xlsx,2026-09-28T22:54:48.050Z,"{""fiscalYear"": 2004, ""rawSpreadsheetValue"": -0.1, ""valueQualifier"": ""approximately"", ""roundingUnits"": 10000}"
gaming,gaming--nintendo-gamecube-annual,Nintendo GameCube · dostawy roczne,Nintendo GameCube,Annual hardware shipments,2004-03-31,2004-03-31,fiscal-year,2003-04-01,5.02,mln sztuk / rok,annual,observed,https://www.nintendo.co.jp/ir/finance/historical_data/xls/consolidated_sales_e2603.xlsx,2026-09-28T22:54:48.050Z,"{""fiscalYear"": 2004, ""rawSpreadsheetValue"": 502.0, ""valueQualifier"": ""approximately"", ""roundingUnits"": 10000}"
gaming,gaming--super-family-computer-snes-annual,Super Family Computer/SNES · dostawy roczne,Super Family Computer/SNES,Annual hardware shipments,2004-03-31,2004-03-31,fiscal-year,2003-04-01,0.01,mln sztuk / rok,annual,observed,https://www.nintendo.co.jp/ir/finance/historical_data/xls/consolidated_sales_e2603.xlsx,2026-09-28T22:54:48.050Z,"{""fiscalYear"": 2004, ""rawSpreadsheetValue"": 1.0, ""valueQualifier"": ""approximately"", ""roundingUnits"": 10000}"
gaming,gaming--family-computer-nes-annual,Family Computer/NES · dostawy roczne,Family Computer/NES,Annual hardware shipments,2005-03-31,2005-03-31,fiscal-year,2004-04-01,0.0,mln sztuk / rok,annual,observed,https://www.nintendo.co.jp/ir/finance/historical_data/xls/consolidated_sales_e2603.xlsx,2026-09-28T22:54:48.050Z,"{""fiscalYear"": 2005, ""rawSpreadsheetValue"": 0.1, ""valueQualifier"": ""approximately"", ""roundingUnits"": 10000}"
gaming,gaming--game-boy-advance-annual,Game Boy Advance · dostawy roczne,Game Boy Advance,Annual hardware shipments,2005-03-31,2005-03-31,fiscal-year,2004-04-01,15.4,mln sztuk / rok,annual,observed,https://www.nintendo.co.jp/ir/finance/historical_data/xls/consolidated_sales_e2603.xlsx,2026-09-28T22:54:48.050Z,"{""fiscalYear"": 2005, ""rawSpreadsheetValue"": 1540.0, ""valueQualifier"": ""approximately"", ""roundingUnits"": 10000}"
gaming,gaming--game-boy-annual,Game Boy · dostawy roczne,Game Boy,Annual hardware shipments,2005-03-31,2005-03-31,fiscal-year,2004-04-01,0.0,mln sztuk / rok,annual,observed,https://www.nintendo.co.jp/ir/finance/historical_data/xls/consolidated_sales_e2603.xlsx,2026-09-28T22:54:48.050Z,"{""fiscalYear"": 2005, ""rawSpreadsheetValue"": -0.1, ""valueQualifier"": ""approximately"", ""roundingUnits"": 10000}"
gaming,gaming--nintendo-64-annual,Nintendo 64 · dostawy roczne,Nintendo 64,Annual hardware shipments,2005-03-31,2005-03-31,fiscal-year,2004-04-01,0.0,mln sztuk / rok,annual,observed,https://www.nintendo.co.jp/ir/finance/historical_data/xls/consolidated_sales_e2603.xlsx,2026-09-28T22:54:48.050Z,"{""fiscalYear"": 2005, ""rawSpreadsheetValue"": -0.1, ""valueQualifier"": ""approximately"", ""roundingUnits"": 10000}"
gaming,gaming--nintendo-ds-annual,Nintendo DS · dostawy roczne,Nintendo DS,Annual hardware shipments,2005-03-31,2005-03-31,fiscal-year,2004-04-01,5.27,mln sztuk / rok,annual,observed,https://www.nintendo.co.jp/ir/finance/historical_data/xls/consolidated_sales_e2603.xlsx,2026-09-28T22:54:48.050Z,"{""fiscalYear"": 2005, ""rawSpreadsheetValue"": 527.0, ""valueQualifier"": ""approximately"", ""roundingUnits"": 10000}"
gaming,gaming--nintendo-ds-cumulative,Nintendo DS · dostawy narastająco,Nintendo DS,Cumulative rounded shipments,2005-03-31,2005-03-31,fiscal-year,,5.27,mln sztuk,annual,derived,https://www.nintendo.co.jp/ir/finance/historical_data/xls/consolidated_sales_e2603.xlsx,2026-09-28T22:54:48.050Z,"{""fiscalYear"": 2005, ""valueQualifier"": ""approximately""}"
gaming,gaming--nintendo-gamecube-annual,Nintendo GameCube · dostawy roczne,Nintendo GameCube,Annual hardware shipments,2005-03-31,2005-03-31,fiscal-year,2004-04-01,3.92,mln sztuk / rok,annual,observed,https://www.nintendo.co.jp/ir/finance/historical_data/xls/consolidated_sales_e2603.xlsx,2026-09-28T22:54:48.050Z,"{""fiscalYear"": 2005, ""rawSpreadsheetValue"": 392.0, ""valueQualifier"": ""approximately"", ""roundingUnits"": 10000}"
gaming,gaming--super-family-computer-snes-annual,Super Family Computer/SNES · dostawy roczne,Super Family Computer/SNES,Annual hardware shipments,2005-03-31,2005-03-31,fiscal-year,2004-04-01,0.0,mln sztuk / rok,annual,observed,https://www.nintendo.co.jp/ir/finance/historical_data/xls/consolidated_sales_e2603.xlsx,2026-09-28T22:54:48.050Z,"{""fiscalYear"": 2005, ""rawSpreadsheetValue"": 0.1, ""valueQualifier"": ""approximately"", ""roundingUnits"": 10000}"
gaming,gaming--wii-annual,Wii · dostawy roczne,Wii,Annual hardware shipments,2005-03-31,2005-03-31,fiscal-year,2004-04-01,,mln sztuk / rok,annual,observed,https://www.nintendo.co.jp/ir/finance/historical_data/xls/consolidated_sales_e2603.xlsx,2026-09-28T22:54:48.050Z,"{""fiscalYear"": 2005, ""rawSpreadsheetValue"": null, ""valueQualifier"": ""approximately"", ""roundingUnits"": 10000}"
gaming,gaming--family-computer-nes-annual,Family Computer/NES · dostawy roczne,Family Computer/NES,Annual hardware shipments,2006-03-31,2006-03-31,fiscal-year,2005-04-01,0.0,mln sztuk / rok,annual,observed,https://www.nintendo.co.jp/ir/finance/historical_data/xls/consolidated_sales_e2603.xlsx,2026-09-28T22:54:48.050Z,"{""fiscalYear"": 2006, ""rawSpreadsheetValue"": 0.1, ""valueQualifier"": ""approximately"", ""roundingUnits"": 10000}"
gaming,gaming--game-boy-advance-annual,Game Boy Advance · dostawy roczne,Game Boy Advance,Annual hardware shipments,2006-03-31,2006-03-31,fiscal-year,2005-04-01,8.33,mln sztuk / rok,annual,observed,https://www.nintendo.co.jp/ir/finance/historical_data/xls/consolidated_sales_e2603.xlsx,2026-09-28T22:54:48.050Z,"{""fiscalYear"": 2006, ""rawSpreadsheetValue"": 833.0, ""valueQualifier"": ""approximately"", ""roundingUnits"": 10000}"
gaming,gaming--game-boy-annual,Game Boy · dostawy roczne,Game Boy,Annual hardware shipments,2006-03-31,2006-03-31,fiscal-year,2005-04-01,0.0,mln sztuk / rok,annual,observed,https://www.nintendo.co.jp/ir/finance/historical_data/xls/consolidated_sales_e2603.xlsx,2026-09-28T22:54:48.050Z,"{""fiscalYear"": 2006, ""rawSpreadsheetValue"": 0.1, ""valueQualifier"": ""approximately"", ""roundingUnits"": 10000}"
gaming,gaming--nintendo-64-annual,Nintendo 64 · dostawy roczne,Nintendo 64,Annual hardware shipments,2006-03-31,2006-03-31,fiscal-year,2005-04-01,0.0,mln sztuk / rok,annual,observed,https://www.nintendo.co.jp/ir/finance/historical_data/xls/consolidated_sales_e2603.xlsx,2026-09-28T22:54:48.050Z,"{""fiscalYear"": 2006, ""rawSpreadsheetValue"": -0.1, ""valueQualifier"": ""approximately"", ""roundingUnits"": 10000}"
gaming,gaming--nintendo-ds-annual,Nintendo DS · dostawy roczne,Nintendo DS,Annual hardware shipments,2006-03-31,2006-03-31,fiscal-year,2005-04-01,11.46,mln sztuk / rok,annual,observed,https://www.nintendo.co.jp/ir/finance/historical_data/xls/consolidated_sales_e2603.xlsx,2026-09-28T22:54:48.050Z,"{""fiscalYear"": 2006, ""rawSpreadsheetValue"": 1146.0, ""valueQualifier"": ""approximately"", ""roundingUnits"": 10000}"
gaming,gaming--nintendo-ds-cumulative,Nintendo DS · dostawy narastająco,Nintendo DS,Cumulative rounded shipments,2006-03-31,2006-03-31,fiscal-year,,16.73,mln sztuk,annual,derived,https://www.nintendo.co.jp/ir/finance/historical_data/xls/consolidated_sales_e2603.xlsx,2026-09-28T22:54:48.050Z,"{""fiscalYear"": 2006, ""valueQualifier"": ""approximately""}"
gaming,gaming--nintendo-gamecube-annual,Nintendo GameCube · dostawy roczne,Nintendo GameCube,Annual hardware shipments,2006-03-31,2006-03-31,fiscal-year,2005-04-01,2.35,mln sztuk / rok,annual,observed,https://www.nintendo.co.jp/ir/finance/historical_data/xls/consolidated_sales_e2603.xlsx,2026-09-28T22:54:48.050Z,"{""fiscalYear"": 2006, ""rawSpreadsheetValue"": 235.0, ""valueQualifier"": ""approximately"", ""roundingUnits"": 10000}"
gaming,gaming--super-family-computer-snes-annual,Super Family Computer/SNES · dostawy roczne,Super Family Computer/SNES,Annual hardware shipments,2006-03-31,2006-03-31,fiscal-year,2005-04-01,0.0,mln sztuk / rok,annual,observed,https://www.nintendo.co.jp/ir/finance/historical_data/xls/consolidated_sales_e2603.xlsx,2026-09-28T22:54:48.050Z,"{""fiscalYear"": 2006, ""rawSpreadsheetValue"": 0.1, ""valueQualifier"": ""approximately"", ""roundingUnits"": 10000}"
gaming,gaming--wii-annual,Wii · dostawy roczne,Wii,Annual hardware shipments,2006-03-31,2006-03-31,fiscal-year,2005-04-01,,mln sztuk / rok,annual,observed,https://www.nintendo.co.jp/ir/finance/historical_data/xls/consolidated_sales_e2603.xlsx,2026-09-28T22:54:48.050Z,"{""fiscalYear"": 2006, ""rawSpreadsheetValue"": null, ""valueQualifier"": ""approximately"", ""roundingUnits"": 10000}"
gaming,gaming--family-computer-nes-annual,Family Computer/NES · dostawy roczne,Family Computer/NES,Annual hardware shipments,2007-03-31,2007-03-31,fiscal-year,2006-04-01,0.0,mln sztuk / rok,annual,observed,https://www.nintendo.co.jp/ir/finance/historical_data/xls/consolidated_sales_e2603.xlsx,2026-09-28T22:54:48.050Z,"{""fiscalYear"": 2007, ""rawSpreadsheetValue"": 0.1, ""valueQualifier"": ""approximately"", ""roundingUnits"": 10000}"
gaming,gaming--game-boy-advance-annual,Game Boy Advance · dostawy roczne,Game Boy Advance,Annual hardware shipments,2007-03-31,2007-03-31,fiscal-year,2006-04-01,4.34,mln sztuk / rok,annual,observed,https://www.nintendo.co.jp/ir/finance/historical_data/xls/consolidated_sales_e2603.xlsx,2026-09-28T22:54:48.050Z,"{""fiscalYear"": 2007, ""rawSpreadsheetValue"": 434.0, ""valueQualifier"": ""approximately"", ""roundingUnits"": 10000}"
gaming,gaming--game-boy-annual,Game Boy · dostawy roczne,Game Boy,Annual hardware shipments,2007-03-31,2007-03-31,fiscal-year,2006-04-01,0.0,mln sztuk / rok,annual,observed,https://www.nintendo.co.jp/ir/finance/historical_data/xls/consolidated_sales_e2603.xlsx,2026-09-28T22:54:48.050Z,"{""fiscalYear"": 2007, ""rawSpreadsheetValue"": -0.1, ""valueQualifier"": ""approximately"", ""roundingUnits"": 10000}"
gaming,gaming--nintendo-64-annual,Nintendo 64 · dostawy roczne,Nintendo 64,Annual hardware shipments,2007-03-31,2007-03-31,fiscal-year,2006-04-01,0.0,mln sztuk / rok,annual,observed,https://www.nintendo.co.jp/ir/finance/historical_data/xls/consolidated_sales_e2603.xlsx,2026-09-28T22:54:48.050Z,"{""fiscalYear"": 2007, ""rawSpreadsheetValue"": 0.1, ""valueQualifier"": ""approximately"", ""roundingUnits"": 10000}"
gaming,gaming--nintendo-ds-annual,Nintendo DS · dostawy roczne,Nintendo DS,Annual hardware shipments,2007-03-31,2007-03-31,fiscal-year,2006-04-01,23.56,mln sztuk / rok,annual,observed,https://www.nintendo.co.jp/ir/finance/historical_data/xls/consolidated_sales_e2603.xlsx,2026-09-28T22:54:48.050Z,"{""fiscalYear"": 2007, ""rawSpreadsheetValue"": 2356.0, ""valueQualifier"": ""approximately"", ""roundingUnits"": 10000}"
gaming,gaming--nintendo-ds-cumulative,Nintendo DS · dostawy narastająco,Nintendo DS,Cumulative rounded shipments,2007-03-31,2007-03-31,fiscal-year,,40.29,mln sztuk,annual,derived,https://www.nintendo.co.jp/ir/finance/historical_data/xls/consolidated_sales_e2603.xlsx,2026-09-28T22:54:48.050Z,"{""fiscalYear"": 2007, ""valueQualifier"": ""approximately""}"
gaming,gaming--nintendo-gamecube-annual,Nintendo GameCube · dostawy roczne,Nintendo GameCube,Annual hardware shipments,2007-03-31,2007-03-31,fiscal-year,2006-04-01,0.73,mln sztuk / rok,annual,observed,https://www.nintendo.co.jp/ir/finance/historical_data/xls/consolidated_sales_e2603.xlsx,2026-09-28T22:54:48.050Z,"{""fiscalYear"": 2007, ""rawSpreadsheetValue"": 73.0, ""valueQualifier"": ""approximately"", ""roundingUnits"": 10000}"
gaming,gaming--super-family-computer-snes-annual,Super Family Computer/SNES · dostawy roczne,Super Family Computer/SNES,Annual hardware shipments,2007-03-31,2007-03-31,fiscal-year,2006-04-01,0.0,mln sztuk / rok,annual,observed,https://www.nintendo.co.jp/ir/finance/historical_data/xls/consolidated_sales_e2603.xlsx,2026-09-28T22:54:48.050Z,"{""fiscalYear"": 2007, ""rawSpreadsheetValue"": 0.1, ""valueQualifier"": ""approximately"", ""roundingUnits"": 10000}"
gaming,gaming--wii-annual,Wii · dostawy roczne,Wii,Annual hardware shipments,2007-03-31,2007-03-31,fiscal-year,2006-04-01,5.84,mln sztuk / rok,annual,observed,https://www.nintendo.co.jp/ir/finance/historical_data/xls/consolidated_sales_e2603.xlsx,2026-09-28T22:54:48.050Z,"{""fiscalYear"": 2007, ""rawSpreadsheetValue"": 584.0, ""valueQualifier"": ""approximately"", ""roundingUnits"": 10000}"
gaming,gaming--wii-cumulative,Wii · dostawy narastająco,Wii,Cumulative rounded shipments,2007-03-31,2007-03-31,fiscal-year,,5.84,mln sztuk,annual,derived,https://www.nintendo.co.jp/ir/finance/historical_data/xls/consolidated_sales_e2603.xlsx,2026-09-28T22:54:48.050Z,"{""fiscalYear"": 2007, ""valueQualifier"": ""approximately""}"
gaming,gaming--family-computer-nes-annual,Family Computer/NES · dostawy roczne,Family Computer/NES,Annual hardware shipments,2008-03-31,2008-03-31,fiscal-year,2007-04-01,0.0,mln sztuk / rok,annual,observed,https://www.nintendo.co.jp/ir/finance/historical_data/xls/consolidated_sales_e2603.xlsx,2026-09-28T22:54:48.050Z,"{""fiscalYear"": 2008, ""rawSpreadsheetValue"": 0.1, ""valueQualifier"": ""approximately"", ""roundingUnits"": 10000}"
gaming,gaming--game-boy-advance-annual,Game Boy Advance · dostawy roczne,Game Boy Advance,Annual hardware shipments,2008-03-31,2008-03-31,fiscal-year,2007-04-01,1.59,mln sztuk / rok,annual,observed,https://www.nintendo.co.jp/ir/finance/historical_data/xls/consolidated_sales_e2603.xlsx,2026-09-28T22:54:48.050Z,"{""fiscalYear"": 2008, ""rawSpreadsheetValue"": 159.0, ""valueQualifier"": ""approximately"", ""roundingUnits"": 10000}"
gaming,gaming--game-boy-annual,Game Boy · dostawy roczne,Game Boy,Annual hardware shipments,2008-03-31,2008-03-31,fiscal-year,2007-04-01,0.0,mln sztuk / rok,annual,observed,https://www.nintendo.co.jp/ir/finance/historical_data/xls/consolidated_sales_e2603.xlsx,2026-09-28T22:54:48.050Z,"{""fiscalYear"": 2008, ""rawSpreadsheetValue"": -0.1, ""valueQualifier"": ""approximately"", ""roundingUnits"": 10000}"
gaming,gaming--nintendo-64-annual,Nintendo 64 · dostawy roczne,Nintendo 64,Annual hardware shipments,2008-03-31,2008-03-31,fiscal-year,2007-04-01,0.0,mln sztuk / rok,annual,observed,https://www.nintendo.co.jp/ir/finance/historical_data/xls/consolidated_sales_e2603.xlsx,2026-09-28T22:54:48.050Z,"{""fiscalYear"": 2008, ""rawSpreadsheetValue"": 0.0, ""valueQualifier"": ""approximately"", ""roundingUnits"": 10000}"
gaming,gaming--nintendo-ds-annual,Nintendo DS · dostawy roczne,Nintendo DS,Annual hardware shipments,2008-03-31,2008-03-31,fiscal-year,2007-04-01,30.31,mln sztuk / rok,annual,observed,https://www.nintendo.co.jp/ir/finance/historical_data/xls/consolidated_sales_e2603.xlsx,2026-09-28T22:54:48.050Z,"{""fiscalYear"": 2008, ""rawSpreadsheetValue"": 3031.0, ""valueQualifier"": ""approximately"", ""roundingUnits"": 10000}"
gaming,gaming--nintendo-ds-cumulative,Nintendo DS · dostawy narastająco,Nintendo DS,Cumulative rounded shipments,2008-03-31,2008-03-31,fiscal-year,,70.6,mln sztuk,annual,derived,https://www.nintendo.co.jp/ir/finance/historical_data/xls/consolidated_sales_e2603.xlsx,2026-09-28T22:54:48.050Z,"{""fiscalYear"": 2008, ""valueQualifier"": ""approximately""}"
gaming,gaming--nintendo-gamecube-annual,Nintendo GameCube · dostawy roczne,Nintendo GameCube,Annual hardware shipments,2008-03-31,2008-03-31,fiscal-year,2007-04-01,0.16,mln sztuk / rok,annual,observed,https://www.nintendo.co.jp/ir/finance/historical_data/xls/consolidated_sales_e2603.xlsx,2026-09-28T22:54:48.050Z,"{""fiscalYear"": 2008, ""rawSpreadsheetValue"": 16.0, ""valueQualifier"": ""approximately"", ""roundingUnits"": 10000}"
gaming,gaming--super-family-computer-snes-annual,Super Family Computer/SNES · dostawy roczne,Super Family Computer/SNES,Annual hardware shipments,2008-03-31,2008-03-31,fiscal-year,2007-04-01,0.0,mln sztuk / rok,annual,observed,https://www.nintendo.co.jp/ir/finance/historical_data/xls/consolidated_sales_e2603.xlsx,2026-09-28T22:54:48.050Z,"{""fiscalYear"": 2008, ""rawSpreadsheetValue"": 0.1, ""valueQualifier"": ""approximately"", ""roundingUnits"": 10000}"
gaming,gaming--wii-annual,Wii · dostawy roczne,Wii,Annual hardware shipments,2008-03-31,2008-03-31,fiscal-year,2007-04-01,18.61,mln sztuk / rok,annual,observed,https://www.nintendo.co.jp/ir/finance/historical_data/xls/consolidated_sales_e2603.xlsx,2026-09-28T22:54:48.050Z,"{""fiscalYear"": 2008, ""rawSpreadsheetValue"": 1861.0, ""valueQualifier"": ""approximately"", ""roundingUnits"": 10000}"
gaming,gaming--wii-cumulative,Wii · dostawy narastająco,Wii,Cumulative rounded shipments,2008-03-31,2008-03-31,fiscal-year,,24.45,mln sztuk,annual,derived,https://www.nintendo.co.jp/ir/finance/historical_data/xls/consolidated_sales_e2603.xlsx,2026-09-28T22:54:48.050Z,"{""fiscalYear"": 2008, ""valueQualifier"": ""approximately""}"
gaming,gaming--family-computer-nes-annual,Family Computer/NES · dostawy roczne,Family Computer/NES,Annual hardware shipments,2009-03-31,2009-03-31,fiscal-year,2008-04-01,0.0,mln sztuk / rok,annual,observed,https://www.nintendo.co.jp/ir/finance/historical_data/xls/consolidated_sales_e2603.xlsx,2026-09-28T22:54:48.050Z,"{""fiscalYear"": 2009, ""rawSpreadsheetValue"": 0.0, ""valueQualifier"": ""approximately"", ""roundingUnits"": 10000}"
gaming,gaming--game-boy-advance-annual,Game Boy Advance · dostawy roczne,Game Boy Advance,Annual hardware shipments,2009-03-31,2009-03-31,fiscal-year,2008-04-01,0.42,mln sztuk / rok,annual,observed,https://www.nintendo.co.jp/ir/finance/historical_data/xls/consolidated_sales_e2603.xlsx,2026-09-28T22:54:48.050Z,"{""fiscalYear"": 2009, ""rawSpreadsheetValue"": 42.0, ""valueQualifier"": ""approximately"", ""roundingUnits"": 10000}"
gaming,gaming--game-boy-annual,Game Boy · dostawy roczne,Game Boy,Annual hardware shipments,2009-03-31,2009-03-31,fiscal-year,2008-04-01,0.0,mln sztuk / rok,annual,observed,https://www.nintendo.co.jp/ir/finance/historical_data/xls/consolidated_sales_e2603.xlsx,2026-09-28T22:54:48.050Z,"{""fiscalYear"": 2009, ""rawSpreadsheetValue"": -0.1, ""valueQualifier"": ""approximately"", ""roundingUnits"": 10000}"
gaming,gaming--nintendo-64-annual,Nintendo 64 · dostawy roczne,Nintendo 64,Annual hardware shipments,2009-03-31,2009-03-31,fiscal-year,2008-04-01,0.0,mln sztuk / rok,annual,observed,https://www.nintendo.co.jp/ir/finance/historical_data/xls/consolidated_sales_e2603.xlsx,2026-09-28T22:54:48.050Z,"{""fiscalYear"": 2009, ""rawSpreadsheetValue"": 0.0, ""valueQualifier"": ""approximately"", ""roundingUnits"": 10000}"
gaming,gaming--nintendo-ds-annual,Nintendo DS · dostawy roczne,Nintendo DS,Annual hardware shipments,2009-03-31,2009-03-31,fiscal-year,2008-04-01,31.18,mln sztuk / rok,annual,observed,https://www.nintendo.co.jp/ir/finance/historical_data/xls/consolidated_sales_e2603.xlsx,2026-09-28T22:54:48.050Z,"{""fiscalYear"": 2009, ""rawSpreadsheetValue"": 3118.0, ""valueQualifier"": ""approximately"", ""roundingUnits"": 10000}"
gaming,gaming--nintendo-ds-cumulative,Nintendo DS · dostawy narastająco,Nintendo DS,Cumulative rounded shipments,2009-03-31,2009-03-31,fiscal-year,,101.78,mln sztuk,annual,derived,https://www.nintendo.co.jp/ir/finance/historical_data/xls/consolidated_sales_e2603.xlsx,2026-09-28T22:54:48.050Z,"{""fiscalYear"": 2009, ""valueQualifier"": ""approximately""}"
gaming,gaming--nintendo-gamecube-annual,Nintendo GameCube · dostawy roczne,Nintendo GameCube,Annual hardware shipments,2009-03-31,2009-03-31,fiscal-year,2008-04-01,0.0,mln sztuk / rok,annual,observed,https://www.nintendo.co.jp/ir/finance/historical_data/xls/consolidated_sales_e2603.xlsx,2026-09-28T22:54:48.050Z,"{""fiscalYear"": 2009, ""rawSpreadsheetValue"": -0.1, ""valueQualifier"": ""approximately"", ""roundingUnits"": 10000}"
gaming,gaming--super-family-computer-snes-annual,Super Family Computer/SNES · dostawy roczne,Super Family Computer/SNES,Annual hardware shipments,2009-03-31,2009-03-31,fiscal-year,2008-04-01,0.0,mln sztuk / rok,annual,observed,https://www.nintendo.co.jp/ir/finance/historical_data/xls/consolidated_sales_e2603.xlsx,2026-09-28T22:54:48.050Z,"{""fiscalYear"": 2009, ""rawSpreadsheetValue"": 0.0, ""valueQualifier"": ""approximately"", ""roundingUnits"": 10000}"
gaming,gaming--wii-annual,Wii · dostawy roczne,Wii,Annual hardware shipments,2009-03-31,2009-03-31,fiscal-year,2008-04-01,25.95,mln sztuk / rok,annual,observed,https://www.nintendo.co.jp/ir/finance/historical_data/xls/consolidated_sales_e2603.xlsx,2026-09-28T22:54:48.050Z,"{""fiscalYear"": 2009, ""rawSpreadsheetValue"": 2595.0, ""valueQualifier"": ""approximately"", ""roundingUnits"": 10000}"
gaming,gaming--wii-cumulative,Wii · dostawy narastająco,Wii,Cumulative rounded shipments,2009-03-31,2009-03-31,fiscal-year,,50.4,mln sztuk,annual,derived,https://www.nintendo.co.jp/ir/finance/historical_data/xls/consolidated_sales_e2603.xlsx,2026-09-28T22:54:48.050Z,"{""fiscalYear"": 2009, ""valueQualifier"": ""approximately""}"
gaming,gaming--family-computer-nes-annual,Family Computer/NES · dostawy roczne,Family Computer/NES,Annual hardware shipments,2010-03-31,2010-03-31,fiscal-year,2009-04-01,0.0,mln sztuk / rok,annual,observed,https://www.nintendo.co.jp/ir/finance/historical_data/xls/consolidated_sales_e2603.xlsx,2026-09-28T22:54:48.050Z,"{""fiscalYear"": 2010, ""rawSpreadsheetValue"": 0.0, ""valueQualifier"": ""approximately"", ""roundingUnits"": 10000}"
gaming,gaming--game-boy-advance-annual,Game Boy Advance · dostawy roczne,Game Boy Advance,Annual hardware shipments,2010-03-31,2010-03-31,fiscal-year,2009-04-01,0.04,mln sztuk / rok,annual,observed,https://www.nintendo.co.jp/ir/finance/historical_data/xls/consolidated_sales_e2603.xlsx,2026-09-28T22:54:48.050Z,"{""fiscalYear"": 2010, ""rawSpreadsheetValue"": 4.0, ""valueQualifier"": ""approximately"", ""roundingUnits"": 10000}"
gaming,gaming--game-boy-annual,Game Boy · dostawy roczne,Game Boy,Annual hardware shipments,2010-03-31,2010-03-31,fiscal-year,2009-04-01,0.0,mln sztuk / rok,annual,observed,https://www.nintendo.co.jp/ir/finance/historical_data/xls/consolidated_sales_e2603.xlsx,2026-09-28T22:54:48.050Z,"{""fiscalYear"": 2010, ""rawSpreadsheetValue"": -0.1, ""valueQualifier"": ""approximately"", ""roundingUnits"": 10000}"
gaming,gaming--nintendo-64-annual,Nintendo 64 · dostawy roczne,Nintendo 64,Annual hardware shipments,2010-03-31,2010-03-31,fiscal-year,2009-04-01,0.0,mln sztuk / rok,annual,observed,https://www.nintendo.co.jp/ir/finance/historical_data/xls/consolidated_sales_e2603.xlsx,2026-09-28T22:54:48.050Z,"{""fiscalYear"": 2010, ""rawSpreadsheetValue"": 0.0, ""valueQualifier"": ""approximately"", ""roundingUnits"": 10000}"
gaming,gaming--nintendo-ds-annual,Nintendo DS · dostawy roczne,Nintendo DS,Annual hardware shipments,2010-03-31,2010-03-31,fiscal-year,2009-04-01,27.11,mln sztuk / rok,annual,observed,https://www.nintendo.co.jp/ir/finance/historical_data/xls/consolidated_sales_e2603.xlsx,2026-09-28T22:54:48.050Z,"{""fiscalYear"": 2010, ""rawSpreadsheetValue"": 2711.0, ""valueQualifier"": ""approximately"", ""roundingUnits"": 10000}"
gaming,gaming--nintendo-ds-cumulative,Nintendo DS · dostawy narastająco,Nintendo DS,Cumulative rounded shipments,2010-03-31,2010-03-31,fiscal-year,,128.89,mln sztuk,annual,derived,https://www.nintendo.co.jp/ir/finance/historical_data/xls/consolidated_sales_e2603.xlsx,2026-09-28T22:54:48.050Z,"{""fiscalYear"": 2010, ""valueQualifier"": ""approximately""}"
gaming,gaming--nintendo-gamecube-annual,Nintendo GameCube · dostawy roczne,Nintendo GameCube,Annual hardware shipments,2010-03-31,2010-03-31,fiscal-year,2009-04-01,0.0,mln sztuk / rok,annual,observed,https://www.nintendo.co.jp/ir/finance/historical_data/xls/consolidated_sales_e2603.xlsx,2026-09-28T22:54:48.050Z,"{""fiscalYear"": 2010, ""rawSpreadsheetValue"": -0.1, ""valueQualifier"": ""approximately"", ""roundingUnits"": 10000}"
gaming,gaming--super-family-computer-snes-annual,Super Family Computer/SNES · dostawy roczne,Super Family Computer/SNES,Annual hardware shipments,2010-03-31,2010-03-31,fiscal-year,2009-04-01,0.0,mln sztuk / rok,annual,observed,https://www.nintendo.co.jp/ir/finance/historical_data/xls/consolidated_sales_e2603.xlsx,2026-09-28T22:54:48.050Z,"{""fiscalYear"": 2010, ""rawSpreadsheetValue"": 0.0, ""valueQualifier"": ""approximately"", ""roundingUnits"": 10000}"
gaming,gaming--wii-annual,Wii · dostawy roczne,Wii,Annual hardware shipments,2010-03-31,2010-03-31,fiscal-year,2009-04-01,20.53,mln sztuk / rok,annual,observed,https://www.nintendo.co.jp/ir/finance/historical_data/xls/consolidated_sales_e2603.xlsx,2026-09-28T22:54:48.050Z,"{""fiscalYear"": 2010, ""rawSpreadsheetValue"": 2053.0, ""valueQualifier"": ""approximately"", ""roundingUnits"": 10000}"
gaming,gaming--wii-cumulative,Wii · dostawy narastająco,Wii,Cumulative rounded shipments,2010-03-31,2010-03-31,fiscal-year,,70.93,mln sztuk,annual,derived,https://www.nintendo.co.jp/ir/finance/historical_data/xls/consolidated_sales_e2603.xlsx,2026-09-28T22:54:48.050Z,"{""fiscalYear"": 2010, ""valueQualifier"": ""approximately""}"
gaming,gaming--family-computer-nes-annual,Family Computer/NES · dostawy roczne,Family Computer/NES,Annual hardware shipments,2011-03-31,2011-03-31,fiscal-year,2010-04-01,0.0,mln sztuk / rok,annual,observed,https://www.nintendo.co.jp/ir/finance/historical_data/xls/consolidated_sales_e2603.xlsx,2026-09-28T22:54:48.050Z,"{""fiscalYear"": 2011, ""rawSpreadsheetValue"": 0.0, ""valueQualifier"": ""approximately"", ""roundingUnits"": 10000}"
gaming,gaming--game-boy-advance-annual,Game Boy Advance · dostawy roczne,Game Boy Advance,Annual hardware shipments,2011-03-31,2011-03-31,fiscal-year,2010-04-01,0.0,mln sztuk / rok,annual,observed,https://www.nintendo.co.jp/ir/finance/historical_data/xls/consolidated_sales_e2603.xlsx,2026-09-28T22:54:48.050Z,"{""fiscalYear"": 2011, ""rawSpreadsheetValue"": 0.1, ""valueQualifier"": ""approximately"", ""roundingUnits"": 10000}"
gaming,gaming--game-boy-annual,Game Boy · dostawy roczne,Game Boy,Annual hardware shipments,2011-03-31,2011-03-31,fiscal-year,2010-04-01,0.0,mln sztuk / rok,annual,observed,https://www.nintendo.co.jp/ir/finance/historical_data/xls/consolidated_sales_e2603.xlsx,2026-09-28T22:54:48.050Z,"{""fiscalYear"": 2011, ""rawSpreadsheetValue"": 0.0, ""valueQualifier"": ""approximately"", ""roundingUnits"": 10000}"
gaming,gaming--nintendo-3ds-annual,Nintendo 3DS · dostawy roczne,Nintendo 3DS,Annual hardware shipments,2011-03-31,2011-03-31,fiscal-year,2010-04-01,3.61,mln sztuk / rok,annual,observed,https://www.nintendo.co.jp/ir/finance/historical_data/xls/consolidated_sales_e2603.xlsx,2026-09-28T22:54:48.050Z,"{""fiscalYear"": 2011, ""rawSpreadsheetValue"": 361.0, ""valueQualifier"": ""approximately"", ""roundingUnits"": 10000}"
gaming,gaming--nintendo-3ds-cumulative,Nintendo 3DS · dostawy narastająco,Nintendo 3DS,Cumulative rounded shipments,2011-03-31,2011-03-31,fiscal-year,,3.61,mln sztuk,annual,derived,https://www.nintendo.co.jp/ir/finance/historical_data/xls/consolidated_sales_e2603.xlsx,2026-09-28T22:54:48.050Z,"{""fiscalYear"": 2011, ""valueQualifier"": ""approximately""}"
gaming,gaming--nintendo-64-annual,Nintendo 64 · dostawy roczne,Nintendo 64,Annual hardware shipments,2011-03-31,2011-03-31,fiscal-year,2010-04-01,0.0,mln sztuk / rok,annual,observed,https://www.nintendo.co.jp/ir/finance/historical_data/xls/consolidated_sales_e2603.xlsx,2026-09-28T22:54:48.050Z,"{""fiscalYear"": 2011, ""rawSpreadsheetValue"": 0.0, ""valueQualifier"": ""approximately"", ""roundingUnits"": 10000}"
gaming,gaming--nintendo-ds-annual,Nintendo DS · dostawy roczne,Nintendo DS,Annual hardware shipments,2011-03-31,2011-03-31,fiscal-year,2010-04-01,17.52,mln sztuk / rok,annual,observed,https://www.nintendo.co.jp/ir/finance/historical_data/xls/consolidated_sales_e2603.xlsx,2026-09-28T22:54:48.050Z,"{""fiscalYear"": 2011, ""rawSpreadsheetValue"": 1752.0, ""valueQualifier"": ""approximately"", ""roundingUnits"": 10000}"
gaming,gaming--nintendo-ds-cumulative,Nintendo DS · dostawy narastająco,Nintendo DS,Cumulative rounded shipments,2011-03-31,2011-03-31,fiscal-year,,146.41,mln sztuk,annual,derived,https://www.nintendo.co.jp/ir/finance/historical_data/xls/consolidated_sales_e2603.xlsx,2026-09-28T22:54:48.050Z,"{""fiscalYear"": 2011, ""valueQualifier"": ""approximately""}"
gaming,gaming--nintendo-gamecube-annual,Nintendo GameCube · dostawy roczne,Nintendo GameCube,Annual hardware shipments,2011-03-31,2011-03-31,fiscal-year,2010-04-01,0.0,mln sztuk / rok,annual,observed,https://www.nintendo.co.jp/ir/finance/historical_data/xls/consolidated_sales_e2603.xlsx,2026-09-28T22:54:48.050Z,"{""fiscalYear"": 2011, ""rawSpreadsheetValue"": 0.0, ""valueQualifier"": ""approximately"", ""roundingUnits"": 10000}"
gaming,gaming--super-family-computer-snes-annual,Super Family Computer/SNES · dostawy roczne,Super Family Computer/SNES,Annual hardware shipments,2011-03-31,2011-03-31,fiscal-year,2010-04-01,0.0,mln sztuk / rok,annual,observed,https://www.nintendo.co.jp/ir/finance/historical_data/xls/consolidated_sales_e2603.xlsx,2026-09-28T22:54:48.050Z,"{""fiscalYear"": 2011, ""rawSpreadsheetValue"": 0.0, ""valueQualifier"": ""approximately"", ""roundingUnits"": 10000}"
gaming,gaming--wii-annual,Wii · dostawy roczne,Wii,Annual hardware shipments,2011-03-31,2011-03-31,fiscal-year,2010-04-01,15.08,mln sztuk / rok,annual,observed,https://www.nintendo.co.jp/ir/finance/historical_data/xls/consolidated_sales_e2603.xlsx,2026-09-28T22:54:48.050Z,"{""fiscalYear"": 2011, ""rawSpreadsheetValue"": 1508.0, ""valueQualifier"": ""approximately"", ""roundingUnits"": 10000}"
gaming,gaming--wii-cumulative,Wii · dostawy narastająco,Wii,Cumulative rounded shipments,2011-03-31,2011-03-31,fiscal-year,,86.01,mln sztuk,annual,derived,https://www.nintendo.co.jp/ir/finance/historical_data/xls/consolidated_sales_e2603.xlsx,2026-09-28T22:54:48.050Z,"{""fiscalYear"": 2011, ""valueQualifier"": ""approximately""}"
gaming,gaming--wii-u-annual,Wii U · dostawy roczne,Wii U,Annual hardware shipments,2011-03-31,2011-03-31,fiscal-year,2010-04-01,,mln sztuk / rok,annual,observed,https://www.nintendo.co.jp/ir/finance/historical_data/xls/consolidated_sales_e2603.xlsx,2026-09-28T22:54:48.050Z,"{""fiscalYear"": 2011, ""rawSpreadsheetValue"": null, ""valueQualifier"": ""approximately"", ""roundingUnits"": 10000}"
gaming,gaming--family-computer-nes-annual,Family Computer/NES · dostawy roczne,Family Computer/NES,Annual hardware shipments,2012-03-31,2012-03-31,fiscal-year,2011-04-01,0.0,mln sztuk / rok,annual,observed,https://www.nintendo.co.jp/ir/finance/historical_data/xls/consolidated_sales_e2603.xlsx,2026-09-28T22:54:48.050Z,"{""fiscalYear"": 2012, ""rawSpreadsheetValue"": 0.0, ""valueQualifier"": ""approximately"", ""roundingUnits"": 10000}"
gaming,gaming--game-boy-advance-annual,Game Boy Advance · dostawy roczne,Game Boy Advance,Annual hardware shipments,2012-03-31,2012-03-31,fiscal-year,2011-04-01,0.0,mln sztuk / rok,annual,observed,https://www.nintendo.co.jp/ir/finance/historical_data/xls/consolidated_sales_e2603.xlsx,2026-09-28T22:54:48.050Z,"{""fiscalYear"": 2012, ""rawSpreadsheetValue"": 0.1, ""valueQualifier"": ""approximately"", ""roundingUnits"": 10000}"
gaming,gaming--game-boy-annual,Game Boy · dostawy roczne,Game Boy,Annual hardware shipments,2012-03-31,2012-03-31,fiscal-year,2011-04-01,0.0,mln sztuk / rok,annual,observed,https://www.nintendo.co.jp/ir/finance/historical_data/xls/consolidated_sales_e2603.xlsx,2026-09-28T22:54:48.050Z,"{""fiscalYear"": 2012, ""rawSpreadsheetValue"": 0.0, ""valueQualifier"": ""approximately"", ""roundingUnits"": 10000}"
gaming,gaming--nintendo-3ds-annual,Nintendo 3DS · dostawy roczne,Nintendo 3DS,Annual hardware shipments,2012-03-31,2012-03-31,fiscal-year,2011-04-01,13.53,mln sztuk / rok,annual,observed,https://www.nintendo.co.jp/ir/finance/historical_data/xls/consolidated_sales_e2603.xlsx,2026-09-28T22:54:48.050Z,"{""fiscalYear"": 2012, ""rawSpreadsheetValue"": 1353.0, ""valueQualifier"": ""approximately"", ""roundingUnits"": 10000}"
gaming,gaming--nintendo-3ds-cumulative,Nintendo 3DS · dostawy narastająco,Nintendo 3DS,Cumulative rounded shipments,2012-03-31,2012-03-31,fiscal-year,,17.14,mln sztuk,annual,derived,https://www.nintendo.co.jp/ir/finance/historical_data/xls/consolidated_sales_e2603.xlsx,2026-09-28T22:54:48.050Z,"{""fiscalYear"": 2012, ""valueQualifier"": ""approximately""}"
gaming,gaming--nintendo-64-annual,Nintendo 64 · dostawy roczne,Nintendo 64,Annual hardware shipments,2012-03-31,2012-03-31,fiscal-year,2011-04-01,0.0,mln sztuk / rok,annual,observed,https://www.nintendo.co.jp/ir/finance/historical_data/xls/consolidated_sales_e2603.xlsx,2026-09-28T22:54:48.050Z,"{""fiscalYear"": 2012, ""rawSpreadsheetValue"": 0.0, ""valueQualifier"": ""approximately"", ""roundingUnits"": 10000}"
gaming,gaming--nintendo-ds-annual,Nintendo DS · dostawy roczne,Nintendo DS,Annual hardware shipments,2012-03-31,2012-03-31,fiscal-year,2011-04-01,5.1,mln sztuk / rok,annual,observed,https://www.nintendo.co.jp/ir/finance/historical_data/xls/consolidated_sales_e2603.xlsx,2026-09-28T22:54:48.050Z,"{""fiscalYear"": 2012, ""rawSpreadsheetValue"": 510.0, ""valueQualifier"": ""approximately"", ""roundingUnits"": 10000}"
gaming,gaming--nintendo-ds-cumulative,Nintendo DS · dostawy narastająco,Nintendo DS,Cumulative rounded shipments,2012-03-31,2012-03-31,fiscal-year,,151.51,mln sztuk,annual,derived,https://www.nintendo.co.jp/ir/finance/historical_data/xls/consolidated_sales_e2603.xlsx,2026-09-28T22:54:48.050Z,"{""fiscalYear"": 2012, ""valueQualifier"": ""approximately""}"
gaming,gaming--nintendo-gamecube-annual,Nintendo GameCube · dostawy roczne,Nintendo GameCube,Annual hardware shipments,2012-03-31,2012-03-31,fiscal-year,2011-04-01,0.0,mln sztuk / rok,annual,observed,https://www.nintendo.co.jp/ir/finance/historical_data/xls/consolidated_sales_e2603.xlsx,2026-09-28T22:54:48.050Z,"{""fiscalYear"": 2012, ""rawSpreadsheetValue"": 0.0, ""valueQualifier"": ""approximately"", ""roundingUnits"": 10000}"
gaming,gaming--super-family-computer-snes-annual,Super Family Computer/SNES · dostawy roczne,Super Family Computer/SNES,Annual hardware shipments,2012-03-31,2012-03-31,fiscal-year,2011-04-01,0.0,mln sztuk / rok,annual,observed,https://www.nintendo.co.jp/ir/finance/historical_data/xls/consolidated_sales_e2603.xlsx,2026-09-28T22:54:48.050Z,"{""fiscalYear"": 2012, ""rawSpreadsheetValue"": 0.0, ""valueQualifier"": ""approximately"", ""roundingUnits"": 10000}"
gaming,gaming--wii-annual,Wii · dostawy roczne,Wii,Annual hardware shipments,2012-03-31,2012-03-31,fiscal-year,2011-04-01,9.84,mln sztuk / rok,annual,observed,https://www.nintendo.co.jp/ir/finance/historical_data/xls/consolidated_sales_e2603.xlsx,2026-09-28T22:54:48.050Z,"{""fiscalYear"": 2012, ""rawSpreadsheetValue"": 984.0, ""valueQualifier"": ""approximately"", ""roundingUnits"": 10000}"
gaming,gaming--wii-cumulative,Wii · dostawy narastająco,Wii,Cumulative rounded shipments,2012-03-31,2012-03-31,fiscal-year,,95.85,mln sztuk,annual,derived,https://www.nintendo.co.jp/ir/finance/historical_data/xls/consolidated_sales_e2603.xlsx,2026-09-28T22:54:48.050Z,"{""fiscalYear"": 2012, ""valueQualifier"": ""approximately""}"
gaming,gaming--wii-u-annual,Wii U · dostawy roczne,Wii U,Annual hardware shipments,2012-03-31,2012-03-31,fiscal-year,2011-04-01,,mln sztuk / rok,annual,observed,https://www.nintendo.co.jp/ir/finance/historical_data/xls/consolidated_sales_e2603.xlsx,2026-09-28T22:54:48.050Z,"{""fiscalYear"": 2012, ""rawSpreadsheetValue"": null, ""valueQualifier"": ""approximately"", ""roundingUnits"": 10000}"
gaming,gaming--family-computer-nes-annual,Family Computer/NES · dostawy roczne,Family Computer/NES,Annual hardware shipments,2013-03-31,2013-03-31,fiscal-year,2012-04-01,0.0,mln sztuk / rok,annual,observed,https://www.nintendo.co.jp/ir/finance/historical_data/xls/consolidated_sales_e2603.xlsx,2026-09-28T22:54:48.050Z,"{""fiscalYear"": 2013, ""rawSpreadsheetValue"": 0.0, ""valueQualifier"": ""approximately"", ""roundingUnits"": 10000}"
gaming,gaming--game-boy-advance-annual,Game Boy Advance · dostawy roczne,Game Boy Advance,Annual hardware shipments,2013-03-31,2013-03-31,fiscal-year,2012-04-01,0.0,mln sztuk / rok,annual,observed,https://www.nintendo.co.jp/ir/finance/historical_data/xls/consolidated_sales_e2603.xlsx,2026-09-28T22:54:48.050Z,"{""fiscalYear"": 2013, ""rawSpreadsheetValue"": 0.0, ""valueQualifier"": ""approximately"", ""roundingUnits"": 10000}"
gaming,gaming--game-boy-annual,Game Boy · dostawy roczne,Game Boy,Annual hardware shipments,2013-03-31,2013-03-31,fiscal-year,2012-04-01,0.0,mln sztuk / rok,annual,observed,https://www.nintendo.co.jp/ir/finance/historical_data/xls/consolidated_sales_e2603.xlsx,2026-09-28T22:54:48.050Z,"{""fiscalYear"": 2013, ""rawSpreadsheetValue"": 0.0, ""valueQualifier"": ""approximately"", ""roundingUnits"": 10000}"
gaming,gaming--nintendo-3ds-annual,Nintendo 3DS · dostawy roczne,Nintendo 3DS,Annual hardware shipments,2013-03-31,2013-03-31,fiscal-year,2012-04-01,13.95,mln sztuk / rok,annual,observed,https://www.nintendo.co.jp/ir/finance/historical_data/xls/consolidated_sales_e2603.xlsx,2026-09-28T22:54:48.050Z,"{""fiscalYear"": 2013, ""rawSpreadsheetValue"": 1395.0, ""valueQualifier"": ""approximately"", ""roundingUnits"": 10000}"
gaming,gaming--nintendo-3ds-cumulative,Nintendo 3DS · dostawy narastająco,Nintendo 3DS,Cumulative rounded shipments,2013-03-31,2013-03-31,fiscal-year,,31.09,mln sztuk,annual,derived,https://www.nintendo.co.jp/ir/finance/historical_data/xls/consolidated_sales_e2603.xlsx,2026-09-28T22:54:48.050Z,"{""fiscalYear"": 2013, ""valueQualifier"": ""approximately""}"
gaming,gaming--nintendo-64-annual,Nintendo 64 · dostawy roczne,Nintendo 64,Annual hardware shipments,2013-03-31,2013-03-31,fiscal-year,2012-04-01,0.0,mln sztuk / rok,annual,observed,https://www.nintendo.co.jp/ir/finance/historical_data/xls/consolidated_sales_e2603.xlsx,2026-09-28T22:54:48.050Z,"{""fiscalYear"": 2013, ""rawSpreadsheetValue"": 0.0, ""valueQualifier"": ""approximately"", ""roundingUnits"": 10000}"
gaming,gaming--nintendo-ds-annual,Nintendo DS · dostawy roczne,Nintendo DS,Annual hardware shipments,2013-03-31,2013-03-31,fiscal-year,2012-04-01,2.35,mln sztuk / rok,annual,observed,https://www.nintendo.co.jp/ir/finance/historical_data/xls/consolidated_sales_e2603.xlsx,2026-09-28T22:54:48.050Z,"{""fiscalYear"": 2013, ""rawSpreadsheetValue"": 235.0, ""valueQualifier"": ""approximately"", ""roundingUnits"": 10000}"
gaming,gaming--nintendo-ds-cumulative,Nintendo DS · dostawy narastająco,Nintendo DS,Cumulative rounded shipments,2013-03-31,2013-03-31,fiscal-year,,153.86,mln sztuk,annual,derived,https://www.nintendo.co.jp/ir/finance/historical_data/xls/consolidated_sales_e2603.xlsx,2026-09-28T22:54:48.050Z,"{""fiscalYear"": 2013, ""valueQualifier"": ""approximately""}"
gaming,gaming--nintendo-gamecube-annual,Nintendo GameCube · dostawy roczne,Nintendo GameCube,Annual hardware shipments,2013-03-31,2013-03-31,fiscal-year,2012-04-01,0.0,mln sztuk / rok,annual,observed,https://www.nintendo.co.jp/ir/finance/historical_data/xls/consolidated_sales_e2603.xlsx,2026-09-28T22:54:48.050Z,"{""fiscalYear"": 2013, ""rawSpreadsheetValue"": 0.0, ""valueQualifier"": ""approximately"", ""roundingUnits"": 10000}"
gaming,gaming--super-family-computer-snes-annual,Super Family Computer/SNES · dostawy roczne,Super Family Computer/SNES,Annual hardware shipments,2013-03-31,2013-03-31,fiscal-year,2012-04-01,0.0,mln sztuk / rok,annual,observed,https://www.nintendo.co.jp/ir/finance/historical_data/xls/consolidated_sales_e2603.xlsx,2026-09-28T22:54:48.050Z,"{""fiscalYear"": 2013, ""rawSpreadsheetValue"": 0.0, ""valueQualifier"": ""approximately"", ""roundingUnits"": 10000}"
gaming,gaming--wii-annual,Wii · dostawy roczne,Wii,Annual hardware shipments,2013-03-31,2013-03-31,fiscal-year,2012-04-01,3.98,mln sztuk / rok,annual,observed,https://www.nintendo.co.jp/ir/finance/historical_data/xls/consolidated_sales_e2603.xlsx,2026-09-28T22:54:48.050Z,"{""fiscalYear"": 2013, ""rawSpreadsheetValue"": 398.0, ""valueQualifier"": ""approximately"", ""roundingUnits"": 10000}"
gaming,gaming--wii-cumulative,Wii · dostawy narastająco,Wii,Cumulative rounded shipments,2013-03-31,2013-03-31,fiscal-year,,99.83,mln sztuk,annual,derived,https://www.nintendo.co.jp/ir/finance/historical_data/xls/consolidated_sales_e2603.xlsx,2026-09-28T22:54:48.050Z,"{""fiscalYear"": 2013, ""valueQualifier"": ""approximately""}"
gaming,gaming--wii-u-annual,Wii U · dostawy roczne,Wii U,Annual hardware shipments,2013-03-31,2013-03-31,fiscal-year,2012-04-01,3.45,mln sztuk / rok,annual,observed,https://www.nintendo.co.jp/ir/finance/historical_data/xls/consolidated_sales_e2603.xlsx,2026-09-28T22:54:48.050Z,"{""fiscalYear"": 2013, ""rawSpreadsheetValue"": 345.0, ""valueQualifier"": ""approximately"", ""roundingUnits"": 10000}"
gaming,gaming--wii-u-cumulative,Wii U · dostawy narastająco,Wii U,Cumulative rounded shipments,2013-03-31,2013-03-31,fiscal-year,,3.45,mln sztuk,annual,derived,https://www.nintendo.co.jp/ir/finance/historical_data/xls/consolidated_sales_e2603.xlsx,2026-09-28T22:54:48.050Z,"{""fiscalYear"": 2013, ""valueQualifier"": ""approximately""}"
gaming,gaming--family-computer-nes-annual,Family Computer/NES · dostawy roczne,Family Computer/NES,Annual hardware shipments,2014-03-31,2014-03-31,fiscal-year,2013-04-01,0.0,mln sztuk / rok,annual,observed,https://www.nintendo.co.jp/ir/finance/historical_data/xls/consolidated_sales_e2603.xlsx,2026-09-28T22:54:48.050Z,"{""fiscalYear"": 2014, ""rawSpreadsheetValue"": 0.0, ""valueQualifier"": ""approximately"", ""roundingUnits"": 10000}"
gaming,gaming--game-boy-advance-annual,Game Boy Advance · dostawy roczne,Game Boy Advance,Annual hardware shipments,2014-03-31,2014-03-31,fiscal-year,2013-04-01,0.0,mln sztuk / rok,annual,observed,https://www.nintendo.co.jp/ir/finance/historical_data/xls/consolidated_sales_e2603.xlsx,2026-09-28T22:54:48.050Z,"{""fiscalYear"": 2014, ""rawSpreadsheetValue"": 0.0, ""valueQualifier"": ""approximately"", ""roundingUnits"": 10000}"
gaming,gaming--game-boy-annual,Game Boy · dostawy roczne,Game Boy,Annual hardware shipments,2014-03-31,2014-03-31,fiscal-year,2013-04-01,0.0,mln sztuk / rok,annual,observed,https://www.nintendo.co.jp/ir/finance/historical_data/xls/consolidated_sales_e2603.xlsx,2026-09-28T22:54:48.050Z,"{""fiscalYear"": 2014, ""rawSpreadsheetValue"": 0.0, ""valueQualifier"": ""approximately"", ""roundingUnits"": 10000}"
gaming,gaming--nintendo-3ds-annual,Nintendo 3DS · dostawy roczne,Nintendo 3DS,Annual hardware shipments,2014-03-31,2014-03-31,fiscal-year,2013-04-01,12.24,mln sztuk / rok,annual,observed,https://www.nintendo.co.jp/ir/finance/historical_data/xls/consolidated_sales_e2603.xlsx,2026-09-28T22:54:48.050Z,"{""fiscalYear"": 2014, ""rawSpreadsheetValue"": 1224.0, ""valueQualifier"": ""approximately"", ""roundingUnits"": 10000}"
gaming,gaming--nintendo-3ds-cumulative,Nintendo 3DS · dostawy narastająco,Nintendo 3DS,Cumulative rounded shipments,2014-03-31,2014-03-31,fiscal-year,,43.33,mln sztuk,annual,derived,https://www.nintendo.co.jp/ir/finance/historical_data/xls/consolidated_sales_e2603.xlsx,2026-09-28T22:54:48.050Z,"{""fiscalYear"": 2014, ""valueQualifier"": ""approximately""}"
gaming,gaming--nintendo-64-annual,Nintendo 64 · dostawy roczne,Nintendo 64,Annual hardware shipments,2014-03-31,2014-03-31,fiscal-year,2013-04-01,0.0,mln sztuk / rok,annual,observed,https://www.nintendo.co.jp/ir/finance/historical_data/xls/consolidated_sales_e2603.xlsx,2026-09-28T22:54:48.050Z,"{""fiscalYear"": 2014, ""rawSpreadsheetValue"": 0.0, ""valueQualifier"": ""approximately"", ""roundingUnits"": 10000}"
gaming,gaming--nintendo-ds-annual,Nintendo DS · dostawy roczne,Nintendo DS,Annual hardware shipments,2014-03-31,2014-03-31,fiscal-year,2013-04-01,0.13,mln sztuk / rok,annual,observed,https://www.nintendo.co.jp/ir/finance/historical_data/xls/consolidated_sales_e2603.xlsx,2026-09-28T22:54:48.050Z,"{""fiscalYear"": 2014, ""rawSpreadsheetValue"": 13.0, ""valueQualifier"": ""approximately"", ""roundingUnits"": 10000}"
gaming,gaming--nintendo-ds-cumulative,Nintendo DS · dostawy narastająco,Nintendo DS,Cumulative rounded shipments,2014-03-31,2014-03-31,fiscal-year,,153.99,mln sztuk,annual,derived,https://www.nintendo.co.jp/ir/finance/historical_data/xls/consolidated_sales_e2603.xlsx,2026-09-28T22:54:48.050Z,"{""fiscalYear"": 2014, ""valueQualifier"": ""approximately""}"
gaming,gaming--nintendo-gamecube-annual,Nintendo GameCube · dostawy roczne,Nintendo GameCube,Annual hardware shipments,2014-03-31,2014-03-31,fiscal-year,2013-04-01,0.0,mln sztuk / rok,annual,observed,https://www.nintendo.co.jp/ir/finance/historical_data/xls/consolidated_sales_e2603.xlsx,2026-09-28T22:54:48.050Z,"{""fiscalYear"": 2014, ""rawSpreadsheetValue"": 0.0, ""valueQualifier"": ""approximately"", ""roundingUnits"": 10000}"
gaming,gaming--super-family-computer-snes-annual,Super Family Computer/SNES · dostawy roczne,Super Family Computer/SNES,Annual hardware shipments,2014-03-31,2014-03-31,fiscal-year,2013-04-01,0.0,mln sztuk / rok,annual,observed,https://www.nintendo.co.jp/ir/finance/historical_data/xls/consolidated_sales_e2603.xlsx,2026-09-28T22:54:48.050Z,"{""fiscalYear"": 2014, ""rawSpreadsheetValue"": 0.0, ""valueQualifier"": ""approximately"", ""roundingUnits"": 10000}"
gaming,gaming--wii-annual,Wii · dostawy roczne,Wii,Annual hardware shipments,2014-03-31,2014-03-31,fiscal-year,2013-04-01,1.22,mln sztuk / rok,annual,observed,https://www.nintendo.co.jp/ir/finance/historical_data/xls/consolidated_sales_e2603.xlsx,2026-09-28T22:54:48.050Z,"{""fiscalYear"": 2014, ""rawSpreadsheetValue"": 122.0, ""valueQualifier"": ""approximately"", ""roundingUnits"": 10000}"
gaming,gaming--wii-cumulative,Wii · dostawy narastająco,Wii,Cumulative rounded shipments,2014-03-31,2014-03-31,fiscal-year,,101.05,mln sztuk,annual,derived,https://www.nintendo.co.jp/ir/finance/historical_data/xls/consolidated_sales_e2603.xlsx,2026-09-28T22:54:48.050Z,"{""fiscalYear"": 2014, ""valueQualifier"": ""approximately""}"
gaming,gaming--wii-u-annual,Wii U · dostawy roczne,Wii U,Annual hardware shipments,2014-03-31,2014-03-31,fiscal-year,2013-04-01,2.72,mln sztuk / rok,annual,observed,https://www.nintendo.co.jp/ir/finance/historical_data/xls/consolidated_sales_e2603.xlsx,2026-09-28T22:54:48.050Z,"{""fiscalYear"": 2014, ""rawSpreadsheetValue"": 272.0, ""valueQualifier"": ""approximately"", ""roundingUnits"": 10000}"
gaming,gaming--wii-u-cumulative,Wii U · dostawy narastająco,Wii U,Cumulative rounded shipments,2014-03-31,2014-03-31,fiscal-year,,6.17,mln sztuk,annual,derived,https://www.nintendo.co.jp/ir/finance/historical_data/xls/consolidated_sales_e2603.xlsx,2026-09-28T22:54:48.050Z,"{""fiscalYear"": 2014, ""valueQualifier"": ""approximately""}"
gaming,gaming--nintendo-3ds-annual,Nintendo 3DS · dostawy roczne,Nintendo 3DS,Annual hardware shipments,2015-03-31,2015-03-31,fiscal-year,2014-04-01,8.73,mln sztuk / rok,annual,observed,https://www.nintendo.co.jp/ir/finance/historical_data/xls/consolidated_sales_e2603.xlsx,2026-09-28T22:54:48.050Z,"{""fiscalYear"": 2015, ""rawSpreadsheetValue"": 873.0, ""valueQualifier"": ""approximately"", ""roundingUnits"": 10000}"
gaming,gaming--nintendo-3ds-cumulative,Nintendo 3DS · dostawy narastająco,Nintendo 3DS,Cumulative rounded shipments,2015-03-31,2015-03-31,fiscal-year,,52.06,mln sztuk,annual,derived,https://www.nintendo.co.jp/ir/finance/historical_data/xls/consolidated_sales_e2603.xlsx,2026-09-28T22:54:48.050Z,"{""fiscalYear"": 2015, ""valueQualifier"": ""approximately""}"
gaming,gaming--nintendo-ds-annual,Nintendo DS · dostawy roczne,Nintendo DS,Annual hardware shipments,2015-03-31,2015-03-31,fiscal-year,2014-04-01,0.02,mln sztuk / rok,annual,observed,https://www.nintendo.co.jp/ir/finance/historical_data/xls/consolidated_sales_e2603.xlsx,2026-09-28T22:54:48.050Z,"{""fiscalYear"": 2015, ""rawSpreadsheetValue"": 2.0, ""valueQualifier"": ""approximately"", ""roundingUnits"": 10000}"
gaming,gaming--nintendo-ds-cumulative,Nintendo DS · dostawy narastająco,Nintendo DS,Cumulative rounded shipments,2015-03-31,2015-03-31,fiscal-year,,154.01,mln sztuk,annual,derived,https://www.nintendo.co.jp/ir/finance/historical_data/xls/consolidated_sales_e2603.xlsx,2026-09-28T22:54:48.050Z,"{""fiscalYear"": 2015, ""valueQualifier"": ""approximately""}"
gaming,gaming--wii-annual,Wii · dostawy roczne,Wii,Annual hardware shipments,2015-03-31,2015-03-31,fiscal-year,2014-04-01,0.46,mln sztuk / rok,annual,observed,https://www.nintendo.co.jp/ir/finance/historical_data/xls/consolidated_sales_e2603.xlsx,2026-09-28T22:54:48.050Z,"{""fiscalYear"": 2015, ""rawSpreadsheetValue"": 46.0, ""valueQualifier"": ""approximately"", ""roundingUnits"": 10000}"
gaming,gaming--wii-cumulative,Wii · dostawy narastająco,Wii,Cumulative rounded shipments,2015-03-31,2015-03-31,fiscal-year,,101.51,mln sztuk,annual,derived,https://www.nintendo.co.jp/ir/finance/historical_data/xls/consolidated_sales_e2603.xlsx,2026-09-28T22:54:48.050Z,"{""fiscalYear"": 2015, ""valueQualifier"": ""approximately""}"
gaming,gaming--wii-u-annual,Wii U · dostawy roczne,Wii U,Annual hardware shipments,2015-03-31,2015-03-31,fiscal-year,2014-04-01,3.38,mln sztuk / rok,annual,observed,https://www.nintendo.co.jp/ir/finance/historical_data/xls/consolidated_sales_e2603.xlsx,2026-09-28T22:54:48.050Z,"{""fiscalYear"": 2015, ""rawSpreadsheetValue"": 338.0, ""valueQualifier"": ""approximately"", ""roundingUnits"": 10000}"
gaming,gaming--wii-u-cumulative,Wii U · dostawy narastająco,Wii U,Cumulative rounded shipments,2015-03-31,2015-03-31,fiscal-year,,9.55,mln sztuk,annual,derived,https://www.nintendo.co.jp/ir/finance/historical_data/xls/consolidated_sales_e2603.xlsx,2026-09-28T22:54:48.050Z,"{""fiscalYear"": 2015, ""valueQualifier"": ""approximately""}"
gaming,gaming--nintendo-3ds-annual,Nintendo 3DS · dostawy roczne,Nintendo 3DS,Annual hardware shipments,2016-03-31,2016-03-31,fiscal-year,2015-04-01,6.79,mln sztuk / rok,annual,observed,https://www.nintendo.co.jp/ir/finance/historical_data/xls/consolidated_sales_e2603.xlsx,2026-09-28T22:54:48.050Z,"{""fiscalYear"": 2016, ""rawSpreadsheetValue"": 679.0, ""valueQualifier"": ""approximately"", ""roundingUnits"": 10000}"
gaming,gaming--nintendo-3ds-cumulative,Nintendo 3DS · dostawy narastająco,Nintendo 3DS,Cumulative rounded shipments,2016-03-31,2016-03-31,fiscal-year,,58.85,mln sztuk,annual,derived,https://www.nintendo.co.jp/ir/finance/historical_data/xls/consolidated_sales_e2603.xlsx,2026-09-28T22:54:48.050Z,"{""fiscalYear"": 2016, ""valueQualifier"": ""approximately""}"
gaming,gaming--nintendo-ds-annual,Nintendo DS · dostawy roczne,Nintendo DS,Annual hardware shipments,2016-03-31,2016-03-31,fiscal-year,2015-04-01,0.01,mln sztuk / rok,annual,observed,https://www.nintendo.co.jp/ir/finance/historical_data/xls/consolidated_sales_e2603.xlsx,2026-09-28T22:54:48.050Z,"{""fiscalYear"": 2016, ""rawSpreadsheetValue"": 1.0, ""valueQualifier"": ""approximately"", ""roundingUnits"": 10000}"
gaming,gaming--nintendo-ds-cumulative,Nintendo DS · dostawy narastająco,Nintendo DS,Cumulative rounded shipments,2016-03-31,2016-03-31,fiscal-year,,154.02,mln sztuk,annual,derived,https://www.nintendo.co.jp/ir/finance/historical_data/xls/consolidated_sales_e2603.xlsx,2026-09-28T22:54:48.050Z,"{""fiscalYear"": 2016, ""valueQualifier"": ""approximately""}"
gaming,gaming--wii-annual,Wii · dostawy roczne,Wii,Annual hardware shipments,2016-03-31,2016-03-31,fiscal-year,2015-04-01,0.11,mln sztuk / rok,annual,observed,https://www.nintendo.co.jp/ir/finance/historical_data/xls/consolidated_sales_e2603.xlsx,2026-09-28T22:54:48.050Z,"{""fiscalYear"": 2016, ""rawSpreadsheetValue"": 11.0, ""valueQualifier"": ""approximately"", ""roundingUnits"": 10000}"
gaming,gaming--wii-cumulative,Wii · dostawy narastająco,Wii,Cumulative rounded shipments,2016-03-31,2016-03-31,fiscal-year,,101.62,mln sztuk,annual,derived,https://www.nintendo.co.jp/ir/finance/historical_data/xls/consolidated_sales_e2603.xlsx,2026-09-28T22:54:48.050Z,"{""fiscalYear"": 2016, ""valueQualifier"": ""approximately""}"
gaming,gaming--wii-u-annual,Wii U · dostawy roczne,Wii U,Annual hardware shipments,2016-03-31,2016-03-31,fiscal-year,2015-04-01,3.26,mln sztuk / rok,annual,observed,https://www.nintendo.co.jp/ir/finance/historical_data/xls/consolidated_sales_e2603.xlsx,2026-09-28T22:54:48.050Z,"{""fiscalYear"": 2016, ""rawSpreadsheetValue"": 326.0, ""valueQualifier"": ""approximately"", ""roundingUnits"": 10000}"
gaming,gaming--wii-u-cumulative,Wii U · dostawy narastająco,Wii U,Cumulative rounded shipments,2016-03-31,2016-03-31,fiscal-year,,12.81,mln sztuk,annual,derived,https://www.nintendo.co.jp/ir/finance/historical_data/xls/consolidated_sales_e2603.xlsx,2026-09-28T22:54:48.050Z,"{""fiscalYear"": 2016, ""valueQualifier"": ""approximately""}"
gaming,gaming--nintendo-3ds-annual,Nintendo 3DS · dostawy roczne,Nintendo 3DS,Annual hardware shipments,2017-03-31,2017-03-31,fiscal-year,2016-04-01,7.27,mln sztuk / rok,annual,observed,https://www.nintendo.co.jp/ir/finance/historical_data/xls/consolidated_sales_e2603.xlsx,2026-09-28T22:54:48.050Z,"{""fiscalYear"": 2017, ""rawSpreadsheetValue"": 727.0, ""valueQualifier"": ""approximately"", ""roundingUnits"": 10000}"
gaming,gaming--nintendo-3ds-cumulative,Nintendo 3DS · dostawy narastająco,Nintendo 3DS,Cumulative rounded shipments,2017-03-31,2017-03-31,fiscal-year,,66.12,mln sztuk,annual,derived,https://www.nintendo.co.jp/ir/finance/historical_data/xls/consolidated_sales_e2603.xlsx,2026-09-28T22:54:48.050Z,"{""fiscalYear"": 2017, ""valueQualifier"": ""approximately""}"
gaming,gaming--nintendo-ds-annual,Nintendo DS · dostawy roczne,Nintendo DS,Annual hardware shipments,2017-03-31,2017-03-31,fiscal-year,2016-04-01,0.0,mln sztuk / rok,annual,observed,https://www.nintendo.co.jp/ir/finance/historical_data/xls/consolidated_sales_e2603.xlsx,2026-09-28T22:54:48.050Z,"{""fiscalYear"": 2017, ""rawSpreadsheetValue"": -0.1, ""valueQualifier"": ""approximately"", ""roundingUnits"": 10000}"
gaming,gaming--nintendo-ds-cumulative,Nintendo DS · dostawy narastająco,Nintendo DS,Cumulative rounded shipments,2017-03-31,2017-03-31,fiscal-year,,154.02,mln sztuk,annual,derived,https://www.nintendo.co.jp/ir/finance/historical_data/xls/consolidated_sales_e2603.xlsx,2026-09-28T22:54:48.050Z,"{""fiscalYear"": 2017, ""valueQualifier"": ""approximately""}"
gaming,gaming--nintendo-switch-2-annual,Nintendo Switch 2 · dostawy roczne,Nintendo Switch 2,Annual hardware shipments,2017-03-31,2017-03-31,fiscal-year,2016-04-01,,mln sztuk / rok,annual,observed,https://www.nintendo.co.jp/ir/finance/historical_data/xls/consolidated_sales_e2603.xlsx,2026-09-28T22:54:48.050Z,"{""fiscalYear"": 2017, ""rawSpreadsheetValue"": null, ""valueQualifier"": ""approximately"", ""roundingUnits"": 10000}"
gaming,gaming--nintendo-switch-annual,Nintendo Switch · dostawy roczne,Nintendo Switch,Annual hardware shipments,2017-03-31,2017-03-31,fiscal-year,2016-04-01,2.74,mln sztuk / rok,annual,observed,https://www.nintendo.co.jp/ir/finance/historical_data/xls/consolidated_sales_e2603.xlsx,2026-09-28T22:54:48.050Z,"{""fiscalYear"": 2017, ""rawSpreadsheetValue"": 274.0, ""valueQualifier"": ""approximately"", ""roundingUnits"": 10000}"
gaming,gaming--nintendo-switch-cumulative,Nintendo Switch · dostawy narastająco,Nintendo Switch,Cumulative rounded shipments,2017-03-31,2017-03-31,fiscal-year,,2.74,mln sztuk,annual,derived,https://www.nintendo.co.jp/ir/finance/historical_data/xls/consolidated_sales_e2603.xlsx,2026-09-28T22:54:48.050Z,"{""fiscalYear"": 2017, ""valueQualifier"": ""approximately""}"
gaming,gaming--wii-annual,Wii · dostawy roczne,Wii,Annual hardware shipments,2017-03-31,2017-03-31,fiscal-year,2016-04-01,0.0,mln sztuk / rok,annual,observed,https://www.nintendo.co.jp/ir/finance/historical_data/xls/consolidated_sales_e2603.xlsx,2026-09-28T22:54:48.050Z,"{""fiscalYear"": 2017, ""rawSpreadsheetValue"": -0.1, ""valueQualifier"": ""approximately"", ""roundingUnits"": 10000}"
gaming,gaming--wii-cumulative,Wii · dostawy narastająco,Wii,Cumulative rounded shipments,2017-03-31,2017-03-31,fiscal-year,,101.62,mln sztuk,annual,derived,https://www.nintendo.co.jp/ir/finance/historical_data/xls/consolidated_sales_e2603.xlsx,2026-09-28T22:54:48.050Z,"{""fiscalYear"": 2017, ""valueQualifier"": ""approximately""}"
gaming,gaming--wii-u-annual,Wii U · dostawy roczne,Wii U,Annual hardware shipments,2017-03-31,2017-03-31,fiscal-year,2016-04-01,0.76,mln sztuk / rok,annual,observed,https://www.nintendo.co.jp/ir/finance/historical_data/xls/consolidated_sales_e2603.xlsx,2026-09-28T22:54:48.050Z,"{""fiscalYear"": 2017, ""rawSpreadsheetValue"": 76.0, ""valueQualifier"": ""approximately"", ""roundingUnits"": 10000}"
gaming,gaming--wii-u-cumulative,Wii U · dostawy narastająco,Wii U,Cumulative rounded shipments,2017-03-31,2017-03-31,fiscal-year,,13.57,mln sztuk,annual,derived,https://www.nintendo.co.jp/ir/finance/historical_data/xls/consolidated_sales_e2603.xlsx,2026-09-28T22:54:48.050Z,"{""fiscalYear"": 2017, ""valueQualifier"": ""approximately""}"
gaming,gaming--nintendo-3ds-annual,Nintendo 3DS · dostawy roczne,Nintendo 3DS,Annual hardware shipments,2018-03-31,2018-03-31,fiscal-year,2017-04-01,6.4,mln sztuk / rok,annual,observed,https://www.nintendo.co.jp/ir/finance/historical_data/xls/consolidated_sales_e2603.xlsx,2026-09-28T22:54:48.050Z,"{""fiscalYear"": 2018, ""rawSpreadsheetValue"": 640.0, ""valueQualifier"": ""approximately"", ""roundingUnits"": 10000}"
gaming,gaming--nintendo-3ds-cumulative,Nintendo 3DS · dostawy narastająco,Nintendo 3DS,Cumulative rounded shipments,2018-03-31,2018-03-31,fiscal-year,,72.52,mln sztuk,annual,derived,https://www.nintendo.co.jp/ir/finance/historical_data/xls/consolidated_sales_e2603.xlsx,2026-09-28T22:54:48.050Z,"{""fiscalYear"": 2018, ""valueQualifier"": ""approximately""}"
gaming,gaming--nintendo-ds-annual,Nintendo DS · dostawy roczne,Nintendo DS,Annual hardware shipments,2018-03-31,2018-03-31,fiscal-year,2017-04-01,0.0,mln sztuk / rok,annual,observed,https://www.nintendo.co.jp/ir/finance/historical_data/xls/consolidated_sales_e2603.xlsx,2026-09-28T22:54:48.050Z,"{""fiscalYear"": 2018, ""rawSpreadsheetValue"": -0.1, ""valueQualifier"": ""approximately"", ""roundingUnits"": 10000}"
gaming,gaming--nintendo-ds-cumulative,Nintendo DS · dostawy narastająco,Nintendo DS,Cumulative rounded shipments,2018-03-31,2018-03-31,fiscal-year,,154.02,mln sztuk,annual,derived,https://www.nintendo.co.jp/ir/finance/historical_data/xls/consolidated_sales_e2603.xlsx,2026-09-28T22:54:48.050Z,"{""fiscalYear"": 2018, ""valueQualifier"": ""approximately""}"
gaming,gaming--nintendo-switch-2-annual,Nintendo Switch 2 · dostawy roczne,Nintendo Switch 2,Annual hardware shipments,2018-03-31,2018-03-31,fiscal-year,2017-04-01,,mln sztuk / rok,annual,observed,https://www.nintendo.co.jp/ir/finance/historical_data/xls/consolidated_sales_e2603.xlsx,2026-09-28T22:54:48.050Z,"{""fiscalYear"": 2018, ""rawSpreadsheetValue"": null, ""valueQualifier"": ""approximately"", ""roundingUnits"": 10000}"
gaming,gaming--nintendo-switch-annual,Nintendo Switch · dostawy roczne,Nintendo Switch,Annual hardware shipments,2018-03-31,2018-03-31,fiscal-year,2017-04-01,15.05,mln sztuk / rok,annual,observed,https://www.nintendo.co.jp/ir/finance/historical_data/xls/consolidated_sales_e2603.xlsx,2026-09-28T22:54:48.050Z,"{""fiscalYear"": 2018, ""rawSpreadsheetValue"": 1505.0, ""valueQualifier"": ""approximately"", ""roundingUnits"": 10000}"
gaming,gaming--nintendo-switch-cumulative,Nintendo Switch · dostawy narastająco,Nintendo Switch,Cumulative rounded shipments,2018-03-31,2018-03-31,fiscal-year,,17.79,mln sztuk,annual,derived,https://www.nintendo.co.jp/ir/finance/historical_data/xls/consolidated_sales_e2603.xlsx,2026-09-28T22:54:48.050Z,"{""fiscalYear"": 2018, ""valueQualifier"": ""approximately""}"
gaming,gaming--wii-annual,Wii · dostawy roczne,Wii,Annual hardware shipments,2018-03-31,2018-03-31,fiscal-year,2017-04-01,0.0,mln sztuk / rok,annual,observed,https://www.nintendo.co.jp/ir/finance/historical_data/xls/consolidated_sales_e2603.xlsx,2026-09-28T22:54:48.050Z,"{""fiscalYear"": 2018, ""rawSpreadsheetValue"": -0.1, ""valueQualifier"": ""approximately"", ""roundingUnits"": 10000}"
gaming,gaming--wii-cumulative,Wii · dostawy narastająco,Wii,Cumulative rounded shipments,2018-03-31,2018-03-31,fiscal-year,,101.62,mln sztuk,annual,derived,https://www.nintendo.co.jp/ir/finance/historical_data/xls/consolidated_sales_e2603.xlsx,2026-09-28T22:54:48.050Z,"{""fiscalYear"": 2018, ""valueQualifier"": ""approximately""}"
gaming,gaming--wii-u-annual,Wii U · dostawy roczne,Wii U,Annual hardware shipments,2018-03-31,2018-03-31,fiscal-year,2017-04-01,0.0,mln sztuk / rok,annual,observed,https://www.nintendo.co.jp/ir/finance/historical_data/xls/consolidated_sales_e2603.xlsx,2026-09-28T22:54:48.050Z,"{""fiscalYear"": 2018, ""rawSpreadsheetValue"": 0.1, ""valueQualifier"": ""approximately"", ""roundingUnits"": 10000}"
gaming,gaming--wii-u-cumulative,Wii U · dostawy narastająco,Wii U,Cumulative rounded shipments,2018-03-31,2018-03-31,fiscal-year,,13.57,mln sztuk,annual,derived,https://www.nintendo.co.jp/ir/finance/historical_data/xls/consolidated_sales_e2603.xlsx,2026-09-28T22:54:48.050Z,"{""fiscalYear"": 2018, ""valueQualifier"": ""approximately""}"
gaming,gaming--nintendo-3ds-annual,Nintendo 3DS · dostawy roczne,Nintendo 3DS,Annual hardware shipments,2019-03-31,2019-03-31,fiscal-year,2018-04-01,2.55,mln sztuk / rok,annual,observed,https://www.nintendo.co.jp/ir/finance/historical_data/xls/consolidated_sales_e2603.xlsx,2026-09-28T22:54:48.050Z,"{""fiscalYear"": 2019, ""rawSpreadsheetValue"": 255.0, ""valueQualifier"": ""approximately"", ""roundingUnits"": 10000}"
gaming,gaming--nintendo-3ds-cumulative,Nintendo 3DS · dostawy narastająco,Nintendo 3DS,Cumulative rounded shipments,2019-03-31,2019-03-31,fiscal-year,,75.07,mln sztuk,annual,derived,https://www.nintendo.co.jp/ir/finance/historical_data/xls/consolidated_sales_e2603.xlsx,2026-09-28T22:54:48.050Z,"{""fiscalYear"": 2019, ""valueQualifier"": ""approximately""}"
gaming,gaming--nintendo-ds-annual,Nintendo DS · dostawy roczne,Nintendo DS,Annual hardware shipments,2019-03-31,2019-03-31,fiscal-year,2018-04-01,0.0,mln sztuk / rok,annual,observed,https://www.nintendo.co.jp/ir/finance/historical_data/xls/consolidated_sales_e2603.xlsx,2026-09-28T22:54:48.050Z,"{""fiscalYear"": 2019, ""rawSpreadsheetValue"": -0.1, ""valueQualifier"": ""approximately"", ""roundingUnits"": 10000}"
gaming,gaming--nintendo-ds-cumulative,Nintendo DS · dostawy narastająco,Nintendo DS,Cumulative rounded shipments,2019-03-31,2019-03-31,fiscal-year,,154.02,mln sztuk,annual,derived,https://www.nintendo.co.jp/ir/finance/historical_data/xls/consolidated_sales_e2603.xlsx,2026-09-28T22:54:48.050Z,"{""fiscalYear"": 2019, ""valueQualifier"": ""approximately""}"
gaming,gaming--nintendo-switch-2-annual,Nintendo Switch 2 · dostawy roczne,Nintendo Switch 2,Annual hardware shipments,2019-03-31,2019-03-31,fiscal-year,2018-04-01,,mln sztuk / rok,annual,observed,https://www.nintendo.co.jp/ir/finance/historical_data/xls/consolidated_sales_e2603.xlsx,2026-09-28T22:54:48.050Z,"{""fiscalYear"": 2019, ""rawSpreadsheetValue"": null, ""valueQualifier"": ""approximately"", ""roundingUnits"": 10000}"
gaming,gaming--nintendo-switch-annual,Nintendo Switch · dostawy roczne,Nintendo Switch,Annual hardware shipments,2019-03-31,2019-03-31,fiscal-year,2018-04-01,16.95,mln sztuk / rok,annual,observed,https://www.nintendo.co.jp/ir/finance/historical_data/xls/consolidated_sales_e2603.xlsx,2026-09-28T22:54:48.050Z,"{""fiscalYear"": 2019, ""rawSpreadsheetValue"": 1695.0, ""valueQualifier"": ""approximately"", ""roundingUnits"": 10000}"
gaming,gaming--nintendo-switch-cumulative,Nintendo Switch · dostawy narastająco,Nintendo Switch,Cumulative rounded shipments,2019-03-31,2019-03-31,fiscal-year,,34.74,mln sztuk,annual,derived,https://www.nintendo.co.jp/ir/finance/historical_data/xls/consolidated_sales_e2603.xlsx,2026-09-28T22:54:48.050Z,"{""fiscalYear"": 2019, ""valueQualifier"": ""approximately""}"
gaming,gaming--wii-annual,Wii · dostawy roczne,Wii,Annual hardware shipments,2019-03-31,2019-03-31,fiscal-year,2018-04-01,0.0,mln sztuk / rok,annual,observed,https://www.nintendo.co.jp/ir/finance/historical_data/xls/consolidated_sales_e2603.xlsx,2026-09-28T22:54:48.050Z,"{""fiscalYear"": 2019, ""rawSpreadsheetValue"": 0.1, ""valueQualifier"": ""approximately"", ""roundingUnits"": 10000}"
gaming,gaming--wii-cumulative,Wii · dostawy narastająco,Wii,Cumulative rounded shipments,2019-03-31,2019-03-31,fiscal-year,,101.62,mln sztuk,annual,derived,https://www.nintendo.co.jp/ir/finance/historical_data/xls/consolidated_sales_e2603.xlsx,2026-09-28T22:54:48.050Z,"{""fiscalYear"": 2019, ""valueQualifier"": ""approximately""}"
gaming,gaming--wii-u-annual,Wii U · dostawy roczne,Wii U,Annual hardware shipments,2019-03-31,2019-03-31,fiscal-year,2018-04-01,0.0,mln sztuk / rok,annual,observed,https://www.nintendo.co.jp/ir/finance/historical_data/xls/consolidated_sales_e2603.xlsx,2026-09-28T22:54:48.050Z,"{""fiscalYear"": 2019, ""rawSpreadsheetValue"": 0.1, ""valueQualifier"": ""approximately"", ""roundingUnits"": 10000}"
gaming,gaming--wii-u-cumulative,Wii U · dostawy narastająco,Wii U,Cumulative rounded shipments,2019-03-31,2019-03-31,fiscal-year,,13.57,mln sztuk,annual,derived,https://www.nintendo.co.jp/ir/finance/historical_data/xls/consolidated_sales_e2603.xlsx,2026-09-28T22:54:48.050Z,"{""fiscalYear"": 2019, ""valueQualifier"": ""approximately""}"
gaming,gaming--nintendo-3ds-annual,Nintendo 3DS · dostawy roczne,Nintendo 3DS,Annual hardware shipments,2020-03-31,2020-03-31,fiscal-year,2019-04-01,0.69,mln sztuk / rok,annual,observed,https://www.nintendo.co.jp/ir/finance/historical_data/xls/consolidated_sales_e2603.xlsx,2026-09-28T22:54:48.050Z,"{""fiscalYear"": 2020, ""rawSpreadsheetValue"": 69.0, ""valueQualifier"": ""approximately"", ""roundingUnits"": 10000}"
gaming,gaming--nintendo-3ds-cumulative,Nintendo 3DS · dostawy narastająco,Nintendo 3DS,Cumulative rounded shipments,2020-03-31,2020-03-31,fiscal-year,,75.76,mln sztuk,annual,derived,https://www.nintendo.co.jp/ir/finance/historical_data/xls/consolidated_sales_e2603.xlsx,2026-09-28T22:54:48.050Z,"{""fiscalYear"": 2020, ""valueQualifier"": ""approximately""}"
gaming,gaming--nintendo-ds-annual,Nintendo DS · dostawy roczne,Nintendo DS,Annual hardware shipments,2020-03-31,2020-03-31,fiscal-year,2019-04-01,0.0,mln sztuk / rok,annual,observed,https://www.nintendo.co.jp/ir/finance/historical_data/xls/consolidated_sales_e2603.xlsx,2026-09-28T22:54:48.050Z,"{""fiscalYear"": 2020, ""rawSpreadsheetValue"": -0.1, ""valueQualifier"": ""approximately"", ""roundingUnits"": 10000}"
gaming,gaming--nintendo-ds-cumulative,Nintendo DS · dostawy narastająco,Nintendo DS,Cumulative rounded shipments,2020-03-31,2020-03-31,fiscal-year,,154.02,mln sztuk,annual,derived,https://www.nintendo.co.jp/ir/finance/historical_data/xls/consolidated_sales_e2603.xlsx,2026-09-28T22:54:48.050Z,"{""fiscalYear"": 2020, ""valueQualifier"": ""approximately""}"
gaming,gaming--nintendo-switch-2-annual,Nintendo Switch 2 · dostawy roczne,Nintendo Switch 2,Annual hardware shipments,2020-03-31,2020-03-31,fiscal-year,2019-04-01,,mln sztuk / rok,annual,observed,https://www.nintendo.co.jp/ir/finance/historical_data/xls/consolidated_sales_e2603.xlsx,2026-09-28T22:54:48.050Z,"{""fiscalYear"": 2020, ""rawSpreadsheetValue"": null, ""valueQualifier"": ""approximately"", ""roundingUnits"": 10000}"
gaming,gaming--nintendo-switch-annual,Nintendo Switch · dostawy roczne,Nintendo Switch,Annual hardware shipments,2020-03-31,2020-03-31,fiscal-year,2019-04-01,21.03,mln sztuk / rok,annual,observed,https://www.nintendo.co.jp/ir/finance/historical_data/xls/consolidated_sales_e2603.xlsx,2026-09-28T22:54:48.050Z,"{""fiscalYear"": 2020, ""rawSpreadsheetValue"": 2103.0, ""valueQualifier"": ""approximately"", ""roundingUnits"": 10000}"
gaming,gaming--nintendo-switch-cumulative,Nintendo Switch · dostawy narastająco,Nintendo Switch,Cumulative rounded shipments,2020-03-31,2020-03-31,fiscal-year,,55.77,mln sztuk,annual,derived,https://www.nintendo.co.jp/ir/finance/historical_data/xls/consolidated_sales_e2603.xlsx,2026-09-28T22:54:48.050Z,"{""fiscalYear"": 2020, ""valueQualifier"": ""approximately""}"
gaming,gaming--wii-annual,Wii · dostawy roczne,Wii,Annual hardware shipments,2020-03-31,2020-03-31,fiscal-year,2019-04-01,0.0,mln sztuk / rok,annual,observed,https://www.nintendo.co.jp/ir/finance/historical_data/xls/consolidated_sales_e2603.xlsx,2026-09-28T22:54:48.050Z,"{""fiscalYear"": 2020, ""rawSpreadsheetValue"": 0.0, ""valueQualifier"": ""approximately"", ""roundingUnits"": 10000}"
gaming,gaming--wii-cumulative,Wii · dostawy narastająco,Wii,Cumulative rounded shipments,2020-03-31,2020-03-31,fiscal-year,,101.62,mln sztuk,annual,derived,https://www.nintendo.co.jp/ir/finance/historical_data/xls/consolidated_sales_e2603.xlsx,2026-09-28T22:54:48.050Z,"{""fiscalYear"": 2020, ""valueQualifier"": ""approximately""}"
gaming,gaming--wii-u-annual,Wii U · dostawy roczne,Wii U,Annual hardware shipments,2020-03-31,2020-03-31,fiscal-year,2019-04-01,0.0,mln sztuk / rok,annual,observed,https://www.nintendo.co.jp/ir/finance/historical_data/xls/consolidated_sales_e2603.xlsx,2026-09-28T22:54:48.050Z,"{""fiscalYear"": 2020, ""rawSpreadsheetValue"": -0.1, ""valueQualifier"": ""approximately"", ""roundingUnits"": 10000}"
gaming,gaming--wii-u-cumulative,Wii U · dostawy narastająco,Wii U,Cumulative rounded shipments,2020-03-31,2020-03-31,fiscal-year,,13.57,mln sztuk,annual,derived,https://www.nintendo.co.jp/ir/finance/historical_data/xls/consolidated_sales_e2603.xlsx,2026-09-28T22:54:48.050Z,"{""fiscalYear"": 2020, ""valueQualifier"": ""approximately""}"
gaming,gaming--nintendo-3ds-annual,Nintendo 3DS · dostawy roczne,Nintendo 3DS,Annual hardware shipments,2021-03-31,2021-03-31,fiscal-year,2020-04-01,0.17,mln sztuk / rok,annual,observed,https://www.nintendo.co.jp/ir/finance/historical_data/xls/consolidated_sales_e2603.xlsx,2026-09-28T22:54:48.050Z,"{""fiscalYear"": 2021, ""rawSpreadsheetValue"": 17.0, ""valueQualifier"": ""approximately"", ""roundingUnits"": 10000}"
gaming,gaming--nintendo-3ds-cumulative,Nintendo 3DS · dostawy narastająco,Nintendo 3DS,Cumulative rounded shipments,2021-03-31,2021-03-31,fiscal-year,,75.93,mln sztuk,annual,derived,https://www.nintendo.co.jp/ir/finance/historical_data/xls/consolidated_sales_e2603.xlsx,2026-09-28T22:54:48.050Z,"{""fiscalYear"": 2021, ""valueQualifier"": ""approximately""}"
gaming,gaming--nintendo-ds-annual,Nintendo DS · dostawy roczne,Nintendo DS,Annual hardware shipments,2021-03-31,2021-03-31,fiscal-year,2020-04-01,0.0,mln sztuk / rok,annual,observed,https://www.nintendo.co.jp/ir/finance/historical_data/xls/consolidated_sales_e2603.xlsx,2026-09-28T22:54:48.050Z,"{""fiscalYear"": 2021, ""rawSpreadsheetValue"": 0.1, ""valueQualifier"": ""approximately"", ""roundingUnits"": 10000}"
gaming,gaming--nintendo-ds-cumulative,Nintendo DS · dostawy narastająco,Nintendo DS,Cumulative rounded shipments,2021-03-31,2021-03-31,fiscal-year,,154.02,mln sztuk,annual,derived,https://www.nintendo.co.jp/ir/finance/historical_data/xls/consolidated_sales_e2603.xlsx,2026-09-28T22:54:48.050Z,"{""fiscalYear"": 2021, ""valueQualifier"": ""approximately""}"
gaming,gaming--nintendo-switch-2-annual,Nintendo Switch 2 · dostawy roczne,Nintendo Switch 2,Annual hardware shipments,2021-03-31,2021-03-31,fiscal-year,2020-04-01,,mln sztuk / rok,annual,observed,https://www.nintendo.co.jp/ir/finance/historical_data/xls/consolidated_sales_e2603.xlsx,2026-09-28T22:54:48.050Z,"{""fiscalYear"": 2021, ""rawSpreadsheetValue"": null, ""valueQualifier"": ""approximately"", ""roundingUnits"": 10000}"
gaming,gaming--nintendo-switch-annual,Nintendo Switch · dostawy roczne,Nintendo Switch,Annual hardware shipments,2021-03-31,2021-03-31,fiscal-year,2020-04-01,28.83,mln sztuk / rok,annual,observed,https://www.nintendo.co.jp/ir/finance/historical_data/xls/consolidated_sales_e2603.xlsx,2026-09-28T22:54:48.050Z,"{""fiscalYear"": 2021, ""rawSpreadsheetValue"": 2883.0, ""valueQualifier"": ""approximately"", ""roundingUnits"": 10000}"
gaming,gaming--nintendo-switch-cumulative,Nintendo Switch · dostawy narastająco,Nintendo Switch,Cumulative rounded shipments,2021-03-31,2021-03-31,fiscal-year,,84.6,mln sztuk,annual,derived,https://www.nintendo.co.jp/ir/finance/historical_data/xls/consolidated_sales_e2603.xlsx,2026-09-28T22:54:48.050Z,"{""fiscalYear"": 2021, ""valueQualifier"": ""approximately""}"
gaming,gaming--wii-annual,Wii · dostawy roczne,Wii,Annual hardware shipments,2021-03-31,2021-03-31,fiscal-year,2020-04-01,0.0,mln sztuk / rok,annual,observed,https://www.nintendo.co.jp/ir/finance/historical_data/xls/consolidated_sales_e2603.xlsx,2026-09-28T22:54:48.050Z,"{""fiscalYear"": 2021, ""rawSpreadsheetValue"": 0.0, ""valueQualifier"": ""approximately"", ""roundingUnits"": 10000}"
gaming,gaming--wii-cumulative,Wii · dostawy narastająco,Wii,Cumulative rounded shipments,2021-03-31,2021-03-31,fiscal-year,,101.62,mln sztuk,annual,derived,https://www.nintendo.co.jp/ir/finance/historical_data/xls/consolidated_sales_e2603.xlsx,2026-09-28T22:54:48.050Z,"{""fiscalYear"": 2021, ""valueQualifier"": ""approximately""}"
gaming,gaming--wii-u-annual,Wii U · dostawy roczne,Wii U,Annual hardware shipments,2021-03-31,2021-03-31,fiscal-year,2020-04-01,0.0,mln sztuk / rok,annual,observed,https://www.nintendo.co.jp/ir/finance/historical_data/xls/consolidated_sales_e2603.xlsx,2026-09-28T22:54:48.050Z,"{""fiscalYear"": 2021, ""rawSpreadsheetValue"": -0.1, ""valueQualifier"": ""approximately"", ""roundingUnits"": 10000}"
gaming,gaming--wii-u-cumulative,Wii U · dostawy narastająco,Wii U,Cumulative rounded shipments,2021-03-31,2021-03-31,fiscal-year,,13.57,mln sztuk,annual,derived,https://www.nintendo.co.jp/ir/finance/historical_data/xls/consolidated_sales_e2603.xlsx,2026-09-28T22:54:48.050Z,"{""fiscalYear"": 2021, ""valueQualifier"": ""approximately""}"
gaming,gaming--nintendo-3ds-annual,Nintendo 3DS · dostawy roczne,Nintendo 3DS,Annual hardware shipments,2022-03-31,2022-03-31,fiscal-year,2021-04-01,0.0,mln sztuk / rok,annual,observed,https://www.nintendo.co.jp/ir/finance/historical_data/xls/consolidated_sales_e2603.xlsx,2026-09-28T22:54:48.050Z,"{""fiscalYear"": 2022, ""rawSpreadsheetValue"": -0.1, ""valueQualifier"": ""approximately"", ""roundingUnits"": 10000}"
gaming,gaming--nintendo-3ds-cumulative,Nintendo 3DS · dostawy narastająco,Nintendo 3DS,Cumulative rounded shipments,2022-03-31,2022-03-31,fiscal-year,,75.93,mln sztuk,annual,derived,https://www.nintendo.co.jp/ir/finance/historical_data/xls/consolidated_sales_e2603.xlsx,2026-09-28T22:54:48.050Z,"{""fiscalYear"": 2022, ""valueQualifier"": ""approximately""}"
gaming,gaming--nintendo-ds-annual,Nintendo DS · dostawy roczne,Nintendo DS,Annual hardware shipments,2022-03-31,2022-03-31,fiscal-year,2021-04-01,0.0,mln sztuk / rok,annual,observed,https://www.nintendo.co.jp/ir/finance/historical_data/xls/consolidated_sales_e2603.xlsx,2026-09-28T22:54:48.050Z,"{""fiscalYear"": 2022, ""rawSpreadsheetValue"": 0.0, ""valueQualifier"": ""approximately"", ""roundingUnits"": 10000}"
gaming,gaming--nintendo-ds-cumulative,Nintendo DS · dostawy narastająco,Nintendo DS,Cumulative rounded shipments,2022-03-31,2022-03-31,fiscal-year,,154.02,mln sztuk,annual,derived,https://www.nintendo.co.jp/ir/finance/historical_data/xls/consolidated_sales_e2603.xlsx,2026-09-28T22:54:48.050Z,"{""fiscalYear"": 2022, ""valueQualifier"": ""approximately""}"
gaming,gaming--nintendo-switch-2-annual,Nintendo Switch 2 · dostawy roczne,Nintendo Switch 2,Annual hardware shipments,2022-03-31,2022-03-31,fiscal-year,2021-04-01,,mln sztuk / rok,annual,observed,https://www.nintendo.co.jp/ir/finance/historical_data/xls/consolidated_sales_e2603.xlsx,2026-09-28T22:54:48.050Z,"{""fiscalYear"": 2022, ""rawSpreadsheetValue"": null, ""valueQualifier"": ""approximately"", ""roundingUnits"": 10000}"
gaming,gaming--nintendo-switch-annual,Nintendo Switch · dostawy roczne,Nintendo Switch,Annual hardware shipments,2022-03-31,2022-03-31,fiscal-year,2021-04-01,23.06,mln sztuk / rok,annual,observed,https://www.nintendo.co.jp/ir/finance/historical_data/xls/consolidated_sales_e2603.xlsx,2026-09-28T22:54:48.050Z,"{""fiscalYear"": 2022, ""rawSpreadsheetValue"": 2306.0, ""valueQualifier"": ""approximately"", ""roundingUnits"": 10000}"
gaming,gaming--nintendo-switch-cumulative,Nintendo Switch · dostawy narastająco,Nintendo Switch,Cumulative rounded shipments,2022-03-31,2022-03-31,fiscal-year,,107.66,mln sztuk,annual,derived,https://www.nintendo.co.jp/ir/finance/historical_data/xls/consolidated_sales_e2603.xlsx,2026-09-28T22:54:48.050Z,"{""fiscalYear"": 2022, ""valueQualifier"": ""approximately""}"
gaming,gaming--wii-annual,Wii · dostawy roczne,Wii,Annual hardware shipments,2022-03-31,2022-03-31,fiscal-year,2021-04-01,0.0,mln sztuk / rok,annual,observed,https://www.nintendo.co.jp/ir/finance/historical_data/xls/consolidated_sales_e2603.xlsx,2026-09-28T22:54:48.050Z,"{""fiscalYear"": 2022, ""rawSpreadsheetValue"": 0.0, ""valueQualifier"": ""approximately"", ""roundingUnits"": 10000}"
gaming,gaming--wii-cumulative,Wii · dostawy narastająco,Wii,Cumulative rounded shipments,2022-03-31,2022-03-31,fiscal-year,,101.62,mln sztuk,annual,derived,https://www.nintendo.co.jp/ir/finance/historical_data/xls/consolidated_sales_e2603.xlsx,2026-09-28T22:54:48.050Z,"{""fiscalYear"": 2022, ""valueQualifier"": ""approximately""}"
gaming,gaming--wii-u-annual,Wii U · dostawy roczne,Wii U,Annual hardware shipments,2022-03-31,2022-03-31,fiscal-year,2021-04-01,0.0,mln sztuk / rok,annual,observed,https://www.nintendo.co.jp/ir/finance/historical_data/xls/consolidated_sales_e2603.xlsx,2026-09-28T22:54:48.050Z,"{""fiscalYear"": 2022, ""rawSpreadsheetValue"": 0.1, ""valueQualifier"": ""approximately"", ""roundingUnits"": 10000}"
gaming,gaming--wii-u-cumulative,Wii U · dostawy narastająco,Wii U,Cumulative rounded shipments,2022-03-31,2022-03-31,fiscal-year,,13.57,mln sztuk,annual,derived,https://www.nintendo.co.jp/ir/finance/historical_data/xls/consolidated_sales_e2603.xlsx,2026-09-28T22:54:48.050Z,"{""fiscalYear"": 2022, ""valueQualifier"": ""approximately""}"
gaming,gaming--nintendo-3ds-annual,Nintendo 3DS · dostawy roczne,Nintendo 3DS,Annual hardware shipments,2023-03-31,2023-03-31,fiscal-year,2022-04-01,0.0,mln sztuk / rok,annual,observed,https://www.nintendo.co.jp/ir/finance/historical_data/xls/consolidated_sales_e2603.xlsx,2026-09-28T22:54:48.050Z,"{""fiscalYear"": 2023, ""rawSpreadsheetValue"": 0.1, ""valueQualifier"": ""approximately"", ""roundingUnits"": 10000}"
gaming,gaming--nintendo-3ds-cumulative,Nintendo 3DS · dostawy narastająco,Nintendo 3DS,Cumulative rounded shipments,2023-03-31,2023-03-31,fiscal-year,,75.93,mln sztuk,annual,derived,https://www.nintendo.co.jp/ir/finance/historical_data/xls/consolidated_sales_e2603.xlsx,2026-09-28T22:54:48.050Z,"{""fiscalYear"": 2023, ""valueQualifier"": ""approximately""}"
gaming,gaming--nintendo-ds-annual,Nintendo DS · dostawy roczne,Nintendo DS,Annual hardware shipments,2023-03-31,2023-03-31,fiscal-year,2022-04-01,0.0,mln sztuk / rok,annual,observed,https://www.nintendo.co.jp/ir/finance/historical_data/xls/consolidated_sales_e2603.xlsx,2026-09-28T22:54:48.050Z,"{""fiscalYear"": 2023, ""rawSpreadsheetValue"": 0.0, ""valueQualifier"": ""approximately"", ""roundingUnits"": 10000}"
gaming,gaming--nintendo-ds-cumulative,Nintendo DS · dostawy narastająco,Nintendo DS,Cumulative rounded shipments,2023-03-31,2023-03-31,fiscal-year,,154.02,mln sztuk,annual,derived,https://www.nintendo.co.jp/ir/finance/historical_data/xls/consolidated_sales_e2603.xlsx,2026-09-28T22:54:48.050Z,"{""fiscalYear"": 2023, ""valueQualifier"": ""approximately""}"
gaming,gaming--nintendo-switch-2-annual,Nintendo Switch 2 · dostawy roczne,Nintendo Switch 2,Annual hardware shipments,2023-03-31,2023-03-31,fiscal-year,2022-04-01,,mln sztuk / rok,annual,observed,https://www.nintendo.co.jp/ir/finance/historical_data/xls/consolidated_sales_e2603.xlsx,2026-09-28T22:54:48.050Z,"{""fiscalYear"": 2023, ""rawSpreadsheetValue"": null, ""valueQualifier"": ""approximately"", ""roundingUnits"": 10000}"
gaming,gaming--nintendo-switch-annual,Nintendo Switch · dostawy roczne,Nintendo Switch,Annual hardware shipments,2023-03-31,2023-03-31,fiscal-year,2022-04-01,17.97,mln sztuk / rok,annual,observed,https://www.nintendo.co.jp/ir/finance/historical_data/xls/consolidated_sales_e2603.xlsx,2026-09-28T22:54:48.050Z,"{""fiscalYear"": 2023, ""rawSpreadsheetValue"": 1797.0, ""valueQualifier"": ""approximately"", ""roundingUnits"": 10000}"
gaming,gaming--nintendo-switch-cumulative,Nintendo Switch · dostawy narastająco,Nintendo Switch,Cumulative rounded shipments,2023-03-31,2023-03-31,fiscal-year,,125.63,mln sztuk,annual,derived,https://www.nintendo.co.jp/ir/finance/historical_data/xls/consolidated_sales_e2603.xlsx,2026-09-28T22:54:48.050Z,"{""fiscalYear"": 2023, ""valueQualifier"": ""approximately""}"
gaming,gaming--wii-annual,Wii · dostawy roczne,Wii,Annual hardware shipments,2023-03-31,2023-03-31,fiscal-year,2022-04-01,0.0,mln sztuk / rok,annual,observed,https://www.nintendo.co.jp/ir/finance/historical_data/xls/consolidated_sales_e2603.xlsx,2026-09-28T22:54:48.050Z,"{""fiscalYear"": 2023, ""rawSpreadsheetValue"": 0.1, ""valueQualifier"": ""approximately"", ""roundingUnits"": 10000}"
gaming,gaming--wii-cumulative,Wii · dostawy narastająco,Wii,Cumulative rounded shipments,2023-03-31,2023-03-31,fiscal-year,,101.62,mln sztuk,annual,derived,https://www.nintendo.co.jp/ir/finance/historical_data/xls/consolidated_sales_e2603.xlsx,2026-09-28T22:54:48.050Z,"{""fiscalYear"": 2023, ""valueQualifier"": ""approximately""}"
gaming,gaming--wii-u-annual,Wii U · dostawy roczne,Wii U,Annual hardware shipments,2023-03-31,2023-03-31,fiscal-year,2022-04-01,0.0,mln sztuk / rok,annual,observed,https://www.nintendo.co.jp/ir/finance/historical_data/xls/consolidated_sales_e2603.xlsx,2026-09-28T22:54:48.050Z,"{""fiscalYear"": 2023, ""rawSpreadsheetValue"": 0.1, ""valueQualifier"": ""approximately"", ""roundingUnits"": 10000}"
gaming,gaming--wii-u-cumulative,Wii U · dostawy narastająco,Wii U,Cumulative rounded shipments,2023-03-31,2023-03-31,fiscal-year,,13.57,mln sztuk,annual,derived,https://www.nintendo.co.jp/ir/finance/historical_data/xls/consolidated_sales_e2603.xlsx,2026-09-28T22:54:48.050Z,"{""fiscalYear"": 2023, ""valueQualifier"": ""approximately""}"
gaming,gaming--nintendo-3ds-annual,Nintendo 3DS · dostawy roczne,Nintendo 3DS,Annual hardware shipments,2024-03-31,2024-03-31,fiscal-year,2023-04-01,0.0,mln sztuk / rok,annual,observed,https://www.nintendo.co.jp/ir/finance/historical_data/xls/consolidated_sales_e2603.xlsx,2026-09-28T22:54:48.050Z,"{""fiscalYear"": 2024, ""rawSpreadsheetValue"": 0.0, ""valueQualifier"": ""approximately"", ""roundingUnits"": 10000}"
gaming,gaming--nintendo-3ds-cumulative,Nintendo 3DS · dostawy narastająco,Nintendo 3DS,Cumulative rounded shipments,2024-03-31,2024-03-31,fiscal-year,,75.93,mln sztuk,annual,derived,https://www.nintendo.co.jp/ir/finance/historical_data/xls/consolidated_sales_e2603.xlsx,2026-09-28T22:54:48.050Z,"{""fiscalYear"": 2024, ""valueQualifier"": ""approximately""}"
gaming,gaming--nintendo-switch-2-annual,Nintendo Switch 2 · dostawy roczne,Nintendo Switch 2,Annual hardware shipments,2024-03-31,2024-03-31,fiscal-year,2023-04-01,,mln sztuk / rok,annual,observed,https://www.nintendo.co.jp/ir/finance/historical_data/xls/consolidated_sales_e2603.xlsx,2026-09-28T22:54:48.050Z,"{""fiscalYear"": 2024, ""rawSpreadsheetValue"": null, ""valueQualifier"": ""approximately"", ""roundingUnits"": 10000}"
gaming,gaming--nintendo-switch-annual,Nintendo Switch · dostawy roczne,Nintendo Switch,Annual hardware shipments,2024-03-31,2024-03-31,fiscal-year,2023-04-01,15.7,mln sztuk / rok,annual,observed,https://www.nintendo.co.jp/ir/finance/historical_data/xls/consolidated_sales_e2603.xlsx,2026-09-28T22:54:48.050Z,"{""fiscalYear"": 2024, ""rawSpreadsheetValue"": 1570.0, ""valueQualifier"": ""approximately"", ""roundingUnits"": 10000}"
gaming,gaming--nintendo-switch-cumulative,Nintendo Switch · dostawy narastająco,Nintendo Switch,Cumulative rounded shipments,2024-03-31,2024-03-31,fiscal-year,,141.33,mln sztuk,annual,derived,https://www.nintendo.co.jp/ir/finance/historical_data/xls/consolidated_sales_e2603.xlsx,2026-09-28T22:54:48.050Z,"{""fiscalYear"": 2024, ""valueQualifier"": ""approximately""}"
gaming,gaming--wii-u-annual,Wii U · dostawy roczne,Wii U,Annual hardware shipments,2024-03-31,2024-03-31,fiscal-year,2023-04-01,0.0,mln sztuk / rok,annual,observed,https://www.nintendo.co.jp/ir/finance/historical_data/xls/consolidated_sales_e2603.xlsx,2026-09-28T22:54:48.050Z,"{""fiscalYear"": 2024, ""rawSpreadsheetValue"": 0.0, ""valueQualifier"": ""approximately"", ""roundingUnits"": 10000}"
gaming,gaming--wii-u-cumulative,Wii U · dostawy narastająco,Wii U,Cumulative rounded shipments,2024-03-31,2024-03-31,fiscal-year,,13.57,mln sztuk,annual,derived,https://www.nintendo.co.jp/ir/finance/historical_data/xls/consolidated_sales_e2603.xlsx,2026-09-28T22:54:48.050Z,"{""fiscalYear"": 2024, ""valueQualifier"": ""approximately""}"
gaming,gaming--nintendo-3ds-annual,Nintendo 3DS · dostawy roczne,Nintendo 3DS,Annual hardware shipments,2025-03-31,2025-03-31,fiscal-year,2024-04-01,0.0,mln sztuk / rok,annual,observed,https://www.nintendo.co.jp/ir/finance/historical_data/xls/consolidated_sales_e2603.xlsx,2026-09-28T22:54:48.050Z,"{""fiscalYear"": 2025, ""rawSpreadsheetValue"": 0.0, ""valueQualifier"": ""approximately"", ""roundingUnits"": 10000}"
gaming,gaming--nintendo-3ds-cumulative,Nintendo 3DS · dostawy narastająco,Nintendo 3DS,Cumulative rounded shipments,2025-03-31,2025-03-31,fiscal-year,,75.93,mln sztuk,annual,derived,https://www.nintendo.co.jp/ir/finance/historical_data/xls/consolidated_sales_e2603.xlsx,2026-09-28T22:54:48.050Z,"{""fiscalYear"": 2025, ""valueQualifier"": ""approximately""}"
gaming,gaming--nintendo-switch-2-annual,Nintendo Switch 2 · dostawy roczne,Nintendo Switch 2,Annual hardware shipments,2025-03-31,2025-03-31,fiscal-year,2024-04-01,,mln sztuk / rok,annual,observed,https://www.nintendo.co.jp/ir/finance/historical_data/xls/consolidated_sales_e2603.xlsx,2026-09-28T22:54:48.050Z,"{""fiscalYear"": 2025, ""rawSpreadsheetValue"": null, ""valueQualifier"": ""approximately"", ""roundingUnits"": 10000}"
gaming,gaming--nintendo-switch-annual,Nintendo Switch · dostawy roczne,Nintendo Switch,Annual hardware shipments,2025-03-31,2025-03-31,fiscal-year,2024-04-01,10.8,mln sztuk / rok,annual,observed,https://www.nintendo.co.jp/ir/finance/historical_data/xls/consolidated_sales_e2603.xlsx,2026-09-28T22:54:48.050Z,"{""fiscalYear"": 2025, ""rawSpreadsheetValue"": 1080.0, ""valueQualifier"": ""approximately"", ""roundingUnits"": 10000}"
gaming,gaming--nintendo-switch-cumulative,Nintendo Switch · dostawy narastająco,Nintendo Switch,Cumulative rounded shipments,2025-03-31,2025-03-31,fiscal-year,,152.13,mln sztuk,annual,derived,https://www.nintendo.co.jp/ir/finance/historical_data/xls/consolidated_sales_e2603.xlsx,2026-09-28T22:54:48.050Z,"{""fiscalYear"": 2025, ""valueQualifier"": ""approximately""}"
gaming,gaming--wii-u-annual,Wii U · dostawy roczne,Wii U,Annual hardware shipments,2025-03-31,2025-03-31,fiscal-year,2024-04-01,0.0,mln sztuk / rok,annual,observed,https://www.nintendo.co.jp/ir/finance/historical_data/xls/consolidated_sales_e2603.xlsx,2026-09-28T22:54:48.050Z,"{""fiscalYear"": 2025, ""rawSpreadsheetValue"": 0.0, ""valueQualifier"": ""approximately"", ""roundingUnits"": 10000}"
gaming,gaming--wii-u-cumulative,Wii U · dostawy narastająco,Wii U,Cumulative rounded shipments,2025-03-31,2025-03-31,fiscal-year,,13.57,mln sztuk,annual,derived,https://www.nintendo.co.jp/ir/finance/historical_data/xls/consolidated_sales_e2603.xlsx,2026-09-28T22:54:48.050Z,"{""fiscalYear"": 2025, ""valueQualifier"": ""approximately""}"
gaming,gaming--nintendo-3ds-annual,Nintendo 3DS · dostawy roczne,Nintendo 3DS,Annual hardware shipments,2026-03-31,2026-03-31,fiscal-year,2025-04-01,0.0,mln sztuk / rok,annual,observed,https://www.nintendo.co.jp/ir/finance/historical_data/xls/consolidated_sales_e2603.xlsx,2026-09-28T22:54:48.050Z,"{""fiscalYear"": 2026, ""rawSpreadsheetValue"": 0.1, ""valueQualifier"": ""approximately"", ""roundingUnits"": 10000}"
gaming,gaming--nintendo-3ds-cumulative,Nintendo 3DS · dostawy narastająco,Nintendo 3DS,Cumulative rounded shipments,2026-03-31,2026-03-31,fiscal-year,,75.93,mln sztuk,annual,derived,https://www.nintendo.co.jp/ir/finance/historical_data/xls/consolidated_sales_e2603.xlsx,2026-09-28T22:54:48.050Z,"{""fiscalYear"": 2026, ""valueQualifier"": ""approximately""}"
gaming,gaming--nintendo-switch-2-annual,Nintendo Switch 2 · dostawy roczne,Nintendo Switch 2,Annual hardware shipments,2026-03-31,2026-03-31,fiscal-year,2025-04-01,19.86,mln sztuk / rok,annual,observed,https://www.nintendo.co.jp/ir/finance/historical_data/xls/consolidated_sales_e2603.xlsx,2026-09-28T22:54:48.050Z,"{""fiscalYear"": 2026, ""rawSpreadsheetValue"": 1986.0, ""valueQualifier"": ""approximately"", ""roundingUnits"": 10000}"
gaming,gaming--nintendo-switch-2-cumulative,Nintendo Switch 2 · dostawy narastająco,Nintendo Switch 2,Cumulative rounded shipments,2026-03-31,2026-03-31,fiscal-year,,19.86,mln sztuk,annual,derived,https://www.nintendo.co.jp/ir/finance/historical_data/xls/consolidated_sales_e2603.xlsx,2026-09-28T22:54:48.050Z,"{""fiscalYear"": 2026, ""valueQualifier"": ""approximately""}"
gaming,gaming--nintendo-switch-annual,Nintendo Switch · dostawy roczne,Nintendo Switch,Annual hardware shipments,2026-03-31,2026-03-31,fiscal-year,2025-04-01,3.8,mln sztuk / rok,annual,observed,https://www.nintendo.co.jp/ir/finance/historical_data/xls/consolidated_sales_e2603.xlsx,2026-09-28T22:54:48.050Z,"{""fiscalYear"": 2026, ""rawSpreadsheetValue"": 380.0, ""valueQualifier"": ""approximately"", ""roundingUnits"": 10000}"
gaming,gaming--nintendo-switch-cumulative,Nintendo Switch · dostawy narastająco,Nintendo Switch,Cumulative rounded shipments,2026-03-31,2026-03-31,fiscal-year,,155.93,mln sztuk,annual,derived,https://www.nintendo.co.jp/ir/finance/historical_data/xls/consolidated_sales_e2603.xlsx,2026-09-28T22:54:48.050Z,"{""fiscalYear"": 2026, ""valueQualifier"": ""approximately""}"
gaming,gaming--wii-u-annual,Wii U · dostawy roczne,Wii U,Annual hardware shipments,2026-03-31,2026-03-31,fiscal-year,2025-04-01,0.0,mln sztuk / rok,annual,observed,https://www.nintendo.co.jp/ir/finance/historical_data/xls/consolidated_sales_e2603.xlsx,2026-09-28T22:54:48.050Z,"{""fiscalYear"": 2026, ""rawSpreadsheetValue"": 0.0, ""valueQualifier"": ""approximately"", ""roundingUnits"": 10000}"
gaming,gaming--wii-u-cumulative,Wii U · dostawy narastająco,Wii U,Cumulative rounded shipments,2026-03-31,2026-03-31,fiscal-year,,13.57,mln sztuk,annual,derived,https://www.nintendo.co.jp/ir/finance/historical_data/xls/consolidated_sales_e2603.xlsx,2026-09-28T22:54:48.050Z,"{""fiscalYear"": 2026, ""valueQualifier"": ""approximately""}"
