topic_id,series_id,series_name,entity,metric,date,period,date_precision,period_start,value,unit,frequency,kind,source_url,retrieved_at,attributes_json
GB.XPD.RSDV.GD.ZS,GB.XPD.RSDV.GD.ZS--bra,Brazylia,BRA,Research and development expenditure (% of GDP),1960-12-31,1960,year,1960-01-01,,% PKB,annual,observed,https://api.worldbank.org/v2/country/POL;WLD;USA;CHN;DEU;IND;KOR;JPN;GBR;FRA;BRA;EST/indicator/GB.XPD.RSDV.GD.ZS?format=json&per_page=1000,2026-09-28T17:23:22.612Z,{}
GB.XPD.RSDV.GD.ZS,GB.XPD.RSDV.GD.ZS--chn,Chiny,CHN,Research and development expenditure (% of GDP),1960-12-31,1960,year,1960-01-01,,% PKB,annual,observed,https://api.worldbank.org/v2/country/POL;WLD;USA;CHN;DEU;IND;KOR;JPN;GBR;FRA;BRA;EST/indicator/GB.XPD.RSDV.GD.ZS?format=json&per_page=1000,2026-09-28T17:23:22.612Z,{}
GB.XPD.RSDV.GD.ZS,GB.XPD.RSDV.GD.ZS--deu,Niemcy,DEU,Research and development expenditure (% of GDP),1960-12-31,1960,year,1960-01-01,,% PKB,annual,observed,https://api.worldbank.org/v2/country/POL;WLD;USA;CHN;DEU;IND;KOR;JPN;GBR;FRA;BRA;EST/indicator/GB.XPD.RSDV.GD.ZS?format=json&per_page=1000,2026-09-28T17:23:22.612Z,{}
GB.XPD.RSDV.GD.ZS,GB.XPD.RSDV.GD.ZS--est,Estonia,EST,Research and development expenditure (% of GDP),1960-12-31,1960,year,1960-01-01,,% PKB,annual,observed,https://api.worldbank.org/v2/country/POL;WLD;USA;CHN;DEU;IND;KOR;JPN;GBR;FRA;BRA;EST/indicator/GB.XPD.RSDV.GD.ZS?format=json&per_page=1000,2026-09-28T17:23:22.612Z,{}
GB.XPD.RSDV.GD.ZS,GB.XPD.RSDV.GD.ZS--fra,Francja,FRA,Research and development expenditure (% of GDP),1960-12-31,1960,year,1960-01-01,,% PKB,annual,observed,https://api.worldbank.org/v2/country/POL;WLD;USA;CHN;DEU;IND;KOR;JPN;GBR;FRA;BRA;EST/indicator/GB.XPD.RSDV.GD.ZS?format=json&per_page=1000,2026-09-28T17:23:22.612Z,{}
GB.XPD.RSDV.GD.ZS,GB.XPD.RSDV.GD.ZS--gbr,Wielka Brytania,GBR,Research and development expenditure (% of GDP),1960-12-31,1960,year,1960-01-01,,% PKB,annual,observed,https://api.worldbank.org/v2/country/POL;WLD;USA;CHN;DEU;IND;KOR;JPN;GBR;FRA;BRA;EST/indicator/GB.XPD.RSDV.GD.ZS?format=json&per_page=1000,2026-09-28T17:23:22.612Z,{}
GB.XPD.RSDV.GD.ZS,GB.XPD.RSDV.GD.ZS--ind,Indie,IND,Research and development expenditure (% of GDP),1960-12-31,1960,year,1960-01-01,,% PKB,annual,observed,https://api.worldbank.org/v2/country/POL;WLD;USA;CHN;DEU;IND;KOR;JPN;GBR;FRA;BRA;EST/indicator/GB.XPD.RSDV.GD.ZS?format=json&per_page=1000,2026-09-28T17:23:22.612Z,{}
GB.XPD.RSDV.GD.ZS,GB.XPD.RSDV.GD.ZS--jpn,Japonia,JPN,Research and development expenditure (% of GDP),1960-12-31,1960,year,1960-01-01,,% PKB,annual,observed,https://api.worldbank.org/v2/country/POL;WLD;USA;CHN;DEU;IND;KOR;JPN;GBR;FRA;BRA;EST/indicator/GB.XPD.RSDV.GD.ZS?format=json&per_page=1000,2026-09-28T17:23:22.612Z,{}
GB.XPD.RSDV.GD.ZS,GB.XPD.RSDV.GD.ZS--kor,Korea Płd.,KOR,Research and development expenditure (% of GDP),1960-12-31,1960,year,1960-01-01,,% PKB,annual,observed,https://api.worldbank.org/v2/country/POL;WLD;USA;CHN;DEU;IND;KOR;JPN;GBR;FRA;BRA;EST/indicator/GB.XPD.RSDV.GD.ZS?format=json&per_page=1000,2026-09-28T17:23:22.612Z,{}
GB.XPD.RSDV.GD.ZS,GB.XPD.RSDV.GD.ZS--pol,Polska,POL,Research and development expenditure (% of GDP),1960-12-31,1960,year,1960-01-01,,% PKB,annual,observed,https://api.worldbank.org/v2/country/POL;WLD;USA;CHN;DEU;IND;KOR;JPN;GBR;FRA;BRA;EST/indicator/GB.XPD.RSDV.GD.ZS?format=json&per_page=1000,2026-09-28T17:23:22.612Z,{}
GB.XPD.RSDV.GD.ZS,GB.XPD.RSDV.GD.ZS--usa,USA,USA,Research and development expenditure (% of GDP),1960-12-31,1960,year,1960-01-01,,% PKB,annual,observed,https://api.worldbank.org/v2/country/POL;WLD;USA;CHN;DEU;IND;KOR;JPN;GBR;FRA;BRA;EST/indicator/GB.XPD.RSDV.GD.ZS?format=json&per_page=1000,2026-09-28T17:23:22.612Z,{}
GB.XPD.RSDV.GD.ZS,GB.XPD.RSDV.GD.ZS--wld,Świat,WLD,Research and development expenditure (% of GDP),1960-12-31,1960,year,1960-01-01,,% PKB,annual,observed,https://api.worldbank.org/v2/country/POL;WLD;USA;CHN;DEU;IND;KOR;JPN;GBR;FRA;BRA;EST/indicator/GB.XPD.RSDV.GD.ZS?format=json&per_page=1000,2026-09-28T17:23:22.612Z,{}
GB.XPD.RSDV.GD.ZS,GB.XPD.RSDV.GD.ZS--bra,Brazylia,BRA,Research and development expenditure (% of GDP),1961-12-31,1961,year,1961-01-01,,% PKB,annual,observed,https://api.worldbank.org/v2/country/POL;WLD;USA;CHN;DEU;IND;KOR;JPN;GBR;FRA;BRA;EST/indicator/GB.XPD.RSDV.GD.ZS?format=json&per_page=1000,2026-09-28T17:23:22.612Z,{}
GB.XPD.RSDV.GD.ZS,GB.XPD.RSDV.GD.ZS--chn,Chiny,CHN,Research and development expenditure (% of GDP),1961-12-31,1961,year,1961-01-01,,% PKB,annual,observed,https://api.worldbank.org/v2/country/POL;WLD;USA;CHN;DEU;IND;KOR;JPN;GBR;FRA;BRA;EST/indicator/GB.XPD.RSDV.GD.ZS?format=json&per_page=1000,2026-09-28T17:23:22.612Z,{}
GB.XPD.RSDV.GD.ZS,GB.XPD.RSDV.GD.ZS--deu,Niemcy,DEU,Research and development expenditure (% of GDP),1961-12-31,1961,year,1961-01-01,,% PKB,annual,observed,https://api.worldbank.org/v2/country/POL;WLD;USA;CHN;DEU;IND;KOR;JPN;GBR;FRA;BRA;EST/indicator/GB.XPD.RSDV.GD.ZS?format=json&per_page=1000,2026-09-28T17:23:22.612Z,{}
GB.XPD.RSDV.GD.ZS,GB.XPD.RSDV.GD.ZS--est,Estonia,EST,Research and development expenditure (% of GDP),1961-12-31,1961,year,1961-01-01,,% PKB,annual,observed,https://api.worldbank.org/v2/country/POL;WLD;USA;CHN;DEU;IND;KOR;JPN;GBR;FRA;BRA;EST/indicator/GB.XPD.RSDV.GD.ZS?format=json&per_page=1000,2026-09-28T17:23:22.612Z,{}
GB.XPD.RSDV.GD.ZS,GB.XPD.RSDV.GD.ZS--fra,Francja,FRA,Research and development expenditure (% of GDP),1961-12-31,1961,year,1961-01-01,,% PKB,annual,observed,https://api.worldbank.org/v2/country/POL;WLD;USA;CHN;DEU;IND;KOR;JPN;GBR;FRA;BRA;EST/indicator/GB.XPD.RSDV.GD.ZS?format=json&per_page=1000,2026-09-28T17:23:22.612Z,{}
GB.XPD.RSDV.GD.ZS,GB.XPD.RSDV.GD.ZS--gbr,Wielka Brytania,GBR,Research and development expenditure (% of GDP),1961-12-31,1961,year,1961-01-01,,% PKB,annual,observed,https://api.worldbank.org/v2/country/POL;WLD;USA;CHN;DEU;IND;KOR;JPN;GBR;FRA;BRA;EST/indicator/GB.XPD.RSDV.GD.ZS?format=json&per_page=1000,2026-09-28T17:23:22.612Z,{}
GB.XPD.RSDV.GD.ZS,GB.XPD.RSDV.GD.ZS--ind,Indie,IND,Research and development expenditure (% of GDP),1961-12-31,1961,year,1961-01-01,,% PKB,annual,observed,https://api.worldbank.org/v2/country/POL;WLD;USA;CHN;DEU;IND;KOR;JPN;GBR;FRA;BRA;EST/indicator/GB.XPD.RSDV.GD.ZS?format=json&per_page=1000,2026-09-28T17:23:22.612Z,{}
GB.XPD.RSDV.GD.ZS,GB.XPD.RSDV.GD.ZS--jpn,Japonia,JPN,Research and development expenditure (% of GDP),1961-12-31,1961,year,1961-01-01,,% PKB,annual,observed,https://api.worldbank.org/v2/country/POL;WLD;USA;CHN;DEU;IND;KOR;JPN;GBR;FRA;BRA;EST/indicator/GB.XPD.RSDV.GD.ZS?format=json&per_page=1000,2026-09-28T17:23:22.612Z,{}
GB.XPD.RSDV.GD.ZS,GB.XPD.RSDV.GD.ZS--kor,Korea Płd.,KOR,Research and development expenditure (% of GDP),1961-12-31,1961,year,1961-01-01,,% PKB,annual,observed,https://api.worldbank.org/v2/country/POL;WLD;USA;CHN;DEU;IND;KOR;JPN;GBR;FRA;BRA;EST/indicator/GB.XPD.RSDV.GD.ZS?format=json&per_page=1000,2026-09-28T17:23:22.612Z,{}
GB.XPD.RSDV.GD.ZS,GB.XPD.RSDV.GD.ZS--pol,Polska,POL,Research and development expenditure (% of GDP),1961-12-31,1961,year,1961-01-01,,% PKB,annual,observed,https://api.worldbank.org/v2/country/POL;WLD;USA;CHN;DEU;IND;KOR;JPN;GBR;FRA;BRA;EST/indicator/GB.XPD.RSDV.GD.ZS?format=json&per_page=1000,2026-09-28T17:23:22.612Z,{}
GB.XPD.RSDV.GD.ZS,GB.XPD.RSDV.GD.ZS--usa,USA,USA,Research and development expenditure (% of GDP),1961-12-31,1961,year,1961-01-01,,% PKB,annual,observed,https://api.worldbank.org/v2/country/POL;WLD;USA;CHN;DEU;IND;KOR;JPN;GBR;FRA;BRA;EST/indicator/GB.XPD.RSDV.GD.ZS?format=json&per_page=1000,2026-09-28T17:23:22.612Z,{}
GB.XPD.RSDV.GD.ZS,GB.XPD.RSDV.GD.ZS--wld,Świat,WLD,Research and development expenditure (% of GDP),1961-12-31,1961,year,1961-01-01,,% PKB,annual,observed,https://api.worldbank.org/v2/country/POL;WLD;USA;CHN;DEU;IND;KOR;JPN;GBR;FRA;BRA;EST/indicator/GB.XPD.RSDV.GD.ZS?format=json&per_page=1000,2026-09-28T17:23:22.612Z,{}
GB.XPD.RSDV.GD.ZS,GB.XPD.RSDV.GD.ZS--bra,Brazylia,BRA,Research and development expenditure (% of GDP),1962-12-31,1962,year,1962-01-01,,% PKB,annual,observed,https://api.worldbank.org/v2/country/POL;WLD;USA;CHN;DEU;IND;KOR;JPN;GBR;FRA;BRA;EST/indicator/GB.XPD.RSDV.GD.ZS?format=json&per_page=1000,2026-09-28T17:23:22.612Z,{}
GB.XPD.RSDV.GD.ZS,GB.XPD.RSDV.GD.ZS--chn,Chiny,CHN,Research and development expenditure (% of GDP),1962-12-31,1962,year,1962-01-01,,% PKB,annual,observed,https://api.worldbank.org/v2/country/POL;WLD;USA;CHN;DEU;IND;KOR;JPN;GBR;FRA;BRA;EST/indicator/GB.XPD.RSDV.GD.ZS?format=json&per_page=1000,2026-09-28T17:23:22.612Z,{}
GB.XPD.RSDV.GD.ZS,GB.XPD.RSDV.GD.ZS--deu,Niemcy,DEU,Research and development expenditure (% of GDP),1962-12-31,1962,year,1962-01-01,,% PKB,annual,observed,https://api.worldbank.org/v2/country/POL;WLD;USA;CHN;DEU;IND;KOR;JPN;GBR;FRA;BRA;EST/indicator/GB.XPD.RSDV.GD.ZS?format=json&per_page=1000,2026-09-28T17:23:22.612Z,{}
GB.XPD.RSDV.GD.ZS,GB.XPD.RSDV.GD.ZS--est,Estonia,EST,Research and development expenditure (% of GDP),1962-12-31,1962,year,1962-01-01,,% PKB,annual,observed,https://api.worldbank.org/v2/country/POL;WLD;USA;CHN;DEU;IND;KOR;JPN;GBR;FRA;BRA;EST/indicator/GB.XPD.RSDV.GD.ZS?format=json&per_page=1000,2026-09-28T17:23:22.612Z,{}
GB.XPD.RSDV.GD.ZS,GB.XPD.RSDV.GD.ZS--fra,Francja,FRA,Research and development expenditure (% of GDP),1962-12-31,1962,year,1962-01-01,,% PKB,annual,observed,https://api.worldbank.org/v2/country/POL;WLD;USA;CHN;DEU;IND;KOR;JPN;GBR;FRA;BRA;EST/indicator/GB.XPD.RSDV.GD.ZS?format=json&per_page=1000,2026-09-28T17:23:22.612Z,{}
GB.XPD.RSDV.GD.ZS,GB.XPD.RSDV.GD.ZS--gbr,Wielka Brytania,GBR,Research and development expenditure (% of GDP),1962-12-31,1962,year,1962-01-01,,% PKB,annual,observed,https://api.worldbank.org/v2/country/POL;WLD;USA;CHN;DEU;IND;KOR;JPN;GBR;FRA;BRA;EST/indicator/GB.XPD.RSDV.GD.ZS?format=json&per_page=1000,2026-09-28T17:23:22.612Z,{}
GB.XPD.RSDV.GD.ZS,GB.XPD.RSDV.GD.ZS--ind,Indie,IND,Research and development expenditure (% of GDP),1962-12-31,1962,year,1962-01-01,,% PKB,annual,observed,https://api.worldbank.org/v2/country/POL;WLD;USA;CHN;DEU;IND;KOR;JPN;GBR;FRA;BRA;EST/indicator/GB.XPD.RSDV.GD.ZS?format=json&per_page=1000,2026-09-28T17:23:22.612Z,{}
GB.XPD.RSDV.GD.ZS,GB.XPD.RSDV.GD.ZS--jpn,Japonia,JPN,Research and development expenditure (% of GDP),1962-12-31,1962,year,1962-01-01,,% PKB,annual,observed,https://api.worldbank.org/v2/country/POL;WLD;USA;CHN;DEU;IND;KOR;JPN;GBR;FRA;BRA;EST/indicator/GB.XPD.RSDV.GD.ZS?format=json&per_page=1000,2026-09-28T17:23:22.612Z,{}
GB.XPD.RSDV.GD.ZS,GB.XPD.RSDV.GD.ZS--kor,Korea Płd.,KOR,Research and development expenditure (% of GDP),1962-12-31,1962,year,1962-01-01,,% PKB,annual,observed,https://api.worldbank.org/v2/country/POL;WLD;USA;CHN;DEU;IND;KOR;JPN;GBR;FRA;BRA;EST/indicator/GB.XPD.RSDV.GD.ZS?format=json&per_page=1000,2026-09-28T17:23:22.612Z,{}
GB.XPD.RSDV.GD.ZS,GB.XPD.RSDV.GD.ZS--pol,Polska,POL,Research and development expenditure (% of GDP),1962-12-31,1962,year,1962-01-01,,% PKB,annual,observed,https://api.worldbank.org/v2/country/POL;WLD;USA;CHN;DEU;IND;KOR;JPN;GBR;FRA;BRA;EST/indicator/GB.XPD.RSDV.GD.ZS?format=json&per_page=1000,2026-09-28T17:23:22.612Z,{}
GB.XPD.RSDV.GD.ZS,GB.XPD.RSDV.GD.ZS--usa,USA,USA,Research and development expenditure (% of GDP),1962-12-31,1962,year,1962-01-01,,% PKB,annual,observed,https://api.worldbank.org/v2/country/POL;WLD;USA;CHN;DEU;IND;KOR;JPN;GBR;FRA;BRA;EST/indicator/GB.XPD.RSDV.GD.ZS?format=json&per_page=1000,2026-09-28T17:23:22.612Z,{}
GB.XPD.RSDV.GD.ZS,GB.XPD.RSDV.GD.ZS--wld,Świat,WLD,Research and development expenditure (% of GDP),1962-12-31,1962,year,1962-01-01,,% PKB,annual,observed,https://api.worldbank.org/v2/country/POL;WLD;USA;CHN;DEU;IND;KOR;JPN;GBR;FRA;BRA;EST/indicator/GB.XPD.RSDV.GD.ZS?format=json&per_page=1000,2026-09-28T17:23:22.612Z,{}
GB.XPD.RSDV.GD.ZS,GB.XPD.RSDV.GD.ZS--bra,Brazylia,BRA,Research and development expenditure (% of GDP),1963-12-31,1963,year,1963-01-01,,% PKB,annual,observed,https://api.worldbank.org/v2/country/POL;WLD;USA;CHN;DEU;IND;KOR;JPN;GBR;FRA;BRA;EST/indicator/GB.XPD.RSDV.GD.ZS?format=json&per_page=1000,2026-09-28T17:23:22.612Z,{}
GB.XPD.RSDV.GD.ZS,GB.XPD.RSDV.GD.ZS--chn,Chiny,CHN,Research and development expenditure (% of GDP),1963-12-31,1963,year,1963-01-01,,% PKB,annual,observed,https://api.worldbank.org/v2/country/POL;WLD;USA;CHN;DEU;IND;KOR;JPN;GBR;FRA;BRA;EST/indicator/GB.XPD.RSDV.GD.ZS?format=json&per_page=1000,2026-09-28T17:23:22.612Z,{}
GB.XPD.RSDV.GD.ZS,GB.XPD.RSDV.GD.ZS--deu,Niemcy,DEU,Research and development expenditure (% of GDP),1963-12-31,1963,year,1963-01-01,,% PKB,annual,observed,https://api.worldbank.org/v2/country/POL;WLD;USA;CHN;DEU;IND;KOR;JPN;GBR;FRA;BRA;EST/indicator/GB.XPD.RSDV.GD.ZS?format=json&per_page=1000,2026-09-28T17:23:22.612Z,{}
GB.XPD.RSDV.GD.ZS,GB.XPD.RSDV.GD.ZS--est,Estonia,EST,Research and development expenditure (% of GDP),1963-12-31,1963,year,1963-01-01,,% PKB,annual,observed,https://api.worldbank.org/v2/country/POL;WLD;USA;CHN;DEU;IND;KOR;JPN;GBR;FRA;BRA;EST/indicator/GB.XPD.RSDV.GD.ZS?format=json&per_page=1000,2026-09-28T17:23:22.612Z,{}
GB.XPD.RSDV.GD.ZS,GB.XPD.RSDV.GD.ZS--fra,Francja,FRA,Research and development expenditure (% of GDP),1963-12-31,1963,year,1963-01-01,,% PKB,annual,observed,https://api.worldbank.org/v2/country/POL;WLD;USA;CHN;DEU;IND;KOR;JPN;GBR;FRA;BRA;EST/indicator/GB.XPD.RSDV.GD.ZS?format=json&per_page=1000,2026-09-28T17:23:22.612Z,{}
GB.XPD.RSDV.GD.ZS,GB.XPD.RSDV.GD.ZS--gbr,Wielka Brytania,GBR,Research and development expenditure (% of GDP),1963-12-31,1963,year,1963-01-01,,% PKB,annual,observed,https://api.worldbank.org/v2/country/POL;WLD;USA;CHN;DEU;IND;KOR;JPN;GBR;FRA;BRA;EST/indicator/GB.XPD.RSDV.GD.ZS?format=json&per_page=1000,2026-09-28T17:23:22.612Z,{}
GB.XPD.RSDV.GD.ZS,GB.XPD.RSDV.GD.ZS--ind,Indie,IND,Research and development expenditure (% of GDP),1963-12-31,1963,year,1963-01-01,,% PKB,annual,observed,https://api.worldbank.org/v2/country/POL;WLD;USA;CHN;DEU;IND;KOR;JPN;GBR;FRA;BRA;EST/indicator/GB.XPD.RSDV.GD.ZS?format=json&per_page=1000,2026-09-28T17:23:22.612Z,{}
GB.XPD.RSDV.GD.ZS,GB.XPD.RSDV.GD.ZS--jpn,Japonia,JPN,Research and development expenditure (% of GDP),1963-12-31,1963,year,1963-01-01,,% PKB,annual,observed,https://api.worldbank.org/v2/country/POL;WLD;USA;CHN;DEU;IND;KOR;JPN;GBR;FRA;BRA;EST/indicator/GB.XPD.RSDV.GD.ZS?format=json&per_page=1000,2026-09-28T17:23:22.612Z,{}
GB.XPD.RSDV.GD.ZS,GB.XPD.RSDV.GD.ZS--kor,Korea Płd.,KOR,Research and development expenditure (% of GDP),1963-12-31,1963,year,1963-01-01,,% PKB,annual,observed,https://api.worldbank.org/v2/country/POL;WLD;USA;CHN;DEU;IND;KOR;JPN;GBR;FRA;BRA;EST/indicator/GB.XPD.RSDV.GD.ZS?format=json&per_page=1000,2026-09-28T17:23:22.612Z,{}
GB.XPD.RSDV.GD.ZS,GB.XPD.RSDV.GD.ZS--pol,Polska,POL,Research and development expenditure (% of GDP),1963-12-31,1963,year,1963-01-01,,% PKB,annual,observed,https://api.worldbank.org/v2/country/POL;WLD;USA;CHN;DEU;IND;KOR;JPN;GBR;FRA;BRA;EST/indicator/GB.XPD.RSDV.GD.ZS?format=json&per_page=1000,2026-09-28T17:23:22.612Z,{}
GB.XPD.RSDV.GD.ZS,GB.XPD.RSDV.GD.ZS--usa,USA,USA,Research and development expenditure (% of GDP),1963-12-31,1963,year,1963-01-01,,% PKB,annual,observed,https://api.worldbank.org/v2/country/POL;WLD;USA;CHN;DEU;IND;KOR;JPN;GBR;FRA;BRA;EST/indicator/GB.XPD.RSDV.GD.ZS?format=json&per_page=1000,2026-09-28T17:23:22.612Z,{}
GB.XPD.RSDV.GD.ZS,GB.XPD.RSDV.GD.ZS--wld,Świat,WLD,Research and development expenditure (% of GDP),1963-12-31,1963,year,1963-01-01,,% PKB,annual,observed,https://api.worldbank.org/v2/country/POL;WLD;USA;CHN;DEU;IND;KOR;JPN;GBR;FRA;BRA;EST/indicator/GB.XPD.RSDV.GD.ZS?format=json&per_page=1000,2026-09-28T17:23:22.612Z,{}
GB.XPD.RSDV.GD.ZS,GB.XPD.RSDV.GD.ZS--bra,Brazylia,BRA,Research and development expenditure (% of GDP),1964-12-31,1964,year,1964-01-01,,% PKB,annual,observed,https://api.worldbank.org/v2/country/POL;WLD;USA;CHN;DEU;IND;KOR;JPN;GBR;FRA;BRA;EST/indicator/GB.XPD.RSDV.GD.ZS?format=json&per_page=1000,2026-09-28T17:23:22.612Z,{}
GB.XPD.RSDV.GD.ZS,GB.XPD.RSDV.GD.ZS--chn,Chiny,CHN,Research and development expenditure (% of GDP),1964-12-31,1964,year,1964-01-01,,% PKB,annual,observed,https://api.worldbank.org/v2/country/POL;WLD;USA;CHN;DEU;IND;KOR;JPN;GBR;FRA;BRA;EST/indicator/GB.XPD.RSDV.GD.ZS?format=json&per_page=1000,2026-09-28T17:23:22.612Z,{}
GB.XPD.RSDV.GD.ZS,GB.XPD.RSDV.GD.ZS--deu,Niemcy,DEU,Research and development expenditure (% of GDP),1964-12-31,1964,year,1964-01-01,,% PKB,annual,observed,https://api.worldbank.org/v2/country/POL;WLD;USA;CHN;DEU;IND;KOR;JPN;GBR;FRA;BRA;EST/indicator/GB.XPD.RSDV.GD.ZS?format=json&per_page=1000,2026-09-28T17:23:22.612Z,{}
GB.XPD.RSDV.GD.ZS,GB.XPD.RSDV.GD.ZS--est,Estonia,EST,Research and development expenditure (% of GDP),1964-12-31,1964,year,1964-01-01,,% PKB,annual,observed,https://api.worldbank.org/v2/country/POL;WLD;USA;CHN;DEU;IND;KOR;JPN;GBR;FRA;BRA;EST/indicator/GB.XPD.RSDV.GD.ZS?format=json&per_page=1000,2026-09-28T17:23:22.612Z,{}
GB.XPD.RSDV.GD.ZS,GB.XPD.RSDV.GD.ZS--fra,Francja,FRA,Research and development expenditure (% of GDP),1964-12-31,1964,year,1964-01-01,,% PKB,annual,observed,https://api.worldbank.org/v2/country/POL;WLD;USA;CHN;DEU;IND;KOR;JPN;GBR;FRA;BRA;EST/indicator/GB.XPD.RSDV.GD.ZS?format=json&per_page=1000,2026-09-28T17:23:22.612Z,{}
GB.XPD.RSDV.GD.ZS,GB.XPD.RSDV.GD.ZS--gbr,Wielka Brytania,GBR,Research and development expenditure (% of GDP),1964-12-31,1964,year,1964-01-01,,% PKB,annual,observed,https://api.worldbank.org/v2/country/POL;WLD;USA;CHN;DEU;IND;KOR;JPN;GBR;FRA;BRA;EST/indicator/GB.XPD.RSDV.GD.ZS?format=json&per_page=1000,2026-09-28T17:23:22.612Z,{}
GB.XPD.RSDV.GD.ZS,GB.XPD.RSDV.GD.ZS--ind,Indie,IND,Research and development expenditure (% of GDP),1964-12-31,1964,year,1964-01-01,,% PKB,annual,observed,https://api.worldbank.org/v2/country/POL;WLD;USA;CHN;DEU;IND;KOR;JPN;GBR;FRA;BRA;EST/indicator/GB.XPD.RSDV.GD.ZS?format=json&per_page=1000,2026-09-28T17:23:22.612Z,{}
GB.XPD.RSDV.GD.ZS,GB.XPD.RSDV.GD.ZS--jpn,Japonia,JPN,Research and development expenditure (% of GDP),1964-12-31,1964,year,1964-01-01,,% PKB,annual,observed,https://api.worldbank.org/v2/country/POL;WLD;USA;CHN;DEU;IND;KOR;JPN;GBR;FRA;BRA;EST/indicator/GB.XPD.RSDV.GD.ZS?format=json&per_page=1000,2026-09-28T17:23:22.612Z,{}
GB.XPD.RSDV.GD.ZS,GB.XPD.RSDV.GD.ZS--kor,Korea Płd.,KOR,Research and development expenditure (% of GDP),1964-12-31,1964,year,1964-01-01,,% PKB,annual,observed,https://api.worldbank.org/v2/country/POL;WLD;USA;CHN;DEU;IND;KOR;JPN;GBR;FRA;BRA;EST/indicator/GB.XPD.RSDV.GD.ZS?format=json&per_page=1000,2026-09-28T17:23:22.612Z,{}
GB.XPD.RSDV.GD.ZS,GB.XPD.RSDV.GD.ZS--pol,Polska,POL,Research and development expenditure (% of GDP),1964-12-31,1964,year,1964-01-01,,% PKB,annual,observed,https://api.worldbank.org/v2/country/POL;WLD;USA;CHN;DEU;IND;KOR;JPN;GBR;FRA;BRA;EST/indicator/GB.XPD.RSDV.GD.ZS?format=json&per_page=1000,2026-09-28T17:23:22.612Z,{}
GB.XPD.RSDV.GD.ZS,GB.XPD.RSDV.GD.ZS--usa,USA,USA,Research and development expenditure (% of GDP),1964-12-31,1964,year,1964-01-01,,% PKB,annual,observed,https://api.worldbank.org/v2/country/POL;WLD;USA;CHN;DEU;IND;KOR;JPN;GBR;FRA;BRA;EST/indicator/GB.XPD.RSDV.GD.ZS?format=json&per_page=1000,2026-09-28T17:23:22.612Z,{}
GB.XPD.RSDV.GD.ZS,GB.XPD.RSDV.GD.ZS--wld,Świat,WLD,Research and development expenditure (% of GDP),1964-12-31,1964,year,1964-01-01,,% PKB,annual,observed,https://api.worldbank.org/v2/country/POL;WLD;USA;CHN;DEU;IND;KOR;JPN;GBR;FRA;BRA;EST/indicator/GB.XPD.RSDV.GD.ZS?format=json&per_page=1000,2026-09-28T17:23:22.612Z,{}
GB.XPD.RSDV.GD.ZS,GB.XPD.RSDV.GD.ZS--bra,Brazylia,BRA,Research and development expenditure (% of GDP),1965-12-31,1965,year,1965-01-01,,% PKB,annual,observed,https://api.worldbank.org/v2/country/POL;WLD;USA;CHN;DEU;IND;KOR;JPN;GBR;FRA;BRA;EST/indicator/GB.XPD.RSDV.GD.ZS?format=json&per_page=1000,2026-09-28T17:23:22.612Z,{}
GB.XPD.RSDV.GD.ZS,GB.XPD.RSDV.GD.ZS--chn,Chiny,CHN,Research and development expenditure (% of GDP),1965-12-31,1965,year,1965-01-01,,% PKB,annual,observed,https://api.worldbank.org/v2/country/POL;WLD;USA;CHN;DEU;IND;KOR;JPN;GBR;FRA;BRA;EST/indicator/GB.XPD.RSDV.GD.ZS?format=json&per_page=1000,2026-09-28T17:23:22.612Z,{}
GB.XPD.RSDV.GD.ZS,GB.XPD.RSDV.GD.ZS--deu,Niemcy,DEU,Research and development expenditure (% of GDP),1965-12-31,1965,year,1965-01-01,,% PKB,annual,observed,https://api.worldbank.org/v2/country/POL;WLD;USA;CHN;DEU;IND;KOR;JPN;GBR;FRA;BRA;EST/indicator/GB.XPD.RSDV.GD.ZS?format=json&per_page=1000,2026-09-28T17:23:22.612Z,{}
GB.XPD.RSDV.GD.ZS,GB.XPD.RSDV.GD.ZS--est,Estonia,EST,Research and development expenditure (% of GDP),1965-12-31,1965,year,1965-01-01,,% PKB,annual,observed,https://api.worldbank.org/v2/country/POL;WLD;USA;CHN;DEU;IND;KOR;JPN;GBR;FRA;BRA;EST/indicator/GB.XPD.RSDV.GD.ZS?format=json&per_page=1000,2026-09-28T17:23:22.612Z,{}
GB.XPD.RSDV.GD.ZS,GB.XPD.RSDV.GD.ZS--fra,Francja,FRA,Research and development expenditure (% of GDP),1965-12-31,1965,year,1965-01-01,,% PKB,annual,observed,https://api.worldbank.org/v2/country/POL;WLD;USA;CHN;DEU;IND;KOR;JPN;GBR;FRA;BRA;EST/indicator/GB.XPD.RSDV.GD.ZS?format=json&per_page=1000,2026-09-28T17:23:22.612Z,{}
GB.XPD.RSDV.GD.ZS,GB.XPD.RSDV.GD.ZS--gbr,Wielka Brytania,GBR,Research and development expenditure (% of GDP),1965-12-31,1965,year,1965-01-01,,% PKB,annual,observed,https://api.worldbank.org/v2/country/POL;WLD;USA;CHN;DEU;IND;KOR;JPN;GBR;FRA;BRA;EST/indicator/GB.XPD.RSDV.GD.ZS?format=json&per_page=1000,2026-09-28T17:23:22.612Z,{}
GB.XPD.RSDV.GD.ZS,GB.XPD.RSDV.GD.ZS--ind,Indie,IND,Research and development expenditure (% of GDP),1965-12-31,1965,year,1965-01-01,,% PKB,annual,observed,https://api.worldbank.org/v2/country/POL;WLD;USA;CHN;DEU;IND;KOR;JPN;GBR;FRA;BRA;EST/indicator/GB.XPD.RSDV.GD.ZS?format=json&per_page=1000,2026-09-28T17:23:22.612Z,{}
GB.XPD.RSDV.GD.ZS,GB.XPD.RSDV.GD.ZS--jpn,Japonia,JPN,Research and development expenditure (% of GDP),1965-12-31,1965,year,1965-01-01,,% PKB,annual,observed,https://api.worldbank.org/v2/country/POL;WLD;USA;CHN;DEU;IND;KOR;JPN;GBR;FRA;BRA;EST/indicator/GB.XPD.RSDV.GD.ZS?format=json&per_page=1000,2026-09-28T17:23:22.612Z,{}
GB.XPD.RSDV.GD.ZS,GB.XPD.RSDV.GD.ZS--kor,Korea Płd.,KOR,Research and development expenditure (% of GDP),1965-12-31,1965,year,1965-01-01,,% PKB,annual,observed,https://api.worldbank.org/v2/country/POL;WLD;USA;CHN;DEU;IND;KOR;JPN;GBR;FRA;BRA;EST/indicator/GB.XPD.RSDV.GD.ZS?format=json&per_page=1000,2026-09-28T17:23:22.612Z,{}
GB.XPD.RSDV.GD.ZS,GB.XPD.RSDV.GD.ZS--pol,Polska,POL,Research and development expenditure (% of GDP),1965-12-31,1965,year,1965-01-01,,% PKB,annual,observed,https://api.worldbank.org/v2/country/POL;WLD;USA;CHN;DEU;IND;KOR;JPN;GBR;FRA;BRA;EST/indicator/GB.XPD.RSDV.GD.ZS?format=json&per_page=1000,2026-09-28T17:23:22.612Z,{}
GB.XPD.RSDV.GD.ZS,GB.XPD.RSDV.GD.ZS--usa,USA,USA,Research and development expenditure (% of GDP),1965-12-31,1965,year,1965-01-01,,% PKB,annual,observed,https://api.worldbank.org/v2/country/POL;WLD;USA;CHN;DEU;IND;KOR;JPN;GBR;FRA;BRA;EST/indicator/GB.XPD.RSDV.GD.ZS?format=json&per_page=1000,2026-09-28T17:23:22.612Z,{}
GB.XPD.RSDV.GD.ZS,GB.XPD.RSDV.GD.ZS--wld,Świat,WLD,Research and development expenditure (% of GDP),1965-12-31,1965,year,1965-01-01,,% PKB,annual,observed,https://api.worldbank.org/v2/country/POL;WLD;USA;CHN;DEU;IND;KOR;JPN;GBR;FRA;BRA;EST/indicator/GB.XPD.RSDV.GD.ZS?format=json&per_page=1000,2026-09-28T17:23:22.612Z,{}
GB.XPD.RSDV.GD.ZS,GB.XPD.RSDV.GD.ZS--bra,Brazylia,BRA,Research and development expenditure (% of GDP),1966-12-31,1966,year,1966-01-01,,% PKB,annual,observed,https://api.worldbank.org/v2/country/POL;WLD;USA;CHN;DEU;IND;KOR;JPN;GBR;FRA;BRA;EST/indicator/GB.XPD.RSDV.GD.ZS?format=json&per_page=1000,2026-09-28T17:23:22.612Z,{}
GB.XPD.RSDV.GD.ZS,GB.XPD.RSDV.GD.ZS--chn,Chiny,CHN,Research and development expenditure (% of GDP),1966-12-31,1966,year,1966-01-01,,% PKB,annual,observed,https://api.worldbank.org/v2/country/POL;WLD;USA;CHN;DEU;IND;KOR;JPN;GBR;FRA;BRA;EST/indicator/GB.XPD.RSDV.GD.ZS?format=json&per_page=1000,2026-09-28T17:23:22.612Z,{}
GB.XPD.RSDV.GD.ZS,GB.XPD.RSDV.GD.ZS--deu,Niemcy,DEU,Research and development expenditure (% of GDP),1966-12-31,1966,year,1966-01-01,,% PKB,annual,observed,https://api.worldbank.org/v2/country/POL;WLD;USA;CHN;DEU;IND;KOR;JPN;GBR;FRA;BRA;EST/indicator/GB.XPD.RSDV.GD.ZS?format=json&per_page=1000,2026-09-28T17:23:22.612Z,{}
GB.XPD.RSDV.GD.ZS,GB.XPD.RSDV.GD.ZS--est,Estonia,EST,Research and development expenditure (% of GDP),1966-12-31,1966,year,1966-01-01,,% PKB,annual,observed,https://api.worldbank.org/v2/country/POL;WLD;USA;CHN;DEU;IND;KOR;JPN;GBR;FRA;BRA;EST/indicator/GB.XPD.RSDV.GD.ZS?format=json&per_page=1000,2026-09-28T17:23:22.612Z,{}
GB.XPD.RSDV.GD.ZS,GB.XPD.RSDV.GD.ZS--fra,Francja,FRA,Research and development expenditure (% of GDP),1966-12-31,1966,year,1966-01-01,,% PKB,annual,observed,https://api.worldbank.org/v2/country/POL;WLD;USA;CHN;DEU;IND;KOR;JPN;GBR;FRA;BRA;EST/indicator/GB.XPD.RSDV.GD.ZS?format=json&per_page=1000,2026-09-28T17:23:22.612Z,{}
GB.XPD.RSDV.GD.ZS,GB.XPD.RSDV.GD.ZS--gbr,Wielka Brytania,GBR,Research and development expenditure (% of GDP),1966-12-31,1966,year,1966-01-01,,% PKB,annual,observed,https://api.worldbank.org/v2/country/POL;WLD;USA;CHN;DEU;IND;KOR;JPN;GBR;FRA;BRA;EST/indicator/GB.XPD.RSDV.GD.ZS?format=json&per_page=1000,2026-09-28T17:23:22.612Z,{}
GB.XPD.RSDV.GD.ZS,GB.XPD.RSDV.GD.ZS--ind,Indie,IND,Research and development expenditure (% of GDP),1966-12-31,1966,year,1966-01-01,,% PKB,annual,observed,https://api.worldbank.org/v2/country/POL;WLD;USA;CHN;DEU;IND;KOR;JPN;GBR;FRA;BRA;EST/indicator/GB.XPD.RSDV.GD.ZS?format=json&per_page=1000,2026-09-28T17:23:22.612Z,{}
GB.XPD.RSDV.GD.ZS,GB.XPD.RSDV.GD.ZS--jpn,Japonia,JPN,Research and development expenditure (% of GDP),1966-12-31,1966,year,1966-01-01,,% PKB,annual,observed,https://api.worldbank.org/v2/country/POL;WLD;USA;CHN;DEU;IND;KOR;JPN;GBR;FRA;BRA;EST/indicator/GB.XPD.RSDV.GD.ZS?format=json&per_page=1000,2026-09-28T17:23:22.612Z,{}
GB.XPD.RSDV.GD.ZS,GB.XPD.RSDV.GD.ZS--kor,Korea Płd.,KOR,Research and development expenditure (% of GDP),1966-12-31,1966,year,1966-01-01,,% PKB,annual,observed,https://api.worldbank.org/v2/country/POL;WLD;USA;CHN;DEU;IND;KOR;JPN;GBR;FRA;BRA;EST/indicator/GB.XPD.RSDV.GD.ZS?format=json&per_page=1000,2026-09-28T17:23:22.612Z,{}
GB.XPD.RSDV.GD.ZS,GB.XPD.RSDV.GD.ZS--pol,Polska,POL,Research and development expenditure (% of GDP),1966-12-31,1966,year,1966-01-01,,% PKB,annual,observed,https://api.worldbank.org/v2/country/POL;WLD;USA;CHN;DEU;IND;KOR;JPN;GBR;FRA;BRA;EST/indicator/GB.XPD.RSDV.GD.ZS?format=json&per_page=1000,2026-09-28T17:23:22.612Z,{}
GB.XPD.RSDV.GD.ZS,GB.XPD.RSDV.GD.ZS--usa,USA,USA,Research and development expenditure (% of GDP),1966-12-31,1966,year,1966-01-01,,% PKB,annual,observed,https://api.worldbank.org/v2/country/POL;WLD;USA;CHN;DEU;IND;KOR;JPN;GBR;FRA;BRA;EST/indicator/GB.XPD.RSDV.GD.ZS?format=json&per_page=1000,2026-09-28T17:23:22.612Z,{}
GB.XPD.RSDV.GD.ZS,GB.XPD.RSDV.GD.ZS--wld,Świat,WLD,Research and development expenditure (% of GDP),1966-12-31,1966,year,1966-01-01,,% PKB,annual,observed,https://api.worldbank.org/v2/country/POL;WLD;USA;CHN;DEU;IND;KOR;JPN;GBR;FRA;BRA;EST/indicator/GB.XPD.RSDV.GD.ZS?format=json&per_page=1000,2026-09-28T17:23:22.612Z,{}
GB.XPD.RSDV.GD.ZS,GB.XPD.RSDV.GD.ZS--bra,Brazylia,BRA,Research and development expenditure (% of GDP),1967-12-31,1967,year,1967-01-01,,% PKB,annual,observed,https://api.worldbank.org/v2/country/POL;WLD;USA;CHN;DEU;IND;KOR;JPN;GBR;FRA;BRA;EST/indicator/GB.XPD.RSDV.GD.ZS?format=json&per_page=1000,2026-09-28T17:23:22.612Z,{}
GB.XPD.RSDV.GD.ZS,GB.XPD.RSDV.GD.ZS--chn,Chiny,CHN,Research and development expenditure (% of GDP),1967-12-31,1967,year,1967-01-01,,% PKB,annual,observed,https://api.worldbank.org/v2/country/POL;WLD;USA;CHN;DEU;IND;KOR;JPN;GBR;FRA;BRA;EST/indicator/GB.XPD.RSDV.GD.ZS?format=json&per_page=1000,2026-09-28T17:23:22.612Z,{}
GB.XPD.RSDV.GD.ZS,GB.XPD.RSDV.GD.ZS--deu,Niemcy,DEU,Research and development expenditure (% of GDP),1967-12-31,1967,year,1967-01-01,,% PKB,annual,observed,https://api.worldbank.org/v2/country/POL;WLD;USA;CHN;DEU;IND;KOR;JPN;GBR;FRA;BRA;EST/indicator/GB.XPD.RSDV.GD.ZS?format=json&per_page=1000,2026-09-28T17:23:22.612Z,{}
GB.XPD.RSDV.GD.ZS,GB.XPD.RSDV.GD.ZS--est,Estonia,EST,Research and development expenditure (% of GDP),1967-12-31,1967,year,1967-01-01,,% PKB,annual,observed,https://api.worldbank.org/v2/country/POL;WLD;USA;CHN;DEU;IND;KOR;JPN;GBR;FRA;BRA;EST/indicator/GB.XPD.RSDV.GD.ZS?format=json&per_page=1000,2026-09-28T17:23:22.612Z,{}
GB.XPD.RSDV.GD.ZS,GB.XPD.RSDV.GD.ZS--fra,Francja,FRA,Research and development expenditure (% of GDP),1967-12-31,1967,year,1967-01-01,,% PKB,annual,observed,https://api.worldbank.org/v2/country/POL;WLD;USA;CHN;DEU;IND;KOR;JPN;GBR;FRA;BRA;EST/indicator/GB.XPD.RSDV.GD.ZS?format=json&per_page=1000,2026-09-28T17:23:22.612Z,{}
GB.XPD.RSDV.GD.ZS,GB.XPD.RSDV.GD.ZS--gbr,Wielka Brytania,GBR,Research and development expenditure (% of GDP),1967-12-31,1967,year,1967-01-01,,% PKB,annual,observed,https://api.worldbank.org/v2/country/POL;WLD;USA;CHN;DEU;IND;KOR;JPN;GBR;FRA;BRA;EST/indicator/GB.XPD.RSDV.GD.ZS?format=json&per_page=1000,2026-09-28T17:23:22.612Z,{}
GB.XPD.RSDV.GD.ZS,GB.XPD.RSDV.GD.ZS--ind,Indie,IND,Research and development expenditure (% of GDP),1967-12-31,1967,year,1967-01-01,,% PKB,annual,observed,https://api.worldbank.org/v2/country/POL;WLD;USA;CHN;DEU;IND;KOR;JPN;GBR;FRA;BRA;EST/indicator/GB.XPD.RSDV.GD.ZS?format=json&per_page=1000,2026-09-28T17:23:22.612Z,{}
GB.XPD.RSDV.GD.ZS,GB.XPD.RSDV.GD.ZS--jpn,Japonia,JPN,Research and development expenditure (% of GDP),1967-12-31,1967,year,1967-01-01,,% PKB,annual,observed,https://api.worldbank.org/v2/country/POL;WLD;USA;CHN;DEU;IND;KOR;JPN;GBR;FRA;BRA;EST/indicator/GB.XPD.RSDV.GD.ZS?format=json&per_page=1000,2026-09-28T17:23:22.612Z,{}
GB.XPD.RSDV.GD.ZS,GB.XPD.RSDV.GD.ZS--kor,Korea Płd.,KOR,Research and development expenditure (% of GDP),1967-12-31,1967,year,1967-01-01,,% PKB,annual,observed,https://api.worldbank.org/v2/country/POL;WLD;USA;CHN;DEU;IND;KOR;JPN;GBR;FRA;BRA;EST/indicator/GB.XPD.RSDV.GD.ZS?format=json&per_page=1000,2026-09-28T17:23:22.612Z,{}
GB.XPD.RSDV.GD.ZS,GB.XPD.RSDV.GD.ZS--pol,Polska,POL,Research and development expenditure (% of GDP),1967-12-31,1967,year,1967-01-01,,% PKB,annual,observed,https://api.worldbank.org/v2/country/POL;WLD;USA;CHN;DEU;IND;KOR;JPN;GBR;FRA;BRA;EST/indicator/GB.XPD.RSDV.GD.ZS?format=json&per_page=1000,2026-09-28T17:23:22.612Z,{}
GB.XPD.RSDV.GD.ZS,GB.XPD.RSDV.GD.ZS--usa,USA,USA,Research and development expenditure (% of GDP),1967-12-31,1967,year,1967-01-01,,% PKB,annual,observed,https://api.worldbank.org/v2/country/POL;WLD;USA;CHN;DEU;IND;KOR;JPN;GBR;FRA;BRA;EST/indicator/GB.XPD.RSDV.GD.ZS?format=json&per_page=1000,2026-09-28T17:23:22.612Z,{}
GB.XPD.RSDV.GD.ZS,GB.XPD.RSDV.GD.ZS--wld,Świat,WLD,Research and development expenditure (% of GDP),1967-12-31,1967,year,1967-01-01,,% PKB,annual,observed,https://api.worldbank.org/v2/country/POL;WLD;USA;CHN;DEU;IND;KOR;JPN;GBR;FRA;BRA;EST/indicator/GB.XPD.RSDV.GD.ZS?format=json&per_page=1000,2026-09-28T17:23:22.612Z,{}
GB.XPD.RSDV.GD.ZS,GB.XPD.RSDV.GD.ZS--bra,Brazylia,BRA,Research and development expenditure (% of GDP),1968-12-31,1968,year,1968-01-01,,% PKB,annual,observed,https://api.worldbank.org/v2/country/POL;WLD;USA;CHN;DEU;IND;KOR;JPN;GBR;FRA;BRA;EST/indicator/GB.XPD.RSDV.GD.ZS?format=json&per_page=1000,2026-09-28T17:23:22.612Z,{}
GB.XPD.RSDV.GD.ZS,GB.XPD.RSDV.GD.ZS--chn,Chiny,CHN,Research and development expenditure (% of GDP),1968-12-31,1968,year,1968-01-01,,% PKB,annual,observed,https://api.worldbank.org/v2/country/POL;WLD;USA;CHN;DEU;IND;KOR;JPN;GBR;FRA;BRA;EST/indicator/GB.XPD.RSDV.GD.ZS?format=json&per_page=1000,2026-09-28T17:23:22.612Z,{}
GB.XPD.RSDV.GD.ZS,GB.XPD.RSDV.GD.ZS--deu,Niemcy,DEU,Research and development expenditure (% of GDP),1968-12-31,1968,year,1968-01-01,,% PKB,annual,observed,https://api.worldbank.org/v2/country/POL;WLD;USA;CHN;DEU;IND;KOR;JPN;GBR;FRA;BRA;EST/indicator/GB.XPD.RSDV.GD.ZS?format=json&per_page=1000,2026-09-28T17:23:22.612Z,{}
GB.XPD.RSDV.GD.ZS,GB.XPD.RSDV.GD.ZS--est,Estonia,EST,Research and development expenditure (% of GDP),1968-12-31,1968,year,1968-01-01,,% PKB,annual,observed,https://api.worldbank.org/v2/country/POL;WLD;USA;CHN;DEU;IND;KOR;JPN;GBR;FRA;BRA;EST/indicator/GB.XPD.RSDV.GD.ZS?format=json&per_page=1000,2026-09-28T17:23:22.612Z,{}
GB.XPD.RSDV.GD.ZS,GB.XPD.RSDV.GD.ZS--fra,Francja,FRA,Research and development expenditure (% of GDP),1968-12-31,1968,year,1968-01-01,,% PKB,annual,observed,https://api.worldbank.org/v2/country/POL;WLD;USA;CHN;DEU;IND;KOR;JPN;GBR;FRA;BRA;EST/indicator/GB.XPD.RSDV.GD.ZS?format=json&per_page=1000,2026-09-28T17:23:22.612Z,{}
GB.XPD.RSDV.GD.ZS,GB.XPD.RSDV.GD.ZS--gbr,Wielka Brytania,GBR,Research and development expenditure (% of GDP),1968-12-31,1968,year,1968-01-01,,% PKB,annual,observed,https://api.worldbank.org/v2/country/POL;WLD;USA;CHN;DEU;IND;KOR;JPN;GBR;FRA;BRA;EST/indicator/GB.XPD.RSDV.GD.ZS?format=json&per_page=1000,2026-09-28T17:23:22.612Z,{}
GB.XPD.RSDV.GD.ZS,GB.XPD.RSDV.GD.ZS--ind,Indie,IND,Research and development expenditure (% of GDP),1968-12-31,1968,year,1968-01-01,,% PKB,annual,observed,https://api.worldbank.org/v2/country/POL;WLD;USA;CHN;DEU;IND;KOR;JPN;GBR;FRA;BRA;EST/indicator/GB.XPD.RSDV.GD.ZS?format=json&per_page=1000,2026-09-28T17:23:22.612Z,{}
GB.XPD.RSDV.GD.ZS,GB.XPD.RSDV.GD.ZS--jpn,Japonia,JPN,Research and development expenditure (% of GDP),1968-12-31,1968,year,1968-01-01,,% PKB,annual,observed,https://api.worldbank.org/v2/country/POL;WLD;USA;CHN;DEU;IND;KOR;JPN;GBR;FRA;BRA;EST/indicator/GB.XPD.RSDV.GD.ZS?format=json&per_page=1000,2026-09-28T17:23:22.612Z,{}
GB.XPD.RSDV.GD.ZS,GB.XPD.RSDV.GD.ZS--kor,Korea Płd.,KOR,Research and development expenditure (% of GDP),1968-12-31,1968,year,1968-01-01,,% PKB,annual,observed,https://api.worldbank.org/v2/country/POL;WLD;USA;CHN;DEU;IND;KOR;JPN;GBR;FRA;BRA;EST/indicator/GB.XPD.RSDV.GD.ZS?format=json&per_page=1000,2026-09-28T17:23:22.612Z,{}
GB.XPD.RSDV.GD.ZS,GB.XPD.RSDV.GD.ZS--pol,Polska,POL,Research and development expenditure (% of GDP),1968-12-31,1968,year,1968-01-01,,% PKB,annual,observed,https://api.worldbank.org/v2/country/POL;WLD;USA;CHN;DEU;IND;KOR;JPN;GBR;FRA;BRA;EST/indicator/GB.XPD.RSDV.GD.ZS?format=json&per_page=1000,2026-09-28T17:23:22.612Z,{}
GB.XPD.RSDV.GD.ZS,GB.XPD.RSDV.GD.ZS--usa,USA,USA,Research and development expenditure (% of GDP),1968-12-31,1968,year,1968-01-01,,% PKB,annual,observed,https://api.worldbank.org/v2/country/POL;WLD;USA;CHN;DEU;IND;KOR;JPN;GBR;FRA;BRA;EST/indicator/GB.XPD.RSDV.GD.ZS?format=json&per_page=1000,2026-09-28T17:23:22.612Z,{}
GB.XPD.RSDV.GD.ZS,GB.XPD.RSDV.GD.ZS--wld,Świat,WLD,Research and development expenditure (% of GDP),1968-12-31,1968,year,1968-01-01,,% PKB,annual,observed,https://api.worldbank.org/v2/country/POL;WLD;USA;CHN;DEU;IND;KOR;JPN;GBR;FRA;BRA;EST/indicator/GB.XPD.RSDV.GD.ZS?format=json&per_page=1000,2026-09-28T17:23:22.612Z,{}
GB.XPD.RSDV.GD.ZS,GB.XPD.RSDV.GD.ZS--bra,Brazylia,BRA,Research and development expenditure (% of GDP),1969-12-31,1969,year,1969-01-01,,% PKB,annual,observed,https://api.worldbank.org/v2/country/POL;WLD;USA;CHN;DEU;IND;KOR;JPN;GBR;FRA;BRA;EST/indicator/GB.XPD.RSDV.GD.ZS?format=json&per_page=1000,2026-09-28T17:23:22.612Z,{}
GB.XPD.RSDV.GD.ZS,GB.XPD.RSDV.GD.ZS--chn,Chiny,CHN,Research and development expenditure (% of GDP),1969-12-31,1969,year,1969-01-01,,% PKB,annual,observed,https://api.worldbank.org/v2/country/POL;WLD;USA;CHN;DEU;IND;KOR;JPN;GBR;FRA;BRA;EST/indicator/GB.XPD.RSDV.GD.ZS?format=json&per_page=1000,2026-09-28T17:23:22.612Z,{}
GB.XPD.RSDV.GD.ZS,GB.XPD.RSDV.GD.ZS--deu,Niemcy,DEU,Research and development expenditure (% of GDP),1969-12-31,1969,year,1969-01-01,,% PKB,annual,observed,https://api.worldbank.org/v2/country/POL;WLD;USA;CHN;DEU;IND;KOR;JPN;GBR;FRA;BRA;EST/indicator/GB.XPD.RSDV.GD.ZS?format=json&per_page=1000,2026-09-28T17:23:22.612Z,{}
GB.XPD.RSDV.GD.ZS,GB.XPD.RSDV.GD.ZS--est,Estonia,EST,Research and development expenditure (% of GDP),1969-12-31,1969,year,1969-01-01,,% PKB,annual,observed,https://api.worldbank.org/v2/country/POL;WLD;USA;CHN;DEU;IND;KOR;JPN;GBR;FRA;BRA;EST/indicator/GB.XPD.RSDV.GD.ZS?format=json&per_page=1000,2026-09-28T17:23:22.612Z,{}
GB.XPD.RSDV.GD.ZS,GB.XPD.RSDV.GD.ZS--fra,Francja,FRA,Research and development expenditure (% of GDP),1969-12-31,1969,year,1969-01-01,,% PKB,annual,observed,https://api.worldbank.org/v2/country/POL;WLD;USA;CHN;DEU;IND;KOR;JPN;GBR;FRA;BRA;EST/indicator/GB.XPD.RSDV.GD.ZS?format=json&per_page=1000,2026-09-28T17:23:22.612Z,{}
GB.XPD.RSDV.GD.ZS,GB.XPD.RSDV.GD.ZS--gbr,Wielka Brytania,GBR,Research and development expenditure (% of GDP),1969-12-31,1969,year,1969-01-01,,% PKB,annual,observed,https://api.worldbank.org/v2/country/POL;WLD;USA;CHN;DEU;IND;KOR;JPN;GBR;FRA;BRA;EST/indicator/GB.XPD.RSDV.GD.ZS?format=json&per_page=1000,2026-09-28T17:23:22.612Z,{}
GB.XPD.RSDV.GD.ZS,GB.XPD.RSDV.GD.ZS--ind,Indie,IND,Research and development expenditure (% of GDP),1969-12-31,1969,year,1969-01-01,,% PKB,annual,observed,https://api.worldbank.org/v2/country/POL;WLD;USA;CHN;DEU;IND;KOR;JPN;GBR;FRA;BRA;EST/indicator/GB.XPD.RSDV.GD.ZS?format=json&per_page=1000,2026-09-28T17:23:22.612Z,{}
GB.XPD.RSDV.GD.ZS,GB.XPD.RSDV.GD.ZS--jpn,Japonia,JPN,Research and development expenditure (% of GDP),1969-12-31,1969,year,1969-01-01,,% PKB,annual,observed,https://api.worldbank.org/v2/country/POL;WLD;USA;CHN;DEU;IND;KOR;JPN;GBR;FRA;BRA;EST/indicator/GB.XPD.RSDV.GD.ZS?format=json&per_page=1000,2026-09-28T17:23:22.612Z,{}
GB.XPD.RSDV.GD.ZS,GB.XPD.RSDV.GD.ZS--kor,Korea Płd.,KOR,Research and development expenditure (% of GDP),1969-12-31,1969,year,1969-01-01,,% PKB,annual,observed,https://api.worldbank.org/v2/country/POL;WLD;USA;CHN;DEU;IND;KOR;JPN;GBR;FRA;BRA;EST/indicator/GB.XPD.RSDV.GD.ZS?format=json&per_page=1000,2026-09-28T17:23:22.612Z,{}
GB.XPD.RSDV.GD.ZS,GB.XPD.RSDV.GD.ZS--pol,Polska,POL,Research and development expenditure (% of GDP),1969-12-31,1969,year,1969-01-01,,% PKB,annual,observed,https://api.worldbank.org/v2/country/POL;WLD;USA;CHN;DEU;IND;KOR;JPN;GBR;FRA;BRA;EST/indicator/GB.XPD.RSDV.GD.ZS?format=json&per_page=1000,2026-09-28T17:23:22.612Z,{}
GB.XPD.RSDV.GD.ZS,GB.XPD.RSDV.GD.ZS--usa,USA,USA,Research and development expenditure (% of GDP),1969-12-31,1969,year,1969-01-01,,% PKB,annual,observed,https://api.worldbank.org/v2/country/POL;WLD;USA;CHN;DEU;IND;KOR;JPN;GBR;FRA;BRA;EST/indicator/GB.XPD.RSDV.GD.ZS?format=json&per_page=1000,2026-09-28T17:23:22.612Z,{}
GB.XPD.RSDV.GD.ZS,GB.XPD.RSDV.GD.ZS--wld,Świat,WLD,Research and development expenditure (% of GDP),1969-12-31,1969,year,1969-01-01,,% PKB,annual,observed,https://api.worldbank.org/v2/country/POL;WLD;USA;CHN;DEU;IND;KOR;JPN;GBR;FRA;BRA;EST/indicator/GB.XPD.RSDV.GD.ZS?format=json&per_page=1000,2026-09-28T17:23:22.612Z,{}
GB.XPD.RSDV.GD.ZS,GB.XPD.RSDV.GD.ZS--bra,Brazylia,BRA,Research and development expenditure (% of GDP),1970-12-31,1970,year,1970-01-01,,% PKB,annual,observed,https://api.worldbank.org/v2/country/POL;WLD;USA;CHN;DEU;IND;KOR;JPN;GBR;FRA;BRA;EST/indicator/GB.XPD.RSDV.GD.ZS?format=json&per_page=1000,2026-09-28T17:23:22.612Z,{}
GB.XPD.RSDV.GD.ZS,GB.XPD.RSDV.GD.ZS--chn,Chiny,CHN,Research and development expenditure (% of GDP),1970-12-31,1970,year,1970-01-01,,% PKB,annual,observed,https://api.worldbank.org/v2/country/POL;WLD;USA;CHN;DEU;IND;KOR;JPN;GBR;FRA;BRA;EST/indicator/GB.XPD.RSDV.GD.ZS?format=json&per_page=1000,2026-09-28T17:23:22.612Z,{}
GB.XPD.RSDV.GD.ZS,GB.XPD.RSDV.GD.ZS--deu,Niemcy,DEU,Research and development expenditure (% of GDP),1970-12-31,1970,year,1970-01-01,,% PKB,annual,observed,https://api.worldbank.org/v2/country/POL;WLD;USA;CHN;DEU;IND;KOR;JPN;GBR;FRA;BRA;EST/indicator/GB.XPD.RSDV.GD.ZS?format=json&per_page=1000,2026-09-28T17:23:22.612Z,{}
GB.XPD.RSDV.GD.ZS,GB.XPD.RSDV.GD.ZS--est,Estonia,EST,Research and development expenditure (% of GDP),1970-12-31,1970,year,1970-01-01,,% PKB,annual,observed,https://api.worldbank.org/v2/country/POL;WLD;USA;CHN;DEU;IND;KOR;JPN;GBR;FRA;BRA;EST/indicator/GB.XPD.RSDV.GD.ZS?format=json&per_page=1000,2026-09-28T17:23:22.612Z,{}
GB.XPD.RSDV.GD.ZS,GB.XPD.RSDV.GD.ZS--fra,Francja,FRA,Research and development expenditure (% of GDP),1970-12-31,1970,year,1970-01-01,,% PKB,annual,observed,https://api.worldbank.org/v2/country/POL;WLD;USA;CHN;DEU;IND;KOR;JPN;GBR;FRA;BRA;EST/indicator/GB.XPD.RSDV.GD.ZS?format=json&per_page=1000,2026-09-28T17:23:22.612Z,{}
GB.XPD.RSDV.GD.ZS,GB.XPD.RSDV.GD.ZS--gbr,Wielka Brytania,GBR,Research and development expenditure (% of GDP),1970-12-31,1970,year,1970-01-01,,% PKB,annual,observed,https://api.worldbank.org/v2/country/POL;WLD;USA;CHN;DEU;IND;KOR;JPN;GBR;FRA;BRA;EST/indicator/GB.XPD.RSDV.GD.ZS?format=json&per_page=1000,2026-09-28T17:23:22.612Z,{}
GB.XPD.RSDV.GD.ZS,GB.XPD.RSDV.GD.ZS--ind,Indie,IND,Research and development expenditure (% of GDP),1970-12-31,1970,year,1970-01-01,,% PKB,annual,observed,https://api.worldbank.org/v2/country/POL;WLD;USA;CHN;DEU;IND;KOR;JPN;GBR;FRA;BRA;EST/indicator/GB.XPD.RSDV.GD.ZS?format=json&per_page=1000,2026-09-28T17:23:22.612Z,{}
GB.XPD.RSDV.GD.ZS,GB.XPD.RSDV.GD.ZS--jpn,Japonia,JPN,Research and development expenditure (% of GDP),1970-12-31,1970,year,1970-01-01,,% PKB,annual,observed,https://api.worldbank.org/v2/country/POL;WLD;USA;CHN;DEU;IND;KOR;JPN;GBR;FRA;BRA;EST/indicator/GB.XPD.RSDV.GD.ZS?format=json&per_page=1000,2026-09-28T17:23:22.612Z,{}
GB.XPD.RSDV.GD.ZS,GB.XPD.RSDV.GD.ZS--kor,Korea Płd.,KOR,Research and development expenditure (% of GDP),1970-12-31,1970,year,1970-01-01,,% PKB,annual,observed,https://api.worldbank.org/v2/country/POL;WLD;USA;CHN;DEU;IND;KOR;JPN;GBR;FRA;BRA;EST/indicator/GB.XPD.RSDV.GD.ZS?format=json&per_page=1000,2026-09-28T17:23:22.612Z,{}
GB.XPD.RSDV.GD.ZS,GB.XPD.RSDV.GD.ZS--pol,Polska,POL,Research and development expenditure (% of GDP),1970-12-31,1970,year,1970-01-01,,% PKB,annual,observed,https://api.worldbank.org/v2/country/POL;WLD;USA;CHN;DEU;IND;KOR;JPN;GBR;FRA;BRA;EST/indicator/GB.XPD.RSDV.GD.ZS?format=json&per_page=1000,2026-09-28T17:23:22.612Z,{}
GB.XPD.RSDV.GD.ZS,GB.XPD.RSDV.GD.ZS--usa,USA,USA,Research and development expenditure (% of GDP),1970-12-31,1970,year,1970-01-01,,% PKB,annual,observed,https://api.worldbank.org/v2/country/POL;WLD;USA;CHN;DEU;IND;KOR;JPN;GBR;FRA;BRA;EST/indicator/GB.XPD.RSDV.GD.ZS?format=json&per_page=1000,2026-09-28T17:23:22.612Z,{}
GB.XPD.RSDV.GD.ZS,GB.XPD.RSDV.GD.ZS--wld,Świat,WLD,Research and development expenditure (% of GDP),1970-12-31,1970,year,1970-01-01,,% PKB,annual,observed,https://api.worldbank.org/v2/country/POL;WLD;USA;CHN;DEU;IND;KOR;JPN;GBR;FRA;BRA;EST/indicator/GB.XPD.RSDV.GD.ZS?format=json&per_page=1000,2026-09-28T17:23:22.612Z,{}
GB.XPD.RSDV.GD.ZS,GB.XPD.RSDV.GD.ZS--bra,Brazylia,BRA,Research and development expenditure (% of GDP),1971-12-31,1971,year,1971-01-01,,% PKB,annual,observed,https://api.worldbank.org/v2/country/POL;WLD;USA;CHN;DEU;IND;KOR;JPN;GBR;FRA;BRA;EST/indicator/GB.XPD.RSDV.GD.ZS?format=json&per_page=1000,2026-09-28T17:23:22.612Z,{}
GB.XPD.RSDV.GD.ZS,GB.XPD.RSDV.GD.ZS--chn,Chiny,CHN,Research and development expenditure (% of GDP),1971-12-31,1971,year,1971-01-01,,% PKB,annual,observed,https://api.worldbank.org/v2/country/POL;WLD;USA;CHN;DEU;IND;KOR;JPN;GBR;FRA;BRA;EST/indicator/GB.XPD.RSDV.GD.ZS?format=json&per_page=1000,2026-09-28T17:23:22.612Z,{}
GB.XPD.RSDV.GD.ZS,GB.XPD.RSDV.GD.ZS--deu,Niemcy,DEU,Research and development expenditure (% of GDP),1971-12-31,1971,year,1971-01-01,,% PKB,annual,observed,https://api.worldbank.org/v2/country/POL;WLD;USA;CHN;DEU;IND;KOR;JPN;GBR;FRA;BRA;EST/indicator/GB.XPD.RSDV.GD.ZS?format=json&per_page=1000,2026-09-28T17:23:22.612Z,{}
GB.XPD.RSDV.GD.ZS,GB.XPD.RSDV.GD.ZS--est,Estonia,EST,Research and development expenditure (% of GDP),1971-12-31,1971,year,1971-01-01,,% PKB,annual,observed,https://api.worldbank.org/v2/country/POL;WLD;USA;CHN;DEU;IND;KOR;JPN;GBR;FRA;BRA;EST/indicator/GB.XPD.RSDV.GD.ZS?format=json&per_page=1000,2026-09-28T17:23:22.612Z,{}
GB.XPD.RSDV.GD.ZS,GB.XPD.RSDV.GD.ZS--fra,Francja,FRA,Research and development expenditure (% of GDP),1971-12-31,1971,year,1971-01-01,,% PKB,annual,observed,https://api.worldbank.org/v2/country/POL;WLD;USA;CHN;DEU;IND;KOR;JPN;GBR;FRA;BRA;EST/indicator/GB.XPD.RSDV.GD.ZS?format=json&per_page=1000,2026-09-28T17:23:22.612Z,{}
GB.XPD.RSDV.GD.ZS,GB.XPD.RSDV.GD.ZS--gbr,Wielka Brytania,GBR,Research and development expenditure (% of GDP),1971-12-31,1971,year,1971-01-01,,% PKB,annual,observed,https://api.worldbank.org/v2/country/POL;WLD;USA;CHN;DEU;IND;KOR;JPN;GBR;FRA;BRA;EST/indicator/GB.XPD.RSDV.GD.ZS?format=json&per_page=1000,2026-09-28T17:23:22.612Z,{}
GB.XPD.RSDV.GD.ZS,GB.XPD.RSDV.GD.ZS--ind,Indie,IND,Research and development expenditure (% of GDP),1971-12-31,1971,year,1971-01-01,,% PKB,annual,observed,https://api.worldbank.org/v2/country/POL;WLD;USA;CHN;DEU;IND;KOR;JPN;GBR;FRA;BRA;EST/indicator/GB.XPD.RSDV.GD.ZS?format=json&per_page=1000,2026-09-28T17:23:22.612Z,{}
GB.XPD.RSDV.GD.ZS,GB.XPD.RSDV.GD.ZS--jpn,Japonia,JPN,Research and development expenditure (% of GDP),1971-12-31,1971,year,1971-01-01,,% PKB,annual,observed,https://api.worldbank.org/v2/country/POL;WLD;USA;CHN;DEU;IND;KOR;JPN;GBR;FRA;BRA;EST/indicator/GB.XPD.RSDV.GD.ZS?format=json&per_page=1000,2026-09-28T17:23:22.612Z,{}
GB.XPD.RSDV.GD.ZS,GB.XPD.RSDV.GD.ZS--kor,Korea Płd.,KOR,Research and development expenditure (% of GDP),1971-12-31,1971,year,1971-01-01,,% PKB,annual,observed,https://api.worldbank.org/v2/country/POL;WLD;USA;CHN;DEU;IND;KOR;JPN;GBR;FRA;BRA;EST/indicator/GB.XPD.RSDV.GD.ZS?format=json&per_page=1000,2026-09-28T17:23:22.612Z,{}
GB.XPD.RSDV.GD.ZS,GB.XPD.RSDV.GD.ZS--pol,Polska,POL,Research and development expenditure (% of GDP),1971-12-31,1971,year,1971-01-01,,% PKB,annual,observed,https://api.worldbank.org/v2/country/POL;WLD;USA;CHN;DEU;IND;KOR;JPN;GBR;FRA;BRA;EST/indicator/GB.XPD.RSDV.GD.ZS?format=json&per_page=1000,2026-09-28T17:23:22.612Z,{}
GB.XPD.RSDV.GD.ZS,GB.XPD.RSDV.GD.ZS--usa,USA,USA,Research and development expenditure (% of GDP),1971-12-31,1971,year,1971-01-01,,% PKB,annual,observed,https://api.worldbank.org/v2/country/POL;WLD;USA;CHN;DEU;IND;KOR;JPN;GBR;FRA;BRA;EST/indicator/GB.XPD.RSDV.GD.ZS?format=json&per_page=1000,2026-09-28T17:23:22.612Z,{}
GB.XPD.RSDV.GD.ZS,GB.XPD.RSDV.GD.ZS--wld,Świat,WLD,Research and development expenditure (% of GDP),1971-12-31,1971,year,1971-01-01,,% PKB,annual,observed,https://api.worldbank.org/v2/country/POL;WLD;USA;CHN;DEU;IND;KOR;JPN;GBR;FRA;BRA;EST/indicator/GB.XPD.RSDV.GD.ZS?format=json&per_page=1000,2026-09-28T17:23:22.612Z,{}
GB.XPD.RSDV.GD.ZS,GB.XPD.RSDV.GD.ZS--bra,Brazylia,BRA,Research and development expenditure (% of GDP),1972-12-31,1972,year,1972-01-01,,% PKB,annual,observed,https://api.worldbank.org/v2/country/POL;WLD;USA;CHN;DEU;IND;KOR;JPN;GBR;FRA;BRA;EST/indicator/GB.XPD.RSDV.GD.ZS?format=json&per_page=1000,2026-09-28T17:23:22.612Z,{}
GB.XPD.RSDV.GD.ZS,GB.XPD.RSDV.GD.ZS--chn,Chiny,CHN,Research and development expenditure (% of GDP),1972-12-31,1972,year,1972-01-01,,% PKB,annual,observed,https://api.worldbank.org/v2/country/POL;WLD;USA;CHN;DEU;IND;KOR;JPN;GBR;FRA;BRA;EST/indicator/GB.XPD.RSDV.GD.ZS?format=json&per_page=1000,2026-09-28T17:23:22.612Z,{}
GB.XPD.RSDV.GD.ZS,GB.XPD.RSDV.GD.ZS--deu,Niemcy,DEU,Research and development expenditure (% of GDP),1972-12-31,1972,year,1972-01-01,,% PKB,annual,observed,https://api.worldbank.org/v2/country/POL;WLD;USA;CHN;DEU;IND;KOR;JPN;GBR;FRA;BRA;EST/indicator/GB.XPD.RSDV.GD.ZS?format=json&per_page=1000,2026-09-28T17:23:22.612Z,{}
GB.XPD.RSDV.GD.ZS,GB.XPD.RSDV.GD.ZS--est,Estonia,EST,Research and development expenditure (% of GDP),1972-12-31,1972,year,1972-01-01,,% PKB,annual,observed,https://api.worldbank.org/v2/country/POL;WLD;USA;CHN;DEU;IND;KOR;JPN;GBR;FRA;BRA;EST/indicator/GB.XPD.RSDV.GD.ZS?format=json&per_page=1000,2026-09-28T17:23:22.612Z,{}
GB.XPD.RSDV.GD.ZS,GB.XPD.RSDV.GD.ZS--fra,Francja,FRA,Research and development expenditure (% of GDP),1972-12-31,1972,year,1972-01-01,,% PKB,annual,observed,https://api.worldbank.org/v2/country/POL;WLD;USA;CHN;DEU;IND;KOR;JPN;GBR;FRA;BRA;EST/indicator/GB.XPD.RSDV.GD.ZS?format=json&per_page=1000,2026-09-28T17:23:22.612Z,{}
GB.XPD.RSDV.GD.ZS,GB.XPD.RSDV.GD.ZS--gbr,Wielka Brytania,GBR,Research and development expenditure (% of GDP),1972-12-31,1972,year,1972-01-01,,% PKB,annual,observed,https://api.worldbank.org/v2/country/POL;WLD;USA;CHN;DEU;IND;KOR;JPN;GBR;FRA;BRA;EST/indicator/GB.XPD.RSDV.GD.ZS?format=json&per_page=1000,2026-09-28T17:23:22.612Z,{}
GB.XPD.RSDV.GD.ZS,GB.XPD.RSDV.GD.ZS--ind,Indie,IND,Research and development expenditure (% of GDP),1972-12-31,1972,year,1972-01-01,,% PKB,annual,observed,https://api.worldbank.org/v2/country/POL;WLD;USA;CHN;DEU;IND;KOR;JPN;GBR;FRA;BRA;EST/indicator/GB.XPD.RSDV.GD.ZS?format=json&per_page=1000,2026-09-28T17:23:22.612Z,{}
GB.XPD.RSDV.GD.ZS,GB.XPD.RSDV.GD.ZS--jpn,Japonia,JPN,Research and development expenditure (% of GDP),1972-12-31,1972,year,1972-01-01,,% PKB,annual,observed,https://api.worldbank.org/v2/country/POL;WLD;USA;CHN;DEU;IND;KOR;JPN;GBR;FRA;BRA;EST/indicator/GB.XPD.RSDV.GD.ZS?format=json&per_page=1000,2026-09-28T17:23:22.612Z,{}
GB.XPD.RSDV.GD.ZS,GB.XPD.RSDV.GD.ZS--kor,Korea Płd.,KOR,Research and development expenditure (% of GDP),1972-12-31,1972,year,1972-01-01,,% PKB,annual,observed,https://api.worldbank.org/v2/country/POL;WLD;USA;CHN;DEU;IND;KOR;JPN;GBR;FRA;BRA;EST/indicator/GB.XPD.RSDV.GD.ZS?format=json&per_page=1000,2026-09-28T17:23:22.612Z,{}
GB.XPD.RSDV.GD.ZS,GB.XPD.RSDV.GD.ZS--pol,Polska,POL,Research and development expenditure (% of GDP),1972-12-31,1972,year,1972-01-01,,% PKB,annual,observed,https://api.worldbank.org/v2/country/POL;WLD;USA;CHN;DEU;IND;KOR;JPN;GBR;FRA;BRA;EST/indicator/GB.XPD.RSDV.GD.ZS?format=json&per_page=1000,2026-09-28T17:23:22.612Z,{}
GB.XPD.RSDV.GD.ZS,GB.XPD.RSDV.GD.ZS--usa,USA,USA,Research and development expenditure (% of GDP),1972-12-31,1972,year,1972-01-01,,% PKB,annual,observed,https://api.worldbank.org/v2/country/POL;WLD;USA;CHN;DEU;IND;KOR;JPN;GBR;FRA;BRA;EST/indicator/GB.XPD.RSDV.GD.ZS?format=json&per_page=1000,2026-09-28T17:23:22.612Z,{}
GB.XPD.RSDV.GD.ZS,GB.XPD.RSDV.GD.ZS--wld,Świat,WLD,Research and development expenditure (% of GDP),1972-12-31,1972,year,1972-01-01,,% PKB,annual,observed,https://api.worldbank.org/v2/country/POL;WLD;USA;CHN;DEU;IND;KOR;JPN;GBR;FRA;BRA;EST/indicator/GB.XPD.RSDV.GD.ZS?format=json&per_page=1000,2026-09-28T17:23:22.612Z,{}
GB.XPD.RSDV.GD.ZS,GB.XPD.RSDV.GD.ZS--bra,Brazylia,BRA,Research and development expenditure (% of GDP),1973-12-31,1973,year,1973-01-01,,% PKB,annual,observed,https://api.worldbank.org/v2/country/POL;WLD;USA;CHN;DEU;IND;KOR;JPN;GBR;FRA;BRA;EST/indicator/GB.XPD.RSDV.GD.ZS?format=json&per_page=1000,2026-09-28T17:23:22.612Z,{}
GB.XPD.RSDV.GD.ZS,GB.XPD.RSDV.GD.ZS--chn,Chiny,CHN,Research and development expenditure (% of GDP),1973-12-31,1973,year,1973-01-01,,% PKB,annual,observed,https://api.worldbank.org/v2/country/POL;WLD;USA;CHN;DEU;IND;KOR;JPN;GBR;FRA;BRA;EST/indicator/GB.XPD.RSDV.GD.ZS?format=json&per_page=1000,2026-09-28T17:23:22.612Z,{}
GB.XPD.RSDV.GD.ZS,GB.XPD.RSDV.GD.ZS--deu,Niemcy,DEU,Research and development expenditure (% of GDP),1973-12-31,1973,year,1973-01-01,,% PKB,annual,observed,https://api.worldbank.org/v2/country/POL;WLD;USA;CHN;DEU;IND;KOR;JPN;GBR;FRA;BRA;EST/indicator/GB.XPD.RSDV.GD.ZS?format=json&per_page=1000,2026-09-28T17:23:22.612Z,{}
GB.XPD.RSDV.GD.ZS,GB.XPD.RSDV.GD.ZS--est,Estonia,EST,Research and development expenditure (% of GDP),1973-12-31,1973,year,1973-01-01,,% PKB,annual,observed,https://api.worldbank.org/v2/country/POL;WLD;USA;CHN;DEU;IND;KOR;JPN;GBR;FRA;BRA;EST/indicator/GB.XPD.RSDV.GD.ZS?format=json&per_page=1000,2026-09-28T17:23:22.612Z,{}
GB.XPD.RSDV.GD.ZS,GB.XPD.RSDV.GD.ZS--fra,Francja,FRA,Research and development expenditure (% of GDP),1973-12-31,1973,year,1973-01-01,,% PKB,annual,observed,https://api.worldbank.org/v2/country/POL;WLD;USA;CHN;DEU;IND;KOR;JPN;GBR;FRA;BRA;EST/indicator/GB.XPD.RSDV.GD.ZS?format=json&per_page=1000,2026-09-28T17:23:22.612Z,{}
GB.XPD.RSDV.GD.ZS,GB.XPD.RSDV.GD.ZS--gbr,Wielka Brytania,GBR,Research and development expenditure (% of GDP),1973-12-31,1973,year,1973-01-01,,% PKB,annual,observed,https://api.worldbank.org/v2/country/POL;WLD;USA;CHN;DEU;IND;KOR;JPN;GBR;FRA;BRA;EST/indicator/GB.XPD.RSDV.GD.ZS?format=json&per_page=1000,2026-09-28T17:23:22.612Z,{}
GB.XPD.RSDV.GD.ZS,GB.XPD.RSDV.GD.ZS--ind,Indie,IND,Research and development expenditure (% of GDP),1973-12-31,1973,year,1973-01-01,,% PKB,annual,observed,https://api.worldbank.org/v2/country/POL;WLD;USA;CHN;DEU;IND;KOR;JPN;GBR;FRA;BRA;EST/indicator/GB.XPD.RSDV.GD.ZS?format=json&per_page=1000,2026-09-28T17:23:22.612Z,{}
GB.XPD.RSDV.GD.ZS,GB.XPD.RSDV.GD.ZS--jpn,Japonia,JPN,Research and development expenditure (% of GDP),1973-12-31,1973,year,1973-01-01,,% PKB,annual,observed,https://api.worldbank.org/v2/country/POL;WLD;USA;CHN;DEU;IND;KOR;JPN;GBR;FRA;BRA;EST/indicator/GB.XPD.RSDV.GD.ZS?format=json&per_page=1000,2026-09-28T17:23:22.612Z,{}
GB.XPD.RSDV.GD.ZS,GB.XPD.RSDV.GD.ZS--kor,Korea Płd.,KOR,Research and development expenditure (% of GDP),1973-12-31,1973,year,1973-01-01,,% PKB,annual,observed,https://api.worldbank.org/v2/country/POL;WLD;USA;CHN;DEU;IND;KOR;JPN;GBR;FRA;BRA;EST/indicator/GB.XPD.RSDV.GD.ZS?format=json&per_page=1000,2026-09-28T17:23:22.612Z,{}
GB.XPD.RSDV.GD.ZS,GB.XPD.RSDV.GD.ZS--pol,Polska,POL,Research and development expenditure (% of GDP),1973-12-31,1973,year,1973-01-01,,% PKB,annual,observed,https://api.worldbank.org/v2/country/POL;WLD;USA;CHN;DEU;IND;KOR;JPN;GBR;FRA;BRA;EST/indicator/GB.XPD.RSDV.GD.ZS?format=json&per_page=1000,2026-09-28T17:23:22.612Z,{}
GB.XPD.RSDV.GD.ZS,GB.XPD.RSDV.GD.ZS--usa,USA,USA,Research and development expenditure (% of GDP),1973-12-31,1973,year,1973-01-01,,% PKB,annual,observed,https://api.worldbank.org/v2/country/POL;WLD;USA;CHN;DEU;IND;KOR;JPN;GBR;FRA;BRA;EST/indicator/GB.XPD.RSDV.GD.ZS?format=json&per_page=1000,2026-09-28T17:23:22.612Z,{}
GB.XPD.RSDV.GD.ZS,GB.XPD.RSDV.GD.ZS--wld,Świat,WLD,Research and development expenditure (% of GDP),1973-12-31,1973,year,1973-01-01,,% PKB,annual,observed,https://api.worldbank.org/v2/country/POL;WLD;USA;CHN;DEU;IND;KOR;JPN;GBR;FRA;BRA;EST/indicator/GB.XPD.RSDV.GD.ZS?format=json&per_page=1000,2026-09-28T17:23:22.612Z,{}
GB.XPD.RSDV.GD.ZS,GB.XPD.RSDV.GD.ZS--bra,Brazylia,BRA,Research and development expenditure (% of GDP),1974-12-31,1974,year,1974-01-01,,% PKB,annual,observed,https://api.worldbank.org/v2/country/POL;WLD;USA;CHN;DEU;IND;KOR;JPN;GBR;FRA;BRA;EST/indicator/GB.XPD.RSDV.GD.ZS?format=json&per_page=1000,2026-09-28T17:23:22.612Z,{}
GB.XPD.RSDV.GD.ZS,GB.XPD.RSDV.GD.ZS--chn,Chiny,CHN,Research and development expenditure (% of GDP),1974-12-31,1974,year,1974-01-01,,% PKB,annual,observed,https://api.worldbank.org/v2/country/POL;WLD;USA;CHN;DEU;IND;KOR;JPN;GBR;FRA;BRA;EST/indicator/GB.XPD.RSDV.GD.ZS?format=json&per_page=1000,2026-09-28T17:23:22.612Z,{}
GB.XPD.RSDV.GD.ZS,GB.XPD.RSDV.GD.ZS--deu,Niemcy,DEU,Research and development expenditure (% of GDP),1974-12-31,1974,year,1974-01-01,,% PKB,annual,observed,https://api.worldbank.org/v2/country/POL;WLD;USA;CHN;DEU;IND;KOR;JPN;GBR;FRA;BRA;EST/indicator/GB.XPD.RSDV.GD.ZS?format=json&per_page=1000,2026-09-28T17:23:22.612Z,{}
GB.XPD.RSDV.GD.ZS,GB.XPD.RSDV.GD.ZS--est,Estonia,EST,Research and development expenditure (% of GDP),1974-12-31,1974,year,1974-01-01,,% PKB,annual,observed,https://api.worldbank.org/v2/country/POL;WLD;USA;CHN;DEU;IND;KOR;JPN;GBR;FRA;BRA;EST/indicator/GB.XPD.RSDV.GD.ZS?format=json&per_page=1000,2026-09-28T17:23:22.612Z,{}
GB.XPD.RSDV.GD.ZS,GB.XPD.RSDV.GD.ZS--fra,Francja,FRA,Research and development expenditure (% of GDP),1974-12-31,1974,year,1974-01-01,,% PKB,annual,observed,https://api.worldbank.org/v2/country/POL;WLD;USA;CHN;DEU;IND;KOR;JPN;GBR;FRA;BRA;EST/indicator/GB.XPD.RSDV.GD.ZS?format=json&per_page=1000,2026-09-28T17:23:22.612Z,{}
GB.XPD.RSDV.GD.ZS,GB.XPD.RSDV.GD.ZS--gbr,Wielka Brytania,GBR,Research and development expenditure (% of GDP),1974-12-31,1974,year,1974-01-01,,% PKB,annual,observed,https://api.worldbank.org/v2/country/POL;WLD;USA;CHN;DEU;IND;KOR;JPN;GBR;FRA;BRA;EST/indicator/GB.XPD.RSDV.GD.ZS?format=json&per_page=1000,2026-09-28T17:23:22.612Z,{}
GB.XPD.RSDV.GD.ZS,GB.XPD.RSDV.GD.ZS--ind,Indie,IND,Research and development expenditure (% of GDP),1974-12-31,1974,year,1974-01-01,,% PKB,annual,observed,https://api.worldbank.org/v2/country/POL;WLD;USA;CHN;DEU;IND;KOR;JPN;GBR;FRA;BRA;EST/indicator/GB.XPD.RSDV.GD.ZS?format=json&per_page=1000,2026-09-28T17:23:22.612Z,{}
GB.XPD.RSDV.GD.ZS,GB.XPD.RSDV.GD.ZS--jpn,Japonia,JPN,Research and development expenditure (% of GDP),1974-12-31,1974,year,1974-01-01,,% PKB,annual,observed,https://api.worldbank.org/v2/country/POL;WLD;USA;CHN;DEU;IND;KOR;JPN;GBR;FRA;BRA;EST/indicator/GB.XPD.RSDV.GD.ZS?format=json&per_page=1000,2026-09-28T17:23:22.612Z,{}
GB.XPD.RSDV.GD.ZS,GB.XPD.RSDV.GD.ZS--kor,Korea Płd.,KOR,Research and development expenditure (% of GDP),1974-12-31,1974,year,1974-01-01,,% PKB,annual,observed,https://api.worldbank.org/v2/country/POL;WLD;USA;CHN;DEU;IND;KOR;JPN;GBR;FRA;BRA;EST/indicator/GB.XPD.RSDV.GD.ZS?format=json&per_page=1000,2026-09-28T17:23:22.612Z,{}
GB.XPD.RSDV.GD.ZS,GB.XPD.RSDV.GD.ZS--pol,Polska,POL,Research and development expenditure (% of GDP),1974-12-31,1974,year,1974-01-01,,% PKB,annual,observed,https://api.worldbank.org/v2/country/POL;WLD;USA;CHN;DEU;IND;KOR;JPN;GBR;FRA;BRA;EST/indicator/GB.XPD.RSDV.GD.ZS?format=json&per_page=1000,2026-09-28T17:23:22.612Z,{}
GB.XPD.RSDV.GD.ZS,GB.XPD.RSDV.GD.ZS--usa,USA,USA,Research and development expenditure (% of GDP),1974-12-31,1974,year,1974-01-01,,% PKB,annual,observed,https://api.worldbank.org/v2/country/POL;WLD;USA;CHN;DEU;IND;KOR;JPN;GBR;FRA;BRA;EST/indicator/GB.XPD.RSDV.GD.ZS?format=json&per_page=1000,2026-09-28T17:23:22.612Z,{}
GB.XPD.RSDV.GD.ZS,GB.XPD.RSDV.GD.ZS--wld,Świat,WLD,Research and development expenditure (% of GDP),1974-12-31,1974,year,1974-01-01,,% PKB,annual,observed,https://api.worldbank.org/v2/country/POL;WLD;USA;CHN;DEU;IND;KOR;JPN;GBR;FRA;BRA;EST/indicator/GB.XPD.RSDV.GD.ZS?format=json&per_page=1000,2026-09-28T17:23:22.612Z,{}
GB.XPD.RSDV.GD.ZS,GB.XPD.RSDV.GD.ZS--bra,Brazylia,BRA,Research and development expenditure (% of GDP),1975-12-31,1975,year,1975-01-01,,% PKB,annual,observed,https://api.worldbank.org/v2/country/POL;WLD;USA;CHN;DEU;IND;KOR;JPN;GBR;FRA;BRA;EST/indicator/GB.XPD.RSDV.GD.ZS?format=json&per_page=1000,2026-09-28T17:23:22.612Z,{}
GB.XPD.RSDV.GD.ZS,GB.XPD.RSDV.GD.ZS--chn,Chiny,CHN,Research and development expenditure (% of GDP),1975-12-31,1975,year,1975-01-01,,% PKB,annual,observed,https://api.worldbank.org/v2/country/POL;WLD;USA;CHN;DEU;IND;KOR;JPN;GBR;FRA;BRA;EST/indicator/GB.XPD.RSDV.GD.ZS?format=json&per_page=1000,2026-09-28T17:23:22.612Z,{}
GB.XPD.RSDV.GD.ZS,GB.XPD.RSDV.GD.ZS--deu,Niemcy,DEU,Research and development expenditure (% of GDP),1975-12-31,1975,year,1975-01-01,,% PKB,annual,observed,https://api.worldbank.org/v2/country/POL;WLD;USA;CHN;DEU;IND;KOR;JPN;GBR;FRA;BRA;EST/indicator/GB.XPD.RSDV.GD.ZS?format=json&per_page=1000,2026-09-28T17:23:22.612Z,{}
GB.XPD.RSDV.GD.ZS,GB.XPD.RSDV.GD.ZS--est,Estonia,EST,Research and development expenditure (% of GDP),1975-12-31,1975,year,1975-01-01,,% PKB,annual,observed,https://api.worldbank.org/v2/country/POL;WLD;USA;CHN;DEU;IND;KOR;JPN;GBR;FRA;BRA;EST/indicator/GB.XPD.RSDV.GD.ZS?format=json&per_page=1000,2026-09-28T17:23:22.612Z,{}
GB.XPD.RSDV.GD.ZS,GB.XPD.RSDV.GD.ZS--fra,Francja,FRA,Research and development expenditure (% of GDP),1975-12-31,1975,year,1975-01-01,,% PKB,annual,observed,https://api.worldbank.org/v2/country/POL;WLD;USA;CHN;DEU;IND;KOR;JPN;GBR;FRA;BRA;EST/indicator/GB.XPD.RSDV.GD.ZS?format=json&per_page=1000,2026-09-28T17:23:22.612Z,{}
GB.XPD.RSDV.GD.ZS,GB.XPD.RSDV.GD.ZS--gbr,Wielka Brytania,GBR,Research and development expenditure (% of GDP),1975-12-31,1975,year,1975-01-01,,% PKB,annual,observed,https://api.worldbank.org/v2/country/POL;WLD;USA;CHN;DEU;IND;KOR;JPN;GBR;FRA;BRA;EST/indicator/GB.XPD.RSDV.GD.ZS?format=json&per_page=1000,2026-09-28T17:23:22.612Z,{}
GB.XPD.RSDV.GD.ZS,GB.XPD.RSDV.GD.ZS--ind,Indie,IND,Research and development expenditure (% of GDP),1975-12-31,1975,year,1975-01-01,,% PKB,annual,observed,https://api.worldbank.org/v2/country/POL;WLD;USA;CHN;DEU;IND;KOR;JPN;GBR;FRA;BRA;EST/indicator/GB.XPD.RSDV.GD.ZS?format=json&per_page=1000,2026-09-28T17:23:22.612Z,{}
GB.XPD.RSDV.GD.ZS,GB.XPD.RSDV.GD.ZS--jpn,Japonia,JPN,Research and development expenditure (% of GDP),1975-12-31,1975,year,1975-01-01,,% PKB,annual,observed,https://api.worldbank.org/v2/country/POL;WLD;USA;CHN;DEU;IND;KOR;JPN;GBR;FRA;BRA;EST/indicator/GB.XPD.RSDV.GD.ZS?format=json&per_page=1000,2026-09-28T17:23:22.612Z,{}
GB.XPD.RSDV.GD.ZS,GB.XPD.RSDV.GD.ZS--kor,Korea Płd.,KOR,Research and development expenditure (% of GDP),1975-12-31,1975,year,1975-01-01,,% PKB,annual,observed,https://api.worldbank.org/v2/country/POL;WLD;USA;CHN;DEU;IND;KOR;JPN;GBR;FRA;BRA;EST/indicator/GB.XPD.RSDV.GD.ZS?format=json&per_page=1000,2026-09-28T17:23:22.612Z,{}
GB.XPD.RSDV.GD.ZS,GB.XPD.RSDV.GD.ZS--pol,Polska,POL,Research and development expenditure (% of GDP),1975-12-31,1975,year,1975-01-01,,% PKB,annual,observed,https://api.worldbank.org/v2/country/POL;WLD;USA;CHN;DEU;IND;KOR;JPN;GBR;FRA;BRA;EST/indicator/GB.XPD.RSDV.GD.ZS?format=json&per_page=1000,2026-09-28T17:23:22.612Z,{}
GB.XPD.RSDV.GD.ZS,GB.XPD.RSDV.GD.ZS--usa,USA,USA,Research and development expenditure (% of GDP),1975-12-31,1975,year,1975-01-01,,% PKB,annual,observed,https://api.worldbank.org/v2/country/POL;WLD;USA;CHN;DEU;IND;KOR;JPN;GBR;FRA;BRA;EST/indicator/GB.XPD.RSDV.GD.ZS?format=json&per_page=1000,2026-09-28T17:23:22.612Z,{}
GB.XPD.RSDV.GD.ZS,GB.XPD.RSDV.GD.ZS--wld,Świat,WLD,Research and development expenditure (% of GDP),1975-12-31,1975,year,1975-01-01,,% PKB,annual,observed,https://api.worldbank.org/v2/country/POL;WLD;USA;CHN;DEU;IND;KOR;JPN;GBR;FRA;BRA;EST/indicator/GB.XPD.RSDV.GD.ZS?format=json&per_page=1000,2026-09-28T17:23:22.612Z,{}
GB.XPD.RSDV.GD.ZS,GB.XPD.RSDV.GD.ZS--bra,Brazylia,BRA,Research and development expenditure (% of GDP),1976-12-31,1976,year,1976-01-01,,% PKB,annual,observed,https://api.worldbank.org/v2/country/POL;WLD;USA;CHN;DEU;IND;KOR;JPN;GBR;FRA;BRA;EST/indicator/GB.XPD.RSDV.GD.ZS?format=json&per_page=1000,2026-09-28T17:23:22.612Z,{}
GB.XPD.RSDV.GD.ZS,GB.XPD.RSDV.GD.ZS--chn,Chiny,CHN,Research and development expenditure (% of GDP),1976-12-31,1976,year,1976-01-01,,% PKB,annual,observed,https://api.worldbank.org/v2/country/POL;WLD;USA;CHN;DEU;IND;KOR;JPN;GBR;FRA;BRA;EST/indicator/GB.XPD.RSDV.GD.ZS?format=json&per_page=1000,2026-09-28T17:23:22.612Z,{}
GB.XPD.RSDV.GD.ZS,GB.XPD.RSDV.GD.ZS--deu,Niemcy,DEU,Research and development expenditure (% of GDP),1976-12-31,1976,year,1976-01-01,,% PKB,annual,observed,https://api.worldbank.org/v2/country/POL;WLD;USA;CHN;DEU;IND;KOR;JPN;GBR;FRA;BRA;EST/indicator/GB.XPD.RSDV.GD.ZS?format=json&per_page=1000,2026-09-28T17:23:22.612Z,{}
GB.XPD.RSDV.GD.ZS,GB.XPD.RSDV.GD.ZS--est,Estonia,EST,Research and development expenditure (% of GDP),1976-12-31,1976,year,1976-01-01,,% PKB,annual,observed,https://api.worldbank.org/v2/country/POL;WLD;USA;CHN;DEU;IND;KOR;JPN;GBR;FRA;BRA;EST/indicator/GB.XPD.RSDV.GD.ZS?format=json&per_page=1000,2026-09-28T17:23:22.612Z,{}
GB.XPD.RSDV.GD.ZS,GB.XPD.RSDV.GD.ZS--fra,Francja,FRA,Research and development expenditure (% of GDP),1976-12-31,1976,year,1976-01-01,,% PKB,annual,observed,https://api.worldbank.org/v2/country/POL;WLD;USA;CHN;DEU;IND;KOR;JPN;GBR;FRA;BRA;EST/indicator/GB.XPD.RSDV.GD.ZS?format=json&per_page=1000,2026-09-28T17:23:22.612Z,{}
GB.XPD.RSDV.GD.ZS,GB.XPD.RSDV.GD.ZS--gbr,Wielka Brytania,GBR,Research and development expenditure (% of GDP),1976-12-31,1976,year,1976-01-01,,% PKB,annual,observed,https://api.worldbank.org/v2/country/POL;WLD;USA;CHN;DEU;IND;KOR;JPN;GBR;FRA;BRA;EST/indicator/GB.XPD.RSDV.GD.ZS?format=json&per_page=1000,2026-09-28T17:23:22.612Z,{}
GB.XPD.RSDV.GD.ZS,GB.XPD.RSDV.GD.ZS--ind,Indie,IND,Research and development expenditure (% of GDP),1976-12-31,1976,year,1976-01-01,,% PKB,annual,observed,https://api.worldbank.org/v2/country/POL;WLD;USA;CHN;DEU;IND;KOR;JPN;GBR;FRA;BRA;EST/indicator/GB.XPD.RSDV.GD.ZS?format=json&per_page=1000,2026-09-28T17:23:22.612Z,{}
GB.XPD.RSDV.GD.ZS,GB.XPD.RSDV.GD.ZS--jpn,Japonia,JPN,Research and development expenditure (% of GDP),1976-12-31,1976,year,1976-01-01,,% PKB,annual,observed,https://api.worldbank.org/v2/country/POL;WLD;USA;CHN;DEU;IND;KOR;JPN;GBR;FRA;BRA;EST/indicator/GB.XPD.RSDV.GD.ZS?format=json&per_page=1000,2026-09-28T17:23:22.612Z,{}
GB.XPD.RSDV.GD.ZS,GB.XPD.RSDV.GD.ZS--kor,Korea Płd.,KOR,Research and development expenditure (% of GDP),1976-12-31,1976,year,1976-01-01,,% PKB,annual,observed,https://api.worldbank.org/v2/country/POL;WLD;USA;CHN;DEU;IND;KOR;JPN;GBR;FRA;BRA;EST/indicator/GB.XPD.RSDV.GD.ZS?format=json&per_page=1000,2026-09-28T17:23:22.612Z,{}
GB.XPD.RSDV.GD.ZS,GB.XPD.RSDV.GD.ZS--pol,Polska,POL,Research and development expenditure (% of GDP),1976-12-31,1976,year,1976-01-01,,% PKB,annual,observed,https://api.worldbank.org/v2/country/POL;WLD;USA;CHN;DEU;IND;KOR;JPN;GBR;FRA;BRA;EST/indicator/GB.XPD.RSDV.GD.ZS?format=json&per_page=1000,2026-09-28T17:23:22.612Z,{}
GB.XPD.RSDV.GD.ZS,GB.XPD.RSDV.GD.ZS--usa,USA,USA,Research and development expenditure (% of GDP),1976-12-31,1976,year,1976-01-01,,% PKB,annual,observed,https://api.worldbank.org/v2/country/POL;WLD;USA;CHN;DEU;IND;KOR;JPN;GBR;FRA;BRA;EST/indicator/GB.XPD.RSDV.GD.ZS?format=json&per_page=1000,2026-09-28T17:23:22.612Z,{}
GB.XPD.RSDV.GD.ZS,GB.XPD.RSDV.GD.ZS--wld,Świat,WLD,Research and development expenditure (% of GDP),1976-12-31,1976,year,1976-01-01,,% PKB,annual,observed,https://api.worldbank.org/v2/country/POL;WLD;USA;CHN;DEU;IND;KOR;JPN;GBR;FRA;BRA;EST/indicator/GB.XPD.RSDV.GD.ZS?format=json&per_page=1000,2026-09-28T17:23:22.612Z,{}
GB.XPD.RSDV.GD.ZS,GB.XPD.RSDV.GD.ZS--bra,Brazylia,BRA,Research and development expenditure (% of GDP),1977-12-31,1977,year,1977-01-01,,% PKB,annual,observed,https://api.worldbank.org/v2/country/POL;WLD;USA;CHN;DEU;IND;KOR;JPN;GBR;FRA;BRA;EST/indicator/GB.XPD.RSDV.GD.ZS?format=json&per_page=1000,2026-09-28T17:23:22.612Z,{}
GB.XPD.RSDV.GD.ZS,GB.XPD.RSDV.GD.ZS--chn,Chiny,CHN,Research and development expenditure (% of GDP),1977-12-31,1977,year,1977-01-01,,% PKB,annual,observed,https://api.worldbank.org/v2/country/POL;WLD;USA;CHN;DEU;IND;KOR;JPN;GBR;FRA;BRA;EST/indicator/GB.XPD.RSDV.GD.ZS?format=json&per_page=1000,2026-09-28T17:23:22.612Z,{}
GB.XPD.RSDV.GD.ZS,GB.XPD.RSDV.GD.ZS--deu,Niemcy,DEU,Research and development expenditure (% of GDP),1977-12-31,1977,year,1977-01-01,,% PKB,annual,observed,https://api.worldbank.org/v2/country/POL;WLD;USA;CHN;DEU;IND;KOR;JPN;GBR;FRA;BRA;EST/indicator/GB.XPD.RSDV.GD.ZS?format=json&per_page=1000,2026-09-28T17:23:22.612Z,{}
GB.XPD.RSDV.GD.ZS,GB.XPD.RSDV.GD.ZS--est,Estonia,EST,Research and development expenditure (% of GDP),1977-12-31,1977,year,1977-01-01,,% PKB,annual,observed,https://api.worldbank.org/v2/country/POL;WLD;USA;CHN;DEU;IND;KOR;JPN;GBR;FRA;BRA;EST/indicator/GB.XPD.RSDV.GD.ZS?format=json&per_page=1000,2026-09-28T17:23:22.612Z,{}
GB.XPD.RSDV.GD.ZS,GB.XPD.RSDV.GD.ZS--fra,Francja,FRA,Research and development expenditure (% of GDP),1977-12-31,1977,year,1977-01-01,,% PKB,annual,observed,https://api.worldbank.org/v2/country/POL;WLD;USA;CHN;DEU;IND;KOR;JPN;GBR;FRA;BRA;EST/indicator/GB.XPD.RSDV.GD.ZS?format=json&per_page=1000,2026-09-28T17:23:22.612Z,{}
GB.XPD.RSDV.GD.ZS,GB.XPD.RSDV.GD.ZS--gbr,Wielka Brytania,GBR,Research and development expenditure (% of GDP),1977-12-31,1977,year,1977-01-01,,% PKB,annual,observed,https://api.worldbank.org/v2/country/POL;WLD;USA;CHN;DEU;IND;KOR;JPN;GBR;FRA;BRA;EST/indicator/GB.XPD.RSDV.GD.ZS?format=json&per_page=1000,2026-09-28T17:23:22.612Z,{}
GB.XPD.RSDV.GD.ZS,GB.XPD.RSDV.GD.ZS--ind,Indie,IND,Research and development expenditure (% of GDP),1977-12-31,1977,year,1977-01-01,,% PKB,annual,observed,https://api.worldbank.org/v2/country/POL;WLD;USA;CHN;DEU;IND;KOR;JPN;GBR;FRA;BRA;EST/indicator/GB.XPD.RSDV.GD.ZS?format=json&per_page=1000,2026-09-28T17:23:22.612Z,{}
GB.XPD.RSDV.GD.ZS,GB.XPD.RSDV.GD.ZS--jpn,Japonia,JPN,Research and development expenditure (% of GDP),1977-12-31,1977,year,1977-01-01,,% PKB,annual,observed,https://api.worldbank.org/v2/country/POL;WLD;USA;CHN;DEU;IND;KOR;JPN;GBR;FRA;BRA;EST/indicator/GB.XPD.RSDV.GD.ZS?format=json&per_page=1000,2026-09-28T17:23:22.612Z,{}
GB.XPD.RSDV.GD.ZS,GB.XPD.RSDV.GD.ZS--kor,Korea Płd.,KOR,Research and development expenditure (% of GDP),1977-12-31,1977,year,1977-01-01,,% PKB,annual,observed,https://api.worldbank.org/v2/country/POL;WLD;USA;CHN;DEU;IND;KOR;JPN;GBR;FRA;BRA;EST/indicator/GB.XPD.RSDV.GD.ZS?format=json&per_page=1000,2026-09-28T17:23:22.612Z,{}
GB.XPD.RSDV.GD.ZS,GB.XPD.RSDV.GD.ZS--pol,Polska,POL,Research and development expenditure (% of GDP),1977-12-31,1977,year,1977-01-01,,% PKB,annual,observed,https://api.worldbank.org/v2/country/POL;WLD;USA;CHN;DEU;IND;KOR;JPN;GBR;FRA;BRA;EST/indicator/GB.XPD.RSDV.GD.ZS?format=json&per_page=1000,2026-09-28T17:23:22.612Z,{}
GB.XPD.RSDV.GD.ZS,GB.XPD.RSDV.GD.ZS--usa,USA,USA,Research and development expenditure (% of GDP),1977-12-31,1977,year,1977-01-01,,% PKB,annual,observed,https://api.worldbank.org/v2/country/POL;WLD;USA;CHN;DEU;IND;KOR;JPN;GBR;FRA;BRA;EST/indicator/GB.XPD.RSDV.GD.ZS?format=json&per_page=1000,2026-09-28T17:23:22.612Z,{}
GB.XPD.RSDV.GD.ZS,GB.XPD.RSDV.GD.ZS--wld,Świat,WLD,Research and development expenditure (% of GDP),1977-12-31,1977,year,1977-01-01,,% PKB,annual,observed,https://api.worldbank.org/v2/country/POL;WLD;USA;CHN;DEU;IND;KOR;JPN;GBR;FRA;BRA;EST/indicator/GB.XPD.RSDV.GD.ZS?format=json&per_page=1000,2026-09-28T17:23:22.612Z,{}
GB.XPD.RSDV.GD.ZS,GB.XPD.RSDV.GD.ZS--bra,Brazylia,BRA,Research and development expenditure (% of GDP),1978-12-31,1978,year,1978-01-01,,% PKB,annual,observed,https://api.worldbank.org/v2/country/POL;WLD;USA;CHN;DEU;IND;KOR;JPN;GBR;FRA;BRA;EST/indicator/GB.XPD.RSDV.GD.ZS?format=json&per_page=1000,2026-09-28T17:23:22.612Z,{}
GB.XPD.RSDV.GD.ZS,GB.XPD.RSDV.GD.ZS--chn,Chiny,CHN,Research and development expenditure (% of GDP),1978-12-31,1978,year,1978-01-01,,% PKB,annual,observed,https://api.worldbank.org/v2/country/POL;WLD;USA;CHN;DEU;IND;KOR;JPN;GBR;FRA;BRA;EST/indicator/GB.XPD.RSDV.GD.ZS?format=json&per_page=1000,2026-09-28T17:23:22.612Z,{}
GB.XPD.RSDV.GD.ZS,GB.XPD.RSDV.GD.ZS--deu,Niemcy,DEU,Research and development expenditure (% of GDP),1978-12-31,1978,year,1978-01-01,,% PKB,annual,observed,https://api.worldbank.org/v2/country/POL;WLD;USA;CHN;DEU;IND;KOR;JPN;GBR;FRA;BRA;EST/indicator/GB.XPD.RSDV.GD.ZS?format=json&per_page=1000,2026-09-28T17:23:22.612Z,{}
GB.XPD.RSDV.GD.ZS,GB.XPD.RSDV.GD.ZS--est,Estonia,EST,Research and development expenditure (% of GDP),1978-12-31,1978,year,1978-01-01,,% PKB,annual,observed,https://api.worldbank.org/v2/country/POL;WLD;USA;CHN;DEU;IND;KOR;JPN;GBR;FRA;BRA;EST/indicator/GB.XPD.RSDV.GD.ZS?format=json&per_page=1000,2026-09-28T17:23:22.612Z,{}
GB.XPD.RSDV.GD.ZS,GB.XPD.RSDV.GD.ZS--fra,Francja,FRA,Research and development expenditure (% of GDP),1978-12-31,1978,year,1978-01-01,,% PKB,annual,observed,https://api.worldbank.org/v2/country/POL;WLD;USA;CHN;DEU;IND;KOR;JPN;GBR;FRA;BRA;EST/indicator/GB.XPD.RSDV.GD.ZS?format=json&per_page=1000,2026-09-28T17:23:22.612Z,{}
GB.XPD.RSDV.GD.ZS,GB.XPD.RSDV.GD.ZS--gbr,Wielka Brytania,GBR,Research and development expenditure (% of GDP),1978-12-31,1978,year,1978-01-01,,% PKB,annual,observed,https://api.worldbank.org/v2/country/POL;WLD;USA;CHN;DEU;IND;KOR;JPN;GBR;FRA;BRA;EST/indicator/GB.XPD.RSDV.GD.ZS?format=json&per_page=1000,2026-09-28T17:23:22.612Z,{}
GB.XPD.RSDV.GD.ZS,GB.XPD.RSDV.GD.ZS--ind,Indie,IND,Research and development expenditure (% of GDP),1978-12-31,1978,year,1978-01-01,,% PKB,annual,observed,https://api.worldbank.org/v2/country/POL;WLD;USA;CHN;DEU;IND;KOR;JPN;GBR;FRA;BRA;EST/indicator/GB.XPD.RSDV.GD.ZS?format=json&per_page=1000,2026-09-28T17:23:22.612Z,{}
GB.XPD.RSDV.GD.ZS,GB.XPD.RSDV.GD.ZS--jpn,Japonia,JPN,Research and development expenditure (% of GDP),1978-12-31,1978,year,1978-01-01,,% PKB,annual,observed,https://api.worldbank.org/v2/country/POL;WLD;USA;CHN;DEU;IND;KOR;JPN;GBR;FRA;BRA;EST/indicator/GB.XPD.RSDV.GD.ZS?format=json&per_page=1000,2026-09-28T17:23:22.612Z,{}
GB.XPD.RSDV.GD.ZS,GB.XPD.RSDV.GD.ZS--kor,Korea Płd.,KOR,Research and development expenditure (% of GDP),1978-12-31,1978,year,1978-01-01,,% PKB,annual,observed,https://api.worldbank.org/v2/country/POL;WLD;USA;CHN;DEU;IND;KOR;JPN;GBR;FRA;BRA;EST/indicator/GB.XPD.RSDV.GD.ZS?format=json&per_page=1000,2026-09-28T17:23:22.612Z,{}
GB.XPD.RSDV.GD.ZS,GB.XPD.RSDV.GD.ZS--pol,Polska,POL,Research and development expenditure (% of GDP),1978-12-31,1978,year,1978-01-01,,% PKB,annual,observed,https://api.worldbank.org/v2/country/POL;WLD;USA;CHN;DEU;IND;KOR;JPN;GBR;FRA;BRA;EST/indicator/GB.XPD.RSDV.GD.ZS?format=json&per_page=1000,2026-09-28T17:23:22.612Z,{}
GB.XPD.RSDV.GD.ZS,GB.XPD.RSDV.GD.ZS--usa,USA,USA,Research and development expenditure (% of GDP),1978-12-31,1978,year,1978-01-01,,% PKB,annual,observed,https://api.worldbank.org/v2/country/POL;WLD;USA;CHN;DEU;IND;KOR;JPN;GBR;FRA;BRA;EST/indicator/GB.XPD.RSDV.GD.ZS?format=json&per_page=1000,2026-09-28T17:23:22.612Z,{}
GB.XPD.RSDV.GD.ZS,GB.XPD.RSDV.GD.ZS--wld,Świat,WLD,Research and development expenditure (% of GDP),1978-12-31,1978,year,1978-01-01,,% PKB,annual,observed,https://api.worldbank.org/v2/country/POL;WLD;USA;CHN;DEU;IND;KOR;JPN;GBR;FRA;BRA;EST/indicator/GB.XPD.RSDV.GD.ZS?format=json&per_page=1000,2026-09-28T17:23:22.612Z,{}
GB.XPD.RSDV.GD.ZS,GB.XPD.RSDV.GD.ZS--bra,Brazylia,BRA,Research and development expenditure (% of GDP),1979-12-31,1979,year,1979-01-01,,% PKB,annual,observed,https://api.worldbank.org/v2/country/POL;WLD;USA;CHN;DEU;IND;KOR;JPN;GBR;FRA;BRA;EST/indicator/GB.XPD.RSDV.GD.ZS?format=json&per_page=1000,2026-09-28T17:23:22.612Z,{}
GB.XPD.RSDV.GD.ZS,GB.XPD.RSDV.GD.ZS--chn,Chiny,CHN,Research and development expenditure (% of GDP),1979-12-31,1979,year,1979-01-01,,% PKB,annual,observed,https://api.worldbank.org/v2/country/POL;WLD;USA;CHN;DEU;IND;KOR;JPN;GBR;FRA;BRA;EST/indicator/GB.XPD.RSDV.GD.ZS?format=json&per_page=1000,2026-09-28T17:23:22.612Z,{}
GB.XPD.RSDV.GD.ZS,GB.XPD.RSDV.GD.ZS--deu,Niemcy,DEU,Research and development expenditure (% of GDP),1979-12-31,1979,year,1979-01-01,,% PKB,annual,observed,https://api.worldbank.org/v2/country/POL;WLD;USA;CHN;DEU;IND;KOR;JPN;GBR;FRA;BRA;EST/indicator/GB.XPD.RSDV.GD.ZS?format=json&per_page=1000,2026-09-28T17:23:22.612Z,{}
GB.XPD.RSDV.GD.ZS,GB.XPD.RSDV.GD.ZS--est,Estonia,EST,Research and development expenditure (% of GDP),1979-12-31,1979,year,1979-01-01,,% PKB,annual,observed,https://api.worldbank.org/v2/country/POL;WLD;USA;CHN;DEU;IND;KOR;JPN;GBR;FRA;BRA;EST/indicator/GB.XPD.RSDV.GD.ZS?format=json&per_page=1000,2026-09-28T17:23:22.612Z,{}
GB.XPD.RSDV.GD.ZS,GB.XPD.RSDV.GD.ZS--fra,Francja,FRA,Research and development expenditure (% of GDP),1979-12-31,1979,year,1979-01-01,,% PKB,annual,observed,https://api.worldbank.org/v2/country/POL;WLD;USA;CHN;DEU;IND;KOR;JPN;GBR;FRA;BRA;EST/indicator/GB.XPD.RSDV.GD.ZS?format=json&per_page=1000,2026-09-28T17:23:22.612Z,{}
GB.XPD.RSDV.GD.ZS,GB.XPD.RSDV.GD.ZS--gbr,Wielka Brytania,GBR,Research and development expenditure (% of GDP),1979-12-31,1979,year,1979-01-01,,% PKB,annual,observed,https://api.worldbank.org/v2/country/POL;WLD;USA;CHN;DEU;IND;KOR;JPN;GBR;FRA;BRA;EST/indicator/GB.XPD.RSDV.GD.ZS?format=json&per_page=1000,2026-09-28T17:23:22.612Z,{}
GB.XPD.RSDV.GD.ZS,GB.XPD.RSDV.GD.ZS--ind,Indie,IND,Research and development expenditure (% of GDP),1979-12-31,1979,year,1979-01-01,,% PKB,annual,observed,https://api.worldbank.org/v2/country/POL;WLD;USA;CHN;DEU;IND;KOR;JPN;GBR;FRA;BRA;EST/indicator/GB.XPD.RSDV.GD.ZS?format=json&per_page=1000,2026-09-28T17:23:22.612Z,{}
GB.XPD.RSDV.GD.ZS,GB.XPD.RSDV.GD.ZS--jpn,Japonia,JPN,Research and development expenditure (% of GDP),1979-12-31,1979,year,1979-01-01,,% PKB,annual,observed,https://api.worldbank.org/v2/country/POL;WLD;USA;CHN;DEU;IND;KOR;JPN;GBR;FRA;BRA;EST/indicator/GB.XPD.RSDV.GD.ZS?format=json&per_page=1000,2026-09-28T17:23:22.612Z,{}
GB.XPD.RSDV.GD.ZS,GB.XPD.RSDV.GD.ZS--kor,Korea Płd.,KOR,Research and development expenditure (% of GDP),1979-12-31,1979,year,1979-01-01,,% PKB,annual,observed,https://api.worldbank.org/v2/country/POL;WLD;USA;CHN;DEU;IND;KOR;JPN;GBR;FRA;BRA;EST/indicator/GB.XPD.RSDV.GD.ZS?format=json&per_page=1000,2026-09-28T17:23:22.612Z,{}
GB.XPD.RSDV.GD.ZS,GB.XPD.RSDV.GD.ZS--pol,Polska,POL,Research and development expenditure (% of GDP),1979-12-31,1979,year,1979-01-01,,% PKB,annual,observed,https://api.worldbank.org/v2/country/POL;WLD;USA;CHN;DEU;IND;KOR;JPN;GBR;FRA;BRA;EST/indicator/GB.XPD.RSDV.GD.ZS?format=json&per_page=1000,2026-09-28T17:23:22.612Z,{}
GB.XPD.RSDV.GD.ZS,GB.XPD.RSDV.GD.ZS--usa,USA,USA,Research and development expenditure (% of GDP),1979-12-31,1979,year,1979-01-01,,% PKB,annual,observed,https://api.worldbank.org/v2/country/POL;WLD;USA;CHN;DEU;IND;KOR;JPN;GBR;FRA;BRA;EST/indicator/GB.XPD.RSDV.GD.ZS?format=json&per_page=1000,2026-09-28T17:23:22.612Z,{}
GB.XPD.RSDV.GD.ZS,GB.XPD.RSDV.GD.ZS--wld,Świat,WLD,Research and development expenditure (% of GDP),1979-12-31,1979,year,1979-01-01,,% PKB,annual,observed,https://api.worldbank.org/v2/country/POL;WLD;USA;CHN;DEU;IND;KOR;JPN;GBR;FRA;BRA;EST/indicator/GB.XPD.RSDV.GD.ZS?format=json&per_page=1000,2026-09-28T17:23:22.612Z,{}
GB.XPD.RSDV.GD.ZS,GB.XPD.RSDV.GD.ZS--bra,Brazylia,BRA,Research and development expenditure (% of GDP),1980-12-31,1980,year,1980-01-01,,% PKB,annual,observed,https://api.worldbank.org/v2/country/POL;WLD;USA;CHN;DEU;IND;KOR;JPN;GBR;FRA;BRA;EST/indicator/GB.XPD.RSDV.GD.ZS?format=json&per_page=1000,2026-09-28T17:23:22.612Z,{}
GB.XPD.RSDV.GD.ZS,GB.XPD.RSDV.GD.ZS--chn,Chiny,CHN,Research and development expenditure (% of GDP),1980-12-31,1980,year,1980-01-01,,% PKB,annual,observed,https://api.worldbank.org/v2/country/POL;WLD;USA;CHN;DEU;IND;KOR;JPN;GBR;FRA;BRA;EST/indicator/GB.XPD.RSDV.GD.ZS?format=json&per_page=1000,2026-09-28T17:23:22.612Z,{}
GB.XPD.RSDV.GD.ZS,GB.XPD.RSDV.GD.ZS--deu,Niemcy,DEU,Research and development expenditure (% of GDP),1980-12-31,1980,year,1980-01-01,,% PKB,annual,observed,https://api.worldbank.org/v2/country/POL;WLD;USA;CHN;DEU;IND;KOR;JPN;GBR;FRA;BRA;EST/indicator/GB.XPD.RSDV.GD.ZS?format=json&per_page=1000,2026-09-28T17:23:22.612Z,{}
GB.XPD.RSDV.GD.ZS,GB.XPD.RSDV.GD.ZS--est,Estonia,EST,Research and development expenditure (% of GDP),1980-12-31,1980,year,1980-01-01,,% PKB,annual,observed,https://api.worldbank.org/v2/country/POL;WLD;USA;CHN;DEU;IND;KOR;JPN;GBR;FRA;BRA;EST/indicator/GB.XPD.RSDV.GD.ZS?format=json&per_page=1000,2026-09-28T17:23:22.612Z,{}
GB.XPD.RSDV.GD.ZS,GB.XPD.RSDV.GD.ZS--fra,Francja,FRA,Research and development expenditure (% of GDP),1980-12-31,1980,year,1980-01-01,,% PKB,annual,observed,https://api.worldbank.org/v2/country/POL;WLD;USA;CHN;DEU;IND;KOR;JPN;GBR;FRA;BRA;EST/indicator/GB.XPD.RSDV.GD.ZS?format=json&per_page=1000,2026-09-28T17:23:22.612Z,{}
GB.XPD.RSDV.GD.ZS,GB.XPD.RSDV.GD.ZS--gbr,Wielka Brytania,GBR,Research and development expenditure (% of GDP),1980-12-31,1980,year,1980-01-01,,% PKB,annual,observed,https://api.worldbank.org/v2/country/POL;WLD;USA;CHN;DEU;IND;KOR;JPN;GBR;FRA;BRA;EST/indicator/GB.XPD.RSDV.GD.ZS?format=json&per_page=1000,2026-09-28T17:23:22.612Z,{}
GB.XPD.RSDV.GD.ZS,GB.XPD.RSDV.GD.ZS--ind,Indie,IND,Research and development expenditure (% of GDP),1980-12-31,1980,year,1980-01-01,,% PKB,annual,observed,https://api.worldbank.org/v2/country/POL;WLD;USA;CHN;DEU;IND;KOR;JPN;GBR;FRA;BRA;EST/indicator/GB.XPD.RSDV.GD.ZS?format=json&per_page=1000,2026-09-28T17:23:22.612Z,{}
GB.XPD.RSDV.GD.ZS,GB.XPD.RSDV.GD.ZS--jpn,Japonia,JPN,Research and development expenditure (% of GDP),1980-12-31,1980,year,1980-01-01,,% PKB,annual,observed,https://api.worldbank.org/v2/country/POL;WLD;USA;CHN;DEU;IND;KOR;JPN;GBR;FRA;BRA;EST/indicator/GB.XPD.RSDV.GD.ZS?format=json&per_page=1000,2026-09-28T17:23:22.612Z,{}
GB.XPD.RSDV.GD.ZS,GB.XPD.RSDV.GD.ZS--kor,Korea Płd.,KOR,Research and development expenditure (% of GDP),1980-12-31,1980,year,1980-01-01,,% PKB,annual,observed,https://api.worldbank.org/v2/country/POL;WLD;USA;CHN;DEU;IND;KOR;JPN;GBR;FRA;BRA;EST/indicator/GB.XPD.RSDV.GD.ZS?format=json&per_page=1000,2026-09-28T17:23:22.612Z,{}
GB.XPD.RSDV.GD.ZS,GB.XPD.RSDV.GD.ZS--pol,Polska,POL,Research and development expenditure (% of GDP),1980-12-31,1980,year,1980-01-01,,% PKB,annual,observed,https://api.worldbank.org/v2/country/POL;WLD;USA;CHN;DEU;IND;KOR;JPN;GBR;FRA;BRA;EST/indicator/GB.XPD.RSDV.GD.ZS?format=json&per_page=1000,2026-09-28T17:23:22.612Z,{}
GB.XPD.RSDV.GD.ZS,GB.XPD.RSDV.GD.ZS--usa,USA,USA,Research and development expenditure (% of GDP),1980-12-31,1980,year,1980-01-01,,% PKB,annual,observed,https://api.worldbank.org/v2/country/POL;WLD;USA;CHN;DEU;IND;KOR;JPN;GBR;FRA;BRA;EST/indicator/GB.XPD.RSDV.GD.ZS?format=json&per_page=1000,2026-09-28T17:23:22.612Z,{}
GB.XPD.RSDV.GD.ZS,GB.XPD.RSDV.GD.ZS--wld,Świat,WLD,Research and development expenditure (% of GDP),1980-12-31,1980,year,1980-01-01,,% PKB,annual,observed,https://api.worldbank.org/v2/country/POL;WLD;USA;CHN;DEU;IND;KOR;JPN;GBR;FRA;BRA;EST/indicator/GB.XPD.RSDV.GD.ZS?format=json&per_page=1000,2026-09-28T17:23:22.612Z,{}
GB.XPD.RSDV.GD.ZS,GB.XPD.RSDV.GD.ZS--bra,Brazylia,BRA,Research and development expenditure (% of GDP),1981-12-31,1981,year,1981-01-01,,% PKB,annual,observed,https://api.worldbank.org/v2/country/POL;WLD;USA;CHN;DEU;IND;KOR;JPN;GBR;FRA;BRA;EST/indicator/GB.XPD.RSDV.GD.ZS?format=json&per_page=1000,2026-09-28T17:23:22.612Z,{}
GB.XPD.RSDV.GD.ZS,GB.XPD.RSDV.GD.ZS--chn,Chiny,CHN,Research and development expenditure (% of GDP),1981-12-31,1981,year,1981-01-01,,% PKB,annual,observed,https://api.worldbank.org/v2/country/POL;WLD;USA;CHN;DEU;IND;KOR;JPN;GBR;FRA;BRA;EST/indicator/GB.XPD.RSDV.GD.ZS?format=json&per_page=1000,2026-09-28T17:23:22.612Z,{}
GB.XPD.RSDV.GD.ZS,GB.XPD.RSDV.GD.ZS--deu,Niemcy,DEU,Research and development expenditure (% of GDP),1981-12-31,1981,year,1981-01-01,,% PKB,annual,observed,https://api.worldbank.org/v2/country/POL;WLD;USA;CHN;DEU;IND;KOR;JPN;GBR;FRA;BRA;EST/indicator/GB.XPD.RSDV.GD.ZS?format=json&per_page=1000,2026-09-28T17:23:22.612Z,{}
GB.XPD.RSDV.GD.ZS,GB.XPD.RSDV.GD.ZS--est,Estonia,EST,Research and development expenditure (% of GDP),1981-12-31,1981,year,1981-01-01,,% PKB,annual,observed,https://api.worldbank.org/v2/country/POL;WLD;USA;CHN;DEU;IND;KOR;JPN;GBR;FRA;BRA;EST/indicator/GB.XPD.RSDV.GD.ZS?format=json&per_page=1000,2026-09-28T17:23:22.612Z,{}
GB.XPD.RSDV.GD.ZS,GB.XPD.RSDV.GD.ZS--fra,Francja,FRA,Research and development expenditure (% of GDP),1981-12-31,1981,year,1981-01-01,,% PKB,annual,observed,https://api.worldbank.org/v2/country/POL;WLD;USA;CHN;DEU;IND;KOR;JPN;GBR;FRA;BRA;EST/indicator/GB.XPD.RSDV.GD.ZS?format=json&per_page=1000,2026-09-28T17:23:22.612Z,{}
GB.XPD.RSDV.GD.ZS,GB.XPD.RSDV.GD.ZS--gbr,Wielka Brytania,GBR,Research and development expenditure (% of GDP),1981-12-31,1981,year,1981-01-01,,% PKB,annual,observed,https://api.worldbank.org/v2/country/POL;WLD;USA;CHN;DEU;IND;KOR;JPN;GBR;FRA;BRA;EST/indicator/GB.XPD.RSDV.GD.ZS?format=json&per_page=1000,2026-09-28T17:23:22.612Z,{}
GB.XPD.RSDV.GD.ZS,GB.XPD.RSDV.GD.ZS--ind,Indie,IND,Research and development expenditure (% of GDP),1981-12-31,1981,year,1981-01-01,,% PKB,annual,observed,https://api.worldbank.org/v2/country/POL;WLD;USA;CHN;DEU;IND;KOR;JPN;GBR;FRA;BRA;EST/indicator/GB.XPD.RSDV.GD.ZS?format=json&per_page=1000,2026-09-28T17:23:22.612Z,{}
GB.XPD.RSDV.GD.ZS,GB.XPD.RSDV.GD.ZS--jpn,Japonia,JPN,Research and development expenditure (% of GDP),1981-12-31,1981,year,1981-01-01,,% PKB,annual,observed,https://api.worldbank.org/v2/country/POL;WLD;USA;CHN;DEU;IND;KOR;JPN;GBR;FRA;BRA;EST/indicator/GB.XPD.RSDV.GD.ZS?format=json&per_page=1000,2026-09-28T17:23:22.612Z,{}
GB.XPD.RSDV.GD.ZS,GB.XPD.RSDV.GD.ZS--kor,Korea Płd.,KOR,Research and development expenditure (% of GDP),1981-12-31,1981,year,1981-01-01,,% PKB,annual,observed,https://api.worldbank.org/v2/country/POL;WLD;USA;CHN;DEU;IND;KOR;JPN;GBR;FRA;BRA;EST/indicator/GB.XPD.RSDV.GD.ZS?format=json&per_page=1000,2026-09-28T17:23:22.612Z,{}
GB.XPD.RSDV.GD.ZS,GB.XPD.RSDV.GD.ZS--pol,Polska,POL,Research and development expenditure (% of GDP),1981-12-31,1981,year,1981-01-01,,% PKB,annual,observed,https://api.worldbank.org/v2/country/POL;WLD;USA;CHN;DEU;IND;KOR;JPN;GBR;FRA;BRA;EST/indicator/GB.XPD.RSDV.GD.ZS?format=json&per_page=1000,2026-09-28T17:23:22.612Z,{}
GB.XPD.RSDV.GD.ZS,GB.XPD.RSDV.GD.ZS--usa,USA,USA,Research and development expenditure (% of GDP),1981-12-31,1981,year,1981-01-01,,% PKB,annual,observed,https://api.worldbank.org/v2/country/POL;WLD;USA;CHN;DEU;IND;KOR;JPN;GBR;FRA;BRA;EST/indicator/GB.XPD.RSDV.GD.ZS?format=json&per_page=1000,2026-09-28T17:23:22.612Z,{}
GB.XPD.RSDV.GD.ZS,GB.XPD.RSDV.GD.ZS--wld,Świat,WLD,Research and development expenditure (% of GDP),1981-12-31,1981,year,1981-01-01,,% PKB,annual,observed,https://api.worldbank.org/v2/country/POL;WLD;USA;CHN;DEU;IND;KOR;JPN;GBR;FRA;BRA;EST/indicator/GB.XPD.RSDV.GD.ZS?format=json&per_page=1000,2026-09-28T17:23:22.612Z,{}
GB.XPD.RSDV.GD.ZS,GB.XPD.RSDV.GD.ZS--bra,Brazylia,BRA,Research and development expenditure (% of GDP),1982-12-31,1982,year,1982-01-01,,% PKB,annual,observed,https://api.worldbank.org/v2/country/POL;WLD;USA;CHN;DEU;IND;KOR;JPN;GBR;FRA;BRA;EST/indicator/GB.XPD.RSDV.GD.ZS?format=json&per_page=1000,2026-09-28T17:23:22.612Z,{}
GB.XPD.RSDV.GD.ZS,GB.XPD.RSDV.GD.ZS--chn,Chiny,CHN,Research and development expenditure (% of GDP),1982-12-31,1982,year,1982-01-01,,% PKB,annual,observed,https://api.worldbank.org/v2/country/POL;WLD;USA;CHN;DEU;IND;KOR;JPN;GBR;FRA;BRA;EST/indicator/GB.XPD.RSDV.GD.ZS?format=json&per_page=1000,2026-09-28T17:23:22.612Z,{}
GB.XPD.RSDV.GD.ZS,GB.XPD.RSDV.GD.ZS--deu,Niemcy,DEU,Research and development expenditure (% of GDP),1982-12-31,1982,year,1982-01-01,,% PKB,annual,observed,https://api.worldbank.org/v2/country/POL;WLD;USA;CHN;DEU;IND;KOR;JPN;GBR;FRA;BRA;EST/indicator/GB.XPD.RSDV.GD.ZS?format=json&per_page=1000,2026-09-28T17:23:22.612Z,{}
GB.XPD.RSDV.GD.ZS,GB.XPD.RSDV.GD.ZS--est,Estonia,EST,Research and development expenditure (% of GDP),1982-12-31,1982,year,1982-01-01,,% PKB,annual,observed,https://api.worldbank.org/v2/country/POL;WLD;USA;CHN;DEU;IND;KOR;JPN;GBR;FRA;BRA;EST/indicator/GB.XPD.RSDV.GD.ZS?format=json&per_page=1000,2026-09-28T17:23:22.612Z,{}
GB.XPD.RSDV.GD.ZS,GB.XPD.RSDV.GD.ZS--fra,Francja,FRA,Research and development expenditure (% of GDP),1982-12-31,1982,year,1982-01-01,,% PKB,annual,observed,https://api.worldbank.org/v2/country/POL;WLD;USA;CHN;DEU;IND;KOR;JPN;GBR;FRA;BRA;EST/indicator/GB.XPD.RSDV.GD.ZS?format=json&per_page=1000,2026-09-28T17:23:22.612Z,{}
GB.XPD.RSDV.GD.ZS,GB.XPD.RSDV.GD.ZS--gbr,Wielka Brytania,GBR,Research and development expenditure (% of GDP),1982-12-31,1982,year,1982-01-01,,% PKB,annual,observed,https://api.worldbank.org/v2/country/POL;WLD;USA;CHN;DEU;IND;KOR;JPN;GBR;FRA;BRA;EST/indicator/GB.XPD.RSDV.GD.ZS?format=json&per_page=1000,2026-09-28T17:23:22.612Z,{}
GB.XPD.RSDV.GD.ZS,GB.XPD.RSDV.GD.ZS--ind,Indie,IND,Research and development expenditure (% of GDP),1982-12-31,1982,year,1982-01-01,,% PKB,annual,observed,https://api.worldbank.org/v2/country/POL;WLD;USA;CHN;DEU;IND;KOR;JPN;GBR;FRA;BRA;EST/indicator/GB.XPD.RSDV.GD.ZS?format=json&per_page=1000,2026-09-28T17:23:22.612Z,{}
GB.XPD.RSDV.GD.ZS,GB.XPD.RSDV.GD.ZS--jpn,Japonia,JPN,Research and development expenditure (% of GDP),1982-12-31,1982,year,1982-01-01,,% PKB,annual,observed,https://api.worldbank.org/v2/country/POL;WLD;USA;CHN;DEU;IND;KOR;JPN;GBR;FRA;BRA;EST/indicator/GB.XPD.RSDV.GD.ZS?format=json&per_page=1000,2026-09-28T17:23:22.612Z,{}
GB.XPD.RSDV.GD.ZS,GB.XPD.RSDV.GD.ZS--kor,Korea Płd.,KOR,Research and development expenditure (% of GDP),1982-12-31,1982,year,1982-01-01,,% PKB,annual,observed,https://api.worldbank.org/v2/country/POL;WLD;USA;CHN;DEU;IND;KOR;JPN;GBR;FRA;BRA;EST/indicator/GB.XPD.RSDV.GD.ZS?format=json&per_page=1000,2026-09-28T17:23:22.612Z,{}
GB.XPD.RSDV.GD.ZS,GB.XPD.RSDV.GD.ZS--pol,Polska,POL,Research and development expenditure (% of GDP),1982-12-31,1982,year,1982-01-01,,% PKB,annual,observed,https://api.worldbank.org/v2/country/POL;WLD;USA;CHN;DEU;IND;KOR;JPN;GBR;FRA;BRA;EST/indicator/GB.XPD.RSDV.GD.ZS?format=json&per_page=1000,2026-09-28T17:23:22.612Z,{}
GB.XPD.RSDV.GD.ZS,GB.XPD.RSDV.GD.ZS--usa,USA,USA,Research and development expenditure (% of GDP),1982-12-31,1982,year,1982-01-01,,% PKB,annual,observed,https://api.worldbank.org/v2/country/POL;WLD;USA;CHN;DEU;IND;KOR;JPN;GBR;FRA;BRA;EST/indicator/GB.XPD.RSDV.GD.ZS?format=json&per_page=1000,2026-09-28T17:23:22.612Z,{}
GB.XPD.RSDV.GD.ZS,GB.XPD.RSDV.GD.ZS--wld,Świat,WLD,Research and development expenditure (% of GDP),1982-12-31,1982,year,1982-01-01,,% PKB,annual,observed,https://api.worldbank.org/v2/country/POL;WLD;USA;CHN;DEU;IND;KOR;JPN;GBR;FRA;BRA;EST/indicator/GB.XPD.RSDV.GD.ZS?format=json&per_page=1000,2026-09-28T17:23:22.612Z,{}
GB.XPD.RSDV.GD.ZS,GB.XPD.RSDV.GD.ZS--bra,Brazylia,BRA,Research and development expenditure (% of GDP),1983-12-31,1983,year,1983-01-01,,% PKB,annual,observed,https://api.worldbank.org/v2/country/POL;WLD;USA;CHN;DEU;IND;KOR;JPN;GBR;FRA;BRA;EST/indicator/GB.XPD.RSDV.GD.ZS?format=json&per_page=1000,2026-09-28T17:23:22.612Z,{}
GB.XPD.RSDV.GD.ZS,GB.XPD.RSDV.GD.ZS--chn,Chiny,CHN,Research and development expenditure (% of GDP),1983-12-31,1983,year,1983-01-01,,% PKB,annual,observed,https://api.worldbank.org/v2/country/POL;WLD;USA;CHN;DEU;IND;KOR;JPN;GBR;FRA;BRA;EST/indicator/GB.XPD.RSDV.GD.ZS?format=json&per_page=1000,2026-09-28T17:23:22.612Z,{}
GB.XPD.RSDV.GD.ZS,GB.XPD.RSDV.GD.ZS--deu,Niemcy,DEU,Research and development expenditure (% of GDP),1983-12-31,1983,year,1983-01-01,,% PKB,annual,observed,https://api.worldbank.org/v2/country/POL;WLD;USA;CHN;DEU;IND;KOR;JPN;GBR;FRA;BRA;EST/indicator/GB.XPD.RSDV.GD.ZS?format=json&per_page=1000,2026-09-28T17:23:22.612Z,{}
GB.XPD.RSDV.GD.ZS,GB.XPD.RSDV.GD.ZS--est,Estonia,EST,Research and development expenditure (% of GDP),1983-12-31,1983,year,1983-01-01,,% PKB,annual,observed,https://api.worldbank.org/v2/country/POL;WLD;USA;CHN;DEU;IND;KOR;JPN;GBR;FRA;BRA;EST/indicator/GB.XPD.RSDV.GD.ZS?format=json&per_page=1000,2026-09-28T17:23:22.612Z,{}
GB.XPD.RSDV.GD.ZS,GB.XPD.RSDV.GD.ZS--fra,Francja,FRA,Research and development expenditure (% of GDP),1983-12-31,1983,year,1983-01-01,,% PKB,annual,observed,https://api.worldbank.org/v2/country/POL;WLD;USA;CHN;DEU;IND;KOR;JPN;GBR;FRA;BRA;EST/indicator/GB.XPD.RSDV.GD.ZS?format=json&per_page=1000,2026-09-28T17:23:22.612Z,{}
GB.XPD.RSDV.GD.ZS,GB.XPD.RSDV.GD.ZS--gbr,Wielka Brytania,GBR,Research and development expenditure (% of GDP),1983-12-31,1983,year,1983-01-01,,% PKB,annual,observed,https://api.worldbank.org/v2/country/POL;WLD;USA;CHN;DEU;IND;KOR;JPN;GBR;FRA;BRA;EST/indicator/GB.XPD.RSDV.GD.ZS?format=json&per_page=1000,2026-09-28T17:23:22.612Z,{}
GB.XPD.RSDV.GD.ZS,GB.XPD.RSDV.GD.ZS--ind,Indie,IND,Research and development expenditure (% of GDP),1983-12-31,1983,year,1983-01-01,,% PKB,annual,observed,https://api.worldbank.org/v2/country/POL;WLD;USA;CHN;DEU;IND;KOR;JPN;GBR;FRA;BRA;EST/indicator/GB.XPD.RSDV.GD.ZS?format=json&per_page=1000,2026-09-28T17:23:22.612Z,{}
GB.XPD.RSDV.GD.ZS,GB.XPD.RSDV.GD.ZS--jpn,Japonia,JPN,Research and development expenditure (% of GDP),1983-12-31,1983,year,1983-01-01,,% PKB,annual,observed,https://api.worldbank.org/v2/country/POL;WLD;USA;CHN;DEU;IND;KOR;JPN;GBR;FRA;BRA;EST/indicator/GB.XPD.RSDV.GD.ZS?format=json&per_page=1000,2026-09-28T17:23:22.612Z,{}
GB.XPD.RSDV.GD.ZS,GB.XPD.RSDV.GD.ZS--kor,Korea Płd.,KOR,Research and development expenditure (% of GDP),1983-12-31,1983,year,1983-01-01,,% PKB,annual,observed,https://api.worldbank.org/v2/country/POL;WLD;USA;CHN;DEU;IND;KOR;JPN;GBR;FRA;BRA;EST/indicator/GB.XPD.RSDV.GD.ZS?format=json&per_page=1000,2026-09-28T17:23:22.612Z,{}
GB.XPD.RSDV.GD.ZS,GB.XPD.RSDV.GD.ZS--pol,Polska,POL,Research and development expenditure (% of GDP),1983-12-31,1983,year,1983-01-01,,% PKB,annual,observed,https://api.worldbank.org/v2/country/POL;WLD;USA;CHN;DEU;IND;KOR;JPN;GBR;FRA;BRA;EST/indicator/GB.XPD.RSDV.GD.ZS?format=json&per_page=1000,2026-09-28T17:23:22.612Z,{}
GB.XPD.RSDV.GD.ZS,GB.XPD.RSDV.GD.ZS--usa,USA,USA,Research and development expenditure (% of GDP),1983-12-31,1983,year,1983-01-01,,% PKB,annual,observed,https://api.worldbank.org/v2/country/POL;WLD;USA;CHN;DEU;IND;KOR;JPN;GBR;FRA;BRA;EST/indicator/GB.XPD.RSDV.GD.ZS?format=json&per_page=1000,2026-09-28T17:23:22.612Z,{}
GB.XPD.RSDV.GD.ZS,GB.XPD.RSDV.GD.ZS--wld,Świat,WLD,Research and development expenditure (% of GDP),1983-12-31,1983,year,1983-01-01,,% PKB,annual,observed,https://api.worldbank.org/v2/country/POL;WLD;USA;CHN;DEU;IND;KOR;JPN;GBR;FRA;BRA;EST/indicator/GB.XPD.RSDV.GD.ZS?format=json&per_page=1000,2026-09-28T17:23:22.612Z,{}
GB.XPD.RSDV.GD.ZS,GB.XPD.RSDV.GD.ZS--bra,Brazylia,BRA,Research and development expenditure (% of GDP),1984-12-31,1984,year,1984-01-01,,% PKB,annual,observed,https://api.worldbank.org/v2/country/POL;WLD;USA;CHN;DEU;IND;KOR;JPN;GBR;FRA;BRA;EST/indicator/GB.XPD.RSDV.GD.ZS?format=json&per_page=1000,2026-09-28T17:23:22.612Z,{}
GB.XPD.RSDV.GD.ZS,GB.XPD.RSDV.GD.ZS--chn,Chiny,CHN,Research and development expenditure (% of GDP),1984-12-31,1984,year,1984-01-01,,% PKB,annual,observed,https://api.worldbank.org/v2/country/POL;WLD;USA;CHN;DEU;IND;KOR;JPN;GBR;FRA;BRA;EST/indicator/GB.XPD.RSDV.GD.ZS?format=json&per_page=1000,2026-09-28T17:23:22.612Z,{}
GB.XPD.RSDV.GD.ZS,GB.XPD.RSDV.GD.ZS--deu,Niemcy,DEU,Research and development expenditure (% of GDP),1984-12-31,1984,year,1984-01-01,,% PKB,annual,observed,https://api.worldbank.org/v2/country/POL;WLD;USA;CHN;DEU;IND;KOR;JPN;GBR;FRA;BRA;EST/indicator/GB.XPD.RSDV.GD.ZS?format=json&per_page=1000,2026-09-28T17:23:22.612Z,{}
GB.XPD.RSDV.GD.ZS,GB.XPD.RSDV.GD.ZS--est,Estonia,EST,Research and development expenditure (% of GDP),1984-12-31,1984,year,1984-01-01,,% PKB,annual,observed,https://api.worldbank.org/v2/country/POL;WLD;USA;CHN;DEU;IND;KOR;JPN;GBR;FRA;BRA;EST/indicator/GB.XPD.RSDV.GD.ZS?format=json&per_page=1000,2026-09-28T17:23:22.612Z,{}
GB.XPD.RSDV.GD.ZS,GB.XPD.RSDV.GD.ZS--fra,Francja,FRA,Research and development expenditure (% of GDP),1984-12-31,1984,year,1984-01-01,,% PKB,annual,observed,https://api.worldbank.org/v2/country/POL;WLD;USA;CHN;DEU;IND;KOR;JPN;GBR;FRA;BRA;EST/indicator/GB.XPD.RSDV.GD.ZS?format=json&per_page=1000,2026-09-28T17:23:22.612Z,{}
GB.XPD.RSDV.GD.ZS,GB.XPD.RSDV.GD.ZS--gbr,Wielka Brytania,GBR,Research and development expenditure (% of GDP),1984-12-31,1984,year,1984-01-01,,% PKB,annual,observed,https://api.worldbank.org/v2/country/POL;WLD;USA;CHN;DEU;IND;KOR;JPN;GBR;FRA;BRA;EST/indicator/GB.XPD.RSDV.GD.ZS?format=json&per_page=1000,2026-09-28T17:23:22.612Z,{}
GB.XPD.RSDV.GD.ZS,GB.XPD.RSDV.GD.ZS--ind,Indie,IND,Research and development expenditure (% of GDP),1984-12-31,1984,year,1984-01-01,,% PKB,annual,observed,https://api.worldbank.org/v2/country/POL;WLD;USA;CHN;DEU;IND;KOR;JPN;GBR;FRA;BRA;EST/indicator/GB.XPD.RSDV.GD.ZS?format=json&per_page=1000,2026-09-28T17:23:22.612Z,{}
GB.XPD.RSDV.GD.ZS,GB.XPD.RSDV.GD.ZS--jpn,Japonia,JPN,Research and development expenditure (% of GDP),1984-12-31,1984,year,1984-01-01,,% PKB,annual,observed,https://api.worldbank.org/v2/country/POL;WLD;USA;CHN;DEU;IND;KOR;JPN;GBR;FRA;BRA;EST/indicator/GB.XPD.RSDV.GD.ZS?format=json&per_page=1000,2026-09-28T17:23:22.612Z,{}
GB.XPD.RSDV.GD.ZS,GB.XPD.RSDV.GD.ZS--kor,Korea Płd.,KOR,Research and development expenditure (% of GDP),1984-12-31,1984,year,1984-01-01,,% PKB,annual,observed,https://api.worldbank.org/v2/country/POL;WLD;USA;CHN;DEU;IND;KOR;JPN;GBR;FRA;BRA;EST/indicator/GB.XPD.RSDV.GD.ZS?format=json&per_page=1000,2026-09-28T17:23:22.612Z,{}
GB.XPD.RSDV.GD.ZS,GB.XPD.RSDV.GD.ZS--pol,Polska,POL,Research and development expenditure (% of GDP),1984-12-31,1984,year,1984-01-01,,% PKB,annual,observed,https://api.worldbank.org/v2/country/POL;WLD;USA;CHN;DEU;IND;KOR;JPN;GBR;FRA;BRA;EST/indicator/GB.XPD.RSDV.GD.ZS?format=json&per_page=1000,2026-09-28T17:23:22.612Z,{}
GB.XPD.RSDV.GD.ZS,GB.XPD.RSDV.GD.ZS--usa,USA,USA,Research and development expenditure (% of GDP),1984-12-31,1984,year,1984-01-01,,% PKB,annual,observed,https://api.worldbank.org/v2/country/POL;WLD;USA;CHN;DEU;IND;KOR;JPN;GBR;FRA;BRA;EST/indicator/GB.XPD.RSDV.GD.ZS?format=json&per_page=1000,2026-09-28T17:23:22.612Z,{}
GB.XPD.RSDV.GD.ZS,GB.XPD.RSDV.GD.ZS--wld,Świat,WLD,Research and development expenditure (% of GDP),1984-12-31,1984,year,1984-01-01,,% PKB,annual,observed,https://api.worldbank.org/v2/country/POL;WLD;USA;CHN;DEU;IND;KOR;JPN;GBR;FRA;BRA;EST/indicator/GB.XPD.RSDV.GD.ZS?format=json&per_page=1000,2026-09-28T17:23:22.612Z,{}
GB.XPD.RSDV.GD.ZS,GB.XPD.RSDV.GD.ZS--bra,Brazylia,BRA,Research and development expenditure (% of GDP),1985-12-31,1985,year,1985-01-01,,% PKB,annual,observed,https://api.worldbank.org/v2/country/POL;WLD;USA;CHN;DEU;IND;KOR;JPN;GBR;FRA;BRA;EST/indicator/GB.XPD.RSDV.GD.ZS?format=json&per_page=1000,2026-09-28T17:23:22.612Z,{}
GB.XPD.RSDV.GD.ZS,GB.XPD.RSDV.GD.ZS--chn,Chiny,CHN,Research and development expenditure (% of GDP),1985-12-31,1985,year,1985-01-01,,% PKB,annual,observed,https://api.worldbank.org/v2/country/POL;WLD;USA;CHN;DEU;IND;KOR;JPN;GBR;FRA;BRA;EST/indicator/GB.XPD.RSDV.GD.ZS?format=json&per_page=1000,2026-09-28T17:23:22.612Z,{}
GB.XPD.RSDV.GD.ZS,GB.XPD.RSDV.GD.ZS--deu,Niemcy,DEU,Research and development expenditure (% of GDP),1985-12-31,1985,year,1985-01-01,,% PKB,annual,observed,https://api.worldbank.org/v2/country/POL;WLD;USA;CHN;DEU;IND;KOR;JPN;GBR;FRA;BRA;EST/indicator/GB.XPD.RSDV.GD.ZS?format=json&per_page=1000,2026-09-28T17:23:22.612Z,{}
GB.XPD.RSDV.GD.ZS,GB.XPD.RSDV.GD.ZS--est,Estonia,EST,Research and development expenditure (% of GDP),1985-12-31,1985,year,1985-01-01,,% PKB,annual,observed,https://api.worldbank.org/v2/country/POL;WLD;USA;CHN;DEU;IND;KOR;JPN;GBR;FRA;BRA;EST/indicator/GB.XPD.RSDV.GD.ZS?format=json&per_page=1000,2026-09-28T17:23:22.612Z,{}
GB.XPD.RSDV.GD.ZS,GB.XPD.RSDV.GD.ZS--fra,Francja,FRA,Research and development expenditure (% of GDP),1985-12-31,1985,year,1985-01-01,,% PKB,annual,observed,https://api.worldbank.org/v2/country/POL;WLD;USA;CHN;DEU;IND;KOR;JPN;GBR;FRA;BRA;EST/indicator/GB.XPD.RSDV.GD.ZS?format=json&per_page=1000,2026-09-28T17:23:22.612Z,{}
GB.XPD.RSDV.GD.ZS,GB.XPD.RSDV.GD.ZS--gbr,Wielka Brytania,GBR,Research and development expenditure (% of GDP),1985-12-31,1985,year,1985-01-01,,% PKB,annual,observed,https://api.worldbank.org/v2/country/POL;WLD;USA;CHN;DEU;IND;KOR;JPN;GBR;FRA;BRA;EST/indicator/GB.XPD.RSDV.GD.ZS?format=json&per_page=1000,2026-09-28T17:23:22.612Z,{}
GB.XPD.RSDV.GD.ZS,GB.XPD.RSDV.GD.ZS--ind,Indie,IND,Research and development expenditure (% of GDP),1985-12-31,1985,year,1985-01-01,,% PKB,annual,observed,https://api.worldbank.org/v2/country/POL;WLD;USA;CHN;DEU;IND;KOR;JPN;GBR;FRA;BRA;EST/indicator/GB.XPD.RSDV.GD.ZS?format=json&per_page=1000,2026-09-28T17:23:22.612Z,{}
GB.XPD.RSDV.GD.ZS,GB.XPD.RSDV.GD.ZS--jpn,Japonia,JPN,Research and development expenditure (% of GDP),1985-12-31,1985,year,1985-01-01,,% PKB,annual,observed,https://api.worldbank.org/v2/country/POL;WLD;USA;CHN;DEU;IND;KOR;JPN;GBR;FRA;BRA;EST/indicator/GB.XPD.RSDV.GD.ZS?format=json&per_page=1000,2026-09-28T17:23:22.612Z,{}
GB.XPD.RSDV.GD.ZS,GB.XPD.RSDV.GD.ZS--kor,Korea Płd.,KOR,Research and development expenditure (% of GDP),1985-12-31,1985,year,1985-01-01,,% PKB,annual,observed,https://api.worldbank.org/v2/country/POL;WLD;USA;CHN;DEU;IND;KOR;JPN;GBR;FRA;BRA;EST/indicator/GB.XPD.RSDV.GD.ZS?format=json&per_page=1000,2026-09-28T17:23:22.612Z,{}
GB.XPD.RSDV.GD.ZS,GB.XPD.RSDV.GD.ZS--pol,Polska,POL,Research and development expenditure (% of GDP),1985-12-31,1985,year,1985-01-01,,% PKB,annual,observed,https://api.worldbank.org/v2/country/POL;WLD;USA;CHN;DEU;IND;KOR;JPN;GBR;FRA;BRA;EST/indicator/GB.XPD.RSDV.GD.ZS?format=json&per_page=1000,2026-09-28T17:23:22.612Z,{}
GB.XPD.RSDV.GD.ZS,GB.XPD.RSDV.GD.ZS--usa,USA,USA,Research and development expenditure (% of GDP),1985-12-31,1985,year,1985-01-01,,% PKB,annual,observed,https://api.worldbank.org/v2/country/POL;WLD;USA;CHN;DEU;IND;KOR;JPN;GBR;FRA;BRA;EST/indicator/GB.XPD.RSDV.GD.ZS?format=json&per_page=1000,2026-09-28T17:23:22.612Z,{}
GB.XPD.RSDV.GD.ZS,GB.XPD.RSDV.GD.ZS--wld,Świat,WLD,Research and development expenditure (% of GDP),1985-12-31,1985,year,1985-01-01,,% PKB,annual,observed,https://api.worldbank.org/v2/country/POL;WLD;USA;CHN;DEU;IND;KOR;JPN;GBR;FRA;BRA;EST/indicator/GB.XPD.RSDV.GD.ZS?format=json&per_page=1000,2026-09-28T17:23:22.612Z,{}
GB.XPD.RSDV.GD.ZS,GB.XPD.RSDV.GD.ZS--bra,Brazylia,BRA,Research and development expenditure (% of GDP),1986-12-31,1986,year,1986-01-01,,% PKB,annual,observed,https://api.worldbank.org/v2/country/POL;WLD;USA;CHN;DEU;IND;KOR;JPN;GBR;FRA;BRA;EST/indicator/GB.XPD.RSDV.GD.ZS?format=json&per_page=1000,2026-09-28T17:23:22.612Z,{}
GB.XPD.RSDV.GD.ZS,GB.XPD.RSDV.GD.ZS--chn,Chiny,CHN,Research and development expenditure (% of GDP),1986-12-31,1986,year,1986-01-01,,% PKB,annual,observed,https://api.worldbank.org/v2/country/POL;WLD;USA;CHN;DEU;IND;KOR;JPN;GBR;FRA;BRA;EST/indicator/GB.XPD.RSDV.GD.ZS?format=json&per_page=1000,2026-09-28T17:23:22.612Z,{}
GB.XPD.RSDV.GD.ZS,GB.XPD.RSDV.GD.ZS--deu,Niemcy,DEU,Research and development expenditure (% of GDP),1986-12-31,1986,year,1986-01-01,,% PKB,annual,observed,https://api.worldbank.org/v2/country/POL;WLD;USA;CHN;DEU;IND;KOR;JPN;GBR;FRA;BRA;EST/indicator/GB.XPD.RSDV.GD.ZS?format=json&per_page=1000,2026-09-28T17:23:22.612Z,{}
GB.XPD.RSDV.GD.ZS,GB.XPD.RSDV.GD.ZS--est,Estonia,EST,Research and development expenditure (% of GDP),1986-12-31,1986,year,1986-01-01,,% PKB,annual,observed,https://api.worldbank.org/v2/country/POL;WLD;USA;CHN;DEU;IND;KOR;JPN;GBR;FRA;BRA;EST/indicator/GB.XPD.RSDV.GD.ZS?format=json&per_page=1000,2026-09-28T17:23:22.612Z,{}
GB.XPD.RSDV.GD.ZS,GB.XPD.RSDV.GD.ZS--fra,Francja,FRA,Research and development expenditure (% of GDP),1986-12-31,1986,year,1986-01-01,,% PKB,annual,observed,https://api.worldbank.org/v2/country/POL;WLD;USA;CHN;DEU;IND;KOR;JPN;GBR;FRA;BRA;EST/indicator/GB.XPD.RSDV.GD.ZS?format=json&per_page=1000,2026-09-28T17:23:22.612Z,{}
GB.XPD.RSDV.GD.ZS,GB.XPD.RSDV.GD.ZS--gbr,Wielka Brytania,GBR,Research and development expenditure (% of GDP),1986-12-31,1986,year,1986-01-01,,% PKB,annual,observed,https://api.worldbank.org/v2/country/POL;WLD;USA;CHN;DEU;IND;KOR;JPN;GBR;FRA;BRA;EST/indicator/GB.XPD.RSDV.GD.ZS?format=json&per_page=1000,2026-09-28T17:23:22.612Z,{}
GB.XPD.RSDV.GD.ZS,GB.XPD.RSDV.GD.ZS--ind,Indie,IND,Research and development expenditure (% of GDP),1986-12-31,1986,year,1986-01-01,,% PKB,annual,observed,https://api.worldbank.org/v2/country/POL;WLD;USA;CHN;DEU;IND;KOR;JPN;GBR;FRA;BRA;EST/indicator/GB.XPD.RSDV.GD.ZS?format=json&per_page=1000,2026-09-28T17:23:22.612Z,{}
GB.XPD.RSDV.GD.ZS,GB.XPD.RSDV.GD.ZS--jpn,Japonia,JPN,Research and development expenditure (% of GDP),1986-12-31,1986,year,1986-01-01,,% PKB,annual,observed,https://api.worldbank.org/v2/country/POL;WLD;USA;CHN;DEU;IND;KOR;JPN;GBR;FRA;BRA;EST/indicator/GB.XPD.RSDV.GD.ZS?format=json&per_page=1000,2026-09-28T17:23:22.612Z,{}
GB.XPD.RSDV.GD.ZS,GB.XPD.RSDV.GD.ZS--kor,Korea Płd.,KOR,Research and development expenditure (% of GDP),1986-12-31,1986,year,1986-01-01,,% PKB,annual,observed,https://api.worldbank.org/v2/country/POL;WLD;USA;CHN;DEU;IND;KOR;JPN;GBR;FRA;BRA;EST/indicator/GB.XPD.RSDV.GD.ZS?format=json&per_page=1000,2026-09-28T17:23:22.612Z,{}
GB.XPD.RSDV.GD.ZS,GB.XPD.RSDV.GD.ZS--pol,Polska,POL,Research and development expenditure (% of GDP),1986-12-31,1986,year,1986-01-01,,% PKB,annual,observed,https://api.worldbank.org/v2/country/POL;WLD;USA;CHN;DEU;IND;KOR;JPN;GBR;FRA;BRA;EST/indicator/GB.XPD.RSDV.GD.ZS?format=json&per_page=1000,2026-09-28T17:23:22.612Z,{}
GB.XPD.RSDV.GD.ZS,GB.XPD.RSDV.GD.ZS--usa,USA,USA,Research and development expenditure (% of GDP),1986-12-31,1986,year,1986-01-01,,% PKB,annual,observed,https://api.worldbank.org/v2/country/POL;WLD;USA;CHN;DEU;IND;KOR;JPN;GBR;FRA;BRA;EST/indicator/GB.XPD.RSDV.GD.ZS?format=json&per_page=1000,2026-09-28T17:23:22.612Z,{}
GB.XPD.RSDV.GD.ZS,GB.XPD.RSDV.GD.ZS--wld,Świat,WLD,Research and development expenditure (% of GDP),1986-12-31,1986,year,1986-01-01,,% PKB,annual,observed,https://api.worldbank.org/v2/country/POL;WLD;USA;CHN;DEU;IND;KOR;JPN;GBR;FRA;BRA;EST/indicator/GB.XPD.RSDV.GD.ZS?format=json&per_page=1000,2026-09-28T17:23:22.612Z,{}
GB.XPD.RSDV.GD.ZS,GB.XPD.RSDV.GD.ZS--bra,Brazylia,BRA,Research and development expenditure (% of GDP),1987-12-31,1987,year,1987-01-01,,% PKB,annual,observed,https://api.worldbank.org/v2/country/POL;WLD;USA;CHN;DEU;IND;KOR;JPN;GBR;FRA;BRA;EST/indicator/GB.XPD.RSDV.GD.ZS?format=json&per_page=1000,2026-09-28T17:23:22.612Z,{}
GB.XPD.RSDV.GD.ZS,GB.XPD.RSDV.GD.ZS--chn,Chiny,CHN,Research and development expenditure (% of GDP),1987-12-31,1987,year,1987-01-01,,% PKB,annual,observed,https://api.worldbank.org/v2/country/POL;WLD;USA;CHN;DEU;IND;KOR;JPN;GBR;FRA;BRA;EST/indicator/GB.XPD.RSDV.GD.ZS?format=json&per_page=1000,2026-09-28T17:23:22.612Z,{}
GB.XPD.RSDV.GD.ZS,GB.XPD.RSDV.GD.ZS--deu,Niemcy,DEU,Research and development expenditure (% of GDP),1987-12-31,1987,year,1987-01-01,,% PKB,annual,observed,https://api.worldbank.org/v2/country/POL;WLD;USA;CHN;DEU;IND;KOR;JPN;GBR;FRA;BRA;EST/indicator/GB.XPD.RSDV.GD.ZS?format=json&per_page=1000,2026-09-28T17:23:22.612Z,{}
GB.XPD.RSDV.GD.ZS,GB.XPD.RSDV.GD.ZS--est,Estonia,EST,Research and development expenditure (% of GDP),1987-12-31,1987,year,1987-01-01,,% PKB,annual,observed,https://api.worldbank.org/v2/country/POL;WLD;USA;CHN;DEU;IND;KOR;JPN;GBR;FRA;BRA;EST/indicator/GB.XPD.RSDV.GD.ZS?format=json&per_page=1000,2026-09-28T17:23:22.612Z,{}
GB.XPD.RSDV.GD.ZS,GB.XPD.RSDV.GD.ZS--fra,Francja,FRA,Research and development expenditure (% of GDP),1987-12-31,1987,year,1987-01-01,,% PKB,annual,observed,https://api.worldbank.org/v2/country/POL;WLD;USA;CHN;DEU;IND;KOR;JPN;GBR;FRA;BRA;EST/indicator/GB.XPD.RSDV.GD.ZS?format=json&per_page=1000,2026-09-28T17:23:22.612Z,{}
GB.XPD.RSDV.GD.ZS,GB.XPD.RSDV.GD.ZS--gbr,Wielka Brytania,GBR,Research and development expenditure (% of GDP),1987-12-31,1987,year,1987-01-01,,% PKB,annual,observed,https://api.worldbank.org/v2/country/POL;WLD;USA;CHN;DEU;IND;KOR;JPN;GBR;FRA;BRA;EST/indicator/GB.XPD.RSDV.GD.ZS?format=json&per_page=1000,2026-09-28T17:23:22.612Z,{}
GB.XPD.RSDV.GD.ZS,GB.XPD.RSDV.GD.ZS--ind,Indie,IND,Research and development expenditure (% of GDP),1987-12-31,1987,year,1987-01-01,,% PKB,annual,observed,https://api.worldbank.org/v2/country/POL;WLD;USA;CHN;DEU;IND;KOR;JPN;GBR;FRA;BRA;EST/indicator/GB.XPD.RSDV.GD.ZS?format=json&per_page=1000,2026-09-28T17:23:22.612Z,{}
GB.XPD.RSDV.GD.ZS,GB.XPD.RSDV.GD.ZS--jpn,Japonia,JPN,Research and development expenditure (% of GDP),1987-12-31,1987,year,1987-01-01,,% PKB,annual,observed,https://api.worldbank.org/v2/country/POL;WLD;USA;CHN;DEU;IND;KOR;JPN;GBR;FRA;BRA;EST/indicator/GB.XPD.RSDV.GD.ZS?format=json&per_page=1000,2026-09-28T17:23:22.612Z,{}
GB.XPD.RSDV.GD.ZS,GB.XPD.RSDV.GD.ZS--kor,Korea Płd.,KOR,Research and development expenditure (% of GDP),1987-12-31,1987,year,1987-01-01,,% PKB,annual,observed,https://api.worldbank.org/v2/country/POL;WLD;USA;CHN;DEU;IND;KOR;JPN;GBR;FRA;BRA;EST/indicator/GB.XPD.RSDV.GD.ZS?format=json&per_page=1000,2026-09-28T17:23:22.612Z,{}
GB.XPD.RSDV.GD.ZS,GB.XPD.RSDV.GD.ZS--pol,Polska,POL,Research and development expenditure (% of GDP),1987-12-31,1987,year,1987-01-01,,% PKB,annual,observed,https://api.worldbank.org/v2/country/POL;WLD;USA;CHN;DEU;IND;KOR;JPN;GBR;FRA;BRA;EST/indicator/GB.XPD.RSDV.GD.ZS?format=json&per_page=1000,2026-09-28T17:23:22.612Z,{}
GB.XPD.RSDV.GD.ZS,GB.XPD.RSDV.GD.ZS--usa,USA,USA,Research and development expenditure (% of GDP),1987-12-31,1987,year,1987-01-01,,% PKB,annual,observed,https://api.worldbank.org/v2/country/POL;WLD;USA;CHN;DEU;IND;KOR;JPN;GBR;FRA;BRA;EST/indicator/GB.XPD.RSDV.GD.ZS?format=json&per_page=1000,2026-09-28T17:23:22.612Z,{}
GB.XPD.RSDV.GD.ZS,GB.XPD.RSDV.GD.ZS--wld,Świat,WLD,Research and development expenditure (% of GDP),1987-12-31,1987,year,1987-01-01,,% PKB,annual,observed,https://api.worldbank.org/v2/country/POL;WLD;USA;CHN;DEU;IND;KOR;JPN;GBR;FRA;BRA;EST/indicator/GB.XPD.RSDV.GD.ZS?format=json&per_page=1000,2026-09-28T17:23:22.612Z,{}
GB.XPD.RSDV.GD.ZS,GB.XPD.RSDV.GD.ZS--bra,Brazylia,BRA,Research and development expenditure (% of GDP),1988-12-31,1988,year,1988-01-01,,% PKB,annual,observed,https://api.worldbank.org/v2/country/POL;WLD;USA;CHN;DEU;IND;KOR;JPN;GBR;FRA;BRA;EST/indicator/GB.XPD.RSDV.GD.ZS?format=json&per_page=1000,2026-09-28T17:23:22.612Z,{}
GB.XPD.RSDV.GD.ZS,GB.XPD.RSDV.GD.ZS--chn,Chiny,CHN,Research and development expenditure (% of GDP),1988-12-31,1988,year,1988-01-01,,% PKB,annual,observed,https://api.worldbank.org/v2/country/POL;WLD;USA;CHN;DEU;IND;KOR;JPN;GBR;FRA;BRA;EST/indicator/GB.XPD.RSDV.GD.ZS?format=json&per_page=1000,2026-09-28T17:23:22.612Z,{}
GB.XPD.RSDV.GD.ZS,GB.XPD.RSDV.GD.ZS--deu,Niemcy,DEU,Research and development expenditure (% of GDP),1988-12-31,1988,year,1988-01-01,,% PKB,annual,observed,https://api.worldbank.org/v2/country/POL;WLD;USA;CHN;DEU;IND;KOR;JPN;GBR;FRA;BRA;EST/indicator/GB.XPD.RSDV.GD.ZS?format=json&per_page=1000,2026-09-28T17:23:22.612Z,{}
GB.XPD.RSDV.GD.ZS,GB.XPD.RSDV.GD.ZS--est,Estonia,EST,Research and development expenditure (% of GDP),1988-12-31,1988,year,1988-01-01,,% PKB,annual,observed,https://api.worldbank.org/v2/country/POL;WLD;USA;CHN;DEU;IND;KOR;JPN;GBR;FRA;BRA;EST/indicator/GB.XPD.RSDV.GD.ZS?format=json&per_page=1000,2026-09-28T17:23:22.612Z,{}
GB.XPD.RSDV.GD.ZS,GB.XPD.RSDV.GD.ZS--fra,Francja,FRA,Research and development expenditure (% of GDP),1988-12-31,1988,year,1988-01-01,,% PKB,annual,observed,https://api.worldbank.org/v2/country/POL;WLD;USA;CHN;DEU;IND;KOR;JPN;GBR;FRA;BRA;EST/indicator/GB.XPD.RSDV.GD.ZS?format=json&per_page=1000,2026-09-28T17:23:22.612Z,{}
GB.XPD.RSDV.GD.ZS,GB.XPD.RSDV.GD.ZS--gbr,Wielka Brytania,GBR,Research and development expenditure (% of GDP),1988-12-31,1988,year,1988-01-01,,% PKB,annual,observed,https://api.worldbank.org/v2/country/POL;WLD;USA;CHN;DEU;IND;KOR;JPN;GBR;FRA;BRA;EST/indicator/GB.XPD.RSDV.GD.ZS?format=json&per_page=1000,2026-09-28T17:23:22.612Z,{}
GB.XPD.RSDV.GD.ZS,GB.XPD.RSDV.GD.ZS--ind,Indie,IND,Research and development expenditure (% of GDP),1988-12-31,1988,year,1988-01-01,,% PKB,annual,observed,https://api.worldbank.org/v2/country/POL;WLD;USA;CHN;DEU;IND;KOR;JPN;GBR;FRA;BRA;EST/indicator/GB.XPD.RSDV.GD.ZS?format=json&per_page=1000,2026-09-28T17:23:22.612Z,{}
GB.XPD.RSDV.GD.ZS,GB.XPD.RSDV.GD.ZS--jpn,Japonia,JPN,Research and development expenditure (% of GDP),1988-12-31,1988,year,1988-01-01,,% PKB,annual,observed,https://api.worldbank.org/v2/country/POL;WLD;USA;CHN;DEU;IND;KOR;JPN;GBR;FRA;BRA;EST/indicator/GB.XPD.RSDV.GD.ZS?format=json&per_page=1000,2026-09-28T17:23:22.612Z,{}
GB.XPD.RSDV.GD.ZS,GB.XPD.RSDV.GD.ZS--kor,Korea Płd.,KOR,Research and development expenditure (% of GDP),1988-12-31,1988,year,1988-01-01,,% PKB,annual,observed,https://api.worldbank.org/v2/country/POL;WLD;USA;CHN;DEU;IND;KOR;JPN;GBR;FRA;BRA;EST/indicator/GB.XPD.RSDV.GD.ZS?format=json&per_page=1000,2026-09-28T17:23:22.612Z,{}
GB.XPD.RSDV.GD.ZS,GB.XPD.RSDV.GD.ZS--pol,Polska,POL,Research and development expenditure (% of GDP),1988-12-31,1988,year,1988-01-01,,% PKB,annual,observed,https://api.worldbank.org/v2/country/POL;WLD;USA;CHN;DEU;IND;KOR;JPN;GBR;FRA;BRA;EST/indicator/GB.XPD.RSDV.GD.ZS?format=json&per_page=1000,2026-09-28T17:23:22.612Z,{}
GB.XPD.RSDV.GD.ZS,GB.XPD.RSDV.GD.ZS--usa,USA,USA,Research and development expenditure (% of GDP),1988-12-31,1988,year,1988-01-01,,% PKB,annual,observed,https://api.worldbank.org/v2/country/POL;WLD;USA;CHN;DEU;IND;KOR;JPN;GBR;FRA;BRA;EST/indicator/GB.XPD.RSDV.GD.ZS?format=json&per_page=1000,2026-09-28T17:23:22.612Z,{}
GB.XPD.RSDV.GD.ZS,GB.XPD.RSDV.GD.ZS--wld,Świat,WLD,Research and development expenditure (% of GDP),1988-12-31,1988,year,1988-01-01,,% PKB,annual,observed,https://api.worldbank.org/v2/country/POL;WLD;USA;CHN;DEU;IND;KOR;JPN;GBR;FRA;BRA;EST/indicator/GB.XPD.RSDV.GD.ZS?format=json&per_page=1000,2026-09-28T17:23:22.612Z,{}
GB.XPD.RSDV.GD.ZS,GB.XPD.RSDV.GD.ZS--bra,Brazylia,BRA,Research and development expenditure (% of GDP),1989-12-31,1989,year,1989-01-01,,% PKB,annual,observed,https://api.worldbank.org/v2/country/POL;WLD;USA;CHN;DEU;IND;KOR;JPN;GBR;FRA;BRA;EST/indicator/GB.XPD.RSDV.GD.ZS?format=json&per_page=1000,2026-09-28T17:23:22.612Z,{}
GB.XPD.RSDV.GD.ZS,GB.XPD.RSDV.GD.ZS--chn,Chiny,CHN,Research and development expenditure (% of GDP),1989-12-31,1989,year,1989-01-01,,% PKB,annual,observed,https://api.worldbank.org/v2/country/POL;WLD;USA;CHN;DEU;IND;KOR;JPN;GBR;FRA;BRA;EST/indicator/GB.XPD.RSDV.GD.ZS?format=json&per_page=1000,2026-09-28T17:23:22.612Z,{}
GB.XPD.RSDV.GD.ZS,GB.XPD.RSDV.GD.ZS--deu,Niemcy,DEU,Research and development expenditure (% of GDP),1989-12-31,1989,year,1989-01-01,,% PKB,annual,observed,https://api.worldbank.org/v2/country/POL;WLD;USA;CHN;DEU;IND;KOR;JPN;GBR;FRA;BRA;EST/indicator/GB.XPD.RSDV.GD.ZS?format=json&per_page=1000,2026-09-28T17:23:22.612Z,{}
GB.XPD.RSDV.GD.ZS,GB.XPD.RSDV.GD.ZS--est,Estonia,EST,Research and development expenditure (% of GDP),1989-12-31,1989,year,1989-01-01,,% PKB,annual,observed,https://api.worldbank.org/v2/country/POL;WLD;USA;CHN;DEU;IND;KOR;JPN;GBR;FRA;BRA;EST/indicator/GB.XPD.RSDV.GD.ZS?format=json&per_page=1000,2026-09-28T17:23:22.612Z,{}
GB.XPD.RSDV.GD.ZS,GB.XPD.RSDV.GD.ZS--fra,Francja,FRA,Research and development expenditure (% of GDP),1989-12-31,1989,year,1989-01-01,,% PKB,annual,observed,https://api.worldbank.org/v2/country/POL;WLD;USA;CHN;DEU;IND;KOR;JPN;GBR;FRA;BRA;EST/indicator/GB.XPD.RSDV.GD.ZS?format=json&per_page=1000,2026-09-28T17:23:22.612Z,{}
GB.XPD.RSDV.GD.ZS,GB.XPD.RSDV.GD.ZS--gbr,Wielka Brytania,GBR,Research and development expenditure (% of GDP),1989-12-31,1989,year,1989-01-01,,% PKB,annual,observed,https://api.worldbank.org/v2/country/POL;WLD;USA;CHN;DEU;IND;KOR;JPN;GBR;FRA;BRA;EST/indicator/GB.XPD.RSDV.GD.ZS?format=json&per_page=1000,2026-09-28T17:23:22.612Z,{}
GB.XPD.RSDV.GD.ZS,GB.XPD.RSDV.GD.ZS--ind,Indie,IND,Research and development expenditure (% of GDP),1989-12-31,1989,year,1989-01-01,,% PKB,annual,observed,https://api.worldbank.org/v2/country/POL;WLD;USA;CHN;DEU;IND;KOR;JPN;GBR;FRA;BRA;EST/indicator/GB.XPD.RSDV.GD.ZS?format=json&per_page=1000,2026-09-28T17:23:22.612Z,{}
GB.XPD.RSDV.GD.ZS,GB.XPD.RSDV.GD.ZS--jpn,Japonia,JPN,Research and development expenditure (% of GDP),1989-12-31,1989,year,1989-01-01,,% PKB,annual,observed,https://api.worldbank.org/v2/country/POL;WLD;USA;CHN;DEU;IND;KOR;JPN;GBR;FRA;BRA;EST/indicator/GB.XPD.RSDV.GD.ZS?format=json&per_page=1000,2026-09-28T17:23:22.612Z,{}
GB.XPD.RSDV.GD.ZS,GB.XPD.RSDV.GD.ZS--kor,Korea Płd.,KOR,Research and development expenditure (% of GDP),1989-12-31,1989,year,1989-01-01,,% PKB,annual,observed,https://api.worldbank.org/v2/country/POL;WLD;USA;CHN;DEU;IND;KOR;JPN;GBR;FRA;BRA;EST/indicator/GB.XPD.RSDV.GD.ZS?format=json&per_page=1000,2026-09-28T17:23:22.612Z,{}
GB.XPD.RSDV.GD.ZS,GB.XPD.RSDV.GD.ZS--pol,Polska,POL,Research and development expenditure (% of GDP),1989-12-31,1989,year,1989-01-01,,% PKB,annual,observed,https://api.worldbank.org/v2/country/POL;WLD;USA;CHN;DEU;IND;KOR;JPN;GBR;FRA;BRA;EST/indicator/GB.XPD.RSDV.GD.ZS?format=json&per_page=1000,2026-09-28T17:23:22.612Z,{}
GB.XPD.RSDV.GD.ZS,GB.XPD.RSDV.GD.ZS--usa,USA,USA,Research and development expenditure (% of GDP),1989-12-31,1989,year,1989-01-01,,% PKB,annual,observed,https://api.worldbank.org/v2/country/POL;WLD;USA;CHN;DEU;IND;KOR;JPN;GBR;FRA;BRA;EST/indicator/GB.XPD.RSDV.GD.ZS?format=json&per_page=1000,2026-09-28T17:23:22.612Z,{}
GB.XPD.RSDV.GD.ZS,GB.XPD.RSDV.GD.ZS--wld,Świat,WLD,Research and development expenditure (% of GDP),1989-12-31,1989,year,1989-01-01,,% PKB,annual,observed,https://api.worldbank.org/v2/country/POL;WLD;USA;CHN;DEU;IND;KOR;JPN;GBR;FRA;BRA;EST/indicator/GB.XPD.RSDV.GD.ZS?format=json&per_page=1000,2026-09-28T17:23:22.612Z,{}
GB.XPD.RSDV.GD.ZS,GB.XPD.RSDV.GD.ZS--bra,Brazylia,BRA,Research and development expenditure (% of GDP),1990-12-31,1990,year,1990-01-01,,% PKB,annual,observed,https://api.worldbank.org/v2/country/POL;WLD;USA;CHN;DEU;IND;KOR;JPN;GBR;FRA;BRA;EST/indicator/GB.XPD.RSDV.GD.ZS?format=json&per_page=1000,2026-09-28T17:23:22.612Z,{}
GB.XPD.RSDV.GD.ZS,GB.XPD.RSDV.GD.ZS--chn,Chiny,CHN,Research and development expenditure (% of GDP),1990-12-31,1990,year,1990-01-01,,% PKB,annual,observed,https://api.worldbank.org/v2/country/POL;WLD;USA;CHN;DEU;IND;KOR;JPN;GBR;FRA;BRA;EST/indicator/GB.XPD.RSDV.GD.ZS?format=json&per_page=1000,2026-09-28T17:23:22.612Z,{}
GB.XPD.RSDV.GD.ZS,GB.XPD.RSDV.GD.ZS--deu,Niemcy,DEU,Research and development expenditure (% of GDP),1990-12-31,1990,year,1990-01-01,,% PKB,annual,observed,https://api.worldbank.org/v2/country/POL;WLD;USA;CHN;DEU;IND;KOR;JPN;GBR;FRA;BRA;EST/indicator/GB.XPD.RSDV.GD.ZS?format=json&per_page=1000,2026-09-28T17:23:22.612Z,{}
GB.XPD.RSDV.GD.ZS,GB.XPD.RSDV.GD.ZS--est,Estonia,EST,Research and development expenditure (% of GDP),1990-12-31,1990,year,1990-01-01,,% PKB,annual,observed,https://api.worldbank.org/v2/country/POL;WLD;USA;CHN;DEU;IND;KOR;JPN;GBR;FRA;BRA;EST/indicator/GB.XPD.RSDV.GD.ZS?format=json&per_page=1000,2026-09-28T17:23:22.612Z,{}
GB.XPD.RSDV.GD.ZS,GB.XPD.RSDV.GD.ZS--fra,Francja,FRA,Research and development expenditure (% of GDP),1990-12-31,1990,year,1990-01-01,,% PKB,annual,observed,https://api.worldbank.org/v2/country/POL;WLD;USA;CHN;DEU;IND;KOR;JPN;GBR;FRA;BRA;EST/indicator/GB.XPD.RSDV.GD.ZS?format=json&per_page=1000,2026-09-28T17:23:22.612Z,{}
GB.XPD.RSDV.GD.ZS,GB.XPD.RSDV.GD.ZS--gbr,Wielka Brytania,GBR,Research and development expenditure (% of GDP),1990-12-31,1990,year,1990-01-01,,% PKB,annual,observed,https://api.worldbank.org/v2/country/POL;WLD;USA;CHN;DEU;IND;KOR;JPN;GBR;FRA;BRA;EST/indicator/GB.XPD.RSDV.GD.ZS?format=json&per_page=1000,2026-09-28T17:23:22.612Z,{}
GB.XPD.RSDV.GD.ZS,GB.XPD.RSDV.GD.ZS--ind,Indie,IND,Research and development expenditure (% of GDP),1990-12-31,1990,year,1990-01-01,,% PKB,annual,observed,https://api.worldbank.org/v2/country/POL;WLD;USA;CHN;DEU;IND;KOR;JPN;GBR;FRA;BRA;EST/indicator/GB.XPD.RSDV.GD.ZS?format=json&per_page=1000,2026-09-28T17:23:22.612Z,{}
GB.XPD.RSDV.GD.ZS,GB.XPD.RSDV.GD.ZS--jpn,Japonia,JPN,Research and development expenditure (% of GDP),1990-12-31,1990,year,1990-01-01,,% PKB,annual,observed,https://api.worldbank.org/v2/country/POL;WLD;USA;CHN;DEU;IND;KOR;JPN;GBR;FRA;BRA;EST/indicator/GB.XPD.RSDV.GD.ZS?format=json&per_page=1000,2026-09-28T17:23:22.612Z,{}
GB.XPD.RSDV.GD.ZS,GB.XPD.RSDV.GD.ZS--kor,Korea Płd.,KOR,Research and development expenditure (% of GDP),1990-12-31,1990,year,1990-01-01,,% PKB,annual,observed,https://api.worldbank.org/v2/country/POL;WLD;USA;CHN;DEU;IND;KOR;JPN;GBR;FRA;BRA;EST/indicator/GB.XPD.RSDV.GD.ZS?format=json&per_page=1000,2026-09-28T17:23:22.612Z,{}
GB.XPD.RSDV.GD.ZS,GB.XPD.RSDV.GD.ZS--pol,Polska,POL,Research and development expenditure (% of GDP),1990-12-31,1990,year,1990-01-01,,% PKB,annual,observed,https://api.worldbank.org/v2/country/POL;WLD;USA;CHN;DEU;IND;KOR;JPN;GBR;FRA;BRA;EST/indicator/GB.XPD.RSDV.GD.ZS?format=json&per_page=1000,2026-09-28T17:23:22.612Z,{}
GB.XPD.RSDV.GD.ZS,GB.XPD.RSDV.GD.ZS--usa,USA,USA,Research and development expenditure (% of GDP),1990-12-31,1990,year,1990-01-01,,% PKB,annual,observed,https://api.worldbank.org/v2/country/POL;WLD;USA;CHN;DEU;IND;KOR;JPN;GBR;FRA;BRA;EST/indicator/GB.XPD.RSDV.GD.ZS?format=json&per_page=1000,2026-09-28T17:23:22.612Z,{}
GB.XPD.RSDV.GD.ZS,GB.XPD.RSDV.GD.ZS--wld,Świat,WLD,Research and development expenditure (% of GDP),1990-12-31,1990,year,1990-01-01,,% PKB,annual,observed,https://api.worldbank.org/v2/country/POL;WLD;USA;CHN;DEU;IND;KOR;JPN;GBR;FRA;BRA;EST/indicator/GB.XPD.RSDV.GD.ZS?format=json&per_page=1000,2026-09-28T17:23:22.612Z,{}
GB.XPD.RSDV.GD.ZS,GB.XPD.RSDV.GD.ZS--bra,Brazylia,BRA,Research and development expenditure (% of GDP),1991-12-31,1991,year,1991-01-01,,% PKB,annual,observed,https://api.worldbank.org/v2/country/POL;WLD;USA;CHN;DEU;IND;KOR;JPN;GBR;FRA;BRA;EST/indicator/GB.XPD.RSDV.GD.ZS?format=json&per_page=1000,2026-09-28T17:23:22.612Z,{}
GB.XPD.RSDV.GD.ZS,GB.XPD.RSDV.GD.ZS--chn,Chiny,CHN,Research and development expenditure (% of GDP),1991-12-31,1991,year,1991-01-01,,% PKB,annual,observed,https://api.worldbank.org/v2/country/POL;WLD;USA;CHN;DEU;IND;KOR;JPN;GBR;FRA;BRA;EST/indicator/GB.XPD.RSDV.GD.ZS?format=json&per_page=1000,2026-09-28T17:23:22.612Z,{}
GB.XPD.RSDV.GD.ZS,GB.XPD.RSDV.GD.ZS--deu,Niemcy,DEU,Research and development expenditure (% of GDP),1991-12-31,1991,year,1991-01-01,,% PKB,annual,observed,https://api.worldbank.org/v2/country/POL;WLD;USA;CHN;DEU;IND;KOR;JPN;GBR;FRA;BRA;EST/indicator/GB.XPD.RSDV.GD.ZS?format=json&per_page=1000,2026-09-28T17:23:22.612Z,{}
GB.XPD.RSDV.GD.ZS,GB.XPD.RSDV.GD.ZS--est,Estonia,EST,Research and development expenditure (% of GDP),1991-12-31,1991,year,1991-01-01,,% PKB,annual,observed,https://api.worldbank.org/v2/country/POL;WLD;USA;CHN;DEU;IND;KOR;JPN;GBR;FRA;BRA;EST/indicator/GB.XPD.RSDV.GD.ZS?format=json&per_page=1000,2026-09-28T17:23:22.612Z,{}
GB.XPD.RSDV.GD.ZS,GB.XPD.RSDV.GD.ZS--fra,Francja,FRA,Research and development expenditure (% of GDP),1991-12-31,1991,year,1991-01-01,,% PKB,annual,observed,https://api.worldbank.org/v2/country/POL;WLD;USA;CHN;DEU;IND;KOR;JPN;GBR;FRA;BRA;EST/indicator/GB.XPD.RSDV.GD.ZS?format=json&per_page=1000,2026-09-28T17:23:22.612Z,{}
GB.XPD.RSDV.GD.ZS,GB.XPD.RSDV.GD.ZS--gbr,Wielka Brytania,GBR,Research and development expenditure (% of GDP),1991-12-31,1991,year,1991-01-01,,% PKB,annual,observed,https://api.worldbank.org/v2/country/POL;WLD;USA;CHN;DEU;IND;KOR;JPN;GBR;FRA;BRA;EST/indicator/GB.XPD.RSDV.GD.ZS?format=json&per_page=1000,2026-09-28T17:23:22.612Z,{}
GB.XPD.RSDV.GD.ZS,GB.XPD.RSDV.GD.ZS--ind,Indie,IND,Research and development expenditure (% of GDP),1991-12-31,1991,year,1991-01-01,,% PKB,annual,observed,https://api.worldbank.org/v2/country/POL;WLD;USA;CHN;DEU;IND;KOR;JPN;GBR;FRA;BRA;EST/indicator/GB.XPD.RSDV.GD.ZS?format=json&per_page=1000,2026-09-28T17:23:22.612Z,{}
GB.XPD.RSDV.GD.ZS,GB.XPD.RSDV.GD.ZS--jpn,Japonia,JPN,Research and development expenditure (% of GDP),1991-12-31,1991,year,1991-01-01,,% PKB,annual,observed,https://api.worldbank.org/v2/country/POL;WLD;USA;CHN;DEU;IND;KOR;JPN;GBR;FRA;BRA;EST/indicator/GB.XPD.RSDV.GD.ZS?format=json&per_page=1000,2026-09-28T17:23:22.612Z,{}
GB.XPD.RSDV.GD.ZS,GB.XPD.RSDV.GD.ZS--kor,Korea Płd.,KOR,Research and development expenditure (% of GDP),1991-12-31,1991,year,1991-01-01,,% PKB,annual,observed,https://api.worldbank.org/v2/country/POL;WLD;USA;CHN;DEU;IND;KOR;JPN;GBR;FRA;BRA;EST/indicator/GB.XPD.RSDV.GD.ZS?format=json&per_page=1000,2026-09-28T17:23:22.612Z,{}
GB.XPD.RSDV.GD.ZS,GB.XPD.RSDV.GD.ZS--pol,Polska,POL,Research and development expenditure (% of GDP),1991-12-31,1991,year,1991-01-01,,% PKB,annual,observed,https://api.worldbank.org/v2/country/POL;WLD;USA;CHN;DEU;IND;KOR;JPN;GBR;FRA;BRA;EST/indicator/GB.XPD.RSDV.GD.ZS?format=json&per_page=1000,2026-09-28T17:23:22.612Z,{}
GB.XPD.RSDV.GD.ZS,GB.XPD.RSDV.GD.ZS--usa,USA,USA,Research and development expenditure (% of GDP),1991-12-31,1991,year,1991-01-01,,% PKB,annual,observed,https://api.worldbank.org/v2/country/POL;WLD;USA;CHN;DEU;IND;KOR;JPN;GBR;FRA;BRA;EST/indicator/GB.XPD.RSDV.GD.ZS?format=json&per_page=1000,2026-09-28T17:23:22.612Z,{}
GB.XPD.RSDV.GD.ZS,GB.XPD.RSDV.GD.ZS--wld,Świat,WLD,Research and development expenditure (% of GDP),1991-12-31,1991,year,1991-01-01,,% PKB,annual,observed,https://api.worldbank.org/v2/country/POL;WLD;USA;CHN;DEU;IND;KOR;JPN;GBR;FRA;BRA;EST/indicator/GB.XPD.RSDV.GD.ZS?format=json&per_page=1000,2026-09-28T17:23:22.612Z,{}
GB.XPD.RSDV.GD.ZS,GB.XPD.RSDV.GD.ZS--bra,Brazylia,BRA,Research and development expenditure (% of GDP),1992-12-31,1992,year,1992-01-01,,% PKB,annual,observed,https://api.worldbank.org/v2/country/POL;WLD;USA;CHN;DEU;IND;KOR;JPN;GBR;FRA;BRA;EST/indicator/GB.XPD.RSDV.GD.ZS?format=json&per_page=1000,2026-09-28T17:23:22.612Z,{}
GB.XPD.RSDV.GD.ZS,GB.XPD.RSDV.GD.ZS--chn,Chiny,CHN,Research and development expenditure (% of GDP),1992-12-31,1992,year,1992-01-01,,% PKB,annual,observed,https://api.worldbank.org/v2/country/POL;WLD;USA;CHN;DEU;IND;KOR;JPN;GBR;FRA;BRA;EST/indicator/GB.XPD.RSDV.GD.ZS?format=json&per_page=1000,2026-09-28T17:23:22.612Z,{}
GB.XPD.RSDV.GD.ZS,GB.XPD.RSDV.GD.ZS--deu,Niemcy,DEU,Research and development expenditure (% of GDP),1992-12-31,1992,year,1992-01-01,,% PKB,annual,observed,https://api.worldbank.org/v2/country/POL;WLD;USA;CHN;DEU;IND;KOR;JPN;GBR;FRA;BRA;EST/indicator/GB.XPD.RSDV.GD.ZS?format=json&per_page=1000,2026-09-28T17:23:22.612Z,{}
GB.XPD.RSDV.GD.ZS,GB.XPD.RSDV.GD.ZS--est,Estonia,EST,Research and development expenditure (% of GDP),1992-12-31,1992,year,1992-01-01,,% PKB,annual,observed,https://api.worldbank.org/v2/country/POL;WLD;USA;CHN;DEU;IND;KOR;JPN;GBR;FRA;BRA;EST/indicator/GB.XPD.RSDV.GD.ZS?format=json&per_page=1000,2026-09-28T17:23:22.612Z,{}
GB.XPD.RSDV.GD.ZS,GB.XPD.RSDV.GD.ZS--fra,Francja,FRA,Research and development expenditure (% of GDP),1992-12-31,1992,year,1992-01-01,,% PKB,annual,observed,https://api.worldbank.org/v2/country/POL;WLD;USA;CHN;DEU;IND;KOR;JPN;GBR;FRA;BRA;EST/indicator/GB.XPD.RSDV.GD.ZS?format=json&per_page=1000,2026-09-28T17:23:22.612Z,{}
GB.XPD.RSDV.GD.ZS,GB.XPD.RSDV.GD.ZS--gbr,Wielka Brytania,GBR,Research and development expenditure (% of GDP),1992-12-31,1992,year,1992-01-01,,% PKB,annual,observed,https://api.worldbank.org/v2/country/POL;WLD;USA;CHN;DEU;IND;KOR;JPN;GBR;FRA;BRA;EST/indicator/GB.XPD.RSDV.GD.ZS?format=json&per_page=1000,2026-09-28T17:23:22.612Z,{}
GB.XPD.RSDV.GD.ZS,GB.XPD.RSDV.GD.ZS--ind,Indie,IND,Research and development expenditure (% of GDP),1992-12-31,1992,year,1992-01-01,,% PKB,annual,observed,https://api.worldbank.org/v2/country/POL;WLD;USA;CHN;DEU;IND;KOR;JPN;GBR;FRA;BRA;EST/indicator/GB.XPD.RSDV.GD.ZS?format=json&per_page=1000,2026-09-28T17:23:22.612Z,{}
GB.XPD.RSDV.GD.ZS,GB.XPD.RSDV.GD.ZS--jpn,Japonia,JPN,Research and development expenditure (% of GDP),1992-12-31,1992,year,1992-01-01,,% PKB,annual,observed,https://api.worldbank.org/v2/country/POL;WLD;USA;CHN;DEU;IND;KOR;JPN;GBR;FRA;BRA;EST/indicator/GB.XPD.RSDV.GD.ZS?format=json&per_page=1000,2026-09-28T17:23:22.612Z,{}
GB.XPD.RSDV.GD.ZS,GB.XPD.RSDV.GD.ZS--kor,Korea Płd.,KOR,Research and development expenditure (% of GDP),1992-12-31,1992,year,1992-01-01,,% PKB,annual,observed,https://api.worldbank.org/v2/country/POL;WLD;USA;CHN;DEU;IND;KOR;JPN;GBR;FRA;BRA;EST/indicator/GB.XPD.RSDV.GD.ZS?format=json&per_page=1000,2026-09-28T17:23:22.612Z,{}
GB.XPD.RSDV.GD.ZS,GB.XPD.RSDV.GD.ZS--pol,Polska,POL,Research and development expenditure (% of GDP),1992-12-31,1992,year,1992-01-01,,% PKB,annual,observed,https://api.worldbank.org/v2/country/POL;WLD;USA;CHN;DEU;IND;KOR;JPN;GBR;FRA;BRA;EST/indicator/GB.XPD.RSDV.GD.ZS?format=json&per_page=1000,2026-09-28T17:23:22.612Z,{}
GB.XPD.RSDV.GD.ZS,GB.XPD.RSDV.GD.ZS--usa,USA,USA,Research and development expenditure (% of GDP),1992-12-31,1992,year,1992-01-01,,% PKB,annual,observed,https://api.worldbank.org/v2/country/POL;WLD;USA;CHN;DEU;IND;KOR;JPN;GBR;FRA;BRA;EST/indicator/GB.XPD.RSDV.GD.ZS?format=json&per_page=1000,2026-09-28T17:23:22.612Z,{}
GB.XPD.RSDV.GD.ZS,GB.XPD.RSDV.GD.ZS--wld,Świat,WLD,Research and development expenditure (% of GDP),1992-12-31,1992,year,1992-01-01,,% PKB,annual,observed,https://api.worldbank.org/v2/country/POL;WLD;USA;CHN;DEU;IND;KOR;JPN;GBR;FRA;BRA;EST/indicator/GB.XPD.RSDV.GD.ZS?format=json&per_page=1000,2026-09-28T17:23:22.612Z,{}
GB.XPD.RSDV.GD.ZS,GB.XPD.RSDV.GD.ZS--bra,Brazylia,BRA,Research and development expenditure (% of GDP),1993-12-31,1993,year,1993-01-01,,% PKB,annual,observed,https://api.worldbank.org/v2/country/POL;WLD;USA;CHN;DEU;IND;KOR;JPN;GBR;FRA;BRA;EST/indicator/GB.XPD.RSDV.GD.ZS?format=json&per_page=1000,2026-09-28T17:23:22.612Z,{}
GB.XPD.RSDV.GD.ZS,GB.XPD.RSDV.GD.ZS--chn,Chiny,CHN,Research and development expenditure (% of GDP),1993-12-31,1993,year,1993-01-01,,% PKB,annual,observed,https://api.worldbank.org/v2/country/POL;WLD;USA;CHN;DEU;IND;KOR;JPN;GBR;FRA;BRA;EST/indicator/GB.XPD.RSDV.GD.ZS?format=json&per_page=1000,2026-09-28T17:23:22.612Z,{}
GB.XPD.RSDV.GD.ZS,GB.XPD.RSDV.GD.ZS--deu,Niemcy,DEU,Research and development expenditure (% of GDP),1993-12-31,1993,year,1993-01-01,,% PKB,annual,observed,https://api.worldbank.org/v2/country/POL;WLD;USA;CHN;DEU;IND;KOR;JPN;GBR;FRA;BRA;EST/indicator/GB.XPD.RSDV.GD.ZS?format=json&per_page=1000,2026-09-28T17:23:22.612Z,{}
GB.XPD.RSDV.GD.ZS,GB.XPD.RSDV.GD.ZS--est,Estonia,EST,Research and development expenditure (% of GDP),1993-12-31,1993,year,1993-01-01,,% PKB,annual,observed,https://api.worldbank.org/v2/country/POL;WLD;USA;CHN;DEU;IND;KOR;JPN;GBR;FRA;BRA;EST/indicator/GB.XPD.RSDV.GD.ZS?format=json&per_page=1000,2026-09-28T17:23:22.612Z,{}
GB.XPD.RSDV.GD.ZS,GB.XPD.RSDV.GD.ZS--fra,Francja,FRA,Research and development expenditure (% of GDP),1993-12-31,1993,year,1993-01-01,,% PKB,annual,observed,https://api.worldbank.org/v2/country/POL;WLD;USA;CHN;DEU;IND;KOR;JPN;GBR;FRA;BRA;EST/indicator/GB.XPD.RSDV.GD.ZS?format=json&per_page=1000,2026-09-28T17:23:22.612Z,{}
GB.XPD.RSDV.GD.ZS,GB.XPD.RSDV.GD.ZS--gbr,Wielka Brytania,GBR,Research and development expenditure (% of GDP),1993-12-31,1993,year,1993-01-01,,% PKB,annual,observed,https://api.worldbank.org/v2/country/POL;WLD;USA;CHN;DEU;IND;KOR;JPN;GBR;FRA;BRA;EST/indicator/GB.XPD.RSDV.GD.ZS?format=json&per_page=1000,2026-09-28T17:23:22.612Z,{}
GB.XPD.RSDV.GD.ZS,GB.XPD.RSDV.GD.ZS--ind,Indie,IND,Research and development expenditure (% of GDP),1993-12-31,1993,year,1993-01-01,,% PKB,annual,observed,https://api.worldbank.org/v2/country/POL;WLD;USA;CHN;DEU;IND;KOR;JPN;GBR;FRA;BRA;EST/indicator/GB.XPD.RSDV.GD.ZS?format=json&per_page=1000,2026-09-28T17:23:22.612Z,{}
GB.XPD.RSDV.GD.ZS,GB.XPD.RSDV.GD.ZS--jpn,Japonia,JPN,Research and development expenditure (% of GDP),1993-12-31,1993,year,1993-01-01,,% PKB,annual,observed,https://api.worldbank.org/v2/country/POL;WLD;USA;CHN;DEU;IND;KOR;JPN;GBR;FRA;BRA;EST/indicator/GB.XPD.RSDV.GD.ZS?format=json&per_page=1000,2026-09-28T17:23:22.612Z,{}
GB.XPD.RSDV.GD.ZS,GB.XPD.RSDV.GD.ZS--kor,Korea Płd.,KOR,Research and development expenditure (% of GDP),1993-12-31,1993,year,1993-01-01,,% PKB,annual,observed,https://api.worldbank.org/v2/country/POL;WLD;USA;CHN;DEU;IND;KOR;JPN;GBR;FRA;BRA;EST/indicator/GB.XPD.RSDV.GD.ZS?format=json&per_page=1000,2026-09-28T17:23:22.612Z,{}
GB.XPD.RSDV.GD.ZS,GB.XPD.RSDV.GD.ZS--pol,Polska,POL,Research and development expenditure (% of GDP),1993-12-31,1993,year,1993-01-01,,% PKB,annual,observed,https://api.worldbank.org/v2/country/POL;WLD;USA;CHN;DEU;IND;KOR;JPN;GBR;FRA;BRA;EST/indicator/GB.XPD.RSDV.GD.ZS?format=json&per_page=1000,2026-09-28T17:23:22.612Z,{}
GB.XPD.RSDV.GD.ZS,GB.XPD.RSDV.GD.ZS--usa,USA,USA,Research and development expenditure (% of GDP),1993-12-31,1993,year,1993-01-01,,% PKB,annual,observed,https://api.worldbank.org/v2/country/POL;WLD;USA;CHN;DEU;IND;KOR;JPN;GBR;FRA;BRA;EST/indicator/GB.XPD.RSDV.GD.ZS?format=json&per_page=1000,2026-09-28T17:23:22.612Z,{}
GB.XPD.RSDV.GD.ZS,GB.XPD.RSDV.GD.ZS--wld,Świat,WLD,Research and development expenditure (% of GDP),1993-12-31,1993,year,1993-01-01,,% PKB,annual,observed,https://api.worldbank.org/v2/country/POL;WLD;USA;CHN;DEU;IND;KOR;JPN;GBR;FRA;BRA;EST/indicator/GB.XPD.RSDV.GD.ZS?format=json&per_page=1000,2026-09-28T17:23:22.612Z,{}
GB.XPD.RSDV.GD.ZS,GB.XPD.RSDV.GD.ZS--bra,Brazylia,BRA,Research and development expenditure (% of GDP),1994-12-31,1994,year,1994-01-01,,% PKB,annual,observed,https://api.worldbank.org/v2/country/POL;WLD;USA;CHN;DEU;IND;KOR;JPN;GBR;FRA;BRA;EST/indicator/GB.XPD.RSDV.GD.ZS?format=json&per_page=1000,2026-09-28T17:23:22.612Z,{}
GB.XPD.RSDV.GD.ZS,GB.XPD.RSDV.GD.ZS--chn,Chiny,CHN,Research and development expenditure (% of GDP),1994-12-31,1994,year,1994-01-01,,% PKB,annual,observed,https://api.worldbank.org/v2/country/POL;WLD;USA;CHN;DEU;IND;KOR;JPN;GBR;FRA;BRA;EST/indicator/GB.XPD.RSDV.GD.ZS?format=json&per_page=1000,2026-09-28T17:23:22.612Z,{}
GB.XPD.RSDV.GD.ZS,GB.XPD.RSDV.GD.ZS--deu,Niemcy,DEU,Research and development expenditure (% of GDP),1994-12-31,1994,year,1994-01-01,,% PKB,annual,observed,https://api.worldbank.org/v2/country/POL;WLD;USA;CHN;DEU;IND;KOR;JPN;GBR;FRA;BRA;EST/indicator/GB.XPD.RSDV.GD.ZS?format=json&per_page=1000,2026-09-28T17:23:22.612Z,{}
GB.XPD.RSDV.GD.ZS,GB.XPD.RSDV.GD.ZS--est,Estonia,EST,Research and development expenditure (% of GDP),1994-12-31,1994,year,1994-01-01,,% PKB,annual,observed,https://api.worldbank.org/v2/country/POL;WLD;USA;CHN;DEU;IND;KOR;JPN;GBR;FRA;BRA;EST/indicator/GB.XPD.RSDV.GD.ZS?format=json&per_page=1000,2026-09-28T17:23:22.612Z,{}
GB.XPD.RSDV.GD.ZS,GB.XPD.RSDV.GD.ZS--fra,Francja,FRA,Research and development expenditure (% of GDP),1994-12-31,1994,year,1994-01-01,,% PKB,annual,observed,https://api.worldbank.org/v2/country/POL;WLD;USA;CHN;DEU;IND;KOR;JPN;GBR;FRA;BRA;EST/indicator/GB.XPD.RSDV.GD.ZS?format=json&per_page=1000,2026-09-28T17:23:22.612Z,{}
GB.XPD.RSDV.GD.ZS,GB.XPD.RSDV.GD.ZS--gbr,Wielka Brytania,GBR,Research and development expenditure (% of GDP),1994-12-31,1994,year,1994-01-01,,% PKB,annual,observed,https://api.worldbank.org/v2/country/POL;WLD;USA;CHN;DEU;IND;KOR;JPN;GBR;FRA;BRA;EST/indicator/GB.XPD.RSDV.GD.ZS?format=json&per_page=1000,2026-09-28T17:23:22.612Z,{}
GB.XPD.RSDV.GD.ZS,GB.XPD.RSDV.GD.ZS--ind,Indie,IND,Research and development expenditure (% of GDP),1994-12-31,1994,year,1994-01-01,,% PKB,annual,observed,https://api.worldbank.org/v2/country/POL;WLD;USA;CHN;DEU;IND;KOR;JPN;GBR;FRA;BRA;EST/indicator/GB.XPD.RSDV.GD.ZS?format=json&per_page=1000,2026-09-28T17:23:22.612Z,{}
GB.XPD.RSDV.GD.ZS,GB.XPD.RSDV.GD.ZS--jpn,Japonia,JPN,Research and development expenditure (% of GDP),1994-12-31,1994,year,1994-01-01,,% PKB,annual,observed,https://api.worldbank.org/v2/country/POL;WLD;USA;CHN;DEU;IND;KOR;JPN;GBR;FRA;BRA;EST/indicator/GB.XPD.RSDV.GD.ZS?format=json&per_page=1000,2026-09-28T17:23:22.612Z,{}
GB.XPD.RSDV.GD.ZS,GB.XPD.RSDV.GD.ZS--kor,Korea Płd.,KOR,Research and development expenditure (% of GDP),1994-12-31,1994,year,1994-01-01,,% PKB,annual,observed,https://api.worldbank.org/v2/country/POL;WLD;USA;CHN;DEU;IND;KOR;JPN;GBR;FRA;BRA;EST/indicator/GB.XPD.RSDV.GD.ZS?format=json&per_page=1000,2026-09-28T17:23:22.612Z,{}
GB.XPD.RSDV.GD.ZS,GB.XPD.RSDV.GD.ZS--pol,Polska,POL,Research and development expenditure (% of GDP),1994-12-31,1994,year,1994-01-01,,% PKB,annual,observed,https://api.worldbank.org/v2/country/POL;WLD;USA;CHN;DEU;IND;KOR;JPN;GBR;FRA;BRA;EST/indicator/GB.XPD.RSDV.GD.ZS?format=json&per_page=1000,2026-09-28T17:23:22.612Z,{}
GB.XPD.RSDV.GD.ZS,GB.XPD.RSDV.GD.ZS--usa,USA,USA,Research and development expenditure (% of GDP),1994-12-31,1994,year,1994-01-01,,% PKB,annual,observed,https://api.worldbank.org/v2/country/POL;WLD;USA;CHN;DEU;IND;KOR;JPN;GBR;FRA;BRA;EST/indicator/GB.XPD.RSDV.GD.ZS?format=json&per_page=1000,2026-09-28T17:23:22.612Z,{}
GB.XPD.RSDV.GD.ZS,GB.XPD.RSDV.GD.ZS--wld,Świat,WLD,Research and development expenditure (% of GDP),1994-12-31,1994,year,1994-01-01,,% PKB,annual,observed,https://api.worldbank.org/v2/country/POL;WLD;USA;CHN;DEU;IND;KOR;JPN;GBR;FRA;BRA;EST/indicator/GB.XPD.RSDV.GD.ZS?format=json&per_page=1000,2026-09-28T17:23:22.612Z,{}
GB.XPD.RSDV.GD.ZS,GB.XPD.RSDV.GD.ZS--bra,Brazylia,BRA,Research and development expenditure (% of GDP),1995-12-31,1995,year,1995-01-01,,% PKB,annual,observed,https://api.worldbank.org/v2/country/POL;WLD;USA;CHN;DEU;IND;KOR;JPN;GBR;FRA;BRA;EST/indicator/GB.XPD.RSDV.GD.ZS?format=json&per_page=1000,2026-09-28T17:23:22.612Z,{}
GB.XPD.RSDV.GD.ZS,GB.XPD.RSDV.GD.ZS--chn,Chiny,CHN,Research and development expenditure (% of GDP),1995-12-31,1995,year,1995-01-01,,% PKB,annual,observed,https://api.worldbank.org/v2/country/POL;WLD;USA;CHN;DEU;IND;KOR;JPN;GBR;FRA;BRA;EST/indicator/GB.XPD.RSDV.GD.ZS?format=json&per_page=1000,2026-09-28T17:23:22.612Z,{}
GB.XPD.RSDV.GD.ZS,GB.XPD.RSDV.GD.ZS--deu,Niemcy,DEU,Research and development expenditure (% of GDP),1995-12-31,1995,year,1995-01-01,,% PKB,annual,observed,https://api.worldbank.org/v2/country/POL;WLD;USA;CHN;DEU;IND;KOR;JPN;GBR;FRA;BRA;EST/indicator/GB.XPD.RSDV.GD.ZS?format=json&per_page=1000,2026-09-28T17:23:22.612Z,{}
GB.XPD.RSDV.GD.ZS,GB.XPD.RSDV.GD.ZS--est,Estonia,EST,Research and development expenditure (% of GDP),1995-12-31,1995,year,1995-01-01,,% PKB,annual,observed,https://api.worldbank.org/v2/country/POL;WLD;USA;CHN;DEU;IND;KOR;JPN;GBR;FRA;BRA;EST/indicator/GB.XPD.RSDV.GD.ZS?format=json&per_page=1000,2026-09-28T17:23:22.612Z,{}
GB.XPD.RSDV.GD.ZS,GB.XPD.RSDV.GD.ZS--fra,Francja,FRA,Research and development expenditure (% of GDP),1995-12-31,1995,year,1995-01-01,,% PKB,annual,observed,https://api.worldbank.org/v2/country/POL;WLD;USA;CHN;DEU;IND;KOR;JPN;GBR;FRA;BRA;EST/indicator/GB.XPD.RSDV.GD.ZS?format=json&per_page=1000,2026-09-28T17:23:22.612Z,{}
GB.XPD.RSDV.GD.ZS,GB.XPD.RSDV.GD.ZS--gbr,Wielka Brytania,GBR,Research and development expenditure (% of GDP),1995-12-31,1995,year,1995-01-01,,% PKB,annual,observed,https://api.worldbank.org/v2/country/POL;WLD;USA;CHN;DEU;IND;KOR;JPN;GBR;FRA;BRA;EST/indicator/GB.XPD.RSDV.GD.ZS?format=json&per_page=1000,2026-09-28T17:23:22.612Z,{}
GB.XPD.RSDV.GD.ZS,GB.XPD.RSDV.GD.ZS--ind,Indie,IND,Research and development expenditure (% of GDP),1995-12-31,1995,year,1995-01-01,,% PKB,annual,observed,https://api.worldbank.org/v2/country/POL;WLD;USA;CHN;DEU;IND;KOR;JPN;GBR;FRA;BRA;EST/indicator/GB.XPD.RSDV.GD.ZS?format=json&per_page=1000,2026-09-28T17:23:22.612Z,{}
GB.XPD.RSDV.GD.ZS,GB.XPD.RSDV.GD.ZS--jpn,Japonia,JPN,Research and development expenditure (% of GDP),1995-12-31,1995,year,1995-01-01,,% PKB,annual,observed,https://api.worldbank.org/v2/country/POL;WLD;USA;CHN;DEU;IND;KOR;JPN;GBR;FRA;BRA;EST/indicator/GB.XPD.RSDV.GD.ZS?format=json&per_page=1000,2026-09-28T17:23:22.612Z,{}
GB.XPD.RSDV.GD.ZS,GB.XPD.RSDV.GD.ZS--kor,Korea Płd.,KOR,Research and development expenditure (% of GDP),1995-12-31,1995,year,1995-01-01,,% PKB,annual,observed,https://api.worldbank.org/v2/country/POL;WLD;USA;CHN;DEU;IND;KOR;JPN;GBR;FRA;BRA;EST/indicator/GB.XPD.RSDV.GD.ZS?format=json&per_page=1000,2026-09-28T17:23:22.612Z,{}
GB.XPD.RSDV.GD.ZS,GB.XPD.RSDV.GD.ZS--pol,Polska,POL,Research and development expenditure (% of GDP),1995-12-31,1995,year,1995-01-01,,% PKB,annual,observed,https://api.worldbank.org/v2/country/POL;WLD;USA;CHN;DEU;IND;KOR;JPN;GBR;FRA;BRA;EST/indicator/GB.XPD.RSDV.GD.ZS?format=json&per_page=1000,2026-09-28T17:23:22.612Z,{}
GB.XPD.RSDV.GD.ZS,GB.XPD.RSDV.GD.ZS--usa,USA,USA,Research and development expenditure (% of GDP),1995-12-31,1995,year,1995-01-01,,% PKB,annual,observed,https://api.worldbank.org/v2/country/POL;WLD;USA;CHN;DEU;IND;KOR;JPN;GBR;FRA;BRA;EST/indicator/GB.XPD.RSDV.GD.ZS?format=json&per_page=1000,2026-09-28T17:23:22.612Z,{}
GB.XPD.RSDV.GD.ZS,GB.XPD.RSDV.GD.ZS--wld,Świat,WLD,Research and development expenditure (% of GDP),1995-12-31,1995,year,1995-01-01,,% PKB,annual,observed,https://api.worldbank.org/v2/country/POL;WLD;USA;CHN;DEU;IND;KOR;JPN;GBR;FRA;BRA;EST/indicator/GB.XPD.RSDV.GD.ZS?format=json&per_page=1000,2026-09-28T17:23:22.612Z,{}
GB.XPD.RSDV.GD.ZS,GB.XPD.RSDV.GD.ZS--bra,Brazylia,BRA,Research and development expenditure (% of GDP),1996-12-31,1996,year,1996-01-01,,% PKB,annual,observed,https://api.worldbank.org/v2/country/POL;WLD;USA;CHN;DEU;IND;KOR;JPN;GBR;FRA;BRA;EST/indicator/GB.XPD.RSDV.GD.ZS?format=json&per_page=1000,2026-09-28T17:23:22.612Z,{}
GB.XPD.RSDV.GD.ZS,GB.XPD.RSDV.GD.ZS--chn,Chiny,CHN,Research and development expenditure (% of GDP),1996-12-31,1996,year,1996-01-01,0.56014,% PKB,annual,observed,https://api.worldbank.org/v2/country/POL;WLD;USA;CHN;DEU;IND;KOR;JPN;GBR;FRA;BRA;EST/indicator/GB.XPD.RSDV.GD.ZS?format=json&per_page=1000,2026-09-28T17:23:22.612Z,{}
GB.XPD.RSDV.GD.ZS,GB.XPD.RSDV.GD.ZS--deu,Niemcy,DEU,Research and development expenditure (% of GDP),1996-12-31,1996,year,1996-01-01,2.13663,% PKB,annual,observed,https://api.worldbank.org/v2/country/POL;WLD;USA;CHN;DEU;IND;KOR;JPN;GBR;FRA;BRA;EST/indicator/GB.XPD.RSDV.GD.ZS?format=json&per_page=1000,2026-09-28T17:23:22.612Z,{}
GB.XPD.RSDV.GD.ZS,GB.XPD.RSDV.GD.ZS--est,Estonia,EST,Research and development expenditure (% of GDP),1996-12-31,1996,year,1996-01-01,,% PKB,annual,observed,https://api.worldbank.org/v2/country/POL;WLD;USA;CHN;DEU;IND;KOR;JPN;GBR;FRA;BRA;EST/indicator/GB.XPD.RSDV.GD.ZS?format=json&per_page=1000,2026-09-28T17:23:22.612Z,{}
GB.XPD.RSDV.GD.ZS,GB.XPD.RSDV.GD.ZS--fra,Francja,FRA,Research and development expenditure (% of GDP),1996-12-31,1996,year,1996-01-01,2.23224,% PKB,annual,observed,https://api.worldbank.org/v2/country/POL;WLD;USA;CHN;DEU;IND;KOR;JPN;GBR;FRA;BRA;EST/indicator/GB.XPD.RSDV.GD.ZS?format=json&per_page=1000,2026-09-28T17:23:22.612Z,{}
GB.XPD.RSDV.GD.ZS,GB.XPD.RSDV.GD.ZS--gbr,Wielka Brytania,GBR,Research and development expenditure (% of GDP),1996-12-31,1996,year,1996-01-01,1.5754,% PKB,annual,observed,https://api.worldbank.org/v2/country/POL;WLD;USA;CHN;DEU;IND;KOR;JPN;GBR;FRA;BRA;EST/indicator/GB.XPD.RSDV.GD.ZS?format=json&per_page=1000,2026-09-28T17:23:22.612Z,{}
GB.XPD.RSDV.GD.ZS,GB.XPD.RSDV.GD.ZS--ind,Indie,IND,Research and development expenditure (% of GDP),1996-12-31,1996,year,1996-01-01,0.63905,% PKB,annual,observed,https://api.worldbank.org/v2/country/POL;WLD;USA;CHN;DEU;IND;KOR;JPN;GBR;FRA;BRA;EST/indicator/GB.XPD.RSDV.GD.ZS?format=json&per_page=1000,2026-09-28T17:23:22.612Z,{}
GB.XPD.RSDV.GD.ZS,GB.XPD.RSDV.GD.ZS--jpn,Japonia,JPN,Research and development expenditure (% of GDP),1996-12-31,1996,year,1996-01-01,2.64303,% PKB,annual,observed,https://api.worldbank.org/v2/country/POL;WLD;USA;CHN;DEU;IND;KOR;JPN;GBR;FRA;BRA;EST/indicator/GB.XPD.RSDV.GD.ZS?format=json&per_page=1000,2026-09-28T17:23:22.612Z,{}
GB.XPD.RSDV.GD.ZS,GB.XPD.RSDV.GD.ZS--kor,Korea Płd.,KOR,Research and development expenditure (% of GDP),1996-12-31,1996,year,1996-01-01,2.14233,% PKB,annual,observed,https://api.worldbank.org/v2/country/POL;WLD;USA;CHN;DEU;IND;KOR;JPN;GBR;FRA;BRA;EST/indicator/GB.XPD.RSDV.GD.ZS?format=json&per_page=1000,2026-09-28T17:23:22.612Z,{}
GB.XPD.RSDV.GD.ZS,GB.XPD.RSDV.GD.ZS--pol,Polska,POL,Research and development expenditure (% of GDP),1996-12-31,1996,year,1996-01-01,0.6369,% PKB,annual,observed,https://api.worldbank.org/v2/country/POL;WLD;USA;CHN;DEU;IND;KOR;JPN;GBR;FRA;BRA;EST/indicator/GB.XPD.RSDV.GD.ZS?format=json&per_page=1000,2026-09-28T17:23:22.612Z,{}
GB.XPD.RSDV.GD.ZS,GB.XPD.RSDV.GD.ZS--usa,USA,USA,Research and development expenditure (% of GDP),1996-12-31,1996,year,1996-01-01,2.45013,% PKB,annual,observed,https://api.worldbank.org/v2/country/POL;WLD;USA;CHN;DEU;IND;KOR;JPN;GBR;FRA;BRA;EST/indicator/GB.XPD.RSDV.GD.ZS?format=json&per_page=1000,2026-09-28T17:23:22.612Z,{}
GB.XPD.RSDV.GD.ZS,GB.XPD.RSDV.GD.ZS--wld,Świat,WLD,Research and development expenditure (% of GDP),1996-12-31,1996,year,1996-01-01,1.96493893801616,% PKB,annual,observed,https://api.worldbank.org/v2/country/POL;WLD;USA;CHN;DEU;IND;KOR;JPN;GBR;FRA;BRA;EST/indicator/GB.XPD.RSDV.GD.ZS?format=json&per_page=1000,2026-09-28T17:23:22.612Z,{}
GB.XPD.RSDV.GD.ZS,GB.XPD.RSDV.GD.ZS--bra,Brazylia,BRA,Research and development expenditure (% of GDP),1997-12-31,1997,year,1997-01-01,,% PKB,annual,observed,https://api.worldbank.org/v2/country/POL;WLD;USA;CHN;DEU;IND;KOR;JPN;GBR;FRA;BRA;EST/indicator/GB.XPD.RSDV.GD.ZS?format=json&per_page=1000,2026-09-28T17:23:22.612Z,{}
GB.XPD.RSDV.GD.ZS,GB.XPD.RSDV.GD.ZS--chn,Chiny,CHN,Research and development expenditure (% of GDP),1997-12-31,1997,year,1997-01-01,0.63467,% PKB,annual,observed,https://api.worldbank.org/v2/country/POL;WLD;USA;CHN;DEU;IND;KOR;JPN;GBR;FRA;BRA;EST/indicator/GB.XPD.RSDV.GD.ZS?format=json&per_page=1000,2026-09-28T17:23:22.612Z,{}
GB.XPD.RSDV.GD.ZS,GB.XPD.RSDV.GD.ZS--deu,Niemcy,DEU,Research and development expenditure (% of GDP),1997-12-31,1997,year,1997-01-01,2.18161,% PKB,annual,observed,https://api.worldbank.org/v2/country/POL;WLD;USA;CHN;DEU;IND;KOR;JPN;GBR;FRA;BRA;EST/indicator/GB.XPD.RSDV.GD.ZS?format=json&per_page=1000,2026-09-28T17:23:22.612Z,{}
GB.XPD.RSDV.GD.ZS,GB.XPD.RSDV.GD.ZS--est,Estonia,EST,Research and development expenditure (% of GDP),1997-12-31,1997,year,1997-01-01,,% PKB,annual,observed,https://api.worldbank.org/v2/country/POL;WLD;USA;CHN;DEU;IND;KOR;JPN;GBR;FRA;BRA;EST/indicator/GB.XPD.RSDV.GD.ZS?format=json&per_page=1000,2026-09-28T17:23:22.612Z,{}
GB.XPD.RSDV.GD.ZS,GB.XPD.RSDV.GD.ZS--fra,Francja,FRA,Research and development expenditure (% of GDP),1997-12-31,1997,year,1997-01-01,2.15216,% PKB,annual,observed,https://api.worldbank.org/v2/country/POL;WLD;USA;CHN;DEU;IND;KOR;JPN;GBR;FRA;BRA;EST/indicator/GB.XPD.RSDV.GD.ZS?format=json&per_page=1000,2026-09-28T17:23:22.612Z,{}
GB.XPD.RSDV.GD.ZS,GB.XPD.RSDV.GD.ZS--gbr,Wielka Brytania,GBR,Research and development expenditure (% of GDP),1997-12-31,1997,year,1997-01-01,1.53729,% PKB,annual,observed,https://api.worldbank.org/v2/country/POL;WLD;USA;CHN;DEU;IND;KOR;JPN;GBR;FRA;BRA;EST/indicator/GB.XPD.RSDV.GD.ZS?format=json&per_page=1000,2026-09-28T17:23:22.612Z,{}
GB.XPD.RSDV.GD.ZS,GB.XPD.RSDV.GD.ZS--ind,Indie,IND,Research and development expenditure (% of GDP),1997-12-31,1997,year,1997-01-01,0.68669,% PKB,annual,observed,https://api.worldbank.org/v2/country/POL;WLD;USA;CHN;DEU;IND;KOR;JPN;GBR;FRA;BRA;EST/indicator/GB.XPD.RSDV.GD.ZS?format=json&per_page=1000,2026-09-28T17:23:22.612Z,{}
GB.XPD.RSDV.GD.ZS,GB.XPD.RSDV.GD.ZS--jpn,Japonia,JPN,Research and development expenditure (% of GDP),1997-12-31,1997,year,1997-01-01,2.72177,% PKB,annual,observed,https://api.worldbank.org/v2/country/POL;WLD;USA;CHN;DEU;IND;KOR;JPN;GBR;FRA;BRA;EST/indicator/GB.XPD.RSDV.GD.ZS?format=json&per_page=1000,2026-09-28T17:23:22.612Z,{}
GB.XPD.RSDV.GD.ZS,GB.XPD.RSDV.GD.ZS--kor,Korea Płd.,KOR,Research and development expenditure (% of GDP),1997-12-31,1997,year,1997-01-01,2.17409,% PKB,annual,observed,https://api.worldbank.org/v2/country/POL;WLD;USA;CHN;DEU;IND;KOR;JPN;GBR;FRA;BRA;EST/indicator/GB.XPD.RSDV.GD.ZS?format=json&per_page=1000,2026-09-28T17:23:22.612Z,{}
GB.XPD.RSDV.GD.ZS,GB.XPD.RSDV.GD.ZS--pol,Polska,POL,Research and development expenditure (% of GDP),1997-12-31,1997,year,1997-01-01,0.641,% PKB,annual,observed,https://api.worldbank.org/v2/country/POL;WLD;USA;CHN;DEU;IND;KOR;JPN;GBR;FRA;BRA;EST/indicator/GB.XPD.RSDV.GD.ZS?format=json&per_page=1000,2026-09-28T17:23:22.612Z,{}
GB.XPD.RSDV.GD.ZS,GB.XPD.RSDV.GD.ZS--usa,USA,USA,Research and development expenditure (% of GDP),1997-12-31,1997,year,1997-01-01,2.47714,% PKB,annual,observed,https://api.worldbank.org/v2/country/POL;WLD;USA;CHN;DEU;IND;KOR;JPN;GBR;FRA;BRA;EST/indicator/GB.XPD.RSDV.GD.ZS?format=json&per_page=1000,2026-09-28T17:23:22.612Z,{}
GB.XPD.RSDV.GD.ZS,GB.XPD.RSDV.GD.ZS--wld,Świat,WLD,Research and development expenditure (% of GDP),1997-12-31,1997,year,1997-01-01,1.9626668481595,% PKB,annual,observed,https://api.worldbank.org/v2/country/POL;WLD;USA;CHN;DEU;IND;KOR;JPN;GBR;FRA;BRA;EST/indicator/GB.XPD.RSDV.GD.ZS?format=json&per_page=1000,2026-09-28T17:23:22.612Z,{}
GB.XPD.RSDV.GD.ZS,GB.XPD.RSDV.GD.ZS--bra,Brazylia,BRA,Research and development expenditure (% of GDP),1998-12-31,1998,year,1998-01-01,,% PKB,annual,observed,https://api.worldbank.org/v2/country/POL;WLD;USA;CHN;DEU;IND;KOR;JPN;GBR;FRA;BRA;EST/indicator/GB.XPD.RSDV.GD.ZS?format=json&per_page=1000,2026-09-28T17:23:22.612Z,{}
GB.XPD.RSDV.GD.ZS,GB.XPD.RSDV.GD.ZS--chn,Chiny,CHN,Research and development expenditure (% of GDP),1998-12-31,1998,year,1998-01-01,0.64185,% PKB,annual,observed,https://api.worldbank.org/v2/country/POL;WLD;USA;CHN;DEU;IND;KOR;JPN;GBR;FRA;BRA;EST/indicator/GB.XPD.RSDV.GD.ZS?format=json&per_page=1000,2026-09-28T17:23:22.612Z,{}
GB.XPD.RSDV.GD.ZS,GB.XPD.RSDV.GD.ZS--deu,Niemcy,DEU,Research and development expenditure (% of GDP),1998-12-31,1998,year,1998-01-01,2.20748,% PKB,annual,observed,https://api.worldbank.org/v2/country/POL;WLD;USA;CHN;DEU;IND;KOR;JPN;GBR;FRA;BRA;EST/indicator/GB.XPD.RSDV.GD.ZS?format=json&per_page=1000,2026-09-28T17:23:22.612Z,{}
GB.XPD.RSDV.GD.ZS,GB.XPD.RSDV.GD.ZS--est,Estonia,EST,Research and development expenditure (% of GDP),1998-12-31,1998,year,1998-01-01,0.56501,% PKB,annual,observed,https://api.worldbank.org/v2/country/POL;WLD;USA;CHN;DEU;IND;KOR;JPN;GBR;FRA;BRA;EST/indicator/GB.XPD.RSDV.GD.ZS?format=json&per_page=1000,2026-09-28T17:23:22.612Z,{}
GB.XPD.RSDV.GD.ZS,GB.XPD.RSDV.GD.ZS--fra,Francja,FRA,Research and development expenditure (% of GDP),1998-12-31,1998,year,1998-01-01,2.10343,% PKB,annual,observed,https://api.worldbank.org/v2/country/POL;WLD;USA;CHN;DEU;IND;KOR;JPN;GBR;FRA;BRA;EST/indicator/GB.XPD.RSDV.GD.ZS?format=json&per_page=1000,2026-09-28T17:23:22.612Z,{}
GB.XPD.RSDV.GD.ZS,GB.XPD.RSDV.GD.ZS--gbr,Wielka Brytania,GBR,Research and development expenditure (% of GDP),1998-12-31,1998,year,1998-01-01,1.54777,% PKB,annual,observed,https://api.worldbank.org/v2/country/POL;WLD;USA;CHN;DEU;IND;KOR;JPN;GBR;FRA;BRA;EST/indicator/GB.XPD.RSDV.GD.ZS?format=json&per_page=1000,2026-09-28T17:23:22.612Z,{}
GB.XPD.RSDV.GD.ZS,GB.XPD.RSDV.GD.ZS--ind,Indie,IND,Research and development expenditure (% of GDP),1998-12-31,1998,year,1998-01-01,0.70378,% PKB,annual,observed,https://api.worldbank.org/v2/country/POL;WLD;USA;CHN;DEU;IND;KOR;JPN;GBR;FRA;BRA;EST/indicator/GB.XPD.RSDV.GD.ZS?format=json&per_page=1000,2026-09-28T17:23:22.612Z,{}
GB.XPD.RSDV.GD.ZS,GB.XPD.RSDV.GD.ZS--jpn,Japonia,JPN,Research and development expenditure (% of GDP),1998-12-31,1998,year,1998-01-01,2.82745,% PKB,annual,observed,https://api.worldbank.org/v2/country/POL;WLD;USA;CHN;DEU;IND;KOR;JPN;GBR;FRA;BRA;EST/indicator/GB.XPD.RSDV.GD.ZS?format=json&per_page=1000,2026-09-28T17:23:22.612Z,{}
GB.XPD.RSDV.GD.ZS,GB.XPD.RSDV.GD.ZS--kor,Korea Płd.,KOR,Research and development expenditure (% of GDP),1998-12-31,1998,year,1998-01-01,2.03608,% PKB,annual,observed,https://api.worldbank.org/v2/country/POL;WLD;USA;CHN;DEU;IND;KOR;JPN;GBR;FRA;BRA;EST/indicator/GB.XPD.RSDV.GD.ZS?format=json&per_page=1000,2026-09-28T17:23:22.612Z,{}
GB.XPD.RSDV.GD.ZS,GB.XPD.RSDV.GD.ZS--pol,Polska,POL,Research and development expenditure (% of GDP),1998-12-31,1998,year,1998-01-01,0.65746,% PKB,annual,observed,https://api.worldbank.org/v2/country/POL;WLD;USA;CHN;DEU;IND;KOR;JPN;GBR;FRA;BRA;EST/indicator/GB.XPD.RSDV.GD.ZS?format=json&per_page=1000,2026-09-28T17:23:22.612Z,{}
GB.XPD.RSDV.GD.ZS,GB.XPD.RSDV.GD.ZS--usa,USA,USA,Research and development expenditure (% of GDP),1998-12-31,1998,year,1998-01-01,2.49621,% PKB,annual,observed,https://api.worldbank.org/v2/country/POL;WLD;USA;CHN;DEU;IND;KOR;JPN;GBR;FRA;BRA;EST/indicator/GB.XPD.RSDV.GD.ZS?format=json&per_page=1000,2026-09-28T17:23:22.612Z,{}
GB.XPD.RSDV.GD.ZS,GB.XPD.RSDV.GD.ZS--wld,Świat,WLD,Research and development expenditure (% of GDP),1998-12-31,1998,year,1998-01-01,1.97178662319723,% PKB,annual,observed,https://api.worldbank.org/v2/country/POL;WLD;USA;CHN;DEU;IND;KOR;JPN;GBR;FRA;BRA;EST/indicator/GB.XPD.RSDV.GD.ZS?format=json&per_page=1000,2026-09-28T17:23:22.612Z,{}
GB.XPD.RSDV.GD.ZS,GB.XPD.RSDV.GD.ZS--bra,Brazylia,BRA,Research and development expenditure (% of GDP),1999-12-31,1999,year,1999-01-01,,% PKB,annual,observed,https://api.worldbank.org/v2/country/POL;WLD;USA;CHN;DEU;IND;KOR;JPN;GBR;FRA;BRA;EST/indicator/GB.XPD.RSDV.GD.ZS?format=json&per_page=1000,2026-09-28T17:23:22.612Z,{}
GB.XPD.RSDV.GD.ZS,GB.XPD.RSDV.GD.ZS--chn,Chiny,CHN,Research and development expenditure (% of GDP),1999-12-31,1999,year,1999-01-01,0.74295,% PKB,annual,observed,https://api.worldbank.org/v2/country/POL;WLD;USA;CHN;DEU;IND;KOR;JPN;GBR;FRA;BRA;EST/indicator/GB.XPD.RSDV.GD.ZS?format=json&per_page=1000,2026-09-28T17:23:22.612Z,{}
GB.XPD.RSDV.GD.ZS,GB.XPD.RSDV.GD.ZS--deu,Niemcy,DEU,Research and development expenditure (% of GDP),1999-12-31,1999,year,1999-01-01,2.32772,% PKB,annual,observed,https://api.worldbank.org/v2/country/POL;WLD;USA;CHN;DEU;IND;KOR;JPN;GBR;FRA;BRA;EST/indicator/GB.XPD.RSDV.GD.ZS?format=json&per_page=1000,2026-09-28T17:23:22.612Z,{}
GB.XPD.RSDV.GD.ZS,GB.XPD.RSDV.GD.ZS--est,Estonia,EST,Research and development expenditure (% of GDP),1999-12-31,1999,year,1999-01-01,0.67708,% PKB,annual,observed,https://api.worldbank.org/v2/country/POL;WLD;USA;CHN;DEU;IND;KOR;JPN;GBR;FRA;BRA;EST/indicator/GB.XPD.RSDV.GD.ZS?format=json&per_page=1000,2026-09-28T17:23:22.612Z,{}
GB.XPD.RSDV.GD.ZS,GB.XPD.RSDV.GD.ZS--fra,Francja,FRA,Research and development expenditure (% of GDP),1999-12-31,1999,year,1999-01-01,2.1165,% PKB,annual,observed,https://api.worldbank.org/v2/country/POL;WLD;USA;CHN;DEU;IND;KOR;JPN;GBR;FRA;BRA;EST/indicator/GB.XPD.RSDV.GD.ZS?format=json&per_page=1000,2026-09-28T17:23:22.612Z,{}
GB.XPD.RSDV.GD.ZS,GB.XPD.RSDV.GD.ZS--gbr,Wielka Brytania,GBR,Research and development expenditure (% of GDP),1999-12-31,1999,year,1999-01-01,1.62268,% PKB,annual,observed,https://api.worldbank.org/v2/country/POL;WLD;USA;CHN;DEU;IND;KOR;JPN;GBR;FRA;BRA;EST/indicator/GB.XPD.RSDV.GD.ZS?format=json&per_page=1000,2026-09-28T17:23:22.612Z,{}
GB.XPD.RSDV.GD.ZS,GB.XPD.RSDV.GD.ZS--ind,Indie,IND,Research and development expenditure (% of GDP),1999-12-31,1999,year,1999-01-01,0.72413,% PKB,annual,observed,https://api.worldbank.org/v2/country/POL;WLD;USA;CHN;DEU;IND;KOR;JPN;GBR;FRA;BRA;EST/indicator/GB.XPD.RSDV.GD.ZS?format=json&per_page=1000,2026-09-28T17:23:22.612Z,{}
GB.XPD.RSDV.GD.ZS,GB.XPD.RSDV.GD.ZS--jpn,Japonia,JPN,Research and development expenditure (% of GDP),1999-12-31,1999,year,1999-01-01,2.84672,% PKB,annual,observed,https://api.worldbank.org/v2/country/POL;WLD;USA;CHN;DEU;IND;KOR;JPN;GBR;FRA;BRA;EST/indicator/GB.XPD.RSDV.GD.ZS?format=json&per_page=1000,2026-09-28T17:23:22.612Z,{}
GB.XPD.RSDV.GD.ZS,GB.XPD.RSDV.GD.ZS--kor,Korea Płd.,KOR,Research and development expenditure (% of GDP),1999-12-31,1999,year,1999-01-01,1.9446,% PKB,annual,observed,https://api.worldbank.org/v2/country/POL;WLD;USA;CHN;DEU;IND;KOR;JPN;GBR;FRA;BRA;EST/indicator/GB.XPD.RSDV.GD.ZS?format=json&per_page=1000,2026-09-28T17:23:22.612Z,{}
GB.XPD.RSDV.GD.ZS,GB.XPD.RSDV.GD.ZS--pol,Polska,POL,Research and development expenditure (% of GDP),1999-12-31,1999,year,1999-01-01,0.67786,% PKB,annual,observed,https://api.worldbank.org/v2/country/POL;WLD;USA;CHN;DEU;IND;KOR;JPN;GBR;FRA;BRA;EST/indicator/GB.XPD.RSDV.GD.ZS?format=json&per_page=1000,2026-09-28T17:23:22.612Z,{}
GB.XPD.RSDV.GD.ZS,GB.XPD.RSDV.GD.ZS--usa,USA,USA,Research and development expenditure (% of GDP),1999-12-31,1999,year,1999-01-01,2.54362,% PKB,annual,observed,https://api.worldbank.org/v2/country/POL;WLD;USA;CHN;DEU;IND;KOR;JPN;GBR;FRA;BRA;EST/indicator/GB.XPD.RSDV.GD.ZS?format=json&per_page=1000,2026-09-28T17:23:22.612Z,{}
GB.XPD.RSDV.GD.ZS,GB.XPD.RSDV.GD.ZS--wld,Świat,WLD,Research and development expenditure (% of GDP),1999-12-31,1999,year,1999-01-01,2.04650060133132,% PKB,annual,observed,https://api.worldbank.org/v2/country/POL;WLD;USA;CHN;DEU;IND;KOR;JPN;GBR;FRA;BRA;EST/indicator/GB.XPD.RSDV.GD.ZS?format=json&per_page=1000,2026-09-28T17:23:22.612Z,{}
GB.XPD.RSDV.GD.ZS,GB.XPD.RSDV.GD.ZS--bra,Brazylia,BRA,Research and development expenditure (% of GDP),2000-12-31,2000,year,2000-01-01,1.04752,% PKB,annual,observed,https://api.worldbank.org/v2/country/POL;WLD;USA;CHN;DEU;IND;KOR;JPN;GBR;FRA;BRA;EST/indicator/GB.XPD.RSDV.GD.ZS?format=json&per_page=1000,2026-09-28T17:23:22.612Z,{}
GB.XPD.RSDV.GD.ZS,GB.XPD.RSDV.GD.ZS--chn,Chiny,CHN,Research and development expenditure (% of GDP),2000-12-31,2000,year,2000-01-01,0.88409,% PKB,annual,observed,https://api.worldbank.org/v2/country/POL;WLD;USA;CHN;DEU;IND;KOR;JPN;GBR;FRA;BRA;EST/indicator/GB.XPD.RSDV.GD.ZS?format=json&per_page=1000,2026-09-28T17:23:22.612Z,{}
GB.XPD.RSDV.GD.ZS,GB.XPD.RSDV.GD.ZS--deu,Niemcy,DEU,Research and development expenditure (% of GDP),2000-12-31,2000,year,2000-01-01,2.38654,% PKB,annual,observed,https://api.worldbank.org/v2/country/POL;WLD;USA;CHN;DEU;IND;KOR;JPN;GBR;FRA;BRA;EST/indicator/GB.XPD.RSDV.GD.ZS?format=json&per_page=1000,2026-09-28T17:23:22.612Z,{}
GB.XPD.RSDV.GD.ZS,GB.XPD.RSDV.GD.ZS--est,Estonia,EST,Research and development expenditure (% of GDP),2000-12-31,2000,year,2000-01-01,0.6,% PKB,annual,observed,https://api.worldbank.org/v2/country/POL;WLD;USA;CHN;DEU;IND;KOR;JPN;GBR;FRA;BRA;EST/indicator/GB.XPD.RSDV.GD.ZS?format=json&per_page=1000,2026-09-28T17:23:22.612Z,{}
GB.XPD.RSDV.GD.ZS,GB.XPD.RSDV.GD.ZS--fra,Francja,FRA,Research and development expenditure (% of GDP),2000-12-31,2000,year,2000-01-01,2.10066,% PKB,annual,observed,https://api.worldbank.org/v2/country/POL;WLD;USA;CHN;DEU;IND;KOR;JPN;GBR;FRA;BRA;EST/indicator/GB.XPD.RSDV.GD.ZS?format=json&per_page=1000,2026-09-28T17:23:22.612Z,{}
GB.XPD.RSDV.GD.ZS,GB.XPD.RSDV.GD.ZS--gbr,Wielka Brytania,GBR,Research and development expenditure (% of GDP),2000-12-31,2000,year,2000-01-01,1.60963,% PKB,annual,observed,https://api.worldbank.org/v2/country/POL;WLD;USA;CHN;DEU;IND;KOR;JPN;GBR;FRA;BRA;EST/indicator/GB.XPD.RSDV.GD.ZS?format=json&per_page=1000,2026-09-28T17:23:22.612Z,{}
GB.XPD.RSDV.GD.ZS,GB.XPD.RSDV.GD.ZS--ind,Indie,IND,Research and development expenditure (% of GDP),2000-12-31,2000,year,2000-01-01,0.75699,% PKB,annual,observed,https://api.worldbank.org/v2/country/POL;WLD;USA;CHN;DEU;IND;KOR;JPN;GBR;FRA;BRA;EST/indicator/GB.XPD.RSDV.GD.ZS?format=json&per_page=1000,2026-09-28T17:23:22.612Z,{}
GB.XPD.RSDV.GD.ZS,GB.XPD.RSDV.GD.ZS--jpn,Japonia,JPN,Research and development expenditure (% of GDP),2000-12-31,2000,year,2000-01-01,2.85841,% PKB,annual,observed,https://api.worldbank.org/v2/country/POL;WLD;USA;CHN;DEU;IND;KOR;JPN;GBR;FRA;BRA;EST/indicator/GB.XPD.RSDV.GD.ZS?format=json&per_page=1000,2026-09-28T17:23:22.612Z,{}
GB.XPD.RSDV.GD.ZS,GB.XPD.RSDV.GD.ZS--kor,Korea Płd.,KOR,Research and development expenditure (% of GDP),2000-12-31,2000,year,2000-01-01,2.0494,% PKB,annual,observed,https://api.worldbank.org/v2/country/POL;WLD;USA;CHN;DEU;IND;KOR;JPN;GBR;FRA;BRA;EST/indicator/GB.XPD.RSDV.GD.ZS?format=json&per_page=1000,2026-09-28T17:23:22.612Z,{}
GB.XPD.RSDV.GD.ZS,GB.XPD.RSDV.GD.ZS--pol,Polska,POL,Research and development expenditure (% of GDP),2000-12-31,2000,year,2000-01-01,0.63806,% PKB,annual,observed,https://api.worldbank.org/v2/country/POL;WLD;USA;CHN;DEU;IND;KOR;JPN;GBR;FRA;BRA;EST/indicator/GB.XPD.RSDV.GD.ZS?format=json&per_page=1000,2026-09-28T17:23:22.612Z,{}
GB.XPD.RSDV.GD.ZS,GB.XPD.RSDV.GD.ZS--usa,USA,USA,Research and development expenditure (% of GDP),2000-12-31,2000,year,2000-01-01,2.61982,% PKB,annual,observed,https://api.worldbank.org/v2/country/POL;WLD;USA;CHN;DEU;IND;KOR;JPN;GBR;FRA;BRA;EST/indicator/GB.XPD.RSDV.GD.ZS?format=json&per_page=1000,2026-09-28T17:23:22.612Z,{}
GB.XPD.RSDV.GD.ZS,GB.XPD.RSDV.GD.ZS--wld,Świat,WLD,Research and development expenditure (% of GDP),2000-12-31,2000,year,2000-01-01,2.04500045332699,% PKB,annual,observed,https://api.worldbank.org/v2/country/POL;WLD;USA;CHN;DEU;IND;KOR;JPN;GBR;FRA;BRA;EST/indicator/GB.XPD.RSDV.GD.ZS?format=json&per_page=1000,2026-09-28T17:23:22.612Z,{}
GB.XPD.RSDV.GD.ZS,GB.XPD.RSDV.GD.ZS--bra,Brazylia,BRA,Research and development expenditure (% of GDP),2001-12-31,2001,year,2001-01-01,1.06197,% PKB,annual,observed,https://api.worldbank.org/v2/country/POL;WLD;USA;CHN;DEU;IND;KOR;JPN;GBR;FRA;BRA;EST/indicator/GB.XPD.RSDV.GD.ZS?format=json&per_page=1000,2026-09-28T17:23:22.612Z,{}
GB.XPD.RSDV.GD.ZS,GB.XPD.RSDV.GD.ZS--chn,Chiny,CHN,Research and development expenditure (% of GDP),2001-12-31,2001,year,2001-01-01,0.92948,% PKB,annual,observed,https://api.worldbank.org/v2/country/POL;WLD;USA;CHN;DEU;IND;KOR;JPN;GBR;FRA;BRA;EST/indicator/GB.XPD.RSDV.GD.ZS?format=json&per_page=1000,2026-09-28T17:23:22.612Z,{}
GB.XPD.RSDV.GD.ZS,GB.XPD.RSDV.GD.ZS--deu,Niemcy,DEU,Research and development expenditure (% of GDP),2001-12-31,2001,year,2001-01-01,2.3792,% PKB,annual,observed,https://api.worldbank.org/v2/country/POL;WLD;USA;CHN;DEU;IND;KOR;JPN;GBR;FRA;BRA;EST/indicator/GB.XPD.RSDV.GD.ZS?format=json&per_page=1000,2026-09-28T17:23:22.612Z,{}
GB.XPD.RSDV.GD.ZS,GB.XPD.RSDV.GD.ZS--est,Estonia,EST,Research and development expenditure (% of GDP),2001-12-31,2001,year,2001-01-01,0.69889,% PKB,annual,observed,https://api.worldbank.org/v2/country/POL;WLD;USA;CHN;DEU;IND;KOR;JPN;GBR;FRA;BRA;EST/indicator/GB.XPD.RSDV.GD.ZS?format=json&per_page=1000,2026-09-28T17:23:22.612Z,{}
GB.XPD.RSDV.GD.ZS,GB.XPD.RSDV.GD.ZS--fra,Francja,FRA,Research and development expenditure (% of GDP),2001-12-31,2001,year,2001-01-01,2.1494,% PKB,annual,observed,https://api.worldbank.org/v2/country/POL;WLD;USA;CHN;DEU;IND;KOR;JPN;GBR;FRA;BRA;EST/indicator/GB.XPD.RSDV.GD.ZS?format=json&per_page=1000,2026-09-28T17:23:22.612Z,{}
GB.XPD.RSDV.GD.ZS,GB.XPD.RSDV.GD.ZS--gbr,Wielka Brytania,GBR,Research and development expenditure (% of GDP),2001-12-31,2001,year,2001-01-01,1.59544,% PKB,annual,observed,https://api.worldbank.org/v2/country/POL;WLD;USA;CHN;DEU;IND;KOR;JPN;GBR;FRA;BRA;EST/indicator/GB.XPD.RSDV.GD.ZS?format=json&per_page=1000,2026-09-28T17:23:22.612Z,{}
GB.XPD.RSDV.GD.ZS,GB.XPD.RSDV.GD.ZS--ind,Indie,IND,Research and development expenditure (% of GDP),2001-12-31,2001,year,2001-01-01,0.73591,% PKB,annual,observed,https://api.worldbank.org/v2/country/POL;WLD;USA;CHN;DEU;IND;KOR;JPN;GBR;FRA;BRA;EST/indicator/GB.XPD.RSDV.GD.ZS?format=json&per_page=1000,2026-09-28T17:23:22.612Z,{}
GB.XPD.RSDV.GD.ZS,GB.XPD.RSDV.GD.ZS--jpn,Japonia,JPN,Research and development expenditure (% of GDP),2001-12-31,2001,year,2001-01-01,2.92348,% PKB,annual,observed,https://api.worldbank.org/v2/country/POL;WLD;USA;CHN;DEU;IND;KOR;JPN;GBR;FRA;BRA;EST/indicator/GB.XPD.RSDV.GD.ZS?format=json&per_page=1000,2026-09-28T17:23:22.612Z,{}
GB.XPD.RSDV.GD.ZS,GB.XPD.RSDV.GD.ZS--kor,Korea Płd.,KOR,Research and development expenditure (% of GDP),2001-12-31,2001,year,2001-01-01,2.19872,% PKB,annual,observed,https://api.worldbank.org/v2/country/POL;WLD;USA;CHN;DEU;IND;KOR;JPN;GBR;FRA;BRA;EST/indicator/GB.XPD.RSDV.GD.ZS?format=json&per_page=1000,2026-09-28T17:23:22.612Z,{}
GB.XPD.RSDV.GD.ZS,GB.XPD.RSDV.GD.ZS--pol,Polska,POL,Research and development expenditure (% of GDP),2001-12-31,2001,year,2001-01-01,0.61861,% PKB,annual,observed,https://api.worldbank.org/v2/country/POL;WLD;USA;CHN;DEU;IND;KOR;JPN;GBR;FRA;BRA;EST/indicator/GB.XPD.RSDV.GD.ZS?format=json&per_page=1000,2026-09-28T17:23:22.612Z,{}
GB.XPD.RSDV.GD.ZS,GB.XPD.RSDV.GD.ZS--usa,USA,USA,Research and development expenditure (% of GDP),2001-12-31,2001,year,2001-01-01,2.63715,% PKB,annual,observed,https://api.worldbank.org/v2/country/POL;WLD;USA;CHN;DEU;IND;KOR;JPN;GBR;FRA;BRA;EST/indicator/GB.XPD.RSDV.GD.ZS?format=json&per_page=1000,2026-09-28T17:23:22.612Z,{}
GB.XPD.RSDV.GD.ZS,GB.XPD.RSDV.GD.ZS--wld,Świat,WLD,Research and development expenditure (% of GDP),2001-12-31,2001,year,2001-01-01,2.06218411545921,% PKB,annual,observed,https://api.worldbank.org/v2/country/POL;WLD;USA;CHN;DEU;IND;KOR;JPN;GBR;FRA;BRA;EST/indicator/GB.XPD.RSDV.GD.ZS?format=json&per_page=1000,2026-09-28T17:23:22.612Z,{}
GB.XPD.RSDV.GD.ZS,GB.XPD.RSDV.GD.ZS--bra,Brazylia,BRA,Research and development expenditure (% of GDP),2002-12-31,2002,year,2002-01-01,1.00967,% PKB,annual,observed,https://api.worldbank.org/v2/country/POL;WLD;USA;CHN;DEU;IND;KOR;JPN;GBR;FRA;BRA;EST/indicator/GB.XPD.RSDV.GD.ZS?format=json&per_page=1000,2026-09-28T17:23:22.612Z,{}
GB.XPD.RSDV.GD.ZS,GB.XPD.RSDV.GD.ZS--chn,Chiny,CHN,Research and development expenditure (% of GDP),2002-12-31,2002,year,2002-01-01,1.04418,% PKB,annual,observed,https://api.worldbank.org/v2/country/POL;WLD;USA;CHN;DEU;IND;KOR;JPN;GBR;FRA;BRA;EST/indicator/GB.XPD.RSDV.GD.ZS?format=json&per_page=1000,2026-09-28T17:23:22.612Z,{}
GB.XPD.RSDV.GD.ZS,GB.XPD.RSDV.GD.ZS--deu,Niemcy,DEU,Research and development expenditure (% of GDP),2002-12-31,2002,year,2002-01-01,2.40856,% PKB,annual,observed,https://api.worldbank.org/v2/country/POL;WLD;USA;CHN;DEU;IND;KOR;JPN;GBR;FRA;BRA;EST/indicator/GB.XPD.RSDV.GD.ZS?format=json&per_page=1000,2026-09-28T17:23:22.612Z,{}
GB.XPD.RSDV.GD.ZS,GB.XPD.RSDV.GD.ZS--est,Estonia,EST,Research and development expenditure (% of GDP),2002-12-31,2002,year,2002-01-01,0.71182,% PKB,annual,observed,https://api.worldbank.org/v2/country/POL;WLD;USA;CHN;DEU;IND;KOR;JPN;GBR;FRA;BRA;EST/indicator/GB.XPD.RSDV.GD.ZS?format=json&per_page=1000,2026-09-28T17:23:22.612Z,{}
GB.XPD.RSDV.GD.ZS,GB.XPD.RSDV.GD.ZS--fra,Francja,FRA,Research and development expenditure (% of GDP),2002-12-31,2002,year,2002-01-01,2.18758,% PKB,annual,observed,https://api.worldbank.org/v2/country/POL;WLD;USA;CHN;DEU;IND;KOR;JPN;GBR;FRA;BRA;EST/indicator/GB.XPD.RSDV.GD.ZS?format=json&per_page=1000,2026-09-28T17:23:22.612Z,{}
GB.XPD.RSDV.GD.ZS,GB.XPD.RSDV.GD.ZS--gbr,Wielka Brytania,GBR,Research and development expenditure (% of GDP),2002-12-31,2002,year,2002-01-01,1.61383,% PKB,annual,observed,https://api.worldbank.org/v2/country/POL;WLD;USA;CHN;DEU;IND;KOR;JPN;GBR;FRA;BRA;EST/indicator/GB.XPD.RSDV.GD.ZS?format=json&per_page=1000,2026-09-28T17:23:22.612Z,{}
GB.XPD.RSDV.GD.ZS,GB.XPD.RSDV.GD.ZS--ind,Indie,IND,Research and development expenditure (% of GDP),2002-12-31,2002,year,2002-01-01,0.72567,% PKB,annual,observed,https://api.worldbank.org/v2/country/POL;WLD;USA;CHN;DEU;IND;KOR;JPN;GBR;FRA;BRA;EST/indicator/GB.XPD.RSDV.GD.ZS?format=json&per_page=1000,2026-09-28T17:23:22.612Z,{}
GB.XPD.RSDV.GD.ZS,GB.XPD.RSDV.GD.ZS--jpn,Japonia,JPN,Research and development expenditure (% of GDP),2002-12-31,2002,year,2002-01-01,2.96514,% PKB,annual,observed,https://api.worldbank.org/v2/country/POL;WLD;USA;CHN;DEU;IND;KOR;JPN;GBR;FRA;BRA;EST/indicator/GB.XPD.RSDV.GD.ZS?format=json&per_page=1000,2026-09-28T17:23:22.612Z,{}
GB.XPD.RSDV.GD.ZS,GB.XPD.RSDV.GD.ZS--kor,Korea Płd.,KOR,Research and development expenditure (% of GDP),2002-12-31,2002,year,2002-01-01,2.13042,% PKB,annual,observed,https://api.worldbank.org/v2/country/POL;WLD;USA;CHN;DEU;IND;KOR;JPN;GBR;FRA;BRA;EST/indicator/GB.XPD.RSDV.GD.ZS?format=json&per_page=1000,2026-09-28T17:23:22.612Z,{}
GB.XPD.RSDV.GD.ZS,GB.XPD.RSDV.GD.ZS--pol,Polska,POL,Research and development expenditure (% of GDP),2002-12-31,2002,year,2002-01-01,0.55501,% PKB,annual,observed,https://api.worldbank.org/v2/country/POL;WLD;USA;CHN;DEU;IND;KOR;JPN;GBR;FRA;BRA;EST/indicator/GB.XPD.RSDV.GD.ZS?format=json&per_page=1000,2026-09-28T17:23:22.612Z,{}
GB.XPD.RSDV.GD.ZS,GB.XPD.RSDV.GD.ZS--usa,USA,USA,Research and development expenditure (% of GDP),2002-12-31,2002,year,2002-01-01,2.54746,% PKB,annual,observed,https://api.worldbank.org/v2/country/POL;WLD;USA;CHN;DEU;IND;KOR;JPN;GBR;FRA;BRA;EST/indicator/GB.XPD.RSDV.GD.ZS?format=json&per_page=1000,2026-09-28T17:23:22.612Z,{}
GB.XPD.RSDV.GD.ZS,GB.XPD.RSDV.GD.ZS--wld,Świat,WLD,Research and development expenditure (% of GDP),2002-12-31,2002,year,2002-01-01,2.02635273484562,% PKB,annual,observed,https://api.worldbank.org/v2/country/POL;WLD;USA;CHN;DEU;IND;KOR;JPN;GBR;FRA;BRA;EST/indicator/GB.XPD.RSDV.GD.ZS?format=json&per_page=1000,2026-09-28T17:23:22.612Z,{}
GB.XPD.RSDV.GD.ZS,GB.XPD.RSDV.GD.ZS--bra,Brazylia,BRA,Research and development expenditure (% of GDP),2003-12-31,2003,year,2003-01-01,0.99939,% PKB,annual,observed,https://api.worldbank.org/v2/country/POL;WLD;USA;CHN;DEU;IND;KOR;JPN;GBR;FRA;BRA;EST/indicator/GB.XPD.RSDV.GD.ZS?format=json&per_page=1000,2026-09-28T17:23:22.612Z,{}
GB.XPD.RSDV.GD.ZS,GB.XPD.RSDV.GD.ZS--chn,Chiny,CHN,Research and development expenditure (% of GDP),2003-12-31,2003,year,2003-01-01,1.10465,% PKB,annual,observed,https://api.worldbank.org/v2/country/POL;WLD;USA;CHN;DEU;IND;KOR;JPN;GBR;FRA;BRA;EST/indicator/GB.XPD.RSDV.GD.ZS?format=json&per_page=1000,2026-09-28T17:23:22.612Z,{}
GB.XPD.RSDV.GD.ZS,GB.XPD.RSDV.GD.ZS--deu,Niemcy,DEU,Research and development expenditure (% of GDP),2003-12-31,2003,year,2003-01-01,2.44232,% PKB,annual,observed,https://api.worldbank.org/v2/country/POL;WLD;USA;CHN;DEU;IND;KOR;JPN;GBR;FRA;BRA;EST/indicator/GB.XPD.RSDV.GD.ZS?format=json&per_page=1000,2026-09-28T17:23:22.612Z,{}
GB.XPD.RSDV.GD.ZS,GB.XPD.RSDV.GD.ZS--est,Estonia,EST,Research and development expenditure (% of GDP),2003-12-31,2003,year,2003-01-01,0.76445,% PKB,annual,observed,https://api.worldbank.org/v2/country/POL;WLD;USA;CHN;DEU;IND;KOR;JPN;GBR;FRA;BRA;EST/indicator/GB.XPD.RSDV.GD.ZS?format=json&per_page=1000,2026-09-28T17:23:22.612Z,{}
GB.XPD.RSDV.GD.ZS,GB.XPD.RSDV.GD.ZS--fra,Francja,FRA,Research and development expenditure (% of GDP),2003-12-31,2003,year,2003-01-01,2.13086,% PKB,annual,observed,https://api.worldbank.org/v2/country/POL;WLD;USA;CHN;DEU;IND;KOR;JPN;GBR;FRA;BRA;EST/indicator/GB.XPD.RSDV.GD.ZS?format=json&per_page=1000,2026-09-28T17:23:22.612Z,{}
GB.XPD.RSDV.GD.ZS,GB.XPD.RSDV.GD.ZS--gbr,Wielka Brytania,GBR,Research and development expenditure (% of GDP),2003-12-31,2003,year,2003-01-01,1.58131,% PKB,annual,observed,https://api.worldbank.org/v2/country/POL;WLD;USA;CHN;DEU;IND;KOR;JPN;GBR;FRA;BRA;EST/indicator/GB.XPD.RSDV.GD.ZS?format=json&per_page=1000,2026-09-28T17:23:22.612Z,{}
GB.XPD.RSDV.GD.ZS,GB.XPD.RSDV.GD.ZS--ind,Indie,IND,Research and development expenditure (% of GDP),2003-12-31,2003,year,2003-01-01,0.71929,% PKB,annual,observed,https://api.worldbank.org/v2/country/POL;WLD;USA;CHN;DEU;IND;KOR;JPN;GBR;FRA;BRA;EST/indicator/GB.XPD.RSDV.GD.ZS?format=json&per_page=1000,2026-09-28T17:23:22.612Z,{}
GB.XPD.RSDV.GD.ZS,GB.XPD.RSDV.GD.ZS--jpn,Japonia,JPN,Research and development expenditure (% of GDP),2003-12-31,2003,year,2003-01-01,2.99319,% PKB,annual,observed,https://api.worldbank.org/v2/country/POL;WLD;USA;CHN;DEU;IND;KOR;JPN;GBR;FRA;BRA;EST/indicator/GB.XPD.RSDV.GD.ZS?format=json&per_page=1000,2026-09-28T17:23:22.612Z,{}
GB.XPD.RSDV.GD.ZS,GB.XPD.RSDV.GD.ZS--kor,Korea Płd.,KOR,Research and development expenditure (% of GDP),2003-12-31,2003,year,2003-01-01,2.19657,% PKB,annual,observed,https://api.worldbank.org/v2/country/POL;WLD;USA;CHN;DEU;IND;KOR;JPN;GBR;FRA;BRA;EST/indicator/GB.XPD.RSDV.GD.ZS?format=json&per_page=1000,2026-09-28T17:23:22.612Z,{}
GB.XPD.RSDV.GD.ZS,GB.XPD.RSDV.GD.ZS--pol,Polska,POL,Research and development expenditure (% of GDP),2003-12-31,2003,year,2003-01-01,0.53626,% PKB,annual,observed,https://api.worldbank.org/v2/country/POL;WLD;USA;CHN;DEU;IND;KOR;JPN;GBR;FRA;BRA;EST/indicator/GB.XPD.RSDV.GD.ZS?format=json&per_page=1000,2026-09-28T17:23:22.612Z,{}
GB.XPD.RSDV.GD.ZS,GB.XPD.RSDV.GD.ZS--usa,USA,USA,Research and development expenditure (% of GDP),2003-12-31,2003,year,2003-01-01,2.55014,% PKB,annual,observed,https://api.worldbank.org/v2/country/POL;WLD;USA;CHN;DEU;IND;KOR;JPN;GBR;FRA;BRA;EST/indicator/GB.XPD.RSDV.GD.ZS?format=json&per_page=1000,2026-09-28T17:23:22.612Z,{}
GB.XPD.RSDV.GD.ZS,GB.XPD.RSDV.GD.ZS--wld,Świat,WLD,Research and development expenditure (% of GDP),2003-12-31,2003,year,2003-01-01,2.01586800611062,% PKB,annual,observed,https://api.worldbank.org/v2/country/POL;WLD;USA;CHN;DEU;IND;KOR;JPN;GBR;FRA;BRA;EST/indicator/GB.XPD.RSDV.GD.ZS?format=json&per_page=1000,2026-09-28T17:23:22.612Z,{}
GB.XPD.RSDV.GD.ZS,GB.XPD.RSDV.GD.ZS--bra,Brazylia,BRA,Research and development expenditure (% of GDP),2004-12-31,2004,year,2004-01-01,0.96343,% PKB,annual,observed,https://api.worldbank.org/v2/country/POL;WLD;USA;CHN;DEU;IND;KOR;JPN;GBR;FRA;BRA;EST/indicator/GB.XPD.RSDV.GD.ZS?format=json&per_page=1000,2026-09-28T17:23:22.612Z,{}
GB.XPD.RSDV.GD.ZS,GB.XPD.RSDV.GD.ZS--chn,Chiny,CHN,Research and development expenditure (% of GDP),2004-12-31,2004,year,2004-01-01,1.19732,% PKB,annual,observed,https://api.worldbank.org/v2/country/POL;WLD;USA;CHN;DEU;IND;KOR;JPN;GBR;FRA;BRA;EST/indicator/GB.XPD.RSDV.GD.ZS?format=json&per_page=1000,2026-09-28T17:23:22.612Z,{}
GB.XPD.RSDV.GD.ZS,GB.XPD.RSDV.GD.ZS--deu,Niemcy,DEU,Research and development expenditure (% of GDP),2004-12-31,2004,year,2004-01-01,2.40278,% PKB,annual,observed,https://api.worldbank.org/v2/country/POL;WLD;USA;CHN;DEU;IND;KOR;JPN;GBR;FRA;BRA;EST/indicator/GB.XPD.RSDV.GD.ZS?format=json&per_page=1000,2026-09-28T17:23:22.612Z,{}
GB.XPD.RSDV.GD.ZS,GB.XPD.RSDV.GD.ZS--est,Estonia,EST,Research and development expenditure (% of GDP),2004-12-31,2004,year,2004-01-01,0.84566,% PKB,annual,observed,https://api.worldbank.org/v2/country/POL;WLD;USA;CHN;DEU;IND;KOR;JPN;GBR;FRA;BRA;EST/indicator/GB.XPD.RSDV.GD.ZS?format=json&per_page=1000,2026-09-28T17:23:22.612Z,{}
GB.XPD.RSDV.GD.ZS,GB.XPD.RSDV.GD.ZS--fra,Francja,FRA,Research and development expenditure (% of GDP),2004-12-31,2004,year,2004-01-01,2.10438,% PKB,annual,observed,https://api.worldbank.org/v2/country/POL;WLD;USA;CHN;DEU;IND;KOR;JPN;GBR;FRA;BRA;EST/indicator/GB.XPD.RSDV.GD.ZS?format=json&per_page=1000,2026-09-28T17:23:22.612Z,{}
GB.XPD.RSDV.GD.ZS,GB.XPD.RSDV.GD.ZS--gbr,Wielka Brytania,GBR,Research and development expenditure (% of GDP),2004-12-31,2004,year,2004-01-01,1.53089,% PKB,annual,observed,https://api.worldbank.org/v2/country/POL;WLD;USA;CHN;DEU;IND;KOR;JPN;GBR;FRA;BRA;EST/indicator/GB.XPD.RSDV.GD.ZS?format=json&per_page=1000,2026-09-28T17:23:22.612Z,{}
GB.XPD.RSDV.GD.ZS,GB.XPD.RSDV.GD.ZS--ind,Indie,IND,Research and development expenditure (% of GDP),2004-12-31,2004,year,2004-01-01,0.7569,% PKB,annual,observed,https://api.worldbank.org/v2/country/POL;WLD;USA;CHN;DEU;IND;KOR;JPN;GBR;FRA;BRA;EST/indicator/GB.XPD.RSDV.GD.ZS?format=json&per_page=1000,2026-09-28T17:23:22.612Z,{}
GB.XPD.RSDV.GD.ZS,GB.XPD.RSDV.GD.ZS--jpn,Japonia,JPN,Research and development expenditure (% of GDP),2004-12-31,2004,year,2004-01-01,2.98125,% PKB,annual,observed,https://api.worldbank.org/v2/country/POL;WLD;USA;CHN;DEU;IND;KOR;JPN;GBR;FRA;BRA;EST/indicator/GB.XPD.RSDV.GD.ZS?format=json&per_page=1000,2026-09-28T17:23:22.612Z,{}
GB.XPD.RSDV.GD.ZS,GB.XPD.RSDV.GD.ZS--kor,Korea Płd.,KOR,Research and development expenditure (% of GDP),2004-12-31,2004,year,2004-01-01,2.35292,% PKB,annual,observed,https://api.worldbank.org/v2/country/POL;WLD;USA;CHN;DEU;IND;KOR;JPN;GBR;FRA;BRA;EST/indicator/GB.XPD.RSDV.GD.ZS?format=json&per_page=1000,2026-09-28T17:23:22.612Z,{}
GB.XPD.RSDV.GD.ZS,GB.XPD.RSDV.GD.ZS--pol,Polska,POL,Research and development expenditure (% of GDP),2004-12-31,2004,year,2004-01-01,0.54999,% PKB,annual,observed,https://api.worldbank.org/v2/country/POL;WLD;USA;CHN;DEU;IND;KOR;JPN;GBR;FRA;BRA;EST/indicator/GB.XPD.RSDV.GD.ZS?format=json&per_page=1000,2026-09-28T17:23:22.612Z,{}
GB.XPD.RSDV.GD.ZS,GB.XPD.RSDV.GD.ZS--usa,USA,USA,Research and development expenditure (% of GDP),2004-12-31,2004,year,2004-01-01,2.48685,% PKB,annual,observed,https://api.worldbank.org/v2/country/POL;WLD;USA;CHN;DEU;IND;KOR;JPN;GBR;FRA;BRA;EST/indicator/GB.XPD.RSDV.GD.ZS?format=json&per_page=1000,2026-09-28T17:23:22.612Z,{}
GB.XPD.RSDV.GD.ZS,GB.XPD.RSDV.GD.ZS--wld,Świat,WLD,Research and development expenditure (% of GDP),2004-12-31,2004,year,2004-01-01,1.96742558956221,% PKB,annual,observed,https://api.worldbank.org/v2/country/POL;WLD;USA;CHN;DEU;IND;KOR;JPN;GBR;FRA;BRA;EST/indicator/GB.XPD.RSDV.GD.ZS?format=json&per_page=1000,2026-09-28T17:23:22.612Z,{}
GB.XPD.RSDV.GD.ZS,GB.XPD.RSDV.GD.ZS--bra,Brazylia,BRA,Research and development expenditure (% of GDP),2005-12-31,2005,year,2005-01-01,1.00247,% PKB,annual,observed,https://api.worldbank.org/v2/country/POL;WLD;USA;CHN;DEU;IND;KOR;JPN;GBR;FRA;BRA;EST/indicator/GB.XPD.RSDV.GD.ZS?format=json&per_page=1000,2026-09-28T17:23:22.612Z,{}
GB.XPD.RSDV.GD.ZS,GB.XPD.RSDV.GD.ZS--chn,Chiny,CHN,Research and development expenditure (% of GDP),2005-12-31,2005,year,2005-01-01,1.29008,% PKB,annual,observed,https://api.worldbank.org/v2/country/POL;WLD;USA;CHN;DEU;IND;KOR;JPN;GBR;FRA;BRA;EST/indicator/GB.XPD.RSDV.GD.ZS?format=json&per_page=1000,2026-09-28T17:23:22.612Z,{}
GB.XPD.RSDV.GD.ZS,GB.XPD.RSDV.GD.ZS--deu,Niemcy,DEU,Research and development expenditure (% of GDP),2005-12-31,2005,year,2005-01-01,2.40266,% PKB,annual,observed,https://api.worldbank.org/v2/country/POL;WLD;USA;CHN;DEU;IND;KOR;JPN;GBR;FRA;BRA;EST/indicator/GB.XPD.RSDV.GD.ZS?format=json&per_page=1000,2026-09-28T17:23:22.612Z,{}
GB.XPD.RSDV.GD.ZS,GB.XPD.RSDV.GD.ZS--est,Estonia,EST,Research and development expenditure (% of GDP),2005-12-31,2005,year,2005-01-01,0.91687,% PKB,annual,observed,https://api.worldbank.org/v2/country/POL;WLD;USA;CHN;DEU;IND;KOR;JPN;GBR;FRA;BRA;EST/indicator/GB.XPD.RSDV.GD.ZS?format=json&per_page=1000,2026-09-28T17:23:22.612Z,{}
GB.XPD.RSDV.GD.ZS,GB.XPD.RSDV.GD.ZS--fra,Francja,FRA,Research and development expenditure (% of GDP),2005-12-31,2005,year,2005-01-01,2.05599,% PKB,annual,observed,https://api.worldbank.org/v2/country/POL;WLD;USA;CHN;DEU;IND;KOR;JPN;GBR;FRA;BRA;EST/indicator/GB.XPD.RSDV.GD.ZS?format=json&per_page=1000,2026-09-28T17:23:22.612Z,{}
GB.XPD.RSDV.GD.ZS,GB.XPD.RSDV.GD.ZS--gbr,Wielka Brytania,GBR,Research and development expenditure (% of GDP),2005-12-31,2005,year,2005-01-01,1.55004,% PKB,annual,observed,https://api.worldbank.org/v2/country/POL;WLD;USA;CHN;DEU;IND;KOR;JPN;GBR;FRA;BRA;EST/indicator/GB.XPD.RSDV.GD.ZS?format=json&per_page=1000,2026-09-28T17:23:22.612Z,{}
GB.XPD.RSDV.GD.ZS,GB.XPD.RSDV.GD.ZS--ind,Indie,IND,Research and development expenditure (% of GDP),2005-12-31,2005,year,2005-01-01,0.82411,% PKB,annual,observed,https://api.worldbank.org/v2/country/POL;WLD;USA;CHN;DEU;IND;KOR;JPN;GBR;FRA;BRA;EST/indicator/GB.XPD.RSDV.GD.ZS?format=json&per_page=1000,2026-09-28T17:23:22.612Z,{}
GB.XPD.RSDV.GD.ZS,GB.XPD.RSDV.GD.ZS--jpn,Japonia,JPN,Research and development expenditure (% of GDP),2005-12-31,2005,year,2005-01-01,3.13092,% PKB,annual,observed,https://api.worldbank.org/v2/country/POL;WLD;USA;CHN;DEU;IND;KOR;JPN;GBR;FRA;BRA;EST/indicator/GB.XPD.RSDV.GD.ZS?format=json&per_page=1000,2026-09-28T17:23:22.612Z,{}
GB.XPD.RSDV.GD.ZS,GB.XPD.RSDV.GD.ZS--kor,Korea Płd.,KOR,Research and development expenditure (% of GDP),2005-12-31,2005,year,2005-01-01,2.42725,% PKB,annual,observed,https://api.worldbank.org/v2/country/POL;WLD;USA;CHN;DEU;IND;KOR;JPN;GBR;FRA;BRA;EST/indicator/GB.XPD.RSDV.GD.ZS?format=json&per_page=1000,2026-09-28T17:23:22.612Z,{}
GB.XPD.RSDV.GD.ZS,GB.XPD.RSDV.GD.ZS--pol,Polska,POL,Research and development expenditure (% of GDP),2005-12-31,2005,year,2005-01-01,0.56121,% PKB,annual,observed,https://api.worldbank.org/v2/country/POL;WLD;USA;CHN;DEU;IND;KOR;JPN;GBR;FRA;BRA;EST/indicator/GB.XPD.RSDV.GD.ZS?format=json&per_page=1000,2026-09-28T17:23:22.612Z,{}
GB.XPD.RSDV.GD.ZS,GB.XPD.RSDV.GD.ZS--usa,USA,USA,Research and development expenditure (% of GDP),2005-12-31,2005,year,2005-01-01,2.50192,% PKB,annual,observed,https://api.worldbank.org/v2/country/POL;WLD;USA;CHN;DEU;IND;KOR;JPN;GBR;FRA;BRA;EST/indicator/GB.XPD.RSDV.GD.ZS?format=json&per_page=1000,2026-09-28T17:23:22.612Z,{}
GB.XPD.RSDV.GD.ZS,GB.XPD.RSDV.GD.ZS--wld,Świat,WLD,Research and development expenditure (% of GDP),2005-12-31,2005,year,2005-01-01,1.94742294314691,% PKB,annual,observed,https://api.worldbank.org/v2/country/POL;WLD;USA;CHN;DEU;IND;KOR;JPN;GBR;FRA;BRA;EST/indicator/GB.XPD.RSDV.GD.ZS?format=json&per_page=1000,2026-09-28T17:23:22.612Z,{}
GB.XPD.RSDV.GD.ZS,GB.XPD.RSDV.GD.ZS--bra,Brazylia,BRA,Research and development expenditure (% of GDP),2006-12-31,2006,year,2006-01-01,0.98807,% PKB,annual,observed,https://api.worldbank.org/v2/country/POL;WLD;USA;CHN;DEU;IND;KOR;JPN;GBR;FRA;BRA;EST/indicator/GB.XPD.RSDV.GD.ZS?format=json&per_page=1000,2026-09-28T17:23:22.612Z,{}
GB.XPD.RSDV.GD.ZS,GB.XPD.RSDV.GD.ZS--chn,Chiny,CHN,Research and development expenditure (% of GDP),2006-12-31,2006,year,2006-01-01,1.34923,% PKB,annual,observed,https://api.worldbank.org/v2/country/POL;WLD;USA;CHN;DEU;IND;KOR;JPN;GBR;FRA;BRA;EST/indicator/GB.XPD.RSDV.GD.ZS?format=json&per_page=1000,2026-09-28T17:23:22.612Z,{}
GB.XPD.RSDV.GD.ZS,GB.XPD.RSDV.GD.ZS--deu,Niemcy,DEU,Research and development expenditure (% of GDP),2006-12-31,2006,year,2006-01-01,2.43043,% PKB,annual,observed,https://api.worldbank.org/v2/country/POL;WLD;USA;CHN;DEU;IND;KOR;JPN;GBR;FRA;BRA;EST/indicator/GB.XPD.RSDV.GD.ZS?format=json&per_page=1000,2026-09-28T17:23:22.612Z,{}
GB.XPD.RSDV.GD.ZS,GB.XPD.RSDV.GD.ZS--est,Estonia,EST,Research and development expenditure (% of GDP),2006-12-31,2006,year,2006-01-01,1.11259,% PKB,annual,observed,https://api.worldbank.org/v2/country/POL;WLD;USA;CHN;DEU;IND;KOR;JPN;GBR;FRA;BRA;EST/indicator/GB.XPD.RSDV.GD.ZS?format=json&per_page=1000,2026-09-28T17:23:22.612Z,{}
GB.XPD.RSDV.GD.ZS,GB.XPD.RSDV.GD.ZS--fra,Francja,FRA,Research and development expenditure (% of GDP),2006-12-31,2006,year,2006-01-01,2.05331,% PKB,annual,observed,https://api.worldbank.org/v2/country/POL;WLD;USA;CHN;DEU;IND;KOR;JPN;GBR;FRA;BRA;EST/indicator/GB.XPD.RSDV.GD.ZS?format=json&per_page=1000,2026-09-28T17:23:22.612Z,{}
GB.XPD.RSDV.GD.ZS,GB.XPD.RSDV.GD.ZS--gbr,Wielka Brytania,GBR,Research and development expenditure (% of GDP),2006-12-31,2006,year,2006-01-01,1.57625,% PKB,annual,observed,https://api.worldbank.org/v2/country/POL;WLD;USA;CHN;DEU;IND;KOR;JPN;GBR;FRA;BRA;EST/indicator/GB.XPD.RSDV.GD.ZS?format=json&per_page=1000,2026-09-28T17:23:22.612Z,{}
GB.XPD.RSDV.GD.ZS,GB.XPD.RSDV.GD.ZS--ind,Indie,IND,Research and development expenditure (% of GDP),2006-12-31,2006,year,2006-01-01,0.80473,% PKB,annual,observed,https://api.worldbank.org/v2/country/POL;WLD;USA;CHN;DEU;IND;KOR;JPN;GBR;FRA;BRA;EST/indicator/GB.XPD.RSDV.GD.ZS?format=json&per_page=1000,2026-09-28T17:23:22.612Z,{}
GB.XPD.RSDV.GD.ZS,GB.XPD.RSDV.GD.ZS--jpn,Japonia,JPN,Research and development expenditure (% of GDP),2006-12-31,2006,year,2006-01-01,3.22766,% PKB,annual,observed,https://api.worldbank.org/v2/country/POL;WLD;USA;CHN;DEU;IND;KOR;JPN;GBR;FRA;BRA;EST/indicator/GB.XPD.RSDV.GD.ZS?format=json&per_page=1000,2026-09-28T17:23:22.612Z,{}
GB.XPD.RSDV.GD.ZS,GB.XPD.RSDV.GD.ZS--kor,Korea Płd.,KOR,Research and development expenditure (% of GDP),2006-12-31,2006,year,2006-01-01,2.61516,% PKB,annual,observed,https://api.worldbank.org/v2/country/POL;WLD;USA;CHN;DEU;IND;KOR;JPN;GBR;FRA;BRA;EST/indicator/GB.XPD.RSDV.GD.ZS?format=json&per_page=1000,2026-09-28T17:23:22.612Z,{}
GB.XPD.RSDV.GD.ZS,GB.XPD.RSDV.GD.ZS--pol,Polska,POL,Research and development expenditure (% of GDP),2006-12-31,2006,year,2006-01-01,0.54899,% PKB,annual,observed,https://api.worldbank.org/v2/country/POL;WLD;USA;CHN;DEU;IND;KOR;JPN;GBR;FRA;BRA;EST/indicator/GB.XPD.RSDV.GD.ZS?format=json&per_page=1000,2026-09-28T17:23:22.612Z,{}
GB.XPD.RSDV.GD.ZS,GB.XPD.RSDV.GD.ZS--usa,USA,USA,Research and development expenditure (% of GDP),2006-12-31,2006,year,2006-01-01,2.54545,% PKB,annual,observed,https://api.worldbank.org/v2/country/POL;WLD;USA;CHN;DEU;IND;KOR;JPN;GBR;FRA;BRA;EST/indicator/GB.XPD.RSDV.GD.ZS?format=json&per_page=1000,2026-09-28T17:23:22.612Z,{}
GB.XPD.RSDV.GD.ZS,GB.XPD.RSDV.GD.ZS--wld,Świat,WLD,Research and development expenditure (% of GDP),2006-12-31,2006,year,2006-01-01,1.95948046250741,% PKB,annual,observed,https://api.worldbank.org/v2/country/POL;WLD;USA;CHN;DEU;IND;KOR;JPN;GBR;FRA;BRA;EST/indicator/GB.XPD.RSDV.GD.ZS?format=json&per_page=1000,2026-09-28T17:23:22.612Z,{}
GB.XPD.RSDV.GD.ZS,GB.XPD.RSDV.GD.ZS--bra,Brazylia,BRA,Research and development expenditure (% of GDP),2007-12-31,2007,year,2007-01-01,1.08138,% PKB,annual,observed,https://api.worldbank.org/v2/country/POL;WLD;USA;CHN;DEU;IND;KOR;JPN;GBR;FRA;BRA;EST/indicator/GB.XPD.RSDV.GD.ZS?format=json&per_page=1000,2026-09-28T17:23:22.612Z,{}
GB.XPD.RSDV.GD.ZS,GB.XPD.RSDV.GD.ZS--chn,Chiny,CHN,Research and development expenditure (% of GDP),2007-12-31,2007,year,2007-01-01,1.35321,% PKB,annual,observed,https://api.worldbank.org/v2/country/POL;WLD;USA;CHN;DEU;IND;KOR;JPN;GBR;FRA;BRA;EST/indicator/GB.XPD.RSDV.GD.ZS?format=json&per_page=1000,2026-09-28T17:23:22.612Z,{}
GB.XPD.RSDV.GD.ZS,GB.XPD.RSDV.GD.ZS--deu,Niemcy,DEU,Research and development expenditure (% of GDP),2007-12-31,2007,year,2007-01-01,2.41918,% PKB,annual,observed,https://api.worldbank.org/v2/country/POL;WLD;USA;CHN;DEU;IND;KOR;JPN;GBR;FRA;BRA;EST/indicator/GB.XPD.RSDV.GD.ZS?format=json&per_page=1000,2026-09-28T17:23:22.612Z,{}
GB.XPD.RSDV.GD.ZS,GB.XPD.RSDV.GD.ZS--est,Estonia,EST,Research and development expenditure (% of GDP),2007-12-31,2007,year,2007-01-01,1.05869,% PKB,annual,observed,https://api.worldbank.org/v2/country/POL;WLD;USA;CHN;DEU;IND;KOR;JPN;GBR;FRA;BRA;EST/indicator/GB.XPD.RSDV.GD.ZS?format=json&per_page=1000,2026-09-28T17:23:22.612Z,{}
GB.XPD.RSDV.GD.ZS,GB.XPD.RSDV.GD.ZS--fra,Francja,FRA,Research and development expenditure (% of GDP),2007-12-31,2007,year,2007-01-01,2.02815,% PKB,annual,observed,https://api.worldbank.org/v2/country/POL;WLD;USA;CHN;DEU;IND;KOR;JPN;GBR;FRA;BRA;EST/indicator/GB.XPD.RSDV.GD.ZS?format=json&per_page=1000,2026-09-28T17:23:22.612Z,{}
GB.XPD.RSDV.GD.ZS,GB.XPD.RSDV.GD.ZS--gbr,Wielka Brytania,GBR,Research and development expenditure (% of GDP),2007-12-31,2007,year,2007-01-01,1.6183,% PKB,annual,observed,https://api.worldbank.org/v2/country/POL;WLD;USA;CHN;DEU;IND;KOR;JPN;GBR;FRA;BRA;EST/indicator/GB.XPD.RSDV.GD.ZS?format=json&per_page=1000,2026-09-28T17:23:22.612Z,{}
GB.XPD.RSDV.GD.ZS,GB.XPD.RSDV.GD.ZS--ind,Indie,IND,Research and development expenditure (% of GDP),2007-12-31,2007,year,2007-01-01,0.80507,% PKB,annual,observed,https://api.worldbank.org/v2/country/POL;WLD;USA;CHN;DEU;IND;KOR;JPN;GBR;FRA;BRA;EST/indicator/GB.XPD.RSDV.GD.ZS?format=json&per_page=1000,2026-09-28T17:23:22.612Z,{}
GB.XPD.RSDV.GD.ZS,GB.XPD.RSDV.GD.ZS--jpn,Japonia,JPN,Research and development expenditure (% of GDP),2007-12-31,2007,year,2007-01-01,3.29257,% PKB,annual,observed,https://api.worldbank.org/v2/country/POL;WLD;USA;CHN;DEU;IND;KOR;JPN;GBR;FRA;BRA;EST/indicator/GB.XPD.RSDV.GD.ZS?format=json&per_page=1000,2026-09-28T17:23:22.612Z,{}
GB.XPD.RSDV.GD.ZS,GB.XPD.RSDV.GD.ZS--kor,Korea Płd.,KOR,Research and development expenditure (% of GDP),2007-12-31,2007,year,2007-01-01,2.75895,% PKB,annual,observed,https://api.worldbank.org/v2/country/POL;WLD;USA;CHN;DEU;IND;KOR;JPN;GBR;FRA;BRA;EST/indicator/GB.XPD.RSDV.GD.ZS?format=json&per_page=1000,2026-09-28T17:23:22.612Z,{}
GB.XPD.RSDV.GD.ZS,GB.XPD.RSDV.GD.ZS--pol,Polska,POL,Research and development expenditure (% of GDP),2007-12-31,2007,year,2007-01-01,0.56103,% PKB,annual,observed,https://api.worldbank.org/v2/country/POL;WLD;USA;CHN;DEU;IND;KOR;JPN;GBR;FRA;BRA;EST/indicator/GB.XPD.RSDV.GD.ZS?format=json&per_page=1000,2026-09-28T17:23:22.612Z,{}
GB.XPD.RSDV.GD.ZS,GB.XPD.RSDV.GD.ZS--usa,USA,USA,Research and development expenditure (% of GDP),2007-12-31,2007,year,2007-01-01,2.61516,% PKB,annual,observed,https://api.worldbank.org/v2/country/POL;WLD;USA;CHN;DEU;IND;KOR;JPN;GBR;FRA;BRA;EST/indicator/GB.XPD.RSDV.GD.ZS?format=json&per_page=1000,2026-09-28T17:23:22.612Z,{}
GB.XPD.RSDV.GD.ZS,GB.XPD.RSDV.GD.ZS--wld,Świat,WLD,Research and development expenditure (% of GDP),2007-12-31,2007,year,2007-01-01,1.92478790620051,% PKB,annual,observed,https://api.worldbank.org/v2/country/POL;WLD;USA;CHN;DEU;IND;KOR;JPN;GBR;FRA;BRA;EST/indicator/GB.XPD.RSDV.GD.ZS?format=json&per_page=1000,2026-09-28T17:23:22.612Z,{}
GB.XPD.RSDV.GD.ZS,GB.XPD.RSDV.GD.ZS--bra,Brazylia,BRA,Research and development expenditure (% of GDP),2008-12-31,2008,year,2008-01-01,1.12904,% PKB,annual,observed,https://api.worldbank.org/v2/country/POL;WLD;USA;CHN;DEU;IND;KOR;JPN;GBR;FRA;BRA;EST/indicator/GB.XPD.RSDV.GD.ZS?format=json&per_page=1000,2026-09-28T17:23:22.612Z,{}
GB.XPD.RSDV.GD.ZS,GB.XPD.RSDV.GD.ZS--chn,Chiny,CHN,Research and development expenditure (% of GDP),2008-12-31,2008,year,2008-01-01,1.4233,% PKB,annual,observed,https://api.worldbank.org/v2/country/POL;WLD;USA;CHN;DEU;IND;KOR;JPN;GBR;FRA;BRA;EST/indicator/GB.XPD.RSDV.GD.ZS?format=json&per_page=1000,2026-09-28T17:23:22.612Z,{}
GB.XPD.RSDV.GD.ZS,GB.XPD.RSDV.GD.ZS--deu,Niemcy,DEU,Research and development expenditure (% of GDP),2008-12-31,2008,year,2008-01-01,2.57152,% PKB,annual,observed,https://api.worldbank.org/v2/country/POL;WLD;USA;CHN;DEU;IND;KOR;JPN;GBR;FRA;BRA;EST/indicator/GB.XPD.RSDV.GD.ZS?format=json&per_page=1000,2026-09-28T17:23:22.612Z,{}
GB.XPD.RSDV.GD.ZS,GB.XPD.RSDV.GD.ZS--est,Estonia,EST,Research and development expenditure (% of GDP),2008-12-31,2008,year,2008-01-01,1.25182,% PKB,annual,observed,https://api.worldbank.org/v2/country/POL;WLD;USA;CHN;DEU;IND;KOR;JPN;GBR;FRA;BRA;EST/indicator/GB.XPD.RSDV.GD.ZS?format=json&per_page=1000,2026-09-28T17:23:22.612Z,{}
GB.XPD.RSDV.GD.ZS,GB.XPD.RSDV.GD.ZS--fra,Francja,FRA,Research and development expenditure (% of GDP),2008-12-31,2008,year,2008-01-01,2.06363,% PKB,annual,observed,https://api.worldbank.org/v2/country/POL;WLD;USA;CHN;DEU;IND;KOR;JPN;GBR;FRA;BRA;EST/indicator/GB.XPD.RSDV.GD.ZS?format=json&per_page=1000,2026-09-28T17:23:22.612Z,{}
GB.XPD.RSDV.GD.ZS,GB.XPD.RSDV.GD.ZS--gbr,Wielka Brytania,GBR,Research and development expenditure (% of GDP),2008-12-31,2008,year,2008-01-01,1.60901,% PKB,annual,observed,https://api.worldbank.org/v2/country/POL;WLD;USA;CHN;DEU;IND;KOR;JPN;GBR;FRA;BRA;EST/indicator/GB.XPD.RSDV.GD.ZS?format=json&per_page=1000,2026-09-28T17:23:22.612Z,{}
GB.XPD.RSDV.GD.ZS,GB.XPD.RSDV.GD.ZS--ind,Indie,IND,Research and development expenditure (% of GDP),2008-12-31,2008,year,2008-01-01,0.85876,% PKB,annual,observed,https://api.worldbank.org/v2/country/POL;WLD;USA;CHN;DEU;IND;KOR;JPN;GBR;FRA;BRA;EST/indicator/GB.XPD.RSDV.GD.ZS?format=json&per_page=1000,2026-09-28T17:23:22.612Z,{}
GB.XPD.RSDV.GD.ZS,GB.XPD.RSDV.GD.ZS--jpn,Japonia,JPN,Research and development expenditure (% of GDP),2008-12-31,2008,year,2008-01-01,3.29224,% PKB,annual,observed,https://api.worldbank.org/v2/country/POL;WLD;USA;CHN;DEU;IND;KOR;JPN;GBR;FRA;BRA;EST/indicator/GB.XPD.RSDV.GD.ZS?format=json&per_page=1000,2026-09-28T17:23:22.612Z,{}
GB.XPD.RSDV.GD.ZS,GB.XPD.RSDV.GD.ZS--kor,Korea Płd.,KOR,Research and development expenditure (% of GDP),2008-12-31,2008,year,2008-01-01,2.86774,% PKB,annual,observed,https://api.worldbank.org/v2/country/POL;WLD;USA;CHN;DEU;IND;KOR;JPN;GBR;FRA;BRA;EST/indicator/GB.XPD.RSDV.GD.ZS?format=json&per_page=1000,2026-09-28T17:23:22.612Z,{}
GB.XPD.RSDV.GD.ZS,GB.XPD.RSDV.GD.ZS--pol,Polska,POL,Research and development expenditure (% of GDP),2008-12-31,2008,year,2008-01-01,0.59719,% PKB,annual,observed,https://api.worldbank.org/v2/country/POL;WLD;USA;CHN;DEU;IND;KOR;JPN;GBR;FRA;BRA;EST/indicator/GB.XPD.RSDV.GD.ZS?format=json&per_page=1000,2026-09-28T17:23:22.612Z,{}
GB.XPD.RSDV.GD.ZS,GB.XPD.RSDV.GD.ZS--usa,USA,USA,Research and development expenditure (% of GDP),2008-12-31,2008,year,2008-01-01,2.74481,% PKB,annual,observed,https://api.worldbank.org/v2/country/POL;WLD;USA;CHN;DEU;IND;KOR;JPN;GBR;FRA;BRA;EST/indicator/GB.XPD.RSDV.GD.ZS?format=json&per_page=1000,2026-09-28T17:23:22.612Z,{}
GB.XPD.RSDV.GD.ZS,GB.XPD.RSDV.GD.ZS--wld,Świat,WLD,Research and development expenditure (% of GDP),2008-12-31,2008,year,2008-01-01,1.97782056990498,% PKB,annual,observed,https://api.worldbank.org/v2/country/POL;WLD;USA;CHN;DEU;IND;KOR;JPN;GBR;FRA;BRA;EST/indicator/GB.XPD.RSDV.GD.ZS?format=json&per_page=1000,2026-09-28T17:23:22.612Z,{}
GB.XPD.RSDV.GD.ZS,GB.XPD.RSDV.GD.ZS--bra,Brazylia,BRA,Research and development expenditure (% of GDP),2009-12-31,2009,year,2009-01-01,1.11866,% PKB,annual,observed,https://api.worldbank.org/v2/country/POL;WLD;USA;CHN;DEU;IND;KOR;JPN;GBR;FRA;BRA;EST/indicator/GB.XPD.RSDV.GD.ZS?format=json&per_page=1000,2026-09-28T17:23:22.612Z,{}
GB.XPD.RSDV.GD.ZS,GB.XPD.RSDV.GD.ZS--chn,Chiny,CHN,Research and development expenditure (% of GDP),2009-12-31,2009,year,2009-01-01,1.6366,% PKB,annual,observed,https://api.worldbank.org/v2/country/POL;WLD;USA;CHN;DEU;IND;KOR;JPN;GBR;FRA;BRA;EST/indicator/GB.XPD.RSDV.GD.ZS?format=json&per_page=1000,2026-09-28T17:23:22.612Z,{}
GB.XPD.RSDV.GD.ZS,GB.XPD.RSDV.GD.ZS--deu,Niemcy,DEU,Research and development expenditure (% of GDP),2009-12-31,2009,year,2009-01-01,2.68864,% PKB,annual,observed,https://api.worldbank.org/v2/country/POL;WLD;USA;CHN;DEU;IND;KOR;JPN;GBR;FRA;BRA;EST/indicator/GB.XPD.RSDV.GD.ZS?format=json&per_page=1000,2026-09-28T17:23:22.612Z,{}
GB.XPD.RSDV.GD.ZS,GB.XPD.RSDV.GD.ZS--est,Estonia,EST,Research and development expenditure (% of GDP),2009-12-31,2009,year,2009-01-01,1.39673,% PKB,annual,observed,https://api.worldbank.org/v2/country/POL;WLD;USA;CHN;DEU;IND;KOR;JPN;GBR;FRA;BRA;EST/indicator/GB.XPD.RSDV.GD.ZS?format=json&per_page=1000,2026-09-28T17:23:22.612Z,{}
GB.XPD.RSDV.GD.ZS,GB.XPD.RSDV.GD.ZS--fra,Francja,FRA,Research and development expenditure (% of GDP),2009-12-31,2009,year,2009-01-01,2.21273,% PKB,annual,observed,https://api.worldbank.org/v2/country/POL;WLD;USA;CHN;DEU;IND;KOR;JPN;GBR;FRA;BRA;EST/indicator/GB.XPD.RSDV.GD.ZS?format=json&per_page=1000,2026-09-28T17:23:22.612Z,{}
GB.XPD.RSDV.GD.ZS,GB.XPD.RSDV.GD.ZS--gbr,Wielka Brytania,GBR,Research and development expenditure (% of GDP),2009-12-31,2009,year,2009-01-01,1.66991,% PKB,annual,observed,https://api.worldbank.org/v2/country/POL;WLD;USA;CHN;DEU;IND;KOR;JPN;GBR;FRA;BRA;EST/indicator/GB.XPD.RSDV.GD.ZS?format=json&per_page=1000,2026-09-28T17:23:22.612Z,{}
GB.XPD.RSDV.GD.ZS,GB.XPD.RSDV.GD.ZS--ind,Indie,IND,Research and development expenditure (% of GDP),2009-12-31,2009,year,2009-01-01,0.83314,% PKB,annual,observed,https://api.worldbank.org/v2/country/POL;WLD;USA;CHN;DEU;IND;KOR;JPN;GBR;FRA;BRA;EST/indicator/GB.XPD.RSDV.GD.ZS?format=json&per_page=1000,2026-09-28T17:23:22.612Z,{}
GB.XPD.RSDV.GD.ZS,GB.XPD.RSDV.GD.ZS--jpn,Japonia,JPN,Research and development expenditure (% of GDP),2009-12-31,2009,year,2009-01-01,3.1959,% PKB,annual,observed,https://api.worldbank.org/v2/country/POL;WLD;USA;CHN;DEU;IND;KOR;JPN;GBR;FRA;BRA;EST/indicator/GB.XPD.RSDV.GD.ZS?format=json&per_page=1000,2026-09-28T17:23:22.612Z,{}
GB.XPD.RSDV.GD.ZS,GB.XPD.RSDV.GD.ZS--kor,Korea Płd.,KOR,Research and development expenditure (% of GDP),2009-12-31,2009,year,2009-01-01,3.02145,% PKB,annual,observed,https://api.worldbank.org/v2/country/POL;WLD;USA;CHN;DEU;IND;KOR;JPN;GBR;FRA;BRA;EST/indicator/GB.XPD.RSDV.GD.ZS?format=json&per_page=1000,2026-09-28T17:23:22.612Z,{}
GB.XPD.RSDV.GD.ZS,GB.XPD.RSDV.GD.ZS--pol,Polska,POL,Research and development expenditure (% of GDP),2009-12-31,2009,year,2009-01-01,0.65932,% PKB,annual,observed,https://api.worldbank.org/v2/country/POL;WLD;USA;CHN;DEU;IND;KOR;JPN;GBR;FRA;BRA;EST/indicator/GB.XPD.RSDV.GD.ZS?format=json&per_page=1000,2026-09-28T17:23:22.612Z,{}
GB.XPD.RSDV.GD.ZS,GB.XPD.RSDV.GD.ZS--usa,USA,USA,Research and development expenditure (% of GDP),2009-12-31,2009,year,2009-01-01,2.7918,% PKB,annual,observed,https://api.worldbank.org/v2/country/POL;WLD;USA;CHN;DEU;IND;KOR;JPN;GBR;FRA;BRA;EST/indicator/GB.XPD.RSDV.GD.ZS?format=json&per_page=1000,2026-09-28T17:23:22.612Z,{}
GB.XPD.RSDV.GD.ZS,GB.XPD.RSDV.GD.ZS--wld,Świat,WLD,Research and development expenditure (% of GDP),2009-12-31,2009,year,2009-01-01,2.01385351337703,% PKB,annual,observed,https://api.worldbank.org/v2/country/POL;WLD;USA;CHN;DEU;IND;KOR;JPN;GBR;FRA;BRA;EST/indicator/GB.XPD.RSDV.GD.ZS?format=json&per_page=1000,2026-09-28T17:23:22.612Z,{}
GB.XPD.RSDV.GD.ZS,GB.XPD.RSDV.GD.ZS--bra,Brazylia,BRA,Research and development expenditure (% of GDP),2010-12-31,2010,year,2010-01-01,1.15992,% PKB,annual,observed,https://api.worldbank.org/v2/country/POL;WLD;USA;CHN;DEU;IND;KOR;JPN;GBR;FRA;BRA;EST/indicator/GB.XPD.RSDV.GD.ZS?format=json&per_page=1000,2026-09-28T17:23:22.612Z,{}
GB.XPD.RSDV.GD.ZS,GB.XPD.RSDV.GD.ZS--chn,Chiny,CHN,Research and development expenditure (% of GDP),2010-12-31,2010,year,2010-01-01,1.68456,% PKB,annual,observed,https://api.worldbank.org/v2/country/POL;WLD;USA;CHN;DEU;IND;KOR;JPN;GBR;FRA;BRA;EST/indicator/GB.XPD.RSDV.GD.ZS?format=json&per_page=1000,2026-09-28T17:23:22.612Z,{}
GB.XPD.RSDV.GD.ZS,GB.XPD.RSDV.GD.ZS--deu,Niemcy,DEU,Research and development expenditure (% of GDP),2010-12-31,2010,year,2010-01-01,2.67632,% PKB,annual,observed,https://api.worldbank.org/v2/country/POL;WLD;USA;CHN;DEU;IND;KOR;JPN;GBR;FRA;BRA;EST/indicator/GB.XPD.RSDV.GD.ZS?format=json&per_page=1000,2026-09-28T17:23:22.612Z,{}
GB.XPD.RSDV.GD.ZS,GB.XPD.RSDV.GD.ZS--est,Estonia,EST,Research and development expenditure (% of GDP),2010-12-31,2010,year,2010-01-01,1.57892,% PKB,annual,observed,https://api.worldbank.org/v2/country/POL;WLD;USA;CHN;DEU;IND;KOR;JPN;GBR;FRA;BRA;EST/indicator/GB.XPD.RSDV.GD.ZS?format=json&per_page=1000,2026-09-28T17:23:22.612Z,{}
GB.XPD.RSDV.GD.ZS,GB.XPD.RSDV.GD.ZS--fra,Francja,FRA,Research and development expenditure (% of GDP),2010-12-31,2010,year,2010-01-01,2.17771,% PKB,annual,observed,https://api.worldbank.org/v2/country/POL;WLD;USA;CHN;DEU;IND;KOR;JPN;GBR;FRA;BRA;EST/indicator/GB.XPD.RSDV.GD.ZS?format=json&per_page=1000,2026-09-28T17:23:22.612Z,{}
GB.XPD.RSDV.GD.ZS,GB.XPD.RSDV.GD.ZS--gbr,Wielka Brytania,GBR,Research and development expenditure (% of GDP),2010-12-31,2010,year,2010-01-01,1.63887,% PKB,annual,observed,https://api.worldbank.org/v2/country/POL;WLD;USA;CHN;DEU;IND;KOR;JPN;GBR;FRA;BRA;EST/indicator/GB.XPD.RSDV.GD.ZS?format=json&per_page=1000,2026-09-28T17:23:22.612Z,{}
GB.XPD.RSDV.GD.ZS,GB.XPD.RSDV.GD.ZS--ind,Indie,IND,Research and development expenditure (% of GDP),2010-12-31,2010,year,2010-01-01,0.78849,% PKB,annual,observed,https://api.worldbank.org/v2/country/POL;WLD;USA;CHN;DEU;IND;KOR;JPN;GBR;FRA;BRA;EST/indicator/GB.XPD.RSDV.GD.ZS?format=json&per_page=1000,2026-09-28T17:23:22.612Z,{}
GB.XPD.RSDV.GD.ZS,GB.XPD.RSDV.GD.ZS--jpn,Japonia,JPN,Research and development expenditure (% of GDP),2010-12-31,2010,year,2010-01-01,3.10495,% PKB,annual,observed,https://api.worldbank.org/v2/country/POL;WLD;USA;CHN;DEU;IND;KOR;JPN;GBR;FRA;BRA;EST/indicator/GB.XPD.RSDV.GD.ZS?format=json&per_page=1000,2026-09-28T17:23:22.612Z,{}
GB.XPD.RSDV.GD.ZS,GB.XPD.RSDV.GD.ZS--kor,Korea Płd.,KOR,Research and development expenditure (% of GDP),2010-12-31,2010,year,2010-01-01,3.17913,% PKB,annual,observed,https://api.worldbank.org/v2/country/POL;WLD;USA;CHN;DEU;IND;KOR;JPN;GBR;FRA;BRA;EST/indicator/GB.XPD.RSDV.GD.ZS?format=json&per_page=1000,2026-09-28T17:23:22.612Z,{}
GB.XPD.RSDV.GD.ZS,GB.XPD.RSDV.GD.ZS--pol,Polska,POL,Research and development expenditure (% of GDP),2010-12-31,2010,year,2010-01-01,0.72252,% PKB,annual,observed,https://api.worldbank.org/v2/country/POL;WLD;USA;CHN;DEU;IND;KOR;JPN;GBR;FRA;BRA;EST/indicator/GB.XPD.RSDV.GD.ZS?format=json&per_page=1000,2026-09-28T17:23:22.612Z,{}
GB.XPD.RSDV.GD.ZS,GB.XPD.RSDV.GD.ZS--usa,USA,USA,Research and development expenditure (% of GDP),2010-12-31,2010,year,2010-01-01,2.71443,% PKB,annual,observed,https://api.worldbank.org/v2/country/POL;WLD;USA;CHN;DEU;IND;KOR;JPN;GBR;FRA;BRA;EST/indicator/GB.XPD.RSDV.GD.ZS?format=json&per_page=1000,2026-09-28T17:23:22.612Z,{}
GB.XPD.RSDV.GD.ZS,GB.XPD.RSDV.GD.ZS--wld,Świat,WLD,Research and development expenditure (% of GDP),2010-12-31,2010,year,2010-01-01,1.99889242984883,% PKB,annual,observed,https://api.worldbank.org/v2/country/POL;WLD;USA;CHN;DEU;IND;KOR;JPN;GBR;FRA;BRA;EST/indicator/GB.XPD.RSDV.GD.ZS?format=json&per_page=1000,2026-09-28T17:23:22.612Z,{}
GB.XPD.RSDV.GD.ZS,GB.XPD.RSDV.GD.ZS--bra,Brazylia,BRA,Research and development expenditure (% of GDP),2011-12-31,2011,year,2011-01-01,1.13966,% PKB,annual,observed,https://api.worldbank.org/v2/country/POL;WLD;USA;CHN;DEU;IND;KOR;JPN;GBR;FRA;BRA;EST/indicator/GB.XPD.RSDV.GD.ZS?format=json&per_page=1000,2026-09-28T17:23:22.612Z,{}
GB.XPD.RSDV.GD.ZS,GB.XPD.RSDV.GD.ZS--chn,Chiny,CHN,Research and development expenditure (% of GDP),2011-12-31,2011,year,2011-01-01,1.75244,% PKB,annual,observed,https://api.worldbank.org/v2/country/POL;WLD;USA;CHN;DEU;IND;KOR;JPN;GBR;FRA;BRA;EST/indicator/GB.XPD.RSDV.GD.ZS?format=json&per_page=1000,2026-09-28T17:23:22.612Z,{}
GB.XPD.RSDV.GD.ZS,GB.XPD.RSDV.GD.ZS--deu,Niemcy,DEU,Research and development expenditure (% of GDP),2011-12-31,2011,year,2011-01-01,2.75016,% PKB,annual,observed,https://api.worldbank.org/v2/country/POL;WLD;USA;CHN;DEU;IND;KOR;JPN;GBR;FRA;BRA;EST/indicator/GB.XPD.RSDV.GD.ZS?format=json&per_page=1000,2026-09-28T17:23:22.612Z,{}
GB.XPD.RSDV.GD.ZS,GB.XPD.RSDV.GD.ZS--est,Estonia,EST,Research and development expenditure (% of GDP),2011-12-31,2011,year,2011-01-01,2.29632,% PKB,annual,observed,https://api.worldbank.org/v2/country/POL;WLD;USA;CHN;DEU;IND;KOR;JPN;GBR;FRA;BRA;EST/indicator/GB.XPD.RSDV.GD.ZS?format=json&per_page=1000,2026-09-28T17:23:22.612Z,{}
GB.XPD.RSDV.GD.ZS,GB.XPD.RSDV.GD.ZS--fra,Francja,FRA,Research and development expenditure (% of GDP),2011-12-31,2011,year,2011-01-01,2.18761,% PKB,annual,observed,https://api.worldbank.org/v2/country/POL;WLD;USA;CHN;DEU;IND;KOR;JPN;GBR;FRA;BRA;EST/indicator/GB.XPD.RSDV.GD.ZS?format=json&per_page=1000,2026-09-28T17:23:22.612Z,{}
GB.XPD.RSDV.GD.ZS,GB.XPD.RSDV.GD.ZS--gbr,Wielka Brytania,GBR,Research and development expenditure (% of GDP),2011-12-31,2011,year,2011-01-01,1.64681,% PKB,annual,observed,https://api.worldbank.org/v2/country/POL;WLD;USA;CHN;DEU;IND;KOR;JPN;GBR;FRA;BRA;EST/indicator/GB.XPD.RSDV.GD.ZS?format=json&per_page=1000,2026-09-28T17:23:22.612Z,{}
GB.XPD.RSDV.GD.ZS,GB.XPD.RSDV.GD.ZS--ind,Indie,IND,Research and development expenditure (% of GDP),2011-12-31,2011,year,2011-01-01,0.75502,% PKB,annual,observed,https://api.worldbank.org/v2/country/POL;WLD;USA;CHN;DEU;IND;KOR;JPN;GBR;FRA;BRA;EST/indicator/GB.XPD.RSDV.GD.ZS?format=json&per_page=1000,2026-09-28T17:23:22.612Z,{}
GB.XPD.RSDV.GD.ZS,GB.XPD.RSDV.GD.ZS--jpn,Japonia,JPN,Research and development expenditure (% of GDP),2011-12-31,2011,year,2011-01-01,3.20537,% PKB,annual,observed,https://api.worldbank.org/v2/country/POL;WLD;USA;CHN;DEU;IND;KOR;JPN;GBR;FRA;BRA;EST/indicator/GB.XPD.RSDV.GD.ZS?format=json&per_page=1000,2026-09-28T17:23:22.612Z,{}
GB.XPD.RSDV.GD.ZS,GB.XPD.RSDV.GD.ZS--kor,Korea Płd.,KOR,Research and development expenditure (% of GDP),2011-12-31,2011,year,2011-01-01,3.44409,% PKB,annual,observed,https://api.worldbank.org/v2/country/POL;WLD;USA;CHN;DEU;IND;KOR;JPN;GBR;FRA;BRA;EST/indicator/GB.XPD.RSDV.GD.ZS?format=json&per_page=1000,2026-09-28T17:23:22.612Z,{}
GB.XPD.RSDV.GD.ZS,GB.XPD.RSDV.GD.ZS--pol,Polska,POL,Research and development expenditure (% of GDP),2011-12-31,2011,year,2011-01-01,0.74726,% PKB,annual,observed,https://api.worldbank.org/v2/country/POL;WLD;USA;CHN;DEU;IND;KOR;JPN;GBR;FRA;BRA;EST/indicator/GB.XPD.RSDV.GD.ZS?format=json&per_page=1000,2026-09-28T17:23:22.612Z,{}
GB.XPD.RSDV.GD.ZS,GB.XPD.RSDV.GD.ZS--usa,USA,USA,Research and development expenditure (% of GDP),2011-12-31,2011,year,2011-01-01,2.73803,% PKB,annual,observed,https://api.worldbank.org/v2/country/POL;WLD;USA;CHN;DEU;IND;KOR;JPN;GBR;FRA;BRA;EST/indicator/GB.XPD.RSDV.GD.ZS?format=json&per_page=1000,2026-09-28T17:23:22.612Z,{}
GB.XPD.RSDV.GD.ZS,GB.XPD.RSDV.GD.ZS--wld,Świat,WLD,Research and development expenditure (% of GDP),2011-12-31,2011,year,2011-01-01,1.98165761122278,% PKB,annual,observed,https://api.worldbank.org/v2/country/POL;WLD;USA;CHN;DEU;IND;KOR;JPN;GBR;FRA;BRA;EST/indicator/GB.XPD.RSDV.GD.ZS?format=json&per_page=1000,2026-09-28T17:23:22.612Z,{}
GB.XPD.RSDV.GD.ZS,GB.XPD.RSDV.GD.ZS--bra,Brazylia,BRA,Research and development expenditure (% of GDP),2012-12-31,2012,year,2012-01-01,1.12684,% PKB,annual,observed,https://api.worldbank.org/v2/country/POL;WLD;USA;CHN;DEU;IND;KOR;JPN;GBR;FRA;BRA;EST/indicator/GB.XPD.RSDV.GD.ZS?format=json&per_page=1000,2026-09-28T17:23:22.612Z,{}
GB.XPD.RSDV.GD.ZS,GB.XPD.RSDV.GD.ZS--chn,Chiny,CHN,Research and development expenditure (% of GDP),2012-12-31,2012,year,2012-01-01,1.88095,% PKB,annual,observed,https://api.worldbank.org/v2/country/POL;WLD;USA;CHN;DEU;IND;KOR;JPN;GBR;FRA;BRA;EST/indicator/GB.XPD.RSDV.GD.ZS?format=json&per_page=1000,2026-09-28T17:23:22.612Z,{}
GB.XPD.RSDV.GD.ZS,GB.XPD.RSDV.GD.ZS--deu,Niemcy,DEU,Research and development expenditure (% of GDP),2012-12-31,2012,year,2012-01-01,2.82499,% PKB,annual,observed,https://api.worldbank.org/v2/country/POL;WLD;USA;CHN;DEU;IND;KOR;JPN;GBR;FRA;BRA;EST/indicator/GB.XPD.RSDV.GD.ZS?format=json&per_page=1000,2026-09-28T17:23:22.612Z,{}
GB.XPD.RSDV.GD.ZS,GB.XPD.RSDV.GD.ZS--est,Estonia,EST,Research and development expenditure (% of GDP),2012-12-31,2012,year,2012-01-01,2.10485,% PKB,annual,observed,https://api.worldbank.org/v2/country/POL;WLD;USA;CHN;DEU;IND;KOR;JPN;GBR;FRA;BRA;EST/indicator/GB.XPD.RSDV.GD.ZS?format=json&per_page=1000,2026-09-28T17:23:22.612Z,{}
GB.XPD.RSDV.GD.ZS,GB.XPD.RSDV.GD.ZS--fra,Francja,FRA,Research and development expenditure (% of GDP),2012-12-31,2012,year,2012-01-01,2.22761,% PKB,annual,observed,https://api.worldbank.org/v2/country/POL;WLD;USA;CHN;DEU;IND;KOR;JPN;GBR;FRA;BRA;EST/indicator/GB.XPD.RSDV.GD.ZS?format=json&per_page=1000,2026-09-28T17:23:22.612Z,{}
GB.XPD.RSDV.GD.ZS,GB.XPD.RSDV.GD.ZS--gbr,Wielka Brytania,GBR,Research and development expenditure (% of GDP),2012-12-31,2012,year,2012-01-01,1.57587,% PKB,annual,observed,https://api.worldbank.org/v2/country/POL;WLD;USA;CHN;DEU;IND;KOR;JPN;GBR;FRA;BRA;EST/indicator/GB.XPD.RSDV.GD.ZS?format=json&per_page=1000,2026-09-28T17:23:22.612Z,{}
GB.XPD.RSDV.GD.ZS,GB.XPD.RSDV.GD.ZS--ind,Indie,IND,Research and development expenditure (% of GDP),2012-12-31,2012,year,2012-01-01,0.74399,% PKB,annual,observed,https://api.worldbank.org/v2/country/POL;WLD;USA;CHN;DEU;IND;KOR;JPN;GBR;FRA;BRA;EST/indicator/GB.XPD.RSDV.GD.ZS?format=json&per_page=1000,2026-09-28T17:23:22.612Z,{}
GB.XPD.RSDV.GD.ZS,GB.XPD.RSDV.GD.ZS--jpn,Japonia,JPN,Research and development expenditure (% of GDP),2012-12-31,2012,year,2012-01-01,3.1737,% PKB,annual,observed,https://api.worldbank.org/v2/country/POL;WLD;USA;CHN;DEU;IND;KOR;JPN;GBR;FRA;BRA;EST/indicator/GB.XPD.RSDV.GD.ZS?format=json&per_page=1000,2026-09-28T17:23:22.612Z,{}
GB.XPD.RSDV.GD.ZS,GB.XPD.RSDV.GD.ZS--kor,Korea Płd.,KOR,Research and development expenditure (% of GDP),2012-12-31,2012,year,2012-01-01,3.6852,% PKB,annual,observed,https://api.worldbank.org/v2/country/POL;WLD;USA;CHN;DEU;IND;KOR;JPN;GBR;FRA;BRA;EST/indicator/GB.XPD.RSDV.GD.ZS?format=json&per_page=1000,2026-09-28T17:23:22.612Z,{}
GB.XPD.RSDV.GD.ZS,GB.XPD.RSDV.GD.ZS--pol,Polska,POL,Research and development expenditure (% of GDP),2012-12-31,2012,year,2012-01-01,0.88476,% PKB,annual,observed,https://api.worldbank.org/v2/country/POL;WLD;USA;CHN;DEU;IND;KOR;JPN;GBR;FRA;BRA;EST/indicator/GB.XPD.RSDV.GD.ZS?format=json&per_page=1000,2026-09-28T17:23:22.612Z,{}
GB.XPD.RSDV.GD.ZS,GB.XPD.RSDV.GD.ZS--usa,USA,USA,Research and development expenditure (% of GDP),2012-12-31,2012,year,2012-01-01,2.67272,% PKB,annual,observed,https://api.worldbank.org/v2/country/POL;WLD;USA;CHN;DEU;IND;KOR;JPN;GBR;FRA;BRA;EST/indicator/GB.XPD.RSDV.GD.ZS?format=json&per_page=1000,2026-09-28T17:23:22.612Z,{}
GB.XPD.RSDV.GD.ZS,GB.XPD.RSDV.GD.ZS--wld,Świat,WLD,Research and development expenditure (% of GDP),2012-12-31,2012,year,2012-01-01,2.01288483345794,% PKB,annual,observed,https://api.worldbank.org/v2/country/POL;WLD;USA;CHN;DEU;IND;KOR;JPN;GBR;FRA;BRA;EST/indicator/GB.XPD.RSDV.GD.ZS?format=json&per_page=1000,2026-09-28T17:23:22.612Z,{}
GB.XPD.RSDV.GD.ZS,GB.XPD.RSDV.GD.ZS--bra,Brazylia,BRA,Research and development expenditure (% of GDP),2013-12-31,2013,year,2013-01-01,1.19567,% PKB,annual,observed,https://api.worldbank.org/v2/country/POL;WLD;USA;CHN;DEU;IND;KOR;JPN;GBR;FRA;BRA;EST/indicator/GB.XPD.RSDV.GD.ZS?format=json&per_page=1000,2026-09-28T17:23:22.612Z,{}
GB.XPD.RSDV.GD.ZS,GB.XPD.RSDV.GD.ZS--chn,Chiny,CHN,Research and development expenditure (% of GDP),2013-12-31,2013,year,2013-01-01,1.96246,% PKB,annual,observed,https://api.worldbank.org/v2/country/POL;WLD;USA;CHN;DEU;IND;KOR;JPN;GBR;FRA;BRA;EST/indicator/GB.XPD.RSDV.GD.ZS?format=json&per_page=1000,2026-09-28T17:23:22.612Z,{}
GB.XPD.RSDV.GD.ZS,GB.XPD.RSDV.GD.ZS--deu,Niemcy,DEU,Research and development expenditure (% of GDP),2013-12-31,2013,year,2013-01-01,2.78067,% PKB,annual,observed,https://api.worldbank.org/v2/country/POL;WLD;USA;CHN;DEU;IND;KOR;JPN;GBR;FRA;BRA;EST/indicator/GB.XPD.RSDV.GD.ZS?format=json&per_page=1000,2026-09-28T17:23:22.612Z,{}
GB.XPD.RSDV.GD.ZS,GB.XPD.RSDV.GD.ZS--est,Estonia,EST,Research and development expenditure (% of GDP),2013-12-31,2013,year,2013-01-01,1.70141,% PKB,annual,observed,https://api.worldbank.org/v2/country/POL;WLD;USA;CHN;DEU;IND;KOR;JPN;GBR;FRA;BRA;EST/indicator/GB.XPD.RSDV.GD.ZS?format=json&per_page=1000,2026-09-28T17:23:22.612Z,{}
GB.XPD.RSDV.GD.ZS,GB.XPD.RSDV.GD.ZS--fra,Francja,FRA,Research and development expenditure (% of GDP),2013-12-31,2013,year,2013-01-01,2.23369,% PKB,annual,observed,https://api.worldbank.org/v2/country/POL;WLD;USA;CHN;DEU;IND;KOR;JPN;GBR;FRA;BRA;EST/indicator/GB.XPD.RSDV.GD.ZS?format=json&per_page=1000,2026-09-28T17:23:22.612Z,{}
GB.XPD.RSDV.GD.ZS,GB.XPD.RSDV.GD.ZS--gbr,Wielka Brytania,GBR,Research and development expenditure (% of GDP),2013-12-31,2013,year,2013-01-01,1.62096,% PKB,annual,observed,https://api.worldbank.org/v2/country/POL;WLD;USA;CHN;DEU;IND;KOR;JPN;GBR;FRA;BRA;EST/indicator/GB.XPD.RSDV.GD.ZS?format=json&per_page=1000,2026-09-28T17:23:22.612Z,{}
GB.XPD.RSDV.GD.ZS,GB.XPD.RSDV.GD.ZS--ind,Indie,IND,Research and development expenditure (% of GDP),2013-12-31,2013,year,2013-01-01,0.70642,% PKB,annual,observed,https://api.worldbank.org/v2/country/POL;WLD;USA;CHN;DEU;IND;KOR;JPN;GBR;FRA;BRA;EST/indicator/GB.XPD.RSDV.GD.ZS?format=json&per_page=1000,2026-09-28T17:23:22.612Z,{}
GB.XPD.RSDV.GD.ZS,GB.XPD.RSDV.GD.ZS--jpn,Japonia,JPN,Research and development expenditure (% of GDP),2013-12-31,2013,year,2013-01-01,3.27895,% PKB,annual,observed,https://api.worldbank.org/v2/country/POL;WLD;USA;CHN;DEU;IND;KOR;JPN;GBR;FRA;BRA;EST/indicator/GB.XPD.RSDV.GD.ZS?format=json&per_page=1000,2026-09-28T17:23:22.612Z,{}
GB.XPD.RSDV.GD.ZS,GB.XPD.RSDV.GD.ZS--kor,Korea Płd.,KOR,Research and development expenditure (% of GDP),2013-12-31,2013,year,2013-01-01,3.77487,% PKB,annual,observed,https://api.worldbank.org/v2/country/POL;WLD;USA;CHN;DEU;IND;KOR;JPN;GBR;FRA;BRA;EST/indicator/GB.XPD.RSDV.GD.ZS?format=json&per_page=1000,2026-09-28T17:23:22.612Z,{}
GB.XPD.RSDV.GD.ZS,GB.XPD.RSDV.GD.ZS--pol,Polska,POL,Research and development expenditure (% of GDP),2013-12-31,2013,year,2013-01-01,0.8807,% PKB,annual,observed,https://api.worldbank.org/v2/country/POL;WLD;USA;CHN;DEU;IND;KOR;JPN;GBR;FRA;BRA;EST/indicator/GB.XPD.RSDV.GD.ZS?format=json&per_page=1000,2026-09-28T17:23:22.612Z,{}
GB.XPD.RSDV.GD.ZS,GB.XPD.RSDV.GD.ZS--usa,USA,USA,Research and development expenditure (% of GDP),2013-12-31,2013,year,2013-01-01,2.69591,% PKB,annual,observed,https://api.worldbank.org/v2/country/POL;WLD;USA;CHN;DEU;IND;KOR;JPN;GBR;FRA;BRA;EST/indicator/GB.XPD.RSDV.GD.ZS?format=json&per_page=1000,2026-09-28T17:23:22.612Z,{}
GB.XPD.RSDV.GD.ZS,GB.XPD.RSDV.GD.ZS--wld,Świat,WLD,Research and development expenditure (% of GDP),2013-12-31,2013,year,2013-01-01,1.975191691907,% PKB,annual,observed,https://api.worldbank.org/v2/country/POL;WLD;USA;CHN;DEU;IND;KOR;JPN;GBR;FRA;BRA;EST/indicator/GB.XPD.RSDV.GD.ZS?format=json&per_page=1000,2026-09-28T17:23:22.612Z,{}
GB.XPD.RSDV.GD.ZS,GB.XPD.RSDV.GD.ZS--bra,Brazylia,BRA,Research and development expenditure (% of GDP),2014-12-31,2014,year,2014-01-01,1.26971,% PKB,annual,observed,https://api.worldbank.org/v2/country/POL;WLD;USA;CHN;DEU;IND;KOR;JPN;GBR;FRA;BRA;EST/indicator/GB.XPD.RSDV.GD.ZS?format=json&per_page=1000,2026-09-28T17:23:22.612Z,{}
GB.XPD.RSDV.GD.ZS,GB.XPD.RSDV.GD.ZS--chn,Chiny,CHN,Research and development expenditure (% of GDP),2014-12-31,2014,year,2014-01-01,1.98475,% PKB,annual,observed,https://api.worldbank.org/v2/country/POL;WLD;USA;CHN;DEU;IND;KOR;JPN;GBR;FRA;BRA;EST/indicator/GB.XPD.RSDV.GD.ZS?format=json&per_page=1000,2026-09-28T17:23:22.612Z,{}
GB.XPD.RSDV.GD.ZS,GB.XPD.RSDV.GD.ZS--deu,Niemcy,DEU,Research and development expenditure (% of GDP),2014-12-31,2014,year,2014-01-01,2.82218,% PKB,annual,observed,https://api.worldbank.org/v2/country/POL;WLD;USA;CHN;DEU;IND;KOR;JPN;GBR;FRA;BRA;EST/indicator/GB.XPD.RSDV.GD.ZS?format=json&per_page=1000,2026-09-28T17:23:22.612Z,{}
GB.XPD.RSDV.GD.ZS,GB.XPD.RSDV.GD.ZS--est,Estonia,EST,Research and development expenditure (% of GDP),2014-12-31,2014,year,2014-01-01,1.40794,% PKB,annual,observed,https://api.worldbank.org/v2/country/POL;WLD;USA;CHN;DEU;IND;KOR;JPN;GBR;FRA;BRA;EST/indicator/GB.XPD.RSDV.GD.ZS?format=json&per_page=1000,2026-09-28T17:23:22.612Z,{}
GB.XPD.RSDV.GD.ZS,GB.XPD.RSDV.GD.ZS--fra,Francja,FRA,Research and development expenditure (% of GDP),2014-12-31,2014,year,2014-01-01,2.27173,% PKB,annual,observed,https://api.worldbank.org/v2/country/POL;WLD;USA;CHN;DEU;IND;KOR;JPN;GBR;FRA;BRA;EST/indicator/GB.XPD.RSDV.GD.ZS?format=json&per_page=1000,2026-09-28T17:23:22.612Z,{}
GB.XPD.RSDV.GD.ZS,GB.XPD.RSDV.GD.ZS--gbr,Wielka Brytania,GBR,Research and development expenditure (% of GDP),2014-12-31,2014,year,2014-01-01,2.26488,% PKB,annual,observed,https://api.worldbank.org/v2/country/POL;WLD;USA;CHN;DEU;IND;KOR;JPN;GBR;FRA;BRA;EST/indicator/GB.XPD.RSDV.GD.ZS?format=json&per_page=1000,2026-09-28T17:23:22.612Z,{}
GB.XPD.RSDV.GD.ZS,GB.XPD.RSDV.GD.ZS--ind,Indie,IND,Research and development expenditure (% of GDP),2014-12-31,2014,year,2014-01-01,0.70158,% PKB,annual,observed,https://api.worldbank.org/v2/country/POL;WLD;USA;CHN;DEU;IND;KOR;JPN;GBR;FRA;BRA;EST/indicator/GB.XPD.RSDV.GD.ZS?format=json&per_page=1000,2026-09-28T17:23:22.612Z,{}
GB.XPD.RSDV.GD.ZS,GB.XPD.RSDV.GD.ZS--jpn,Japonia,JPN,Research and development expenditure (% of GDP),2014-12-31,2014,year,2014-01-01,3.36788,% PKB,annual,observed,https://api.worldbank.org/v2/country/POL;WLD;USA;CHN;DEU;IND;KOR;JPN;GBR;FRA;BRA;EST/indicator/GB.XPD.RSDV.GD.ZS?format=json&per_page=1000,2026-09-28T17:23:22.612Z,{}
GB.XPD.RSDV.GD.ZS,GB.XPD.RSDV.GD.ZS--kor,Korea Płd.,KOR,Research and development expenditure (% of GDP),2014-12-31,2014,year,2014-01-01,3.88983,% PKB,annual,observed,https://api.worldbank.org/v2/country/POL;WLD;USA;CHN;DEU;IND;KOR;JPN;GBR;FRA;BRA;EST/indicator/GB.XPD.RSDV.GD.ZS?format=json&per_page=1000,2026-09-28T17:23:22.612Z,{}
GB.XPD.RSDV.GD.ZS,GB.XPD.RSDV.GD.ZS--pol,Polska,POL,Research and development expenditure (% of GDP),2014-12-31,2014,year,2014-01-01,0.9454,% PKB,annual,observed,https://api.worldbank.org/v2/country/POL;WLD;USA;CHN;DEU;IND;KOR;JPN;GBR;FRA;BRA;EST/indicator/GB.XPD.RSDV.GD.ZS?format=json&per_page=1000,2026-09-28T17:23:22.612Z,{}
GB.XPD.RSDV.GD.ZS,GB.XPD.RSDV.GD.ZS--usa,USA,USA,Research and development expenditure (% of GDP),2014-12-31,2014,year,2014-01-01,2.70882,% PKB,annual,observed,https://api.worldbank.org/v2/country/POL;WLD;USA;CHN;DEU;IND;KOR;JPN;GBR;FRA;BRA;EST/indicator/GB.XPD.RSDV.GD.ZS?format=json&per_page=1000,2026-09-28T17:23:22.612Z,{}
GB.XPD.RSDV.GD.ZS,GB.XPD.RSDV.GD.ZS--wld,Świat,WLD,Research and development expenditure (% of GDP),2014-12-31,2014,year,2014-01-01,2.08659703677765,% PKB,annual,observed,https://api.worldbank.org/v2/country/POL;WLD;USA;CHN;DEU;IND;KOR;JPN;GBR;FRA;BRA;EST/indicator/GB.XPD.RSDV.GD.ZS?format=json&per_page=1000,2026-09-28T17:23:22.612Z,{}
GB.XPD.RSDV.GD.ZS,GB.XPD.RSDV.GD.ZS--bra,Brazylia,BRA,Research and development expenditure (% of GDP),2015-12-31,2015,year,2015-01-01,1.28464,% PKB,annual,observed,https://api.worldbank.org/v2/country/POL;WLD;USA;CHN;DEU;IND;KOR;JPN;GBR;FRA;BRA;EST/indicator/GB.XPD.RSDV.GD.ZS?format=json&per_page=1000,2026-09-28T17:23:22.612Z,{}
GB.XPD.RSDV.GD.ZS,GB.XPD.RSDV.GD.ZS--chn,Chiny,CHN,Research and development expenditure (% of GDP),2015-12-31,2015,year,2015-01-01,2.01703,% PKB,annual,observed,https://api.worldbank.org/v2/country/POL;WLD;USA;CHN;DEU;IND;KOR;JPN;GBR;FRA;BRA;EST/indicator/GB.XPD.RSDV.GD.ZS?format=json&per_page=1000,2026-09-28T17:23:22.612Z,{}
GB.XPD.RSDV.GD.ZS,GB.XPD.RSDV.GD.ZS--deu,Niemcy,DEU,Research and development expenditure (% of GDP),2015-12-31,2015,year,2015-01-01,2.87725,% PKB,annual,observed,https://api.worldbank.org/v2/country/POL;WLD;USA;CHN;DEU;IND;KOR;JPN;GBR;FRA;BRA;EST/indicator/GB.XPD.RSDV.GD.ZS?format=json&per_page=1000,2026-09-28T17:23:22.612Z,{}
GB.XPD.RSDV.GD.ZS,GB.XPD.RSDV.GD.ZS--est,Estonia,EST,Research and development expenditure (% of GDP),2015-12-31,2015,year,2015-01-01,1.44125,% PKB,annual,observed,https://api.worldbank.org/v2/country/POL;WLD;USA;CHN;DEU;IND;KOR;JPN;GBR;FRA;BRA;EST/indicator/GB.XPD.RSDV.GD.ZS?format=json&per_page=1000,2026-09-28T17:23:22.612Z,{}
GB.XPD.RSDV.GD.ZS,GB.XPD.RSDV.GD.ZS--fra,Francja,FRA,Research and development expenditure (% of GDP),2015-12-31,2015,year,2015-01-01,2.22401,% PKB,annual,observed,https://api.worldbank.org/v2/country/POL;WLD;USA;CHN;DEU;IND;KOR;JPN;GBR;FRA;BRA;EST/indicator/GB.XPD.RSDV.GD.ZS?format=json&per_page=1000,2026-09-28T17:23:22.612Z,{}
GB.XPD.RSDV.GD.ZS,GB.XPD.RSDV.GD.ZS--gbr,Wielka Brytania,GBR,Research and development expenditure (% of GDP),2015-12-31,2015,year,2015-01-01,2.27566,% PKB,annual,observed,https://api.worldbank.org/v2/country/POL;WLD;USA;CHN;DEU;IND;KOR;JPN;GBR;FRA;BRA;EST/indicator/GB.XPD.RSDV.GD.ZS?format=json&per_page=1000,2026-09-28T17:23:22.612Z,{}
GB.XPD.RSDV.GD.ZS,GB.XPD.RSDV.GD.ZS--ind,Indie,IND,Research and development expenditure (% of GDP),2015-12-31,2015,year,2015-01-01,0.6931,% PKB,annual,observed,https://api.worldbank.org/v2/country/POL;WLD;USA;CHN;DEU;IND;KOR;JPN;GBR;FRA;BRA;EST/indicator/GB.XPD.RSDV.GD.ZS?format=json&per_page=1000,2026-09-28T17:23:22.612Z,{}
GB.XPD.RSDV.GD.ZS,GB.XPD.RSDV.GD.ZS--jpn,Japonia,JPN,Research and development expenditure (% of GDP),2015-12-31,2015,year,2015-01-01,3.24071,% PKB,annual,observed,https://api.worldbank.org/v2/country/POL;WLD;USA;CHN;DEU;IND;KOR;JPN;GBR;FRA;BRA;EST/indicator/GB.XPD.RSDV.GD.ZS?format=json&per_page=1000,2026-09-28T17:23:22.612Z,{}
GB.XPD.RSDV.GD.ZS,GB.XPD.RSDV.GD.ZS--kor,Korea Płd.,KOR,Research and development expenditure (% of GDP),2015-12-31,2015,year,2015-01-01,3.78907,% PKB,annual,observed,https://api.worldbank.org/v2/country/POL;WLD;USA;CHN;DEU;IND;KOR;JPN;GBR;FRA;BRA;EST/indicator/GB.XPD.RSDV.GD.ZS?format=json&per_page=1000,2026-09-28T17:23:22.612Z,{}
GB.XPD.RSDV.GD.ZS,GB.XPD.RSDV.GD.ZS--pol,Polska,POL,Research and development expenditure (% of GDP),2015-12-31,2015,year,2015-01-01,0.99807,% PKB,annual,observed,https://api.worldbank.org/v2/country/POL;WLD;USA;CHN;DEU;IND;KOR;JPN;GBR;FRA;BRA;EST/indicator/GB.XPD.RSDV.GD.ZS?format=json&per_page=1000,2026-09-28T17:23:22.612Z,{}
GB.XPD.RSDV.GD.ZS,GB.XPD.RSDV.GD.ZS--usa,USA,USA,Research and development expenditure (% of GDP),2015-12-31,2015,year,2015-01-01,2.77328,% PKB,annual,observed,https://api.worldbank.org/v2/country/POL;WLD;USA;CHN;DEU;IND;KOR;JPN;GBR;FRA;BRA;EST/indicator/GB.XPD.RSDV.GD.ZS?format=json&per_page=1000,2026-09-28T17:23:22.612Z,{}
GB.XPD.RSDV.GD.ZS,GB.XPD.RSDV.GD.ZS--wld,Świat,WLD,Research and development expenditure (% of GDP),2015-12-31,2015,year,2015-01-01,2.10431830423067,% PKB,annual,observed,https://api.worldbank.org/v2/country/POL;WLD;USA;CHN;DEU;IND;KOR;JPN;GBR;FRA;BRA;EST/indicator/GB.XPD.RSDV.GD.ZS?format=json&per_page=1000,2026-09-28T17:23:22.612Z,{}
GB.XPD.RSDV.GD.ZS,GB.XPD.RSDV.GD.ZS--bra,Brazylia,BRA,Research and development expenditure (% of GDP),2016-12-31,2016,year,2016-01-01,1.19584,% PKB,annual,observed,https://api.worldbank.org/v2/country/POL;WLD;USA;CHN;DEU;IND;KOR;JPN;GBR;FRA;BRA;EST/indicator/GB.XPD.RSDV.GD.ZS?format=json&per_page=1000,2026-09-28T17:23:22.612Z,{}
GB.XPD.RSDV.GD.ZS,GB.XPD.RSDV.GD.ZS--chn,Chiny,CHN,Research and development expenditure (% of GDP),2016-12-31,2016,year,2016-01-01,2.0595,% PKB,annual,observed,https://api.worldbank.org/v2/country/POL;WLD;USA;CHN;DEU;IND;KOR;JPN;GBR;FRA;BRA;EST/indicator/GB.XPD.RSDV.GD.ZS?format=json&per_page=1000,2026-09-28T17:23:22.612Z,{}
GB.XPD.RSDV.GD.ZS,GB.XPD.RSDV.GD.ZS--deu,Niemcy,DEU,Research and development expenditure (% of GDP),2016-12-31,2016,year,2016-01-01,2.88393,% PKB,annual,observed,https://api.worldbank.org/v2/country/POL;WLD;USA;CHN;DEU;IND;KOR;JPN;GBR;FRA;BRA;EST/indicator/GB.XPD.RSDV.GD.ZS?format=json&per_page=1000,2026-09-28T17:23:22.612Z,{}
GB.XPD.RSDV.GD.ZS,GB.XPD.RSDV.GD.ZS--est,Estonia,EST,Research and development expenditure (% of GDP),2016-12-31,2016,year,2016-01-01,1.21835,% PKB,annual,observed,https://api.worldbank.org/v2/country/POL;WLD;USA;CHN;DEU;IND;KOR;JPN;GBR;FRA;BRA;EST/indicator/GB.XPD.RSDV.GD.ZS?format=json&per_page=1000,2026-09-28T17:23:22.612Z,{}
GB.XPD.RSDV.GD.ZS,GB.XPD.RSDV.GD.ZS--fra,Francja,FRA,Research and development expenditure (% of GDP),2016-12-31,2016,year,2016-01-01,2.22468,% PKB,annual,observed,https://api.worldbank.org/v2/country/POL;WLD;USA;CHN;DEU;IND;KOR;JPN;GBR;FRA;BRA;EST/indicator/GB.XPD.RSDV.GD.ZS?format=json&per_page=1000,2026-09-28T17:23:22.612Z,{}
GB.XPD.RSDV.GD.ZS,GB.XPD.RSDV.GD.ZS--gbr,Wielka Brytania,GBR,Research and development expenditure (% of GDP),2016-12-31,2016,year,2016-01-01,2.32051,% PKB,annual,observed,https://api.worldbank.org/v2/country/POL;WLD;USA;CHN;DEU;IND;KOR;JPN;GBR;FRA;BRA;EST/indicator/GB.XPD.RSDV.GD.ZS?format=json&per_page=1000,2026-09-28T17:23:22.612Z,{}
GB.XPD.RSDV.GD.ZS,GB.XPD.RSDV.GD.ZS--ind,Indie,IND,Research and development expenditure (% of GDP),2016-12-31,2016,year,2016-01-01,0.66984,% PKB,annual,observed,https://api.worldbank.org/v2/country/POL;WLD;USA;CHN;DEU;IND;KOR;JPN;GBR;FRA;BRA;EST/indicator/GB.XPD.RSDV.GD.ZS?format=json&per_page=1000,2026-09-28T17:23:22.612Z,{}
GB.XPD.RSDV.GD.ZS,GB.XPD.RSDV.GD.ZS--jpn,Japonia,JPN,Research and development expenditure (% of GDP),2016-12-31,2016,year,2016-01-01,3.10665,% PKB,annual,observed,https://api.worldbank.org/v2/country/POL;WLD;USA;CHN;DEU;IND;KOR;JPN;GBR;FRA;BRA;EST/indicator/GB.XPD.RSDV.GD.ZS?format=json&per_page=1000,2026-09-28T17:23:22.612Z,{}
GB.XPD.RSDV.GD.ZS,GB.XPD.RSDV.GD.ZS--kor,Korea Płd.,KOR,Research and development expenditure (% of GDP),2016-12-31,2016,year,2016-01-01,3.78638,% PKB,annual,observed,https://api.worldbank.org/v2/country/POL;WLD;USA;CHN;DEU;IND;KOR;JPN;GBR;FRA;BRA;EST/indicator/GB.XPD.RSDV.GD.ZS?format=json&per_page=1000,2026-09-28T17:23:22.612Z,{}
GB.XPD.RSDV.GD.ZS,GB.XPD.RSDV.GD.ZS--pol,Polska,POL,Research and development expenditure (% of GDP),2016-12-31,2016,year,2016-01-01,0.9616,% PKB,annual,observed,https://api.worldbank.org/v2/country/POL;WLD;USA;CHN;DEU;IND;KOR;JPN;GBR;FRA;BRA;EST/indicator/GB.XPD.RSDV.GD.ZS?format=json&per_page=1000,2026-09-28T17:23:22.612Z,{}
GB.XPD.RSDV.GD.ZS,GB.XPD.RSDV.GD.ZS--usa,USA,USA,Research and development expenditure (% of GDP),2016-12-31,2016,year,2016-01-01,2.83677,% PKB,annual,observed,https://api.worldbank.org/v2/country/POL;WLD;USA;CHN;DEU;IND;KOR;JPN;GBR;FRA;BRA;EST/indicator/GB.XPD.RSDV.GD.ZS?format=json&per_page=1000,2026-09-28T17:23:22.612Z,{}
GB.XPD.RSDV.GD.ZS,GB.XPD.RSDV.GD.ZS--wld,Świat,WLD,Research and development expenditure (% of GDP),2016-12-31,2016,year,2016-01-01,2.14865606825884,% PKB,annual,observed,https://api.worldbank.org/v2/country/POL;WLD;USA;CHN;DEU;IND;KOR;JPN;GBR;FRA;BRA;EST/indicator/GB.XPD.RSDV.GD.ZS?format=json&per_page=1000,2026-09-28T17:23:22.612Z,{}
GB.XPD.RSDV.GD.ZS,GB.XPD.RSDV.GD.ZS--bra,Brazylia,BRA,Research and development expenditure (% of GDP),2017-12-31,2017,year,2017-01-01,1.1175,% PKB,annual,observed,https://api.worldbank.org/v2/country/POL;WLD;USA;CHN;DEU;IND;KOR;JPN;GBR;FRA;BRA;EST/indicator/GB.XPD.RSDV.GD.ZS?format=json&per_page=1000,2026-09-28T17:23:22.612Z,{}
GB.XPD.RSDV.GD.ZS,GB.XPD.RSDV.GD.ZS--chn,Chiny,CHN,Research and development expenditure (% of GDP),2017-12-31,2017,year,2017-01-01,2.07771,% PKB,annual,observed,https://api.worldbank.org/v2/country/POL;WLD;USA;CHN;DEU;IND;KOR;JPN;GBR;FRA;BRA;EST/indicator/GB.XPD.RSDV.GD.ZS?format=json&per_page=1000,2026-09-28T17:23:22.612Z,{}
GB.XPD.RSDV.GD.ZS,GB.XPD.RSDV.GD.ZS--deu,Niemcy,DEU,Research and development expenditure (% of GDP),2017-12-31,2017,year,2017-01-01,2.9886,% PKB,annual,observed,https://api.worldbank.org/v2/country/POL;WLD;USA;CHN;DEU;IND;KOR;JPN;GBR;FRA;BRA;EST/indicator/GB.XPD.RSDV.GD.ZS?format=json&per_page=1000,2026-09-28T17:23:22.612Z,{}
GB.XPD.RSDV.GD.ZS,GB.XPD.RSDV.GD.ZS--est,Estonia,EST,Research and development expenditure (% of GDP),2017-12-31,2017,year,2017-01-01,1.25152,% PKB,annual,observed,https://api.worldbank.org/v2/country/POL;WLD;USA;CHN;DEU;IND;KOR;JPN;GBR;FRA;BRA;EST/indicator/GB.XPD.RSDV.GD.ZS?format=json&per_page=1000,2026-09-28T17:23:22.612Z,{}
GB.XPD.RSDV.GD.ZS,GB.XPD.RSDV.GD.ZS--fra,Francja,FRA,Research and development expenditure (% of GDP),2017-12-31,2017,year,2017-01-01,2.20422,% PKB,annual,observed,https://api.worldbank.org/v2/country/POL;WLD;USA;CHN;DEU;IND;KOR;JPN;GBR;FRA;BRA;EST/indicator/GB.XPD.RSDV.GD.ZS?format=json&per_page=1000,2026-09-28T17:23:22.612Z,{}
GB.XPD.RSDV.GD.ZS,GB.XPD.RSDV.GD.ZS--gbr,Wielka Brytania,GBR,Research and development expenditure (% of GDP),2017-12-31,2017,year,2017-01-01,2.32602,% PKB,annual,observed,https://api.worldbank.org/v2/country/POL;WLD;USA;CHN;DEU;IND;KOR;JPN;GBR;FRA;BRA;EST/indicator/GB.XPD.RSDV.GD.ZS?format=json&per_page=1000,2026-09-28T17:23:22.612Z,{}
GB.XPD.RSDV.GD.ZS,GB.XPD.RSDV.GD.ZS--ind,Indie,IND,Research and development expenditure (% of GDP),2017-12-31,2017,year,2017-01-01,0.66603,% PKB,annual,observed,https://api.worldbank.org/v2/country/POL;WLD;USA;CHN;DEU;IND;KOR;JPN;GBR;FRA;BRA;EST/indicator/GB.XPD.RSDV.GD.ZS?format=json&per_page=1000,2026-09-28T17:23:22.612Z,{}
GB.XPD.RSDV.GD.ZS,GB.XPD.RSDV.GD.ZS--jpn,Japonia,JPN,Research and development expenditure (% of GDP),2017-12-31,2017,year,2017-01-01,3.16636,% PKB,annual,observed,https://api.worldbank.org/v2/country/POL;WLD;USA;CHN;DEU;IND;KOR;JPN;GBR;FRA;BRA;EST/indicator/GB.XPD.RSDV.GD.ZS?format=json&per_page=1000,2026-09-28T17:23:22.612Z,{}
GB.XPD.RSDV.GD.ZS,GB.XPD.RSDV.GD.ZS--kor,Korea Płd.,KOR,Research and development expenditure (% of GDP),2017-12-31,2017,year,2017-01-01,4.07341,% PKB,annual,observed,https://api.worldbank.org/v2/country/POL;WLD;USA;CHN;DEU;IND;KOR;JPN;GBR;FRA;BRA;EST/indicator/GB.XPD.RSDV.GD.ZS?format=json&per_page=1000,2026-09-28T17:23:22.612Z,{}
GB.XPD.RSDV.GD.ZS,GB.XPD.RSDV.GD.ZS--pol,Polska,POL,Research and development expenditure (% of GDP),2017-12-31,2017,year,2017-01-01,1.03055,% PKB,annual,observed,https://api.worldbank.org/v2/country/POL;WLD;USA;CHN;DEU;IND;KOR;JPN;GBR;FRA;BRA;EST/indicator/GB.XPD.RSDV.GD.ZS?format=json&per_page=1000,2026-09-28T17:23:22.612Z,{}
GB.XPD.RSDV.GD.ZS,GB.XPD.RSDV.GD.ZS--usa,USA,USA,Research and development expenditure (% of GDP),2017-12-31,2017,year,2017-01-01,2.88315,% PKB,annual,observed,https://api.worldbank.org/v2/country/POL;WLD;USA;CHN;DEU;IND;KOR;JPN;GBR;FRA;BRA;EST/indicator/GB.XPD.RSDV.GD.ZS?format=json&per_page=1000,2026-09-28T17:23:22.612Z,{}
GB.XPD.RSDV.GD.ZS,GB.XPD.RSDV.GD.ZS--wld,Świat,WLD,Research and development expenditure (% of GDP),2017-12-31,2017,year,2017-01-01,2.14199917077902,% PKB,annual,observed,https://api.worldbank.org/v2/country/POL;WLD;USA;CHN;DEU;IND;KOR;JPN;GBR;FRA;BRA;EST/indicator/GB.XPD.RSDV.GD.ZS?format=json&per_page=1000,2026-09-28T17:23:22.612Z,{}
GB.XPD.RSDV.GD.ZS,GB.XPD.RSDV.GD.ZS--bra,Brazylia,BRA,Research and development expenditure (% of GDP),2018-12-31,2018,year,2018-01-01,1.15016,% PKB,annual,observed,https://api.worldbank.org/v2/country/POL;WLD;USA;CHN;DEU;IND;KOR;JPN;GBR;FRA;BRA;EST/indicator/GB.XPD.RSDV.GD.ZS?format=json&per_page=1000,2026-09-28T17:23:22.612Z,{}
GB.XPD.RSDV.GD.ZS,GB.XPD.RSDV.GD.ZS--chn,Chiny,CHN,Research and development expenditure (% of GDP),2018-12-31,2018,year,2018-01-01,2.10232,% PKB,annual,observed,https://api.worldbank.org/v2/country/POL;WLD;USA;CHN;DEU;IND;KOR;JPN;GBR;FRA;BRA;EST/indicator/GB.XPD.RSDV.GD.ZS?format=json&per_page=1000,2026-09-28T17:23:22.612Z,{}
GB.XPD.RSDV.GD.ZS,GB.XPD.RSDV.GD.ZS--deu,Niemcy,DEU,Research and development expenditure (% of GDP),2018-12-31,2018,year,2018-01-01,3.05057,% PKB,annual,observed,https://api.worldbank.org/v2/country/POL;WLD;USA;CHN;DEU;IND;KOR;JPN;GBR;FRA;BRA;EST/indicator/GB.XPD.RSDV.GD.ZS?format=json&per_page=1000,2026-09-28T17:23:22.612Z,{}
GB.XPD.RSDV.GD.ZS,GB.XPD.RSDV.GD.ZS--est,Estonia,EST,Research and development expenditure (% of GDP),2018-12-31,2018,year,2018-01-01,1.38298,% PKB,annual,observed,https://api.worldbank.org/v2/country/POL;WLD;USA;CHN;DEU;IND;KOR;JPN;GBR;FRA;BRA;EST/indicator/GB.XPD.RSDV.GD.ZS?format=json&per_page=1000,2026-09-28T17:23:22.612Z,{}
GB.XPD.RSDV.GD.ZS,GB.XPD.RSDV.GD.ZS--fra,Francja,FRA,Research and development expenditure (% of GDP),2018-12-31,2018,year,2018-01-01,2.20407,% PKB,annual,observed,https://api.worldbank.org/v2/country/POL;WLD;USA;CHN;DEU;IND;KOR;JPN;GBR;FRA;BRA;EST/indicator/GB.XPD.RSDV.GD.ZS?format=json&per_page=1000,2026-09-28T17:23:22.612Z,{}
GB.XPD.RSDV.GD.ZS,GB.XPD.RSDV.GD.ZS--gbr,Wielka Brytania,GBR,Research and development expenditure (% of GDP),2018-12-31,2018,year,2018-01-01,2.70889,% PKB,annual,observed,https://api.worldbank.org/v2/country/POL;WLD;USA;CHN;DEU;IND;KOR;JPN;GBR;FRA;BRA;EST/indicator/GB.XPD.RSDV.GD.ZS?format=json&per_page=1000,2026-09-28T17:23:22.612Z,{}
GB.XPD.RSDV.GD.ZS,GB.XPD.RSDV.GD.ZS--ind,Indie,IND,Research and development expenditure (% of GDP),2018-12-31,2018,year,2018-01-01,0.66001,% PKB,annual,observed,https://api.worldbank.org/v2/country/POL;WLD;USA;CHN;DEU;IND;KOR;JPN;GBR;FRA;BRA;EST/indicator/GB.XPD.RSDV.GD.ZS?format=json&per_page=1000,2026-09-28T17:23:22.612Z,{}
GB.XPD.RSDV.GD.ZS,GB.XPD.RSDV.GD.ZS--jpn,Japonia,JPN,Research and development expenditure (% of GDP),2018-12-31,2018,year,2018-01-01,3.2192,% PKB,annual,observed,https://api.worldbank.org/v2/country/POL;WLD;USA;CHN;DEU;IND;KOR;JPN;GBR;FRA;BRA;EST/indicator/GB.XPD.RSDV.GD.ZS?format=json&per_page=1000,2026-09-28T17:23:22.612Z,{}
GB.XPD.RSDV.GD.ZS,GB.XPD.RSDV.GD.ZS--kor,Korea Płd.,KOR,Research and development expenditure (% of GDP),2018-12-31,2018,year,2018-01-01,4.27155,% PKB,annual,observed,https://api.worldbank.org/v2/country/POL;WLD;USA;CHN;DEU;IND;KOR;JPN;GBR;FRA;BRA;EST/indicator/GB.XPD.RSDV.GD.ZS?format=json&per_page=1000,2026-09-28T17:23:22.612Z,{}
GB.XPD.RSDV.GD.ZS,GB.XPD.RSDV.GD.ZS--pol,Polska,POL,Research and development expenditure (% of GDP),2018-12-31,2018,year,2018-01-01,1.19426,% PKB,annual,observed,https://api.worldbank.org/v2/country/POL;WLD;USA;CHN;DEU;IND;KOR;JPN;GBR;FRA;BRA;EST/indicator/GB.XPD.RSDV.GD.ZS?format=json&per_page=1000,2026-09-28T17:23:22.612Z,{}
GB.XPD.RSDV.GD.ZS,GB.XPD.RSDV.GD.ZS--usa,USA,USA,Research and development expenditure (% of GDP),2018-12-31,2018,year,2018-01-01,2.98956,% PKB,annual,observed,https://api.worldbank.org/v2/country/POL;WLD;USA;CHN;DEU;IND;KOR;JPN;GBR;FRA;BRA;EST/indicator/GB.XPD.RSDV.GD.ZS?format=json&per_page=1000,2026-09-28T17:23:22.612Z,{}
GB.XPD.RSDV.GD.ZS,GB.XPD.RSDV.GD.ZS--wld,Świat,WLD,Research and development expenditure (% of GDP),2018-12-31,2018,year,2018-01-01,2.21817463707231,% PKB,annual,observed,https://api.worldbank.org/v2/country/POL;WLD;USA;CHN;DEU;IND;KOR;JPN;GBR;FRA;BRA;EST/indicator/GB.XPD.RSDV.GD.ZS?format=json&per_page=1000,2026-09-28T17:23:22.612Z,{}
GB.XPD.RSDV.GD.ZS,GB.XPD.RSDV.GD.ZS--bra,Brazylia,BRA,Research and development expenditure (% of GDP),2019-12-31,2019,year,2019-01-01,1.15115,% PKB,annual,observed,https://api.worldbank.org/v2/country/POL;WLD;USA;CHN;DEU;IND;KOR;JPN;GBR;FRA;BRA;EST/indicator/GB.XPD.RSDV.GD.ZS?format=json&per_page=1000,2026-09-28T17:23:22.612Z,{}
GB.XPD.RSDV.GD.ZS,GB.XPD.RSDV.GD.ZS--chn,Chiny,CHN,Research and development expenditure (% of GDP),2019-12-31,2019,year,2019-01-01,2.20144,% PKB,annual,observed,https://api.worldbank.org/v2/country/POL;WLD;USA;CHN;DEU;IND;KOR;JPN;GBR;FRA;BRA;EST/indicator/GB.XPD.RSDV.GD.ZS?format=json&per_page=1000,2026-09-28T17:23:22.612Z,{}
GB.XPD.RSDV.GD.ZS,GB.XPD.RSDV.GD.ZS--deu,Niemcy,DEU,Research and development expenditure (% of GDP),2019-12-31,2019,year,2019-01-01,3.11256,% PKB,annual,observed,https://api.worldbank.org/v2/country/POL;WLD;USA;CHN;DEU;IND;KOR;JPN;GBR;FRA;BRA;EST/indicator/GB.XPD.RSDV.GD.ZS?format=json&per_page=1000,2026-09-28T17:23:22.612Z,{}
GB.XPD.RSDV.GD.ZS,GB.XPD.RSDV.GD.ZS--est,Estonia,EST,Research and development expenditure (% of GDP),2019-12-31,2019,year,2019-01-01,1.59093,% PKB,annual,observed,https://api.worldbank.org/v2/country/POL;WLD;USA;CHN;DEU;IND;KOR;JPN;GBR;FRA;BRA;EST/indicator/GB.XPD.RSDV.GD.ZS?format=json&per_page=1000,2026-09-28T17:23:22.612Z,{}
GB.XPD.RSDV.GD.ZS,GB.XPD.RSDV.GD.ZS--fra,Francja,FRA,Research and development expenditure (% of GDP),2019-12-31,2019,year,2019-01-01,2.19668,% PKB,annual,observed,https://api.worldbank.org/v2/country/POL;WLD;USA;CHN;DEU;IND;KOR;JPN;GBR;FRA;BRA;EST/indicator/GB.XPD.RSDV.GD.ZS?format=json&per_page=1000,2026-09-28T17:23:22.612Z,{}
GB.XPD.RSDV.GD.ZS,GB.XPD.RSDV.GD.ZS--gbr,Wielka Brytania,GBR,Research and development expenditure (% of GDP),2019-12-31,2019,year,2019-01-01,2.6707,% PKB,annual,observed,https://api.worldbank.org/v2/country/POL;WLD;USA;CHN;DEU;IND;KOR;JPN;GBR;FRA;BRA;EST/indicator/GB.XPD.RSDV.GD.ZS?format=json&per_page=1000,2026-09-28T17:23:22.612Z,{}
GB.XPD.RSDV.GD.ZS,GB.XPD.RSDV.GD.ZS--ind,Indie,IND,Research and development expenditure (% of GDP),2019-12-31,2019,year,2019-01-01,0.65942,% PKB,annual,observed,https://api.worldbank.org/v2/country/POL;WLD;USA;CHN;DEU;IND;KOR;JPN;GBR;FRA;BRA;EST/indicator/GB.XPD.RSDV.GD.ZS?format=json&per_page=1000,2026-09-28T17:23:22.612Z,{}
GB.XPD.RSDV.GD.ZS,GB.XPD.RSDV.GD.ZS--jpn,Japonia,JPN,Research and development expenditure (% of GDP),2019-12-31,2019,year,2019-01-01,3.21824,% PKB,annual,observed,https://api.worldbank.org/v2/country/POL;WLD;USA;CHN;DEU;IND;KOR;JPN;GBR;FRA;BRA;EST/indicator/GB.XPD.RSDV.GD.ZS?format=json&per_page=1000,2026-09-28T17:23:22.612Z,{}
GB.XPD.RSDV.GD.ZS,GB.XPD.RSDV.GD.ZS--kor,Korea Płd.,KOR,Research and development expenditure (% of GDP),2019-12-31,2019,year,2019-01-01,4.36379,% PKB,annual,observed,https://api.worldbank.org/v2/country/POL;WLD;USA;CHN;DEU;IND;KOR;JPN;GBR;FRA;BRA;EST/indicator/GB.XPD.RSDV.GD.ZS?format=json&per_page=1000,2026-09-28T17:23:22.612Z,{}
GB.XPD.RSDV.GD.ZS,GB.XPD.RSDV.GD.ZS--pol,Polska,POL,Research and development expenditure (% of GDP),2019-12-31,2019,year,2019-01-01,1.3088,% PKB,annual,observed,https://api.worldbank.org/v2/country/POL;WLD;USA;CHN;DEU;IND;KOR;JPN;GBR;FRA;BRA;EST/indicator/GB.XPD.RSDV.GD.ZS?format=json&per_page=1000,2026-09-28T17:23:22.612Z,{}
GB.XPD.RSDV.GD.ZS,GB.XPD.RSDV.GD.ZS--usa,USA,USA,Research and development expenditure (% of GDP),2019-12-31,2019,year,2019-01-01,3.14297,% PKB,annual,observed,https://api.worldbank.org/v2/country/POL;WLD;USA;CHN;DEU;IND;KOR;JPN;GBR;FRA;BRA;EST/indicator/GB.XPD.RSDV.GD.ZS?format=json&per_page=1000,2026-09-28T17:23:22.612Z,{}
GB.XPD.RSDV.GD.ZS,GB.XPD.RSDV.GD.ZS--wld,Świat,WLD,Research and development expenditure (% of GDP),2019-12-31,2019,year,2019-01-01,2.26339308318271,% PKB,annual,observed,https://api.worldbank.org/v2/country/POL;WLD;USA;CHN;DEU;IND;KOR;JPN;GBR;FRA;BRA;EST/indicator/GB.XPD.RSDV.GD.ZS?format=json&per_page=1000,2026-09-28T17:23:22.612Z,{}
GB.XPD.RSDV.GD.ZS,GB.XPD.RSDV.GD.ZS--bra,Brazylia,BRA,Research and development expenditure (% of GDP),2020-12-31,2020,year,2020-01-01,1.21907,% PKB,annual,observed,https://api.worldbank.org/v2/country/POL;WLD;USA;CHN;DEU;IND;KOR;JPN;GBR;FRA;BRA;EST/indicator/GB.XPD.RSDV.GD.ZS?format=json&per_page=1000,2026-09-28T17:23:22.612Z,{}
GB.XPD.RSDV.GD.ZS,GB.XPD.RSDV.GD.ZS--chn,Chiny,CHN,Research and development expenditure (% of GDP),2020-12-31,2020,year,2020-01-01,2.35712,% PKB,annual,observed,https://api.worldbank.org/v2/country/POL;WLD;USA;CHN;DEU;IND;KOR;JPN;GBR;FRA;BRA;EST/indicator/GB.XPD.RSDV.GD.ZS?format=json&per_page=1000,2026-09-28T17:23:22.612Z,{}
GB.XPD.RSDV.GD.ZS,GB.XPD.RSDV.GD.ZS--deu,Niemcy,DEU,Research and development expenditure (% of GDP),2020-12-31,2020,year,2020-01-01,3.0897,% PKB,annual,observed,https://api.worldbank.org/v2/country/POL;WLD;USA;CHN;DEU;IND;KOR;JPN;GBR;FRA;BRA;EST/indicator/GB.XPD.RSDV.GD.ZS?format=json&per_page=1000,2026-09-28T17:23:22.612Z,{}
GB.XPD.RSDV.GD.ZS,GB.XPD.RSDV.GD.ZS--est,Estonia,EST,Research and development expenditure (% of GDP),2020-12-31,2020,year,2020-01-01,1.72614,% PKB,annual,observed,https://api.worldbank.org/v2/country/POL;WLD;USA;CHN;DEU;IND;KOR;JPN;GBR;FRA;BRA;EST/indicator/GB.XPD.RSDV.GD.ZS?format=json&per_page=1000,2026-09-28T17:23:22.612Z,{}
GB.XPD.RSDV.GD.ZS,GB.XPD.RSDV.GD.ZS--fra,Francja,FRA,Research and development expenditure (% of GDP),2020-12-31,2020,year,2020-01-01,2.2742,% PKB,annual,observed,https://api.worldbank.org/v2/country/POL;WLD;USA;CHN;DEU;IND;KOR;JPN;GBR;FRA;BRA;EST/indicator/GB.XPD.RSDV.GD.ZS?format=json&per_page=1000,2026-09-28T17:23:22.612Z,{}
GB.XPD.RSDV.GD.ZS,GB.XPD.RSDV.GD.ZS--gbr,Wielka Brytania,GBR,Research and development expenditure (% of GDP),2020-12-31,2020,year,2020-01-01,2.93993,% PKB,annual,observed,https://api.worldbank.org/v2/country/POL;WLD;USA;CHN;DEU;IND;KOR;JPN;GBR;FRA;BRA;EST/indicator/GB.XPD.RSDV.GD.ZS?format=json&per_page=1000,2026-09-28T17:23:22.612Z,{}
GB.XPD.RSDV.GD.ZS,GB.XPD.RSDV.GD.ZS--ind,Indie,IND,Research and development expenditure (% of GDP),2020-12-31,2020,year,2020-01-01,0.64558,% PKB,annual,observed,https://api.worldbank.org/v2/country/POL;WLD;USA;CHN;DEU;IND;KOR;JPN;GBR;FRA;BRA;EST/indicator/GB.XPD.RSDV.GD.ZS?format=json&per_page=1000,2026-09-28T17:23:22.612Z,{}
GB.XPD.RSDV.GD.ZS,GB.XPD.RSDV.GD.ZS--jpn,Japonia,JPN,Research and development expenditure (% of GDP),2020-12-31,2020,year,2020-01-01,3.26556,% PKB,annual,observed,https://api.worldbank.org/v2/country/POL;WLD;USA;CHN;DEU;IND;KOR;JPN;GBR;FRA;BRA;EST/indicator/GB.XPD.RSDV.GD.ZS?format=json&per_page=1000,2026-09-28T17:23:22.612Z,{}
GB.XPD.RSDV.GD.ZS,GB.XPD.RSDV.GD.ZS--kor,Korea Płd.,KOR,Research and development expenditure (% of GDP),2020-12-31,2020,year,2020-01-01,4.5214,% PKB,annual,observed,https://api.worldbank.org/v2/country/POL;WLD;USA;CHN;DEU;IND;KOR;JPN;GBR;FRA;BRA;EST/indicator/GB.XPD.RSDV.GD.ZS?format=json&per_page=1000,2026-09-28T17:23:22.612Z,{}
GB.XPD.RSDV.GD.ZS,GB.XPD.RSDV.GD.ZS--pol,Polska,POL,Research and development expenditure (% of GDP),2020-12-31,2020,year,2020-01-01,1.37128,% PKB,annual,observed,https://api.worldbank.org/v2/country/POL;WLD;USA;CHN;DEU;IND;KOR;JPN;GBR;FRA;BRA;EST/indicator/GB.XPD.RSDV.GD.ZS?format=json&per_page=1000,2026-09-28T17:23:22.612Z,{}
GB.XPD.RSDV.GD.ZS,GB.XPD.RSDV.GD.ZS--usa,USA,USA,Research and development expenditure (% of GDP),2020-12-31,2020,year,2020-01-01,3.41788,% PKB,annual,observed,https://api.worldbank.org/v2/country/POL;WLD;USA;CHN;DEU;IND;KOR;JPN;GBR;FRA;BRA;EST/indicator/GB.XPD.RSDV.GD.ZS?format=json&per_page=1000,2026-09-28T17:23:22.612Z,{}
GB.XPD.RSDV.GD.ZS,GB.XPD.RSDV.GD.ZS--wld,Świat,WLD,Research and development expenditure (% of GDP),2020-12-31,2020,year,2020-01-01,2.45606936077903,% PKB,annual,observed,https://api.worldbank.org/v2/country/POL;WLD;USA;CHN;DEU;IND;KOR;JPN;GBR;FRA;BRA;EST/indicator/GB.XPD.RSDV.GD.ZS?format=json&per_page=1000,2026-09-28T17:23:22.612Z,{}
GB.XPD.RSDV.GD.ZS,GB.XPD.RSDV.GD.ZS--bra,Brazylia,BRA,Research and development expenditure (% of GDP),2021-12-31,2021,year,2021-01-01,1.13371,% PKB,annual,observed,https://api.worldbank.org/v2/country/POL;WLD;USA;CHN;DEU;IND;KOR;JPN;GBR;FRA;BRA;EST/indicator/GB.XPD.RSDV.GD.ZS?format=json&per_page=1000,2026-09-28T17:23:22.612Z,{}
GB.XPD.RSDV.GD.ZS,GB.XPD.RSDV.GD.ZS--chn,Chiny,CHN,Research and development expenditure (% of GDP),2021-12-31,2021,year,2021-01-01,2.38165,% PKB,annual,observed,https://api.worldbank.org/v2/country/POL;WLD;USA;CHN;DEU;IND;KOR;JPN;GBR;FRA;BRA;EST/indicator/GB.XPD.RSDV.GD.ZS?format=json&per_page=1000,2026-09-28T17:23:22.612Z,{}
GB.XPD.RSDV.GD.ZS,GB.XPD.RSDV.GD.ZS--deu,Niemcy,DEU,Research and development expenditure (% of GDP),2021-12-31,2021,year,2021-01-01,3.0786,% PKB,annual,observed,https://api.worldbank.org/v2/country/POL;WLD;USA;CHN;DEU;IND;KOR;JPN;GBR;FRA;BRA;EST/indicator/GB.XPD.RSDV.GD.ZS?format=json&per_page=1000,2026-09-28T17:23:22.612Z,{}
GB.XPD.RSDV.GD.ZS,GB.XPD.RSDV.GD.ZS--est,Estonia,EST,Research and development expenditure (% of GDP),2021-12-31,2021,year,2021-01-01,1.75152,% PKB,annual,observed,https://api.worldbank.org/v2/country/POL;WLD;USA;CHN;DEU;IND;KOR;JPN;GBR;FRA;BRA;EST/indicator/GB.XPD.RSDV.GD.ZS?format=json&per_page=1000,2026-09-28T17:23:22.612Z,{}
GB.XPD.RSDV.GD.ZS,GB.XPD.RSDV.GD.ZS--fra,Francja,FRA,Research and development expenditure (% of GDP),2021-12-31,2021,year,2021-01-01,2.21278,% PKB,annual,observed,https://api.worldbank.org/v2/country/POL;WLD;USA;CHN;DEU;IND;KOR;JPN;GBR;FRA;BRA;EST/indicator/GB.XPD.RSDV.GD.ZS?format=json&per_page=1000,2026-09-28T17:23:22.612Z,{}
GB.XPD.RSDV.GD.ZS,GB.XPD.RSDV.GD.ZS--gbr,Wielka Brytania,GBR,Research and development expenditure (% of GDP),2021-12-31,2021,year,2021-01-01,2.89968,% PKB,annual,observed,https://api.worldbank.org/v2/country/POL;WLD;USA;CHN;DEU;IND;KOR;JPN;GBR;FRA;BRA;EST/indicator/GB.XPD.RSDV.GD.ZS?format=json&per_page=1000,2026-09-28T17:23:22.612Z,{}
GB.XPD.RSDV.GD.ZS,GB.XPD.RSDV.GD.ZS--ind,Indie,IND,Research and development expenditure (% of GDP),2021-12-31,2021,year,2021-01-01,,% PKB,annual,observed,https://api.worldbank.org/v2/country/POL;WLD;USA;CHN;DEU;IND;KOR;JPN;GBR;FRA;BRA;EST/indicator/GB.XPD.RSDV.GD.ZS?format=json&per_page=1000,2026-09-28T17:23:22.612Z,{}
GB.XPD.RSDV.GD.ZS,GB.XPD.RSDV.GD.ZS--jpn,Japonia,JPN,Research and development expenditure (% of GDP),2021-12-31,2021,year,2021-01-01,3.27383,% PKB,annual,observed,https://api.worldbank.org/v2/country/POL;WLD;USA;CHN;DEU;IND;KOR;JPN;GBR;FRA;BRA;EST/indicator/GB.XPD.RSDV.GD.ZS?format=json&per_page=1000,2026-09-28T17:23:22.612Z,{}
GB.XPD.RSDV.GD.ZS,GB.XPD.RSDV.GD.ZS--kor,Korea Płd.,KOR,Research and development expenditure (% of GDP),2021-12-31,2021,year,2021-01-01,4.59673,% PKB,annual,observed,https://api.worldbank.org/v2/country/POL;WLD;USA;CHN;DEU;IND;KOR;JPN;GBR;FRA;BRA;EST/indicator/GB.XPD.RSDV.GD.ZS?format=json&per_page=1000,2026-09-28T17:23:22.612Z,{}
GB.XPD.RSDV.GD.ZS,GB.XPD.RSDV.GD.ZS--pol,Polska,POL,Research and development expenditure (% of GDP),2021-12-31,2021,year,2021-01-01,1.41558,% PKB,annual,observed,https://api.worldbank.org/v2/country/POL;WLD;USA;CHN;DEU;IND;KOR;JPN;GBR;FRA;BRA;EST/indicator/GB.XPD.RSDV.GD.ZS?format=json&per_page=1000,2026-09-28T17:23:22.612Z,{}
GB.XPD.RSDV.GD.ZS,GB.XPD.RSDV.GD.ZS--usa,USA,USA,Research and development expenditure (% of GDP),2021-12-31,2021,year,2021-01-01,3.4689,% PKB,annual,observed,https://api.worldbank.org/v2/country/POL;WLD;USA;CHN;DEU;IND;KOR;JPN;GBR;FRA;BRA;EST/indicator/GB.XPD.RSDV.GD.ZS?format=json&per_page=1000,2026-09-28T17:23:22.612Z,{}
GB.XPD.RSDV.GD.ZS,GB.XPD.RSDV.GD.ZS--wld,Świat,WLD,Research and development expenditure (% of GDP),2021-12-31,2021,year,2021-01-01,2.5227995854217,% PKB,annual,observed,https://api.worldbank.org/v2/country/POL;WLD;USA;CHN;DEU;IND;KOR;JPN;GBR;FRA;BRA;EST/indicator/GB.XPD.RSDV.GD.ZS?format=json&per_page=1000,2026-09-28T17:23:22.612Z,{}
GB.XPD.RSDV.GD.ZS,GB.XPD.RSDV.GD.ZS--bra,Brazylia,BRA,Research and development expenditure (% of GDP),2022-12-31,2022,year,2022-01-01,1.18873,% PKB,annual,observed,https://api.worldbank.org/v2/country/POL;WLD;USA;CHN;DEU;IND;KOR;JPN;GBR;FRA;BRA;EST/indicator/GB.XPD.RSDV.GD.ZS?format=json&per_page=1000,2026-09-28T17:23:22.612Z,{}
GB.XPD.RSDV.GD.ZS,GB.XPD.RSDV.GD.ZS--chn,Chiny,CHN,Research and development expenditure (% of GDP),2022-12-31,2022,year,2022-01-01,2.4945,% PKB,annual,observed,https://api.worldbank.org/v2/country/POL;WLD;USA;CHN;DEU;IND;KOR;JPN;GBR;FRA;BRA;EST/indicator/GB.XPD.RSDV.GD.ZS?format=json&per_page=1000,2026-09-28T17:23:22.612Z,{}
GB.XPD.RSDV.GD.ZS,GB.XPD.RSDV.GD.ZS--deu,Niemcy,DEU,Research and development expenditure (% of GDP),2022-12-31,2022,year,2022-01-01,3.07096,% PKB,annual,observed,https://api.worldbank.org/v2/country/POL;WLD;USA;CHN;DEU;IND;KOR;JPN;GBR;FRA;BRA;EST/indicator/GB.XPD.RSDV.GD.ZS?format=json&per_page=1000,2026-09-28T17:23:22.612Z,{}
GB.XPD.RSDV.GD.ZS,GB.XPD.RSDV.GD.ZS--est,Estonia,EST,Research and development expenditure (% of GDP),2022-12-31,2022,year,2022-01-01,1.76094,% PKB,annual,observed,https://api.worldbank.org/v2/country/POL;WLD;USA;CHN;DEU;IND;KOR;JPN;GBR;FRA;BRA;EST/indicator/GB.XPD.RSDV.GD.ZS?format=json&per_page=1000,2026-09-28T17:23:22.612Z,{}
GB.XPD.RSDV.GD.ZS,GB.XPD.RSDV.GD.ZS--fra,Francja,FRA,Research and development expenditure (% of GDP),2022-12-31,2022,year,2022-01-01,2.21937,% PKB,annual,observed,https://api.worldbank.org/v2/country/POL;WLD;USA;CHN;DEU;IND;KOR;JPN;GBR;FRA;BRA;EST/indicator/GB.XPD.RSDV.GD.ZS?format=json&per_page=1000,2026-09-28T17:23:22.612Z,{}
GB.XPD.RSDV.GD.ZS,GB.XPD.RSDV.GD.ZS--gbr,Wielka Brytania,GBR,Research and development expenditure (% of GDP),2022-12-31,2022,year,2022-01-01,2.75224,% PKB,annual,observed,https://api.worldbank.org/v2/country/POL;WLD;USA;CHN;DEU;IND;KOR;JPN;GBR;FRA;BRA;EST/indicator/GB.XPD.RSDV.GD.ZS?format=json&per_page=1000,2026-09-28T17:23:22.612Z,{}
GB.XPD.RSDV.GD.ZS,GB.XPD.RSDV.GD.ZS--ind,Indie,IND,Research and development expenditure (% of GDP),2022-12-31,2022,year,2022-01-01,,% PKB,annual,observed,https://api.worldbank.org/v2/country/POL;WLD;USA;CHN;DEU;IND;KOR;JPN;GBR;FRA;BRA;EST/indicator/GB.XPD.RSDV.GD.ZS?format=json&per_page=1000,2026-09-28T17:23:22.612Z,{}
GB.XPD.RSDV.GD.ZS,GB.XPD.RSDV.GD.ZS--jpn,Japonia,JPN,Research and development expenditure (% of GDP),2022-12-31,2022,year,2022-01-01,3.40053,% PKB,annual,observed,https://api.worldbank.org/v2/country/POL;WLD;USA;CHN;DEU;IND;KOR;JPN;GBR;FRA;BRA;EST/indicator/GB.XPD.RSDV.GD.ZS?format=json&per_page=1000,2026-09-28T17:23:22.612Z,{}
GB.XPD.RSDV.GD.ZS,GB.XPD.RSDV.GD.ZS--kor,Korea Płd.,KOR,Research and development expenditure (% of GDP),2022-12-31,2022,year,2022-01-01,4.84753,% PKB,annual,observed,https://api.worldbank.org/v2/country/POL;WLD;USA;CHN;DEU;IND;KOR;JPN;GBR;FRA;BRA;EST/indicator/GB.XPD.RSDV.GD.ZS?format=json&per_page=1000,2026-09-28T17:23:22.612Z,{}
GB.XPD.RSDV.GD.ZS,GB.XPD.RSDV.GD.ZS--pol,Polska,POL,Research and development expenditure (% of GDP),2022-12-31,2022,year,2022-01-01,1.44162,% PKB,annual,observed,https://api.worldbank.org/v2/country/POL;WLD;USA;CHN;DEU;IND;KOR;JPN;GBR;FRA;BRA;EST/indicator/GB.XPD.RSDV.GD.ZS?format=json&per_page=1000,2026-09-28T17:23:22.612Z,{}
GB.XPD.RSDV.GD.ZS,GB.XPD.RSDV.GD.ZS--usa,USA,USA,Research and development expenditure (% of GDP),2022-12-31,2022,year,2022-01-01,3.48736,% PKB,annual,observed,https://api.worldbank.org/v2/country/POL;WLD;USA;CHN;DEU;IND;KOR;JPN;GBR;FRA;BRA;EST/indicator/GB.XPD.RSDV.GD.ZS?format=json&per_page=1000,2026-09-28T17:23:22.612Z,{}
GB.XPD.RSDV.GD.ZS,GB.XPD.RSDV.GD.ZS--wld,Świat,WLD,Research and development expenditure (% of GDP),2022-12-31,2022,year,2022-01-01,2.5711591602204,% PKB,annual,observed,https://api.worldbank.org/v2/country/POL;WLD;USA;CHN;DEU;IND;KOR;JPN;GBR;FRA;BRA;EST/indicator/GB.XPD.RSDV.GD.ZS?format=json&per_page=1000,2026-09-28T17:23:22.612Z,{}
GB.XPD.RSDV.GD.ZS,GB.XPD.RSDV.GD.ZS--bra,Brazylia,BRA,Research and development expenditure (% of GDP),2023-12-31,2023,year,2023-01-01,1.1938,% PKB,annual,observed,https://api.worldbank.org/v2/country/POL;WLD;USA;CHN;DEU;IND;KOR;JPN;GBR;FRA;BRA;EST/indicator/GB.XPD.RSDV.GD.ZS?format=json&per_page=1000,2026-09-28T17:23:22.612Z,{}
GB.XPD.RSDV.GD.ZS,GB.XPD.RSDV.GD.ZS--chn,Chiny,CHN,Research and development expenditure (% of GDP),2023-12-31,2023,year,2023-01-01,2.57729,% PKB,annual,observed,https://api.worldbank.org/v2/country/POL;WLD;USA;CHN;DEU;IND;KOR;JPN;GBR;FRA;BRA;EST/indicator/GB.XPD.RSDV.GD.ZS?format=json&per_page=1000,2026-09-28T17:23:22.612Z,{}
GB.XPD.RSDV.GD.ZS,GB.XPD.RSDV.GD.ZS--deu,Niemcy,DEU,Research and development expenditure (% of GDP),2023-12-31,2023,year,2023-01-01,3.1539,% PKB,annual,observed,https://api.worldbank.org/v2/country/POL;WLD;USA;CHN;DEU;IND;KOR;JPN;GBR;FRA;BRA;EST/indicator/GB.XPD.RSDV.GD.ZS?format=json&per_page=1000,2026-09-28T17:23:22.612Z,{}
GB.XPD.RSDV.GD.ZS,GB.XPD.RSDV.GD.ZS--est,Estonia,EST,Research and development expenditure (% of GDP),2023-12-31,2023,year,2023-01-01,1.83878,% PKB,annual,observed,https://api.worldbank.org/v2/country/POL;WLD;USA;CHN;DEU;IND;KOR;JPN;GBR;FRA;BRA;EST/indicator/GB.XPD.RSDV.GD.ZS?format=json&per_page=1000,2026-09-28T17:23:22.612Z,{}
GB.XPD.RSDV.GD.ZS,GB.XPD.RSDV.GD.ZS--fra,Francja,FRA,Research and development expenditure (% of GDP),2023-12-31,2023,year,2023-01-01,2.17832,% PKB,annual,observed,https://api.worldbank.org/v2/country/POL;WLD;USA;CHN;DEU;IND;KOR;JPN;GBR;FRA;BRA;EST/indicator/GB.XPD.RSDV.GD.ZS?format=json&per_page=1000,2026-09-28T17:23:22.612Z,{}
GB.XPD.RSDV.GD.ZS,GB.XPD.RSDV.GD.ZS--gbr,Wielka Brytania,GBR,Research and development expenditure (% of GDP),2023-12-31,2023,year,2023-01-01,2.67614,% PKB,annual,observed,https://api.worldbank.org/v2/country/POL;WLD;USA;CHN;DEU;IND;KOR;JPN;GBR;FRA;BRA;EST/indicator/GB.XPD.RSDV.GD.ZS?format=json&per_page=1000,2026-09-28T17:23:22.612Z,{}
GB.XPD.RSDV.GD.ZS,GB.XPD.RSDV.GD.ZS--ind,Indie,IND,Research and development expenditure (% of GDP),2023-12-31,2023,year,2023-01-01,,% PKB,annual,observed,https://api.worldbank.org/v2/country/POL;WLD;USA;CHN;DEU;IND;KOR;JPN;GBR;FRA;BRA;EST/indicator/GB.XPD.RSDV.GD.ZS?format=json&per_page=1000,2026-09-28T17:23:22.612Z,{}
GB.XPD.RSDV.GD.ZS,GB.XPD.RSDV.GD.ZS--jpn,Japonia,JPN,Research and development expenditure (% of GDP),2023-12-31,2023,year,2023-01-01,3.44125,% PKB,annual,observed,https://api.worldbank.org/v2/country/POL;WLD;USA;CHN;DEU;IND;KOR;JPN;GBR;FRA;BRA;EST/indicator/GB.XPD.RSDV.GD.ZS?format=json&per_page=1000,2026-09-28T17:23:22.612Z,{}
GB.XPD.RSDV.GD.ZS,GB.XPD.RSDV.GD.ZS--kor,Korea Płd.,KOR,Research and development expenditure (% of GDP),2023-12-31,2023,year,2023-01-01,4.94352,% PKB,annual,observed,https://api.worldbank.org/v2/country/POL;WLD;USA;CHN;DEU;IND;KOR;JPN;GBR;FRA;BRA;EST/indicator/GB.XPD.RSDV.GD.ZS?format=json&per_page=1000,2026-09-28T17:23:22.612Z,{}
GB.XPD.RSDV.GD.ZS,GB.XPD.RSDV.GD.ZS--pol,Polska,POL,Research and development expenditure (% of GDP),2023-12-31,2023,year,2023-01-01,1.55525,% PKB,annual,observed,https://api.worldbank.org/v2/country/POL;WLD;USA;CHN;DEU;IND;KOR;JPN;GBR;FRA;BRA;EST/indicator/GB.XPD.RSDV.GD.ZS?format=json&per_page=1000,2026-09-28T17:23:22.612Z,{}
GB.XPD.RSDV.GD.ZS,GB.XPD.RSDV.GD.ZS--usa,USA,USA,Research and development expenditure (% of GDP),2023-12-31,2023,year,2023-01-01,3.44716,% PKB,annual,observed,https://api.worldbank.org/v2/country/POL;WLD;USA;CHN;DEU;IND;KOR;JPN;GBR;FRA;BRA;EST/indicator/GB.XPD.RSDV.GD.ZS?format=json&per_page=1000,2026-09-28T17:23:22.612Z,{}
GB.XPD.RSDV.GD.ZS,GB.XPD.RSDV.GD.ZS--wld,Świat,WLD,Research and development expenditure (% of GDP),2023-12-31,2023,year,2023-01-01,2.59737836465431,% PKB,annual,observed,https://api.worldbank.org/v2/country/POL;WLD;USA;CHN;DEU;IND;KOR;JPN;GBR;FRA;BRA;EST/indicator/GB.XPD.RSDV.GD.ZS?format=json&per_page=1000,2026-09-28T17:23:22.612Z,{}
GB.XPD.RSDV.GD.ZS,GB.XPD.RSDV.GD.ZS--bra,Brazylia,BRA,Research and development expenditure (% of GDP),2024-12-31,2024,year,2024-01-01,,% PKB,annual,observed,https://api.worldbank.org/v2/country/POL;WLD;USA;CHN;DEU;IND;KOR;JPN;GBR;FRA;BRA;EST/indicator/GB.XPD.RSDV.GD.ZS?format=json&per_page=1000,2026-09-28T17:23:22.612Z,{}
GB.XPD.RSDV.GD.ZS,GB.XPD.RSDV.GD.ZS--chn,Chiny,CHN,Research and development expenditure (% of GDP),2024-12-31,2024,year,2024-01-01,,% PKB,annual,observed,https://api.worldbank.org/v2/country/POL;WLD;USA;CHN;DEU;IND;KOR;JPN;GBR;FRA;BRA;EST/indicator/GB.XPD.RSDV.GD.ZS?format=json&per_page=1000,2026-09-28T17:23:22.612Z,{}
GB.XPD.RSDV.GD.ZS,GB.XPD.RSDV.GD.ZS--deu,Niemcy,DEU,Research and development expenditure (% of GDP),2024-12-31,2024,year,2024-01-01,,% PKB,annual,observed,https://api.worldbank.org/v2/country/POL;WLD;USA;CHN;DEU;IND;KOR;JPN;GBR;FRA;BRA;EST/indicator/GB.XPD.RSDV.GD.ZS?format=json&per_page=1000,2026-09-28T17:23:22.612Z,{}
GB.XPD.RSDV.GD.ZS,GB.XPD.RSDV.GD.ZS--est,Estonia,EST,Research and development expenditure (% of GDP),2024-12-31,2024,year,2024-01-01,,% PKB,annual,observed,https://api.worldbank.org/v2/country/POL;WLD;USA;CHN;DEU;IND;KOR;JPN;GBR;FRA;BRA;EST/indicator/GB.XPD.RSDV.GD.ZS?format=json&per_page=1000,2026-09-28T17:23:22.612Z,{}
GB.XPD.RSDV.GD.ZS,GB.XPD.RSDV.GD.ZS--fra,Francja,FRA,Research and development expenditure (% of GDP),2024-12-31,2024,year,2024-01-01,,% PKB,annual,observed,https://api.worldbank.org/v2/country/POL;WLD;USA;CHN;DEU;IND;KOR;JPN;GBR;FRA;BRA;EST/indicator/GB.XPD.RSDV.GD.ZS?format=json&per_page=1000,2026-09-28T17:23:22.612Z,{}
GB.XPD.RSDV.GD.ZS,GB.XPD.RSDV.GD.ZS--gbr,Wielka Brytania,GBR,Research and development expenditure (% of GDP),2024-12-31,2024,year,2024-01-01,,% PKB,annual,observed,https://api.worldbank.org/v2/country/POL;WLD;USA;CHN;DEU;IND;KOR;JPN;GBR;FRA;BRA;EST/indicator/GB.XPD.RSDV.GD.ZS?format=json&per_page=1000,2026-09-28T17:23:22.612Z,{}
GB.XPD.RSDV.GD.ZS,GB.XPD.RSDV.GD.ZS--ind,Indie,IND,Research and development expenditure (% of GDP),2024-12-31,2024,year,2024-01-01,,% PKB,annual,observed,https://api.worldbank.org/v2/country/POL;WLD;USA;CHN;DEU;IND;KOR;JPN;GBR;FRA;BRA;EST/indicator/GB.XPD.RSDV.GD.ZS?format=json&per_page=1000,2026-09-28T17:23:22.612Z,{}
GB.XPD.RSDV.GD.ZS,GB.XPD.RSDV.GD.ZS--jpn,Japonia,JPN,Research and development expenditure (% of GDP),2024-12-31,2024,year,2024-01-01,,% PKB,annual,observed,https://api.worldbank.org/v2/country/POL;WLD;USA;CHN;DEU;IND;KOR;JPN;GBR;FRA;BRA;EST/indicator/GB.XPD.RSDV.GD.ZS?format=json&per_page=1000,2026-09-28T17:23:22.612Z,{}
GB.XPD.RSDV.GD.ZS,GB.XPD.RSDV.GD.ZS--kor,Korea Płd.,KOR,Research and development expenditure (% of GDP),2024-12-31,2024,year,2024-01-01,,% PKB,annual,observed,https://api.worldbank.org/v2/country/POL;WLD;USA;CHN;DEU;IND;KOR;JPN;GBR;FRA;BRA;EST/indicator/GB.XPD.RSDV.GD.ZS?format=json&per_page=1000,2026-09-28T17:23:22.612Z,{}
GB.XPD.RSDV.GD.ZS,GB.XPD.RSDV.GD.ZS--pol,Polska,POL,Research and development expenditure (% of GDP),2024-12-31,2024,year,2024-01-01,,% PKB,annual,observed,https://api.worldbank.org/v2/country/POL;WLD;USA;CHN;DEU;IND;KOR;JPN;GBR;FRA;BRA;EST/indicator/GB.XPD.RSDV.GD.ZS?format=json&per_page=1000,2026-09-28T17:23:22.612Z,{}
GB.XPD.RSDV.GD.ZS,GB.XPD.RSDV.GD.ZS--usa,USA,USA,Research and development expenditure (% of GDP),2024-12-31,2024,year,2024-01-01,,% PKB,annual,observed,https://api.worldbank.org/v2/country/POL;WLD;USA;CHN;DEU;IND;KOR;JPN;GBR;FRA;BRA;EST/indicator/GB.XPD.RSDV.GD.ZS?format=json&per_page=1000,2026-09-28T17:23:22.612Z,{}
GB.XPD.RSDV.GD.ZS,GB.XPD.RSDV.GD.ZS--wld,Świat,WLD,Research and development expenditure (% of GDP),2024-12-31,2024,year,2024-01-01,,% PKB,annual,observed,https://api.worldbank.org/v2/country/POL;WLD;USA;CHN;DEU;IND;KOR;JPN;GBR;FRA;BRA;EST/indicator/GB.XPD.RSDV.GD.ZS?format=json&per_page=1000,2026-09-28T17:23:22.612Z,{}
GB.XPD.RSDV.GD.ZS,GB.XPD.RSDV.GD.ZS--bra,Brazylia,BRA,Research and development expenditure (% of GDP),2025-12-31,2025,year,2025-01-01,,% PKB,annual,observed,https://api.worldbank.org/v2/country/POL;WLD;USA;CHN;DEU;IND;KOR;JPN;GBR;FRA;BRA;EST/indicator/GB.XPD.RSDV.GD.ZS?format=json&per_page=1000,2026-09-28T17:23:22.612Z,{}
GB.XPD.RSDV.GD.ZS,GB.XPD.RSDV.GD.ZS--chn,Chiny,CHN,Research and development expenditure (% of GDP),2025-12-31,2025,year,2025-01-01,,% PKB,annual,observed,https://api.worldbank.org/v2/country/POL;WLD;USA;CHN;DEU;IND;KOR;JPN;GBR;FRA;BRA;EST/indicator/GB.XPD.RSDV.GD.ZS?format=json&per_page=1000,2026-09-28T17:23:22.612Z,{}
GB.XPD.RSDV.GD.ZS,GB.XPD.RSDV.GD.ZS--deu,Niemcy,DEU,Research and development expenditure (% of GDP),2025-12-31,2025,year,2025-01-01,,% PKB,annual,observed,https://api.worldbank.org/v2/country/POL;WLD;USA;CHN;DEU;IND;KOR;JPN;GBR;FRA;BRA;EST/indicator/GB.XPD.RSDV.GD.ZS?format=json&per_page=1000,2026-09-28T17:23:22.612Z,{}
GB.XPD.RSDV.GD.ZS,GB.XPD.RSDV.GD.ZS--est,Estonia,EST,Research and development expenditure (% of GDP),2025-12-31,2025,year,2025-01-01,,% PKB,annual,observed,https://api.worldbank.org/v2/country/POL;WLD;USA;CHN;DEU;IND;KOR;JPN;GBR;FRA;BRA;EST/indicator/GB.XPD.RSDV.GD.ZS?format=json&per_page=1000,2026-09-28T17:23:22.612Z,{}
GB.XPD.RSDV.GD.ZS,GB.XPD.RSDV.GD.ZS--fra,Francja,FRA,Research and development expenditure (% of GDP),2025-12-31,2025,year,2025-01-01,,% PKB,annual,observed,https://api.worldbank.org/v2/country/POL;WLD;USA;CHN;DEU;IND;KOR;JPN;GBR;FRA;BRA;EST/indicator/GB.XPD.RSDV.GD.ZS?format=json&per_page=1000,2026-09-28T17:23:22.612Z,{}
GB.XPD.RSDV.GD.ZS,GB.XPD.RSDV.GD.ZS--gbr,Wielka Brytania,GBR,Research and development expenditure (% of GDP),2025-12-31,2025,year,2025-01-01,,% PKB,annual,observed,https://api.worldbank.org/v2/country/POL;WLD;USA;CHN;DEU;IND;KOR;JPN;GBR;FRA;BRA;EST/indicator/GB.XPD.RSDV.GD.ZS?format=json&per_page=1000,2026-09-28T17:23:22.612Z,{}
GB.XPD.RSDV.GD.ZS,GB.XPD.RSDV.GD.ZS--ind,Indie,IND,Research and development expenditure (% of GDP),2025-12-31,2025,year,2025-01-01,,% PKB,annual,observed,https://api.worldbank.org/v2/country/POL;WLD;USA;CHN;DEU;IND;KOR;JPN;GBR;FRA;BRA;EST/indicator/GB.XPD.RSDV.GD.ZS?format=json&per_page=1000,2026-09-28T17:23:22.612Z,{}
GB.XPD.RSDV.GD.ZS,GB.XPD.RSDV.GD.ZS--jpn,Japonia,JPN,Research and development expenditure (% of GDP),2025-12-31,2025,year,2025-01-01,,% PKB,annual,observed,https://api.worldbank.org/v2/country/POL;WLD;USA;CHN;DEU;IND;KOR;JPN;GBR;FRA;BRA;EST/indicator/GB.XPD.RSDV.GD.ZS?format=json&per_page=1000,2026-09-28T17:23:22.612Z,{}
GB.XPD.RSDV.GD.ZS,GB.XPD.RSDV.GD.ZS--kor,Korea Płd.,KOR,Research and development expenditure (% of GDP),2025-12-31,2025,year,2025-01-01,,% PKB,annual,observed,https://api.worldbank.org/v2/country/POL;WLD;USA;CHN;DEU;IND;KOR;JPN;GBR;FRA;BRA;EST/indicator/GB.XPD.RSDV.GD.ZS?format=json&per_page=1000,2026-09-28T17:23:22.612Z,{}
GB.XPD.RSDV.GD.ZS,GB.XPD.RSDV.GD.ZS--pol,Polska,POL,Research and development expenditure (% of GDP),2025-12-31,2025,year,2025-01-01,,% PKB,annual,observed,https://api.worldbank.org/v2/country/POL;WLD;USA;CHN;DEU;IND;KOR;JPN;GBR;FRA;BRA;EST/indicator/GB.XPD.RSDV.GD.ZS?format=json&per_page=1000,2026-09-28T17:23:22.612Z,{}
GB.XPD.RSDV.GD.ZS,GB.XPD.RSDV.GD.ZS--usa,USA,USA,Research and development expenditure (% of GDP),2025-12-31,2025,year,2025-01-01,,% PKB,annual,observed,https://api.worldbank.org/v2/country/POL;WLD;USA;CHN;DEU;IND;KOR;JPN;GBR;FRA;BRA;EST/indicator/GB.XPD.RSDV.GD.ZS?format=json&per_page=1000,2026-09-28T17:23:22.612Z,{}
GB.XPD.RSDV.GD.ZS,GB.XPD.RSDV.GD.ZS--wld,Świat,WLD,Research and development expenditure (% of GDP),2025-12-31,2025,year,2025-01-01,,% PKB,annual,observed,https://api.worldbank.org/v2/country/POL;WLD;USA;CHN;DEU;IND;KOR;JPN;GBR;FRA;BRA;EST/indicator/GB.XPD.RSDV.GD.ZS?format=json&per_page=1000,2026-09-28T17:23:22.612Z,{}
