topic_id,series_id,series_name,entity,metric,date,period,date_precision,period_start,value,unit,frequency,kind,source_url,retrieved_at,attributes_json
IT.CEL.SETS.P2,IT.CEL.SETS.P2--bra,Brazylia,BRA,Mobile cellular subscriptions (per 100 people),1960-12-31,1960,year,1960-01-01,0,abonamenty / 100 osób,annual,observed,https://api.worldbank.org/v2/country/POL;WLD;USA;CHN;DEU;IND;KOR;JPN;GBR;FRA;BRA;EST/indicator/IT.CEL.SETS.P2?format=json&per_page=1000,2026-09-28T17:23:21.979Z,{}
IT.CEL.SETS.P2,IT.CEL.SETS.P2--chn,Chiny,CHN,Mobile cellular subscriptions (per 100 people),1960-12-31,1960,year,1960-01-01,0,abonamenty / 100 osób,annual,observed,https://api.worldbank.org/v2/country/POL;WLD;USA;CHN;DEU;IND;KOR;JPN;GBR;FRA;BRA;EST/indicator/IT.CEL.SETS.P2?format=json&per_page=1000,2026-09-28T17:23:21.979Z,{}
IT.CEL.SETS.P2,IT.CEL.SETS.P2--deu,Niemcy,DEU,Mobile cellular subscriptions (per 100 people),1960-12-31,1960,year,1960-01-01,0,abonamenty / 100 osób,annual,observed,https://api.worldbank.org/v2/country/POL;WLD;USA;CHN;DEU;IND;KOR;JPN;GBR;FRA;BRA;EST/indicator/IT.CEL.SETS.P2?format=json&per_page=1000,2026-09-28T17:23:21.979Z,{}
IT.CEL.SETS.P2,IT.CEL.SETS.P2--est,Estonia,EST,Mobile cellular subscriptions (per 100 people),1960-12-31,1960,year,1960-01-01,0,abonamenty / 100 osób,annual,observed,https://api.worldbank.org/v2/country/POL;WLD;USA;CHN;DEU;IND;KOR;JPN;GBR;FRA;BRA;EST/indicator/IT.CEL.SETS.P2?format=json&per_page=1000,2026-09-28T17:23:21.979Z,{}
IT.CEL.SETS.P2,IT.CEL.SETS.P2--fra,Francja,FRA,Mobile cellular subscriptions (per 100 people),1960-12-31,1960,year,1960-01-01,0,abonamenty / 100 osób,annual,observed,https://api.worldbank.org/v2/country/POL;WLD;USA;CHN;DEU;IND;KOR;JPN;GBR;FRA;BRA;EST/indicator/IT.CEL.SETS.P2?format=json&per_page=1000,2026-09-28T17:23:21.979Z,{}
IT.CEL.SETS.P2,IT.CEL.SETS.P2--gbr,Wielka Brytania,GBR,Mobile cellular subscriptions (per 100 people),1960-12-31,1960,year,1960-01-01,0,abonamenty / 100 osób,annual,observed,https://api.worldbank.org/v2/country/POL;WLD;USA;CHN;DEU;IND;KOR;JPN;GBR;FRA;BRA;EST/indicator/IT.CEL.SETS.P2?format=json&per_page=1000,2026-09-28T17:23:21.979Z,{}
IT.CEL.SETS.P2,IT.CEL.SETS.P2--ind,Indie,IND,Mobile cellular subscriptions (per 100 people),1960-12-31,1960,year,1960-01-01,0,abonamenty / 100 osób,annual,observed,https://api.worldbank.org/v2/country/POL;WLD;USA;CHN;DEU;IND;KOR;JPN;GBR;FRA;BRA;EST/indicator/IT.CEL.SETS.P2?format=json&per_page=1000,2026-09-28T17:23:21.979Z,{}
IT.CEL.SETS.P2,IT.CEL.SETS.P2--jpn,Japonia,JPN,Mobile cellular subscriptions (per 100 people),1960-12-31,1960,year,1960-01-01,0,abonamenty / 100 osób,annual,observed,https://api.worldbank.org/v2/country/POL;WLD;USA;CHN;DEU;IND;KOR;JPN;GBR;FRA;BRA;EST/indicator/IT.CEL.SETS.P2?format=json&per_page=1000,2026-09-28T17:23:21.979Z,{}
IT.CEL.SETS.P2,IT.CEL.SETS.P2--kor,Korea Płd.,KOR,Mobile cellular subscriptions (per 100 people),1960-12-31,1960,year,1960-01-01,0,abonamenty / 100 osób,annual,observed,https://api.worldbank.org/v2/country/POL;WLD;USA;CHN;DEU;IND;KOR;JPN;GBR;FRA;BRA;EST/indicator/IT.CEL.SETS.P2?format=json&per_page=1000,2026-09-28T17:23:21.979Z,{}
IT.CEL.SETS.P2,IT.CEL.SETS.P2--pol,Polska,POL,Mobile cellular subscriptions (per 100 people),1960-12-31,1960,year,1960-01-01,0,abonamenty / 100 osób,annual,observed,https://api.worldbank.org/v2/country/POL;WLD;USA;CHN;DEU;IND;KOR;JPN;GBR;FRA;BRA;EST/indicator/IT.CEL.SETS.P2?format=json&per_page=1000,2026-09-28T17:23:21.979Z,{}
IT.CEL.SETS.P2,IT.CEL.SETS.P2--usa,USA,USA,Mobile cellular subscriptions (per 100 people),1960-12-31,1960,year,1960-01-01,0,abonamenty / 100 osób,annual,observed,https://api.worldbank.org/v2/country/POL;WLD;USA;CHN;DEU;IND;KOR;JPN;GBR;FRA;BRA;EST/indicator/IT.CEL.SETS.P2?format=json&per_page=1000,2026-09-28T17:23:21.979Z,{}
IT.CEL.SETS.P2,IT.CEL.SETS.P2--wld,Świat,WLD,Mobile cellular subscriptions (per 100 people),1960-12-31,1960,year,1960-01-01,0,abonamenty / 100 osób,annual,observed,https://api.worldbank.org/v2/country/POL;WLD;USA;CHN;DEU;IND;KOR;JPN;GBR;FRA;BRA;EST/indicator/IT.CEL.SETS.P2?format=json&per_page=1000,2026-09-28T17:23:21.979Z,{}
IT.CEL.SETS.P2,IT.CEL.SETS.P2--bra,Brazylia,BRA,Mobile cellular subscriptions (per 100 people),1961-12-31,1961,year,1961-01-01,,abonamenty / 100 osób,annual,observed,https://api.worldbank.org/v2/country/POL;WLD;USA;CHN;DEU;IND;KOR;JPN;GBR;FRA;BRA;EST/indicator/IT.CEL.SETS.P2?format=json&per_page=1000,2026-09-28T17:23:21.979Z,{}
IT.CEL.SETS.P2,IT.CEL.SETS.P2--chn,Chiny,CHN,Mobile cellular subscriptions (per 100 people),1961-12-31,1961,year,1961-01-01,,abonamenty / 100 osób,annual,observed,https://api.worldbank.org/v2/country/POL;WLD;USA;CHN;DEU;IND;KOR;JPN;GBR;FRA;BRA;EST/indicator/IT.CEL.SETS.P2?format=json&per_page=1000,2026-09-28T17:23:21.979Z,{}
IT.CEL.SETS.P2,IT.CEL.SETS.P2--deu,Niemcy,DEU,Mobile cellular subscriptions (per 100 people),1961-12-31,1961,year,1961-01-01,,abonamenty / 100 osób,annual,observed,https://api.worldbank.org/v2/country/POL;WLD;USA;CHN;DEU;IND;KOR;JPN;GBR;FRA;BRA;EST/indicator/IT.CEL.SETS.P2?format=json&per_page=1000,2026-09-28T17:23:21.979Z,{}
IT.CEL.SETS.P2,IT.CEL.SETS.P2--est,Estonia,EST,Mobile cellular subscriptions (per 100 people),1961-12-31,1961,year,1961-01-01,,abonamenty / 100 osób,annual,observed,https://api.worldbank.org/v2/country/POL;WLD;USA;CHN;DEU;IND;KOR;JPN;GBR;FRA;BRA;EST/indicator/IT.CEL.SETS.P2?format=json&per_page=1000,2026-09-28T17:23:21.979Z,{}
IT.CEL.SETS.P2,IT.CEL.SETS.P2--fra,Francja,FRA,Mobile cellular subscriptions (per 100 people),1961-12-31,1961,year,1961-01-01,,abonamenty / 100 osób,annual,observed,https://api.worldbank.org/v2/country/POL;WLD;USA;CHN;DEU;IND;KOR;JPN;GBR;FRA;BRA;EST/indicator/IT.CEL.SETS.P2?format=json&per_page=1000,2026-09-28T17:23:21.979Z,{}
IT.CEL.SETS.P2,IT.CEL.SETS.P2--gbr,Wielka Brytania,GBR,Mobile cellular subscriptions (per 100 people),1961-12-31,1961,year,1961-01-01,,abonamenty / 100 osób,annual,observed,https://api.worldbank.org/v2/country/POL;WLD;USA;CHN;DEU;IND;KOR;JPN;GBR;FRA;BRA;EST/indicator/IT.CEL.SETS.P2?format=json&per_page=1000,2026-09-28T17:23:21.979Z,{}
IT.CEL.SETS.P2,IT.CEL.SETS.P2--ind,Indie,IND,Mobile cellular subscriptions (per 100 people),1961-12-31,1961,year,1961-01-01,,abonamenty / 100 osób,annual,observed,https://api.worldbank.org/v2/country/POL;WLD;USA;CHN;DEU;IND;KOR;JPN;GBR;FRA;BRA;EST/indicator/IT.CEL.SETS.P2?format=json&per_page=1000,2026-09-28T17:23:21.979Z,{}
IT.CEL.SETS.P2,IT.CEL.SETS.P2--jpn,Japonia,JPN,Mobile cellular subscriptions (per 100 people),1961-12-31,1961,year,1961-01-01,,abonamenty / 100 osób,annual,observed,https://api.worldbank.org/v2/country/POL;WLD;USA;CHN;DEU;IND;KOR;JPN;GBR;FRA;BRA;EST/indicator/IT.CEL.SETS.P2?format=json&per_page=1000,2026-09-28T17:23:21.979Z,{}
IT.CEL.SETS.P2,IT.CEL.SETS.P2--kor,Korea Płd.,KOR,Mobile cellular subscriptions (per 100 people),1961-12-31,1961,year,1961-01-01,,abonamenty / 100 osób,annual,observed,https://api.worldbank.org/v2/country/POL;WLD;USA;CHN;DEU;IND;KOR;JPN;GBR;FRA;BRA;EST/indicator/IT.CEL.SETS.P2?format=json&per_page=1000,2026-09-28T17:23:21.979Z,{}
IT.CEL.SETS.P2,IT.CEL.SETS.P2--pol,Polska,POL,Mobile cellular subscriptions (per 100 people),1961-12-31,1961,year,1961-01-01,,abonamenty / 100 osób,annual,observed,https://api.worldbank.org/v2/country/POL;WLD;USA;CHN;DEU;IND;KOR;JPN;GBR;FRA;BRA;EST/indicator/IT.CEL.SETS.P2?format=json&per_page=1000,2026-09-28T17:23:21.979Z,{}
IT.CEL.SETS.P2,IT.CEL.SETS.P2--usa,USA,USA,Mobile cellular subscriptions (per 100 people),1961-12-31,1961,year,1961-01-01,,abonamenty / 100 osób,annual,observed,https://api.worldbank.org/v2/country/POL;WLD;USA;CHN;DEU;IND;KOR;JPN;GBR;FRA;BRA;EST/indicator/IT.CEL.SETS.P2?format=json&per_page=1000,2026-09-28T17:23:21.979Z,{}
IT.CEL.SETS.P2,IT.CEL.SETS.P2--wld,Świat,WLD,Mobile cellular subscriptions (per 100 people),1961-12-31,1961,year,1961-01-01,,abonamenty / 100 osób,annual,observed,https://api.worldbank.org/v2/country/POL;WLD;USA;CHN;DEU;IND;KOR;JPN;GBR;FRA;BRA;EST/indicator/IT.CEL.SETS.P2?format=json&per_page=1000,2026-09-28T17:23:21.979Z,{}
IT.CEL.SETS.P2,IT.CEL.SETS.P2--bra,Brazylia,BRA,Mobile cellular subscriptions (per 100 people),1962-12-31,1962,year,1962-01-01,,abonamenty / 100 osób,annual,observed,https://api.worldbank.org/v2/country/POL;WLD;USA;CHN;DEU;IND;KOR;JPN;GBR;FRA;BRA;EST/indicator/IT.CEL.SETS.P2?format=json&per_page=1000,2026-09-28T17:23:21.979Z,{}
IT.CEL.SETS.P2,IT.CEL.SETS.P2--chn,Chiny,CHN,Mobile cellular subscriptions (per 100 people),1962-12-31,1962,year,1962-01-01,,abonamenty / 100 osób,annual,observed,https://api.worldbank.org/v2/country/POL;WLD;USA;CHN;DEU;IND;KOR;JPN;GBR;FRA;BRA;EST/indicator/IT.CEL.SETS.P2?format=json&per_page=1000,2026-09-28T17:23:21.979Z,{}
IT.CEL.SETS.P2,IT.CEL.SETS.P2--deu,Niemcy,DEU,Mobile cellular subscriptions (per 100 people),1962-12-31,1962,year,1962-01-01,,abonamenty / 100 osób,annual,observed,https://api.worldbank.org/v2/country/POL;WLD;USA;CHN;DEU;IND;KOR;JPN;GBR;FRA;BRA;EST/indicator/IT.CEL.SETS.P2?format=json&per_page=1000,2026-09-28T17:23:21.979Z,{}
IT.CEL.SETS.P2,IT.CEL.SETS.P2--est,Estonia,EST,Mobile cellular subscriptions (per 100 people),1962-12-31,1962,year,1962-01-01,,abonamenty / 100 osób,annual,observed,https://api.worldbank.org/v2/country/POL;WLD;USA;CHN;DEU;IND;KOR;JPN;GBR;FRA;BRA;EST/indicator/IT.CEL.SETS.P2?format=json&per_page=1000,2026-09-28T17:23:21.979Z,{}
IT.CEL.SETS.P2,IT.CEL.SETS.P2--fra,Francja,FRA,Mobile cellular subscriptions (per 100 people),1962-12-31,1962,year,1962-01-01,,abonamenty / 100 osób,annual,observed,https://api.worldbank.org/v2/country/POL;WLD;USA;CHN;DEU;IND;KOR;JPN;GBR;FRA;BRA;EST/indicator/IT.CEL.SETS.P2?format=json&per_page=1000,2026-09-28T17:23:21.979Z,{}
IT.CEL.SETS.P2,IT.CEL.SETS.P2--gbr,Wielka Brytania,GBR,Mobile cellular subscriptions (per 100 people),1962-12-31,1962,year,1962-01-01,,abonamenty / 100 osób,annual,observed,https://api.worldbank.org/v2/country/POL;WLD;USA;CHN;DEU;IND;KOR;JPN;GBR;FRA;BRA;EST/indicator/IT.CEL.SETS.P2?format=json&per_page=1000,2026-09-28T17:23:21.979Z,{}
IT.CEL.SETS.P2,IT.CEL.SETS.P2--ind,Indie,IND,Mobile cellular subscriptions (per 100 people),1962-12-31,1962,year,1962-01-01,,abonamenty / 100 osób,annual,observed,https://api.worldbank.org/v2/country/POL;WLD;USA;CHN;DEU;IND;KOR;JPN;GBR;FRA;BRA;EST/indicator/IT.CEL.SETS.P2?format=json&per_page=1000,2026-09-28T17:23:21.979Z,{}
IT.CEL.SETS.P2,IT.CEL.SETS.P2--jpn,Japonia,JPN,Mobile cellular subscriptions (per 100 people),1962-12-31,1962,year,1962-01-01,,abonamenty / 100 osób,annual,observed,https://api.worldbank.org/v2/country/POL;WLD;USA;CHN;DEU;IND;KOR;JPN;GBR;FRA;BRA;EST/indicator/IT.CEL.SETS.P2?format=json&per_page=1000,2026-09-28T17:23:21.979Z,{}
IT.CEL.SETS.P2,IT.CEL.SETS.P2--kor,Korea Płd.,KOR,Mobile cellular subscriptions (per 100 people),1962-12-31,1962,year,1962-01-01,,abonamenty / 100 osób,annual,observed,https://api.worldbank.org/v2/country/POL;WLD;USA;CHN;DEU;IND;KOR;JPN;GBR;FRA;BRA;EST/indicator/IT.CEL.SETS.P2?format=json&per_page=1000,2026-09-28T17:23:21.979Z,{}
IT.CEL.SETS.P2,IT.CEL.SETS.P2--pol,Polska,POL,Mobile cellular subscriptions (per 100 people),1962-12-31,1962,year,1962-01-01,,abonamenty / 100 osób,annual,observed,https://api.worldbank.org/v2/country/POL;WLD;USA;CHN;DEU;IND;KOR;JPN;GBR;FRA;BRA;EST/indicator/IT.CEL.SETS.P2?format=json&per_page=1000,2026-09-28T17:23:21.979Z,{}
IT.CEL.SETS.P2,IT.CEL.SETS.P2--usa,USA,USA,Mobile cellular subscriptions (per 100 people),1962-12-31,1962,year,1962-01-01,,abonamenty / 100 osób,annual,observed,https://api.worldbank.org/v2/country/POL;WLD;USA;CHN;DEU;IND;KOR;JPN;GBR;FRA;BRA;EST/indicator/IT.CEL.SETS.P2?format=json&per_page=1000,2026-09-28T17:23:21.979Z,{}
IT.CEL.SETS.P2,IT.CEL.SETS.P2--wld,Świat,WLD,Mobile cellular subscriptions (per 100 people),1962-12-31,1962,year,1962-01-01,,abonamenty / 100 osób,annual,observed,https://api.worldbank.org/v2/country/POL;WLD;USA;CHN;DEU;IND;KOR;JPN;GBR;FRA;BRA;EST/indicator/IT.CEL.SETS.P2?format=json&per_page=1000,2026-09-28T17:23:21.979Z,{}
IT.CEL.SETS.P2,IT.CEL.SETS.P2--bra,Brazylia,BRA,Mobile cellular subscriptions (per 100 people),1963-12-31,1963,year,1963-01-01,,abonamenty / 100 osób,annual,observed,https://api.worldbank.org/v2/country/POL;WLD;USA;CHN;DEU;IND;KOR;JPN;GBR;FRA;BRA;EST/indicator/IT.CEL.SETS.P2?format=json&per_page=1000,2026-09-28T17:23:21.979Z,{}
IT.CEL.SETS.P2,IT.CEL.SETS.P2--chn,Chiny,CHN,Mobile cellular subscriptions (per 100 people),1963-12-31,1963,year,1963-01-01,,abonamenty / 100 osób,annual,observed,https://api.worldbank.org/v2/country/POL;WLD;USA;CHN;DEU;IND;KOR;JPN;GBR;FRA;BRA;EST/indicator/IT.CEL.SETS.P2?format=json&per_page=1000,2026-09-28T17:23:21.979Z,{}
IT.CEL.SETS.P2,IT.CEL.SETS.P2--deu,Niemcy,DEU,Mobile cellular subscriptions (per 100 people),1963-12-31,1963,year,1963-01-01,,abonamenty / 100 osób,annual,observed,https://api.worldbank.org/v2/country/POL;WLD;USA;CHN;DEU;IND;KOR;JPN;GBR;FRA;BRA;EST/indicator/IT.CEL.SETS.P2?format=json&per_page=1000,2026-09-28T17:23:21.979Z,{}
IT.CEL.SETS.P2,IT.CEL.SETS.P2--est,Estonia,EST,Mobile cellular subscriptions (per 100 people),1963-12-31,1963,year,1963-01-01,,abonamenty / 100 osób,annual,observed,https://api.worldbank.org/v2/country/POL;WLD;USA;CHN;DEU;IND;KOR;JPN;GBR;FRA;BRA;EST/indicator/IT.CEL.SETS.P2?format=json&per_page=1000,2026-09-28T17:23:21.979Z,{}
IT.CEL.SETS.P2,IT.CEL.SETS.P2--fra,Francja,FRA,Mobile cellular subscriptions (per 100 people),1963-12-31,1963,year,1963-01-01,,abonamenty / 100 osób,annual,observed,https://api.worldbank.org/v2/country/POL;WLD;USA;CHN;DEU;IND;KOR;JPN;GBR;FRA;BRA;EST/indicator/IT.CEL.SETS.P2?format=json&per_page=1000,2026-09-28T17:23:21.979Z,{}
IT.CEL.SETS.P2,IT.CEL.SETS.P2--gbr,Wielka Brytania,GBR,Mobile cellular subscriptions (per 100 people),1963-12-31,1963,year,1963-01-01,,abonamenty / 100 osób,annual,observed,https://api.worldbank.org/v2/country/POL;WLD;USA;CHN;DEU;IND;KOR;JPN;GBR;FRA;BRA;EST/indicator/IT.CEL.SETS.P2?format=json&per_page=1000,2026-09-28T17:23:21.979Z,{}
IT.CEL.SETS.P2,IT.CEL.SETS.P2--ind,Indie,IND,Mobile cellular subscriptions (per 100 people),1963-12-31,1963,year,1963-01-01,,abonamenty / 100 osób,annual,observed,https://api.worldbank.org/v2/country/POL;WLD;USA;CHN;DEU;IND;KOR;JPN;GBR;FRA;BRA;EST/indicator/IT.CEL.SETS.P2?format=json&per_page=1000,2026-09-28T17:23:21.979Z,{}
IT.CEL.SETS.P2,IT.CEL.SETS.P2--jpn,Japonia,JPN,Mobile cellular subscriptions (per 100 people),1963-12-31,1963,year,1963-01-01,,abonamenty / 100 osób,annual,observed,https://api.worldbank.org/v2/country/POL;WLD;USA;CHN;DEU;IND;KOR;JPN;GBR;FRA;BRA;EST/indicator/IT.CEL.SETS.P2?format=json&per_page=1000,2026-09-28T17:23:21.979Z,{}
IT.CEL.SETS.P2,IT.CEL.SETS.P2--kor,Korea Płd.,KOR,Mobile cellular subscriptions (per 100 people),1963-12-31,1963,year,1963-01-01,,abonamenty / 100 osób,annual,observed,https://api.worldbank.org/v2/country/POL;WLD;USA;CHN;DEU;IND;KOR;JPN;GBR;FRA;BRA;EST/indicator/IT.CEL.SETS.P2?format=json&per_page=1000,2026-09-28T17:23:21.979Z,{}
IT.CEL.SETS.P2,IT.CEL.SETS.P2--pol,Polska,POL,Mobile cellular subscriptions (per 100 people),1963-12-31,1963,year,1963-01-01,,abonamenty / 100 osób,annual,observed,https://api.worldbank.org/v2/country/POL;WLD;USA;CHN;DEU;IND;KOR;JPN;GBR;FRA;BRA;EST/indicator/IT.CEL.SETS.P2?format=json&per_page=1000,2026-09-28T17:23:21.979Z,{}
IT.CEL.SETS.P2,IT.CEL.SETS.P2--usa,USA,USA,Mobile cellular subscriptions (per 100 people),1963-12-31,1963,year,1963-01-01,,abonamenty / 100 osób,annual,observed,https://api.worldbank.org/v2/country/POL;WLD;USA;CHN;DEU;IND;KOR;JPN;GBR;FRA;BRA;EST/indicator/IT.CEL.SETS.P2?format=json&per_page=1000,2026-09-28T17:23:21.979Z,{}
IT.CEL.SETS.P2,IT.CEL.SETS.P2--wld,Świat,WLD,Mobile cellular subscriptions (per 100 people),1963-12-31,1963,year,1963-01-01,,abonamenty / 100 osób,annual,observed,https://api.worldbank.org/v2/country/POL;WLD;USA;CHN;DEU;IND;KOR;JPN;GBR;FRA;BRA;EST/indicator/IT.CEL.SETS.P2?format=json&per_page=1000,2026-09-28T17:23:21.979Z,{}
IT.CEL.SETS.P2,IT.CEL.SETS.P2--bra,Brazylia,BRA,Mobile cellular subscriptions (per 100 people),1964-12-31,1964,year,1964-01-01,,abonamenty / 100 osób,annual,observed,https://api.worldbank.org/v2/country/POL;WLD;USA;CHN;DEU;IND;KOR;JPN;GBR;FRA;BRA;EST/indicator/IT.CEL.SETS.P2?format=json&per_page=1000,2026-09-28T17:23:21.979Z,{}
IT.CEL.SETS.P2,IT.CEL.SETS.P2--chn,Chiny,CHN,Mobile cellular subscriptions (per 100 people),1964-12-31,1964,year,1964-01-01,,abonamenty / 100 osób,annual,observed,https://api.worldbank.org/v2/country/POL;WLD;USA;CHN;DEU;IND;KOR;JPN;GBR;FRA;BRA;EST/indicator/IT.CEL.SETS.P2?format=json&per_page=1000,2026-09-28T17:23:21.979Z,{}
IT.CEL.SETS.P2,IT.CEL.SETS.P2--deu,Niemcy,DEU,Mobile cellular subscriptions (per 100 people),1964-12-31,1964,year,1964-01-01,,abonamenty / 100 osób,annual,observed,https://api.worldbank.org/v2/country/POL;WLD;USA;CHN;DEU;IND;KOR;JPN;GBR;FRA;BRA;EST/indicator/IT.CEL.SETS.P2?format=json&per_page=1000,2026-09-28T17:23:21.979Z,{}
IT.CEL.SETS.P2,IT.CEL.SETS.P2--est,Estonia,EST,Mobile cellular subscriptions (per 100 people),1964-12-31,1964,year,1964-01-01,,abonamenty / 100 osób,annual,observed,https://api.worldbank.org/v2/country/POL;WLD;USA;CHN;DEU;IND;KOR;JPN;GBR;FRA;BRA;EST/indicator/IT.CEL.SETS.P2?format=json&per_page=1000,2026-09-28T17:23:21.979Z,{}
IT.CEL.SETS.P2,IT.CEL.SETS.P2--fra,Francja,FRA,Mobile cellular subscriptions (per 100 people),1964-12-31,1964,year,1964-01-01,,abonamenty / 100 osób,annual,observed,https://api.worldbank.org/v2/country/POL;WLD;USA;CHN;DEU;IND;KOR;JPN;GBR;FRA;BRA;EST/indicator/IT.CEL.SETS.P2?format=json&per_page=1000,2026-09-28T17:23:21.979Z,{}
IT.CEL.SETS.P2,IT.CEL.SETS.P2--gbr,Wielka Brytania,GBR,Mobile cellular subscriptions (per 100 people),1964-12-31,1964,year,1964-01-01,,abonamenty / 100 osób,annual,observed,https://api.worldbank.org/v2/country/POL;WLD;USA;CHN;DEU;IND;KOR;JPN;GBR;FRA;BRA;EST/indicator/IT.CEL.SETS.P2?format=json&per_page=1000,2026-09-28T17:23:21.979Z,{}
IT.CEL.SETS.P2,IT.CEL.SETS.P2--ind,Indie,IND,Mobile cellular subscriptions (per 100 people),1964-12-31,1964,year,1964-01-01,,abonamenty / 100 osób,annual,observed,https://api.worldbank.org/v2/country/POL;WLD;USA;CHN;DEU;IND;KOR;JPN;GBR;FRA;BRA;EST/indicator/IT.CEL.SETS.P2?format=json&per_page=1000,2026-09-28T17:23:21.979Z,{}
IT.CEL.SETS.P2,IT.CEL.SETS.P2--jpn,Japonia,JPN,Mobile cellular subscriptions (per 100 people),1964-12-31,1964,year,1964-01-01,,abonamenty / 100 osób,annual,observed,https://api.worldbank.org/v2/country/POL;WLD;USA;CHN;DEU;IND;KOR;JPN;GBR;FRA;BRA;EST/indicator/IT.CEL.SETS.P2?format=json&per_page=1000,2026-09-28T17:23:21.979Z,{}
IT.CEL.SETS.P2,IT.CEL.SETS.P2--kor,Korea Płd.,KOR,Mobile cellular subscriptions (per 100 people),1964-12-31,1964,year,1964-01-01,,abonamenty / 100 osób,annual,observed,https://api.worldbank.org/v2/country/POL;WLD;USA;CHN;DEU;IND;KOR;JPN;GBR;FRA;BRA;EST/indicator/IT.CEL.SETS.P2?format=json&per_page=1000,2026-09-28T17:23:21.979Z,{}
IT.CEL.SETS.P2,IT.CEL.SETS.P2--pol,Polska,POL,Mobile cellular subscriptions (per 100 people),1964-12-31,1964,year,1964-01-01,,abonamenty / 100 osób,annual,observed,https://api.worldbank.org/v2/country/POL;WLD;USA;CHN;DEU;IND;KOR;JPN;GBR;FRA;BRA;EST/indicator/IT.CEL.SETS.P2?format=json&per_page=1000,2026-09-28T17:23:21.979Z,{}
IT.CEL.SETS.P2,IT.CEL.SETS.P2--usa,USA,USA,Mobile cellular subscriptions (per 100 people),1964-12-31,1964,year,1964-01-01,,abonamenty / 100 osób,annual,observed,https://api.worldbank.org/v2/country/POL;WLD;USA;CHN;DEU;IND;KOR;JPN;GBR;FRA;BRA;EST/indicator/IT.CEL.SETS.P2?format=json&per_page=1000,2026-09-28T17:23:21.979Z,{}
IT.CEL.SETS.P2,IT.CEL.SETS.P2--wld,Świat,WLD,Mobile cellular subscriptions (per 100 people),1964-12-31,1964,year,1964-01-01,,abonamenty / 100 osób,annual,observed,https://api.worldbank.org/v2/country/POL;WLD;USA;CHN;DEU;IND;KOR;JPN;GBR;FRA;BRA;EST/indicator/IT.CEL.SETS.P2?format=json&per_page=1000,2026-09-28T17:23:21.979Z,{}
IT.CEL.SETS.P2,IT.CEL.SETS.P2--bra,Brazylia,BRA,Mobile cellular subscriptions (per 100 people),1965-12-31,1965,year,1965-01-01,0,abonamenty / 100 osób,annual,observed,https://api.worldbank.org/v2/country/POL;WLD;USA;CHN;DEU;IND;KOR;JPN;GBR;FRA;BRA;EST/indicator/IT.CEL.SETS.P2?format=json&per_page=1000,2026-09-28T17:23:21.979Z,{}
IT.CEL.SETS.P2,IT.CEL.SETS.P2--chn,Chiny,CHN,Mobile cellular subscriptions (per 100 people),1965-12-31,1965,year,1965-01-01,0,abonamenty / 100 osób,annual,observed,https://api.worldbank.org/v2/country/POL;WLD;USA;CHN;DEU;IND;KOR;JPN;GBR;FRA;BRA;EST/indicator/IT.CEL.SETS.P2?format=json&per_page=1000,2026-09-28T17:23:21.979Z,{}
IT.CEL.SETS.P2,IT.CEL.SETS.P2--deu,Niemcy,DEU,Mobile cellular subscriptions (per 100 people),1965-12-31,1965,year,1965-01-01,0,abonamenty / 100 osób,annual,observed,https://api.worldbank.org/v2/country/POL;WLD;USA;CHN;DEU;IND;KOR;JPN;GBR;FRA;BRA;EST/indicator/IT.CEL.SETS.P2?format=json&per_page=1000,2026-09-28T17:23:21.979Z,{}
IT.CEL.SETS.P2,IT.CEL.SETS.P2--est,Estonia,EST,Mobile cellular subscriptions (per 100 people),1965-12-31,1965,year,1965-01-01,0,abonamenty / 100 osób,annual,observed,https://api.worldbank.org/v2/country/POL;WLD;USA;CHN;DEU;IND;KOR;JPN;GBR;FRA;BRA;EST/indicator/IT.CEL.SETS.P2?format=json&per_page=1000,2026-09-28T17:23:21.979Z,{}
IT.CEL.SETS.P2,IT.CEL.SETS.P2--fra,Francja,FRA,Mobile cellular subscriptions (per 100 people),1965-12-31,1965,year,1965-01-01,0,abonamenty / 100 osób,annual,observed,https://api.worldbank.org/v2/country/POL;WLD;USA;CHN;DEU;IND;KOR;JPN;GBR;FRA;BRA;EST/indicator/IT.CEL.SETS.P2?format=json&per_page=1000,2026-09-28T17:23:21.979Z,{}
IT.CEL.SETS.P2,IT.CEL.SETS.P2--gbr,Wielka Brytania,GBR,Mobile cellular subscriptions (per 100 people),1965-12-31,1965,year,1965-01-01,0,abonamenty / 100 osób,annual,observed,https://api.worldbank.org/v2/country/POL;WLD;USA;CHN;DEU;IND;KOR;JPN;GBR;FRA;BRA;EST/indicator/IT.CEL.SETS.P2?format=json&per_page=1000,2026-09-28T17:23:21.979Z,{}
IT.CEL.SETS.P2,IT.CEL.SETS.P2--ind,Indie,IND,Mobile cellular subscriptions (per 100 people),1965-12-31,1965,year,1965-01-01,0,abonamenty / 100 osób,annual,observed,https://api.worldbank.org/v2/country/POL;WLD;USA;CHN;DEU;IND;KOR;JPN;GBR;FRA;BRA;EST/indicator/IT.CEL.SETS.P2?format=json&per_page=1000,2026-09-28T17:23:21.979Z,{}
IT.CEL.SETS.P2,IT.CEL.SETS.P2--jpn,Japonia,JPN,Mobile cellular subscriptions (per 100 people),1965-12-31,1965,year,1965-01-01,0,abonamenty / 100 osób,annual,observed,https://api.worldbank.org/v2/country/POL;WLD;USA;CHN;DEU;IND;KOR;JPN;GBR;FRA;BRA;EST/indicator/IT.CEL.SETS.P2?format=json&per_page=1000,2026-09-28T17:23:21.979Z,{}
IT.CEL.SETS.P2,IT.CEL.SETS.P2--kor,Korea Płd.,KOR,Mobile cellular subscriptions (per 100 people),1965-12-31,1965,year,1965-01-01,0,abonamenty / 100 osób,annual,observed,https://api.worldbank.org/v2/country/POL;WLD;USA;CHN;DEU;IND;KOR;JPN;GBR;FRA;BRA;EST/indicator/IT.CEL.SETS.P2?format=json&per_page=1000,2026-09-28T17:23:21.979Z,{}
IT.CEL.SETS.P2,IT.CEL.SETS.P2--pol,Polska,POL,Mobile cellular subscriptions (per 100 people),1965-12-31,1965,year,1965-01-01,0,abonamenty / 100 osób,annual,observed,https://api.worldbank.org/v2/country/POL;WLD;USA;CHN;DEU;IND;KOR;JPN;GBR;FRA;BRA;EST/indicator/IT.CEL.SETS.P2?format=json&per_page=1000,2026-09-28T17:23:21.979Z,{}
IT.CEL.SETS.P2,IT.CEL.SETS.P2--usa,USA,USA,Mobile cellular subscriptions (per 100 people),1965-12-31,1965,year,1965-01-01,0,abonamenty / 100 osób,annual,observed,https://api.worldbank.org/v2/country/POL;WLD;USA;CHN;DEU;IND;KOR;JPN;GBR;FRA;BRA;EST/indicator/IT.CEL.SETS.P2?format=json&per_page=1000,2026-09-28T17:23:21.979Z,{}
IT.CEL.SETS.P2,IT.CEL.SETS.P2--wld,Świat,WLD,Mobile cellular subscriptions (per 100 people),1965-12-31,1965,year,1965-01-01,0,abonamenty / 100 osób,annual,observed,https://api.worldbank.org/v2/country/POL;WLD;USA;CHN;DEU;IND;KOR;JPN;GBR;FRA;BRA;EST/indicator/IT.CEL.SETS.P2?format=json&per_page=1000,2026-09-28T17:23:21.979Z,{}
IT.CEL.SETS.P2,IT.CEL.SETS.P2--bra,Brazylia,BRA,Mobile cellular subscriptions (per 100 people),1966-12-31,1966,year,1966-01-01,,abonamenty / 100 osób,annual,observed,https://api.worldbank.org/v2/country/POL;WLD;USA;CHN;DEU;IND;KOR;JPN;GBR;FRA;BRA;EST/indicator/IT.CEL.SETS.P2?format=json&per_page=1000,2026-09-28T17:23:21.979Z,{}
IT.CEL.SETS.P2,IT.CEL.SETS.P2--chn,Chiny,CHN,Mobile cellular subscriptions (per 100 people),1966-12-31,1966,year,1966-01-01,,abonamenty / 100 osób,annual,observed,https://api.worldbank.org/v2/country/POL;WLD;USA;CHN;DEU;IND;KOR;JPN;GBR;FRA;BRA;EST/indicator/IT.CEL.SETS.P2?format=json&per_page=1000,2026-09-28T17:23:21.979Z,{}
IT.CEL.SETS.P2,IT.CEL.SETS.P2--deu,Niemcy,DEU,Mobile cellular subscriptions (per 100 people),1966-12-31,1966,year,1966-01-01,,abonamenty / 100 osób,annual,observed,https://api.worldbank.org/v2/country/POL;WLD;USA;CHN;DEU;IND;KOR;JPN;GBR;FRA;BRA;EST/indicator/IT.CEL.SETS.P2?format=json&per_page=1000,2026-09-28T17:23:21.979Z,{}
IT.CEL.SETS.P2,IT.CEL.SETS.P2--est,Estonia,EST,Mobile cellular subscriptions (per 100 people),1966-12-31,1966,year,1966-01-01,,abonamenty / 100 osób,annual,observed,https://api.worldbank.org/v2/country/POL;WLD;USA;CHN;DEU;IND;KOR;JPN;GBR;FRA;BRA;EST/indicator/IT.CEL.SETS.P2?format=json&per_page=1000,2026-09-28T17:23:21.979Z,{}
IT.CEL.SETS.P2,IT.CEL.SETS.P2--fra,Francja,FRA,Mobile cellular subscriptions (per 100 people),1966-12-31,1966,year,1966-01-01,,abonamenty / 100 osób,annual,observed,https://api.worldbank.org/v2/country/POL;WLD;USA;CHN;DEU;IND;KOR;JPN;GBR;FRA;BRA;EST/indicator/IT.CEL.SETS.P2?format=json&per_page=1000,2026-09-28T17:23:21.979Z,{}
IT.CEL.SETS.P2,IT.CEL.SETS.P2--gbr,Wielka Brytania,GBR,Mobile cellular subscriptions (per 100 people),1966-12-31,1966,year,1966-01-01,,abonamenty / 100 osób,annual,observed,https://api.worldbank.org/v2/country/POL;WLD;USA;CHN;DEU;IND;KOR;JPN;GBR;FRA;BRA;EST/indicator/IT.CEL.SETS.P2?format=json&per_page=1000,2026-09-28T17:23:21.979Z,{}
IT.CEL.SETS.P2,IT.CEL.SETS.P2--ind,Indie,IND,Mobile cellular subscriptions (per 100 people),1966-12-31,1966,year,1966-01-01,,abonamenty / 100 osób,annual,observed,https://api.worldbank.org/v2/country/POL;WLD;USA;CHN;DEU;IND;KOR;JPN;GBR;FRA;BRA;EST/indicator/IT.CEL.SETS.P2?format=json&per_page=1000,2026-09-28T17:23:21.979Z,{}
IT.CEL.SETS.P2,IT.CEL.SETS.P2--jpn,Japonia,JPN,Mobile cellular subscriptions (per 100 people),1966-12-31,1966,year,1966-01-01,,abonamenty / 100 osób,annual,observed,https://api.worldbank.org/v2/country/POL;WLD;USA;CHN;DEU;IND;KOR;JPN;GBR;FRA;BRA;EST/indicator/IT.CEL.SETS.P2?format=json&per_page=1000,2026-09-28T17:23:21.979Z,{}
IT.CEL.SETS.P2,IT.CEL.SETS.P2--kor,Korea Płd.,KOR,Mobile cellular subscriptions (per 100 people),1966-12-31,1966,year,1966-01-01,,abonamenty / 100 osób,annual,observed,https://api.worldbank.org/v2/country/POL;WLD;USA;CHN;DEU;IND;KOR;JPN;GBR;FRA;BRA;EST/indicator/IT.CEL.SETS.P2?format=json&per_page=1000,2026-09-28T17:23:21.979Z,{}
IT.CEL.SETS.P2,IT.CEL.SETS.P2--pol,Polska,POL,Mobile cellular subscriptions (per 100 people),1966-12-31,1966,year,1966-01-01,,abonamenty / 100 osób,annual,observed,https://api.worldbank.org/v2/country/POL;WLD;USA;CHN;DEU;IND;KOR;JPN;GBR;FRA;BRA;EST/indicator/IT.CEL.SETS.P2?format=json&per_page=1000,2026-09-28T17:23:21.979Z,{}
IT.CEL.SETS.P2,IT.CEL.SETS.P2--usa,USA,USA,Mobile cellular subscriptions (per 100 people),1966-12-31,1966,year,1966-01-01,,abonamenty / 100 osób,annual,observed,https://api.worldbank.org/v2/country/POL;WLD;USA;CHN;DEU;IND;KOR;JPN;GBR;FRA;BRA;EST/indicator/IT.CEL.SETS.P2?format=json&per_page=1000,2026-09-28T17:23:21.979Z,{}
IT.CEL.SETS.P2,IT.CEL.SETS.P2--wld,Świat,WLD,Mobile cellular subscriptions (per 100 people),1966-12-31,1966,year,1966-01-01,,abonamenty / 100 osób,annual,observed,https://api.worldbank.org/v2/country/POL;WLD;USA;CHN;DEU;IND;KOR;JPN;GBR;FRA;BRA;EST/indicator/IT.CEL.SETS.P2?format=json&per_page=1000,2026-09-28T17:23:21.979Z,{}
IT.CEL.SETS.P2,IT.CEL.SETS.P2--bra,Brazylia,BRA,Mobile cellular subscriptions (per 100 people),1967-12-31,1967,year,1967-01-01,,abonamenty / 100 osób,annual,observed,https://api.worldbank.org/v2/country/POL;WLD;USA;CHN;DEU;IND;KOR;JPN;GBR;FRA;BRA;EST/indicator/IT.CEL.SETS.P2?format=json&per_page=1000,2026-09-28T17:23:21.979Z,{}
IT.CEL.SETS.P2,IT.CEL.SETS.P2--chn,Chiny,CHN,Mobile cellular subscriptions (per 100 people),1967-12-31,1967,year,1967-01-01,,abonamenty / 100 osób,annual,observed,https://api.worldbank.org/v2/country/POL;WLD;USA;CHN;DEU;IND;KOR;JPN;GBR;FRA;BRA;EST/indicator/IT.CEL.SETS.P2?format=json&per_page=1000,2026-09-28T17:23:21.979Z,{}
IT.CEL.SETS.P2,IT.CEL.SETS.P2--deu,Niemcy,DEU,Mobile cellular subscriptions (per 100 people),1967-12-31,1967,year,1967-01-01,,abonamenty / 100 osób,annual,observed,https://api.worldbank.org/v2/country/POL;WLD;USA;CHN;DEU;IND;KOR;JPN;GBR;FRA;BRA;EST/indicator/IT.CEL.SETS.P2?format=json&per_page=1000,2026-09-28T17:23:21.979Z,{}
IT.CEL.SETS.P2,IT.CEL.SETS.P2--est,Estonia,EST,Mobile cellular subscriptions (per 100 people),1967-12-31,1967,year,1967-01-01,,abonamenty / 100 osób,annual,observed,https://api.worldbank.org/v2/country/POL;WLD;USA;CHN;DEU;IND;KOR;JPN;GBR;FRA;BRA;EST/indicator/IT.CEL.SETS.P2?format=json&per_page=1000,2026-09-28T17:23:21.979Z,{}
IT.CEL.SETS.P2,IT.CEL.SETS.P2--fra,Francja,FRA,Mobile cellular subscriptions (per 100 people),1967-12-31,1967,year,1967-01-01,,abonamenty / 100 osób,annual,observed,https://api.worldbank.org/v2/country/POL;WLD;USA;CHN;DEU;IND;KOR;JPN;GBR;FRA;BRA;EST/indicator/IT.CEL.SETS.P2?format=json&per_page=1000,2026-09-28T17:23:21.979Z,{}
IT.CEL.SETS.P2,IT.CEL.SETS.P2--gbr,Wielka Brytania,GBR,Mobile cellular subscriptions (per 100 people),1967-12-31,1967,year,1967-01-01,,abonamenty / 100 osób,annual,observed,https://api.worldbank.org/v2/country/POL;WLD;USA;CHN;DEU;IND;KOR;JPN;GBR;FRA;BRA;EST/indicator/IT.CEL.SETS.P2?format=json&per_page=1000,2026-09-28T17:23:21.979Z,{}
IT.CEL.SETS.P2,IT.CEL.SETS.P2--ind,Indie,IND,Mobile cellular subscriptions (per 100 people),1967-12-31,1967,year,1967-01-01,,abonamenty / 100 osób,annual,observed,https://api.worldbank.org/v2/country/POL;WLD;USA;CHN;DEU;IND;KOR;JPN;GBR;FRA;BRA;EST/indicator/IT.CEL.SETS.P2?format=json&per_page=1000,2026-09-28T17:23:21.979Z,{}
IT.CEL.SETS.P2,IT.CEL.SETS.P2--jpn,Japonia,JPN,Mobile cellular subscriptions (per 100 people),1967-12-31,1967,year,1967-01-01,,abonamenty / 100 osób,annual,observed,https://api.worldbank.org/v2/country/POL;WLD;USA;CHN;DEU;IND;KOR;JPN;GBR;FRA;BRA;EST/indicator/IT.CEL.SETS.P2?format=json&per_page=1000,2026-09-28T17:23:21.979Z,{}
IT.CEL.SETS.P2,IT.CEL.SETS.P2--kor,Korea Płd.,KOR,Mobile cellular subscriptions (per 100 people),1967-12-31,1967,year,1967-01-01,,abonamenty / 100 osób,annual,observed,https://api.worldbank.org/v2/country/POL;WLD;USA;CHN;DEU;IND;KOR;JPN;GBR;FRA;BRA;EST/indicator/IT.CEL.SETS.P2?format=json&per_page=1000,2026-09-28T17:23:21.979Z,{}
IT.CEL.SETS.P2,IT.CEL.SETS.P2--pol,Polska,POL,Mobile cellular subscriptions (per 100 people),1967-12-31,1967,year,1967-01-01,,abonamenty / 100 osób,annual,observed,https://api.worldbank.org/v2/country/POL;WLD;USA;CHN;DEU;IND;KOR;JPN;GBR;FRA;BRA;EST/indicator/IT.CEL.SETS.P2?format=json&per_page=1000,2026-09-28T17:23:21.979Z,{}
IT.CEL.SETS.P2,IT.CEL.SETS.P2--usa,USA,USA,Mobile cellular subscriptions (per 100 people),1967-12-31,1967,year,1967-01-01,,abonamenty / 100 osób,annual,observed,https://api.worldbank.org/v2/country/POL;WLD;USA;CHN;DEU;IND;KOR;JPN;GBR;FRA;BRA;EST/indicator/IT.CEL.SETS.P2?format=json&per_page=1000,2026-09-28T17:23:21.979Z,{}
IT.CEL.SETS.P2,IT.CEL.SETS.P2--wld,Świat,WLD,Mobile cellular subscriptions (per 100 people),1967-12-31,1967,year,1967-01-01,,abonamenty / 100 osób,annual,observed,https://api.worldbank.org/v2/country/POL;WLD;USA;CHN;DEU;IND;KOR;JPN;GBR;FRA;BRA;EST/indicator/IT.CEL.SETS.P2?format=json&per_page=1000,2026-09-28T17:23:21.979Z,{}
IT.CEL.SETS.P2,IT.CEL.SETS.P2--bra,Brazylia,BRA,Mobile cellular subscriptions (per 100 people),1968-12-31,1968,year,1968-01-01,,abonamenty / 100 osób,annual,observed,https://api.worldbank.org/v2/country/POL;WLD;USA;CHN;DEU;IND;KOR;JPN;GBR;FRA;BRA;EST/indicator/IT.CEL.SETS.P2?format=json&per_page=1000,2026-09-28T17:23:21.979Z,{}
IT.CEL.SETS.P2,IT.CEL.SETS.P2--chn,Chiny,CHN,Mobile cellular subscriptions (per 100 people),1968-12-31,1968,year,1968-01-01,,abonamenty / 100 osób,annual,observed,https://api.worldbank.org/v2/country/POL;WLD;USA;CHN;DEU;IND;KOR;JPN;GBR;FRA;BRA;EST/indicator/IT.CEL.SETS.P2?format=json&per_page=1000,2026-09-28T17:23:21.979Z,{}
IT.CEL.SETS.P2,IT.CEL.SETS.P2--deu,Niemcy,DEU,Mobile cellular subscriptions (per 100 people),1968-12-31,1968,year,1968-01-01,,abonamenty / 100 osób,annual,observed,https://api.worldbank.org/v2/country/POL;WLD;USA;CHN;DEU;IND;KOR;JPN;GBR;FRA;BRA;EST/indicator/IT.CEL.SETS.P2?format=json&per_page=1000,2026-09-28T17:23:21.979Z,{}
IT.CEL.SETS.P2,IT.CEL.SETS.P2--est,Estonia,EST,Mobile cellular subscriptions (per 100 people),1968-12-31,1968,year,1968-01-01,,abonamenty / 100 osób,annual,observed,https://api.worldbank.org/v2/country/POL;WLD;USA;CHN;DEU;IND;KOR;JPN;GBR;FRA;BRA;EST/indicator/IT.CEL.SETS.P2?format=json&per_page=1000,2026-09-28T17:23:21.979Z,{}
IT.CEL.SETS.P2,IT.CEL.SETS.P2--fra,Francja,FRA,Mobile cellular subscriptions (per 100 people),1968-12-31,1968,year,1968-01-01,,abonamenty / 100 osób,annual,observed,https://api.worldbank.org/v2/country/POL;WLD;USA;CHN;DEU;IND;KOR;JPN;GBR;FRA;BRA;EST/indicator/IT.CEL.SETS.P2?format=json&per_page=1000,2026-09-28T17:23:21.979Z,{}
IT.CEL.SETS.P2,IT.CEL.SETS.P2--gbr,Wielka Brytania,GBR,Mobile cellular subscriptions (per 100 people),1968-12-31,1968,year,1968-01-01,,abonamenty / 100 osób,annual,observed,https://api.worldbank.org/v2/country/POL;WLD;USA;CHN;DEU;IND;KOR;JPN;GBR;FRA;BRA;EST/indicator/IT.CEL.SETS.P2?format=json&per_page=1000,2026-09-28T17:23:21.979Z,{}
IT.CEL.SETS.P2,IT.CEL.SETS.P2--ind,Indie,IND,Mobile cellular subscriptions (per 100 people),1968-12-31,1968,year,1968-01-01,,abonamenty / 100 osób,annual,observed,https://api.worldbank.org/v2/country/POL;WLD;USA;CHN;DEU;IND;KOR;JPN;GBR;FRA;BRA;EST/indicator/IT.CEL.SETS.P2?format=json&per_page=1000,2026-09-28T17:23:21.979Z,{}
IT.CEL.SETS.P2,IT.CEL.SETS.P2--jpn,Japonia,JPN,Mobile cellular subscriptions (per 100 people),1968-12-31,1968,year,1968-01-01,,abonamenty / 100 osób,annual,observed,https://api.worldbank.org/v2/country/POL;WLD;USA;CHN;DEU;IND;KOR;JPN;GBR;FRA;BRA;EST/indicator/IT.CEL.SETS.P2?format=json&per_page=1000,2026-09-28T17:23:21.979Z,{}
IT.CEL.SETS.P2,IT.CEL.SETS.P2--kor,Korea Płd.,KOR,Mobile cellular subscriptions (per 100 people),1968-12-31,1968,year,1968-01-01,,abonamenty / 100 osób,annual,observed,https://api.worldbank.org/v2/country/POL;WLD;USA;CHN;DEU;IND;KOR;JPN;GBR;FRA;BRA;EST/indicator/IT.CEL.SETS.P2?format=json&per_page=1000,2026-09-28T17:23:21.979Z,{}
IT.CEL.SETS.P2,IT.CEL.SETS.P2--pol,Polska,POL,Mobile cellular subscriptions (per 100 people),1968-12-31,1968,year,1968-01-01,,abonamenty / 100 osób,annual,observed,https://api.worldbank.org/v2/country/POL;WLD;USA;CHN;DEU;IND;KOR;JPN;GBR;FRA;BRA;EST/indicator/IT.CEL.SETS.P2?format=json&per_page=1000,2026-09-28T17:23:21.979Z,{}
IT.CEL.SETS.P2,IT.CEL.SETS.P2--usa,USA,USA,Mobile cellular subscriptions (per 100 people),1968-12-31,1968,year,1968-01-01,,abonamenty / 100 osób,annual,observed,https://api.worldbank.org/v2/country/POL;WLD;USA;CHN;DEU;IND;KOR;JPN;GBR;FRA;BRA;EST/indicator/IT.CEL.SETS.P2?format=json&per_page=1000,2026-09-28T17:23:21.979Z,{}
IT.CEL.SETS.P2,IT.CEL.SETS.P2--wld,Świat,WLD,Mobile cellular subscriptions (per 100 people),1968-12-31,1968,year,1968-01-01,,abonamenty / 100 osób,annual,observed,https://api.worldbank.org/v2/country/POL;WLD;USA;CHN;DEU;IND;KOR;JPN;GBR;FRA;BRA;EST/indicator/IT.CEL.SETS.P2?format=json&per_page=1000,2026-09-28T17:23:21.979Z,{}
IT.CEL.SETS.P2,IT.CEL.SETS.P2--bra,Brazylia,BRA,Mobile cellular subscriptions (per 100 people),1969-12-31,1969,year,1969-01-01,,abonamenty / 100 osób,annual,observed,https://api.worldbank.org/v2/country/POL;WLD;USA;CHN;DEU;IND;KOR;JPN;GBR;FRA;BRA;EST/indicator/IT.CEL.SETS.P2?format=json&per_page=1000,2026-09-28T17:23:21.979Z,{}
IT.CEL.SETS.P2,IT.CEL.SETS.P2--chn,Chiny,CHN,Mobile cellular subscriptions (per 100 people),1969-12-31,1969,year,1969-01-01,,abonamenty / 100 osób,annual,observed,https://api.worldbank.org/v2/country/POL;WLD;USA;CHN;DEU;IND;KOR;JPN;GBR;FRA;BRA;EST/indicator/IT.CEL.SETS.P2?format=json&per_page=1000,2026-09-28T17:23:21.979Z,{}
IT.CEL.SETS.P2,IT.CEL.SETS.P2--deu,Niemcy,DEU,Mobile cellular subscriptions (per 100 people),1969-12-31,1969,year,1969-01-01,,abonamenty / 100 osób,annual,observed,https://api.worldbank.org/v2/country/POL;WLD;USA;CHN;DEU;IND;KOR;JPN;GBR;FRA;BRA;EST/indicator/IT.CEL.SETS.P2?format=json&per_page=1000,2026-09-28T17:23:21.979Z,{}
IT.CEL.SETS.P2,IT.CEL.SETS.P2--est,Estonia,EST,Mobile cellular subscriptions (per 100 people),1969-12-31,1969,year,1969-01-01,,abonamenty / 100 osób,annual,observed,https://api.worldbank.org/v2/country/POL;WLD;USA;CHN;DEU;IND;KOR;JPN;GBR;FRA;BRA;EST/indicator/IT.CEL.SETS.P2?format=json&per_page=1000,2026-09-28T17:23:21.979Z,{}
IT.CEL.SETS.P2,IT.CEL.SETS.P2--fra,Francja,FRA,Mobile cellular subscriptions (per 100 people),1969-12-31,1969,year,1969-01-01,,abonamenty / 100 osób,annual,observed,https://api.worldbank.org/v2/country/POL;WLD;USA;CHN;DEU;IND;KOR;JPN;GBR;FRA;BRA;EST/indicator/IT.CEL.SETS.P2?format=json&per_page=1000,2026-09-28T17:23:21.979Z,{}
IT.CEL.SETS.P2,IT.CEL.SETS.P2--gbr,Wielka Brytania,GBR,Mobile cellular subscriptions (per 100 people),1969-12-31,1969,year,1969-01-01,,abonamenty / 100 osób,annual,observed,https://api.worldbank.org/v2/country/POL;WLD;USA;CHN;DEU;IND;KOR;JPN;GBR;FRA;BRA;EST/indicator/IT.CEL.SETS.P2?format=json&per_page=1000,2026-09-28T17:23:21.979Z,{}
IT.CEL.SETS.P2,IT.CEL.SETS.P2--ind,Indie,IND,Mobile cellular subscriptions (per 100 people),1969-12-31,1969,year,1969-01-01,,abonamenty / 100 osób,annual,observed,https://api.worldbank.org/v2/country/POL;WLD;USA;CHN;DEU;IND;KOR;JPN;GBR;FRA;BRA;EST/indicator/IT.CEL.SETS.P2?format=json&per_page=1000,2026-09-28T17:23:21.979Z,{}
IT.CEL.SETS.P2,IT.CEL.SETS.P2--jpn,Japonia,JPN,Mobile cellular subscriptions (per 100 people),1969-12-31,1969,year,1969-01-01,,abonamenty / 100 osób,annual,observed,https://api.worldbank.org/v2/country/POL;WLD;USA;CHN;DEU;IND;KOR;JPN;GBR;FRA;BRA;EST/indicator/IT.CEL.SETS.P2?format=json&per_page=1000,2026-09-28T17:23:21.979Z,{}
IT.CEL.SETS.P2,IT.CEL.SETS.P2--kor,Korea Płd.,KOR,Mobile cellular subscriptions (per 100 people),1969-12-31,1969,year,1969-01-01,,abonamenty / 100 osób,annual,observed,https://api.worldbank.org/v2/country/POL;WLD;USA;CHN;DEU;IND;KOR;JPN;GBR;FRA;BRA;EST/indicator/IT.CEL.SETS.P2?format=json&per_page=1000,2026-09-28T17:23:21.979Z,{}
IT.CEL.SETS.P2,IT.CEL.SETS.P2--pol,Polska,POL,Mobile cellular subscriptions (per 100 people),1969-12-31,1969,year,1969-01-01,,abonamenty / 100 osób,annual,observed,https://api.worldbank.org/v2/country/POL;WLD;USA;CHN;DEU;IND;KOR;JPN;GBR;FRA;BRA;EST/indicator/IT.CEL.SETS.P2?format=json&per_page=1000,2026-09-28T17:23:21.979Z,{}
IT.CEL.SETS.P2,IT.CEL.SETS.P2--usa,USA,USA,Mobile cellular subscriptions (per 100 people),1969-12-31,1969,year,1969-01-01,,abonamenty / 100 osób,annual,observed,https://api.worldbank.org/v2/country/POL;WLD;USA;CHN;DEU;IND;KOR;JPN;GBR;FRA;BRA;EST/indicator/IT.CEL.SETS.P2?format=json&per_page=1000,2026-09-28T17:23:21.979Z,{}
IT.CEL.SETS.P2,IT.CEL.SETS.P2--wld,Świat,WLD,Mobile cellular subscriptions (per 100 people),1969-12-31,1969,year,1969-01-01,,abonamenty / 100 osób,annual,observed,https://api.worldbank.org/v2/country/POL;WLD;USA;CHN;DEU;IND;KOR;JPN;GBR;FRA;BRA;EST/indicator/IT.CEL.SETS.P2?format=json&per_page=1000,2026-09-28T17:23:21.979Z,{}
IT.CEL.SETS.P2,IT.CEL.SETS.P2--bra,Brazylia,BRA,Mobile cellular subscriptions (per 100 people),1970-12-31,1970,year,1970-01-01,0,abonamenty / 100 osób,annual,observed,https://api.worldbank.org/v2/country/POL;WLD;USA;CHN;DEU;IND;KOR;JPN;GBR;FRA;BRA;EST/indicator/IT.CEL.SETS.P2?format=json&per_page=1000,2026-09-28T17:23:21.979Z,{}
IT.CEL.SETS.P2,IT.CEL.SETS.P2--chn,Chiny,CHN,Mobile cellular subscriptions (per 100 people),1970-12-31,1970,year,1970-01-01,0,abonamenty / 100 osób,annual,observed,https://api.worldbank.org/v2/country/POL;WLD;USA;CHN;DEU;IND;KOR;JPN;GBR;FRA;BRA;EST/indicator/IT.CEL.SETS.P2?format=json&per_page=1000,2026-09-28T17:23:21.979Z,{}
IT.CEL.SETS.P2,IT.CEL.SETS.P2--deu,Niemcy,DEU,Mobile cellular subscriptions (per 100 people),1970-12-31,1970,year,1970-01-01,0,abonamenty / 100 osób,annual,observed,https://api.worldbank.org/v2/country/POL;WLD;USA;CHN;DEU;IND;KOR;JPN;GBR;FRA;BRA;EST/indicator/IT.CEL.SETS.P2?format=json&per_page=1000,2026-09-28T17:23:21.979Z,{}
IT.CEL.SETS.P2,IT.CEL.SETS.P2--est,Estonia,EST,Mobile cellular subscriptions (per 100 people),1970-12-31,1970,year,1970-01-01,0,abonamenty / 100 osób,annual,observed,https://api.worldbank.org/v2/country/POL;WLD;USA;CHN;DEU;IND;KOR;JPN;GBR;FRA;BRA;EST/indicator/IT.CEL.SETS.P2?format=json&per_page=1000,2026-09-28T17:23:21.979Z,{}
IT.CEL.SETS.P2,IT.CEL.SETS.P2--fra,Francja,FRA,Mobile cellular subscriptions (per 100 people),1970-12-31,1970,year,1970-01-01,0,abonamenty / 100 osób,annual,observed,https://api.worldbank.org/v2/country/POL;WLD;USA;CHN;DEU;IND;KOR;JPN;GBR;FRA;BRA;EST/indicator/IT.CEL.SETS.P2?format=json&per_page=1000,2026-09-28T17:23:21.979Z,{}
IT.CEL.SETS.P2,IT.CEL.SETS.P2--gbr,Wielka Brytania,GBR,Mobile cellular subscriptions (per 100 people),1970-12-31,1970,year,1970-01-01,0,abonamenty / 100 osób,annual,observed,https://api.worldbank.org/v2/country/POL;WLD;USA;CHN;DEU;IND;KOR;JPN;GBR;FRA;BRA;EST/indicator/IT.CEL.SETS.P2?format=json&per_page=1000,2026-09-28T17:23:21.979Z,{}
IT.CEL.SETS.P2,IT.CEL.SETS.P2--ind,Indie,IND,Mobile cellular subscriptions (per 100 people),1970-12-31,1970,year,1970-01-01,0,abonamenty / 100 osób,annual,observed,https://api.worldbank.org/v2/country/POL;WLD;USA;CHN;DEU;IND;KOR;JPN;GBR;FRA;BRA;EST/indicator/IT.CEL.SETS.P2?format=json&per_page=1000,2026-09-28T17:23:21.979Z,{}
IT.CEL.SETS.P2,IT.CEL.SETS.P2--jpn,Japonia,JPN,Mobile cellular subscriptions (per 100 people),1970-12-31,1970,year,1970-01-01,0,abonamenty / 100 osób,annual,observed,https://api.worldbank.org/v2/country/POL;WLD;USA;CHN;DEU;IND;KOR;JPN;GBR;FRA;BRA;EST/indicator/IT.CEL.SETS.P2?format=json&per_page=1000,2026-09-28T17:23:21.979Z,{}
IT.CEL.SETS.P2,IT.CEL.SETS.P2--kor,Korea Płd.,KOR,Mobile cellular subscriptions (per 100 people),1970-12-31,1970,year,1970-01-01,0,abonamenty / 100 osób,annual,observed,https://api.worldbank.org/v2/country/POL;WLD;USA;CHN;DEU;IND;KOR;JPN;GBR;FRA;BRA;EST/indicator/IT.CEL.SETS.P2?format=json&per_page=1000,2026-09-28T17:23:21.979Z,{}
IT.CEL.SETS.P2,IT.CEL.SETS.P2--pol,Polska,POL,Mobile cellular subscriptions (per 100 people),1970-12-31,1970,year,1970-01-01,0,abonamenty / 100 osób,annual,observed,https://api.worldbank.org/v2/country/POL;WLD;USA;CHN;DEU;IND;KOR;JPN;GBR;FRA;BRA;EST/indicator/IT.CEL.SETS.P2?format=json&per_page=1000,2026-09-28T17:23:21.979Z,{}
IT.CEL.SETS.P2,IT.CEL.SETS.P2--usa,USA,USA,Mobile cellular subscriptions (per 100 people),1970-12-31,1970,year,1970-01-01,0,abonamenty / 100 osób,annual,observed,https://api.worldbank.org/v2/country/POL;WLD;USA;CHN;DEU;IND;KOR;JPN;GBR;FRA;BRA;EST/indicator/IT.CEL.SETS.P2?format=json&per_page=1000,2026-09-28T17:23:21.979Z,{}
IT.CEL.SETS.P2,IT.CEL.SETS.P2--wld,Świat,WLD,Mobile cellular subscriptions (per 100 people),1970-12-31,1970,year,1970-01-01,0,abonamenty / 100 osób,annual,observed,https://api.worldbank.org/v2/country/POL;WLD;USA;CHN;DEU;IND;KOR;JPN;GBR;FRA;BRA;EST/indicator/IT.CEL.SETS.P2?format=json&per_page=1000,2026-09-28T17:23:21.979Z,{}
IT.CEL.SETS.P2,IT.CEL.SETS.P2--bra,Brazylia,BRA,Mobile cellular subscriptions (per 100 people),1971-12-31,1971,year,1971-01-01,,abonamenty / 100 osób,annual,observed,https://api.worldbank.org/v2/country/POL;WLD;USA;CHN;DEU;IND;KOR;JPN;GBR;FRA;BRA;EST/indicator/IT.CEL.SETS.P2?format=json&per_page=1000,2026-09-28T17:23:21.979Z,{}
IT.CEL.SETS.P2,IT.CEL.SETS.P2--chn,Chiny,CHN,Mobile cellular subscriptions (per 100 people),1971-12-31,1971,year,1971-01-01,,abonamenty / 100 osób,annual,observed,https://api.worldbank.org/v2/country/POL;WLD;USA;CHN;DEU;IND;KOR;JPN;GBR;FRA;BRA;EST/indicator/IT.CEL.SETS.P2?format=json&per_page=1000,2026-09-28T17:23:21.979Z,{}
IT.CEL.SETS.P2,IT.CEL.SETS.P2--deu,Niemcy,DEU,Mobile cellular subscriptions (per 100 people),1971-12-31,1971,year,1971-01-01,,abonamenty / 100 osób,annual,observed,https://api.worldbank.org/v2/country/POL;WLD;USA;CHN;DEU;IND;KOR;JPN;GBR;FRA;BRA;EST/indicator/IT.CEL.SETS.P2?format=json&per_page=1000,2026-09-28T17:23:21.979Z,{}
IT.CEL.SETS.P2,IT.CEL.SETS.P2--est,Estonia,EST,Mobile cellular subscriptions (per 100 people),1971-12-31,1971,year,1971-01-01,,abonamenty / 100 osób,annual,observed,https://api.worldbank.org/v2/country/POL;WLD;USA;CHN;DEU;IND;KOR;JPN;GBR;FRA;BRA;EST/indicator/IT.CEL.SETS.P2?format=json&per_page=1000,2026-09-28T17:23:21.979Z,{}
IT.CEL.SETS.P2,IT.CEL.SETS.P2--fra,Francja,FRA,Mobile cellular subscriptions (per 100 people),1971-12-31,1971,year,1971-01-01,,abonamenty / 100 osób,annual,observed,https://api.worldbank.org/v2/country/POL;WLD;USA;CHN;DEU;IND;KOR;JPN;GBR;FRA;BRA;EST/indicator/IT.CEL.SETS.P2?format=json&per_page=1000,2026-09-28T17:23:21.979Z,{}
IT.CEL.SETS.P2,IT.CEL.SETS.P2--gbr,Wielka Brytania,GBR,Mobile cellular subscriptions (per 100 people),1971-12-31,1971,year,1971-01-01,,abonamenty / 100 osób,annual,observed,https://api.worldbank.org/v2/country/POL;WLD;USA;CHN;DEU;IND;KOR;JPN;GBR;FRA;BRA;EST/indicator/IT.CEL.SETS.P2?format=json&per_page=1000,2026-09-28T17:23:21.979Z,{}
IT.CEL.SETS.P2,IT.CEL.SETS.P2--ind,Indie,IND,Mobile cellular subscriptions (per 100 people),1971-12-31,1971,year,1971-01-01,,abonamenty / 100 osób,annual,observed,https://api.worldbank.org/v2/country/POL;WLD;USA;CHN;DEU;IND;KOR;JPN;GBR;FRA;BRA;EST/indicator/IT.CEL.SETS.P2?format=json&per_page=1000,2026-09-28T17:23:21.979Z,{}
IT.CEL.SETS.P2,IT.CEL.SETS.P2--jpn,Japonia,JPN,Mobile cellular subscriptions (per 100 people),1971-12-31,1971,year,1971-01-01,,abonamenty / 100 osób,annual,observed,https://api.worldbank.org/v2/country/POL;WLD;USA;CHN;DEU;IND;KOR;JPN;GBR;FRA;BRA;EST/indicator/IT.CEL.SETS.P2?format=json&per_page=1000,2026-09-28T17:23:21.979Z,{}
IT.CEL.SETS.P2,IT.CEL.SETS.P2--kor,Korea Płd.,KOR,Mobile cellular subscriptions (per 100 people),1971-12-31,1971,year,1971-01-01,,abonamenty / 100 osób,annual,observed,https://api.worldbank.org/v2/country/POL;WLD;USA;CHN;DEU;IND;KOR;JPN;GBR;FRA;BRA;EST/indicator/IT.CEL.SETS.P2?format=json&per_page=1000,2026-09-28T17:23:21.979Z,{}
IT.CEL.SETS.P2,IT.CEL.SETS.P2--pol,Polska,POL,Mobile cellular subscriptions (per 100 people),1971-12-31,1971,year,1971-01-01,,abonamenty / 100 osób,annual,observed,https://api.worldbank.org/v2/country/POL;WLD;USA;CHN;DEU;IND;KOR;JPN;GBR;FRA;BRA;EST/indicator/IT.CEL.SETS.P2?format=json&per_page=1000,2026-09-28T17:23:21.979Z,{}
IT.CEL.SETS.P2,IT.CEL.SETS.P2--usa,USA,USA,Mobile cellular subscriptions (per 100 people),1971-12-31,1971,year,1971-01-01,,abonamenty / 100 osób,annual,observed,https://api.worldbank.org/v2/country/POL;WLD;USA;CHN;DEU;IND;KOR;JPN;GBR;FRA;BRA;EST/indicator/IT.CEL.SETS.P2?format=json&per_page=1000,2026-09-28T17:23:21.979Z,{}
IT.CEL.SETS.P2,IT.CEL.SETS.P2--wld,Świat,WLD,Mobile cellular subscriptions (per 100 people),1971-12-31,1971,year,1971-01-01,,abonamenty / 100 osób,annual,observed,https://api.worldbank.org/v2/country/POL;WLD;USA;CHN;DEU;IND;KOR;JPN;GBR;FRA;BRA;EST/indicator/IT.CEL.SETS.P2?format=json&per_page=1000,2026-09-28T17:23:21.979Z,{}
IT.CEL.SETS.P2,IT.CEL.SETS.P2--bra,Brazylia,BRA,Mobile cellular subscriptions (per 100 people),1972-12-31,1972,year,1972-01-01,,abonamenty / 100 osób,annual,observed,https://api.worldbank.org/v2/country/POL;WLD;USA;CHN;DEU;IND;KOR;JPN;GBR;FRA;BRA;EST/indicator/IT.CEL.SETS.P2?format=json&per_page=1000,2026-09-28T17:23:21.979Z,{}
IT.CEL.SETS.P2,IT.CEL.SETS.P2--chn,Chiny,CHN,Mobile cellular subscriptions (per 100 people),1972-12-31,1972,year,1972-01-01,,abonamenty / 100 osób,annual,observed,https://api.worldbank.org/v2/country/POL;WLD;USA;CHN;DEU;IND;KOR;JPN;GBR;FRA;BRA;EST/indicator/IT.CEL.SETS.P2?format=json&per_page=1000,2026-09-28T17:23:21.979Z,{}
IT.CEL.SETS.P2,IT.CEL.SETS.P2--deu,Niemcy,DEU,Mobile cellular subscriptions (per 100 people),1972-12-31,1972,year,1972-01-01,,abonamenty / 100 osób,annual,observed,https://api.worldbank.org/v2/country/POL;WLD;USA;CHN;DEU;IND;KOR;JPN;GBR;FRA;BRA;EST/indicator/IT.CEL.SETS.P2?format=json&per_page=1000,2026-09-28T17:23:21.979Z,{}
IT.CEL.SETS.P2,IT.CEL.SETS.P2--est,Estonia,EST,Mobile cellular subscriptions (per 100 people),1972-12-31,1972,year,1972-01-01,,abonamenty / 100 osób,annual,observed,https://api.worldbank.org/v2/country/POL;WLD;USA;CHN;DEU;IND;KOR;JPN;GBR;FRA;BRA;EST/indicator/IT.CEL.SETS.P2?format=json&per_page=1000,2026-09-28T17:23:21.979Z,{}
IT.CEL.SETS.P2,IT.CEL.SETS.P2--fra,Francja,FRA,Mobile cellular subscriptions (per 100 people),1972-12-31,1972,year,1972-01-01,,abonamenty / 100 osób,annual,observed,https://api.worldbank.org/v2/country/POL;WLD;USA;CHN;DEU;IND;KOR;JPN;GBR;FRA;BRA;EST/indicator/IT.CEL.SETS.P2?format=json&per_page=1000,2026-09-28T17:23:21.979Z,{}
IT.CEL.SETS.P2,IT.CEL.SETS.P2--gbr,Wielka Brytania,GBR,Mobile cellular subscriptions (per 100 people),1972-12-31,1972,year,1972-01-01,,abonamenty / 100 osób,annual,observed,https://api.worldbank.org/v2/country/POL;WLD;USA;CHN;DEU;IND;KOR;JPN;GBR;FRA;BRA;EST/indicator/IT.CEL.SETS.P2?format=json&per_page=1000,2026-09-28T17:23:21.979Z,{}
IT.CEL.SETS.P2,IT.CEL.SETS.P2--ind,Indie,IND,Mobile cellular subscriptions (per 100 people),1972-12-31,1972,year,1972-01-01,,abonamenty / 100 osób,annual,observed,https://api.worldbank.org/v2/country/POL;WLD;USA;CHN;DEU;IND;KOR;JPN;GBR;FRA;BRA;EST/indicator/IT.CEL.SETS.P2?format=json&per_page=1000,2026-09-28T17:23:21.979Z,{}
IT.CEL.SETS.P2,IT.CEL.SETS.P2--jpn,Japonia,JPN,Mobile cellular subscriptions (per 100 people),1972-12-31,1972,year,1972-01-01,,abonamenty / 100 osób,annual,observed,https://api.worldbank.org/v2/country/POL;WLD;USA;CHN;DEU;IND;KOR;JPN;GBR;FRA;BRA;EST/indicator/IT.CEL.SETS.P2?format=json&per_page=1000,2026-09-28T17:23:21.979Z,{}
IT.CEL.SETS.P2,IT.CEL.SETS.P2--kor,Korea Płd.,KOR,Mobile cellular subscriptions (per 100 people),1972-12-31,1972,year,1972-01-01,,abonamenty / 100 osób,annual,observed,https://api.worldbank.org/v2/country/POL;WLD;USA;CHN;DEU;IND;KOR;JPN;GBR;FRA;BRA;EST/indicator/IT.CEL.SETS.P2?format=json&per_page=1000,2026-09-28T17:23:21.979Z,{}
IT.CEL.SETS.P2,IT.CEL.SETS.P2--pol,Polska,POL,Mobile cellular subscriptions (per 100 people),1972-12-31,1972,year,1972-01-01,,abonamenty / 100 osób,annual,observed,https://api.worldbank.org/v2/country/POL;WLD;USA;CHN;DEU;IND;KOR;JPN;GBR;FRA;BRA;EST/indicator/IT.CEL.SETS.P2?format=json&per_page=1000,2026-09-28T17:23:21.979Z,{}
IT.CEL.SETS.P2,IT.CEL.SETS.P2--usa,USA,USA,Mobile cellular subscriptions (per 100 people),1972-12-31,1972,year,1972-01-01,,abonamenty / 100 osób,annual,observed,https://api.worldbank.org/v2/country/POL;WLD;USA;CHN;DEU;IND;KOR;JPN;GBR;FRA;BRA;EST/indicator/IT.CEL.SETS.P2?format=json&per_page=1000,2026-09-28T17:23:21.979Z,{}
IT.CEL.SETS.P2,IT.CEL.SETS.P2--wld,Świat,WLD,Mobile cellular subscriptions (per 100 people),1972-12-31,1972,year,1972-01-01,,abonamenty / 100 osób,annual,observed,https://api.worldbank.org/v2/country/POL;WLD;USA;CHN;DEU;IND;KOR;JPN;GBR;FRA;BRA;EST/indicator/IT.CEL.SETS.P2?format=json&per_page=1000,2026-09-28T17:23:21.979Z,{}
IT.CEL.SETS.P2,IT.CEL.SETS.P2--bra,Brazylia,BRA,Mobile cellular subscriptions (per 100 people),1973-12-31,1973,year,1973-01-01,,abonamenty / 100 osób,annual,observed,https://api.worldbank.org/v2/country/POL;WLD;USA;CHN;DEU;IND;KOR;JPN;GBR;FRA;BRA;EST/indicator/IT.CEL.SETS.P2?format=json&per_page=1000,2026-09-28T17:23:21.979Z,{}
IT.CEL.SETS.P2,IT.CEL.SETS.P2--chn,Chiny,CHN,Mobile cellular subscriptions (per 100 people),1973-12-31,1973,year,1973-01-01,,abonamenty / 100 osób,annual,observed,https://api.worldbank.org/v2/country/POL;WLD;USA;CHN;DEU;IND;KOR;JPN;GBR;FRA;BRA;EST/indicator/IT.CEL.SETS.P2?format=json&per_page=1000,2026-09-28T17:23:21.979Z,{}
IT.CEL.SETS.P2,IT.CEL.SETS.P2--deu,Niemcy,DEU,Mobile cellular subscriptions (per 100 people),1973-12-31,1973,year,1973-01-01,,abonamenty / 100 osób,annual,observed,https://api.worldbank.org/v2/country/POL;WLD;USA;CHN;DEU;IND;KOR;JPN;GBR;FRA;BRA;EST/indicator/IT.CEL.SETS.P2?format=json&per_page=1000,2026-09-28T17:23:21.979Z,{}
IT.CEL.SETS.P2,IT.CEL.SETS.P2--est,Estonia,EST,Mobile cellular subscriptions (per 100 people),1973-12-31,1973,year,1973-01-01,,abonamenty / 100 osób,annual,observed,https://api.worldbank.org/v2/country/POL;WLD;USA;CHN;DEU;IND;KOR;JPN;GBR;FRA;BRA;EST/indicator/IT.CEL.SETS.P2?format=json&per_page=1000,2026-09-28T17:23:21.979Z,{}
IT.CEL.SETS.P2,IT.CEL.SETS.P2--fra,Francja,FRA,Mobile cellular subscriptions (per 100 people),1973-12-31,1973,year,1973-01-01,,abonamenty / 100 osób,annual,observed,https://api.worldbank.org/v2/country/POL;WLD;USA;CHN;DEU;IND;KOR;JPN;GBR;FRA;BRA;EST/indicator/IT.CEL.SETS.P2?format=json&per_page=1000,2026-09-28T17:23:21.979Z,{}
IT.CEL.SETS.P2,IT.CEL.SETS.P2--gbr,Wielka Brytania,GBR,Mobile cellular subscriptions (per 100 people),1973-12-31,1973,year,1973-01-01,,abonamenty / 100 osób,annual,observed,https://api.worldbank.org/v2/country/POL;WLD;USA;CHN;DEU;IND;KOR;JPN;GBR;FRA;BRA;EST/indicator/IT.CEL.SETS.P2?format=json&per_page=1000,2026-09-28T17:23:21.979Z,{}
IT.CEL.SETS.P2,IT.CEL.SETS.P2--ind,Indie,IND,Mobile cellular subscriptions (per 100 people),1973-12-31,1973,year,1973-01-01,,abonamenty / 100 osób,annual,observed,https://api.worldbank.org/v2/country/POL;WLD;USA;CHN;DEU;IND;KOR;JPN;GBR;FRA;BRA;EST/indicator/IT.CEL.SETS.P2?format=json&per_page=1000,2026-09-28T17:23:21.979Z,{}
IT.CEL.SETS.P2,IT.CEL.SETS.P2--jpn,Japonia,JPN,Mobile cellular subscriptions (per 100 people),1973-12-31,1973,year,1973-01-01,,abonamenty / 100 osób,annual,observed,https://api.worldbank.org/v2/country/POL;WLD;USA;CHN;DEU;IND;KOR;JPN;GBR;FRA;BRA;EST/indicator/IT.CEL.SETS.P2?format=json&per_page=1000,2026-09-28T17:23:21.979Z,{}
IT.CEL.SETS.P2,IT.CEL.SETS.P2--kor,Korea Płd.,KOR,Mobile cellular subscriptions (per 100 people),1973-12-31,1973,year,1973-01-01,,abonamenty / 100 osób,annual,observed,https://api.worldbank.org/v2/country/POL;WLD;USA;CHN;DEU;IND;KOR;JPN;GBR;FRA;BRA;EST/indicator/IT.CEL.SETS.P2?format=json&per_page=1000,2026-09-28T17:23:21.979Z,{}
IT.CEL.SETS.P2,IT.CEL.SETS.P2--pol,Polska,POL,Mobile cellular subscriptions (per 100 people),1973-12-31,1973,year,1973-01-01,,abonamenty / 100 osób,annual,observed,https://api.worldbank.org/v2/country/POL;WLD;USA;CHN;DEU;IND;KOR;JPN;GBR;FRA;BRA;EST/indicator/IT.CEL.SETS.P2?format=json&per_page=1000,2026-09-28T17:23:21.979Z,{}
IT.CEL.SETS.P2,IT.CEL.SETS.P2--usa,USA,USA,Mobile cellular subscriptions (per 100 people),1973-12-31,1973,year,1973-01-01,,abonamenty / 100 osób,annual,observed,https://api.worldbank.org/v2/country/POL;WLD;USA;CHN;DEU;IND;KOR;JPN;GBR;FRA;BRA;EST/indicator/IT.CEL.SETS.P2?format=json&per_page=1000,2026-09-28T17:23:21.979Z,{}
IT.CEL.SETS.P2,IT.CEL.SETS.P2--wld,Świat,WLD,Mobile cellular subscriptions (per 100 people),1973-12-31,1973,year,1973-01-01,,abonamenty / 100 osób,annual,observed,https://api.worldbank.org/v2/country/POL;WLD;USA;CHN;DEU;IND;KOR;JPN;GBR;FRA;BRA;EST/indicator/IT.CEL.SETS.P2?format=json&per_page=1000,2026-09-28T17:23:21.979Z,{}
IT.CEL.SETS.P2,IT.CEL.SETS.P2--bra,Brazylia,BRA,Mobile cellular subscriptions (per 100 people),1974-12-31,1974,year,1974-01-01,,abonamenty / 100 osób,annual,observed,https://api.worldbank.org/v2/country/POL;WLD;USA;CHN;DEU;IND;KOR;JPN;GBR;FRA;BRA;EST/indicator/IT.CEL.SETS.P2?format=json&per_page=1000,2026-09-28T17:23:21.979Z,{}
IT.CEL.SETS.P2,IT.CEL.SETS.P2--chn,Chiny,CHN,Mobile cellular subscriptions (per 100 people),1974-12-31,1974,year,1974-01-01,,abonamenty / 100 osób,annual,observed,https://api.worldbank.org/v2/country/POL;WLD;USA;CHN;DEU;IND;KOR;JPN;GBR;FRA;BRA;EST/indicator/IT.CEL.SETS.P2?format=json&per_page=1000,2026-09-28T17:23:21.979Z,{}
IT.CEL.SETS.P2,IT.CEL.SETS.P2--deu,Niemcy,DEU,Mobile cellular subscriptions (per 100 people),1974-12-31,1974,year,1974-01-01,,abonamenty / 100 osób,annual,observed,https://api.worldbank.org/v2/country/POL;WLD;USA;CHN;DEU;IND;KOR;JPN;GBR;FRA;BRA;EST/indicator/IT.CEL.SETS.P2?format=json&per_page=1000,2026-09-28T17:23:21.979Z,{}
IT.CEL.SETS.P2,IT.CEL.SETS.P2--est,Estonia,EST,Mobile cellular subscriptions (per 100 people),1974-12-31,1974,year,1974-01-01,,abonamenty / 100 osób,annual,observed,https://api.worldbank.org/v2/country/POL;WLD;USA;CHN;DEU;IND;KOR;JPN;GBR;FRA;BRA;EST/indicator/IT.CEL.SETS.P2?format=json&per_page=1000,2026-09-28T17:23:21.979Z,{}
IT.CEL.SETS.P2,IT.CEL.SETS.P2--fra,Francja,FRA,Mobile cellular subscriptions (per 100 people),1974-12-31,1974,year,1974-01-01,,abonamenty / 100 osób,annual,observed,https://api.worldbank.org/v2/country/POL;WLD;USA;CHN;DEU;IND;KOR;JPN;GBR;FRA;BRA;EST/indicator/IT.CEL.SETS.P2?format=json&per_page=1000,2026-09-28T17:23:21.979Z,{}
IT.CEL.SETS.P2,IT.CEL.SETS.P2--gbr,Wielka Brytania,GBR,Mobile cellular subscriptions (per 100 people),1974-12-31,1974,year,1974-01-01,,abonamenty / 100 osób,annual,observed,https://api.worldbank.org/v2/country/POL;WLD;USA;CHN;DEU;IND;KOR;JPN;GBR;FRA;BRA;EST/indicator/IT.CEL.SETS.P2?format=json&per_page=1000,2026-09-28T17:23:21.979Z,{}
IT.CEL.SETS.P2,IT.CEL.SETS.P2--ind,Indie,IND,Mobile cellular subscriptions (per 100 people),1974-12-31,1974,year,1974-01-01,,abonamenty / 100 osób,annual,observed,https://api.worldbank.org/v2/country/POL;WLD;USA;CHN;DEU;IND;KOR;JPN;GBR;FRA;BRA;EST/indicator/IT.CEL.SETS.P2?format=json&per_page=1000,2026-09-28T17:23:21.979Z,{}
IT.CEL.SETS.P2,IT.CEL.SETS.P2--jpn,Japonia,JPN,Mobile cellular subscriptions (per 100 people),1974-12-31,1974,year,1974-01-01,,abonamenty / 100 osób,annual,observed,https://api.worldbank.org/v2/country/POL;WLD;USA;CHN;DEU;IND;KOR;JPN;GBR;FRA;BRA;EST/indicator/IT.CEL.SETS.P2?format=json&per_page=1000,2026-09-28T17:23:21.979Z,{}
IT.CEL.SETS.P2,IT.CEL.SETS.P2--kor,Korea Płd.,KOR,Mobile cellular subscriptions (per 100 people),1974-12-31,1974,year,1974-01-01,,abonamenty / 100 osób,annual,observed,https://api.worldbank.org/v2/country/POL;WLD;USA;CHN;DEU;IND;KOR;JPN;GBR;FRA;BRA;EST/indicator/IT.CEL.SETS.P2?format=json&per_page=1000,2026-09-28T17:23:21.979Z,{}
IT.CEL.SETS.P2,IT.CEL.SETS.P2--pol,Polska,POL,Mobile cellular subscriptions (per 100 people),1974-12-31,1974,year,1974-01-01,,abonamenty / 100 osób,annual,observed,https://api.worldbank.org/v2/country/POL;WLD;USA;CHN;DEU;IND;KOR;JPN;GBR;FRA;BRA;EST/indicator/IT.CEL.SETS.P2?format=json&per_page=1000,2026-09-28T17:23:21.979Z,{}
IT.CEL.SETS.P2,IT.CEL.SETS.P2--usa,USA,USA,Mobile cellular subscriptions (per 100 people),1974-12-31,1974,year,1974-01-01,,abonamenty / 100 osób,annual,observed,https://api.worldbank.org/v2/country/POL;WLD;USA;CHN;DEU;IND;KOR;JPN;GBR;FRA;BRA;EST/indicator/IT.CEL.SETS.P2?format=json&per_page=1000,2026-09-28T17:23:21.979Z,{}
IT.CEL.SETS.P2,IT.CEL.SETS.P2--wld,Świat,WLD,Mobile cellular subscriptions (per 100 people),1974-12-31,1974,year,1974-01-01,,abonamenty / 100 osób,annual,observed,https://api.worldbank.org/v2/country/POL;WLD;USA;CHN;DEU;IND;KOR;JPN;GBR;FRA;BRA;EST/indicator/IT.CEL.SETS.P2?format=json&per_page=1000,2026-09-28T17:23:21.979Z,{}
IT.CEL.SETS.P2,IT.CEL.SETS.P2--bra,Brazylia,BRA,Mobile cellular subscriptions (per 100 people),1975-12-31,1975,year,1975-01-01,0,abonamenty / 100 osób,annual,observed,https://api.worldbank.org/v2/country/POL;WLD;USA;CHN;DEU;IND;KOR;JPN;GBR;FRA;BRA;EST/indicator/IT.CEL.SETS.P2?format=json&per_page=1000,2026-09-28T17:23:21.979Z,{}
IT.CEL.SETS.P2,IT.CEL.SETS.P2--chn,Chiny,CHN,Mobile cellular subscriptions (per 100 people),1975-12-31,1975,year,1975-01-01,0,abonamenty / 100 osób,annual,observed,https://api.worldbank.org/v2/country/POL;WLD;USA;CHN;DEU;IND;KOR;JPN;GBR;FRA;BRA;EST/indicator/IT.CEL.SETS.P2?format=json&per_page=1000,2026-09-28T17:23:21.979Z,{}
IT.CEL.SETS.P2,IT.CEL.SETS.P2--deu,Niemcy,DEU,Mobile cellular subscriptions (per 100 people),1975-12-31,1975,year,1975-01-01,0,abonamenty / 100 osób,annual,observed,https://api.worldbank.org/v2/country/POL;WLD;USA;CHN;DEU;IND;KOR;JPN;GBR;FRA;BRA;EST/indicator/IT.CEL.SETS.P2?format=json&per_page=1000,2026-09-28T17:23:21.979Z,{}
IT.CEL.SETS.P2,IT.CEL.SETS.P2--est,Estonia,EST,Mobile cellular subscriptions (per 100 people),1975-12-31,1975,year,1975-01-01,0,abonamenty / 100 osób,annual,observed,https://api.worldbank.org/v2/country/POL;WLD;USA;CHN;DEU;IND;KOR;JPN;GBR;FRA;BRA;EST/indicator/IT.CEL.SETS.P2?format=json&per_page=1000,2026-09-28T17:23:21.979Z,{}
IT.CEL.SETS.P2,IT.CEL.SETS.P2--fra,Francja,FRA,Mobile cellular subscriptions (per 100 people),1975-12-31,1975,year,1975-01-01,0,abonamenty / 100 osób,annual,observed,https://api.worldbank.org/v2/country/POL;WLD;USA;CHN;DEU;IND;KOR;JPN;GBR;FRA;BRA;EST/indicator/IT.CEL.SETS.P2?format=json&per_page=1000,2026-09-28T17:23:21.979Z,{}
IT.CEL.SETS.P2,IT.CEL.SETS.P2--gbr,Wielka Brytania,GBR,Mobile cellular subscriptions (per 100 people),1975-12-31,1975,year,1975-01-01,0,abonamenty / 100 osób,annual,observed,https://api.worldbank.org/v2/country/POL;WLD;USA;CHN;DEU;IND;KOR;JPN;GBR;FRA;BRA;EST/indicator/IT.CEL.SETS.P2?format=json&per_page=1000,2026-09-28T17:23:21.979Z,{}
IT.CEL.SETS.P2,IT.CEL.SETS.P2--ind,Indie,IND,Mobile cellular subscriptions (per 100 people),1975-12-31,1975,year,1975-01-01,0,abonamenty / 100 osób,annual,observed,https://api.worldbank.org/v2/country/POL;WLD;USA;CHN;DEU;IND;KOR;JPN;GBR;FRA;BRA;EST/indicator/IT.CEL.SETS.P2?format=json&per_page=1000,2026-09-28T17:23:21.979Z,{}
IT.CEL.SETS.P2,IT.CEL.SETS.P2--jpn,Japonia,JPN,Mobile cellular subscriptions (per 100 people),1975-12-31,1975,year,1975-01-01,0,abonamenty / 100 osób,annual,observed,https://api.worldbank.org/v2/country/POL;WLD;USA;CHN;DEU;IND;KOR;JPN;GBR;FRA;BRA;EST/indicator/IT.CEL.SETS.P2?format=json&per_page=1000,2026-09-28T17:23:21.979Z,{}
IT.CEL.SETS.P2,IT.CEL.SETS.P2--kor,Korea Płd.,KOR,Mobile cellular subscriptions (per 100 people),1975-12-31,1975,year,1975-01-01,0,abonamenty / 100 osób,annual,observed,https://api.worldbank.org/v2/country/POL;WLD;USA;CHN;DEU;IND;KOR;JPN;GBR;FRA;BRA;EST/indicator/IT.CEL.SETS.P2?format=json&per_page=1000,2026-09-28T17:23:21.979Z,{}
IT.CEL.SETS.P2,IT.CEL.SETS.P2--pol,Polska,POL,Mobile cellular subscriptions (per 100 people),1975-12-31,1975,year,1975-01-01,0,abonamenty / 100 osób,annual,observed,https://api.worldbank.org/v2/country/POL;WLD;USA;CHN;DEU;IND;KOR;JPN;GBR;FRA;BRA;EST/indicator/IT.CEL.SETS.P2?format=json&per_page=1000,2026-09-28T17:23:21.979Z,{}
IT.CEL.SETS.P2,IT.CEL.SETS.P2--usa,USA,USA,Mobile cellular subscriptions (per 100 people),1975-12-31,1975,year,1975-01-01,0,abonamenty / 100 osób,annual,observed,https://api.worldbank.org/v2/country/POL;WLD;USA;CHN;DEU;IND;KOR;JPN;GBR;FRA;BRA;EST/indicator/IT.CEL.SETS.P2?format=json&per_page=1000,2026-09-28T17:23:21.979Z,{}
IT.CEL.SETS.P2,IT.CEL.SETS.P2--wld,Świat,WLD,Mobile cellular subscriptions (per 100 people),1975-12-31,1975,year,1975-01-01,0,abonamenty / 100 osób,annual,observed,https://api.worldbank.org/v2/country/POL;WLD;USA;CHN;DEU;IND;KOR;JPN;GBR;FRA;BRA;EST/indicator/IT.CEL.SETS.P2?format=json&per_page=1000,2026-09-28T17:23:21.979Z,{}
IT.CEL.SETS.P2,IT.CEL.SETS.P2--bra,Brazylia,BRA,Mobile cellular subscriptions (per 100 people),1976-12-31,1976,year,1976-01-01,0,abonamenty / 100 osób,annual,observed,https://api.worldbank.org/v2/country/POL;WLD;USA;CHN;DEU;IND;KOR;JPN;GBR;FRA;BRA;EST/indicator/IT.CEL.SETS.P2?format=json&per_page=1000,2026-09-28T17:23:21.979Z,{}
IT.CEL.SETS.P2,IT.CEL.SETS.P2--chn,Chiny,CHN,Mobile cellular subscriptions (per 100 people),1976-12-31,1976,year,1976-01-01,0,abonamenty / 100 osób,annual,observed,https://api.worldbank.org/v2/country/POL;WLD;USA;CHN;DEU;IND;KOR;JPN;GBR;FRA;BRA;EST/indicator/IT.CEL.SETS.P2?format=json&per_page=1000,2026-09-28T17:23:21.979Z,{}
IT.CEL.SETS.P2,IT.CEL.SETS.P2--deu,Niemcy,DEU,Mobile cellular subscriptions (per 100 people),1976-12-31,1976,year,1976-01-01,0,abonamenty / 100 osób,annual,observed,https://api.worldbank.org/v2/country/POL;WLD;USA;CHN;DEU;IND;KOR;JPN;GBR;FRA;BRA;EST/indicator/IT.CEL.SETS.P2?format=json&per_page=1000,2026-09-28T17:23:21.979Z,{}
IT.CEL.SETS.P2,IT.CEL.SETS.P2--est,Estonia,EST,Mobile cellular subscriptions (per 100 people),1976-12-31,1976,year,1976-01-01,0,abonamenty / 100 osób,annual,observed,https://api.worldbank.org/v2/country/POL;WLD;USA;CHN;DEU;IND;KOR;JPN;GBR;FRA;BRA;EST/indicator/IT.CEL.SETS.P2?format=json&per_page=1000,2026-09-28T17:23:21.979Z,{}
IT.CEL.SETS.P2,IT.CEL.SETS.P2--fra,Francja,FRA,Mobile cellular subscriptions (per 100 people),1976-12-31,1976,year,1976-01-01,0,abonamenty / 100 osób,annual,observed,https://api.worldbank.org/v2/country/POL;WLD;USA;CHN;DEU;IND;KOR;JPN;GBR;FRA;BRA;EST/indicator/IT.CEL.SETS.P2?format=json&per_page=1000,2026-09-28T17:23:21.979Z,{}
IT.CEL.SETS.P2,IT.CEL.SETS.P2--gbr,Wielka Brytania,GBR,Mobile cellular subscriptions (per 100 people),1976-12-31,1976,year,1976-01-01,0,abonamenty / 100 osób,annual,observed,https://api.worldbank.org/v2/country/POL;WLD;USA;CHN;DEU;IND;KOR;JPN;GBR;FRA;BRA;EST/indicator/IT.CEL.SETS.P2?format=json&per_page=1000,2026-09-28T17:23:21.979Z,{}
IT.CEL.SETS.P2,IT.CEL.SETS.P2--ind,Indie,IND,Mobile cellular subscriptions (per 100 people),1976-12-31,1976,year,1976-01-01,0,abonamenty / 100 osób,annual,observed,https://api.worldbank.org/v2/country/POL;WLD;USA;CHN;DEU;IND;KOR;JPN;GBR;FRA;BRA;EST/indicator/IT.CEL.SETS.P2?format=json&per_page=1000,2026-09-28T17:23:21.979Z,{}
IT.CEL.SETS.P2,IT.CEL.SETS.P2--jpn,Japonia,JPN,Mobile cellular subscriptions (per 100 people),1976-12-31,1976,year,1976-01-01,0,abonamenty / 100 osób,annual,observed,https://api.worldbank.org/v2/country/POL;WLD;USA;CHN;DEU;IND;KOR;JPN;GBR;FRA;BRA;EST/indicator/IT.CEL.SETS.P2?format=json&per_page=1000,2026-09-28T17:23:21.979Z,{}
IT.CEL.SETS.P2,IT.CEL.SETS.P2--kor,Korea Płd.,KOR,Mobile cellular subscriptions (per 100 people),1976-12-31,1976,year,1976-01-01,0,abonamenty / 100 osób,annual,observed,https://api.worldbank.org/v2/country/POL;WLD;USA;CHN;DEU;IND;KOR;JPN;GBR;FRA;BRA;EST/indicator/IT.CEL.SETS.P2?format=json&per_page=1000,2026-09-28T17:23:21.979Z,{}
IT.CEL.SETS.P2,IT.CEL.SETS.P2--pol,Polska,POL,Mobile cellular subscriptions (per 100 people),1976-12-31,1976,year,1976-01-01,0,abonamenty / 100 osób,annual,observed,https://api.worldbank.org/v2/country/POL;WLD;USA;CHN;DEU;IND;KOR;JPN;GBR;FRA;BRA;EST/indicator/IT.CEL.SETS.P2?format=json&per_page=1000,2026-09-28T17:23:21.979Z,{}
IT.CEL.SETS.P2,IT.CEL.SETS.P2--usa,USA,USA,Mobile cellular subscriptions (per 100 people),1976-12-31,1976,year,1976-01-01,0,abonamenty / 100 osób,annual,observed,https://api.worldbank.org/v2/country/POL;WLD;USA;CHN;DEU;IND;KOR;JPN;GBR;FRA;BRA;EST/indicator/IT.CEL.SETS.P2?format=json&per_page=1000,2026-09-28T17:23:21.979Z,{}
IT.CEL.SETS.P2,IT.CEL.SETS.P2--wld,Świat,WLD,Mobile cellular subscriptions (per 100 people),1976-12-31,1976,year,1976-01-01,0,abonamenty / 100 osób,annual,observed,https://api.worldbank.org/v2/country/POL;WLD;USA;CHN;DEU;IND;KOR;JPN;GBR;FRA;BRA;EST/indicator/IT.CEL.SETS.P2?format=json&per_page=1000,2026-09-28T17:23:21.979Z,{}
IT.CEL.SETS.P2,IT.CEL.SETS.P2--bra,Brazylia,BRA,Mobile cellular subscriptions (per 100 people),1977-12-31,1977,year,1977-01-01,0,abonamenty / 100 osób,annual,observed,https://api.worldbank.org/v2/country/POL;WLD;USA;CHN;DEU;IND;KOR;JPN;GBR;FRA;BRA;EST/indicator/IT.CEL.SETS.P2?format=json&per_page=1000,2026-09-28T17:23:21.979Z,{}
IT.CEL.SETS.P2,IT.CEL.SETS.P2--chn,Chiny,CHN,Mobile cellular subscriptions (per 100 people),1977-12-31,1977,year,1977-01-01,0,abonamenty / 100 osób,annual,observed,https://api.worldbank.org/v2/country/POL;WLD;USA;CHN;DEU;IND;KOR;JPN;GBR;FRA;BRA;EST/indicator/IT.CEL.SETS.P2?format=json&per_page=1000,2026-09-28T17:23:21.979Z,{}
IT.CEL.SETS.P2,IT.CEL.SETS.P2--deu,Niemcy,DEU,Mobile cellular subscriptions (per 100 people),1977-12-31,1977,year,1977-01-01,0,abonamenty / 100 osób,annual,observed,https://api.worldbank.org/v2/country/POL;WLD;USA;CHN;DEU;IND;KOR;JPN;GBR;FRA;BRA;EST/indicator/IT.CEL.SETS.P2?format=json&per_page=1000,2026-09-28T17:23:21.979Z,{}
IT.CEL.SETS.P2,IT.CEL.SETS.P2--est,Estonia,EST,Mobile cellular subscriptions (per 100 people),1977-12-31,1977,year,1977-01-01,0,abonamenty / 100 osób,annual,observed,https://api.worldbank.org/v2/country/POL;WLD;USA;CHN;DEU;IND;KOR;JPN;GBR;FRA;BRA;EST/indicator/IT.CEL.SETS.P2?format=json&per_page=1000,2026-09-28T17:23:21.979Z,{}
IT.CEL.SETS.P2,IT.CEL.SETS.P2--fra,Francja,FRA,Mobile cellular subscriptions (per 100 people),1977-12-31,1977,year,1977-01-01,0,abonamenty / 100 osób,annual,observed,https://api.worldbank.org/v2/country/POL;WLD;USA;CHN;DEU;IND;KOR;JPN;GBR;FRA;BRA;EST/indicator/IT.CEL.SETS.P2?format=json&per_page=1000,2026-09-28T17:23:21.979Z,{}
IT.CEL.SETS.P2,IT.CEL.SETS.P2--gbr,Wielka Brytania,GBR,Mobile cellular subscriptions (per 100 people),1977-12-31,1977,year,1977-01-01,0,abonamenty / 100 osób,annual,observed,https://api.worldbank.org/v2/country/POL;WLD;USA;CHN;DEU;IND;KOR;JPN;GBR;FRA;BRA;EST/indicator/IT.CEL.SETS.P2?format=json&per_page=1000,2026-09-28T17:23:21.979Z,{}
IT.CEL.SETS.P2,IT.CEL.SETS.P2--ind,Indie,IND,Mobile cellular subscriptions (per 100 people),1977-12-31,1977,year,1977-01-01,0,abonamenty / 100 osób,annual,observed,https://api.worldbank.org/v2/country/POL;WLD;USA;CHN;DEU;IND;KOR;JPN;GBR;FRA;BRA;EST/indicator/IT.CEL.SETS.P2?format=json&per_page=1000,2026-09-28T17:23:21.979Z,{}
IT.CEL.SETS.P2,IT.CEL.SETS.P2--jpn,Japonia,JPN,Mobile cellular subscriptions (per 100 people),1977-12-31,1977,year,1977-01-01,0,abonamenty / 100 osób,annual,observed,https://api.worldbank.org/v2/country/POL;WLD;USA;CHN;DEU;IND;KOR;JPN;GBR;FRA;BRA;EST/indicator/IT.CEL.SETS.P2?format=json&per_page=1000,2026-09-28T17:23:21.979Z,{}
IT.CEL.SETS.P2,IT.CEL.SETS.P2--kor,Korea Płd.,KOR,Mobile cellular subscriptions (per 100 people),1977-12-31,1977,year,1977-01-01,0,abonamenty / 100 osób,annual,observed,https://api.worldbank.org/v2/country/POL;WLD;USA;CHN;DEU;IND;KOR;JPN;GBR;FRA;BRA;EST/indicator/IT.CEL.SETS.P2?format=json&per_page=1000,2026-09-28T17:23:21.979Z,{}
IT.CEL.SETS.P2,IT.CEL.SETS.P2--pol,Polska,POL,Mobile cellular subscriptions (per 100 people),1977-12-31,1977,year,1977-01-01,0,abonamenty / 100 osób,annual,observed,https://api.worldbank.org/v2/country/POL;WLD;USA;CHN;DEU;IND;KOR;JPN;GBR;FRA;BRA;EST/indicator/IT.CEL.SETS.P2?format=json&per_page=1000,2026-09-28T17:23:21.979Z,{}
IT.CEL.SETS.P2,IT.CEL.SETS.P2--usa,USA,USA,Mobile cellular subscriptions (per 100 people),1977-12-31,1977,year,1977-01-01,0,abonamenty / 100 osób,annual,observed,https://api.worldbank.org/v2/country/POL;WLD;USA;CHN;DEU;IND;KOR;JPN;GBR;FRA;BRA;EST/indicator/IT.CEL.SETS.P2?format=json&per_page=1000,2026-09-28T17:23:21.979Z,{}
IT.CEL.SETS.P2,IT.CEL.SETS.P2--wld,Świat,WLD,Mobile cellular subscriptions (per 100 people),1977-12-31,1977,year,1977-01-01,0,abonamenty / 100 osób,annual,observed,https://api.worldbank.org/v2/country/POL;WLD;USA;CHN;DEU;IND;KOR;JPN;GBR;FRA;BRA;EST/indicator/IT.CEL.SETS.P2?format=json&per_page=1000,2026-09-28T17:23:21.979Z,{}
IT.CEL.SETS.P2,IT.CEL.SETS.P2--bra,Brazylia,BRA,Mobile cellular subscriptions (per 100 people),1978-12-31,1978,year,1978-01-01,0,abonamenty / 100 osób,annual,observed,https://api.worldbank.org/v2/country/POL;WLD;USA;CHN;DEU;IND;KOR;JPN;GBR;FRA;BRA;EST/indicator/IT.CEL.SETS.P2?format=json&per_page=1000,2026-09-28T17:23:21.979Z,{}
IT.CEL.SETS.P2,IT.CEL.SETS.P2--chn,Chiny,CHN,Mobile cellular subscriptions (per 100 people),1978-12-31,1978,year,1978-01-01,0,abonamenty / 100 osób,annual,observed,https://api.worldbank.org/v2/country/POL;WLD;USA;CHN;DEU;IND;KOR;JPN;GBR;FRA;BRA;EST/indicator/IT.CEL.SETS.P2?format=json&per_page=1000,2026-09-28T17:23:21.979Z,{}
IT.CEL.SETS.P2,IT.CEL.SETS.P2--deu,Niemcy,DEU,Mobile cellular subscriptions (per 100 people),1978-12-31,1978,year,1978-01-01,0,abonamenty / 100 osób,annual,observed,https://api.worldbank.org/v2/country/POL;WLD;USA;CHN;DEU;IND;KOR;JPN;GBR;FRA;BRA;EST/indicator/IT.CEL.SETS.P2?format=json&per_page=1000,2026-09-28T17:23:21.979Z,{}
IT.CEL.SETS.P2,IT.CEL.SETS.P2--est,Estonia,EST,Mobile cellular subscriptions (per 100 people),1978-12-31,1978,year,1978-01-01,0,abonamenty / 100 osób,annual,observed,https://api.worldbank.org/v2/country/POL;WLD;USA;CHN;DEU;IND;KOR;JPN;GBR;FRA;BRA;EST/indicator/IT.CEL.SETS.P2?format=json&per_page=1000,2026-09-28T17:23:21.979Z,{}
IT.CEL.SETS.P2,IT.CEL.SETS.P2--fra,Francja,FRA,Mobile cellular subscriptions (per 100 people),1978-12-31,1978,year,1978-01-01,0,abonamenty / 100 osób,annual,observed,https://api.worldbank.org/v2/country/POL;WLD;USA;CHN;DEU;IND;KOR;JPN;GBR;FRA;BRA;EST/indicator/IT.CEL.SETS.P2?format=json&per_page=1000,2026-09-28T17:23:21.979Z,{}
IT.CEL.SETS.P2,IT.CEL.SETS.P2--gbr,Wielka Brytania,GBR,Mobile cellular subscriptions (per 100 people),1978-12-31,1978,year,1978-01-01,0,abonamenty / 100 osób,annual,observed,https://api.worldbank.org/v2/country/POL;WLD;USA;CHN;DEU;IND;KOR;JPN;GBR;FRA;BRA;EST/indicator/IT.CEL.SETS.P2?format=json&per_page=1000,2026-09-28T17:23:21.979Z,{}
IT.CEL.SETS.P2,IT.CEL.SETS.P2--ind,Indie,IND,Mobile cellular subscriptions (per 100 people),1978-12-31,1978,year,1978-01-01,0,abonamenty / 100 osób,annual,observed,https://api.worldbank.org/v2/country/POL;WLD;USA;CHN;DEU;IND;KOR;JPN;GBR;FRA;BRA;EST/indicator/IT.CEL.SETS.P2?format=json&per_page=1000,2026-09-28T17:23:21.979Z,{}
IT.CEL.SETS.P2,IT.CEL.SETS.P2--jpn,Japonia,JPN,Mobile cellular subscriptions (per 100 people),1978-12-31,1978,year,1978-01-01,0,abonamenty / 100 osób,annual,observed,https://api.worldbank.org/v2/country/POL;WLD;USA;CHN;DEU;IND;KOR;JPN;GBR;FRA;BRA;EST/indicator/IT.CEL.SETS.P2?format=json&per_page=1000,2026-09-28T17:23:21.979Z,{}
IT.CEL.SETS.P2,IT.CEL.SETS.P2--kor,Korea Płd.,KOR,Mobile cellular subscriptions (per 100 people),1978-12-31,1978,year,1978-01-01,0,abonamenty / 100 osób,annual,observed,https://api.worldbank.org/v2/country/POL;WLD;USA;CHN;DEU;IND;KOR;JPN;GBR;FRA;BRA;EST/indicator/IT.CEL.SETS.P2?format=json&per_page=1000,2026-09-28T17:23:21.979Z,{}
IT.CEL.SETS.P2,IT.CEL.SETS.P2--pol,Polska,POL,Mobile cellular subscriptions (per 100 people),1978-12-31,1978,year,1978-01-01,0,abonamenty / 100 osób,annual,observed,https://api.worldbank.org/v2/country/POL;WLD;USA;CHN;DEU;IND;KOR;JPN;GBR;FRA;BRA;EST/indicator/IT.CEL.SETS.P2?format=json&per_page=1000,2026-09-28T17:23:21.979Z,{}
IT.CEL.SETS.P2,IT.CEL.SETS.P2--usa,USA,USA,Mobile cellular subscriptions (per 100 people),1978-12-31,1978,year,1978-01-01,0,abonamenty / 100 osób,annual,observed,https://api.worldbank.org/v2/country/POL;WLD;USA;CHN;DEU;IND;KOR;JPN;GBR;FRA;BRA;EST/indicator/IT.CEL.SETS.P2?format=json&per_page=1000,2026-09-28T17:23:21.979Z,{}
IT.CEL.SETS.P2,IT.CEL.SETS.P2--wld,Świat,WLD,Mobile cellular subscriptions (per 100 people),1978-12-31,1978,year,1978-01-01,0,abonamenty / 100 osób,annual,observed,https://api.worldbank.org/v2/country/POL;WLD;USA;CHN;DEU;IND;KOR;JPN;GBR;FRA;BRA;EST/indicator/IT.CEL.SETS.P2?format=json&per_page=1000,2026-09-28T17:23:21.979Z,{}
IT.CEL.SETS.P2,IT.CEL.SETS.P2--bra,Brazylia,BRA,Mobile cellular subscriptions (per 100 people),1979-12-31,1979,year,1979-01-01,0,abonamenty / 100 osób,annual,observed,https://api.worldbank.org/v2/country/POL;WLD;USA;CHN;DEU;IND;KOR;JPN;GBR;FRA;BRA;EST/indicator/IT.CEL.SETS.P2?format=json&per_page=1000,2026-09-28T17:23:21.979Z,{}
IT.CEL.SETS.P2,IT.CEL.SETS.P2--chn,Chiny,CHN,Mobile cellular subscriptions (per 100 people),1979-12-31,1979,year,1979-01-01,0,abonamenty / 100 osób,annual,observed,https://api.worldbank.org/v2/country/POL;WLD;USA;CHN;DEU;IND;KOR;JPN;GBR;FRA;BRA;EST/indicator/IT.CEL.SETS.P2?format=json&per_page=1000,2026-09-28T17:23:21.979Z,{}
IT.CEL.SETS.P2,IT.CEL.SETS.P2--deu,Niemcy,DEU,Mobile cellular subscriptions (per 100 people),1979-12-31,1979,year,1979-01-01,0,abonamenty / 100 osób,annual,observed,https://api.worldbank.org/v2/country/POL;WLD;USA;CHN;DEU;IND;KOR;JPN;GBR;FRA;BRA;EST/indicator/IT.CEL.SETS.P2?format=json&per_page=1000,2026-09-28T17:23:21.979Z,{}
IT.CEL.SETS.P2,IT.CEL.SETS.P2--est,Estonia,EST,Mobile cellular subscriptions (per 100 people),1979-12-31,1979,year,1979-01-01,0,abonamenty / 100 osób,annual,observed,https://api.worldbank.org/v2/country/POL;WLD;USA;CHN;DEU;IND;KOR;JPN;GBR;FRA;BRA;EST/indicator/IT.CEL.SETS.P2?format=json&per_page=1000,2026-09-28T17:23:21.979Z,{}
IT.CEL.SETS.P2,IT.CEL.SETS.P2--fra,Francja,FRA,Mobile cellular subscriptions (per 100 people),1979-12-31,1979,year,1979-01-01,0,abonamenty / 100 osób,annual,observed,https://api.worldbank.org/v2/country/POL;WLD;USA;CHN;DEU;IND;KOR;JPN;GBR;FRA;BRA;EST/indicator/IT.CEL.SETS.P2?format=json&per_page=1000,2026-09-28T17:23:21.979Z,{}
IT.CEL.SETS.P2,IT.CEL.SETS.P2--gbr,Wielka Brytania,GBR,Mobile cellular subscriptions (per 100 people),1979-12-31,1979,year,1979-01-01,0,abonamenty / 100 osób,annual,observed,https://api.worldbank.org/v2/country/POL;WLD;USA;CHN;DEU;IND;KOR;JPN;GBR;FRA;BRA;EST/indicator/IT.CEL.SETS.P2?format=json&per_page=1000,2026-09-28T17:23:21.979Z,{}
IT.CEL.SETS.P2,IT.CEL.SETS.P2--ind,Indie,IND,Mobile cellular subscriptions (per 100 people),1979-12-31,1979,year,1979-01-01,0,abonamenty / 100 osób,annual,observed,https://api.worldbank.org/v2/country/POL;WLD;USA;CHN;DEU;IND;KOR;JPN;GBR;FRA;BRA;EST/indicator/IT.CEL.SETS.P2?format=json&per_page=1000,2026-09-28T17:23:21.979Z,{}
IT.CEL.SETS.P2,IT.CEL.SETS.P2--jpn,Japonia,JPN,Mobile cellular subscriptions (per 100 people),1979-12-31,1979,year,1979-01-01,0,abonamenty / 100 osób,annual,observed,https://api.worldbank.org/v2/country/POL;WLD;USA;CHN;DEU;IND;KOR;JPN;GBR;FRA;BRA;EST/indicator/IT.CEL.SETS.P2?format=json&per_page=1000,2026-09-28T17:23:21.979Z,{}
IT.CEL.SETS.P2,IT.CEL.SETS.P2--kor,Korea Płd.,KOR,Mobile cellular subscriptions (per 100 people),1979-12-31,1979,year,1979-01-01,0,abonamenty / 100 osób,annual,observed,https://api.worldbank.org/v2/country/POL;WLD;USA;CHN;DEU;IND;KOR;JPN;GBR;FRA;BRA;EST/indicator/IT.CEL.SETS.P2?format=json&per_page=1000,2026-09-28T17:23:21.979Z,{}
IT.CEL.SETS.P2,IT.CEL.SETS.P2--pol,Polska,POL,Mobile cellular subscriptions (per 100 people),1979-12-31,1979,year,1979-01-01,0,abonamenty / 100 osób,annual,observed,https://api.worldbank.org/v2/country/POL;WLD;USA;CHN;DEU;IND;KOR;JPN;GBR;FRA;BRA;EST/indicator/IT.CEL.SETS.P2?format=json&per_page=1000,2026-09-28T17:23:21.979Z,{}
IT.CEL.SETS.P2,IT.CEL.SETS.P2--usa,USA,USA,Mobile cellular subscriptions (per 100 people),1979-12-31,1979,year,1979-01-01,0,abonamenty / 100 osób,annual,observed,https://api.worldbank.org/v2/country/POL;WLD;USA;CHN;DEU;IND;KOR;JPN;GBR;FRA;BRA;EST/indicator/IT.CEL.SETS.P2?format=json&per_page=1000,2026-09-28T17:23:21.979Z,{}
IT.CEL.SETS.P2,IT.CEL.SETS.P2--wld,Świat,WLD,Mobile cellular subscriptions (per 100 people),1979-12-31,1979,year,1979-01-01,0,abonamenty / 100 osób,annual,observed,https://api.worldbank.org/v2/country/POL;WLD;USA;CHN;DEU;IND;KOR;JPN;GBR;FRA;BRA;EST/indicator/IT.CEL.SETS.P2?format=json&per_page=1000,2026-09-28T17:23:21.979Z,{}
IT.CEL.SETS.P2,IT.CEL.SETS.P2--bra,Brazylia,BRA,Mobile cellular subscriptions (per 100 people),1980-12-31,1980,year,1980-01-01,0,abonamenty / 100 osób,annual,observed,https://api.worldbank.org/v2/country/POL;WLD;USA;CHN;DEU;IND;KOR;JPN;GBR;FRA;BRA;EST/indicator/IT.CEL.SETS.P2?format=json&per_page=1000,2026-09-28T17:23:21.979Z,{}
IT.CEL.SETS.P2,IT.CEL.SETS.P2--chn,Chiny,CHN,Mobile cellular subscriptions (per 100 people),1980-12-31,1980,year,1980-01-01,0,abonamenty / 100 osób,annual,observed,https://api.worldbank.org/v2/country/POL;WLD;USA;CHN;DEU;IND;KOR;JPN;GBR;FRA;BRA;EST/indicator/IT.CEL.SETS.P2?format=json&per_page=1000,2026-09-28T17:23:21.979Z,{}
IT.CEL.SETS.P2,IT.CEL.SETS.P2--deu,Niemcy,DEU,Mobile cellular subscriptions (per 100 people),1980-12-31,1980,year,1980-01-01,0,abonamenty / 100 osób,annual,observed,https://api.worldbank.org/v2/country/POL;WLD;USA;CHN;DEU;IND;KOR;JPN;GBR;FRA;BRA;EST/indicator/IT.CEL.SETS.P2?format=json&per_page=1000,2026-09-28T17:23:21.979Z,{}
IT.CEL.SETS.P2,IT.CEL.SETS.P2--est,Estonia,EST,Mobile cellular subscriptions (per 100 people),1980-12-31,1980,year,1980-01-01,0,abonamenty / 100 osób,annual,observed,https://api.worldbank.org/v2/country/POL;WLD;USA;CHN;DEU;IND;KOR;JPN;GBR;FRA;BRA;EST/indicator/IT.CEL.SETS.P2?format=json&per_page=1000,2026-09-28T17:23:21.979Z,{}
IT.CEL.SETS.P2,IT.CEL.SETS.P2--fra,Francja,FRA,Mobile cellular subscriptions (per 100 people),1980-12-31,1980,year,1980-01-01,0,abonamenty / 100 osób,annual,observed,https://api.worldbank.org/v2/country/POL;WLD;USA;CHN;DEU;IND;KOR;JPN;GBR;FRA;BRA;EST/indicator/IT.CEL.SETS.P2?format=json&per_page=1000,2026-09-28T17:23:21.979Z,{}
IT.CEL.SETS.P2,IT.CEL.SETS.P2--gbr,Wielka Brytania,GBR,Mobile cellular subscriptions (per 100 people),1980-12-31,1980,year,1980-01-01,0,abonamenty / 100 osób,annual,observed,https://api.worldbank.org/v2/country/POL;WLD;USA;CHN;DEU;IND;KOR;JPN;GBR;FRA;BRA;EST/indicator/IT.CEL.SETS.P2?format=json&per_page=1000,2026-09-28T17:23:21.979Z,{}
IT.CEL.SETS.P2,IT.CEL.SETS.P2--ind,Indie,IND,Mobile cellular subscriptions (per 100 people),1980-12-31,1980,year,1980-01-01,0,abonamenty / 100 osób,annual,observed,https://api.worldbank.org/v2/country/POL;WLD;USA;CHN;DEU;IND;KOR;JPN;GBR;FRA;BRA;EST/indicator/IT.CEL.SETS.P2?format=json&per_page=1000,2026-09-28T17:23:21.979Z,{}
IT.CEL.SETS.P2,IT.CEL.SETS.P2--jpn,Japonia,JPN,Mobile cellular subscriptions (per 100 people),1980-12-31,1980,year,1980-01-01,0,abonamenty / 100 osób,annual,observed,https://api.worldbank.org/v2/country/POL;WLD;USA;CHN;DEU;IND;KOR;JPN;GBR;FRA;BRA;EST/indicator/IT.CEL.SETS.P2?format=json&per_page=1000,2026-09-28T17:23:21.979Z,{}
IT.CEL.SETS.P2,IT.CEL.SETS.P2--kor,Korea Płd.,KOR,Mobile cellular subscriptions (per 100 people),1980-12-31,1980,year,1980-01-01,0,abonamenty / 100 osób,annual,observed,https://api.worldbank.org/v2/country/POL;WLD;USA;CHN;DEU;IND;KOR;JPN;GBR;FRA;BRA;EST/indicator/IT.CEL.SETS.P2?format=json&per_page=1000,2026-09-28T17:23:21.979Z,{}
IT.CEL.SETS.P2,IT.CEL.SETS.P2--pol,Polska,POL,Mobile cellular subscriptions (per 100 people),1980-12-31,1980,year,1980-01-01,0,abonamenty / 100 osób,annual,observed,https://api.worldbank.org/v2/country/POL;WLD;USA;CHN;DEU;IND;KOR;JPN;GBR;FRA;BRA;EST/indicator/IT.CEL.SETS.P2?format=json&per_page=1000,2026-09-28T17:23:21.979Z,{}
IT.CEL.SETS.P2,IT.CEL.SETS.P2--usa,USA,USA,Mobile cellular subscriptions (per 100 people),1980-12-31,1980,year,1980-01-01,0,abonamenty / 100 osób,annual,observed,https://api.worldbank.org/v2/country/POL;WLD;USA;CHN;DEU;IND;KOR;JPN;GBR;FRA;BRA;EST/indicator/IT.CEL.SETS.P2?format=json&per_page=1000,2026-09-28T17:23:21.979Z,{}
IT.CEL.SETS.P2,IT.CEL.SETS.P2--wld,Świat,WLD,Mobile cellular subscriptions (per 100 people),1980-12-31,1980,year,1980-01-01,0.000532358559438635,abonamenty / 100 osób,annual,observed,https://api.worldbank.org/v2/country/POL;WLD;USA;CHN;DEU;IND;KOR;JPN;GBR;FRA;BRA;EST/indicator/IT.CEL.SETS.P2?format=json&per_page=1000,2026-09-28T17:23:21.979Z,{}
IT.CEL.SETS.P2,IT.CEL.SETS.P2--bra,Brazylia,BRA,Mobile cellular subscriptions (per 100 people),1981-12-31,1981,year,1981-01-01,0,abonamenty / 100 osób,annual,observed,https://api.worldbank.org/v2/country/POL;WLD;USA;CHN;DEU;IND;KOR;JPN;GBR;FRA;BRA;EST/indicator/IT.CEL.SETS.P2?format=json&per_page=1000,2026-09-28T17:23:21.979Z,{}
IT.CEL.SETS.P2,IT.CEL.SETS.P2--chn,Chiny,CHN,Mobile cellular subscriptions (per 100 people),1981-12-31,1981,year,1981-01-01,0,abonamenty / 100 osób,annual,observed,https://api.worldbank.org/v2/country/POL;WLD;USA;CHN;DEU;IND;KOR;JPN;GBR;FRA;BRA;EST/indicator/IT.CEL.SETS.P2?format=json&per_page=1000,2026-09-28T17:23:21.979Z,{}
IT.CEL.SETS.P2,IT.CEL.SETS.P2--deu,Niemcy,DEU,Mobile cellular subscriptions (per 100 people),1981-12-31,1981,year,1981-01-01,0,abonamenty / 100 osób,annual,observed,https://api.worldbank.org/v2/country/POL;WLD;USA;CHN;DEU;IND;KOR;JPN;GBR;FRA;BRA;EST/indicator/IT.CEL.SETS.P2?format=json&per_page=1000,2026-09-28T17:23:21.979Z,{}
IT.CEL.SETS.P2,IT.CEL.SETS.P2--est,Estonia,EST,Mobile cellular subscriptions (per 100 people),1981-12-31,1981,year,1981-01-01,0,abonamenty / 100 osób,annual,observed,https://api.worldbank.org/v2/country/POL;WLD;USA;CHN;DEU;IND;KOR;JPN;GBR;FRA;BRA;EST/indicator/IT.CEL.SETS.P2?format=json&per_page=1000,2026-09-28T17:23:21.979Z,{}
IT.CEL.SETS.P2,IT.CEL.SETS.P2--fra,Francja,FRA,Mobile cellular subscriptions (per 100 people),1981-12-31,1981,year,1981-01-01,0,abonamenty / 100 osób,annual,observed,https://api.worldbank.org/v2/country/POL;WLD;USA;CHN;DEU;IND;KOR;JPN;GBR;FRA;BRA;EST/indicator/IT.CEL.SETS.P2?format=json&per_page=1000,2026-09-28T17:23:21.979Z,{}
IT.CEL.SETS.P2,IT.CEL.SETS.P2--gbr,Wielka Brytania,GBR,Mobile cellular subscriptions (per 100 people),1981-12-31,1981,year,1981-01-01,0,abonamenty / 100 osób,annual,observed,https://api.worldbank.org/v2/country/POL;WLD;USA;CHN;DEU;IND;KOR;JPN;GBR;FRA;BRA;EST/indicator/IT.CEL.SETS.P2?format=json&per_page=1000,2026-09-28T17:23:21.979Z,{}
IT.CEL.SETS.P2,IT.CEL.SETS.P2--ind,Indie,IND,Mobile cellular subscriptions (per 100 people),1981-12-31,1981,year,1981-01-01,0,abonamenty / 100 osób,annual,observed,https://api.worldbank.org/v2/country/POL;WLD;USA;CHN;DEU;IND;KOR;JPN;GBR;FRA;BRA;EST/indicator/IT.CEL.SETS.P2?format=json&per_page=1000,2026-09-28T17:23:21.979Z,{}
IT.CEL.SETS.P2,IT.CEL.SETS.P2--jpn,Japonia,JPN,Mobile cellular subscriptions (per 100 people),1981-12-31,1981,year,1981-01-01,0.011213345,abonamenty / 100 osób,annual,observed,https://api.worldbank.org/v2/country/POL;WLD;USA;CHN;DEU;IND;KOR;JPN;GBR;FRA;BRA;EST/indicator/IT.CEL.SETS.P2?format=json&per_page=1000,2026-09-28T17:23:21.979Z,{}
IT.CEL.SETS.P2,IT.CEL.SETS.P2--kor,Korea Płd.,KOR,Mobile cellular subscriptions (per 100 people),1981-12-31,1981,year,1981-01-01,0,abonamenty / 100 osób,annual,observed,https://api.worldbank.org/v2/country/POL;WLD;USA;CHN;DEU;IND;KOR;JPN;GBR;FRA;BRA;EST/indicator/IT.CEL.SETS.P2?format=json&per_page=1000,2026-09-28T17:23:21.979Z,{}
IT.CEL.SETS.P2,IT.CEL.SETS.P2--pol,Polska,POL,Mobile cellular subscriptions (per 100 people),1981-12-31,1981,year,1981-01-01,0,abonamenty / 100 osób,annual,observed,https://api.worldbank.org/v2/country/POL;WLD;USA;CHN;DEU;IND;KOR;JPN;GBR;FRA;BRA;EST/indicator/IT.CEL.SETS.P2?format=json&per_page=1000,2026-09-28T17:23:21.979Z,{}
IT.CEL.SETS.P2,IT.CEL.SETS.P2--usa,USA,USA,Mobile cellular subscriptions (per 100 people),1981-12-31,1981,year,1981-01-01,,abonamenty / 100 osób,annual,observed,https://api.worldbank.org/v2/country/POL;WLD;USA;CHN;DEU;IND;KOR;JPN;GBR;FRA;BRA;EST/indicator/IT.CEL.SETS.P2?format=json&per_page=1000,2026-09-28T17:23:21.979Z,{}
IT.CEL.SETS.P2,IT.CEL.SETS.P2--wld,Świat,WLD,Mobile cellular subscriptions (per 100 people),1981-12-31,1981,year,1981-01-01,0.00149080916855492,abonamenty / 100 osób,annual,observed,https://api.worldbank.org/v2/country/POL;WLD;USA;CHN;DEU;IND;KOR;JPN;GBR;FRA;BRA;EST/indicator/IT.CEL.SETS.P2?format=json&per_page=1000,2026-09-28T17:23:21.979Z,{}
IT.CEL.SETS.P2,IT.CEL.SETS.P2--bra,Brazylia,BRA,Mobile cellular subscriptions (per 100 people),1982-12-31,1982,year,1982-01-01,0,abonamenty / 100 osób,annual,observed,https://api.worldbank.org/v2/country/POL;WLD;USA;CHN;DEU;IND;KOR;JPN;GBR;FRA;BRA;EST/indicator/IT.CEL.SETS.P2?format=json&per_page=1000,2026-09-28T17:23:21.979Z,{}
IT.CEL.SETS.P2,IT.CEL.SETS.P2--chn,Chiny,CHN,Mobile cellular subscriptions (per 100 people),1982-12-31,1982,year,1982-01-01,0,abonamenty / 100 osób,annual,observed,https://api.worldbank.org/v2/country/POL;WLD;USA;CHN;DEU;IND;KOR;JPN;GBR;FRA;BRA;EST/indicator/IT.CEL.SETS.P2?format=json&per_page=1000,2026-09-28T17:23:21.979Z,{}
IT.CEL.SETS.P2,IT.CEL.SETS.P2--deu,Niemcy,DEU,Mobile cellular subscriptions (per 100 people),1982-12-31,1982,year,1982-01-01,0,abonamenty / 100 osób,annual,observed,https://api.worldbank.org/v2/country/POL;WLD;USA;CHN;DEU;IND;KOR;JPN;GBR;FRA;BRA;EST/indicator/IT.CEL.SETS.P2?format=json&per_page=1000,2026-09-28T17:23:21.979Z,{}
IT.CEL.SETS.P2,IT.CEL.SETS.P2--est,Estonia,EST,Mobile cellular subscriptions (per 100 people),1982-12-31,1982,year,1982-01-01,0,abonamenty / 100 osób,annual,observed,https://api.worldbank.org/v2/country/POL;WLD;USA;CHN;DEU;IND;KOR;JPN;GBR;FRA;BRA;EST/indicator/IT.CEL.SETS.P2?format=json&per_page=1000,2026-09-28T17:23:21.979Z,{}
IT.CEL.SETS.P2,IT.CEL.SETS.P2--fra,Francja,FRA,Mobile cellular subscriptions (per 100 people),1982-12-31,1982,year,1982-01-01,0,abonamenty / 100 osób,annual,observed,https://api.worldbank.org/v2/country/POL;WLD;USA;CHN;DEU;IND;KOR;JPN;GBR;FRA;BRA;EST/indicator/IT.CEL.SETS.P2?format=json&per_page=1000,2026-09-28T17:23:21.979Z,{}
IT.CEL.SETS.P2,IT.CEL.SETS.P2--gbr,Wielka Brytania,GBR,Mobile cellular subscriptions (per 100 people),1982-12-31,1982,year,1982-01-01,0,abonamenty / 100 osób,annual,observed,https://api.worldbank.org/v2/country/POL;WLD;USA;CHN;DEU;IND;KOR;JPN;GBR;FRA;BRA;EST/indicator/IT.CEL.SETS.P2?format=json&per_page=1000,2026-09-28T17:23:21.979Z,{}
IT.CEL.SETS.P2,IT.CEL.SETS.P2--ind,Indie,IND,Mobile cellular subscriptions (per 100 people),1982-12-31,1982,year,1982-01-01,0,abonamenty / 100 osób,annual,observed,https://api.worldbank.org/v2/country/POL;WLD;USA;CHN;DEU;IND;KOR;JPN;GBR;FRA;BRA;EST/indicator/IT.CEL.SETS.P2?format=json&per_page=1000,2026-09-28T17:23:21.979Z,{}
IT.CEL.SETS.P2,IT.CEL.SETS.P2--jpn,Japonia,JPN,Mobile cellular subscriptions (per 100 people),1982-12-31,1982,year,1982-01-01,0.016628303,abonamenty / 100 osób,annual,observed,https://api.worldbank.org/v2/country/POL;WLD;USA;CHN;DEU;IND;KOR;JPN;GBR;FRA;BRA;EST/indicator/IT.CEL.SETS.P2?format=json&per_page=1000,2026-09-28T17:23:21.979Z,{}
IT.CEL.SETS.P2,IT.CEL.SETS.P2--kor,Korea Płd.,KOR,Mobile cellular subscriptions (per 100 people),1982-12-31,1982,year,1982-01-01,0,abonamenty / 100 osób,annual,observed,https://api.worldbank.org/v2/country/POL;WLD;USA;CHN;DEU;IND;KOR;JPN;GBR;FRA;BRA;EST/indicator/IT.CEL.SETS.P2?format=json&per_page=1000,2026-09-28T17:23:21.979Z,{}
IT.CEL.SETS.P2,IT.CEL.SETS.P2--pol,Polska,POL,Mobile cellular subscriptions (per 100 people),1982-12-31,1982,year,1982-01-01,0,abonamenty / 100 osób,annual,observed,https://api.worldbank.org/v2/country/POL;WLD;USA;CHN;DEU;IND;KOR;JPN;GBR;FRA;BRA;EST/indicator/IT.CEL.SETS.P2?format=json&per_page=1000,2026-09-28T17:23:21.979Z,{}
IT.CEL.SETS.P2,IT.CEL.SETS.P2--usa,USA,USA,Mobile cellular subscriptions (per 100 people),1982-12-31,1982,year,1982-01-01,,abonamenty / 100 osób,annual,observed,https://api.worldbank.org/v2/country/POL;WLD;USA;CHN;DEU;IND;KOR;JPN;GBR;FRA;BRA;EST/indicator/IT.CEL.SETS.P2?format=json&per_page=1000,2026-09-28T17:23:21.979Z,{}
IT.CEL.SETS.P2,IT.CEL.SETS.P2--wld,Świat,WLD,Mobile cellular subscriptions (per 100 people),1982-12-31,1982,year,1982-01-01,0.00233559509404133,abonamenty / 100 osób,annual,observed,https://api.worldbank.org/v2/country/POL;WLD;USA;CHN;DEU;IND;KOR;JPN;GBR;FRA;BRA;EST/indicator/IT.CEL.SETS.P2?format=json&per_page=1000,2026-09-28T17:23:21.979Z,{}
IT.CEL.SETS.P2,IT.CEL.SETS.P2--bra,Brazylia,BRA,Mobile cellular subscriptions (per 100 people),1983-12-31,1983,year,1983-01-01,0,abonamenty / 100 osób,annual,observed,https://api.worldbank.org/v2/country/POL;WLD;USA;CHN;DEU;IND;KOR;JPN;GBR;FRA;BRA;EST/indicator/IT.CEL.SETS.P2?format=json&per_page=1000,2026-09-28T17:23:21.979Z,{}
IT.CEL.SETS.P2,IT.CEL.SETS.P2--chn,Chiny,CHN,Mobile cellular subscriptions (per 100 people),1983-12-31,1983,year,1983-01-01,0,abonamenty / 100 osób,annual,observed,https://api.worldbank.org/v2/country/POL;WLD;USA;CHN;DEU;IND;KOR;JPN;GBR;FRA;BRA;EST/indicator/IT.CEL.SETS.P2?format=json&per_page=1000,2026-09-28T17:23:21.979Z,{}
IT.CEL.SETS.P2,IT.CEL.SETS.P2--deu,Niemcy,DEU,Mobile cellular subscriptions (per 100 people),1983-12-31,1983,year,1983-01-01,0,abonamenty / 100 osób,annual,observed,https://api.worldbank.org/v2/country/POL;WLD;USA;CHN;DEU;IND;KOR;JPN;GBR;FRA;BRA;EST/indicator/IT.CEL.SETS.P2?format=json&per_page=1000,2026-09-28T17:23:21.979Z,{}
IT.CEL.SETS.P2,IT.CEL.SETS.P2--est,Estonia,EST,Mobile cellular subscriptions (per 100 people),1983-12-31,1983,year,1983-01-01,0,abonamenty / 100 osób,annual,observed,https://api.worldbank.org/v2/country/POL;WLD;USA;CHN;DEU;IND;KOR;JPN;GBR;FRA;BRA;EST/indicator/IT.CEL.SETS.P2?format=json&per_page=1000,2026-09-28T17:23:21.979Z,{}
IT.CEL.SETS.P2,IT.CEL.SETS.P2--fra,Francja,FRA,Mobile cellular subscriptions (per 100 people),1983-12-31,1983,year,1983-01-01,0,abonamenty / 100 osób,annual,observed,https://api.worldbank.org/v2/country/POL;WLD;USA;CHN;DEU;IND;KOR;JPN;GBR;FRA;BRA;EST/indicator/IT.CEL.SETS.P2?format=json&per_page=1000,2026-09-28T17:23:21.979Z,{}
IT.CEL.SETS.P2,IT.CEL.SETS.P2--gbr,Wielka Brytania,GBR,Mobile cellular subscriptions (per 100 people),1983-12-31,1983,year,1983-01-01,0,abonamenty / 100 osób,annual,observed,https://api.worldbank.org/v2/country/POL;WLD;USA;CHN;DEU;IND;KOR;JPN;GBR;FRA;BRA;EST/indicator/IT.CEL.SETS.P2?format=json&per_page=1000,2026-09-28T17:23:21.979Z,{}
IT.CEL.SETS.P2,IT.CEL.SETS.P2--ind,Indie,IND,Mobile cellular subscriptions (per 100 people),1983-12-31,1983,year,1983-01-01,0,abonamenty / 100 osób,annual,observed,https://api.worldbank.org/v2/country/POL;WLD;USA;CHN;DEU;IND;KOR;JPN;GBR;FRA;BRA;EST/indicator/IT.CEL.SETS.P2?format=json&per_page=1000,2026-09-28T17:23:21.979Z,{}
IT.CEL.SETS.P2,IT.CEL.SETS.P2--jpn,Japonia,JPN,Mobile cellular subscriptions (per 100 people),1983-12-31,1983,year,1983-01-01,0.022704022,abonamenty / 100 osób,annual,observed,https://api.worldbank.org/v2/country/POL;WLD;USA;CHN;DEU;IND;KOR;JPN;GBR;FRA;BRA;EST/indicator/IT.CEL.SETS.P2?format=json&per_page=1000,2026-09-28T17:23:21.979Z,{}
IT.CEL.SETS.P2,IT.CEL.SETS.P2--kor,Korea Płd.,KOR,Mobile cellular subscriptions (per 100 people),1983-12-31,1983,year,1983-01-01,0,abonamenty / 100 osób,annual,observed,https://api.worldbank.org/v2/country/POL;WLD;USA;CHN;DEU;IND;KOR;JPN;GBR;FRA;BRA;EST/indicator/IT.CEL.SETS.P2?format=json&per_page=1000,2026-09-28T17:23:21.979Z,{}
IT.CEL.SETS.P2,IT.CEL.SETS.P2--pol,Polska,POL,Mobile cellular subscriptions (per 100 people),1983-12-31,1983,year,1983-01-01,0,abonamenty / 100 osób,annual,observed,https://api.worldbank.org/v2/country/POL;WLD;USA;CHN;DEU;IND;KOR;JPN;GBR;FRA;BRA;EST/indicator/IT.CEL.SETS.P2?format=json&per_page=1000,2026-09-28T17:23:21.979Z,{}
IT.CEL.SETS.P2,IT.CEL.SETS.P2--usa,USA,USA,Mobile cellular subscriptions (per 100 people),1983-12-31,1983,year,1983-01-01,,abonamenty / 100 osób,annual,observed,https://api.worldbank.org/v2/country/POL;WLD;USA;CHN;DEU;IND;KOR;JPN;GBR;FRA;BRA;EST/indicator/IT.CEL.SETS.P2?format=json&per_page=1000,2026-09-28T17:23:21.979Z,{}
IT.CEL.SETS.P2,IT.CEL.SETS.P2--wld,Świat,WLD,Mobile cellular subscriptions (per 100 people),1983-12-31,1983,year,1983-01-01,0.00339190468402233,abonamenty / 100 osób,annual,observed,https://api.worldbank.org/v2/country/POL;WLD;USA;CHN;DEU;IND;KOR;JPN;GBR;FRA;BRA;EST/indicator/IT.CEL.SETS.P2?format=json&per_page=1000,2026-09-28T17:23:21.979Z,{}
IT.CEL.SETS.P2,IT.CEL.SETS.P2--bra,Brazylia,BRA,Mobile cellular subscriptions (per 100 people),1984-12-31,1984,year,1984-01-01,0,abonamenty / 100 osób,annual,observed,https://api.worldbank.org/v2/country/POL;WLD;USA;CHN;DEU;IND;KOR;JPN;GBR;FRA;BRA;EST/indicator/IT.CEL.SETS.P2?format=json&per_page=1000,2026-09-28T17:23:21.979Z,{}
IT.CEL.SETS.P2,IT.CEL.SETS.P2--chn,Chiny,CHN,Mobile cellular subscriptions (per 100 people),1984-12-31,1984,year,1984-01-01,0,abonamenty / 100 osób,annual,observed,https://api.worldbank.org/v2/country/POL;WLD;USA;CHN;DEU;IND;KOR;JPN;GBR;FRA;BRA;EST/indicator/IT.CEL.SETS.P2?format=json&per_page=1000,2026-09-28T17:23:21.979Z,{}
IT.CEL.SETS.P2,IT.CEL.SETS.P2--deu,Niemcy,DEU,Mobile cellular subscriptions (per 100 people),1984-12-31,1984,year,1984-01-01,0,abonamenty / 100 osób,annual,observed,https://api.worldbank.org/v2/country/POL;WLD;USA;CHN;DEU;IND;KOR;JPN;GBR;FRA;BRA;EST/indicator/IT.CEL.SETS.P2?format=json&per_page=1000,2026-09-28T17:23:21.979Z,{}
IT.CEL.SETS.P2,IT.CEL.SETS.P2--est,Estonia,EST,Mobile cellular subscriptions (per 100 people),1984-12-31,1984,year,1984-01-01,0,abonamenty / 100 osób,annual,observed,https://api.worldbank.org/v2/country/POL;WLD;USA;CHN;DEU;IND;KOR;JPN;GBR;FRA;BRA;EST/indicator/IT.CEL.SETS.P2?format=json&per_page=1000,2026-09-28T17:23:21.979Z,{}
IT.CEL.SETS.P2,IT.CEL.SETS.P2--fra,Francja,FRA,Mobile cellular subscriptions (per 100 people),1984-12-31,1984,year,1984-01-01,0,abonamenty / 100 osób,annual,observed,https://api.worldbank.org/v2/country/POL;WLD;USA;CHN;DEU;IND;KOR;JPN;GBR;FRA;BRA;EST/indicator/IT.CEL.SETS.P2?format=json&per_page=1000,2026-09-28T17:23:21.979Z,{}
IT.CEL.SETS.P2,IT.CEL.SETS.P2--gbr,Wielka Brytania,GBR,Mobile cellular subscriptions (per 100 people),1984-12-31,1984,year,1984-01-01,0,abonamenty / 100 osób,annual,observed,https://api.worldbank.org/v2/country/POL;WLD;USA;CHN;DEU;IND;KOR;JPN;GBR;FRA;BRA;EST/indicator/IT.CEL.SETS.P2?format=json&per_page=1000,2026-09-28T17:23:21.979Z,{}
IT.CEL.SETS.P2,IT.CEL.SETS.P2--ind,Indie,IND,Mobile cellular subscriptions (per 100 people),1984-12-31,1984,year,1984-01-01,0,abonamenty / 100 osób,annual,observed,https://api.worldbank.org/v2/country/POL;WLD;USA;CHN;DEU;IND;KOR;JPN;GBR;FRA;BRA;EST/indicator/IT.CEL.SETS.P2?format=json&per_page=1000,2026-09-28T17:23:21.979Z,{}
IT.CEL.SETS.P2,IT.CEL.SETS.P2--jpn,Japonia,JPN,Mobile cellular subscriptions (per 100 people),1984-12-31,1984,year,1984-01-01,0.033528477,abonamenty / 100 osób,annual,observed,https://api.worldbank.org/v2/country/POL;WLD;USA;CHN;DEU;IND;KOR;JPN;GBR;FRA;BRA;EST/indicator/IT.CEL.SETS.P2?format=json&per_page=1000,2026-09-28T17:23:21.979Z,{}
IT.CEL.SETS.P2,IT.CEL.SETS.P2--kor,Korea Płd.,KOR,Mobile cellular subscriptions (per 100 people),1984-12-31,1984,year,1984-01-01,,abonamenty / 100 osób,annual,observed,https://api.worldbank.org/v2/country/POL;WLD;USA;CHN;DEU;IND;KOR;JPN;GBR;FRA;BRA;EST/indicator/IT.CEL.SETS.P2?format=json&per_page=1000,2026-09-28T17:23:21.979Z,{}
IT.CEL.SETS.P2,IT.CEL.SETS.P2--pol,Polska,POL,Mobile cellular subscriptions (per 100 people),1984-12-31,1984,year,1984-01-01,0,abonamenty / 100 osób,annual,observed,https://api.worldbank.org/v2/country/POL;WLD;USA;CHN;DEU;IND;KOR;JPN;GBR;FRA;BRA;EST/indicator/IT.CEL.SETS.P2?format=json&per_page=1000,2026-09-28T17:23:21.979Z,{}
IT.CEL.SETS.P2,IT.CEL.SETS.P2--usa,USA,USA,Mobile cellular subscriptions (per 100 people),1984-12-31,1984,year,1984-01-01,0.039352779,abonamenty / 100 osób,annual,observed,https://api.worldbank.org/v2/country/POL;WLD;USA;CHN;DEU;IND;KOR;JPN;GBR;FRA;BRA;EST/indicator/IT.CEL.SETS.P2?format=json&per_page=1000,2026-09-28T17:23:21.979Z,{}
IT.CEL.SETS.P2,IT.CEL.SETS.P2--wld,Świat,WLD,Mobile cellular subscriptions (per 100 people),1984-12-31,1984,year,1984-01-01,0.0068745853786207,abonamenty / 100 osób,annual,observed,https://api.worldbank.org/v2/country/POL;WLD;USA;CHN;DEU;IND;KOR;JPN;GBR;FRA;BRA;EST/indicator/IT.CEL.SETS.P2?format=json&per_page=1000,2026-09-28T17:23:21.979Z,{}
IT.CEL.SETS.P2,IT.CEL.SETS.P2--bra,Brazylia,BRA,Mobile cellular subscriptions (per 100 people),1985-12-31,1985,year,1985-01-01,0,abonamenty / 100 osób,annual,observed,https://api.worldbank.org/v2/country/POL;WLD;USA;CHN;DEU;IND;KOR;JPN;GBR;FRA;BRA;EST/indicator/IT.CEL.SETS.P2?format=json&per_page=1000,2026-09-28T17:23:21.979Z,{}
IT.CEL.SETS.P2,IT.CEL.SETS.P2--chn,Chiny,CHN,Mobile cellular subscriptions (per 100 people),1985-12-31,1985,year,1985-01-01,0,abonamenty / 100 osób,annual,observed,https://api.worldbank.org/v2/country/POL;WLD;USA;CHN;DEU;IND;KOR;JPN;GBR;FRA;BRA;EST/indicator/IT.CEL.SETS.P2?format=json&per_page=1000,2026-09-28T17:23:21.979Z,{}
IT.CEL.SETS.P2,IT.CEL.SETS.P2--deu,Niemcy,DEU,Mobile cellular subscriptions (per 100 people),1985-12-31,1985,year,1985-01-01,0.001391057,abonamenty / 100 osób,annual,observed,https://api.worldbank.org/v2/country/POL;WLD;USA;CHN;DEU;IND;KOR;JPN;GBR;FRA;BRA;EST/indicator/IT.CEL.SETS.P2?format=json&per_page=1000,2026-09-28T17:23:21.979Z,{}
IT.CEL.SETS.P2,IT.CEL.SETS.P2--est,Estonia,EST,Mobile cellular subscriptions (per 100 people),1985-12-31,1985,year,1985-01-01,0,abonamenty / 100 osób,annual,observed,https://api.worldbank.org/v2/country/POL;WLD;USA;CHN;DEU;IND;KOR;JPN;GBR;FRA;BRA;EST/indicator/IT.CEL.SETS.P2?format=json&per_page=1000,2026-09-28T17:23:21.979Z,{}
IT.CEL.SETS.P2,IT.CEL.SETS.P2--fra,Francja,FRA,Mobile cellular subscriptions (per 100 people),1985-12-31,1985,year,1985-01-01,0,abonamenty / 100 osób,annual,observed,https://api.worldbank.org/v2/country/POL;WLD;USA;CHN;DEU;IND;KOR;JPN;GBR;FRA;BRA;EST/indicator/IT.CEL.SETS.P2?format=json&per_page=1000,2026-09-28T17:23:21.979Z,{}
IT.CEL.SETS.P2,IT.CEL.SETS.P2--gbr,Wielka Brytania,GBR,Mobile cellular subscriptions (per 100 people),1985-12-31,1985,year,1985-01-01,0.088272091,abonamenty / 100 osób,annual,observed,https://api.worldbank.org/v2/country/POL;WLD;USA;CHN;DEU;IND;KOR;JPN;GBR;FRA;BRA;EST/indicator/IT.CEL.SETS.P2?format=json&per_page=1000,2026-09-28T17:23:21.979Z,{}
IT.CEL.SETS.P2,IT.CEL.SETS.P2--ind,Indie,IND,Mobile cellular subscriptions (per 100 people),1985-12-31,1985,year,1985-01-01,0,abonamenty / 100 osób,annual,observed,https://api.worldbank.org/v2/country/POL;WLD;USA;CHN;DEU;IND;KOR;JPN;GBR;FRA;BRA;EST/indicator/IT.CEL.SETS.P2?format=json&per_page=1000,2026-09-28T17:23:21.979Z,{}
IT.CEL.SETS.P2,IT.CEL.SETS.P2--jpn,Japonia,JPN,Mobile cellular subscriptions (per 100 people),1985-12-31,1985,year,1985-01-01,0.051024186,abonamenty / 100 osób,annual,observed,https://api.worldbank.org/v2/country/POL;WLD;USA;CHN;DEU;IND;KOR;JPN;GBR;FRA;BRA;EST/indicator/IT.CEL.SETS.P2?format=json&per_page=1000,2026-09-28T17:23:21.979Z,{}
IT.CEL.SETS.P2,IT.CEL.SETS.P2--kor,Korea Płd.,KOR,Mobile cellular subscriptions (per 100 people),1985-12-31,1985,year,1985-01-01,,abonamenty / 100 osób,annual,observed,https://api.worldbank.org/v2/country/POL;WLD;USA;CHN;DEU;IND;KOR;JPN;GBR;FRA;BRA;EST/indicator/IT.CEL.SETS.P2?format=json&per_page=1000,2026-09-28T17:23:21.979Z,{}
IT.CEL.SETS.P2,IT.CEL.SETS.P2--pol,Polska,POL,Mobile cellular subscriptions (per 100 people),1985-12-31,1985,year,1985-01-01,0,abonamenty / 100 osób,annual,observed,https://api.worldbank.org/v2/country/POL;WLD;USA;CHN;DEU;IND;KOR;JPN;GBR;FRA;BRA;EST/indicator/IT.CEL.SETS.P2?format=json&per_page=1000,2026-09-28T17:23:21.979Z,{}
IT.CEL.SETS.P2,IT.CEL.SETS.P2--usa,USA,USA,Mobile cellular subscriptions (per 100 people),1985-12-31,1985,year,1985-01-01,0.14468149,abonamenty / 100 osób,annual,observed,https://api.worldbank.org/v2/country/POL;WLD;USA;CHN;DEU;IND;KOR;JPN;GBR;FRA;BRA;EST/indicator/IT.CEL.SETS.P2?format=json&per_page=1000,2026-09-28T17:23:21.979Z,{}
IT.CEL.SETS.P2,IT.CEL.SETS.P2--wld,Świat,WLD,Mobile cellular subscriptions (per 100 people),1985-12-31,1985,year,1985-01-01,0.0159033980583526,abonamenty / 100 osób,annual,observed,https://api.worldbank.org/v2/country/POL;WLD;USA;CHN;DEU;IND;KOR;JPN;GBR;FRA;BRA;EST/indicator/IT.CEL.SETS.P2?format=json&per_page=1000,2026-09-28T17:23:21.979Z,{}
IT.CEL.SETS.P2,IT.CEL.SETS.P2--bra,Brazylia,BRA,Mobile cellular subscriptions (per 100 people),1986-12-31,1986,year,1986-01-01,0,abonamenty / 100 osób,annual,observed,https://api.worldbank.org/v2/country/POL;WLD;USA;CHN;DEU;IND;KOR;JPN;GBR;FRA;BRA;EST/indicator/IT.CEL.SETS.P2?format=json&per_page=1000,2026-09-28T17:23:21.979Z,{}
IT.CEL.SETS.P2,IT.CEL.SETS.P2--chn,Chiny,CHN,Mobile cellular subscriptions (per 100 people),1986-12-31,1986,year,1986-01-01,0,abonamenty / 100 osób,annual,observed,https://api.worldbank.org/v2/country/POL;WLD;USA;CHN;DEU;IND;KOR;JPN;GBR;FRA;BRA;EST/indicator/IT.CEL.SETS.P2?format=json&per_page=1000,2026-09-28T17:23:21.979Z,{}
IT.CEL.SETS.P2,IT.CEL.SETS.P2--deu,Niemcy,DEU,Mobile cellular subscriptions (per 100 people),1986-12-31,1986,year,1986-01-01,0.030589939,abonamenty / 100 osób,annual,observed,https://api.worldbank.org/v2/country/POL;WLD;USA;CHN;DEU;IND;KOR;JPN;GBR;FRA;BRA;EST/indicator/IT.CEL.SETS.P2?format=json&per_page=1000,2026-09-28T17:23:21.979Z,{}
IT.CEL.SETS.P2,IT.CEL.SETS.P2--est,Estonia,EST,Mobile cellular subscriptions (per 100 people),1986-12-31,1986,year,1986-01-01,0,abonamenty / 100 osób,annual,observed,https://api.worldbank.org/v2/country/POL;WLD;USA;CHN;DEU;IND;KOR;JPN;GBR;FRA;BRA;EST/indicator/IT.CEL.SETS.P2?format=json&per_page=1000,2026-09-28T17:23:21.979Z,{}
IT.CEL.SETS.P2,IT.CEL.SETS.P2--fra,Francja,FRA,Mobile cellular subscriptions (per 100 people),1986-12-31,1986,year,1986-01-01,0.016353137,abonamenty / 100 osób,annual,observed,https://api.worldbank.org/v2/country/POL;WLD;USA;CHN;DEU;IND;KOR;JPN;GBR;FRA;BRA;EST/indicator/IT.CEL.SETS.P2?format=json&per_page=1000,2026-09-28T17:23:21.979Z,{}
IT.CEL.SETS.P2,IT.CEL.SETS.P2--gbr,Wielka Brytania,GBR,Mobile cellular subscriptions (per 100 people),1986-12-31,1986,year,1986-01-01,0.229188337,abonamenty / 100 osób,annual,observed,https://api.worldbank.org/v2/country/POL;WLD;USA;CHN;DEU;IND;KOR;JPN;GBR;FRA;BRA;EST/indicator/IT.CEL.SETS.P2?format=json&per_page=1000,2026-09-28T17:23:21.979Z,{}
IT.CEL.SETS.P2,IT.CEL.SETS.P2--ind,Indie,IND,Mobile cellular subscriptions (per 100 people),1986-12-31,1986,year,1986-01-01,0,abonamenty / 100 osób,annual,observed,https://api.worldbank.org/v2/country/POL;WLD;USA;CHN;DEU;IND;KOR;JPN;GBR;FRA;BRA;EST/indicator/IT.CEL.SETS.P2?format=json&per_page=1000,2026-09-28T17:23:21.979Z,{}
IT.CEL.SETS.P2,IT.CEL.SETS.P2--jpn,Japonia,JPN,Mobile cellular subscriptions (per 100 people),1986-12-31,1986,year,1986-01-01,0.078161829,abonamenty / 100 osób,annual,observed,https://api.worldbank.org/v2/country/POL;WLD;USA;CHN;DEU;IND;KOR;JPN;GBR;FRA;BRA;EST/indicator/IT.CEL.SETS.P2?format=json&per_page=1000,2026-09-28T17:23:21.979Z,{}
IT.CEL.SETS.P2,IT.CEL.SETS.P2--kor,Korea Płd.,KOR,Mobile cellular subscriptions (per 100 people),1986-12-31,1986,year,1986-01-01,0.01695819,abonamenty / 100 osób,annual,observed,https://api.worldbank.org/v2/country/POL;WLD;USA;CHN;DEU;IND;KOR;JPN;GBR;FRA;BRA;EST/indicator/IT.CEL.SETS.P2?format=json&per_page=1000,2026-09-28T17:23:21.979Z,{}
IT.CEL.SETS.P2,IT.CEL.SETS.P2--pol,Polska,POL,Mobile cellular subscriptions (per 100 people),1986-12-31,1986,year,1986-01-01,0,abonamenty / 100 osób,annual,observed,https://api.worldbank.org/v2/country/POL;WLD;USA;CHN;DEU;IND;KOR;JPN;GBR;FRA;BRA;EST/indicator/IT.CEL.SETS.P2?format=json&per_page=1000,2026-09-28T17:23:21.979Z,{}
IT.CEL.SETS.P2,IT.CEL.SETS.P2--usa,USA,USA,Mobile cellular subscriptions (per 100 people),1986-12-31,1986,year,1986-01-01,0.28706876,abonamenty / 100 osób,annual,observed,https://api.worldbank.org/v2/country/POL;WLD;USA;CHN;DEU;IND;KOR;JPN;GBR;FRA;BRA;EST/indicator/IT.CEL.SETS.P2?format=json&per_page=1000,2026-09-28T17:23:21.979Z,{}
IT.CEL.SETS.P2,IT.CEL.SETS.P2--wld,Świat,WLD,Mobile cellular subscriptions (per 100 people),1986-12-31,1986,year,1986-01-01,0.0296054334675087,abonamenty / 100 osób,annual,observed,https://api.worldbank.org/v2/country/POL;WLD;USA;CHN;DEU;IND;KOR;JPN;GBR;FRA;BRA;EST/indicator/IT.CEL.SETS.P2?format=json&per_page=1000,2026-09-28T17:23:21.979Z,{}
IT.CEL.SETS.P2,IT.CEL.SETS.P2--bra,Brazylia,BRA,Mobile cellular subscriptions (per 100 people),1987-12-31,1987,year,1987-01-01,0,abonamenty / 100 osób,annual,observed,https://api.worldbank.org/v2/country/POL;WLD;USA;CHN;DEU;IND;KOR;JPN;GBR;FRA;BRA;EST/indicator/IT.CEL.SETS.P2?format=json&per_page=1000,2026-09-28T17:23:21.979Z,{}
IT.CEL.SETS.P2,IT.CEL.SETS.P2--chn,Chiny,CHN,Mobile cellular subscriptions (per 100 people),1987-12-31,1987,year,1987-01-01,6.38e-05,abonamenty / 100 osób,annual,observed,https://api.worldbank.org/v2/country/POL;WLD;USA;CHN;DEU;IND;KOR;JPN;GBR;FRA;BRA;EST/indicator/IT.CEL.SETS.P2?format=json&per_page=1000,2026-09-28T17:23:21.979Z,{}
IT.CEL.SETS.P2,IT.CEL.SETS.P2--deu,Niemcy,DEU,Mobile cellular subscriptions (per 100 people),1987-12-31,1987,year,1987-01-01,0.06242341,abonamenty / 100 osób,annual,observed,https://api.worldbank.org/v2/country/POL;WLD;USA;CHN;DEU;IND;KOR;JPN;GBR;FRA;BRA;EST/indicator/IT.CEL.SETS.P2?format=json&per_page=1000,2026-09-28T17:23:21.979Z,{}
IT.CEL.SETS.P2,IT.CEL.SETS.P2--est,Estonia,EST,Mobile cellular subscriptions (per 100 people),1987-12-31,1987,year,1987-01-01,0,abonamenty / 100 osób,annual,observed,https://api.worldbank.org/v2/country/POL;WLD;USA;CHN;DEU;IND;KOR;JPN;GBR;FRA;BRA;EST/indicator/IT.CEL.SETS.P2?format=json&per_page=1000,2026-09-28T17:23:21.979Z,{}
IT.CEL.SETS.P2,IT.CEL.SETS.P2--fra,Francja,FRA,Mobile cellular subscriptions (per 100 people),1987-12-31,1987,year,1987-01-01,0.070512065,abonamenty / 100 osób,annual,observed,https://api.worldbank.org/v2/country/POL;WLD;USA;CHN;DEU;IND;KOR;JPN;GBR;FRA;BRA;EST/indicator/IT.CEL.SETS.P2?format=json&per_page=1000,2026-09-28T17:23:21.979Z,{}
IT.CEL.SETS.P2,IT.CEL.SETS.P2--gbr,Wielka Brytania,GBR,Mobile cellular subscriptions (per 100 people),1987-12-31,1987,year,1987-01-01,0.510326887,abonamenty / 100 osób,annual,observed,https://api.worldbank.org/v2/country/POL;WLD;USA;CHN;DEU;IND;KOR;JPN;GBR;FRA;BRA;EST/indicator/IT.CEL.SETS.P2?format=json&per_page=1000,2026-09-28T17:23:21.979Z,{}
IT.CEL.SETS.P2,IT.CEL.SETS.P2--ind,Indie,IND,Mobile cellular subscriptions (per 100 people),1987-12-31,1987,year,1987-01-01,0,abonamenty / 100 osób,annual,observed,https://api.worldbank.org/v2/country/POL;WLD;USA;CHN;DEU;IND;KOR;JPN;GBR;FRA;BRA;EST/indicator/IT.CEL.SETS.P2?format=json&per_page=1000,2026-09-28T17:23:21.979Z,{}
IT.CEL.SETS.P2,IT.CEL.SETS.P2--jpn,Japonia,JPN,Mobile cellular subscriptions (per 100 people),1987-12-31,1987,year,1987-01-01,0.123312648,abonamenty / 100 osób,annual,observed,https://api.worldbank.org/v2/country/POL;WLD;USA;CHN;DEU;IND;KOR;JPN;GBR;FRA;BRA;EST/indicator/IT.CEL.SETS.P2?format=json&per_page=1000,2026-09-28T17:23:21.979Z,{}
IT.CEL.SETS.P2,IT.CEL.SETS.P2--kor,Korea Płd.,KOR,Mobile cellular subscriptions (per 100 people),1987-12-31,1987,year,1987-01-01,0.024183325,abonamenty / 100 osób,annual,observed,https://api.worldbank.org/v2/country/POL;WLD;USA;CHN;DEU;IND;KOR;JPN;GBR;FRA;BRA;EST/indicator/IT.CEL.SETS.P2?format=json&per_page=1000,2026-09-28T17:23:21.979Z,{}
IT.CEL.SETS.P2,IT.CEL.SETS.P2--pol,Polska,POL,Mobile cellular subscriptions (per 100 people),1987-12-31,1987,year,1987-01-01,0,abonamenty / 100 osób,annual,observed,https://api.worldbank.org/v2/country/POL;WLD;USA;CHN;DEU;IND;KOR;JPN;GBR;FRA;BRA;EST/indicator/IT.CEL.SETS.P2?format=json&per_page=1000,2026-09-28T17:23:21.979Z,{}
IT.CEL.SETS.P2,IT.CEL.SETS.P2--usa,USA,USA,Mobile cellular subscriptions (per 100 people),1987-12-31,1987,year,1987-01-01,0.513170208,abonamenty / 100 osób,annual,observed,https://api.worldbank.org/v2/country/POL;WLD;USA;CHN;DEU;IND;KOR;JPN;GBR;FRA;BRA;EST/indicator/IT.CEL.SETS.P2?format=json&per_page=1000,2026-09-28T17:23:21.979Z,{}
IT.CEL.SETS.P2,IT.CEL.SETS.P2--wld,Świat,WLD,Mobile cellular subscriptions (per 100 people),1987-12-31,1987,year,1987-01-01,0.0509862421679631,abonamenty / 100 osób,annual,observed,https://api.worldbank.org/v2/country/POL;WLD;USA;CHN;DEU;IND;KOR;JPN;GBR;FRA;BRA;EST/indicator/IT.CEL.SETS.P2?format=json&per_page=1000,2026-09-28T17:23:21.979Z,{}
IT.CEL.SETS.P2,IT.CEL.SETS.P2--bra,Brazylia,BRA,Mobile cellular subscriptions (per 100 people),1988-12-31,1988,year,1988-01-01,0,abonamenty / 100 osób,annual,observed,https://api.worldbank.org/v2/country/POL;WLD;USA;CHN;DEU;IND;KOR;JPN;GBR;FRA;BRA;EST/indicator/IT.CEL.SETS.P2?format=json&per_page=1000,2026-09-28T17:23:21.979Z,{}
IT.CEL.SETS.P2,IT.CEL.SETS.P2--chn,Chiny,CHN,Mobile cellular subscriptions (per 100 people),1988-12-31,1988,year,1988-01-01,0.000289186,abonamenty / 100 osób,annual,observed,https://api.worldbank.org/v2/country/POL;WLD;USA;CHN;DEU;IND;KOR;JPN;GBR;FRA;BRA;EST/indicator/IT.CEL.SETS.P2?format=json&per_page=1000,2026-09-28T17:23:21.979Z,{}
IT.CEL.SETS.P2,IT.CEL.SETS.P2--deu,Niemcy,DEU,Mobile cellular subscriptions (per 100 people),1988-12-31,1988,year,1988-01-01,0.125848762,abonamenty / 100 osób,annual,observed,https://api.worldbank.org/v2/country/POL;WLD;USA;CHN;DEU;IND;KOR;JPN;GBR;FRA;BRA;EST/indicator/IT.CEL.SETS.P2?format=json&per_page=1000,2026-09-28T17:23:21.979Z,{}
IT.CEL.SETS.P2,IT.CEL.SETS.P2--est,Estonia,EST,Mobile cellular subscriptions (per 100 people),1988-12-31,1988,year,1988-01-01,0,abonamenty / 100 osób,annual,observed,https://api.worldbank.org/v2/country/POL;WLD;USA;CHN;DEU;IND;KOR;JPN;GBR;FRA;BRA;EST/indicator/IT.CEL.SETS.P2?format=json&per_page=1000,2026-09-28T17:23:21.979Z,{}
IT.CEL.SETS.P2,IT.CEL.SETS.P2--fra,Francja,FRA,Mobile cellular subscriptions (per 100 people),1988-12-31,1988,year,1988-01-01,0.175870865,abonamenty / 100 osób,annual,observed,https://api.worldbank.org/v2/country/POL;WLD;USA;CHN;DEU;IND;KOR;JPN;GBR;FRA;BRA;EST/indicator/IT.CEL.SETS.P2?format=json&per_page=1000,2026-09-28T17:23:21.979Z,{}
IT.CEL.SETS.P2,IT.CEL.SETS.P2--gbr,Wielka Brytania,GBR,Mobile cellular subscriptions (per 100 people),1988-12-31,1988,year,1988-01-01,0.983272981,abonamenty / 100 osób,annual,observed,https://api.worldbank.org/v2/country/POL;WLD;USA;CHN;DEU;IND;KOR;JPN;GBR;FRA;BRA;EST/indicator/IT.CEL.SETS.P2?format=json&per_page=1000,2026-09-28T17:23:21.979Z,{}
IT.CEL.SETS.P2,IT.CEL.SETS.P2--ind,Indie,IND,Mobile cellular subscriptions (per 100 people),1988-12-31,1988,year,1988-01-01,0,abonamenty / 100 osób,annual,observed,https://api.worldbank.org/v2/country/POL;WLD;USA;CHN;DEU;IND;KOR;JPN;GBR;FRA;BRA;EST/indicator/IT.CEL.SETS.P2?format=json&per_page=1000,2026-09-28T17:23:21.979Z,{}
IT.CEL.SETS.P2,IT.CEL.SETS.P2--jpn,Japonia,JPN,Mobile cellular subscriptions (per 100 people),1988-12-31,1988,year,1988-01-01,0.197794266,abonamenty / 100 osób,annual,observed,https://api.worldbank.org/v2/country/POL;WLD;USA;CHN;DEU;IND;KOR;JPN;GBR;FRA;BRA;EST/indicator/IT.CEL.SETS.P2?format=json&per_page=1000,2026-09-28T17:23:21.979Z,{}
IT.CEL.SETS.P2,IT.CEL.SETS.P2--kor,Korea Płd.,KOR,Mobile cellular subscriptions (per 100 people),1988-12-31,1988,year,1988-01-01,0.04734527,abonamenty / 100 osób,annual,observed,https://api.worldbank.org/v2/country/POL;WLD;USA;CHN;DEU;IND;KOR;JPN;GBR;FRA;BRA;EST/indicator/IT.CEL.SETS.P2?format=json&per_page=1000,2026-09-28T17:23:21.979Z,{}
IT.CEL.SETS.P2,IT.CEL.SETS.P2--pol,Polska,POL,Mobile cellular subscriptions (per 100 people),1988-12-31,1988,year,1988-01-01,0,abonamenty / 100 osób,annual,observed,https://api.worldbank.org/v2/country/POL;WLD;USA;CHN;DEU;IND;KOR;JPN;GBR;FRA;BRA;EST/indicator/IT.CEL.SETS.P2?format=json&per_page=1000,2026-09-28T17:23:21.979Z,{}
IT.CEL.SETS.P2,IT.CEL.SETS.P2--usa,USA,USA,Mobile cellular subscriptions (per 100 people),1988-12-31,1988,year,1988-01-01,0.854125086,abonamenty / 100 osób,annual,observed,https://api.worldbank.org/v2/country/POL;WLD;USA;CHN;DEU;IND;KOR;JPN;GBR;FRA;BRA;EST/indicator/IT.CEL.SETS.P2?format=json&per_page=1000,2026-09-28T17:23:21.979Z,{}
IT.CEL.SETS.P2,IT.CEL.SETS.P2--wld,Świat,WLD,Mobile cellular subscriptions (per 100 people),1988-12-31,1988,year,1988-01-01,0.085113214682445,abonamenty / 100 osób,annual,observed,https://api.worldbank.org/v2/country/POL;WLD;USA;CHN;DEU;IND;KOR;JPN;GBR;FRA;BRA;EST/indicator/IT.CEL.SETS.P2?format=json&per_page=1000,2026-09-28T17:23:21.979Z,{}
IT.CEL.SETS.P2,IT.CEL.SETS.P2--bra,Brazylia,BRA,Mobile cellular subscriptions (per 100 people),1989-12-31,1989,year,1989-01-01,0,abonamenty / 100 osób,annual,observed,https://api.worldbank.org/v2/country/POL;WLD;USA;CHN;DEU;IND;KOR;JPN;GBR;FRA;BRA;EST/indicator/IT.CEL.SETS.P2?format=json&per_page=1000,2026-09-28T17:23:21.979Z,{}
IT.CEL.SETS.P2,IT.CEL.SETS.P2--chn,Chiny,CHN,Mobile cellular subscriptions (per 100 people),1989-12-31,1989,year,1989-01-01,0.000864322,abonamenty / 100 osób,annual,observed,https://api.worldbank.org/v2/country/POL;WLD;USA;CHN;DEU;IND;KOR;JPN;GBR;FRA;BRA;EST/indicator/IT.CEL.SETS.P2?format=json&per_page=1000,2026-09-28T17:23:21.979Z,{}
IT.CEL.SETS.P2,IT.CEL.SETS.P2--deu,Niemcy,DEU,Mobile cellular subscriptions (per 100 people),1989-12-31,1989,year,1989-01-01,0.207331963,abonamenty / 100 osób,annual,observed,https://api.worldbank.org/v2/country/POL;WLD;USA;CHN;DEU;IND;KOR;JPN;GBR;FRA;BRA;EST/indicator/IT.CEL.SETS.P2?format=json&per_page=1000,2026-09-28T17:23:21.979Z,{}
IT.CEL.SETS.P2,IT.CEL.SETS.P2--est,Estonia,EST,Mobile cellular subscriptions (per 100 people),1989-12-31,1989,year,1989-01-01,0,abonamenty / 100 osób,annual,observed,https://api.worldbank.org/v2/country/POL;WLD;USA;CHN;DEU;IND;KOR;JPN;GBR;FRA;BRA;EST/indicator/IT.CEL.SETS.P2?format=json&per_page=1000,2026-09-28T17:23:21.979Z,{}
IT.CEL.SETS.P2,IT.CEL.SETS.P2--fra,Francja,FRA,Mobile cellular subscriptions (per 100 people),1989-12-31,1989,year,1989-01-01,0.317607558,abonamenty / 100 osób,annual,observed,https://api.worldbank.org/v2/country/POL;WLD;USA;CHN;DEU;IND;KOR;JPN;GBR;FRA;BRA;EST/indicator/IT.CEL.SETS.P2?format=json&per_page=1000,2026-09-28T17:23:21.979Z,{}
IT.CEL.SETS.P2,IT.CEL.SETS.P2--gbr,Wielka Brytania,GBR,Mobile cellular subscriptions (per 100 people),1989-12-31,1989,year,1989-01-01,1.708245688,abonamenty / 100 osób,annual,observed,https://api.worldbank.org/v2/country/POL;WLD;USA;CHN;DEU;IND;KOR;JPN;GBR;FRA;BRA;EST/indicator/IT.CEL.SETS.P2?format=json&per_page=1000,2026-09-28T17:23:21.979Z,{}
IT.CEL.SETS.P2,IT.CEL.SETS.P2--ind,Indie,IND,Mobile cellular subscriptions (per 100 people),1989-12-31,1989,year,1989-01-01,0,abonamenty / 100 osób,annual,observed,https://api.worldbank.org/v2/country/POL;WLD;USA;CHN;DEU;IND;KOR;JPN;GBR;FRA;BRA;EST/indicator/IT.CEL.SETS.P2?format=json&per_page=1000,2026-09-28T17:23:21.979Z,{}
IT.CEL.SETS.P2,IT.CEL.SETS.P2--jpn,Japonia,JPN,Mobile cellular subscriptions (per 100 people),1989-12-31,1989,year,1989-01-01,0.397140769,abonamenty / 100 osób,annual,observed,https://api.worldbank.org/v2/country/POL;WLD;USA;CHN;DEU;IND;KOR;JPN;GBR;FRA;BRA;EST/indicator/IT.CEL.SETS.P2?format=json&per_page=1000,2026-09-28T17:23:21.979Z,{}
IT.CEL.SETS.P2,IT.CEL.SETS.P2--kor,Korea Płd.,KOR,Mobile cellular subscriptions (per 100 people),1989-12-31,1989,year,1989-01-01,0.09116426,abonamenty / 100 osób,annual,observed,https://api.worldbank.org/v2/country/POL;WLD;USA;CHN;DEU;IND;KOR;JPN;GBR;FRA;BRA;EST/indicator/IT.CEL.SETS.P2?format=json&per_page=1000,2026-09-28T17:23:21.979Z,{}
IT.CEL.SETS.P2,IT.CEL.SETS.P2--pol,Polska,POL,Mobile cellular subscriptions (per 100 people),1989-12-31,1989,year,1989-01-01,0,abonamenty / 100 osób,annual,observed,https://api.worldbank.org/v2/country/POL;WLD;USA;CHN;DEU;IND;KOR;JPN;GBR;FRA;BRA;EST/indicator/IT.CEL.SETS.P2?format=json&per_page=1000,2026-09-28T17:23:21.979Z,{}
IT.CEL.SETS.P2,IT.CEL.SETS.P2--usa,USA,USA,Mobile cellular subscriptions (per 100 people),1989-12-31,1989,year,1989-01-01,1.432490449,abonamenty / 100 osób,annual,observed,https://api.worldbank.org/v2/country/POL;WLD;USA;CHN;DEU;IND;KOR;JPN;GBR;FRA;BRA;EST/indicator/IT.CEL.SETS.P2?format=json&per_page=1000,2026-09-28T17:23:21.979Z,{}
IT.CEL.SETS.P2,IT.CEL.SETS.P2--wld,Świat,WLD,Mobile cellular subscriptions (per 100 people),1989-12-31,1989,year,1989-01-01,0.14208967899789,abonamenty / 100 osób,annual,observed,https://api.worldbank.org/v2/country/POL;WLD;USA;CHN;DEU;IND;KOR;JPN;GBR;FRA;BRA;EST/indicator/IT.CEL.SETS.P2?format=json&per_page=1000,2026-09-28T17:23:21.979Z,{}
IT.CEL.SETS.P2,IT.CEL.SETS.P2--bra,Brazylia,BRA,Mobile cellular subscriptions (per 100 people),1990-12-31,1990,year,1990-01-01,0.000442582,abonamenty / 100 osób,annual,observed,https://api.worldbank.org/v2/country/POL;WLD;USA;CHN;DEU;IND;KOR;JPN;GBR;FRA;BRA;EST/indicator/IT.CEL.SETS.P2?format=json&per_page=1000,2026-09-28T17:23:21.979Z,{}
IT.CEL.SETS.P2,IT.CEL.SETS.P2--chn,Chiny,CHN,Mobile cellular subscriptions (per 100 people),1990-12-31,1990,year,1990-01-01,0.001587842,abonamenty / 100 osób,annual,observed,https://api.worldbank.org/v2/country/POL;WLD;USA;CHN;DEU;IND;KOR;JPN;GBR;FRA;BRA;EST/indicator/IT.CEL.SETS.P2?format=json&per_page=1000,2026-09-28T17:23:21.979Z,{}
IT.CEL.SETS.P2,IT.CEL.SETS.P2--deu,Niemcy,DEU,Mobile cellular subscriptions (per 100 people),1990-12-31,1990,year,1990-01-01,0.343465197,abonamenty / 100 osób,annual,observed,https://api.worldbank.org/v2/country/POL;WLD;USA;CHN;DEU;IND;KOR;JPN;GBR;FRA;BRA;EST/indicator/IT.CEL.SETS.P2?format=json&per_page=1000,2026-09-28T17:23:21.979Z,{}
IT.CEL.SETS.P2,IT.CEL.SETS.P2--est,Estonia,EST,Mobile cellular subscriptions (per 100 people),1990-12-31,1990,year,1990-01-01,0,abonamenty / 100 osób,annual,observed,https://api.worldbank.org/v2/country/POL;WLD;USA;CHN;DEU;IND;KOR;JPN;GBR;FRA;BRA;EST/indicator/IT.CEL.SETS.P2?format=json&per_page=1000,2026-09-28T17:23:21.979Z,{}
IT.CEL.SETS.P2,IT.CEL.SETS.P2--fra,Francja,FRA,Mobile cellular subscriptions (per 100 people),1990-12-31,1990,year,1990-01-01,0.502012864,abonamenty / 100 osób,annual,observed,https://api.worldbank.org/v2/country/POL;WLD;USA;CHN;DEU;IND;KOR;JPN;GBR;FRA;BRA;EST/indicator/IT.CEL.SETS.P2?format=json&per_page=1000,2026-09-28T17:23:21.979Z,{}
IT.CEL.SETS.P2,IT.CEL.SETS.P2--gbr,Wielka Brytania,GBR,Mobile cellular subscriptions (per 100 people),1990-12-31,1990,year,1990-01-01,1.947196982,abonamenty / 100 osób,annual,observed,https://api.worldbank.org/v2/country/POL;WLD;USA;CHN;DEU;IND;KOR;JPN;GBR;FRA;BRA;EST/indicator/IT.CEL.SETS.P2?format=json&per_page=1000,2026-09-28T17:23:21.979Z,{}
IT.CEL.SETS.P2,IT.CEL.SETS.P2--ind,Indie,IND,Mobile cellular subscriptions (per 100 people),1990-12-31,1990,year,1990-01-01,0,abonamenty / 100 osób,annual,observed,https://api.worldbank.org/v2/country/POL;WLD;USA;CHN;DEU;IND;KOR;JPN;GBR;FRA;BRA;EST/indicator/IT.CEL.SETS.P2?format=json&per_page=1000,2026-09-28T17:23:21.979Z,{}
IT.CEL.SETS.P2,IT.CEL.SETS.P2--jpn,Japonia,JPN,Mobile cellular subscriptions (per 100 people),1990-12-31,1990,year,1990-01-01,0.701838322,abonamenty / 100 osób,annual,observed,https://api.worldbank.org/v2/country/POL;WLD;USA;CHN;DEU;IND;KOR;JPN;GBR;FRA;BRA;EST/indicator/IT.CEL.SETS.P2?format=json&per_page=1000,2026-09-28T17:23:21.979Z,{}
IT.CEL.SETS.P2,IT.CEL.SETS.P2--kor,Korea Płd.,KOR,Mobile cellular subscriptions (per 100 people),1990-12-31,1990,year,1990-01-01,0.181334835,abonamenty / 100 osób,annual,observed,https://api.worldbank.org/v2/country/POL;WLD;USA;CHN;DEU;IND;KOR;JPN;GBR;FRA;BRA;EST/indicator/IT.CEL.SETS.P2?format=json&per_page=1000,2026-09-28T17:23:21.979Z,{}
IT.CEL.SETS.P2,IT.CEL.SETS.P2--pol,Polska,POL,Mobile cellular subscriptions (per 100 people),1990-12-31,1990,year,1990-01-01,0,abonamenty / 100 osób,annual,observed,https://api.worldbank.org/v2/country/POL;WLD;USA;CHN;DEU;IND;KOR;JPN;GBR;FRA;BRA;EST/indicator/IT.CEL.SETS.P2?format=json&per_page=1000,2026-09-28T17:23:21.979Z,{}
IT.CEL.SETS.P2,IT.CEL.SETS.P2--usa,USA,USA,Mobile cellular subscriptions (per 100 people),1990-12-31,1990,year,1990-01-01,2.129545117,abonamenty / 100 osób,annual,observed,https://api.worldbank.org/v2/country/POL;WLD;USA;CHN;DEU;IND;KOR;JPN;GBR;FRA;BRA;EST/indicator/IT.CEL.SETS.P2?format=json&per_page=1000,2026-09-28T17:23:21.979Z,{}
IT.CEL.SETS.P2,IT.CEL.SETS.P2--wld,Świat,WLD,Mobile cellular subscriptions (per 100 people),1990-12-31,1990,year,1990-01-01,0.211594271247073,abonamenty / 100 osób,annual,observed,https://api.worldbank.org/v2/country/POL;WLD;USA;CHN;DEU;IND;KOR;JPN;GBR;FRA;BRA;EST/indicator/IT.CEL.SETS.P2?format=json&per_page=1000,2026-09-28T17:23:21.979Z,{}
IT.CEL.SETS.P2,IT.CEL.SETS.P2--bra,Brazylia,BRA,Mobile cellular subscriptions (per 100 people),1991-12-31,1991,year,1991-01-01,0.004369477,abonamenty / 100 osób,annual,observed,https://api.worldbank.org/v2/country/POL;WLD;USA;CHN;DEU;IND;KOR;JPN;GBR;FRA;BRA;EST/indicator/IT.CEL.SETS.P2?format=json&per_page=1000,2026-09-28T17:23:21.979Z,{}
IT.CEL.SETS.P2,IT.CEL.SETS.P2--chn,Chiny,CHN,Mobile cellular subscriptions (per 100 people),1991-12-31,1991,year,1991-01-01,0.004061416,abonamenty / 100 osób,annual,observed,https://api.worldbank.org/v2/country/POL;WLD;USA;CHN;DEU;IND;KOR;JPN;GBR;FRA;BRA;EST/indicator/IT.CEL.SETS.P2?format=json&per_page=1000,2026-09-28T17:23:21.979Z,{}
IT.CEL.SETS.P2,IT.CEL.SETS.P2--deu,Niemcy,DEU,Mobile cellular subscriptions (per 100 people),1991-12-31,1991,year,1991-01-01,0.666964587,abonamenty / 100 osób,annual,observed,https://api.worldbank.org/v2/country/POL;WLD;USA;CHN;DEU;IND;KOR;JPN;GBR;FRA;BRA;EST/indicator/IT.CEL.SETS.P2?format=json&per_page=1000,2026-09-28T17:23:21.979Z,{}
IT.CEL.SETS.P2,IT.CEL.SETS.P2--est,Estonia,EST,Mobile cellular subscriptions (per 100 people),1991-12-31,1991,year,1991-01-01,0.036407139,abonamenty / 100 osób,annual,observed,https://api.worldbank.org/v2/country/POL;WLD;USA;CHN;DEU;IND;KOR;JPN;GBR;FRA;BRA;EST/indicator/IT.CEL.SETS.P2?format=json&per_page=1000,2026-09-28T17:23:21.979Z,{}
IT.CEL.SETS.P2,IT.CEL.SETS.P2--fra,Francja,FRA,Mobile cellular subscriptions (per 100 people),1991-12-31,1991,year,1991-01-01,0.662015306,abonamenty / 100 osób,annual,observed,https://api.worldbank.org/v2/country/POL;WLD;USA;CHN;DEU;IND;KOR;JPN;GBR;FRA;BRA;EST/indicator/IT.CEL.SETS.P2?format=json&per_page=1000,2026-09-28T17:23:21.979Z,{}
IT.CEL.SETS.P2,IT.CEL.SETS.P2--gbr,Wielka Brytania,GBR,Mobile cellular subscriptions (per 100 people),1991-12-31,1991,year,1991-01-01,2.196673629,abonamenty / 100 osób,annual,observed,https://api.worldbank.org/v2/country/POL;WLD;USA;CHN;DEU;IND;KOR;JPN;GBR;FRA;BRA;EST/indicator/IT.CEL.SETS.P2?format=json&per_page=1000,2026-09-28T17:23:21.979Z,{}
IT.CEL.SETS.P2,IT.CEL.SETS.P2--ind,Indie,IND,Mobile cellular subscriptions (per 100 people),1991-12-31,1991,year,1991-01-01,0,abonamenty / 100 osób,annual,observed,https://api.worldbank.org/v2/country/POL;WLD;USA;CHN;DEU;IND;KOR;JPN;GBR;FRA;BRA;EST/indicator/IT.CEL.SETS.P2?format=json&per_page=1000,2026-09-28T17:23:21.979Z,{}
IT.CEL.SETS.P2,IT.CEL.SETS.P2--jpn,Japonia,JPN,Mobile cellular subscriptions (per 100 people),1991-12-31,1991,year,1991-01-01,1.110714636,abonamenty / 100 osób,annual,observed,https://api.worldbank.org/v2/country/POL;WLD;USA;CHN;DEU;IND;KOR;JPN;GBR;FRA;BRA;EST/indicator/IT.CEL.SETS.P2?format=json&per_page=1000,2026-09-28T17:23:21.979Z,{}
IT.CEL.SETS.P2,IT.CEL.SETS.P2--kor,Korea Płd.,KOR,Mobile cellular subscriptions (per 100 people),1991-12-31,1991,year,1991-01-01,0.373382025,abonamenty / 100 osób,annual,observed,https://api.worldbank.org/v2/country/POL;WLD;USA;CHN;DEU;IND;KOR;JPN;GBR;FRA;BRA;EST/indicator/IT.CEL.SETS.P2?format=json&per_page=1000,2026-09-28T17:23:21.979Z,{}
IT.CEL.SETS.P2,IT.CEL.SETS.P2--pol,Polska,POL,Mobile cellular subscriptions (per 100 people),1991-12-31,1991,year,1991-01-01,0,abonamenty / 100 osób,annual,observed,https://api.worldbank.org/v2/country/POL;WLD;USA;CHN;DEU;IND;KOR;JPN;GBR;FRA;BRA;EST/indicator/IT.CEL.SETS.P2?format=json&per_page=1000,2026-09-28T17:23:21.979Z,{}
IT.CEL.SETS.P2,IT.CEL.SETS.P2--usa,USA,USA,Mobile cellular subscriptions (per 100 people),1991-12-31,1991,year,1991-01-01,3.004111275,abonamenty / 100 osób,annual,observed,https://api.worldbank.org/v2/country/POL;WLD;USA;CHN;DEU;IND;KOR;JPN;GBR;FRA;BRA;EST/indicator/IT.CEL.SETS.P2?format=json&per_page=1000,2026-09-28T17:23:21.979Z,{}
IT.CEL.SETS.P2,IT.CEL.SETS.P2--wld,Świat,WLD,Mobile cellular subscriptions (per 100 people),1991-12-31,1991,year,1991-01-01,0.302299140293289,abonamenty / 100 osób,annual,observed,https://api.worldbank.org/v2/country/POL;WLD;USA;CHN;DEU;IND;KOR;JPN;GBR;FRA;BRA;EST/indicator/IT.CEL.SETS.P2?format=json&per_page=1000,2026-09-28T17:23:21.979Z,{}
IT.CEL.SETS.P2,IT.CEL.SETS.P2--bra,Brazylia,BRA,Mobile cellular subscriptions (per 100 people),1992-12-31,1992,year,1992-01-01,0.020525874,abonamenty / 100 osób,annual,observed,https://api.worldbank.org/v2/country/POL;WLD;USA;CHN;DEU;IND;KOR;JPN;GBR;FRA;BRA;EST/indicator/IT.CEL.SETS.P2?format=json&per_page=1000,2026-09-28T17:23:21.979Z,{}
IT.CEL.SETS.P2,IT.CEL.SETS.P2--chn,Chiny,CHN,Mobile cellular subscriptions (per 100 people),1992-12-31,1992,year,1992-01-01,0.014946866,abonamenty / 100 osób,annual,observed,https://api.worldbank.org/v2/country/POL;WLD;USA;CHN;DEU;IND;KOR;JPN;GBR;FRA;BRA;EST/indicator/IT.CEL.SETS.P2?format=json&per_page=1000,2026-09-28T17:23:21.979Z,{}
IT.CEL.SETS.P2,IT.CEL.SETS.P2--deu,Niemcy,DEU,Mobile cellular subscriptions (per 100 people),1992-12-31,1992,year,1992-01-01,1.211756918,abonamenty / 100 osób,annual,observed,https://api.worldbank.org/v2/country/POL;WLD;USA;CHN;DEU;IND;KOR;JPN;GBR;FRA;BRA;EST/indicator/IT.CEL.SETS.P2?format=json&per_page=1000,2026-09-28T17:23:21.979Z,{}
IT.CEL.SETS.P2,IT.CEL.SETS.P2--est,Estonia,EST,Mobile cellular subscriptions (per 100 people),1992-12-31,1992,year,1992-01-01,0.162167672,abonamenty / 100 osób,annual,observed,https://api.worldbank.org/v2/country/POL;WLD;USA;CHN;DEU;IND;KOR;JPN;GBR;FRA;BRA;EST/indicator/IT.CEL.SETS.P2?format=json&per_page=1000,2026-09-28T17:23:21.979Z,{}
IT.CEL.SETS.P2,IT.CEL.SETS.P2--fra,Francja,FRA,Mobile cellular subscriptions (per 100 people),1992-12-31,1992,year,1992-01-01,0.767972059,abonamenty / 100 osób,annual,observed,https://api.worldbank.org/v2/country/POL;WLD;USA;CHN;DEU;IND;KOR;JPN;GBR;FRA;BRA;EST/indicator/IT.CEL.SETS.P2?format=json&per_page=1000,2026-09-28T17:23:21.979Z,{}
IT.CEL.SETS.P2,IT.CEL.SETS.P2--gbr,Wielka Brytania,GBR,Mobile cellular subscriptions (per 100 people),1992-12-31,1992,year,1992-01-01,2.620448471,abonamenty / 100 osób,annual,observed,https://api.worldbank.org/v2/country/POL;WLD;USA;CHN;DEU;IND;KOR;JPN;GBR;FRA;BRA;EST/indicator/IT.CEL.SETS.P2?format=json&per_page=1000,2026-09-28T17:23:21.979Z,{}
IT.CEL.SETS.P2,IT.CEL.SETS.P2--ind,Indie,IND,Mobile cellular subscriptions (per 100 people),1992-12-31,1992,year,1992-01-01,0,abonamenty / 100 osób,annual,observed,https://api.worldbank.org/v2/country/POL;WLD;USA;CHN;DEU;IND;KOR;JPN;GBR;FRA;BRA;EST/indicator/IT.CEL.SETS.P2?format=json&per_page=1000,2026-09-28T17:23:21.979Z,{}
IT.CEL.SETS.P2,IT.CEL.SETS.P2--jpn,Japonia,JPN,Mobile cellular subscriptions (per 100 people),1992-12-31,1992,year,1992-01-01,1.376149484,abonamenty / 100 osób,annual,observed,https://api.worldbank.org/v2/country/POL;WLD;USA;CHN;DEU;IND;KOR;JPN;GBR;FRA;BRA;EST/indicator/IT.CEL.SETS.P2?format=json&per_page=1000,2026-09-28T17:23:21.979Z,{}
IT.CEL.SETS.P2,IT.CEL.SETS.P2--kor,Korea Płd.,KOR,Mobile cellular subscriptions (per 100 people),1992-12-31,1992,year,1992-01-01,0.608287335,abonamenty / 100 osób,annual,observed,https://api.worldbank.org/v2/country/POL;WLD;USA;CHN;DEU;IND;KOR;JPN;GBR;FRA;BRA;EST/indicator/IT.CEL.SETS.P2?format=json&per_page=1000,2026-09-28T17:23:21.979Z,{}
IT.CEL.SETS.P2,IT.CEL.SETS.P2--pol,Polska,POL,Mobile cellular subscriptions (per 100 people),1992-12-31,1992,year,1992-01-01,0.005738221,abonamenty / 100 osób,annual,observed,https://api.worldbank.org/v2/country/POL;WLD;USA;CHN;DEU;IND;KOR;JPN;GBR;FRA;BRA;EST/indicator/IT.CEL.SETS.P2?format=json&per_page=1000,2026-09-28T17:23:21.979Z,{}
IT.CEL.SETS.P2,IT.CEL.SETS.P2--usa,USA,USA,Mobile cellular subscriptions (per 100 people),1992-12-31,1992,year,1992-01-01,4.323596882,abonamenty / 100 osób,annual,observed,https://api.worldbank.org/v2/country/POL;WLD;USA;CHN;DEU;IND;KOR;JPN;GBR;FRA;BRA;EST/indicator/IT.CEL.SETS.P2?format=json&per_page=1000,2026-09-28T17:23:21.979Z,{}
IT.CEL.SETS.P2,IT.CEL.SETS.P2--wld,Świat,WLD,Mobile cellular subscriptions (per 100 people),1992-12-31,1992,year,1992-01-01,0.427741587995374,abonamenty / 100 osób,annual,observed,https://api.worldbank.org/v2/country/POL;WLD;USA;CHN;DEU;IND;KOR;JPN;GBR;FRA;BRA;EST/indicator/IT.CEL.SETS.P2?format=json&per_page=1000,2026-09-28T17:23:21.979Z,{}
IT.CEL.SETS.P2,IT.CEL.SETS.P2--bra,Brazylia,BRA,Mobile cellular subscriptions (per 100 people),1993-12-31,1993,year,1993-01-01,0.114869348,abonamenty / 100 osób,annual,observed,https://api.worldbank.org/v2/country/POL;WLD;USA;CHN;DEU;IND;KOR;JPN;GBR;FRA;BRA;EST/indicator/IT.CEL.SETS.P2?format=json&per_page=1000,2026-09-28T17:23:21.979Z,{}
IT.CEL.SETS.P2,IT.CEL.SETS.P2--chn,Chiny,CHN,Mobile cellular subscriptions (per 100 people),1993-12-31,1993,year,1993-01-01,0.053350925,abonamenty / 100 osób,annual,observed,https://api.worldbank.org/v2/country/POL;WLD;USA;CHN;DEU;IND;KOR;JPN;GBR;FRA;BRA;EST/indicator/IT.CEL.SETS.P2?format=json&per_page=1000,2026-09-28T17:23:21.979Z,{}
IT.CEL.SETS.P2,IT.CEL.SETS.P2--deu,Niemcy,DEU,Mobile cellular subscriptions (per 100 people),1993-12-31,1993,year,1993-01-01,2.20218591,abonamenty / 100 osób,annual,observed,https://api.worldbank.org/v2/country/POL;WLD;USA;CHN;DEU;IND;KOR;JPN;GBR;FRA;BRA;EST/indicator/IT.CEL.SETS.P2?format=json&per_page=1000,2026-09-28T17:23:21.979Z,{}
IT.CEL.SETS.P2,IT.CEL.SETS.P2--est,Estonia,EST,Mobile cellular subscriptions (per 100 people),1993-12-31,1993,year,1993-01-01,0.480179948,abonamenty / 100 osób,annual,observed,https://api.worldbank.org/v2/country/POL;WLD;USA;CHN;DEU;IND;KOR;JPN;GBR;FRA;BRA;EST/indicator/IT.CEL.SETS.P2?format=json&per_page=1000,2026-09-28T17:23:21.979Z,{}
IT.CEL.SETS.P2,IT.CEL.SETS.P2--fra,Francja,FRA,Mobile cellular subscriptions (per 100 people),1993-12-31,1993,year,1993-01-01,1.002563689,abonamenty / 100 osób,annual,observed,https://api.worldbank.org/v2/country/POL;WLD;USA;CHN;DEU;IND;KOR;JPN;GBR;FRA;BRA;EST/indicator/IT.CEL.SETS.P2?format=json&per_page=1000,2026-09-28T17:23:21.979Z,{}
IT.CEL.SETS.P2,IT.CEL.SETS.P2--gbr,Wielka Brytania,GBR,Mobile cellular subscriptions (per 100 people),1993-12-31,1993,year,1993-01-01,3.934258199,abonamenty / 100 osób,annual,observed,https://api.worldbank.org/v2/country/POL;WLD;USA;CHN;DEU;IND;KOR;JPN;GBR;FRA;BRA;EST/indicator/IT.CEL.SETS.P2?format=json&per_page=1000,2026-09-28T17:23:21.979Z,{}
IT.CEL.SETS.P2,IT.CEL.SETS.P2--ind,Indie,IND,Mobile cellular subscriptions (per 100 people),1993-12-31,1993,year,1993-01-01,0,abonamenty / 100 osób,annual,observed,https://api.worldbank.org/v2/country/POL;WLD;USA;CHN;DEU;IND;KOR;JPN;GBR;FRA;BRA;EST/indicator/IT.CEL.SETS.P2?format=json&per_page=1000,2026-09-28T17:23:21.979Z,{}
IT.CEL.SETS.P2,IT.CEL.SETS.P2--jpn,Japonia,JPN,Mobile cellular subscriptions (per 100 people),1993-12-31,1993,year,1993-01-01,1.70810566,abonamenty / 100 osób,annual,observed,https://api.worldbank.org/v2/country/POL;WLD;USA;CHN;DEU;IND;KOR;JPN;GBR;FRA;BRA;EST/indicator/IT.CEL.SETS.P2?format=json&per_page=1000,2026-09-28T17:23:21.979Z,{}
IT.CEL.SETS.P2,IT.CEL.SETS.P2--kor,Korea Płd.,KOR,Mobile cellular subscriptions (per 100 people),1993-12-31,1993,year,1993-01-01,1.049975406,abonamenty / 100 osób,annual,observed,https://api.worldbank.org/v2/country/POL;WLD;USA;CHN;DEU;IND;KOR;JPN;GBR;FRA;BRA;EST/indicator/IT.CEL.SETS.P2?format=json&per_page=1000,2026-09-28T17:23:21.979Z,{}
IT.CEL.SETS.P2,IT.CEL.SETS.P2--pol,Polska,POL,Mobile cellular subscriptions (per 100 people),1993-12-31,1993,year,1993-01-01,0.040968916,abonamenty / 100 osób,annual,observed,https://api.worldbank.org/v2/country/POL;WLD;USA;CHN;DEU;IND;KOR;JPN;GBR;FRA;BRA;EST/indicator/IT.CEL.SETS.P2?format=json&per_page=1000,2026-09-28T17:23:21.979Z,{}
IT.CEL.SETS.P2,IT.CEL.SETS.P2--usa,USA,USA,Mobile cellular subscriptions (per 100 people),1993-12-31,1993,year,1993-01-01,6.186519908,abonamenty / 100 osób,annual,observed,https://api.worldbank.org/v2/country/POL;WLD;USA;CHN;DEU;IND;KOR;JPN;GBR;FRA;BRA;EST/indicator/IT.CEL.SETS.P2?format=json&per_page=1000,2026-09-28T17:23:21.979Z,{}
IT.CEL.SETS.P2,IT.CEL.SETS.P2--wld,Świat,WLD,Mobile cellular subscriptions (per 100 people),1993-12-31,1993,year,1993-01-01,0.61917529433752,abonamenty / 100 osób,annual,observed,https://api.worldbank.org/v2/country/POL;WLD;USA;CHN;DEU;IND;KOR;JPN;GBR;FRA;BRA;EST/indicator/IT.CEL.SETS.P2?format=json&per_page=1000,2026-09-28T17:23:21.979Z,{}
IT.CEL.SETS.P2,IT.CEL.SETS.P2--bra,Brazylia,BRA,Mobile cellular subscriptions (per 100 people),1994-12-31,1994,year,1994-01-01,0.356570578,abonamenty / 100 osób,annual,observed,https://api.worldbank.org/v2/country/POL;WLD;USA;CHN;DEU;IND;KOR;JPN;GBR;FRA;BRA;EST/indicator/IT.CEL.SETS.P2?format=json&per_page=1000,2026-09-28T17:23:21.979Z,{}
IT.CEL.SETS.P2,IT.CEL.SETS.P2--chn,Chiny,CHN,Mobile cellular subscriptions (per 100 people),1994-12-31,1994,year,1994-01-01,0.129878018,abonamenty / 100 osób,annual,observed,https://api.worldbank.org/v2/country/POL;WLD;USA;CHN;DEU;IND;KOR;JPN;GBR;FRA;BRA;EST/indicator/IT.CEL.SETS.P2?format=json&per_page=1000,2026-09-28T17:23:21.979Z,{}
IT.CEL.SETS.P2,IT.CEL.SETS.P2--deu,Niemcy,DEU,Mobile cellular subscriptions (per 100 people),1994-12-31,1994,year,1994-01-01,3.079172276,abonamenty / 100 osób,annual,observed,https://api.worldbank.org/v2/country/POL;WLD;USA;CHN;DEU;IND;KOR;JPN;GBR;FRA;BRA;EST/indicator/IT.CEL.SETS.P2?format=json&per_page=1000,2026-09-28T17:23:21.979Z,{}
IT.CEL.SETS.P2,IT.CEL.SETS.P2--est,Estonia,EST,Mobile cellular subscriptions (per 100 people),1994-12-31,1994,year,1994-01-01,0.933370468,abonamenty / 100 osób,annual,observed,https://api.worldbank.org/v2/country/POL;WLD;USA;CHN;DEU;IND;KOR;JPN;GBR;FRA;BRA;EST/indicator/IT.CEL.SETS.P2?format=json&per_page=1000,2026-09-28T17:23:21.979Z,{}
IT.CEL.SETS.P2,IT.CEL.SETS.P2--fra,Francja,FRA,Mobile cellular subscriptions (per 100 people),1994-12-31,1994,year,1994-01-01,1.542895357,abonamenty / 100 osób,annual,observed,https://api.worldbank.org/v2/country/POL;WLD;USA;CHN;DEU;IND;KOR;JPN;GBR;FRA;BRA;EST/indicator/IT.CEL.SETS.P2?format=json&per_page=1000,2026-09-28T17:23:21.979Z,{}
IT.CEL.SETS.P2,IT.CEL.SETS.P2--gbr,Wielka Brytania,GBR,Mobile cellular subscriptions (per 100 people),1994-12-31,1994,year,1994-01-01,6.818272277,abonamenty / 100 osób,annual,observed,https://api.worldbank.org/v2/country/POL;WLD;USA;CHN;DEU;IND;KOR;JPN;GBR;FRA;BRA;EST/indicator/IT.CEL.SETS.P2?format=json&per_page=1000,2026-09-28T17:23:21.979Z,{}
IT.CEL.SETS.P2,IT.CEL.SETS.P2--ind,Indie,IND,Mobile cellular subscriptions (per 100 people),1994-12-31,1994,year,1994-01-01,0,abonamenty / 100 osób,annual,observed,https://api.worldbank.org/v2/country/POL;WLD;USA;CHN;DEU;IND;KOR;JPN;GBR;FRA;BRA;EST/indicator/IT.CEL.SETS.P2?format=json&per_page=1000,2026-09-28T17:23:21.979Z,{}
IT.CEL.SETS.P2,IT.CEL.SETS.P2--jpn,Japonia,JPN,Mobile cellular subscriptions (per 100 people),1994-12-31,1994,year,1994-01-01,3.461792124,abonamenty / 100 osób,annual,observed,https://api.worldbank.org/v2/country/POL;WLD;USA;CHN;DEU;IND;KOR;JPN;GBR;FRA;BRA;EST/indicator/IT.CEL.SETS.P2?format=json&per_page=1000,2026-09-28T17:23:21.979Z,{}
IT.CEL.SETS.P2,IT.CEL.SETS.P2--kor,Korea Płd.,KOR,Mobile cellular subscriptions (per 100 people),1994-12-31,1994,year,1994-01-01,2.126074209,abonamenty / 100 osób,annual,observed,https://api.worldbank.org/v2/country/POL;WLD;USA;CHN;DEU;IND;KOR;JPN;GBR;FRA;BRA;EST/indicator/IT.CEL.SETS.P2?format=json&per_page=1000,2026-09-28T17:23:21.979Z,{}
IT.CEL.SETS.P2,IT.CEL.SETS.P2--pol,Polska,POL,Mobile cellular subscriptions (per 100 people),1994-12-31,1994,year,1994-01-01,0.101476311,abonamenty / 100 osób,annual,observed,https://api.worldbank.org/v2/country/POL;WLD;USA;CHN;DEU;IND;KOR;JPN;GBR;FRA;BRA;EST/indicator/IT.CEL.SETS.P2?format=json&per_page=1000,2026-09-28T17:23:21.979Z,{}
IT.CEL.SETS.P2,IT.CEL.SETS.P2--usa,USA,USA,Mobile cellular subscriptions (per 100 people),1994-12-31,1994,year,1994-01-01,9.202002036,abonamenty / 100 osób,annual,observed,https://api.worldbank.org/v2/country/POL;WLD;USA;CHN;DEU;IND;KOR;JPN;GBR;FRA;BRA;EST/indicator/IT.CEL.SETS.P2?format=json&per_page=1000,2026-09-28T17:23:21.979Z,{}
IT.CEL.SETS.P2,IT.CEL.SETS.P2--wld,Świat,WLD,Mobile cellular subscriptions (per 100 people),1994-12-31,1994,year,1994-01-01,0.991495034555743,abonamenty / 100 osób,annual,observed,https://api.worldbank.org/v2/country/POL;WLD;USA;CHN;DEU;IND;KOR;JPN;GBR;FRA;BRA;EST/indicator/IT.CEL.SETS.P2?format=json&per_page=1000,2026-09-28T17:23:21.979Z,{}
IT.CEL.SETS.P2,IT.CEL.SETS.P2--bra,Brazylia,BRA,Mobile cellular subscriptions (per 100 people),1995-12-31,1995,year,1995-01-01,0.786185011,abonamenty / 100 osób,annual,observed,https://api.worldbank.org/v2/country/POL;WLD;USA;CHN;DEU;IND;KOR;JPN;GBR;FRA;BRA;EST/indicator/IT.CEL.SETS.P2?format=json&per_page=1000,2026-09-28T17:23:21.979Z,{}
IT.CEL.SETS.P2,IT.CEL.SETS.P2--chn,Chiny,CHN,Mobile cellular subscriptions (per 100 people),1995-12-31,1995,year,1995-01-01,0.29791213,abonamenty / 100 osób,annual,observed,https://api.worldbank.org/v2/country/POL;WLD;USA;CHN;DEU;IND;KOR;JPN;GBR;FRA;BRA;EST/indicator/IT.CEL.SETS.P2?format=json&per_page=1000,2026-09-28T17:23:21.979Z,{}
IT.CEL.SETS.P2,IT.CEL.SETS.P2--deu,Niemcy,DEU,Mobile cellular subscriptions (per 100 people),1995-12-31,1995,year,1995-01-01,4.59177788,abonamenty / 100 osób,annual,observed,https://api.worldbank.org/v2/country/POL;WLD;USA;CHN;DEU;IND;KOR;JPN;GBR;FRA;BRA;EST/indicator/IT.CEL.SETS.P2?format=json&per_page=1000,2026-09-28T17:23:21.979Z,{}
IT.CEL.SETS.P2,IT.CEL.SETS.P2--est,Estonia,EST,Mobile cellular subscriptions (per 100 people),1995-12-31,1995,year,1995-01-01,2.096126379,abonamenty / 100 osób,annual,observed,https://api.worldbank.org/v2/country/POL;WLD;USA;CHN;DEU;IND;KOR;JPN;GBR;FRA;BRA;EST/indicator/IT.CEL.SETS.P2?format=json&per_page=1000,2026-09-28T17:23:21.979Z,{}
IT.CEL.SETS.P2,IT.CEL.SETS.P2--fra,Francja,FRA,Mobile cellular subscriptions (per 100 people),1995-12-31,1995,year,1995-01-01,2.268352438,abonamenty / 100 osób,annual,observed,https://api.worldbank.org/v2/country/POL;WLD;USA;CHN;DEU;IND;KOR;JPN;GBR;FRA;BRA;EST/indicator/IT.CEL.SETS.P2?format=json&per_page=1000,2026-09-28T17:23:21.979Z,{}
IT.CEL.SETS.P2,IT.CEL.SETS.P2--gbr,Wielka Brytania,GBR,Mobile cellular subscriptions (per 100 people),1995-12-31,1995,year,1995-01-01,9.901172035,abonamenty / 100 osób,annual,observed,https://api.worldbank.org/v2/country/POL;WLD;USA;CHN;DEU;IND;KOR;JPN;GBR;FRA;BRA;EST/indicator/IT.CEL.SETS.P2?format=json&per_page=1000,2026-09-28T17:23:21.979Z,{}
IT.CEL.SETS.P2,IT.CEL.SETS.P2--ind,Indie,IND,Mobile cellular subscriptions (per 100 people),1995-12-31,1995,year,1995-01-01,0.007952054,abonamenty / 100 osób,annual,observed,https://api.worldbank.org/v2/country/POL;WLD;USA;CHN;DEU;IND;KOR;JPN;GBR;FRA;BRA;EST/indicator/IT.CEL.SETS.P2?format=json&per_page=1000,2026-09-28T17:23:21.979Z,{}
IT.CEL.SETS.P2,IT.CEL.SETS.P2--jpn,Japonia,JPN,Mobile cellular subscriptions (per 100 people),1995-12-31,1995,year,1995-01-01,9.337292835,abonamenty / 100 osób,annual,observed,https://api.worldbank.org/v2/country/POL;WLD;USA;CHN;DEU;IND;KOR;JPN;GBR;FRA;BRA;EST/indicator/IT.CEL.SETS.P2?format=json&per_page=1000,2026-09-28T17:23:21.979Z,{}
IT.CEL.SETS.P2,IT.CEL.SETS.P2--kor,Korea Płd.,KOR,Mobile cellular subscriptions (per 100 people),1995-12-31,1995,year,1995-01-01,3.615707017,abonamenty / 100 osób,annual,observed,https://api.worldbank.org/v2/country/POL;WLD;USA;CHN;DEU;IND;KOR;JPN;GBR;FRA;BRA;EST/indicator/IT.CEL.SETS.P2?format=json&per_page=1000,2026-09-28T17:23:21.979Z,{}
IT.CEL.SETS.P2,IT.CEL.SETS.P2--pol,Polska,POL,Mobile cellular subscriptions (per 100 people),1995-12-31,1995,year,1995-01-01,0.19530244,abonamenty / 100 osób,annual,observed,https://api.worldbank.org/v2/country/POL;WLD;USA;CHN;DEU;IND;KOR;JPN;GBR;FRA;BRA;EST/indicator/IT.CEL.SETS.P2?format=json&per_page=1000,2026-09-28T17:23:21.979Z,{}
IT.CEL.SETS.P2,IT.CEL.SETS.P2--usa,USA,USA,Mobile cellular subscriptions (per 100 people),1995-12-31,1995,year,1995-01-01,12.71760532,abonamenty / 100 osób,annual,observed,https://api.worldbank.org/v2/country/POL;WLD;USA;CHN;DEU;IND;KOR;JPN;GBR;FRA;BRA;EST/indicator/IT.CEL.SETS.P2?format=json&per_page=1000,2026-09-28T17:23:21.979Z,{}
IT.CEL.SETS.P2,IT.CEL.SETS.P2--wld,Świat,WLD,Mobile cellular subscriptions (per 100 people),1995-12-31,1995,year,1995-01-01,1.58624957062705,abonamenty / 100 osób,annual,observed,https://api.worldbank.org/v2/country/POL;WLD;USA;CHN;DEU;IND;KOR;JPN;GBR;FRA;BRA;EST/indicator/IT.CEL.SETS.P2?format=json&per_page=1000,2026-09-28T17:23:21.979Z,{}
IT.CEL.SETS.P2,IT.CEL.SETS.P2--bra,Brazylia,BRA,Mobile cellular subscriptions (per 100 people),1996-12-31,1996,year,1996-01-01,1.504575585,abonamenty / 100 osób,annual,observed,https://api.worldbank.org/v2/country/POL;WLD;USA;CHN;DEU;IND;KOR;JPN;GBR;FRA;BRA;EST/indicator/IT.CEL.SETS.P2?format=json&per_page=1000,2026-09-28T17:23:21.979Z,{}
IT.CEL.SETS.P2,IT.CEL.SETS.P2--chn,Chiny,CHN,Mobile cellular subscriptions (per 100 people),1996-12-31,1996,year,1996-01-01,0.557926117,abonamenty / 100 osób,annual,observed,https://api.worldbank.org/v2/country/POL;WLD;USA;CHN;DEU;IND;KOR;JPN;GBR;FRA;BRA;EST/indicator/IT.CEL.SETS.P2?format=json&per_page=1000,2026-09-28T17:23:21.979Z,{}
IT.CEL.SETS.P2,IT.CEL.SETS.P2--deu,Niemcy,DEU,Mobile cellular subscriptions (per 100 people),1996-12-31,1996,year,1996-01-01,6.779755664,abonamenty / 100 osób,annual,observed,https://api.worldbank.org/v2/country/POL;WLD;USA;CHN;DEU;IND;KOR;JPN;GBR;FRA;BRA;EST/indicator/IT.CEL.SETS.P2?format=json&per_page=1000,2026-09-28T17:23:21.979Z,{}
IT.CEL.SETS.P2,IT.CEL.SETS.P2--est,Estonia,EST,Mobile cellular subscriptions (per 100 people),1996-12-31,1996,year,1996-01-01,4.8443196,abonamenty / 100 osób,annual,observed,https://api.worldbank.org/v2/country/POL;WLD;USA;CHN;DEU;IND;KOR;JPN;GBR;FRA;BRA;EST/indicator/IT.CEL.SETS.P2?format=json&per_page=1000,2026-09-28T17:23:21.979Z,{}
IT.CEL.SETS.P2,IT.CEL.SETS.P2--fra,Francja,FRA,Mobile cellular subscriptions (per 100 people),1996-12-31,1996,year,1996-01-01,4.273801074,abonamenty / 100 osób,annual,observed,https://api.worldbank.org/v2/country/POL;WLD;USA;CHN;DEU;IND;KOR;JPN;GBR;FRA;BRA;EST/indicator/IT.CEL.SETS.P2?format=json&per_page=1000,2026-09-28T17:23:21.979Z,{}
IT.CEL.SETS.P2,IT.CEL.SETS.P2--gbr,Wielka Brytania,GBR,Mobile cellular subscriptions (per 100 people),1996-12-31,1996,year,1996-01-01,12.48025391,abonamenty / 100 osób,annual,observed,https://api.worldbank.org/v2/country/POL;WLD;USA;CHN;DEU;IND;KOR;JPN;GBR;FRA;BRA;EST/indicator/IT.CEL.SETS.P2?format=json&per_page=1000,2026-09-28T17:23:21.979Z,{}
IT.CEL.SETS.P2,IT.CEL.SETS.P2--ind,Indie,IND,Mobile cellular subscriptions (per 100 people),1996-12-31,1996,year,1996-01-01,0.033354344,abonamenty / 100 osób,annual,observed,https://api.worldbank.org/v2/country/POL;WLD;USA;CHN;DEU;IND;KOR;JPN;GBR;FRA;BRA;EST/indicator/IT.CEL.SETS.P2?format=json&per_page=1000,2026-09-28T17:23:21.979Z,{}
IT.CEL.SETS.P2,IT.CEL.SETS.P2--jpn,Japonia,JPN,Mobile cellular subscriptions (per 100 people),1996-12-31,1996,year,1996-01-01,21.40087434,abonamenty / 100 osób,annual,observed,https://api.worldbank.org/v2/country/POL;WLD;USA;CHN;DEU;IND;KOR;JPN;GBR;FRA;BRA;EST/indicator/IT.CEL.SETS.P2?format=json&per_page=1000,2026-09-28T17:23:21.979Z,{}
IT.CEL.SETS.P2,IT.CEL.SETS.P2--kor,Korea Płd.,KOR,Mobile cellular subscriptions (per 100 people),1996-12-31,1996,year,1996-01-01,6.966660745,abonamenty / 100 osób,annual,observed,https://api.worldbank.org/v2/country/POL;WLD;USA;CHN;DEU;IND;KOR;JPN;GBR;FRA;BRA;EST/indicator/IT.CEL.SETS.P2?format=json&per_page=1000,2026-09-28T17:23:21.979Z,{}
IT.CEL.SETS.P2,IT.CEL.SETS.P2--pol,Polska,POL,Mobile cellular subscriptions (per 100 people),1996-12-31,1996,year,1996-01-01,0.56482304,abonamenty / 100 osób,annual,observed,https://api.worldbank.org/v2/country/POL;WLD;USA;CHN;DEU;IND;KOR;JPN;GBR;FRA;BRA;EST/indicator/IT.CEL.SETS.P2?format=json&per_page=1000,2026-09-28T17:23:21.979Z,{}
IT.CEL.SETS.P2,IT.CEL.SETS.P2--usa,USA,USA,Mobile cellular subscriptions (per 100 people),1996-12-31,1996,year,1996-01-01,16.37381226,abonamenty / 100 osób,annual,observed,https://api.worldbank.org/v2/country/POL;WLD;USA;CHN;DEU;IND;KOR;JPN;GBR;FRA;BRA;EST/indicator/IT.CEL.SETS.P2?format=json&per_page=1000,2026-09-28T17:23:21.979Z,{}
IT.CEL.SETS.P2,IT.CEL.SETS.P2--wld,Świat,WLD,Mobile cellular subscriptions (per 100 people),1996-12-31,1996,year,1996-01-01,2.49966341127963,abonamenty / 100 osób,annual,observed,https://api.worldbank.org/v2/country/POL;WLD;USA;CHN;DEU;IND;KOR;JPN;GBR;FRA;BRA;EST/indicator/IT.CEL.SETS.P2?format=json&per_page=1000,2026-09-28T17:23:21.979Z,{}
IT.CEL.SETS.P2,IT.CEL.SETS.P2--bra,Brazylia,BRA,Mobile cellular subscriptions (per 100 people),1997-12-31,1997,year,1997-01-01,2.69954844,abonamenty / 100 osób,annual,observed,https://api.worldbank.org/v2/country/POL;WLD;USA;CHN;DEU;IND;KOR;JPN;GBR;FRA;BRA;EST/indicator/IT.CEL.SETS.P2?format=json&per_page=1000,2026-09-28T17:23:21.979Z,{}
IT.CEL.SETS.P2,IT.CEL.SETS.P2--chn,Chiny,CHN,Mobile cellular subscriptions (per 100 people),1997-12-31,1997,year,1997-01-01,1.069072913,abonamenty / 100 osób,annual,observed,https://api.worldbank.org/v2/country/POL;WLD;USA;CHN;DEU;IND;KOR;JPN;GBR;FRA;BRA;EST/indicator/IT.CEL.SETS.P2?format=json&per_page=1000,2026-09-28T17:23:21.979Z,{}
IT.CEL.SETS.P2,IT.CEL.SETS.P2--deu,Niemcy,DEU,Mobile cellular subscriptions (per 100 people),1997-12-31,1997,year,1997-01-01,10.1625708,abonamenty / 100 osób,annual,observed,https://api.worldbank.org/v2/country/POL;WLD;USA;CHN;DEU;IND;KOR;JPN;GBR;FRA;BRA;EST/indicator/IT.CEL.SETS.P2?format=json&per_page=1000,2026-09-28T17:23:21.979Z,{}
IT.CEL.SETS.P2,IT.CEL.SETS.P2--est,Estonia,EST,Mobile cellular subscriptions (per 100 people),1997-12-31,1997,year,1997-01-01,10.14428522,abonamenty / 100 osób,annual,observed,https://api.worldbank.org/v2/country/POL;WLD;USA;CHN;DEU;IND;KOR;JPN;GBR;FRA;BRA;EST/indicator/IT.CEL.SETS.P2?format=json&per_page=1000,2026-09-28T17:23:21.979Z,{}
IT.CEL.SETS.P2,IT.CEL.SETS.P2--fra,Francja,FRA,Mobile cellular subscriptions (per 100 people),1997-12-31,1997,year,1997-01-01,10.05768321,abonamenty / 100 osób,annual,observed,https://api.worldbank.org/v2/country/POL;WLD;USA;CHN;DEU;IND;KOR;JPN;GBR;FRA;BRA;EST/indicator/IT.CEL.SETS.P2?format=json&per_page=1000,2026-09-28T17:23:21.979Z,{}
IT.CEL.SETS.P2,IT.CEL.SETS.P2--gbr,Wielka Brytania,GBR,Mobile cellular subscriptions (per 100 people),1997-12-31,1997,year,1997-01-01,15.17763081,abonamenty / 100 osób,annual,observed,https://api.worldbank.org/v2/country/POL;WLD;USA;CHN;DEU;IND;KOR;JPN;GBR;FRA;BRA;EST/indicator/IT.CEL.SETS.P2?format=json&per_page=1000,2026-09-28T17:23:21.979Z,{}
IT.CEL.SETS.P2,IT.CEL.SETS.P2--ind,Indie,IND,Mobile cellular subscriptions (per 100 people),1997-12-31,1997,year,1997-01-01,0.08797845,abonamenty / 100 osób,annual,observed,https://api.worldbank.org/v2/country/POL;WLD;USA;CHN;DEU;IND;KOR;JPN;GBR;FRA;BRA;EST/indicator/IT.CEL.SETS.P2?format=json&per_page=1000,2026-09-28T17:23:21.979Z,{}
IT.CEL.SETS.P2,IT.CEL.SETS.P2--jpn,Japonia,JPN,Mobile cellular subscriptions (per 100 people),1997-12-31,1997,year,1997-01-01,30.35349093,abonamenty / 100 osób,annual,observed,https://api.worldbank.org/v2/country/POL;WLD;USA;CHN;DEU;IND;KOR;JPN;GBR;FRA;BRA;EST/indicator/IT.CEL.SETS.P2?format=json&per_page=1000,2026-09-28T17:23:21.979Z,{}
IT.CEL.SETS.P2,IT.CEL.SETS.P2--kor,Korea Płd.,KOR,Mobile cellular subscriptions (per 100 people),1997-12-31,1997,year,1997-01-01,14.96611806,abonamenty / 100 osób,annual,observed,https://api.worldbank.org/v2/country/POL;WLD;USA;CHN;DEU;IND;KOR;JPN;GBR;FRA;BRA;EST/indicator/IT.CEL.SETS.P2?format=json&per_page=1000,2026-09-28T17:23:21.979Z,{}
IT.CEL.SETS.P2,IT.CEL.SETS.P2--pol,Polska,POL,Mobile cellular subscriptions (per 100 people),1997-12-31,1997,year,1997-01-01,2.115317351,abonamenty / 100 osób,annual,observed,https://api.worldbank.org/v2/country/POL;WLD;USA;CHN;DEU;IND;KOR;JPN;GBR;FRA;BRA;EST/indicator/IT.CEL.SETS.P2?format=json&per_page=1000,2026-09-28T17:23:21.979Z,{}
IT.CEL.SETS.P2,IT.CEL.SETS.P2--usa,USA,USA,Mobile cellular subscriptions (per 100 people),1997-12-31,1997,year,1997-01-01,20.30588082,abonamenty / 100 osób,annual,observed,https://api.worldbank.org/v2/country/POL;WLD;USA;CHN;DEU;IND;KOR;JPN;GBR;FRA;BRA;EST/indicator/IT.CEL.SETS.P2?format=json&per_page=1000,2026-09-28T17:23:21.979Z,{}
IT.CEL.SETS.P2,IT.CEL.SETS.P2--wld,Świat,WLD,Mobile cellular subscriptions (per 100 people),1997-12-31,1997,year,1997-01-01,3.65525621935149,abonamenty / 100 osób,annual,observed,https://api.worldbank.org/v2/country/POL;WLD;USA;CHN;DEU;IND;KOR;JPN;GBR;FRA;BRA;EST/indicator/IT.CEL.SETS.P2?format=json&per_page=1000,2026-09-28T17:23:21.979Z,{}
IT.CEL.SETS.P2,IT.CEL.SETS.P2--bra,Brazylia,BRA,Mobile cellular subscriptions (per 100 people),1998-12-31,1998,year,1998-01-01,4.307896658,abonamenty / 100 osób,annual,observed,https://api.worldbank.org/v2/country/POL;WLD;USA;CHN;DEU;IND;KOR;JPN;GBR;FRA;BRA;EST/indicator/IT.CEL.SETS.P2?format=json&per_page=1000,2026-09-28T17:23:21.979Z,{}
IT.CEL.SETS.P2,IT.CEL.SETS.P2--chn,Chiny,CHN,Mobile cellular subscriptions (per 100 people),1998-12-31,1998,year,1998-01-01,1.913884263,abonamenty / 100 osób,annual,observed,https://api.worldbank.org/v2/country/POL;WLD;USA;CHN;DEU;IND;KOR;JPN;GBR;FRA;BRA;EST/indicator/IT.CEL.SETS.P2?format=json&per_page=1000,2026-09-28T17:23:21.979Z,{}
IT.CEL.SETS.P2,IT.CEL.SETS.P2--deu,Niemcy,DEU,Mobile cellular subscriptions (per 100 people),1998-12-31,1998,year,1998-01-01,17.06605986,abonamenty / 100 osób,annual,observed,https://api.worldbank.org/v2/country/POL;WLD;USA;CHN;DEU;IND;KOR;JPN;GBR;FRA;BRA;EST/indicator/IT.CEL.SETS.P2?format=json&per_page=1000,2026-09-28T17:23:21.979Z,{}
IT.CEL.SETS.P2,IT.CEL.SETS.P2--est,Estonia,EST,Mobile cellular subscriptions (per 100 people),1998-12-31,1998,year,1998-01-01,17.50349184,abonamenty / 100 osób,annual,observed,https://api.worldbank.org/v2/country/POL;WLD;USA;CHN;DEU;IND;KOR;JPN;GBR;FRA;BRA;EST/indicator/IT.CEL.SETS.P2?format=json&per_page=1000,2026-09-28T17:23:21.979Z,{}
IT.CEL.SETS.P2,IT.CEL.SETS.P2--fra,Francja,FRA,Mobile cellular subscriptions (per 100 people),1998-12-31,1998,year,1998-01-01,19.30102205,abonamenty / 100 osób,annual,observed,https://api.worldbank.org/v2/country/POL;WLD;USA;CHN;DEU;IND;KOR;JPN;GBR;FRA;BRA;EST/indicator/IT.CEL.SETS.P2?format=json&per_page=1000,2026-09-28T17:23:21.979Z,{}
IT.CEL.SETS.P2,IT.CEL.SETS.P2--gbr,Wielka Brytania,GBR,Mobile cellular subscriptions (per 100 people),1998-12-31,1998,year,1998-01-01,25.45932146,abonamenty / 100 osób,annual,observed,https://api.worldbank.org/v2/country/POL;WLD;USA;CHN;DEU;IND;KOR;JPN;GBR;FRA;BRA;EST/indicator/IT.CEL.SETS.P2?format=json&per_page=1000,2026-09-28T17:23:21.979Z,{}
IT.CEL.SETS.P2,IT.CEL.SETS.P2--ind,Indie,IND,Mobile cellular subscriptions (per 100 people),1998-12-31,1998,year,1998-01-01,0.11703148,abonamenty / 100 osób,annual,observed,https://api.worldbank.org/v2/country/POL;WLD;USA;CHN;DEU;IND;KOR;JPN;GBR;FRA;BRA;EST/indicator/IT.CEL.SETS.P2?format=json&per_page=1000,2026-09-28T17:23:21.979Z,{}
IT.CEL.SETS.P2,IT.CEL.SETS.P2--jpn,Japonia,JPN,Mobile cellular subscriptions (per 100 people),1998-12-31,1998,year,1998-01-01,37.45403769,abonamenty / 100 osób,annual,observed,https://api.worldbank.org/v2/country/POL;WLD;USA;CHN;DEU;IND;KOR;JPN;GBR;FRA;BRA;EST/indicator/IT.CEL.SETS.P2?format=json&per_page=1000,2026-09-28T17:23:21.979Z,{}
IT.CEL.SETS.P2,IT.CEL.SETS.P2--kor,Korea Płd.,KOR,Mobile cellular subscriptions (per 100 people),1998-12-31,1998,year,1998-01-01,30.31034269,abonamenty / 100 osób,annual,observed,https://api.worldbank.org/v2/country/POL;WLD;USA;CHN;DEU;IND;KOR;JPN;GBR;FRA;BRA;EST/indicator/IT.CEL.SETS.P2?format=json&per_page=1000,2026-09-28T17:23:21.979Z,{}
IT.CEL.SETS.P2,IT.CEL.SETS.P2--pol,Polska,POL,Mobile cellular subscriptions (per 100 people),1998-12-31,1998,year,1998-01-01,5.023560454,abonamenty / 100 osób,annual,observed,https://api.worldbank.org/v2/country/POL;WLD;USA;CHN;DEU;IND;KOR;JPN;GBR;FRA;BRA;EST/indicator/IT.CEL.SETS.P2?format=json&per_page=1000,2026-09-28T17:23:21.979Z,{}
IT.CEL.SETS.P2,IT.CEL.SETS.P2--usa,USA,USA,Mobile cellular subscriptions (per 100 people),1998-12-31,1998,year,1998-01-01,25.09083926,abonamenty / 100 osób,annual,observed,https://api.worldbank.org/v2/country/POL;WLD;USA;CHN;DEU;IND;KOR;JPN;GBR;FRA;BRA;EST/indicator/IT.CEL.SETS.P2?format=json&per_page=1000,2026-09-28T17:23:21.979Z,{}
IT.CEL.SETS.P2,IT.CEL.SETS.P2--wld,Świat,WLD,Mobile cellular subscriptions (per 100 people),1998-12-31,1998,year,1998-01-01,5.33358304332039,abonamenty / 100 osób,annual,observed,https://api.worldbank.org/v2/country/POL;WLD;USA;CHN;DEU;IND;KOR;JPN;GBR;FRA;BRA;EST/indicator/IT.CEL.SETS.P2?format=json&per_page=1000,2026-09-28T17:23:21.979Z,{}
IT.CEL.SETS.P2,IT.CEL.SETS.P2--bra,Brazylia,BRA,Mobile cellular subscriptions (per 100 people),1999-12-31,1999,year,1999-01-01,8.665064415,abonamenty / 100 osób,annual,observed,https://api.worldbank.org/v2/country/POL;WLD;USA;CHN;DEU;IND;KOR;JPN;GBR;FRA;BRA;EST/indicator/IT.CEL.SETS.P2?format=json&per_page=1000,2026-09-28T17:23:21.979Z,{}
IT.CEL.SETS.P2,IT.CEL.SETS.P2--chn,Chiny,CHN,Mobile cellular subscriptions (per 100 people),1999-12-31,1999,year,1999-01-01,3.448689963,abonamenty / 100 osób,annual,observed,https://api.worldbank.org/v2/country/POL;WLD;USA;CHN;DEU;IND;KOR;JPN;GBR;FRA;BRA;EST/indicator/IT.CEL.SETS.P2?format=json&per_page=1000,2026-09-28T17:23:21.979Z,{}
IT.CEL.SETS.P2,IT.CEL.SETS.P2--deu,Niemcy,DEU,Mobile cellular subscriptions (per 100 people),1999-12-31,1999,year,1999-01-01,28.74800454,abonamenty / 100 osób,annual,observed,https://api.worldbank.org/v2/country/POL;WLD;USA;CHN;DEU;IND;KOR;JPN;GBR;FRA;BRA;EST/indicator/IT.CEL.SETS.P2?format=json&per_page=1000,2026-09-28T17:23:21.979Z,{}
IT.CEL.SETS.P2,IT.CEL.SETS.P2--est,Estonia,EST,Mobile cellular subscriptions (per 100 people),1999-12-31,1999,year,1999-01-01,27.57396163,abonamenty / 100 osób,annual,observed,https://api.worldbank.org/v2/country/POL;WLD;USA;CHN;DEU;IND;KOR;JPN;GBR;FRA;BRA;EST/indicator/IT.CEL.SETS.P2?format=json&per_page=1000,2026-09-28T17:23:21.979Z,{}
IT.CEL.SETS.P2,IT.CEL.SETS.P2--fra,Francja,FRA,Mobile cellular subscriptions (per 100 people),1999-12-31,1999,year,1999-01-01,36.73125788,abonamenty / 100 osób,annual,observed,https://api.worldbank.org/v2/country/POL;WLD;USA;CHN;DEU;IND;KOR;JPN;GBR;FRA;BRA;EST/indicator/IT.CEL.SETS.P2?format=json&per_page=1000,2026-09-28T17:23:21.979Z,{}
IT.CEL.SETS.P2,IT.CEL.SETS.P2--gbr,Wielka Brytania,GBR,Mobile cellular subscriptions (per 100 people),1999-12-31,1999,year,1999-01-01,46.36293399,abonamenty / 100 osób,annual,observed,https://api.worldbank.org/v2/country/POL;WLD;USA;CHN;DEU;IND;KOR;JPN;GBR;FRA;BRA;EST/indicator/IT.CEL.SETS.P2?format=json&per_page=1000,2026-09-28T17:23:21.979Z,{}
IT.CEL.SETS.P2,IT.CEL.SETS.P2--ind,Indie,IND,Mobile cellular subscriptions (per 100 people),1999-12-31,1999,year,1999-01-01,0.181096675,abonamenty / 100 osób,annual,observed,https://api.worldbank.org/v2/country/POL;WLD;USA;CHN;DEU;IND;KOR;JPN;GBR;FRA;BRA;EST/indicator/IT.CEL.SETS.P2?format=json&per_page=1000,2026-09-28T17:23:21.979Z,{}
IT.CEL.SETS.P2,IT.CEL.SETS.P2--jpn,Japonia,JPN,Mobile cellular subscriptions (per 100 people),1999-12-31,1999,year,1999-01-01,44.91767666,abonamenty / 100 osób,annual,observed,https://api.worldbank.org/v2/country/POL;WLD;USA;CHN;DEU;IND;KOR;JPN;GBR;FRA;BRA;EST/indicator/IT.CEL.SETS.P2?format=json&per_page=1000,2026-09-28T17:23:21.979Z,{}
IT.CEL.SETS.P2,IT.CEL.SETS.P2--kor,Korea Płd.,KOR,Mobile cellular subscriptions (per 100 people),1999-12-31,1999,year,1999-01-01,50.39230494,abonamenty / 100 osób,annual,observed,https://api.worldbank.org/v2/country/POL;WLD;USA;CHN;DEU;IND;KOR;JPN;GBR;FRA;BRA;EST/indicator/IT.CEL.SETS.P2?format=json&per_page=1000,2026-09-28T17:23:21.979Z,{}
IT.CEL.SETS.P2,IT.CEL.SETS.P2--pol,Polska,POL,Mobile cellular subscriptions (per 100 people),1999-12-31,1999,year,1999-01-01,10.3154857,abonamenty / 100 osób,annual,observed,https://api.worldbank.org/v2/country/POL;WLD;USA;CHN;DEU;IND;KOR;JPN;GBR;FRA;BRA;EST/indicator/IT.CEL.SETS.P2?format=json&per_page=1000,2026-09-28T17:23:21.979Z,{}
IT.CEL.SETS.P2,IT.CEL.SETS.P2--usa,USA,USA,Mobile cellular subscriptions (per 100 people),1999-12-31,1999,year,1999-01-01,30.82116044,abonamenty / 100 osób,annual,observed,https://api.worldbank.org/v2/country/POL;WLD;USA;CHN;DEU;IND;KOR;JPN;GBR;FRA;BRA;EST/indicator/IT.CEL.SETS.P2?format=json&per_page=1000,2026-09-28T17:23:21.979Z,{}
IT.CEL.SETS.P2,IT.CEL.SETS.P2--wld,Świat,WLD,Mobile cellular subscriptions (per 100 people),1999-12-31,1999,year,1999-01-01,8.12312872482729,abonamenty / 100 osób,annual,observed,https://api.worldbank.org/v2/country/POL;WLD;USA;CHN;DEU;IND;KOR;JPN;GBR;FRA;BRA;EST/indicator/IT.CEL.SETS.P2?format=json&per_page=1000,2026-09-28T17:23:21.979Z,{}
IT.CEL.SETS.P2,IT.CEL.SETS.P2--bra,Brazylia,BRA,Mobile cellular subscriptions (per 100 people),2000-12-31,2000,year,2000-01-01,13.3251349993215,abonamenty / 100 osób,annual,observed,https://api.worldbank.org/v2/country/POL;WLD;USA;CHN;DEU;IND;KOR;JPN;GBR;FRA;BRA;EST/indicator/IT.CEL.SETS.P2?format=json&per_page=1000,2026-09-28T17:23:21.979Z,{}
IT.CEL.SETS.P2,IT.CEL.SETS.P2--chn,Chiny,CHN,Mobile cellular subscriptions (per 100 people),2000-12-31,2000,year,2000-01-01,6.71560052077804,abonamenty / 100 osób,annual,observed,https://api.worldbank.org/v2/country/POL;WLD;USA;CHN;DEU;IND;KOR;JPN;GBR;FRA;BRA;EST/indicator/IT.CEL.SETS.P2?format=json&per_page=1000,2026-09-28T17:23:21.979Z,{}
IT.CEL.SETS.P2,IT.CEL.SETS.P2--deu,Niemcy,DEU,Mobile cellular subscriptions (per 100 people),2000-12-31,2000,year,2000-01-01,58.9286257003872,abonamenty / 100 osób,annual,observed,https://api.worldbank.org/v2/country/POL;WLD;USA;CHN;DEU;IND;KOR;JPN;GBR;FRA;BRA;EST/indicator/IT.CEL.SETS.P2?format=json&per_page=1000,2026-09-28T17:23:21.979Z,{}
IT.CEL.SETS.P2,IT.CEL.SETS.P2--est,Estonia,EST,Mobile cellular subscriptions (per 100 people),2000-12-31,2000,year,2000-01-01,39.8712380914204,abonamenty / 100 osób,annual,observed,https://api.worldbank.org/v2/country/POL;WLD;USA;CHN;DEU;IND;KOR;JPN;GBR;FRA;BRA;EST/indicator/IT.CEL.SETS.P2?format=json&per_page=1000,2026-09-28T17:23:21.979Z,{}
IT.CEL.SETS.P2,IT.CEL.SETS.P2--fra,Francja,FRA,Mobile cellular subscriptions (per 100 people),2000-12-31,2000,year,2000-01-01,48.8408617773499,abonamenty / 100 osób,annual,observed,https://api.worldbank.org/v2/country/POL;WLD;USA;CHN;DEU;IND;KOR;JPN;GBR;FRA;BRA;EST/indicator/IT.CEL.SETS.P2?format=json&per_page=1000,2026-09-28T17:23:21.979Z,{}
IT.CEL.SETS.P2,IT.CEL.SETS.P2--gbr,Wielka Brytania,GBR,Mobile cellular subscriptions (per 100 people),2000-12-31,2000,year,2000-01-01,73.5759542700689,abonamenty / 100 osób,annual,observed,https://api.worldbank.org/v2/country/POL;WLD;USA;CHN;DEU;IND;KOR;JPN;GBR;FRA;BRA;EST/indicator/IT.CEL.SETS.P2?format=json&per_page=1000,2026-09-28T17:23:21.979Z,{}
IT.CEL.SETS.P2,IT.CEL.SETS.P2--ind,Indie,IND,Mobile cellular subscriptions (per 100 people),2000-12-31,2000,year,2000-01-01,0.338124410074474,abonamenty / 100 osób,annual,observed,https://api.worldbank.org/v2/country/POL;WLD;USA;CHN;DEU;IND;KOR;JPN;GBR;FRA;BRA;EST/indicator/IT.CEL.SETS.P2?format=json&per_page=1000,2026-09-28T17:23:21.979Z,{}
IT.CEL.SETS.P2,IT.CEL.SETS.P2--jpn,Japonia,JPN,Mobile cellular subscriptions (per 100 people),2000-12-31,2000,year,2000-01-01,52.5746173540028,abonamenty / 100 osób,annual,observed,https://api.worldbank.org/v2/country/POL;WLD;USA;CHN;DEU;IND;KOR;JPN;GBR;FRA;BRA;EST/indicator/IT.CEL.SETS.P2?format=json&per_page=1000,2026-09-28T17:23:21.979Z,{}
IT.CEL.SETS.P2,IT.CEL.SETS.P2--kor,Korea Płd.,KOR,Mobile cellular subscriptions (per 100 people),2000-12-31,2000,year,2000-01-01,57.3408437262605,abonamenty / 100 osób,annual,observed,https://api.worldbank.org/v2/country/POL;WLD;USA;CHN;DEU;IND;KOR;JPN;GBR;FRA;BRA;EST/indicator/IT.CEL.SETS.P2?format=json&per_page=1000,2026-09-28T17:23:21.979Z,{}
IT.CEL.SETS.P2,IT.CEL.SETS.P2--pol,Polska,POL,Mobile cellular subscriptions (per 100 people),2000-12-31,2000,year,2000-01-01,17.6354944816742,abonamenty / 100 osób,annual,observed,https://api.worldbank.org/v2/country/POL;WLD;USA;CHN;DEU;IND;KOR;JPN;GBR;FRA;BRA;EST/indicator/IT.CEL.SETS.P2?format=json&per_page=1000,2026-09-28T17:23:21.979Z,{}
IT.CEL.SETS.P2,IT.CEL.SETS.P2--usa,USA,USA,Mobile cellular subscriptions (per 100 people),2000-12-31,2000,year,2000-01-01,38.8931449211963,abonamenty / 100 osób,annual,observed,https://api.worldbank.org/v2/country/POL;WLD;USA;CHN;DEU;IND;KOR;JPN;GBR;FRA;BRA;EST/indicator/IT.CEL.SETS.P2?format=json&per_page=1000,2026-09-28T17:23:21.979Z,{}
IT.CEL.SETS.P2,IT.CEL.SETS.P2--wld,Świat,WLD,Mobile cellular subscriptions (per 100 people),2000-12-31,2000,year,2000-01-01,,abonamenty / 100 osób,annual,observed,https://api.worldbank.org/v2/country/POL;WLD;USA;CHN;DEU;IND;KOR;JPN;GBR;FRA;BRA;EST/indicator/IT.CEL.SETS.P2?format=json&per_page=1000,2026-09-28T17:23:21.979Z,{}
IT.CEL.SETS.P2,IT.CEL.SETS.P2--bra,Brazylia,BRA,Mobile cellular subscriptions (per 100 people),2001-12-31,2001,year,2001-01-01,16.3049193714237,abonamenty / 100 osób,annual,observed,https://api.worldbank.org/v2/country/POL;WLD;USA;CHN;DEU;IND;KOR;JPN;GBR;FRA;BRA;EST/indicator/IT.CEL.SETS.P2?format=json&per_page=1000,2026-09-28T17:23:21.979Z,{}
IT.CEL.SETS.P2,IT.CEL.SETS.P2--chn,Chiny,CHN,Mobile cellular subscriptions (per 100 people),2001-12-31,2001,year,2001-01-01,11.3253430460055,abonamenty / 100 osób,annual,observed,https://api.worldbank.org/v2/country/POL;WLD;USA;CHN;DEU;IND;KOR;JPN;GBR;FRA;BRA;EST/indicator/IT.CEL.SETS.P2?format=json&per_page=1000,2026-09-28T17:23:21.979Z,{}
IT.CEL.SETS.P2,IT.CEL.SETS.P2--deu,Niemcy,DEU,Mobile cellular subscriptions (per 100 people),2001-12-31,2001,year,2001-01-01,68.5015729450642,abonamenty / 100 osób,annual,observed,https://api.worldbank.org/v2/country/POL;WLD;USA;CHN;DEU;IND;KOR;JPN;GBR;FRA;BRA;EST/indicator/IT.CEL.SETS.P2?format=json&per_page=1000,2026-09-28T17:23:21.979Z,{}
IT.CEL.SETS.P2,IT.CEL.SETS.P2--est,Estonia,EST,Mobile cellular subscriptions (per 100 people),2001-12-31,2001,year,2001-01-01,46.910647175312,abonamenty / 100 osób,annual,observed,https://api.worldbank.org/v2/country/POL;WLD;USA;CHN;DEU;IND;KOR;JPN;GBR;FRA;BRA;EST/indicator/IT.CEL.SETS.P2?format=json&per_page=1000,2026-09-28T17:23:21.979Z,{}
IT.CEL.SETS.P2,IT.CEL.SETS.P2--fra,Francja,FRA,Mobile cellular subscriptions (per 100 people),2001-12-31,2001,year,2001-01-01,61.7599882267174,abonamenty / 100 osób,annual,observed,https://api.worldbank.org/v2/country/POL;WLD;USA;CHN;DEU;IND;KOR;JPN;GBR;FRA;BRA;EST/indicator/IT.CEL.SETS.P2?format=json&per_page=1000,2026-09-28T17:23:21.979Z,{}
IT.CEL.SETS.P2,IT.CEL.SETS.P2--gbr,Wielka Brytania,GBR,Mobile cellular subscriptions (per 100 people),2001-12-31,2001,year,2001-01-01,78.064582616846,abonamenty / 100 osób,annual,observed,https://api.worldbank.org/v2/country/POL;WLD;USA;CHN;DEU;IND;KOR;JPN;GBR;FRA;BRA;EST/indicator/IT.CEL.SETS.P2?format=json&per_page=1000,2026-09-28T17:23:21.979Z,{}
IT.CEL.SETS.P2,IT.CEL.SETS.P2--ind,Indie,IND,Mobile cellular subscriptions (per 100 people),2001-12-31,2001,year,2001-01-01,0.606736120789472,abonamenty / 100 osób,annual,observed,https://api.worldbank.org/v2/country/POL;WLD;USA;CHN;DEU;IND;KOR;JPN;GBR;FRA;BRA;EST/indicator/IT.CEL.SETS.P2?format=json&per_page=1000,2026-09-28T17:23:21.979Z,{}
IT.CEL.SETS.P2,IT.CEL.SETS.P2--jpn,Japonia,JPN,Mobile cellular subscriptions (per 100 people),2001-12-31,2001,year,2001-01-01,58.7922921478922,abonamenty / 100 osób,annual,observed,https://api.worldbank.org/v2/country/POL;WLD;USA;CHN;DEU;IND;KOR;JPN;GBR;FRA;BRA;EST/indicator/IT.CEL.SETS.P2?format=json&per_page=1000,2026-09-28T17:23:21.979Z,{}
IT.CEL.SETS.P2,IT.CEL.SETS.P2--kor,Korea Płd.,KOR,Mobile cellular subscriptions (per 100 people),2001-12-31,2001,year,2001-01-01,61.7420382357865,abonamenty / 100 osób,annual,observed,https://api.worldbank.org/v2/country/POL;WLD;USA;CHN;DEU;IND;KOR;JPN;GBR;FRA;BRA;EST/indicator/IT.CEL.SETS.P2?format=json&per_page=1000,2026-09-28T17:23:21.979Z,{}
IT.CEL.SETS.P2,IT.CEL.SETS.P2--pol,Polska,POL,Mobile cellular subscriptions (per 100 people),2001-12-31,2001,year,2001-01-01,26.1577839221675,abonamenty / 100 osób,annual,observed,https://api.worldbank.org/v2/country/POL;WLD;USA;CHN;DEU;IND;KOR;JPN;GBR;FRA;BRA;EST/indicator/IT.CEL.SETS.P2?format=json&per_page=1000,2026-09-28T17:23:21.979Z,{}
IT.CEL.SETS.P2,IT.CEL.SETS.P2--usa,USA,USA,Mobile cellular subscriptions (per 100 people),2001-12-31,2001,year,2001-01-01,45.2019710071462,abonamenty / 100 osób,annual,observed,https://api.worldbank.org/v2/country/POL;WLD;USA;CHN;DEU;IND;KOR;JPN;GBR;FRA;BRA;EST/indicator/IT.CEL.SETS.P2?format=json&per_page=1000,2026-09-28T17:23:21.979Z,{}
IT.CEL.SETS.P2,IT.CEL.SETS.P2--wld,Świat,WLD,Mobile cellular subscriptions (per 100 people),2001-12-31,2001,year,2001-01-01,,abonamenty / 100 osób,annual,observed,https://api.worldbank.org/v2/country/POL;WLD;USA;CHN;DEU;IND;KOR;JPN;GBR;FRA;BRA;EST/indicator/IT.CEL.SETS.P2?format=json&per_page=1000,2026-09-28T17:23:21.979Z,{}
IT.CEL.SETS.P2,IT.CEL.SETS.P2--bra,Brazylia,BRA,Mobile cellular subscriptions (per 100 people),2002-12-31,2002,year,2002-01-01,19.540774901626,abonamenty / 100 osób,annual,observed,https://api.worldbank.org/v2/country/POL;WLD;USA;CHN;DEU;IND;KOR;JPN;GBR;FRA;BRA;EST/indicator/IT.CEL.SETS.P2?format=json&per_page=1000,2026-09-28T17:23:21.979Z,{}
IT.CEL.SETS.P2,IT.CEL.SETS.P2--chn,Chiny,CHN,Mobile cellular subscriptions (per 100 people),2002-12-31,2002,year,2002-01-01,16.0082608205277,abonamenty / 100 osób,annual,observed,https://api.worldbank.org/v2/country/POL;WLD;USA;CHN;DEU;IND;KOR;JPN;GBR;FRA;BRA;EST/indicator/IT.CEL.SETS.P2?format=json&per_page=1000,2026-09-28T17:23:21.979Z,{}
IT.CEL.SETS.P2,IT.CEL.SETS.P2--deu,Niemcy,DEU,Mobile cellular subscriptions (per 100 people),2002-12-31,2002,year,2002-01-01,72.0472841129963,abonamenty / 100 osób,annual,observed,https://api.worldbank.org/v2/country/POL;WLD;USA;CHN;DEU;IND;KOR;JPN;GBR;FRA;BRA;EST/indicator/IT.CEL.SETS.P2?format=json&per_page=1000,2026-09-28T17:23:21.979Z,{}
IT.CEL.SETS.P2,IT.CEL.SETS.P2--est,Estonia,EST,Mobile cellular subscriptions (per 100 people),2002-12-31,2002,year,2002-01-01,63.866728044453,abonamenty / 100 osób,annual,observed,https://api.worldbank.org/v2/country/POL;WLD;USA;CHN;DEU;IND;KOR;JPN;GBR;FRA;BRA;EST/indicator/IT.CEL.SETS.P2?format=json&per_page=1000,2026-09-28T17:23:21.979Z,{}
IT.CEL.SETS.P2,IT.CEL.SETS.P2--fra,Francja,FRA,Mobile cellular subscriptions (per 100 people),2002-12-31,2002,year,2002-01-01,63.9599870360405,abonamenty / 100 osób,annual,observed,https://api.worldbank.org/v2/country/POL;WLD;USA;CHN;DEU;IND;KOR;JPN;GBR;FRA;BRA;EST/indicator/IT.CEL.SETS.P2?format=json&per_page=1000,2026-09-28T17:23:21.979Z,{}
IT.CEL.SETS.P2,IT.CEL.SETS.P2--gbr,Wielka Brytania,GBR,Mobile cellular subscriptions (per 100 people),2002-12-31,2002,year,2002-01-01,82.6794913595582,abonamenty / 100 osób,annual,observed,https://api.worldbank.org/v2/country/POL;WLD;USA;CHN;DEU;IND;KOR;JPN;GBR;FRA;BRA;EST/indicator/IT.CEL.SETS.P2?format=json&per_page=1000,2026-09-28T17:23:21.979Z,{}
IT.CEL.SETS.P2,IT.CEL.SETS.P2--ind,Indie,IND,Mobile cellular subscriptions (per 100 people),2002-12-31,2002,year,2002-01-01,1.18440192230983,abonamenty / 100 osób,annual,observed,https://api.worldbank.org/v2/country/POL;WLD;USA;CHN;DEU;IND;KOR;JPN;GBR;FRA;BRA;EST/indicator/IT.CEL.SETS.P2?format=json&per_page=1000,2026-09-28T17:23:21.979Z,{}
IT.CEL.SETS.P2,IT.CEL.SETS.P2--jpn,Japonia,JPN,Mobile cellular subscriptions (per 100 people),2002-12-31,2002,year,2002-01-01,63.6299013940492,abonamenty / 100 osób,annual,observed,https://api.worldbank.org/v2/country/POL;WLD;USA;CHN;DEU;IND;KOR;JPN;GBR;FRA;BRA;EST/indicator/IT.CEL.SETS.P2?format=json&per_page=1000,2026-09-28T17:23:21.979Z,{}
IT.CEL.SETS.P2,IT.CEL.SETS.P2--kor,Korea Płd.,KOR,Mobile cellular subscriptions (per 100 people),2002-12-31,2002,year,2002-01-01,68.3786357970296,abonamenty / 100 osób,annual,observed,https://api.worldbank.org/v2/country/POL;WLD;USA;CHN;DEU;IND;KOR;JPN;GBR;FRA;BRA;EST/indicator/IT.CEL.SETS.P2?format=json&per_page=1000,2026-09-28T17:23:21.979Z,{}
IT.CEL.SETS.P2,IT.CEL.SETS.P2--pol,Polska,POL,Mobile cellular subscriptions (per 100 people),2002-12-31,2002,year,2002-01-01,36.3554439556061,abonamenty / 100 osób,annual,observed,https://api.worldbank.org/v2/country/POL;WLD;USA;CHN;DEU;IND;KOR;JPN;GBR;FRA;BRA;EST/indicator/IT.CEL.SETS.P2?format=json&per_page=1000,2026-09-28T17:23:21.979Z,{}
IT.CEL.SETS.P2,IT.CEL.SETS.P2--usa,USA,USA,Mobile cellular subscriptions (per 100 people),2002-12-31,2002,year,2002-01-01,49.3931508029532,abonamenty / 100 osób,annual,observed,https://api.worldbank.org/v2/country/POL;WLD;USA;CHN;DEU;IND;KOR;JPN;GBR;FRA;BRA;EST/indicator/IT.CEL.SETS.P2?format=json&per_page=1000,2026-09-28T17:23:21.979Z,{}
IT.CEL.SETS.P2,IT.CEL.SETS.P2--wld,Świat,WLD,Mobile cellular subscriptions (per 100 people),2002-12-31,2002,year,2002-01-01,,abonamenty / 100 osób,annual,observed,https://api.worldbank.org/v2/country/POL;WLD;USA;CHN;DEU;IND;KOR;JPN;GBR;FRA;BRA;EST/indicator/IT.CEL.SETS.P2?format=json&per_page=1000,2026-09-28T17:23:21.979Z,{}
IT.CEL.SETS.P2,IT.CEL.SETS.P2--bra,Brazylia,BRA,Mobile cellular subscriptions (per 100 people),2003-12-31,2003,year,2003-01-01,25.6741091130257,abonamenty / 100 osób,annual,observed,https://api.worldbank.org/v2/country/POL;WLD;USA;CHN;DEU;IND;KOR;JPN;GBR;FRA;BRA;EST/indicator/IT.CEL.SETS.P2?format=json&per_page=1000,2026-09-28T17:23:21.979Z,{}
IT.CEL.SETS.P2,IT.CEL.SETS.P2--chn,Chiny,CHN,Mobile cellular subscriptions (per 100 people),2003-12-31,2003,year,2003-01-01,20.8535640719574,abonamenty / 100 osób,annual,observed,https://api.worldbank.org/v2/country/POL;WLD;USA;CHN;DEU;IND;KOR;JPN;GBR;FRA;BRA;EST/indicator/IT.CEL.SETS.P2?format=json&per_page=1000,2026-09-28T17:23:21.979Z,{}
IT.CEL.SETS.P2,IT.CEL.SETS.P2--deu,Niemcy,DEU,Mobile cellular subscriptions (per 100 people),2003-12-31,2003,year,2003-01-01,78.916971734145,abonamenty / 100 osób,annual,observed,https://api.worldbank.org/v2/country/POL;WLD;USA;CHN;DEU;IND;KOR;JPN;GBR;FRA;BRA;EST/indicator/IT.CEL.SETS.P2?format=json&per_page=1000,2026-09-28T17:23:21.979Z,{}
IT.CEL.SETS.P2,IT.CEL.SETS.P2--est,Estonia,EST,Mobile cellular subscriptions (per 100 people),2003-12-31,2003,year,2003-01-01,76.6123937702885,abonamenty / 100 osób,annual,observed,https://api.worldbank.org/v2/country/POL;WLD;USA;CHN;DEU;IND;KOR;JPN;GBR;FRA;BRA;EST/indicator/IT.CEL.SETS.P2?format=json&per_page=1000,2026-09-28T17:23:21.979Z,{}
IT.CEL.SETS.P2,IT.CEL.SETS.P2--fra,Francja,FRA,Mobile cellular subscriptions (per 100 people),2003-12-31,2003,year,2003-01-01,68.6552962485417,abonamenty / 100 osób,annual,observed,https://api.worldbank.org/v2/country/POL;WLD;USA;CHN;DEU;IND;KOR;JPN;GBR;FRA;BRA;EST/indicator/IT.CEL.SETS.P2?format=json&per_page=1000,2026-09-28T17:23:21.979Z,{}
IT.CEL.SETS.P2,IT.CEL.SETS.P2--gbr,Wielka Brytania,GBR,Mobile cellular subscriptions (per 100 people),2003-12-31,2003,year,2003-01-01,90.698548663637,abonamenty / 100 osób,annual,observed,https://api.worldbank.org/v2/country/POL;WLD;USA;CHN;DEU;IND;KOR;JPN;GBR;FRA;BRA;EST/indicator/IT.CEL.SETS.P2?format=json&per_page=1000,2026-09-28T17:23:21.979Z,{}
IT.CEL.SETS.P2,IT.CEL.SETS.P2--ind,Indie,IND,Mobile cellular subscriptions (per 100 people),2003-12-31,2003,year,2003-01-01,3.01664660813064,abonamenty / 100 osób,annual,observed,https://api.worldbank.org/v2/country/POL;WLD;USA;CHN;DEU;IND;KOR;JPN;GBR;FRA;BRA;EST/indicator/IT.CEL.SETS.P2?format=json&per_page=1000,2026-09-28T17:23:21.979Z,{}
IT.CEL.SETS.P2,IT.CEL.SETS.P2--jpn,Japonia,JPN,Mobile cellular subscriptions (per 100 people),2003-12-31,2003,year,2003-01-01,67.8735418673073,abonamenty / 100 osób,annual,observed,https://api.worldbank.org/v2/country/POL;WLD;USA;CHN;DEU;IND;KOR;JPN;GBR;FRA;BRA;EST/indicator/IT.CEL.SETS.P2?format=json&per_page=1000,2026-09-28T17:23:21.979Z,{}
IT.CEL.SETS.P2,IT.CEL.SETS.P2--kor,Korea Płd.,KOR,Mobile cellular subscriptions (per 100 people),2003-12-31,2003,year,2003-01-01,70.6984149567203,abonamenty / 100 osób,annual,observed,https://api.worldbank.org/v2/country/POL;WLD;USA;CHN;DEU;IND;KOR;JPN;GBR;FRA;BRA;EST/indicator/IT.CEL.SETS.P2?format=json&per_page=1000,2026-09-28T17:23:21.979Z,{}
IT.CEL.SETS.P2,IT.CEL.SETS.P2--pol,Polska,POL,Mobile cellular subscriptions (per 100 people),2003-12-31,2003,year,2003-01-01,45.54873524233,abonamenty / 100 osób,annual,observed,https://api.worldbank.org/v2/country/POL;WLD;USA;CHN;DEU;IND;KOR;JPN;GBR;FRA;BRA;EST/indicator/IT.CEL.SETS.P2?format=json&per_page=1000,2026-09-28T17:23:21.979Z,{}
IT.CEL.SETS.P2,IT.CEL.SETS.P2--usa,USA,USA,Mobile cellular subscriptions (per 100 people),2003-12-31,2003,year,2003-01-01,55.4096280855899,abonamenty / 100 osób,annual,observed,https://api.worldbank.org/v2/country/POL;WLD;USA;CHN;DEU;IND;KOR;JPN;GBR;FRA;BRA;EST/indicator/IT.CEL.SETS.P2?format=json&per_page=1000,2026-09-28T17:23:21.979Z,{}
IT.CEL.SETS.P2,IT.CEL.SETS.P2--wld,Świat,WLD,Mobile cellular subscriptions (per 100 people),2003-12-31,2003,year,2003-01-01,,abonamenty / 100 osób,annual,observed,https://api.worldbank.org/v2/country/POL;WLD;USA;CHN;DEU;IND;KOR;JPN;GBR;FRA;BRA;EST/indicator/IT.CEL.SETS.P2?format=json&per_page=1000,2026-09-28T17:23:21.979Z,{}
IT.CEL.SETS.P2,IT.CEL.SETS.P2--bra,Brazylia,BRA,Mobile cellular subscriptions (per 100 people),2004-12-31,2004,year,2004-01-01,35.9134794819895,abonamenty / 100 osób,annual,observed,https://api.worldbank.org/v2/country/POL;WLD;USA;CHN;DEU;IND;KOR;JPN;GBR;FRA;BRA;EST/indicator/IT.CEL.SETS.P2?format=json&per_page=1000,2026-09-28T17:23:21.979Z,{}
IT.CEL.SETS.P2,IT.CEL.SETS.P2--chn,Chiny,CHN,Mobile cellular subscriptions (per 100 people),2004-12-31,2004,year,2004-01-01,25.7141478183928,abonamenty / 100 osób,annual,observed,https://api.worldbank.org/v2/country/POL;WLD;USA;CHN;DEU;IND;KOR;JPN;GBR;FRA;BRA;EST/indicator/IT.CEL.SETS.P2?format=json&per_page=1000,2026-09-28T17:23:21.979Z,{}
IT.CEL.SETS.P2,IT.CEL.SETS.P2--deu,Niemcy,DEU,Mobile cellular subscriptions (per 100 people),2004-12-31,2004,year,2004-01-01,86.8798237231984,abonamenty / 100 osób,annual,observed,https://api.worldbank.org/v2/country/POL;WLD;USA;CHN;DEU;IND;KOR;JPN;GBR;FRA;BRA;EST/indicator/IT.CEL.SETS.P2?format=json&per_page=1000,2026-09-28T17:23:21.979Z,{}
IT.CEL.SETS.P2,IT.CEL.SETS.P2--est,Estonia,EST,Mobile cellular subscriptions (per 100 people),2004-12-31,2004,year,2004-01-01,92.1518394688099,abonamenty / 100 osób,annual,observed,https://api.worldbank.org/v2/country/POL;WLD;USA;CHN;DEU;IND;KOR;JPN;GBR;FRA;BRA;EST/indicator/IT.CEL.SETS.P2?format=json&per_page=1000,2026-09-28T17:23:21.979Z,{}
IT.CEL.SETS.P2,IT.CEL.SETS.P2--fra,Francja,FRA,Mobile cellular subscriptions (per 100 people),2004-12-31,2004,year,2004-01-01,72.8137640376017,abonamenty / 100 osób,annual,observed,https://api.worldbank.org/v2/country/POL;WLD;USA;CHN;DEU;IND;KOR;JPN;GBR;FRA;BRA;EST/indicator/IT.CEL.SETS.P2?format=json&per_page=1000,2026-09-28T17:23:21.979Z,{}
IT.CEL.SETS.P2,IT.CEL.SETS.P2--gbr,Wielka Brytania,GBR,Mobile cellular subscriptions (per 100 people),2004-12-31,2004,year,2004-01-01,99.198849485824,abonamenty / 100 osób,annual,observed,https://api.worldbank.org/v2/country/POL;WLD;USA;CHN;DEU;IND;KOR;JPN;GBR;FRA;BRA;EST/indicator/IT.CEL.SETS.P2?format=json&per_page=1000,2026-09-28T17:23:21.979Z,{}
IT.CEL.SETS.P2,IT.CEL.SETS.P2--ind,Indie,IND,Mobile cellular subscriptions (per 100 people),2004-12-31,2004,year,2004-01-01,4.59686532886976,abonamenty / 100 osób,annual,observed,https://api.worldbank.org/v2/country/POL;WLD;USA;CHN;DEU;IND;KOR;JPN;GBR;FRA;BRA;EST/indicator/IT.CEL.SETS.P2?format=json&per_page=1000,2026-09-28T17:23:21.979Z,{}
IT.CEL.SETS.P2,IT.CEL.SETS.P2--jpn,Japonia,JPN,Mobile cellular subscriptions (per 100 people),2004-12-31,2004,year,2004-01-01,71.5670665187225,abonamenty / 100 osób,annual,observed,https://api.worldbank.org/v2/country/POL;WLD;USA;CHN;DEU;IND;KOR;JPN;GBR;FRA;BRA;EST/indicator/IT.CEL.SETS.P2?format=json&per_page=1000,2026-09-28T17:23:21.979Z,{}
IT.CEL.SETS.P2,IT.CEL.SETS.P2--kor,Korea Płd.,KOR,Mobile cellular subscriptions (per 100 people),2004-12-31,2004,year,2004-01-01,76.705022268137,abonamenty / 100 osób,annual,observed,https://api.worldbank.org/v2/country/POL;WLD;USA;CHN;DEU;IND;KOR;JPN;GBR;FRA;BRA;EST/indicator/IT.CEL.SETS.P2?format=json&per_page=1000,2026-09-28T17:23:21.979Z,{}
IT.CEL.SETS.P2,IT.CEL.SETS.P2--pol,Polska,POL,Mobile cellular subscriptions (per 100 people),2004-12-31,2004,year,2004-01-01,60.5122720407785,abonamenty / 100 osób,annual,observed,https://api.worldbank.org/v2/country/POL;WLD;USA;CHN;DEU;IND;KOR;JPN;GBR;FRA;BRA;EST/indicator/IT.CEL.SETS.P2?format=json&per_page=1000,2026-09-28T17:23:21.979Z,{}
IT.CEL.SETS.P2,IT.CEL.SETS.P2--usa,USA,USA,Mobile cellular subscriptions (per 100 people),2004-12-31,2004,year,2004-01-01,63.1242068595345,abonamenty / 100 osób,annual,observed,https://api.worldbank.org/v2/country/POL;WLD;USA;CHN;DEU;IND;KOR;JPN;GBR;FRA;BRA;EST/indicator/IT.CEL.SETS.P2?format=json&per_page=1000,2026-09-28T17:23:21.979Z,{}
IT.CEL.SETS.P2,IT.CEL.SETS.P2--wld,Świat,WLD,Mobile cellular subscriptions (per 100 people),2004-12-31,2004,year,2004-01-01,,abonamenty / 100 osób,annual,observed,https://api.worldbank.org/v2/country/POL;WLD;USA;CHN;DEU;IND;KOR;JPN;GBR;FRA;BRA;EST/indicator/IT.CEL.SETS.P2?format=json&per_page=1000,2026-09-28T17:23:21.979Z,{}
IT.CEL.SETS.P2,IT.CEL.SETS.P2--bra,Brazylia,BRA,Mobile cellular subscriptions (per 100 people),2005-12-31,2005,year,2005-01-01,46.6788794368512,abonamenty / 100 osób,annual,observed,https://api.worldbank.org/v2/country/POL;WLD;USA;CHN;DEU;IND;KOR;JPN;GBR;FRA;BRA;EST/indicator/IT.CEL.SETS.P2?format=json&per_page=1000,2026-09-28T17:23:21.979Z,{}
IT.CEL.SETS.P2,IT.CEL.SETS.P2--chn,Chiny,CHN,Mobile cellular subscriptions (per 100 people),2005-12-31,2005,year,2005-01-01,30.030370302192,abonamenty / 100 osób,annual,observed,https://api.worldbank.org/v2/country/POL;WLD;USA;CHN;DEU;IND;KOR;JPN;GBR;FRA;BRA;EST/indicator/IT.CEL.SETS.P2?format=json&per_page=1000,2026-09-28T17:23:21.979Z,{}
IT.CEL.SETS.P2,IT.CEL.SETS.P2--deu,Niemcy,DEU,Mobile cellular subscriptions (per 100 people),2005-12-31,2005,year,2005-01-01,96.6168901963931,abonamenty / 100 osób,annual,observed,https://api.worldbank.org/v2/country/POL;WLD;USA;CHN;DEU;IND;KOR;JPN;GBR;FRA;BRA;EST/indicator/IT.CEL.SETS.P2?format=json&per_page=1000,2026-09-28T17:23:21.979Z,{}
IT.CEL.SETS.P2,IT.CEL.SETS.P2--est,Estonia,EST,Mobile cellular subscriptions (per 100 people),2005-12-31,2005,year,2005-01-01,106.676173268145,abonamenty / 100 osób,annual,observed,https://api.worldbank.org/v2/country/POL;WLD;USA;CHN;DEU;IND;KOR;JPN;GBR;FRA;BRA;EST/indicator/IT.CEL.SETS.P2?format=json&per_page=1000,2026-09-28T17:23:21.979Z,{}
IT.CEL.SETS.P2,IT.CEL.SETS.P2--fra,Francja,FRA,Mobile cellular subscriptions (per 100 people),2005-12-31,2005,year,2005-01-01,78.0332251997857,abonamenty / 100 osób,annual,observed,https://api.worldbank.org/v2/country/POL;WLD;USA;CHN;DEU;IND;KOR;JPN;GBR;FRA;BRA;EST/indicator/IT.CEL.SETS.P2?format=json&per_page=1000,2026-09-28T17:23:21.979Z,{}
IT.CEL.SETS.P2,IT.CEL.SETS.P2--gbr,Wielka Brytania,GBR,Mobile cellular subscriptions (per 100 people),2005-12-31,2005,year,2005-01-01,108.045990346443,abonamenty / 100 osób,annual,observed,https://api.worldbank.org/v2/country/POL;WLD;USA;CHN;DEU;IND;KOR;JPN;GBR;FRA;BRA;EST/indicator/IT.CEL.SETS.P2?format=json&per_page=1000,2026-09-28T17:23:21.979Z,{}
IT.CEL.SETS.P2,IT.CEL.SETS.P2--ind,Indie,IND,Mobile cellular subscriptions (per 100 people),2005-12-31,2005,year,2005-01-01,7.80651670797836,abonamenty / 100 osób,annual,observed,https://api.worldbank.org/v2/country/POL;WLD;USA;CHN;DEU;IND;KOR;JPN;GBR;FRA;BRA;EST/indicator/IT.CEL.SETS.P2?format=json&per_page=1000,2026-09-28T17:23:21.979Z,{}
IT.CEL.SETS.P2,IT.CEL.SETS.P2--jpn,Japonia,JPN,Mobile cellular subscriptions (per 100 people),2005-12-31,2005,year,2005-01-01,75.4291988176682,abonamenty / 100 osób,annual,observed,https://api.worldbank.org/v2/country/POL;WLD;USA;CHN;DEU;IND;KOR;JPN;GBR;FRA;BRA;EST/indicator/IT.CEL.SETS.P2?format=json&per_page=1000,2026-09-28T17:23:21.979Z,{}
IT.CEL.SETS.P2,IT.CEL.SETS.P2--kor,Korea Płd.,KOR,Mobile cellular subscriptions (per 100 people),2005-12-31,2005,year,2005-01-01,80.1274936342835,abonamenty / 100 osób,annual,observed,https://api.worldbank.org/v2/country/POL;WLD;USA;CHN;DEU;IND;KOR;JPN;GBR;FRA;BRA;EST/indicator/IT.CEL.SETS.P2?format=json&per_page=1000,2026-09-28T17:23:21.979Z,{}
IT.CEL.SETS.P2,IT.CEL.SETS.P2--pol,Polska,POL,Mobile cellular subscriptions (per 100 people),2005-12-31,2005,year,2005-01-01,76.5032553054831,abonamenty / 100 osób,annual,observed,https://api.worldbank.org/v2/country/POL;WLD;USA;CHN;DEU;IND;KOR;JPN;GBR;FRA;BRA;EST/indicator/IT.CEL.SETS.P2?format=json&per_page=1000,2026-09-28T17:23:21.979Z,{}
IT.CEL.SETS.P2,IT.CEL.SETS.P2--usa,USA,USA,Mobile cellular subscriptions (per 100 people),2005-12-31,2005,year,2005-01-01,68.8835039746019,abonamenty / 100 osób,annual,observed,https://api.worldbank.org/v2/country/POL;WLD;USA;CHN;DEU;IND;KOR;JPN;GBR;FRA;BRA;EST/indicator/IT.CEL.SETS.P2?format=json&per_page=1000,2026-09-28T17:23:21.979Z,{}
IT.CEL.SETS.P2,IT.CEL.SETS.P2--wld,Świat,WLD,Mobile cellular subscriptions (per 100 people),2005-12-31,2005,year,2005-01-01,33.9,abonamenty / 100 osób,annual,observed,https://api.worldbank.org/v2/country/POL;WLD;USA;CHN;DEU;IND;KOR;JPN;GBR;FRA;BRA;EST/indicator/IT.CEL.SETS.P2?format=json&per_page=1000,2026-09-28T17:23:21.979Z,{}
IT.CEL.SETS.P2,IT.CEL.SETS.P2--bra,Brazylia,BRA,Mobile cellular subscriptions (per 100 people),2006-12-31,2006,year,2006-01-01,53.5317215669585,abonamenty / 100 osób,annual,observed,https://api.worldbank.org/v2/country/POL;WLD;USA;CHN;DEU;IND;KOR;JPN;GBR;FRA;BRA;EST/indicator/IT.CEL.SETS.P2?format=json&per_page=1000,2026-09-28T17:23:21.979Z,{}
IT.CEL.SETS.P2,IT.CEL.SETS.P2--chn,Chiny,CHN,Mobile cellular subscriptions (per 100 people),2006-12-31,2006,year,2006-01-01,34.9802047114251,abonamenty / 100 osób,annual,observed,https://api.worldbank.org/v2/country/POL;WLD;USA;CHN;DEU;IND;KOR;JPN;GBR;FRA;BRA;EST/indicator/IT.CEL.SETS.P2?format=json&per_page=1000,2026-09-28T17:23:21.979Z,{}
IT.CEL.SETS.P2,IT.CEL.SETS.P2--deu,Niemcy,DEU,Mobile cellular subscriptions (per 100 people),2006-12-31,2006,year,2006-01-01,104.834680181706,abonamenty / 100 osób,annual,observed,https://api.worldbank.org/v2/country/POL;WLD;USA;CHN;DEU;IND;KOR;JPN;GBR;FRA;BRA;EST/indicator/IT.CEL.SETS.P2?format=json&per_page=1000,2026-09-28T17:23:21.979Z,{}
IT.CEL.SETS.P2,IT.CEL.SETS.P2--est,Estonia,EST,Mobile cellular subscriptions (per 100 people),2006-12-31,2006,year,2006-01-01,123.151282965075,abonamenty / 100 osób,annual,observed,https://api.worldbank.org/v2/country/POL;WLD;USA;CHN;DEU;IND;KOR;JPN;GBR;FRA;BRA;EST/indicator/IT.CEL.SETS.P2?format=json&per_page=1000,2026-09-28T17:23:21.979Z,{}
IT.CEL.SETS.P2,IT.CEL.SETS.P2--fra,Francja,FRA,Mobile cellular subscriptions (per 100 people),2006-12-31,2006,year,2006-01-01,83.2588797411526,abonamenty / 100 osób,annual,observed,https://api.worldbank.org/v2/country/POL;WLD;USA;CHN;DEU;IND;KOR;JPN;GBR;FRA;BRA;EST/indicator/IT.CEL.SETS.P2?format=json&per_page=1000,2026-09-28T17:23:21.979Z,{}
IT.CEL.SETS.P2,IT.CEL.SETS.P2--gbr,Wielka Brytania,GBR,Mobile cellular subscriptions (per 100 people),2006-12-31,2006,year,2006-01-01,114.785700646085,abonamenty / 100 osób,annual,observed,https://api.worldbank.org/v2/country/POL;WLD;USA;CHN;DEU;IND;KOR;JPN;GBR;FRA;BRA;EST/indicator/IT.CEL.SETS.P2?format=json&per_page=1000,2026-09-28T17:23:21.979Z,{}
IT.CEL.SETS.P2,IT.CEL.SETS.P2--ind,Indie,IND,Mobile cellular subscriptions (per 100 people),2006-12-31,2006,year,2006-01-01,14.1574719620028,abonamenty / 100 osób,annual,observed,https://api.worldbank.org/v2/country/POL;WLD;USA;CHN;DEU;IND;KOR;JPN;GBR;FRA;BRA;EST/indicator/IT.CEL.SETS.P2?format=json&per_page=1000,2026-09-28T17:23:21.979Z,{}
IT.CEL.SETS.P2,IT.CEL.SETS.P2--jpn,Japonia,JPN,Mobile cellular subscriptions (per 100 people),2006-12-31,2006,year,2006-01-01,77.9907399102107,abonamenty / 100 osób,annual,observed,https://api.worldbank.org/v2/country/POL;WLD;USA;CHN;DEU;IND;KOR;JPN;GBR;FRA;BRA;EST/indicator/IT.CEL.SETS.P2?format=json&per_page=1000,2026-09-28T17:23:21.979Z,{}
IT.CEL.SETS.P2,IT.CEL.SETS.P2--kor,Korea Płd.,KOR,Mobile cellular subscriptions (per 100 people),2006-12-31,2006,year,2006-01-01,83.7326193913918,abonamenty / 100 osób,annual,observed,https://api.worldbank.org/v2/country/POL;WLD;USA;CHN;DEU;IND;KOR;JPN;GBR;FRA;BRA;EST/indicator/IT.CEL.SETS.P2?format=json&per_page=1000,2026-09-28T17:23:21.979Z,{}
IT.CEL.SETS.P2,IT.CEL.SETS.P2--pol,Polska,POL,Mobile cellular subscriptions (per 100 people),2006-12-31,2006,year,2006-01-01,96.5178030922982,abonamenty / 100 osób,annual,observed,https://api.worldbank.org/v2/country/POL;WLD;USA;CHN;DEU;IND;KOR;JPN;GBR;FRA;BRA;EST/indicator/IT.CEL.SETS.P2?format=json&per_page=1000,2026-09-28T17:23:21.979Z,{}
IT.CEL.SETS.P2,IT.CEL.SETS.P2--usa,USA,USA,Mobile cellular subscriptions (per 100 people),2006-12-31,2006,year,2006-01-01,76.8586480652849,abonamenty / 100 osób,annual,observed,https://api.worldbank.org/v2/country/POL;WLD;USA;CHN;DEU;IND;KOR;JPN;GBR;FRA;BRA;EST/indicator/IT.CEL.SETS.P2?format=json&per_page=1000,2026-09-28T17:23:21.979Z,{}
IT.CEL.SETS.P2,IT.CEL.SETS.P2--wld,Świat,WLD,Mobile cellular subscriptions (per 100 people),2006-12-31,2006,year,2006-01-01,41.7,abonamenty / 100 osób,annual,observed,https://api.worldbank.org/v2/country/POL;WLD;USA;CHN;DEU;IND;KOR;JPN;GBR;FRA;BRA;EST/indicator/IT.CEL.SETS.P2?format=json&per_page=1000,2026-09-28T17:23:21.979Z,{}
IT.CEL.SETS.P2,IT.CEL.SETS.P2--bra,Brazylia,BRA,Mobile cellular subscriptions (per 100 people),2007-12-31,2007,year,2007-01-01,64.1626170391327,abonamenty / 100 osób,annual,observed,https://api.worldbank.org/v2/country/POL;WLD;USA;CHN;DEU;IND;KOR;JPN;GBR;FRA;BRA;EST/indicator/IT.CEL.SETS.P2?format=json&per_page=1000,2026-09-28T17:23:21.979Z,{}
IT.CEL.SETS.P2,IT.CEL.SETS.P2--chn,Chiny,CHN,Mobile cellular subscriptions (per 100 people),2007-12-31,2007,year,2007-01-01,41.280765820364,abonamenty / 100 osób,annual,observed,https://api.worldbank.org/v2/country/POL;WLD;USA;CHN;DEU;IND;KOR;JPN;GBR;FRA;BRA;EST/indicator/IT.CEL.SETS.P2?format=json&per_page=1000,2026-09-28T17:23:21.979Z,{}
IT.CEL.SETS.P2,IT.CEL.SETS.P2--deu,Niemcy,DEU,Mobile cellular subscriptions (per 100 people),2007-12-31,2007,year,2007-01-01,118.369804221089,abonamenty / 100 osób,annual,observed,https://api.worldbank.org/v2/country/POL;WLD;USA;CHN;DEU;IND;KOR;JPN;GBR;FRA;BRA;EST/indicator/IT.CEL.SETS.P2?format=json&per_page=1000,2026-09-28T17:23:21.979Z,{}
IT.CEL.SETS.P2,IT.CEL.SETS.P2--est,Estonia,EST,Mobile cellular subscriptions (per 100 people),2007-12-31,2007,year,2007-01-01,125.44512029119,abonamenty / 100 osób,annual,observed,https://api.worldbank.org/v2/country/POL;WLD;USA;CHN;DEU;IND;KOR;JPN;GBR;FRA;BRA;EST/indicator/IT.CEL.SETS.P2?format=json&per_page=1000,2026-09-28T17:23:21.979Z,{}
IT.CEL.SETS.P2,IT.CEL.SETS.P2--fra,Francja,FRA,Mobile cellular subscriptions (per 100 people),2007-12-31,2007,year,2007-01-01,88.6688088543201,abonamenty / 100 osób,annual,observed,https://api.worldbank.org/v2/country/POL;WLD;USA;CHN;DEU;IND;KOR;JPN;GBR;FRA;BRA;EST/indicator/IT.CEL.SETS.P2?format=json&per_page=1000,2026-09-28T17:23:21.979Z,{}
IT.CEL.SETS.P2,IT.CEL.SETS.P2--gbr,Wielka Brytania,GBR,Mobile cellular subscriptions (per 100 people),2007-12-31,2007,year,2007-01-01,119.988923530842,abonamenty / 100 osób,annual,observed,https://api.worldbank.org/v2/country/POL;WLD;USA;CHN;DEU;IND;KOR;JPN;GBR;FRA;BRA;EST/indicator/IT.CEL.SETS.P2?format=json&per_page=1000,2026-09-28T17:23:21.979Z,{}
IT.CEL.SETS.P2,IT.CEL.SETS.P2--ind,Indie,IND,Mobile cellular subscriptions (per 100 people),2007-12-31,2007,year,2007-01-01,19.620786501083,abonamenty / 100 osób,annual,observed,https://api.worldbank.org/v2/country/POL;WLD;USA;CHN;DEU;IND;KOR;JPN;GBR;FRA;BRA;EST/indicator/IT.CEL.SETS.P2?format=json&per_page=1000,2026-09-28T17:23:21.979Z,{}
IT.CEL.SETS.P2,IT.CEL.SETS.P2--jpn,Japonia,JPN,Mobile cellular subscriptions (per 100 people),2007-12-31,2007,year,2007-01-01,83.8011886263973,abonamenty / 100 osób,annual,observed,https://api.worldbank.org/v2/country/POL;WLD;USA;CHN;DEU;IND;KOR;JPN;GBR;FRA;BRA;EST/indicator/IT.CEL.SETS.P2?format=json&per_page=1000,2026-09-28T17:23:21.979Z,{}
IT.CEL.SETS.P2,IT.CEL.SETS.P2--kor,Korea Płd.,KOR,Mobile cellular subscriptions (per 100 people),2007-12-31,2007,year,2007-01-01,92.0940186995266,abonamenty / 100 osób,annual,observed,https://api.worldbank.org/v2/country/POL;WLD;USA;CHN;DEU;IND;KOR;JPN;GBR;FRA;BRA;EST/indicator/IT.CEL.SETS.P2?format=json&per_page=1000,2026-09-28T17:23:21.979Z,{}
IT.CEL.SETS.P2,IT.CEL.SETS.P2--pol,Polska,POL,Mobile cellular subscriptions (per 100 people),2007-12-31,2007,year,2007-01-01,108.859325887002,abonamenty / 100 osób,annual,observed,https://api.worldbank.org/v2/country/POL;WLD;USA;CHN;DEU;IND;KOR;JPN;GBR;FRA;BRA;EST/indicator/IT.CEL.SETS.P2?format=json&per_page=1000,2026-09-28T17:23:21.979Z,{}
IT.CEL.SETS.P2,IT.CEL.SETS.P2--usa,USA,USA,Mobile cellular subscriptions (per 100 people),2007-12-31,2007,year,2007-01-01,82.5922706237223,abonamenty / 100 osób,annual,observed,https://api.worldbank.org/v2/country/POL;WLD;USA;CHN;DEU;IND;KOR;JPN;GBR;FRA;BRA;EST/indicator/IT.CEL.SETS.P2?format=json&per_page=1000,2026-09-28T17:23:21.979Z,{}
IT.CEL.SETS.P2,IT.CEL.SETS.P2--wld,Świat,WLD,Mobile cellular subscriptions (per 100 people),2007-12-31,2007,year,2007-01-01,50.6,abonamenty / 100 osób,annual,observed,https://api.worldbank.org/v2/country/POL;WLD;USA;CHN;DEU;IND;KOR;JPN;GBR;FRA;BRA;EST/indicator/IT.CEL.SETS.P2?format=json&per_page=1000,2026-09-28T17:23:21.979Z,{}
IT.CEL.SETS.P2,IT.CEL.SETS.P2--bra,Brazylia,BRA,Mobile cellular subscriptions (per 100 people),2008-12-31,2008,year,2008-01-01,79.1319735150735,abonamenty / 100 osób,annual,observed,https://api.worldbank.org/v2/country/POL;WLD;USA;CHN;DEU;IND;KOR;JPN;GBR;FRA;BRA;EST/indicator/IT.CEL.SETS.P2?format=json&per_page=1000,2026-09-28T17:23:21.979Z,{}
IT.CEL.SETS.P2,IT.CEL.SETS.P2--chn,Chiny,CHN,Mobile cellular subscriptions (per 100 people),2008-12-31,2008,year,2008-01-01,48.075790702641,abonamenty / 100 osób,annual,observed,https://api.worldbank.org/v2/country/POL;WLD;USA;CHN;DEU;IND;KOR;JPN;GBR;FRA;BRA;EST/indicator/IT.CEL.SETS.P2?format=json&per_page=1000,2026-09-28T17:23:21.979Z,{}
IT.CEL.SETS.P2,IT.CEL.SETS.P2--deu,Niemcy,DEU,Mobile cellular subscriptions (per 100 people),2008-12-31,2008,year,2008-01-01,130.097465346683,abonamenty / 100 osób,annual,observed,https://api.worldbank.org/v2/country/POL;WLD;USA;CHN;DEU;IND;KOR;JPN;GBR;FRA;BRA;EST/indicator/IT.CEL.SETS.P2?format=json&per_page=1000,2026-09-28T17:23:21.979Z,{}
IT.CEL.SETS.P2,IT.CEL.SETS.P2--est,Estonia,EST,Mobile cellular subscriptions (per 100 people),2008-12-31,2008,year,2008-01-01,121.494023517023,abonamenty / 100 osób,annual,observed,https://api.worldbank.org/v2/country/POL;WLD;USA;CHN;DEU;IND;KOR;JPN;GBR;FRA;BRA;EST/indicator/IT.CEL.SETS.P2?format=json&per_page=1000,2026-09-28T17:23:21.979Z,{}
IT.CEL.SETS.P2,IT.CEL.SETS.P2--fra,Francja,FRA,Mobile cellular subscriptions (per 100 people),2008-12-31,2008,year,2008-01-01,92.3412305697068,abonamenty / 100 osób,annual,observed,https://api.worldbank.org/v2/country/POL;WLD;USA;CHN;DEU;IND;KOR;JPN;GBR;FRA;BRA;EST/indicator/IT.CEL.SETS.P2?format=json&per_page=1000,2026-09-28T17:23:21.979Z,{}
IT.CEL.SETS.P2,IT.CEL.SETS.P2--gbr,Wielka Brytania,GBR,Mobile cellular subscriptions (per 100 people),2008-12-31,2008,year,2008-01-01,120.819267888243,abonamenty / 100 osób,annual,observed,https://api.worldbank.org/v2/country/POL;WLD;USA;CHN;DEU;IND;KOR;JPN;GBR;FRA;BRA;EST/indicator/IT.CEL.SETS.P2?format=json&per_page=1000,2026-09-28T17:23:21.979Z,{}
IT.CEL.SETS.P2,IT.CEL.SETS.P2--ind,Indie,IND,Mobile cellular subscriptions (per 100 people),2008-12-31,2008,year,2008-01-01,28.7177007907217,abonamenty / 100 osób,annual,observed,https://api.worldbank.org/v2/country/POL;WLD;USA;CHN;DEU;IND;KOR;JPN;GBR;FRA;BRA;EST/indicator/IT.CEL.SETS.P2?format=json&per_page=1000,2026-09-28T17:23:21.979Z,{}
IT.CEL.SETS.P2,IT.CEL.SETS.P2--jpn,Japonia,JPN,Mobile cellular subscriptions (per 100 people),2008-12-31,2008,year,2008-01-01,86.1411128734599,abonamenty / 100 osób,annual,observed,https://api.worldbank.org/v2/country/POL;WLD;USA;CHN;DEU;IND;KOR;JPN;GBR;FRA;BRA;EST/indicator/IT.CEL.SETS.P2?format=json&per_page=1000,2026-09-28T17:23:21.979Z,{}
IT.CEL.SETS.P2,IT.CEL.SETS.P2--kor,Korea Płd.,KOR,Mobile cellular subscriptions (per 100 people),2008-12-31,2008,year,2008-01-01,94.314085183969,abonamenty / 100 osób,annual,observed,https://api.worldbank.org/v2/country/POL;WLD;USA;CHN;DEU;IND;KOR;JPN;GBR;FRA;BRA;EST/indicator/IT.CEL.SETS.P2?format=json&per_page=1000,2026-09-28T17:23:21.979Z,{}
IT.CEL.SETS.P2,IT.CEL.SETS.P2--pol,Polska,POL,Mobile cellular subscriptions (per 100 people),2008-12-31,2008,year,2008-01-01,115.608164796298,abonamenty / 100 osób,annual,observed,https://api.worldbank.org/v2/country/POL;WLD;USA;CHN;DEU;IND;KOR;JPN;GBR;FRA;BRA;EST/indicator/IT.CEL.SETS.P2?format=json&per_page=1000,2026-09-28T17:23:21.979Z,{}
IT.CEL.SETS.P2,IT.CEL.SETS.P2--usa,USA,USA,Mobile cellular subscriptions (per 100 people),2008-12-31,2008,year,2008-01-01,85.680465188068,abonamenty / 100 osób,annual,observed,https://api.worldbank.org/v2/country/POL;WLD;USA;CHN;DEU;IND;KOR;JPN;GBR;FRA;BRA;EST/indicator/IT.CEL.SETS.P2?format=json&per_page=1000,2026-09-28T17:23:21.979Z,{}
IT.CEL.SETS.P2,IT.CEL.SETS.P2--wld,Świat,WLD,Mobile cellular subscriptions (per 100 people),2008-12-31,2008,year,2008-01-01,59.7,abonamenty / 100 osób,annual,observed,https://api.worldbank.org/v2/country/POL;WLD;USA;CHN;DEU;IND;KOR;JPN;GBR;FRA;BRA;EST/indicator/IT.CEL.SETS.P2?format=json&per_page=1000,2026-09-28T17:23:21.979Z,{}
IT.CEL.SETS.P2,IT.CEL.SETS.P2--bra,Brazylia,BRA,Mobile cellular subscriptions (per 100 people),2009-12-31,2009,year,2009-01-01,88.1849371150662,abonamenty / 100 osób,annual,observed,https://api.worldbank.org/v2/country/POL;WLD;USA;CHN;DEU;IND;KOR;JPN;GBR;FRA;BRA;EST/indicator/IT.CEL.SETS.P2?format=json&per_page=1000,2026-09-28T17:23:21.979Z,{}
IT.CEL.SETS.P2,IT.CEL.SETS.P2--chn,Chiny,CHN,Mobile cellular subscriptions (per 100 people),2009-12-31,2009,year,2009-01-01,55.6574567487616,abonamenty / 100 osób,annual,observed,https://api.worldbank.org/v2/country/POL;WLD;USA;CHN;DEU;IND;KOR;JPN;GBR;FRA;BRA;EST/indicator/IT.CEL.SETS.P2?format=json&per_page=1000,2026-09-28T17:23:21.979Z,{}
IT.CEL.SETS.P2,IT.CEL.SETS.P2--deu,Niemcy,DEU,Mobile cellular subscriptions (per 100 people),2009-12-31,2009,year,2009-01-01,129.733283319711,abonamenty / 100 osób,annual,observed,https://api.worldbank.org/v2/country/POL;WLD;USA;CHN;DEU;IND;KOR;JPN;GBR;FRA;BRA;EST/indicator/IT.CEL.SETS.P2?format=json&per_page=1000,2026-09-28T17:23:21.979Z,{}
IT.CEL.SETS.P2,IT.CEL.SETS.P2--est,Estonia,EST,Mobile cellular subscriptions (per 100 people),2009-12-31,2009,year,2009-01-01,117.684904325724,abonamenty / 100 osób,annual,observed,https://api.worldbank.org/v2/country/POL;WLD;USA;CHN;DEU;IND;KOR;JPN;GBR;FRA;BRA;EST/indicator/IT.CEL.SETS.P2?format=json&per_page=1000,2026-09-28T17:23:21.979Z,{}
IT.CEL.SETS.P2,IT.CEL.SETS.P2--fra,Francja,FRA,Mobile cellular subscriptions (per 100 people),2009-12-31,2009,year,2009-01-01,91.7782383081746,abonamenty / 100 osób,annual,observed,https://api.worldbank.org/v2/country/POL;WLD;USA;CHN;DEU;IND;KOR;JPN;GBR;FRA;BRA;EST/indicator/IT.CEL.SETS.P2?format=json&per_page=1000,2026-09-28T17:23:21.979Z,{}
IT.CEL.SETS.P2,IT.CEL.SETS.P2--gbr,Wielka Brytania,GBR,Mobile cellular subscriptions (per 100 people),2009-12-31,2009,year,2009-01-01,122.357496035675,abonamenty / 100 osób,annual,observed,https://api.worldbank.org/v2/country/POL;WLD;USA;CHN;DEU;IND;KOR;JPN;GBR;FRA;BRA;EST/indicator/IT.CEL.SETS.P2?format=json&per_page=1000,2026-09-28T17:23:21.979Z,{}
IT.CEL.SETS.P2,IT.CEL.SETS.P2--ind,Indie,IND,Mobile cellular subscriptions (per 100 people),2009-12-31,2009,year,2009-01-01,42.8461358054675,abonamenty / 100 osób,annual,observed,https://api.worldbank.org/v2/country/POL;WLD;USA;CHN;DEU;IND;KOR;JPN;GBR;FRA;BRA;EST/indicator/IT.CEL.SETS.P2?format=json&per_page=1000,2026-09-28T17:23:21.979Z,{}
IT.CEL.SETS.P2,IT.CEL.SETS.P2--jpn,Japonia,JPN,Mobile cellular subscriptions (per 100 people),2009-12-31,2009,year,2009-01-01,90.7193519244929,abonamenty / 100 osób,annual,observed,https://api.worldbank.org/v2/country/POL;WLD;USA;CHN;DEU;IND;KOR;JPN;GBR;FRA;BRA;EST/indicator/IT.CEL.SETS.P2?format=json&per_page=1000,2026-09-28T17:23:21.979Z,{}
IT.CEL.SETS.P2,IT.CEL.SETS.P2--kor,Korea Płd.,KOR,Mobile cellular subscriptions (per 100 people),2009-12-31,2009,year,2009-01-01,98.7589987345583,abonamenty / 100 osób,annual,observed,https://api.worldbank.org/v2/country/POL;WLD;USA;CHN;DEU;IND;KOR;JPN;GBR;FRA;BRA;EST/indicator/IT.CEL.SETS.P2?format=json&per_page=1000,2026-09-28T17:23:21.979Z,{}
IT.CEL.SETS.P2,IT.CEL.SETS.P2--pol,Polska,POL,Mobile cellular subscriptions (per 100 people),2009-12-31,2009,year,2009-01-01,117.905502990554,abonamenty / 100 osób,annual,observed,https://api.worldbank.org/v2/country/POL;WLD;USA;CHN;DEU;IND;KOR;JPN;GBR;FRA;BRA;EST/indicator/IT.CEL.SETS.P2?format=json&per_page=1000,2026-09-28T17:23:21.979Z,{}
IT.CEL.SETS.P2,IT.CEL.SETS.P2--usa,USA,USA,Mobile cellular subscriptions (per 100 people),2009-12-31,2009,year,2009-01-01,89.0461412720864,abonamenty / 100 osób,annual,observed,https://api.worldbank.org/v2/country/POL;WLD;USA;CHN;DEU;IND;KOR;JPN;GBR;FRA;BRA;EST/indicator/IT.CEL.SETS.P2?format=json&per_page=1000,2026-09-28T17:23:21.979Z,{}
IT.CEL.SETS.P2,IT.CEL.SETS.P2--wld,Świat,WLD,Mobile cellular subscriptions (per 100 people),2009-12-31,2009,year,2009-01-01,68,abonamenty / 100 osób,annual,observed,https://api.worldbank.org/v2/country/POL;WLD;USA;CHN;DEU;IND;KOR;JPN;GBR;FRA;BRA;EST/indicator/IT.CEL.SETS.P2?format=json&per_page=1000,2026-09-28T17:23:21.979Z,{}
IT.CEL.SETS.P2,IT.CEL.SETS.P2--bra,Brazylia,BRA,Mobile cellular subscriptions (per 100 people),2010-12-31,2010,year,2010-01-01,101.666503279892,abonamenty / 100 osób,annual,observed,https://api.worldbank.org/v2/country/POL;WLD;USA;CHN;DEU;IND;KOR;JPN;GBR;FRA;BRA;EST/indicator/IT.CEL.SETS.P2?format=json&per_page=1000,2026-09-28T17:23:21.979Z,{}
IT.CEL.SETS.P2,IT.CEL.SETS.P2--chn,Chiny,CHN,Mobile cellular subscriptions (per 100 people),2010-12-31,2010,year,2010-01-01,63.5563376954813,abonamenty / 100 osób,annual,observed,https://api.worldbank.org/v2/country/POL;WLD;USA;CHN;DEU;IND;KOR;JPN;GBR;FRA;BRA;EST/indicator/IT.CEL.SETS.P2?format=json&per_page=1000,2026-09-28T17:23:21.979Z,{}
IT.CEL.SETS.P2,IT.CEL.SETS.P2--deu,Niemcy,DEU,Mobile cellular subscriptions (per 100 people),2010-12-31,2010,year,2010-01-01,109.364084468464,abonamenty / 100 osób,annual,observed,https://api.worldbank.org/v2/country/POL;WLD;USA;CHN;DEU;IND;KOR;JPN;GBR;FRA;BRA;EST/indicator/IT.CEL.SETS.P2?format=json&per_page=1000,2026-09-28T17:23:21.979Z,{}
IT.CEL.SETS.P2,IT.CEL.SETS.P2--est,Estonia,EST,Mobile cellular subscriptions (per 100 people),2010-12-31,2010,year,2010-01-01,124.136203591879,abonamenty / 100 osób,annual,observed,https://api.worldbank.org/v2/country/POL;WLD;USA;CHN;DEU;IND;KOR;JPN;GBR;FRA;BRA;EST/indicator/IT.CEL.SETS.P2?format=json&per_page=1000,2026-09-28T17:23:21.979Z,{}
IT.CEL.SETS.P2,IT.CEL.SETS.P2--fra,Francja,FRA,Mobile cellular subscriptions (per 100 people),2010-12-31,2010,year,2010-01-01,91.1185789923179,abonamenty / 100 osób,annual,observed,https://api.worldbank.org/v2/country/POL;WLD;USA;CHN;DEU;IND;KOR;JPN;GBR;FRA;BRA;EST/indicator/IT.CEL.SETS.P2?format=json&per_page=1000,2026-09-28T17:23:21.979Z,{}
IT.CEL.SETS.P2,IT.CEL.SETS.P2--gbr,Wielka Brytania,GBR,Mobile cellular subscriptions (per 100 people),2010-12-31,2010,year,2010-01-01,121.780844361683,abonamenty / 100 osób,annual,observed,https://api.worldbank.org/v2/country/POL;WLD;USA;CHN;DEU;IND;KOR;JPN;GBR;FRA;BRA;EST/indicator/IT.CEL.SETS.P2?format=json&per_page=1000,2026-09-28T17:23:21.979Z,{}
IT.CEL.SETS.P2,IT.CEL.SETS.P2--ind,Indie,IND,Mobile cellular subscriptions (per 100 people),2010-12-31,2010,year,2010-01-01,60.4906435106584,abonamenty / 100 osób,annual,observed,https://api.worldbank.org/v2/country/POL;WLD;USA;CHN;DEU;IND;KOR;JPN;GBR;FRA;BRA;EST/indicator/IT.CEL.SETS.P2?format=json&per_page=1000,2026-09-28T17:23:21.979Z,{}
IT.CEL.SETS.P2,IT.CEL.SETS.P2--jpn,Japonia,JPN,Mobile cellular subscriptions (per 100 people),2010-12-31,2010,year,2010-01-01,96.1788512760143,abonamenty / 100 osób,annual,observed,https://api.worldbank.org/v2/country/POL;WLD;USA;CHN;DEU;IND;KOR;JPN;GBR;FRA;BRA;EST/indicator/IT.CEL.SETS.P2?format=json&per_page=1000,2026-09-28T17:23:21.979Z,{}
IT.CEL.SETS.P2,IT.CEL.SETS.P2--kor,Korea Płd.,KOR,Mobile cellular subscriptions (per 100 people),2010-12-31,2010,year,2010-01-01,104.09665032935,abonamenty / 100 osób,annual,observed,https://api.worldbank.org/v2/country/POL;WLD;USA;CHN;DEU;IND;KOR;JPN;GBR;FRA;BRA;EST/indicator/IT.CEL.SETS.P2?format=json&per_page=1000,2026-09-28T17:23:21.979Z,{}
IT.CEL.SETS.P2,IT.CEL.SETS.P2--pol,Polska,POL,Mobile cellular subscriptions (per 100 people),2010-12-31,2010,year,2010-01-01,123.248926095995,abonamenty / 100 osób,annual,observed,https://api.worldbank.org/v2/country/POL;WLD;USA;CHN;DEU;IND;KOR;JPN;GBR;FRA;BRA;EST/indicator/IT.CEL.SETS.P2?format=json&per_page=1000,2026-09-28T17:23:21.979Z,{}
IT.CEL.SETS.P2,IT.CEL.SETS.P2--usa,USA,USA,Mobile cellular subscriptions (per 100 people),2010-12-31,2010,year,2010-01-01,91.6593077558393,abonamenty / 100 osób,annual,observed,https://api.worldbank.org/v2/country/POL;WLD;USA;CHN;DEU;IND;KOR;JPN;GBR;FRA;BRA;EST/indicator/IT.CEL.SETS.P2?format=json&per_page=1000,2026-09-28T17:23:21.979Z,{}
IT.CEL.SETS.P2,IT.CEL.SETS.P2--wld,Świat,WLD,Mobile cellular subscriptions (per 100 people),2010-12-31,2010,year,2010-01-01,76.6,abonamenty / 100 osób,annual,observed,https://api.worldbank.org/v2/country/POL;WLD;USA;CHN;DEU;IND;KOR;JPN;GBR;FRA;BRA;EST/indicator/IT.CEL.SETS.P2?format=json&per_page=1000,2026-09-28T17:23:21.979Z,{}
IT.CEL.SETS.P2,IT.CEL.SETS.P2--bra,Brazylia,BRA,Mobile cellular subscriptions (per 100 people),2011-12-31,2011,year,2011-01-01,120.008104166504,abonamenty / 100 osób,annual,observed,https://api.worldbank.org/v2/country/POL;WLD;USA;CHN;DEU;IND;KOR;JPN;GBR;FRA;BRA;EST/indicator/IT.CEL.SETS.P2?format=json&per_page=1000,2026-09-28T17:23:21.979Z,{}
IT.CEL.SETS.P2,IT.CEL.SETS.P2--chn,Chiny,CHN,Mobile cellular subscriptions (per 100 people),2011-12-31,2011,year,2011-01-01,72.5052393725573,abonamenty / 100 osób,annual,observed,https://api.worldbank.org/v2/country/POL;WLD;USA;CHN;DEU;IND;KOR;JPN;GBR;FRA;BRA;EST/indicator/IT.CEL.SETS.P2?format=json&per_page=1000,2026-09-28T17:23:21.979Z,{}
IT.CEL.SETS.P2,IT.CEL.SETS.P2--deu,Niemcy,DEU,Mobile cellular subscriptions (per 100 people),2011-12-31,2011,year,2011-01-01,112.41947815744,abonamenty / 100 osób,annual,observed,https://api.worldbank.org/v2/country/POL;WLD;USA;CHN;DEU;IND;KOR;JPN;GBR;FRA;BRA;EST/indicator/IT.CEL.SETS.P2?format=json&per_page=1000,2026-09-28T17:23:21.979Z,{}
IT.CEL.SETS.P2,IT.CEL.SETS.P2--est,Estonia,EST,Mobile cellular subscriptions (per 100 people),2011-12-31,2011,year,2011-01-01,136.065402099509,abonamenty / 100 osób,annual,observed,https://api.worldbank.org/v2/country/POL;WLD;USA;CHN;DEU;IND;KOR;JPN;GBR;FRA;BRA;EST/indicator/IT.CEL.SETS.P2?format=json&per_page=1000,2026-09-28T17:23:21.979Z,{}
IT.CEL.SETS.P2,IT.CEL.SETS.P2--fra,Francja,FRA,Mobile cellular subscriptions (per 100 people),2011-12-31,2011,year,2011-01-01,93.8529031474159,abonamenty / 100 osób,annual,observed,https://api.worldbank.org/v2/country/POL;WLD;USA;CHN;DEU;IND;KOR;JPN;GBR;FRA;BRA;EST/indicator/IT.CEL.SETS.P2?format=json&per_page=1000,2026-09-28T17:23:21.979Z,{}
IT.CEL.SETS.P2,IT.CEL.SETS.P2--gbr,Wielka Brytania,GBR,Mobile cellular subscriptions (per 100 people),2011-12-31,2011,year,2011-01-01,121.49766447536,abonamenty / 100 osób,annual,observed,https://api.worldbank.org/v2/country/POL;WLD;USA;CHN;DEU;IND;KOR;JPN;GBR;FRA;BRA;EST/indicator/IT.CEL.SETS.P2?format=json&per_page=1000,2026-09-28T17:23:21.979Z,{}
IT.CEL.SETS.P2,IT.CEL.SETS.P2--ind,Indie,IND,Mobile cellular subscriptions (per 100 people),2011-12-31,2011,year,2011-01-01,70.8725652125021,abonamenty / 100 osób,annual,observed,https://api.worldbank.org/v2/country/POL;WLD;USA;CHN;DEU;IND;KOR;JPN;GBR;FRA;BRA;EST/indicator/IT.CEL.SETS.P2?format=json&per_page=1000,2026-09-28T17:23:21.979Z,{}
IT.CEL.SETS.P2,IT.CEL.SETS.P2--jpn,Japonia,JPN,Mobile cellular subscriptions (per 100 people),2011-12-31,2011,year,2011-01-01,103.641547955059,abonamenty / 100 osób,annual,observed,https://api.worldbank.org/v2/country/POL;WLD;USA;CHN;DEU;IND;KOR;JPN;GBR;FRA;BRA;EST/indicator/IT.CEL.SETS.P2?format=json&per_page=1000,2026-09-28T17:23:21.979Z,{}
IT.CEL.SETS.P2,IT.CEL.SETS.P2--kor,Korea Płd.,KOR,Mobile cellular subscriptions (per 100 people),2011-12-31,2011,year,2011-01-01,106.878306781378,abonamenty / 100 osób,annual,observed,https://api.worldbank.org/v2/country/POL;WLD;USA;CHN;DEU;IND;KOR;JPN;GBR;FRA;BRA;EST/indicator/IT.CEL.SETS.P2?format=json&per_page=1000,2026-09-28T17:23:21.979Z,{}
IT.CEL.SETS.P2,IT.CEL.SETS.P2--pol,Polska,POL,Mobile cellular subscriptions (per 100 people),2011-12-31,2011,year,2011-01-01,131.279778766286,abonamenty / 100 osób,annual,observed,https://api.worldbank.org/v2/country/POL;WLD;USA;CHN;DEU;IND;KOR;JPN;GBR;FRA;BRA;EST/indicator/IT.CEL.SETS.P2?format=json&per_page=1000,2026-09-28T17:23:21.979Z,{}
IT.CEL.SETS.P2,IT.CEL.SETS.P2--usa,USA,USA,Mobile cellular subscriptions (per 100 people),2011-12-31,2011,year,2011-01-01,94.682964660635,abonamenty / 100 osób,annual,observed,https://api.worldbank.org/v2/country/POL;WLD;USA;CHN;DEU;IND;KOR;JPN;GBR;FRA;BRA;EST/indicator/IT.CEL.SETS.P2?format=json&per_page=1000,2026-09-28T17:23:21.979Z,{}
IT.CEL.SETS.P2,IT.CEL.SETS.P2--wld,Świat,WLD,Mobile cellular subscriptions (per 100 people),2011-12-31,2011,year,2011-01-01,84.2,abonamenty / 100 osób,annual,observed,https://api.worldbank.org/v2/country/POL;WLD;USA;CHN;DEU;IND;KOR;JPN;GBR;FRA;BRA;EST/indicator/IT.CEL.SETS.P2?format=json&per_page=1000,2026-09-28T17:23:21.979Z,{}
IT.CEL.SETS.P2,IT.CEL.SETS.P2--bra,Brazylia,BRA,Mobile cellular subscriptions (per 100 people),2012-12-31,2012,year,2012-01-01,126.131962754994,abonamenty / 100 osób,annual,observed,https://api.worldbank.org/v2/country/POL;WLD;USA;CHN;DEU;IND;KOR;JPN;GBR;FRA;BRA;EST/indicator/IT.CEL.SETS.P2?format=json&per_page=1000,2026-09-28T17:23:21.979Z,{}
IT.CEL.SETS.P2,IT.CEL.SETS.P2--chn,Chiny,CHN,Mobile cellular subscriptions (per 100 people),2012-12-31,2012,year,2012-01-01,81.2075981633238,abonamenty / 100 osób,annual,observed,https://api.worldbank.org/v2/country/POL;WLD;USA;CHN;DEU;IND;KOR;JPN;GBR;FRA;BRA;EST/indicator/IT.CEL.SETS.P2?format=json&per_page=1000,2026-09-28T17:23:21.979Z,{}
IT.CEL.SETS.P2,IT.CEL.SETS.P2--deu,Niemcy,DEU,Mobile cellular subscriptions (per 100 people),2012-12-31,2012,year,2012-01-01,114.191945537857,abonamenty / 100 osób,annual,observed,https://api.worldbank.org/v2/country/POL;WLD;USA;CHN;DEU;IND;KOR;JPN;GBR;FRA;BRA;EST/indicator/IT.CEL.SETS.P2?format=json&per_page=1000,2026-09-28T17:23:21.979Z,{}
IT.CEL.SETS.P2,IT.CEL.SETS.P2--est,Estonia,EST,Mobile cellular subscriptions (per 100 people),2012-12-31,2012,year,2012-01-01,151.196568013694,abonamenty / 100 osób,annual,observed,https://api.worldbank.org/v2/country/POL;WLD;USA;CHN;DEU;IND;KOR;JPN;GBR;FRA;BRA;EST/indicator/IT.CEL.SETS.P2?format=json&per_page=1000,2026-09-28T17:23:21.979Z,{}
IT.CEL.SETS.P2,IT.CEL.SETS.P2--fra,Francja,FRA,Mobile cellular subscriptions (per 100 people),2012-12-31,2012,year,2012-01-01,97.1924631662654,abonamenty / 100 osób,annual,observed,https://api.worldbank.org/v2/country/POL;WLD;USA;CHN;DEU;IND;KOR;JPN;GBR;FRA;BRA;EST/indicator/IT.CEL.SETS.P2?format=json&per_page=1000,2026-09-28T17:23:21.979Z,{}
IT.CEL.SETS.P2,IT.CEL.SETS.P2--gbr,Wielka Brytania,GBR,Mobile cellular subscriptions (per 100 people),2012-12-31,2012,year,2012-01-01,122.465231814068,abonamenty / 100 osób,annual,observed,https://api.worldbank.org/v2/country/POL;WLD;USA;CHN;DEU;IND;KOR;JPN;GBR;FRA;BRA;EST/indicator/IT.CEL.SETS.P2?format=json&per_page=1000,2026-09-28T17:23:21.979Z,{}
IT.CEL.SETS.P2,IT.CEL.SETS.P2--ind,Indie,IND,Mobile cellular subscriptions (per 100 people),2012-12-31,2012,year,2012-01-01,67.6263517922249,abonamenty / 100 osób,annual,observed,https://api.worldbank.org/v2/country/POL;WLD;USA;CHN;DEU;IND;KOR;JPN;GBR;FRA;BRA;EST/indicator/IT.CEL.SETS.P2?format=json&per_page=1000,2026-09-28T17:23:21.979Z,{}
IT.CEL.SETS.P2,IT.CEL.SETS.P2--jpn,Japonia,JPN,Mobile cellular subscriptions (per 100 people),2012-12-31,2012,year,2012-01-01,110.319058838317,abonamenty / 100 osób,annual,observed,https://api.worldbank.org/v2/country/POL;WLD;USA;CHN;DEU;IND;KOR;JPN;GBR;FRA;BRA;EST/indicator/IT.CEL.SETS.P2?format=json&per_page=1000,2026-09-28T17:23:21.979Z,{}
IT.CEL.SETS.P2,IT.CEL.SETS.P2--kor,Korea Płd.,KOR,Mobile cellular subscriptions (per 100 people),2012-12-31,2012,year,2012-01-01,108.114681779859,abonamenty / 100 osób,annual,observed,https://api.worldbank.org/v2/country/POL;WLD;USA;CHN;DEU;IND;KOR;JPN;GBR;FRA;BRA;EST/indicator/IT.CEL.SETS.P2?format=json&per_page=1000,2026-09-28T17:23:21.979Z,{}
IT.CEL.SETS.P2,IT.CEL.SETS.P2--pol,Polska,POL,Mobile cellular subscriptions (per 100 people),2012-12-31,2012,year,2012-01-01,141.409735570098,abonamenty / 100 osób,annual,observed,https://api.worldbank.org/v2/country/POL;WLD;USA;CHN;DEU;IND;KOR;JPN;GBR;FRA;BRA;EST/indicator/IT.CEL.SETS.P2?format=json&per_page=1000,2026-09-28T17:23:21.979Z,{}
IT.CEL.SETS.P2,IT.CEL.SETS.P2--usa,USA,USA,Mobile cellular subscriptions (per 100 people),2012-12-31,2012,year,2012-01-01,96.1284261999864,abonamenty / 100 osób,annual,observed,https://api.worldbank.org/v2/country/POL;WLD;USA;CHN;DEU;IND;KOR;JPN;GBR;FRA;BRA;EST/indicator/IT.CEL.SETS.P2?format=json&per_page=1000,2026-09-28T17:23:21.979Z,{}
IT.CEL.SETS.P2,IT.CEL.SETS.P2--wld,Świat,WLD,Mobile cellular subscriptions (per 100 people),2012-12-31,2012,year,2012-01-01,88.5,abonamenty / 100 osób,annual,observed,https://api.worldbank.org/v2/country/POL;WLD;USA;CHN;DEU;IND;KOR;JPN;GBR;FRA;BRA;EST/indicator/IT.CEL.SETS.P2?format=json&per_page=1000,2026-09-28T17:23:21.979Z,{}
IT.CEL.SETS.P2,IT.CEL.SETS.P2--bra,Brazylia,BRA,Mobile cellular subscriptions (per 100 people),2013-12-31,2013,year,2013-01-01,136.589138644321,abonamenty / 100 osób,annual,observed,https://api.worldbank.org/v2/country/POL;WLD;USA;CHN;DEU;IND;KOR;JPN;GBR;FRA;BRA;EST/indicator/IT.CEL.SETS.P2?format=json&per_page=1000,2026-09-28T17:23:21.979Z,{}
IT.CEL.SETS.P2,IT.CEL.SETS.P2--chn,Chiny,CHN,Mobile cellular subscriptions (per 100 people),2013-12-31,2013,year,2013-01-01,89.130227261039,abonamenty / 100 osób,annual,observed,https://api.worldbank.org/v2/country/POL;WLD;USA;CHN;DEU;IND;KOR;JPN;GBR;FRA;BRA;EST/indicator/IT.CEL.SETS.P2?format=json&per_page=1000,2026-09-28T17:23:21.979Z,{}
IT.CEL.SETS.P2,IT.CEL.SETS.P2--deu,Niemcy,DEU,Mobile cellular subscriptions (per 100 people),2013-12-31,2013,year,2013-01-01,123.435398879553,abonamenty / 100 osób,annual,observed,https://api.worldbank.org/v2/country/POL;WLD;USA;CHN;DEU;IND;KOR;JPN;GBR;FRA;BRA;EST/indicator/IT.CEL.SETS.P2?format=json&per_page=1000,2026-09-28T17:23:21.979Z,{}
IT.CEL.SETS.P2,IT.CEL.SETS.P2--est,Estonia,EST,Mobile cellular subscriptions (per 100 people),2013-12-31,2013,year,2013-01-01,146.247455268495,abonamenty / 100 osób,annual,observed,https://api.worldbank.org/v2/country/POL;WLD;USA;CHN;DEU;IND;KOR;JPN;GBR;FRA;BRA;EST/indicator/IT.CEL.SETS.P2?format=json&per_page=1000,2026-09-28T17:23:21.979Z,{}
IT.CEL.SETS.P2,IT.CEL.SETS.P2--fra,Francja,FRA,Mobile cellular subscriptions (per 100 people),2013-12-31,2013,year,2013-01-01,98.347924466483,abonamenty / 100 osób,annual,observed,https://api.worldbank.org/v2/country/POL;WLD;USA;CHN;DEU;IND;KOR;JPN;GBR;FRA;BRA;EST/indicator/IT.CEL.SETS.P2?format=json&per_page=1000,2026-09-28T17:23:21.979Z,{}
IT.CEL.SETS.P2,IT.CEL.SETS.P2--gbr,Wielka Brytania,GBR,Mobile cellular subscriptions (per 100 people),2013-12-31,2013,year,2013-01-01,122.184696024755,abonamenty / 100 osób,annual,observed,https://api.worldbank.org/v2/country/POL;WLD;USA;CHN;DEU;IND;KOR;JPN;GBR;FRA;BRA;EST/indicator/IT.CEL.SETS.P2?format=json&per_page=1000,2026-09-28T17:23:21.979Z,{}
IT.CEL.SETS.P2,IT.CEL.SETS.P2--ind,Indie,IND,Mobile cellular subscriptions (per 100 people),2013-12-31,2013,year,2013-01-01,68.3966708179098,abonamenty / 100 osób,annual,observed,https://api.worldbank.org/v2/country/POL;WLD;USA;CHN;DEU;IND;KOR;JPN;GBR;FRA;BRA;EST/indicator/IT.CEL.SETS.P2?format=json&per_page=1000,2026-09-28T17:23:21.979Z,{}
IT.CEL.SETS.P2,IT.CEL.SETS.P2--jpn,Japonia,JPN,Mobile cellular subscriptions (per 100 people),2013-12-31,2013,year,2013-01-01,115.787169243408,abonamenty / 100 osób,annual,observed,https://api.worldbank.org/v2/country/POL;WLD;USA;CHN;DEU;IND;KOR;JPN;GBR;FRA;BRA;EST/indicator/IT.CEL.SETS.P2?format=json&per_page=1000,2026-09-28T17:23:21.979Z,{}
IT.CEL.SETS.P2,IT.CEL.SETS.P2--kor,Korea Płd.,KOR,Mobile cellular subscriptions (per 100 people),2013-12-31,2013,year,2013-01-01,109.206248930023,abonamenty / 100 osób,annual,observed,https://api.worldbank.org/v2/country/POL;WLD;USA;CHN;DEU;IND;KOR;JPN;GBR;FRA;BRA;EST/indicator/IT.CEL.SETS.P2?format=json&per_page=1000,2026-09-28T17:23:21.979Z,{}
IT.CEL.SETS.P2,IT.CEL.SETS.P2--pol,Polska,POL,Mobile cellular subscriptions (per 100 people),2013-12-31,2013,year,2013-01-01,148.912446350899,abonamenty / 100 osób,annual,observed,https://api.worldbank.org/v2/country/POL;WLD;USA;CHN;DEU;IND;KOR;JPN;GBR;FRA;BRA;EST/indicator/IT.CEL.SETS.P2?format=json&per_page=1000,2026-09-28T17:23:21.979Z,{}
IT.CEL.SETS.P2,IT.CEL.SETS.P2--usa,USA,USA,Mobile cellular subscriptions (per 100 people),2013-12-31,2013,year,2013-01-01,97.0595305732914,abonamenty / 100 osób,annual,observed,https://api.worldbank.org/v2/country/POL;WLD;USA;CHN;DEU;IND;KOR;JPN;GBR;FRA;BRA;EST/indicator/IT.CEL.SETS.P2?format=json&per_page=1000,2026-09-28T17:23:21.979Z,{}
IT.CEL.SETS.P2,IT.CEL.SETS.P2--wld,Świat,WLD,Mobile cellular subscriptions (per 100 people),2013-12-31,2013,year,2013-01-01,93.1,abonamenty / 100 osób,annual,observed,https://api.worldbank.org/v2/country/POL;WLD;USA;CHN;DEU;IND;KOR;JPN;GBR;FRA;BRA;EST/indicator/IT.CEL.SETS.P2?format=json&per_page=1000,2026-09-28T17:23:21.979Z,{}
IT.CEL.SETS.P2,IT.CEL.SETS.P2--bra,Brazylia,BRA,Mobile cellular subscriptions (per 100 people),2014-12-31,2014,year,2014-01-01,140.304679417776,abonamenty / 100 osób,annual,observed,https://api.worldbank.org/v2/country/POL;WLD;USA;CHN;DEU;IND;KOR;JPN;GBR;FRA;BRA;EST/indicator/IT.CEL.SETS.P2?format=json&per_page=1000,2026-09-28T17:23:21.979Z,{}
IT.CEL.SETS.P2,IT.CEL.SETS.P2--chn,Chiny,CHN,Mobile cellular subscriptions (per 100 people),2014-12-31,2014,year,2014-01-01,92.6612034094217,abonamenty / 100 osób,annual,observed,https://api.worldbank.org/v2/country/POL;WLD;USA;CHN;DEU;IND;KOR;JPN;GBR;FRA;BRA;EST/indicator/IT.CEL.SETS.P2?format=json&per_page=1000,2026-09-28T17:23:21.979Z,{}
IT.CEL.SETS.P2,IT.CEL.SETS.P2--deu,Niemcy,DEU,Mobile cellular subscriptions (per 100 people),2014-12-31,2014,year,2014-01-01,122.308668591557,abonamenty / 100 osób,annual,observed,https://api.worldbank.org/v2/country/POL;WLD;USA;CHN;DEU;IND;KOR;JPN;GBR;FRA;BRA;EST/indicator/IT.CEL.SETS.P2?format=json&per_page=1000,2026-09-28T17:23:21.979Z,{}
IT.CEL.SETS.P2,IT.CEL.SETS.P2--est,Estonia,EST,Mobile cellular subscriptions (per 100 people),2014-12-31,2014,year,2014-01-01,144.360615678625,abonamenty / 100 osób,annual,observed,https://api.worldbank.org/v2/country/POL;WLD;USA;CHN;DEU;IND;KOR;JPN;GBR;FRA;BRA;EST/indicator/IT.CEL.SETS.P2?format=json&per_page=1000,2026-09-28T17:23:21.979Z,{}
IT.CEL.SETS.P2,IT.CEL.SETS.P2--fra,Francja,FRA,Mobile cellular subscriptions (per 100 people),2014-12-31,2014,year,2014-01-01,101.132290573498,abonamenty / 100 osób,annual,observed,https://api.worldbank.org/v2/country/POL;WLD;USA;CHN;DEU;IND;KOR;JPN;GBR;FRA;BRA;EST/indicator/IT.CEL.SETS.P2?format=json&per_page=1000,2026-09-28T17:23:21.979Z,{}
IT.CEL.SETS.P2,IT.CEL.SETS.P2--gbr,Wielka Brytania,GBR,Mobile cellular subscriptions (per 100 people),2014-12-31,2014,year,2014-01-01,120.958261038047,abonamenty / 100 osób,annual,observed,https://api.worldbank.org/v2/country/POL;WLD;USA;CHN;DEU;IND;KOR;JPN;GBR;FRA;BRA;EST/indicator/IT.CEL.SETS.P2?format=json&per_page=1000,2026-09-28T17:23:21.979Z,{}
IT.CEL.SETS.P2,IT.CEL.SETS.P2--ind,Indie,IND,Mobile cellular subscriptions (per 100 people),2014-12-31,2014,year,2014-01-01,71.9366825449914,abonamenty / 100 osób,annual,observed,https://api.worldbank.org/v2/country/POL;WLD;USA;CHN;DEU;IND;KOR;JPN;GBR;FRA;BRA;EST/indicator/IT.CEL.SETS.P2?format=json&per_page=1000,2026-09-28T17:23:21.979Z,{}
IT.CEL.SETS.P2,IT.CEL.SETS.P2--jpn,Japonia,JPN,Mobile cellular subscriptions (per 100 people),2014-12-31,2014,year,2014-01-01,123.822099584501,abonamenty / 100 osób,annual,observed,https://api.worldbank.org/v2/country/POL;WLD;USA;CHN;DEU;IND;KOR;JPN;GBR;FRA;BRA;EST/indicator/IT.CEL.SETS.P2?format=json&per_page=1000,2026-09-28T17:23:21.979Z,{}
IT.CEL.SETS.P2,IT.CEL.SETS.P2--kor,Korea Płd.,KOR,Mobile cellular subscriptions (per 100 people),2014-12-31,2014,year,2014-01-01,113.358579550833,abonamenty / 100 osób,annual,observed,https://api.worldbank.org/v2/country/POL;WLD;USA;CHN;DEU;IND;KOR;JPN;GBR;FRA;BRA;EST/indicator/IT.CEL.SETS.P2?format=json&per_page=1000,2026-09-28T17:23:21.979Z,{}
IT.CEL.SETS.P2,IT.CEL.SETS.P2--pol,Polska,POL,Mobile cellular subscriptions (per 100 people),2014-12-31,2014,year,2014-01-01,148.713283559361,abonamenty / 100 osób,annual,observed,https://api.worldbank.org/v2/country/POL;WLD;USA;CHN;DEU;IND;KOR;JPN;GBR;FRA;BRA;EST/indicator/IT.CEL.SETS.P2?format=json&per_page=1000,2026-09-28T17:23:21.979Z,{}
IT.CEL.SETS.P2,IT.CEL.SETS.P2--usa,USA,USA,Mobile cellular subscriptions (per 100 people),2014-12-31,2014,year,2014-01-01,99.839569071329,abonamenty / 100 osób,annual,observed,https://api.worldbank.org/v2/country/POL;WLD;USA;CHN;DEU;IND;KOR;JPN;GBR;FRA;BRA;EST/indicator/IT.CEL.SETS.P2?format=json&per_page=1000,2026-09-28T17:23:21.979Z,{}
IT.CEL.SETS.P2,IT.CEL.SETS.P2--wld,Świat,WLD,Mobile cellular subscriptions (per 100 people),2014-12-31,2014,year,2014-01-01,96.7,abonamenty / 100 osób,annual,observed,https://api.worldbank.org/v2/country/POL;WLD;USA;CHN;DEU;IND;KOR;JPN;GBR;FRA;BRA;EST/indicator/IT.CEL.SETS.P2?format=json&per_page=1000,2026-09-28T17:23:21.979Z,{}
IT.CEL.SETS.P2,IT.CEL.SETS.P2--bra,Brazylia,BRA,Mobile cellular subscriptions (per 100 people),2015-12-31,2015,year,2015-01-01,127.83616904008,abonamenty / 100 osób,annual,observed,https://api.worldbank.org/v2/country/POL;WLD;USA;CHN;DEU;IND;KOR;JPN;GBR;FRA;BRA;EST/indicator/IT.CEL.SETS.P2?format=json&per_page=1000,2026-09-28T17:23:21.979Z,{}
IT.CEL.SETS.P2,IT.CEL.SETS.P2--chn,Chiny,CHN,Mobile cellular subscriptions (per 100 people),2015-12-31,2015,year,2015-01-01,92.5401171363348,abonamenty / 100 osób,annual,observed,https://api.worldbank.org/v2/country/POL;WLD;USA;CHN;DEU;IND;KOR;JPN;GBR;FRA;BRA;EST/indicator/IT.CEL.SETS.P2?format=json&per_page=1000,2026-09-28T17:23:21.979Z,{}
IT.CEL.SETS.P2,IT.CEL.SETS.P2--deu,Niemcy,DEU,Mobile cellular subscriptions (per 100 people),2015-12-31,2015,year,2015-01-01,117.401165117624,abonamenty / 100 osób,annual,observed,https://api.worldbank.org/v2/country/POL;WLD;USA;CHN;DEU;IND;KOR;JPN;GBR;FRA;BRA;EST/indicator/IT.CEL.SETS.P2?format=json&per_page=1000,2026-09-28T17:23:21.979Z,{}
IT.CEL.SETS.P2,IT.CEL.SETS.P2--est,Estonia,EST,Mobile cellular subscriptions (per 100 people),2015-12-31,2015,year,2015-01-01,144.802963084675,abonamenty / 100 osób,annual,observed,https://api.worldbank.org/v2/country/POL;WLD;USA;CHN;DEU;IND;KOR;JPN;GBR;FRA;BRA;EST/indicator/IT.CEL.SETS.P2?format=json&per_page=1000,2026-09-28T17:23:21.979Z,{}
IT.CEL.SETS.P2,IT.CEL.SETS.P2--fra,Francja,FRA,Mobile cellular subscriptions (per 100 people),2015-12-31,2015,year,2015-01-01,102.718366606519,abonamenty / 100 osób,annual,observed,https://api.worldbank.org/v2/country/POL;WLD;USA;CHN;DEU;IND;KOR;JPN;GBR;FRA;BRA;EST/indicator/IT.CEL.SETS.P2?format=json&per_page=1000,2026-09-28T17:23:21.979Z,{}
IT.CEL.SETS.P2,IT.CEL.SETS.P2--gbr,Wielka Brytania,GBR,Mobile cellular subscriptions (per 100 people),2015-12-31,2015,year,2015-01-01,121.211739725133,abonamenty / 100 osób,annual,observed,https://api.worldbank.org/v2/country/POL;WLD;USA;CHN;DEU;IND;KOR;JPN;GBR;FRA;BRA;EST/indicator/IT.CEL.SETS.P2?format=json&per_page=1000,2026-09-28T17:23:21.979Z,{}
IT.CEL.SETS.P2,IT.CEL.SETS.P2--ind,Indie,IND,Mobile cellular subscriptions (per 100 people),2015-12-31,2015,year,2015-01-01,75.379332347226,abonamenty / 100 osób,annual,observed,https://api.worldbank.org/v2/country/POL;WLD;USA;CHN;DEU;IND;KOR;JPN;GBR;FRA;BRA;EST/indicator/IT.CEL.SETS.P2?format=json&per_page=1000,2026-09-28T17:23:21.979Z,{}
IT.CEL.SETS.P2,IT.CEL.SETS.P2--jpn,Japonia,JPN,Mobile cellular subscriptions (per 100 people),2015-12-31,2015,year,2015-01-01,126.150959704287,abonamenty / 100 osób,annual,observed,https://api.worldbank.org/v2/country/POL;WLD;USA;CHN;DEU;IND;KOR;JPN;GBR;FRA;BRA;EST/indicator/IT.CEL.SETS.P2?format=json&per_page=1000,2026-09-28T17:23:21.979Z,{}
IT.CEL.SETS.P2,IT.CEL.SETS.P2--kor,Korea Płd.,KOR,Mobile cellular subscriptions (per 100 people),2015-12-31,2015,year,2015-01-01,115.595447050042,abonamenty / 100 osób,annual,observed,https://api.worldbank.org/v2/country/POL;WLD;USA;CHN;DEU;IND;KOR;JPN;GBR;FRA;BRA;EST/indicator/IT.CEL.SETS.P2?format=json&per_page=1000,2026-09-28T17:23:21.979Z,{}
IT.CEL.SETS.P2,IT.CEL.SETS.P2--pol,Polska,POL,Mobile cellular subscriptions (per 100 people),2015-12-31,2015,year,2015-01-01,142.520207198425,abonamenty / 100 osób,annual,observed,https://api.worldbank.org/v2/country/POL;WLD;USA;CHN;DEU;IND;KOR;JPN;GBR;FRA;BRA;EST/indicator/IT.CEL.SETS.P2?format=json&per_page=1000,2026-09-28T17:23:21.979Z,{}
IT.CEL.SETS.P2,IT.CEL.SETS.P2--usa,USA,USA,Mobile cellular subscriptions (per 100 people),2015-12-31,2015,year,2015-01-01,101.831958781319,abonamenty / 100 osób,annual,observed,https://api.worldbank.org/v2/country/POL;WLD;USA;CHN;DEU;IND;KOR;JPN;GBR;FRA;BRA;EST/indicator/IT.CEL.SETS.P2?format=json&per_page=1000,2026-09-28T17:23:21.979Z,{}
IT.CEL.SETS.P2,IT.CEL.SETS.P2--wld,Świat,WLD,Mobile cellular subscriptions (per 100 people),2015-12-31,2015,year,2015-01-01,96.1,abonamenty / 100 osób,annual,observed,https://api.worldbank.org/v2/country/POL;WLD;USA;CHN;DEU;IND;KOR;JPN;GBR;FRA;BRA;EST/indicator/IT.CEL.SETS.P2?format=json&per_page=1000,2026-09-28T17:23:21.979Z,{}
IT.CEL.SETS.P2,IT.CEL.SETS.P2--bra,Brazylia,BRA,Mobile cellular subscriptions (per 100 people),2016-12-31,2016,year,2016-01-01,120.101181531485,abonamenty / 100 osób,annual,observed,https://api.worldbank.org/v2/country/POL;WLD;USA;CHN;DEU;IND;KOR;JPN;GBR;FRA;BRA;EST/indicator/IT.CEL.SETS.P2?format=json&per_page=1000,2026-09-28T17:23:21.979Z,{}
IT.CEL.SETS.P2,IT.CEL.SETS.P2--chn,Chiny,CHN,Mobile cellular subscriptions (per 100 people),2016-12-31,2016,year,2016-01-01,97.2138770934621,abonamenty / 100 osób,annual,observed,https://api.worldbank.org/v2/country/POL;WLD;USA;CHN;DEU;IND;KOR;JPN;GBR;FRA;BRA;EST/indicator/IT.CEL.SETS.P2?format=json&per_page=1000,2026-09-28T17:23:21.979Z,{}
IT.CEL.SETS.P2,IT.CEL.SETS.P2--deu,Niemcy,DEU,Mobile cellular subscriptions (per 100 people),2016-12-31,2016,year,2016-01-01,125.024012174369,abonamenty / 100 osób,annual,observed,https://api.worldbank.org/v2/country/POL;WLD;USA;CHN;DEU;IND;KOR;JPN;GBR;FRA;BRA;EST/indicator/IT.CEL.SETS.P2?format=json&per_page=1000,2026-09-28T17:23:21.979Z,{}
IT.CEL.SETS.P2,IT.CEL.SETS.P2--est,Estonia,EST,Mobile cellular subscriptions (per 100 people),2016-12-31,2016,year,2016-01-01,144.235470787302,abonamenty / 100 osób,annual,observed,https://api.worldbank.org/v2/country/POL;WLD;USA;CHN;DEU;IND;KOR;JPN;GBR;FRA;BRA;EST/indicator/IT.CEL.SETS.P2?format=json&per_page=1000,2026-09-28T17:23:21.979Z,{}
IT.CEL.SETS.P2,IT.CEL.SETS.P2--fra,Francja,FRA,Mobile cellular subscriptions (per 100 people),2016-12-31,2016,year,2016-01-01,103.816661597799,abonamenty / 100 osób,annual,observed,https://api.worldbank.org/v2/country/POL;WLD;USA;CHN;DEU;IND;KOR;JPN;GBR;FRA;BRA;EST/indicator/IT.CEL.SETS.P2?format=json&per_page=1000,2026-09-28T17:23:21.979Z,{}
IT.CEL.SETS.P2,IT.CEL.SETS.P2--gbr,Wielka Brytania,GBR,Mobile cellular subscriptions (per 100 people),2016-12-31,2016,year,2016-01-01,119.786558760596,abonamenty / 100 osób,annual,observed,https://api.worldbank.org/v2/country/POL;WLD;USA;CHN;DEU;IND;KOR;JPN;GBR;FRA;BRA;EST/indicator/IT.CEL.SETS.P2?format=json&per_page=1000,2026-09-28T17:23:21.979Z,{}
IT.CEL.SETS.P2,IT.CEL.SETS.P2--ind,Indie,IND,Mobile cellular subscriptions (per 100 people),2016-12-31,2016,year,2016-01-01,83.917838213735,abonamenty / 100 osób,annual,observed,https://api.worldbank.org/v2/country/POL;WLD;USA;CHN;DEU;IND;KOR;JPN;GBR;FRA;BRA;EST/indicator/IT.CEL.SETS.P2?format=json&per_page=1000,2026-09-28T17:23:21.979Z,{}
IT.CEL.SETS.P2,IT.CEL.SETS.P2--jpn,Japonia,JPN,Mobile cellular subscriptions (per 100 people),2016-12-31,2016,year,2016-01-01,131.214861037498,abonamenty / 100 osób,annual,observed,https://api.worldbank.org/v2/country/POL;WLD;USA;CHN;DEU;IND;KOR;JPN;GBR;FRA;BRA;EST/indicator/IT.CEL.SETS.P2?format=json&per_page=1000,2026-09-28T17:23:21.979Z,{}
IT.CEL.SETS.P2,IT.CEL.SETS.P2--kor,Korea Płd.,KOR,Mobile cellular subscriptions (per 100 people),2016-12-31,2016,year,2016-01-01,119.489512998783,abonamenty / 100 osób,annual,observed,https://api.worldbank.org/v2/country/POL;WLD;USA;CHN;DEU;IND;KOR;JPN;GBR;FRA;BRA;EST/indicator/IT.CEL.SETS.P2?format=json&per_page=1000,2026-09-28T17:23:21.979Z,{}
IT.CEL.SETS.P2,IT.CEL.SETS.P2--pol,Polska,POL,Mobile cellular subscriptions (per 100 people),2016-12-31,2016,year,2016-01-01,138.518696718641,abonamenty / 100 osób,annual,observed,https://api.worldbank.org/v2/country/POL;WLD;USA;CHN;DEU;IND;KOR;JPN;GBR;FRA;BRA;EST/indicator/IT.CEL.SETS.P2?format=json&per_page=1000,2026-09-28T17:23:21.979Z,{}
IT.CEL.SETS.P2,IT.CEL.SETS.P2--usa,USA,USA,Mobile cellular subscriptions (per 100 people),2016-12-31,2016,year,2016-01-01,102.751864866695,abonamenty / 100 osób,annual,observed,https://api.worldbank.org/v2/country/POL;WLD;USA;CHN;DEU;IND;KOR;JPN;GBR;FRA;BRA;EST/indicator/IT.CEL.SETS.P2?format=json&per_page=1000,2026-09-28T17:23:21.979Z,{}
IT.CEL.SETS.P2,IT.CEL.SETS.P2--wld,Świat,WLD,Mobile cellular subscriptions (per 100 people),2016-12-31,2016,year,2016-01-01,99.3,abonamenty / 100 osób,annual,observed,https://api.worldbank.org/v2/country/POL;WLD;USA;CHN;DEU;IND;KOR;JPN;GBR;FRA;BRA;EST/indicator/IT.CEL.SETS.P2?format=json&per_page=1000,2026-09-28T17:23:21.979Z,{}
IT.CEL.SETS.P2,IT.CEL.SETS.P2--bra,Brazylia,BRA,Mobile cellular subscriptions (per 100 people),2017-12-31,2017,year,2017-01-01,108.092570205646,abonamenty / 100 osób,annual,observed,https://api.worldbank.org/v2/country/POL;WLD;USA;CHN;DEU;IND;KOR;JPN;GBR;FRA;BRA;EST/indicator/IT.CEL.SETS.P2?format=json&per_page=1000,2026-09-28T17:23:21.979Z,{}
IT.CEL.SETS.P2,IT.CEL.SETS.P2--chn,Chiny,CHN,Mobile cellular subscriptions (per 100 people),2017-12-31,2017,year,2017-01-01,104.073181609424,abonamenty / 100 osób,annual,observed,https://api.worldbank.org/v2/country/POL;WLD;USA;CHN;DEU;IND;KOR;JPN;GBR;FRA;BRA;EST/indicator/IT.CEL.SETS.P2?format=json&per_page=1000,2026-09-28T17:23:21.979Z,{}
IT.CEL.SETS.P2,IT.CEL.SETS.P2--deu,Niemcy,DEU,Mobile cellular subscriptions (per 100 people),2017-12-31,2017,year,2017-01-01,132.003261888443,abonamenty / 100 osób,annual,observed,https://api.worldbank.org/v2/country/POL;WLD;USA;CHN;DEU;IND;KOR;JPN;GBR;FRA;BRA;EST/indicator/IT.CEL.SETS.P2?format=json&per_page=1000,2026-09-28T17:23:21.979Z,{}
IT.CEL.SETS.P2,IT.CEL.SETS.P2--est,Estonia,EST,Mobile cellular subscriptions (per 100 people),2017-12-31,2017,year,2017-01-01,144.556616126155,abonamenty / 100 osób,annual,observed,https://api.worldbank.org/v2/country/POL;WLD;USA;CHN;DEU;IND;KOR;JPN;GBR;FRA;BRA;EST/indicator/IT.CEL.SETS.P2?format=json&per_page=1000,2026-09-28T17:23:21.979Z,{}
IT.CEL.SETS.P2,IT.CEL.SETS.P2--fra,Francja,FRA,Mobile cellular subscriptions (per 100 people),2017-12-31,2017,year,2017-01-01,105.718368398783,abonamenty / 100 osób,annual,observed,https://api.worldbank.org/v2/country/POL;WLD;USA;CHN;DEU;IND;KOR;JPN;GBR;FRA;BRA;EST/indicator/IT.CEL.SETS.P2?format=json&per_page=1000,2026-09-28T17:23:21.979Z,{}
IT.CEL.SETS.P2,IT.CEL.SETS.P2--gbr,Wielka Brytania,GBR,Mobile cellular subscriptions (per 100 people),2017-12-31,2017,year,2017-01-01,119.206737402819,abonamenty / 100 osób,annual,observed,https://api.worldbank.org/v2/country/POL;WLD;USA;CHN;DEU;IND;KOR;JPN;GBR;FRA;BRA;EST/indicator/IT.CEL.SETS.P2?format=json&per_page=1000,2026-09-28T17:23:21.979Z,{}
IT.CEL.SETS.P2,IT.CEL.SETS.P2--ind,Indie,IND,Mobile cellular subscriptions (per 100 people),2017-12-31,2017,year,2017-01-01,85.9703537817688,abonamenty / 100 osób,annual,observed,https://api.worldbank.org/v2/country/POL;WLD;USA;CHN;DEU;IND;KOR;JPN;GBR;FRA;BRA;EST/indicator/IT.CEL.SETS.P2?format=json&per_page=1000,2026-09-28T17:23:21.979Z,{}
IT.CEL.SETS.P2,IT.CEL.SETS.P2--jpn,Japonia,JPN,Mobile cellular subscriptions (per 100 people),2017-12-31,2017,year,2017-01-01,135.985843116605,abonamenty / 100 osób,annual,observed,https://api.worldbank.org/v2/country/POL;WLD;USA;CHN;DEU;IND;KOR;JPN;GBR;FRA;BRA;EST/indicator/IT.CEL.SETS.P2?format=json&per_page=1000,2026-09-28T17:23:21.979Z,{}
IT.CEL.SETS.P2,IT.CEL.SETS.P2--kor,Korea Płd.,KOR,Mobile cellular subscriptions (per 100 people),2017-12-31,2017,year,2017-01-01,123.642066127533,abonamenty / 100 osób,annual,observed,https://api.worldbank.org/v2/country/POL;WLD;USA;CHN;DEU;IND;KOR;JPN;GBR;FRA;BRA;EST/indicator/IT.CEL.SETS.P2?format=json&per_page=1000,2026-09-28T17:23:21.979Z,{}
IT.CEL.SETS.P2,IT.CEL.SETS.P2--pol,Polska,POL,Mobile cellular subscriptions (per 100 people),2017-12-31,2017,year,2017-01-01,131.901471911132,abonamenty / 100 osób,annual,observed,https://api.worldbank.org/v2/country/POL;WLD;USA;CHN;DEU;IND;KOR;JPN;GBR;FRA;BRA;EST/indicator/IT.CEL.SETS.P2?format=json&per_page=1000,2026-09-28T17:23:21.979Z,{}
IT.CEL.SETS.P2,IT.CEL.SETS.P2--usa,USA,USA,Mobile cellular subscriptions (per 100 people),2017-12-31,2017,year,2017-01-01,102.380562632686,abonamenty / 100 osób,annual,observed,https://api.worldbank.org/v2/country/POL;WLD;USA;CHN;DEU;IND;KOR;JPN;GBR;FRA;BRA;EST/indicator/IT.CEL.SETS.P2?format=json&per_page=1000,2026-09-28T17:23:21.979Z,{}
IT.CEL.SETS.P2,IT.CEL.SETS.P2--wld,Świat,WLD,Mobile cellular subscriptions (per 100 people),2017-12-31,2017,year,2017-01-01,101.4,abonamenty / 100 osób,annual,observed,https://api.worldbank.org/v2/country/POL;WLD;USA;CHN;DEU;IND;KOR;JPN;GBR;FRA;BRA;EST/indicator/IT.CEL.SETS.P2?format=json&per_page=1000,2026-09-28T17:23:21.979Z,{}
IT.CEL.SETS.P2,IT.CEL.SETS.P2--bra,Brazylia,BRA,Mobile cellular subscriptions (per 100 people),2018-12-31,2018,year,2018-01-01,101.602460284017,abonamenty / 100 osób,annual,observed,https://api.worldbank.org/v2/country/POL;WLD;USA;CHN;DEU;IND;KOR;JPN;GBR;FRA;BRA;EST/indicator/IT.CEL.SETS.P2?format=json&per_page=1000,2026-09-28T17:23:21.979Z,{}
IT.CEL.SETS.P2,IT.CEL.SETS.P2--chn,Chiny,CHN,Mobile cellular subscriptions (per 100 people),2018-12-31,2018,year,2018-01-01,116.229125477063,abonamenty / 100 osób,annual,observed,https://api.worldbank.org/v2/country/POL;WLD;USA;CHN;DEU;IND;KOR;JPN;GBR;FRA;BRA;EST/indicator/IT.CEL.SETS.P2?format=json&per_page=1000,2026-09-28T17:23:21.979Z,{}
IT.CEL.SETS.P2,IT.CEL.SETS.P2--deu,Niemcy,DEU,Mobile cellular subscriptions (per 100 people),2018-12-31,2018,year,2018-01-01,128.945577229674,abonamenty / 100 osób,annual,observed,https://api.worldbank.org/v2/country/POL;WLD;USA;CHN;DEU;IND;KOR;JPN;GBR;FRA;BRA;EST/indicator/IT.CEL.SETS.P2?format=json&per_page=1000,2026-09-28T17:23:21.979Z,{}
IT.CEL.SETS.P2,IT.CEL.SETS.P2--est,Estonia,EST,Mobile cellular subscriptions (per 100 people),2018-12-31,2018,year,2018-01-01,145.543490183174,abonamenty / 100 osób,annual,observed,https://api.worldbank.org/v2/country/POL;WLD;USA;CHN;DEU;IND;KOR;JPN;GBR;FRA;BRA;EST/indicator/IT.CEL.SETS.P2?format=json&per_page=1000,2026-09-28T17:23:21.979Z,{}
IT.CEL.SETS.P2,IT.CEL.SETS.P2--fra,Francja,FRA,Mobile cellular subscriptions (per 100 people),2018-12-31,2018,year,2018-01-01,107.482434668386,abonamenty / 100 osób,annual,observed,https://api.worldbank.org/v2/country/POL;WLD;USA;CHN;DEU;IND;KOR;JPN;GBR;FRA;BRA;EST/indicator/IT.CEL.SETS.P2?format=json&per_page=1000,2026-09-28T17:23:21.979Z,{}
IT.CEL.SETS.P2,IT.CEL.SETS.P2--gbr,Wielka Brytania,GBR,Mobile cellular subscriptions (per 100 people),2018-12-31,2018,year,2018-01-01,118.184381927412,abonamenty / 100 osób,annual,observed,https://api.worldbank.org/v2/country/POL;WLD;USA;CHN;DEU;IND;KOR;JPN;GBR;FRA;BRA;EST/indicator/IT.CEL.SETS.P2?format=json&per_page=1000,2026-09-28T17:23:21.979Z,{}
IT.CEL.SETS.P2,IT.CEL.SETS.P2--ind,Indie,IND,Mobile cellular subscriptions (per 100 people),2018-12-31,2018,year,2018-01-01,85.5500756367908,abonamenty / 100 osób,annual,observed,https://api.worldbank.org/v2/country/POL;WLD;USA;CHN;DEU;IND;KOR;JPN;GBR;FRA;BRA;EST/indicator/IT.CEL.SETS.P2?format=json&per_page=1000,2026-09-28T17:23:21.979Z,{}
IT.CEL.SETS.P2,IT.CEL.SETS.P2--jpn,Japonia,JPN,Mobile cellular subscriptions (per 100 people),2018-12-31,2018,year,2018-01-01,141.728728918149,abonamenty / 100 osób,annual,observed,https://api.worldbank.org/v2/country/POL;WLD;USA;CHN;DEU;IND;KOR;JPN;GBR;FRA;BRA;EST/indicator/IT.CEL.SETS.P2?format=json&per_page=1000,2026-09-28T17:23:21.979Z,{}
IT.CEL.SETS.P2,IT.CEL.SETS.P2--kor,Korea Płd.,KOR,Mobile cellular subscriptions (per 100 people),2018-12-31,2018,year,2018-01-01,128.494634504197,abonamenty / 100 osób,annual,observed,https://api.worldbank.org/v2/country/POL;WLD;USA;CHN;DEU;IND;KOR;JPN;GBR;FRA;BRA;EST/indicator/IT.CEL.SETS.P2?format=json&per_page=1000,2026-09-28T17:23:21.979Z,{}
IT.CEL.SETS.P2,IT.CEL.SETS.P2--pol,Polska,POL,Mobile cellular subscriptions (per 100 people),2018-12-31,2018,year,2018-01-01,126.266191655563,abonamenty / 100 osób,annual,observed,https://api.worldbank.org/v2/country/POL;WLD;USA;CHN;DEU;IND;KOR;JPN;GBR;FRA;BRA;EST/indicator/IT.CEL.SETS.P2?format=json&per_page=1000,2026-09-28T17:23:21.979Z,{}
IT.CEL.SETS.P2,IT.CEL.SETS.P2--usa,USA,USA,Mobile cellular subscriptions (per 100 people),2018-12-31,2018,year,2018-01-01,103.935307364,abonamenty / 100 osób,annual,observed,https://api.worldbank.org/v2/country/POL;WLD;USA;CHN;DEU;IND;KOR;JPN;GBR;FRA;BRA;EST/indicator/IT.CEL.SETS.P2?format=json&per_page=1000,2026-09-28T17:23:21.979Z,{}
IT.CEL.SETS.P2,IT.CEL.SETS.P2--wld,Świat,WLD,Mobile cellular subscriptions (per 100 people),2018-12-31,2018,year,2018-01-01,103.1,abonamenty / 100 osób,annual,observed,https://api.worldbank.org/v2/country/POL;WLD;USA;CHN;DEU;IND;KOR;JPN;GBR;FRA;BRA;EST/indicator/IT.CEL.SETS.P2?format=json&per_page=1000,2026-09-28T17:23:21.979Z,{}
IT.CEL.SETS.P2,IT.CEL.SETS.P2--bra,Brazylia,BRA,Mobile cellular subscriptions (per 100 people),2019-12-31,2019,year,2019-01-01,97.3747376780285,abonamenty / 100 osób,annual,observed,https://api.worldbank.org/v2/country/POL;WLD;USA;CHN;DEU;IND;KOR;JPN;GBR;FRA;BRA;EST/indicator/IT.CEL.SETS.P2?format=json&per_page=1000,2026-09-28T17:23:21.979Z,{}
IT.CEL.SETS.P2,IT.CEL.SETS.P2--chn,Chiny,CHN,Mobile cellular subscriptions (per 100 people),2019-12-31,2019,year,2019-01-01,122.670391850252,abonamenty / 100 osób,annual,observed,https://api.worldbank.org/v2/country/POL;WLD;USA;CHN;DEU;IND;KOR;JPN;GBR;FRA;BRA;EST/indicator/IT.CEL.SETS.P2?format=json&per_page=1000,2026-09-28T17:23:21.979Z,{}
IT.CEL.SETS.P2,IT.CEL.SETS.P2--deu,Niemcy,DEU,Mobile cellular subscriptions (per 100 people),2019-12-31,2019,year,2019-01-01,128.292298108313,abonamenty / 100 osób,annual,observed,https://api.worldbank.org/v2/country/POL;WLD;USA;CHN;DEU;IND;KOR;JPN;GBR;FRA;BRA;EST/indicator/IT.CEL.SETS.P2?format=json&per_page=1000,2026-09-28T17:23:21.979Z,{}
IT.CEL.SETS.P2,IT.CEL.SETS.P2--est,Estonia,EST,Mobile cellular subscriptions (per 100 people),2019-12-31,2019,year,2019-01-01,147.04692867619,abonamenty / 100 osób,annual,observed,https://api.worldbank.org/v2/country/POL;WLD;USA;CHN;DEU;IND;KOR;JPN;GBR;FRA;BRA;EST/indicator/IT.CEL.SETS.P2?format=json&per_page=1000,2026-09-28T17:23:21.979Z,{}
IT.CEL.SETS.P2,IT.CEL.SETS.P2--fra,Francja,FRA,Mobile cellular subscriptions (per 100 people),2019-12-31,2019,year,2019-01-01,109.600780374596,abonamenty / 100 osób,annual,observed,https://api.worldbank.org/v2/country/POL;WLD;USA;CHN;DEU;IND;KOR;JPN;GBR;FRA;BRA;EST/indicator/IT.CEL.SETS.P2?format=json&per_page=1000,2026-09-28T17:23:21.979Z,{}
IT.CEL.SETS.P2,IT.CEL.SETS.P2--gbr,Wielka Brytania,GBR,Mobile cellular subscriptions (per 100 people),2019-12-31,2019,year,2019-01-01,120.250108782533,abonamenty / 100 osób,annual,observed,https://api.worldbank.org/v2/country/POL;WLD;USA;CHN;DEU;IND;KOR;JPN;GBR;FRA;BRA;EST/indicator/IT.CEL.SETS.P2?format=json&per_page=1000,2026-09-28T17:23:21.979Z,{}
IT.CEL.SETS.P2,IT.CEL.SETS.P2--ind,Indie,IND,Mobile cellular subscriptions (per 100 people),2019-12-31,2019,year,2019-01-01,82.898144918237,abonamenty / 100 osób,annual,observed,https://api.worldbank.org/v2/country/POL;WLD;USA;CHN;DEU;IND;KOR;JPN;GBR;FRA;BRA;EST/indicator/IT.CEL.SETS.P2?format=json&per_page=1000,2026-09-28T17:23:21.979Z,{}
IT.CEL.SETS.P2,IT.CEL.SETS.P2--jpn,Japonia,JPN,Mobile cellular subscriptions (per 100 people),2019-12-31,2019,year,2019-01-01,147.209910756974,abonamenty / 100 osób,annual,observed,https://api.worldbank.org/v2/country/POL;WLD;USA;CHN;DEU;IND;KOR;JPN;GBR;FRA;BRA;EST/indicator/IT.CEL.SETS.P2?format=json&per_page=1000,2026-09-28T17:23:21.979Z,{}
IT.CEL.SETS.P2,IT.CEL.SETS.P2--kor,Korea Płd.,KOR,Mobile cellular subscriptions (per 100 people),2019-12-31,2019,year,2019-01-01,133.079790493891,abonamenty / 100 osób,annual,observed,https://api.worldbank.org/v2/country/POL;WLD;USA;CHN;DEU;IND;KOR;JPN;GBR;FRA;BRA;EST/indicator/IT.CEL.SETS.P2?format=json&per_page=1000,2026-09-28T17:23:21.979Z,{}
IT.CEL.SETS.P2,IT.CEL.SETS.P2--pol,Polska,POL,Mobile cellular subscriptions (per 100 people),2019-12-31,2019,year,2019-01-01,126.597314882311,abonamenty / 100 osób,annual,observed,https://api.worldbank.org/v2/country/POL;WLD;USA;CHN;DEU;IND;KOR;JPN;GBR;FRA;BRA;EST/indicator/IT.CEL.SETS.P2?format=json&per_page=1000,2026-09-28T17:23:21.979Z,{}
IT.CEL.SETS.P2,IT.CEL.SETS.P2--usa,USA,USA,Mobile cellular subscriptions (per 100 people),2019-12-31,2019,year,2019-01-01,105.32074052965,abonamenty / 100 osób,annual,observed,https://api.worldbank.org/v2/country/POL;WLD;USA;CHN;DEU;IND;KOR;JPN;GBR;FRA;BRA;EST/indicator/IT.CEL.SETS.P2?format=json&per_page=1000,2026-09-28T17:23:21.979Z,{}
IT.CEL.SETS.P2,IT.CEL.SETS.P2--wld,Świat,WLD,Mobile cellular subscriptions (per 100 people),2019-12-31,2019,year,2019-01-01,105.9,abonamenty / 100 osób,annual,observed,https://api.worldbank.org/v2/country/POL;WLD;USA;CHN;DEU;IND;KOR;JPN;GBR;FRA;BRA;EST/indicator/IT.CEL.SETS.P2?format=json&per_page=1000,2026-09-28T17:23:21.979Z,{}
IT.CEL.SETS.P2,IT.CEL.SETS.P2--bra,Brazylia,BRA,Mobile cellular subscriptions (per 100 people),2020-12-31,2020,year,2020-01-01,98.6456198619193,abonamenty / 100 osób,annual,observed,https://api.worldbank.org/v2/country/POL;WLD;USA;CHN;DEU;IND;KOR;JPN;GBR;FRA;BRA;EST/indicator/IT.CEL.SETS.P2?format=json&per_page=1000,2026-09-28T17:23:21.979Z,{}
IT.CEL.SETS.P2,IT.CEL.SETS.P2--chn,Chiny,CHN,Mobile cellular subscriptions (per 100 people),2020-12-31,2020,year,2020-01-01,120.496715387079,abonamenty / 100 osób,annual,observed,https://api.worldbank.org/v2/country/POL;WLD;USA;CHN;DEU;IND;KOR;JPN;GBR;FRA;BRA;EST/indicator/IT.CEL.SETS.P2?format=json&per_page=1000,2026-09-28T17:23:21.979Z,{}
IT.CEL.SETS.P2,IT.CEL.SETS.P2--deu,Niemcy,DEU,Mobile cellular subscriptions (per 100 people),2020-12-31,2020,year,2020-01-01,128.424798814302,abonamenty / 100 osób,annual,observed,https://api.worldbank.org/v2/country/POL;WLD;USA;CHN;DEU;IND;KOR;JPN;GBR;FRA;BRA;EST/indicator/IT.CEL.SETS.P2?format=json&per_page=1000,2026-09-28T17:23:21.979Z,{}
IT.CEL.SETS.P2,IT.CEL.SETS.P2--est,Estonia,EST,Mobile cellular subscriptions (per 100 people),2020-12-31,2020,year,2020-01-01,144.832210121466,abonamenty / 100 osób,annual,observed,https://api.worldbank.org/v2/country/POL;WLD;USA;CHN;DEU;IND;KOR;JPN;GBR;FRA;BRA;EST/indicator/IT.CEL.SETS.P2?format=json&per_page=1000,2026-09-28T17:23:21.979Z,{}
IT.CEL.SETS.P2,IT.CEL.SETS.P2--fra,Francja,FRA,Mobile cellular subscriptions (per 100 people),2020-12-31,2020,year,2020-01-01,110.387215275645,abonamenty / 100 osób,annual,observed,https://api.worldbank.org/v2/country/POL;WLD;USA;CHN;DEU;IND;KOR;JPN;GBR;FRA;BRA;EST/indicator/IT.CEL.SETS.P2?format=json&per_page=1000,2026-09-28T17:23:21.979Z,{}
IT.CEL.SETS.P2,IT.CEL.SETS.P2--gbr,Wielka Brytania,GBR,Mobile cellular subscriptions (per 100 people),2020-12-31,2020,year,2020-01-01,117.304850715261,abonamenty / 100 osób,annual,observed,https://api.worldbank.org/v2/country/POL;WLD;USA;CHN;DEU;IND;KOR;JPN;GBR;FRA;BRA;EST/indicator/IT.CEL.SETS.P2?format=json&per_page=1000,2026-09-28T17:23:21.979Z,{}
IT.CEL.SETS.P2,IT.CEL.SETS.P2--ind,Indie,IND,Mobile cellular subscriptions (per 100 people),2020-12-31,2020,year,2020-01-01,82.2540479927426,abonamenty / 100 osób,annual,observed,https://api.worldbank.org/v2/country/POL;WLD;USA;CHN;DEU;IND;KOR;JPN;GBR;FRA;BRA;EST/indicator/IT.CEL.SETS.P2?format=json&per_page=1000,2026-09-28T17:23:21.979Z,{}
IT.CEL.SETS.P2,IT.CEL.SETS.P2--jpn,Japonia,JPN,Mobile cellular subscriptions (per 100 people),2020-12-31,2020,year,2020-01-01,154.432206765516,abonamenty / 100 osób,annual,observed,https://api.worldbank.org/v2/country/POL;WLD;USA;CHN;DEU;IND;KOR;JPN;GBR;FRA;BRA;EST/indicator/IT.CEL.SETS.P2?format=json&per_page=1000,2026-09-28T17:23:21.979Z,{}
IT.CEL.SETS.P2,IT.CEL.SETS.P2--kor,Korea Płd.,KOR,Mobile cellular subscriptions (per 100 people),2020-12-31,2020,year,2020-01-01,135.973274343048,abonamenty / 100 osób,annual,observed,https://api.worldbank.org/v2/country/POL;WLD;USA;CHN;DEU;IND;KOR;JPN;GBR;FRA;BRA;EST/indicator/IT.CEL.SETS.P2?format=json&per_page=1000,2026-09-28T17:23:21.979Z,{}
IT.CEL.SETS.P2,IT.CEL.SETS.P2--pol,Polska,POL,Mobile cellular subscriptions (per 100 people),2020-12-31,2020,year,2020-01-01,129.288487295019,abonamenty / 100 osób,annual,observed,https://api.worldbank.org/v2/country/POL;WLD;USA;CHN;DEU;IND;KOR;JPN;GBR;FRA;BRA;EST/indicator/IT.CEL.SETS.P2?format=json&per_page=1000,2026-09-28T17:23:21.979Z,{}
IT.CEL.SETS.P2,IT.CEL.SETS.P2--usa,USA,USA,Mobile cellular subscriptions (per 100 people),2020-12-31,2020,year,2020-01-01,103.855170008567,abonamenty / 100 osób,annual,observed,https://api.worldbank.org/v2/country/POL;WLD;USA;CHN;DEU;IND;KOR;JPN;GBR;FRA;BRA;EST/indicator/IT.CEL.SETS.P2?format=json&per_page=1000,2026-09-28T17:23:21.979Z,{}
IT.CEL.SETS.P2,IT.CEL.SETS.P2--wld,Świat,WLD,Mobile cellular subscriptions (per 100 people),2020-12-31,2020,year,2020-01-01,104.8,abonamenty / 100 osób,annual,observed,https://api.worldbank.org/v2/country/POL;WLD;USA;CHN;DEU;IND;KOR;JPN;GBR;FRA;BRA;EST/indicator/IT.CEL.SETS.P2?format=json&per_page=1000,2026-09-28T17:23:21.979Z,{}
IT.CEL.SETS.P2,IT.CEL.SETS.P2--bra,Brazylia,BRA,Mobile cellular subscriptions (per 100 people),2021-12-31,2021,year,2021-01-01,104.824727184587,abonamenty / 100 osób,annual,observed,https://api.worldbank.org/v2/country/POL;WLD;USA;CHN;DEU;IND;KOR;JPN;GBR;FRA;BRA;EST/indicator/IT.CEL.SETS.P2?format=json&per_page=1000,2026-09-28T17:23:21.979Z,{}
IT.CEL.SETS.P2,IT.CEL.SETS.P2--chn,Chiny,CHN,Mobile cellular subscriptions (per 100 people),2021-12-31,2021,year,2021-01-01,121.491918368395,abonamenty / 100 osób,annual,observed,https://api.worldbank.org/v2/country/POL;WLD;USA;CHN;DEU;IND;KOR;JPN;GBR;FRA;BRA;EST/indicator/IT.CEL.SETS.P2?format=json&per_page=1000,2026-09-28T17:23:21.979Z,{}
IT.CEL.SETS.P2,IT.CEL.SETS.P2--deu,Niemcy,DEU,Mobile cellular subscriptions (per 100 people),2021-12-31,2021,year,2021-01-01,127.125099449404,abonamenty / 100 osób,annual,observed,https://api.worldbank.org/v2/country/POL;WLD;USA;CHN;DEU;IND;KOR;JPN;GBR;FRA;BRA;EST/indicator/IT.CEL.SETS.P2?format=json&per_page=1000,2026-09-28T17:23:21.979Z,{}
IT.CEL.SETS.P2,IT.CEL.SETS.P2--est,Estonia,EST,Mobile cellular subscriptions (per 100 people),2021-12-31,2021,year,2021-01-01,148.739589817601,abonamenty / 100 osób,annual,observed,https://api.worldbank.org/v2/country/POL;WLD;USA;CHN;DEU;IND;KOR;JPN;GBR;FRA;BRA;EST/indicator/IT.CEL.SETS.P2?format=json&per_page=1000,2026-09-28T17:23:21.979Z,{}
IT.CEL.SETS.P2,IT.CEL.SETS.P2--fra,Francja,FRA,Mobile cellular subscriptions (per 100 people),2021-12-31,2021,year,2021-01-01,113.952719366702,abonamenty / 100 osób,annual,observed,https://api.worldbank.org/v2/country/POL;WLD;USA;CHN;DEU;IND;KOR;JPN;GBR;FRA;BRA;EST/indicator/IT.CEL.SETS.P2?format=json&per_page=1000,2026-09-28T17:23:21.979Z,{}
IT.CEL.SETS.P2,IT.CEL.SETS.P2--gbr,Wielka Brytania,GBR,Mobile cellular subscriptions (per 100 people),2021-12-31,2021,year,2021-01-01,117.887430294308,abonamenty / 100 osób,annual,observed,https://api.worldbank.org/v2/country/POL;WLD;USA;CHN;DEU;IND;KOR;JPN;GBR;FRA;BRA;EST/indicator/IT.CEL.SETS.P2?format=json&per_page=1000,2026-09-28T17:23:21.979Z,{}
IT.CEL.SETS.P2,IT.CEL.SETS.P2--ind,Indie,IND,Mobile cellular subscriptions (per 100 people),2021-12-31,2021,year,2021-01-01,81.603974311212,abonamenty / 100 osób,annual,observed,https://api.worldbank.org/v2/country/POL;WLD;USA;CHN;DEU;IND;KOR;JPN;GBR;FRA;BRA;EST/indicator/IT.CEL.SETS.P2?format=json&per_page=1000,2026-09-28T17:23:21.979Z,{}
IT.CEL.SETS.P2,IT.CEL.SETS.P2--jpn,Japonia,JPN,Mobile cellular subscriptions (per 100 people),2021-12-31,2021,year,2021-01-01,159.516123485628,abonamenty / 100 osób,annual,observed,https://api.worldbank.org/v2/country/POL;WLD;USA;CHN;DEU;IND;KOR;JPN;GBR;FRA;BRA;EST/indicator/IT.CEL.SETS.P2?format=json&per_page=1000,2026-09-28T17:23:21.979Z,{}
IT.CEL.SETS.P2,IT.CEL.SETS.P2--kor,Korea Płd.,KOR,Mobile cellular subscriptions (per 100 people),2021-12-31,2021,year,2021-01-01,140.516382791931,abonamenty / 100 osób,annual,observed,https://api.worldbank.org/v2/country/POL;WLD;USA;CHN;DEU;IND;KOR;JPN;GBR;FRA;BRA;EST/indicator/IT.CEL.SETS.P2?format=json&per_page=1000,2026-09-28T17:23:21.979Z,{}
IT.CEL.SETS.P2,IT.CEL.SETS.P2--pol,Polska,POL,Mobile cellular subscriptions (per 100 people),2021-12-31,2021,year,2021-01-01,132.987203939653,abonamenty / 100 osób,annual,observed,https://api.worldbank.org/v2/country/POL;WLD;USA;CHN;DEU;IND;KOR;JPN;GBR;FRA;BRA;EST/indicator/IT.CEL.SETS.P2?format=json&per_page=1000,2026-09-28T17:23:21.979Z,{}
IT.CEL.SETS.P2,IT.CEL.SETS.P2--usa,USA,USA,Mobile cellular subscriptions (per 100 people),2021-12-31,2021,year,2021-01-01,106.324514306135,abonamenty / 100 osób,annual,observed,https://api.worldbank.org/v2/country/POL;WLD;USA;CHN;DEU;IND;KOR;JPN;GBR;FRA;BRA;EST/indicator/IT.CEL.SETS.P2?format=json&per_page=1000,2026-09-28T17:23:21.979Z,{}
IT.CEL.SETS.P2,IT.CEL.SETS.P2--wld,Świat,WLD,Mobile cellular subscriptions (per 100 people),2021-12-31,2021,year,2021-01-01,106.7,abonamenty / 100 osób,annual,observed,https://api.worldbank.org/v2/country/POL;WLD;USA;CHN;DEU;IND;KOR;JPN;GBR;FRA;BRA;EST/indicator/IT.CEL.SETS.P2?format=json&per_page=1000,2026-09-28T17:23:21.979Z,{}
IT.CEL.SETS.P2,IT.CEL.SETS.P2--bra,Brazylia,BRA,Mobile cellular subscriptions (per 100 people),2022-12-31,2022,year,2022-01-01,101.245468903076,abonamenty / 100 osób,annual,observed,https://api.worldbank.org/v2/country/POL;WLD;USA;CHN;DEU;IND;KOR;JPN;GBR;FRA;BRA;EST/indicator/IT.CEL.SETS.P2?format=json&per_page=1000,2026-09-28T17:23:21.979Z,{}
IT.CEL.SETS.P2,IT.CEL.SETS.P2--chn,Chiny,CHN,Mobile cellular subscriptions (per 100 people),2022-12-31,2022,year,2022-01-01,124.195248970763,abonamenty / 100 osób,annual,observed,https://api.worldbank.org/v2/country/POL;WLD;USA;CHN;DEU;IND;KOR;JPN;GBR;FRA;BRA;EST/indicator/IT.CEL.SETS.P2?format=json&per_page=1000,2026-09-28T17:23:21.979Z,{}
IT.CEL.SETS.P2,IT.CEL.SETS.P2--deu,Niemcy,DEU,Mobile cellular subscriptions (per 100 people),2022-12-31,2022,year,2022-01-01,124.158264349285,abonamenty / 100 osób,annual,observed,https://api.worldbank.org/v2/country/POL;WLD;USA;CHN;DEU;IND;KOR;JPN;GBR;FRA;BRA;EST/indicator/IT.CEL.SETS.P2?format=json&per_page=1000,2026-09-28T17:23:21.979Z,{}
IT.CEL.SETS.P2,IT.CEL.SETS.P2--est,Estonia,EST,Mobile cellular subscriptions (per 100 people),2022-12-31,2022,year,2022-01-01,152.270772859015,abonamenty / 100 osób,annual,observed,https://api.worldbank.org/v2/country/POL;WLD;USA;CHN;DEU;IND;KOR;JPN;GBR;FRA;BRA;EST/indicator/IT.CEL.SETS.P2?format=json&per_page=1000,2026-09-28T17:23:21.979Z,{}
IT.CEL.SETS.P2,IT.CEL.SETS.P2--fra,Francja,FRA,Mobile cellular subscriptions (per 100 people),2022-12-31,2022,year,2022-01-01,115.950519429629,abonamenty / 100 osób,annual,observed,https://api.worldbank.org/v2/country/POL;WLD;USA;CHN;DEU;IND;KOR;JPN;GBR;FRA;BRA;EST/indicator/IT.CEL.SETS.P2?format=json&per_page=1000,2026-09-28T17:23:21.979Z,{}
IT.CEL.SETS.P2,IT.CEL.SETS.P2--gbr,Wielka Brytania,GBR,Mobile cellular subscriptions (per 100 people),2022-12-31,2022,year,2022-01-01,119.833999505569,abonamenty / 100 osób,annual,observed,https://api.worldbank.org/v2/country/POL;WLD;USA;CHN;DEU;IND;KOR;JPN;GBR;FRA;BRA;EST/indicator/IT.CEL.SETS.P2?format=json&per_page=1000,2026-09-28T17:23:21.979Z,{}
IT.CEL.SETS.P2,IT.CEL.SETS.P2--ind,Indie,IND,Mobile cellular subscriptions (per 100 people),2022-12-31,2022,year,2022-01-01,80.1818007717416,abonamenty / 100 osób,annual,observed,https://api.worldbank.org/v2/country/POL;WLD;USA;CHN;DEU;IND;KOR;JPN;GBR;FRA;BRA;EST/indicator/IT.CEL.SETS.P2?format=json&per_page=1000,2026-09-28T17:23:21.979Z,{}
IT.CEL.SETS.P2,IT.CEL.SETS.P2--jpn,Japonia,JPN,Mobile cellular subscriptions (per 100 people),2022-12-31,2022,year,2022-01-01,168.602943650636,abonamenty / 100 osób,annual,observed,https://api.worldbank.org/v2/country/POL;WLD;USA;CHN;DEU;IND;KOR;JPN;GBR;FRA;BRA;EST/indicator/IT.CEL.SETS.P2?format=json&per_page=1000,2026-09-28T17:23:21.979Z,{}
IT.CEL.SETS.P2,IT.CEL.SETS.P2--kor,Korea Płd.,KOR,Mobile cellular subscriptions (per 100 people),2022-12-31,2022,year,2022-01-01,148.68360770138,abonamenty / 100 osób,annual,observed,https://api.worldbank.org/v2/country/POL;WLD;USA;CHN;DEU;IND;KOR;JPN;GBR;FRA;BRA;EST/indicator/IT.CEL.SETS.P2?format=json&per_page=1000,2026-09-28T17:23:21.979Z,{}
IT.CEL.SETS.P2,IT.CEL.SETS.P2--pol,Polska,POL,Mobile cellular subscriptions (per 100 people),2022-12-31,2022,year,2022-01-01,137.002148115476,abonamenty / 100 osób,annual,observed,https://api.worldbank.org/v2/country/POL;WLD;USA;CHN;DEU;IND;KOR;JPN;GBR;FRA;BRA;EST/indicator/IT.CEL.SETS.P2?format=json&per_page=1000,2026-09-28T17:23:21.979Z,{}
IT.CEL.SETS.P2,IT.CEL.SETS.P2--usa,USA,USA,Mobile cellular subscriptions (per 100 people),2022-12-31,2022,year,2022-01-01,108.785640656159,abonamenty / 100 osób,annual,observed,https://api.worldbank.org/v2/country/POL;WLD;USA;CHN;DEU;IND;KOR;JPN;GBR;FRA;BRA;EST/indicator/IT.CEL.SETS.P2?format=json&per_page=1000,2026-09-28T17:23:21.979Z,{}
IT.CEL.SETS.P2,IT.CEL.SETS.P2--wld,Świat,WLD,Mobile cellular subscriptions (per 100 people),2022-12-31,2022,year,2022-01-01,108,abonamenty / 100 osób,annual,observed,https://api.worldbank.org/v2/country/POL;WLD;USA;CHN;DEU;IND;KOR;JPN;GBR;FRA;BRA;EST/indicator/IT.CEL.SETS.P2?format=json&per_page=1000,2026-09-28T17:23:21.979Z,{}
IT.CEL.SETS.P2,IT.CEL.SETS.P2--bra,Brazylia,BRA,Mobile cellular subscriptions (per 100 people),2023-12-31,2023,year,2023-01-01,101.020256020808,abonamenty / 100 osób,annual,observed,https://api.worldbank.org/v2/country/POL;WLD;USA;CHN;DEU;IND;KOR;JPN;GBR;FRA;BRA;EST/indicator/IT.CEL.SETS.P2?format=json&per_page=1000,2026-09-28T17:23:21.979Z,{}
IT.CEL.SETS.P2,IT.CEL.SETS.P2--chn,Chiny,CHN,Mobile cellular subscriptions (per 100 people),2023-12-31,2023,year,2023-01-01,128.247014127486,abonamenty / 100 osób,annual,observed,https://api.worldbank.org/v2/country/POL;WLD;USA;CHN;DEU;IND;KOR;JPN;GBR;FRA;BRA;EST/indicator/IT.CEL.SETS.P2?format=json&per_page=1000,2026-09-28T17:23:21.979Z,{}
IT.CEL.SETS.P2,IT.CEL.SETS.P2--deu,Niemcy,DEU,Mobile cellular subscriptions (per 100 people),2023-12-31,2023,year,2023-01-01,124.662572774586,abonamenty / 100 osób,annual,observed,https://api.worldbank.org/v2/country/POL;WLD;USA;CHN;DEU;IND;KOR;JPN;GBR;FRA;BRA;EST/indicator/IT.CEL.SETS.P2?format=json&per_page=1000,2026-09-28T17:23:21.979Z,{}
IT.CEL.SETS.P2,IT.CEL.SETS.P2--est,Estonia,EST,Mobile cellular subscriptions (per 100 people),2023-12-31,2023,year,2023-01-01,150.195729068839,abonamenty / 100 osób,annual,observed,https://api.worldbank.org/v2/country/POL;WLD;USA;CHN;DEU;IND;KOR;JPN;GBR;FRA;BRA;EST/indicator/IT.CEL.SETS.P2?format=json&per_page=1000,2026-09-28T17:23:21.979Z,{}
IT.CEL.SETS.P2,IT.CEL.SETS.P2--fra,Francja,FRA,Mobile cellular subscriptions (per 100 people),2023-12-31,2023,year,2023-01-01,116.687800394775,abonamenty / 100 osób,annual,observed,https://api.worldbank.org/v2/country/POL;WLD;USA;CHN;DEU;IND;KOR;JPN;GBR;FRA;BRA;EST/indicator/IT.CEL.SETS.P2?format=json&per_page=1000,2026-09-28T17:23:21.979Z,{}
IT.CEL.SETS.P2,IT.CEL.SETS.P2--gbr,Wielka Brytania,GBR,Mobile cellular subscriptions (per 100 people),2023-12-31,2023,year,2023-01-01,122.781542240418,abonamenty / 100 osób,annual,observed,https://api.worldbank.org/v2/country/POL;WLD;USA;CHN;DEU;IND;KOR;JPN;GBR;FRA;BRA;EST/indicator/IT.CEL.SETS.P2?format=json&per_page=1000,2026-09-28T17:23:21.979Z,{}
IT.CEL.SETS.P2,IT.CEL.SETS.P2--ind,Indie,IND,Mobile cellular subscriptions (per 100 people),2023-12-31,2023,year,2023-01-01,80.5631998772888,abonamenty / 100 osób,annual,observed,https://api.worldbank.org/v2/country/POL;WLD;USA;CHN;DEU;IND;KOR;JPN;GBR;FRA;BRA;EST/indicator/IT.CEL.SETS.P2?format=json&per_page=1000,2026-09-28T17:23:21.979Z,{}
IT.CEL.SETS.P2,IT.CEL.SETS.P2--jpn,Japonia,JPN,Mobile cellular subscriptions (per 100 people),2023-12-31,2023,year,2023-01-01,178.432441299977,abonamenty / 100 osób,annual,observed,https://api.worldbank.org/v2/country/POL;WLD;USA;CHN;DEU;IND;KOR;JPN;GBR;FRA;BRA;EST/indicator/IT.CEL.SETS.P2?format=json&per_page=1000,2026-09-28T17:23:21.979Z,{}
IT.CEL.SETS.P2,IT.CEL.SETS.P2--kor,Korea Płd.,KOR,Mobile cellular subscriptions (per 100 people),2023-12-31,2023,year,2023-01-01,162.11365652794,abonamenty / 100 osób,annual,observed,https://api.worldbank.org/v2/country/POL;WLD;USA;CHN;DEU;IND;KOR;JPN;GBR;FRA;BRA;EST/indicator/IT.CEL.SETS.P2?format=json&per_page=1000,2026-09-28T17:23:21.979Z,{}
IT.CEL.SETS.P2,IT.CEL.SETS.P2--pol,Polska,POL,Mobile cellular subscriptions (per 100 people),2023-12-31,2023,year,2023-01-01,135.146301442691,abonamenty / 100 osób,annual,observed,https://api.worldbank.org/v2/country/POL;WLD;USA;CHN;DEU;IND;KOR;JPN;GBR;FRA;BRA;EST/indicator/IT.CEL.SETS.P2?format=json&per_page=1000,2026-09-28T17:23:21.979Z,{}
IT.CEL.SETS.P2,IT.CEL.SETS.P2--usa,USA,USA,Mobile cellular subscriptions (per 100 people),2023-12-31,2023,year,2023-01-01,112.410910606372,abonamenty / 100 osób,annual,observed,https://api.worldbank.org/v2/country/POL;WLD;USA;CHN;DEU;IND;KOR;JPN;GBR;FRA;BRA;EST/indicator/IT.CEL.SETS.P2?format=json&per_page=1000,2026-09-28T17:23:21.979Z,{}
IT.CEL.SETS.P2,IT.CEL.SETS.P2--wld,Świat,WLD,Mobile cellular subscriptions (per 100 people),2023-12-31,2023,year,2023-01-01,109.8,abonamenty / 100 osób,annual,observed,https://api.worldbank.org/v2/country/POL;WLD;USA;CHN;DEU;IND;KOR;JPN;GBR;FRA;BRA;EST/indicator/IT.CEL.SETS.P2?format=json&per_page=1000,2026-09-28T17:23:21.979Z,{}
IT.CEL.SETS.P2,IT.CEL.SETS.P2--bra,Brazylia,BRA,Mobile cellular subscriptions (per 100 people),2024-12-31,2024,year,2024-01-01,101.926846460424,abonamenty / 100 osób,annual,observed,https://api.worldbank.org/v2/country/POL;WLD;USA;CHN;DEU;IND;KOR;JPN;GBR;FRA;BRA;EST/indicator/IT.CEL.SETS.P2?format=json&per_page=1000,2026-09-28T17:23:21.979Z,{}
IT.CEL.SETS.P2,IT.CEL.SETS.P2--chn,Chiny,CHN,Mobile cellular subscriptions (per 100 people),2024-12-31,2024,year,2024-01-01,131.753932036803,abonamenty / 100 osób,annual,observed,https://api.worldbank.org/v2/country/POL;WLD;USA;CHN;DEU;IND;KOR;JPN;GBR;FRA;BRA;EST/indicator/IT.CEL.SETS.P2?format=json&per_page=1000,2026-09-28T17:23:21.979Z,{}
IT.CEL.SETS.P2,IT.CEL.SETS.P2--deu,Niemcy,DEU,Mobile cellular subscriptions (per 100 people),2024-12-31,2024,year,2024-01-01,129.150921864378,abonamenty / 100 osób,annual,observed,https://api.worldbank.org/v2/country/POL;WLD;USA;CHN;DEU;IND;KOR;JPN;GBR;FRA;BRA;EST/indicator/IT.CEL.SETS.P2?format=json&per_page=1000,2026-09-28T17:23:21.979Z,{}
IT.CEL.SETS.P2,IT.CEL.SETS.P2--est,Estonia,EST,Mobile cellular subscriptions (per 100 people),2024-12-31,2024,year,2024-01-01,151.131825017309,abonamenty / 100 osób,annual,observed,https://api.worldbank.org/v2/country/POL;WLD;USA;CHN;DEU;IND;KOR;JPN;GBR;FRA;BRA;EST/indicator/IT.CEL.SETS.P2?format=json&per_page=1000,2026-09-28T17:23:21.979Z,{}
IT.CEL.SETS.P2,IT.CEL.SETS.P2--fra,Francja,FRA,Mobile cellular subscriptions (per 100 people),2024-12-31,2024,year,2024-01-01,,abonamenty / 100 osób,annual,observed,https://api.worldbank.org/v2/country/POL;WLD;USA;CHN;DEU;IND;KOR;JPN;GBR;FRA;BRA;EST/indicator/IT.CEL.SETS.P2?format=json&per_page=1000,2026-09-28T17:23:21.979Z,{}
IT.CEL.SETS.P2,IT.CEL.SETS.P2--gbr,Wielka Brytania,GBR,Mobile cellular subscriptions (per 100 people),2024-12-31,2024,year,2024-01-01,121.643331373201,abonamenty / 100 osób,annual,observed,https://api.worldbank.org/v2/country/POL;WLD;USA;CHN;DEU;IND;KOR;JPN;GBR;FRA;BRA;EST/indicator/IT.CEL.SETS.P2?format=json&per_page=1000,2026-09-28T17:23:21.979Z,{}
IT.CEL.SETS.P2,IT.CEL.SETS.P2--ind,Indie,IND,Mobile cellular subscriptions (per 100 people),2024-12-31,2024,year,2024-01-01,79.3526921826412,abonamenty / 100 osób,annual,observed,https://api.worldbank.org/v2/country/POL;WLD;USA;CHN;DEU;IND;KOR;JPN;GBR;FRA;BRA;EST/indicator/IT.CEL.SETS.P2?format=json&per_page=1000,2026-09-28T17:23:21.979Z,{}
IT.CEL.SETS.P2,IT.CEL.SETS.P2--jpn,Japonia,JPN,Mobile cellular subscriptions (per 100 people),2024-12-31,2024,year,2024-01-01,,abonamenty / 100 osób,annual,observed,https://api.worldbank.org/v2/country/POL;WLD;USA;CHN;DEU;IND;KOR;JPN;GBR;FRA;BRA;EST/indicator/IT.CEL.SETS.P2?format=json&per_page=1000,2026-09-28T17:23:21.979Z,{}
IT.CEL.SETS.P2,IT.CEL.SETS.P2--kor,Korea Płd.,KOR,Mobile cellular subscriptions (per 100 people),2024-12-31,2024,year,2024-01-01,172.520241179065,abonamenty / 100 osób,annual,observed,https://api.worldbank.org/v2/country/POL;WLD;USA;CHN;DEU;IND;KOR;JPN;GBR;FRA;BRA;EST/indicator/IT.CEL.SETS.P2?format=json&per_page=1000,2026-09-28T17:23:21.979Z,{}
IT.CEL.SETS.P2,IT.CEL.SETS.P2--pol,Polska,POL,Mobile cellular subscriptions (per 100 people),2024-12-31,2024,year,2024-01-01,138.016156588197,abonamenty / 100 osób,annual,observed,https://api.worldbank.org/v2/country/POL;WLD;USA;CHN;DEU;IND;KOR;JPN;GBR;FRA;BRA;EST/indicator/IT.CEL.SETS.P2?format=json&per_page=1000,2026-09-28T17:23:21.979Z,{}
IT.CEL.SETS.P2,IT.CEL.SETS.P2--usa,USA,USA,Mobile cellular subscriptions (per 100 people),2024-12-31,2024,year,2024-01-01,113.190481805755,abonamenty / 100 osób,annual,observed,https://api.worldbank.org/v2/country/POL;WLD;USA;CHN;DEU;IND;KOR;JPN;GBR;FRA;BRA;EST/indicator/IT.CEL.SETS.P2?format=json&per_page=1000,2026-09-28T17:23:21.979Z,{}
IT.CEL.SETS.P2,IT.CEL.SETS.P2--wld,Świat,WLD,Mobile cellular subscriptions (per 100 people),2024-12-31,2024,year,2024-01-01,110.4,abonamenty / 100 osób,annual,observed,https://api.worldbank.org/v2/country/POL;WLD;USA;CHN;DEU;IND;KOR;JPN;GBR;FRA;BRA;EST/indicator/IT.CEL.SETS.P2?format=json&per_page=1000,2026-09-28T17:23:21.979Z,{}
IT.CEL.SETS.P2,IT.CEL.SETS.P2--bra,Brazylia,BRA,Mobile cellular subscriptions (per 100 people),2025-12-31,2025,year,2025-01-01,,abonamenty / 100 osób,annual,observed,https://api.worldbank.org/v2/country/POL;WLD;USA;CHN;DEU;IND;KOR;JPN;GBR;FRA;BRA;EST/indicator/IT.CEL.SETS.P2?format=json&per_page=1000,2026-09-28T17:23:21.979Z,{}
IT.CEL.SETS.P2,IT.CEL.SETS.P2--chn,Chiny,CHN,Mobile cellular subscriptions (per 100 people),2025-12-31,2025,year,2025-01-01,,abonamenty / 100 osób,annual,observed,https://api.worldbank.org/v2/country/POL;WLD;USA;CHN;DEU;IND;KOR;JPN;GBR;FRA;BRA;EST/indicator/IT.CEL.SETS.P2?format=json&per_page=1000,2026-09-28T17:23:21.979Z,{}
IT.CEL.SETS.P2,IT.CEL.SETS.P2--deu,Niemcy,DEU,Mobile cellular subscriptions (per 100 people),2025-12-31,2025,year,2025-01-01,,abonamenty / 100 osób,annual,observed,https://api.worldbank.org/v2/country/POL;WLD;USA;CHN;DEU;IND;KOR;JPN;GBR;FRA;BRA;EST/indicator/IT.CEL.SETS.P2?format=json&per_page=1000,2026-09-28T17:23:21.979Z,{}
IT.CEL.SETS.P2,IT.CEL.SETS.P2--est,Estonia,EST,Mobile cellular subscriptions (per 100 people),2025-12-31,2025,year,2025-01-01,,abonamenty / 100 osób,annual,observed,https://api.worldbank.org/v2/country/POL;WLD;USA;CHN;DEU;IND;KOR;JPN;GBR;FRA;BRA;EST/indicator/IT.CEL.SETS.P2?format=json&per_page=1000,2026-09-28T17:23:21.979Z,{}
IT.CEL.SETS.P2,IT.CEL.SETS.P2--fra,Francja,FRA,Mobile cellular subscriptions (per 100 people),2025-12-31,2025,year,2025-01-01,,abonamenty / 100 osób,annual,observed,https://api.worldbank.org/v2/country/POL;WLD;USA;CHN;DEU;IND;KOR;JPN;GBR;FRA;BRA;EST/indicator/IT.CEL.SETS.P2?format=json&per_page=1000,2026-09-28T17:23:21.979Z,{}
IT.CEL.SETS.P2,IT.CEL.SETS.P2--gbr,Wielka Brytania,GBR,Mobile cellular subscriptions (per 100 people),2025-12-31,2025,year,2025-01-01,,abonamenty / 100 osób,annual,observed,https://api.worldbank.org/v2/country/POL;WLD;USA;CHN;DEU;IND;KOR;JPN;GBR;FRA;BRA;EST/indicator/IT.CEL.SETS.P2?format=json&per_page=1000,2026-09-28T17:23:21.979Z,{}
IT.CEL.SETS.P2,IT.CEL.SETS.P2--ind,Indie,IND,Mobile cellular subscriptions (per 100 people),2025-12-31,2025,year,2025-01-01,,abonamenty / 100 osób,annual,observed,https://api.worldbank.org/v2/country/POL;WLD;USA;CHN;DEU;IND;KOR;JPN;GBR;FRA;BRA;EST/indicator/IT.CEL.SETS.P2?format=json&per_page=1000,2026-09-28T17:23:21.979Z,{}
IT.CEL.SETS.P2,IT.CEL.SETS.P2--jpn,Japonia,JPN,Mobile cellular subscriptions (per 100 people),2025-12-31,2025,year,2025-01-01,,abonamenty / 100 osób,annual,observed,https://api.worldbank.org/v2/country/POL;WLD;USA;CHN;DEU;IND;KOR;JPN;GBR;FRA;BRA;EST/indicator/IT.CEL.SETS.P2?format=json&per_page=1000,2026-09-28T17:23:21.979Z,{}
IT.CEL.SETS.P2,IT.CEL.SETS.P2--kor,Korea Płd.,KOR,Mobile cellular subscriptions (per 100 people),2025-12-31,2025,year,2025-01-01,,abonamenty / 100 osób,annual,observed,https://api.worldbank.org/v2/country/POL;WLD;USA;CHN;DEU;IND;KOR;JPN;GBR;FRA;BRA;EST/indicator/IT.CEL.SETS.P2?format=json&per_page=1000,2026-09-28T17:23:21.979Z,{}
IT.CEL.SETS.P2,IT.CEL.SETS.P2--pol,Polska,POL,Mobile cellular subscriptions (per 100 people),2025-12-31,2025,year,2025-01-01,,abonamenty / 100 osób,annual,observed,https://api.worldbank.org/v2/country/POL;WLD;USA;CHN;DEU;IND;KOR;JPN;GBR;FRA;BRA;EST/indicator/IT.CEL.SETS.P2?format=json&per_page=1000,2026-09-28T17:23:21.979Z,{}
IT.CEL.SETS.P2,IT.CEL.SETS.P2--usa,USA,USA,Mobile cellular subscriptions (per 100 people),2025-12-31,2025,year,2025-01-01,,abonamenty / 100 osób,annual,observed,https://api.worldbank.org/v2/country/POL;WLD;USA;CHN;DEU;IND;KOR;JPN;GBR;FRA;BRA;EST/indicator/IT.CEL.SETS.P2?format=json&per_page=1000,2026-09-28T17:23:21.979Z,{}
IT.CEL.SETS.P2,IT.CEL.SETS.P2--wld,Świat,WLD,Mobile cellular subscriptions (per 100 people),2025-12-31,2025,year,2025-01-01,111.5,abonamenty / 100 osób,annual,observed,https://api.worldbank.org/v2/country/POL;WLD;USA;CHN;DEU;IND;KOR;JPN;GBR;FRA;BRA;EST/indicator/IT.CEL.SETS.P2?format=json&per_page=1000,2026-09-28T17:23:21.979Z,{}
