topic_id,series_id,series_name,entity,metric,date,period,date_precision,period_start,value,unit,frequency,kind,source_url,retrieved_at,attributes_json
IT.NET.USER.ZS,IT.NET.USER.ZS--bra,Brazylia,BRA,Individuals using the Internet (% of population),1960-12-31,1960,year,1960-01-01,,% populacji,annual,observed,https://api.worldbank.org/v2/country/POL;WLD;USA;CHN;DEU;IND;KOR;JPN;GBR;FRA;BRA;EST/indicator/IT.NET.USER.ZS?format=json&per_page=1000,2026-09-28T17:23:18.506Z,{}
IT.NET.USER.ZS,IT.NET.USER.ZS--chn,Chiny,CHN,Individuals using the Internet (% of population),1960-12-31,1960,year,1960-01-01,,% populacji,annual,observed,https://api.worldbank.org/v2/country/POL;WLD;USA;CHN;DEU;IND;KOR;JPN;GBR;FRA;BRA;EST/indicator/IT.NET.USER.ZS?format=json&per_page=1000,2026-09-28T17:23:18.506Z,{}
IT.NET.USER.ZS,IT.NET.USER.ZS--deu,Niemcy,DEU,Individuals using the Internet (% of population),1960-12-31,1960,year,1960-01-01,,% populacji,annual,observed,https://api.worldbank.org/v2/country/POL;WLD;USA;CHN;DEU;IND;KOR;JPN;GBR;FRA;BRA;EST/indicator/IT.NET.USER.ZS?format=json&per_page=1000,2026-09-28T17:23:18.506Z,{}
IT.NET.USER.ZS,IT.NET.USER.ZS--est,Estonia,EST,Individuals using the Internet (% of population),1960-12-31,1960,year,1960-01-01,,% populacji,annual,observed,https://api.worldbank.org/v2/country/POL;WLD;USA;CHN;DEU;IND;KOR;JPN;GBR;FRA;BRA;EST/indicator/IT.NET.USER.ZS?format=json&per_page=1000,2026-09-28T17:23:18.506Z,{}
IT.NET.USER.ZS,IT.NET.USER.ZS--fra,Francja,FRA,Individuals using the Internet (% of population),1960-12-31,1960,year,1960-01-01,,% populacji,annual,observed,https://api.worldbank.org/v2/country/POL;WLD;USA;CHN;DEU;IND;KOR;JPN;GBR;FRA;BRA;EST/indicator/IT.NET.USER.ZS?format=json&per_page=1000,2026-09-28T17:23:18.506Z,{}
IT.NET.USER.ZS,IT.NET.USER.ZS--gbr,Wielka Brytania,GBR,Individuals using the Internet (% of population),1960-12-31,1960,year,1960-01-01,,% populacji,annual,observed,https://api.worldbank.org/v2/country/POL;WLD;USA;CHN;DEU;IND;KOR;JPN;GBR;FRA;BRA;EST/indicator/IT.NET.USER.ZS?format=json&per_page=1000,2026-09-28T17:23:18.506Z,{}
IT.NET.USER.ZS,IT.NET.USER.ZS--ind,Indie,IND,Individuals using the Internet (% of population),1960-12-31,1960,year,1960-01-01,,% populacji,annual,observed,https://api.worldbank.org/v2/country/POL;WLD;USA;CHN;DEU;IND;KOR;JPN;GBR;FRA;BRA;EST/indicator/IT.NET.USER.ZS?format=json&per_page=1000,2026-09-28T17:23:18.506Z,{}
IT.NET.USER.ZS,IT.NET.USER.ZS--jpn,Japonia,JPN,Individuals using the Internet (% of population),1960-12-31,1960,year,1960-01-01,,% populacji,annual,observed,https://api.worldbank.org/v2/country/POL;WLD;USA;CHN;DEU;IND;KOR;JPN;GBR;FRA;BRA;EST/indicator/IT.NET.USER.ZS?format=json&per_page=1000,2026-09-28T17:23:18.506Z,{}
IT.NET.USER.ZS,IT.NET.USER.ZS--kor,Korea Płd.,KOR,Individuals using the Internet (% of population),1960-12-31,1960,year,1960-01-01,,% populacji,annual,observed,https://api.worldbank.org/v2/country/POL;WLD;USA;CHN;DEU;IND;KOR;JPN;GBR;FRA;BRA;EST/indicator/IT.NET.USER.ZS?format=json&per_page=1000,2026-09-28T17:23:18.506Z,{}
IT.NET.USER.ZS,IT.NET.USER.ZS--pol,Polska,POL,Individuals using the Internet (% of population),1960-12-31,1960,year,1960-01-01,,% populacji,annual,observed,https://api.worldbank.org/v2/country/POL;WLD;USA;CHN;DEU;IND;KOR;JPN;GBR;FRA;BRA;EST/indicator/IT.NET.USER.ZS?format=json&per_page=1000,2026-09-28T17:23:18.506Z,{}
IT.NET.USER.ZS,IT.NET.USER.ZS--usa,USA,USA,Individuals using the Internet (% of population),1960-12-31,1960,year,1960-01-01,,% populacji,annual,observed,https://api.worldbank.org/v2/country/POL;WLD;USA;CHN;DEU;IND;KOR;JPN;GBR;FRA;BRA;EST/indicator/IT.NET.USER.ZS?format=json&per_page=1000,2026-09-28T17:23:18.506Z,{}
IT.NET.USER.ZS,IT.NET.USER.ZS--wld,Świat,WLD,Individuals using the Internet (% of population),1960-12-31,1960,year,1960-01-01,,% populacji,annual,observed,https://api.worldbank.org/v2/country/POL;WLD;USA;CHN;DEU;IND;KOR;JPN;GBR;FRA;BRA;EST/indicator/IT.NET.USER.ZS?format=json&per_page=1000,2026-09-28T17:23:18.506Z,{}
IT.NET.USER.ZS,IT.NET.USER.ZS--bra,Brazylia,BRA,Individuals using the Internet (% of population),1961-12-31,1961,year,1961-01-01,,% populacji,annual,observed,https://api.worldbank.org/v2/country/POL;WLD;USA;CHN;DEU;IND;KOR;JPN;GBR;FRA;BRA;EST/indicator/IT.NET.USER.ZS?format=json&per_page=1000,2026-09-28T17:23:18.506Z,{}
IT.NET.USER.ZS,IT.NET.USER.ZS--chn,Chiny,CHN,Individuals using the Internet (% of population),1961-12-31,1961,year,1961-01-01,,% populacji,annual,observed,https://api.worldbank.org/v2/country/POL;WLD;USA;CHN;DEU;IND;KOR;JPN;GBR;FRA;BRA;EST/indicator/IT.NET.USER.ZS?format=json&per_page=1000,2026-09-28T17:23:18.506Z,{}
IT.NET.USER.ZS,IT.NET.USER.ZS--deu,Niemcy,DEU,Individuals using the Internet (% of population),1961-12-31,1961,year,1961-01-01,,% populacji,annual,observed,https://api.worldbank.org/v2/country/POL;WLD;USA;CHN;DEU;IND;KOR;JPN;GBR;FRA;BRA;EST/indicator/IT.NET.USER.ZS?format=json&per_page=1000,2026-09-28T17:23:18.506Z,{}
IT.NET.USER.ZS,IT.NET.USER.ZS--est,Estonia,EST,Individuals using the Internet (% of population),1961-12-31,1961,year,1961-01-01,,% populacji,annual,observed,https://api.worldbank.org/v2/country/POL;WLD;USA;CHN;DEU;IND;KOR;JPN;GBR;FRA;BRA;EST/indicator/IT.NET.USER.ZS?format=json&per_page=1000,2026-09-28T17:23:18.506Z,{}
IT.NET.USER.ZS,IT.NET.USER.ZS--fra,Francja,FRA,Individuals using the Internet (% of population),1961-12-31,1961,year,1961-01-01,,% populacji,annual,observed,https://api.worldbank.org/v2/country/POL;WLD;USA;CHN;DEU;IND;KOR;JPN;GBR;FRA;BRA;EST/indicator/IT.NET.USER.ZS?format=json&per_page=1000,2026-09-28T17:23:18.506Z,{}
IT.NET.USER.ZS,IT.NET.USER.ZS--gbr,Wielka Brytania,GBR,Individuals using the Internet (% of population),1961-12-31,1961,year,1961-01-01,,% populacji,annual,observed,https://api.worldbank.org/v2/country/POL;WLD;USA;CHN;DEU;IND;KOR;JPN;GBR;FRA;BRA;EST/indicator/IT.NET.USER.ZS?format=json&per_page=1000,2026-09-28T17:23:18.506Z,{}
IT.NET.USER.ZS,IT.NET.USER.ZS--ind,Indie,IND,Individuals using the Internet (% of population),1961-12-31,1961,year,1961-01-01,,% populacji,annual,observed,https://api.worldbank.org/v2/country/POL;WLD;USA;CHN;DEU;IND;KOR;JPN;GBR;FRA;BRA;EST/indicator/IT.NET.USER.ZS?format=json&per_page=1000,2026-09-28T17:23:18.506Z,{}
IT.NET.USER.ZS,IT.NET.USER.ZS--jpn,Japonia,JPN,Individuals using the Internet (% of population),1961-12-31,1961,year,1961-01-01,,% populacji,annual,observed,https://api.worldbank.org/v2/country/POL;WLD;USA;CHN;DEU;IND;KOR;JPN;GBR;FRA;BRA;EST/indicator/IT.NET.USER.ZS?format=json&per_page=1000,2026-09-28T17:23:18.506Z,{}
IT.NET.USER.ZS,IT.NET.USER.ZS--kor,Korea Płd.,KOR,Individuals using the Internet (% of population),1961-12-31,1961,year,1961-01-01,,% populacji,annual,observed,https://api.worldbank.org/v2/country/POL;WLD;USA;CHN;DEU;IND;KOR;JPN;GBR;FRA;BRA;EST/indicator/IT.NET.USER.ZS?format=json&per_page=1000,2026-09-28T17:23:18.506Z,{}
IT.NET.USER.ZS,IT.NET.USER.ZS--pol,Polska,POL,Individuals using the Internet (% of population),1961-12-31,1961,year,1961-01-01,,% populacji,annual,observed,https://api.worldbank.org/v2/country/POL;WLD;USA;CHN;DEU;IND;KOR;JPN;GBR;FRA;BRA;EST/indicator/IT.NET.USER.ZS?format=json&per_page=1000,2026-09-28T17:23:18.506Z,{}
IT.NET.USER.ZS,IT.NET.USER.ZS--usa,USA,USA,Individuals using the Internet (% of population),1961-12-31,1961,year,1961-01-01,,% populacji,annual,observed,https://api.worldbank.org/v2/country/POL;WLD;USA;CHN;DEU;IND;KOR;JPN;GBR;FRA;BRA;EST/indicator/IT.NET.USER.ZS?format=json&per_page=1000,2026-09-28T17:23:18.506Z,{}
IT.NET.USER.ZS,IT.NET.USER.ZS--wld,Świat,WLD,Individuals using the Internet (% of population),1961-12-31,1961,year,1961-01-01,,% populacji,annual,observed,https://api.worldbank.org/v2/country/POL;WLD;USA;CHN;DEU;IND;KOR;JPN;GBR;FRA;BRA;EST/indicator/IT.NET.USER.ZS?format=json&per_page=1000,2026-09-28T17:23:18.506Z,{}
IT.NET.USER.ZS,IT.NET.USER.ZS--bra,Brazylia,BRA,Individuals using the Internet (% of population),1962-12-31,1962,year,1962-01-01,,% populacji,annual,observed,https://api.worldbank.org/v2/country/POL;WLD;USA;CHN;DEU;IND;KOR;JPN;GBR;FRA;BRA;EST/indicator/IT.NET.USER.ZS?format=json&per_page=1000,2026-09-28T17:23:18.506Z,{}
IT.NET.USER.ZS,IT.NET.USER.ZS--chn,Chiny,CHN,Individuals using the Internet (% of population),1962-12-31,1962,year,1962-01-01,,% populacji,annual,observed,https://api.worldbank.org/v2/country/POL;WLD;USA;CHN;DEU;IND;KOR;JPN;GBR;FRA;BRA;EST/indicator/IT.NET.USER.ZS?format=json&per_page=1000,2026-09-28T17:23:18.506Z,{}
IT.NET.USER.ZS,IT.NET.USER.ZS--deu,Niemcy,DEU,Individuals using the Internet (% of population),1962-12-31,1962,year,1962-01-01,,% populacji,annual,observed,https://api.worldbank.org/v2/country/POL;WLD;USA;CHN;DEU;IND;KOR;JPN;GBR;FRA;BRA;EST/indicator/IT.NET.USER.ZS?format=json&per_page=1000,2026-09-28T17:23:18.506Z,{}
IT.NET.USER.ZS,IT.NET.USER.ZS--est,Estonia,EST,Individuals using the Internet (% of population),1962-12-31,1962,year,1962-01-01,,% populacji,annual,observed,https://api.worldbank.org/v2/country/POL;WLD;USA;CHN;DEU;IND;KOR;JPN;GBR;FRA;BRA;EST/indicator/IT.NET.USER.ZS?format=json&per_page=1000,2026-09-28T17:23:18.506Z,{}
IT.NET.USER.ZS,IT.NET.USER.ZS--fra,Francja,FRA,Individuals using the Internet (% of population),1962-12-31,1962,year,1962-01-01,,% populacji,annual,observed,https://api.worldbank.org/v2/country/POL;WLD;USA;CHN;DEU;IND;KOR;JPN;GBR;FRA;BRA;EST/indicator/IT.NET.USER.ZS?format=json&per_page=1000,2026-09-28T17:23:18.506Z,{}
IT.NET.USER.ZS,IT.NET.USER.ZS--gbr,Wielka Brytania,GBR,Individuals using the Internet (% of population),1962-12-31,1962,year,1962-01-01,,% populacji,annual,observed,https://api.worldbank.org/v2/country/POL;WLD;USA;CHN;DEU;IND;KOR;JPN;GBR;FRA;BRA;EST/indicator/IT.NET.USER.ZS?format=json&per_page=1000,2026-09-28T17:23:18.506Z,{}
IT.NET.USER.ZS,IT.NET.USER.ZS--ind,Indie,IND,Individuals using the Internet (% of population),1962-12-31,1962,year,1962-01-01,,% populacji,annual,observed,https://api.worldbank.org/v2/country/POL;WLD;USA;CHN;DEU;IND;KOR;JPN;GBR;FRA;BRA;EST/indicator/IT.NET.USER.ZS?format=json&per_page=1000,2026-09-28T17:23:18.506Z,{}
IT.NET.USER.ZS,IT.NET.USER.ZS--jpn,Japonia,JPN,Individuals using the Internet (% of population),1962-12-31,1962,year,1962-01-01,,% populacji,annual,observed,https://api.worldbank.org/v2/country/POL;WLD;USA;CHN;DEU;IND;KOR;JPN;GBR;FRA;BRA;EST/indicator/IT.NET.USER.ZS?format=json&per_page=1000,2026-09-28T17:23:18.506Z,{}
IT.NET.USER.ZS,IT.NET.USER.ZS--kor,Korea Płd.,KOR,Individuals using the Internet (% of population),1962-12-31,1962,year,1962-01-01,,% populacji,annual,observed,https://api.worldbank.org/v2/country/POL;WLD;USA;CHN;DEU;IND;KOR;JPN;GBR;FRA;BRA;EST/indicator/IT.NET.USER.ZS?format=json&per_page=1000,2026-09-28T17:23:18.506Z,{}
IT.NET.USER.ZS,IT.NET.USER.ZS--pol,Polska,POL,Individuals using the Internet (% of population),1962-12-31,1962,year,1962-01-01,,% populacji,annual,observed,https://api.worldbank.org/v2/country/POL;WLD;USA;CHN;DEU;IND;KOR;JPN;GBR;FRA;BRA;EST/indicator/IT.NET.USER.ZS?format=json&per_page=1000,2026-09-28T17:23:18.506Z,{}
IT.NET.USER.ZS,IT.NET.USER.ZS--usa,USA,USA,Individuals using the Internet (% of population),1962-12-31,1962,year,1962-01-01,,% populacji,annual,observed,https://api.worldbank.org/v2/country/POL;WLD;USA;CHN;DEU;IND;KOR;JPN;GBR;FRA;BRA;EST/indicator/IT.NET.USER.ZS?format=json&per_page=1000,2026-09-28T17:23:18.506Z,{}
IT.NET.USER.ZS,IT.NET.USER.ZS--wld,Świat,WLD,Individuals using the Internet (% of population),1962-12-31,1962,year,1962-01-01,,% populacji,annual,observed,https://api.worldbank.org/v2/country/POL;WLD;USA;CHN;DEU;IND;KOR;JPN;GBR;FRA;BRA;EST/indicator/IT.NET.USER.ZS?format=json&per_page=1000,2026-09-28T17:23:18.506Z,{}
IT.NET.USER.ZS,IT.NET.USER.ZS--bra,Brazylia,BRA,Individuals using the Internet (% of population),1963-12-31,1963,year,1963-01-01,,% populacji,annual,observed,https://api.worldbank.org/v2/country/POL;WLD;USA;CHN;DEU;IND;KOR;JPN;GBR;FRA;BRA;EST/indicator/IT.NET.USER.ZS?format=json&per_page=1000,2026-09-28T17:23:18.506Z,{}
IT.NET.USER.ZS,IT.NET.USER.ZS--chn,Chiny,CHN,Individuals using the Internet (% of population),1963-12-31,1963,year,1963-01-01,,% populacji,annual,observed,https://api.worldbank.org/v2/country/POL;WLD;USA;CHN;DEU;IND;KOR;JPN;GBR;FRA;BRA;EST/indicator/IT.NET.USER.ZS?format=json&per_page=1000,2026-09-28T17:23:18.506Z,{}
IT.NET.USER.ZS,IT.NET.USER.ZS--deu,Niemcy,DEU,Individuals using the Internet (% of population),1963-12-31,1963,year,1963-01-01,,% populacji,annual,observed,https://api.worldbank.org/v2/country/POL;WLD;USA;CHN;DEU;IND;KOR;JPN;GBR;FRA;BRA;EST/indicator/IT.NET.USER.ZS?format=json&per_page=1000,2026-09-28T17:23:18.506Z,{}
IT.NET.USER.ZS,IT.NET.USER.ZS--est,Estonia,EST,Individuals using the Internet (% of population),1963-12-31,1963,year,1963-01-01,,% populacji,annual,observed,https://api.worldbank.org/v2/country/POL;WLD;USA;CHN;DEU;IND;KOR;JPN;GBR;FRA;BRA;EST/indicator/IT.NET.USER.ZS?format=json&per_page=1000,2026-09-28T17:23:18.506Z,{}
IT.NET.USER.ZS,IT.NET.USER.ZS--fra,Francja,FRA,Individuals using the Internet (% of population),1963-12-31,1963,year,1963-01-01,,% populacji,annual,observed,https://api.worldbank.org/v2/country/POL;WLD;USA;CHN;DEU;IND;KOR;JPN;GBR;FRA;BRA;EST/indicator/IT.NET.USER.ZS?format=json&per_page=1000,2026-09-28T17:23:18.506Z,{}
IT.NET.USER.ZS,IT.NET.USER.ZS--gbr,Wielka Brytania,GBR,Individuals using the Internet (% of population),1963-12-31,1963,year,1963-01-01,,% populacji,annual,observed,https://api.worldbank.org/v2/country/POL;WLD;USA;CHN;DEU;IND;KOR;JPN;GBR;FRA;BRA;EST/indicator/IT.NET.USER.ZS?format=json&per_page=1000,2026-09-28T17:23:18.506Z,{}
IT.NET.USER.ZS,IT.NET.USER.ZS--ind,Indie,IND,Individuals using the Internet (% of population),1963-12-31,1963,year,1963-01-01,,% populacji,annual,observed,https://api.worldbank.org/v2/country/POL;WLD;USA;CHN;DEU;IND;KOR;JPN;GBR;FRA;BRA;EST/indicator/IT.NET.USER.ZS?format=json&per_page=1000,2026-09-28T17:23:18.506Z,{}
IT.NET.USER.ZS,IT.NET.USER.ZS--jpn,Japonia,JPN,Individuals using the Internet (% of population),1963-12-31,1963,year,1963-01-01,,% populacji,annual,observed,https://api.worldbank.org/v2/country/POL;WLD;USA;CHN;DEU;IND;KOR;JPN;GBR;FRA;BRA;EST/indicator/IT.NET.USER.ZS?format=json&per_page=1000,2026-09-28T17:23:18.506Z,{}
IT.NET.USER.ZS,IT.NET.USER.ZS--kor,Korea Płd.,KOR,Individuals using the Internet (% of population),1963-12-31,1963,year,1963-01-01,,% populacji,annual,observed,https://api.worldbank.org/v2/country/POL;WLD;USA;CHN;DEU;IND;KOR;JPN;GBR;FRA;BRA;EST/indicator/IT.NET.USER.ZS?format=json&per_page=1000,2026-09-28T17:23:18.506Z,{}
IT.NET.USER.ZS,IT.NET.USER.ZS--pol,Polska,POL,Individuals using the Internet (% of population),1963-12-31,1963,year,1963-01-01,,% populacji,annual,observed,https://api.worldbank.org/v2/country/POL;WLD;USA;CHN;DEU;IND;KOR;JPN;GBR;FRA;BRA;EST/indicator/IT.NET.USER.ZS?format=json&per_page=1000,2026-09-28T17:23:18.506Z,{}
IT.NET.USER.ZS,IT.NET.USER.ZS--usa,USA,USA,Individuals using the Internet (% of population),1963-12-31,1963,year,1963-01-01,,% populacji,annual,observed,https://api.worldbank.org/v2/country/POL;WLD;USA;CHN;DEU;IND;KOR;JPN;GBR;FRA;BRA;EST/indicator/IT.NET.USER.ZS?format=json&per_page=1000,2026-09-28T17:23:18.506Z,{}
IT.NET.USER.ZS,IT.NET.USER.ZS--wld,Świat,WLD,Individuals using the Internet (% of population),1963-12-31,1963,year,1963-01-01,,% populacji,annual,observed,https://api.worldbank.org/v2/country/POL;WLD;USA;CHN;DEU;IND;KOR;JPN;GBR;FRA;BRA;EST/indicator/IT.NET.USER.ZS?format=json&per_page=1000,2026-09-28T17:23:18.506Z,{}
IT.NET.USER.ZS,IT.NET.USER.ZS--bra,Brazylia,BRA,Individuals using the Internet (% of population),1964-12-31,1964,year,1964-01-01,,% populacji,annual,observed,https://api.worldbank.org/v2/country/POL;WLD;USA;CHN;DEU;IND;KOR;JPN;GBR;FRA;BRA;EST/indicator/IT.NET.USER.ZS?format=json&per_page=1000,2026-09-28T17:23:18.506Z,{}
IT.NET.USER.ZS,IT.NET.USER.ZS--chn,Chiny,CHN,Individuals using the Internet (% of population),1964-12-31,1964,year,1964-01-01,,% populacji,annual,observed,https://api.worldbank.org/v2/country/POL;WLD;USA;CHN;DEU;IND;KOR;JPN;GBR;FRA;BRA;EST/indicator/IT.NET.USER.ZS?format=json&per_page=1000,2026-09-28T17:23:18.506Z,{}
IT.NET.USER.ZS,IT.NET.USER.ZS--deu,Niemcy,DEU,Individuals using the Internet (% of population),1964-12-31,1964,year,1964-01-01,,% populacji,annual,observed,https://api.worldbank.org/v2/country/POL;WLD;USA;CHN;DEU;IND;KOR;JPN;GBR;FRA;BRA;EST/indicator/IT.NET.USER.ZS?format=json&per_page=1000,2026-09-28T17:23:18.506Z,{}
IT.NET.USER.ZS,IT.NET.USER.ZS--est,Estonia,EST,Individuals using the Internet (% of population),1964-12-31,1964,year,1964-01-01,,% populacji,annual,observed,https://api.worldbank.org/v2/country/POL;WLD;USA;CHN;DEU;IND;KOR;JPN;GBR;FRA;BRA;EST/indicator/IT.NET.USER.ZS?format=json&per_page=1000,2026-09-28T17:23:18.506Z,{}
IT.NET.USER.ZS,IT.NET.USER.ZS--fra,Francja,FRA,Individuals using the Internet (% of population),1964-12-31,1964,year,1964-01-01,,% populacji,annual,observed,https://api.worldbank.org/v2/country/POL;WLD;USA;CHN;DEU;IND;KOR;JPN;GBR;FRA;BRA;EST/indicator/IT.NET.USER.ZS?format=json&per_page=1000,2026-09-28T17:23:18.506Z,{}
IT.NET.USER.ZS,IT.NET.USER.ZS--gbr,Wielka Brytania,GBR,Individuals using the Internet (% of population),1964-12-31,1964,year,1964-01-01,,% populacji,annual,observed,https://api.worldbank.org/v2/country/POL;WLD;USA;CHN;DEU;IND;KOR;JPN;GBR;FRA;BRA;EST/indicator/IT.NET.USER.ZS?format=json&per_page=1000,2026-09-28T17:23:18.506Z,{}
IT.NET.USER.ZS,IT.NET.USER.ZS--ind,Indie,IND,Individuals using the Internet (% of population),1964-12-31,1964,year,1964-01-01,,% populacji,annual,observed,https://api.worldbank.org/v2/country/POL;WLD;USA;CHN;DEU;IND;KOR;JPN;GBR;FRA;BRA;EST/indicator/IT.NET.USER.ZS?format=json&per_page=1000,2026-09-28T17:23:18.506Z,{}
IT.NET.USER.ZS,IT.NET.USER.ZS--jpn,Japonia,JPN,Individuals using the Internet (% of population),1964-12-31,1964,year,1964-01-01,,% populacji,annual,observed,https://api.worldbank.org/v2/country/POL;WLD;USA;CHN;DEU;IND;KOR;JPN;GBR;FRA;BRA;EST/indicator/IT.NET.USER.ZS?format=json&per_page=1000,2026-09-28T17:23:18.506Z,{}
IT.NET.USER.ZS,IT.NET.USER.ZS--kor,Korea Płd.,KOR,Individuals using the Internet (% of population),1964-12-31,1964,year,1964-01-01,,% populacji,annual,observed,https://api.worldbank.org/v2/country/POL;WLD;USA;CHN;DEU;IND;KOR;JPN;GBR;FRA;BRA;EST/indicator/IT.NET.USER.ZS?format=json&per_page=1000,2026-09-28T17:23:18.506Z,{}
IT.NET.USER.ZS,IT.NET.USER.ZS--pol,Polska,POL,Individuals using the Internet (% of population),1964-12-31,1964,year,1964-01-01,,% populacji,annual,observed,https://api.worldbank.org/v2/country/POL;WLD;USA;CHN;DEU;IND;KOR;JPN;GBR;FRA;BRA;EST/indicator/IT.NET.USER.ZS?format=json&per_page=1000,2026-09-28T17:23:18.506Z,{}
IT.NET.USER.ZS,IT.NET.USER.ZS--usa,USA,USA,Individuals using the Internet (% of population),1964-12-31,1964,year,1964-01-01,,% populacji,annual,observed,https://api.worldbank.org/v2/country/POL;WLD;USA;CHN;DEU;IND;KOR;JPN;GBR;FRA;BRA;EST/indicator/IT.NET.USER.ZS?format=json&per_page=1000,2026-09-28T17:23:18.506Z,{}
IT.NET.USER.ZS,IT.NET.USER.ZS--wld,Świat,WLD,Individuals using the Internet (% of population),1964-12-31,1964,year,1964-01-01,,% populacji,annual,observed,https://api.worldbank.org/v2/country/POL;WLD;USA;CHN;DEU;IND;KOR;JPN;GBR;FRA;BRA;EST/indicator/IT.NET.USER.ZS?format=json&per_page=1000,2026-09-28T17:23:18.506Z,{}
IT.NET.USER.ZS,IT.NET.USER.ZS--bra,Brazylia,BRA,Individuals using the Internet (% of population),1965-12-31,1965,year,1965-01-01,,% populacji,annual,observed,https://api.worldbank.org/v2/country/POL;WLD;USA;CHN;DEU;IND;KOR;JPN;GBR;FRA;BRA;EST/indicator/IT.NET.USER.ZS?format=json&per_page=1000,2026-09-28T17:23:18.506Z,{}
IT.NET.USER.ZS,IT.NET.USER.ZS--chn,Chiny,CHN,Individuals using the Internet (% of population),1965-12-31,1965,year,1965-01-01,,% populacji,annual,observed,https://api.worldbank.org/v2/country/POL;WLD;USA;CHN;DEU;IND;KOR;JPN;GBR;FRA;BRA;EST/indicator/IT.NET.USER.ZS?format=json&per_page=1000,2026-09-28T17:23:18.506Z,{}
IT.NET.USER.ZS,IT.NET.USER.ZS--deu,Niemcy,DEU,Individuals using the Internet (% of population),1965-12-31,1965,year,1965-01-01,,% populacji,annual,observed,https://api.worldbank.org/v2/country/POL;WLD;USA;CHN;DEU;IND;KOR;JPN;GBR;FRA;BRA;EST/indicator/IT.NET.USER.ZS?format=json&per_page=1000,2026-09-28T17:23:18.506Z,{}
IT.NET.USER.ZS,IT.NET.USER.ZS--est,Estonia,EST,Individuals using the Internet (% of population),1965-12-31,1965,year,1965-01-01,,% populacji,annual,observed,https://api.worldbank.org/v2/country/POL;WLD;USA;CHN;DEU;IND;KOR;JPN;GBR;FRA;BRA;EST/indicator/IT.NET.USER.ZS?format=json&per_page=1000,2026-09-28T17:23:18.506Z,{}
IT.NET.USER.ZS,IT.NET.USER.ZS--fra,Francja,FRA,Individuals using the Internet (% of population),1965-12-31,1965,year,1965-01-01,,% populacji,annual,observed,https://api.worldbank.org/v2/country/POL;WLD;USA;CHN;DEU;IND;KOR;JPN;GBR;FRA;BRA;EST/indicator/IT.NET.USER.ZS?format=json&per_page=1000,2026-09-28T17:23:18.506Z,{}
IT.NET.USER.ZS,IT.NET.USER.ZS--gbr,Wielka Brytania,GBR,Individuals using the Internet (% of population),1965-12-31,1965,year,1965-01-01,,% populacji,annual,observed,https://api.worldbank.org/v2/country/POL;WLD;USA;CHN;DEU;IND;KOR;JPN;GBR;FRA;BRA;EST/indicator/IT.NET.USER.ZS?format=json&per_page=1000,2026-09-28T17:23:18.506Z,{}
IT.NET.USER.ZS,IT.NET.USER.ZS--ind,Indie,IND,Individuals using the Internet (% of population),1965-12-31,1965,year,1965-01-01,,% populacji,annual,observed,https://api.worldbank.org/v2/country/POL;WLD;USA;CHN;DEU;IND;KOR;JPN;GBR;FRA;BRA;EST/indicator/IT.NET.USER.ZS?format=json&per_page=1000,2026-09-28T17:23:18.506Z,{}
IT.NET.USER.ZS,IT.NET.USER.ZS--jpn,Japonia,JPN,Individuals using the Internet (% of population),1965-12-31,1965,year,1965-01-01,,% populacji,annual,observed,https://api.worldbank.org/v2/country/POL;WLD;USA;CHN;DEU;IND;KOR;JPN;GBR;FRA;BRA;EST/indicator/IT.NET.USER.ZS?format=json&per_page=1000,2026-09-28T17:23:18.506Z,{}
IT.NET.USER.ZS,IT.NET.USER.ZS--kor,Korea Płd.,KOR,Individuals using the Internet (% of population),1965-12-31,1965,year,1965-01-01,,% populacji,annual,observed,https://api.worldbank.org/v2/country/POL;WLD;USA;CHN;DEU;IND;KOR;JPN;GBR;FRA;BRA;EST/indicator/IT.NET.USER.ZS?format=json&per_page=1000,2026-09-28T17:23:18.506Z,{}
IT.NET.USER.ZS,IT.NET.USER.ZS--pol,Polska,POL,Individuals using the Internet (% of population),1965-12-31,1965,year,1965-01-01,,% populacji,annual,observed,https://api.worldbank.org/v2/country/POL;WLD;USA;CHN;DEU;IND;KOR;JPN;GBR;FRA;BRA;EST/indicator/IT.NET.USER.ZS?format=json&per_page=1000,2026-09-28T17:23:18.506Z,{}
IT.NET.USER.ZS,IT.NET.USER.ZS--usa,USA,USA,Individuals using the Internet (% of population),1965-12-31,1965,year,1965-01-01,,% populacji,annual,observed,https://api.worldbank.org/v2/country/POL;WLD;USA;CHN;DEU;IND;KOR;JPN;GBR;FRA;BRA;EST/indicator/IT.NET.USER.ZS?format=json&per_page=1000,2026-09-28T17:23:18.506Z,{}
IT.NET.USER.ZS,IT.NET.USER.ZS--wld,Świat,WLD,Individuals using the Internet (% of population),1965-12-31,1965,year,1965-01-01,,% populacji,annual,observed,https://api.worldbank.org/v2/country/POL;WLD;USA;CHN;DEU;IND;KOR;JPN;GBR;FRA;BRA;EST/indicator/IT.NET.USER.ZS?format=json&per_page=1000,2026-09-28T17:23:18.506Z,{}
IT.NET.USER.ZS,IT.NET.USER.ZS--bra,Brazylia,BRA,Individuals using the Internet (% of population),1966-12-31,1966,year,1966-01-01,,% populacji,annual,observed,https://api.worldbank.org/v2/country/POL;WLD;USA;CHN;DEU;IND;KOR;JPN;GBR;FRA;BRA;EST/indicator/IT.NET.USER.ZS?format=json&per_page=1000,2026-09-28T17:23:18.506Z,{}
IT.NET.USER.ZS,IT.NET.USER.ZS--chn,Chiny,CHN,Individuals using the Internet (% of population),1966-12-31,1966,year,1966-01-01,,% populacji,annual,observed,https://api.worldbank.org/v2/country/POL;WLD;USA;CHN;DEU;IND;KOR;JPN;GBR;FRA;BRA;EST/indicator/IT.NET.USER.ZS?format=json&per_page=1000,2026-09-28T17:23:18.506Z,{}
IT.NET.USER.ZS,IT.NET.USER.ZS--deu,Niemcy,DEU,Individuals using the Internet (% of population),1966-12-31,1966,year,1966-01-01,,% populacji,annual,observed,https://api.worldbank.org/v2/country/POL;WLD;USA;CHN;DEU;IND;KOR;JPN;GBR;FRA;BRA;EST/indicator/IT.NET.USER.ZS?format=json&per_page=1000,2026-09-28T17:23:18.506Z,{}
IT.NET.USER.ZS,IT.NET.USER.ZS--est,Estonia,EST,Individuals using the Internet (% of population),1966-12-31,1966,year,1966-01-01,,% populacji,annual,observed,https://api.worldbank.org/v2/country/POL;WLD;USA;CHN;DEU;IND;KOR;JPN;GBR;FRA;BRA;EST/indicator/IT.NET.USER.ZS?format=json&per_page=1000,2026-09-28T17:23:18.506Z,{}
IT.NET.USER.ZS,IT.NET.USER.ZS--fra,Francja,FRA,Individuals using the Internet (% of population),1966-12-31,1966,year,1966-01-01,,% populacji,annual,observed,https://api.worldbank.org/v2/country/POL;WLD;USA;CHN;DEU;IND;KOR;JPN;GBR;FRA;BRA;EST/indicator/IT.NET.USER.ZS?format=json&per_page=1000,2026-09-28T17:23:18.506Z,{}
IT.NET.USER.ZS,IT.NET.USER.ZS--gbr,Wielka Brytania,GBR,Individuals using the Internet (% of population),1966-12-31,1966,year,1966-01-01,,% populacji,annual,observed,https://api.worldbank.org/v2/country/POL;WLD;USA;CHN;DEU;IND;KOR;JPN;GBR;FRA;BRA;EST/indicator/IT.NET.USER.ZS?format=json&per_page=1000,2026-09-28T17:23:18.506Z,{}
IT.NET.USER.ZS,IT.NET.USER.ZS--ind,Indie,IND,Individuals using the Internet (% of population),1966-12-31,1966,year,1966-01-01,,% populacji,annual,observed,https://api.worldbank.org/v2/country/POL;WLD;USA;CHN;DEU;IND;KOR;JPN;GBR;FRA;BRA;EST/indicator/IT.NET.USER.ZS?format=json&per_page=1000,2026-09-28T17:23:18.506Z,{}
IT.NET.USER.ZS,IT.NET.USER.ZS--jpn,Japonia,JPN,Individuals using the Internet (% of population),1966-12-31,1966,year,1966-01-01,,% populacji,annual,observed,https://api.worldbank.org/v2/country/POL;WLD;USA;CHN;DEU;IND;KOR;JPN;GBR;FRA;BRA;EST/indicator/IT.NET.USER.ZS?format=json&per_page=1000,2026-09-28T17:23:18.506Z,{}
IT.NET.USER.ZS,IT.NET.USER.ZS--kor,Korea Płd.,KOR,Individuals using the Internet (% of population),1966-12-31,1966,year,1966-01-01,,% populacji,annual,observed,https://api.worldbank.org/v2/country/POL;WLD;USA;CHN;DEU;IND;KOR;JPN;GBR;FRA;BRA;EST/indicator/IT.NET.USER.ZS?format=json&per_page=1000,2026-09-28T17:23:18.506Z,{}
IT.NET.USER.ZS,IT.NET.USER.ZS--pol,Polska,POL,Individuals using the Internet (% of population),1966-12-31,1966,year,1966-01-01,,% populacji,annual,observed,https://api.worldbank.org/v2/country/POL;WLD;USA;CHN;DEU;IND;KOR;JPN;GBR;FRA;BRA;EST/indicator/IT.NET.USER.ZS?format=json&per_page=1000,2026-09-28T17:23:18.506Z,{}
IT.NET.USER.ZS,IT.NET.USER.ZS--usa,USA,USA,Individuals using the Internet (% of population),1966-12-31,1966,year,1966-01-01,,% populacji,annual,observed,https://api.worldbank.org/v2/country/POL;WLD;USA;CHN;DEU;IND;KOR;JPN;GBR;FRA;BRA;EST/indicator/IT.NET.USER.ZS?format=json&per_page=1000,2026-09-28T17:23:18.506Z,{}
IT.NET.USER.ZS,IT.NET.USER.ZS--wld,Świat,WLD,Individuals using the Internet (% of population),1966-12-31,1966,year,1966-01-01,,% populacji,annual,observed,https://api.worldbank.org/v2/country/POL;WLD;USA;CHN;DEU;IND;KOR;JPN;GBR;FRA;BRA;EST/indicator/IT.NET.USER.ZS?format=json&per_page=1000,2026-09-28T17:23:18.506Z,{}
IT.NET.USER.ZS,IT.NET.USER.ZS--bra,Brazylia,BRA,Individuals using the Internet (% of population),1967-12-31,1967,year,1967-01-01,,% populacji,annual,observed,https://api.worldbank.org/v2/country/POL;WLD;USA;CHN;DEU;IND;KOR;JPN;GBR;FRA;BRA;EST/indicator/IT.NET.USER.ZS?format=json&per_page=1000,2026-09-28T17:23:18.506Z,{}
IT.NET.USER.ZS,IT.NET.USER.ZS--chn,Chiny,CHN,Individuals using the Internet (% of population),1967-12-31,1967,year,1967-01-01,,% populacji,annual,observed,https://api.worldbank.org/v2/country/POL;WLD;USA;CHN;DEU;IND;KOR;JPN;GBR;FRA;BRA;EST/indicator/IT.NET.USER.ZS?format=json&per_page=1000,2026-09-28T17:23:18.506Z,{}
IT.NET.USER.ZS,IT.NET.USER.ZS--deu,Niemcy,DEU,Individuals using the Internet (% of population),1967-12-31,1967,year,1967-01-01,,% populacji,annual,observed,https://api.worldbank.org/v2/country/POL;WLD;USA;CHN;DEU;IND;KOR;JPN;GBR;FRA;BRA;EST/indicator/IT.NET.USER.ZS?format=json&per_page=1000,2026-09-28T17:23:18.506Z,{}
IT.NET.USER.ZS,IT.NET.USER.ZS--est,Estonia,EST,Individuals using the Internet (% of population),1967-12-31,1967,year,1967-01-01,,% populacji,annual,observed,https://api.worldbank.org/v2/country/POL;WLD;USA;CHN;DEU;IND;KOR;JPN;GBR;FRA;BRA;EST/indicator/IT.NET.USER.ZS?format=json&per_page=1000,2026-09-28T17:23:18.506Z,{}
IT.NET.USER.ZS,IT.NET.USER.ZS--fra,Francja,FRA,Individuals using the Internet (% of population),1967-12-31,1967,year,1967-01-01,,% populacji,annual,observed,https://api.worldbank.org/v2/country/POL;WLD;USA;CHN;DEU;IND;KOR;JPN;GBR;FRA;BRA;EST/indicator/IT.NET.USER.ZS?format=json&per_page=1000,2026-09-28T17:23:18.506Z,{}
IT.NET.USER.ZS,IT.NET.USER.ZS--gbr,Wielka Brytania,GBR,Individuals using the Internet (% of population),1967-12-31,1967,year,1967-01-01,,% populacji,annual,observed,https://api.worldbank.org/v2/country/POL;WLD;USA;CHN;DEU;IND;KOR;JPN;GBR;FRA;BRA;EST/indicator/IT.NET.USER.ZS?format=json&per_page=1000,2026-09-28T17:23:18.506Z,{}
IT.NET.USER.ZS,IT.NET.USER.ZS--ind,Indie,IND,Individuals using the Internet (% of population),1967-12-31,1967,year,1967-01-01,,% populacji,annual,observed,https://api.worldbank.org/v2/country/POL;WLD;USA;CHN;DEU;IND;KOR;JPN;GBR;FRA;BRA;EST/indicator/IT.NET.USER.ZS?format=json&per_page=1000,2026-09-28T17:23:18.506Z,{}
IT.NET.USER.ZS,IT.NET.USER.ZS--jpn,Japonia,JPN,Individuals using the Internet (% of population),1967-12-31,1967,year,1967-01-01,,% populacji,annual,observed,https://api.worldbank.org/v2/country/POL;WLD;USA;CHN;DEU;IND;KOR;JPN;GBR;FRA;BRA;EST/indicator/IT.NET.USER.ZS?format=json&per_page=1000,2026-09-28T17:23:18.506Z,{}
IT.NET.USER.ZS,IT.NET.USER.ZS--kor,Korea Płd.,KOR,Individuals using the Internet (% of population),1967-12-31,1967,year,1967-01-01,,% populacji,annual,observed,https://api.worldbank.org/v2/country/POL;WLD;USA;CHN;DEU;IND;KOR;JPN;GBR;FRA;BRA;EST/indicator/IT.NET.USER.ZS?format=json&per_page=1000,2026-09-28T17:23:18.506Z,{}
IT.NET.USER.ZS,IT.NET.USER.ZS--pol,Polska,POL,Individuals using the Internet (% of population),1967-12-31,1967,year,1967-01-01,,% populacji,annual,observed,https://api.worldbank.org/v2/country/POL;WLD;USA;CHN;DEU;IND;KOR;JPN;GBR;FRA;BRA;EST/indicator/IT.NET.USER.ZS?format=json&per_page=1000,2026-09-28T17:23:18.506Z,{}
IT.NET.USER.ZS,IT.NET.USER.ZS--usa,USA,USA,Individuals using the Internet (% of population),1967-12-31,1967,year,1967-01-01,,% populacji,annual,observed,https://api.worldbank.org/v2/country/POL;WLD;USA;CHN;DEU;IND;KOR;JPN;GBR;FRA;BRA;EST/indicator/IT.NET.USER.ZS?format=json&per_page=1000,2026-09-28T17:23:18.506Z,{}
IT.NET.USER.ZS,IT.NET.USER.ZS--wld,Świat,WLD,Individuals using the Internet (% of population),1967-12-31,1967,year,1967-01-01,,% populacji,annual,observed,https://api.worldbank.org/v2/country/POL;WLD;USA;CHN;DEU;IND;KOR;JPN;GBR;FRA;BRA;EST/indicator/IT.NET.USER.ZS?format=json&per_page=1000,2026-09-28T17:23:18.506Z,{}
IT.NET.USER.ZS,IT.NET.USER.ZS--bra,Brazylia,BRA,Individuals using the Internet (% of population),1968-12-31,1968,year,1968-01-01,,% populacji,annual,observed,https://api.worldbank.org/v2/country/POL;WLD;USA;CHN;DEU;IND;KOR;JPN;GBR;FRA;BRA;EST/indicator/IT.NET.USER.ZS?format=json&per_page=1000,2026-09-28T17:23:18.506Z,{}
IT.NET.USER.ZS,IT.NET.USER.ZS--chn,Chiny,CHN,Individuals using the Internet (% of population),1968-12-31,1968,year,1968-01-01,,% populacji,annual,observed,https://api.worldbank.org/v2/country/POL;WLD;USA;CHN;DEU;IND;KOR;JPN;GBR;FRA;BRA;EST/indicator/IT.NET.USER.ZS?format=json&per_page=1000,2026-09-28T17:23:18.506Z,{}
IT.NET.USER.ZS,IT.NET.USER.ZS--deu,Niemcy,DEU,Individuals using the Internet (% of population),1968-12-31,1968,year,1968-01-01,,% populacji,annual,observed,https://api.worldbank.org/v2/country/POL;WLD;USA;CHN;DEU;IND;KOR;JPN;GBR;FRA;BRA;EST/indicator/IT.NET.USER.ZS?format=json&per_page=1000,2026-09-28T17:23:18.506Z,{}
IT.NET.USER.ZS,IT.NET.USER.ZS--est,Estonia,EST,Individuals using the Internet (% of population),1968-12-31,1968,year,1968-01-01,,% populacji,annual,observed,https://api.worldbank.org/v2/country/POL;WLD;USA;CHN;DEU;IND;KOR;JPN;GBR;FRA;BRA;EST/indicator/IT.NET.USER.ZS?format=json&per_page=1000,2026-09-28T17:23:18.506Z,{}
IT.NET.USER.ZS,IT.NET.USER.ZS--fra,Francja,FRA,Individuals using the Internet (% of population),1968-12-31,1968,year,1968-01-01,,% populacji,annual,observed,https://api.worldbank.org/v2/country/POL;WLD;USA;CHN;DEU;IND;KOR;JPN;GBR;FRA;BRA;EST/indicator/IT.NET.USER.ZS?format=json&per_page=1000,2026-09-28T17:23:18.506Z,{}
IT.NET.USER.ZS,IT.NET.USER.ZS--gbr,Wielka Brytania,GBR,Individuals using the Internet (% of population),1968-12-31,1968,year,1968-01-01,,% populacji,annual,observed,https://api.worldbank.org/v2/country/POL;WLD;USA;CHN;DEU;IND;KOR;JPN;GBR;FRA;BRA;EST/indicator/IT.NET.USER.ZS?format=json&per_page=1000,2026-09-28T17:23:18.506Z,{}
IT.NET.USER.ZS,IT.NET.USER.ZS--ind,Indie,IND,Individuals using the Internet (% of population),1968-12-31,1968,year,1968-01-01,,% populacji,annual,observed,https://api.worldbank.org/v2/country/POL;WLD;USA;CHN;DEU;IND;KOR;JPN;GBR;FRA;BRA;EST/indicator/IT.NET.USER.ZS?format=json&per_page=1000,2026-09-28T17:23:18.506Z,{}
IT.NET.USER.ZS,IT.NET.USER.ZS--jpn,Japonia,JPN,Individuals using the Internet (% of population),1968-12-31,1968,year,1968-01-01,,% populacji,annual,observed,https://api.worldbank.org/v2/country/POL;WLD;USA;CHN;DEU;IND;KOR;JPN;GBR;FRA;BRA;EST/indicator/IT.NET.USER.ZS?format=json&per_page=1000,2026-09-28T17:23:18.506Z,{}
IT.NET.USER.ZS,IT.NET.USER.ZS--kor,Korea Płd.,KOR,Individuals using the Internet (% of population),1968-12-31,1968,year,1968-01-01,,% populacji,annual,observed,https://api.worldbank.org/v2/country/POL;WLD;USA;CHN;DEU;IND;KOR;JPN;GBR;FRA;BRA;EST/indicator/IT.NET.USER.ZS?format=json&per_page=1000,2026-09-28T17:23:18.506Z,{}
IT.NET.USER.ZS,IT.NET.USER.ZS--pol,Polska,POL,Individuals using the Internet (% of population),1968-12-31,1968,year,1968-01-01,,% populacji,annual,observed,https://api.worldbank.org/v2/country/POL;WLD;USA;CHN;DEU;IND;KOR;JPN;GBR;FRA;BRA;EST/indicator/IT.NET.USER.ZS?format=json&per_page=1000,2026-09-28T17:23:18.506Z,{}
IT.NET.USER.ZS,IT.NET.USER.ZS--usa,USA,USA,Individuals using the Internet (% of population),1968-12-31,1968,year,1968-01-01,,% populacji,annual,observed,https://api.worldbank.org/v2/country/POL;WLD;USA;CHN;DEU;IND;KOR;JPN;GBR;FRA;BRA;EST/indicator/IT.NET.USER.ZS?format=json&per_page=1000,2026-09-28T17:23:18.506Z,{}
IT.NET.USER.ZS,IT.NET.USER.ZS--wld,Świat,WLD,Individuals using the Internet (% of population),1968-12-31,1968,year,1968-01-01,,% populacji,annual,observed,https://api.worldbank.org/v2/country/POL;WLD;USA;CHN;DEU;IND;KOR;JPN;GBR;FRA;BRA;EST/indicator/IT.NET.USER.ZS?format=json&per_page=1000,2026-09-28T17:23:18.506Z,{}
IT.NET.USER.ZS,IT.NET.USER.ZS--bra,Brazylia,BRA,Individuals using the Internet (% of population),1969-12-31,1969,year,1969-01-01,,% populacji,annual,observed,https://api.worldbank.org/v2/country/POL;WLD;USA;CHN;DEU;IND;KOR;JPN;GBR;FRA;BRA;EST/indicator/IT.NET.USER.ZS?format=json&per_page=1000,2026-09-28T17:23:18.506Z,{}
IT.NET.USER.ZS,IT.NET.USER.ZS--chn,Chiny,CHN,Individuals using the Internet (% of population),1969-12-31,1969,year,1969-01-01,,% populacji,annual,observed,https://api.worldbank.org/v2/country/POL;WLD;USA;CHN;DEU;IND;KOR;JPN;GBR;FRA;BRA;EST/indicator/IT.NET.USER.ZS?format=json&per_page=1000,2026-09-28T17:23:18.506Z,{}
IT.NET.USER.ZS,IT.NET.USER.ZS--deu,Niemcy,DEU,Individuals using the Internet (% of population),1969-12-31,1969,year,1969-01-01,,% populacji,annual,observed,https://api.worldbank.org/v2/country/POL;WLD;USA;CHN;DEU;IND;KOR;JPN;GBR;FRA;BRA;EST/indicator/IT.NET.USER.ZS?format=json&per_page=1000,2026-09-28T17:23:18.506Z,{}
IT.NET.USER.ZS,IT.NET.USER.ZS--est,Estonia,EST,Individuals using the Internet (% of population),1969-12-31,1969,year,1969-01-01,,% populacji,annual,observed,https://api.worldbank.org/v2/country/POL;WLD;USA;CHN;DEU;IND;KOR;JPN;GBR;FRA;BRA;EST/indicator/IT.NET.USER.ZS?format=json&per_page=1000,2026-09-28T17:23:18.506Z,{}
IT.NET.USER.ZS,IT.NET.USER.ZS--fra,Francja,FRA,Individuals using the Internet (% of population),1969-12-31,1969,year,1969-01-01,,% populacji,annual,observed,https://api.worldbank.org/v2/country/POL;WLD;USA;CHN;DEU;IND;KOR;JPN;GBR;FRA;BRA;EST/indicator/IT.NET.USER.ZS?format=json&per_page=1000,2026-09-28T17:23:18.506Z,{}
IT.NET.USER.ZS,IT.NET.USER.ZS--gbr,Wielka Brytania,GBR,Individuals using the Internet (% of population),1969-12-31,1969,year,1969-01-01,,% populacji,annual,observed,https://api.worldbank.org/v2/country/POL;WLD;USA;CHN;DEU;IND;KOR;JPN;GBR;FRA;BRA;EST/indicator/IT.NET.USER.ZS?format=json&per_page=1000,2026-09-28T17:23:18.506Z,{}
IT.NET.USER.ZS,IT.NET.USER.ZS--ind,Indie,IND,Individuals using the Internet (% of population),1969-12-31,1969,year,1969-01-01,,% populacji,annual,observed,https://api.worldbank.org/v2/country/POL;WLD;USA;CHN;DEU;IND;KOR;JPN;GBR;FRA;BRA;EST/indicator/IT.NET.USER.ZS?format=json&per_page=1000,2026-09-28T17:23:18.506Z,{}
IT.NET.USER.ZS,IT.NET.USER.ZS--jpn,Japonia,JPN,Individuals using the Internet (% of population),1969-12-31,1969,year,1969-01-01,,% populacji,annual,observed,https://api.worldbank.org/v2/country/POL;WLD;USA;CHN;DEU;IND;KOR;JPN;GBR;FRA;BRA;EST/indicator/IT.NET.USER.ZS?format=json&per_page=1000,2026-09-28T17:23:18.506Z,{}
IT.NET.USER.ZS,IT.NET.USER.ZS--kor,Korea Płd.,KOR,Individuals using the Internet (% of population),1969-12-31,1969,year,1969-01-01,,% populacji,annual,observed,https://api.worldbank.org/v2/country/POL;WLD;USA;CHN;DEU;IND;KOR;JPN;GBR;FRA;BRA;EST/indicator/IT.NET.USER.ZS?format=json&per_page=1000,2026-09-28T17:23:18.506Z,{}
IT.NET.USER.ZS,IT.NET.USER.ZS--pol,Polska,POL,Individuals using the Internet (% of population),1969-12-31,1969,year,1969-01-01,,% populacji,annual,observed,https://api.worldbank.org/v2/country/POL;WLD;USA;CHN;DEU;IND;KOR;JPN;GBR;FRA;BRA;EST/indicator/IT.NET.USER.ZS?format=json&per_page=1000,2026-09-28T17:23:18.506Z,{}
IT.NET.USER.ZS,IT.NET.USER.ZS--usa,USA,USA,Individuals using the Internet (% of population),1969-12-31,1969,year,1969-01-01,,% populacji,annual,observed,https://api.worldbank.org/v2/country/POL;WLD;USA;CHN;DEU;IND;KOR;JPN;GBR;FRA;BRA;EST/indicator/IT.NET.USER.ZS?format=json&per_page=1000,2026-09-28T17:23:18.506Z,{}
IT.NET.USER.ZS,IT.NET.USER.ZS--wld,Świat,WLD,Individuals using the Internet (% of population),1969-12-31,1969,year,1969-01-01,,% populacji,annual,observed,https://api.worldbank.org/v2/country/POL;WLD;USA;CHN;DEU;IND;KOR;JPN;GBR;FRA;BRA;EST/indicator/IT.NET.USER.ZS?format=json&per_page=1000,2026-09-28T17:23:18.506Z,{}
IT.NET.USER.ZS,IT.NET.USER.ZS--bra,Brazylia,BRA,Individuals using the Internet (% of population),1970-12-31,1970,year,1970-01-01,,% populacji,annual,observed,https://api.worldbank.org/v2/country/POL;WLD;USA;CHN;DEU;IND;KOR;JPN;GBR;FRA;BRA;EST/indicator/IT.NET.USER.ZS?format=json&per_page=1000,2026-09-28T17:23:18.506Z,{}
IT.NET.USER.ZS,IT.NET.USER.ZS--chn,Chiny,CHN,Individuals using the Internet (% of population),1970-12-31,1970,year,1970-01-01,,% populacji,annual,observed,https://api.worldbank.org/v2/country/POL;WLD;USA;CHN;DEU;IND;KOR;JPN;GBR;FRA;BRA;EST/indicator/IT.NET.USER.ZS?format=json&per_page=1000,2026-09-28T17:23:18.506Z,{}
IT.NET.USER.ZS,IT.NET.USER.ZS--deu,Niemcy,DEU,Individuals using the Internet (% of population),1970-12-31,1970,year,1970-01-01,,% populacji,annual,observed,https://api.worldbank.org/v2/country/POL;WLD;USA;CHN;DEU;IND;KOR;JPN;GBR;FRA;BRA;EST/indicator/IT.NET.USER.ZS?format=json&per_page=1000,2026-09-28T17:23:18.506Z,{}
IT.NET.USER.ZS,IT.NET.USER.ZS--est,Estonia,EST,Individuals using the Internet (% of population),1970-12-31,1970,year,1970-01-01,,% populacji,annual,observed,https://api.worldbank.org/v2/country/POL;WLD;USA;CHN;DEU;IND;KOR;JPN;GBR;FRA;BRA;EST/indicator/IT.NET.USER.ZS?format=json&per_page=1000,2026-09-28T17:23:18.506Z,{}
IT.NET.USER.ZS,IT.NET.USER.ZS--fra,Francja,FRA,Individuals using the Internet (% of population),1970-12-31,1970,year,1970-01-01,,% populacji,annual,observed,https://api.worldbank.org/v2/country/POL;WLD;USA;CHN;DEU;IND;KOR;JPN;GBR;FRA;BRA;EST/indicator/IT.NET.USER.ZS?format=json&per_page=1000,2026-09-28T17:23:18.506Z,{}
IT.NET.USER.ZS,IT.NET.USER.ZS--gbr,Wielka Brytania,GBR,Individuals using the Internet (% of population),1970-12-31,1970,year,1970-01-01,,% populacji,annual,observed,https://api.worldbank.org/v2/country/POL;WLD;USA;CHN;DEU;IND;KOR;JPN;GBR;FRA;BRA;EST/indicator/IT.NET.USER.ZS?format=json&per_page=1000,2026-09-28T17:23:18.506Z,{}
IT.NET.USER.ZS,IT.NET.USER.ZS--ind,Indie,IND,Individuals using the Internet (% of population),1970-12-31,1970,year,1970-01-01,,% populacji,annual,observed,https://api.worldbank.org/v2/country/POL;WLD;USA;CHN;DEU;IND;KOR;JPN;GBR;FRA;BRA;EST/indicator/IT.NET.USER.ZS?format=json&per_page=1000,2026-09-28T17:23:18.506Z,{}
IT.NET.USER.ZS,IT.NET.USER.ZS--jpn,Japonia,JPN,Individuals using the Internet (% of population),1970-12-31,1970,year,1970-01-01,,% populacji,annual,observed,https://api.worldbank.org/v2/country/POL;WLD;USA;CHN;DEU;IND;KOR;JPN;GBR;FRA;BRA;EST/indicator/IT.NET.USER.ZS?format=json&per_page=1000,2026-09-28T17:23:18.506Z,{}
IT.NET.USER.ZS,IT.NET.USER.ZS--kor,Korea Płd.,KOR,Individuals using the Internet (% of population),1970-12-31,1970,year,1970-01-01,,% populacji,annual,observed,https://api.worldbank.org/v2/country/POL;WLD;USA;CHN;DEU;IND;KOR;JPN;GBR;FRA;BRA;EST/indicator/IT.NET.USER.ZS?format=json&per_page=1000,2026-09-28T17:23:18.506Z,{}
IT.NET.USER.ZS,IT.NET.USER.ZS--pol,Polska,POL,Individuals using the Internet (% of population),1970-12-31,1970,year,1970-01-01,,% populacji,annual,observed,https://api.worldbank.org/v2/country/POL;WLD;USA;CHN;DEU;IND;KOR;JPN;GBR;FRA;BRA;EST/indicator/IT.NET.USER.ZS?format=json&per_page=1000,2026-09-28T17:23:18.506Z,{}
IT.NET.USER.ZS,IT.NET.USER.ZS--usa,USA,USA,Individuals using the Internet (% of population),1970-12-31,1970,year,1970-01-01,,% populacji,annual,observed,https://api.worldbank.org/v2/country/POL;WLD;USA;CHN;DEU;IND;KOR;JPN;GBR;FRA;BRA;EST/indicator/IT.NET.USER.ZS?format=json&per_page=1000,2026-09-28T17:23:18.506Z,{}
IT.NET.USER.ZS,IT.NET.USER.ZS--wld,Świat,WLD,Individuals using the Internet (% of population),1970-12-31,1970,year,1970-01-01,,% populacji,annual,observed,https://api.worldbank.org/v2/country/POL;WLD;USA;CHN;DEU;IND;KOR;JPN;GBR;FRA;BRA;EST/indicator/IT.NET.USER.ZS?format=json&per_page=1000,2026-09-28T17:23:18.506Z,{}
IT.NET.USER.ZS,IT.NET.USER.ZS--bra,Brazylia,BRA,Individuals using the Internet (% of population),1971-12-31,1971,year,1971-01-01,,% populacji,annual,observed,https://api.worldbank.org/v2/country/POL;WLD;USA;CHN;DEU;IND;KOR;JPN;GBR;FRA;BRA;EST/indicator/IT.NET.USER.ZS?format=json&per_page=1000,2026-09-28T17:23:18.506Z,{}
IT.NET.USER.ZS,IT.NET.USER.ZS--chn,Chiny,CHN,Individuals using the Internet (% of population),1971-12-31,1971,year,1971-01-01,,% populacji,annual,observed,https://api.worldbank.org/v2/country/POL;WLD;USA;CHN;DEU;IND;KOR;JPN;GBR;FRA;BRA;EST/indicator/IT.NET.USER.ZS?format=json&per_page=1000,2026-09-28T17:23:18.506Z,{}
IT.NET.USER.ZS,IT.NET.USER.ZS--deu,Niemcy,DEU,Individuals using the Internet (% of population),1971-12-31,1971,year,1971-01-01,,% populacji,annual,observed,https://api.worldbank.org/v2/country/POL;WLD;USA;CHN;DEU;IND;KOR;JPN;GBR;FRA;BRA;EST/indicator/IT.NET.USER.ZS?format=json&per_page=1000,2026-09-28T17:23:18.506Z,{}
IT.NET.USER.ZS,IT.NET.USER.ZS--est,Estonia,EST,Individuals using the Internet (% of population),1971-12-31,1971,year,1971-01-01,,% populacji,annual,observed,https://api.worldbank.org/v2/country/POL;WLD;USA;CHN;DEU;IND;KOR;JPN;GBR;FRA;BRA;EST/indicator/IT.NET.USER.ZS?format=json&per_page=1000,2026-09-28T17:23:18.506Z,{}
IT.NET.USER.ZS,IT.NET.USER.ZS--fra,Francja,FRA,Individuals using the Internet (% of population),1971-12-31,1971,year,1971-01-01,,% populacji,annual,observed,https://api.worldbank.org/v2/country/POL;WLD;USA;CHN;DEU;IND;KOR;JPN;GBR;FRA;BRA;EST/indicator/IT.NET.USER.ZS?format=json&per_page=1000,2026-09-28T17:23:18.506Z,{}
IT.NET.USER.ZS,IT.NET.USER.ZS--gbr,Wielka Brytania,GBR,Individuals using the Internet (% of population),1971-12-31,1971,year,1971-01-01,,% populacji,annual,observed,https://api.worldbank.org/v2/country/POL;WLD;USA;CHN;DEU;IND;KOR;JPN;GBR;FRA;BRA;EST/indicator/IT.NET.USER.ZS?format=json&per_page=1000,2026-09-28T17:23:18.506Z,{}
IT.NET.USER.ZS,IT.NET.USER.ZS--ind,Indie,IND,Individuals using the Internet (% of population),1971-12-31,1971,year,1971-01-01,,% populacji,annual,observed,https://api.worldbank.org/v2/country/POL;WLD;USA;CHN;DEU;IND;KOR;JPN;GBR;FRA;BRA;EST/indicator/IT.NET.USER.ZS?format=json&per_page=1000,2026-09-28T17:23:18.506Z,{}
IT.NET.USER.ZS,IT.NET.USER.ZS--jpn,Japonia,JPN,Individuals using the Internet (% of population),1971-12-31,1971,year,1971-01-01,,% populacji,annual,observed,https://api.worldbank.org/v2/country/POL;WLD;USA;CHN;DEU;IND;KOR;JPN;GBR;FRA;BRA;EST/indicator/IT.NET.USER.ZS?format=json&per_page=1000,2026-09-28T17:23:18.506Z,{}
IT.NET.USER.ZS,IT.NET.USER.ZS--kor,Korea Płd.,KOR,Individuals using the Internet (% of population),1971-12-31,1971,year,1971-01-01,,% populacji,annual,observed,https://api.worldbank.org/v2/country/POL;WLD;USA;CHN;DEU;IND;KOR;JPN;GBR;FRA;BRA;EST/indicator/IT.NET.USER.ZS?format=json&per_page=1000,2026-09-28T17:23:18.506Z,{}
IT.NET.USER.ZS,IT.NET.USER.ZS--pol,Polska,POL,Individuals using the Internet (% of population),1971-12-31,1971,year,1971-01-01,,% populacji,annual,observed,https://api.worldbank.org/v2/country/POL;WLD;USA;CHN;DEU;IND;KOR;JPN;GBR;FRA;BRA;EST/indicator/IT.NET.USER.ZS?format=json&per_page=1000,2026-09-28T17:23:18.506Z,{}
IT.NET.USER.ZS,IT.NET.USER.ZS--usa,USA,USA,Individuals using the Internet (% of population),1971-12-31,1971,year,1971-01-01,,% populacji,annual,observed,https://api.worldbank.org/v2/country/POL;WLD;USA;CHN;DEU;IND;KOR;JPN;GBR;FRA;BRA;EST/indicator/IT.NET.USER.ZS?format=json&per_page=1000,2026-09-28T17:23:18.506Z,{}
IT.NET.USER.ZS,IT.NET.USER.ZS--wld,Świat,WLD,Individuals using the Internet (% of population),1971-12-31,1971,year,1971-01-01,,% populacji,annual,observed,https://api.worldbank.org/v2/country/POL;WLD;USA;CHN;DEU;IND;KOR;JPN;GBR;FRA;BRA;EST/indicator/IT.NET.USER.ZS?format=json&per_page=1000,2026-09-28T17:23:18.506Z,{}
IT.NET.USER.ZS,IT.NET.USER.ZS--bra,Brazylia,BRA,Individuals using the Internet (% of population),1972-12-31,1972,year,1972-01-01,,% populacji,annual,observed,https://api.worldbank.org/v2/country/POL;WLD;USA;CHN;DEU;IND;KOR;JPN;GBR;FRA;BRA;EST/indicator/IT.NET.USER.ZS?format=json&per_page=1000,2026-09-28T17:23:18.506Z,{}
IT.NET.USER.ZS,IT.NET.USER.ZS--chn,Chiny,CHN,Individuals using the Internet (% of population),1972-12-31,1972,year,1972-01-01,,% populacji,annual,observed,https://api.worldbank.org/v2/country/POL;WLD;USA;CHN;DEU;IND;KOR;JPN;GBR;FRA;BRA;EST/indicator/IT.NET.USER.ZS?format=json&per_page=1000,2026-09-28T17:23:18.506Z,{}
IT.NET.USER.ZS,IT.NET.USER.ZS--deu,Niemcy,DEU,Individuals using the Internet (% of population),1972-12-31,1972,year,1972-01-01,,% populacji,annual,observed,https://api.worldbank.org/v2/country/POL;WLD;USA;CHN;DEU;IND;KOR;JPN;GBR;FRA;BRA;EST/indicator/IT.NET.USER.ZS?format=json&per_page=1000,2026-09-28T17:23:18.506Z,{}
IT.NET.USER.ZS,IT.NET.USER.ZS--est,Estonia,EST,Individuals using the Internet (% of population),1972-12-31,1972,year,1972-01-01,,% populacji,annual,observed,https://api.worldbank.org/v2/country/POL;WLD;USA;CHN;DEU;IND;KOR;JPN;GBR;FRA;BRA;EST/indicator/IT.NET.USER.ZS?format=json&per_page=1000,2026-09-28T17:23:18.506Z,{}
IT.NET.USER.ZS,IT.NET.USER.ZS--fra,Francja,FRA,Individuals using the Internet (% of population),1972-12-31,1972,year,1972-01-01,,% populacji,annual,observed,https://api.worldbank.org/v2/country/POL;WLD;USA;CHN;DEU;IND;KOR;JPN;GBR;FRA;BRA;EST/indicator/IT.NET.USER.ZS?format=json&per_page=1000,2026-09-28T17:23:18.506Z,{}
IT.NET.USER.ZS,IT.NET.USER.ZS--gbr,Wielka Brytania,GBR,Individuals using the Internet (% of population),1972-12-31,1972,year,1972-01-01,,% populacji,annual,observed,https://api.worldbank.org/v2/country/POL;WLD;USA;CHN;DEU;IND;KOR;JPN;GBR;FRA;BRA;EST/indicator/IT.NET.USER.ZS?format=json&per_page=1000,2026-09-28T17:23:18.506Z,{}
IT.NET.USER.ZS,IT.NET.USER.ZS--ind,Indie,IND,Individuals using the Internet (% of population),1972-12-31,1972,year,1972-01-01,,% populacji,annual,observed,https://api.worldbank.org/v2/country/POL;WLD;USA;CHN;DEU;IND;KOR;JPN;GBR;FRA;BRA;EST/indicator/IT.NET.USER.ZS?format=json&per_page=1000,2026-09-28T17:23:18.506Z,{}
IT.NET.USER.ZS,IT.NET.USER.ZS--jpn,Japonia,JPN,Individuals using the Internet (% of population),1972-12-31,1972,year,1972-01-01,,% populacji,annual,observed,https://api.worldbank.org/v2/country/POL;WLD;USA;CHN;DEU;IND;KOR;JPN;GBR;FRA;BRA;EST/indicator/IT.NET.USER.ZS?format=json&per_page=1000,2026-09-28T17:23:18.506Z,{}
IT.NET.USER.ZS,IT.NET.USER.ZS--kor,Korea Płd.,KOR,Individuals using the Internet (% of population),1972-12-31,1972,year,1972-01-01,,% populacji,annual,observed,https://api.worldbank.org/v2/country/POL;WLD;USA;CHN;DEU;IND;KOR;JPN;GBR;FRA;BRA;EST/indicator/IT.NET.USER.ZS?format=json&per_page=1000,2026-09-28T17:23:18.506Z,{}
IT.NET.USER.ZS,IT.NET.USER.ZS--pol,Polska,POL,Individuals using the Internet (% of population),1972-12-31,1972,year,1972-01-01,,% populacji,annual,observed,https://api.worldbank.org/v2/country/POL;WLD;USA;CHN;DEU;IND;KOR;JPN;GBR;FRA;BRA;EST/indicator/IT.NET.USER.ZS?format=json&per_page=1000,2026-09-28T17:23:18.506Z,{}
IT.NET.USER.ZS,IT.NET.USER.ZS--usa,USA,USA,Individuals using the Internet (% of population),1972-12-31,1972,year,1972-01-01,,% populacji,annual,observed,https://api.worldbank.org/v2/country/POL;WLD;USA;CHN;DEU;IND;KOR;JPN;GBR;FRA;BRA;EST/indicator/IT.NET.USER.ZS?format=json&per_page=1000,2026-09-28T17:23:18.506Z,{}
IT.NET.USER.ZS,IT.NET.USER.ZS--wld,Świat,WLD,Individuals using the Internet (% of population),1972-12-31,1972,year,1972-01-01,,% populacji,annual,observed,https://api.worldbank.org/v2/country/POL;WLD;USA;CHN;DEU;IND;KOR;JPN;GBR;FRA;BRA;EST/indicator/IT.NET.USER.ZS?format=json&per_page=1000,2026-09-28T17:23:18.506Z,{}
IT.NET.USER.ZS,IT.NET.USER.ZS--bra,Brazylia,BRA,Individuals using the Internet (% of population),1973-12-31,1973,year,1973-01-01,,% populacji,annual,observed,https://api.worldbank.org/v2/country/POL;WLD;USA;CHN;DEU;IND;KOR;JPN;GBR;FRA;BRA;EST/indicator/IT.NET.USER.ZS?format=json&per_page=1000,2026-09-28T17:23:18.506Z,{}
IT.NET.USER.ZS,IT.NET.USER.ZS--chn,Chiny,CHN,Individuals using the Internet (% of population),1973-12-31,1973,year,1973-01-01,,% populacji,annual,observed,https://api.worldbank.org/v2/country/POL;WLD;USA;CHN;DEU;IND;KOR;JPN;GBR;FRA;BRA;EST/indicator/IT.NET.USER.ZS?format=json&per_page=1000,2026-09-28T17:23:18.506Z,{}
IT.NET.USER.ZS,IT.NET.USER.ZS--deu,Niemcy,DEU,Individuals using the Internet (% of population),1973-12-31,1973,year,1973-01-01,,% populacji,annual,observed,https://api.worldbank.org/v2/country/POL;WLD;USA;CHN;DEU;IND;KOR;JPN;GBR;FRA;BRA;EST/indicator/IT.NET.USER.ZS?format=json&per_page=1000,2026-09-28T17:23:18.506Z,{}
IT.NET.USER.ZS,IT.NET.USER.ZS--est,Estonia,EST,Individuals using the Internet (% of population),1973-12-31,1973,year,1973-01-01,,% populacji,annual,observed,https://api.worldbank.org/v2/country/POL;WLD;USA;CHN;DEU;IND;KOR;JPN;GBR;FRA;BRA;EST/indicator/IT.NET.USER.ZS?format=json&per_page=1000,2026-09-28T17:23:18.506Z,{}
IT.NET.USER.ZS,IT.NET.USER.ZS--fra,Francja,FRA,Individuals using the Internet (% of population),1973-12-31,1973,year,1973-01-01,,% populacji,annual,observed,https://api.worldbank.org/v2/country/POL;WLD;USA;CHN;DEU;IND;KOR;JPN;GBR;FRA;BRA;EST/indicator/IT.NET.USER.ZS?format=json&per_page=1000,2026-09-28T17:23:18.506Z,{}
IT.NET.USER.ZS,IT.NET.USER.ZS--gbr,Wielka Brytania,GBR,Individuals using the Internet (% of population),1973-12-31,1973,year,1973-01-01,,% populacji,annual,observed,https://api.worldbank.org/v2/country/POL;WLD;USA;CHN;DEU;IND;KOR;JPN;GBR;FRA;BRA;EST/indicator/IT.NET.USER.ZS?format=json&per_page=1000,2026-09-28T17:23:18.506Z,{}
IT.NET.USER.ZS,IT.NET.USER.ZS--ind,Indie,IND,Individuals using the Internet (% of population),1973-12-31,1973,year,1973-01-01,,% populacji,annual,observed,https://api.worldbank.org/v2/country/POL;WLD;USA;CHN;DEU;IND;KOR;JPN;GBR;FRA;BRA;EST/indicator/IT.NET.USER.ZS?format=json&per_page=1000,2026-09-28T17:23:18.506Z,{}
IT.NET.USER.ZS,IT.NET.USER.ZS--jpn,Japonia,JPN,Individuals using the Internet (% of population),1973-12-31,1973,year,1973-01-01,,% populacji,annual,observed,https://api.worldbank.org/v2/country/POL;WLD;USA;CHN;DEU;IND;KOR;JPN;GBR;FRA;BRA;EST/indicator/IT.NET.USER.ZS?format=json&per_page=1000,2026-09-28T17:23:18.506Z,{}
IT.NET.USER.ZS,IT.NET.USER.ZS--kor,Korea Płd.,KOR,Individuals using the Internet (% of population),1973-12-31,1973,year,1973-01-01,,% populacji,annual,observed,https://api.worldbank.org/v2/country/POL;WLD;USA;CHN;DEU;IND;KOR;JPN;GBR;FRA;BRA;EST/indicator/IT.NET.USER.ZS?format=json&per_page=1000,2026-09-28T17:23:18.506Z,{}
IT.NET.USER.ZS,IT.NET.USER.ZS--pol,Polska,POL,Individuals using the Internet (% of population),1973-12-31,1973,year,1973-01-01,,% populacji,annual,observed,https://api.worldbank.org/v2/country/POL;WLD;USA;CHN;DEU;IND;KOR;JPN;GBR;FRA;BRA;EST/indicator/IT.NET.USER.ZS?format=json&per_page=1000,2026-09-28T17:23:18.506Z,{}
IT.NET.USER.ZS,IT.NET.USER.ZS--usa,USA,USA,Individuals using the Internet (% of population),1973-12-31,1973,year,1973-01-01,,% populacji,annual,observed,https://api.worldbank.org/v2/country/POL;WLD;USA;CHN;DEU;IND;KOR;JPN;GBR;FRA;BRA;EST/indicator/IT.NET.USER.ZS?format=json&per_page=1000,2026-09-28T17:23:18.506Z,{}
IT.NET.USER.ZS,IT.NET.USER.ZS--wld,Świat,WLD,Individuals using the Internet (% of population),1973-12-31,1973,year,1973-01-01,,% populacji,annual,observed,https://api.worldbank.org/v2/country/POL;WLD;USA;CHN;DEU;IND;KOR;JPN;GBR;FRA;BRA;EST/indicator/IT.NET.USER.ZS?format=json&per_page=1000,2026-09-28T17:23:18.506Z,{}
IT.NET.USER.ZS,IT.NET.USER.ZS--bra,Brazylia,BRA,Individuals using the Internet (% of population),1974-12-31,1974,year,1974-01-01,,% populacji,annual,observed,https://api.worldbank.org/v2/country/POL;WLD;USA;CHN;DEU;IND;KOR;JPN;GBR;FRA;BRA;EST/indicator/IT.NET.USER.ZS?format=json&per_page=1000,2026-09-28T17:23:18.506Z,{}
IT.NET.USER.ZS,IT.NET.USER.ZS--chn,Chiny,CHN,Individuals using the Internet (% of population),1974-12-31,1974,year,1974-01-01,,% populacji,annual,observed,https://api.worldbank.org/v2/country/POL;WLD;USA;CHN;DEU;IND;KOR;JPN;GBR;FRA;BRA;EST/indicator/IT.NET.USER.ZS?format=json&per_page=1000,2026-09-28T17:23:18.506Z,{}
IT.NET.USER.ZS,IT.NET.USER.ZS--deu,Niemcy,DEU,Individuals using the Internet (% of population),1974-12-31,1974,year,1974-01-01,,% populacji,annual,observed,https://api.worldbank.org/v2/country/POL;WLD;USA;CHN;DEU;IND;KOR;JPN;GBR;FRA;BRA;EST/indicator/IT.NET.USER.ZS?format=json&per_page=1000,2026-09-28T17:23:18.506Z,{}
IT.NET.USER.ZS,IT.NET.USER.ZS--est,Estonia,EST,Individuals using the Internet (% of population),1974-12-31,1974,year,1974-01-01,,% populacji,annual,observed,https://api.worldbank.org/v2/country/POL;WLD;USA;CHN;DEU;IND;KOR;JPN;GBR;FRA;BRA;EST/indicator/IT.NET.USER.ZS?format=json&per_page=1000,2026-09-28T17:23:18.506Z,{}
IT.NET.USER.ZS,IT.NET.USER.ZS--fra,Francja,FRA,Individuals using the Internet (% of population),1974-12-31,1974,year,1974-01-01,,% populacji,annual,observed,https://api.worldbank.org/v2/country/POL;WLD;USA;CHN;DEU;IND;KOR;JPN;GBR;FRA;BRA;EST/indicator/IT.NET.USER.ZS?format=json&per_page=1000,2026-09-28T17:23:18.506Z,{}
IT.NET.USER.ZS,IT.NET.USER.ZS--gbr,Wielka Brytania,GBR,Individuals using the Internet (% of population),1974-12-31,1974,year,1974-01-01,,% populacji,annual,observed,https://api.worldbank.org/v2/country/POL;WLD;USA;CHN;DEU;IND;KOR;JPN;GBR;FRA;BRA;EST/indicator/IT.NET.USER.ZS?format=json&per_page=1000,2026-09-28T17:23:18.506Z,{}
IT.NET.USER.ZS,IT.NET.USER.ZS--ind,Indie,IND,Individuals using the Internet (% of population),1974-12-31,1974,year,1974-01-01,,% populacji,annual,observed,https://api.worldbank.org/v2/country/POL;WLD;USA;CHN;DEU;IND;KOR;JPN;GBR;FRA;BRA;EST/indicator/IT.NET.USER.ZS?format=json&per_page=1000,2026-09-28T17:23:18.506Z,{}
IT.NET.USER.ZS,IT.NET.USER.ZS--jpn,Japonia,JPN,Individuals using the Internet (% of population),1974-12-31,1974,year,1974-01-01,,% populacji,annual,observed,https://api.worldbank.org/v2/country/POL;WLD;USA;CHN;DEU;IND;KOR;JPN;GBR;FRA;BRA;EST/indicator/IT.NET.USER.ZS?format=json&per_page=1000,2026-09-28T17:23:18.506Z,{}
IT.NET.USER.ZS,IT.NET.USER.ZS--kor,Korea Płd.,KOR,Individuals using the Internet (% of population),1974-12-31,1974,year,1974-01-01,,% populacji,annual,observed,https://api.worldbank.org/v2/country/POL;WLD;USA;CHN;DEU;IND;KOR;JPN;GBR;FRA;BRA;EST/indicator/IT.NET.USER.ZS?format=json&per_page=1000,2026-09-28T17:23:18.506Z,{}
IT.NET.USER.ZS,IT.NET.USER.ZS--pol,Polska,POL,Individuals using the Internet (% of population),1974-12-31,1974,year,1974-01-01,,% populacji,annual,observed,https://api.worldbank.org/v2/country/POL;WLD;USA;CHN;DEU;IND;KOR;JPN;GBR;FRA;BRA;EST/indicator/IT.NET.USER.ZS?format=json&per_page=1000,2026-09-28T17:23:18.506Z,{}
IT.NET.USER.ZS,IT.NET.USER.ZS--usa,USA,USA,Individuals using the Internet (% of population),1974-12-31,1974,year,1974-01-01,,% populacji,annual,observed,https://api.worldbank.org/v2/country/POL;WLD;USA;CHN;DEU;IND;KOR;JPN;GBR;FRA;BRA;EST/indicator/IT.NET.USER.ZS?format=json&per_page=1000,2026-09-28T17:23:18.506Z,{}
IT.NET.USER.ZS,IT.NET.USER.ZS--wld,Świat,WLD,Individuals using the Internet (% of population),1974-12-31,1974,year,1974-01-01,,% populacji,annual,observed,https://api.worldbank.org/v2/country/POL;WLD;USA;CHN;DEU;IND;KOR;JPN;GBR;FRA;BRA;EST/indicator/IT.NET.USER.ZS?format=json&per_page=1000,2026-09-28T17:23:18.506Z,{}
IT.NET.USER.ZS,IT.NET.USER.ZS--bra,Brazylia,BRA,Individuals using the Internet (% of population),1975-12-31,1975,year,1975-01-01,,% populacji,annual,observed,https://api.worldbank.org/v2/country/POL;WLD;USA;CHN;DEU;IND;KOR;JPN;GBR;FRA;BRA;EST/indicator/IT.NET.USER.ZS?format=json&per_page=1000,2026-09-28T17:23:18.506Z,{}
IT.NET.USER.ZS,IT.NET.USER.ZS--chn,Chiny,CHN,Individuals using the Internet (% of population),1975-12-31,1975,year,1975-01-01,,% populacji,annual,observed,https://api.worldbank.org/v2/country/POL;WLD;USA;CHN;DEU;IND;KOR;JPN;GBR;FRA;BRA;EST/indicator/IT.NET.USER.ZS?format=json&per_page=1000,2026-09-28T17:23:18.506Z,{}
IT.NET.USER.ZS,IT.NET.USER.ZS--deu,Niemcy,DEU,Individuals using the Internet (% of population),1975-12-31,1975,year,1975-01-01,,% populacji,annual,observed,https://api.worldbank.org/v2/country/POL;WLD;USA;CHN;DEU;IND;KOR;JPN;GBR;FRA;BRA;EST/indicator/IT.NET.USER.ZS?format=json&per_page=1000,2026-09-28T17:23:18.506Z,{}
IT.NET.USER.ZS,IT.NET.USER.ZS--est,Estonia,EST,Individuals using the Internet (% of population),1975-12-31,1975,year,1975-01-01,,% populacji,annual,observed,https://api.worldbank.org/v2/country/POL;WLD;USA;CHN;DEU;IND;KOR;JPN;GBR;FRA;BRA;EST/indicator/IT.NET.USER.ZS?format=json&per_page=1000,2026-09-28T17:23:18.506Z,{}
IT.NET.USER.ZS,IT.NET.USER.ZS--fra,Francja,FRA,Individuals using the Internet (% of population),1975-12-31,1975,year,1975-01-01,,% populacji,annual,observed,https://api.worldbank.org/v2/country/POL;WLD;USA;CHN;DEU;IND;KOR;JPN;GBR;FRA;BRA;EST/indicator/IT.NET.USER.ZS?format=json&per_page=1000,2026-09-28T17:23:18.506Z,{}
IT.NET.USER.ZS,IT.NET.USER.ZS--gbr,Wielka Brytania,GBR,Individuals using the Internet (% of population),1975-12-31,1975,year,1975-01-01,,% populacji,annual,observed,https://api.worldbank.org/v2/country/POL;WLD;USA;CHN;DEU;IND;KOR;JPN;GBR;FRA;BRA;EST/indicator/IT.NET.USER.ZS?format=json&per_page=1000,2026-09-28T17:23:18.506Z,{}
IT.NET.USER.ZS,IT.NET.USER.ZS--ind,Indie,IND,Individuals using the Internet (% of population),1975-12-31,1975,year,1975-01-01,,% populacji,annual,observed,https://api.worldbank.org/v2/country/POL;WLD;USA;CHN;DEU;IND;KOR;JPN;GBR;FRA;BRA;EST/indicator/IT.NET.USER.ZS?format=json&per_page=1000,2026-09-28T17:23:18.506Z,{}
IT.NET.USER.ZS,IT.NET.USER.ZS--jpn,Japonia,JPN,Individuals using the Internet (% of population),1975-12-31,1975,year,1975-01-01,,% populacji,annual,observed,https://api.worldbank.org/v2/country/POL;WLD;USA;CHN;DEU;IND;KOR;JPN;GBR;FRA;BRA;EST/indicator/IT.NET.USER.ZS?format=json&per_page=1000,2026-09-28T17:23:18.506Z,{}
IT.NET.USER.ZS,IT.NET.USER.ZS--kor,Korea Płd.,KOR,Individuals using the Internet (% of population),1975-12-31,1975,year,1975-01-01,,% populacji,annual,observed,https://api.worldbank.org/v2/country/POL;WLD;USA;CHN;DEU;IND;KOR;JPN;GBR;FRA;BRA;EST/indicator/IT.NET.USER.ZS?format=json&per_page=1000,2026-09-28T17:23:18.506Z,{}
IT.NET.USER.ZS,IT.NET.USER.ZS--pol,Polska,POL,Individuals using the Internet (% of population),1975-12-31,1975,year,1975-01-01,,% populacji,annual,observed,https://api.worldbank.org/v2/country/POL;WLD;USA;CHN;DEU;IND;KOR;JPN;GBR;FRA;BRA;EST/indicator/IT.NET.USER.ZS?format=json&per_page=1000,2026-09-28T17:23:18.506Z,{}
IT.NET.USER.ZS,IT.NET.USER.ZS--usa,USA,USA,Individuals using the Internet (% of population),1975-12-31,1975,year,1975-01-01,,% populacji,annual,observed,https://api.worldbank.org/v2/country/POL;WLD;USA;CHN;DEU;IND;KOR;JPN;GBR;FRA;BRA;EST/indicator/IT.NET.USER.ZS?format=json&per_page=1000,2026-09-28T17:23:18.506Z,{}
IT.NET.USER.ZS,IT.NET.USER.ZS--wld,Świat,WLD,Individuals using the Internet (% of population),1975-12-31,1975,year,1975-01-01,,% populacji,annual,observed,https://api.worldbank.org/v2/country/POL;WLD;USA;CHN;DEU;IND;KOR;JPN;GBR;FRA;BRA;EST/indicator/IT.NET.USER.ZS?format=json&per_page=1000,2026-09-28T17:23:18.506Z,{}
IT.NET.USER.ZS,IT.NET.USER.ZS--bra,Brazylia,BRA,Individuals using the Internet (% of population),1976-12-31,1976,year,1976-01-01,,% populacji,annual,observed,https://api.worldbank.org/v2/country/POL;WLD;USA;CHN;DEU;IND;KOR;JPN;GBR;FRA;BRA;EST/indicator/IT.NET.USER.ZS?format=json&per_page=1000,2026-09-28T17:23:18.506Z,{}
IT.NET.USER.ZS,IT.NET.USER.ZS--chn,Chiny,CHN,Individuals using the Internet (% of population),1976-12-31,1976,year,1976-01-01,,% populacji,annual,observed,https://api.worldbank.org/v2/country/POL;WLD;USA;CHN;DEU;IND;KOR;JPN;GBR;FRA;BRA;EST/indicator/IT.NET.USER.ZS?format=json&per_page=1000,2026-09-28T17:23:18.506Z,{}
IT.NET.USER.ZS,IT.NET.USER.ZS--deu,Niemcy,DEU,Individuals using the Internet (% of population),1976-12-31,1976,year,1976-01-01,,% populacji,annual,observed,https://api.worldbank.org/v2/country/POL;WLD;USA;CHN;DEU;IND;KOR;JPN;GBR;FRA;BRA;EST/indicator/IT.NET.USER.ZS?format=json&per_page=1000,2026-09-28T17:23:18.506Z,{}
IT.NET.USER.ZS,IT.NET.USER.ZS--est,Estonia,EST,Individuals using the Internet (% of population),1976-12-31,1976,year,1976-01-01,,% populacji,annual,observed,https://api.worldbank.org/v2/country/POL;WLD;USA;CHN;DEU;IND;KOR;JPN;GBR;FRA;BRA;EST/indicator/IT.NET.USER.ZS?format=json&per_page=1000,2026-09-28T17:23:18.506Z,{}
IT.NET.USER.ZS,IT.NET.USER.ZS--fra,Francja,FRA,Individuals using the Internet (% of population),1976-12-31,1976,year,1976-01-01,,% populacji,annual,observed,https://api.worldbank.org/v2/country/POL;WLD;USA;CHN;DEU;IND;KOR;JPN;GBR;FRA;BRA;EST/indicator/IT.NET.USER.ZS?format=json&per_page=1000,2026-09-28T17:23:18.506Z,{}
IT.NET.USER.ZS,IT.NET.USER.ZS--gbr,Wielka Brytania,GBR,Individuals using the Internet (% of population),1976-12-31,1976,year,1976-01-01,,% populacji,annual,observed,https://api.worldbank.org/v2/country/POL;WLD;USA;CHN;DEU;IND;KOR;JPN;GBR;FRA;BRA;EST/indicator/IT.NET.USER.ZS?format=json&per_page=1000,2026-09-28T17:23:18.506Z,{}
IT.NET.USER.ZS,IT.NET.USER.ZS--ind,Indie,IND,Individuals using the Internet (% of population),1976-12-31,1976,year,1976-01-01,,% populacji,annual,observed,https://api.worldbank.org/v2/country/POL;WLD;USA;CHN;DEU;IND;KOR;JPN;GBR;FRA;BRA;EST/indicator/IT.NET.USER.ZS?format=json&per_page=1000,2026-09-28T17:23:18.506Z,{}
IT.NET.USER.ZS,IT.NET.USER.ZS--jpn,Japonia,JPN,Individuals using the Internet (% of population),1976-12-31,1976,year,1976-01-01,,% populacji,annual,observed,https://api.worldbank.org/v2/country/POL;WLD;USA;CHN;DEU;IND;KOR;JPN;GBR;FRA;BRA;EST/indicator/IT.NET.USER.ZS?format=json&per_page=1000,2026-09-28T17:23:18.506Z,{}
IT.NET.USER.ZS,IT.NET.USER.ZS--kor,Korea Płd.,KOR,Individuals using the Internet (% of population),1976-12-31,1976,year,1976-01-01,,% populacji,annual,observed,https://api.worldbank.org/v2/country/POL;WLD;USA;CHN;DEU;IND;KOR;JPN;GBR;FRA;BRA;EST/indicator/IT.NET.USER.ZS?format=json&per_page=1000,2026-09-28T17:23:18.506Z,{}
IT.NET.USER.ZS,IT.NET.USER.ZS--pol,Polska,POL,Individuals using the Internet (% of population),1976-12-31,1976,year,1976-01-01,,% populacji,annual,observed,https://api.worldbank.org/v2/country/POL;WLD;USA;CHN;DEU;IND;KOR;JPN;GBR;FRA;BRA;EST/indicator/IT.NET.USER.ZS?format=json&per_page=1000,2026-09-28T17:23:18.506Z,{}
IT.NET.USER.ZS,IT.NET.USER.ZS--usa,USA,USA,Individuals using the Internet (% of population),1976-12-31,1976,year,1976-01-01,,% populacji,annual,observed,https://api.worldbank.org/v2/country/POL;WLD;USA;CHN;DEU;IND;KOR;JPN;GBR;FRA;BRA;EST/indicator/IT.NET.USER.ZS?format=json&per_page=1000,2026-09-28T17:23:18.506Z,{}
IT.NET.USER.ZS,IT.NET.USER.ZS--wld,Świat,WLD,Individuals using the Internet (% of population),1976-12-31,1976,year,1976-01-01,,% populacji,annual,observed,https://api.worldbank.org/v2/country/POL;WLD;USA;CHN;DEU;IND;KOR;JPN;GBR;FRA;BRA;EST/indicator/IT.NET.USER.ZS?format=json&per_page=1000,2026-09-28T17:23:18.506Z,{}
IT.NET.USER.ZS,IT.NET.USER.ZS--bra,Brazylia,BRA,Individuals using the Internet (% of population),1977-12-31,1977,year,1977-01-01,,% populacji,annual,observed,https://api.worldbank.org/v2/country/POL;WLD;USA;CHN;DEU;IND;KOR;JPN;GBR;FRA;BRA;EST/indicator/IT.NET.USER.ZS?format=json&per_page=1000,2026-09-28T17:23:18.506Z,{}
IT.NET.USER.ZS,IT.NET.USER.ZS--chn,Chiny,CHN,Individuals using the Internet (% of population),1977-12-31,1977,year,1977-01-01,,% populacji,annual,observed,https://api.worldbank.org/v2/country/POL;WLD;USA;CHN;DEU;IND;KOR;JPN;GBR;FRA;BRA;EST/indicator/IT.NET.USER.ZS?format=json&per_page=1000,2026-09-28T17:23:18.506Z,{}
IT.NET.USER.ZS,IT.NET.USER.ZS--deu,Niemcy,DEU,Individuals using the Internet (% of population),1977-12-31,1977,year,1977-01-01,,% populacji,annual,observed,https://api.worldbank.org/v2/country/POL;WLD;USA;CHN;DEU;IND;KOR;JPN;GBR;FRA;BRA;EST/indicator/IT.NET.USER.ZS?format=json&per_page=1000,2026-09-28T17:23:18.506Z,{}
IT.NET.USER.ZS,IT.NET.USER.ZS--est,Estonia,EST,Individuals using the Internet (% of population),1977-12-31,1977,year,1977-01-01,,% populacji,annual,observed,https://api.worldbank.org/v2/country/POL;WLD;USA;CHN;DEU;IND;KOR;JPN;GBR;FRA;BRA;EST/indicator/IT.NET.USER.ZS?format=json&per_page=1000,2026-09-28T17:23:18.506Z,{}
IT.NET.USER.ZS,IT.NET.USER.ZS--fra,Francja,FRA,Individuals using the Internet (% of population),1977-12-31,1977,year,1977-01-01,,% populacji,annual,observed,https://api.worldbank.org/v2/country/POL;WLD;USA;CHN;DEU;IND;KOR;JPN;GBR;FRA;BRA;EST/indicator/IT.NET.USER.ZS?format=json&per_page=1000,2026-09-28T17:23:18.506Z,{}
IT.NET.USER.ZS,IT.NET.USER.ZS--gbr,Wielka Brytania,GBR,Individuals using the Internet (% of population),1977-12-31,1977,year,1977-01-01,,% populacji,annual,observed,https://api.worldbank.org/v2/country/POL;WLD;USA;CHN;DEU;IND;KOR;JPN;GBR;FRA;BRA;EST/indicator/IT.NET.USER.ZS?format=json&per_page=1000,2026-09-28T17:23:18.506Z,{}
IT.NET.USER.ZS,IT.NET.USER.ZS--ind,Indie,IND,Individuals using the Internet (% of population),1977-12-31,1977,year,1977-01-01,,% populacji,annual,observed,https://api.worldbank.org/v2/country/POL;WLD;USA;CHN;DEU;IND;KOR;JPN;GBR;FRA;BRA;EST/indicator/IT.NET.USER.ZS?format=json&per_page=1000,2026-09-28T17:23:18.506Z,{}
IT.NET.USER.ZS,IT.NET.USER.ZS--jpn,Japonia,JPN,Individuals using the Internet (% of population),1977-12-31,1977,year,1977-01-01,,% populacji,annual,observed,https://api.worldbank.org/v2/country/POL;WLD;USA;CHN;DEU;IND;KOR;JPN;GBR;FRA;BRA;EST/indicator/IT.NET.USER.ZS?format=json&per_page=1000,2026-09-28T17:23:18.506Z,{}
IT.NET.USER.ZS,IT.NET.USER.ZS--kor,Korea Płd.,KOR,Individuals using the Internet (% of population),1977-12-31,1977,year,1977-01-01,,% populacji,annual,observed,https://api.worldbank.org/v2/country/POL;WLD;USA;CHN;DEU;IND;KOR;JPN;GBR;FRA;BRA;EST/indicator/IT.NET.USER.ZS?format=json&per_page=1000,2026-09-28T17:23:18.506Z,{}
IT.NET.USER.ZS,IT.NET.USER.ZS--pol,Polska,POL,Individuals using the Internet (% of population),1977-12-31,1977,year,1977-01-01,,% populacji,annual,observed,https://api.worldbank.org/v2/country/POL;WLD;USA;CHN;DEU;IND;KOR;JPN;GBR;FRA;BRA;EST/indicator/IT.NET.USER.ZS?format=json&per_page=1000,2026-09-28T17:23:18.506Z,{}
IT.NET.USER.ZS,IT.NET.USER.ZS--usa,USA,USA,Individuals using the Internet (% of population),1977-12-31,1977,year,1977-01-01,,% populacji,annual,observed,https://api.worldbank.org/v2/country/POL;WLD;USA;CHN;DEU;IND;KOR;JPN;GBR;FRA;BRA;EST/indicator/IT.NET.USER.ZS?format=json&per_page=1000,2026-09-28T17:23:18.506Z,{}
IT.NET.USER.ZS,IT.NET.USER.ZS--wld,Świat,WLD,Individuals using the Internet (% of population),1977-12-31,1977,year,1977-01-01,,% populacji,annual,observed,https://api.worldbank.org/v2/country/POL;WLD;USA;CHN;DEU;IND;KOR;JPN;GBR;FRA;BRA;EST/indicator/IT.NET.USER.ZS?format=json&per_page=1000,2026-09-28T17:23:18.506Z,{}
IT.NET.USER.ZS,IT.NET.USER.ZS--bra,Brazylia,BRA,Individuals using the Internet (% of population),1978-12-31,1978,year,1978-01-01,,% populacji,annual,observed,https://api.worldbank.org/v2/country/POL;WLD;USA;CHN;DEU;IND;KOR;JPN;GBR;FRA;BRA;EST/indicator/IT.NET.USER.ZS?format=json&per_page=1000,2026-09-28T17:23:18.506Z,{}
IT.NET.USER.ZS,IT.NET.USER.ZS--chn,Chiny,CHN,Individuals using the Internet (% of population),1978-12-31,1978,year,1978-01-01,,% populacji,annual,observed,https://api.worldbank.org/v2/country/POL;WLD;USA;CHN;DEU;IND;KOR;JPN;GBR;FRA;BRA;EST/indicator/IT.NET.USER.ZS?format=json&per_page=1000,2026-09-28T17:23:18.506Z,{}
IT.NET.USER.ZS,IT.NET.USER.ZS--deu,Niemcy,DEU,Individuals using the Internet (% of population),1978-12-31,1978,year,1978-01-01,,% populacji,annual,observed,https://api.worldbank.org/v2/country/POL;WLD;USA;CHN;DEU;IND;KOR;JPN;GBR;FRA;BRA;EST/indicator/IT.NET.USER.ZS?format=json&per_page=1000,2026-09-28T17:23:18.506Z,{}
IT.NET.USER.ZS,IT.NET.USER.ZS--est,Estonia,EST,Individuals using the Internet (% of population),1978-12-31,1978,year,1978-01-01,,% populacji,annual,observed,https://api.worldbank.org/v2/country/POL;WLD;USA;CHN;DEU;IND;KOR;JPN;GBR;FRA;BRA;EST/indicator/IT.NET.USER.ZS?format=json&per_page=1000,2026-09-28T17:23:18.506Z,{}
IT.NET.USER.ZS,IT.NET.USER.ZS--fra,Francja,FRA,Individuals using the Internet (% of population),1978-12-31,1978,year,1978-01-01,,% populacji,annual,observed,https://api.worldbank.org/v2/country/POL;WLD;USA;CHN;DEU;IND;KOR;JPN;GBR;FRA;BRA;EST/indicator/IT.NET.USER.ZS?format=json&per_page=1000,2026-09-28T17:23:18.506Z,{}
IT.NET.USER.ZS,IT.NET.USER.ZS--gbr,Wielka Brytania,GBR,Individuals using the Internet (% of population),1978-12-31,1978,year,1978-01-01,,% populacji,annual,observed,https://api.worldbank.org/v2/country/POL;WLD;USA;CHN;DEU;IND;KOR;JPN;GBR;FRA;BRA;EST/indicator/IT.NET.USER.ZS?format=json&per_page=1000,2026-09-28T17:23:18.506Z,{}
IT.NET.USER.ZS,IT.NET.USER.ZS--ind,Indie,IND,Individuals using the Internet (% of population),1978-12-31,1978,year,1978-01-01,,% populacji,annual,observed,https://api.worldbank.org/v2/country/POL;WLD;USA;CHN;DEU;IND;KOR;JPN;GBR;FRA;BRA;EST/indicator/IT.NET.USER.ZS?format=json&per_page=1000,2026-09-28T17:23:18.506Z,{}
IT.NET.USER.ZS,IT.NET.USER.ZS--jpn,Japonia,JPN,Individuals using the Internet (% of population),1978-12-31,1978,year,1978-01-01,,% populacji,annual,observed,https://api.worldbank.org/v2/country/POL;WLD;USA;CHN;DEU;IND;KOR;JPN;GBR;FRA;BRA;EST/indicator/IT.NET.USER.ZS?format=json&per_page=1000,2026-09-28T17:23:18.506Z,{}
IT.NET.USER.ZS,IT.NET.USER.ZS--kor,Korea Płd.,KOR,Individuals using the Internet (% of population),1978-12-31,1978,year,1978-01-01,,% populacji,annual,observed,https://api.worldbank.org/v2/country/POL;WLD;USA;CHN;DEU;IND;KOR;JPN;GBR;FRA;BRA;EST/indicator/IT.NET.USER.ZS?format=json&per_page=1000,2026-09-28T17:23:18.506Z,{}
IT.NET.USER.ZS,IT.NET.USER.ZS--pol,Polska,POL,Individuals using the Internet (% of population),1978-12-31,1978,year,1978-01-01,,% populacji,annual,observed,https://api.worldbank.org/v2/country/POL;WLD;USA;CHN;DEU;IND;KOR;JPN;GBR;FRA;BRA;EST/indicator/IT.NET.USER.ZS?format=json&per_page=1000,2026-09-28T17:23:18.506Z,{}
IT.NET.USER.ZS,IT.NET.USER.ZS--usa,USA,USA,Individuals using the Internet (% of population),1978-12-31,1978,year,1978-01-01,,% populacji,annual,observed,https://api.worldbank.org/v2/country/POL;WLD;USA;CHN;DEU;IND;KOR;JPN;GBR;FRA;BRA;EST/indicator/IT.NET.USER.ZS?format=json&per_page=1000,2026-09-28T17:23:18.506Z,{}
IT.NET.USER.ZS,IT.NET.USER.ZS--wld,Świat,WLD,Individuals using the Internet (% of population),1978-12-31,1978,year,1978-01-01,,% populacji,annual,observed,https://api.worldbank.org/v2/country/POL;WLD;USA;CHN;DEU;IND;KOR;JPN;GBR;FRA;BRA;EST/indicator/IT.NET.USER.ZS?format=json&per_page=1000,2026-09-28T17:23:18.506Z,{}
IT.NET.USER.ZS,IT.NET.USER.ZS--bra,Brazylia,BRA,Individuals using the Internet (% of population),1979-12-31,1979,year,1979-01-01,,% populacji,annual,observed,https://api.worldbank.org/v2/country/POL;WLD;USA;CHN;DEU;IND;KOR;JPN;GBR;FRA;BRA;EST/indicator/IT.NET.USER.ZS?format=json&per_page=1000,2026-09-28T17:23:18.506Z,{}
IT.NET.USER.ZS,IT.NET.USER.ZS--chn,Chiny,CHN,Individuals using the Internet (% of population),1979-12-31,1979,year,1979-01-01,,% populacji,annual,observed,https://api.worldbank.org/v2/country/POL;WLD;USA;CHN;DEU;IND;KOR;JPN;GBR;FRA;BRA;EST/indicator/IT.NET.USER.ZS?format=json&per_page=1000,2026-09-28T17:23:18.506Z,{}
IT.NET.USER.ZS,IT.NET.USER.ZS--deu,Niemcy,DEU,Individuals using the Internet (% of population),1979-12-31,1979,year,1979-01-01,,% populacji,annual,observed,https://api.worldbank.org/v2/country/POL;WLD;USA;CHN;DEU;IND;KOR;JPN;GBR;FRA;BRA;EST/indicator/IT.NET.USER.ZS?format=json&per_page=1000,2026-09-28T17:23:18.506Z,{}
IT.NET.USER.ZS,IT.NET.USER.ZS--est,Estonia,EST,Individuals using the Internet (% of population),1979-12-31,1979,year,1979-01-01,,% populacji,annual,observed,https://api.worldbank.org/v2/country/POL;WLD;USA;CHN;DEU;IND;KOR;JPN;GBR;FRA;BRA;EST/indicator/IT.NET.USER.ZS?format=json&per_page=1000,2026-09-28T17:23:18.506Z,{}
IT.NET.USER.ZS,IT.NET.USER.ZS--fra,Francja,FRA,Individuals using the Internet (% of population),1979-12-31,1979,year,1979-01-01,,% populacji,annual,observed,https://api.worldbank.org/v2/country/POL;WLD;USA;CHN;DEU;IND;KOR;JPN;GBR;FRA;BRA;EST/indicator/IT.NET.USER.ZS?format=json&per_page=1000,2026-09-28T17:23:18.506Z,{}
IT.NET.USER.ZS,IT.NET.USER.ZS--gbr,Wielka Brytania,GBR,Individuals using the Internet (% of population),1979-12-31,1979,year,1979-01-01,,% populacji,annual,observed,https://api.worldbank.org/v2/country/POL;WLD;USA;CHN;DEU;IND;KOR;JPN;GBR;FRA;BRA;EST/indicator/IT.NET.USER.ZS?format=json&per_page=1000,2026-09-28T17:23:18.506Z,{}
IT.NET.USER.ZS,IT.NET.USER.ZS--ind,Indie,IND,Individuals using the Internet (% of population),1979-12-31,1979,year,1979-01-01,,% populacji,annual,observed,https://api.worldbank.org/v2/country/POL;WLD;USA;CHN;DEU;IND;KOR;JPN;GBR;FRA;BRA;EST/indicator/IT.NET.USER.ZS?format=json&per_page=1000,2026-09-28T17:23:18.506Z,{}
IT.NET.USER.ZS,IT.NET.USER.ZS--jpn,Japonia,JPN,Individuals using the Internet (% of population),1979-12-31,1979,year,1979-01-01,,% populacji,annual,observed,https://api.worldbank.org/v2/country/POL;WLD;USA;CHN;DEU;IND;KOR;JPN;GBR;FRA;BRA;EST/indicator/IT.NET.USER.ZS?format=json&per_page=1000,2026-09-28T17:23:18.506Z,{}
IT.NET.USER.ZS,IT.NET.USER.ZS--kor,Korea Płd.,KOR,Individuals using the Internet (% of population),1979-12-31,1979,year,1979-01-01,,% populacji,annual,observed,https://api.worldbank.org/v2/country/POL;WLD;USA;CHN;DEU;IND;KOR;JPN;GBR;FRA;BRA;EST/indicator/IT.NET.USER.ZS?format=json&per_page=1000,2026-09-28T17:23:18.506Z,{}
IT.NET.USER.ZS,IT.NET.USER.ZS--pol,Polska,POL,Individuals using the Internet (% of population),1979-12-31,1979,year,1979-01-01,,% populacji,annual,observed,https://api.worldbank.org/v2/country/POL;WLD;USA;CHN;DEU;IND;KOR;JPN;GBR;FRA;BRA;EST/indicator/IT.NET.USER.ZS?format=json&per_page=1000,2026-09-28T17:23:18.506Z,{}
IT.NET.USER.ZS,IT.NET.USER.ZS--usa,USA,USA,Individuals using the Internet (% of population),1979-12-31,1979,year,1979-01-01,,% populacji,annual,observed,https://api.worldbank.org/v2/country/POL;WLD;USA;CHN;DEU;IND;KOR;JPN;GBR;FRA;BRA;EST/indicator/IT.NET.USER.ZS?format=json&per_page=1000,2026-09-28T17:23:18.506Z,{}
IT.NET.USER.ZS,IT.NET.USER.ZS--wld,Świat,WLD,Individuals using the Internet (% of population),1979-12-31,1979,year,1979-01-01,,% populacji,annual,observed,https://api.worldbank.org/v2/country/POL;WLD;USA;CHN;DEU;IND;KOR;JPN;GBR;FRA;BRA;EST/indicator/IT.NET.USER.ZS?format=json&per_page=1000,2026-09-28T17:23:18.506Z,{}
IT.NET.USER.ZS,IT.NET.USER.ZS--bra,Brazylia,BRA,Individuals using the Internet (% of population),1980-12-31,1980,year,1980-01-01,,% populacji,annual,observed,https://api.worldbank.org/v2/country/POL;WLD;USA;CHN;DEU;IND;KOR;JPN;GBR;FRA;BRA;EST/indicator/IT.NET.USER.ZS?format=json&per_page=1000,2026-09-28T17:23:18.506Z,{}
IT.NET.USER.ZS,IT.NET.USER.ZS--chn,Chiny,CHN,Individuals using the Internet (% of population),1980-12-31,1980,year,1980-01-01,,% populacji,annual,observed,https://api.worldbank.org/v2/country/POL;WLD;USA;CHN;DEU;IND;KOR;JPN;GBR;FRA;BRA;EST/indicator/IT.NET.USER.ZS?format=json&per_page=1000,2026-09-28T17:23:18.506Z,{}
IT.NET.USER.ZS,IT.NET.USER.ZS--deu,Niemcy,DEU,Individuals using the Internet (% of population),1980-12-31,1980,year,1980-01-01,,% populacji,annual,observed,https://api.worldbank.org/v2/country/POL;WLD;USA;CHN;DEU;IND;KOR;JPN;GBR;FRA;BRA;EST/indicator/IT.NET.USER.ZS?format=json&per_page=1000,2026-09-28T17:23:18.506Z,{}
IT.NET.USER.ZS,IT.NET.USER.ZS--est,Estonia,EST,Individuals using the Internet (% of population),1980-12-31,1980,year,1980-01-01,,% populacji,annual,observed,https://api.worldbank.org/v2/country/POL;WLD;USA;CHN;DEU;IND;KOR;JPN;GBR;FRA;BRA;EST/indicator/IT.NET.USER.ZS?format=json&per_page=1000,2026-09-28T17:23:18.506Z,{}
IT.NET.USER.ZS,IT.NET.USER.ZS--fra,Francja,FRA,Individuals using the Internet (% of population),1980-12-31,1980,year,1980-01-01,,% populacji,annual,observed,https://api.worldbank.org/v2/country/POL;WLD;USA;CHN;DEU;IND;KOR;JPN;GBR;FRA;BRA;EST/indicator/IT.NET.USER.ZS?format=json&per_page=1000,2026-09-28T17:23:18.506Z,{}
IT.NET.USER.ZS,IT.NET.USER.ZS--gbr,Wielka Brytania,GBR,Individuals using the Internet (% of population),1980-12-31,1980,year,1980-01-01,,% populacji,annual,observed,https://api.worldbank.org/v2/country/POL;WLD;USA;CHN;DEU;IND;KOR;JPN;GBR;FRA;BRA;EST/indicator/IT.NET.USER.ZS?format=json&per_page=1000,2026-09-28T17:23:18.506Z,{}
IT.NET.USER.ZS,IT.NET.USER.ZS--ind,Indie,IND,Individuals using the Internet (% of population),1980-12-31,1980,year,1980-01-01,,% populacji,annual,observed,https://api.worldbank.org/v2/country/POL;WLD;USA;CHN;DEU;IND;KOR;JPN;GBR;FRA;BRA;EST/indicator/IT.NET.USER.ZS?format=json&per_page=1000,2026-09-28T17:23:18.506Z,{}
IT.NET.USER.ZS,IT.NET.USER.ZS--jpn,Japonia,JPN,Individuals using the Internet (% of population),1980-12-31,1980,year,1980-01-01,,% populacji,annual,observed,https://api.worldbank.org/v2/country/POL;WLD;USA;CHN;DEU;IND;KOR;JPN;GBR;FRA;BRA;EST/indicator/IT.NET.USER.ZS?format=json&per_page=1000,2026-09-28T17:23:18.506Z,{}
IT.NET.USER.ZS,IT.NET.USER.ZS--kor,Korea Płd.,KOR,Individuals using the Internet (% of population),1980-12-31,1980,year,1980-01-01,,% populacji,annual,observed,https://api.worldbank.org/v2/country/POL;WLD;USA;CHN;DEU;IND;KOR;JPN;GBR;FRA;BRA;EST/indicator/IT.NET.USER.ZS?format=json&per_page=1000,2026-09-28T17:23:18.506Z,{}
IT.NET.USER.ZS,IT.NET.USER.ZS--pol,Polska,POL,Individuals using the Internet (% of population),1980-12-31,1980,year,1980-01-01,,% populacji,annual,observed,https://api.worldbank.org/v2/country/POL;WLD;USA;CHN;DEU;IND;KOR;JPN;GBR;FRA;BRA;EST/indicator/IT.NET.USER.ZS?format=json&per_page=1000,2026-09-28T17:23:18.506Z,{}
IT.NET.USER.ZS,IT.NET.USER.ZS--usa,USA,USA,Individuals using the Internet (% of population),1980-12-31,1980,year,1980-01-01,,% populacji,annual,observed,https://api.worldbank.org/v2/country/POL;WLD;USA;CHN;DEU;IND;KOR;JPN;GBR;FRA;BRA;EST/indicator/IT.NET.USER.ZS?format=json&per_page=1000,2026-09-28T17:23:18.506Z,{}
IT.NET.USER.ZS,IT.NET.USER.ZS--wld,Świat,WLD,Individuals using the Internet (% of population),1980-12-31,1980,year,1980-01-01,,% populacji,annual,observed,https://api.worldbank.org/v2/country/POL;WLD;USA;CHN;DEU;IND;KOR;JPN;GBR;FRA;BRA;EST/indicator/IT.NET.USER.ZS?format=json&per_page=1000,2026-09-28T17:23:18.506Z,{}
IT.NET.USER.ZS,IT.NET.USER.ZS--bra,Brazylia,BRA,Individuals using the Internet (% of population),1981-12-31,1981,year,1981-01-01,,% populacji,annual,observed,https://api.worldbank.org/v2/country/POL;WLD;USA;CHN;DEU;IND;KOR;JPN;GBR;FRA;BRA;EST/indicator/IT.NET.USER.ZS?format=json&per_page=1000,2026-09-28T17:23:18.506Z,{}
IT.NET.USER.ZS,IT.NET.USER.ZS--chn,Chiny,CHN,Individuals using the Internet (% of population),1981-12-31,1981,year,1981-01-01,,% populacji,annual,observed,https://api.worldbank.org/v2/country/POL;WLD;USA;CHN;DEU;IND;KOR;JPN;GBR;FRA;BRA;EST/indicator/IT.NET.USER.ZS?format=json&per_page=1000,2026-09-28T17:23:18.506Z,{}
IT.NET.USER.ZS,IT.NET.USER.ZS--deu,Niemcy,DEU,Individuals using the Internet (% of population),1981-12-31,1981,year,1981-01-01,,% populacji,annual,observed,https://api.worldbank.org/v2/country/POL;WLD;USA;CHN;DEU;IND;KOR;JPN;GBR;FRA;BRA;EST/indicator/IT.NET.USER.ZS?format=json&per_page=1000,2026-09-28T17:23:18.506Z,{}
IT.NET.USER.ZS,IT.NET.USER.ZS--est,Estonia,EST,Individuals using the Internet (% of population),1981-12-31,1981,year,1981-01-01,,% populacji,annual,observed,https://api.worldbank.org/v2/country/POL;WLD;USA;CHN;DEU;IND;KOR;JPN;GBR;FRA;BRA;EST/indicator/IT.NET.USER.ZS?format=json&per_page=1000,2026-09-28T17:23:18.506Z,{}
IT.NET.USER.ZS,IT.NET.USER.ZS--fra,Francja,FRA,Individuals using the Internet (% of population),1981-12-31,1981,year,1981-01-01,,% populacji,annual,observed,https://api.worldbank.org/v2/country/POL;WLD;USA;CHN;DEU;IND;KOR;JPN;GBR;FRA;BRA;EST/indicator/IT.NET.USER.ZS?format=json&per_page=1000,2026-09-28T17:23:18.506Z,{}
IT.NET.USER.ZS,IT.NET.USER.ZS--gbr,Wielka Brytania,GBR,Individuals using the Internet (% of population),1981-12-31,1981,year,1981-01-01,,% populacji,annual,observed,https://api.worldbank.org/v2/country/POL;WLD;USA;CHN;DEU;IND;KOR;JPN;GBR;FRA;BRA;EST/indicator/IT.NET.USER.ZS?format=json&per_page=1000,2026-09-28T17:23:18.506Z,{}
IT.NET.USER.ZS,IT.NET.USER.ZS--ind,Indie,IND,Individuals using the Internet (% of population),1981-12-31,1981,year,1981-01-01,,% populacji,annual,observed,https://api.worldbank.org/v2/country/POL;WLD;USA;CHN;DEU;IND;KOR;JPN;GBR;FRA;BRA;EST/indicator/IT.NET.USER.ZS?format=json&per_page=1000,2026-09-28T17:23:18.506Z,{}
IT.NET.USER.ZS,IT.NET.USER.ZS--jpn,Japonia,JPN,Individuals using the Internet (% of population),1981-12-31,1981,year,1981-01-01,,% populacji,annual,observed,https://api.worldbank.org/v2/country/POL;WLD;USA;CHN;DEU;IND;KOR;JPN;GBR;FRA;BRA;EST/indicator/IT.NET.USER.ZS?format=json&per_page=1000,2026-09-28T17:23:18.506Z,{}
IT.NET.USER.ZS,IT.NET.USER.ZS--kor,Korea Płd.,KOR,Individuals using the Internet (% of population),1981-12-31,1981,year,1981-01-01,,% populacji,annual,observed,https://api.worldbank.org/v2/country/POL;WLD;USA;CHN;DEU;IND;KOR;JPN;GBR;FRA;BRA;EST/indicator/IT.NET.USER.ZS?format=json&per_page=1000,2026-09-28T17:23:18.506Z,{}
IT.NET.USER.ZS,IT.NET.USER.ZS--pol,Polska,POL,Individuals using the Internet (% of population),1981-12-31,1981,year,1981-01-01,,% populacji,annual,observed,https://api.worldbank.org/v2/country/POL;WLD;USA;CHN;DEU;IND;KOR;JPN;GBR;FRA;BRA;EST/indicator/IT.NET.USER.ZS?format=json&per_page=1000,2026-09-28T17:23:18.506Z,{}
IT.NET.USER.ZS,IT.NET.USER.ZS--usa,USA,USA,Individuals using the Internet (% of population),1981-12-31,1981,year,1981-01-01,,% populacji,annual,observed,https://api.worldbank.org/v2/country/POL;WLD;USA;CHN;DEU;IND;KOR;JPN;GBR;FRA;BRA;EST/indicator/IT.NET.USER.ZS?format=json&per_page=1000,2026-09-28T17:23:18.506Z,{}
IT.NET.USER.ZS,IT.NET.USER.ZS--wld,Świat,WLD,Individuals using the Internet (% of population),1981-12-31,1981,year,1981-01-01,,% populacji,annual,observed,https://api.worldbank.org/v2/country/POL;WLD;USA;CHN;DEU;IND;KOR;JPN;GBR;FRA;BRA;EST/indicator/IT.NET.USER.ZS?format=json&per_page=1000,2026-09-28T17:23:18.506Z,{}
IT.NET.USER.ZS,IT.NET.USER.ZS--bra,Brazylia,BRA,Individuals using the Internet (% of population),1982-12-31,1982,year,1982-01-01,,% populacji,annual,observed,https://api.worldbank.org/v2/country/POL;WLD;USA;CHN;DEU;IND;KOR;JPN;GBR;FRA;BRA;EST/indicator/IT.NET.USER.ZS?format=json&per_page=1000,2026-09-28T17:23:18.506Z,{}
IT.NET.USER.ZS,IT.NET.USER.ZS--chn,Chiny,CHN,Individuals using the Internet (% of population),1982-12-31,1982,year,1982-01-01,,% populacji,annual,observed,https://api.worldbank.org/v2/country/POL;WLD;USA;CHN;DEU;IND;KOR;JPN;GBR;FRA;BRA;EST/indicator/IT.NET.USER.ZS?format=json&per_page=1000,2026-09-28T17:23:18.506Z,{}
IT.NET.USER.ZS,IT.NET.USER.ZS--deu,Niemcy,DEU,Individuals using the Internet (% of population),1982-12-31,1982,year,1982-01-01,,% populacji,annual,observed,https://api.worldbank.org/v2/country/POL;WLD;USA;CHN;DEU;IND;KOR;JPN;GBR;FRA;BRA;EST/indicator/IT.NET.USER.ZS?format=json&per_page=1000,2026-09-28T17:23:18.506Z,{}
IT.NET.USER.ZS,IT.NET.USER.ZS--est,Estonia,EST,Individuals using the Internet (% of population),1982-12-31,1982,year,1982-01-01,,% populacji,annual,observed,https://api.worldbank.org/v2/country/POL;WLD;USA;CHN;DEU;IND;KOR;JPN;GBR;FRA;BRA;EST/indicator/IT.NET.USER.ZS?format=json&per_page=1000,2026-09-28T17:23:18.506Z,{}
IT.NET.USER.ZS,IT.NET.USER.ZS--fra,Francja,FRA,Individuals using the Internet (% of population),1982-12-31,1982,year,1982-01-01,,% populacji,annual,observed,https://api.worldbank.org/v2/country/POL;WLD;USA;CHN;DEU;IND;KOR;JPN;GBR;FRA;BRA;EST/indicator/IT.NET.USER.ZS?format=json&per_page=1000,2026-09-28T17:23:18.506Z,{}
IT.NET.USER.ZS,IT.NET.USER.ZS--gbr,Wielka Brytania,GBR,Individuals using the Internet (% of population),1982-12-31,1982,year,1982-01-01,,% populacji,annual,observed,https://api.worldbank.org/v2/country/POL;WLD;USA;CHN;DEU;IND;KOR;JPN;GBR;FRA;BRA;EST/indicator/IT.NET.USER.ZS?format=json&per_page=1000,2026-09-28T17:23:18.506Z,{}
IT.NET.USER.ZS,IT.NET.USER.ZS--ind,Indie,IND,Individuals using the Internet (% of population),1982-12-31,1982,year,1982-01-01,,% populacji,annual,observed,https://api.worldbank.org/v2/country/POL;WLD;USA;CHN;DEU;IND;KOR;JPN;GBR;FRA;BRA;EST/indicator/IT.NET.USER.ZS?format=json&per_page=1000,2026-09-28T17:23:18.506Z,{}
IT.NET.USER.ZS,IT.NET.USER.ZS--jpn,Japonia,JPN,Individuals using the Internet (% of population),1982-12-31,1982,year,1982-01-01,,% populacji,annual,observed,https://api.worldbank.org/v2/country/POL;WLD;USA;CHN;DEU;IND;KOR;JPN;GBR;FRA;BRA;EST/indicator/IT.NET.USER.ZS?format=json&per_page=1000,2026-09-28T17:23:18.506Z,{}
IT.NET.USER.ZS,IT.NET.USER.ZS--kor,Korea Płd.,KOR,Individuals using the Internet (% of population),1982-12-31,1982,year,1982-01-01,,% populacji,annual,observed,https://api.worldbank.org/v2/country/POL;WLD;USA;CHN;DEU;IND;KOR;JPN;GBR;FRA;BRA;EST/indicator/IT.NET.USER.ZS?format=json&per_page=1000,2026-09-28T17:23:18.506Z,{}
IT.NET.USER.ZS,IT.NET.USER.ZS--pol,Polska,POL,Individuals using the Internet (% of population),1982-12-31,1982,year,1982-01-01,,% populacji,annual,observed,https://api.worldbank.org/v2/country/POL;WLD;USA;CHN;DEU;IND;KOR;JPN;GBR;FRA;BRA;EST/indicator/IT.NET.USER.ZS?format=json&per_page=1000,2026-09-28T17:23:18.506Z,{}
IT.NET.USER.ZS,IT.NET.USER.ZS--usa,USA,USA,Individuals using the Internet (% of population),1982-12-31,1982,year,1982-01-01,,% populacji,annual,observed,https://api.worldbank.org/v2/country/POL;WLD;USA;CHN;DEU;IND;KOR;JPN;GBR;FRA;BRA;EST/indicator/IT.NET.USER.ZS?format=json&per_page=1000,2026-09-28T17:23:18.506Z,{}
IT.NET.USER.ZS,IT.NET.USER.ZS--wld,Świat,WLD,Individuals using the Internet (% of population),1982-12-31,1982,year,1982-01-01,,% populacji,annual,observed,https://api.worldbank.org/v2/country/POL;WLD;USA;CHN;DEU;IND;KOR;JPN;GBR;FRA;BRA;EST/indicator/IT.NET.USER.ZS?format=json&per_page=1000,2026-09-28T17:23:18.506Z,{}
IT.NET.USER.ZS,IT.NET.USER.ZS--bra,Brazylia,BRA,Individuals using the Internet (% of population),1983-12-31,1983,year,1983-01-01,,% populacji,annual,observed,https://api.worldbank.org/v2/country/POL;WLD;USA;CHN;DEU;IND;KOR;JPN;GBR;FRA;BRA;EST/indicator/IT.NET.USER.ZS?format=json&per_page=1000,2026-09-28T17:23:18.506Z,{}
IT.NET.USER.ZS,IT.NET.USER.ZS--chn,Chiny,CHN,Individuals using the Internet (% of population),1983-12-31,1983,year,1983-01-01,,% populacji,annual,observed,https://api.worldbank.org/v2/country/POL;WLD;USA;CHN;DEU;IND;KOR;JPN;GBR;FRA;BRA;EST/indicator/IT.NET.USER.ZS?format=json&per_page=1000,2026-09-28T17:23:18.506Z,{}
IT.NET.USER.ZS,IT.NET.USER.ZS--deu,Niemcy,DEU,Individuals using the Internet (% of population),1983-12-31,1983,year,1983-01-01,,% populacji,annual,observed,https://api.worldbank.org/v2/country/POL;WLD;USA;CHN;DEU;IND;KOR;JPN;GBR;FRA;BRA;EST/indicator/IT.NET.USER.ZS?format=json&per_page=1000,2026-09-28T17:23:18.506Z,{}
IT.NET.USER.ZS,IT.NET.USER.ZS--est,Estonia,EST,Individuals using the Internet (% of population),1983-12-31,1983,year,1983-01-01,,% populacji,annual,observed,https://api.worldbank.org/v2/country/POL;WLD;USA;CHN;DEU;IND;KOR;JPN;GBR;FRA;BRA;EST/indicator/IT.NET.USER.ZS?format=json&per_page=1000,2026-09-28T17:23:18.506Z,{}
IT.NET.USER.ZS,IT.NET.USER.ZS--fra,Francja,FRA,Individuals using the Internet (% of population),1983-12-31,1983,year,1983-01-01,,% populacji,annual,observed,https://api.worldbank.org/v2/country/POL;WLD;USA;CHN;DEU;IND;KOR;JPN;GBR;FRA;BRA;EST/indicator/IT.NET.USER.ZS?format=json&per_page=1000,2026-09-28T17:23:18.506Z,{}
IT.NET.USER.ZS,IT.NET.USER.ZS--gbr,Wielka Brytania,GBR,Individuals using the Internet (% of population),1983-12-31,1983,year,1983-01-01,,% populacji,annual,observed,https://api.worldbank.org/v2/country/POL;WLD;USA;CHN;DEU;IND;KOR;JPN;GBR;FRA;BRA;EST/indicator/IT.NET.USER.ZS?format=json&per_page=1000,2026-09-28T17:23:18.506Z,{}
IT.NET.USER.ZS,IT.NET.USER.ZS--ind,Indie,IND,Individuals using the Internet (% of population),1983-12-31,1983,year,1983-01-01,,% populacji,annual,observed,https://api.worldbank.org/v2/country/POL;WLD;USA;CHN;DEU;IND;KOR;JPN;GBR;FRA;BRA;EST/indicator/IT.NET.USER.ZS?format=json&per_page=1000,2026-09-28T17:23:18.506Z,{}
IT.NET.USER.ZS,IT.NET.USER.ZS--jpn,Japonia,JPN,Individuals using the Internet (% of population),1983-12-31,1983,year,1983-01-01,,% populacji,annual,observed,https://api.worldbank.org/v2/country/POL;WLD;USA;CHN;DEU;IND;KOR;JPN;GBR;FRA;BRA;EST/indicator/IT.NET.USER.ZS?format=json&per_page=1000,2026-09-28T17:23:18.506Z,{}
IT.NET.USER.ZS,IT.NET.USER.ZS--kor,Korea Płd.,KOR,Individuals using the Internet (% of population),1983-12-31,1983,year,1983-01-01,,% populacji,annual,observed,https://api.worldbank.org/v2/country/POL;WLD;USA;CHN;DEU;IND;KOR;JPN;GBR;FRA;BRA;EST/indicator/IT.NET.USER.ZS?format=json&per_page=1000,2026-09-28T17:23:18.506Z,{}
IT.NET.USER.ZS,IT.NET.USER.ZS--pol,Polska,POL,Individuals using the Internet (% of population),1983-12-31,1983,year,1983-01-01,,% populacji,annual,observed,https://api.worldbank.org/v2/country/POL;WLD;USA;CHN;DEU;IND;KOR;JPN;GBR;FRA;BRA;EST/indicator/IT.NET.USER.ZS?format=json&per_page=1000,2026-09-28T17:23:18.506Z,{}
IT.NET.USER.ZS,IT.NET.USER.ZS--usa,USA,USA,Individuals using the Internet (% of population),1983-12-31,1983,year,1983-01-01,,% populacji,annual,observed,https://api.worldbank.org/v2/country/POL;WLD;USA;CHN;DEU;IND;KOR;JPN;GBR;FRA;BRA;EST/indicator/IT.NET.USER.ZS?format=json&per_page=1000,2026-09-28T17:23:18.506Z,{}
IT.NET.USER.ZS,IT.NET.USER.ZS--wld,Świat,WLD,Individuals using the Internet (% of population),1983-12-31,1983,year,1983-01-01,,% populacji,annual,observed,https://api.worldbank.org/v2/country/POL;WLD;USA;CHN;DEU;IND;KOR;JPN;GBR;FRA;BRA;EST/indicator/IT.NET.USER.ZS?format=json&per_page=1000,2026-09-28T17:23:18.506Z,{}
IT.NET.USER.ZS,IT.NET.USER.ZS--bra,Brazylia,BRA,Individuals using the Internet (% of population),1984-12-31,1984,year,1984-01-01,,% populacji,annual,observed,https://api.worldbank.org/v2/country/POL;WLD;USA;CHN;DEU;IND;KOR;JPN;GBR;FRA;BRA;EST/indicator/IT.NET.USER.ZS?format=json&per_page=1000,2026-09-28T17:23:18.506Z,{}
IT.NET.USER.ZS,IT.NET.USER.ZS--chn,Chiny,CHN,Individuals using the Internet (% of population),1984-12-31,1984,year,1984-01-01,,% populacji,annual,observed,https://api.worldbank.org/v2/country/POL;WLD;USA;CHN;DEU;IND;KOR;JPN;GBR;FRA;BRA;EST/indicator/IT.NET.USER.ZS?format=json&per_page=1000,2026-09-28T17:23:18.506Z,{}
IT.NET.USER.ZS,IT.NET.USER.ZS--deu,Niemcy,DEU,Individuals using the Internet (% of population),1984-12-31,1984,year,1984-01-01,,% populacji,annual,observed,https://api.worldbank.org/v2/country/POL;WLD;USA;CHN;DEU;IND;KOR;JPN;GBR;FRA;BRA;EST/indicator/IT.NET.USER.ZS?format=json&per_page=1000,2026-09-28T17:23:18.506Z,{}
IT.NET.USER.ZS,IT.NET.USER.ZS--est,Estonia,EST,Individuals using the Internet (% of population),1984-12-31,1984,year,1984-01-01,,% populacji,annual,observed,https://api.worldbank.org/v2/country/POL;WLD;USA;CHN;DEU;IND;KOR;JPN;GBR;FRA;BRA;EST/indicator/IT.NET.USER.ZS?format=json&per_page=1000,2026-09-28T17:23:18.506Z,{}
IT.NET.USER.ZS,IT.NET.USER.ZS--fra,Francja,FRA,Individuals using the Internet (% of population),1984-12-31,1984,year,1984-01-01,,% populacji,annual,observed,https://api.worldbank.org/v2/country/POL;WLD;USA;CHN;DEU;IND;KOR;JPN;GBR;FRA;BRA;EST/indicator/IT.NET.USER.ZS?format=json&per_page=1000,2026-09-28T17:23:18.506Z,{}
IT.NET.USER.ZS,IT.NET.USER.ZS--gbr,Wielka Brytania,GBR,Individuals using the Internet (% of population),1984-12-31,1984,year,1984-01-01,,% populacji,annual,observed,https://api.worldbank.org/v2/country/POL;WLD;USA;CHN;DEU;IND;KOR;JPN;GBR;FRA;BRA;EST/indicator/IT.NET.USER.ZS?format=json&per_page=1000,2026-09-28T17:23:18.506Z,{}
IT.NET.USER.ZS,IT.NET.USER.ZS--ind,Indie,IND,Individuals using the Internet (% of population),1984-12-31,1984,year,1984-01-01,,% populacji,annual,observed,https://api.worldbank.org/v2/country/POL;WLD;USA;CHN;DEU;IND;KOR;JPN;GBR;FRA;BRA;EST/indicator/IT.NET.USER.ZS?format=json&per_page=1000,2026-09-28T17:23:18.506Z,{}
IT.NET.USER.ZS,IT.NET.USER.ZS--jpn,Japonia,JPN,Individuals using the Internet (% of population),1984-12-31,1984,year,1984-01-01,,% populacji,annual,observed,https://api.worldbank.org/v2/country/POL;WLD;USA;CHN;DEU;IND;KOR;JPN;GBR;FRA;BRA;EST/indicator/IT.NET.USER.ZS?format=json&per_page=1000,2026-09-28T17:23:18.506Z,{}
IT.NET.USER.ZS,IT.NET.USER.ZS--kor,Korea Płd.,KOR,Individuals using the Internet (% of population),1984-12-31,1984,year,1984-01-01,,% populacji,annual,observed,https://api.worldbank.org/v2/country/POL;WLD;USA;CHN;DEU;IND;KOR;JPN;GBR;FRA;BRA;EST/indicator/IT.NET.USER.ZS?format=json&per_page=1000,2026-09-28T17:23:18.506Z,{}
IT.NET.USER.ZS,IT.NET.USER.ZS--pol,Polska,POL,Individuals using the Internet (% of population),1984-12-31,1984,year,1984-01-01,,% populacji,annual,observed,https://api.worldbank.org/v2/country/POL;WLD;USA;CHN;DEU;IND;KOR;JPN;GBR;FRA;BRA;EST/indicator/IT.NET.USER.ZS?format=json&per_page=1000,2026-09-28T17:23:18.506Z,{}
IT.NET.USER.ZS,IT.NET.USER.ZS--usa,USA,USA,Individuals using the Internet (% of population),1984-12-31,1984,year,1984-01-01,,% populacji,annual,observed,https://api.worldbank.org/v2/country/POL;WLD;USA;CHN;DEU;IND;KOR;JPN;GBR;FRA;BRA;EST/indicator/IT.NET.USER.ZS?format=json&per_page=1000,2026-09-28T17:23:18.506Z,{}
IT.NET.USER.ZS,IT.NET.USER.ZS--wld,Świat,WLD,Individuals using the Internet (% of population),1984-12-31,1984,year,1984-01-01,,% populacji,annual,observed,https://api.worldbank.org/v2/country/POL;WLD;USA;CHN;DEU;IND;KOR;JPN;GBR;FRA;BRA;EST/indicator/IT.NET.USER.ZS?format=json&per_page=1000,2026-09-28T17:23:18.506Z,{}
IT.NET.USER.ZS,IT.NET.USER.ZS--bra,Brazylia,BRA,Individuals using the Internet (% of population),1985-12-31,1985,year,1985-01-01,,% populacji,annual,observed,https://api.worldbank.org/v2/country/POL;WLD;USA;CHN;DEU;IND;KOR;JPN;GBR;FRA;BRA;EST/indicator/IT.NET.USER.ZS?format=json&per_page=1000,2026-09-28T17:23:18.506Z,{}
IT.NET.USER.ZS,IT.NET.USER.ZS--chn,Chiny,CHN,Individuals using the Internet (% of population),1985-12-31,1985,year,1985-01-01,,% populacji,annual,observed,https://api.worldbank.org/v2/country/POL;WLD;USA;CHN;DEU;IND;KOR;JPN;GBR;FRA;BRA;EST/indicator/IT.NET.USER.ZS?format=json&per_page=1000,2026-09-28T17:23:18.506Z,{}
IT.NET.USER.ZS,IT.NET.USER.ZS--deu,Niemcy,DEU,Individuals using the Internet (% of population),1985-12-31,1985,year,1985-01-01,,% populacji,annual,observed,https://api.worldbank.org/v2/country/POL;WLD;USA;CHN;DEU;IND;KOR;JPN;GBR;FRA;BRA;EST/indicator/IT.NET.USER.ZS?format=json&per_page=1000,2026-09-28T17:23:18.506Z,{}
IT.NET.USER.ZS,IT.NET.USER.ZS--est,Estonia,EST,Individuals using the Internet (% of population),1985-12-31,1985,year,1985-01-01,,% populacji,annual,observed,https://api.worldbank.org/v2/country/POL;WLD;USA;CHN;DEU;IND;KOR;JPN;GBR;FRA;BRA;EST/indicator/IT.NET.USER.ZS?format=json&per_page=1000,2026-09-28T17:23:18.506Z,{}
IT.NET.USER.ZS,IT.NET.USER.ZS--fra,Francja,FRA,Individuals using the Internet (% of population),1985-12-31,1985,year,1985-01-01,,% populacji,annual,observed,https://api.worldbank.org/v2/country/POL;WLD;USA;CHN;DEU;IND;KOR;JPN;GBR;FRA;BRA;EST/indicator/IT.NET.USER.ZS?format=json&per_page=1000,2026-09-28T17:23:18.506Z,{}
IT.NET.USER.ZS,IT.NET.USER.ZS--gbr,Wielka Brytania,GBR,Individuals using the Internet (% of population),1985-12-31,1985,year,1985-01-01,,% populacji,annual,observed,https://api.worldbank.org/v2/country/POL;WLD;USA;CHN;DEU;IND;KOR;JPN;GBR;FRA;BRA;EST/indicator/IT.NET.USER.ZS?format=json&per_page=1000,2026-09-28T17:23:18.506Z,{}
IT.NET.USER.ZS,IT.NET.USER.ZS--ind,Indie,IND,Individuals using the Internet (% of population),1985-12-31,1985,year,1985-01-01,,% populacji,annual,observed,https://api.worldbank.org/v2/country/POL;WLD;USA;CHN;DEU;IND;KOR;JPN;GBR;FRA;BRA;EST/indicator/IT.NET.USER.ZS?format=json&per_page=1000,2026-09-28T17:23:18.506Z,{}
IT.NET.USER.ZS,IT.NET.USER.ZS--jpn,Japonia,JPN,Individuals using the Internet (% of population),1985-12-31,1985,year,1985-01-01,,% populacji,annual,observed,https://api.worldbank.org/v2/country/POL;WLD;USA;CHN;DEU;IND;KOR;JPN;GBR;FRA;BRA;EST/indicator/IT.NET.USER.ZS?format=json&per_page=1000,2026-09-28T17:23:18.506Z,{}
IT.NET.USER.ZS,IT.NET.USER.ZS--kor,Korea Płd.,KOR,Individuals using the Internet (% of population),1985-12-31,1985,year,1985-01-01,,% populacji,annual,observed,https://api.worldbank.org/v2/country/POL;WLD;USA;CHN;DEU;IND;KOR;JPN;GBR;FRA;BRA;EST/indicator/IT.NET.USER.ZS?format=json&per_page=1000,2026-09-28T17:23:18.506Z,{}
IT.NET.USER.ZS,IT.NET.USER.ZS--pol,Polska,POL,Individuals using the Internet (% of population),1985-12-31,1985,year,1985-01-01,,% populacji,annual,observed,https://api.worldbank.org/v2/country/POL;WLD;USA;CHN;DEU;IND;KOR;JPN;GBR;FRA;BRA;EST/indicator/IT.NET.USER.ZS?format=json&per_page=1000,2026-09-28T17:23:18.506Z,{}
IT.NET.USER.ZS,IT.NET.USER.ZS--usa,USA,USA,Individuals using the Internet (% of population),1985-12-31,1985,year,1985-01-01,,% populacji,annual,observed,https://api.worldbank.org/v2/country/POL;WLD;USA;CHN;DEU;IND;KOR;JPN;GBR;FRA;BRA;EST/indicator/IT.NET.USER.ZS?format=json&per_page=1000,2026-09-28T17:23:18.506Z,{}
IT.NET.USER.ZS,IT.NET.USER.ZS--wld,Świat,WLD,Individuals using the Internet (% of population),1985-12-31,1985,year,1985-01-01,,% populacji,annual,observed,https://api.worldbank.org/v2/country/POL;WLD;USA;CHN;DEU;IND;KOR;JPN;GBR;FRA;BRA;EST/indicator/IT.NET.USER.ZS?format=json&per_page=1000,2026-09-28T17:23:18.506Z,{}
IT.NET.USER.ZS,IT.NET.USER.ZS--bra,Brazylia,BRA,Individuals using the Internet (% of population),1986-12-31,1986,year,1986-01-01,,% populacji,annual,observed,https://api.worldbank.org/v2/country/POL;WLD;USA;CHN;DEU;IND;KOR;JPN;GBR;FRA;BRA;EST/indicator/IT.NET.USER.ZS?format=json&per_page=1000,2026-09-28T17:23:18.506Z,{}
IT.NET.USER.ZS,IT.NET.USER.ZS--chn,Chiny,CHN,Individuals using the Internet (% of population),1986-12-31,1986,year,1986-01-01,,% populacji,annual,observed,https://api.worldbank.org/v2/country/POL;WLD;USA;CHN;DEU;IND;KOR;JPN;GBR;FRA;BRA;EST/indicator/IT.NET.USER.ZS?format=json&per_page=1000,2026-09-28T17:23:18.506Z,{}
IT.NET.USER.ZS,IT.NET.USER.ZS--deu,Niemcy,DEU,Individuals using the Internet (% of population),1986-12-31,1986,year,1986-01-01,,% populacji,annual,observed,https://api.worldbank.org/v2/country/POL;WLD;USA;CHN;DEU;IND;KOR;JPN;GBR;FRA;BRA;EST/indicator/IT.NET.USER.ZS?format=json&per_page=1000,2026-09-28T17:23:18.506Z,{}
IT.NET.USER.ZS,IT.NET.USER.ZS--est,Estonia,EST,Individuals using the Internet (% of population),1986-12-31,1986,year,1986-01-01,,% populacji,annual,observed,https://api.worldbank.org/v2/country/POL;WLD;USA;CHN;DEU;IND;KOR;JPN;GBR;FRA;BRA;EST/indicator/IT.NET.USER.ZS?format=json&per_page=1000,2026-09-28T17:23:18.506Z,{}
IT.NET.USER.ZS,IT.NET.USER.ZS--fra,Francja,FRA,Individuals using the Internet (% of population),1986-12-31,1986,year,1986-01-01,,% populacji,annual,observed,https://api.worldbank.org/v2/country/POL;WLD;USA;CHN;DEU;IND;KOR;JPN;GBR;FRA;BRA;EST/indicator/IT.NET.USER.ZS?format=json&per_page=1000,2026-09-28T17:23:18.506Z,{}
IT.NET.USER.ZS,IT.NET.USER.ZS--gbr,Wielka Brytania,GBR,Individuals using the Internet (% of population),1986-12-31,1986,year,1986-01-01,,% populacji,annual,observed,https://api.worldbank.org/v2/country/POL;WLD;USA;CHN;DEU;IND;KOR;JPN;GBR;FRA;BRA;EST/indicator/IT.NET.USER.ZS?format=json&per_page=1000,2026-09-28T17:23:18.506Z,{}
IT.NET.USER.ZS,IT.NET.USER.ZS--ind,Indie,IND,Individuals using the Internet (% of population),1986-12-31,1986,year,1986-01-01,,% populacji,annual,observed,https://api.worldbank.org/v2/country/POL;WLD;USA;CHN;DEU;IND;KOR;JPN;GBR;FRA;BRA;EST/indicator/IT.NET.USER.ZS?format=json&per_page=1000,2026-09-28T17:23:18.506Z,{}
IT.NET.USER.ZS,IT.NET.USER.ZS--jpn,Japonia,JPN,Individuals using the Internet (% of population),1986-12-31,1986,year,1986-01-01,,% populacji,annual,observed,https://api.worldbank.org/v2/country/POL;WLD;USA;CHN;DEU;IND;KOR;JPN;GBR;FRA;BRA;EST/indicator/IT.NET.USER.ZS?format=json&per_page=1000,2026-09-28T17:23:18.506Z,{}
IT.NET.USER.ZS,IT.NET.USER.ZS--kor,Korea Płd.,KOR,Individuals using the Internet (% of population),1986-12-31,1986,year,1986-01-01,,% populacji,annual,observed,https://api.worldbank.org/v2/country/POL;WLD;USA;CHN;DEU;IND;KOR;JPN;GBR;FRA;BRA;EST/indicator/IT.NET.USER.ZS?format=json&per_page=1000,2026-09-28T17:23:18.506Z,{}
IT.NET.USER.ZS,IT.NET.USER.ZS--pol,Polska,POL,Individuals using the Internet (% of population),1986-12-31,1986,year,1986-01-01,,% populacji,annual,observed,https://api.worldbank.org/v2/country/POL;WLD;USA;CHN;DEU;IND;KOR;JPN;GBR;FRA;BRA;EST/indicator/IT.NET.USER.ZS?format=json&per_page=1000,2026-09-28T17:23:18.506Z,{}
IT.NET.USER.ZS,IT.NET.USER.ZS--usa,USA,USA,Individuals using the Internet (% of population),1986-12-31,1986,year,1986-01-01,,% populacji,annual,observed,https://api.worldbank.org/v2/country/POL;WLD;USA;CHN;DEU;IND;KOR;JPN;GBR;FRA;BRA;EST/indicator/IT.NET.USER.ZS?format=json&per_page=1000,2026-09-28T17:23:18.506Z,{}
IT.NET.USER.ZS,IT.NET.USER.ZS--wld,Świat,WLD,Individuals using the Internet (% of population),1986-12-31,1986,year,1986-01-01,,% populacji,annual,observed,https://api.worldbank.org/v2/country/POL;WLD;USA;CHN;DEU;IND;KOR;JPN;GBR;FRA;BRA;EST/indicator/IT.NET.USER.ZS?format=json&per_page=1000,2026-09-28T17:23:18.506Z,{}
IT.NET.USER.ZS,IT.NET.USER.ZS--bra,Brazylia,BRA,Individuals using the Internet (% of population),1987-12-31,1987,year,1987-01-01,,% populacji,annual,observed,https://api.worldbank.org/v2/country/POL;WLD;USA;CHN;DEU;IND;KOR;JPN;GBR;FRA;BRA;EST/indicator/IT.NET.USER.ZS?format=json&per_page=1000,2026-09-28T17:23:18.506Z,{}
IT.NET.USER.ZS,IT.NET.USER.ZS--chn,Chiny,CHN,Individuals using the Internet (% of population),1987-12-31,1987,year,1987-01-01,,% populacji,annual,observed,https://api.worldbank.org/v2/country/POL;WLD;USA;CHN;DEU;IND;KOR;JPN;GBR;FRA;BRA;EST/indicator/IT.NET.USER.ZS?format=json&per_page=1000,2026-09-28T17:23:18.506Z,{}
IT.NET.USER.ZS,IT.NET.USER.ZS--deu,Niemcy,DEU,Individuals using the Internet (% of population),1987-12-31,1987,year,1987-01-01,,% populacji,annual,observed,https://api.worldbank.org/v2/country/POL;WLD;USA;CHN;DEU;IND;KOR;JPN;GBR;FRA;BRA;EST/indicator/IT.NET.USER.ZS?format=json&per_page=1000,2026-09-28T17:23:18.506Z,{}
IT.NET.USER.ZS,IT.NET.USER.ZS--est,Estonia,EST,Individuals using the Internet (% of population),1987-12-31,1987,year,1987-01-01,,% populacji,annual,observed,https://api.worldbank.org/v2/country/POL;WLD;USA;CHN;DEU;IND;KOR;JPN;GBR;FRA;BRA;EST/indicator/IT.NET.USER.ZS?format=json&per_page=1000,2026-09-28T17:23:18.506Z,{}
IT.NET.USER.ZS,IT.NET.USER.ZS--fra,Francja,FRA,Individuals using the Internet (% of population),1987-12-31,1987,year,1987-01-01,,% populacji,annual,observed,https://api.worldbank.org/v2/country/POL;WLD;USA;CHN;DEU;IND;KOR;JPN;GBR;FRA;BRA;EST/indicator/IT.NET.USER.ZS?format=json&per_page=1000,2026-09-28T17:23:18.506Z,{}
IT.NET.USER.ZS,IT.NET.USER.ZS--gbr,Wielka Brytania,GBR,Individuals using the Internet (% of population),1987-12-31,1987,year,1987-01-01,,% populacji,annual,observed,https://api.worldbank.org/v2/country/POL;WLD;USA;CHN;DEU;IND;KOR;JPN;GBR;FRA;BRA;EST/indicator/IT.NET.USER.ZS?format=json&per_page=1000,2026-09-28T17:23:18.506Z,{}
IT.NET.USER.ZS,IT.NET.USER.ZS--ind,Indie,IND,Individuals using the Internet (% of population),1987-12-31,1987,year,1987-01-01,,% populacji,annual,observed,https://api.worldbank.org/v2/country/POL;WLD;USA;CHN;DEU;IND;KOR;JPN;GBR;FRA;BRA;EST/indicator/IT.NET.USER.ZS?format=json&per_page=1000,2026-09-28T17:23:18.506Z,{}
IT.NET.USER.ZS,IT.NET.USER.ZS--jpn,Japonia,JPN,Individuals using the Internet (% of population),1987-12-31,1987,year,1987-01-01,,% populacji,annual,observed,https://api.worldbank.org/v2/country/POL;WLD;USA;CHN;DEU;IND;KOR;JPN;GBR;FRA;BRA;EST/indicator/IT.NET.USER.ZS?format=json&per_page=1000,2026-09-28T17:23:18.506Z,{}
IT.NET.USER.ZS,IT.NET.USER.ZS--kor,Korea Płd.,KOR,Individuals using the Internet (% of population),1987-12-31,1987,year,1987-01-01,,% populacji,annual,observed,https://api.worldbank.org/v2/country/POL;WLD;USA;CHN;DEU;IND;KOR;JPN;GBR;FRA;BRA;EST/indicator/IT.NET.USER.ZS?format=json&per_page=1000,2026-09-28T17:23:18.506Z,{}
IT.NET.USER.ZS,IT.NET.USER.ZS--pol,Polska,POL,Individuals using the Internet (% of population),1987-12-31,1987,year,1987-01-01,,% populacji,annual,observed,https://api.worldbank.org/v2/country/POL;WLD;USA;CHN;DEU;IND;KOR;JPN;GBR;FRA;BRA;EST/indicator/IT.NET.USER.ZS?format=json&per_page=1000,2026-09-28T17:23:18.506Z,{}
IT.NET.USER.ZS,IT.NET.USER.ZS--usa,USA,USA,Individuals using the Internet (% of population),1987-12-31,1987,year,1987-01-01,,% populacji,annual,observed,https://api.worldbank.org/v2/country/POL;WLD;USA;CHN;DEU;IND;KOR;JPN;GBR;FRA;BRA;EST/indicator/IT.NET.USER.ZS?format=json&per_page=1000,2026-09-28T17:23:18.506Z,{}
IT.NET.USER.ZS,IT.NET.USER.ZS--wld,Świat,WLD,Individuals using the Internet (% of population),1987-12-31,1987,year,1987-01-01,,% populacji,annual,observed,https://api.worldbank.org/v2/country/POL;WLD;USA;CHN;DEU;IND;KOR;JPN;GBR;FRA;BRA;EST/indicator/IT.NET.USER.ZS?format=json&per_page=1000,2026-09-28T17:23:18.506Z,{}
IT.NET.USER.ZS,IT.NET.USER.ZS--bra,Brazylia,BRA,Individuals using the Internet (% of population),1988-12-31,1988,year,1988-01-01,,% populacji,annual,observed,https://api.worldbank.org/v2/country/POL;WLD;USA;CHN;DEU;IND;KOR;JPN;GBR;FRA;BRA;EST/indicator/IT.NET.USER.ZS?format=json&per_page=1000,2026-09-28T17:23:18.506Z,{}
IT.NET.USER.ZS,IT.NET.USER.ZS--chn,Chiny,CHN,Individuals using the Internet (% of population),1988-12-31,1988,year,1988-01-01,,% populacji,annual,observed,https://api.worldbank.org/v2/country/POL;WLD;USA;CHN;DEU;IND;KOR;JPN;GBR;FRA;BRA;EST/indicator/IT.NET.USER.ZS?format=json&per_page=1000,2026-09-28T17:23:18.506Z,{}
IT.NET.USER.ZS,IT.NET.USER.ZS--deu,Niemcy,DEU,Individuals using the Internet (% of population),1988-12-31,1988,year,1988-01-01,,% populacji,annual,observed,https://api.worldbank.org/v2/country/POL;WLD;USA;CHN;DEU;IND;KOR;JPN;GBR;FRA;BRA;EST/indicator/IT.NET.USER.ZS?format=json&per_page=1000,2026-09-28T17:23:18.506Z,{}
IT.NET.USER.ZS,IT.NET.USER.ZS--est,Estonia,EST,Individuals using the Internet (% of population),1988-12-31,1988,year,1988-01-01,,% populacji,annual,observed,https://api.worldbank.org/v2/country/POL;WLD;USA;CHN;DEU;IND;KOR;JPN;GBR;FRA;BRA;EST/indicator/IT.NET.USER.ZS?format=json&per_page=1000,2026-09-28T17:23:18.506Z,{}
IT.NET.USER.ZS,IT.NET.USER.ZS--fra,Francja,FRA,Individuals using the Internet (% of population),1988-12-31,1988,year,1988-01-01,,% populacji,annual,observed,https://api.worldbank.org/v2/country/POL;WLD;USA;CHN;DEU;IND;KOR;JPN;GBR;FRA;BRA;EST/indicator/IT.NET.USER.ZS?format=json&per_page=1000,2026-09-28T17:23:18.506Z,{}
IT.NET.USER.ZS,IT.NET.USER.ZS--gbr,Wielka Brytania,GBR,Individuals using the Internet (% of population),1988-12-31,1988,year,1988-01-01,,% populacji,annual,observed,https://api.worldbank.org/v2/country/POL;WLD;USA;CHN;DEU;IND;KOR;JPN;GBR;FRA;BRA;EST/indicator/IT.NET.USER.ZS?format=json&per_page=1000,2026-09-28T17:23:18.506Z,{}
IT.NET.USER.ZS,IT.NET.USER.ZS--ind,Indie,IND,Individuals using the Internet (% of population),1988-12-31,1988,year,1988-01-01,,% populacji,annual,observed,https://api.worldbank.org/v2/country/POL;WLD;USA;CHN;DEU;IND;KOR;JPN;GBR;FRA;BRA;EST/indicator/IT.NET.USER.ZS?format=json&per_page=1000,2026-09-28T17:23:18.506Z,{}
IT.NET.USER.ZS,IT.NET.USER.ZS--jpn,Japonia,JPN,Individuals using the Internet (% of population),1988-12-31,1988,year,1988-01-01,,% populacji,annual,observed,https://api.worldbank.org/v2/country/POL;WLD;USA;CHN;DEU;IND;KOR;JPN;GBR;FRA;BRA;EST/indicator/IT.NET.USER.ZS?format=json&per_page=1000,2026-09-28T17:23:18.506Z,{}
IT.NET.USER.ZS,IT.NET.USER.ZS--kor,Korea Płd.,KOR,Individuals using the Internet (% of population),1988-12-31,1988,year,1988-01-01,,% populacji,annual,observed,https://api.worldbank.org/v2/country/POL;WLD;USA;CHN;DEU;IND;KOR;JPN;GBR;FRA;BRA;EST/indicator/IT.NET.USER.ZS?format=json&per_page=1000,2026-09-28T17:23:18.506Z,{}
IT.NET.USER.ZS,IT.NET.USER.ZS--pol,Polska,POL,Individuals using the Internet (% of population),1988-12-31,1988,year,1988-01-01,,% populacji,annual,observed,https://api.worldbank.org/v2/country/POL;WLD;USA;CHN;DEU;IND;KOR;JPN;GBR;FRA;BRA;EST/indicator/IT.NET.USER.ZS?format=json&per_page=1000,2026-09-28T17:23:18.506Z,{}
IT.NET.USER.ZS,IT.NET.USER.ZS--usa,USA,USA,Individuals using the Internet (% of population),1988-12-31,1988,year,1988-01-01,,% populacji,annual,observed,https://api.worldbank.org/v2/country/POL;WLD;USA;CHN;DEU;IND;KOR;JPN;GBR;FRA;BRA;EST/indicator/IT.NET.USER.ZS?format=json&per_page=1000,2026-09-28T17:23:18.506Z,{}
IT.NET.USER.ZS,IT.NET.USER.ZS--wld,Świat,WLD,Individuals using the Internet (% of population),1988-12-31,1988,year,1988-01-01,,% populacji,annual,observed,https://api.worldbank.org/v2/country/POL;WLD;USA;CHN;DEU;IND;KOR;JPN;GBR;FRA;BRA;EST/indicator/IT.NET.USER.ZS?format=json&per_page=1000,2026-09-28T17:23:18.506Z,{}
IT.NET.USER.ZS,IT.NET.USER.ZS--bra,Brazylia,BRA,Individuals using the Internet (% of population),1989-12-31,1989,year,1989-01-01,,% populacji,annual,observed,https://api.worldbank.org/v2/country/POL;WLD;USA;CHN;DEU;IND;KOR;JPN;GBR;FRA;BRA;EST/indicator/IT.NET.USER.ZS?format=json&per_page=1000,2026-09-28T17:23:18.506Z,{}
IT.NET.USER.ZS,IT.NET.USER.ZS--chn,Chiny,CHN,Individuals using the Internet (% of population),1989-12-31,1989,year,1989-01-01,,% populacji,annual,observed,https://api.worldbank.org/v2/country/POL;WLD;USA;CHN;DEU;IND;KOR;JPN;GBR;FRA;BRA;EST/indicator/IT.NET.USER.ZS?format=json&per_page=1000,2026-09-28T17:23:18.506Z,{}
IT.NET.USER.ZS,IT.NET.USER.ZS--deu,Niemcy,DEU,Individuals using the Internet (% of population),1989-12-31,1989,year,1989-01-01,,% populacji,annual,observed,https://api.worldbank.org/v2/country/POL;WLD;USA;CHN;DEU;IND;KOR;JPN;GBR;FRA;BRA;EST/indicator/IT.NET.USER.ZS?format=json&per_page=1000,2026-09-28T17:23:18.506Z,{}
IT.NET.USER.ZS,IT.NET.USER.ZS--est,Estonia,EST,Individuals using the Internet (% of population),1989-12-31,1989,year,1989-01-01,,% populacji,annual,observed,https://api.worldbank.org/v2/country/POL;WLD;USA;CHN;DEU;IND;KOR;JPN;GBR;FRA;BRA;EST/indicator/IT.NET.USER.ZS?format=json&per_page=1000,2026-09-28T17:23:18.506Z,{}
IT.NET.USER.ZS,IT.NET.USER.ZS--fra,Francja,FRA,Individuals using the Internet (% of population),1989-12-31,1989,year,1989-01-01,,% populacji,annual,observed,https://api.worldbank.org/v2/country/POL;WLD;USA;CHN;DEU;IND;KOR;JPN;GBR;FRA;BRA;EST/indicator/IT.NET.USER.ZS?format=json&per_page=1000,2026-09-28T17:23:18.506Z,{}
IT.NET.USER.ZS,IT.NET.USER.ZS--gbr,Wielka Brytania,GBR,Individuals using the Internet (% of population),1989-12-31,1989,year,1989-01-01,,% populacji,annual,observed,https://api.worldbank.org/v2/country/POL;WLD;USA;CHN;DEU;IND;KOR;JPN;GBR;FRA;BRA;EST/indicator/IT.NET.USER.ZS?format=json&per_page=1000,2026-09-28T17:23:18.506Z,{}
IT.NET.USER.ZS,IT.NET.USER.ZS--ind,Indie,IND,Individuals using the Internet (% of population),1989-12-31,1989,year,1989-01-01,,% populacji,annual,observed,https://api.worldbank.org/v2/country/POL;WLD;USA;CHN;DEU;IND;KOR;JPN;GBR;FRA;BRA;EST/indicator/IT.NET.USER.ZS?format=json&per_page=1000,2026-09-28T17:23:18.506Z,{}
IT.NET.USER.ZS,IT.NET.USER.ZS--jpn,Japonia,JPN,Individuals using the Internet (% of population),1989-12-31,1989,year,1989-01-01,,% populacji,annual,observed,https://api.worldbank.org/v2/country/POL;WLD;USA;CHN;DEU;IND;KOR;JPN;GBR;FRA;BRA;EST/indicator/IT.NET.USER.ZS?format=json&per_page=1000,2026-09-28T17:23:18.506Z,{}
IT.NET.USER.ZS,IT.NET.USER.ZS--kor,Korea Płd.,KOR,Individuals using the Internet (% of population),1989-12-31,1989,year,1989-01-01,,% populacji,annual,observed,https://api.worldbank.org/v2/country/POL;WLD;USA;CHN;DEU;IND;KOR;JPN;GBR;FRA;BRA;EST/indicator/IT.NET.USER.ZS?format=json&per_page=1000,2026-09-28T17:23:18.506Z,{}
IT.NET.USER.ZS,IT.NET.USER.ZS--pol,Polska,POL,Individuals using the Internet (% of population),1989-12-31,1989,year,1989-01-01,,% populacji,annual,observed,https://api.worldbank.org/v2/country/POL;WLD;USA;CHN;DEU;IND;KOR;JPN;GBR;FRA;BRA;EST/indicator/IT.NET.USER.ZS?format=json&per_page=1000,2026-09-28T17:23:18.506Z,{}
IT.NET.USER.ZS,IT.NET.USER.ZS--usa,USA,USA,Individuals using the Internet (% of population),1989-12-31,1989,year,1989-01-01,,% populacji,annual,observed,https://api.worldbank.org/v2/country/POL;WLD;USA;CHN;DEU;IND;KOR;JPN;GBR;FRA;BRA;EST/indicator/IT.NET.USER.ZS?format=json&per_page=1000,2026-09-28T17:23:18.506Z,{}
IT.NET.USER.ZS,IT.NET.USER.ZS--wld,Świat,WLD,Individuals using the Internet (% of population),1989-12-31,1989,year,1989-01-01,,% populacji,annual,observed,https://api.worldbank.org/v2/country/POL;WLD;USA;CHN;DEU;IND;KOR;JPN;GBR;FRA;BRA;EST/indicator/IT.NET.USER.ZS?format=json&per_page=1000,2026-09-28T17:23:18.506Z,{}
IT.NET.USER.ZS,IT.NET.USER.ZS--bra,Brazylia,BRA,Individuals using the Internet (% of population),1990-12-31,1990,year,1990-01-01,0,% populacji,annual,observed,https://api.worldbank.org/v2/country/POL;WLD;USA;CHN;DEU;IND;KOR;JPN;GBR;FRA;BRA;EST/indicator/IT.NET.USER.ZS?format=json&per_page=1000,2026-09-28T17:23:18.506Z,{}
IT.NET.USER.ZS,IT.NET.USER.ZS--chn,Chiny,CHN,Individuals using the Internet (% of population),1990-12-31,1990,year,1990-01-01,0,% populacji,annual,observed,https://api.worldbank.org/v2/country/POL;WLD;USA;CHN;DEU;IND;KOR;JPN;GBR;FRA;BRA;EST/indicator/IT.NET.USER.ZS?format=json&per_page=1000,2026-09-28T17:23:18.506Z,{}
IT.NET.USER.ZS,IT.NET.USER.ZS--deu,Niemcy,DEU,Individuals using the Internet (% of population),1990-12-31,1990,year,1990-01-01,0.126,% populacji,annual,observed,https://api.worldbank.org/v2/country/POL;WLD;USA;CHN;DEU;IND;KOR;JPN;GBR;FRA;BRA;EST/indicator/IT.NET.USER.ZS?format=json&per_page=1000,2026-09-28T17:23:18.506Z,{}
IT.NET.USER.ZS,IT.NET.USER.ZS--est,Estonia,EST,Individuals using the Internet (% of population),1990-12-31,1990,year,1990-01-01,0,% populacji,annual,observed,https://api.worldbank.org/v2/country/POL;WLD;USA;CHN;DEU;IND;KOR;JPN;GBR;FRA;BRA;EST/indicator/IT.NET.USER.ZS?format=json&per_page=1000,2026-09-28T17:23:18.506Z,{}
IT.NET.USER.ZS,IT.NET.USER.ZS--fra,Francja,FRA,Individuals using the Internet (% of population),1990-12-31,1990,year,1990-01-01,0.0528,% populacji,annual,observed,https://api.worldbank.org/v2/country/POL;WLD;USA;CHN;DEU;IND;KOR;JPN;GBR;FRA;BRA;EST/indicator/IT.NET.USER.ZS?format=json&per_page=1000,2026-09-28T17:23:18.506Z,{}
IT.NET.USER.ZS,IT.NET.USER.ZS--gbr,Wielka Brytania,GBR,Individuals using the Internet (% of population),1990-12-31,1990,year,1990-01-01,0.0874,% populacji,annual,observed,https://api.worldbank.org/v2/country/POL;WLD;USA;CHN;DEU;IND;KOR;JPN;GBR;FRA;BRA;EST/indicator/IT.NET.USER.ZS?format=json&per_page=1000,2026-09-28T17:23:18.506Z,{}
IT.NET.USER.ZS,IT.NET.USER.ZS--ind,Indie,IND,Individuals using the Internet (% of population),1990-12-31,1990,year,1990-01-01,0,% populacji,annual,observed,https://api.worldbank.org/v2/country/POL;WLD;USA;CHN;DEU;IND;KOR;JPN;GBR;FRA;BRA;EST/indicator/IT.NET.USER.ZS?format=json&per_page=1000,2026-09-28T17:23:18.506Z,{}
IT.NET.USER.ZS,IT.NET.USER.ZS--jpn,Japonia,JPN,Individuals using the Internet (% of population),1990-12-31,1990,year,1990-01-01,0.0203,% populacji,annual,observed,https://api.worldbank.org/v2/country/POL;WLD;USA;CHN;DEU;IND;KOR;JPN;GBR;FRA;BRA;EST/indicator/IT.NET.USER.ZS?format=json&per_page=1000,2026-09-28T17:23:18.506Z,{}
IT.NET.USER.ZS,IT.NET.USER.ZS--kor,Korea Płd.,KOR,Individuals using the Internet (% of population),1990-12-31,1990,year,1990-01-01,0.0233,% populacji,annual,observed,https://api.worldbank.org/v2/country/POL;WLD;USA;CHN;DEU;IND;KOR;JPN;GBR;FRA;BRA;EST/indicator/IT.NET.USER.ZS?format=json&per_page=1000,2026-09-28T17:23:18.506Z,{}
IT.NET.USER.ZS,IT.NET.USER.ZS--pol,Polska,POL,Individuals using the Internet (% of population),1990-12-31,1990,year,1990-01-01,0,% populacji,annual,observed,https://api.worldbank.org/v2/country/POL;WLD;USA;CHN;DEU;IND;KOR;JPN;GBR;FRA;BRA;EST/indicator/IT.NET.USER.ZS?format=json&per_page=1000,2026-09-28T17:23:18.506Z,{}
IT.NET.USER.ZS,IT.NET.USER.ZS--usa,USA,USA,Individuals using the Internet (% of population),1990-12-31,1990,year,1990-01-01,0.785,% populacji,annual,observed,https://api.worldbank.org/v2/country/POL;WLD;USA;CHN;DEU;IND;KOR;JPN;GBR;FRA;BRA;EST/indicator/IT.NET.USER.ZS?format=json&per_page=1000,2026-09-28T17:23:18.506Z,{}
IT.NET.USER.ZS,IT.NET.USER.ZS--wld,Świat,WLD,Individuals using the Internet (% of population),1990-12-31,1990,year,1990-01-01,,% populacji,annual,observed,https://api.worldbank.org/v2/country/POL;WLD;USA;CHN;DEU;IND;KOR;JPN;GBR;FRA;BRA;EST/indicator/IT.NET.USER.ZS?format=json&per_page=1000,2026-09-28T17:23:18.506Z,{}
IT.NET.USER.ZS,IT.NET.USER.ZS--bra,Brazylia,BRA,Individuals using the Internet (% of population),1991-12-31,1991,year,1991-01-01,0.00329,% populacji,annual,observed,https://api.worldbank.org/v2/country/POL;WLD;USA;CHN;DEU;IND;KOR;JPN;GBR;FRA;BRA;EST/indicator/IT.NET.USER.ZS?format=json&per_page=1000,2026-09-28T17:23:18.506Z,{}
IT.NET.USER.ZS,IT.NET.USER.ZS--chn,Chiny,CHN,Individuals using the Internet (% of population),1991-12-31,1991,year,1991-01-01,,% populacji,annual,observed,https://api.worldbank.org/v2/country/POL;WLD;USA;CHN;DEU;IND;KOR;JPN;GBR;FRA;BRA;EST/indicator/IT.NET.USER.ZS?format=json&per_page=1000,2026-09-28T17:23:18.506Z,{}
IT.NET.USER.ZS,IT.NET.USER.ZS--deu,Niemcy,DEU,Individuals using the Internet (% of population),1991-12-31,1991,year,1991-01-01,0.25,% populacji,annual,observed,https://api.worldbank.org/v2/country/POL;WLD;USA;CHN;DEU;IND;KOR;JPN;GBR;FRA;BRA;EST/indicator/IT.NET.USER.ZS?format=json&per_page=1000,2026-09-28T17:23:18.506Z,{}
IT.NET.USER.ZS,IT.NET.USER.ZS--est,Estonia,EST,Individuals using the Internet (% of population),1991-12-31,1991,year,1991-01-01,,% populacji,annual,observed,https://api.worldbank.org/v2/country/POL;WLD;USA;CHN;DEU;IND;KOR;JPN;GBR;FRA;BRA;EST/indicator/IT.NET.USER.ZS?format=json&per_page=1000,2026-09-28T17:23:18.506Z,{}
IT.NET.USER.ZS,IT.NET.USER.ZS--fra,Francja,FRA,Individuals using the Internet (% of population),1991-12-31,1991,year,1991-01-01,0.14,% populacji,annual,observed,https://api.worldbank.org/v2/country/POL;WLD;USA;CHN;DEU;IND;KOR;JPN;GBR;FRA;BRA;EST/indicator/IT.NET.USER.ZS?format=json&per_page=1000,2026-09-28T17:23:18.506Z,{}
IT.NET.USER.ZS,IT.NET.USER.ZS--gbr,Wielka Brytania,GBR,Individuals using the Internet (% of population),1991-12-31,1991,year,1991-01-01,0.174,% populacji,annual,observed,https://api.worldbank.org/v2/country/POL;WLD;USA;CHN;DEU;IND;KOR;JPN;GBR;FRA;BRA;EST/indicator/IT.NET.USER.ZS?format=json&per_page=1000,2026-09-28T17:23:18.506Z,{}
IT.NET.USER.ZS,IT.NET.USER.ZS--ind,Indie,IND,Individuals using the Internet (% of population),1991-12-31,1991,year,1991-01-01,,% populacji,annual,observed,https://api.worldbank.org/v2/country/POL;WLD;USA;CHN;DEU;IND;KOR;JPN;GBR;FRA;BRA;EST/indicator/IT.NET.USER.ZS?format=json&per_page=1000,2026-09-28T17:23:18.506Z,{}
IT.NET.USER.ZS,IT.NET.USER.ZS--jpn,Japonia,JPN,Individuals using the Internet (% of population),1991-12-31,1991,year,1991-01-01,0.0404,% populacji,annual,observed,https://api.worldbank.org/v2/country/POL;WLD;USA;CHN;DEU;IND;KOR;JPN;GBR;FRA;BRA;EST/indicator/IT.NET.USER.ZS?format=json&per_page=1000,2026-09-28T17:23:18.506Z,{}
IT.NET.USER.ZS,IT.NET.USER.ZS--kor,Korea Płd.,KOR,Individuals using the Internet (% of population),1991-12-31,1991,year,1991-01-01,0.0461,% populacji,annual,observed,https://api.worldbank.org/v2/country/POL;WLD;USA;CHN;DEU;IND;KOR;JPN;GBR;FRA;BRA;EST/indicator/IT.NET.USER.ZS?format=json&per_page=1000,2026-09-28T17:23:18.506Z,{}
IT.NET.USER.ZS,IT.NET.USER.ZS--pol,Polska,POL,Individuals using the Internet (% of population),1991-12-31,1991,year,1991-01-01,0.00523,% populacji,annual,observed,https://api.worldbank.org/v2/country/POL;WLD;USA;CHN;DEU;IND;KOR;JPN;GBR;FRA;BRA;EST/indicator/IT.NET.USER.ZS?format=json&per_page=1000,2026-09-28T17:23:18.506Z,{}
IT.NET.USER.ZS,IT.NET.USER.ZS--usa,USA,USA,Individuals using the Internet (% of population),1991-12-31,1991,year,1991-01-01,1.16,% populacji,annual,observed,https://api.worldbank.org/v2/country/POL;WLD;USA;CHN;DEU;IND;KOR;JPN;GBR;FRA;BRA;EST/indicator/IT.NET.USER.ZS?format=json&per_page=1000,2026-09-28T17:23:18.506Z,{}
IT.NET.USER.ZS,IT.NET.USER.ZS--wld,Świat,WLD,Individuals using the Internet (% of population),1991-12-31,1991,year,1991-01-01,,% populacji,annual,observed,https://api.worldbank.org/v2/country/POL;WLD;USA;CHN;DEU;IND;KOR;JPN;GBR;FRA;BRA;EST/indicator/IT.NET.USER.ZS?format=json&per_page=1000,2026-09-28T17:23:18.506Z,{}
IT.NET.USER.ZS,IT.NET.USER.ZS--bra,Brazylia,BRA,Individuals using the Internet (% of population),1992-12-31,1992,year,1992-01-01,0.0129,% populacji,annual,observed,https://api.worldbank.org/v2/country/POL;WLD;USA;CHN;DEU;IND;KOR;JPN;GBR;FRA;BRA;EST/indicator/IT.NET.USER.ZS?format=json&per_page=1000,2026-09-28T17:23:18.506Z,{}
IT.NET.USER.ZS,IT.NET.USER.ZS--chn,Chiny,CHN,Individuals using the Internet (% of population),1992-12-31,1992,year,1992-01-01,,% populacji,annual,observed,https://api.worldbank.org/v2/country/POL;WLD;USA;CHN;DEU;IND;KOR;JPN;GBR;FRA;BRA;EST/indicator/IT.NET.USER.ZS?format=json&per_page=1000,2026-09-28T17:23:18.506Z,{}
IT.NET.USER.ZS,IT.NET.USER.ZS--deu,Niemcy,DEU,Individuals using the Internet (% of population),1992-12-31,1992,year,1992-01-01,0.435,% populacji,annual,observed,https://api.worldbank.org/v2/country/POL;WLD;USA;CHN;DEU;IND;KOR;JPN;GBR;FRA;BRA;EST/indicator/IT.NET.USER.ZS?format=json&per_page=1000,2026-09-28T17:23:18.506Z,{}
IT.NET.USER.ZS,IT.NET.USER.ZS--est,Estonia,EST,Individuals using the Internet (% of population),1992-12-31,1992,year,1992-01-01,0.0655,% populacji,annual,observed,https://api.worldbank.org/v2/country/POL;WLD;USA;CHN;DEU;IND;KOR;JPN;GBR;FRA;BRA;EST/indicator/IT.NET.USER.ZS?format=json&per_page=1000,2026-09-28T17:23:18.506Z,{}
IT.NET.USER.ZS,IT.NET.USER.ZS--fra,Francja,FRA,Individuals using the Internet (% of population),1992-12-31,1992,year,1992-01-01,0.279,% populacji,annual,observed,https://api.worldbank.org/v2/country/POL;WLD;USA;CHN;DEU;IND;KOR;JPN;GBR;FRA;BRA;EST/indicator/IT.NET.USER.ZS?format=json&per_page=1000,2026-09-28T17:23:18.506Z,{}
IT.NET.USER.ZS,IT.NET.USER.ZS--gbr,Wielka Brytania,GBR,Individuals using the Internet (% of population),1992-12-31,1992,year,1992-01-01,0.261,% populacji,annual,observed,https://api.worldbank.org/v2/country/POL;WLD;USA;CHN;DEU;IND;KOR;JPN;GBR;FRA;BRA;EST/indicator/IT.NET.USER.ZS?format=json&per_page=1000,2026-09-28T17:23:18.506Z,{}
IT.NET.USER.ZS,IT.NET.USER.ZS--ind,Indie,IND,Individuals using the Internet (% of population),1992-12-31,1992,year,1992-01-01,0.000111,% populacji,annual,observed,https://api.worldbank.org/v2/country/POL;WLD;USA;CHN;DEU;IND;KOR;JPN;GBR;FRA;BRA;EST/indicator/IT.NET.USER.ZS?format=json&per_page=1000,2026-09-28T17:23:18.506Z,{}
IT.NET.USER.ZS,IT.NET.USER.ZS--jpn,Japonia,JPN,Individuals using the Internet (% of population),1992-12-31,1992,year,1992-01-01,0.0967,% populacji,annual,observed,https://api.worldbank.org/v2/country/POL;WLD;USA;CHN;DEU;IND;KOR;JPN;GBR;FRA;BRA;EST/indicator/IT.NET.USER.ZS?format=json&per_page=1000,2026-09-28T17:23:18.506Z,{}
IT.NET.USER.ZS,IT.NET.USER.ZS--kor,Korea Płd.,KOR,Individuals using the Internet (% of population),1992-12-31,1992,year,1992-01-01,0.0984,% populacji,annual,observed,https://api.worldbank.org/v2/country/POL;WLD;USA;CHN;DEU;IND;KOR;JPN;GBR;FRA;BRA;EST/indicator/IT.NET.USER.ZS?format=json&per_page=1000,2026-09-28T17:23:18.506Z,{}
IT.NET.USER.ZS,IT.NET.USER.ZS--pol,Polska,POL,Individuals using the Internet (% of population),1992-12-31,1992,year,1992-01-01,0.0521,% populacji,annual,observed,https://api.worldbank.org/v2/country/POL;WLD;USA;CHN;DEU;IND;KOR;JPN;GBR;FRA;BRA;EST/indicator/IT.NET.USER.ZS?format=json&per_page=1000,2026-09-28T17:23:18.506Z,{}
IT.NET.USER.ZS,IT.NET.USER.ZS--usa,USA,USA,Individuals using the Internet (% of population),1992-12-31,1992,year,1992-01-01,1.72,% populacji,annual,observed,https://api.worldbank.org/v2/country/POL;WLD;USA;CHN;DEU;IND;KOR;JPN;GBR;FRA;BRA;EST/indicator/IT.NET.USER.ZS?format=json&per_page=1000,2026-09-28T17:23:18.506Z,{}
IT.NET.USER.ZS,IT.NET.USER.ZS--wld,Świat,WLD,Individuals using the Internet (% of population),1992-12-31,1992,year,1992-01-01,,% populacji,annual,observed,https://api.worldbank.org/v2/country/POL;WLD;USA;CHN;DEU;IND;KOR;JPN;GBR;FRA;BRA;EST/indicator/IT.NET.USER.ZS?format=json&per_page=1000,2026-09-28T17:23:18.506Z,{}
IT.NET.USER.ZS,IT.NET.USER.ZS--bra,Brazylia,BRA,Individuals using the Internet (% of population),1993-12-31,1993,year,1993-01-01,0.0255,% populacji,annual,observed,https://api.worldbank.org/v2/country/POL;WLD;USA;CHN;DEU;IND;KOR;JPN;GBR;FRA;BRA;EST/indicator/IT.NET.USER.ZS?format=json&per_page=1000,2026-09-28T17:23:18.506Z,{}
IT.NET.USER.ZS,IT.NET.USER.ZS--chn,Chiny,CHN,Individuals using the Internet (% of population),1993-12-31,1993,year,1993-01-01,0.000169,% populacji,annual,observed,https://api.worldbank.org/v2/country/POL;WLD;USA;CHN;DEU;IND;KOR;JPN;GBR;FRA;BRA;EST/indicator/IT.NET.USER.ZS?format=json&per_page=1000,2026-09-28T17:23:18.506Z,{}
IT.NET.USER.ZS,IT.NET.USER.ZS--deu,Niemcy,DEU,Individuals using the Internet (% of population),1993-12-31,1993,year,1993-01-01,0.464,% populacji,annual,observed,https://api.worldbank.org/v2/country/POL;WLD;USA;CHN;DEU;IND;KOR;JPN;GBR;FRA;BRA;EST/indicator/IT.NET.USER.ZS?format=json&per_page=1000,2026-09-28T17:23:18.506Z,{}
IT.NET.USER.ZS,IT.NET.USER.ZS--est,Estonia,EST,Individuals using the Internet (% of population),1993-12-31,1993,year,1993-01-01,0.301,% populacji,annual,observed,https://api.worldbank.org/v2/country/POL;WLD;USA;CHN;DEU;IND;KOR;JPN;GBR;FRA;BRA;EST/indicator/IT.NET.USER.ZS?format=json&per_page=1000,2026-09-28T17:23:18.506Z,{}
IT.NET.USER.ZS,IT.NET.USER.ZS--fra,Francja,FRA,Individuals using the Internet (% of population),1993-12-31,1993,year,1993-01-01,0.591,% populacji,annual,observed,https://api.worldbank.org/v2/country/POL;WLD;USA;CHN;DEU;IND;KOR;JPN;GBR;FRA;BRA;EST/indicator/IT.NET.USER.ZS?format=json&per_page=1000,2026-09-28T17:23:18.506Z,{}
IT.NET.USER.ZS,IT.NET.USER.ZS--gbr,Wielka Brytania,GBR,Individuals using the Internet (% of population),1993-12-31,1993,year,1993-01-01,0.52,% populacji,annual,observed,https://api.worldbank.org/v2/country/POL;WLD;USA;CHN;DEU;IND;KOR;JPN;GBR;FRA;BRA;EST/indicator/IT.NET.USER.ZS?format=json&per_page=1000,2026-09-28T17:23:18.506Z,{}
IT.NET.USER.ZS,IT.NET.USER.ZS--ind,Indie,IND,Individuals using the Internet (% of population),1993-12-31,1993,year,1993-01-01,0.000218,% populacji,annual,observed,https://api.worldbank.org/v2/country/POL;WLD;USA;CHN;DEU;IND;KOR;JPN;GBR;FRA;BRA;EST/indicator/IT.NET.USER.ZS?format=json&per_page=1000,2026-09-28T17:23:18.506Z,{}
IT.NET.USER.ZS,IT.NET.USER.ZS--jpn,Japonia,JPN,Individuals using the Internet (% of population),1993-12-31,1993,year,1993-01-01,0.401,% populacji,annual,observed,https://api.worldbank.org/v2/country/POL;WLD;USA;CHN;DEU;IND;KOR;JPN;GBR;FRA;BRA;EST/indicator/IT.NET.USER.ZS?format=json&per_page=1000,2026-09-28T17:23:18.506Z,{}
IT.NET.USER.ZS,IT.NET.USER.ZS--kor,Korea Płd.,KOR,Individuals using the Internet (% of population),1993-12-31,1993,year,1993-01-01,0.25,% populacji,annual,observed,https://api.worldbank.org/v2/country/POL;WLD;USA;CHN;DEU;IND;KOR;JPN;GBR;FRA;BRA;EST/indicator/IT.NET.USER.ZS?format=json&per_page=1000,2026-09-28T17:23:18.506Z,{}
IT.NET.USER.ZS,IT.NET.USER.ZS--pol,Polska,POL,Individuals using the Internet (% of population),1993-12-31,1993,year,1993-01-01,0.13,% populacji,annual,observed,https://api.worldbank.org/v2/country/POL;WLD;USA;CHN;DEU;IND;KOR;JPN;GBR;FRA;BRA;EST/indicator/IT.NET.USER.ZS?format=json&per_page=1000,2026-09-28T17:23:18.506Z,{}
IT.NET.USER.ZS,IT.NET.USER.ZS--usa,USA,USA,Individuals using the Internet (% of population),1993-12-31,1993,year,1993-01-01,2.27,% populacji,annual,observed,https://api.worldbank.org/v2/country/POL;WLD;USA;CHN;DEU;IND;KOR;JPN;GBR;FRA;BRA;EST/indicator/IT.NET.USER.ZS?format=json&per_page=1000,2026-09-28T17:23:18.506Z,{}
IT.NET.USER.ZS,IT.NET.USER.ZS--wld,Świat,WLD,Individuals using the Internet (% of population),1993-12-31,1993,year,1993-01-01,,% populacji,annual,observed,https://api.worldbank.org/v2/country/POL;WLD;USA;CHN;DEU;IND;KOR;JPN;GBR;FRA;BRA;EST/indicator/IT.NET.USER.ZS?format=json&per_page=1000,2026-09-28T17:23:18.506Z,{}
IT.NET.USER.ZS,IT.NET.USER.ZS--bra,Brazylia,BRA,Individuals using the Internet (% of population),1994-12-31,1994,year,1994-01-01,0.0377,% populacji,annual,observed,https://api.worldbank.org/v2/country/POL;WLD;USA;CHN;DEU;IND;KOR;JPN;GBR;FRA;BRA;EST/indicator/IT.NET.USER.ZS?format=json&per_page=1000,2026-09-28T17:23:18.506Z,{}
IT.NET.USER.ZS,IT.NET.USER.ZS--chn,Chiny,CHN,Individuals using the Internet (% of population),1994-12-31,1994,year,1994-01-01,0.00117,% populacji,annual,observed,https://api.worldbank.org/v2/country/POL;WLD;USA;CHN;DEU;IND;KOR;JPN;GBR;FRA;BRA;EST/indicator/IT.NET.USER.ZS?format=json&per_page=1000,2026-09-28T17:23:18.506Z,{}
IT.NET.USER.ZS,IT.NET.USER.ZS--deu,Niemcy,DEU,Individuals using the Internet (% of population),1994-12-31,1994,year,1994-01-01,0.923,% populacji,annual,observed,https://api.worldbank.org/v2/country/POL;WLD;USA;CHN;DEU;IND;KOR;JPN;GBR;FRA;BRA;EST/indicator/IT.NET.USER.ZS?format=json&per_page=1000,2026-09-28T17:23:18.506Z,{}
IT.NET.USER.ZS,IT.NET.USER.ZS--est,Estonia,EST,Individuals using the Internet (% of population),1994-12-31,1994,year,1994-01-01,1.16,% populacji,annual,observed,https://api.worldbank.org/v2/country/POL;WLD;USA;CHN;DEU;IND;KOR;JPN;GBR;FRA;BRA;EST/indicator/IT.NET.USER.ZS?format=json&per_page=1000,2026-09-28T17:23:18.506Z,{}
IT.NET.USER.ZS,IT.NET.USER.ZS--fra,Francja,FRA,Individuals using the Internet (% of population),1994-12-31,1994,year,1994-01-01,0.9,% populacji,annual,observed,https://api.worldbank.org/v2/country/POL;WLD;USA;CHN;DEU;IND;KOR;JPN;GBR;FRA;BRA;EST/indicator/IT.NET.USER.ZS?format=json&per_page=1000,2026-09-28T17:23:18.506Z,{}
IT.NET.USER.ZS,IT.NET.USER.ZS--gbr,Wielka Brytania,GBR,Individuals using the Internet (% of population),1994-12-31,1994,year,1994-01-01,1.04,% populacji,annual,observed,https://api.worldbank.org/v2/country/POL;WLD;USA;CHN;DEU;IND;KOR;JPN;GBR;FRA;BRA;EST/indicator/IT.NET.USER.ZS?format=json&per_page=1000,2026-09-28T17:23:18.506Z,{}
IT.NET.USER.ZS,IT.NET.USER.ZS--ind,Indie,IND,Individuals using the Internet (% of population),1994-12-31,1994,year,1994-01-01,0.00107,% populacji,annual,observed,https://api.worldbank.org/v2/country/POL;WLD;USA;CHN;DEU;IND;KOR;JPN;GBR;FRA;BRA;EST/indicator/IT.NET.USER.ZS?format=json&per_page=1000,2026-09-28T17:23:18.506Z,{}
IT.NET.USER.ZS,IT.NET.USER.ZS--jpn,Japonia,JPN,Individuals using the Internet (% of population),1994-12-31,1994,year,1994-01-01,0.8,% populacji,annual,observed,https://api.worldbank.org/v2/country/POL;WLD;USA;CHN;DEU;IND;KOR;JPN;GBR;FRA;BRA;EST/indicator/IT.NET.USER.ZS?format=json&per_page=1000,2026-09-28T17:23:18.506Z,{}
IT.NET.USER.ZS,IT.NET.USER.ZS--kor,Korea Płd.,KOR,Individuals using the Internet (% of population),1994-12-31,1994,year,1994-01-01,0.311,% populacji,annual,observed,https://api.worldbank.org/v2/country/POL;WLD;USA;CHN;DEU;IND;KOR;JPN;GBR;FRA;BRA;EST/indicator/IT.NET.USER.ZS?format=json&per_page=1000,2026-09-28T17:23:18.506Z,{}
IT.NET.USER.ZS,IT.NET.USER.ZS--pol,Polska,POL,Individuals using the Internet (% of population),1994-12-31,1994,year,1994-01-01,0.389,% populacji,annual,observed,https://api.worldbank.org/v2/country/POL;WLD;USA;CHN;DEU;IND;KOR;JPN;GBR;FRA;BRA;EST/indicator/IT.NET.USER.ZS?format=json&per_page=1000,2026-09-28T17:23:18.506Z,{}
IT.NET.USER.ZS,IT.NET.USER.ZS--usa,USA,USA,Individuals using the Internet (% of population),1994-12-31,1994,year,1994-01-01,4.86,% populacji,annual,observed,https://api.worldbank.org/v2/country/POL;WLD;USA;CHN;DEU;IND;KOR;JPN;GBR;FRA;BRA;EST/indicator/IT.NET.USER.ZS?format=json&per_page=1000,2026-09-28T17:23:18.506Z,{}
IT.NET.USER.ZS,IT.NET.USER.ZS--wld,Świat,WLD,Individuals using the Internet (% of population),1994-12-31,1994,year,1994-01-01,,% populacji,annual,observed,https://api.worldbank.org/v2/country/POL;WLD;USA;CHN;DEU;IND;KOR;JPN;GBR;FRA;BRA;EST/indicator/IT.NET.USER.ZS?format=json&per_page=1000,2026-09-28T17:23:18.506Z,{}
IT.NET.USER.ZS,IT.NET.USER.ZS--bra,Brazylia,BRA,Individuals using the Internet (% of population),1995-12-31,1995,year,1995-01-01,0.105,% populacji,annual,observed,https://api.worldbank.org/v2/country/POL;WLD;USA;CHN;DEU;IND;KOR;JPN;GBR;FRA;BRA;EST/indicator/IT.NET.USER.ZS?format=json&per_page=1000,2026-09-28T17:23:18.506Z,{}
IT.NET.USER.ZS,IT.NET.USER.ZS--chn,Chiny,CHN,Individuals using the Internet (% of population),1995-12-31,1995,year,1995-01-01,0.00495,% populacji,annual,observed,https://api.worldbank.org/v2/country/POL;WLD;USA;CHN;DEU;IND;KOR;JPN;GBR;FRA;BRA;EST/indicator/IT.NET.USER.ZS?format=json&per_page=1000,2026-09-28T17:23:18.506Z,{}
IT.NET.USER.ZS,IT.NET.USER.ZS--deu,Niemcy,DEU,Individuals using the Internet (% of population),1995-12-31,1995,year,1995-01-01,1.84,% populacji,annual,observed,https://api.worldbank.org/v2/country/POL;WLD;USA;CHN;DEU;IND;KOR;JPN;GBR;FRA;BRA;EST/indicator/IT.NET.USER.ZS?format=json&per_page=1000,2026-09-28T17:23:18.506Z,{}
IT.NET.USER.ZS,IT.NET.USER.ZS--est,Estonia,EST,Individuals using the Internet (% of population),1995-12-31,1995,year,1995-01-01,2.78,% populacji,annual,observed,https://api.worldbank.org/v2/country/POL;WLD;USA;CHN;DEU;IND;KOR;JPN;GBR;FRA;BRA;EST/indicator/IT.NET.USER.ZS?format=json&per_page=1000,2026-09-28T17:23:18.506Z,{}
IT.NET.USER.ZS,IT.NET.USER.ZS--fra,Francja,FRA,Individuals using the Internet (% of population),1995-12-31,1995,year,1995-01-01,1.64,% populacji,annual,observed,https://api.worldbank.org/v2/country/POL;WLD;USA;CHN;DEU;IND;KOR;JPN;GBR;FRA;BRA;EST/indicator/IT.NET.USER.ZS?format=json&per_page=1000,2026-09-28T17:23:18.506Z,{}
IT.NET.USER.ZS,IT.NET.USER.ZS--gbr,Wielka Brytania,GBR,Individuals using the Internet (% of population),1995-12-31,1995,year,1995-01-01,1.9,% populacji,annual,observed,https://api.worldbank.org/v2/country/POL;WLD;USA;CHN;DEU;IND;KOR;JPN;GBR;FRA;BRA;EST/indicator/IT.NET.USER.ZS?format=json&per_page=1000,2026-09-28T17:23:18.506Z,{}
IT.NET.USER.ZS,IT.NET.USER.ZS--ind,Indie,IND,Individuals using the Internet (% of population),1995-12-31,1995,year,1995-01-01,0.0262,% populacji,annual,observed,https://api.worldbank.org/v2/country/POL;WLD;USA;CHN;DEU;IND;KOR;JPN;GBR;FRA;BRA;EST/indicator/IT.NET.USER.ZS?format=json&per_page=1000,2026-09-28T17:23:18.506Z,{}
IT.NET.USER.ZS,IT.NET.USER.ZS--jpn,Japonia,JPN,Individuals using the Internet (% of population),1995-12-31,1995,year,1995-01-01,1.59,% populacji,annual,observed,https://api.worldbank.org/v2/country/POL;WLD;USA;CHN;DEU;IND;KOR;JPN;GBR;FRA;BRA;EST/indicator/IT.NET.USER.ZS?format=json&per_page=1000,2026-09-28T17:23:18.506Z,{}
IT.NET.USER.ZS,IT.NET.USER.ZS--kor,Korea Płd.,KOR,Individuals using the Internet (% of population),1995-12-31,1995,year,1995-01-01,0.82,% populacji,annual,observed,https://api.worldbank.org/v2/country/POL;WLD;USA;CHN;DEU;IND;KOR;JPN;GBR;FRA;BRA;EST/indicator/IT.NET.USER.ZS?format=json&per_page=1000,2026-09-28T17:23:18.506Z,{}
IT.NET.USER.ZS,IT.NET.USER.ZS--pol,Polska,POL,Individuals using the Internet (% of population),1995-12-31,1995,year,1995-01-01,0.648,% populacji,annual,observed,https://api.worldbank.org/v2/country/POL;WLD;USA;CHN;DEU;IND;KOR;JPN;GBR;FRA;BRA;EST/indicator/IT.NET.USER.ZS?format=json&per_page=1000,2026-09-28T17:23:18.506Z,{}
IT.NET.USER.ZS,IT.NET.USER.ZS--usa,USA,USA,Individuals using the Internet (% of population),1995-12-31,1995,year,1995-01-01,9.24,% populacji,annual,observed,https://api.worldbank.org/v2/country/POL;WLD;USA;CHN;DEU;IND;KOR;JPN;GBR;FRA;BRA;EST/indicator/IT.NET.USER.ZS?format=json&per_page=1000,2026-09-28T17:23:18.506Z,{}
IT.NET.USER.ZS,IT.NET.USER.ZS--wld,Świat,WLD,Individuals using the Internet (% of population),1995-12-31,1995,year,1995-01-01,,% populacji,annual,observed,https://api.worldbank.org/v2/country/POL;WLD;USA;CHN;DEU;IND;KOR;JPN;GBR;FRA;BRA;EST/indicator/IT.NET.USER.ZS?format=json&per_page=1000,2026-09-28T17:23:18.506Z,{}
IT.NET.USER.ZS,IT.NET.USER.ZS--bra,Brazylia,BRA,Individuals using the Internet (% of population),1996-12-31,1996,year,1996-01-01,0.451,% populacji,annual,observed,https://api.worldbank.org/v2/country/POL;WLD;USA;CHN;DEU;IND;KOR;JPN;GBR;FRA;BRA;EST/indicator/IT.NET.USER.ZS?format=json&per_page=1000,2026-09-28T17:23:18.506Z,{}
IT.NET.USER.ZS,IT.NET.USER.ZS--chn,Chiny,CHN,Individuals using the Internet (% of population),1996-12-31,1996,year,1996-01-01,0.0131,% populacji,annual,observed,https://api.worldbank.org/v2/country/POL;WLD;USA;CHN;DEU;IND;KOR;JPN;GBR;FRA;BRA;EST/indicator/IT.NET.USER.ZS?format=json&per_page=1000,2026-09-28T17:23:18.506Z,{}
IT.NET.USER.ZS,IT.NET.USER.ZS--deu,Niemcy,DEU,Individuals using the Internet (% of population),1996-12-31,1996,year,1996-01-01,3.05,% populacji,annual,observed,https://api.worldbank.org/v2/country/POL;WLD;USA;CHN;DEU;IND;KOR;JPN;GBR;FRA;BRA;EST/indicator/IT.NET.USER.ZS?format=json&per_page=1000,2026-09-28T17:23:18.506Z,{}
IT.NET.USER.ZS,IT.NET.USER.ZS--est,Estonia,EST,Individuals using the Internet (% of population),1996-12-31,1996,year,1996-01-01,3.53,% populacji,annual,observed,https://api.worldbank.org/v2/country/POL;WLD;USA;CHN;DEU;IND;KOR;JPN;GBR;FRA;BRA;EST/indicator/IT.NET.USER.ZS?format=json&per_page=1000,2026-09-28T17:23:18.506Z,{}
IT.NET.USER.ZS,IT.NET.USER.ZS--fra,Francja,FRA,Individuals using the Internet (% of population),1996-12-31,1996,year,1996-01-01,2.58,% populacji,annual,observed,https://api.worldbank.org/v2/country/POL;WLD;USA;CHN;DEU;IND;KOR;JPN;GBR;FRA;BRA;EST/indicator/IT.NET.USER.ZS?format=json&per_page=1000,2026-09-28T17:23:18.506Z,{}
IT.NET.USER.ZS,IT.NET.USER.ZS--gbr,Wielka Brytania,GBR,Individuals using the Internet (% of population),1996-12-31,1996,year,1996-01-01,4.12,% populacji,annual,observed,https://api.worldbank.org/v2/country/POL;WLD;USA;CHN;DEU;IND;KOR;JPN;GBR;FRA;BRA;EST/indicator/IT.NET.USER.ZS?format=json&per_page=1000,2026-09-28T17:23:18.506Z,{}
IT.NET.USER.ZS,IT.NET.USER.ZS--ind,Indie,IND,Individuals using the Internet (% of population),1996-12-31,1996,year,1996-01-01,0.0463,% populacji,annual,observed,https://api.worldbank.org/v2/country/POL;WLD;USA;CHN;DEU;IND;KOR;JPN;GBR;FRA;BRA;EST/indicator/IT.NET.USER.ZS?format=json&per_page=1000,2026-09-28T17:23:18.506Z,{}
IT.NET.USER.ZS,IT.NET.USER.ZS--jpn,Japonia,JPN,Individuals using the Internet (% of population),1996-12-31,1996,year,1996-01-01,4.37,% populacji,annual,observed,https://api.worldbank.org/v2/country/POL;WLD;USA;CHN;DEU;IND;KOR;JPN;GBR;FRA;BRA;EST/indicator/IT.NET.USER.ZS?format=json&per_page=1000,2026-09-28T17:23:18.506Z,{}
IT.NET.USER.ZS,IT.NET.USER.ZS--kor,Korea Płd.,KOR,Individuals using the Internet (% of population),1996-12-31,1996,year,1996-01-01,1.62,% populacji,annual,observed,https://api.worldbank.org/v2/country/POL;WLD;USA;CHN;DEU;IND;KOR;JPN;GBR;FRA;BRA;EST/indicator/IT.NET.USER.ZS?format=json&per_page=1000,2026-09-28T17:23:18.506Z,{}
IT.NET.USER.ZS,IT.NET.USER.ZS--pol,Polska,POL,Individuals using the Internet (% of population),1996-12-31,1996,year,1996-01-01,1.3,% populacji,annual,observed,https://api.worldbank.org/v2/country/POL;WLD;USA;CHN;DEU;IND;KOR;JPN;GBR;FRA;BRA;EST/indicator/IT.NET.USER.ZS?format=json&per_page=1000,2026-09-28T17:23:18.506Z,{}
IT.NET.USER.ZS,IT.NET.USER.ZS--usa,USA,USA,Individuals using the Internet (% of population),1996-12-31,1996,year,1996-01-01,16.4,% populacji,annual,observed,https://api.worldbank.org/v2/country/POL;WLD;USA;CHN;DEU;IND;KOR;JPN;GBR;FRA;BRA;EST/indicator/IT.NET.USER.ZS?format=json&per_page=1000,2026-09-28T17:23:18.506Z,{}
IT.NET.USER.ZS,IT.NET.USER.ZS--wld,Świat,WLD,Individuals using the Internet (% of population),1996-12-31,1996,year,1996-01-01,,% populacji,annual,observed,https://api.worldbank.org/v2/country/POL;WLD;USA;CHN;DEU;IND;KOR;JPN;GBR;FRA;BRA;EST/indicator/IT.NET.USER.ZS?format=json&per_page=1000,2026-09-28T17:23:18.506Z,{}
IT.NET.USER.ZS,IT.NET.USER.ZS--bra,Brazylia,BRA,Individuals using the Internet (% of population),1997-12-31,1997,year,1997-01-01,0.786,% populacji,annual,observed,https://api.worldbank.org/v2/country/POL;WLD;USA;CHN;DEU;IND;KOR;JPN;GBR;FRA;BRA;EST/indicator/IT.NET.USER.ZS?format=json&per_page=1000,2026-09-28T17:23:18.506Z,{}
IT.NET.USER.ZS,IT.NET.USER.ZS--chn,Chiny,CHN,Individuals using the Internet (% of population),1997-12-31,1997,year,1997-01-01,0.0324,% populacji,annual,observed,https://api.worldbank.org/v2/country/POL;WLD;USA;CHN;DEU;IND;KOR;JPN;GBR;FRA;BRA;EST/indicator/IT.NET.USER.ZS?format=json&per_page=1000,2026-09-28T17:23:18.506Z,{}
IT.NET.USER.ZS,IT.NET.USER.ZS--deu,Niemcy,DEU,Individuals using the Internet (% of population),1997-12-31,1997,year,1997-01-01,6.71,% populacji,annual,observed,https://api.worldbank.org/v2/country/POL;WLD;USA;CHN;DEU;IND;KOR;JPN;GBR;FRA;BRA;EST/indicator/IT.NET.USER.ZS?format=json&per_page=1000,2026-09-28T17:23:18.506Z,{}
IT.NET.USER.ZS,IT.NET.USER.ZS--est,Estonia,EST,Individuals using the Internet (% of population),1997-12-31,1997,year,1997-01-01,5.71,% populacji,annual,observed,https://api.worldbank.org/v2/country/POL;WLD;USA;CHN;DEU;IND;KOR;JPN;GBR;FRA;BRA;EST/indicator/IT.NET.USER.ZS?format=json&per_page=1000,2026-09-28T17:23:18.506Z,{}
IT.NET.USER.ZS,IT.NET.USER.ZS--fra,Francja,FRA,Individuals using the Internet (% of population),1997-12-31,1997,year,1997-01-01,4.26,% populacji,annual,observed,https://api.worldbank.org/v2/country/POL;WLD;USA;CHN;DEU;IND;KOR;JPN;GBR;FRA;BRA;EST/indicator/IT.NET.USER.ZS?format=json&per_page=1000,2026-09-28T17:23:18.506Z,{}
IT.NET.USER.ZS,IT.NET.USER.ZS--gbr,Wielka Brytania,GBR,Individuals using the Internet (% of population),1997-12-31,1997,year,1997-01-01,7.39,% populacji,annual,observed,https://api.worldbank.org/v2/country/POL;WLD;USA;CHN;DEU;IND;KOR;JPN;GBR;FRA;BRA;EST/indicator/IT.NET.USER.ZS?format=json&per_page=1000,2026-09-28T17:23:18.506Z,{}
IT.NET.USER.ZS,IT.NET.USER.ZS--ind,Indie,IND,Individuals using the Internet (% of population),1997-12-31,1997,year,1997-01-01,0.0708,% populacji,annual,observed,https://api.worldbank.org/v2/country/POL;WLD;USA;CHN;DEU;IND;KOR;JPN;GBR;FRA;BRA;EST/indicator/IT.NET.USER.ZS?format=json&per_page=1000,2026-09-28T17:23:18.506Z,{}
IT.NET.USER.ZS,IT.NET.USER.ZS--jpn,Japonia,JPN,Individuals using the Internet (% of population),1997-12-31,1997,year,1997-01-01,9.16,% populacji,annual,observed,https://api.worldbank.org/v2/country/POL;WLD;USA;CHN;DEU;IND;KOR;JPN;GBR;FRA;BRA;EST/indicator/IT.NET.USER.ZS?format=json&per_page=1000,2026-09-28T17:23:18.506Z,{}
IT.NET.USER.ZS,IT.NET.USER.ZS--kor,Korea Płd.,KOR,Individuals using the Internet (% of population),1997-12-31,1997,year,1997-01-01,3.6,% populacji,annual,observed,https://api.worldbank.org/v2/country/POL;WLD;USA;CHN;DEU;IND;KOR;JPN;GBR;FRA;BRA;EST/indicator/IT.NET.USER.ZS?format=json&per_page=1000,2026-09-28T17:23:18.506Z,{}
IT.NET.USER.ZS,IT.NET.USER.ZS--pol,Polska,POL,Individuals using the Internet (% of population),1997-12-31,1997,year,1997-01-01,2.07,% populacji,annual,observed,https://api.worldbank.org/v2/country/POL;WLD;USA;CHN;DEU;IND;KOR;JPN;GBR;FRA;BRA;EST/indicator/IT.NET.USER.ZS?format=json&per_page=1000,2026-09-28T17:23:18.506Z,{}
IT.NET.USER.ZS,IT.NET.USER.ZS--usa,USA,USA,Individuals using the Internet (% of population),1997-12-31,1997,year,1997-01-01,21.6,% populacji,annual,observed,https://api.worldbank.org/v2/country/POL;WLD;USA;CHN;DEU;IND;KOR;JPN;GBR;FRA;BRA;EST/indicator/IT.NET.USER.ZS?format=json&per_page=1000,2026-09-28T17:23:18.506Z,{}
IT.NET.USER.ZS,IT.NET.USER.ZS--wld,Świat,WLD,Individuals using the Internet (% of population),1997-12-31,1997,year,1997-01-01,,% populacji,annual,observed,https://api.worldbank.org/v2/country/POL;WLD;USA;CHN;DEU;IND;KOR;JPN;GBR;FRA;BRA;EST/indicator/IT.NET.USER.ZS?format=json&per_page=1000,2026-09-28T17:23:18.506Z,{}
IT.NET.USER.ZS,IT.NET.USER.ZS--bra,Brazylia,BRA,Individuals using the Internet (% of population),1998-12-31,1998,year,1998-01-01,1.48,% populacji,annual,observed,https://api.worldbank.org/v2/country/POL;WLD;USA;CHN;DEU;IND;KOR;JPN;GBR;FRA;BRA;EST/indicator/IT.NET.USER.ZS?format=json&per_page=1000,2026-09-28T17:23:18.506Z,{}
IT.NET.USER.ZS,IT.NET.USER.ZS--chn,Chiny,CHN,Individuals using the Internet (% of population),1998-12-31,1998,year,1998-01-01,0.169,% populacji,annual,observed,https://api.worldbank.org/v2/country/POL;WLD;USA;CHN;DEU;IND;KOR;JPN;GBR;FRA;BRA;EST/indicator/IT.NET.USER.ZS?format=json&per_page=1000,2026-09-28T17:23:18.506Z,{}
IT.NET.USER.ZS,IT.NET.USER.ZS--deu,Niemcy,DEU,Individuals using the Internet (% of population),1998-12-31,1998,year,1998-01-01,9.88,% populacji,annual,observed,https://api.worldbank.org/v2/country/POL;WLD;USA;CHN;DEU;IND;KOR;JPN;GBR;FRA;BRA;EST/indicator/IT.NET.USER.ZS?format=json&per_page=1000,2026-09-28T17:23:18.506Z,{}
IT.NET.USER.ZS,IT.NET.USER.ZS--est,Estonia,EST,Individuals using the Internet (% of population),1998-12-31,1998,year,1998-01-01,10.8,% populacji,annual,observed,https://api.worldbank.org/v2/country/POL;WLD;USA;CHN;DEU;IND;KOR;JPN;GBR;FRA;BRA;EST/indicator/IT.NET.USER.ZS?format=json&per_page=1000,2026-09-28T17:23:18.506Z,{}
IT.NET.USER.ZS,IT.NET.USER.ZS--fra,Francja,FRA,Individuals using the Internet (% of population),1998-12-31,1998,year,1998-01-01,6.32,% populacji,annual,observed,https://api.worldbank.org/v2/country/POL;WLD;USA;CHN;DEU;IND;KOR;JPN;GBR;FRA;BRA;EST/indicator/IT.NET.USER.ZS?format=json&per_page=1000,2026-09-28T17:23:18.506Z,{}
IT.NET.USER.ZS,IT.NET.USER.ZS--gbr,Wielka Brytania,GBR,Individuals using the Internet (% of population),1998-12-31,1998,year,1998-01-01,13.7,% populacji,annual,observed,https://api.worldbank.org/v2/country/POL;WLD;USA;CHN;DEU;IND;KOR;JPN;GBR;FRA;BRA;EST/indicator/IT.NET.USER.ZS?format=json&per_page=1000,2026-09-28T17:23:18.506Z,{}
IT.NET.USER.ZS,IT.NET.USER.ZS--ind,Indie,IND,Individuals using the Internet (% of population),1998-12-31,1998,year,1998-01-01,0.139,% populacji,annual,observed,https://api.worldbank.org/v2/country/POL;WLD;USA;CHN;DEU;IND;KOR;JPN;GBR;FRA;BRA;EST/indicator/IT.NET.USER.ZS?format=json&per_page=1000,2026-09-28T17:23:18.506Z,{}
IT.NET.USER.ZS,IT.NET.USER.ZS--jpn,Japonia,JPN,Individuals using the Internet (% of population),1998-12-31,1998,year,1998-01-01,13.4,% populacji,annual,observed,https://api.worldbank.org/v2/country/POL;WLD;USA;CHN;DEU;IND;KOR;JPN;GBR;FRA;BRA;EST/indicator/IT.NET.USER.ZS?format=json&per_page=1000,2026-09-28T17:23:18.506Z,{}
IT.NET.USER.ZS,IT.NET.USER.ZS--kor,Korea Płd.,KOR,Individuals using the Internet (% of population),1998-12-31,1998,year,1998-01-01,6.78,% populacji,annual,observed,https://api.worldbank.org/v2/country/POL;WLD;USA;CHN;DEU;IND;KOR;JPN;GBR;FRA;BRA;EST/indicator/IT.NET.USER.ZS?format=json&per_page=1000,2026-09-28T17:23:18.506Z,{}
IT.NET.USER.ZS,IT.NET.USER.ZS--pol,Polska,POL,Individuals using the Internet (% of population),1998-12-31,1998,year,1998-01-01,4.1,% populacji,annual,observed,https://api.worldbank.org/v2/country/POL;WLD;USA;CHN;DEU;IND;KOR;JPN;GBR;FRA;BRA;EST/indicator/IT.NET.USER.ZS?format=json&per_page=1000,2026-09-28T17:23:18.506Z,{}
IT.NET.USER.ZS,IT.NET.USER.ZS--usa,USA,USA,Individuals using the Internet (% of population),1998-12-31,1998,year,1998-01-01,30.1,% populacji,annual,observed,https://api.worldbank.org/v2/country/POL;WLD;USA;CHN;DEU;IND;KOR;JPN;GBR;FRA;BRA;EST/indicator/IT.NET.USER.ZS?format=json&per_page=1000,2026-09-28T17:23:18.506Z,{}
IT.NET.USER.ZS,IT.NET.USER.ZS--wld,Świat,WLD,Individuals using the Internet (% of population),1998-12-31,1998,year,1998-01-01,,% populacji,annual,observed,https://api.worldbank.org/v2/country/POL;WLD;USA;CHN;DEU;IND;KOR;JPN;GBR;FRA;BRA;EST/indicator/IT.NET.USER.ZS?format=json&per_page=1000,2026-09-28T17:23:18.506Z,{}
IT.NET.USER.ZS,IT.NET.USER.ZS--bra,Brazylia,BRA,Individuals using the Internet (% of population),1999-12-31,1999,year,1999-01-01,2.04,% populacji,annual,observed,https://api.worldbank.org/v2/country/POL;WLD;USA;CHN;DEU;IND;KOR;JPN;GBR;FRA;BRA;EST/indicator/IT.NET.USER.ZS?format=json&per_page=1000,2026-09-28T17:23:18.506Z,{}
IT.NET.USER.ZS,IT.NET.USER.ZS--chn,Chiny,CHN,Individuals using the Internet (% of population),1999-12-31,1999,year,1999-01-01,0.708,% populacji,annual,observed,https://api.worldbank.org/v2/country/POL;WLD;USA;CHN;DEU;IND;KOR;JPN;GBR;FRA;BRA;EST/indicator/IT.NET.USER.ZS?format=json&per_page=1000,2026-09-28T17:23:18.506Z,{}
IT.NET.USER.ZS,IT.NET.USER.ZS--deu,Niemcy,DEU,Individuals using the Internet (% of population),1999-12-31,1999,year,1999-01-01,20.8,% populacji,annual,observed,https://api.worldbank.org/v2/country/POL;WLD;USA;CHN;DEU;IND;KOR;JPN;GBR;FRA;BRA;EST/indicator/IT.NET.USER.ZS?format=json&per_page=1000,2026-09-28T17:23:18.506Z,{}
IT.NET.USER.ZS,IT.NET.USER.ZS--est,Estonia,EST,Individuals using the Internet (% of population),1999-12-31,1999,year,1999-01-01,14.5,% populacji,annual,observed,https://api.worldbank.org/v2/country/POL;WLD;USA;CHN;DEU;IND;KOR;JPN;GBR;FRA;BRA;EST/indicator/IT.NET.USER.ZS?format=json&per_page=1000,2026-09-28T17:23:18.506Z,{}
IT.NET.USER.ZS,IT.NET.USER.ZS--fra,Francja,FRA,Individuals using the Internet (% of population),1999-12-31,1999,year,1999-01-01,9.13,% populacji,annual,observed,https://api.worldbank.org/v2/country/POL;WLD;USA;CHN;DEU;IND;KOR;JPN;GBR;FRA;BRA;EST/indicator/IT.NET.USER.ZS?format=json&per_page=1000,2026-09-28T17:23:18.506Z,{}
IT.NET.USER.ZS,IT.NET.USER.ZS--gbr,Wielka Brytania,GBR,Individuals using the Internet (% of population),1999-12-31,1999,year,1999-01-01,21.3,% populacji,annual,observed,https://api.worldbank.org/v2/country/POL;WLD;USA;CHN;DEU;IND;KOR;JPN;GBR;FRA;BRA;EST/indicator/IT.NET.USER.ZS?format=json&per_page=1000,2026-09-28T17:23:18.506Z,{}
IT.NET.USER.ZS,IT.NET.USER.ZS--ind,Indie,IND,Individuals using the Internet (% of population),1999-12-31,1999,year,1999-01-01,0.273,% populacji,annual,observed,https://api.worldbank.org/v2/country/POL;WLD;USA;CHN;DEU;IND;KOR;JPN;GBR;FRA;BRA;EST/indicator/IT.NET.USER.ZS?format=json&per_page=1000,2026-09-28T17:23:18.506Z,{}
IT.NET.USER.ZS,IT.NET.USER.ZS--jpn,Japonia,JPN,Individuals using the Internet (% of population),1999-12-31,1999,year,1999-01-01,21.4,% populacji,annual,observed,https://api.worldbank.org/v2/country/POL;WLD;USA;CHN;DEU;IND;KOR;JPN;GBR;FRA;BRA;EST/indicator/IT.NET.USER.ZS?format=json&per_page=1000,2026-09-28T17:23:18.506Z,{}
IT.NET.USER.ZS,IT.NET.USER.ZS--kor,Korea Płd.,KOR,Individuals using the Internet (% of population),1999-12-31,1999,year,1999-01-01,23.6,% populacji,annual,observed,https://api.worldbank.org/v2/country/POL;WLD;USA;CHN;DEU;IND;KOR;JPN;GBR;FRA;BRA;EST/indicator/IT.NET.USER.ZS?format=json&per_page=1000,2026-09-28T17:23:18.506Z,{}
IT.NET.USER.ZS,IT.NET.USER.ZS--pol,Polska,POL,Individuals using the Internet (% of population),1999-12-31,1999,year,1999-01-01,5.46,% populacji,annual,observed,https://api.worldbank.org/v2/country/POL;WLD;USA;CHN;DEU;IND;KOR;JPN;GBR;FRA;BRA;EST/indicator/IT.NET.USER.ZS?format=json&per_page=1000,2026-09-28T17:23:18.506Z,{}
IT.NET.USER.ZS,IT.NET.USER.ZS--usa,USA,USA,Individuals using the Internet (% of population),1999-12-31,1999,year,1999-01-01,35.8,% populacji,annual,observed,https://api.worldbank.org/v2/country/POL;WLD;USA;CHN;DEU;IND;KOR;JPN;GBR;FRA;BRA;EST/indicator/IT.NET.USER.ZS?format=json&per_page=1000,2026-09-28T17:23:18.506Z,{}
IT.NET.USER.ZS,IT.NET.USER.ZS--wld,Świat,WLD,Individuals using the Internet (% of population),1999-12-31,1999,year,1999-01-01,,% populacji,annual,observed,https://api.worldbank.org/v2/country/POL;WLD;USA;CHN;DEU;IND;KOR;JPN;GBR;FRA;BRA;EST/indicator/IT.NET.USER.ZS?format=json&per_page=1000,2026-09-28T17:23:18.506Z,{}
IT.NET.USER.ZS,IT.NET.USER.ZS--bra,Brazylia,BRA,Individuals using the Internet (% of population),2000-12-31,2000,year,2000-01-01,2.87068515854108,% populacji,annual,observed,https://api.worldbank.org/v2/country/POL;WLD;USA;CHN;DEU;IND;KOR;JPN;GBR;FRA;BRA;EST/indicator/IT.NET.USER.ZS?format=json&per_page=1000,2026-09-28T17:23:18.506Z,{}
IT.NET.USER.ZS,IT.NET.USER.ZS--chn,Chiny,CHN,Individuals using the Internet (% of population),2000-12-31,2000,year,2000-01-01,1.77591320677415,% populacji,annual,observed,https://api.worldbank.org/v2/country/POL;WLD;USA;CHN;DEU;IND;KOR;JPN;GBR;FRA;BRA;EST/indicator/IT.NET.USER.ZS?format=json&per_page=1000,2026-09-28T17:23:18.506Z,{}
IT.NET.USER.ZS,IT.NET.USER.ZS--deu,Niemcy,DEU,Individuals using the Internet (% of population),2000-12-31,2000,year,2000-01-01,30.2163466048889,% populacji,annual,observed,https://api.worldbank.org/v2/country/POL;WLD;USA;CHN;DEU;IND;KOR;JPN;GBR;FRA;BRA;EST/indicator/IT.NET.USER.ZS?format=json&per_page=1000,2026-09-28T17:23:18.506Z,{}
IT.NET.USER.ZS,IT.NET.USER.ZS--est,Estonia,EST,Individuals using the Internet (% of population),2000-12-31,2000,year,2000-01-01,28.5769538105646,% populacji,annual,observed,https://api.worldbank.org/v2/country/POL;WLD;USA;CHN;DEU;IND;KOR;JPN;GBR;FRA;BRA;EST/indicator/IT.NET.USER.ZS?format=json&per_page=1000,2026-09-28T17:23:18.506Z,{}
IT.NET.USER.ZS,IT.NET.USER.ZS--fra,Francja,FRA,Individuals using the Internet (% of population),2000-12-31,2000,year,2000-01-01,14.3079239430677,% populacji,annual,observed,https://api.worldbank.org/v2/country/POL;WLD;USA;CHN;DEU;IND;KOR;JPN;GBR;FRA;BRA;EST/indicator/IT.NET.USER.ZS?format=json&per_page=1000,2026-09-28T17:23:18.506Z,{}
IT.NET.USER.ZS,IT.NET.USER.ZS--gbr,Wielka Brytania,GBR,Individuals using the Internet (% of population),2000-12-31,2000,year,2000-01-01,26.8217543508578,% populacji,annual,observed,https://api.worldbank.org/v2/country/POL;WLD;USA;CHN;DEU;IND;KOR;JPN;GBR;FRA;BRA;EST/indicator/IT.NET.USER.ZS?format=json&per_page=1000,2026-09-28T17:23:18.506Z,{}
IT.NET.USER.ZS,IT.NET.USER.ZS--ind,Indie,IND,Individuals using the Internet (% of population),2000-12-31,2000,year,2000-01-01,0.527532449930946,% populacji,annual,observed,https://api.worldbank.org/v2/country/POL;WLD;USA;CHN;DEU;IND;KOR;JPN;GBR;FRA;BRA;EST/indicator/IT.NET.USER.ZS?format=json&per_page=1000,2026-09-28T17:23:18.506Z,{}
IT.NET.USER.ZS,IT.NET.USER.ZS--jpn,Japonia,JPN,Individuals using the Internet (% of population),2000-12-31,2000,year,2000-01-01,29.9907403589142,% populacji,annual,observed,https://api.worldbank.org/v2/country/POL;WLD;USA;CHN;DEU;IND;KOR;JPN;GBR;FRA;BRA;EST/indicator/IT.NET.USER.ZS?format=json&per_page=1000,2026-09-28T17:23:18.506Z,{}
IT.NET.USER.ZS,IT.NET.USER.ZS--kor,Korea Płd.,KOR,Individuals using the Internet (% of population),2000-12-31,2000,year,2000-01-01,44.7,% populacji,annual,observed,https://api.worldbank.org/v2/country/POL;WLD;USA;CHN;DEU;IND;KOR;JPN;GBR;FRA;BRA;EST/indicator/IT.NET.USER.ZS?format=json&per_page=1000,2026-09-28T17:23:18.506Z,{}
IT.NET.USER.ZS,IT.NET.USER.ZS--pol,Polska,POL,Individuals using the Internet (% of population),2000-12-31,2000,year,2000-01-01,7.2854287080601,% populacji,annual,observed,https://api.worldbank.org/v2/country/POL;WLD;USA;CHN;DEU;IND;KOR;JPN;GBR;FRA;BRA;EST/indicator/IT.NET.USER.ZS?format=json&per_page=1000,2026-09-28T17:23:18.506Z,{}
IT.NET.USER.ZS,IT.NET.USER.ZS--usa,USA,USA,Individuals using the Internet (% of population),2000-12-31,2000,year,2000-01-01,43.0791626375201,% populacji,annual,observed,https://api.worldbank.org/v2/country/POL;WLD;USA;CHN;DEU;IND;KOR;JPN;GBR;FRA;BRA;EST/indicator/IT.NET.USER.ZS?format=json&per_page=1000,2026-09-28T17:23:18.506Z,{}
IT.NET.USER.ZS,IT.NET.USER.ZS--wld,Świat,WLD,Individuals using the Internet (% of population),2000-12-31,2000,year,2000-01-01,,% populacji,annual,observed,https://api.worldbank.org/v2/country/POL;WLD;USA;CHN;DEU;IND;KOR;JPN;GBR;FRA;BRA;EST/indicator/IT.NET.USER.ZS?format=json&per_page=1000,2026-09-28T17:23:18.506Z,{}
IT.NET.USER.ZS,IT.NET.USER.ZS--bra,Brazylia,BRA,Individuals using the Internet (% of population),2001-12-31,2001,year,2001-01-01,4.52849486902851,% populacji,annual,observed,https://api.worldbank.org/v2/country/POL;WLD;USA;CHN;DEU;IND;KOR;JPN;GBR;FRA;BRA;EST/indicator/IT.NET.USER.ZS?format=json&per_page=1000,2026-09-28T17:23:18.506Z,{}
IT.NET.USER.ZS,IT.NET.USER.ZS--chn,Chiny,CHN,Individuals using the Internet (% of population),2001-12-31,2001,year,2001-01-01,2.63965021485872,% populacji,annual,observed,https://api.worldbank.org/v2/country/POL;WLD;USA;CHN;DEU;IND;KOR;JPN;GBR;FRA;BRA;EST/indicator/IT.NET.USER.ZS?format=json&per_page=1000,2026-09-28T17:23:18.506Z,{}
IT.NET.USER.ZS,IT.NET.USER.ZS--deu,Niemcy,DEU,Individuals using the Internet (% of population),2001-12-31,2001,year,2001-01-01,31.650939416316,% populacji,annual,observed,https://api.worldbank.org/v2/country/POL;WLD;USA;CHN;DEU;IND;KOR;JPN;GBR;FRA;BRA;EST/indicator/IT.NET.USER.ZS?format=json&per_page=1000,2026-09-28T17:23:18.506Z,{}
IT.NET.USER.ZS,IT.NET.USER.ZS--est,Estonia,EST,Individuals using the Internet (% of population),2001-12-31,2001,year,2001-01-01,31.5274897673756,% populacji,annual,observed,https://api.worldbank.org/v2/country/POL;WLD;USA;CHN;DEU;IND;KOR;JPN;GBR;FRA;BRA;EST/indicator/IT.NET.USER.ZS?format=json&per_page=1000,2026-09-28T17:23:18.506Z,{}
IT.NET.USER.ZS,IT.NET.USER.ZS--fra,Francja,FRA,Individuals using the Internet (% of population),2001-12-31,2001,year,2001-01-01,26.3259035521688,% populacji,annual,observed,https://api.worldbank.org/v2/country/POL;WLD;USA;CHN;DEU;IND;KOR;JPN;GBR;FRA;BRA;EST/indicator/IT.NET.USER.ZS?format=json&per_page=1000,2026-09-28T17:23:18.506Z,{}
IT.NET.USER.ZS,IT.NET.USER.ZS--gbr,Wielka Brytania,GBR,Individuals using the Internet (% of population),2001-12-31,2001,year,2001-01-01,33.4810948744147,% populacji,annual,observed,https://api.worldbank.org/v2/country/POL;WLD;USA;CHN;DEU;IND;KOR;JPN;GBR;FRA;BRA;EST/indicator/IT.NET.USER.ZS?format=json&per_page=1000,2026-09-28T17:23:18.506Z,{}
IT.NET.USER.ZS,IT.NET.USER.ZS--ind,Indie,IND,Individuals using the Internet (% of population),2001-12-31,2001,year,2001-01-01,0.660146377009928,% populacji,annual,observed,https://api.worldbank.org/v2/country/POL;WLD;USA;CHN;DEU;IND;KOR;JPN;GBR;FRA;BRA;EST/indicator/IT.NET.USER.ZS?format=json&per_page=1000,2026-09-28T17:23:18.506Z,{}
IT.NET.USER.ZS,IT.NET.USER.ZS--jpn,Japonia,JPN,Individuals using the Internet (% of population),2001-12-31,2001,year,2001-01-01,38.5320608612719,% populacji,annual,observed,https://api.worldbank.org/v2/country/POL;WLD;USA;CHN;DEU;IND;KOR;JPN;GBR;FRA;BRA;EST/indicator/IT.NET.USER.ZS?format=json&per_page=1000,2026-09-28T17:23:18.506Z,{}
IT.NET.USER.ZS,IT.NET.USER.ZS--kor,Korea Płd.,KOR,Individuals using the Internet (% of population),2001-12-31,2001,year,2001-01-01,56.6,% populacji,annual,observed,https://api.worldbank.org/v2/country/POL;WLD;USA;CHN;DEU;IND;KOR;JPN;GBR;FRA;BRA;EST/indicator/IT.NET.USER.ZS?format=json&per_page=1000,2026-09-28T17:23:18.506Z,{}
IT.NET.USER.ZS,IT.NET.USER.ZS--pol,Polska,POL,Individuals using the Internet (% of population),2001-12-31,2001,year,2001-01-01,9.9006697073534,% populacji,annual,observed,https://api.worldbank.org/v2/country/POL;WLD;USA;CHN;DEU;IND;KOR;JPN;GBR;FRA;BRA;EST/indicator/IT.NET.USER.ZS?format=json&per_page=1000,2026-09-28T17:23:18.506Z,{}
IT.NET.USER.ZS,IT.NET.USER.ZS--usa,USA,USA,Individuals using the Internet (% of population),2001-12-31,2001,year,2001-01-01,49.0808315896951,% populacji,annual,observed,https://api.worldbank.org/v2/country/POL;WLD;USA;CHN;DEU;IND;KOR;JPN;GBR;FRA;BRA;EST/indicator/IT.NET.USER.ZS?format=json&per_page=1000,2026-09-28T17:23:18.506Z,{}
IT.NET.USER.ZS,IT.NET.USER.ZS--wld,Świat,WLD,Individuals using the Internet (% of population),2001-12-31,2001,year,2001-01-01,,% populacji,annual,observed,https://api.worldbank.org/v2/country/POL;WLD;USA;CHN;DEU;IND;KOR;JPN;GBR;FRA;BRA;EST/indicator/IT.NET.USER.ZS?format=json&per_page=1000,2026-09-28T17:23:18.506Z,{}
IT.NET.USER.ZS,IT.NET.USER.ZS--bra,Brazylia,BRA,Individuals using the Internet (% of population),2002-12-31,2002,year,2002-01-01,9.14942508560748,% populacji,annual,observed,https://api.worldbank.org/v2/country/POL;WLD;USA;CHN;DEU;IND;KOR;JPN;GBR;FRA;BRA;EST/indicator/IT.NET.USER.ZS?format=json&per_page=1000,2026-09-28T17:23:18.506Z,{}
IT.NET.USER.ZS,IT.NET.USER.ZS--chn,Chiny,CHN,Individuals using the Internet (% of population),2002-12-31,2002,year,2002-01-01,4.59570433077551,% populacji,annual,observed,https://api.worldbank.org/v2/country/POL;WLD;USA;CHN;DEU;IND;KOR;JPN;GBR;FRA;BRA;EST/indicator/IT.NET.USER.ZS?format=json&per_page=1000,2026-09-28T17:23:18.506Z,{}
IT.NET.USER.ZS,IT.NET.USER.ZS--deu,Niemcy,DEU,Individuals using the Internet (% of population),2002-12-31,2002,year,2002-01-01,48.82,% populacji,annual,observed,https://api.worldbank.org/v2/country/POL;WLD;USA;CHN;DEU;IND;KOR;JPN;GBR;FRA;BRA;EST/indicator/IT.NET.USER.ZS?format=json&per_page=1000,2026-09-28T17:23:18.506Z,{}
IT.NET.USER.ZS,IT.NET.USER.ZS--est,Estonia,EST,Individuals using the Internet (% of population),2002-12-31,2002,year,2002-01-01,41.52,% populacji,annual,observed,https://api.worldbank.org/v2/country/POL;WLD;USA;CHN;DEU;IND;KOR;JPN;GBR;FRA;BRA;EST/indicator/IT.NET.USER.ZS?format=json&per_page=1000,2026-09-28T17:23:18.506Z,{}
IT.NET.USER.ZS,IT.NET.USER.ZS--fra,Francja,FRA,Individuals using the Internet (% of population),2002-12-31,2002,year,2002-01-01,30.18,% populacji,annual,observed,https://api.worldbank.org/v2/country/POL;WLD;USA;CHN;DEU;IND;KOR;JPN;GBR;FRA;BRA;EST/indicator/IT.NET.USER.ZS?format=json&per_page=1000,2026-09-28T17:23:18.506Z,{}
IT.NET.USER.ZS,IT.NET.USER.ZS--gbr,Wielka Brytania,GBR,Individuals using the Internet (% of population),2002-12-31,2002,year,2002-01-01,56.48,% populacji,annual,observed,https://api.worldbank.org/v2/country/POL;WLD;USA;CHN;DEU;IND;KOR;JPN;GBR;FRA;BRA;EST/indicator/IT.NET.USER.ZS?format=json&per_page=1000,2026-09-28T17:23:18.506Z,{}
IT.NET.USER.ZS,IT.NET.USER.ZS--ind,Indie,IND,Individuals using the Internet (% of population),2002-12-31,2002,year,2002-01-01,1.53787558175083,% populacji,annual,observed,https://api.worldbank.org/v2/country/POL;WLD;USA;CHN;DEU;IND;KOR;JPN;GBR;FRA;BRA;EST/indicator/IT.NET.USER.ZS?format=json&per_page=1000,2026-09-28T17:23:18.506Z,{}
IT.NET.USER.ZS,IT.NET.USER.ZS--jpn,Japonia,JPN,Individuals using the Internet (% of population),2002-12-31,2002,year,2002-01-01,46.5942011179917,% populacji,annual,observed,https://api.worldbank.org/v2/country/POL;WLD;USA;CHN;DEU;IND;KOR;JPN;GBR;FRA;BRA;EST/indicator/IT.NET.USER.ZS?format=json&per_page=1000,2026-09-28T17:23:18.506Z,{}
IT.NET.USER.ZS,IT.NET.USER.ZS--kor,Korea Płd.,KOR,Individuals using the Internet (% of population),2002-12-31,2002,year,2002-01-01,59.4,% populacji,annual,observed,https://api.worldbank.org/v2/country/POL;WLD;USA;CHN;DEU;IND;KOR;JPN;GBR;FRA;BRA;EST/indicator/IT.NET.USER.ZS?format=json&per_page=1000,2026-09-28T17:23:18.506Z,{}
IT.NET.USER.ZS,IT.NET.USER.ZS--pol,Polska,POL,Individuals using the Internet (% of population),2002-12-31,2002,year,2002-01-01,21.15,% populacji,annual,observed,https://api.worldbank.org/v2/country/POL;WLD;USA;CHN;DEU;IND;KOR;JPN;GBR;FRA;BRA;EST/indicator/IT.NET.USER.ZS?format=json&per_page=1000,2026-09-28T17:23:18.506Z,{}
IT.NET.USER.ZS,IT.NET.USER.ZS--usa,USA,USA,Individuals using the Internet (% of population),2002-12-31,2002,year,2002-01-01,58.7854038836952,% populacji,annual,observed,https://api.worldbank.org/v2/country/POL;WLD;USA;CHN;DEU;IND;KOR;JPN;GBR;FRA;BRA;EST/indicator/IT.NET.USER.ZS?format=json&per_page=1000,2026-09-28T17:23:18.506Z,{}
IT.NET.USER.ZS,IT.NET.USER.ZS--wld,Świat,WLD,Individuals using the Internet (% of population),2002-12-31,2002,year,2002-01-01,,% populacji,annual,observed,https://api.worldbank.org/v2/country/POL;WLD;USA;CHN;DEU;IND;KOR;JPN;GBR;FRA;BRA;EST/indicator/IT.NET.USER.ZS?format=json&per_page=1000,2026-09-28T17:23:18.506Z,{}
IT.NET.USER.ZS,IT.NET.USER.ZS--bra,Brazylia,BRA,Individuals using the Internet (% of population),2003-12-31,2003,year,2003-01-01,13.2075861035303,% populacji,annual,observed,https://api.worldbank.org/v2/country/POL;WLD;USA;CHN;DEU;IND;KOR;JPN;GBR;FRA;BRA;EST/indicator/IT.NET.USER.ZS?format=json&per_page=1000,2026-09-28T17:23:18.506Z,{}
IT.NET.USER.ZS,IT.NET.USER.ZS--chn,Chiny,CHN,Individuals using the Internet (% of population),2003-12-31,2003,year,2003-01-01,6.2,% populacji,annual,observed,https://api.worldbank.org/v2/country/POL;WLD;USA;CHN;DEU;IND;KOR;JPN;GBR;FRA;BRA;EST/indicator/IT.NET.USER.ZS?format=json&per_page=1000,2026-09-28T17:23:18.506Z,{}
IT.NET.USER.ZS,IT.NET.USER.ZS--deu,Niemcy,DEU,Individuals using the Internet (% of population),2003-12-31,2003,year,2003-01-01,55.9,% populacji,annual,observed,https://api.worldbank.org/v2/country/POL;WLD;USA;CHN;DEU;IND;KOR;JPN;GBR;FRA;BRA;EST/indicator/IT.NET.USER.ZS?format=json&per_page=1000,2026-09-28T17:23:18.506Z,{}
IT.NET.USER.ZS,IT.NET.USER.ZS--est,Estonia,EST,Individuals using the Internet (% of population),2003-12-31,2003,year,2003-01-01,45.32,% populacji,annual,observed,https://api.worldbank.org/v2/country/POL;WLD;USA;CHN;DEU;IND;KOR;JPN;GBR;FRA;BRA;EST/indicator/IT.NET.USER.ZS?format=json&per_page=1000,2026-09-28T17:23:18.506Z,{}
IT.NET.USER.ZS,IT.NET.USER.ZS--fra,Francja,FRA,Individuals using the Internet (% of population),2003-12-31,2003,year,2003-01-01,36.14,% populacji,annual,observed,https://api.worldbank.org/v2/country/POL;WLD;USA;CHN;DEU;IND;KOR;JPN;GBR;FRA;BRA;EST/indicator/IT.NET.USER.ZS?format=json&per_page=1000,2026-09-28T17:23:18.506Z,{}
IT.NET.USER.ZS,IT.NET.USER.ZS--gbr,Wielka Brytania,GBR,Individuals using the Internet (% of population),2003-12-31,2003,year,2003-01-01,64.82,% populacji,annual,observed,https://api.worldbank.org/v2/country/POL;WLD;USA;CHN;DEU;IND;KOR;JPN;GBR;FRA;BRA;EST/indicator/IT.NET.USER.ZS?format=json&per_page=1000,2026-09-28T17:23:18.506Z,{}
IT.NET.USER.ZS,IT.NET.USER.ZS--ind,Indie,IND,Individuals using the Internet (% of population),2003-12-31,2003,year,2003-01-01,1.68648997063625,% populacji,annual,observed,https://api.worldbank.org/v2/country/POL;WLD;USA;CHN;DEU;IND;KOR;JPN;GBR;FRA;BRA;EST/indicator/IT.NET.USER.ZS?format=json&per_page=1000,2026-09-28T17:23:18.506Z,{}
IT.NET.USER.ZS,IT.NET.USER.ZS--jpn,Japonia,JPN,Individuals using the Internet (% of population),2003-12-31,2003,year,2003-01-01,48.4352658899653,% populacji,annual,observed,https://api.worldbank.org/v2/country/POL;WLD;USA;CHN;DEU;IND;KOR;JPN;GBR;FRA;BRA;EST/indicator/IT.NET.USER.ZS?format=json&per_page=1000,2026-09-28T17:23:18.506Z,{}
IT.NET.USER.ZS,IT.NET.USER.ZS--kor,Korea Płd.,KOR,Individuals using the Internet (% of population),2003-12-31,2003,year,2003-01-01,65.5,% populacji,annual,observed,https://api.worldbank.org/v2/country/POL;WLD;USA;CHN;DEU;IND;KOR;JPN;GBR;FRA;BRA;EST/indicator/IT.NET.USER.ZS?format=json&per_page=1000,2026-09-28T17:23:18.506Z,{}
IT.NET.USER.ZS,IT.NET.USER.ZS--pol,Polska,POL,Individuals using the Internet (% of population),2003-12-31,2003,year,2003-01-01,24.87,% populacji,annual,observed,https://api.worldbank.org/v2/country/POL;WLD;USA;CHN;DEU;IND;KOR;JPN;GBR;FRA;BRA;EST/indicator/IT.NET.USER.ZS?format=json&per_page=1000,2026-09-28T17:23:18.506Z,{}
IT.NET.USER.ZS,IT.NET.USER.ZS--usa,USA,USA,Individuals using the Internet (% of population),2003-12-31,2003,year,2003-01-01,61.6971171244207,% populacji,annual,observed,https://api.worldbank.org/v2/country/POL;WLD;USA;CHN;DEU;IND;KOR;JPN;GBR;FRA;BRA;EST/indicator/IT.NET.USER.ZS?format=json&per_page=1000,2026-09-28T17:23:18.506Z,{}
IT.NET.USER.ZS,IT.NET.USER.ZS--wld,Świat,WLD,Individuals using the Internet (% of population),2003-12-31,2003,year,2003-01-01,,% populacji,annual,observed,https://api.worldbank.org/v2/country/POL;WLD;USA;CHN;DEU;IND;KOR;JPN;GBR;FRA;BRA;EST/indicator/IT.NET.USER.ZS?format=json&per_page=1000,2026-09-28T17:23:18.506Z,{}
IT.NET.USER.ZS,IT.NET.USER.ZS--bra,Brazylia,BRA,Individuals using the Internet (% of population),2004-12-31,2004,year,2004-01-01,19.073672274442,% populacji,annual,observed,https://api.worldbank.org/v2/country/POL;WLD;USA;CHN;DEU;IND;KOR;JPN;GBR;FRA;BRA;EST/indicator/IT.NET.USER.ZS?format=json&per_page=1000,2026-09-28T17:23:18.506Z,{}
IT.NET.USER.ZS,IT.NET.USER.ZS--chn,Chiny,CHN,Individuals using the Internet (% of population),2004-12-31,2004,year,2004-01-01,7.3,% populacji,annual,observed,https://api.worldbank.org/v2/country/POL;WLD;USA;CHN;DEU;IND;KOR;JPN;GBR;FRA;BRA;EST/indicator/IT.NET.USER.ZS?format=json&per_page=1000,2026-09-28T17:23:18.506Z,{}
IT.NET.USER.ZS,IT.NET.USER.ZS--deu,Niemcy,DEU,Individuals using the Internet (% of population),2004-12-31,2004,year,2004-01-01,64.73,% populacji,annual,observed,https://api.worldbank.org/v2/country/POL;WLD;USA;CHN;DEU;IND;KOR;JPN;GBR;FRA;BRA;EST/indicator/IT.NET.USER.ZS?format=json&per_page=1000,2026-09-28T17:23:18.506Z,{}
IT.NET.USER.ZS,IT.NET.USER.ZS--est,Estonia,EST,Individuals using the Internet (% of population),2004-12-31,2004,year,2004-01-01,53.2,% populacji,annual,observed,https://api.worldbank.org/v2/country/POL;WLD;USA;CHN;DEU;IND;KOR;JPN;GBR;FRA;BRA;EST/indicator/IT.NET.USER.ZS?format=json&per_page=1000,2026-09-28T17:23:18.506Z,{}
IT.NET.USER.ZS,IT.NET.USER.ZS--fra,Francja,FRA,Individuals using the Internet (% of population),2004-12-31,2004,year,2004-01-01,39.15,% populacji,annual,observed,https://api.worldbank.org/v2/country/POL;WLD;USA;CHN;DEU;IND;KOR;JPN;GBR;FRA;BRA;EST/indicator/IT.NET.USER.ZS?format=json&per_page=1000,2026-09-28T17:23:18.506Z,{}
IT.NET.USER.ZS,IT.NET.USER.ZS--gbr,Wielka Brytania,GBR,Individuals using the Internet (% of population),2004-12-31,2004,year,2004-01-01,65.61,% populacji,annual,observed,https://api.worldbank.org/v2/country/POL;WLD;USA;CHN;DEU;IND;KOR;JPN;GBR;FRA;BRA;EST/indicator/IT.NET.USER.ZS?format=json&per_page=1000,2026-09-28T17:23:18.506Z,{}
IT.NET.USER.ZS,IT.NET.USER.ZS--ind,Indie,IND,Individuals using the Internet (% of population),2004-12-31,2004,year,2004-01-01,1.97613649190559,% populacji,annual,observed,https://api.worldbank.org/v2/country/POL;WLD;USA;CHN;DEU;IND;KOR;JPN;GBR;FRA;BRA;EST/indicator/IT.NET.USER.ZS?format=json&per_page=1000,2026-09-28T17:23:18.506Z,{}
IT.NET.USER.ZS,IT.NET.USER.ZS--jpn,Japonia,JPN,Individuals using the Internet (% of population),2004-12-31,2004,year,2004-01-01,62.3939296327259,% populacji,annual,observed,https://api.worldbank.org/v2/country/POL;WLD;USA;CHN;DEU;IND;KOR;JPN;GBR;FRA;BRA;EST/indicator/IT.NET.USER.ZS?format=json&per_page=1000,2026-09-28T17:23:18.506Z,{}
IT.NET.USER.ZS,IT.NET.USER.ZS--kor,Korea Płd.,KOR,Individuals using the Internet (% of population),2004-12-31,2004,year,2004-01-01,72.7,% populacji,annual,observed,https://api.worldbank.org/v2/country/POL;WLD;USA;CHN;DEU;IND;KOR;JPN;GBR;FRA;BRA;EST/indicator/IT.NET.USER.ZS?format=json&per_page=1000,2026-09-28T17:23:18.506Z,{}
IT.NET.USER.ZS,IT.NET.USER.ZS--pol,Polska,POL,Individuals using the Internet (% of population),2004-12-31,2004,year,2004-01-01,32.53,% populacji,annual,observed,https://api.worldbank.org/v2/country/POL;WLD;USA;CHN;DEU;IND;KOR;JPN;GBR;FRA;BRA;EST/indicator/IT.NET.USER.ZS?format=json&per_page=1000,2026-09-28T17:23:18.506Z,{}
IT.NET.USER.ZS,IT.NET.USER.ZS--usa,USA,USA,Individuals using the Internet (% of population),2004-12-31,2004,year,2004-01-01,64.7582564759896,% populacji,annual,observed,https://api.worldbank.org/v2/country/POL;WLD;USA;CHN;DEU;IND;KOR;JPN;GBR;FRA;BRA;EST/indicator/IT.NET.USER.ZS?format=json&per_page=1000,2026-09-28T17:23:18.506Z,{}
IT.NET.USER.ZS,IT.NET.USER.ZS--wld,Świat,WLD,Individuals using the Internet (% of population),2004-12-31,2004,year,2004-01-01,,% populacji,annual,observed,https://api.worldbank.org/v2/country/POL;WLD;USA;CHN;DEU;IND;KOR;JPN;GBR;FRA;BRA;EST/indicator/IT.NET.USER.ZS?format=json&per_page=1000,2026-09-28T17:23:18.506Z,{}
IT.NET.USER.ZS,IT.NET.USER.ZS--bra,Brazylia,BRA,Individuals using the Internet (% of population),2005-12-31,2005,year,2005-01-01,21.022747248827,% populacji,annual,observed,https://api.worldbank.org/v2/country/POL;WLD;USA;CHN;DEU;IND;KOR;JPN;GBR;FRA;BRA;EST/indicator/IT.NET.USER.ZS?format=json&per_page=1000,2026-09-28T17:23:18.506Z,{}
IT.NET.USER.ZS,IT.NET.USER.ZS--chn,Chiny,CHN,Individuals using the Internet (% of population),2005-12-31,2005,year,2005-01-01,8.52325700269541,% populacji,annual,observed,https://api.worldbank.org/v2/country/POL;WLD;USA;CHN;DEU;IND;KOR;JPN;GBR;FRA;BRA;EST/indicator/IT.NET.USER.ZS?format=json&per_page=1000,2026-09-28T17:23:18.506Z,{}
IT.NET.USER.ZS,IT.NET.USER.ZS--deu,Niemcy,DEU,Individuals using the Internet (% of population),2005-12-31,2005,year,2005-01-01,68.71,% populacji,annual,observed,https://api.worldbank.org/v2/country/POL;WLD;USA;CHN;DEU;IND;KOR;JPN;GBR;FRA;BRA;EST/indicator/IT.NET.USER.ZS?format=json&per_page=1000,2026-09-28T17:23:18.506Z,{}
IT.NET.USER.ZS,IT.NET.USER.ZS--est,Estonia,EST,Individuals using the Internet (% of population),2005-12-31,2005,year,2005-01-01,61.45,% populacji,annual,observed,https://api.worldbank.org/v2/country/POL;WLD;USA;CHN;DEU;IND;KOR;JPN;GBR;FRA;BRA;EST/indicator/IT.NET.USER.ZS?format=json&per_page=1000,2026-09-28T17:23:18.506Z,{}
IT.NET.USER.ZS,IT.NET.USER.ZS--fra,Francja,FRA,Individuals using the Internet (% of population),2005-12-31,2005,year,2005-01-01,42.87,% populacji,annual,observed,https://api.worldbank.org/v2/country/POL;WLD;USA;CHN;DEU;IND;KOR;JPN;GBR;FRA;BRA;EST/indicator/IT.NET.USER.ZS?format=json&per_page=1000,2026-09-28T17:23:18.506Z,{}
IT.NET.USER.ZS,IT.NET.USER.ZS--gbr,Wielka Brytania,GBR,Individuals using the Internet (% of population),2005-12-31,2005,year,2005-01-01,70,% populacji,annual,observed,https://api.worldbank.org/v2/country/POL;WLD;USA;CHN;DEU;IND;KOR;JPN;GBR;FRA;BRA;EST/indicator/IT.NET.USER.ZS?format=json&per_page=1000,2026-09-28T17:23:18.506Z,{}
IT.NET.USER.ZS,IT.NET.USER.ZS--ind,Indie,IND,Individuals using the Internet (% of population),2005-12-31,2005,year,2005-01-01,2.388099909,% populacji,annual,observed,https://api.worldbank.org/v2/country/POL;WLD;USA;CHN;DEU;IND;KOR;JPN;GBR;FRA;BRA;EST/indicator/IT.NET.USER.ZS?format=json&per_page=1000,2026-09-28T17:23:18.506Z,{}
IT.NET.USER.ZS,IT.NET.USER.ZS--jpn,Japonia,JPN,Individuals using the Internet (% of population),2005-12-31,2005,year,2005-01-01,66.9210661042901,% populacji,annual,observed,https://api.worldbank.org/v2/country/POL;WLD;USA;CHN;DEU;IND;KOR;JPN;GBR;FRA;BRA;EST/indicator/IT.NET.USER.ZS?format=json&per_page=1000,2026-09-28T17:23:18.506Z,{}
IT.NET.USER.ZS,IT.NET.USER.ZS--kor,Korea Płd.,KOR,Individuals using the Internet (% of population),2005-12-31,2005,year,2005-01-01,73.5,% populacji,annual,observed,https://api.worldbank.org/v2/country/POL;WLD;USA;CHN;DEU;IND;KOR;JPN;GBR;FRA;BRA;EST/indicator/IT.NET.USER.ZS?format=json&per_page=1000,2026-09-28T17:23:18.506Z,{}
IT.NET.USER.ZS,IT.NET.USER.ZS--pol,Polska,POL,Individuals using the Internet (% of population),2005-12-31,2005,year,2005-01-01,38.81,% populacji,annual,observed,https://api.worldbank.org/v2/country/POL;WLD;USA;CHN;DEU;IND;KOR;JPN;GBR;FRA;BRA;EST/indicator/IT.NET.USER.ZS?format=json&per_page=1000,2026-09-28T17:23:18.506Z,{}
IT.NET.USER.ZS,IT.NET.USER.ZS--usa,USA,USA,Individuals using the Internet (% of population),2005-12-31,2005,year,2005-01-01,67.9681015,% populacji,annual,observed,https://api.worldbank.org/v2/country/POL;WLD;USA;CHN;DEU;IND;KOR;JPN;GBR;FRA;BRA;EST/indicator/IT.NET.USER.ZS?format=json&per_page=1000,2026-09-28T17:23:18.506Z,{}
IT.NET.USER.ZS,IT.NET.USER.ZS--wld,Świat,WLD,Individuals using the Internet (% of population),2005-12-31,2005,year,2005-01-01,15.6,% populacji,annual,observed,https://api.worldbank.org/v2/country/POL;WLD;USA;CHN;DEU;IND;KOR;JPN;GBR;FRA;BRA;EST/indicator/IT.NET.USER.ZS?format=json&per_page=1000,2026-09-28T17:23:18.506Z,{}
IT.NET.USER.ZS,IT.NET.USER.ZS--bra,Brazylia,BRA,Individuals using the Internet (% of population),2006-12-31,2006,year,2006-01-01,28.17840004,% populacji,annual,observed,https://api.worldbank.org/v2/country/POL;WLD;USA;CHN;DEU;IND;KOR;JPN;GBR;FRA;BRA;EST/indicator/IT.NET.USER.ZS?format=json&per_page=1000,2026-09-28T17:23:18.506Z,{}
IT.NET.USER.ZS,IT.NET.USER.ZS--chn,Chiny,CHN,Individuals using the Internet (% of population),2006-12-31,2006,year,2006-01-01,10.5231526193851,% populacji,annual,observed,https://api.worldbank.org/v2/country/POL;WLD;USA;CHN;DEU;IND;KOR;JPN;GBR;FRA;BRA;EST/indicator/IT.NET.USER.ZS?format=json&per_page=1000,2026-09-28T17:23:18.506Z,{}
IT.NET.USER.ZS,IT.NET.USER.ZS--deu,Niemcy,DEU,Individuals using the Internet (% of population),2006-12-31,2006,year,2006-01-01,72.16,% populacji,annual,observed,https://api.worldbank.org/v2/country/POL;WLD;USA;CHN;DEU;IND;KOR;JPN;GBR;FRA;BRA;EST/indicator/IT.NET.USER.ZS?format=json&per_page=1000,2026-09-28T17:23:18.506Z,{}
IT.NET.USER.ZS,IT.NET.USER.ZS--est,Estonia,EST,Individuals using the Internet (% of population),2006-12-31,2006,year,2006-01-01,63.51,% populacji,annual,observed,https://api.worldbank.org/v2/country/POL;WLD;USA;CHN;DEU;IND;KOR;JPN;GBR;FRA;BRA;EST/indicator/IT.NET.USER.ZS?format=json&per_page=1000,2026-09-28T17:23:18.506Z,{}
IT.NET.USER.ZS,IT.NET.USER.ZS--fra,Francja,FRA,Individuals using the Internet (% of population),2006-12-31,2006,year,2006-01-01,46.87,% populacji,annual,observed,https://api.worldbank.org/v2/country/POL;WLD;USA;CHN;DEU;IND;KOR;JPN;GBR;FRA;BRA;EST/indicator/IT.NET.USER.ZS?format=json&per_page=1000,2026-09-28T17:23:18.506Z,{}
IT.NET.USER.ZS,IT.NET.USER.ZS--gbr,Wielka Brytania,GBR,Individuals using the Internet (% of population),2006-12-31,2006,year,2006-01-01,68.82,% populacji,annual,observed,https://api.worldbank.org/v2/country/POL;WLD;USA;CHN;DEU;IND;KOR;JPN;GBR;FRA;BRA;EST/indicator/IT.NET.USER.ZS?format=json&per_page=1000,2026-09-28T17:23:18.506Z,{}
IT.NET.USER.ZS,IT.NET.USER.ZS--ind,Indie,IND,Individuals using the Internet (% of population),2006-12-31,2006,year,2006-01-01,2.80549986534254,% populacji,annual,observed,https://api.worldbank.org/v2/country/POL;WLD;USA;CHN;DEU;IND;KOR;JPN;GBR;FRA;BRA;EST/indicator/IT.NET.USER.ZS?format=json&per_page=1000,2026-09-28T17:23:18.506Z,{}
IT.NET.USER.ZS,IT.NET.USER.ZS--jpn,Japonia,JPN,Individuals using the Internet (% of population),2006-12-31,2006,year,2006-01-01,68.6852703213795,% populacji,annual,observed,https://api.worldbank.org/v2/country/POL;WLD;USA;CHN;DEU;IND;KOR;JPN;GBR;FRA;BRA;EST/indicator/IT.NET.USER.ZS?format=json&per_page=1000,2026-09-28T17:23:18.506Z,{}
IT.NET.USER.ZS,IT.NET.USER.ZS--kor,Korea Płd.,KOR,Individuals using the Internet (% of population),2006-12-31,2006,year,2006-01-01,78.1,% populacji,annual,observed,https://api.worldbank.org/v2/country/POL;WLD;USA;CHN;DEU;IND;KOR;JPN;GBR;FRA;BRA;EST/indicator/IT.NET.USER.ZS?format=json&per_page=1000,2026-09-28T17:23:18.506Z,{}
IT.NET.USER.ZS,IT.NET.USER.ZS--pol,Polska,POL,Individuals using the Internet (% of population),2006-12-31,2006,year,2006-01-01,44.58,% populacji,annual,observed,https://api.worldbank.org/v2/country/POL;WLD;USA;CHN;DEU;IND;KOR;JPN;GBR;FRA;BRA;EST/indicator/IT.NET.USER.ZS?format=json&per_page=1000,2026-09-28T17:23:18.506Z,{}
IT.NET.USER.ZS,IT.NET.USER.ZS--usa,USA,USA,Individuals using the Internet (% of population),2006-12-31,2006,year,2006-01-01,68.93119812,% populacji,annual,observed,https://api.worldbank.org/v2/country/POL;WLD;USA;CHN;DEU;IND;KOR;JPN;GBR;FRA;BRA;EST/indicator/IT.NET.USER.ZS?format=json&per_page=1000,2026-09-28T17:23:18.506Z,{}
IT.NET.USER.ZS,IT.NET.USER.ZS--wld,Świat,WLD,Individuals using the Internet (% of population),2006-12-31,2006,year,2006-01-01,17.2,% populacji,annual,observed,https://api.worldbank.org/v2/country/POL;WLD;USA;CHN;DEU;IND;KOR;JPN;GBR;FRA;BRA;EST/indicator/IT.NET.USER.ZS?format=json&per_page=1000,2026-09-28T17:23:18.506Z,{}
IT.NET.USER.ZS,IT.NET.USER.ZS--bra,Brazylia,BRA,Individuals using the Internet (% of population),2007-12-31,2007,year,2007-01-01,30.87999916,% populacji,annual,observed,https://api.worldbank.org/v2/country/POL;WLD;USA;CHN;DEU;IND;KOR;JPN;GBR;FRA;BRA;EST/indicator/IT.NET.USER.ZS?format=json&per_page=1000,2026-09-28T17:23:18.506Z,{}
IT.NET.USER.ZS,IT.NET.USER.ZS--chn,Chiny,CHN,Individuals using the Internet (% of population),2007-12-31,2007,year,2007-01-01,16,% populacji,annual,observed,https://api.worldbank.org/v2/country/POL;WLD;USA;CHN;DEU;IND;KOR;JPN;GBR;FRA;BRA;EST/indicator/IT.NET.USER.ZS?format=json&per_page=1000,2026-09-28T17:23:18.506Z,{}
IT.NET.USER.ZS,IT.NET.USER.ZS--deu,Niemcy,DEU,Individuals using the Internet (% of population),2007-12-31,2007,year,2007-01-01,75.16,% populacji,annual,observed,https://api.worldbank.org/v2/country/POL;WLD;USA;CHN;DEU;IND;KOR;JPN;GBR;FRA;BRA;EST/indicator/IT.NET.USER.ZS?format=json&per_page=1000,2026-09-28T17:23:18.506Z,{}
IT.NET.USER.ZS,IT.NET.USER.ZS--est,Estonia,EST,Individuals using the Internet (% of population),2007-12-31,2007,year,2007-01-01,66.19,% populacji,annual,observed,https://api.worldbank.org/v2/country/POL;WLD;USA;CHN;DEU;IND;KOR;JPN;GBR;FRA;BRA;EST/indicator/IT.NET.USER.ZS?format=json&per_page=1000,2026-09-28T17:23:18.506Z,{}
IT.NET.USER.ZS,IT.NET.USER.ZS--fra,Francja,FRA,Individuals using the Internet (% of population),2007-12-31,2007,year,2007-01-01,66.09,% populacji,annual,observed,https://api.worldbank.org/v2/country/POL;WLD;USA;CHN;DEU;IND;KOR;JPN;GBR;FRA;BRA;EST/indicator/IT.NET.USER.ZS?format=json&per_page=1000,2026-09-28T17:23:18.506Z,{}
IT.NET.USER.ZS,IT.NET.USER.ZS--gbr,Wielka Brytania,GBR,Individuals using the Internet (% of population),2007-12-31,2007,year,2007-01-01,75.09,% populacji,annual,observed,https://api.worldbank.org/v2/country/POL;WLD;USA;CHN;DEU;IND;KOR;JPN;GBR;FRA;BRA;EST/indicator/IT.NET.USER.ZS?format=json&per_page=1000,2026-09-28T17:23:18.506Z,{}
IT.NET.USER.ZS,IT.NET.USER.ZS--ind,Indie,IND,Individuals using the Internet (% of population),2007-12-31,2007,year,2007-01-01,3.95,% populacji,annual,observed,https://api.worldbank.org/v2/country/POL;WLD;USA;CHN;DEU;IND;KOR;JPN;GBR;FRA;BRA;EST/indicator/IT.NET.USER.ZS?format=json&per_page=1000,2026-09-28T17:23:18.506Z,{}
IT.NET.USER.ZS,IT.NET.USER.ZS--jpn,Japonia,JPN,Individuals using the Internet (% of population),2007-12-31,2007,year,2007-01-01,74.3,% populacji,annual,observed,https://api.worldbank.org/v2/country/POL;WLD;USA;CHN;DEU;IND;KOR;JPN;GBR;FRA;BRA;EST/indicator/IT.NET.USER.ZS?format=json&per_page=1000,2026-09-28T17:23:18.506Z,{}
IT.NET.USER.ZS,IT.NET.USER.ZS--kor,Korea Płd.,KOR,Individuals using the Internet (% of population),2007-12-31,2007,year,2007-01-01,78.8,% populacji,annual,observed,https://api.worldbank.org/v2/country/POL;WLD;USA;CHN;DEU;IND;KOR;JPN;GBR;FRA;BRA;EST/indicator/IT.NET.USER.ZS?format=json&per_page=1000,2026-09-28T17:23:18.506Z,{}
IT.NET.USER.ZS,IT.NET.USER.ZS--pol,Polska,POL,Individuals using the Internet (% of population),2007-12-31,2007,year,2007-01-01,48.6,% populacji,annual,observed,https://api.worldbank.org/v2/country/POL;WLD;USA;CHN;DEU;IND;KOR;JPN;GBR;FRA;BRA;EST/indicator/IT.NET.USER.ZS?format=json&per_page=1000,2026-09-28T17:23:18.506Z,{}
IT.NET.USER.ZS,IT.NET.USER.ZS--usa,USA,USA,Individuals using the Internet (% of population),2007-12-31,2007,year,2007-01-01,75,% populacji,annual,observed,https://api.worldbank.org/v2/country/POL;WLD;USA;CHN;DEU;IND;KOR;JPN;GBR;FRA;BRA;EST/indicator/IT.NET.USER.ZS?format=json&per_page=1000,2026-09-28T17:23:18.506Z,{}
IT.NET.USER.ZS,IT.NET.USER.ZS--wld,Świat,WLD,Individuals using the Internet (% of population),2007-12-31,2007,year,2007-01-01,20.2,% populacji,annual,observed,https://api.worldbank.org/v2/country/POL;WLD;USA;CHN;DEU;IND;KOR;JPN;GBR;FRA;BRA;EST/indicator/IT.NET.USER.ZS?format=json&per_page=1000,2026-09-28T17:23:18.506Z,{}
IT.NET.USER.ZS,IT.NET.USER.ZS--bra,Brazylia,BRA,Individuals using the Internet (% of population),2008-12-31,2008,year,2008-01-01,33.83,% populacji,annual,observed,https://api.worldbank.org/v2/country/POL;WLD;USA;CHN;DEU;IND;KOR;JPN;GBR;FRA;BRA;EST/indicator/IT.NET.USER.ZS?format=json&per_page=1000,2026-09-28T17:23:18.506Z,{}
IT.NET.USER.ZS,IT.NET.USER.ZS--chn,Chiny,CHN,Individuals using the Internet (% of population),2008-12-31,2008,year,2008-01-01,22.6,% populacji,annual,observed,https://api.worldbank.org/v2/country/POL;WLD;USA;CHN;DEU;IND;KOR;JPN;GBR;FRA;BRA;EST/indicator/IT.NET.USER.ZS?format=json&per_page=1000,2026-09-28T17:23:18.506Z,{}
IT.NET.USER.ZS,IT.NET.USER.ZS--deu,Niemcy,DEU,Individuals using the Internet (% of population),2008-12-31,2008,year,2008-01-01,78,% populacji,annual,observed,https://api.worldbank.org/v2/country/POL;WLD;USA;CHN;DEU;IND;KOR;JPN;GBR;FRA;BRA;EST/indicator/IT.NET.USER.ZS?format=json&per_page=1000,2026-09-28T17:23:18.506Z,{}
IT.NET.USER.ZS,IT.NET.USER.ZS--est,Estonia,EST,Individuals using the Internet (% of population),2008-12-31,2008,year,2008-01-01,70.58,% populacji,annual,observed,https://api.worldbank.org/v2/country/POL;WLD;USA;CHN;DEU;IND;KOR;JPN;GBR;FRA;BRA;EST/indicator/IT.NET.USER.ZS?format=json&per_page=1000,2026-09-28T17:23:18.506Z,{}
IT.NET.USER.ZS,IT.NET.USER.ZS--fra,Francja,FRA,Individuals using the Internet (% of population),2008-12-31,2008,year,2008-01-01,70.68,% populacji,annual,observed,https://api.worldbank.org/v2/country/POL;WLD;USA;CHN;DEU;IND;KOR;JPN;GBR;FRA;BRA;EST/indicator/IT.NET.USER.ZS?format=json&per_page=1000,2026-09-28T17:23:18.506Z,{}
IT.NET.USER.ZS,IT.NET.USER.ZS--gbr,Wielka Brytania,GBR,Individuals using the Internet (% of population),2008-12-31,2008,year,2008-01-01,78.39,% populacji,annual,observed,https://api.worldbank.org/v2/country/POL;WLD;USA;CHN;DEU;IND;KOR;JPN;GBR;FRA;BRA;EST/indicator/IT.NET.USER.ZS?format=json&per_page=1000,2026-09-28T17:23:18.506Z,{}
IT.NET.USER.ZS,IT.NET.USER.ZS--ind,Indie,IND,Individuals using the Internet (% of population),2008-12-31,2008,year,2008-01-01,4.38,% populacji,annual,observed,https://api.worldbank.org/v2/country/POL;WLD;USA;CHN;DEU;IND;KOR;JPN;GBR;FRA;BRA;EST/indicator/IT.NET.USER.ZS?format=json&per_page=1000,2026-09-28T17:23:18.506Z,{}
IT.NET.USER.ZS,IT.NET.USER.ZS--jpn,Japonia,JPN,Individuals using the Internet (% of population),2008-12-31,2008,year,2008-01-01,75.4,% populacji,annual,observed,https://api.worldbank.org/v2/country/POL;WLD;USA;CHN;DEU;IND;KOR;JPN;GBR;FRA;BRA;EST/indicator/IT.NET.USER.ZS?format=json&per_page=1000,2026-09-28T17:23:18.506Z,{}
IT.NET.USER.ZS,IT.NET.USER.ZS--kor,Korea Płd.,KOR,Individuals using the Internet (% of population),2008-12-31,2008,year,2008-01-01,81,% populacji,annual,observed,https://api.worldbank.org/v2/country/POL;WLD;USA;CHN;DEU;IND;KOR;JPN;GBR;FRA;BRA;EST/indicator/IT.NET.USER.ZS?format=json&per_page=1000,2026-09-28T17:23:18.506Z,{}
IT.NET.USER.ZS,IT.NET.USER.ZS--pol,Polska,POL,Individuals using the Internet (% of population),2008-12-31,2008,year,2008-01-01,53.13,% populacji,annual,observed,https://api.worldbank.org/v2/country/POL;WLD;USA;CHN;DEU;IND;KOR;JPN;GBR;FRA;BRA;EST/indicator/IT.NET.USER.ZS?format=json&per_page=1000,2026-09-28T17:23:18.506Z,{}
IT.NET.USER.ZS,IT.NET.USER.ZS--usa,USA,USA,Individuals using the Internet (% of population),2008-12-31,2008,year,2008-01-01,74,% populacji,annual,observed,https://api.worldbank.org/v2/country/POL;WLD;USA;CHN;DEU;IND;KOR;JPN;GBR;FRA;BRA;EST/indicator/IT.NET.USER.ZS?format=json&per_page=1000,2026-09-28T17:23:18.506Z,{}
IT.NET.USER.ZS,IT.NET.USER.ZS--wld,Świat,WLD,Individuals using the Internet (% of population),2008-12-31,2008,year,2008-01-01,22.8,% populacji,annual,observed,https://api.worldbank.org/v2/country/POL;WLD;USA;CHN;DEU;IND;KOR;JPN;GBR;FRA;BRA;EST/indicator/IT.NET.USER.ZS?format=json&per_page=1000,2026-09-28T17:23:18.506Z,{}
IT.NET.USER.ZS,IT.NET.USER.ZS--bra,Brazylia,BRA,Individuals using the Internet (% of population),2009-12-31,2009,year,2009-01-01,39.22,% populacji,annual,observed,https://api.worldbank.org/v2/country/POL;WLD;USA;CHN;DEU;IND;KOR;JPN;GBR;FRA;BRA;EST/indicator/IT.NET.USER.ZS?format=json&per_page=1000,2026-09-28T17:23:18.506Z,{}
IT.NET.USER.ZS,IT.NET.USER.ZS--chn,Chiny,CHN,Individuals using the Internet (% of population),2009-12-31,2009,year,2009-01-01,28.9,% populacji,annual,observed,https://api.worldbank.org/v2/country/POL;WLD;USA;CHN;DEU;IND;KOR;JPN;GBR;FRA;BRA;EST/indicator/IT.NET.USER.ZS?format=json&per_page=1000,2026-09-28T17:23:18.506Z,{}
IT.NET.USER.ZS,IT.NET.USER.ZS--deu,Niemcy,DEU,Individuals using the Internet (% of population),2009-12-31,2009,year,2009-01-01,79,% populacji,annual,observed,https://api.worldbank.org/v2/country/POL;WLD;USA;CHN;DEU;IND;KOR;JPN;GBR;FRA;BRA;EST/indicator/IT.NET.USER.ZS?format=json&per_page=1000,2026-09-28T17:23:18.506Z,{}
IT.NET.USER.ZS,IT.NET.USER.ZS--est,Estonia,EST,Individuals using the Internet (% of population),2009-12-31,2009,year,2009-01-01,72.5,% populacji,annual,observed,https://api.worldbank.org/v2/country/POL;WLD;USA;CHN;DEU;IND;KOR;JPN;GBR;FRA;BRA;EST/indicator/IT.NET.USER.ZS?format=json&per_page=1000,2026-09-28T17:23:18.506Z,{}
IT.NET.USER.ZS,IT.NET.USER.ZS--fra,Francja,FRA,Individuals using the Internet (% of population),2009-12-31,2009,year,2009-01-01,71.58,% populacji,annual,observed,https://api.worldbank.org/v2/country/POL;WLD;USA;CHN;DEU;IND;KOR;JPN;GBR;FRA;BRA;EST/indicator/IT.NET.USER.ZS?format=json&per_page=1000,2026-09-28T17:23:18.506Z,{}
IT.NET.USER.ZS,IT.NET.USER.ZS--gbr,Wielka Brytania,GBR,Individuals using the Internet (% of population),2009-12-31,2009,year,2009-01-01,83.56,% populacji,annual,observed,https://api.worldbank.org/v2/country/POL;WLD;USA;CHN;DEU;IND;KOR;JPN;GBR;FRA;BRA;EST/indicator/IT.NET.USER.ZS?format=json&per_page=1000,2026-09-28T17:23:18.506Z,{}
IT.NET.USER.ZS,IT.NET.USER.ZS--ind,Indie,IND,Individuals using the Internet (% of population),2009-12-31,2009,year,2009-01-01,5.12,% populacji,annual,observed,https://api.worldbank.org/v2/country/POL;WLD;USA;CHN;DEU;IND;KOR;JPN;GBR;FRA;BRA;EST/indicator/IT.NET.USER.ZS?format=json&per_page=1000,2026-09-28T17:23:18.506Z,{}
IT.NET.USER.ZS,IT.NET.USER.ZS--jpn,Japonia,JPN,Individuals using the Internet (% of population),2009-12-31,2009,year,2009-01-01,78,% populacji,annual,observed,https://api.worldbank.org/v2/country/POL;WLD;USA;CHN;DEU;IND;KOR;JPN;GBR;FRA;BRA;EST/indicator/IT.NET.USER.ZS?format=json&per_page=1000,2026-09-28T17:23:18.506Z,{}
IT.NET.USER.ZS,IT.NET.USER.ZS--kor,Korea Płd.,KOR,Individuals using the Internet (% of population),2009-12-31,2009,year,2009-01-01,81.6,% populacji,annual,observed,https://api.worldbank.org/v2/country/POL;WLD;USA;CHN;DEU;IND;KOR;JPN;GBR;FRA;BRA;EST/indicator/IT.NET.USER.ZS?format=json&per_page=1000,2026-09-28T17:23:18.506Z,{}
IT.NET.USER.ZS,IT.NET.USER.ZS--pol,Polska,POL,Individuals using the Internet (% of population),2009-12-31,2009,year,2009-01-01,58.97,% populacji,annual,observed,https://api.worldbank.org/v2/country/POL;WLD;USA;CHN;DEU;IND;KOR;JPN;GBR;FRA;BRA;EST/indicator/IT.NET.USER.ZS?format=json&per_page=1000,2026-09-28T17:23:18.506Z,{}
IT.NET.USER.ZS,IT.NET.USER.ZS--usa,USA,USA,Individuals using the Internet (% of population),2009-12-31,2009,year,2009-01-01,71,% populacji,annual,observed,https://api.worldbank.org/v2/country/POL;WLD;USA;CHN;DEU;IND;KOR;JPN;GBR;FRA;BRA;EST/indicator/IT.NET.USER.ZS?format=json&per_page=1000,2026-09-28T17:23:18.506Z,{}
IT.NET.USER.ZS,IT.NET.USER.ZS--wld,Świat,WLD,Individuals using the Internet (% of population),2009-12-31,2009,year,2009-01-01,25.3,% populacji,annual,observed,https://api.worldbank.org/v2/country/POL;WLD;USA;CHN;DEU;IND;KOR;JPN;GBR;FRA;BRA;EST/indicator/IT.NET.USER.ZS?format=json&per_page=1000,2026-09-28T17:23:18.506Z,{}
IT.NET.USER.ZS,IT.NET.USER.ZS--bra,Brazylia,BRA,Individuals using the Internet (% of population),2010-12-31,2010,year,2010-01-01,40.65,% populacji,annual,observed,https://api.worldbank.org/v2/country/POL;WLD;USA;CHN;DEU;IND;KOR;JPN;GBR;FRA;BRA;EST/indicator/IT.NET.USER.ZS?format=json&per_page=1000,2026-09-28T17:23:18.506Z,{}
IT.NET.USER.ZS,IT.NET.USER.ZS--chn,Chiny,CHN,Individuals using the Internet (% of population),2010-12-31,2010,year,2010-01-01,34.3,% populacji,annual,observed,https://api.worldbank.org/v2/country/POL;WLD;USA;CHN;DEU;IND;KOR;JPN;GBR;FRA;BRA;EST/indicator/IT.NET.USER.ZS?format=json&per_page=1000,2026-09-28T17:23:18.506Z,{}
IT.NET.USER.ZS,IT.NET.USER.ZS--deu,Niemcy,DEU,Individuals using the Internet (% of population),2010-12-31,2010,year,2010-01-01,82,% populacji,annual,observed,https://api.worldbank.org/v2/country/POL;WLD;USA;CHN;DEU;IND;KOR;JPN;GBR;FRA;BRA;EST/indicator/IT.NET.USER.ZS?format=json&per_page=1000,2026-09-28T17:23:18.506Z,{}
IT.NET.USER.ZS,IT.NET.USER.ZS--est,Estonia,EST,Individuals using the Internet (% of population),2010-12-31,2010,year,2010-01-01,74.1,% populacji,annual,observed,https://api.worldbank.org/v2/country/POL;WLD;USA;CHN;DEU;IND;KOR;JPN;GBR;FRA;BRA;EST/indicator/IT.NET.USER.ZS?format=json&per_page=1000,2026-09-28T17:23:18.506Z,{}
IT.NET.USER.ZS,IT.NET.USER.ZS--fra,Francja,FRA,Individuals using the Internet (% of population),2010-12-31,2010,year,2010-01-01,77.28,% populacji,annual,observed,https://api.worldbank.org/v2/country/POL;WLD;USA;CHN;DEU;IND;KOR;JPN;GBR;FRA;BRA;EST/indicator/IT.NET.USER.ZS?format=json&per_page=1000,2026-09-28T17:23:18.506Z,{}
IT.NET.USER.ZS,IT.NET.USER.ZS--gbr,Wielka Brytania,GBR,Individuals using the Internet (% of population),2010-12-31,2010,year,2010-01-01,85,% populacji,annual,observed,https://api.worldbank.org/v2/country/POL;WLD;USA;CHN;DEU;IND;KOR;JPN;GBR;FRA;BRA;EST/indicator/IT.NET.USER.ZS?format=json&per_page=1000,2026-09-28T17:23:18.506Z,{}
IT.NET.USER.ZS,IT.NET.USER.ZS--ind,Indie,IND,Individuals using the Internet (% of population),2010-12-31,2010,year,2010-01-01,7.5,% populacji,annual,observed,https://api.worldbank.org/v2/country/POL;WLD;USA;CHN;DEU;IND;KOR;JPN;GBR;FRA;BRA;EST/indicator/IT.NET.USER.ZS?format=json&per_page=1000,2026-09-28T17:23:18.506Z,{}
IT.NET.USER.ZS,IT.NET.USER.ZS--jpn,Japonia,JPN,Individuals using the Internet (% of population),2010-12-31,2010,year,2010-01-01,78.21,% populacji,annual,observed,https://api.worldbank.org/v2/country/POL;WLD;USA;CHN;DEU;IND;KOR;JPN;GBR;FRA;BRA;EST/indicator/IT.NET.USER.ZS?format=json&per_page=1000,2026-09-28T17:23:18.506Z,{}
IT.NET.USER.ZS,IT.NET.USER.ZS--kor,Korea Płd.,KOR,Individuals using the Internet (% of population),2010-12-31,2010,year,2010-01-01,83.7,% populacji,annual,observed,https://api.worldbank.org/v2/country/POL;WLD;USA;CHN;DEU;IND;KOR;JPN;GBR;FRA;BRA;EST/indicator/IT.NET.USER.ZS?format=json&per_page=1000,2026-09-28T17:23:18.506Z,{}
IT.NET.USER.ZS,IT.NET.USER.ZS--pol,Polska,POL,Individuals using the Internet (% of population),2010-12-31,2010,year,2010-01-01,62.32,% populacji,annual,observed,https://api.worldbank.org/v2/country/POL;WLD;USA;CHN;DEU;IND;KOR;JPN;GBR;FRA;BRA;EST/indicator/IT.NET.USER.ZS?format=json&per_page=1000,2026-09-28T17:23:18.506Z,{}
IT.NET.USER.ZS,IT.NET.USER.ZS--usa,USA,USA,Individuals using the Internet (% of population),2010-12-31,2010,year,2010-01-01,71.69,% populacji,annual,observed,https://api.worldbank.org/v2/country/POL;WLD;USA;CHN;DEU;IND;KOR;JPN;GBR;FRA;BRA;EST/indicator/IT.NET.USER.ZS?format=json&per_page=1000,2026-09-28T17:23:18.506Z,{}
IT.NET.USER.ZS,IT.NET.USER.ZS--wld,Świat,WLD,Individuals using the Internet (% of population),2010-12-31,2010,year,2010-01-01,28.4,% populacji,annual,observed,https://api.worldbank.org/v2/country/POL;WLD;USA;CHN;DEU;IND;KOR;JPN;GBR;FRA;BRA;EST/indicator/IT.NET.USER.ZS?format=json&per_page=1000,2026-09-28T17:23:18.506Z,{}
IT.NET.USER.ZS,IT.NET.USER.ZS--bra,Brazylia,BRA,Individuals using the Internet (% of population),2011-12-31,2011,year,2011-01-01,45.69,% populacji,annual,observed,https://api.worldbank.org/v2/country/POL;WLD;USA;CHN;DEU;IND;KOR;JPN;GBR;FRA;BRA;EST/indicator/IT.NET.USER.ZS?format=json&per_page=1000,2026-09-28T17:23:18.506Z,{}
IT.NET.USER.ZS,IT.NET.USER.ZS--chn,Chiny,CHN,Individuals using the Internet (% of population),2011-12-31,2011,year,2011-01-01,38.3,% populacji,annual,observed,https://api.worldbank.org/v2/country/POL;WLD;USA;CHN;DEU;IND;KOR;JPN;GBR;FRA;BRA;EST/indicator/IT.NET.USER.ZS?format=json&per_page=1000,2026-09-28T17:23:18.506Z,{}
IT.NET.USER.ZS,IT.NET.USER.ZS--deu,Niemcy,DEU,Individuals using the Internet (% of population),2011-12-31,2011,year,2011-01-01,81.26999953602,% populacji,annual,observed,https://api.worldbank.org/v2/country/POL;WLD;USA;CHN;DEU;IND;KOR;JPN;GBR;FRA;BRA;EST/indicator/IT.NET.USER.ZS?format=json&per_page=1000,2026-09-28T17:23:18.506Z,{}
IT.NET.USER.ZS,IT.NET.USER.ZS--est,Estonia,EST,Individuals using the Internet (% of population),2011-12-31,2011,year,2011-01-01,76.5,% populacji,annual,observed,https://api.worldbank.org/v2/country/POL;WLD;USA;CHN;DEU;IND;KOR;JPN;GBR;FRA;BRA;EST/indicator/IT.NET.USER.ZS?format=json&per_page=1000,2026-09-28T17:23:18.506Z,{}
IT.NET.USER.ZS,IT.NET.USER.ZS--fra,Francja,FRA,Individuals using the Internet (% of population),2011-12-31,2011,year,2011-01-01,77.8199989926706,% populacji,annual,observed,https://api.worldbank.org/v2/country/POL;WLD;USA;CHN;DEU;IND;KOR;JPN;GBR;FRA;BRA;EST/indicator/IT.NET.USER.ZS?format=json&per_page=1000,2026-09-28T17:23:18.506Z,{}
IT.NET.USER.ZS,IT.NET.USER.ZS--gbr,Wielka Brytania,GBR,Individuals using the Internet (% of population),2011-12-31,2011,year,2011-01-01,85.3799985496322,% populacji,annual,observed,https://api.worldbank.org/v2/country/POL;WLD;USA;CHN;DEU;IND;KOR;JPN;GBR;FRA;BRA;EST/indicator/IT.NET.USER.ZS?format=json&per_page=1000,2026-09-28T17:23:18.506Z,{}
IT.NET.USER.ZS,IT.NET.USER.ZS--ind,Indie,IND,Individuals using the Internet (% of population),2011-12-31,2011,year,2011-01-01,10.07,% populacji,annual,observed,https://api.worldbank.org/v2/country/POL;WLD;USA;CHN;DEU;IND;KOR;JPN;GBR;FRA;BRA;EST/indicator/IT.NET.USER.ZS?format=json&per_page=1000,2026-09-28T17:23:18.506Z,{}
IT.NET.USER.ZS,IT.NET.USER.ZS--jpn,Japonia,JPN,Individuals using the Internet (% of population),2011-12-31,2011,year,2011-01-01,79.0541135244739,% populacji,annual,observed,https://api.worldbank.org/v2/country/POL;WLD;USA;CHN;DEU;IND;KOR;JPN;GBR;FRA;BRA;EST/indicator/IT.NET.USER.ZS?format=json&per_page=1000,2026-09-28T17:23:18.506Z,{}
IT.NET.USER.ZS,IT.NET.USER.ZS--kor,Korea Płd.,KOR,Individuals using the Internet (% of population),2011-12-31,2011,year,2011-01-01,83.7591201534472,% populacji,annual,observed,https://api.worldbank.org/v2/country/POL;WLD;USA;CHN;DEU;IND;KOR;JPN;GBR;FRA;BRA;EST/indicator/IT.NET.USER.ZS?format=json&per_page=1000,2026-09-28T17:23:18.506Z,{}
IT.NET.USER.ZS,IT.NET.USER.ZS--pol,Polska,POL,Individuals using the Internet (% of population),2011-12-31,2011,year,2011-01-01,61.94999896898,% populacji,annual,observed,https://api.worldbank.org/v2/country/POL;WLD;USA;CHN;DEU;IND;KOR;JPN;GBR;FRA;BRA;EST/indicator/IT.NET.USER.ZS?format=json&per_page=1000,2026-09-28T17:23:18.506Z,{}
IT.NET.USER.ZS,IT.NET.USER.ZS--usa,USA,USA,Individuals using the Internet (% of population),2011-12-31,2011,year,2011-01-01,69.7294607619268,% populacji,annual,observed,https://api.worldbank.org/v2/country/POL;WLD;USA;CHN;DEU;IND;KOR;JPN;GBR;FRA;BRA;EST/indicator/IT.NET.USER.ZS?format=json&per_page=1000,2026-09-28T17:23:18.506Z,{}
IT.NET.USER.ZS,IT.NET.USER.ZS--wld,Świat,WLD,Individuals using the Internet (% of population),2011-12-31,2011,year,2011-01-01,30.9,% populacji,annual,observed,https://api.worldbank.org/v2/country/POL;WLD;USA;CHN;DEU;IND;KOR;JPN;GBR;FRA;BRA;EST/indicator/IT.NET.USER.ZS?format=json&per_page=1000,2026-09-28T17:23:18.506Z,{}
IT.NET.USER.ZS,IT.NET.USER.ZS--bra,Brazylia,BRA,Individuals using the Internet (% of population),2012-12-31,2012,year,2012-01-01,48.56,% populacji,annual,observed,https://api.worldbank.org/v2/country/POL;WLD;USA;CHN;DEU;IND;KOR;JPN;GBR;FRA;BRA;EST/indicator/IT.NET.USER.ZS?format=json&per_page=1000,2026-09-28T17:23:18.506Z,{}
IT.NET.USER.ZS,IT.NET.USER.ZS--chn,Chiny,CHN,Individuals using the Internet (% of population),2012-12-31,2012,year,2012-01-01,42.30009842,% populacji,annual,observed,https://api.worldbank.org/v2/country/POL;WLD;USA;CHN;DEU;IND;KOR;JPN;GBR;FRA;BRA;EST/indicator/IT.NET.USER.ZS?format=json&per_page=1000,2026-09-28T17:23:18.506Z,{}
IT.NET.USER.ZS,IT.NET.USER.ZS--deu,Niemcy,DEU,Individuals using the Internet (% of population),2012-12-31,2012,year,2012-01-01,82.3499984738392,% populacji,annual,observed,https://api.worldbank.org/v2/country/POL;WLD;USA;CHN;DEU;IND;KOR;JPN;GBR;FRA;BRA;EST/indicator/IT.NET.USER.ZS?format=json&per_page=1000,2026-09-28T17:23:18.506Z,{}
IT.NET.USER.ZS,IT.NET.USER.ZS--est,Estonia,EST,Individuals using the Internet (% of population),2012-12-31,2012,year,2012-01-01,78.3899259259259,% populacji,annual,observed,https://api.worldbank.org/v2/country/POL;WLD;USA;CHN;DEU;IND;KOR;JPN;GBR;FRA;BRA;EST/indicator/IT.NET.USER.ZS?format=json&per_page=1000,2026-09-28T17:23:18.506Z,{}
IT.NET.USER.ZS,IT.NET.USER.ZS--fra,Francja,FRA,Individuals using the Internet (% of population),2012-12-31,2012,year,2012-01-01,81.44,% populacji,annual,observed,https://api.worldbank.org/v2/country/POL;WLD;USA;CHN;DEU;IND;KOR;JPN;GBR;FRA;BRA;EST/indicator/IT.NET.USER.ZS?format=json&per_page=1000,2026-09-28T17:23:18.506Z,{}
IT.NET.USER.ZS,IT.NET.USER.ZS--gbr,Wielka Brytania,GBR,Individuals using the Internet (% of population),2012-12-31,2012,year,2012-01-01,87.4799984242111,% populacji,annual,observed,https://api.worldbank.org/v2/country/POL;WLD;USA;CHN;DEU;IND;KOR;JPN;GBR;FRA;BRA;EST/indicator/IT.NET.USER.ZS?format=json&per_page=1000,2026-09-28T17:23:18.506Z,{}
IT.NET.USER.ZS,IT.NET.USER.ZS--ind,Indie,IND,Individuals using the Internet (% of population),2012-12-31,2012,year,2012-01-01,11.10000038,% populacji,annual,observed,https://api.worldbank.org/v2/country/POL;WLD;USA;CHN;DEU;IND;KOR;JPN;GBR;FRA;BRA;EST/indicator/IT.NET.USER.ZS?format=json&per_page=1000,2026-09-28T17:23:18.506Z,{}
IT.NET.USER.ZS,IT.NET.USER.ZS--jpn,Japonia,JPN,Individuals using the Internet (% of population),2012-12-31,2012,year,2012-01-01,79.4964,% populacji,annual,observed,https://api.worldbank.org/v2/country/POL;WLD;USA;CHN;DEU;IND;KOR;JPN;GBR;FRA;BRA;EST/indicator/IT.NET.USER.ZS?format=json&per_page=1000,2026-09-28T17:23:18.506Z,{}
IT.NET.USER.ZS,IT.NET.USER.ZS--kor,Korea Płd.,KOR,Individuals using the Internet (% of population),2012-12-31,2012,year,2012-01-01,84.07,% populacji,annual,observed,https://api.worldbank.org/v2/country/POL;WLD;USA;CHN;DEU;IND;KOR;JPN;GBR;FRA;BRA;EST/indicator/IT.NET.USER.ZS?format=json&per_page=1000,2026-09-28T17:23:18.506Z,{}
IT.NET.USER.ZS,IT.NET.USER.ZS--pol,Polska,POL,Individuals using the Internet (% of population),2012-12-31,2012,year,2012-01-01,62.3099972714691,% populacji,annual,observed,https://api.worldbank.org/v2/country/POL;WLD;USA;CHN;DEU;IND;KOR;JPN;GBR;FRA;BRA;EST/indicator/IT.NET.USER.ZS?format=json&per_page=1000,2026-09-28T17:23:18.506Z,{}
IT.NET.USER.ZS,IT.NET.USER.ZS--usa,USA,USA,Individuals using the Internet (% of population),2012-12-31,2012,year,2012-01-01,74.7,% populacji,annual,observed,https://api.worldbank.org/v2/country/POL;WLD;USA;CHN;DEU;IND;KOR;JPN;GBR;FRA;BRA;EST/indicator/IT.NET.USER.ZS?format=json&per_page=1000,2026-09-28T17:23:18.506Z,{}
IT.NET.USER.ZS,IT.NET.USER.ZS--wld,Świat,WLD,Individuals using the Internet (% of population),2012-12-31,2012,year,2012-01-01,33.3,% populacji,annual,observed,https://api.worldbank.org/v2/country/POL;WLD;USA;CHN;DEU;IND;KOR;JPN;GBR;FRA;BRA;EST/indicator/IT.NET.USER.ZS?format=json&per_page=1000,2026-09-28T17:23:18.506Z,{}
IT.NET.USER.ZS,IT.NET.USER.ZS--bra,Brazylia,BRA,Individuals using the Internet (% of population),2013-12-31,2013,year,2013-01-01,51.04,% populacji,annual,observed,https://api.worldbank.org/v2/country/POL;WLD;USA;CHN;DEU;IND;KOR;JPN;GBR;FRA;BRA;EST/indicator/IT.NET.USER.ZS?format=json&per_page=1000,2026-09-28T17:23:18.506Z,{}
IT.NET.USER.ZS,IT.NET.USER.ZS--chn,Chiny,CHN,Individuals using the Internet (% of population),2013-12-31,2013,year,2013-01-01,45.79999924,% populacji,annual,observed,https://api.worldbank.org/v2/country/POL;WLD;USA;CHN;DEU;IND;KOR;JPN;GBR;FRA;BRA;EST/indicator/IT.NET.USER.ZS?format=json&per_page=1000,2026-09-28T17:23:18.506Z,{}
IT.NET.USER.ZS,IT.NET.USER.ZS--deu,Niemcy,DEU,Individuals using the Internet (% of population),2013-12-31,2013,year,2013-01-01,84.17,% populacji,annual,observed,https://api.worldbank.org/v2/country/POL;WLD;USA;CHN;DEU;IND;KOR;JPN;GBR;FRA;BRA;EST/indicator/IT.NET.USER.ZS?format=json&per_page=1000,2026-09-28T17:23:18.506Z,{}
IT.NET.USER.ZS,IT.NET.USER.ZS--est,Estonia,EST,Individuals using the Internet (% of population),2013-12-31,2013,year,2013-01-01,80.0043,% populacji,annual,observed,https://api.worldbank.org/v2/country/POL;WLD;USA;CHN;DEU;IND;KOR;JPN;GBR;FRA;BRA;EST/indicator/IT.NET.USER.ZS?format=json&per_page=1000,2026-09-28T17:23:18.506Z,{}
IT.NET.USER.ZS,IT.NET.USER.ZS--fra,Francja,FRA,Individuals using the Internet (% of population),2013-12-31,2013,year,2013-01-01,81.9198,% populacji,annual,observed,https://api.worldbank.org/v2/country/POL;WLD;USA;CHN;DEU;IND;KOR;JPN;GBR;FRA;BRA;EST/indicator/IT.NET.USER.ZS?format=json&per_page=1000,2026-09-28T17:23:18.506Z,{}
IT.NET.USER.ZS,IT.NET.USER.ZS--gbr,Wielka Brytania,GBR,Individuals using the Internet (% of population),2013-12-31,2013,year,2013-01-01,89.8441,% populacji,annual,observed,https://api.worldbank.org/v2/country/POL;WLD;USA;CHN;DEU;IND;KOR;JPN;GBR;FRA;BRA;EST/indicator/IT.NET.USER.ZS?format=json&per_page=1000,2026-09-28T17:23:18.506Z,{}
IT.NET.USER.ZS,IT.NET.USER.ZS--ind,Indie,IND,Individuals using the Internet (% of population),2013-12-31,2013,year,2013-01-01,12.30000019,% populacji,annual,observed,https://api.worldbank.org/v2/country/POL;WLD;USA;CHN;DEU;IND;KOR;JPN;GBR;FRA;BRA;EST/indicator/IT.NET.USER.ZS?format=json&per_page=1000,2026-09-28T17:23:18.506Z,{}
IT.NET.USER.ZS,IT.NET.USER.ZS--jpn,Japonia,JPN,Individuals using the Internet (% of population),2013-12-31,2013,year,2013-01-01,88.219428911,% populacji,annual,observed,https://api.worldbank.org/v2/country/POL;WLD;USA;CHN;DEU;IND;KOR;JPN;GBR;FRA;BRA;EST/indicator/IT.NET.USER.ZS?format=json&per_page=1000,2026-09-28T17:23:18.506Z,{}
IT.NET.USER.ZS,IT.NET.USER.ZS--kor,Korea Płd.,KOR,Individuals using the Internet (% of population),2013-12-31,2013,year,2013-01-01,84.77,% populacji,annual,observed,https://api.worldbank.org/v2/country/POL;WLD;USA;CHN;DEU;IND;KOR;JPN;GBR;FRA;BRA;EST/indicator/IT.NET.USER.ZS?format=json&per_page=1000,2026-09-28T17:23:18.506Z,{}
IT.NET.USER.ZS,IT.NET.USER.ZS--pol,Polska,POL,Individuals using the Internet (% of population),2013-12-31,2013,year,2013-01-01,62.8492,% populacji,annual,observed,https://api.worldbank.org/v2/country/POL;WLD;USA;CHN;DEU;IND;KOR;JPN;GBR;FRA;BRA;EST/indicator/IT.NET.USER.ZS?format=json&per_page=1000,2026-09-28T17:23:18.506Z,{}
IT.NET.USER.ZS,IT.NET.USER.ZS--usa,USA,USA,Individuals using the Internet (% of population),2013-12-31,2013,year,2013-01-01,71.4,% populacji,annual,observed,https://api.worldbank.org/v2/country/POL;WLD;USA;CHN;DEU;IND;KOR;JPN;GBR;FRA;BRA;EST/indicator/IT.NET.USER.ZS?format=json&per_page=1000,2026-09-28T17:23:18.506Z,{}
IT.NET.USER.ZS,IT.NET.USER.ZS--wld,Świat,WLD,Individuals using the Internet (% of population),2013-12-31,2013,year,2013-01-01,35.3,% populacji,annual,observed,https://api.worldbank.org/v2/country/POL;WLD;USA;CHN;DEU;IND;KOR;JPN;GBR;FRA;BRA;EST/indicator/IT.NET.USER.ZS?format=json&per_page=1000,2026-09-28T17:23:18.506Z,{}
IT.NET.USER.ZS,IT.NET.USER.ZS--bra,Brazylia,BRA,Individuals using the Internet (% of population),2014-12-31,2014,year,2014-01-01,54.5510018796392,% populacji,annual,observed,https://api.worldbank.org/v2/country/POL;WLD;USA;CHN;DEU;IND;KOR;JPN;GBR;FRA;BRA;EST/indicator/IT.NET.USER.ZS?format=json&per_page=1000,2026-09-28T17:23:18.506Z,{}
IT.NET.USER.ZS,IT.NET.USER.ZS--chn,Chiny,CHN,Individuals using the Internet (% of population),2014-12-31,2014,year,2014-01-01,47.90000153,% populacji,annual,observed,https://api.worldbank.org/v2/country/POL;WLD;USA;CHN;DEU;IND;KOR;JPN;GBR;FRA;BRA;EST/indicator/IT.NET.USER.ZS?format=json&per_page=1000,2026-09-28T17:23:18.506Z,{}
IT.NET.USER.ZS,IT.NET.USER.ZS--deu,Niemcy,DEU,Individuals using the Internet (% of population),2014-12-31,2014,year,2014-01-01,86.1937006578756,% populacji,annual,observed,https://api.worldbank.org/v2/country/POL;WLD;USA;CHN;DEU;IND;KOR;JPN;GBR;FRA;BRA;EST/indicator/IT.NET.USER.ZS?format=json&per_page=1000,2026-09-28T17:23:18.506Z,{}
IT.NET.USER.ZS,IT.NET.USER.ZS--est,Estonia,EST,Individuals using the Internet (% of population),2014-12-31,2014,year,2014-01-01,84.2415280294352,% populacji,annual,observed,https://api.worldbank.org/v2/country/POL;WLD;USA;CHN;DEU;IND;KOR;JPN;GBR;FRA;BRA;EST/indicator/IT.NET.USER.ZS?format=json&per_page=1000,2026-09-28T17:23:18.506Z,{}
IT.NET.USER.ZS,IT.NET.USER.ZS--fra,Francja,FRA,Individuals using the Internet (% of population),2014-12-31,2014,year,2014-01-01,83.7510996681821,% populacji,annual,observed,https://api.worldbank.org/v2/country/POL;WLD;USA;CHN;DEU;IND;KOR;JPN;GBR;FRA;BRA;EST/indicator/IT.NET.USER.ZS?format=json&per_page=1000,2026-09-28T17:23:18.506Z,{}
IT.NET.USER.ZS,IT.NET.USER.ZS--gbr,Wielka Brytania,GBR,Individuals using the Internet (% of population),2014-12-31,2014,year,2014-01-01,91.6133009176453,% populacji,annual,observed,https://api.worldbank.org/v2/country/POL;WLD;USA;CHN;DEU;IND;KOR;JPN;GBR;FRA;BRA;EST/indicator/IT.NET.USER.ZS?format=json&per_page=1000,2026-09-28T17:23:18.506Z,{}
IT.NET.USER.ZS,IT.NET.USER.ZS--ind,Indie,IND,Individuals using the Internet (% of population),2014-12-31,2014,year,2014-01-01,13.5,% populacji,annual,observed,https://api.worldbank.org/v2/country/POL;WLD;USA;CHN;DEU;IND;KOR;JPN;GBR;FRA;BRA;EST/indicator/IT.NET.USER.ZS?format=json&per_page=1000,2026-09-28T17:23:18.506Z,{}
IT.NET.USER.ZS,IT.NET.USER.ZS--jpn,Japonia,JPN,Individuals using the Internet (% of population),2014-12-31,2014,year,2014-01-01,89.1068330166075,% populacji,annual,observed,https://api.worldbank.org/v2/country/POL;WLD;USA;CHN;DEU;IND;KOR;JPN;GBR;FRA;BRA;EST/indicator/IT.NET.USER.ZS?format=json&per_page=1000,2026-09-28T17:23:18.506Z,{}
IT.NET.USER.ZS,IT.NET.USER.ZS--kor,Korea Płd.,KOR,Individuals using the Internet (% of population),2014-12-31,2014,year,2014-01-01,87.5568264944747,% populacji,annual,observed,https://api.worldbank.org/v2/country/POL;WLD;USA;CHN;DEU;IND;KOR;JPN;GBR;FRA;BRA;EST/indicator/IT.NET.USER.ZS?format=json&per_page=1000,2026-09-28T17:23:18.506Z,{}
IT.NET.USER.ZS,IT.NET.USER.ZS--pol,Polska,POL,Individuals using the Internet (% of population),2014-12-31,2014,year,2014-01-01,66.5987360557248,% populacji,annual,observed,https://api.worldbank.org/v2/country/POL;WLD;USA;CHN;DEU;IND;KOR;JPN;GBR;FRA;BRA;EST/indicator/IT.NET.USER.ZS?format=json&per_page=1000,2026-09-28T17:23:18.506Z,{}
IT.NET.USER.ZS,IT.NET.USER.ZS--usa,USA,USA,Individuals using the Internet (% of population),2014-12-31,2014,year,2014-01-01,73,% populacji,annual,observed,https://api.worldbank.org/v2/country/POL;WLD;USA;CHN;DEU;IND;KOR;JPN;GBR;FRA;BRA;EST/indicator/IT.NET.USER.ZS?format=json&per_page=1000,2026-09-28T17:23:18.506Z,{}
IT.NET.USER.ZS,IT.NET.USER.ZS--wld,Świat,WLD,Individuals using the Internet (% of population),2014-12-31,2014,year,2014-01-01,37.4,% populacji,annual,observed,https://api.worldbank.org/v2/country/POL;WLD;USA;CHN;DEU;IND;KOR;JPN;GBR;FRA;BRA;EST/indicator/IT.NET.USER.ZS?format=json&per_page=1000,2026-09-28T17:23:18.506Z,{}
IT.NET.USER.ZS,IT.NET.USER.ZS--bra,Brazylia,BRA,Individuals using the Internet (% of population),2015-12-31,2015,year,2015-01-01,58.3279517340924,% populacji,annual,observed,https://api.worldbank.org/v2/country/POL;WLD;USA;CHN;DEU;IND;KOR;JPN;GBR;FRA;BRA;EST/indicator/IT.NET.USER.ZS?format=json&per_page=1000,2026-09-28T17:23:18.506Z,{}
IT.NET.USER.ZS,IT.NET.USER.ZS--chn,Chiny,CHN,Individuals using the Internet (% of population),2015-12-31,2015,year,2015-01-01,50.29999924,% populacji,annual,observed,https://api.worldbank.org/v2/country/POL;WLD;USA;CHN;DEU;IND;KOR;JPN;GBR;FRA;BRA;EST/indicator/IT.NET.USER.ZS?format=json&per_page=1000,2026-09-28T17:23:18.506Z,{}
IT.NET.USER.ZS,IT.NET.USER.ZS--deu,Niemcy,DEU,Individuals using the Internet (% of population),2015-12-31,2015,year,2015-01-01,87.5897993525767,% populacji,annual,observed,https://api.worldbank.org/v2/country/POL;WLD;USA;CHN;DEU;IND;KOR;JPN;GBR;FRA;BRA;EST/indicator/IT.NET.USER.ZS?format=json&per_page=1000,2026-09-28T17:23:18.506Z,{}
IT.NET.USER.ZS,IT.NET.USER.ZS--est,Estonia,EST,Individuals using the Internet (% of population),2015-12-31,2015,year,2015-01-01,88.4097035040431,% populacji,annual,observed,https://api.worldbank.org/v2/country/POL;WLD;USA;CHN;DEU;IND;KOR;JPN;GBR;FRA;BRA;EST/indicator/IT.NET.USER.ZS?format=json&per_page=1000,2026-09-28T17:23:18.506Z,{}
IT.NET.USER.ZS,IT.NET.USER.ZS--fra,Francja,FRA,Individuals using the Internet (% of population),2015-12-31,2015,year,2015-01-01,78.0060377071902,% populacji,annual,observed,https://api.worldbank.org/v2/country/POL;WLD;USA;CHN;DEU;IND;KOR;JPN;GBR;FRA;BRA;EST/indicator/IT.NET.USER.ZS?format=json&per_page=1000,2026-09-28T17:23:18.506Z,{}
IT.NET.USER.ZS,IT.NET.USER.ZS--gbr,Wielka Brytania,GBR,Individuals using the Internet (% of population),2015-12-31,2015,year,2015-01-01,92.0002998740234,% populacji,annual,observed,https://api.worldbank.org/v2/country/POL;WLD;USA;CHN;DEU;IND;KOR;JPN;GBR;FRA;BRA;EST/indicator/IT.NET.USER.ZS?format=json&per_page=1000,2026-09-28T17:23:18.506Z,{}
IT.NET.USER.ZS,IT.NET.USER.ZS--ind,Indie,IND,Individuals using the Internet (% of population),2015-12-31,2015,year,2015-01-01,14.89999962,% populacji,annual,observed,https://api.worldbank.org/v2/country/POL;WLD;USA;CHN;DEU;IND;KOR;JPN;GBR;FRA;BRA;EST/indicator/IT.NET.USER.ZS?format=json&per_page=1000,2026-09-28T17:23:18.506Z,{}
IT.NET.USER.ZS,IT.NET.USER.ZS--jpn,Japonia,JPN,Individuals using the Internet (% of population),2015-12-31,2015,year,2015-01-01,91.0580283929962,% populacji,annual,observed,https://api.worldbank.org/v2/country/POL;WLD;USA;CHN;DEU;IND;KOR;JPN;GBR;FRA;BRA;EST/indicator/IT.NET.USER.ZS?format=json&per_page=1000,2026-09-28T17:23:18.506Z,{}
IT.NET.USER.ZS,IT.NET.USER.ZS--kor,Korea Płd.,KOR,Individuals using the Internet (% of population),2015-12-31,2015,year,2015-01-01,89.8962557995106,% populacji,annual,observed,https://api.worldbank.org/v2/country/POL;WLD;USA;CHN;DEU;IND;KOR;JPN;GBR;FRA;BRA;EST/indicator/IT.NET.USER.ZS?format=json&per_page=1000,2026-09-28T17:23:18.506Z,{}
IT.NET.USER.ZS,IT.NET.USER.ZS--pol,Polska,POL,Individuals using the Internet (% of population),2015-12-31,2015,year,2015-01-01,67.9969871556415,% populacji,annual,observed,https://api.worldbank.org/v2/country/POL;WLD;USA;CHN;DEU;IND;KOR;JPN;GBR;FRA;BRA;EST/indicator/IT.NET.USER.ZS?format=json&per_page=1000,2026-09-28T17:23:18.506Z,{}
IT.NET.USER.ZS,IT.NET.USER.ZS--usa,USA,USA,Individuals using the Internet (% of population),2015-12-31,2015,year,2015-01-01,74.5542024462761,% populacji,annual,observed,https://api.worldbank.org/v2/country/POL;WLD;USA;CHN;DEU;IND;KOR;JPN;GBR;FRA;BRA;EST/indicator/IT.NET.USER.ZS?format=json&per_page=1000,2026-09-28T17:23:18.506Z,{}
IT.NET.USER.ZS,IT.NET.USER.ZS--wld,Świat,WLD,Individuals using the Internet (% of population),2015-12-31,2015,year,2015-01-01,39.9,% populacji,annual,observed,https://api.worldbank.org/v2/country/POL;WLD;USA;CHN;DEU;IND;KOR;JPN;GBR;FRA;BRA;EST/indicator/IT.NET.USER.ZS?format=json&per_page=1000,2026-09-28T17:23:18.506Z,{}
IT.NET.USER.ZS,IT.NET.USER.ZS--bra,Brazylia,BRA,Individuals using the Internet (% of population),2016-12-31,2016,year,2016-01-01,60.8725400681261,% populacji,annual,observed,https://api.worldbank.org/v2/country/POL;WLD;USA;CHN;DEU;IND;KOR;JPN;GBR;FRA;BRA;EST/indicator/IT.NET.USER.ZS?format=json&per_page=1000,2026-09-28T17:23:18.506Z,{}
IT.NET.USER.ZS,IT.NET.USER.ZS--chn,Chiny,CHN,Individuals using the Internet (% of population),2016-12-31,2016,year,2016-01-01,53.2,% populacji,annual,observed,https://api.worldbank.org/v2/country/POL;WLD;USA;CHN;DEU;IND;KOR;JPN;GBR;FRA;BRA;EST/indicator/IT.NET.USER.ZS?format=json&per_page=1000,2026-09-28T17:23:18.506Z,{}
IT.NET.USER.ZS,IT.NET.USER.ZS--deu,Niemcy,DEU,Individuals using the Internet (% of population),2016-12-31,2016,year,2016-01-01,84.1652066441212,% populacji,annual,observed,https://api.worldbank.org/v2/country/POL;WLD;USA;CHN;DEU;IND;KOR;JPN;GBR;FRA;BRA;EST/indicator/IT.NET.USER.ZS?format=json&per_page=1000,2026-09-28T17:23:18.506Z,{}
IT.NET.USER.ZS,IT.NET.USER.ZS--est,Estonia,EST,Individuals using the Internet (% of population),2016-12-31,2016,year,2016-01-01,87.2402327514547,% populacji,annual,observed,https://api.worldbank.org/v2/country/POL;WLD;USA;CHN;DEU;IND;KOR;JPN;GBR;FRA;BRA;EST/indicator/IT.NET.USER.ZS?format=json&per_page=1000,2026-09-28T17:23:18.506Z,{}
IT.NET.USER.ZS,IT.NET.USER.ZS--fra,Francja,FRA,Individuals using the Internet (% of population),2016-12-31,2016,year,2016-01-01,79.2698113207547,% populacji,annual,observed,https://api.worldbank.org/v2/country/POL;WLD;USA;CHN;DEU;IND;KOR;JPN;GBR;FRA;BRA;EST/indicator/IT.NET.USER.ZS?format=json&per_page=1000,2026-09-28T17:23:18.506Z,{}
IT.NET.USER.ZS,IT.NET.USER.ZS--gbr,Wielka Brytania,GBR,Individuals using the Internet (% of population),2016-12-31,2016,year,2016-01-01,94.7758006318882,% populacji,annual,observed,https://api.worldbank.org/v2/country/POL;WLD;USA;CHN;DEU;IND;KOR;JPN;GBR;FRA;BRA;EST/indicator/IT.NET.USER.ZS?format=json&per_page=1000,2026-09-28T17:23:18.506Z,{}
IT.NET.USER.ZS,IT.NET.USER.ZS--ind,Indie,IND,Individuals using the Internet (% of population),2016-12-31,2016,year,2016-01-01,16.5,% populacji,annual,observed,https://api.worldbank.org/v2/country/POL;WLD;USA;CHN;DEU;IND;KOR;JPN;GBR;FRA;BRA;EST/indicator/IT.NET.USER.ZS?format=json&per_page=1000,2026-09-28T17:23:18.506Z,{}
IT.NET.USER.ZS,IT.NET.USER.ZS--jpn,Japonia,JPN,Individuals using the Internet (% of population),2016-12-31,2016,year,2016-01-01,93.1827212821617,% populacji,annual,observed,https://api.worldbank.org/v2/country/POL;WLD;USA;CHN;DEU;IND;KOR;JPN;GBR;FRA;BRA;EST/indicator/IT.NET.USER.ZS?format=json&per_page=1000,2026-09-28T17:23:18.506Z,{}
IT.NET.USER.ZS,IT.NET.USER.ZS--kor,Korea Płd.,KOR,Individuals using the Internet (% of population),2016-12-31,2016,year,2016-01-01,92.8430256796075,% populacji,annual,observed,https://api.worldbank.org/v2/country/POL;WLD;USA;CHN;DEU;IND;KOR;JPN;GBR;FRA;BRA;EST/indicator/IT.NET.USER.ZS?format=json&per_page=1000,2026-09-28T17:23:18.506Z,{}
IT.NET.USER.ZS,IT.NET.USER.ZS--pol,Polska,POL,Individuals using the Internet (% of population),2016-12-31,2016,year,2016-01-01,73.3007040962669,% populacji,annual,observed,https://api.worldbank.org/v2/country/POL;WLD;USA;CHN;DEU;IND;KOR;JPN;GBR;FRA;BRA;EST/indicator/IT.NET.USER.ZS?format=json&per_page=1000,2026-09-28T17:23:18.506Z,{}
IT.NET.USER.ZS,IT.NET.USER.ZS--usa,USA,USA,Individuals using the Internet (% of population),2016-12-31,2016,year,2016-01-01,85.5444212887222,% populacji,annual,observed,https://api.worldbank.org/v2/country/POL;WLD;USA;CHN;DEU;IND;KOR;JPN;GBR;FRA;BRA;EST/indicator/IT.NET.USER.ZS?format=json&per_page=1000,2026-09-28T17:23:18.506Z,{}
IT.NET.USER.ZS,IT.NET.USER.ZS--wld,Świat,WLD,Individuals using the Internet (% of population),2016-12-31,2016,year,2016-01-01,43.6,% populacji,annual,observed,https://api.worldbank.org/v2/country/POL;WLD;USA;CHN;DEU;IND;KOR;JPN;GBR;FRA;BRA;EST/indicator/IT.NET.USER.ZS?format=json&per_page=1000,2026-09-28T17:23:18.506Z,{}
IT.NET.USER.ZS,IT.NET.USER.ZS--bra,Brazylia,BRA,Individuals using the Internet (% of population),2017-12-31,2017,year,2017-01-01,67.4712845236305,% populacji,annual,observed,https://api.worldbank.org/v2/country/POL;WLD;USA;CHN;DEU;IND;KOR;JPN;GBR;FRA;BRA;EST/indicator/IT.NET.USER.ZS?format=json&per_page=1000,2026-09-28T17:23:18.506Z,{}
IT.NET.USER.ZS,IT.NET.USER.ZS--chn,Chiny,CHN,Individuals using the Internet (% of population),2017-12-31,2017,year,2017-01-01,54.3,% populacji,annual,observed,https://api.worldbank.org/v2/country/POL;WLD;USA;CHN;DEU;IND;KOR;JPN;GBR;FRA;BRA;EST/indicator/IT.NET.USER.ZS?format=json&per_page=1000,2026-09-28T17:23:18.506Z,{}
IT.NET.USER.ZS,IT.NET.USER.ZS--deu,Niemcy,DEU,Individuals using the Internet (% of population),2017-12-31,2017,year,2017-01-01,84.3941537010844,% populacji,annual,observed,https://api.worldbank.org/v2/country/POL;WLD;USA;CHN;DEU;IND;KOR;JPN;GBR;FRA;BRA;EST/indicator/IT.NET.USER.ZS?format=json&per_page=1000,2026-09-28T17:23:18.506Z,{}
IT.NET.USER.ZS,IT.NET.USER.ZS--est,Estonia,EST,Individuals using the Internet (% of population),2017-12-31,2017,year,2017-01-01,88.1024568740199,% populacji,annual,observed,https://api.worldbank.org/v2/country/POL;WLD;USA;CHN;DEU;IND;KOR;JPN;GBR;FRA;BRA;EST/indicator/IT.NET.USER.ZS?format=json&per_page=1000,2026-09-28T17:23:18.506Z,{}
IT.NET.USER.ZS,IT.NET.USER.ZS--fra,Francja,FRA,Individuals using the Internet (% of population),2017-12-31,2017,year,2017-01-01,80.5024597243607,% populacji,annual,observed,https://api.worldbank.org/v2/country/POL;WLD;USA;CHN;DEU;IND;KOR;JPN;GBR;FRA;BRA;EST/indicator/IT.NET.USER.ZS?format=json&per_page=1000,2026-09-28T17:23:18.506Z,{}
IT.NET.USER.ZS,IT.NET.USER.ZS--gbr,Wielka Brytania,GBR,Individuals using the Internet (% of population),2017-12-31,2017,year,2017-01-01,90.4245504868553,% populacji,annual,observed,https://api.worldbank.org/v2/country/POL;WLD;USA;CHN;DEU;IND;KOR;JPN;GBR;FRA;BRA;EST/indicator/IT.NET.USER.ZS?format=json&per_page=1000,2026-09-28T17:23:18.506Z,{}
IT.NET.USER.ZS,IT.NET.USER.ZS--ind,Indie,IND,Individuals using the Internet (% of population),2017-12-31,2017,year,2017-01-01,18.20000076,% populacji,annual,observed,https://api.worldbank.org/v2/country/POL;WLD;USA;CHN;DEU;IND;KOR;JPN;GBR;FRA;BRA;EST/indicator/IT.NET.USER.ZS?format=json&per_page=1000,2026-09-28T17:23:18.506Z,{}
IT.NET.USER.ZS,IT.NET.USER.ZS--jpn,Japonia,JPN,Individuals using the Internet (% of population),2017-12-31,2017,year,2017-01-01,91.7265472366635,% populacji,annual,observed,https://api.worldbank.org/v2/country/POL;WLD;USA;CHN;DEU;IND;KOR;JPN;GBR;FRA;BRA;EST/indicator/IT.NET.USER.ZS?format=json&per_page=1000,2026-09-28T17:23:18.506Z,{}
IT.NET.USER.ZS,IT.NET.USER.ZS--kor,Korea Płd.,KOR,Individuals using the Internet (% of population),2017-12-31,2017,year,2017-01-01,95.0694218761004,% populacji,annual,observed,https://api.worldbank.org/v2/country/POL;WLD;USA;CHN;DEU;IND;KOR;JPN;GBR;FRA;BRA;EST/indicator/IT.NET.USER.ZS?format=json&per_page=1000,2026-09-28T17:23:18.506Z,{}
IT.NET.USER.ZS,IT.NET.USER.ZS--pol,Polska,POL,Individuals using the Internet (% of population),2017-12-31,2017,year,2017-01-01,75.9853659493832,% populacji,annual,observed,https://api.worldbank.org/v2/country/POL;WLD;USA;CHN;DEU;IND;KOR;JPN;GBR;FRA;BRA;EST/indicator/IT.NET.USER.ZS?format=json&per_page=1000,2026-09-28T17:23:18.506Z,{}
IT.NET.USER.ZS,IT.NET.USER.ZS--usa,USA,USA,Individuals using the Internet (% of population),2017-12-31,2017,year,2017-01-01,87.2748891687657,% populacji,annual,observed,https://api.worldbank.org/v2/country/POL;WLD;USA;CHN;DEU;IND;KOR;JPN;GBR;FRA;BRA;EST/indicator/IT.NET.USER.ZS?format=json&per_page=1000,2026-09-28T17:23:18.506Z,{}
IT.NET.USER.ZS,IT.NET.USER.ZS--wld,Świat,WLD,Individuals using the Internet (% of population),2017-12-31,2017,year,2017-01-01,46.3,% populacji,annual,observed,https://api.worldbank.org/v2/country/POL;WLD;USA;CHN;DEU;IND;KOR;JPN;GBR;FRA;BRA;EST/indicator/IT.NET.USER.ZS?format=json&per_page=1000,2026-09-28T17:23:18.506Z,{}
IT.NET.USER.ZS,IT.NET.USER.ZS--bra,Brazylia,BRA,Individuals using the Internet (% of population),2018-12-31,2018,year,2018-01-01,70.4342825404361,% populacji,annual,observed,https://api.worldbank.org/v2/country/POL;WLD;USA;CHN;DEU;IND;KOR;JPN;GBR;FRA;BRA;EST/indicator/IT.NET.USER.ZS?format=json&per_page=1000,2026-09-28T17:23:18.506Z,{}
IT.NET.USER.ZS,IT.NET.USER.ZS--chn,Chiny,CHN,Individuals using the Internet (% of population),2018-12-31,2018,year,2018-01-01,65.35839844,% populacji,annual,observed,https://api.worldbank.org/v2/country/POL;WLD;USA;CHN;DEU;IND;KOR;JPN;GBR;FRA;BRA;EST/indicator/IT.NET.USER.ZS?format=json&per_page=1000,2026-09-28T17:23:18.506Z,{}
IT.NET.USER.ZS,IT.NET.USER.ZS--deu,Niemcy,DEU,Individuals using the Internet (% of population),2018-12-31,2018,year,2018-01-01,87.037112092841,% populacji,annual,observed,https://api.worldbank.org/v2/country/POL;WLD;USA;CHN;DEU;IND;KOR;JPN;GBR;FRA;BRA;EST/indicator/IT.NET.USER.ZS?format=json&per_page=1000,2026-09-28T17:23:18.506Z,{}
IT.NET.USER.ZS,IT.NET.USER.ZS--est,Estonia,EST,Individuals using the Internet (% of population),2018-12-31,2018,year,2018-01-01,89.3570077747426,% populacji,annual,observed,https://api.worldbank.org/v2/country/POL;WLD;USA;CHN;DEU;IND;KOR;JPN;GBR;FRA;BRA;EST/indicator/IT.NET.USER.ZS?format=json&per_page=1000,2026-09-28T17:23:18.506Z,{}
IT.NET.USER.ZS,IT.NET.USER.ZS--fra,Francja,FRA,Individuals using the Internet (% of population),2018-12-31,2018,year,2018-01-01,82.0431867788484,% populacji,annual,observed,https://api.worldbank.org/v2/country/POL;WLD;USA;CHN;DEU;IND;KOR;JPN;GBR;FRA;BRA;EST/indicator/IT.NET.USER.ZS?format=json&per_page=1000,2026-09-28T17:23:18.506Z,{}
IT.NET.USER.ZS,IT.NET.USER.ZS--gbr,Wielka Brytania,GBR,Individuals using the Internet (% of population),2018-12-31,2018,year,2018-01-01,90.692008988783,% populacji,annual,observed,https://api.worldbank.org/v2/country/POL;WLD;USA;CHN;DEU;IND;KOR;JPN;GBR;FRA;BRA;EST/indicator/IT.NET.USER.ZS?format=json&per_page=1000,2026-09-28T17:23:18.506Z,{}
IT.NET.USER.ZS,IT.NET.USER.ZS--ind,Indie,IND,Individuals using the Internet (% of population),2018-12-31,2018,year,2018-01-01,20.0813000379384,% populacji,annual,observed,https://api.worldbank.org/v2/country/POL;WLD;USA;CHN;DEU;IND;KOR;JPN;GBR;FRA;BRA;EST/indicator/IT.NET.USER.ZS?format=json&per_page=1000,2026-09-28T17:23:18.506Z,{}
IT.NET.USER.ZS,IT.NET.USER.ZS--jpn,Japonia,JPN,Individuals using the Internet (% of population),2018-12-31,2018,year,2018-01-01,88.7463508901772,% populacji,annual,observed,https://api.worldbank.org/v2/country/POL;WLD;USA;CHN;DEU;IND;KOR;JPN;GBR;FRA;BRA;EST/indicator/IT.NET.USER.ZS?format=json&per_page=1000,2026-09-28T17:23:18.506Z,{}
IT.NET.USER.ZS,IT.NET.USER.ZS--kor,Korea Płd.,KOR,Individuals using the Internet (% of population),2018-12-31,2018,year,2018-01-01,96.0228595797887,% populacji,annual,observed,https://api.worldbank.org/v2/country/POL;WLD;USA;CHN;DEU;IND;KOR;JPN;GBR;FRA;BRA;EST/indicator/IT.NET.USER.ZS?format=json&per_page=1000,2026-09-28T17:23:18.506Z,{}
IT.NET.USER.ZS,IT.NET.USER.ZS--pol,Polska,POL,Individuals using the Internet (% of population),2018-12-31,2018,year,2018-01-01,77.5417345350006,% populacji,annual,observed,https://api.worldbank.org/v2/country/POL;WLD;USA;CHN;DEU;IND;KOR;JPN;GBR;FRA;BRA;EST/indicator/IT.NET.USER.ZS?format=json&per_page=1000,2026-09-28T17:23:18.506Z,{}
IT.NET.USER.ZS,IT.NET.USER.ZS--usa,USA,USA,Individuals using the Internet (% of population),2018-12-31,2018,year,2018-01-01,88.498903165152,% populacji,annual,observed,https://api.worldbank.org/v2/country/POL;WLD;USA;CHN;DEU;IND;KOR;JPN;GBR;FRA;BRA;EST/indicator/IT.NET.USER.ZS?format=json&per_page=1000,2026-09-28T17:23:18.506Z,{}
IT.NET.USER.ZS,IT.NET.USER.ZS--wld,Świat,WLD,Individuals using the Internet (% of population),2018-12-31,2018,year,2018-01-01,49.4,% populacji,annual,observed,https://api.worldbank.org/v2/country/POL;WLD;USA;CHN;DEU;IND;KOR;JPN;GBR;FRA;BRA;EST/indicator/IT.NET.USER.ZS?format=json&per_page=1000,2026-09-28T17:23:18.506Z,{}
IT.NET.USER.ZS,IT.NET.USER.ZS--bra,Brazylia,BRA,Individuals using the Internet (% of population),2019-12-31,2019,year,2019-01-01,73.9124399133589,% populacji,annual,observed,https://api.worldbank.org/v2/country/POL;WLD;USA;CHN;DEU;IND;KOR;JPN;GBR;FRA;BRA;EST/indicator/IT.NET.USER.ZS?format=json&per_page=1000,2026-09-28T17:23:18.506Z,{}
IT.NET.USER.ZS,IT.NET.USER.ZS--chn,Chiny,CHN,Individuals using the Internet (% of population),2019-12-31,2019,year,2019-01-01,64.080881297515,% populacji,annual,observed,https://api.worldbank.org/v2/country/POL;WLD;USA;CHN;DEU;IND;KOR;JPN;GBR;FRA;BRA;EST/indicator/IT.NET.USER.ZS?format=json&per_page=1000,2026-09-28T17:23:18.506Z,{}
IT.NET.USER.ZS,IT.NET.USER.ZS--deu,Niemcy,DEU,Individuals using the Internet (% of population),2019-12-31,2019,year,2019-01-01,88.1345169091916,% populacji,annual,observed,https://api.worldbank.org/v2/country/POL;WLD;USA;CHN;DEU;IND;KOR;JPN;GBR;FRA;BRA;EST/indicator/IT.NET.USER.ZS?format=json&per_page=1000,2026-09-28T17:23:18.506Z,{}
IT.NET.USER.ZS,IT.NET.USER.ZS--est,Estonia,EST,Individuals using the Internet (% of population),2019-12-31,2019,year,2019-01-01,90.2289281997919,% populacji,annual,observed,https://api.worldbank.org/v2/country/POL;WLD;USA;CHN;DEU;IND;KOR;JPN;GBR;FRA;BRA;EST/indicator/IT.NET.USER.ZS?format=json&per_page=1000,2026-09-28T17:23:18.506Z,{}
IT.NET.USER.ZS,IT.NET.USER.ZS--fra,Francja,FRA,Individuals using the Internet (% of population),2019-12-31,2019,year,2019-01-01,83.3397440866883,% populacji,annual,observed,https://api.worldbank.org/v2/country/POL;WLD;USA;CHN;DEU;IND;KOR;JPN;GBR;FRA;BRA;EST/indicator/IT.NET.USER.ZS?format=json&per_page=1000,2026-09-28T17:23:18.506Z,{}
IT.NET.USER.ZS,IT.NET.USER.ZS--gbr,Wielka Brytania,GBR,Individuals using the Internet (% of population),2019-12-31,2019,year,2019-01-01,92.5166285497138,% populacji,annual,observed,https://api.worldbank.org/v2/country/POL;WLD;USA;CHN;DEU;IND;KOR;JPN;GBR;FRA;BRA;EST/indicator/IT.NET.USER.ZS?format=json&per_page=1000,2026-09-28T17:23:18.506Z,{}
IT.NET.USER.ZS,IT.NET.USER.ZS--ind,Indie,IND,Individuals using the Internet (% of population),2019-12-31,2019,year,2019-01-01,29.52350044,% populacji,annual,observed,https://api.worldbank.org/v2/country/POL;WLD;USA;CHN;DEU;IND;KOR;JPN;GBR;FRA;BRA;EST/indicator/IT.NET.USER.ZS?format=json&per_page=1000,2026-09-28T17:23:18.506Z,{}
IT.NET.USER.ZS,IT.NET.USER.ZS--jpn,Japonia,JPN,Individuals using the Internet (% of population),2019-12-31,2019,year,2019-01-01,92.7303978145525,% populacji,annual,observed,https://api.worldbank.org/v2/country/POL;WLD;USA;CHN;DEU;IND;KOR;JPN;GBR;FRA;BRA;EST/indicator/IT.NET.USER.ZS?format=json&per_page=1000,2026-09-28T17:23:18.506Z,{}
IT.NET.USER.ZS,IT.NET.USER.ZS--kor,Korea Płd.,KOR,Individuals using the Internet (% of population),2019-12-31,2019,year,2019-01-01,96.157579184239,% populacji,annual,observed,https://api.worldbank.org/v2/country/POL;WLD;USA;CHN;DEU;IND;KOR;JPN;GBR;FRA;BRA;EST/indicator/IT.NET.USER.ZS?format=json&per_page=1000,2026-09-28T17:23:18.506Z,{}
IT.NET.USER.ZS,IT.NET.USER.ZS--pol,Polska,POL,Individuals using the Internet (% of population),2019-12-31,2019,year,2019-01-01,80.4359068768673,% populacji,annual,observed,https://api.worldbank.org/v2/country/POL;WLD;USA;CHN;DEU;IND;KOR;JPN;GBR;FRA;BRA;EST/indicator/IT.NET.USER.ZS?format=json&per_page=1000,2026-09-28T17:23:18.506Z,{}
IT.NET.USER.ZS,IT.NET.USER.ZS--usa,USA,USA,Individuals using the Internet (% of population),2019-12-31,2019,year,2019-01-01,89.4302848575712,% populacji,annual,observed,https://api.worldbank.org/v2/country/POL;WLD;USA;CHN;DEU;IND;KOR;JPN;GBR;FRA;BRA;EST/indicator/IT.NET.USER.ZS?format=json&per_page=1000,2026-09-28T17:23:18.506Z,{}
IT.NET.USER.ZS,IT.NET.USER.ZS--wld,Świat,WLD,Individuals using the Internet (% of population),2019-12-31,2019,year,2019-01-01,53.9,% populacji,annual,observed,https://api.worldbank.org/v2/country/POL;WLD;USA;CHN;DEU;IND;KOR;JPN;GBR;FRA;BRA;EST/indicator/IT.NET.USER.ZS?format=json&per_page=1000,2026-09-28T17:23:18.506Z,{}
IT.NET.USER.ZS,IT.NET.USER.ZS--bra,Brazylia,BRA,Individuals using the Internet (% of population),2020-12-31,2020,year,2020-01-01,81.34269353,% populacji,annual,observed,https://api.worldbank.org/v2/country/POL;WLD;USA;CHN;DEU;IND;KOR;JPN;GBR;FRA;BRA;EST/indicator/IT.NET.USER.ZS?format=json&per_page=1000,2026-09-28T17:23:18.506Z,{}
IT.NET.USER.ZS,IT.NET.USER.ZS--chn,Chiny,CHN,Individuals using the Internet (% of population),2020-12-31,2020,year,2020-01-01,70.05275998,% populacji,annual,observed,https://api.worldbank.org/v2/country/POL;WLD;USA;CHN;DEU;IND;KOR;JPN;GBR;FRA;BRA;EST/indicator/IT.NET.USER.ZS?format=json&per_page=1000,2026-09-28T17:23:18.506Z,{}
IT.NET.USER.ZS,IT.NET.USER.ZS--deu,Niemcy,DEU,Individuals using the Internet (% of population),2020-12-31,2020,year,2020-01-01,89.81294133,% populacji,annual,observed,https://api.worldbank.org/v2/country/POL;WLD;USA;CHN;DEU;IND;KOR;JPN;GBR;FRA;BRA;EST/indicator/IT.NET.USER.ZS?format=json&per_page=1000,2026-09-28T17:23:18.506Z,{}
IT.NET.USER.ZS,IT.NET.USER.ZS--est,Estonia,EST,Individuals using the Internet (% of population),2020-12-31,2020,year,2020-01-01,89.05828666,% populacji,annual,observed,https://api.worldbank.org/v2/country/POL;WLD;USA;CHN;DEU;IND;KOR;JPN;GBR;FRA;BRA;EST/indicator/IT.NET.USER.ZS?format=json&per_page=1000,2026-09-28T17:23:18.506Z,{}
IT.NET.USER.ZS,IT.NET.USER.ZS--fra,Francja,FRA,Individuals using the Internet (% of population),2020-12-31,2020,year,2020-01-01,84.70639801,% populacji,annual,observed,https://api.worldbank.org/v2/country/POL;WLD;USA;CHN;DEU;IND;KOR;JPN;GBR;FRA;BRA;EST/indicator/IT.NET.USER.ZS?format=json&per_page=1000,2026-09-28T17:23:18.506Z,{}
IT.NET.USER.ZS,IT.NET.USER.ZS--gbr,Wielka Brytania,GBR,Individuals using the Internet (% of population),2020-12-31,2020,year,2020-01-01,94.81820132,% populacji,annual,observed,https://api.worldbank.org/v2/country/POL;WLD;USA;CHN;DEU;IND;KOR;JPN;GBR;FRA;BRA;EST/indicator/IT.NET.USER.ZS?format=json&per_page=1000,2026-09-28T17:23:18.506Z,{}
IT.NET.USER.ZS,IT.NET.USER.ZS--ind,Indie,IND,Individuals using the Internet (% of population),2020-12-31,2020,year,2020-01-01,43.40544313,% populacji,annual,observed,https://api.worldbank.org/v2/country/POL;WLD;USA;CHN;DEU;IND;KOR;JPN;GBR;FRA;BRA;EST/indicator/IT.NET.USER.ZS?format=json&per_page=1000,2026-09-28T17:23:18.506Z,{}
IT.NET.USER.ZS,IT.NET.USER.ZS--jpn,Japonia,JPN,Individuals using the Internet (% of population),2020-12-31,2020,year,2020-01-01,90.21945812,% populacji,annual,observed,https://api.worldbank.org/v2/country/POL;WLD;USA;CHN;DEU;IND;KOR;JPN;GBR;FRA;BRA;EST/indicator/IT.NET.USER.ZS?format=json&per_page=1000,2026-09-28T17:23:18.506Z,{}
IT.NET.USER.ZS,IT.NET.USER.ZS--kor,Korea Płd.,KOR,Individuals using the Internet (% of population),2020-12-31,2020,year,2020-01-01,96.50506052,% populacji,annual,observed,https://api.worldbank.org/v2/country/POL;WLD;USA;CHN;DEU;IND;KOR;JPN;GBR;FRA;BRA;EST/indicator/IT.NET.USER.ZS?format=json&per_page=1000,2026-09-28T17:23:18.506Z,{}
IT.NET.USER.ZS,IT.NET.USER.ZS--pol,Polska,POL,Individuals using the Internet (% of population),2020-12-31,2020,year,2020-01-01,83.18488715,% populacji,annual,observed,https://api.worldbank.org/v2/country/POL;WLD;USA;CHN;DEU;IND;KOR;JPN;GBR;FRA;BRA;EST/indicator/IT.NET.USER.ZS?format=json&per_page=1000,2026-09-28T17:23:18.506Z,{}
IT.NET.USER.ZS,IT.NET.USER.ZS--usa,USA,USA,Individuals using the Internet (% of population),2020-12-31,2020,year,2020-01-01,90.34470367,% populacji,annual,observed,https://api.worldbank.org/v2/country/POL;WLD;USA;CHN;DEU;IND;KOR;JPN;GBR;FRA;BRA;EST/indicator/IT.NET.USER.ZS?format=json&per_page=1000,2026-09-28T17:23:18.506Z,{}
IT.NET.USER.ZS,IT.NET.USER.ZS--wld,Świat,WLD,Individuals using the Internet (% of population),2020-12-31,2020,year,2020-01-01,60.1,% populacji,annual,observed,https://api.worldbank.org/v2/country/POL;WLD;USA;CHN;DEU;IND;KOR;JPN;GBR;FRA;BRA;EST/indicator/IT.NET.USER.ZS?format=json&per_page=1000,2026-09-28T17:23:18.506Z,{}
IT.NET.USER.ZS,IT.NET.USER.ZS--bra,Brazylia,BRA,Individuals using the Internet (% of population),2021-12-31,2021,year,2021-01-01,80.68989314,% populacji,annual,observed,https://api.worldbank.org/v2/country/POL;WLD;USA;CHN;DEU;IND;KOR;JPN;GBR;FRA;BRA;EST/indicator/IT.NET.USER.ZS?format=json&per_page=1000,2026-09-28T17:23:18.506Z,{}
IT.NET.USER.ZS,IT.NET.USER.ZS--chn,Chiny,CHN,Individuals using the Internet (% of population),2021-12-31,2021,year,2021-01-01,73.05323517,% populacji,annual,observed,https://api.worldbank.org/v2/country/POL;WLD;USA;CHN;DEU;IND;KOR;JPN;GBR;FRA;BRA;EST/indicator/IT.NET.USER.ZS?format=json&per_page=1000,2026-09-28T17:23:18.506Z,{}
IT.NET.USER.ZS,IT.NET.USER.ZS--deu,Niemcy,DEU,Individuals using the Internet (% of population),2021-12-31,2021,year,2021-01-01,91.43060973,% populacji,annual,observed,https://api.worldbank.org/v2/country/POL;WLD;USA;CHN;DEU;IND;KOR;JPN;GBR;FRA;BRA;EST/indicator/IT.NET.USER.ZS?format=json&per_page=1000,2026-09-28T17:23:18.506Z,{}
IT.NET.USER.ZS,IT.NET.USER.ZS--est,Estonia,EST,Individuals using the Internet (% of population),2021-12-31,2021,year,2021-01-01,90.97970174,% populacji,annual,observed,https://api.worldbank.org/v2/country/POL;WLD;USA;CHN;DEU;IND;KOR;JPN;GBR;FRA;BRA;EST/indicator/IT.NET.USER.ZS?format=json&per_page=1000,2026-09-28T17:23:18.506Z,{}
IT.NET.USER.ZS,IT.NET.USER.ZS--fra,Francja,FRA,Individuals using the Internet (% of population),2021-12-31,2021,year,2021-01-01,86.09548575,% populacji,annual,observed,https://api.worldbank.org/v2/country/POL;WLD;USA;CHN;DEU;IND;KOR;JPN;GBR;FRA;BRA;EST/indicator/IT.NET.USER.ZS?format=json&per_page=1000,2026-09-28T17:23:18.506Z,{}
IT.NET.USER.ZS,IT.NET.USER.ZS--gbr,Wielka Brytania,GBR,Individuals using the Internet (% of population),2021-12-31,2021,year,2021-01-01,96.19650269,% populacji,annual,observed,https://api.worldbank.org/v2/country/POL;WLD;USA;CHN;DEU;IND;KOR;JPN;GBR;FRA;BRA;EST/indicator/IT.NET.USER.ZS?format=json&per_page=1000,2026-09-28T17:23:18.506Z,{}
IT.NET.USER.ZS,IT.NET.USER.ZS--ind,Indie,IND,Individuals using the Internet (% of population),2021-12-31,2021,year,2021-01-01,49.2580986,% populacji,annual,observed,https://api.worldbank.org/v2/country/POL;WLD;USA;CHN;DEU;IND;KOR;JPN;GBR;FRA;BRA;EST/indicator/IT.NET.USER.ZS?format=json&per_page=1000,2026-09-28T17:23:18.506Z,{}
IT.NET.USER.ZS,IT.NET.USER.ZS--jpn,Japonia,JPN,Individuals using the Internet (% of population),2021-12-31,2021,year,2021-01-01,82.91407928,% populacji,annual,observed,https://api.worldbank.org/v2/country/POL;WLD;USA;CHN;DEU;IND;KOR;JPN;GBR;FRA;BRA;EST/indicator/IT.NET.USER.ZS?format=json&per_page=1000,2026-09-28T17:23:18.506Z,{}
IT.NET.USER.ZS,IT.NET.USER.ZS--kor,Korea Płd.,KOR,Individuals using the Internet (% of population),2021-12-31,2021,year,2021-01-01,97.57132698,% populacji,annual,observed,https://api.worldbank.org/v2/country/POL;WLD;USA;CHN;DEU;IND;KOR;JPN;GBR;FRA;BRA;EST/indicator/IT.NET.USER.ZS?format=json&per_page=1000,2026-09-28T17:23:18.506Z,{}
IT.NET.USER.ZS,IT.NET.USER.ZS--pol,Polska,POL,Individuals using the Internet (% of population),2021-12-31,2021,year,2021-01-01,85.37490906,% populacji,annual,observed,https://api.worldbank.org/v2/country/POL;WLD;USA;CHN;DEU;IND;KOR;JPN;GBR;FRA;BRA;EST/indicator/IT.NET.USER.ZS?format=json&per_page=1000,2026-09-28T17:23:18.506Z,{}
IT.NET.USER.ZS,IT.NET.USER.ZS--usa,USA,USA,Individuals using the Internet (% of population),2021-12-31,2021,year,2021-01-01,91.2684021,% populacji,annual,observed,https://api.worldbank.org/v2/country/POL;WLD;USA;CHN;DEU;IND;KOR;JPN;GBR;FRA;BRA;EST/indicator/IT.NET.USER.ZS?format=json&per_page=1000,2026-09-28T17:23:18.506Z,{}
IT.NET.USER.ZS,IT.NET.USER.ZS--wld,Świat,WLD,Individuals using the Internet (% of population),2021-12-31,2021,year,2021-01-01,63.8,% populacji,annual,observed,https://api.worldbank.org/v2/country/POL;WLD;USA;CHN;DEU;IND;KOR;JPN;GBR;FRA;BRA;EST/indicator/IT.NET.USER.ZS?format=json&per_page=1000,2026-09-28T17:23:18.506Z,{}
IT.NET.USER.ZS,IT.NET.USER.ZS--bra,Brazylia,BRA,Individuals using the Internet (% of population),2022-12-31,2022,year,2022-01-01,80.52775094,% populacji,annual,observed,https://api.worldbank.org/v2/country/POL;WLD;USA;CHN;DEU;IND;KOR;JPN;GBR;FRA;BRA;EST/indicator/IT.NET.USER.ZS?format=json&per_page=1000,2026-09-28T17:23:18.506Z,{}
IT.NET.USER.ZS,IT.NET.USER.ZS--chn,Chiny,CHN,Individuals using the Internet (% of population),2022-12-31,2022,year,2022-01-01,75.61131603,% populacji,annual,observed,https://api.worldbank.org/v2/country/POL;WLD;USA;CHN;DEU;IND;KOR;JPN;GBR;FRA;BRA;EST/indicator/IT.NET.USER.ZS?format=json&per_page=1000,2026-09-28T17:23:18.506Z,{}
IT.NET.USER.ZS,IT.NET.USER.ZS--deu,Niemcy,DEU,Individuals using the Internet (% of population),2022-12-31,2022,year,2022-01-01,91.62984383,% populacji,annual,observed,https://api.worldbank.org/v2/country/POL;WLD;USA;CHN;DEU;IND;KOR;JPN;GBR;FRA;BRA;EST/indicator/IT.NET.USER.ZS?format=json&per_page=1000,2026-09-28T17:23:18.506Z,{}
IT.NET.USER.ZS,IT.NET.USER.ZS--est,Estonia,EST,Individuals using the Internet (% of population),2022-12-31,2022,year,2022-01-01,91.52016546,% populacji,annual,observed,https://api.worldbank.org/v2/country/POL;WLD;USA;CHN;DEU;IND;KOR;JPN;GBR;FRA;BRA;EST/indicator/IT.NET.USER.ZS?format=json&per_page=1000,2026-09-28T17:23:18.506Z,{}
IT.NET.USER.ZS,IT.NET.USER.ZS--fra,Francja,FRA,Individuals using the Internet (% of population),2022-12-31,2022,year,2022-01-01,85.33331734,% populacji,annual,observed,https://api.worldbank.org/v2/country/POL;WLD;USA;CHN;DEU;IND;KOR;JPN;GBR;FRA;BRA;EST/indicator/IT.NET.USER.ZS?format=json&per_page=1000,2026-09-28T17:23:18.506Z,{}
IT.NET.USER.ZS,IT.NET.USER.ZS--gbr,Wielka Brytania,GBR,Individuals using the Internet (% of population),2022-12-31,2022,year,2022-01-01,95.46530151,% populacji,annual,observed,https://api.worldbank.org/v2/country/POL;WLD;USA;CHN;DEU;IND;KOR;JPN;GBR;FRA;BRA;EST/indicator/IT.NET.USER.ZS?format=json&per_page=1000,2026-09-28T17:23:18.506Z,{}
IT.NET.USER.ZS,IT.NET.USER.ZS--ind,Indie,IND,Individuals using the Internet (% of population),2022-12-31,2022,year,2022-01-01,55.9,% populacji,annual,observed,https://api.worldbank.org/v2/country/POL;WLD;USA;CHN;DEU;IND;KOR;JPN;GBR;FRA;BRA;EST/indicator/IT.NET.USER.ZS?format=json&per_page=1000,2026-09-28T17:23:18.506Z,{}
IT.NET.USER.ZS,IT.NET.USER.ZS--jpn,Japonia,JPN,Individuals using the Internet (% of population),2022-12-31,2022,year,2022-01-01,84.92343147,% populacji,annual,observed,https://api.worldbank.org/v2/country/POL;WLD;USA;CHN;DEU;IND;KOR;JPN;GBR;FRA;BRA;EST/indicator/IT.NET.USER.ZS?format=json&per_page=1000,2026-09-28T17:23:18.506Z,{}
IT.NET.USER.ZS,IT.NET.USER.ZS--kor,Korea Płd.,KOR,Individuals using the Internet (% of population),2022-12-31,2022,year,2022-01-01,97.16855335,% populacji,annual,observed,https://api.worldbank.org/v2/country/POL;WLD;USA;CHN;DEU;IND;KOR;JPN;GBR;FRA;BRA;EST/indicator/IT.NET.USER.ZS?format=json&per_page=1000,2026-09-28T17:23:18.506Z,{}
IT.NET.USER.ZS,IT.NET.USER.ZS--pol,Polska,POL,Individuals using the Internet (% of population),2022-12-31,2022,year,2022-01-01,86.94113479,% populacji,annual,observed,https://api.worldbank.org/v2/country/POL;WLD;USA;CHN;DEU;IND;KOR;JPN;GBR;FRA;BRA;EST/indicator/IT.NET.USER.ZS?format=json&per_page=1000,2026-09-28T17:23:18.506Z,{}
IT.NET.USER.ZS,IT.NET.USER.ZS--usa,USA,USA,Individuals using the Internet (% of population),2022-12-31,2022,year,2022-01-01,92.72850037,% populacji,annual,observed,https://api.worldbank.org/v2/country/POL;WLD;USA;CHN;DEU;IND;KOR;JPN;GBR;FRA;BRA;EST/indicator/IT.NET.USER.ZS?format=json&per_page=1000,2026-09-28T17:23:18.506Z,{}
IT.NET.USER.ZS,IT.NET.USER.ZS--wld,Świat,WLD,Individuals using the Internet (% of population),2022-12-31,2022,year,2022-01-01,67,% populacji,annual,observed,https://api.worldbank.org/v2/country/POL;WLD;USA;CHN;DEU;IND;KOR;JPN;GBR;FRA;BRA;EST/indicator/IT.NET.USER.ZS?format=json&per_page=1000,2026-09-28T17:23:18.506Z,{}
IT.NET.USER.ZS,IT.NET.USER.ZS--bra,Brazylia,BRA,Individuals using the Internet (% of population),2023-12-31,2023,year,2023-01-01,84.15060238,% populacji,annual,observed,https://api.worldbank.org/v2/country/POL;WLD;USA;CHN;DEU;IND;KOR;JPN;GBR;FRA;BRA;EST/indicator/IT.NET.USER.ZS?format=json&per_page=1000,2026-09-28T17:23:18.506Z,{}
IT.NET.USER.ZS,IT.NET.USER.ZS--chn,Chiny,CHN,Individuals using the Internet (% of population),2023-12-31,2023,year,2023-01-01,90.6,% populacji,annual,observed,https://api.worldbank.org/v2/country/POL;WLD;USA;CHN;DEU;IND;KOR;JPN;GBR;FRA;BRA;EST/indicator/IT.NET.USER.ZS?format=json&per_page=1000,2026-09-28T17:23:18.506Z,{}
IT.NET.USER.ZS,IT.NET.USER.ZS--deu,Niemcy,DEU,Individuals using the Internet (% of population),2023-12-31,2023,year,2023-01-01,92.4763763,% populacji,annual,observed,https://api.worldbank.org/v2/country/POL;WLD;USA;CHN;DEU;IND;KOR;JPN;GBR;FRA;BRA;EST/indicator/IT.NET.USER.ZS?format=json&per_page=1000,2026-09-28T17:23:18.506Z,{}
IT.NET.USER.ZS,IT.NET.USER.ZS--est,Estonia,EST,Individuals using the Internet (% of population),2023-12-31,2023,year,2023-01-01,93.18342241,% populacji,annual,observed,https://api.worldbank.org/v2/country/POL;WLD;USA;CHN;DEU;IND;KOR;JPN;GBR;FRA;BRA;EST/indicator/IT.NET.USER.ZS?format=json&per_page=1000,2026-09-28T17:23:18.506Z,{}
IT.NET.USER.ZS,IT.NET.USER.ZS--fra,Francja,FRA,Individuals using the Internet (% of population),2023-12-31,2023,year,2023-01-01,86.83635789,% populacji,annual,observed,https://api.worldbank.org/v2/country/POL;WLD;USA;CHN;DEU;IND;KOR;JPN;GBR;FRA;BRA;EST/indicator/IT.NET.USER.ZS?format=json&per_page=1000,2026-09-28T17:23:18.506Z,{}
IT.NET.USER.ZS,IT.NET.USER.ZS--gbr,Wielka Brytania,GBR,Individuals using the Internet (% of population),2023-12-31,2023,year,2023-01-01,95.44719696,% populacji,annual,observed,https://api.worldbank.org/v2/country/POL;WLD;USA;CHN;DEU;IND;KOR;JPN;GBR;FRA;BRA;EST/indicator/IT.NET.USER.ZS?format=json&per_page=1000,2026-09-28T17:23:18.506Z,{}
IT.NET.USER.ZS,IT.NET.USER.ZS--ind,Indie,IND,Individuals using the Internet (% of population),2023-12-31,2023,year,2023-01-01,60.25230026,% populacji,annual,observed,https://api.worldbank.org/v2/country/POL;WLD;USA;CHN;DEU;IND;KOR;JPN;GBR;FRA;BRA;EST/indicator/IT.NET.USER.ZS?format=json&per_page=1000,2026-09-28T17:23:18.506Z,{}
IT.NET.USER.ZS,IT.NET.USER.ZS--jpn,Japonia,JPN,Individuals using the Internet (% of population),2023-12-31,2023,year,2023-01-01,85.00990295,% populacji,annual,observed,https://api.worldbank.org/v2/country/POL;WLD;USA;CHN;DEU;IND;KOR;JPN;GBR;FRA;BRA;EST/indicator/IT.NET.USER.ZS?format=json&per_page=1000,2026-09-28T17:23:18.506Z,{}
IT.NET.USER.ZS,IT.NET.USER.ZS--kor,Korea Płd.,KOR,Individuals using the Internet (% of population),2023-12-31,2023,year,2023-01-01,97.41597478,% populacji,annual,observed,https://api.worldbank.org/v2/country/POL;WLD;USA;CHN;DEU;IND;KOR;JPN;GBR;FRA;BRA;EST/indicator/IT.NET.USER.ZS?format=json&per_page=1000,2026-09-28T17:23:18.506Z,{}
IT.NET.USER.ZS,IT.NET.USER.ZS--pol,Polska,POL,Individuals using the Internet (% of population),2023-12-31,2023,year,2023-01-01,86.414744,% populacji,annual,observed,https://api.worldbank.org/v2/country/POL;WLD;USA;CHN;DEU;IND;KOR;JPN;GBR;FRA;BRA;EST/indicator/IT.NET.USER.ZS?format=json&per_page=1000,2026-09-28T17:23:18.506Z,{}
IT.NET.USER.ZS,IT.NET.USER.ZS--usa,USA,USA,Individuals using the Internet (% of population),2023-12-31,2023,year,2023-01-01,93.52559662,% populacji,annual,observed,https://api.worldbank.org/v2/country/POL;WLD;USA;CHN;DEU;IND;KOR;JPN;GBR;FRA;BRA;EST/indicator/IT.NET.USER.ZS?format=json&per_page=1000,2026-09-28T17:23:18.506Z,{}
IT.NET.USER.ZS,IT.NET.USER.ZS--wld,Świat,WLD,Individuals using the Internet (% of population),2023-12-31,2023,year,2023-01-01,69.2,% populacji,annual,observed,https://api.worldbank.org/v2/country/POL;WLD;USA;CHN;DEU;IND;KOR;JPN;GBR;FRA;BRA;EST/indicator/IT.NET.USER.ZS?format=json&per_page=1000,2026-09-28T17:23:18.506Z,{}
IT.NET.USER.ZS,IT.NET.USER.ZS--bra,Brazylia,BRA,Individuals using the Internet (% of population),2024-12-31,2024,year,2024-01-01,84.46347227,% populacji,annual,observed,https://api.worldbank.org/v2/country/POL;WLD;USA;CHN;DEU;IND;KOR;JPN;GBR;FRA;BRA;EST/indicator/IT.NET.USER.ZS?format=json&per_page=1000,2026-09-28T17:23:18.506Z,{}
IT.NET.USER.ZS,IT.NET.USER.ZS--chn,Chiny,CHN,Individuals using the Internet (% of population),2024-12-31,2024,year,2024-01-01,92,% populacji,annual,observed,https://api.worldbank.org/v2/country/POL;WLD;USA;CHN;DEU;IND;KOR;JPN;GBR;FRA;BRA;EST/indicator/IT.NET.USER.ZS?format=json&per_page=1000,2026-09-28T17:23:18.506Z,{}
IT.NET.USER.ZS,IT.NET.USER.ZS--deu,Niemcy,DEU,Individuals using the Internet (% of population),2024-12-31,2024,year,2024-01-01,93.49999579,% populacji,annual,observed,https://api.worldbank.org/v2/country/POL;WLD;USA;CHN;DEU;IND;KOR;JPN;GBR;FRA;BRA;EST/indicator/IT.NET.USER.ZS?format=json&per_page=1000,2026-09-28T17:23:18.506Z,{}
IT.NET.USER.ZS,IT.NET.USER.ZS--est,Estonia,EST,Individuals using the Internet (% of population),2024-12-31,2024,year,2024-01-01,92.23796204,% populacji,annual,observed,https://api.worldbank.org/v2/country/POL;WLD;USA;CHN;DEU;IND;KOR;JPN;GBR;FRA;BRA;EST/indicator/IT.NET.USER.ZS?format=json&per_page=1000,2026-09-28T17:23:18.506Z,{}
IT.NET.USER.ZS,IT.NET.USER.ZS--fra,Francja,FRA,Individuals using the Internet (% of population),2024-12-31,2024,year,2024-01-01,88.65381638,% populacji,annual,observed,https://api.worldbank.org/v2/country/POL;WLD;USA;CHN;DEU;IND;KOR;JPN;GBR;FRA;BRA;EST/indicator/IT.NET.USER.ZS?format=json&per_page=1000,2026-09-28T17:23:18.506Z,{}
IT.NET.USER.ZS,IT.NET.USER.ZS--gbr,Wielka Brytania,GBR,Individuals using the Internet (% of population),2024-12-31,2024,year,2024-01-01,95.4720993,% populacji,annual,observed,https://api.worldbank.org/v2/country/POL;WLD;USA;CHN;DEU;IND;KOR;JPN;GBR;FRA;BRA;EST/indicator/IT.NET.USER.ZS?format=json&per_page=1000,2026-09-28T17:23:18.506Z,{}
IT.NET.USER.ZS,IT.NET.USER.ZS--ind,Indie,IND,Individuals using the Internet (% of population),2024-12-31,2024,year,2024-01-01,64.9434967,% populacji,annual,observed,https://api.worldbank.org/v2/country/POL;WLD;USA;CHN;DEU;IND;KOR;JPN;GBR;FRA;BRA;EST/indicator/IT.NET.USER.ZS?format=json&per_page=1000,2026-09-28T17:23:18.506Z,{}
IT.NET.USER.ZS,IT.NET.USER.ZS--jpn,Japonia,JPN,Individuals using the Internet (% of population),2024-12-31,2024,year,2024-01-01,85.54153081,% populacji,annual,observed,https://api.worldbank.org/v2/country/POL;WLD;USA;CHN;DEU;IND;KOR;JPN;GBR;FRA;BRA;EST/indicator/IT.NET.USER.ZS?format=json&per_page=1000,2026-09-28T17:23:18.506Z,{}
IT.NET.USER.ZS,IT.NET.USER.ZS--kor,Korea Płd.,KOR,Individuals using the Internet (% of population),2024-12-31,2024,year,2024-01-01,97.89563777,% populacji,annual,observed,https://api.worldbank.org/v2/country/POL;WLD;USA;CHN;DEU;IND;KOR;JPN;GBR;FRA;BRA;EST/indicator/IT.NET.USER.ZS?format=json&per_page=1000,2026-09-28T17:23:18.506Z,{}
IT.NET.USER.ZS,IT.NET.USER.ZS--pol,Polska,POL,Individuals using the Internet (% of population),2024-12-31,2024,year,2024-01-01,88.58496367,% populacji,annual,observed,https://api.worldbank.org/v2/country/POL;WLD;USA;CHN;DEU;IND;KOR;JPN;GBR;FRA;BRA;EST/indicator/IT.NET.USER.ZS?format=json&per_page=1000,2026-09-28T17:23:18.506Z,{}
IT.NET.USER.ZS,IT.NET.USER.ZS--usa,USA,USA,Individuals using the Internet (% of population),2024-12-31,2024,year,2024-01-01,94.69380188,% populacji,annual,observed,https://api.worldbank.org/v2/country/POL;WLD;USA;CHN;DEU;IND;KOR;JPN;GBR;FRA;BRA;EST/indicator/IT.NET.USER.ZS?format=json&per_page=1000,2026-09-28T17:23:18.506Z,{}
IT.NET.USER.ZS,IT.NET.USER.ZS--wld,Świat,WLD,Individuals using the Internet (% of population),2024-12-31,2024,year,2024-01-01,71.2,% populacji,annual,observed,https://api.worldbank.org/v2/country/POL;WLD;USA;CHN;DEU;IND;KOR;JPN;GBR;FRA;BRA;EST/indicator/IT.NET.USER.ZS?format=json&per_page=1000,2026-09-28T17:23:18.506Z,{}
IT.NET.USER.ZS,IT.NET.USER.ZS--bra,Brazylia,BRA,Individuals using the Internet (% of population),2025-12-31,2025,year,2025-01-01,,% populacji,annual,observed,https://api.worldbank.org/v2/country/POL;WLD;USA;CHN;DEU;IND;KOR;JPN;GBR;FRA;BRA;EST/indicator/IT.NET.USER.ZS?format=json&per_page=1000,2026-09-28T17:23:18.506Z,{}
IT.NET.USER.ZS,IT.NET.USER.ZS--chn,Chiny,CHN,Individuals using the Internet (% of population),2025-12-31,2025,year,2025-01-01,91.6,% populacji,annual,observed,https://api.worldbank.org/v2/country/POL;WLD;USA;CHN;DEU;IND;KOR;JPN;GBR;FRA;BRA;EST/indicator/IT.NET.USER.ZS?format=json&per_page=1000,2026-09-28T17:23:18.506Z,{}
IT.NET.USER.ZS,IT.NET.USER.ZS--deu,Niemcy,DEU,Individuals using the Internet (% of population),2025-12-31,2025,year,2025-01-01,,% populacji,annual,observed,https://api.worldbank.org/v2/country/POL;WLD;USA;CHN;DEU;IND;KOR;JPN;GBR;FRA;BRA;EST/indicator/IT.NET.USER.ZS?format=json&per_page=1000,2026-09-28T17:23:18.506Z,{}
IT.NET.USER.ZS,IT.NET.USER.ZS--est,Estonia,EST,Individuals using the Internet (% of population),2025-12-31,2025,year,2025-01-01,,% populacji,annual,observed,https://api.worldbank.org/v2/country/POL;WLD;USA;CHN;DEU;IND;KOR;JPN;GBR;FRA;BRA;EST/indicator/IT.NET.USER.ZS?format=json&per_page=1000,2026-09-28T17:23:18.506Z,{}
IT.NET.USER.ZS,IT.NET.USER.ZS--fra,Francja,FRA,Individuals using the Internet (% of population),2025-12-31,2025,year,2025-01-01,,% populacji,annual,observed,https://api.worldbank.org/v2/country/POL;WLD;USA;CHN;DEU;IND;KOR;JPN;GBR;FRA;BRA;EST/indicator/IT.NET.USER.ZS?format=json&per_page=1000,2026-09-28T17:23:18.506Z,{}
IT.NET.USER.ZS,IT.NET.USER.ZS--gbr,Wielka Brytania,GBR,Individuals using the Internet (% of population),2025-12-31,2025,year,2025-01-01,,% populacji,annual,observed,https://api.worldbank.org/v2/country/POL;WLD;USA;CHN;DEU;IND;KOR;JPN;GBR;FRA;BRA;EST/indicator/IT.NET.USER.ZS?format=json&per_page=1000,2026-09-28T17:23:18.506Z,{}
IT.NET.USER.ZS,IT.NET.USER.ZS--ind,Indie,IND,Individuals using the Internet (% of population),2025-12-31,2025,year,2025-01-01,70,% populacji,annual,observed,https://api.worldbank.org/v2/country/POL;WLD;USA;CHN;DEU;IND;KOR;JPN;GBR;FRA;BRA;EST/indicator/IT.NET.USER.ZS?format=json&per_page=1000,2026-09-28T17:23:18.506Z,{}
IT.NET.USER.ZS,IT.NET.USER.ZS--jpn,Japonia,JPN,Individuals using the Internet (% of population),2025-12-31,2025,year,2025-01-01,,% populacji,annual,observed,https://api.worldbank.org/v2/country/POL;WLD;USA;CHN;DEU;IND;KOR;JPN;GBR;FRA;BRA;EST/indicator/IT.NET.USER.ZS?format=json&per_page=1000,2026-09-28T17:23:18.506Z,{}
IT.NET.USER.ZS,IT.NET.USER.ZS--kor,Korea Płd.,KOR,Individuals using the Internet (% of population),2025-12-31,2025,year,2025-01-01,,% populacji,annual,observed,https://api.worldbank.org/v2/country/POL;WLD;USA;CHN;DEU;IND;KOR;JPN;GBR;FRA;BRA;EST/indicator/IT.NET.USER.ZS?format=json&per_page=1000,2026-09-28T17:23:18.506Z,{}
IT.NET.USER.ZS,IT.NET.USER.ZS--pol,Polska,POL,Individuals using the Internet (% of population),2025-12-31,2025,year,2025-01-01,,% populacji,annual,observed,https://api.worldbank.org/v2/country/POL;WLD;USA;CHN;DEU;IND;KOR;JPN;GBR;FRA;BRA;EST/indicator/IT.NET.USER.ZS?format=json&per_page=1000,2026-09-28T17:23:18.506Z,{}
IT.NET.USER.ZS,IT.NET.USER.ZS--usa,USA,USA,Individuals using the Internet (% of population),2025-12-31,2025,year,2025-01-01,,% populacji,annual,observed,https://api.worldbank.org/v2/country/POL;WLD;USA;CHN;DEU;IND;KOR;JPN;GBR;FRA;BRA;EST/indicator/IT.NET.USER.ZS?format=json&per_page=1000,2026-09-28T17:23:18.506Z,{}
IT.NET.USER.ZS,IT.NET.USER.ZS--wld,Świat,WLD,Individuals using the Internet (% of population),2025-12-31,2025,year,2025-01-01,73.6,% populacji,annual,observed,https://api.worldbank.org/v2/country/POL;WLD;USA;CHN;DEU;IND;KOR;JPN;GBR;FRA;BRA;EST/indicator/IT.NET.USER.ZS?format=json&per_page=1000,2026-09-28T17:23:18.506Z,{}
