topic_id,series_id,series_name,entity,metric,date,period,date_precision,period_start,value,unit,frequency,kind,source_url,retrieved_at,attributes_json
NE.EXP.GNFS.ZS,NE.EXP.GNFS.ZS--bra,Brazylia,BRA,Exports of goods and services (% of GDP),1960-12-31,1960,year,1960-01-01,6.28181356216762,% PKB,annual,observed,https://api.worldbank.org/v2/country/POL;WLD;USA;CHN;DEU;IND;KOR;JPN;GBR;FRA;BRA;EST/indicator/NE.EXP.GNFS.ZS?format=json&per_page=1000,2026-09-28T17:23:24.144Z,{}
NE.EXP.GNFS.ZS,NE.EXP.GNFS.ZS--chn,Chiny,CHN,Exports of goods and services (% of GDP),1960-12-31,1960,year,1960-01-01,3.14649701726736,% PKB,annual,observed,https://api.worldbank.org/v2/country/POL;WLD;USA;CHN;DEU;IND;KOR;JPN;GBR;FRA;BRA;EST/indicator/NE.EXP.GNFS.ZS?format=json&per_page=1000,2026-09-28T17:23:24.144Z,{}
NE.EXP.GNFS.ZS,NE.EXP.GNFS.ZS--deu,Niemcy,DEU,Exports of goods and services (% of GDP),1960-12-31,1960,year,1960-01-01,,% PKB,annual,observed,https://api.worldbank.org/v2/country/POL;WLD;USA;CHN;DEU;IND;KOR;JPN;GBR;FRA;BRA;EST/indicator/NE.EXP.GNFS.ZS?format=json&per_page=1000,2026-09-28T17:23:24.144Z,{}
NE.EXP.GNFS.ZS,NE.EXP.GNFS.ZS--est,Estonia,EST,Exports of goods and services (% of GDP),1960-12-31,1960,year,1960-01-01,,% PKB,annual,observed,https://api.worldbank.org/v2/country/POL;WLD;USA;CHN;DEU;IND;KOR;JPN;GBR;FRA;BRA;EST/indicator/NE.EXP.GNFS.ZS?format=json&per_page=1000,2026-09-28T17:23:24.144Z,{}
NE.EXP.GNFS.ZS,NE.EXP.GNFS.ZS--fra,Francja,FRA,Exports of goods and services (% of GDP),1960-12-31,1960,year,1960-01-01,15.6012308748003,% PKB,annual,observed,https://api.worldbank.org/v2/country/POL;WLD;USA;CHN;DEU;IND;KOR;JPN;GBR;FRA;BRA;EST/indicator/NE.EXP.GNFS.ZS?format=json&per_page=1000,2026-09-28T17:23:24.144Z,{}
NE.EXP.GNFS.ZS,NE.EXP.GNFS.ZS--gbr,Wielka Brytania,GBR,Exports of goods and services (% of GDP),1960-12-31,1960,year,1960-01-01,,% PKB,annual,observed,https://api.worldbank.org/v2/country/POL;WLD;USA;CHN;DEU;IND;KOR;JPN;GBR;FRA;BRA;EST/indicator/NE.EXP.GNFS.ZS?format=json&per_page=1000,2026-09-28T17:23:24.144Z,{}
NE.EXP.GNFS.ZS,NE.EXP.GNFS.ZS--ind,Indie,IND,Exports of goods and services (% of GDP),1960-12-31,1960,year,1960-01-01,4.46315645554752,% PKB,annual,observed,https://api.worldbank.org/v2/country/POL;WLD;USA;CHN;DEU;IND;KOR;JPN;GBR;FRA;BRA;EST/indicator/NE.EXP.GNFS.ZS?format=json&per_page=1000,2026-09-28T17:23:24.144Z,{}
NE.EXP.GNFS.ZS,NE.EXP.GNFS.ZS--jpn,Japonia,JPN,Exports of goods and services (% of GDP),1960-12-31,1960,year,1960-01-01,,% PKB,annual,observed,https://api.worldbank.org/v2/country/POL;WLD;USA;CHN;DEU;IND;KOR;JPN;GBR;FRA;BRA;EST/indicator/NE.EXP.GNFS.ZS?format=json&per_page=1000,2026-09-28T17:23:24.144Z,{}
NE.EXP.GNFS.ZS,NE.EXP.GNFS.ZS--kor,Korea Płd.,KOR,Exports of goods and services (% of GDP),1960-12-31,1960,year,1960-01-01,2.63157894736842,% PKB,annual,observed,https://api.worldbank.org/v2/country/POL;WLD;USA;CHN;DEU;IND;KOR;JPN;GBR;FRA;BRA;EST/indicator/NE.EXP.GNFS.ZS?format=json&per_page=1000,2026-09-28T17:23:24.144Z,{}
NE.EXP.GNFS.ZS,NE.EXP.GNFS.ZS--pol,Polska,POL,Exports of goods and services (% of GDP),1960-12-31,1960,year,1960-01-01,,% PKB,annual,observed,https://api.worldbank.org/v2/country/POL;WLD;USA;CHN;DEU;IND;KOR;JPN;GBR;FRA;BRA;EST/indicator/NE.EXP.GNFS.ZS?format=json&per_page=1000,2026-09-28T17:23:24.144Z,{}
NE.EXP.GNFS.ZS,NE.EXP.GNFS.ZS--usa,USA,USA,Exports of goods and services (% of GDP),1960-12-31,1960,year,1960-01-01,,% PKB,annual,observed,https://api.worldbank.org/v2/country/POL;WLD;USA;CHN;DEU;IND;KOR;JPN;GBR;FRA;BRA;EST/indicator/NE.EXP.GNFS.ZS?format=json&per_page=1000,2026-09-28T17:23:24.144Z,{}
NE.EXP.GNFS.ZS,NE.EXP.GNFS.ZS--wld,Świat,WLD,Exports of goods and services (% of GDP),1960-12-31,1960,year,1960-01-01,,% PKB,annual,observed,https://api.worldbank.org/v2/country/POL;WLD;USA;CHN;DEU;IND;KOR;JPN;GBR;FRA;BRA;EST/indicator/NE.EXP.GNFS.ZS?format=json&per_page=1000,2026-09-28T17:23:24.144Z,{}
NE.EXP.GNFS.ZS,NE.EXP.GNFS.ZS--bra,Brazylia,BRA,Exports of goods and services (% of GDP),1961-12-31,1961,year,1961-01-01,6.42021675517618,% PKB,annual,observed,https://api.worldbank.org/v2/country/POL;WLD;USA;CHN;DEU;IND;KOR;JPN;GBR;FRA;BRA;EST/indicator/NE.EXP.GNFS.ZS?format=json&per_page=1000,2026-09-28T17:23:24.144Z,{}
NE.EXP.GNFS.ZS,NE.EXP.GNFS.ZS--chn,Chiny,CHN,Exports of goods and services (% of GDP),1961-12-31,1961,year,1961-01-01,3.00147724389829,% PKB,annual,observed,https://api.worldbank.org/v2/country/POL;WLD;USA;CHN;DEU;IND;KOR;JPN;GBR;FRA;BRA;EST/indicator/NE.EXP.GNFS.ZS?format=json&per_page=1000,2026-09-28T17:23:24.144Z,{}
NE.EXP.GNFS.ZS,NE.EXP.GNFS.ZS--deu,Niemcy,DEU,Exports of goods and services (% of GDP),1961-12-31,1961,year,1961-01-01,,% PKB,annual,observed,https://api.worldbank.org/v2/country/POL;WLD;USA;CHN;DEU;IND;KOR;JPN;GBR;FRA;BRA;EST/indicator/NE.EXP.GNFS.ZS?format=json&per_page=1000,2026-09-28T17:23:24.144Z,{}
NE.EXP.GNFS.ZS,NE.EXP.GNFS.ZS--est,Estonia,EST,Exports of goods and services (% of GDP),1961-12-31,1961,year,1961-01-01,,% PKB,annual,observed,https://api.worldbank.org/v2/country/POL;WLD;USA;CHN;DEU;IND;KOR;JPN;GBR;FRA;BRA;EST/indicator/NE.EXP.GNFS.ZS?format=json&per_page=1000,2026-09-28T17:23:24.144Z,{}
NE.EXP.GNFS.ZS,NE.EXP.GNFS.ZS--fra,Francja,FRA,Exports of goods and services (% of GDP),1961-12-31,1961,year,1961-01-01,15.1978870940619,% PKB,annual,observed,https://api.worldbank.org/v2/country/POL;WLD;USA;CHN;DEU;IND;KOR;JPN;GBR;FRA;BRA;EST/indicator/NE.EXP.GNFS.ZS?format=json&per_page=1000,2026-09-28T17:23:24.144Z,{}
NE.EXP.GNFS.ZS,NE.EXP.GNFS.ZS--gbr,Wielka Brytania,GBR,Exports of goods and services (% of GDP),1961-12-31,1961,year,1961-01-01,,% PKB,annual,observed,https://api.worldbank.org/v2/country/POL;WLD;USA;CHN;DEU;IND;KOR;JPN;GBR;FRA;BRA;EST/indicator/NE.EXP.GNFS.ZS?format=json&per_page=1000,2026-09-28T17:23:24.144Z,{}
NE.EXP.GNFS.ZS,NE.EXP.GNFS.ZS--ind,Indie,IND,Exports of goods and services (% of GDP),1961-12-31,1961,year,1961-01-01,4.30358618999823,% PKB,annual,observed,https://api.worldbank.org/v2/country/POL;WLD;USA;CHN;DEU;IND;KOR;JPN;GBR;FRA;BRA;EST/indicator/NE.EXP.GNFS.ZS?format=json&per_page=1000,2026-09-28T17:23:24.144Z,{}
NE.EXP.GNFS.ZS,NE.EXP.GNFS.ZS--jpn,Japonia,JPN,Exports of goods and services (% of GDP),1961-12-31,1961,year,1961-01-01,,% PKB,annual,observed,https://api.worldbank.org/v2/country/POL;WLD;USA;CHN;DEU;IND;KOR;JPN;GBR;FRA;BRA;EST/indicator/NE.EXP.GNFS.ZS?format=json&per_page=1000,2026-09-28T17:23:24.144Z,{}
NE.EXP.GNFS.ZS,NE.EXP.GNFS.ZS--kor,Korea Płd.,KOR,Exports of goods and services (% of GDP),1961-12-31,1961,year,1961-01-01,4.02773192472763,% PKB,annual,observed,https://api.worldbank.org/v2/country/POL;WLD;USA;CHN;DEU;IND;KOR;JPN;GBR;FRA;BRA;EST/indicator/NE.EXP.GNFS.ZS?format=json&per_page=1000,2026-09-28T17:23:24.144Z,{}
NE.EXP.GNFS.ZS,NE.EXP.GNFS.ZS--pol,Polska,POL,Exports of goods and services (% of GDP),1961-12-31,1961,year,1961-01-01,,% PKB,annual,observed,https://api.worldbank.org/v2/country/POL;WLD;USA;CHN;DEU;IND;KOR;JPN;GBR;FRA;BRA;EST/indicator/NE.EXP.GNFS.ZS?format=json&per_page=1000,2026-09-28T17:23:24.144Z,{}
NE.EXP.GNFS.ZS,NE.EXP.GNFS.ZS--usa,USA,USA,Exports of goods and services (% of GDP),1961-12-31,1961,year,1961-01-01,,% PKB,annual,observed,https://api.worldbank.org/v2/country/POL;WLD;USA;CHN;DEU;IND;KOR;JPN;GBR;FRA;BRA;EST/indicator/NE.EXP.GNFS.ZS?format=json&per_page=1000,2026-09-28T17:23:24.144Z,{}
NE.EXP.GNFS.ZS,NE.EXP.GNFS.ZS--wld,Świat,WLD,Exports of goods and services (% of GDP),1961-12-31,1961,year,1961-01-01,,% PKB,annual,observed,https://api.worldbank.org/v2/country/POL;WLD;USA;CHN;DEU;IND;KOR;JPN;GBR;FRA;BRA;EST/indicator/NE.EXP.GNFS.ZS?format=json&per_page=1000,2026-09-28T17:23:24.144Z,{}
NE.EXP.GNFS.ZS,NE.EXP.GNFS.ZS--bra,Brazylia,BRA,Exports of goods and services (% of GDP),1962-12-31,1962,year,1962-01-01,4.00847871772255,% PKB,annual,observed,https://api.worldbank.org/v2/country/POL;WLD;USA;CHN;DEU;IND;KOR;JPN;GBR;FRA;BRA;EST/indicator/NE.EXP.GNFS.ZS?format=json&per_page=1000,2026-09-28T17:23:24.144Z,{}
NE.EXP.GNFS.ZS,NE.EXP.GNFS.ZS--chn,Chiny,CHN,Exports of goods and services (% of GDP),1962-12-31,1962,year,1962-01-01,3.18187809249592,% PKB,annual,observed,https://api.worldbank.org/v2/country/POL;WLD;USA;CHN;DEU;IND;KOR;JPN;GBR;FRA;BRA;EST/indicator/NE.EXP.GNFS.ZS?format=json&per_page=1000,2026-09-28T17:23:24.144Z,{}
NE.EXP.GNFS.ZS,NE.EXP.GNFS.ZS--deu,Niemcy,DEU,Exports of goods and services (% of GDP),1962-12-31,1962,year,1962-01-01,,% PKB,annual,observed,https://api.worldbank.org/v2/country/POL;WLD;USA;CHN;DEU;IND;KOR;JPN;GBR;FRA;BRA;EST/indicator/NE.EXP.GNFS.ZS?format=json&per_page=1000,2026-09-28T17:23:24.144Z,{}
NE.EXP.GNFS.ZS,NE.EXP.GNFS.ZS--est,Estonia,EST,Exports of goods and services (% of GDP),1962-12-31,1962,year,1962-01-01,,% PKB,annual,observed,https://api.worldbank.org/v2/country/POL;WLD;USA;CHN;DEU;IND;KOR;JPN;GBR;FRA;BRA;EST/indicator/NE.EXP.GNFS.ZS?format=json&per_page=1000,2026-09-28T17:23:24.144Z,{}
NE.EXP.GNFS.ZS,NE.EXP.GNFS.ZS--fra,Francja,FRA,Exports of goods and services (% of GDP),1962-12-31,1962,year,1962-01-01,13.9369577892821,% PKB,annual,observed,https://api.worldbank.org/v2/country/POL;WLD;USA;CHN;DEU;IND;KOR;JPN;GBR;FRA;BRA;EST/indicator/NE.EXP.GNFS.ZS?format=json&per_page=1000,2026-09-28T17:23:24.144Z,{}
NE.EXP.GNFS.ZS,NE.EXP.GNFS.ZS--gbr,Wielka Brytania,GBR,Exports of goods and services (% of GDP),1962-12-31,1962,year,1962-01-01,,% PKB,annual,observed,https://api.worldbank.org/v2/country/POL;WLD;USA;CHN;DEU;IND;KOR;JPN;GBR;FRA;BRA;EST/indicator/NE.EXP.GNFS.ZS?format=json&per_page=1000,2026-09-28T17:23:24.144Z,{}
NE.EXP.GNFS.ZS,NE.EXP.GNFS.ZS--ind,Indie,IND,Exports of goods and services (% of GDP),1962-12-31,1962,year,1962-01-01,4.16897528321772,% PKB,annual,observed,https://api.worldbank.org/v2/country/POL;WLD;USA;CHN;DEU;IND;KOR;JPN;GBR;FRA;BRA;EST/indicator/NE.EXP.GNFS.ZS?format=json&per_page=1000,2026-09-28T17:23:24.144Z,{}
NE.EXP.GNFS.ZS,NE.EXP.GNFS.ZS--jpn,Japonia,JPN,Exports of goods and services (% of GDP),1962-12-31,1962,year,1962-01-01,,% PKB,annual,observed,https://api.worldbank.org/v2/country/POL;WLD;USA;CHN;DEU;IND;KOR;JPN;GBR;FRA;BRA;EST/indicator/NE.EXP.GNFS.ZS?format=json&per_page=1000,2026-09-28T17:23:24.144Z,{}
NE.EXP.GNFS.ZS,NE.EXP.GNFS.ZS--kor,Korea Płd.,KOR,Exports of goods and services (% of GDP),1962-12-31,1962,year,1962-01-01,3.86394557823129,% PKB,annual,observed,https://api.worldbank.org/v2/country/POL;WLD;USA;CHN;DEU;IND;KOR;JPN;GBR;FRA;BRA;EST/indicator/NE.EXP.GNFS.ZS?format=json&per_page=1000,2026-09-28T17:23:24.144Z,{}
NE.EXP.GNFS.ZS,NE.EXP.GNFS.ZS--pol,Polska,POL,Exports of goods and services (% of GDP),1962-12-31,1962,year,1962-01-01,,% PKB,annual,observed,https://api.worldbank.org/v2/country/POL;WLD;USA;CHN;DEU;IND;KOR;JPN;GBR;FRA;BRA;EST/indicator/NE.EXP.GNFS.ZS?format=json&per_page=1000,2026-09-28T17:23:24.144Z,{}
NE.EXP.GNFS.ZS,NE.EXP.GNFS.ZS--usa,USA,USA,Exports of goods and services (% of GDP),1962-12-31,1962,year,1962-01-01,,% PKB,annual,observed,https://api.worldbank.org/v2/country/POL;WLD;USA;CHN;DEU;IND;KOR;JPN;GBR;FRA;BRA;EST/indicator/NE.EXP.GNFS.ZS?format=json&per_page=1000,2026-09-28T17:23:24.144Z,{}
NE.EXP.GNFS.ZS,NE.EXP.GNFS.ZS--wld,Świat,WLD,Exports of goods and services (% of GDP),1962-12-31,1962,year,1962-01-01,,% PKB,annual,observed,https://api.worldbank.org/v2/country/POL;WLD;USA;CHN;DEU;IND;KOR;JPN;GBR;FRA;BRA;EST/indicator/NE.EXP.GNFS.ZS?format=json&per_page=1000,2026-09-28T17:23:24.144Z,{}
NE.EXP.GNFS.ZS,NE.EXP.GNFS.ZS--bra,Brazylia,BRA,Exports of goods and services (% of GDP),1963-12-31,1963,year,1963-01-01,8.93314544401188,% PKB,annual,observed,https://api.worldbank.org/v2/country/POL;WLD;USA;CHN;DEU;IND;KOR;JPN;GBR;FRA;BRA;EST/indicator/NE.EXP.GNFS.ZS?format=json&per_page=1000,2026-09-28T17:23:24.144Z,{}
NE.EXP.GNFS.ZS,NE.EXP.GNFS.ZS--chn,Chiny,CHN,Exports of goods and services (% of GDP),1963-12-31,1963,year,1963-01-01,3.279427154169,% PKB,annual,observed,https://api.worldbank.org/v2/country/POL;WLD;USA;CHN;DEU;IND;KOR;JPN;GBR;FRA;BRA;EST/indicator/NE.EXP.GNFS.ZS?format=json&per_page=1000,2026-09-28T17:23:24.144Z,{}
NE.EXP.GNFS.ZS,NE.EXP.GNFS.ZS--deu,Niemcy,DEU,Exports of goods and services (% of GDP),1963-12-31,1963,year,1963-01-01,,% PKB,annual,observed,https://api.worldbank.org/v2/country/POL;WLD;USA;CHN;DEU;IND;KOR;JPN;GBR;FRA;BRA;EST/indicator/NE.EXP.GNFS.ZS?format=json&per_page=1000,2026-09-28T17:23:24.144Z,{}
NE.EXP.GNFS.ZS,NE.EXP.GNFS.ZS--est,Estonia,EST,Exports of goods and services (% of GDP),1963-12-31,1963,year,1963-01-01,,% PKB,annual,observed,https://api.worldbank.org/v2/country/POL;WLD;USA;CHN;DEU;IND;KOR;JPN;GBR;FRA;BRA;EST/indicator/NE.EXP.GNFS.ZS?format=json&per_page=1000,2026-09-28T17:23:24.144Z,{}
NE.EXP.GNFS.ZS,NE.EXP.GNFS.ZS--fra,Francja,FRA,Exports of goods and services (% of GDP),1963-12-31,1963,year,1963-01-01,13.6946930225148,% PKB,annual,observed,https://api.worldbank.org/v2/country/POL;WLD;USA;CHN;DEU;IND;KOR;JPN;GBR;FRA;BRA;EST/indicator/NE.EXP.GNFS.ZS?format=json&per_page=1000,2026-09-28T17:23:24.144Z,{}
NE.EXP.GNFS.ZS,NE.EXP.GNFS.ZS--gbr,Wielka Brytania,GBR,Exports of goods and services (% of GDP),1963-12-31,1963,year,1963-01-01,,% PKB,annual,observed,https://api.worldbank.org/v2/country/POL;WLD;USA;CHN;DEU;IND;KOR;JPN;GBR;FRA;BRA;EST/indicator/NE.EXP.GNFS.ZS?format=json&per_page=1000,2026-09-28T17:23:24.144Z,{}
NE.EXP.GNFS.ZS,NE.EXP.GNFS.ZS--ind,Indie,IND,Exports of goods and services (% of GDP),1963-12-31,1963,year,1963-01-01,4.28050338490125,% PKB,annual,observed,https://api.worldbank.org/v2/country/POL;WLD;USA;CHN;DEU;IND;KOR;JPN;GBR;FRA;BRA;EST/indicator/NE.EXP.GNFS.ZS?format=json&per_page=1000,2026-09-28T17:23:24.144Z,{}
NE.EXP.GNFS.ZS,NE.EXP.GNFS.ZS--jpn,Japonia,JPN,Exports of goods and services (% of GDP),1963-12-31,1963,year,1963-01-01,,% PKB,annual,observed,https://api.worldbank.org/v2/country/POL;WLD;USA;CHN;DEU;IND;KOR;JPN;GBR;FRA;BRA;EST/indicator/NE.EXP.GNFS.ZS?format=json&per_page=1000,2026-09-28T17:23:24.144Z,{}
NE.EXP.GNFS.ZS,NE.EXP.GNFS.ZS--kor,Korea Płd.,KOR,Exports of goods and services (% of GDP),1963-12-31,1963,year,1963-01-01,3.93474088291747,% PKB,annual,observed,https://api.worldbank.org/v2/country/POL;WLD;USA;CHN;DEU;IND;KOR;JPN;GBR;FRA;BRA;EST/indicator/NE.EXP.GNFS.ZS?format=json&per_page=1000,2026-09-28T17:23:24.144Z,{}
NE.EXP.GNFS.ZS,NE.EXP.GNFS.ZS--pol,Polska,POL,Exports of goods and services (% of GDP),1963-12-31,1963,year,1963-01-01,,% PKB,annual,observed,https://api.worldbank.org/v2/country/POL;WLD;USA;CHN;DEU;IND;KOR;JPN;GBR;FRA;BRA;EST/indicator/NE.EXP.GNFS.ZS?format=json&per_page=1000,2026-09-28T17:23:24.144Z,{}
NE.EXP.GNFS.ZS,NE.EXP.GNFS.ZS--usa,USA,USA,Exports of goods and services (% of GDP),1963-12-31,1963,year,1963-01-01,,% PKB,annual,observed,https://api.worldbank.org/v2/country/POL;WLD;USA;CHN;DEU;IND;KOR;JPN;GBR;FRA;BRA;EST/indicator/NE.EXP.GNFS.ZS?format=json&per_page=1000,2026-09-28T17:23:24.144Z,{}
NE.EXP.GNFS.ZS,NE.EXP.GNFS.ZS--wld,Świat,WLD,Exports of goods and services (% of GDP),1963-12-31,1963,year,1963-01-01,,% PKB,annual,observed,https://api.worldbank.org/v2/country/POL;WLD;USA;CHN;DEU;IND;KOR;JPN;GBR;FRA;BRA;EST/indicator/NE.EXP.GNFS.ZS?format=json&per_page=1000,2026-09-28T17:23:24.144Z,{}
NE.EXP.GNFS.ZS,NE.EXP.GNFS.ZS--bra,Brazylia,BRA,Exports of goods and services (% of GDP),1964-12-31,1964,year,1964-01-01,6.46099666497353,% PKB,annual,observed,https://api.worldbank.org/v2/country/POL;WLD;USA;CHN;DEU;IND;KOR;JPN;GBR;FRA;BRA;EST/indicator/NE.EXP.GNFS.ZS?format=json&per_page=1000,2026-09-28T17:23:24.144Z,{}
NE.EXP.GNFS.ZS,NE.EXP.GNFS.ZS--chn,Chiny,CHN,Exports of goods and services (% of GDP),1964-12-31,1964,year,1964-01-01,3.24105588221634,% PKB,annual,observed,https://api.worldbank.org/v2/country/POL;WLD;USA;CHN;DEU;IND;KOR;JPN;GBR;FRA;BRA;EST/indicator/NE.EXP.GNFS.ZS?format=json&per_page=1000,2026-09-28T17:23:24.144Z,{}
NE.EXP.GNFS.ZS,NE.EXP.GNFS.ZS--deu,Niemcy,DEU,Exports of goods and services (% of GDP),1964-12-31,1964,year,1964-01-01,,% PKB,annual,observed,https://api.worldbank.org/v2/country/POL;WLD;USA;CHN;DEU;IND;KOR;JPN;GBR;FRA;BRA;EST/indicator/NE.EXP.GNFS.ZS?format=json&per_page=1000,2026-09-28T17:23:24.144Z,{}
NE.EXP.GNFS.ZS,NE.EXP.GNFS.ZS--est,Estonia,EST,Exports of goods and services (% of GDP),1964-12-31,1964,year,1964-01-01,,% PKB,annual,observed,https://api.worldbank.org/v2/country/POL;WLD;USA;CHN;DEU;IND;KOR;JPN;GBR;FRA;BRA;EST/indicator/NE.EXP.GNFS.ZS?format=json&per_page=1000,2026-09-28T17:23:24.144Z,{}
NE.EXP.GNFS.ZS,NE.EXP.GNFS.ZS--fra,Francja,FRA,Exports of goods and services (% of GDP),1964-12-31,1964,year,1964-01-01,13.8853769499557,% PKB,annual,observed,https://api.worldbank.org/v2/country/POL;WLD;USA;CHN;DEU;IND;KOR;JPN;GBR;FRA;BRA;EST/indicator/NE.EXP.GNFS.ZS?format=json&per_page=1000,2026-09-28T17:23:24.144Z,{}
NE.EXP.GNFS.ZS,NE.EXP.GNFS.ZS--gbr,Wielka Brytania,GBR,Exports of goods and services (% of GDP),1964-12-31,1964,year,1964-01-01,,% PKB,annual,observed,https://api.worldbank.org/v2/country/POL;WLD;USA;CHN;DEU;IND;KOR;JPN;GBR;FRA;BRA;EST/indicator/NE.EXP.GNFS.ZS?format=json&per_page=1000,2026-09-28T17:23:24.144Z,{}
NE.EXP.GNFS.ZS,NE.EXP.GNFS.ZS--ind,Indie,IND,Exports of goods and services (% of GDP),1964-12-31,1964,year,1964-01-01,3.72555117263129,% PKB,annual,observed,https://api.worldbank.org/v2/country/POL;WLD;USA;CHN;DEU;IND;KOR;JPN;GBR;FRA;BRA;EST/indicator/NE.EXP.GNFS.ZS?format=json&per_page=1000,2026-09-28T17:23:24.144Z,{}
NE.EXP.GNFS.ZS,NE.EXP.GNFS.ZS--jpn,Japonia,JPN,Exports of goods and services (% of GDP),1964-12-31,1964,year,1964-01-01,,% PKB,annual,observed,https://api.worldbank.org/v2/country/POL;WLD;USA;CHN;DEU;IND;KOR;JPN;GBR;FRA;BRA;EST/indicator/NE.EXP.GNFS.ZS?format=json&per_page=1000,2026-09-28T17:23:24.144Z,{}
NE.EXP.GNFS.ZS,NE.EXP.GNFS.ZS--kor,Korea Płd.,KOR,Exports of goods and services (% of GDP),1964-12-31,1964,year,1964-01-01,4.93611297915266,% PKB,annual,observed,https://api.worldbank.org/v2/country/POL;WLD;USA;CHN;DEU;IND;KOR;JPN;GBR;FRA;BRA;EST/indicator/NE.EXP.GNFS.ZS?format=json&per_page=1000,2026-09-28T17:23:24.144Z,{}
NE.EXP.GNFS.ZS,NE.EXP.GNFS.ZS--pol,Polska,POL,Exports of goods and services (% of GDP),1964-12-31,1964,year,1964-01-01,,% PKB,annual,observed,https://api.worldbank.org/v2/country/POL;WLD;USA;CHN;DEU;IND;KOR;JPN;GBR;FRA;BRA;EST/indicator/NE.EXP.GNFS.ZS?format=json&per_page=1000,2026-09-28T17:23:24.144Z,{}
NE.EXP.GNFS.ZS,NE.EXP.GNFS.ZS--usa,USA,USA,Exports of goods and services (% of GDP),1964-12-31,1964,year,1964-01-01,,% PKB,annual,observed,https://api.worldbank.org/v2/country/POL;WLD;USA;CHN;DEU;IND;KOR;JPN;GBR;FRA;BRA;EST/indicator/NE.EXP.GNFS.ZS?format=json&per_page=1000,2026-09-28T17:23:24.144Z,{}
NE.EXP.GNFS.ZS,NE.EXP.GNFS.ZS--wld,Świat,WLD,Exports of goods and services (% of GDP),1964-12-31,1964,year,1964-01-01,,% PKB,annual,observed,https://api.worldbank.org/v2/country/POL;WLD;USA;CHN;DEU;IND;KOR;JPN;GBR;FRA;BRA;EST/indicator/NE.EXP.GNFS.ZS?format=json&per_page=1000,2026-09-28T17:23:24.144Z,{}
NE.EXP.GNFS.ZS,NE.EXP.GNFS.ZS--bra,Brazylia,BRA,Exports of goods and services (% of GDP),1965-12-31,1965,year,1965-01-01,7.50316443059153,% PKB,annual,observed,https://api.worldbank.org/v2/country/POL;WLD;USA;CHN;DEU;IND;KOR;JPN;GBR;FRA;BRA;EST/indicator/NE.EXP.GNFS.ZS?format=json&per_page=1000,2026-09-28T17:23:24.144Z,{}
NE.EXP.GNFS.ZS,NE.EXP.GNFS.ZS--chn,Chiny,CHN,Exports of goods and services (% of GDP),1965-12-31,1965,year,1965-01-01,3.18368644911352,% PKB,annual,observed,https://api.worldbank.org/v2/country/POL;WLD;USA;CHN;DEU;IND;KOR;JPN;GBR;FRA;BRA;EST/indicator/NE.EXP.GNFS.ZS?format=json&per_page=1000,2026-09-28T17:23:24.144Z,{}
NE.EXP.GNFS.ZS,NE.EXP.GNFS.ZS--deu,Niemcy,DEU,Exports of goods and services (% of GDP),1965-12-31,1965,year,1965-01-01,,% PKB,annual,observed,https://api.worldbank.org/v2/country/POL;WLD;USA;CHN;DEU;IND;KOR;JPN;GBR;FRA;BRA;EST/indicator/NE.EXP.GNFS.ZS?format=json&per_page=1000,2026-09-28T17:23:24.144Z,{}
NE.EXP.GNFS.ZS,NE.EXP.GNFS.ZS--est,Estonia,EST,Exports of goods and services (% of GDP),1965-12-31,1965,year,1965-01-01,,% PKB,annual,observed,https://api.worldbank.org/v2/country/POL;WLD;USA;CHN;DEU;IND;KOR;JPN;GBR;FRA;BRA;EST/indicator/NE.EXP.GNFS.ZS?format=json&per_page=1000,2026-09-28T17:23:24.144Z,{}
NE.EXP.GNFS.ZS,NE.EXP.GNFS.ZS--fra,Francja,FRA,Exports of goods and services (% of GDP),1965-12-31,1965,year,1965-01-01,14.3785411883649,% PKB,annual,observed,https://api.worldbank.org/v2/country/POL;WLD;USA;CHN;DEU;IND;KOR;JPN;GBR;FRA;BRA;EST/indicator/NE.EXP.GNFS.ZS?format=json&per_page=1000,2026-09-28T17:23:24.144Z,{}
NE.EXP.GNFS.ZS,NE.EXP.GNFS.ZS--gbr,Wielka Brytania,GBR,Exports of goods and services (% of GDP),1965-12-31,1965,year,1965-01-01,,% PKB,annual,observed,https://api.worldbank.org/v2/country/POL;WLD;USA;CHN;DEU;IND;KOR;JPN;GBR;FRA;BRA;EST/indicator/NE.EXP.GNFS.ZS?format=json&per_page=1000,2026-09-28T17:23:24.144Z,{}
NE.EXP.GNFS.ZS,NE.EXP.GNFS.ZS--ind,Indie,IND,Exports of goods and services (% of GDP),1965-12-31,1965,year,1965-01-01,3.30747278088062,% PKB,annual,observed,https://api.worldbank.org/v2/country/POL;WLD;USA;CHN;DEU;IND;KOR;JPN;GBR;FRA;BRA;EST/indicator/NE.EXP.GNFS.ZS?format=json&per_page=1000,2026-09-28T17:23:24.144Z,{}
NE.EXP.GNFS.ZS,NE.EXP.GNFS.ZS--jpn,Japonia,JPN,Exports of goods and services (% of GDP),1965-12-31,1965,year,1965-01-01,,% PKB,annual,observed,https://api.worldbank.org/v2/country/POL;WLD;USA;CHN;DEU;IND;KOR;JPN;GBR;FRA;BRA;EST/indicator/NE.EXP.GNFS.ZS?format=json&per_page=1000,2026-09-28T17:23:24.144Z,{}
NE.EXP.GNFS.ZS,NE.EXP.GNFS.ZS--kor,Korea Płd.,KOR,Exports of goods and services (% of GDP),1965-12-31,1965,year,1965-01-01,7.08652007648184,% PKB,annual,observed,https://api.worldbank.org/v2/country/POL;WLD;USA;CHN;DEU;IND;KOR;JPN;GBR;FRA;BRA;EST/indicator/NE.EXP.GNFS.ZS?format=json&per_page=1000,2026-09-28T17:23:24.144Z,{}
NE.EXP.GNFS.ZS,NE.EXP.GNFS.ZS--pol,Polska,POL,Exports of goods and services (% of GDP),1965-12-31,1965,year,1965-01-01,,% PKB,annual,observed,https://api.worldbank.org/v2/country/POL;WLD;USA;CHN;DEU;IND;KOR;JPN;GBR;FRA;BRA;EST/indicator/NE.EXP.GNFS.ZS?format=json&per_page=1000,2026-09-28T17:23:24.144Z,{}
NE.EXP.GNFS.ZS,NE.EXP.GNFS.ZS--usa,USA,USA,Exports of goods and services (% of GDP),1965-12-31,1965,year,1965-01-01,,% PKB,annual,observed,https://api.worldbank.org/v2/country/POL;WLD;USA;CHN;DEU;IND;KOR;JPN;GBR;FRA;BRA;EST/indicator/NE.EXP.GNFS.ZS?format=json&per_page=1000,2026-09-28T17:23:24.144Z,{}
NE.EXP.GNFS.ZS,NE.EXP.GNFS.ZS--wld,Świat,WLD,Exports of goods and services (% of GDP),1965-12-31,1965,year,1965-01-01,,% PKB,annual,observed,https://api.worldbank.org/v2/country/POL;WLD;USA;CHN;DEU;IND;KOR;JPN;GBR;FRA;BRA;EST/indicator/NE.EXP.GNFS.ZS?format=json&per_page=1000,2026-09-28T17:23:24.144Z,{}
NE.EXP.GNFS.ZS,NE.EXP.GNFS.ZS--bra,Brazylia,BRA,Exports of goods and services (% of GDP),1966-12-31,1966,year,1966-01-01,6.53020390757968,% PKB,annual,observed,https://api.worldbank.org/v2/country/POL;WLD;USA;CHN;DEU;IND;KOR;JPN;GBR;FRA;BRA;EST/indicator/NE.EXP.GNFS.ZS?format=json&per_page=1000,2026-09-28T17:23:24.144Z,{}
NE.EXP.GNFS.ZS,NE.EXP.GNFS.ZS--chn,Chiny,CHN,Exports of goods and services (% of GDP),1966-12-31,1966,year,1966-01-01,3.08454778826638,% PKB,annual,observed,https://api.worldbank.org/v2/country/POL;WLD;USA;CHN;DEU;IND;KOR;JPN;GBR;FRA;BRA;EST/indicator/NE.EXP.GNFS.ZS?format=json&per_page=1000,2026-09-28T17:23:24.144Z,{}
NE.EXP.GNFS.ZS,NE.EXP.GNFS.ZS--deu,Niemcy,DEU,Exports of goods and services (% of GDP),1966-12-31,1966,year,1966-01-01,,% PKB,annual,observed,https://api.worldbank.org/v2/country/POL;WLD;USA;CHN;DEU;IND;KOR;JPN;GBR;FRA;BRA;EST/indicator/NE.EXP.GNFS.ZS?format=json&per_page=1000,2026-09-28T17:23:24.144Z,{}
NE.EXP.GNFS.ZS,NE.EXP.GNFS.ZS--est,Estonia,EST,Exports of goods and services (% of GDP),1966-12-31,1966,year,1966-01-01,,% PKB,annual,observed,https://api.worldbank.org/v2/country/POL;WLD;USA;CHN;DEU;IND;KOR;JPN;GBR;FRA;BRA;EST/indicator/NE.EXP.GNFS.ZS?format=json&per_page=1000,2026-09-28T17:23:24.144Z,{}
NE.EXP.GNFS.ZS,NE.EXP.GNFS.ZS--fra,Francja,FRA,Exports of goods and services (% of GDP),1966-12-31,1966,year,1966-01-01,14.417701778419,% PKB,annual,observed,https://api.worldbank.org/v2/country/POL;WLD;USA;CHN;DEU;IND;KOR;JPN;GBR;FRA;BRA;EST/indicator/NE.EXP.GNFS.ZS?format=json&per_page=1000,2026-09-28T17:23:24.144Z,{}
NE.EXP.GNFS.ZS,NE.EXP.GNFS.ZS--gbr,Wielka Brytania,GBR,Exports of goods and services (% of GDP),1966-12-31,1966,year,1966-01-01,,% PKB,annual,observed,https://api.worldbank.org/v2/country/POL;WLD;USA;CHN;DEU;IND;KOR;JPN;GBR;FRA;BRA;EST/indicator/NE.EXP.GNFS.ZS?format=json&per_page=1000,2026-09-28T17:23:24.144Z,{}
NE.EXP.GNFS.ZS,NE.EXP.GNFS.ZS--ind,Indie,IND,Exports of goods and services (% of GDP),1966-12-31,1966,year,1966-01-01,4.14255065953483,% PKB,annual,observed,https://api.worldbank.org/v2/country/POL;WLD;USA;CHN;DEU;IND;KOR;JPN;GBR;FRA;BRA;EST/indicator/NE.EXP.GNFS.ZS?format=json&per_page=1000,2026-09-28T17:23:24.144Z,{}
NE.EXP.GNFS.ZS,NE.EXP.GNFS.ZS--jpn,Japonia,JPN,Exports of goods and services (% of GDP),1966-12-31,1966,year,1966-01-01,,% PKB,annual,observed,https://api.worldbank.org/v2/country/POL;WLD;USA;CHN;DEU;IND;KOR;JPN;GBR;FRA;BRA;EST/indicator/NE.EXP.GNFS.ZS?format=json&per_page=1000,2026-09-28T17:23:24.144Z,{}
NE.EXP.GNFS.ZS,NE.EXP.GNFS.ZS--kor,Korea Płd.,KOR,Exports of goods and services (% of GDP),1966-12-31,1966,year,1966-01-01,8.38222967309304,% PKB,annual,observed,https://api.worldbank.org/v2/country/POL;WLD;USA;CHN;DEU;IND;KOR;JPN;GBR;FRA;BRA;EST/indicator/NE.EXP.GNFS.ZS?format=json&per_page=1000,2026-09-28T17:23:24.144Z,{}
NE.EXP.GNFS.ZS,NE.EXP.GNFS.ZS--pol,Polska,POL,Exports of goods and services (% of GDP),1966-12-31,1966,year,1966-01-01,,% PKB,annual,observed,https://api.worldbank.org/v2/country/POL;WLD;USA;CHN;DEU;IND;KOR;JPN;GBR;FRA;BRA;EST/indicator/NE.EXP.GNFS.ZS?format=json&per_page=1000,2026-09-28T17:23:24.144Z,{}
NE.EXP.GNFS.ZS,NE.EXP.GNFS.ZS--usa,USA,USA,Exports of goods and services (% of GDP),1966-12-31,1966,year,1966-01-01,,% PKB,annual,observed,https://api.worldbank.org/v2/country/POL;WLD;USA;CHN;DEU;IND;KOR;JPN;GBR;FRA;BRA;EST/indicator/NE.EXP.GNFS.ZS?format=json&per_page=1000,2026-09-28T17:23:24.144Z,{}
NE.EXP.GNFS.ZS,NE.EXP.GNFS.ZS--wld,Świat,WLD,Exports of goods and services (% of GDP),1966-12-31,1966,year,1966-01-01,,% PKB,annual,observed,https://api.worldbank.org/v2/country/POL;WLD;USA;CHN;DEU;IND;KOR;JPN;GBR;FRA;BRA;EST/indicator/NE.EXP.GNFS.ZS?format=json&per_page=1000,2026-09-28T17:23:24.144Z,{}
NE.EXP.GNFS.ZS,NE.EXP.GNFS.ZS--bra,Brazylia,BRA,Exports of goods and services (% of GDP),1967-12-31,1967,year,1967-01-01,5.67719217542334,% PKB,annual,observed,https://api.worldbank.org/v2/country/POL;WLD;USA;CHN;DEU;IND;KOR;JPN;GBR;FRA;BRA;EST/indicator/NE.EXP.GNFS.ZS?format=json&per_page=1000,2026-09-28T17:23:24.144Z,{}
NE.EXP.GNFS.ZS,NE.EXP.GNFS.ZS--chn,Chiny,CHN,Exports of goods and services (% of GDP),1967-12-31,1967,year,1967-01-01,2.95280114994993,% PKB,annual,observed,https://api.worldbank.org/v2/country/POL;WLD;USA;CHN;DEU;IND;KOR;JPN;GBR;FRA;BRA;EST/indicator/NE.EXP.GNFS.ZS?format=json&per_page=1000,2026-09-28T17:23:24.144Z,{}
NE.EXP.GNFS.ZS,NE.EXP.GNFS.ZS--deu,Niemcy,DEU,Exports of goods and services (% of GDP),1967-12-31,1967,year,1967-01-01,,% PKB,annual,observed,https://api.worldbank.org/v2/country/POL;WLD;USA;CHN;DEU;IND;KOR;JPN;GBR;FRA;BRA;EST/indicator/NE.EXP.GNFS.ZS?format=json&per_page=1000,2026-09-28T17:23:24.144Z,{}
NE.EXP.GNFS.ZS,NE.EXP.GNFS.ZS--est,Estonia,EST,Exports of goods and services (% of GDP),1967-12-31,1967,year,1967-01-01,,% PKB,annual,observed,https://api.worldbank.org/v2/country/POL;WLD;USA;CHN;DEU;IND;KOR;JPN;GBR;FRA;BRA;EST/indicator/NE.EXP.GNFS.ZS?format=json&per_page=1000,2026-09-28T17:23:24.144Z,{}
NE.EXP.GNFS.ZS,NE.EXP.GNFS.ZS--fra,Francja,FRA,Exports of goods and services (% of GDP),1967-12-31,1967,year,1967-01-01,14.3500068632327,% PKB,annual,observed,https://api.worldbank.org/v2/country/POL;WLD;USA;CHN;DEU;IND;KOR;JPN;GBR;FRA;BRA;EST/indicator/NE.EXP.GNFS.ZS?format=json&per_page=1000,2026-09-28T17:23:24.144Z,{}
NE.EXP.GNFS.ZS,NE.EXP.GNFS.ZS--gbr,Wielka Brytania,GBR,Exports of goods and services (% of GDP),1967-12-31,1967,year,1967-01-01,,% PKB,annual,observed,https://api.worldbank.org/v2/country/POL;WLD;USA;CHN;DEU;IND;KOR;JPN;GBR;FRA;BRA;EST/indicator/NE.EXP.GNFS.ZS?format=json&per_page=1000,2026-09-28T17:23:24.144Z,{}
NE.EXP.GNFS.ZS,NE.EXP.GNFS.ZS--ind,Indie,IND,Exports of goods and services (% of GDP),1967-12-31,1967,year,1967-01-01,4.03444499534157,% PKB,annual,observed,https://api.worldbank.org/v2/country/POL;WLD;USA;CHN;DEU;IND;KOR;JPN;GBR;FRA;BRA;EST/indicator/NE.EXP.GNFS.ZS?format=json&per_page=1000,2026-09-28T17:23:24.144Z,{}
NE.EXP.GNFS.ZS,NE.EXP.GNFS.ZS--jpn,Japonia,JPN,Exports of goods and services (% of GDP),1967-12-31,1967,year,1967-01-01,,% PKB,annual,observed,https://api.worldbank.org/v2/country/POL;WLD;USA;CHN;DEU;IND;KOR;JPN;GBR;FRA;BRA;EST/indicator/NE.EXP.GNFS.ZS?format=json&per_page=1000,2026-09-28T17:23:24.144Z,{}
NE.EXP.GNFS.ZS,NE.EXP.GNFS.ZS--kor,Korea Płd.,KOR,Exports of goods and services (% of GDP),1967-12-31,1967,year,1967-01-01,9.03942002718623,% PKB,annual,observed,https://api.worldbank.org/v2/country/POL;WLD;USA;CHN;DEU;IND;KOR;JPN;GBR;FRA;BRA;EST/indicator/NE.EXP.GNFS.ZS?format=json&per_page=1000,2026-09-28T17:23:24.144Z,{}
NE.EXP.GNFS.ZS,NE.EXP.GNFS.ZS--pol,Polska,POL,Exports of goods and services (% of GDP),1967-12-31,1967,year,1967-01-01,,% PKB,annual,observed,https://api.worldbank.org/v2/country/POL;WLD;USA;CHN;DEU;IND;KOR;JPN;GBR;FRA;BRA;EST/indicator/NE.EXP.GNFS.ZS?format=json&per_page=1000,2026-09-28T17:23:24.144Z,{}
NE.EXP.GNFS.ZS,NE.EXP.GNFS.ZS--usa,USA,USA,Exports of goods and services (% of GDP),1967-12-31,1967,year,1967-01-01,,% PKB,annual,observed,https://api.worldbank.org/v2/country/POL;WLD;USA;CHN;DEU;IND;KOR;JPN;GBR;FRA;BRA;EST/indicator/NE.EXP.GNFS.ZS?format=json&per_page=1000,2026-09-28T17:23:24.144Z,{}
NE.EXP.GNFS.ZS,NE.EXP.GNFS.ZS--wld,Świat,WLD,Exports of goods and services (% of GDP),1967-12-31,1967,year,1967-01-01,,% PKB,annual,observed,https://api.worldbank.org/v2/country/POL;WLD;USA;CHN;DEU;IND;KOR;JPN;GBR;FRA;BRA;EST/indicator/NE.EXP.GNFS.ZS?format=json&per_page=1000,2026-09-28T17:23:24.144Z,{}
NE.EXP.GNFS.ZS,NE.EXP.GNFS.ZS--bra,Brazylia,BRA,Exports of goods and services (% of GDP),1968-12-31,1968,year,1968-01-01,5.99087444407956,% PKB,annual,observed,https://api.worldbank.org/v2/country/POL;WLD;USA;CHN;DEU;IND;KOR;JPN;GBR;FRA;BRA;EST/indicator/NE.EXP.GNFS.ZS?format=json&per_page=1000,2026-09-28T17:23:24.144Z,{}
NE.EXP.GNFS.ZS,NE.EXP.GNFS.ZS--chn,Chiny,CHN,Exports of goods and services (% of GDP),1968-12-31,1968,year,1968-01-01,2.97927634903285,% PKB,annual,observed,https://api.worldbank.org/v2/country/POL;WLD;USA;CHN;DEU;IND;KOR;JPN;GBR;FRA;BRA;EST/indicator/NE.EXP.GNFS.ZS?format=json&per_page=1000,2026-09-28T17:23:24.144Z,{}
NE.EXP.GNFS.ZS,NE.EXP.GNFS.ZS--deu,Niemcy,DEU,Exports of goods and services (% of GDP),1968-12-31,1968,year,1968-01-01,,% PKB,annual,observed,https://api.worldbank.org/v2/country/POL;WLD;USA;CHN;DEU;IND;KOR;JPN;GBR;FRA;BRA;EST/indicator/NE.EXP.GNFS.ZS?format=json&per_page=1000,2026-09-28T17:23:24.144Z,{}
NE.EXP.GNFS.ZS,NE.EXP.GNFS.ZS--est,Estonia,EST,Exports of goods and services (% of GDP),1968-12-31,1968,year,1968-01-01,,% PKB,annual,observed,https://api.worldbank.org/v2/country/POL;WLD;USA;CHN;DEU;IND;KOR;JPN;GBR;FRA;BRA;EST/indicator/NE.EXP.GNFS.ZS?format=json&per_page=1000,2026-09-28T17:23:24.144Z,{}
NE.EXP.GNFS.ZS,NE.EXP.GNFS.ZS--fra,Francja,FRA,Exports of goods and services (% of GDP),1968-12-31,1968,year,1968-01-01,14.4084067964573,% PKB,annual,observed,https://api.worldbank.org/v2/country/POL;WLD;USA;CHN;DEU;IND;KOR;JPN;GBR;FRA;BRA;EST/indicator/NE.EXP.GNFS.ZS?format=json&per_page=1000,2026-09-28T17:23:24.144Z,{}
NE.EXP.GNFS.ZS,NE.EXP.GNFS.ZS--gbr,Wielka Brytania,GBR,Exports of goods and services (% of GDP),1968-12-31,1968,year,1968-01-01,,% PKB,annual,observed,https://api.worldbank.org/v2/country/POL;WLD;USA;CHN;DEU;IND;KOR;JPN;GBR;FRA;BRA;EST/indicator/NE.EXP.GNFS.ZS?format=json&per_page=1000,2026-09-28T17:23:24.144Z,{}
NE.EXP.GNFS.ZS,NE.EXP.GNFS.ZS--ind,Indie,IND,Exports of goods and services (% of GDP),1968-12-31,1968,year,1968-01-01,4.03877100579767,% PKB,annual,observed,https://api.worldbank.org/v2/country/POL;WLD;USA;CHN;DEU;IND;KOR;JPN;GBR;FRA;BRA;EST/indicator/NE.EXP.GNFS.ZS?format=json&per_page=1000,2026-09-28T17:23:24.144Z,{}
NE.EXP.GNFS.ZS,NE.EXP.GNFS.ZS--jpn,Japonia,JPN,Exports of goods and services (% of GDP),1968-12-31,1968,year,1968-01-01,,% PKB,annual,observed,https://api.worldbank.org/v2/country/POL;WLD;USA;CHN;DEU;IND;KOR;JPN;GBR;FRA;BRA;EST/indicator/NE.EXP.GNFS.ZS?format=json&per_page=1000,2026-09-28T17:23:24.144Z,{}
NE.EXP.GNFS.ZS,NE.EXP.GNFS.ZS--kor,Korea Płd.,KOR,Exports of goods and services (% of GDP),1968-12-31,1968,year,1968-01-01,10.0638884004455,% PKB,annual,observed,https://api.worldbank.org/v2/country/POL;WLD;USA;CHN;DEU;IND;KOR;JPN;GBR;FRA;BRA;EST/indicator/NE.EXP.GNFS.ZS?format=json&per_page=1000,2026-09-28T17:23:24.144Z,{}
NE.EXP.GNFS.ZS,NE.EXP.GNFS.ZS--pol,Polska,POL,Exports of goods and services (% of GDP),1968-12-31,1968,year,1968-01-01,,% PKB,annual,observed,https://api.worldbank.org/v2/country/POL;WLD;USA;CHN;DEU;IND;KOR;JPN;GBR;FRA;BRA;EST/indicator/NE.EXP.GNFS.ZS?format=json&per_page=1000,2026-09-28T17:23:24.144Z,{}
NE.EXP.GNFS.ZS,NE.EXP.GNFS.ZS--usa,USA,USA,Exports of goods and services (% of GDP),1968-12-31,1968,year,1968-01-01,,% PKB,annual,observed,https://api.worldbank.org/v2/country/POL;WLD;USA;CHN;DEU;IND;KOR;JPN;GBR;FRA;BRA;EST/indicator/NE.EXP.GNFS.ZS?format=json&per_page=1000,2026-09-28T17:23:24.144Z,{}
NE.EXP.GNFS.ZS,NE.EXP.GNFS.ZS--wld,Świat,WLD,Exports of goods and services (% of GDP),1968-12-31,1968,year,1968-01-01,,% PKB,annual,observed,https://api.worldbank.org/v2/country/POL;WLD;USA;CHN;DEU;IND;KOR;JPN;GBR;FRA;BRA;EST/indicator/NE.EXP.GNFS.ZS?format=json&per_page=1000,2026-09-28T17:23:24.144Z,{}
NE.EXP.GNFS.ZS,NE.EXP.GNFS.ZS--bra,Brazylia,BRA,Exports of goods and services (% of GDP),1969-12-31,1969,year,1969-01-01,6.67156538418794,% PKB,annual,observed,https://api.worldbank.org/v2/country/POL;WLD;USA;CHN;DEU;IND;KOR;JPN;GBR;FRA;BRA;EST/indicator/NE.EXP.GNFS.ZS?format=json&per_page=1000,2026-09-28T17:23:24.144Z,{}
NE.EXP.GNFS.ZS,NE.EXP.GNFS.ZS--chn,Chiny,CHN,Exports of goods and services (% of GDP),1969-12-31,1969,year,1969-01-01,2.77326409498398,% PKB,annual,observed,https://api.worldbank.org/v2/country/POL;WLD;USA;CHN;DEU;IND;KOR;JPN;GBR;FRA;BRA;EST/indicator/NE.EXP.GNFS.ZS?format=json&per_page=1000,2026-09-28T17:23:24.144Z,{}
NE.EXP.GNFS.ZS,NE.EXP.GNFS.ZS--deu,Niemcy,DEU,Exports of goods and services (% of GDP),1969-12-31,1969,year,1969-01-01,,% PKB,annual,observed,https://api.worldbank.org/v2/country/POL;WLD;USA;CHN;DEU;IND;KOR;JPN;GBR;FRA;BRA;EST/indicator/NE.EXP.GNFS.ZS?format=json&per_page=1000,2026-09-28T17:23:24.144Z,{}
NE.EXP.GNFS.ZS,NE.EXP.GNFS.ZS--est,Estonia,EST,Exports of goods and services (% of GDP),1969-12-31,1969,year,1969-01-01,,% PKB,annual,observed,https://api.worldbank.org/v2/country/POL;WLD;USA;CHN;DEU;IND;KOR;JPN;GBR;FRA;BRA;EST/indicator/NE.EXP.GNFS.ZS?format=json&per_page=1000,2026-09-28T17:23:24.144Z,{}
NE.EXP.GNFS.ZS,NE.EXP.GNFS.ZS--fra,Francja,FRA,Exports of goods and services (% of GDP),1969-12-31,1969,year,1969-01-01,15.1660405952826,% PKB,annual,observed,https://api.worldbank.org/v2/country/POL;WLD;USA;CHN;DEU;IND;KOR;JPN;GBR;FRA;BRA;EST/indicator/NE.EXP.GNFS.ZS?format=json&per_page=1000,2026-09-28T17:23:24.144Z,{}
NE.EXP.GNFS.ZS,NE.EXP.GNFS.ZS--gbr,Wielka Brytania,GBR,Exports of goods and services (% of GDP),1969-12-31,1969,year,1969-01-01,,% PKB,annual,observed,https://api.worldbank.org/v2/country/POL;WLD;USA;CHN;DEU;IND;KOR;JPN;GBR;FRA;BRA;EST/indicator/NE.EXP.GNFS.ZS?format=json&per_page=1000,2026-09-28T17:23:24.144Z,{}
NE.EXP.GNFS.ZS,NE.EXP.GNFS.ZS--ind,Indie,IND,Exports of goods and services (% of GDP),1969-12-31,1969,year,1969-01-01,3.71384282048158,% PKB,annual,observed,https://api.worldbank.org/v2/country/POL;WLD;USA;CHN;DEU;IND;KOR;JPN;GBR;FRA;BRA;EST/indicator/NE.EXP.GNFS.ZS?format=json&per_page=1000,2026-09-28T17:23:24.144Z,{}
NE.EXP.GNFS.ZS,NE.EXP.GNFS.ZS--jpn,Japonia,JPN,Exports of goods and services (% of GDP),1969-12-31,1969,year,1969-01-01,,% PKB,annual,observed,https://api.worldbank.org/v2/country/POL;WLD;USA;CHN;DEU;IND;KOR;JPN;GBR;FRA;BRA;EST/indicator/NE.EXP.GNFS.ZS?format=json&per_page=1000,2026-09-28T17:23:24.144Z,{}
NE.EXP.GNFS.ZS,NE.EXP.GNFS.ZS--kor,Korea Płd.,KOR,Exports of goods and services (% of GDP),1969-12-31,1969,year,1969-01-01,10.5220703562626,% PKB,annual,observed,https://api.worldbank.org/v2/country/POL;WLD;USA;CHN;DEU;IND;KOR;JPN;GBR;FRA;BRA;EST/indicator/NE.EXP.GNFS.ZS?format=json&per_page=1000,2026-09-28T17:23:24.144Z,{}
NE.EXP.GNFS.ZS,NE.EXP.GNFS.ZS--pol,Polska,POL,Exports of goods and services (% of GDP),1969-12-31,1969,year,1969-01-01,,% PKB,annual,observed,https://api.worldbank.org/v2/country/POL;WLD;USA;CHN;DEU;IND;KOR;JPN;GBR;FRA;BRA;EST/indicator/NE.EXP.GNFS.ZS?format=json&per_page=1000,2026-09-28T17:23:24.144Z,{}
NE.EXP.GNFS.ZS,NE.EXP.GNFS.ZS--usa,USA,USA,Exports of goods and services (% of GDP),1969-12-31,1969,year,1969-01-01,,% PKB,annual,observed,https://api.worldbank.org/v2/country/POL;WLD;USA;CHN;DEU;IND;KOR;JPN;GBR;FRA;BRA;EST/indicator/NE.EXP.GNFS.ZS?format=json&per_page=1000,2026-09-28T17:23:24.144Z,{}
NE.EXP.GNFS.ZS,NE.EXP.GNFS.ZS--wld,Świat,WLD,Exports of goods and services (% of GDP),1969-12-31,1969,year,1969-01-01,,% PKB,annual,observed,https://api.worldbank.org/v2/country/POL;WLD;USA;CHN;DEU;IND;KOR;JPN;GBR;FRA;BRA;EST/indicator/NE.EXP.GNFS.ZS?format=json&per_page=1000,2026-09-28T17:23:24.144Z,{}
NE.EXP.GNFS.ZS,NE.EXP.GNFS.ZS--bra,Brazylia,BRA,Exports of goods and services (% of GDP),1970-12-31,1970,year,1970-01-01,7.02942560498826,% PKB,annual,observed,https://api.worldbank.org/v2/country/POL;WLD;USA;CHN;DEU;IND;KOR;JPN;GBR;FRA;BRA;EST/indicator/NE.EXP.GNFS.ZS?format=json&per_page=1000,2026-09-28T17:23:24.144Z,{}
NE.EXP.GNFS.ZS,NE.EXP.GNFS.ZS--chn,Chiny,CHN,Exports of goods and services (% of GDP),1970-12-31,1970,year,1970-01-01,2.45191173862661,% PKB,annual,observed,https://api.worldbank.org/v2/country/POL;WLD;USA;CHN;DEU;IND;KOR;JPN;GBR;FRA;BRA;EST/indicator/NE.EXP.GNFS.ZS?format=json&per_page=1000,2026-09-28T17:23:24.144Z,{}
NE.EXP.GNFS.ZS,NE.EXP.GNFS.ZS--deu,Niemcy,DEU,Exports of goods and services (% of GDP),1970-12-31,1970,year,1970-01-01,15.0652897094797,% PKB,annual,observed,https://api.worldbank.org/v2/country/POL;WLD;USA;CHN;DEU;IND;KOR;JPN;GBR;FRA;BRA;EST/indicator/NE.EXP.GNFS.ZS?format=json&per_page=1000,2026-09-28T17:23:24.144Z,{}
NE.EXP.GNFS.ZS,NE.EXP.GNFS.ZS--est,Estonia,EST,Exports of goods and services (% of GDP),1970-12-31,1970,year,1970-01-01,,% PKB,annual,observed,https://api.worldbank.org/v2/country/POL;WLD;USA;CHN;DEU;IND;KOR;JPN;GBR;FRA;BRA;EST/indicator/NE.EXP.GNFS.ZS?format=json&per_page=1000,2026-09-28T17:23:24.144Z,{}
NE.EXP.GNFS.ZS,NE.EXP.GNFS.ZS--fra,Francja,FRA,Exports of goods and services (% of GDP),1970-12-31,1970,year,1970-01-01,16.8894682746224,% PKB,annual,observed,https://api.worldbank.org/v2/country/POL;WLD;USA;CHN;DEU;IND;KOR;JPN;GBR;FRA;BRA;EST/indicator/NE.EXP.GNFS.ZS?format=json&per_page=1000,2026-09-28T17:23:24.144Z,{}
NE.EXP.GNFS.ZS,NE.EXP.GNFS.ZS--gbr,Wielka Brytania,GBR,Exports of goods and services (% of GDP),1970-12-31,1970,year,1970-01-01,22.0354796055169,% PKB,annual,observed,https://api.worldbank.org/v2/country/POL;WLD;USA;CHN;DEU;IND;KOR;JPN;GBR;FRA;BRA;EST/indicator/NE.EXP.GNFS.ZS?format=json&per_page=1000,2026-09-28T17:23:24.144Z,{}
NE.EXP.GNFS.ZS,NE.EXP.GNFS.ZS--ind,Indie,IND,Exports of goods and services (% of GDP),1970-12-31,1970,year,1970-01-01,3.78282506202996,% PKB,annual,observed,https://api.worldbank.org/v2/country/POL;WLD;USA;CHN;DEU;IND;KOR;JPN;GBR;FRA;BRA;EST/indicator/NE.EXP.GNFS.ZS?format=json&per_page=1000,2026-09-28T17:23:24.144Z,{}
NE.EXP.GNFS.ZS,NE.EXP.GNFS.ZS--jpn,Japonia,JPN,Exports of goods and services (% of GDP),1970-12-31,1970,year,1970-01-01,9.93101178973278,% PKB,annual,observed,https://api.worldbank.org/v2/country/POL;WLD;USA;CHN;DEU;IND;KOR;JPN;GBR;FRA;BRA;EST/indicator/NE.EXP.GNFS.ZS?format=json&per_page=1000,2026-09-28T17:23:24.144Z,{}
NE.EXP.GNFS.ZS,NE.EXP.GNFS.ZS--kor,Korea Płd.,KOR,Exports of goods and services (% of GDP),1970-12-31,1970,year,1970-01-01,11.302899269866,% PKB,annual,observed,https://api.worldbank.org/v2/country/POL;WLD;USA;CHN;DEU;IND;KOR;JPN;GBR;FRA;BRA;EST/indicator/NE.EXP.GNFS.ZS?format=json&per_page=1000,2026-09-28T17:23:24.144Z,{}
NE.EXP.GNFS.ZS,NE.EXP.GNFS.ZS--pol,Polska,POL,Exports of goods and services (% of GDP),1970-12-31,1970,year,1970-01-01,,% PKB,annual,observed,https://api.worldbank.org/v2/country/POL;WLD;USA;CHN;DEU;IND;KOR;JPN;GBR;FRA;BRA;EST/indicator/NE.EXP.GNFS.ZS?format=json&per_page=1000,2026-09-28T17:23:24.144Z,{}
NE.EXP.GNFS.ZS,NE.EXP.GNFS.ZS--usa,USA,USA,Exports of goods and services (% of GDP),1970-12-31,1970,year,1970-01-01,5.56310752881526,% PKB,annual,observed,https://api.worldbank.org/v2/country/POL;WLD;USA;CHN;DEU;IND;KOR;JPN;GBR;FRA;BRA;EST/indicator/NE.EXP.GNFS.ZS?format=json&per_page=1000,2026-09-28T17:23:24.144Z,{}
NE.EXP.GNFS.ZS,NE.EXP.GNFS.ZS--wld,Świat,WLD,Exports of goods and services (% of GDP),1970-12-31,1970,year,1970-01-01,12.8387318745683,% PKB,annual,observed,https://api.worldbank.org/v2/country/POL;WLD;USA;CHN;DEU;IND;KOR;JPN;GBR;FRA;BRA;EST/indicator/NE.EXP.GNFS.ZS?format=json&per_page=1000,2026-09-28T17:23:24.144Z,{}
NE.EXP.GNFS.ZS,NE.EXP.GNFS.ZS--bra,Brazylia,BRA,Exports of goods and services (% of GDP),1971-12-31,1971,year,1971-01-01,6.45722050038782,% PKB,annual,observed,https://api.worldbank.org/v2/country/POL;WLD;USA;CHN;DEU;IND;KOR;JPN;GBR;FRA;BRA;EST/indicator/NE.EXP.GNFS.ZS?format=json&per_page=1000,2026-09-28T17:23:24.144Z,{}
NE.EXP.GNFS.ZS,NE.EXP.GNFS.ZS--chn,Chiny,CHN,Exports of goods and services (% of GDP),1971-12-31,1971,year,1971-01-01,2.71152734986346,% PKB,annual,observed,https://api.worldbank.org/v2/country/POL;WLD;USA;CHN;DEU;IND;KOR;JPN;GBR;FRA;BRA;EST/indicator/NE.EXP.GNFS.ZS?format=json&per_page=1000,2026-09-28T17:23:24.144Z,{}
NE.EXP.GNFS.ZS,NE.EXP.GNFS.ZS--deu,Niemcy,DEU,Exports of goods and services (% of GDP),1971-12-31,1971,year,1971-01-01,14.4993415353927,% PKB,annual,observed,https://api.worldbank.org/v2/country/POL;WLD;USA;CHN;DEU;IND;KOR;JPN;GBR;FRA;BRA;EST/indicator/NE.EXP.GNFS.ZS?format=json&per_page=1000,2026-09-28T17:23:24.144Z,{}
NE.EXP.GNFS.ZS,NE.EXP.GNFS.ZS--est,Estonia,EST,Exports of goods and services (% of GDP),1971-12-31,1971,year,1971-01-01,,% PKB,annual,observed,https://api.worldbank.org/v2/country/POL;WLD;USA;CHN;DEU;IND;KOR;JPN;GBR;FRA;BRA;EST/indicator/NE.EXP.GNFS.ZS?format=json&per_page=1000,2026-09-28T17:23:24.144Z,{}
NE.EXP.GNFS.ZS,NE.EXP.GNFS.ZS--fra,Francja,FRA,Exports of goods and services (% of GDP),1971-12-31,1971,year,1971-01-01,17.3949015650114,% PKB,annual,observed,https://api.worldbank.org/v2/country/POL;WLD;USA;CHN;DEU;IND;KOR;JPN;GBR;FRA;BRA;EST/indicator/NE.EXP.GNFS.ZS?format=json&per_page=1000,2026-09-28T17:23:24.144Z,{}
NE.EXP.GNFS.ZS,NE.EXP.GNFS.ZS--gbr,Wielka Brytania,GBR,Exports of goods and services (% of GDP),1971-12-31,1971,year,1971-01-01,22.1190814985212,% PKB,annual,observed,https://api.worldbank.org/v2/country/POL;WLD;USA;CHN;DEU;IND;KOR;JPN;GBR;FRA;BRA;EST/indicator/NE.EXP.GNFS.ZS?format=json&per_page=1000,2026-09-28T17:23:24.144Z,{}
NE.EXP.GNFS.ZS,NE.EXP.GNFS.ZS--ind,Indie,IND,Exports of goods and services (% of GDP),1971-12-31,1971,year,1971-01-01,3.66720521706169,% PKB,annual,observed,https://api.worldbank.org/v2/country/POL;WLD;USA;CHN;DEU;IND;KOR;JPN;GBR;FRA;BRA;EST/indicator/NE.EXP.GNFS.ZS?format=json&per_page=1000,2026-09-28T17:23:24.144Z,{}
NE.EXP.GNFS.ZS,NE.EXP.GNFS.ZS--jpn,Japonia,JPN,Exports of goods and services (% of GDP),1971-12-31,1971,year,1971-01-01,10.7638233549855,% PKB,annual,observed,https://api.worldbank.org/v2/country/POL;WLD;USA;CHN;DEU;IND;KOR;JPN;GBR;FRA;BRA;EST/indicator/NE.EXP.GNFS.ZS?format=json&per_page=1000,2026-09-28T17:23:24.144Z,{}
NE.EXP.GNFS.ZS,NE.EXP.GNFS.ZS--kor,Korea Płd.,KOR,Exports of goods and services (% of GDP),1971-12-31,1971,year,1971-01-01,12.5039587711974,% PKB,annual,observed,https://api.worldbank.org/v2/country/POL;WLD;USA;CHN;DEU;IND;KOR;JPN;GBR;FRA;BRA;EST/indicator/NE.EXP.GNFS.ZS?format=json&per_page=1000,2026-09-28T17:23:24.144Z,{}
NE.EXP.GNFS.ZS,NE.EXP.GNFS.ZS--pol,Polska,POL,Exports of goods and services (% of GDP),1971-12-31,1971,year,1971-01-01,,% PKB,annual,observed,https://api.worldbank.org/v2/country/POL;WLD;USA;CHN;DEU;IND;KOR;JPN;GBR;FRA;BRA;EST/indicator/NE.EXP.GNFS.ZS?format=json&per_page=1000,2026-09-28T17:23:24.144Z,{}
NE.EXP.GNFS.ZS,NE.EXP.GNFS.ZS--usa,USA,USA,Exports of goods and services (% of GDP),1971-12-31,1971,year,1971-01-01,5.40524531055501,% PKB,annual,observed,https://api.worldbank.org/v2/country/POL;WLD;USA;CHN;DEU;IND;KOR;JPN;GBR;FRA;BRA;EST/indicator/NE.EXP.GNFS.ZS?format=json&per_page=1000,2026-09-28T17:23:24.144Z,{}
NE.EXP.GNFS.ZS,NE.EXP.GNFS.ZS--wld,Świat,WLD,Exports of goods and services (% of GDP),1971-12-31,1971,year,1971-01-01,13.0305449380444,% PKB,annual,observed,https://api.worldbank.org/v2/country/POL;WLD;USA;CHN;DEU;IND;KOR;JPN;GBR;FRA;BRA;EST/indicator/NE.EXP.GNFS.ZS?format=json&per_page=1000,2026-09-28T17:23:24.144Z,{}
NE.EXP.GNFS.ZS,NE.EXP.GNFS.ZS--bra,Brazylia,BRA,Exports of goods and services (% of GDP),1972-12-31,1972,year,1972-01-01,7.27211396407972,% PKB,annual,observed,https://api.worldbank.org/v2/country/POL;WLD;USA;CHN;DEU;IND;KOR;JPN;GBR;FRA;BRA;EST/indicator/NE.EXP.GNFS.ZS?format=json&per_page=1000,2026-09-28T17:23:24.144Z,{}
NE.EXP.GNFS.ZS,NE.EXP.GNFS.ZS--chn,Chiny,CHN,Exports of goods and services (% of GDP),1972-12-31,1972,year,1972-01-01,3.10630545897125,% PKB,annual,observed,https://api.worldbank.org/v2/country/POL;WLD;USA;CHN;DEU;IND;KOR;JPN;GBR;FRA;BRA;EST/indicator/NE.EXP.GNFS.ZS?format=json&per_page=1000,2026-09-28T17:23:24.144Z,{}
NE.EXP.GNFS.ZS,NE.EXP.GNFS.ZS--deu,Niemcy,DEU,Exports of goods and services (% of GDP),1972-12-31,1972,year,1972-01-01,14.4922675476893,% PKB,annual,observed,https://api.worldbank.org/v2/country/POL;WLD;USA;CHN;DEU;IND;KOR;JPN;GBR;FRA;BRA;EST/indicator/NE.EXP.GNFS.ZS?format=json&per_page=1000,2026-09-28T17:23:24.144Z,{}
NE.EXP.GNFS.ZS,NE.EXP.GNFS.ZS--est,Estonia,EST,Exports of goods and services (% of GDP),1972-12-31,1972,year,1972-01-01,,% PKB,annual,observed,https://api.worldbank.org/v2/country/POL;WLD;USA;CHN;DEU;IND;KOR;JPN;GBR;FRA;BRA;EST/indicator/NE.EXP.GNFS.ZS?format=json&per_page=1000,2026-09-28T17:23:24.144Z,{}
NE.EXP.GNFS.ZS,NE.EXP.GNFS.ZS--fra,Francja,FRA,Exports of goods and services (% of GDP),1972-12-31,1972,year,1972-01-01,17.5409895241116,% PKB,annual,observed,https://api.worldbank.org/v2/country/POL;WLD;USA;CHN;DEU;IND;KOR;JPN;GBR;FRA;BRA;EST/indicator/NE.EXP.GNFS.ZS?format=json&per_page=1000,2026-09-28T17:23:24.144Z,{}
NE.EXP.GNFS.ZS,NE.EXP.GNFS.ZS--gbr,Wielka Brytania,GBR,Exports of goods and services (% of GDP),1972-12-31,1972,year,1972-01-01,20.8504790313575,% PKB,annual,observed,https://api.worldbank.org/v2/country/POL;WLD;USA;CHN;DEU;IND;KOR;JPN;GBR;FRA;BRA;EST/indicator/NE.EXP.GNFS.ZS?format=json&per_page=1000,2026-09-28T17:23:24.144Z,{}
NE.EXP.GNFS.ZS,NE.EXP.GNFS.ZS--ind,Indie,IND,Exports of goods and services (% of GDP),1972-12-31,1972,year,1972-01-01,4.02748926155276,% PKB,annual,observed,https://api.worldbank.org/v2/country/POL;WLD;USA;CHN;DEU;IND;KOR;JPN;GBR;FRA;BRA;EST/indicator/NE.EXP.GNFS.ZS?format=json&per_page=1000,2026-09-28T17:23:24.144Z,{}
NE.EXP.GNFS.ZS,NE.EXP.GNFS.ZS--jpn,Japonia,JPN,Exports of goods and services (% of GDP),1972-12-31,1972,year,1972-01-01,9.72672377448711,% PKB,annual,observed,https://api.worldbank.org/v2/country/POL;WLD;USA;CHN;DEU;IND;KOR;JPN;GBR;FRA;BRA;EST/indicator/NE.EXP.GNFS.ZS?format=json&per_page=1000,2026-09-28T17:23:24.144Z,{}
NE.EXP.GNFS.ZS,NE.EXP.GNFS.ZS--kor,Korea Płd.,KOR,Exports of goods and services (% of GDP),1972-12-31,1972,year,1972-01-01,16.3335726361131,% PKB,annual,observed,https://api.worldbank.org/v2/country/POL;WLD;USA;CHN;DEU;IND;KOR;JPN;GBR;FRA;BRA;EST/indicator/NE.EXP.GNFS.ZS?format=json&per_page=1000,2026-09-28T17:23:24.144Z,{}
NE.EXP.GNFS.ZS,NE.EXP.GNFS.ZS--pol,Polska,POL,Exports of goods and services (% of GDP),1972-12-31,1972,year,1972-01-01,,% PKB,annual,observed,https://api.worldbank.org/v2/country/POL;WLD;USA;CHN;DEU;IND;KOR;JPN;GBR;FRA;BRA;EST/indicator/NE.EXP.GNFS.ZS?format=json&per_page=1000,2026-09-28T17:23:24.144Z,{}
NE.EXP.GNFS.ZS,NE.EXP.GNFS.ZS--usa,USA,USA,Exports of goods and services (% of GDP),1972-12-31,1972,year,1972-01-01,5.53846033570217,% PKB,annual,observed,https://api.worldbank.org/v2/country/POL;WLD;USA;CHN;DEU;IND;KOR;JPN;GBR;FRA;BRA;EST/indicator/NE.EXP.GNFS.ZS?format=json&per_page=1000,2026-09-28T17:23:24.144Z,{}
NE.EXP.GNFS.ZS,NE.EXP.GNFS.ZS--wld,Świat,WLD,Exports of goods and services (% of GDP),1972-12-31,1972,year,1972-01-01,13.3801912645575,% PKB,annual,observed,https://api.worldbank.org/v2/country/POL;WLD;USA;CHN;DEU;IND;KOR;JPN;GBR;FRA;BRA;EST/indicator/NE.EXP.GNFS.ZS?format=json&per_page=1000,2026-09-28T17:23:24.144Z,{}
NE.EXP.GNFS.ZS,NE.EXP.GNFS.ZS--bra,Brazylia,BRA,Exports of goods and services (% of GDP),1973-12-31,1973,year,1973-01-01,7.84487342902518,% PKB,annual,observed,https://api.worldbank.org/v2/country/POL;WLD;USA;CHN;DEU;IND;KOR;JPN;GBR;FRA;BRA;EST/indicator/NE.EXP.GNFS.ZS?format=json&per_page=1000,2026-09-28T17:23:24.144Z,{}
NE.EXP.GNFS.ZS,NE.EXP.GNFS.ZS--chn,Chiny,CHN,Exports of goods and services (% of GDP),1973-12-31,1973,year,1973-01-01,4.29453198256321,% PKB,annual,observed,https://api.worldbank.org/v2/country/POL;WLD;USA;CHN;DEU;IND;KOR;JPN;GBR;FRA;BRA;EST/indicator/NE.EXP.GNFS.ZS?format=json&per_page=1000,2026-09-28T17:23:24.144Z,{}
NE.EXP.GNFS.ZS,NE.EXP.GNFS.ZS--deu,Niemcy,DEU,Exports of goods and services (% of GDP),1973-12-31,1973,year,1973-01-01,15.2911022300122,% PKB,annual,observed,https://api.worldbank.org/v2/country/POL;WLD;USA;CHN;DEU;IND;KOR;JPN;GBR;FRA;BRA;EST/indicator/NE.EXP.GNFS.ZS?format=json&per_page=1000,2026-09-28T17:23:24.144Z,{}
NE.EXP.GNFS.ZS,NE.EXP.GNFS.ZS--est,Estonia,EST,Exports of goods and services (% of GDP),1973-12-31,1973,year,1973-01-01,,% PKB,annual,observed,https://api.worldbank.org/v2/country/POL;WLD;USA;CHN;DEU;IND;KOR;JPN;GBR;FRA;BRA;EST/indicator/NE.EXP.GNFS.ZS?format=json&per_page=1000,2026-09-28T17:23:24.144Z,{}
NE.EXP.GNFS.ZS,NE.EXP.GNFS.ZS--fra,Francja,FRA,Exports of goods and services (% of GDP),1973-12-31,1973,year,1973-01-01,18.4813660125426,% PKB,annual,observed,https://api.worldbank.org/v2/country/POL;WLD;USA;CHN;DEU;IND;KOR;JPN;GBR;FRA;BRA;EST/indicator/NE.EXP.GNFS.ZS?format=json&per_page=1000,2026-09-28T17:23:24.144Z,{}
NE.EXP.GNFS.ZS,NE.EXP.GNFS.ZS--gbr,Wielka Brytania,GBR,Exports of goods and services (% of GDP),1973-12-31,1973,year,1973-01-01,22.6824655826145,% PKB,annual,observed,https://api.worldbank.org/v2/country/POL;WLD;USA;CHN;DEU;IND;KOR;JPN;GBR;FRA;BRA;EST/indicator/NE.EXP.GNFS.ZS?format=json&per_page=1000,2026-09-28T17:23:24.144Z,{}
NE.EXP.GNFS.ZS,NE.EXP.GNFS.ZS--ind,Indie,IND,Exports of goods and services (% of GDP),1973-12-31,1973,year,1973-01-01,4.20876319232872,% PKB,annual,observed,https://api.worldbank.org/v2/country/POL;WLD;USA;CHN;DEU;IND;KOR;JPN;GBR;FRA;BRA;EST/indicator/NE.EXP.GNFS.ZS?format=json&per_page=1000,2026-09-28T17:23:24.144Z,{}
NE.EXP.GNFS.ZS,NE.EXP.GNFS.ZS--jpn,Japonia,JPN,Exports of goods and services (% of GDP),1973-12-31,1973,year,1973-01-01,9.22365864174588,% PKB,annual,observed,https://api.worldbank.org/v2/country/POL;WLD;USA;CHN;DEU;IND;KOR;JPN;GBR;FRA;BRA;EST/indicator/NE.EXP.GNFS.ZS?format=json&per_page=1000,2026-09-28T17:23:24.144Z,{}
NE.EXP.GNFS.ZS,NE.EXP.GNFS.ZS--kor,Korea Płd.,KOR,Exports of goods and services (% of GDP),1973-12-31,1973,year,1973-01-01,23.5232180461862,% PKB,annual,observed,https://api.worldbank.org/v2/country/POL;WLD;USA;CHN;DEU;IND;KOR;JPN;GBR;FRA;BRA;EST/indicator/NE.EXP.GNFS.ZS?format=json&per_page=1000,2026-09-28T17:23:24.144Z,{}
NE.EXP.GNFS.ZS,NE.EXP.GNFS.ZS--pol,Polska,POL,Exports of goods and services (% of GDP),1973-12-31,1973,year,1973-01-01,,% PKB,annual,observed,https://api.worldbank.org/v2/country/POL;WLD;USA;CHN;DEU;IND;KOR;JPN;GBR;FRA;BRA;EST/indicator/NE.EXP.GNFS.ZS?format=json&per_page=1000,2026-09-28T17:23:24.144Z,{}
NE.EXP.GNFS.ZS,NE.EXP.GNFS.ZS--usa,USA,USA,Exports of goods and services (% of GDP),1973-12-31,1973,year,1973-01-01,6.6837802797297,% PKB,annual,observed,https://api.worldbank.org/v2/country/POL;WLD;USA;CHN;DEU;IND;KOR;JPN;GBR;FRA;BRA;EST/indicator/NE.EXP.GNFS.ZS?format=json&per_page=1000,2026-09-28T17:23:24.144Z,{}
NE.EXP.GNFS.ZS,NE.EXP.GNFS.ZS--wld,Świat,WLD,Exports of goods and services (% of GDP),1973-12-31,1973,year,1973-01-01,14.9820158640027,% PKB,annual,observed,https://api.worldbank.org/v2/country/POL;WLD;USA;CHN;DEU;IND;KOR;JPN;GBR;FRA;BRA;EST/indicator/NE.EXP.GNFS.ZS?format=json&per_page=1000,2026-09-28T17:23:24.144Z,{}
NE.EXP.GNFS.ZS,NE.EXP.GNFS.ZS--bra,Brazylia,BRA,Exports of goods and services (% of GDP),1974-12-31,1974,year,1974-01-01,7.67312781088189,% PKB,annual,observed,https://api.worldbank.org/v2/country/POL;WLD;USA;CHN;DEU;IND;KOR;JPN;GBR;FRA;BRA;EST/indicator/NE.EXP.GNFS.ZS?format=json&per_page=1000,2026-09-28T17:23:24.144Z,{}
NE.EXP.GNFS.ZS,NE.EXP.GNFS.ZS--chn,Chiny,CHN,Exports of goods and services (% of GDP),1974-12-31,1974,year,1974-01-01,4.99456118394499,% PKB,annual,observed,https://api.worldbank.org/v2/country/POL;WLD;USA;CHN;DEU;IND;KOR;JPN;GBR;FRA;BRA;EST/indicator/NE.EXP.GNFS.ZS?format=json&per_page=1000,2026-09-28T17:23:24.144Z,{}
NE.EXP.GNFS.ZS,NE.EXP.GNFS.ZS--deu,Niemcy,DEU,Exports of goods and services (% of GDP),1974-12-31,1974,year,1974-01-01,18.1607786662562,% PKB,annual,observed,https://api.worldbank.org/v2/country/POL;WLD;USA;CHN;DEU;IND;KOR;JPN;GBR;FRA;BRA;EST/indicator/NE.EXP.GNFS.ZS?format=json&per_page=1000,2026-09-28T17:23:24.144Z,{}
NE.EXP.GNFS.ZS,NE.EXP.GNFS.ZS--est,Estonia,EST,Exports of goods and services (% of GDP),1974-12-31,1974,year,1974-01-01,,% PKB,annual,observed,https://api.worldbank.org/v2/country/POL;WLD;USA;CHN;DEU;IND;KOR;JPN;GBR;FRA;BRA;EST/indicator/NE.EXP.GNFS.ZS?format=json&per_page=1000,2026-09-28T17:23:24.144Z,{}
NE.EXP.GNFS.ZS,NE.EXP.GNFS.ZS--fra,Francja,FRA,Exports of goods and services (% of GDP),1974-12-31,1974,year,1974-01-01,21.7154098031687,% PKB,annual,observed,https://api.worldbank.org/v2/country/POL;WLD;USA;CHN;DEU;IND;KOR;JPN;GBR;FRA;BRA;EST/indicator/NE.EXP.GNFS.ZS?format=json&per_page=1000,2026-09-28T17:23:24.144Z,{}
NE.EXP.GNFS.ZS,NE.EXP.GNFS.ZS--gbr,Wielka Brytania,GBR,Exports of goods and services (% of GDP),1974-12-31,1974,year,1974-01-01,27.1014923511334,% PKB,annual,observed,https://api.worldbank.org/v2/country/POL;WLD;USA;CHN;DEU;IND;KOR;JPN;GBR;FRA;BRA;EST/indicator/NE.EXP.GNFS.ZS?format=json&per_page=1000,2026-09-28T17:23:24.144Z,{}
NE.EXP.GNFS.ZS,NE.EXP.GNFS.ZS--ind,Indie,IND,Exports of goods and services (% of GDP),1974-12-31,1974,year,1974-01-01,4.83132100337,% PKB,annual,observed,https://api.worldbank.org/v2/country/POL;WLD;USA;CHN;DEU;IND;KOR;JPN;GBR;FRA;BRA;EST/indicator/NE.EXP.GNFS.ZS?format=json&per_page=1000,2026-09-28T17:23:24.144Z,{}
NE.EXP.GNFS.ZS,NE.EXP.GNFS.ZS--jpn,Japonia,JPN,Exports of goods and services (% of GDP),1974-12-31,1974,year,1974-01-01,12.4983854439466,% PKB,annual,observed,https://api.worldbank.org/v2/country/POL;WLD;USA;CHN;DEU;IND;KOR;JPN;GBR;FRA;BRA;EST/indicator/NE.EXP.GNFS.ZS?format=json&per_page=1000,2026-09-28T17:23:24.144Z,{}
NE.EXP.GNFS.ZS,NE.EXP.GNFS.ZS--kor,Korea Płd.,KOR,Exports of goods and services (% of GDP),1974-12-31,1974,year,1974-01-01,21.7721455957775,% PKB,annual,observed,https://api.worldbank.org/v2/country/POL;WLD;USA;CHN;DEU;IND;KOR;JPN;GBR;FRA;BRA;EST/indicator/NE.EXP.GNFS.ZS?format=json&per_page=1000,2026-09-28T17:23:24.144Z,{}
NE.EXP.GNFS.ZS,NE.EXP.GNFS.ZS--pol,Polska,POL,Exports of goods and services (% of GDP),1974-12-31,1974,year,1974-01-01,,% PKB,annual,observed,https://api.worldbank.org/v2/country/POL;WLD;USA;CHN;DEU;IND;KOR;JPN;GBR;FRA;BRA;EST/indicator/NE.EXP.GNFS.ZS?format=json&per_page=1000,2026-09-28T17:23:24.144Z,{}
NE.EXP.GNFS.ZS,NE.EXP.GNFS.ZS--usa,USA,USA,Exports of goods and services (% of GDP),1974-12-31,1974,year,1974-01-01,8.19612190445127,% PKB,annual,observed,https://api.worldbank.org/v2/country/POL;WLD;USA;CHN;DEU;IND;KOR;JPN;GBR;FRA;BRA;EST/indicator/NE.EXP.GNFS.ZS?format=json&per_page=1000,2026-09-28T17:23:24.144Z,{}
NE.EXP.GNFS.ZS,NE.EXP.GNFS.ZS--wld,Świat,WLD,Exports of goods and services (% of GDP),1974-12-31,1974,year,1974-01-01,17.9131240652401,% PKB,annual,observed,https://api.worldbank.org/v2/country/POL;WLD;USA;CHN;DEU;IND;KOR;JPN;GBR;FRA;BRA;EST/indicator/NE.EXP.GNFS.ZS?format=json&per_page=1000,2026-09-28T17:23:24.144Z,{}
NE.EXP.GNFS.ZS,NE.EXP.GNFS.ZS--bra,Brazylia,BRA,Exports of goods and services (% of GDP),1975-12-31,1975,year,1975-01-01,7.21800682637617,% PKB,annual,observed,https://api.worldbank.org/v2/country/POL;WLD;USA;CHN;DEU;IND;KOR;JPN;GBR;FRA;BRA;EST/indicator/NE.EXP.GNFS.ZS?format=json&per_page=1000,2026-09-28T17:23:24.144Z,{}
NE.EXP.GNFS.ZS,NE.EXP.GNFS.ZS--chn,Chiny,CHN,Exports of goods and services (% of GDP),1975-12-31,1975,year,1975-01-01,4.87182232405151,% PKB,annual,observed,https://api.worldbank.org/v2/country/POL;WLD;USA;CHN;DEU;IND;KOR;JPN;GBR;FRA;BRA;EST/indicator/NE.EXP.GNFS.ZS?format=json&per_page=1000,2026-09-28T17:23:24.144Z,{}
NE.EXP.GNFS.ZS,NE.EXP.GNFS.ZS--deu,Niemcy,DEU,Exports of goods and services (% of GDP),1975-12-31,1975,year,1975-01-01,17.0391415858527,% PKB,annual,observed,https://api.worldbank.org/v2/country/POL;WLD;USA;CHN;DEU;IND;KOR;JPN;GBR;FRA;BRA;EST/indicator/NE.EXP.GNFS.ZS?format=json&per_page=1000,2026-09-28T17:23:24.144Z,{}
NE.EXP.GNFS.ZS,NE.EXP.GNFS.ZS--est,Estonia,EST,Exports of goods and services (% of GDP),1975-12-31,1975,year,1975-01-01,,% PKB,annual,observed,https://api.worldbank.org/v2/country/POL;WLD;USA;CHN;DEU;IND;KOR;JPN;GBR;FRA;BRA;EST/indicator/NE.EXP.GNFS.ZS?format=json&per_page=1000,2026-09-28T17:23:24.144Z,{}
NE.EXP.GNFS.ZS,NE.EXP.GNFS.ZS--fra,Francja,FRA,Exports of goods and services (% of GDP),1975-12-31,1975,year,1975-01-01,19.8582601722986,% PKB,annual,observed,https://api.worldbank.org/v2/country/POL;WLD;USA;CHN;DEU;IND;KOR;JPN;GBR;FRA;BRA;EST/indicator/NE.EXP.GNFS.ZS?format=json&per_page=1000,2026-09-28T17:23:24.144Z,{}
NE.EXP.GNFS.ZS,NE.EXP.GNFS.ZS--gbr,Wielka Brytania,GBR,Exports of goods and services (% of GDP),1975-12-31,1975,year,1975-01-01,25.6676903929572,% PKB,annual,observed,https://api.worldbank.org/v2/country/POL;WLD;USA;CHN;DEU;IND;KOR;JPN;GBR;FRA;BRA;EST/indicator/NE.EXP.GNFS.ZS?format=json&per_page=1000,2026-09-28T17:23:24.144Z,{}
NE.EXP.GNFS.ZS,NE.EXP.GNFS.ZS--ind,Indie,IND,Exports of goods and services (% of GDP),1975-12-31,1975,year,1975-01-01,5.64706215785578,% PKB,annual,observed,https://api.worldbank.org/v2/country/POL;WLD;USA;CHN;DEU;IND;KOR;JPN;GBR;FRA;BRA;EST/indicator/NE.EXP.GNFS.ZS?format=json&per_page=1000,2026-09-28T17:23:24.144Z,{}
NE.EXP.GNFS.ZS,NE.EXP.GNFS.ZS--jpn,Japonia,JPN,Exports of goods and services (% of GDP),1975-12-31,1975,year,1975-01-01,11.7603719527136,% PKB,annual,observed,https://api.worldbank.org/v2/country/POL;WLD;USA;CHN;DEU;IND;KOR;JPN;GBR;FRA;BRA;EST/indicator/NE.EXP.GNFS.ZS?format=json&per_page=1000,2026-09-28T17:23:24.144Z,{}
NE.EXP.GNFS.ZS,NE.EXP.GNFS.ZS--kor,Korea Płd.,KOR,Exports of goods and services (% of GDP),1975-12-31,1975,year,1975-01-01,22.1822765897843,% PKB,annual,observed,https://api.worldbank.org/v2/country/POL;WLD;USA;CHN;DEU;IND;KOR;JPN;GBR;FRA;BRA;EST/indicator/NE.EXP.GNFS.ZS?format=json&per_page=1000,2026-09-28T17:23:24.144Z,{}
NE.EXP.GNFS.ZS,NE.EXP.GNFS.ZS--pol,Polska,POL,Exports of goods and services (% of GDP),1975-12-31,1975,year,1975-01-01,,% PKB,annual,observed,https://api.worldbank.org/v2/country/POL;WLD;USA;CHN;DEU;IND;KOR;JPN;GBR;FRA;BRA;EST/indicator/NE.EXP.GNFS.ZS?format=json&per_page=1000,2026-09-28T17:23:24.144Z,{}
NE.EXP.GNFS.ZS,NE.EXP.GNFS.ZS--usa,USA,USA,Exports of goods and services (% of GDP),1975-12-31,1975,year,1975-01-01,8.23227910907684,% PKB,annual,observed,https://api.worldbank.org/v2/country/POL;WLD;USA;CHN;DEU;IND;KOR;JPN;GBR;FRA;BRA;EST/indicator/NE.EXP.GNFS.ZS?format=json&per_page=1000,2026-09-28T17:23:24.144Z,{}
NE.EXP.GNFS.ZS,NE.EXP.GNFS.ZS--wld,Świat,WLD,Exports of goods and services (% of GDP),1975-12-31,1975,year,1975-01-01,17.1130262446235,% PKB,annual,observed,https://api.worldbank.org/v2/country/POL;WLD;USA;CHN;DEU;IND;KOR;JPN;GBR;FRA;BRA;EST/indicator/NE.EXP.GNFS.ZS?format=json&per_page=1000,2026-09-28T17:23:24.144Z,{}
NE.EXP.GNFS.ZS,NE.EXP.GNFS.ZS--bra,Brazylia,BRA,Exports of goods and services (% of GDP),1976-12-31,1976,year,1976-01-01,7.01316307160746,% PKB,annual,observed,https://api.worldbank.org/v2/country/POL;WLD;USA;CHN;DEU;IND;KOR;JPN;GBR;FRA;BRA;EST/indicator/NE.EXP.GNFS.ZS?format=json&per_page=1000,2026-09-28T17:23:24.144Z,{}
NE.EXP.GNFS.ZS,NE.EXP.GNFS.ZS--chn,Chiny,CHN,Exports of goods and services (% of GDP),1976-12-31,1976,year,1976-01-01,4.8253916518573,% PKB,annual,observed,https://api.worldbank.org/v2/country/POL;WLD;USA;CHN;DEU;IND;KOR;JPN;GBR;FRA;BRA;EST/indicator/NE.EXP.GNFS.ZS?format=json&per_page=1000,2026-09-28T17:23:24.144Z,{}
NE.EXP.GNFS.ZS,NE.EXP.GNFS.ZS--deu,Niemcy,DEU,Exports of goods and services (% of GDP),1976-12-31,1976,year,1976-01-01,17.9961923300948,% PKB,annual,observed,https://api.worldbank.org/v2/country/POL;WLD;USA;CHN;DEU;IND;KOR;JPN;GBR;FRA;BRA;EST/indicator/NE.EXP.GNFS.ZS?format=json&per_page=1000,2026-09-28T17:23:24.144Z,{}
NE.EXP.GNFS.ZS,NE.EXP.GNFS.ZS--est,Estonia,EST,Exports of goods and services (% of GDP),1976-12-31,1976,year,1976-01-01,,% PKB,annual,observed,https://api.worldbank.org/v2/country/POL;WLD;USA;CHN;DEU;IND;KOR;JPN;GBR;FRA;BRA;EST/indicator/NE.EXP.GNFS.ZS?format=json&per_page=1000,2026-09-28T17:23:24.144Z,{}
NE.EXP.GNFS.ZS,NE.EXP.GNFS.ZS--fra,Francja,FRA,Exports of goods and services (% of GDP),1976-12-31,1976,year,1976-01-01,20.3933033140476,% PKB,annual,observed,https://api.worldbank.org/v2/country/POL;WLD;USA;CHN;DEU;IND;KOR;JPN;GBR;FRA;BRA;EST/indicator/NE.EXP.GNFS.ZS?format=json&per_page=1000,2026-09-28T17:23:24.144Z,{}
NE.EXP.GNFS.ZS,NE.EXP.GNFS.ZS--gbr,Wielka Brytania,GBR,Exports of goods and services (% of GDP),1976-12-31,1976,year,1976-01-01,28.3051564310545,% PKB,annual,observed,https://api.worldbank.org/v2/country/POL;WLD;USA;CHN;DEU;IND;KOR;JPN;GBR;FRA;BRA;EST/indicator/NE.EXP.GNFS.ZS?format=json&per_page=1000,2026-09-28T17:23:24.144Z,{}
NE.EXP.GNFS.ZS,NE.EXP.GNFS.ZS--ind,Indie,IND,Exports of goods and services (% of GDP),1976-12-31,1976,year,1976-01-01,6.68651286166981,% PKB,annual,observed,https://api.worldbank.org/v2/country/POL;WLD;USA;CHN;DEU;IND;KOR;JPN;GBR;FRA;BRA;EST/indicator/NE.EXP.GNFS.ZS?format=json&per_page=1000,2026-09-28T17:23:24.144Z,{}
NE.EXP.GNFS.ZS,NE.EXP.GNFS.ZS--jpn,Japonia,JPN,Exports of goods and services (% of GDP),1976-12-31,1976,year,1976-01-01,12.4583846976641,% PKB,annual,observed,https://api.worldbank.org/v2/country/POL;WLD;USA;CHN;DEU;IND;KOR;JPN;GBR;FRA;BRA;EST/indicator/NE.EXP.GNFS.ZS?format=json&per_page=1000,2026-09-28T17:23:24.144Z,{}
NE.EXP.GNFS.ZS,NE.EXP.GNFS.ZS--kor,Korea Płd.,KOR,Exports of goods and services (% of GDP),1976-12-31,1976,year,1976-01-01,25.0408174372092,% PKB,annual,observed,https://api.worldbank.org/v2/country/POL;WLD;USA;CHN;DEU;IND;KOR;JPN;GBR;FRA;BRA;EST/indicator/NE.EXP.GNFS.ZS?format=json&per_page=1000,2026-09-28T17:23:24.144Z,{}
NE.EXP.GNFS.ZS,NE.EXP.GNFS.ZS--pol,Polska,POL,Exports of goods and services (% of GDP),1976-12-31,1976,year,1976-01-01,,% PKB,annual,observed,https://api.worldbank.org/v2/country/POL;WLD;USA;CHN;DEU;IND;KOR;JPN;GBR;FRA;BRA;EST/indicator/NE.EXP.GNFS.ZS?format=json&per_page=1000,2026-09-28T17:23:24.144Z,{}
NE.EXP.GNFS.ZS,NE.EXP.GNFS.ZS--usa,USA,USA,Exports of goods and services (% of GDP),1976-12-31,1976,year,1976-01-01,7.9808926173207,% PKB,annual,observed,https://api.worldbank.org/v2/country/POL;WLD;USA;CHN;DEU;IND;KOR;JPN;GBR;FRA;BRA;EST/indicator/NE.EXP.GNFS.ZS?format=json&per_page=1000,2026-09-28T17:23:24.144Z,{}
NE.EXP.GNFS.ZS,NE.EXP.GNFS.ZS--wld,Świat,WLD,Exports of goods and services (% of GDP),1976-12-31,1976,year,1976-01-01,17.5526718535227,% PKB,annual,observed,https://api.worldbank.org/v2/country/POL;WLD;USA;CHN;DEU;IND;KOR;JPN;GBR;FRA;BRA;EST/indicator/NE.EXP.GNFS.ZS?format=json&per_page=1000,2026-09-28T17:23:24.144Z,{}
NE.EXP.GNFS.ZS,NE.EXP.GNFS.ZS--bra,Brazylia,BRA,Exports of goods and services (% of GDP),1977-12-31,1977,year,1977-01-01,7.24526115542366,% PKB,annual,observed,https://api.worldbank.org/v2/country/POL;WLD;USA;CHN;DEU;IND;KOR;JPN;GBR;FRA;BRA;EST/indicator/NE.EXP.GNFS.ZS?format=json&per_page=1000,2026-09-28T17:23:24.144Z,{}
NE.EXP.GNFS.ZS,NE.EXP.GNFS.ZS--chn,Chiny,CHN,Exports of goods and services (% of GDP),1977-12-31,1977,year,1977-01-01,4.72021382337347,% PKB,annual,observed,https://api.worldbank.org/v2/country/POL;WLD;USA;CHN;DEU;IND;KOR;JPN;GBR;FRA;BRA;EST/indicator/NE.EXP.GNFS.ZS?format=json&per_page=1000,2026-09-28T17:23:24.144Z,{}
NE.EXP.GNFS.ZS,NE.EXP.GNFS.ZS--deu,Niemcy,DEU,Exports of goods and services (% of GDP),1977-12-31,1977,year,1977-01-01,17.904823796026,% PKB,annual,observed,https://api.worldbank.org/v2/country/POL;WLD;USA;CHN;DEU;IND;KOR;JPN;GBR;FRA;BRA;EST/indicator/NE.EXP.GNFS.ZS?format=json&per_page=1000,2026-09-28T17:23:24.144Z,{}
NE.EXP.GNFS.ZS,NE.EXP.GNFS.ZS--est,Estonia,EST,Exports of goods and services (% of GDP),1977-12-31,1977,year,1977-01-01,,% PKB,annual,observed,https://api.worldbank.org/v2/country/POL;WLD;USA;CHN;DEU;IND;KOR;JPN;GBR;FRA;BRA;EST/indicator/NE.EXP.GNFS.ZS?format=json&per_page=1000,2026-09-28T17:23:24.144Z,{}
NE.EXP.GNFS.ZS,NE.EXP.GNFS.ZS--fra,Francja,FRA,Exports of goods and services (% of GDP),1977-12-31,1977,year,1977-01-01,21.2876167461646,% PKB,annual,observed,https://api.worldbank.org/v2/country/POL;WLD;USA;CHN;DEU;IND;KOR;JPN;GBR;FRA;BRA;EST/indicator/NE.EXP.GNFS.ZS?format=json&per_page=1000,2026-09-28T17:23:24.144Z,{}
NE.EXP.GNFS.ZS,NE.EXP.GNFS.ZS--gbr,Wielka Brytania,GBR,Exports of goods and services (% of GDP),1977-12-31,1977,year,1977-01-01,29.9817181200934,% PKB,annual,observed,https://api.worldbank.org/v2/country/POL;WLD;USA;CHN;DEU;IND;KOR;JPN;GBR;FRA;BRA;EST/indicator/NE.EXP.GNFS.ZS?format=json&per_page=1000,2026-09-28T17:23:24.144Z,{}
NE.EXP.GNFS.ZS,NE.EXP.GNFS.ZS--ind,Indie,IND,Exports of goods and services (% of GDP),1977-12-31,1977,year,1977-01-01,6.38317181373801,% PKB,annual,observed,https://api.worldbank.org/v2/country/POL;WLD;USA;CHN;DEU;IND;KOR;JPN;GBR;FRA;BRA;EST/indicator/NE.EXP.GNFS.ZS?format=json&per_page=1000,2026-09-28T17:23:24.144Z,{}
NE.EXP.GNFS.ZS,NE.EXP.GNFS.ZS--jpn,Japonia,JPN,Exports of goods and services (% of GDP),1977-12-31,1977,year,1977-01-01,12.0341899570921,% PKB,annual,observed,https://api.worldbank.org/v2/country/POL;WLD;USA;CHN;DEU;IND;KOR;JPN;GBR;FRA;BRA;EST/indicator/NE.EXP.GNFS.ZS?format=json&per_page=1000,2026-09-28T17:23:24.144Z,{}
NE.EXP.GNFS.ZS,NE.EXP.GNFS.ZS--kor,Korea Płd.,KOR,Exports of goods and services (% of GDP),1977-12-31,1977,year,1977-01-01,25.521494457138,% PKB,annual,observed,https://api.worldbank.org/v2/country/POL;WLD;USA;CHN;DEU;IND;KOR;JPN;GBR;FRA;BRA;EST/indicator/NE.EXP.GNFS.ZS?format=json&per_page=1000,2026-09-28T17:23:24.144Z,{}
NE.EXP.GNFS.ZS,NE.EXP.GNFS.ZS--pol,Polska,POL,Exports of goods and services (% of GDP),1977-12-31,1977,year,1977-01-01,,% PKB,annual,observed,https://api.worldbank.org/v2/country/POL;WLD;USA;CHN;DEU;IND;KOR;JPN;GBR;FRA;BRA;EST/indicator/NE.EXP.GNFS.ZS?format=json&per_page=1000,2026-09-28T17:23:24.144Z,{}
NE.EXP.GNFS.ZS,NE.EXP.GNFS.ZS--usa,USA,USA,Exports of goods and services (% of GDP),1977-12-31,1977,year,1977-01-01,7.6542900319239,% PKB,annual,observed,https://api.worldbank.org/v2/country/POL;WLD;USA;CHN;DEU;IND;KOR;JPN;GBR;FRA;BRA;EST/indicator/NE.EXP.GNFS.ZS?format=json&per_page=1000,2026-09-28T17:23:24.144Z,{}
NE.EXP.GNFS.ZS,NE.EXP.GNFS.ZS--wld,Świat,WLD,Exports of goods and services (% of GDP),1977-12-31,1977,year,1977-01-01,17.6045713480722,% PKB,annual,observed,https://api.worldbank.org/v2/country/POL;WLD;USA;CHN;DEU;IND;KOR;JPN;GBR;FRA;BRA;EST/indicator/NE.EXP.GNFS.ZS?format=json&per_page=1000,2026-09-28T17:23:24.144Z,{}
NE.EXP.GNFS.ZS,NE.EXP.GNFS.ZS--bra,Brazylia,BRA,Exports of goods and services (% of GDP),1978-12-31,1978,year,1978-01-01,6.69298607932397,% PKB,annual,observed,https://api.worldbank.org/v2/country/POL;WLD;USA;CHN;DEU;IND;KOR;JPN;GBR;FRA;BRA;EST/indicator/NE.EXP.GNFS.ZS?format=json&per_page=1000,2026-09-28T17:23:24.144Z,{}
NE.EXP.GNFS.ZS,NE.EXP.GNFS.ZS--chn,Chiny,CHN,Exports of goods and services (% of GDP),1978-12-31,1978,year,1978-01-01,7.2109217325228,% PKB,annual,observed,https://api.worldbank.org/v2/country/POL;WLD;USA;CHN;DEU;IND;KOR;JPN;GBR;FRA;BRA;EST/indicator/NE.EXP.GNFS.ZS?format=json&per_page=1000,2026-09-28T17:23:24.144Z,{}
NE.EXP.GNFS.ZS,NE.EXP.GNFS.ZS--deu,Niemcy,DEU,Exports of goods and services (% of GDP),1978-12-31,1978,year,1978-01-01,17.5630441516694,% PKB,annual,observed,https://api.worldbank.org/v2/country/POL;WLD;USA;CHN;DEU;IND;KOR;JPN;GBR;FRA;BRA;EST/indicator/NE.EXP.GNFS.ZS?format=json&per_page=1000,2026-09-28T17:23:24.144Z,{}
NE.EXP.GNFS.ZS,NE.EXP.GNFS.ZS--est,Estonia,EST,Exports of goods and services (% of GDP),1978-12-31,1978,year,1978-01-01,,% PKB,annual,observed,https://api.worldbank.org/v2/country/POL;WLD;USA;CHN;DEU;IND;KOR;JPN;GBR;FRA;BRA;EST/indicator/NE.EXP.GNFS.ZS?format=json&per_page=1000,2026-09-28T17:23:24.144Z,{}
NE.EXP.GNFS.ZS,NE.EXP.GNFS.ZS--fra,Francja,FRA,Exports of goods and services (% of GDP),1978-12-31,1978,year,1978-01-01,21.2810527877112,% PKB,annual,observed,https://api.worldbank.org/v2/country/POL;WLD;USA;CHN;DEU;IND;KOR;JPN;GBR;FRA;BRA;EST/indicator/NE.EXP.GNFS.ZS?format=json&per_page=1000,2026-09-28T17:23:24.144Z,{}
NE.EXP.GNFS.ZS,NE.EXP.GNFS.ZS--gbr,Wielka Brytania,GBR,Exports of goods and services (% of GDP),1978-12-31,1978,year,1978-01-01,28.3065550373081,% PKB,annual,observed,https://api.worldbank.org/v2/country/POL;WLD;USA;CHN;DEU;IND;KOR;JPN;GBR;FRA;BRA;EST/indicator/NE.EXP.GNFS.ZS?format=json&per_page=1000,2026-09-28T17:23:24.144Z,{}
NE.EXP.GNFS.ZS,NE.EXP.GNFS.ZS--ind,Indie,IND,Exports of goods and services (% of GDP),1978-12-31,1978,year,1978-01-01,6.3148252345082,% PKB,annual,observed,https://api.worldbank.org/v2/country/POL;WLD;USA;CHN;DEU;IND;KOR;JPN;GBR;FRA;BRA;EST/indicator/NE.EXP.GNFS.ZS?format=json&per_page=1000,2026-09-28T17:23:24.144Z,{}
NE.EXP.GNFS.ZS,NE.EXP.GNFS.ZS--jpn,Japonia,JPN,Exports of goods and services (% of GDP),1978-12-31,1978,year,1978-01-01,10.2184643722074,% PKB,annual,observed,https://api.worldbank.org/v2/country/POL;WLD;USA;CHN;DEU;IND;KOR;JPN;GBR;FRA;BRA;EST/indicator/NE.EXP.GNFS.ZS?format=json&per_page=1000,2026-09-28T17:23:24.144Z,{}
NE.EXP.GNFS.ZS,NE.EXP.GNFS.ZS--kor,Korea Płd.,KOR,Exports of goods and services (% of GDP),1978-12-31,1978,year,1978-01-01,24.4895803998874,% PKB,annual,observed,https://api.worldbank.org/v2/country/POL;WLD;USA;CHN;DEU;IND;KOR;JPN;GBR;FRA;BRA;EST/indicator/NE.EXP.GNFS.ZS?format=json&per_page=1000,2026-09-28T17:23:24.144Z,{}
NE.EXP.GNFS.ZS,NE.EXP.GNFS.ZS--pol,Polska,POL,Exports of goods and services (% of GDP),1978-12-31,1978,year,1978-01-01,,% PKB,annual,observed,https://api.worldbank.org/v2/country/POL;WLD;USA;CHN;DEU;IND;KOR;JPN;GBR;FRA;BRA;EST/indicator/NE.EXP.GNFS.ZS?format=json&per_page=1000,2026-09-28T17:23:24.144Z,{}
NE.EXP.GNFS.ZS,NE.EXP.GNFS.ZS--usa,USA,USA,Exports of goods and services (% of GDP),1978-12-31,1978,year,1978-01-01,7.947060702101,% PKB,annual,observed,https://api.worldbank.org/v2/country/POL;WLD;USA;CHN;DEU;IND;KOR;JPN;GBR;FRA;BRA;EST/indicator/NE.EXP.GNFS.ZS?format=json&per_page=1000,2026-09-28T17:23:24.144Z,{}
NE.EXP.GNFS.ZS,NE.EXP.GNFS.ZS--wld,Świat,WLD,Exports of goods and services (% of GDP),1978-12-31,1978,year,1978-01-01,17.3740803432999,% PKB,annual,observed,https://api.worldbank.org/v2/country/POL;WLD;USA;CHN;DEU;IND;KOR;JPN;GBR;FRA;BRA;EST/indicator/NE.EXP.GNFS.ZS?format=json&per_page=1000,2026-09-28T17:23:24.144Z,{}
NE.EXP.GNFS.ZS,NE.EXP.GNFS.ZS--bra,Brazylia,BRA,Exports of goods and services (% of GDP),1979-12-31,1979,year,1979-01-01,7.24078004876568,% PKB,annual,observed,https://api.worldbank.org/v2/country/POL;WLD;USA;CHN;DEU;IND;KOR;JPN;GBR;FRA;BRA;EST/indicator/NE.EXP.GNFS.ZS?format=json&per_page=1000,2026-09-28T17:23:24.144Z,{}
NE.EXP.GNFS.ZS,NE.EXP.GNFS.ZS--chn,Chiny,CHN,Exports of goods and services (% of GDP),1979-12-31,1979,year,1979-01-01,7.8189696143358,% PKB,annual,observed,https://api.worldbank.org/v2/country/POL;WLD;USA;CHN;DEU;IND;KOR;JPN;GBR;FRA;BRA;EST/indicator/NE.EXP.GNFS.ZS?format=json&per_page=1000,2026-09-28T17:23:24.144Z,{}
NE.EXP.GNFS.ZS,NE.EXP.GNFS.ZS--deu,Niemcy,DEU,Exports of goods and services (% of GDP),1979-12-31,1979,year,1979-01-01,17.7501390037452,% PKB,annual,observed,https://api.worldbank.org/v2/country/POL;WLD;USA;CHN;DEU;IND;KOR;JPN;GBR;FRA;BRA;EST/indicator/NE.EXP.GNFS.ZS?format=json&per_page=1000,2026-09-28T17:23:24.144Z,{}
NE.EXP.GNFS.ZS,NE.EXP.GNFS.ZS--est,Estonia,EST,Exports of goods and services (% of GDP),1979-12-31,1979,year,1979-01-01,,% PKB,annual,observed,https://api.worldbank.org/v2/country/POL;WLD;USA;CHN;DEU;IND;KOR;JPN;GBR;FRA;BRA;EST/indicator/NE.EXP.GNFS.ZS?format=json&per_page=1000,2026-09-28T17:23:24.144Z,{}
NE.EXP.GNFS.ZS,NE.EXP.GNFS.ZS--fra,Francja,FRA,Exports of goods and services (% of GDP),1979-12-31,1979,year,1979-01-01,21.7147125939122,% PKB,annual,observed,https://api.worldbank.org/v2/country/POL;WLD;USA;CHN;DEU;IND;KOR;JPN;GBR;FRA;BRA;EST/indicator/NE.EXP.GNFS.ZS?format=json&per_page=1000,2026-09-28T17:23:24.144Z,{}
NE.EXP.GNFS.ZS,NE.EXP.GNFS.ZS--gbr,Wielka Brytania,GBR,Exports of goods and services (% of GDP),1979-12-31,1979,year,1979-01-01,27.6663891207132,% PKB,annual,observed,https://api.worldbank.org/v2/country/POL;WLD;USA;CHN;DEU;IND;KOR;JPN;GBR;FRA;BRA;EST/indicator/NE.EXP.GNFS.ZS?format=json&per_page=1000,2026-09-28T17:23:24.144Z,{}
NE.EXP.GNFS.ZS,NE.EXP.GNFS.ZS--ind,Indie,IND,Exports of goods and services (% of GDP),1979-12-31,1979,year,1979-01-01,6.74963815730053,% PKB,annual,observed,https://api.worldbank.org/v2/country/POL;WLD;USA;CHN;DEU;IND;KOR;JPN;GBR;FRA;BRA;EST/indicator/NE.EXP.GNFS.ZS?format=json&per_page=1000,2026-09-28T17:23:24.144Z,{}
NE.EXP.GNFS.ZS,NE.EXP.GNFS.ZS--jpn,Japonia,JPN,Exports of goods and services (% of GDP),1979-12-31,1979,year,1979-01-01,10.6302193593012,% PKB,annual,observed,https://api.worldbank.org/v2/country/POL;WLD;USA;CHN;DEU;IND;KOR;JPN;GBR;FRA;BRA;EST/indicator/NE.EXP.GNFS.ZS?format=json&per_page=1000,2026-09-28T17:23:24.144Z,{}
NE.EXP.GNFS.ZS,NE.EXP.GNFS.ZS--kor,Korea Płd.,KOR,Exports of goods and services (% of GDP),1979-12-31,1979,year,1979-01-01,23.1304965313814,% PKB,annual,observed,https://api.worldbank.org/v2/country/POL;WLD;USA;CHN;DEU;IND;KOR;JPN;GBR;FRA;BRA;EST/indicator/NE.EXP.GNFS.ZS?format=json&per_page=1000,2026-09-28T17:23:24.144Z,{}
NE.EXP.GNFS.ZS,NE.EXP.GNFS.ZS--pol,Polska,POL,Exports of goods and services (% of GDP),1979-12-31,1979,year,1979-01-01,,% PKB,annual,observed,https://api.worldbank.org/v2/country/POL;WLD;USA;CHN;DEU;IND;KOR;JPN;GBR;FRA;BRA;EST/indicator/NE.EXP.GNFS.ZS?format=json&per_page=1000,2026-09-28T17:23:24.144Z,{}
NE.EXP.GNFS.ZS,NE.EXP.GNFS.ZS--usa,USA,USA,Exports of goods and services (% of GDP),1979-12-31,1979,year,1979-01-01,8.75903435156488,% PKB,annual,observed,https://api.worldbank.org/v2/country/POL;WLD;USA;CHN;DEU;IND;KOR;JPN;GBR;FRA;BRA;EST/indicator/NE.EXP.GNFS.ZS?format=json&per_page=1000,2026-09-28T17:23:24.144Z,{}
NE.EXP.GNFS.ZS,NE.EXP.GNFS.ZS--wld,Świat,WLD,Exports of goods and services (% of GDP),1979-12-31,1979,year,1979-01-01,18.8404501417995,% PKB,annual,observed,https://api.worldbank.org/v2/country/POL;WLD;USA;CHN;DEU;IND;KOR;JPN;GBR;FRA;BRA;EST/indicator/NE.EXP.GNFS.ZS?format=json&per_page=1000,2026-09-28T17:23:24.144Z,{}
NE.EXP.GNFS.ZS,NE.EXP.GNFS.ZS--bra,Brazylia,BRA,Exports of goods and services (% of GDP),1980-12-31,1980,year,1980-01-01,8.96239487326747,% PKB,annual,observed,https://api.worldbank.org/v2/country/POL;WLD;USA;CHN;DEU;IND;KOR;JPN;GBR;FRA;BRA;EST/indicator/NE.EXP.GNFS.ZS?format=json&per_page=1000,2026-09-28T17:23:24.144Z,{}
NE.EXP.GNFS.ZS,NE.EXP.GNFS.ZS--chn,Chiny,CHN,Exports of goods and services (% of GDP),1980-12-31,1980,year,1980-01-01,10.1341967491351,% PKB,annual,observed,https://api.worldbank.org/v2/country/POL;WLD;USA;CHN;DEU;IND;KOR;JPN;GBR;FRA;BRA;EST/indicator/NE.EXP.GNFS.ZS?format=json&per_page=1000,2026-09-28T17:23:24.144Z,{}
NE.EXP.GNFS.ZS,NE.EXP.GNFS.ZS--deu,Niemcy,DEU,Exports of goods and services (% of GDP),1980-12-31,1980,year,1980-01-01,18.5434109337965,% PKB,annual,observed,https://api.worldbank.org/v2/country/POL;WLD;USA;CHN;DEU;IND;KOR;JPN;GBR;FRA;BRA;EST/indicator/NE.EXP.GNFS.ZS?format=json&per_page=1000,2026-09-28T17:23:24.144Z,{}
NE.EXP.GNFS.ZS,NE.EXP.GNFS.ZS--est,Estonia,EST,Exports of goods and services (% of GDP),1980-12-31,1980,year,1980-01-01,,% PKB,annual,observed,https://api.worldbank.org/v2/country/POL;WLD;USA;CHN;DEU;IND;KOR;JPN;GBR;FRA;BRA;EST/indicator/NE.EXP.GNFS.ZS?format=json&per_page=1000,2026-09-28T17:23:24.144Z,{}
NE.EXP.GNFS.ZS,NE.EXP.GNFS.ZS--fra,Francja,FRA,Exports of goods and services (% of GDP),1980-12-31,1980,year,1980-01-01,21.9991162581018,% PKB,annual,observed,https://api.worldbank.org/v2/country/POL;WLD;USA;CHN;DEU;IND;KOR;JPN;GBR;FRA;BRA;EST/indicator/NE.EXP.GNFS.ZS?format=json&per_page=1000,2026-09-28T17:23:24.144Z,{}
NE.EXP.GNFS.ZS,NE.EXP.GNFS.ZS--gbr,Wielka Brytania,GBR,Exports of goods and services (% of GDP),1980-12-31,1980,year,1980-01-01,26.8961069038285,% PKB,annual,observed,https://api.worldbank.org/v2/country/POL;WLD;USA;CHN;DEU;IND;KOR;JPN;GBR;FRA;BRA;EST/indicator/NE.EXP.GNFS.ZS?format=json&per_page=1000,2026-09-28T17:23:24.144Z,{}
NE.EXP.GNFS.ZS,NE.EXP.GNFS.ZS--ind,Indie,IND,Exports of goods and services (% of GDP),1980-12-31,1980,year,1980-01-01,6.13955113216183,% PKB,annual,observed,https://api.worldbank.org/v2/country/POL;WLD;USA;CHN;DEU;IND;KOR;JPN;GBR;FRA;BRA;EST/indicator/NE.EXP.GNFS.ZS?format=json&per_page=1000,2026-09-28T17:23:24.144Z,{}
NE.EXP.GNFS.ZS,NE.EXP.GNFS.ZS--jpn,Japonia,JPN,Exports of goods and services (% of GDP),1980-12-31,1980,year,1980-01-01,12.5832408948274,% PKB,annual,observed,https://api.worldbank.org/v2/country/POL;WLD;USA;CHN;DEU;IND;KOR;JPN;GBR;FRA;BRA;EST/indicator/NE.EXP.GNFS.ZS?format=json&per_page=1000,2026-09-28T17:23:24.144Z,{}
NE.EXP.GNFS.ZS,NE.EXP.GNFS.ZS--kor,Korea Płd.,KOR,Exports of goods and services (% of GDP),1980-12-31,1980,year,1980-01-01,27.7265148404142,% PKB,annual,observed,https://api.worldbank.org/v2/country/POL;WLD;USA;CHN;DEU;IND;KOR;JPN;GBR;FRA;BRA;EST/indicator/NE.EXP.GNFS.ZS?format=json&per_page=1000,2026-09-28T17:23:24.144Z,{}
NE.EXP.GNFS.ZS,NE.EXP.GNFS.ZS--pol,Polska,POL,Exports of goods and services (% of GDP),1980-12-31,1980,year,1980-01-01,,% PKB,annual,observed,https://api.worldbank.org/v2/country/POL;WLD;USA;CHN;DEU;IND;KOR;JPN;GBR;FRA;BRA;EST/indicator/NE.EXP.GNFS.ZS?format=json&per_page=1000,2026-09-28T17:23:24.144Z,{}
NE.EXP.GNFS.ZS,NE.EXP.GNFS.ZS--usa,USA,USA,Exports of goods and services (% of GDP),1980-12-31,1980,year,1980-01-01,9.82645547013324,% PKB,annual,observed,https://api.worldbank.org/v2/country/POL;WLD;USA;CHN;DEU;IND;KOR;JPN;GBR;FRA;BRA;EST/indicator/NE.EXP.GNFS.ZS?format=json&per_page=1000,2026-09-28T17:23:24.144Z,{}
NE.EXP.GNFS.ZS,NE.EXP.GNFS.ZS--wld,Świat,WLD,Exports of goods and services (% of GDP),1980-12-31,1980,year,1980-01-01,20.195858605234,% PKB,annual,observed,https://api.worldbank.org/v2/country/POL;WLD;USA;CHN;DEU;IND;KOR;JPN;GBR;FRA;BRA;EST/indicator/NE.EXP.GNFS.ZS?format=json&per_page=1000,2026-09-28T17:23:24.144Z,{}
NE.EXP.GNFS.ZS,NE.EXP.GNFS.ZS--bra,Brazylia,BRA,Exports of goods and services (% of GDP),1981-12-31,1981,year,1981-01-01,9.62284037096842,% PKB,annual,observed,https://api.worldbank.org/v2/country/POL;WLD;USA;CHN;DEU;IND;KOR;JPN;GBR;FRA;BRA;EST/indicator/NE.EXP.GNFS.ZS?format=json&per_page=1000,2026-09-28T17:23:24.144Z,{}
NE.EXP.GNFS.ZS,NE.EXP.GNFS.ZS--chn,Chiny,CHN,Exports of goods and services (% of GDP),1981-12-31,1981,year,1981-01-01,12.4198281796671,% PKB,annual,observed,https://api.worldbank.org/v2/country/POL;WLD;USA;CHN;DEU;IND;KOR;JPN;GBR;FRA;BRA;EST/indicator/NE.EXP.GNFS.ZS?format=json&per_page=1000,2026-09-28T17:23:24.144Z,{}
NE.EXP.GNFS.ZS,NE.EXP.GNFS.ZS--deu,Niemcy,DEU,Exports of goods and services (% of GDP),1981-12-31,1981,year,1981-01-01,20.0506971926921,% PKB,annual,observed,https://api.worldbank.org/v2/country/POL;WLD;USA;CHN;DEU;IND;KOR;JPN;GBR;FRA;BRA;EST/indicator/NE.EXP.GNFS.ZS?format=json&per_page=1000,2026-09-28T17:23:24.144Z,{}
NE.EXP.GNFS.ZS,NE.EXP.GNFS.ZS--est,Estonia,EST,Exports of goods and services (% of GDP),1981-12-31,1981,year,1981-01-01,,% PKB,annual,observed,https://api.worldbank.org/v2/country/POL;WLD;USA;CHN;DEU;IND;KOR;JPN;GBR;FRA;BRA;EST/indicator/NE.EXP.GNFS.ZS?format=json&per_page=1000,2026-09-28T17:23:24.144Z,{}
NE.EXP.GNFS.ZS,NE.EXP.GNFS.ZS--fra,Francja,FRA,Exports of goods and services (% of GDP),1981-12-31,1981,year,1981-01-01,23.0510574793901,% PKB,annual,observed,https://api.worldbank.org/v2/country/POL;WLD;USA;CHN;DEU;IND;KOR;JPN;GBR;FRA;BRA;EST/indicator/NE.EXP.GNFS.ZS?format=json&per_page=1000,2026-09-28T17:23:24.144Z,{}
NE.EXP.GNFS.ZS,NE.EXP.GNFS.ZS--gbr,Wielka Brytania,GBR,Exports of goods and services (% of GDP),1981-12-31,1981,year,1981-01-01,26.2535027965141,% PKB,annual,observed,https://api.worldbank.org/v2/country/POL;WLD;USA;CHN;DEU;IND;KOR;JPN;GBR;FRA;BRA;EST/indicator/NE.EXP.GNFS.ZS?format=json&per_page=1000,2026-09-28T17:23:24.144Z,{}
NE.EXP.GNFS.ZS,NE.EXP.GNFS.ZS--ind,Indie,IND,Exports of goods and services (% of GDP),1981-12-31,1981,year,1981-01-01,5.93602662657806,% PKB,annual,observed,https://api.worldbank.org/v2/country/POL;WLD;USA;CHN;DEU;IND;KOR;JPN;GBR;FRA;BRA;EST/indicator/NE.EXP.GNFS.ZS?format=json&per_page=1000,2026-09-28T17:23:24.144Z,{}
NE.EXP.GNFS.ZS,NE.EXP.GNFS.ZS--jpn,Japonia,JPN,Exports of goods and services (% of GDP),1981-12-31,1981,year,1981-01-01,13.5385015290859,% PKB,annual,observed,https://api.worldbank.org/v2/country/POL;WLD;USA;CHN;DEU;IND;KOR;JPN;GBR;FRA;BRA;EST/indicator/NE.EXP.GNFS.ZS?format=json&per_page=1000,2026-09-28T17:23:24.144Z,{}
NE.EXP.GNFS.ZS,NE.EXP.GNFS.ZS--kor,Korea Płd.,KOR,Exports of goods and services (% of GDP),1981-12-31,1981,year,1981-01-01,29.167967931562,% PKB,annual,observed,https://api.worldbank.org/v2/country/POL;WLD;USA;CHN;DEU;IND;KOR;JPN;GBR;FRA;BRA;EST/indicator/NE.EXP.GNFS.ZS?format=json&per_page=1000,2026-09-28T17:23:24.144Z,{}
NE.EXP.GNFS.ZS,NE.EXP.GNFS.ZS--pol,Polska,POL,Exports of goods and services (% of GDP),1981-12-31,1981,year,1981-01-01,,% PKB,annual,observed,https://api.worldbank.org/v2/country/POL;WLD;USA;CHN;DEU;IND;KOR;JPN;GBR;FRA;BRA;EST/indicator/NE.EXP.GNFS.ZS?format=json&per_page=1000,2026-09-28T17:23:24.144Z,{}
NE.EXP.GNFS.ZS,NE.EXP.GNFS.ZS--usa,USA,USA,Exports of goods and services (% of GDP),1981-12-31,1981,year,1981-01-01,9.51777666702733,% PKB,annual,observed,https://api.worldbank.org/v2/country/POL;WLD;USA;CHN;DEU;IND;KOR;JPN;GBR;FRA;BRA;EST/indicator/NE.EXP.GNFS.ZS?format=json&per_page=1000,2026-09-28T17:23:24.144Z,{}
NE.EXP.GNFS.ZS,NE.EXP.GNFS.ZS--wld,Świat,WLD,Exports of goods and services (% of GDP),1981-12-31,1981,year,1981-01-01,19.5526918575091,% PKB,annual,observed,https://api.worldbank.org/v2/country/POL;WLD;USA;CHN;DEU;IND;KOR;JPN;GBR;FRA;BRA;EST/indicator/NE.EXP.GNFS.ZS?format=json&per_page=1000,2026-09-28T17:23:24.144Z,{}
NE.EXP.GNFS.ZS,NE.EXP.GNFS.ZS--bra,Brazylia,BRA,Exports of goods and services (% of GDP),1982-12-31,1982,year,1982-01-01,7.90048452532258,% PKB,annual,observed,https://api.worldbank.org/v2/country/POL;WLD;USA;CHN;DEU;IND;KOR;JPN;GBR;FRA;BRA;EST/indicator/NE.EXP.GNFS.ZS?format=json&per_page=1000,2026-09-28T17:23:24.144Z,{}
NE.EXP.GNFS.ZS,NE.EXP.GNFS.ZS--chn,Chiny,CHN,Exports of goods and services (% of GDP),1982-12-31,1982,year,1982-01-01,10.9986490384497,% PKB,annual,observed,https://api.worldbank.org/v2/country/POL;WLD;USA;CHN;DEU;IND;KOR;JPN;GBR;FRA;BRA;EST/indicator/NE.EXP.GNFS.ZS?format=json&per_page=1000,2026-09-28T17:23:24.144Z,{}
NE.EXP.GNFS.ZS,NE.EXP.GNFS.ZS--deu,Niemcy,DEU,Exports of goods and services (% of GDP),1982-12-31,1982,year,1982-01-01,20.7827983785804,% PKB,annual,observed,https://api.worldbank.org/v2/country/POL;WLD;USA;CHN;DEU;IND;KOR;JPN;GBR;FRA;BRA;EST/indicator/NE.EXP.GNFS.ZS?format=json&per_page=1000,2026-09-28T17:23:24.144Z,{}
NE.EXP.GNFS.ZS,NE.EXP.GNFS.ZS--est,Estonia,EST,Exports of goods and services (% of GDP),1982-12-31,1982,year,1982-01-01,,% PKB,annual,observed,https://api.worldbank.org/v2/country/POL;WLD;USA;CHN;DEU;IND;KOR;JPN;GBR;FRA;BRA;EST/indicator/NE.EXP.GNFS.ZS?format=json&per_page=1000,2026-09-28T17:23:24.144Z,{}
NE.EXP.GNFS.ZS,NE.EXP.GNFS.ZS--fra,Francja,FRA,Exports of goods and services (% of GDP),1982-12-31,1982,year,1982-01-01,22.3846907073758,% PKB,annual,observed,https://api.worldbank.org/v2/country/POL;WLD;USA;CHN;DEU;IND;KOR;JPN;GBR;FRA;BRA;EST/indicator/NE.EXP.GNFS.ZS?format=json&per_page=1000,2026-09-28T17:23:24.144Z,{}
NE.EXP.GNFS.ZS,NE.EXP.GNFS.ZS--gbr,Wielka Brytania,GBR,Exports of goods and services (% of GDP),1982-12-31,1982,year,1982-01-01,25.9026311504881,% PKB,annual,observed,https://api.worldbank.org/v2/country/POL;WLD;USA;CHN;DEU;IND;KOR;JPN;GBR;FRA;BRA;EST/indicator/NE.EXP.GNFS.ZS?format=json&per_page=1000,2026-09-28T17:23:24.144Z,{}
NE.EXP.GNFS.ZS,NE.EXP.GNFS.ZS--ind,Indie,IND,Exports of goods and services (% of GDP),1982-12-31,1982,year,1982-01-01,5.98329984863978,% PKB,annual,observed,https://api.worldbank.org/v2/country/POL;WLD;USA;CHN;DEU;IND;KOR;JPN;GBR;FRA;BRA;EST/indicator/NE.EXP.GNFS.ZS?format=json&per_page=1000,2026-09-28T17:23:24.144Z,{}
NE.EXP.GNFS.ZS,NE.EXP.GNFS.ZS--jpn,Japonia,JPN,Exports of goods and services (% of GDP),1982-12-31,1982,year,1982-01-01,13.3487422450724,% PKB,annual,observed,https://api.worldbank.org/v2/country/POL;WLD;USA;CHN;DEU;IND;KOR;JPN;GBR;FRA;BRA;EST/indicator/NE.EXP.GNFS.ZS?format=json&per_page=1000,2026-09-28T17:23:24.144Z,{}
NE.EXP.GNFS.ZS,NE.EXP.GNFS.ZS--kor,Korea Płd.,KOR,Exports of goods and services (% of GDP),1982-12-31,1982,year,1982-01-01,26.6900796177254,% PKB,annual,observed,https://api.worldbank.org/v2/country/POL;WLD;USA;CHN;DEU;IND;KOR;JPN;GBR;FRA;BRA;EST/indicator/NE.EXP.GNFS.ZS?format=json&per_page=1000,2026-09-28T17:23:24.144Z,{}
NE.EXP.GNFS.ZS,NE.EXP.GNFS.ZS--pol,Polska,POL,Exports of goods and services (% of GDP),1982-12-31,1982,year,1982-01-01,,% PKB,annual,observed,https://api.worldbank.org/v2/country/POL;WLD;USA;CHN;DEU;IND;KOR;JPN;GBR;FRA;BRA;EST/indicator/NE.EXP.GNFS.ZS?format=json&per_page=1000,2026-09-28T17:23:24.144Z,{}
NE.EXP.GNFS.ZS,NE.EXP.GNFS.ZS--usa,USA,USA,Exports of goods and services (% of GDP),1982-12-31,1982,year,1982-01-01,8.46973298853486,% PKB,annual,observed,https://api.worldbank.org/v2/country/POL;WLD;USA;CHN;DEU;IND;KOR;JPN;GBR;FRA;BRA;EST/indicator/NE.EXP.GNFS.ZS?format=json&per_page=1000,2026-09-28T17:23:24.144Z,{}
NE.EXP.GNFS.ZS,NE.EXP.GNFS.ZS--wld,Świat,WLD,Exports of goods and services (% of GDP),1982-12-31,1982,year,1982-01-01,18.5436316680299,% PKB,annual,observed,https://api.worldbank.org/v2/country/POL;WLD;USA;CHN;DEU;IND;KOR;JPN;GBR;FRA;BRA;EST/indicator/NE.EXP.GNFS.ZS?format=json&per_page=1000,2026-09-28T17:23:24.144Z,{}
NE.EXP.GNFS.ZS,NE.EXP.GNFS.ZS--bra,Brazylia,BRA,Exports of goods and services (% of GDP),1983-12-31,1983,year,1983-01-01,12.2437555659291,% PKB,annual,observed,https://api.worldbank.org/v2/country/POL;WLD;USA;CHN;DEU;IND;KOR;JPN;GBR;FRA;BRA;EST/indicator/NE.EXP.GNFS.ZS?format=json&per_page=1000,2026-09-28T17:23:24.144Z,{}
NE.EXP.GNFS.ZS,NE.EXP.GNFS.ZS--chn,Chiny,CHN,Exports of goods and services (% of GDP),1983-12-31,1983,year,1983-01-01,9.49953661216008,% PKB,annual,observed,https://api.worldbank.org/v2/country/POL;WLD;USA;CHN;DEU;IND;KOR;JPN;GBR;FRA;BRA;EST/indicator/NE.EXP.GNFS.ZS?format=json&per_page=1000,2026-09-28T17:23:24.144Z,{}
NE.EXP.GNFS.ZS,NE.EXP.GNFS.ZS--deu,Niemcy,DEU,Exports of goods and services (% of GDP),1983-12-31,1983,year,1983-01-01,20.2066140055612,% PKB,annual,observed,https://api.worldbank.org/v2/country/POL;WLD;USA;CHN;DEU;IND;KOR;JPN;GBR;FRA;BRA;EST/indicator/NE.EXP.GNFS.ZS?format=json&per_page=1000,2026-09-28T17:23:24.144Z,{}
NE.EXP.GNFS.ZS,NE.EXP.GNFS.ZS--est,Estonia,EST,Exports of goods and services (% of GDP),1983-12-31,1983,year,1983-01-01,,% PKB,annual,observed,https://api.worldbank.org/v2/country/POL;WLD;USA;CHN;DEU;IND;KOR;JPN;GBR;FRA;BRA;EST/indicator/NE.EXP.GNFS.ZS?format=json&per_page=1000,2026-09-28T17:23:24.144Z,{}
NE.EXP.GNFS.ZS,NE.EXP.GNFS.ZS--fra,Francja,FRA,Exports of goods and services (% of GDP),1983-12-31,1983,year,1983-01-01,23.4350481464425,% PKB,annual,observed,https://api.worldbank.org/v2/country/POL;WLD;USA;CHN;DEU;IND;KOR;JPN;GBR;FRA;BRA;EST/indicator/NE.EXP.GNFS.ZS?format=json&per_page=1000,2026-09-28T17:23:24.144Z,{}
NE.EXP.GNFS.ZS,NE.EXP.GNFS.ZS--gbr,Wielka Brytania,GBR,Exports of goods and services (% of GDP),1983-12-31,1983,year,1983-01-01,26.0333968006291,% PKB,annual,observed,https://api.worldbank.org/v2/country/POL;WLD;USA;CHN;DEU;IND;KOR;JPN;GBR;FRA;BRA;EST/indicator/NE.EXP.GNFS.ZS?format=json&per_page=1000,2026-09-28T17:23:24.144Z,{}
NE.EXP.GNFS.ZS,NE.EXP.GNFS.ZS--ind,Indie,IND,Exports of goods and services (% of GDP),1983-12-31,1983,year,1983-01-01,5.83762942427856,% PKB,annual,observed,https://api.worldbank.org/v2/country/POL;WLD;USA;CHN;DEU;IND;KOR;JPN;GBR;FRA;BRA;EST/indicator/NE.EXP.GNFS.ZS?format=json&per_page=1000,2026-09-28T17:23:24.144Z,{}
NE.EXP.GNFS.ZS,NE.EXP.GNFS.ZS--jpn,Japonia,JPN,Exports of goods and services (% of GDP),1983-12-31,1983,year,1983-01-01,12.7409629697091,% PKB,annual,observed,https://api.worldbank.org/v2/country/POL;WLD;USA;CHN;DEU;IND;KOR;JPN;GBR;FRA;BRA;EST/indicator/NE.EXP.GNFS.ZS?format=json&per_page=1000,2026-09-28T17:23:24.144Z,{}
NE.EXP.GNFS.ZS,NE.EXP.GNFS.ZS--kor,Korea Płd.,KOR,Exports of goods and services (% of GDP),1983-12-31,1983,year,1983-01-01,27.1629017526448,% PKB,annual,observed,https://api.worldbank.org/v2/country/POL;WLD;USA;CHN;DEU;IND;KOR;JPN;GBR;FRA;BRA;EST/indicator/NE.EXP.GNFS.ZS?format=json&per_page=1000,2026-09-28T17:23:24.144Z,{}
NE.EXP.GNFS.ZS,NE.EXP.GNFS.ZS--pol,Polska,POL,Exports of goods and services (% of GDP),1983-12-31,1983,year,1983-01-01,,% PKB,annual,observed,https://api.worldbank.org/v2/country/POL;WLD;USA;CHN;DEU;IND;KOR;JPN;GBR;FRA;BRA;EST/indicator/NE.EXP.GNFS.ZS?format=json&per_page=1000,2026-09-28T17:23:24.144Z,{}
NE.EXP.GNFS.ZS,NE.EXP.GNFS.ZS--usa,USA,USA,Exports of goods and services (% of GDP),1983-12-31,1983,year,1983-01-01,7.62226481946529,% PKB,annual,observed,https://api.worldbank.org/v2/country/POL;WLD;USA;CHN;DEU;IND;KOR;JPN;GBR;FRA;BRA;EST/indicator/NE.EXP.GNFS.ZS?format=json&per_page=1000,2026-09-28T17:23:24.144Z,{}
NE.EXP.GNFS.ZS,NE.EXP.GNFS.ZS--wld,Świat,WLD,Exports of goods and services (% of GDP),1983-12-31,1983,year,1983-01-01,17.8917681493387,% PKB,annual,observed,https://api.worldbank.org/v2/country/POL;WLD;USA;CHN;DEU;IND;KOR;JPN;GBR;FRA;BRA;EST/indicator/NE.EXP.GNFS.ZS?format=json&per_page=1000,2026-09-28T17:23:24.144Z,{}
NE.EXP.GNFS.ZS,NE.EXP.GNFS.ZS--bra,Brazylia,BRA,Exports of goods and services (% of GDP),1984-12-31,1984,year,1984-01-01,15.0354125354877,% PKB,annual,observed,https://api.worldbank.org/v2/country/POL;WLD;USA;CHN;DEU;IND;KOR;JPN;GBR;FRA;BRA;EST/indicator/NE.EXP.GNFS.ZS?format=json&per_page=1000,2026-09-28T17:23:24.144Z,{}
NE.EXP.GNFS.ZS,NE.EXP.GNFS.ZS--chn,Chiny,CHN,Exports of goods and services (% of GDP),1984-12-31,1984,year,1984-01-01,9.50853686392573,% PKB,annual,observed,https://api.worldbank.org/v2/country/POL;WLD;USA;CHN;DEU;IND;KOR;JPN;GBR;FRA;BRA;EST/indicator/NE.EXP.GNFS.ZS?format=json&per_page=1000,2026-09-28T17:23:24.144Z,{}
NE.EXP.GNFS.ZS,NE.EXP.GNFS.ZS--deu,Niemcy,DEU,Exports of goods and services (% of GDP),1984-12-31,1984,year,1984-01-01,21.6347832896495,% PKB,annual,observed,https://api.worldbank.org/v2/country/POL;WLD;USA;CHN;DEU;IND;KOR;JPN;GBR;FRA;BRA;EST/indicator/NE.EXP.GNFS.ZS?format=json&per_page=1000,2026-09-28T17:23:24.144Z,{}
NE.EXP.GNFS.ZS,NE.EXP.GNFS.ZS--est,Estonia,EST,Exports of goods and services (% of GDP),1984-12-31,1984,year,1984-01-01,,% PKB,annual,observed,https://api.worldbank.org/v2/country/POL;WLD;USA;CHN;DEU;IND;KOR;JPN;GBR;FRA;BRA;EST/indicator/NE.EXP.GNFS.ZS?format=json&per_page=1000,2026-09-28T17:23:24.144Z,{}
NE.EXP.GNFS.ZS,NE.EXP.GNFS.ZS--fra,Francja,FRA,Exports of goods and services (% of GDP),1984-12-31,1984,year,1984-01-01,24.9067372082906,% PKB,annual,observed,https://api.worldbank.org/v2/country/POL;WLD;USA;CHN;DEU;IND;KOR;JPN;GBR;FRA;BRA;EST/indicator/NE.EXP.GNFS.ZS?format=json&per_page=1000,2026-09-28T17:23:24.144Z,{}
NE.EXP.GNFS.ZS,NE.EXP.GNFS.ZS--gbr,Wielka Brytania,GBR,Exports of goods and services (% of GDP),1984-12-31,1984,year,1984-01-01,27.8304888945254,% PKB,annual,observed,https://api.worldbank.org/v2/country/POL;WLD;USA;CHN;DEU;IND;KOR;JPN;GBR;FRA;BRA;EST/indicator/NE.EXP.GNFS.ZS?format=json&per_page=1000,2026-09-28T17:23:24.144Z,{}
NE.EXP.GNFS.ZS,NE.EXP.GNFS.ZS--ind,Indie,IND,Exports of goods and services (% of GDP),1984-12-31,1984,year,1984-01-01,6.28340139288612,% PKB,annual,observed,https://api.worldbank.org/v2/country/POL;WLD;USA;CHN;DEU;IND;KOR;JPN;GBR;FRA;BRA;EST/indicator/NE.EXP.GNFS.ZS?format=json&per_page=1000,2026-09-28T17:23:24.144Z,{}
NE.EXP.GNFS.ZS,NE.EXP.GNFS.ZS--jpn,Japonia,JPN,Exports of goods and services (% of GDP),1984-12-31,1984,year,1984-01-01,13.8089671617827,% PKB,annual,observed,https://api.worldbank.org/v2/country/POL;WLD;USA;CHN;DEU;IND;KOR;JPN;GBR;FRA;BRA;EST/indicator/NE.EXP.GNFS.ZS?format=json&per_page=1000,2026-09-28T17:23:24.144Z,{}
NE.EXP.GNFS.ZS,NE.EXP.GNFS.ZS--kor,Korea Płd.,KOR,Exports of goods and services (% of GDP),1984-12-31,1984,year,1984-01-01,28.1340567542086,% PKB,annual,observed,https://api.worldbank.org/v2/country/POL;WLD;USA;CHN;DEU;IND;KOR;JPN;GBR;FRA;BRA;EST/indicator/NE.EXP.GNFS.ZS?format=json&per_page=1000,2026-09-28T17:23:24.144Z,{}
NE.EXP.GNFS.ZS,NE.EXP.GNFS.ZS--pol,Polska,POL,Exports of goods and services (% of GDP),1984-12-31,1984,year,1984-01-01,,% PKB,annual,observed,https://api.worldbank.org/v2/country/POL;WLD;USA;CHN;DEU;IND;KOR;JPN;GBR;FRA;BRA;EST/indicator/NE.EXP.GNFS.ZS?format=json&per_page=1000,2026-09-28T17:23:24.144Z,{}
NE.EXP.GNFS.ZS,NE.EXP.GNFS.ZS--usa,USA,USA,Exports of goods and services (% of GDP),1984-12-31,1984,year,1984-01-01,7.48907832424752,% PKB,annual,observed,https://api.worldbank.org/v2/country/POL;WLD;USA;CHN;DEU;IND;KOR;JPN;GBR;FRA;BRA;EST/indicator/NE.EXP.GNFS.ZS?format=json&per_page=1000,2026-09-28T17:23:24.144Z,{}
NE.EXP.GNFS.ZS,NE.EXP.GNFS.ZS--wld,Świat,WLD,Exports of goods and services (% of GDP),1984-12-31,1984,year,1984-01-01,18.2234691891169,% PKB,annual,observed,https://api.worldbank.org/v2/country/POL;WLD;USA;CHN;DEU;IND;KOR;JPN;GBR;FRA;BRA;EST/indicator/NE.EXP.GNFS.ZS?format=json&per_page=1000,2026-09-28T17:23:24.144Z,{}
NE.EXP.GNFS.ZS,NE.EXP.GNFS.ZS--bra,Brazylia,BRA,Exports of goods and services (% of GDP),1985-12-31,1985,year,1985-01-01,12.9485790961438,% PKB,annual,observed,https://api.worldbank.org/v2/country/POL;WLD;USA;CHN;DEU;IND;KOR;JPN;GBR;FRA;BRA;EST/indicator/NE.EXP.GNFS.ZS?format=json&per_page=1000,2026-09-28T17:23:24.144Z,{}
NE.EXP.GNFS.ZS,NE.EXP.GNFS.ZS--chn,Chiny,CHN,Exports of goods and services (% of GDP),1985-12-31,1985,year,1985-01-01,8.32129856902917,% PKB,annual,observed,https://api.worldbank.org/v2/country/POL;WLD;USA;CHN;DEU;IND;KOR;JPN;GBR;FRA;BRA;EST/indicator/NE.EXP.GNFS.ZS?format=json&per_page=1000,2026-09-28T17:23:24.144Z,{}
NE.EXP.GNFS.ZS,NE.EXP.GNFS.ZS--deu,Niemcy,DEU,Exports of goods and services (% of GDP),1985-12-31,1985,year,1985-01-01,22.8431478657871,% PKB,annual,observed,https://api.worldbank.org/v2/country/POL;WLD;USA;CHN;DEU;IND;KOR;JPN;GBR;FRA;BRA;EST/indicator/NE.EXP.GNFS.ZS?format=json&per_page=1000,2026-09-28T17:23:24.144Z,{}
NE.EXP.GNFS.ZS,NE.EXP.GNFS.ZS--est,Estonia,EST,Exports of goods and services (% of GDP),1985-12-31,1985,year,1985-01-01,,% PKB,annual,observed,https://api.worldbank.org/v2/country/POL;WLD;USA;CHN;DEU;IND;KOR;JPN;GBR;FRA;BRA;EST/indicator/NE.EXP.GNFS.ZS?format=json&per_page=1000,2026-09-28T17:23:24.144Z,{}
NE.EXP.GNFS.ZS,NE.EXP.GNFS.ZS--fra,Francja,FRA,Exports of goods and services (% of GDP),1985-12-31,1985,year,1985-01-01,24.4157920807467,% PKB,annual,observed,https://api.worldbank.org/v2/country/POL;WLD;USA;CHN;DEU;IND;KOR;JPN;GBR;FRA;BRA;EST/indicator/NE.EXP.GNFS.ZS?format=json&per_page=1000,2026-09-28T17:23:24.144Z,{}
NE.EXP.GNFS.ZS,NE.EXP.GNFS.ZS--gbr,Wielka Brytania,GBR,Exports of goods and services (% of GDP),1985-12-31,1985,year,1985-01-01,28.1867599035806,% PKB,annual,observed,https://api.worldbank.org/v2/country/POL;WLD;USA;CHN;DEU;IND;KOR;JPN;GBR;FRA;BRA;EST/indicator/NE.EXP.GNFS.ZS?format=json&per_page=1000,2026-09-28T17:23:24.144Z,{}
NE.EXP.GNFS.ZS,NE.EXP.GNFS.ZS--ind,Indie,IND,Exports of goods and services (% of GDP),1985-12-31,1985,year,1985-01-01,5.25455499628708,% PKB,annual,observed,https://api.worldbank.org/v2/country/POL;WLD;USA;CHN;DEU;IND;KOR;JPN;GBR;FRA;BRA;EST/indicator/NE.EXP.GNFS.ZS?format=json&per_page=1000,2026-09-28T17:23:24.144Z,{}
NE.EXP.GNFS.ZS,NE.EXP.GNFS.ZS--jpn,Japonia,JPN,Exports of goods and services (% of GDP),1985-12-31,1985,year,1985-01-01,13.3384861571117,% PKB,annual,observed,https://api.worldbank.org/v2/country/POL;WLD;USA;CHN;DEU;IND;KOR;JPN;GBR;FRA;BRA;EST/indicator/NE.EXP.GNFS.ZS?format=json&per_page=1000,2026-09-28T17:23:24.144Z,{}
NE.EXP.GNFS.ZS,NE.EXP.GNFS.ZS--kor,Korea Płd.,KOR,Exports of goods and services (% of GDP),1985-12-31,1985,year,1985-01-01,26.1157326893893,% PKB,annual,observed,https://api.worldbank.org/v2/country/POL;WLD;USA;CHN;DEU;IND;KOR;JPN;GBR;FRA;BRA;EST/indicator/NE.EXP.GNFS.ZS?format=json&per_page=1000,2026-09-28T17:23:24.144Z,{}
NE.EXP.GNFS.ZS,NE.EXP.GNFS.ZS--pol,Polska,POL,Exports of goods and services (% of GDP),1985-12-31,1985,year,1985-01-01,,% PKB,annual,observed,https://api.worldbank.org/v2/country/POL;WLD;USA;CHN;DEU;IND;KOR;JPN;GBR;FRA;BRA;EST/indicator/NE.EXP.GNFS.ZS?format=json&per_page=1000,2026-09-28T17:23:24.144Z,{}
NE.EXP.GNFS.ZS,NE.EXP.GNFS.ZS--usa,USA,USA,Exports of goods and services (% of GDP),1985-12-31,1985,year,1985-01-01,6.98807253964585,% PKB,annual,observed,https://api.worldbank.org/v2/country/POL;WLD;USA;CHN;DEU;IND;KOR;JPN;GBR;FRA;BRA;EST/indicator/NE.EXP.GNFS.ZS?format=json&per_page=1000,2026-09-28T17:23:24.144Z,{}
NE.EXP.GNFS.ZS,NE.EXP.GNFS.ZS--wld,Świat,WLD,Exports of goods and services (% of GDP),1985-12-31,1985,year,1985-01-01,17.6243232896769,% PKB,annual,observed,https://api.worldbank.org/v2/country/POL;WLD;USA;CHN;DEU;IND;KOR;JPN;GBR;FRA;BRA;EST/indicator/NE.EXP.GNFS.ZS?format=json&per_page=1000,2026-09-28T17:23:24.144Z,{}
NE.EXP.GNFS.ZS,NE.EXP.GNFS.ZS--bra,Brazylia,BRA,Exports of goods and services (% of GDP),1986-12-31,1986,year,1986-01-01,9.21727907000127,% PKB,annual,observed,https://api.worldbank.org/v2/country/POL;WLD;USA;CHN;DEU;IND;KOR;JPN;GBR;FRA;BRA;EST/indicator/NE.EXP.GNFS.ZS?format=json&per_page=1000,2026-09-28T17:23:24.144Z,{}
NE.EXP.GNFS.ZS,NE.EXP.GNFS.ZS--chn,Chiny,CHN,Exports of goods and services (% of GDP),1986-12-31,1986,year,1986-01-01,8.69621588638232,% PKB,annual,observed,https://api.worldbank.org/v2/country/POL;WLD;USA;CHN;DEU;IND;KOR;JPN;GBR;FRA;BRA;EST/indicator/NE.EXP.GNFS.ZS?format=json&per_page=1000,2026-09-28T17:23:24.144Z,{}
NE.EXP.GNFS.ZS,NE.EXP.GNFS.ZS--deu,Niemcy,DEU,Exports of goods and services (% of GDP),1986-12-31,1986,year,1986-01-01,21.1981870684832,% PKB,annual,observed,https://api.worldbank.org/v2/country/POL;WLD;USA;CHN;DEU;IND;KOR;JPN;GBR;FRA;BRA;EST/indicator/NE.EXP.GNFS.ZS?format=json&per_page=1000,2026-09-28T17:23:24.144Z,{}
NE.EXP.GNFS.ZS,NE.EXP.GNFS.ZS--est,Estonia,EST,Exports of goods and services (% of GDP),1986-12-31,1986,year,1986-01-01,,% PKB,annual,observed,https://api.worldbank.org/v2/country/POL;WLD;USA;CHN;DEU;IND;KOR;JPN;GBR;FRA;BRA;EST/indicator/NE.EXP.GNFS.ZS?format=json&per_page=1000,2026-09-28T17:23:24.144Z,{}
NE.EXP.GNFS.ZS,NE.EXP.GNFS.ZS--fra,Francja,FRA,Exports of goods and services (% of GDP),1986-12-31,1986,year,1986-01-01,21.3836921824756,% PKB,annual,observed,https://api.worldbank.org/v2/country/POL;WLD;USA;CHN;DEU;IND;KOR;JPN;GBR;FRA;BRA;EST/indicator/NE.EXP.GNFS.ZS?format=json&per_page=1000,2026-09-28T17:23:24.144Z,{}
NE.EXP.GNFS.ZS,NE.EXP.GNFS.ZS--gbr,Wielka Brytania,GBR,Exports of goods and services (% of GDP),1986-12-31,1986,year,1986-01-01,25.1047432313538,% PKB,annual,observed,https://api.worldbank.org/v2/country/POL;WLD;USA;CHN;DEU;IND;KOR;JPN;GBR;FRA;BRA;EST/indicator/NE.EXP.GNFS.ZS?format=json&per_page=1000,2026-09-28T17:23:24.144Z,{}
NE.EXP.GNFS.ZS,NE.EXP.GNFS.ZS--ind,Indie,IND,Exports of goods and services (% of GDP),1986-12-31,1986,year,1986-01-01,5.19622166035989,% PKB,annual,observed,https://api.worldbank.org/v2/country/POL;WLD;USA;CHN;DEU;IND;KOR;JPN;GBR;FRA;BRA;EST/indicator/NE.EXP.GNFS.ZS?format=json&per_page=1000,2026-09-28T17:23:24.144Z,{}
NE.EXP.GNFS.ZS,NE.EXP.GNFS.ZS--jpn,Japonia,JPN,Exports of goods and services (% of GDP),1986-12-31,1986,year,1986-01-01,10.4800795985944,% PKB,annual,observed,https://api.worldbank.org/v2/country/POL;WLD;USA;CHN;DEU;IND;KOR;JPN;GBR;FRA;BRA;EST/indicator/NE.EXP.GNFS.ZS?format=json&per_page=1000,2026-09-28T17:23:24.144Z,{}
NE.EXP.GNFS.ZS,NE.EXP.GNFS.ZS--kor,Korea Płd.,KOR,Exports of goods and services (% of GDP),1986-12-31,1986,year,1986-01-01,30.980523809749,% PKB,annual,observed,https://api.worldbank.org/v2/country/POL;WLD;USA;CHN;DEU;IND;KOR;JPN;GBR;FRA;BRA;EST/indicator/NE.EXP.GNFS.ZS?format=json&per_page=1000,2026-09-28T17:23:24.144Z,{}
NE.EXP.GNFS.ZS,NE.EXP.GNFS.ZS--pol,Polska,POL,Exports of goods and services (% of GDP),1986-12-31,1986,year,1986-01-01,,% PKB,annual,observed,https://api.worldbank.org/v2/country/POL;WLD;USA;CHN;DEU;IND;KOR;JPN;GBR;FRA;BRA;EST/indicator/NE.EXP.GNFS.ZS?format=json&per_page=1000,2026-09-28T17:23:24.144Z,{}
NE.EXP.GNFS.ZS,NE.EXP.GNFS.ZS--usa,USA,USA,Exports of goods and services (% of GDP),1986-12-31,1986,year,1986-01-01,7.00925467575881,% PKB,annual,observed,https://api.worldbank.org/v2/country/POL;WLD;USA;CHN;DEU;IND;KOR;JPN;GBR;FRA;BRA;EST/indicator/NE.EXP.GNFS.ZS?format=json&per_page=1000,2026-09-28T17:23:24.144Z,{}
NE.EXP.GNFS.ZS,NE.EXP.GNFS.ZS--wld,Świat,WLD,Exports of goods and services (% of GDP),1986-12-31,1986,year,1986-01-01,16.6902711832819,% PKB,annual,observed,https://api.worldbank.org/v2/country/POL;WLD;USA;CHN;DEU;IND;KOR;JPN;GBR;FRA;BRA;EST/indicator/NE.EXP.GNFS.ZS?format=json&per_page=1000,2026-09-28T17:23:24.144Z,{}
NE.EXP.GNFS.ZS,NE.EXP.GNFS.ZS--bra,Brazylia,BRA,Exports of goods and services (% of GDP),1987-12-31,1987,year,1987-01-01,9.82848202733551,% PKB,annual,observed,https://api.worldbank.org/v2/country/POL;WLD;USA;CHN;DEU;IND;KOR;JPN;GBR;FRA;BRA;EST/indicator/NE.EXP.GNFS.ZS?format=json&per_page=1000,2026-09-28T17:23:24.144Z,{}
NE.EXP.GNFS.ZS,NE.EXP.GNFS.ZS--chn,Chiny,CHN,Exports of goods and services (% of GDP),1987-12-31,1987,year,1987-01-01,12.4601248299538,% PKB,annual,observed,https://api.worldbank.org/v2/country/POL;WLD;USA;CHN;DEU;IND;KOR;JPN;GBR;FRA;BRA;EST/indicator/NE.EXP.GNFS.ZS?format=json&per_page=1000,2026-09-28T17:23:24.144Z,{}
NE.EXP.GNFS.ZS,NE.EXP.GNFS.ZS--deu,Niemcy,DEU,Exports of goods and services (% of GDP),1987-12-31,1987,year,1987-01-01,20.5966039600334,% PKB,annual,observed,https://api.worldbank.org/v2/country/POL;WLD;USA;CHN;DEU;IND;KOR;JPN;GBR;FRA;BRA;EST/indicator/NE.EXP.GNFS.ZS?format=json&per_page=1000,2026-09-28T17:23:24.144Z,{}
NE.EXP.GNFS.ZS,NE.EXP.GNFS.ZS--est,Estonia,EST,Exports of goods and services (% of GDP),1987-12-31,1987,year,1987-01-01,,% PKB,annual,observed,https://api.worldbank.org/v2/country/POL;WLD;USA;CHN;DEU;IND;KOR;JPN;GBR;FRA;BRA;EST/indicator/NE.EXP.GNFS.ZS?format=json&per_page=1000,2026-09-28T17:23:24.144Z,{}
NE.EXP.GNFS.ZS,NE.EXP.GNFS.ZS--fra,Francja,FRA,Exports of goods and services (% of GDP),1987-12-31,1987,year,1987-01-01,20.6318351889601,% PKB,annual,observed,https://api.worldbank.org/v2/country/POL;WLD;USA;CHN;DEU;IND;KOR;JPN;GBR;FRA;BRA;EST/indicator/NE.EXP.GNFS.ZS?format=json&per_page=1000,2026-09-28T17:23:24.144Z,{}
NE.EXP.GNFS.ZS,NE.EXP.GNFS.ZS--gbr,Wielka Brytania,GBR,Exports of goods and services (% of GDP),1987-12-31,1987,year,1987-01-01,24.6182889037536,% PKB,annual,observed,https://api.worldbank.org/v2/country/POL;WLD;USA;CHN;DEU;IND;KOR;JPN;GBR;FRA;BRA;EST/indicator/NE.EXP.GNFS.ZS?format=json&per_page=1000,2026-09-28T17:23:24.144Z,{}
NE.EXP.GNFS.ZS,NE.EXP.GNFS.ZS--ind,Indie,IND,Exports of goods and services (% of GDP),1987-12-31,1987,year,1987-01-01,5.60458088400396,% PKB,annual,observed,https://api.worldbank.org/v2/country/POL;WLD;USA;CHN;DEU;IND;KOR;JPN;GBR;FRA;BRA;EST/indicator/NE.EXP.GNFS.ZS?format=json&per_page=1000,2026-09-28T17:23:24.144Z,{}
NE.EXP.GNFS.ZS,NE.EXP.GNFS.ZS--jpn,Japonia,JPN,Exports of goods and services (% of GDP),1987-12-31,1987,year,1987-01-01,9.55185052101751,% PKB,annual,observed,https://api.worldbank.org/v2/country/POL;WLD;USA;CHN;DEU;IND;KOR;JPN;GBR;FRA;BRA;EST/indicator/NE.EXP.GNFS.ZS?format=json&per_page=1000,2026-09-28T17:23:24.144Z,{}
NE.EXP.GNFS.ZS,NE.EXP.GNFS.ZS--kor,Korea Płd.,KOR,Exports of goods and services (% of GDP),1987-12-31,1987,year,1987-01-01,33.6848787811033,% PKB,annual,observed,https://api.worldbank.org/v2/country/POL;WLD;USA;CHN;DEU;IND;KOR;JPN;GBR;FRA;BRA;EST/indicator/NE.EXP.GNFS.ZS?format=json&per_page=1000,2026-09-28T17:23:24.144Z,{}
NE.EXP.GNFS.ZS,NE.EXP.GNFS.ZS--pol,Polska,POL,Exports of goods and services (% of GDP),1987-12-31,1987,year,1987-01-01,,% PKB,annual,observed,https://api.worldbank.org/v2/country/POL;WLD;USA;CHN;DEU;IND;KOR;JPN;GBR;FRA;BRA;EST/indicator/NE.EXP.GNFS.ZS?format=json&per_page=1000,2026-09-28T17:23:24.144Z,{}
NE.EXP.GNFS.ZS,NE.EXP.GNFS.ZS--usa,USA,USA,Exports of goods and services (% of GDP),1987-12-31,1987,year,1987-01-01,7.49591933621889,% PKB,annual,observed,https://api.worldbank.org/v2/country/POL;WLD;USA;CHN;DEU;IND;KOR;JPN;GBR;FRA;BRA;EST/indicator/NE.EXP.GNFS.ZS?format=json&per_page=1000,2026-09-28T17:23:24.144Z,{}
NE.EXP.GNFS.ZS,NE.EXP.GNFS.ZS--wld,Świat,WLD,Exports of goods and services (% of GDP),1987-12-31,1987,year,1987-01-01,17.3578975990705,% PKB,annual,observed,https://api.worldbank.org/v2/country/POL;WLD;USA;CHN;DEU;IND;KOR;JPN;GBR;FRA;BRA;EST/indicator/NE.EXP.GNFS.ZS?format=json&per_page=1000,2026-09-28T17:23:24.144Z,{}
NE.EXP.GNFS.ZS,NE.EXP.GNFS.ZS--bra,Brazylia,BRA,Exports of goods and services (% of GDP),1988-12-31,1988,year,1988-01-01,11.6673585476931,% PKB,annual,observed,https://api.worldbank.org/v2/country/POL;WLD;USA;CHN;DEU;IND;KOR;JPN;GBR;FRA;BRA;EST/indicator/NE.EXP.GNFS.ZS?format=json&per_page=1000,2026-09-28T17:23:24.144Z,{}
NE.EXP.GNFS.ZS,NE.EXP.GNFS.ZS--chn,Chiny,CHN,Exports of goods and services (% of GDP),1988-12-31,1988,year,1988-01-01,14.3577170443892,% PKB,annual,observed,https://api.worldbank.org/v2/country/POL;WLD;USA;CHN;DEU;IND;KOR;JPN;GBR;FRA;BRA;EST/indicator/NE.EXP.GNFS.ZS?format=json&per_page=1000,2026-09-28T17:23:24.144Z,{}
NE.EXP.GNFS.ZS,NE.EXP.GNFS.ZS--deu,Niemcy,DEU,Exports of goods and services (% of GDP),1988-12-31,1988,year,1988-01-01,21.0019588384249,% PKB,annual,observed,https://api.worldbank.org/v2/country/POL;WLD;USA;CHN;DEU;IND;KOR;JPN;GBR;FRA;BRA;EST/indicator/NE.EXP.GNFS.ZS?format=json&per_page=1000,2026-09-28T17:23:24.144Z,{}
NE.EXP.GNFS.ZS,NE.EXP.GNFS.ZS--est,Estonia,EST,Exports of goods and services (% of GDP),1988-12-31,1988,year,1988-01-01,,% PKB,annual,observed,https://api.worldbank.org/v2/country/POL;WLD;USA;CHN;DEU;IND;KOR;JPN;GBR;FRA;BRA;EST/indicator/NE.EXP.GNFS.ZS?format=json&per_page=1000,2026-09-28T17:23:24.144Z,{}
NE.EXP.GNFS.ZS,NE.EXP.GNFS.ZS--fra,Francja,FRA,Exports of goods and services (% of GDP),1988-12-31,1988,year,1988-01-01,21.4222373189491,% PKB,annual,observed,https://api.worldbank.org/v2/country/POL;WLD;USA;CHN;DEU;IND;KOR;JPN;GBR;FRA;BRA;EST/indicator/NE.EXP.GNFS.ZS?format=json&per_page=1000,2026-09-28T17:23:24.144Z,{}
NE.EXP.GNFS.ZS,NE.EXP.GNFS.ZS--gbr,Wielka Brytania,GBR,Exports of goods and services (% of GDP),1988-12-31,1988,year,1988-01-01,22.1704755594904,% PKB,annual,observed,https://api.worldbank.org/v2/country/POL;WLD;USA;CHN;DEU;IND;KOR;JPN;GBR;FRA;BRA;EST/indicator/NE.EXP.GNFS.ZS?format=json&per_page=1000,2026-09-28T17:23:24.144Z,{}
NE.EXP.GNFS.ZS,NE.EXP.GNFS.ZS--ind,Indie,IND,Exports of goods and services (% of GDP),1988-12-31,1988,year,1988-01-01,6.03521975491128,% PKB,annual,observed,https://api.worldbank.org/v2/country/POL;WLD;USA;CHN;DEU;IND;KOR;JPN;GBR;FRA;BRA;EST/indicator/NE.EXP.GNFS.ZS?format=json&per_page=1000,2026-09-28T17:23:24.144Z,{}
NE.EXP.GNFS.ZS,NE.EXP.GNFS.ZS--jpn,Japonia,JPN,Exports of goods and services (% of GDP),1988-12-31,1988,year,1988-01-01,9.21515963622385,% PKB,annual,observed,https://api.worldbank.org/v2/country/POL;WLD;USA;CHN;DEU;IND;KOR;JPN;GBR;FRA;BRA;EST/indicator/NE.EXP.GNFS.ZS?format=json&per_page=1000,2026-09-28T17:23:24.144Z,{}
NE.EXP.GNFS.ZS,NE.EXP.GNFS.ZS--kor,Korea Płd.,KOR,Exports of goods and services (% of GDP),1988-12-31,1988,year,1988-01-01,31.4362645982743,% PKB,annual,observed,https://api.worldbank.org/v2/country/POL;WLD;USA;CHN;DEU;IND;KOR;JPN;GBR;FRA;BRA;EST/indicator/NE.EXP.GNFS.ZS?format=json&per_page=1000,2026-09-28T17:23:24.144Z,{}
NE.EXP.GNFS.ZS,NE.EXP.GNFS.ZS--pol,Polska,POL,Exports of goods and services (% of GDP),1988-12-31,1988,year,1988-01-01,,% PKB,annual,observed,https://api.worldbank.org/v2/country/POL;WLD;USA;CHN;DEU;IND;KOR;JPN;GBR;FRA;BRA;EST/indicator/NE.EXP.GNFS.ZS?format=json&per_page=1000,2026-09-28T17:23:24.144Z,{}
NE.EXP.GNFS.ZS,NE.EXP.GNFS.ZS--usa,USA,USA,Exports of goods and services (% of GDP),1988-12-31,1988,year,1988-01-01,8.49052351999585,% PKB,annual,observed,https://api.worldbank.org/v2/country/POL;WLD;USA;CHN;DEU;IND;KOR;JPN;GBR;FRA;BRA;EST/indicator/NE.EXP.GNFS.ZS?format=json&per_page=1000,2026-09-28T17:23:24.144Z,{}
NE.EXP.GNFS.ZS,NE.EXP.GNFS.ZS--wld,Świat,WLD,Exports of goods and services (% of GDP),1988-12-31,1988,year,1988-01-01,17.8587216208697,% PKB,annual,observed,https://api.worldbank.org/v2/country/POL;WLD;USA;CHN;DEU;IND;KOR;JPN;GBR;FRA;BRA;EST/indicator/NE.EXP.GNFS.ZS?format=json&per_page=1000,2026-09-28T17:23:24.144Z,{}
NE.EXP.GNFS.ZS,NE.EXP.GNFS.ZS--bra,Brazylia,BRA,Exports of goods and services (% of GDP),1989-12-31,1989,year,1989-01-01,8.92960967188901,% PKB,annual,observed,https://api.worldbank.org/v2/country/POL;WLD;USA;CHN;DEU;IND;KOR;JPN;GBR;FRA;BRA;EST/indicator/NE.EXP.GNFS.ZS?format=json&per_page=1000,2026-09-28T17:23:24.144Z,{}
NE.EXP.GNFS.ZS,NE.EXP.GNFS.ZS--chn,Chiny,CHN,Exports of goods and services (% of GDP),1989-12-31,1989,year,1989-01-01,11.8235049297269,% PKB,annual,observed,https://api.worldbank.org/v2/country/POL;WLD;USA;CHN;DEU;IND;KOR;JPN;GBR;FRA;BRA;EST/indicator/NE.EXP.GNFS.ZS?format=json&per_page=1000,2026-09-28T17:23:24.144Z,{}
NE.EXP.GNFS.ZS,NE.EXP.GNFS.ZS--deu,Niemcy,DEU,Exports of goods and services (% of GDP),1989-12-31,1989,year,1989-01-01,22.2064358785345,% PKB,annual,observed,https://api.worldbank.org/v2/country/POL;WLD;USA;CHN;DEU;IND;KOR;JPN;GBR;FRA;BRA;EST/indicator/NE.EXP.GNFS.ZS?format=json&per_page=1000,2026-09-28T17:23:24.144Z,{}
NE.EXP.GNFS.ZS,NE.EXP.GNFS.ZS--est,Estonia,EST,Exports of goods and services (% of GDP),1989-12-31,1989,year,1989-01-01,,% PKB,annual,observed,https://api.worldbank.org/v2/country/POL;WLD;USA;CHN;DEU;IND;KOR;JPN;GBR;FRA;BRA;EST/indicator/NE.EXP.GNFS.ZS?format=json&per_page=1000,2026-09-28T17:23:24.144Z,{}
NE.EXP.GNFS.ZS,NE.EXP.GNFS.ZS--fra,Francja,FRA,Exports of goods and services (% of GDP),1989-12-31,1989,year,1989-01-01,22.7941107319517,% PKB,annual,observed,https://api.worldbank.org/v2/country/POL;WLD;USA;CHN;DEU;IND;KOR;JPN;GBR;FRA;BRA;EST/indicator/NE.EXP.GNFS.ZS?format=json&per_page=1000,2026-09-28T17:23:24.144Z,{}
NE.EXP.GNFS.ZS,NE.EXP.GNFS.ZS--gbr,Wielka Brytania,GBR,Exports of goods and services (% of GDP),1989-12-31,1989,year,1989-01-01,22.6410077809473,% PKB,annual,observed,https://api.worldbank.org/v2/country/POL;WLD;USA;CHN;DEU;IND;KOR;JPN;GBR;FRA;BRA;EST/indicator/NE.EXP.GNFS.ZS?format=json&per_page=1000,2026-09-28T17:23:24.144Z,{}
NE.EXP.GNFS.ZS,NE.EXP.GNFS.ZS--ind,Indie,IND,Exports of goods and services (% of GDP),1989-12-31,1989,year,1989-01-01,7.01613027794311,% PKB,annual,observed,https://api.worldbank.org/v2/country/POL;WLD;USA;CHN;DEU;IND;KOR;JPN;GBR;FRA;BRA;EST/indicator/NE.EXP.GNFS.ZS?format=json&per_page=1000,2026-09-28T17:23:24.144Z,{}
NE.EXP.GNFS.ZS,NE.EXP.GNFS.ZS--jpn,Japonia,JPN,Exports of goods and services (% of GDP),1989-12-31,1989,year,1989-01-01,9.72985821000473,% PKB,annual,observed,https://api.worldbank.org/v2/country/POL;WLD;USA;CHN;DEU;IND;KOR;JPN;GBR;FRA;BRA;EST/indicator/NE.EXP.GNFS.ZS?format=json&per_page=1000,2026-09-28T17:23:24.144Z,{}
NE.EXP.GNFS.ZS,NE.EXP.GNFS.ZS--kor,Korea Płd.,KOR,Exports of goods and services (% of GDP),1989-12-31,1989,year,1989-01-01,26.4749713546609,% PKB,annual,observed,https://api.worldbank.org/v2/country/POL;WLD;USA;CHN;DEU;IND;KOR;JPN;GBR;FRA;BRA;EST/indicator/NE.EXP.GNFS.ZS?format=json&per_page=1000,2026-09-28T17:23:24.144Z,{}
NE.EXP.GNFS.ZS,NE.EXP.GNFS.ZS--pol,Polska,POL,Exports of goods and services (% of GDP),1989-12-31,1989,year,1989-01-01,,% PKB,annual,observed,https://api.worldbank.org/v2/country/POL;WLD;USA;CHN;DEU;IND;KOR;JPN;GBR;FRA;BRA;EST/indicator/NE.EXP.GNFS.ZS?format=json&per_page=1000,2026-09-28T17:23:24.144Z,{}
NE.EXP.GNFS.ZS,NE.EXP.GNFS.ZS--usa,USA,USA,Exports of goods and services (% of GDP),1989-12-31,1989,year,1989-01-01,8.93879019707245,% PKB,annual,observed,https://api.worldbank.org/v2/country/POL;WLD;USA;CHN;DEU;IND;KOR;JPN;GBR;FRA;BRA;EST/indicator/NE.EXP.GNFS.ZS?format=json&per_page=1000,2026-09-28T17:23:24.144Z,{}
NE.EXP.GNFS.ZS,NE.EXP.GNFS.ZS--wld,Świat,WLD,Exports of goods and services (% of GDP),1989-12-31,1989,year,1989-01-01,18.4777308981301,% PKB,annual,observed,https://api.worldbank.org/v2/country/POL;WLD;USA;CHN;DEU;IND;KOR;JPN;GBR;FRA;BRA;EST/indicator/NE.EXP.GNFS.ZS?format=json&per_page=1000,2026-09-28T17:23:24.144Z,{}
NE.EXP.GNFS.ZS,NE.EXP.GNFS.ZS--bra,Brazylia,BRA,Exports of goods and services (% of GDP),1990-12-31,1990,year,1990-01-01,8.1972364845005,% PKB,annual,observed,https://api.worldbank.org/v2/country/POL;WLD;USA;CHN;DEU;IND;KOR;JPN;GBR;FRA;BRA;EST/indicator/NE.EXP.GNFS.ZS?format=json&per_page=1000,2026-09-28T17:23:24.144Z,{}
NE.EXP.GNFS.ZS,NE.EXP.GNFS.ZS--chn,Chiny,CHN,Exports of goods and services (% of GDP),1990-12-31,1990,year,1990-01-01,13.5882641172526,% PKB,annual,observed,https://api.worldbank.org/v2/country/POL;WLD;USA;CHN;DEU;IND;KOR;JPN;GBR;FRA;BRA;EST/indicator/NE.EXP.GNFS.ZS?format=json&per_page=1000,2026-09-28T17:23:24.144Z,{}
NE.EXP.GNFS.ZS,NE.EXP.GNFS.ZS--deu,Niemcy,DEU,Exports of goods and services (% of GDP),1990-12-31,1990,year,1990-01-01,22.7404117768503,% PKB,annual,observed,https://api.worldbank.org/v2/country/POL;WLD;USA;CHN;DEU;IND;KOR;JPN;GBR;FRA;BRA;EST/indicator/NE.EXP.GNFS.ZS?format=json&per_page=1000,2026-09-28T17:23:24.144Z,{}
NE.EXP.GNFS.ZS,NE.EXP.GNFS.ZS--est,Estonia,EST,Exports of goods and services (% of GDP),1990-12-31,1990,year,1990-01-01,,% PKB,annual,observed,https://api.worldbank.org/v2/country/POL;WLD;USA;CHN;DEU;IND;KOR;JPN;GBR;FRA;BRA;EST/indicator/NE.EXP.GNFS.ZS?format=json&per_page=1000,2026-09-28T17:23:24.144Z,{}
NE.EXP.GNFS.ZS,NE.EXP.GNFS.ZS--fra,Francja,FRA,Exports of goods and services (% of GDP),1990-12-31,1990,year,1990-01-01,21.9887012598388,% PKB,annual,observed,https://api.worldbank.org/v2/country/POL;WLD;USA;CHN;DEU;IND;KOR;JPN;GBR;FRA;BRA;EST/indicator/NE.EXP.GNFS.ZS?format=json&per_page=1000,2026-09-28T17:23:24.144Z,{}
NE.EXP.GNFS.ZS,NE.EXP.GNFS.ZS--gbr,Wielka Brytania,GBR,Exports of goods and services (% of GDP),1990-12-31,1990,year,1990-01-01,23.3296356994703,% PKB,annual,observed,https://api.worldbank.org/v2/country/POL;WLD;USA;CHN;DEU;IND;KOR;JPN;GBR;FRA;BRA;EST/indicator/NE.EXP.GNFS.ZS?format=json&per_page=1000,2026-09-28T17:23:24.144Z,{}
NE.EXP.GNFS.ZS,NE.EXP.GNFS.ZS--ind,Indie,IND,Exports of goods and services (% of GDP),1990-12-31,1990,year,1990-01-01,7.05335023414457,% PKB,annual,observed,https://api.worldbank.org/v2/country/POL;WLD;USA;CHN;DEU;IND;KOR;JPN;GBR;FRA;BRA;EST/indicator/NE.EXP.GNFS.ZS?format=json&per_page=1000,2026-09-28T17:23:24.144Z,{}
NE.EXP.GNFS.ZS,NE.EXP.GNFS.ZS--jpn,Japonia,JPN,Exports of goods and services (% of GDP),1990-12-31,1990,year,1990-01-01,9.84282326180712,% PKB,annual,observed,https://api.worldbank.org/v2/country/POL;WLD;USA;CHN;DEU;IND;KOR;JPN;GBR;FRA;BRA;EST/indicator/NE.EXP.GNFS.ZS?format=json&per_page=1000,2026-09-28T17:23:24.144Z,{}
NE.EXP.GNFS.ZS,NE.EXP.GNFS.ZS--kor,Korea Płd.,KOR,Exports of goods and services (% of GDP),1990-12-31,1990,year,1990-01-01,24.1685799511012,% PKB,annual,observed,https://api.worldbank.org/v2/country/POL;WLD;USA;CHN;DEU;IND;KOR;JPN;GBR;FRA;BRA;EST/indicator/NE.EXP.GNFS.ZS?format=json&per_page=1000,2026-09-28T17:23:24.144Z,{}
NE.EXP.GNFS.ZS,NE.EXP.GNFS.ZS--pol,Polska,POL,Exports of goods and services (% of GDP),1990-12-31,1990,year,1990-01-01,,% PKB,annual,observed,https://api.worldbank.org/v2/country/POL;WLD;USA;CHN;DEU;IND;KOR;JPN;GBR;FRA;BRA;EST/indicator/NE.EXP.GNFS.ZS?format=json&per_page=1000,2026-09-28T17:23:24.144Z,{}
NE.EXP.GNFS.ZS,NE.EXP.GNFS.ZS--usa,USA,USA,Exports of goods and services (% of GDP),1990-12-31,1990,year,1990-01-01,9.25473206751338,% PKB,annual,observed,https://api.worldbank.org/v2/country/POL;WLD;USA;CHN;DEU;IND;KOR;JPN;GBR;FRA;BRA;EST/indicator/NE.EXP.GNFS.ZS?format=json&per_page=1000,2026-09-28T17:23:24.144Z,{}
NE.EXP.GNFS.ZS,NE.EXP.GNFS.ZS--wld,Świat,WLD,Exports of goods and services (% of GDP),1990-12-31,1990,year,1990-01-01,18.8226333088845,% PKB,annual,observed,https://api.worldbank.org/v2/country/POL;WLD;USA;CHN;DEU;IND;KOR;JPN;GBR;FRA;BRA;EST/indicator/NE.EXP.GNFS.ZS?format=json&per_page=1000,2026-09-28T17:23:24.144Z,{}
NE.EXP.GNFS.ZS,NE.EXP.GNFS.ZS--bra,Brazylia,BRA,Exports of goods and services (% of GDP),1991-12-31,1991,year,1991-01-01,8.67763659887868,% PKB,annual,observed,https://api.worldbank.org/v2/country/POL;WLD;USA;CHN;DEU;IND;KOR;JPN;GBR;FRA;BRA;EST/indicator/NE.EXP.GNFS.ZS?format=json&per_page=1000,2026-09-28T17:23:24.144Z,{}
NE.EXP.GNFS.ZS,NE.EXP.GNFS.ZS--chn,Chiny,CHN,Exports of goods and services (% of GDP),1991-12-31,1991,year,1991-01-01,14.4450323111337,% PKB,annual,observed,https://api.worldbank.org/v2/country/POL;WLD;USA;CHN;DEU;IND;KOR;JPN;GBR;FRA;BRA;EST/indicator/NE.EXP.GNFS.ZS?format=json&per_page=1000,2026-09-28T17:23:24.144Z,{}
NE.EXP.GNFS.ZS,NE.EXP.GNFS.ZS--deu,Niemcy,DEU,Exports of goods and services (% of GDP),1991-12-31,1991,year,1991-01-01,23.5660117742412,% PKB,annual,observed,https://api.worldbank.org/v2/country/POL;WLD;USA;CHN;DEU;IND;KOR;JPN;GBR;FRA;BRA;EST/indicator/NE.EXP.GNFS.ZS?format=json&per_page=1000,2026-09-28T17:23:24.144Z,{}
NE.EXP.GNFS.ZS,NE.EXP.GNFS.ZS--est,Estonia,EST,Exports of goods and services (% of GDP),1991-12-31,1991,year,1991-01-01,,% PKB,annual,observed,https://api.worldbank.org/v2/country/POL;WLD;USA;CHN;DEU;IND;KOR;JPN;GBR;FRA;BRA;EST/indicator/NE.EXP.GNFS.ZS?format=json&per_page=1000,2026-09-28T17:23:24.144Z,{}
NE.EXP.GNFS.ZS,NE.EXP.GNFS.ZS--fra,Francja,FRA,Exports of goods and services (% of GDP),1991-12-31,1991,year,1991-01-01,22.4142688669444,% PKB,annual,observed,https://api.worldbank.org/v2/country/POL;WLD;USA;CHN;DEU;IND;KOR;JPN;GBR;FRA;BRA;EST/indicator/NE.EXP.GNFS.ZS?format=json&per_page=1000,2026-09-28T17:23:24.144Z,{}
NE.EXP.GNFS.ZS,NE.EXP.GNFS.ZS--gbr,Wielka Brytania,GBR,Exports of goods and services (% of GDP),1991-12-31,1991,year,1991-01-01,22.5955537790563,% PKB,annual,observed,https://api.worldbank.org/v2/country/POL;WLD;USA;CHN;DEU;IND;KOR;JPN;GBR;FRA;BRA;EST/indicator/NE.EXP.GNFS.ZS?format=json&per_page=1000,2026-09-28T17:23:24.144Z,{}
NE.EXP.GNFS.ZS,NE.EXP.GNFS.ZS--ind,Indie,IND,Exports of goods and services (% of GDP),1991-12-31,1991,year,1991-01-01,8.49424077053547,% PKB,annual,observed,https://api.worldbank.org/v2/country/POL;WLD;USA;CHN;DEU;IND;KOR;JPN;GBR;FRA;BRA;EST/indicator/NE.EXP.GNFS.ZS?format=json&per_page=1000,2026-09-28T17:23:24.144Z,{}
NE.EXP.GNFS.ZS,NE.EXP.GNFS.ZS--jpn,Japonia,JPN,Exports of goods and services (% of GDP),1991-12-31,1991,year,1991-01-01,9.41785122890222,% PKB,annual,observed,https://api.worldbank.org/v2/country/POL;WLD;USA;CHN;DEU;IND;KOR;JPN;GBR;FRA;BRA;EST/indicator/NE.EXP.GNFS.ZS?format=json&per_page=1000,2026-09-28T17:23:24.144Z,{}
NE.EXP.GNFS.ZS,NE.EXP.GNFS.ZS--kor,Korea Płd.,KOR,Exports of goods and services (% of GDP),1991-12-31,1991,year,1991-01-01,22.9875474516622,% PKB,annual,observed,https://api.worldbank.org/v2/country/POL;WLD;USA;CHN;DEU;IND;KOR;JPN;GBR;FRA;BRA;EST/indicator/NE.EXP.GNFS.ZS?format=json&per_page=1000,2026-09-28T17:23:24.144Z,{}
NE.EXP.GNFS.ZS,NE.EXP.GNFS.ZS--pol,Polska,POL,Exports of goods and services (% of GDP),1991-12-31,1991,year,1991-01-01,,% PKB,annual,observed,https://api.worldbank.org/v2/country/POL;WLD;USA;CHN;DEU;IND;KOR;JPN;GBR;FRA;BRA;EST/indicator/NE.EXP.GNFS.ZS?format=json&per_page=1000,2026-09-28T17:23:24.144Z,{}
NE.EXP.GNFS.ZS,NE.EXP.GNFS.ZS--usa,USA,USA,Exports of goods and services (% of GDP),1991-12-31,1991,year,1991-01-01,9.66090512231881,% PKB,annual,observed,https://api.worldbank.org/v2/country/POL;WLD;USA;CHN;DEU;IND;KOR;JPN;GBR;FRA;BRA;EST/indicator/NE.EXP.GNFS.ZS?format=json&per_page=1000,2026-09-28T17:23:24.144Z,{}
NE.EXP.GNFS.ZS,NE.EXP.GNFS.ZS--wld,Świat,WLD,Exports of goods and services (% of GDP),1991-12-31,1991,year,1991-01-01,18.6950591773231,% PKB,annual,observed,https://api.worldbank.org/v2/country/POL;WLD;USA;CHN;DEU;IND;KOR;JPN;GBR;FRA;BRA;EST/indicator/NE.EXP.GNFS.ZS?format=json&per_page=1000,2026-09-28T17:23:24.144Z,{}
NE.EXP.GNFS.ZS,NE.EXP.GNFS.ZS--bra,Brazylia,BRA,Exports of goods and services (% of GDP),1992-12-31,1992,year,1992-01-01,10.8683116605935,% PKB,annual,observed,https://api.worldbank.org/v2/country/POL;WLD;USA;CHN;DEU;IND;KOR;JPN;GBR;FRA;BRA;EST/indicator/NE.EXP.GNFS.ZS?format=json&per_page=1000,2026-09-28T17:23:24.144Z,{}
NE.EXP.GNFS.ZS,NE.EXP.GNFS.ZS--chn,Chiny,CHN,Exports of goods and services (% of GDP),1992-12-31,1992,year,1992-01-01,15.6002410213269,% PKB,annual,observed,https://api.worldbank.org/v2/country/POL;WLD;USA;CHN;DEU;IND;KOR;JPN;GBR;FRA;BRA;EST/indicator/NE.EXP.GNFS.ZS?format=json&per_page=1000,2026-09-28T17:23:24.144Z,{}
NE.EXP.GNFS.ZS,NE.EXP.GNFS.ZS--deu,Niemcy,DEU,Exports of goods and services (% of GDP),1992-12-31,1992,year,1992-01-01,22.089549620151,% PKB,annual,observed,https://api.worldbank.org/v2/country/POL;WLD;USA;CHN;DEU;IND;KOR;JPN;GBR;FRA;BRA;EST/indicator/NE.EXP.GNFS.ZS?format=json&per_page=1000,2026-09-28T17:23:24.144Z,{}
NE.EXP.GNFS.ZS,NE.EXP.GNFS.ZS--est,Estonia,EST,Exports of goods and services (% of GDP),1992-12-31,1992,year,1992-01-01,,% PKB,annual,observed,https://api.worldbank.org/v2/country/POL;WLD;USA;CHN;DEU;IND;KOR;JPN;GBR;FRA;BRA;EST/indicator/NE.EXP.GNFS.ZS?format=json&per_page=1000,2026-09-28T17:23:24.144Z,{}
NE.EXP.GNFS.ZS,NE.EXP.GNFS.ZS--fra,Francja,FRA,Exports of goods and services (% of GDP),1992-12-31,1992,year,1992-01-01,22.445403889811,% PKB,annual,observed,https://api.worldbank.org/v2/country/POL;WLD;USA;CHN;DEU;IND;KOR;JPN;GBR;FRA;BRA;EST/indicator/NE.EXP.GNFS.ZS?format=json&per_page=1000,2026-09-28T17:23:24.144Z,{}
NE.EXP.GNFS.ZS,NE.EXP.GNFS.ZS--gbr,Wielka Brytania,GBR,Exports of goods and services (% of GDP),1992-12-31,1992,year,1992-01-01,22.923527381466,% PKB,annual,observed,https://api.worldbank.org/v2/country/POL;WLD;USA;CHN;DEU;IND;KOR;JPN;GBR;FRA;BRA;EST/indicator/NE.EXP.GNFS.ZS?format=json&per_page=1000,2026-09-28T17:23:24.144Z,{}
NE.EXP.GNFS.ZS,NE.EXP.GNFS.ZS--ind,Indie,IND,Exports of goods and services (% of GDP),1992-12-31,1992,year,1992-01-01,8.84292692502088,% PKB,annual,observed,https://api.worldbank.org/v2/country/POL;WLD;USA;CHN;DEU;IND;KOR;JPN;GBR;FRA;BRA;EST/indicator/NE.EXP.GNFS.ZS?format=json&per_page=1000,2026-09-28T17:23:24.144Z,{}
NE.EXP.GNFS.ZS,NE.EXP.GNFS.ZS--jpn,Japonia,JPN,Exports of goods and services (% of GDP),1992-12-31,1992,year,1992-01-01,9.32198041178664,% PKB,annual,observed,https://api.worldbank.org/v2/country/POL;WLD;USA;CHN;DEU;IND;KOR;JPN;GBR;FRA;BRA;EST/indicator/NE.EXP.GNFS.ZS?format=json&per_page=1000,2026-09-28T17:23:24.144Z,{}
NE.EXP.GNFS.ZS,NE.EXP.GNFS.ZS--kor,Korea Płd.,KOR,Exports of goods and services (% of GDP),1992-12-31,1992,year,1992-01-01,23.2612780314303,% PKB,annual,observed,https://api.worldbank.org/v2/country/POL;WLD;USA;CHN;DEU;IND;KOR;JPN;GBR;FRA;BRA;EST/indicator/NE.EXP.GNFS.ZS?format=json&per_page=1000,2026-09-28T17:23:24.144Z,{}
NE.EXP.GNFS.ZS,NE.EXP.GNFS.ZS--pol,Polska,POL,Exports of goods and services (% of GDP),1992-12-31,1992,year,1992-01-01,,% PKB,annual,observed,https://api.worldbank.org/v2/country/POL;WLD;USA;CHN;DEU;IND;KOR;JPN;GBR;FRA;BRA;EST/indicator/NE.EXP.GNFS.ZS?format=json&per_page=1000,2026-09-28T17:23:24.144Z,{}
NE.EXP.GNFS.ZS,NE.EXP.GNFS.ZS--usa,USA,USA,Exports of goods and services (% of GDP),1992-12-31,1992,year,1992-01-01,9.70891490564814,% PKB,annual,observed,https://api.worldbank.org/v2/country/POL;WLD;USA;CHN;DEU;IND;KOR;JPN;GBR;FRA;BRA;EST/indicator/NE.EXP.GNFS.ZS?format=json&per_page=1000,2026-09-28T17:23:24.144Z,{}
NE.EXP.GNFS.ZS,NE.EXP.GNFS.ZS--wld,Świat,WLD,Exports of goods and services (% of GDP),1992-12-31,1992,year,1992-01-01,19.7995747175588,% PKB,annual,observed,https://api.worldbank.org/v2/country/POL;WLD;USA;CHN;DEU;IND;KOR;JPN;GBR;FRA;BRA;EST/indicator/NE.EXP.GNFS.ZS?format=json&per_page=1000,2026-09-28T17:23:24.144Z,{}
NE.EXP.GNFS.ZS,NE.EXP.GNFS.ZS--bra,Brazylia,BRA,Exports of goods and services (% of GDP),1993-12-31,1993,year,1993-01-01,10.5032716554144,% PKB,annual,observed,https://api.worldbank.org/v2/country/POL;WLD;USA;CHN;DEU;IND;KOR;JPN;GBR;FRA;BRA;EST/indicator/NE.EXP.GNFS.ZS?format=json&per_page=1000,2026-09-28T17:23:24.144Z,{}
NE.EXP.GNFS.ZS,NE.EXP.GNFS.ZS--chn,Chiny,CHN,Exports of goods and services (% of GDP),1993-12-31,1993,year,1993-01-01,16.6339975209836,% PKB,annual,observed,https://api.worldbank.org/v2/country/POL;WLD;USA;CHN;DEU;IND;KOR;JPN;GBR;FRA;BRA;EST/indicator/NE.EXP.GNFS.ZS?format=json&per_page=1000,2026-09-28T17:23:24.144Z,{}
NE.EXP.GNFS.ZS,NE.EXP.GNFS.ZS--deu,Niemcy,DEU,Exports of goods and services (% of GDP),1993-12-31,1993,year,1993-01-01,19.8790217032561,% PKB,annual,observed,https://api.worldbank.org/v2/country/POL;WLD;USA;CHN;DEU;IND;KOR;JPN;GBR;FRA;BRA;EST/indicator/NE.EXP.GNFS.ZS?format=json&per_page=1000,2026-09-28T17:23:24.144Z,{}
NE.EXP.GNFS.ZS,NE.EXP.GNFS.ZS--est,Estonia,EST,Exports of goods and services (% of GDP),1993-12-31,1993,year,1993-01-01,64.1267812766853,% PKB,annual,observed,https://api.worldbank.org/v2/country/POL;WLD;USA;CHN;DEU;IND;KOR;JPN;GBR;FRA;BRA;EST/indicator/NE.EXP.GNFS.ZS?format=json&per_page=1000,2026-09-28T17:23:24.144Z,{}
NE.EXP.GNFS.ZS,NE.EXP.GNFS.ZS--fra,Francja,FRA,Exports of goods and services (% of GDP),1993-12-31,1993,year,1993-01-01,21.816309385317,% PKB,annual,observed,https://api.worldbank.org/v2/country/POL;WLD;USA;CHN;DEU;IND;KOR;JPN;GBR;FRA;BRA;EST/indicator/NE.EXP.GNFS.ZS?format=json&per_page=1000,2026-09-28T17:23:24.144Z,{}
NE.EXP.GNFS.ZS,NE.EXP.GNFS.ZS--gbr,Wielka Brytania,GBR,Exports of goods and services (% of GDP),1993-12-31,1993,year,1993-01-01,24.831931347088,% PKB,annual,observed,https://api.worldbank.org/v2/country/POL;WLD;USA;CHN;DEU;IND;KOR;JPN;GBR;FRA;BRA;EST/indicator/NE.EXP.GNFS.ZS?format=json&per_page=1000,2026-09-28T17:23:24.144Z,{}
NE.EXP.GNFS.ZS,NE.EXP.GNFS.ZS--ind,Indie,IND,Exports of goods and services (% of GDP),1993-12-31,1993,year,1993-01-01,9.83421745486326,% PKB,annual,observed,https://api.worldbank.org/v2/country/POL;WLD;USA;CHN;DEU;IND;KOR;JPN;GBR;FRA;BRA;EST/indicator/NE.EXP.GNFS.ZS?format=json&per_page=1000,2026-09-28T17:23:24.144Z,{}
NE.EXP.GNFS.ZS,NE.EXP.GNFS.ZS--jpn,Japonia,JPN,Exports of goods and services (% of GDP),1993-12-31,1993,year,1993-01-01,8.73007389886112,% PKB,annual,observed,https://api.worldbank.org/v2/country/POL;WLD;USA;CHN;DEU;IND;KOR;JPN;GBR;FRA;BRA;EST/indicator/NE.EXP.GNFS.ZS?format=json&per_page=1000,2026-09-28T17:23:24.144Z,{}
NE.EXP.GNFS.ZS,NE.EXP.GNFS.ZS--kor,Korea Płd.,KOR,Exports of goods and services (% of GDP),1993-12-31,1993,year,1993-01-01,22.8587756465728,% PKB,annual,observed,https://api.worldbank.org/v2/country/POL;WLD;USA;CHN;DEU;IND;KOR;JPN;GBR;FRA;BRA;EST/indicator/NE.EXP.GNFS.ZS?format=json&per_page=1000,2026-09-28T17:23:24.144Z,{}
NE.EXP.GNFS.ZS,NE.EXP.GNFS.ZS--pol,Polska,POL,Exports of goods and services (% of GDP),1993-12-31,1993,year,1993-01-01,,% PKB,annual,observed,https://api.worldbank.org/v2/country/POL;WLD;USA;CHN;DEU;IND;KOR;JPN;GBR;FRA;BRA;EST/indicator/NE.EXP.GNFS.ZS?format=json&per_page=1000,2026-09-28T17:23:24.144Z,{}
NE.EXP.GNFS.ZS,NE.EXP.GNFS.ZS--usa,USA,USA,Exports of goods and services (% of GDP),1993-12-31,1993,year,1993-01-01,9.54718039168286,% PKB,annual,observed,https://api.worldbank.org/v2/country/POL;WLD;USA;CHN;DEU;IND;KOR;JPN;GBR;FRA;BRA;EST/indicator/NE.EXP.GNFS.ZS?format=json&per_page=1000,2026-09-28T17:23:24.144Z,{}
NE.EXP.GNFS.ZS,NE.EXP.GNFS.ZS--wld,Świat,WLD,Exports of goods and services (% of GDP),1993-12-31,1993,year,1993-01-01,18.8785862725425,% PKB,annual,observed,https://api.worldbank.org/v2/country/POL;WLD;USA;CHN;DEU;IND;KOR;JPN;GBR;FRA;BRA;EST/indicator/NE.EXP.GNFS.ZS?format=json&per_page=1000,2026-09-28T17:23:24.144Z,{}
NE.EXP.GNFS.ZS,NE.EXP.GNFS.ZS--bra,Brazylia,BRA,Exports of goods and services (% of GDP),1994-12-31,1994,year,1994-01-01,9.51307642702004,% PKB,annual,observed,https://api.worldbank.org/v2/country/POL;WLD;USA;CHN;DEU;IND;KOR;JPN;GBR;FRA;BRA;EST/indicator/NE.EXP.GNFS.ZS?format=json&per_page=1000,2026-09-28T17:23:24.144Z,{}
NE.EXP.GNFS.ZS,NE.EXP.GNFS.ZS--chn,Chiny,CHN,Exports of goods and services (% of GDP),1994-12-31,1994,year,1994-01-01,18.4515778259707,% PKB,annual,observed,https://api.worldbank.org/v2/country/POL;WLD;USA;CHN;DEU;IND;KOR;JPN;GBR;FRA;BRA;EST/indicator/NE.EXP.GNFS.ZS?format=json&per_page=1000,2026-09-28T17:23:24.144Z,{}
NE.EXP.GNFS.ZS,NE.EXP.GNFS.ZS--deu,Niemcy,DEU,Exports of goods and services (% of GDP),1994-12-31,1994,year,1994-01-01,20.6057061403032,% PKB,annual,observed,https://api.worldbank.org/v2/country/POL;WLD;USA;CHN;DEU;IND;KOR;JPN;GBR;FRA;BRA;EST/indicator/NE.EXP.GNFS.ZS?format=json&per_page=1000,2026-09-28T17:23:24.144Z,{}
NE.EXP.GNFS.ZS,NE.EXP.GNFS.ZS--est,Estonia,EST,Exports of goods and services (% of GDP),1994-12-31,1994,year,1994-01-01,69.0973048198066,% PKB,annual,observed,https://api.worldbank.org/v2/country/POL;WLD;USA;CHN;DEU;IND;KOR;JPN;GBR;FRA;BRA;EST/indicator/NE.EXP.GNFS.ZS?format=json&per_page=1000,2026-09-28T17:23:24.144Z,{}
NE.EXP.GNFS.ZS,NE.EXP.GNFS.ZS--fra,Francja,FRA,Exports of goods and services (% of GDP),1994-12-31,1994,year,1994-01-01,22.7505122935097,% PKB,annual,observed,https://api.worldbank.org/v2/country/POL;WLD;USA;CHN;DEU;IND;KOR;JPN;GBR;FRA;BRA;EST/indicator/NE.EXP.GNFS.ZS?format=json&per_page=1000,2026-09-28T17:23:24.144Z,{}
NE.EXP.GNFS.ZS,NE.EXP.GNFS.ZS--gbr,Wielka Brytania,GBR,Exports of goods and services (% of GDP),1994-12-31,1994,year,1994-01-01,26.0778732038283,% PKB,annual,observed,https://api.worldbank.org/v2/country/POL;WLD;USA;CHN;DEU;IND;KOR;JPN;GBR;FRA;BRA;EST/indicator/NE.EXP.GNFS.ZS?format=json&per_page=1000,2026-09-28T17:23:24.144Z,{}
NE.EXP.GNFS.ZS,NE.EXP.GNFS.ZS--ind,Indie,IND,Exports of goods and services (% of GDP),1994-12-31,1994,year,1994-01-01,9.8880849164454,% PKB,annual,observed,https://api.worldbank.org/v2/country/POL;WLD;USA;CHN;DEU;IND;KOR;JPN;GBR;FRA;BRA;EST/indicator/NE.EXP.GNFS.ZS?format=json&per_page=1000,2026-09-28T17:23:24.144Z,{}
NE.EXP.GNFS.ZS,NE.EXP.GNFS.ZS--jpn,Japonia,JPN,Exports of goods and services (% of GDP),1994-12-31,1994,year,1994-01-01,8.65751499352758,% PKB,annual,observed,https://api.worldbank.org/v2/country/POL;WLD;USA;CHN;DEU;IND;KOR;JPN;GBR;FRA;BRA;EST/indicator/NE.EXP.GNFS.ZS?format=json&per_page=1000,2026-09-28T17:23:24.144Z,{}
NE.EXP.GNFS.ZS,NE.EXP.GNFS.ZS--kor,Korea Płd.,KOR,Exports of goods and services (% of GDP),1994-12-31,1994,year,1994-01-01,23.5069868149485,% PKB,annual,observed,https://api.worldbank.org/v2/country/POL;WLD;USA;CHN;DEU;IND;KOR;JPN;GBR;FRA;BRA;EST/indicator/NE.EXP.GNFS.ZS?format=json&per_page=1000,2026-09-28T17:23:24.144Z,{}
NE.EXP.GNFS.ZS,NE.EXP.GNFS.ZS--pol,Polska,POL,Exports of goods and services (% of GDP),1994-12-31,1994,year,1994-01-01,,% PKB,annual,observed,https://api.worldbank.org/v2/country/POL;WLD;USA;CHN;DEU;IND;KOR;JPN;GBR;FRA;BRA;EST/indicator/NE.EXP.GNFS.ZS?format=json&per_page=1000,2026-09-28T17:23:24.144Z,{}
NE.EXP.GNFS.ZS,NE.EXP.GNFS.ZS--usa,USA,USA,Exports of goods and services (% of GDP),1994-12-31,1994,year,1994-01-01,9.89314741556332,% PKB,annual,observed,https://api.worldbank.org/v2/country/POL;WLD;USA;CHN;DEU;IND;KOR;JPN;GBR;FRA;BRA;EST/indicator/NE.EXP.GNFS.ZS?format=json&per_page=1000,2026-09-28T17:23:24.144Z,{}
NE.EXP.GNFS.ZS,NE.EXP.GNFS.ZS--wld,Świat,WLD,Exports of goods and services (% of GDP),1994-12-31,1994,year,1994-01-01,19.4293442463024,% PKB,annual,observed,https://api.worldbank.org/v2/country/POL;WLD;USA;CHN;DEU;IND;KOR;JPN;GBR;FRA;BRA;EST/indicator/NE.EXP.GNFS.ZS?format=json&per_page=1000,2026-09-28T17:23:24.144Z,{}
NE.EXP.GNFS.ZS,NE.EXP.GNFS.ZS--bra,Brazylia,BRA,Exports of goods and services (% of GDP),1995-12-31,1995,year,1995-01-01,7.52887503847073,% PKB,annual,observed,https://api.worldbank.org/v2/country/POL;WLD;USA;CHN;DEU;IND;KOR;JPN;GBR;FRA;BRA;EST/indicator/NE.EXP.GNFS.ZS?format=json&per_page=1000,2026-09-28T17:23:24.144Z,{}
NE.EXP.GNFS.ZS,NE.EXP.GNFS.ZS--chn,Chiny,CHN,Exports of goods and services (% of GDP),1995-12-31,1995,year,1995-01-01,17.8624291729756,% PKB,annual,observed,https://api.worldbank.org/v2/country/POL;WLD;USA;CHN;DEU;IND;KOR;JPN;GBR;FRA;BRA;EST/indicator/NE.EXP.GNFS.ZS?format=json&per_page=1000,2026-09-28T17:23:24.144Z,{}
NE.EXP.GNFS.ZS,NE.EXP.GNFS.ZS--deu,Niemcy,DEU,Exports of goods and services (% of GDP),1995-12-31,1995,year,1995-01-01,21.4815282668309,% PKB,annual,observed,https://api.worldbank.org/v2/country/POL;WLD;USA;CHN;DEU;IND;KOR;JPN;GBR;FRA;BRA;EST/indicator/NE.EXP.GNFS.ZS?format=json&per_page=1000,2026-09-28T17:23:24.144Z,{}
NE.EXP.GNFS.ZS,NE.EXP.GNFS.ZS--est,Estonia,EST,Exports of goods and services (% of GDP),1995-12-31,1995,year,1995-01-01,65.9013474101197,% PKB,annual,observed,https://api.worldbank.org/v2/country/POL;WLD;USA;CHN;DEU;IND;KOR;JPN;GBR;FRA;BRA;EST/indicator/NE.EXP.GNFS.ZS?format=json&per_page=1000,2026-09-28T17:23:24.144Z,{}
NE.EXP.GNFS.ZS,NE.EXP.GNFS.ZS--fra,Francja,FRA,Exports of goods and services (% of GDP),1995-12-31,1995,year,1995-01-01,23.6896549224157,% PKB,annual,observed,https://api.worldbank.org/v2/country/POL;WLD;USA;CHN;DEU;IND;KOR;JPN;GBR;FRA;BRA;EST/indicator/NE.EXP.GNFS.ZS?format=json&per_page=1000,2026-09-28T17:23:24.144Z,{}
NE.EXP.GNFS.ZS,NE.EXP.GNFS.ZS--gbr,Wielka Brytania,GBR,Exports of goods and services (% of GDP),1995-12-31,1995,year,1995-01-01,25.6967602854533,% PKB,annual,observed,https://api.worldbank.org/v2/country/POL;WLD;USA;CHN;DEU;IND;KOR;JPN;GBR;FRA;BRA;EST/indicator/NE.EXP.GNFS.ZS?format=json&per_page=1000,2026-09-28T17:23:24.144Z,{}
NE.EXP.GNFS.ZS,NE.EXP.GNFS.ZS--ind,Indie,IND,Exports of goods and services (% of GDP),1995-12-31,1995,year,1995-01-01,10.8439680350622,% PKB,annual,observed,https://api.worldbank.org/v2/country/POL;WLD;USA;CHN;DEU;IND;KOR;JPN;GBR;FRA;BRA;EST/indicator/NE.EXP.GNFS.ZS?format=json&per_page=1000,2026-09-28T17:23:24.144Z,{}
NE.EXP.GNFS.ZS,NE.EXP.GNFS.ZS--jpn,Japonia,JPN,Exports of goods and services (% of GDP),1995-12-31,1995,year,1995-01-01,8.66938554832833,% PKB,annual,observed,https://api.worldbank.org/v2/country/POL;WLD;USA;CHN;DEU;IND;KOR;JPN;GBR;FRA;BRA;EST/indicator/NE.EXP.GNFS.ZS?format=json&per_page=1000,2026-09-28T17:23:24.144Z,{}
NE.EXP.GNFS.ZS,NE.EXP.GNFS.ZS--kor,Korea Płd.,KOR,Exports of goods and services (% of GDP),1995-12-31,1995,year,1995-01-01,25.0908528792617,% PKB,annual,observed,https://api.worldbank.org/v2/country/POL;WLD;USA;CHN;DEU;IND;KOR;JPN;GBR;FRA;BRA;EST/indicator/NE.EXP.GNFS.ZS?format=json&per_page=1000,2026-09-28T17:23:24.144Z,{}
NE.EXP.GNFS.ZS,NE.EXP.GNFS.ZS--pol,Polska,POL,Exports of goods and services (% of GDP),1995-12-31,1995,year,1995-01-01,22.8537362037756,% PKB,annual,observed,https://api.worldbank.org/v2/country/POL;WLD;USA;CHN;DEU;IND;KOR;JPN;GBR;FRA;BRA;EST/indicator/NE.EXP.GNFS.ZS?format=json&per_page=1000,2026-09-28T17:23:24.144Z,{}
NE.EXP.GNFS.ZS,NE.EXP.GNFS.ZS--usa,USA,USA,Exports of goods and services (% of GDP),1995-12-31,1995,year,1995-01-01,10.639223880261,% PKB,annual,observed,https://api.worldbank.org/v2/country/POL;WLD;USA;CHN;DEU;IND;KOR;JPN;GBR;FRA;BRA;EST/indicator/NE.EXP.GNFS.ZS?format=json&per_page=1000,2026-09-28T17:23:24.144Z,{}
NE.EXP.GNFS.ZS,NE.EXP.GNFS.ZS--wld,Świat,WLD,Exports of goods and services (% of GDP),1995-12-31,1995,year,1995-01-01,20.6096414281902,% PKB,annual,observed,https://api.worldbank.org/v2/country/POL;WLD;USA;CHN;DEU;IND;KOR;JPN;GBR;FRA;BRA;EST/indicator/NE.EXP.GNFS.ZS?format=json&per_page=1000,2026-09-28T17:23:24.144Z,{}
NE.EXP.GNFS.ZS,NE.EXP.GNFS.ZS--bra,Brazylia,BRA,Exports of goods and services (% of GDP),1996-12-31,1996,year,1996-01-01,6.73020968312685,% PKB,annual,observed,https://api.worldbank.org/v2/country/POL;WLD;USA;CHN;DEU;IND;KOR;JPN;GBR;FRA;BRA;EST/indicator/NE.EXP.GNFS.ZS?format=json&per_page=1000,2026-09-28T17:23:24.144Z,{}
NE.EXP.GNFS.ZS,NE.EXP.GNFS.ZS--chn,Chiny,CHN,Exports of goods and services (% of GDP),1996-12-31,1996,year,1996-01-01,17.8247104643429,% PKB,annual,observed,https://api.worldbank.org/v2/country/POL;WLD;USA;CHN;DEU;IND;KOR;JPN;GBR;FRA;BRA;EST/indicator/NE.EXP.GNFS.ZS?format=json&per_page=1000,2026-09-28T17:23:24.144Z,{}
NE.EXP.GNFS.ZS,NE.EXP.GNFS.ZS--deu,Niemcy,DEU,Exports of goods and services (% of GDP),1996-12-31,1996,year,1996-01-01,22.2821690795205,% PKB,annual,observed,https://api.worldbank.org/v2/country/POL;WLD;USA;CHN;DEU;IND;KOR;JPN;GBR;FRA;BRA;EST/indicator/NE.EXP.GNFS.ZS?format=json&per_page=1000,2026-09-28T17:23:24.144Z,{}
NE.EXP.GNFS.ZS,NE.EXP.GNFS.ZS--est,Estonia,EST,Exports of goods and services (% of GDP),1996-12-31,1996,year,1996-01-01,61.2792495590997,% PKB,annual,observed,https://api.worldbank.org/v2/country/POL;WLD;USA;CHN;DEU;IND;KOR;JPN;GBR;FRA;BRA;EST/indicator/NE.EXP.GNFS.ZS?format=json&per_page=1000,2026-09-28T17:23:24.144Z,{}
NE.EXP.GNFS.ZS,NE.EXP.GNFS.ZS--fra,Francja,FRA,Exports of goods and services (% of GDP),1996-12-31,1996,year,1996-01-01,24.123002754589,% PKB,annual,observed,https://api.worldbank.org/v2/country/POL;WLD;USA;CHN;DEU;IND;KOR;JPN;GBR;FRA;BRA;EST/indicator/NE.EXP.GNFS.ZS?format=json&per_page=1000,2026-09-28T17:23:24.144Z,{}
NE.EXP.GNFS.ZS,NE.EXP.GNFS.ZS--gbr,Wielka Brytania,GBR,Exports of goods and services (% of GDP),1996-12-31,1996,year,1996-01-01,26.2671449164796,% PKB,annual,observed,https://api.worldbank.org/v2/country/POL;WLD;USA;CHN;DEU;IND;KOR;JPN;GBR;FRA;BRA;EST/indicator/NE.EXP.GNFS.ZS?format=json&per_page=1000,2026-09-28T17:23:24.144Z,{}
NE.EXP.GNFS.ZS,NE.EXP.GNFS.ZS--ind,Indie,IND,Exports of goods and services (% of GDP),1996-12-31,1996,year,1996-01-01,10.3851692716063,% PKB,annual,observed,https://api.worldbank.org/v2/country/POL;WLD;USA;CHN;DEU;IND;KOR;JPN;GBR;FRA;BRA;EST/indicator/NE.EXP.GNFS.ZS?format=json&per_page=1000,2026-09-28T17:23:24.144Z,{}
NE.EXP.GNFS.ZS,NE.EXP.GNFS.ZS--jpn,Japonia,JPN,Exports of goods and services (% of GDP),1996-12-31,1996,year,1996-01-01,9.13384321818787,% PKB,annual,observed,https://api.worldbank.org/v2/country/POL;WLD;USA;CHN;DEU;IND;KOR;JPN;GBR;FRA;BRA;EST/indicator/NE.EXP.GNFS.ZS?format=json&per_page=1000,2026-09-28T17:23:24.144Z,{}
NE.EXP.GNFS.ZS,NE.EXP.GNFS.ZS--kor,Korea Płd.,KOR,Exports of goods and services (% of GDP),1996-12-31,1996,year,1996-01-01,24.1509711908027,% PKB,annual,observed,https://api.worldbank.org/v2/country/POL;WLD;USA;CHN;DEU;IND;KOR;JPN;GBR;FRA;BRA;EST/indicator/NE.EXP.GNFS.ZS?format=json&per_page=1000,2026-09-28T17:23:24.144Z,{}
NE.EXP.GNFS.ZS,NE.EXP.GNFS.ZS--pol,Polska,POL,Exports of goods and services (% of GDP),1996-12-31,1996,year,1996-01-01,21.9840947671415,% PKB,annual,observed,https://api.worldbank.org/v2/country/POL;WLD;USA;CHN;DEU;IND;KOR;JPN;GBR;FRA;BRA;EST/indicator/NE.EXP.GNFS.ZS?format=json&per_page=1000,2026-09-28T17:23:24.144Z,{}
NE.EXP.GNFS.ZS,NE.EXP.GNFS.ZS--usa,USA,USA,Exports of goods and services (% of GDP),1996-12-31,1996,year,1996-01-01,10.7466355642836,% PKB,annual,observed,https://api.worldbank.org/v2/country/POL;WLD;USA;CHN;DEU;IND;KOR;JPN;GBR;FRA;BRA;EST/indicator/NE.EXP.GNFS.ZS?format=json&per_page=1000,2026-09-28T17:23:24.144Z,{}
NE.EXP.GNFS.ZS,NE.EXP.GNFS.ZS--wld,Świat,WLD,Exports of goods and services (% of GDP),1996-12-31,1996,year,1996-01-01,21.0365144458652,% PKB,annual,observed,https://api.worldbank.org/v2/country/POL;WLD;USA;CHN;DEU;IND;KOR;JPN;GBR;FRA;BRA;EST/indicator/NE.EXP.GNFS.ZS?format=json&per_page=1000,2026-09-28T17:23:24.144Z,{}
NE.EXP.GNFS.ZS,NE.EXP.GNFS.ZS--bra,Brazylia,BRA,Exports of goods and services (% of GDP),1997-12-31,1997,year,1997-01-01,6.98364957530895,% PKB,annual,observed,https://api.worldbank.org/v2/country/POL;WLD;USA;CHN;DEU;IND;KOR;JPN;GBR;FRA;BRA;EST/indicator/NE.EXP.GNFS.ZS?format=json&per_page=1000,2026-09-28T17:23:24.144Z,{}
NE.EXP.GNFS.ZS,NE.EXP.GNFS.ZS--chn,Chiny,CHN,Exports of goods and services (% of GDP),1997-12-31,1997,year,1997-01-01,19.3692945938508,% PKB,annual,observed,https://api.worldbank.org/v2/country/POL;WLD;USA;CHN;DEU;IND;KOR;JPN;GBR;FRA;BRA;EST/indicator/NE.EXP.GNFS.ZS?format=json&per_page=1000,2026-09-28T17:23:24.144Z,{}
NE.EXP.GNFS.ZS,NE.EXP.GNFS.ZS--deu,Niemcy,DEU,Exports of goods and services (% of GDP),1997-12-31,1997,year,1997-01-01,24.7013999735662,% PKB,annual,observed,https://api.worldbank.org/v2/country/POL;WLD;USA;CHN;DEU;IND;KOR;JPN;GBR;FRA;BRA;EST/indicator/NE.EXP.GNFS.ZS?format=json&per_page=1000,2026-09-28T17:23:24.144Z,{}
NE.EXP.GNFS.ZS,NE.EXP.GNFS.ZS--est,Estonia,EST,Exports of goods and services (% of GDP),1997-12-31,1997,year,1997-01-01,70.3823658944387,% PKB,annual,observed,https://api.worldbank.org/v2/country/POL;WLD;USA;CHN;DEU;IND;KOR;JPN;GBR;FRA;BRA;EST/indicator/NE.EXP.GNFS.ZS?format=json&per_page=1000,2026-09-28T17:23:24.144Z,{}
NE.EXP.GNFS.ZS,NE.EXP.GNFS.ZS--fra,Francja,FRA,Exports of goods and services (% of GDP),1997-12-31,1997,year,1997-01-01,26.6303250476944,% PKB,annual,observed,https://api.worldbank.org/v2/country/POL;WLD;USA;CHN;DEU;IND;KOR;JPN;GBR;FRA;BRA;EST/indicator/NE.EXP.GNFS.ZS?format=json&per_page=1000,2026-09-28T17:23:24.144Z,{}
NE.EXP.GNFS.ZS,NE.EXP.GNFS.ZS--gbr,Wielka Brytania,GBR,Exports of goods and services (% of GDP),1997-12-31,1997,year,1997-01-01,25.6189888987303,% PKB,annual,observed,https://api.worldbank.org/v2/country/POL;WLD;USA;CHN;DEU;IND;KOR;JPN;GBR;FRA;BRA;EST/indicator/NE.EXP.GNFS.ZS?format=json&per_page=1000,2026-09-28T17:23:24.144Z,{}
NE.EXP.GNFS.ZS,NE.EXP.GNFS.ZS--ind,Indie,IND,Exports of goods and services (% of GDP),1997-12-31,1997,year,1997-01-01,10.690717318379,% PKB,annual,observed,https://api.worldbank.org/v2/country/POL;WLD;USA;CHN;DEU;IND;KOR;JPN;GBR;FRA;BRA;EST/indicator/NE.EXP.GNFS.ZS?format=json&per_page=1000,2026-09-28T17:23:24.144Z,{}
NE.EXP.GNFS.ZS,NE.EXP.GNFS.ZS--jpn,Japonia,JPN,Exports of goods and services (% of GDP),1997-12-31,1997,year,1997-01-01,10.18568815896,% PKB,annual,observed,https://api.worldbank.org/v2/country/POL;WLD;USA;CHN;DEU;IND;KOR;JPN;GBR;FRA;BRA;EST/indicator/NE.EXP.GNFS.ZS?format=json&per_page=1000,2026-09-28T17:23:24.144Z,{}
NE.EXP.GNFS.ZS,NE.EXP.GNFS.ZS--kor,Korea Płd.,KOR,Exports of goods and services (% of GDP),1997-12-31,1997,year,1997-01-01,27.4728903732725,% PKB,annual,observed,https://api.worldbank.org/v2/country/POL;WLD;USA;CHN;DEU;IND;KOR;JPN;GBR;FRA;BRA;EST/indicator/NE.EXP.GNFS.ZS?format=json&per_page=1000,2026-09-28T17:23:24.144Z,{}
NE.EXP.GNFS.ZS,NE.EXP.GNFS.ZS--pol,Polska,POL,Exports of goods and services (% of GDP),1997-12-31,1997,year,1997-01-01,23.2551841461345,% PKB,annual,observed,https://api.worldbank.org/v2/country/POL;WLD;USA;CHN;DEU;IND;KOR;JPN;GBR;FRA;BRA;EST/indicator/NE.EXP.GNFS.ZS?format=json&per_page=1000,2026-09-28T17:23:24.144Z,{}
NE.EXP.GNFS.ZS,NE.EXP.GNFS.ZS--usa,USA,USA,Exports of goods and services (% of GDP),1997-12-31,1997,year,1997-01-01,11.1197577117574,% PKB,annual,observed,https://api.worldbank.org/v2/country/POL;WLD;USA;CHN;DEU;IND;KOR;JPN;GBR;FRA;BRA;EST/indicator/NE.EXP.GNFS.ZS?format=json&per_page=1000,2026-09-28T17:23:24.144Z,{}
NE.EXP.GNFS.ZS,NE.EXP.GNFS.ZS--wld,Świat,WLD,Exports of goods and services (% of GDP),1997-12-31,1997,year,1997-01-01,21.9085788170365,% PKB,annual,observed,https://api.worldbank.org/v2/country/POL;WLD;USA;CHN;DEU;IND;KOR;JPN;GBR;FRA;BRA;EST/indicator/NE.EXP.GNFS.ZS?format=json&per_page=1000,2026-09-28T17:23:24.144Z,{}
NE.EXP.GNFS.ZS,NE.EXP.GNFS.ZS--bra,Brazylia,BRA,Exports of goods and services (% of GDP),1998-12-31,1998,year,1998-01-01,7.03050033871807,% PKB,annual,observed,https://api.worldbank.org/v2/country/POL;WLD;USA;CHN;DEU;IND;KOR;JPN;GBR;FRA;BRA;EST/indicator/NE.EXP.GNFS.ZS?format=json&per_page=1000,2026-09-28T17:23:24.144Z,{}
NE.EXP.GNFS.ZS,NE.EXP.GNFS.ZS--chn,Chiny,CHN,Exports of goods and services (% of GDP),1998-12-31,1998,year,1998-01-01,18.1992267514817,% PKB,annual,observed,https://api.worldbank.org/v2/country/POL;WLD;USA;CHN;DEU;IND;KOR;JPN;GBR;FRA;BRA;EST/indicator/NE.EXP.GNFS.ZS?format=json&per_page=1000,2026-09-28T17:23:24.144Z,{}
NE.EXP.GNFS.ZS,NE.EXP.GNFS.ZS--deu,Niemcy,DEU,Exports of goods and services (% of GDP),1998-12-31,1998,year,1998-01-01,25.6601609051036,% PKB,annual,observed,https://api.worldbank.org/v2/country/POL;WLD;USA;CHN;DEU;IND;KOR;JPN;GBR;FRA;BRA;EST/indicator/NE.EXP.GNFS.ZS?format=json&per_page=1000,2026-09-28T17:23:24.144Z,{}
NE.EXP.GNFS.ZS,NE.EXP.GNFS.ZS--est,Estonia,EST,Exports of goods and services (% of GDP),1998-12-31,1998,year,1998-01-01,73.6343458033252,% PKB,annual,observed,https://api.worldbank.org/v2/country/POL;WLD;USA;CHN;DEU;IND;KOR;JPN;GBR;FRA;BRA;EST/indicator/NE.EXP.GNFS.ZS?format=json&per_page=1000,2026-09-28T17:23:24.144Z,{}
NE.EXP.GNFS.ZS,NE.EXP.GNFS.ZS--fra,Francja,FRA,Exports of goods and services (% of GDP),1998-12-31,1998,year,1998-01-01,27.2527671033937,% PKB,annual,observed,https://api.worldbank.org/v2/country/POL;WLD;USA;CHN;DEU;IND;KOR;JPN;GBR;FRA;BRA;EST/indicator/NE.EXP.GNFS.ZS?format=json&per_page=1000,2026-09-28T17:23:24.144Z,{}
NE.EXP.GNFS.ZS,NE.EXP.GNFS.ZS--gbr,Wielka Brytania,GBR,Exports of goods and services (% of GDP),1998-12-31,1998,year,1998-01-01,24.3214027865864,% PKB,annual,observed,https://api.worldbank.org/v2/country/POL;WLD;USA;CHN;DEU;IND;KOR;JPN;GBR;FRA;BRA;EST/indicator/NE.EXP.GNFS.ZS?format=json&per_page=1000,2026-09-28T17:23:24.144Z,{}
NE.EXP.GNFS.ZS,NE.EXP.GNFS.ZS--ind,Indie,IND,Exports of goods and services (% of GDP),1998-12-31,1998,year,1998-01-01,11.0184691793102,% PKB,annual,observed,https://api.worldbank.org/v2/country/POL;WLD;USA;CHN;DEU;IND;KOR;JPN;GBR;FRA;BRA;EST/indicator/NE.EXP.GNFS.ZS?format=json&per_page=1000,2026-09-28T17:23:24.144Z,{}
NE.EXP.GNFS.ZS,NE.EXP.GNFS.ZS--jpn,Japonia,JPN,Exports of goods and services (% of GDP),1998-12-31,1998,year,1998-01-01,10.2438413853018,% PKB,annual,observed,https://api.worldbank.org/v2/country/POL;WLD;USA;CHN;DEU;IND;KOR;JPN;GBR;FRA;BRA;EST/indicator/NE.EXP.GNFS.ZS?format=json&per_page=1000,2026-09-28T17:23:24.144Z,{}
NE.EXP.GNFS.ZS,NE.EXP.GNFS.ZS--kor,Korea Płd.,KOR,Exports of goods and services (% of GDP),1998-12-31,1998,year,1998-01-01,38.2368909900718,% PKB,annual,observed,https://api.worldbank.org/v2/country/POL;WLD;USA;CHN;DEU;IND;KOR;JPN;GBR;FRA;BRA;EST/indicator/NE.EXP.GNFS.ZS?format=json&per_page=1000,2026-09-28T17:23:24.144Z,{}
NE.EXP.GNFS.ZS,NE.EXP.GNFS.ZS--pol,Polska,POL,Exports of goods and services (% of GDP),1998-12-31,1998,year,1998-01-01,25.8603424954365,% PKB,annual,observed,https://api.worldbank.org/v2/country/POL;WLD;USA;CHN;DEU;IND;KOR;JPN;GBR;FRA;BRA;EST/indicator/NE.EXP.GNFS.ZS?format=json&per_page=1000,2026-09-28T17:23:24.144Z,{}
NE.EXP.GNFS.ZS,NE.EXP.GNFS.ZS--usa,USA,USA,Exports of goods and services (% of GDP),1998-12-31,1998,year,1998-01-01,10.5152625281963,% PKB,annual,observed,https://api.worldbank.org/v2/country/POL;WLD;USA;CHN;DEU;IND;KOR;JPN;GBR;FRA;BRA;EST/indicator/NE.EXP.GNFS.ZS?format=json&per_page=1000,2026-09-28T17:23:24.144Z,{}
NE.EXP.GNFS.ZS,NE.EXP.GNFS.ZS--wld,Świat,WLD,Exports of goods and services (% of GDP),1998-12-31,1998,year,1998-01-01,21.7897412735951,% PKB,annual,observed,https://api.worldbank.org/v2/country/POL;WLD;USA;CHN;DEU;IND;KOR;JPN;GBR;FRA;BRA;EST/indicator/NE.EXP.GNFS.ZS?format=json&per_page=1000,2026-09-28T17:23:24.144Z,{}
NE.EXP.GNFS.ZS,NE.EXP.GNFS.ZS--bra,Brazylia,BRA,Exports of goods and services (% of GDP),1999-12-31,1999,year,1999-01-01,9.5648982609794,% PKB,annual,observed,https://api.worldbank.org/v2/country/POL;WLD;USA;CHN;DEU;IND;KOR;JPN;GBR;FRA;BRA;EST/indicator/NE.EXP.GNFS.ZS?format=json&per_page=1000,2026-09-28T17:23:24.144Z,{}
NE.EXP.GNFS.ZS,NE.EXP.GNFS.ZS--chn,Chiny,CHN,Exports of goods and services (% of GDP),1999-12-31,1999,year,1999-01-01,18.0006905864312,% PKB,annual,observed,https://api.worldbank.org/v2/country/POL;WLD;USA;CHN;DEU;IND;KOR;JPN;GBR;FRA;BRA;EST/indicator/NE.EXP.GNFS.ZS?format=json&per_page=1000,2026-09-28T17:23:24.144Z,{}
NE.EXP.GNFS.ZS,NE.EXP.GNFS.ZS--deu,Niemcy,DEU,Exports of goods and services (% of GDP),1999-12-31,1999,year,1999-01-01,26.0298761818567,% PKB,annual,observed,https://api.worldbank.org/v2/country/POL;WLD;USA;CHN;DEU;IND;KOR;JPN;GBR;FRA;BRA;EST/indicator/NE.EXP.GNFS.ZS?format=json&per_page=1000,2026-09-28T17:23:24.144Z,{}
NE.EXP.GNFS.ZS,NE.EXP.GNFS.ZS--est,Estonia,EST,Exports of goods and services (% of GDP),1999-12-31,1999,year,1999-01-01,69.866107922999,% PKB,annual,observed,https://api.worldbank.org/v2/country/POL;WLD;USA;CHN;DEU;IND;KOR;JPN;GBR;FRA;BRA;EST/indicator/NE.EXP.GNFS.ZS?format=json&per_page=1000,2026-09-28T17:23:24.144Z,{}
NE.EXP.GNFS.ZS,NE.EXP.GNFS.ZS--fra,Francja,FRA,Exports of goods and services (% of GDP),1999-12-31,1999,year,1999-01-01,27.2069773242695,% PKB,annual,observed,https://api.worldbank.org/v2/country/POL;WLD;USA;CHN;DEU;IND;KOR;JPN;GBR;FRA;BRA;EST/indicator/NE.EXP.GNFS.ZS?format=json&per_page=1000,2026-09-28T17:23:24.144Z,{}
NE.EXP.GNFS.ZS,NE.EXP.GNFS.ZS--gbr,Wielka Brytania,GBR,Exports of goods and services (% of GDP),1999-12-31,1999,year,1999-01-01,24.2105152537386,% PKB,annual,observed,https://api.worldbank.org/v2/country/POL;WLD;USA;CHN;DEU;IND;KOR;JPN;GBR;FRA;BRA;EST/indicator/NE.EXP.GNFS.ZS?format=json&per_page=1000,2026-09-28T17:23:24.144Z,{}
NE.EXP.GNFS.ZS,NE.EXP.GNFS.ZS--ind,Indie,IND,Exports of goods and services (% of GDP),1999-12-31,1999,year,1999-01-01,11.4520646128009,% PKB,annual,observed,https://api.worldbank.org/v2/country/POL;WLD;USA;CHN;DEU;IND;KOR;JPN;GBR;FRA;BRA;EST/indicator/NE.EXP.GNFS.ZS?format=json&per_page=1000,2026-09-28T17:23:24.144Z,{}
NE.EXP.GNFS.ZS,NE.EXP.GNFS.ZS--jpn,Japonia,JPN,Exports of goods and services (% of GDP),1999-12-31,1999,year,1999-01-01,9.69470355290166,% PKB,annual,observed,https://api.worldbank.org/v2/country/POL;WLD;USA;CHN;DEU;IND;KOR;JPN;GBR;FRA;BRA;EST/indicator/NE.EXP.GNFS.ZS?format=json&per_page=1000,2026-09-28T17:23:24.144Z,{}
NE.EXP.GNFS.ZS,NE.EXP.GNFS.ZS--kor,Korea Płd.,KOR,Exports of goods and services (% of GDP),1999-12-31,1999,year,1999-01-01,31.5122613381554,% PKB,annual,observed,https://api.worldbank.org/v2/country/POL;WLD;USA;CHN;DEU;IND;KOR;JPN;GBR;FRA;BRA;EST/indicator/NE.EXP.GNFS.ZS?format=json&per_page=1000,2026-09-28T17:23:24.144Z,{}
NE.EXP.GNFS.ZS,NE.EXP.GNFS.ZS--pol,Polska,POL,Exports of goods and services (% of GDP),1999-12-31,1999,year,1999-01-01,23.996792689932,% PKB,annual,observed,https://api.worldbank.org/v2/country/POL;WLD;USA;CHN;DEU;IND;KOR;JPN;GBR;FRA;BRA;EST/indicator/NE.EXP.GNFS.ZS?format=json&per_page=1000,2026-09-28T17:23:24.144Z,{}
NE.EXP.GNFS.ZS,NE.EXP.GNFS.ZS--usa,USA,USA,Exports of goods and services (% of GDP),1999-12-31,1999,year,1999-01-01,10.3093372229257,% PKB,annual,observed,https://api.worldbank.org/v2/country/POL;WLD;USA;CHN;DEU;IND;KOR;JPN;GBR;FRA;BRA;EST/indicator/NE.EXP.GNFS.ZS?format=json&per_page=1000,2026-09-28T17:23:24.144Z,{}
NE.EXP.GNFS.ZS,NE.EXP.GNFS.ZS--wld,Świat,WLD,Exports of goods and services (% of GDP),1999-12-31,1999,year,1999-01-01,21.8705146365869,% PKB,annual,observed,https://api.worldbank.org/v2/country/POL;WLD;USA;CHN;DEU;IND;KOR;JPN;GBR;FRA;BRA;EST/indicator/NE.EXP.GNFS.ZS?format=json&per_page=1000,2026-09-28T17:23:24.144Z,{}
NE.EXP.GNFS.ZS,NE.EXP.GNFS.ZS--bra,Brazylia,BRA,Exports of goods and services (% of GDP),2000-12-31,2000,year,2000-01-01,10.1880480043795,% PKB,annual,observed,https://api.worldbank.org/v2/country/POL;WLD;USA;CHN;DEU;IND;KOR;JPN;GBR;FRA;BRA;EST/indicator/NE.EXP.GNFS.ZS?format=json&per_page=1000,2026-09-28T17:23:24.144Z,{}
NE.EXP.GNFS.ZS,NE.EXP.GNFS.ZS--chn,Chiny,CHN,Exports of goods and services (% of GDP),2000-12-31,2000,year,2000-01-01,20.681599363293,% PKB,annual,observed,https://api.worldbank.org/v2/country/POL;WLD;USA;CHN;DEU;IND;KOR;JPN;GBR;FRA;BRA;EST/indicator/NE.EXP.GNFS.ZS?format=json&per_page=1000,2026-09-28T17:23:24.144Z,{}
NE.EXP.GNFS.ZS,NE.EXP.GNFS.ZS--deu,Niemcy,DEU,Exports of goods and services (% of GDP),2000-12-31,2000,year,2000-01-01,29.6806532498145,% PKB,annual,observed,https://api.worldbank.org/v2/country/POL;WLD;USA;CHN;DEU;IND;KOR;JPN;GBR;FRA;BRA;EST/indicator/NE.EXP.GNFS.ZS?format=json&per_page=1000,2026-09-28T17:23:24.144Z,{}
NE.EXP.GNFS.ZS,NE.EXP.GNFS.ZS--est,Estonia,EST,Exports of goods and services (% of GDP),2000-12-31,2000,year,2000-01-01,61.6273943170743,% PKB,annual,observed,https://api.worldbank.org/v2/country/POL;WLD;USA;CHN;DEU;IND;KOR;JPN;GBR;FRA;BRA;EST/indicator/NE.EXP.GNFS.ZS?format=json&per_page=1000,2026-09-28T17:23:24.144Z,{}
NE.EXP.GNFS.ZS,NE.EXP.GNFS.ZS--fra,Francja,FRA,Exports of goods and services (% of GDP),2000-12-31,2000,year,2000-01-01,29.7580489893129,% PKB,annual,observed,https://api.worldbank.org/v2/country/POL;WLD;USA;CHN;DEU;IND;KOR;JPN;GBR;FRA;BRA;EST/indicator/NE.EXP.GNFS.ZS?format=json&per_page=1000,2026-09-28T17:23:24.144Z,{}
NE.EXP.GNFS.ZS,NE.EXP.GNFS.ZS--gbr,Wielka Brytania,GBR,Exports of goods and services (% of GDP),2000-12-31,2000,year,2000-01-01,25.5563430576261,% PKB,annual,observed,https://api.worldbank.org/v2/country/POL;WLD;USA;CHN;DEU;IND;KOR;JPN;GBR;FRA;BRA;EST/indicator/NE.EXP.GNFS.ZS?format=json&per_page=1000,2026-09-28T17:23:24.144Z,{}
NE.EXP.GNFS.ZS,NE.EXP.GNFS.ZS--ind,Indie,IND,Exports of goods and services (% of GDP),2000-12-31,2000,year,2000-01-01,12.9972363113479,% PKB,annual,observed,https://api.worldbank.org/v2/country/POL;WLD;USA;CHN;DEU;IND;KOR;JPN;GBR;FRA;BRA;EST/indicator/NE.EXP.GNFS.ZS?format=json&per_page=1000,2026-09-28T17:23:24.144Z,{}
NE.EXP.GNFS.ZS,NE.EXP.GNFS.ZS--jpn,Japonia,JPN,Exports of goods and services (% of GDP),2000-12-31,2000,year,2000-01-01,10.3098888690138,% PKB,annual,observed,https://api.worldbank.org/v2/country/POL;WLD;USA;CHN;DEU;IND;KOR;JPN;GBR;FRA;BRA;EST/indicator/NE.EXP.GNFS.ZS?format=json&per_page=1000,2026-09-28T17:23:24.144Z,{}
NE.EXP.GNFS.ZS,NE.EXP.GNFS.ZS--kor,Korea Płd.,KOR,Exports of goods and services (% of GDP),2000-12-31,2000,year,2000-01-01,32.8643016483147,% PKB,annual,observed,https://api.worldbank.org/v2/country/POL;WLD;USA;CHN;DEU;IND;KOR;JPN;GBR;FRA;BRA;EST/indicator/NE.EXP.GNFS.ZS?format=json&per_page=1000,2026-09-28T17:23:24.144Z,{}
NE.EXP.GNFS.ZS,NE.EXP.GNFS.ZS--pol,Polska,POL,Exports of goods and services (% of GDP),2000-12-31,2000,year,2000-01-01,27.0732197283645,% PKB,annual,observed,https://api.worldbank.org/v2/country/POL;WLD;USA;CHN;DEU;IND;KOR;JPN;GBR;FRA;BRA;EST/indicator/NE.EXP.GNFS.ZS?format=json&per_page=1000,2026-09-28T17:23:24.144Z,{}
NE.EXP.GNFS.ZS,NE.EXP.GNFS.ZS--usa,USA,USA,Exports of goods and services (% of GDP),2000-12-31,2000,year,2000-01-01,10.6927727297913,% PKB,annual,observed,https://api.worldbank.org/v2/country/POL;WLD;USA;CHN;DEU;IND;KOR;JPN;GBR;FRA;BRA;EST/indicator/NE.EXP.GNFS.ZS?format=json&per_page=1000,2026-09-28T17:23:24.144Z,{}
NE.EXP.GNFS.ZS,NE.EXP.GNFS.ZS--wld,Świat,WLD,Exports of goods and services (% of GDP),2000-12-31,2000,year,2000-01-01,23.4155367138943,% PKB,annual,observed,https://api.worldbank.org/v2/country/POL;WLD;USA;CHN;DEU;IND;KOR;JPN;GBR;FRA;BRA;EST/indicator/NE.EXP.GNFS.ZS?format=json&per_page=1000,2026-09-28T17:23:24.144Z,{}
NE.EXP.GNFS.ZS,NE.EXP.GNFS.ZS--bra,Brazylia,BRA,Exports of goods and services (% of GDP),2001-12-31,2001,year,2001-01-01,12.37171066993,% PKB,annual,observed,https://api.worldbank.org/v2/country/POL;WLD;USA;CHN;DEU;IND;KOR;JPN;GBR;FRA;BRA;EST/indicator/NE.EXP.GNFS.ZS?format=json&per_page=1000,2026-09-28T17:23:24.144Z,{}
NE.EXP.GNFS.ZS,NE.EXP.GNFS.ZS--chn,Chiny,CHN,Exports of goods and services (% of GDP),2001-12-31,2001,year,2001-01-01,20.0776873829946,% PKB,annual,observed,https://api.worldbank.org/v2/country/POL;WLD;USA;CHN;DEU;IND;KOR;JPN;GBR;FRA;BRA;EST/indicator/NE.EXP.GNFS.ZS?format=json&per_page=1000,2026-09-28T17:23:24.144Z,{}
NE.EXP.GNFS.ZS,NE.EXP.GNFS.ZS--deu,Niemcy,DEU,Exports of goods and services (% of GDP),2001-12-31,2001,year,2001-01-01,30.5604113813066,% PKB,annual,observed,https://api.worldbank.org/v2/country/POL;WLD;USA;CHN;DEU;IND;KOR;JPN;GBR;FRA;BRA;EST/indicator/NE.EXP.GNFS.ZS?format=json&per_page=1000,2026-09-28T17:23:24.144Z,{}
NE.EXP.GNFS.ZS,NE.EXP.GNFS.ZS--est,Estonia,EST,Exports of goods and services (% of GDP),2001-12-31,2001,year,2001-01-01,61.2953889786181,% PKB,annual,observed,https://api.worldbank.org/v2/country/POL;WLD;USA;CHN;DEU;IND;KOR;JPN;GBR;FRA;BRA;EST/indicator/NE.EXP.GNFS.ZS?format=json&per_page=1000,2026-09-28T17:23:24.144Z,{}
NE.EXP.GNFS.ZS,NE.EXP.GNFS.ZS--fra,Francja,FRA,Exports of goods and services (% of GDP),2001-12-31,2001,year,2001-01-01,29.4306035099419,% PKB,annual,observed,https://api.worldbank.org/v2/country/POL;WLD;USA;CHN;DEU;IND;KOR;JPN;GBR;FRA;BRA;EST/indicator/NE.EXP.GNFS.ZS?format=json&per_page=1000,2026-09-28T17:23:24.144Z,{}
NE.EXP.GNFS.ZS,NE.EXP.GNFS.ZS--gbr,Wielka Brytania,GBR,Exports of goods and services (% of GDP),2001-12-31,2001,year,2001-01-01,25.4493099773846,% PKB,annual,observed,https://api.worldbank.org/v2/country/POL;WLD;USA;CHN;DEU;IND;KOR;JPN;GBR;FRA;BRA;EST/indicator/NE.EXP.GNFS.ZS?format=json&per_page=1000,2026-09-28T17:23:24.144Z,{}
NE.EXP.GNFS.ZS,NE.EXP.GNFS.ZS--ind,Indie,IND,Exports of goods and services (% of GDP),2001-12-31,2001,year,2001-01-01,12.5583796339108,% PKB,annual,observed,https://api.worldbank.org/v2/country/POL;WLD;USA;CHN;DEU;IND;KOR;JPN;GBR;FRA;BRA;EST/indicator/NE.EXP.GNFS.ZS?format=json&per_page=1000,2026-09-28T17:23:24.144Z,{}
NE.EXP.GNFS.ZS,NE.EXP.GNFS.ZS--jpn,Japonia,JPN,Exports of goods and services (% of GDP),2001-12-31,2001,year,2001-01-01,9.9313252815504,% PKB,annual,observed,https://api.worldbank.org/v2/country/POL;WLD;USA;CHN;DEU;IND;KOR;JPN;GBR;FRA;BRA;EST/indicator/NE.EXP.GNFS.ZS?format=json&per_page=1000,2026-09-28T17:23:24.144Z,{}
NE.EXP.GNFS.ZS,NE.EXP.GNFS.ZS--kor,Korea Płd.,KOR,Exports of goods and services (% of GDP),2001-12-31,2001,year,2001-01-01,30.8628730280238,% PKB,annual,observed,https://api.worldbank.org/v2/country/POL;WLD;USA;CHN;DEU;IND;KOR;JPN;GBR;FRA;BRA;EST/indicator/NE.EXP.GNFS.ZS?format=json&per_page=1000,2026-09-28T17:23:24.144Z,{}
NE.EXP.GNFS.ZS,NE.EXP.GNFS.ZS--pol,Polska,POL,Exports of goods and services (% of GDP),2001-12-31,2001,year,2001-01-01,27.0572580080351,% PKB,annual,observed,https://api.worldbank.org/v2/country/POL;WLD;USA;CHN;DEU;IND;KOR;JPN;GBR;FRA;BRA;EST/indicator/NE.EXP.GNFS.ZS?format=json&per_page=1000,2026-09-28T17:23:24.144Z,{}
NE.EXP.GNFS.ZS,NE.EXP.GNFS.ZS--usa,USA,USA,Exports of goods and services (% of GDP),2001-12-31,2001,year,2001-01-01,9.70344820873397,% PKB,annual,observed,https://api.worldbank.org/v2/country/POL;WLD;USA;CHN;DEU;IND;KOR;JPN;GBR;FRA;BRA;EST/indicator/NE.EXP.GNFS.ZS?format=json&per_page=1000,2026-09-28T17:23:24.144Z,{}
NE.EXP.GNFS.ZS,NE.EXP.GNFS.ZS--wld,Świat,WLD,Exports of goods and services (% of GDP),2001-12-31,2001,year,2001-01-01,22.8422016983207,% PKB,annual,observed,https://api.worldbank.org/v2/country/POL;WLD;USA;CHN;DEU;IND;KOR;JPN;GBR;FRA;BRA;EST/indicator/NE.EXP.GNFS.ZS?format=json&per_page=1000,2026-09-28T17:23:24.144Z,{}
NE.EXP.GNFS.ZS,NE.EXP.GNFS.ZS--bra,Brazylia,BRA,Exports of goods and services (% of GDP),2002-12-31,2002,year,2002-01-01,14.2305902713775,% PKB,annual,observed,https://api.worldbank.org/v2/country/POL;WLD;USA;CHN;DEU;IND;KOR;JPN;GBR;FRA;BRA;EST/indicator/NE.EXP.GNFS.ZS?format=json&per_page=1000,2026-09-28T17:23:24.144Z,{}
NE.EXP.GNFS.ZS,NE.EXP.GNFS.ZS--chn,Chiny,CHN,Exports of goods and services (% of GDP),2002-12-31,2002,year,2002-01-01,22.3518233715808,% PKB,annual,observed,https://api.worldbank.org/v2/country/POL;WLD;USA;CHN;DEU;IND;KOR;JPN;GBR;FRA;BRA;EST/indicator/NE.EXP.GNFS.ZS?format=json&per_page=1000,2026-09-28T17:23:24.144Z,{}
NE.EXP.GNFS.ZS,NE.EXP.GNFS.ZS--deu,Niemcy,DEU,Exports of goods and services (% of GDP),2002-12-31,2002,year,2002-01-01,31.1904504893495,% PKB,annual,observed,https://api.worldbank.org/v2/country/POL;WLD;USA;CHN;DEU;IND;KOR;JPN;GBR;FRA;BRA;EST/indicator/NE.EXP.GNFS.ZS?format=json&per_page=1000,2026-09-28T17:23:24.144Z,{}
NE.EXP.GNFS.ZS,NE.EXP.GNFS.ZS--est,Estonia,EST,Exports of goods and services (% of GDP),2002-12-31,2002,year,2002-01-01,57.939021497648,% PKB,annual,observed,https://api.worldbank.org/v2/country/POL;WLD;USA;CHN;DEU;IND;KOR;JPN;GBR;FRA;BRA;EST/indicator/NE.EXP.GNFS.ZS?format=json&per_page=1000,2026-09-28T17:23:24.144Z,{}
NE.EXP.GNFS.ZS,NE.EXP.GNFS.ZS--fra,Francja,FRA,Exports of goods and services (% of GDP),2002-12-31,2002,year,2002-01-01,28.7307017592768,% PKB,annual,observed,https://api.worldbank.org/v2/country/POL;WLD;USA;CHN;DEU;IND;KOR;JPN;GBR;FRA;BRA;EST/indicator/NE.EXP.GNFS.ZS?format=json&per_page=1000,2026-09-28T17:23:24.144Z,{}
NE.EXP.GNFS.ZS,NE.EXP.GNFS.ZS--gbr,Wielka Brytania,GBR,Exports of goods and services (% of GDP),2002-12-31,2002,year,2002-01-01,24.4315052325124,% PKB,annual,observed,https://api.worldbank.org/v2/country/POL;WLD;USA;CHN;DEU;IND;KOR;JPN;GBR;FRA;BRA;EST/indicator/NE.EXP.GNFS.ZS?format=json&per_page=1000,2026-09-28T17:23:24.144Z,{}
NE.EXP.GNFS.ZS,NE.EXP.GNFS.ZS--ind,Indie,IND,Exports of goods and services (% of GDP),2002-12-31,2002,year,2002-01-01,14.2643839243147,% PKB,annual,observed,https://api.worldbank.org/v2/country/POL;WLD;USA;CHN;DEU;IND;KOR;JPN;GBR;FRA;BRA;EST/indicator/NE.EXP.GNFS.ZS?format=json&per_page=1000,2026-09-28T17:23:24.144Z,{}
NE.EXP.GNFS.ZS,NE.EXP.GNFS.ZS--jpn,Japonia,JPN,Exports of goods and services (% of GDP),2002-12-31,2002,year,2002-01-01,10.6941179299116,% PKB,annual,observed,https://api.worldbank.org/v2/country/POL;WLD;USA;CHN;DEU;IND;KOR;JPN;GBR;FRA;BRA;EST/indicator/NE.EXP.GNFS.ZS?format=json&per_page=1000,2026-09-28T17:23:24.144Z,{}
NE.EXP.GNFS.ZS,NE.EXP.GNFS.ZS--kor,Korea Płd.,KOR,Exports of goods and services (% of GDP),2002-12-31,2002,year,2002-01-01,28.869081069037,% PKB,annual,observed,https://api.worldbank.org/v2/country/POL;WLD;USA;CHN;DEU;IND;KOR;JPN;GBR;FRA;BRA;EST/indicator/NE.EXP.GNFS.ZS?format=json&per_page=1000,2026-09-28T17:23:24.144Z,{}
NE.EXP.GNFS.ZS,NE.EXP.GNFS.ZS--pol,Polska,POL,Exports of goods and services (% of GDP),2002-12-31,2002,year,2002-01-01,28.6233983013403,% PKB,annual,observed,https://api.worldbank.org/v2/country/POL;WLD;USA;CHN;DEU;IND;KOR;JPN;GBR;FRA;BRA;EST/indicator/NE.EXP.GNFS.ZS?format=json&per_page=1000,2026-09-28T17:23:24.144Z,{}
NE.EXP.GNFS.ZS,NE.EXP.GNFS.ZS--usa,USA,USA,Exports of goods and services (% of GDP),2002-12-31,2002,year,2002-01-01,9.13138565379718,% PKB,annual,observed,https://api.worldbank.org/v2/country/POL;WLD;USA;CHN;DEU;IND;KOR;JPN;GBR;FRA;BRA;EST/indicator/NE.EXP.GNFS.ZS?format=json&per_page=1000,2026-09-28T17:23:24.144Z,{}
NE.EXP.GNFS.ZS,NE.EXP.GNFS.ZS--wld,Świat,WLD,Exports of goods and services (% of GDP),2002-12-31,2002,year,2002-01-01,23.0931189850775,% PKB,annual,observed,https://api.worldbank.org/v2/country/POL;WLD;USA;CHN;DEU;IND;KOR;JPN;GBR;FRA;BRA;EST/indicator/NE.EXP.GNFS.ZS?format=json&per_page=1000,2026-09-28T17:23:24.144Z,{}
NE.EXP.GNFS.ZS,NE.EXP.GNFS.ZS--bra,Brazylia,BRA,Exports of goods and services (% of GDP),2003-12-31,2003,year,2003-01-01,15.1807837086861,% PKB,annual,observed,https://api.worldbank.org/v2/country/POL;WLD;USA;CHN;DEU;IND;KOR;JPN;GBR;FRA;BRA;EST/indicator/NE.EXP.GNFS.ZS?format=json&per_page=1000,2026-09-28T17:23:24.144Z,{}
NE.EXP.GNFS.ZS,NE.EXP.GNFS.ZS--chn,Chiny,CHN,Exports of goods and services (% of GDP),2003-12-31,2003,year,2003-01-01,26.6023738514511,% PKB,annual,observed,https://api.worldbank.org/v2/country/POL;WLD;USA;CHN;DEU;IND;KOR;JPN;GBR;FRA;BRA;EST/indicator/NE.EXP.GNFS.ZS?format=json&per_page=1000,2026-09-28T17:23:24.144Z,{}
NE.EXP.GNFS.ZS,NE.EXP.GNFS.ZS--deu,Niemcy,DEU,Exports of goods and services (% of GDP),2003-12-31,2003,year,2003-01-01,31.2678451095809,% PKB,annual,observed,https://api.worldbank.org/v2/country/POL;WLD;USA;CHN;DEU;IND;KOR;JPN;GBR;FRA;BRA;EST/indicator/NE.EXP.GNFS.ZS?format=json&per_page=1000,2026-09-28T17:23:24.144Z,{}
NE.EXP.GNFS.ZS,NE.EXP.GNFS.ZS--est,Estonia,EST,Exports of goods and services (% of GDP),2003-12-31,2003,year,2003-01-01,57.1473420929668,% PKB,annual,observed,https://api.worldbank.org/v2/country/POL;WLD;USA;CHN;DEU;IND;KOR;JPN;GBR;FRA;BRA;EST/indicator/NE.EXP.GNFS.ZS?format=json&per_page=1000,2026-09-28T17:23:24.144Z,{}
NE.EXP.GNFS.ZS,NE.EXP.GNFS.ZS--fra,Francja,FRA,Exports of goods and services (% of GDP),2003-12-31,2003,year,2003-01-01,27.1369676673944,% PKB,annual,observed,https://api.worldbank.org/v2/country/POL;WLD;USA;CHN;DEU;IND;KOR;JPN;GBR;FRA;BRA;EST/indicator/NE.EXP.GNFS.ZS?format=json&per_page=1000,2026-09-28T17:23:24.144Z,{}
NE.EXP.GNFS.ZS,NE.EXP.GNFS.ZS--gbr,Wielka Brytania,GBR,Exports of goods and services (% of GDP),2003-12-31,2003,year,2003-01-01,23.9686749011091,% PKB,annual,observed,https://api.worldbank.org/v2/country/POL;WLD;USA;CHN;DEU;IND;KOR;JPN;GBR;FRA;BRA;EST/indicator/NE.EXP.GNFS.ZS?format=json&per_page=1000,2026-09-28T17:23:24.144Z,{}
NE.EXP.GNFS.ZS,NE.EXP.GNFS.ZS--ind,Indie,IND,Exports of goods and services (% of GDP),2003-12-31,2003,year,2003-01-01,14.9479138581734,% PKB,annual,observed,https://api.worldbank.org/v2/country/POL;WLD;USA;CHN;DEU;IND;KOR;JPN;GBR;FRA;BRA;EST/indicator/NE.EXP.GNFS.ZS?format=json&per_page=1000,2026-09-28T17:23:24.144Z,{}
NE.EXP.GNFS.ZS,NE.EXP.GNFS.ZS--jpn,Japonia,JPN,Exports of goods and services (% of GDP),2003-12-31,2003,year,2003-01-01,11.3307927134025,% PKB,annual,observed,https://api.worldbank.org/v2/country/POL;WLD;USA;CHN;DEU;IND;KOR;JPN;GBR;FRA;BRA;EST/indicator/NE.EXP.GNFS.ZS?format=json&per_page=1000,2026-09-28T17:23:24.144Z,{}
NE.EXP.GNFS.ZS,NE.EXP.GNFS.ZS--kor,Korea Płd.,KOR,Exports of goods and services (% of GDP),2003-12-31,2003,year,2003-01-01,30.4447497818826,% PKB,annual,observed,https://api.worldbank.org/v2/country/POL;WLD;USA;CHN;DEU;IND;KOR;JPN;GBR;FRA;BRA;EST/indicator/NE.EXP.GNFS.ZS?format=json&per_page=1000,2026-09-28T17:23:24.144Z,{}
NE.EXP.GNFS.ZS,NE.EXP.GNFS.ZS--pol,Polska,POL,Exports of goods and services (% of GDP),2003-12-31,2003,year,2003-01-01,33.2386667780391,% PKB,annual,observed,https://api.worldbank.org/v2/country/POL;WLD;USA;CHN;DEU;IND;KOR;JPN;GBR;FRA;BRA;EST/indicator/NE.EXP.GNFS.ZS?format=json&per_page=1000,2026-09-28T17:23:24.144Z,{}
NE.EXP.GNFS.ZS,NE.EXP.GNFS.ZS--usa,USA,USA,Exports of goods and services (% of GDP),2003-12-31,2003,year,2003-01-01,9.03565240541354,% PKB,annual,observed,https://api.worldbank.org/v2/country/POL;WLD;USA;CHN;DEU;IND;KOR;JPN;GBR;FRA;BRA;EST/indicator/NE.EXP.GNFS.ZS?format=json&per_page=1000,2026-09-28T17:23:24.144Z,{}
NE.EXP.GNFS.ZS,NE.EXP.GNFS.ZS--wld,Świat,WLD,Exports of goods and services (% of GDP),2003-12-31,2003,year,2003-01-01,23.8581850782253,% PKB,annual,observed,https://api.worldbank.org/v2/country/POL;WLD;USA;CHN;DEU;IND;KOR;JPN;GBR;FRA;BRA;EST/indicator/NE.EXP.GNFS.ZS?format=json&per_page=1000,2026-09-28T17:23:24.144Z,{}
NE.EXP.GNFS.ZS,NE.EXP.GNFS.ZS--bra,Brazylia,BRA,Exports of goods and services (% of GDP),2004-12-31,2004,year,2004-01-01,16.5457615119353,% PKB,annual,observed,https://api.worldbank.org/v2/country/POL;WLD;USA;CHN;DEU;IND;KOR;JPN;GBR;FRA;BRA;EST/indicator/NE.EXP.GNFS.ZS?format=json&per_page=1000,2026-09-28T17:23:24.144Z,{}
NE.EXP.GNFS.ZS,NE.EXP.GNFS.ZS--chn,Chiny,CHN,Exports of goods and services (% of GDP),2004-12-31,2004,year,2004-01-01,30.6097162464404,% PKB,annual,observed,https://api.worldbank.org/v2/country/POL;WLD;USA;CHN;DEU;IND;KOR;JPN;GBR;FRA;BRA;EST/indicator/NE.EXP.GNFS.ZS?format=json&per_page=1000,2026-09-28T17:23:24.144Z,{}
NE.EXP.GNFS.ZS,NE.EXP.GNFS.ZS--deu,Niemcy,DEU,Exports of goods and services (% of GDP),2004-12-31,2004,year,2004-01-01,33.9352126434777,% PKB,annual,observed,https://api.worldbank.org/v2/country/POL;WLD;USA;CHN;DEU;IND;KOR;JPN;GBR;FRA;BRA;EST/indicator/NE.EXP.GNFS.ZS?format=json&per_page=1000,2026-09-28T17:23:24.144Z,{}
NE.EXP.GNFS.ZS,NE.EXP.GNFS.ZS--est,Estonia,EST,Exports of goods and services (% of GDP),2004-12-31,2004,year,2004-01-01,61.065845203172,% PKB,annual,observed,https://api.worldbank.org/v2/country/POL;WLD;USA;CHN;DEU;IND;KOR;JPN;GBR;FRA;BRA;EST/indicator/NE.EXP.GNFS.ZS?format=json&per_page=1000,2026-09-28T17:23:24.144Z,{}
NE.EXP.GNFS.ZS,NE.EXP.GNFS.ZS--fra,Francja,FRA,Exports of goods and services (% of GDP),2004-12-31,2004,year,2004-01-01,27.5381038597962,% PKB,annual,observed,https://api.worldbank.org/v2/country/POL;WLD;USA;CHN;DEU;IND;KOR;JPN;GBR;FRA;BRA;EST/indicator/NE.EXP.GNFS.ZS?format=json&per_page=1000,2026-09-28T17:23:24.144Z,{}
NE.EXP.GNFS.ZS,NE.EXP.GNFS.ZS--gbr,Wielka Brytania,GBR,Exports of goods and services (% of GDP),2004-12-31,2004,year,2004-01-01,23.9845291728171,% PKB,annual,observed,https://api.worldbank.org/v2/country/POL;WLD;USA;CHN;DEU;IND;KOR;JPN;GBR;FRA;BRA;EST/indicator/NE.EXP.GNFS.ZS?format=json&per_page=1000,2026-09-28T17:23:24.144Z,{}
NE.EXP.GNFS.ZS,NE.EXP.GNFS.ZS--ind,Indie,IND,Exports of goods and services (% of GDP),2004-12-31,2004,year,2004-01-01,17.8591249630479,% PKB,annual,observed,https://api.worldbank.org/v2/country/POL;WLD;USA;CHN;DEU;IND;KOR;JPN;GBR;FRA;BRA;EST/indicator/NE.EXP.GNFS.ZS?format=json&per_page=1000,2026-09-28T17:23:24.144Z,{}
NE.EXP.GNFS.ZS,NE.EXP.GNFS.ZS--jpn,Japonia,JPN,Exports of goods and services (% of GDP),2004-12-31,2004,year,2004-01-01,12.6608085791759,% PKB,annual,observed,https://api.worldbank.org/v2/country/POL;WLD;USA;CHN;DEU;IND;KOR;JPN;GBR;FRA;BRA;EST/indicator/NE.EXP.GNFS.ZS?format=json&per_page=1000,2026-09-28T17:23:24.144Z,{}
NE.EXP.GNFS.ZS,NE.EXP.GNFS.ZS--kor,Korea Płd.,KOR,Exports of goods and services (% of GDP),2004-12-31,2004,year,2004-01-01,35.6099304973786,% PKB,annual,observed,https://api.worldbank.org/v2/country/POL;WLD;USA;CHN;DEU;IND;KOR;JPN;GBR;FRA;BRA;EST/indicator/NE.EXP.GNFS.ZS?format=json&per_page=1000,2026-09-28T17:23:24.144Z,{}
NE.EXP.GNFS.ZS,NE.EXP.GNFS.ZS--pol,Polska,POL,Exports of goods and services (% of GDP),2004-12-31,2004,year,2004-01-01,34.0621696099277,% PKB,annual,observed,https://api.worldbank.org/v2/country/POL;WLD;USA;CHN;DEU;IND;KOR;JPN;GBR;FRA;BRA;EST/indicator/NE.EXP.GNFS.ZS?format=json&per_page=1000,2026-09-28T17:23:24.144Z,{}
NE.EXP.GNFS.ZS,NE.EXP.GNFS.ZS--usa,USA,USA,Exports of goods and services (% of GDP),2004-12-31,2004,year,2004-01-01,9.62874787307988,% PKB,annual,observed,https://api.worldbank.org/v2/country/POL;WLD;USA;CHN;DEU;IND;KOR;JPN;GBR;FRA;BRA;EST/indicator/NE.EXP.GNFS.ZS?format=json&per_page=1000,2026-09-28T17:23:24.144Z,{}
NE.EXP.GNFS.ZS,NE.EXP.GNFS.ZS--wld,Świat,WLD,Exports of goods and services (% of GDP),2004-12-31,2004,year,2004-01-01,25.711382828929,% PKB,annual,observed,https://api.worldbank.org/v2/country/POL;WLD;USA;CHN;DEU;IND;KOR;JPN;GBR;FRA;BRA;EST/indicator/NE.EXP.GNFS.ZS?format=json&per_page=1000,2026-09-28T17:23:24.144Z,{}
NE.EXP.GNFS.ZS,NE.EXP.GNFS.ZS--bra,Brazylia,BRA,Exports of goods and services (% of GDP),2005-12-31,2005,year,2005-01-01,15.2438292665623,% PKB,annual,observed,https://api.worldbank.org/v2/country/POL;WLD;USA;CHN;DEU;IND;KOR;JPN;GBR;FRA;BRA;EST/indicator/NE.EXP.GNFS.ZS?format=json&per_page=1000,2026-09-28T17:23:24.144Z,{}
NE.EXP.GNFS.ZS,NE.EXP.GNFS.ZS--chn,Chiny,CHN,Exports of goods and services (% of GDP),2005-12-31,2005,year,2005-01-01,33.3687977498922,% PKB,annual,observed,https://api.worldbank.org/v2/country/POL;WLD;USA;CHN;DEU;IND;KOR;JPN;GBR;FRA;BRA;EST/indicator/NE.EXP.GNFS.ZS?format=json&per_page=1000,2026-09-28T17:23:24.144Z,{}
NE.EXP.GNFS.ZS,NE.EXP.GNFS.ZS--deu,Niemcy,DEU,Exports of goods and services (% of GDP),2005-12-31,2005,year,2005-01-01,35.9531497908166,% PKB,annual,observed,https://api.worldbank.org/v2/country/POL;WLD;USA;CHN;DEU;IND;KOR;JPN;GBR;FRA;BRA;EST/indicator/NE.EXP.GNFS.ZS?format=json&per_page=1000,2026-09-28T17:23:24.144Z,{}
NE.EXP.GNFS.ZS,NE.EXP.GNFS.ZS--est,Estonia,EST,Exports of goods and services (% of GDP),2005-12-31,2005,year,2005-01-01,65.4224930152567,% PKB,annual,observed,https://api.worldbank.org/v2/country/POL;WLD;USA;CHN;DEU;IND;KOR;JPN;GBR;FRA;BRA;EST/indicator/NE.EXP.GNFS.ZS?format=json&per_page=1000,2026-09-28T17:23:24.144Z,{}
NE.EXP.GNFS.ZS,NE.EXP.GNFS.ZS--fra,Francja,FRA,Exports of goods and services (% of GDP),2005-12-31,2005,year,2005-01-01,28.1635565257399,% PKB,annual,observed,https://api.worldbank.org/v2/country/POL;WLD;USA;CHN;DEU;IND;KOR;JPN;GBR;FRA;BRA;EST/indicator/NE.EXP.GNFS.ZS?format=json&per_page=1000,2026-09-28T17:23:24.144Z,{}
NE.EXP.GNFS.ZS,NE.EXP.GNFS.ZS--gbr,Wielka Brytania,GBR,Exports of goods and services (% of GDP),2005-12-31,2005,year,2005-01-01,25.2070017509366,% PKB,annual,observed,https://api.worldbank.org/v2/country/POL;WLD;USA;CHN;DEU;IND;KOR;JPN;GBR;FRA;BRA;EST/indicator/NE.EXP.GNFS.ZS?format=json&per_page=1000,2026-09-28T17:23:24.144Z,{}
NE.EXP.GNFS.ZS,NE.EXP.GNFS.ZS--ind,Indie,IND,Exports of goods and services (% of GDP),2005-12-31,2005,year,2005-01-01,19.6052466948335,% PKB,annual,observed,https://api.worldbank.org/v2/country/POL;WLD;USA;CHN;DEU;IND;KOR;JPN;GBR;FRA;BRA;EST/indicator/NE.EXP.GNFS.ZS?format=json&per_page=1000,2026-09-28T17:23:24.144Z,{}
NE.EXP.GNFS.ZS,NE.EXP.GNFS.ZS--jpn,Japonia,JPN,Exports of goods and services (% of GDP),2005-12-31,2005,year,2005-01-01,13.6893610021266,% PKB,annual,observed,https://api.worldbank.org/v2/country/POL;WLD;USA;CHN;DEU;IND;KOR;JPN;GBR;FRA;BRA;EST/indicator/NE.EXP.GNFS.ZS?format=json&per_page=1000,2026-09-28T17:23:24.144Z,{}
NE.EXP.GNFS.ZS,NE.EXP.GNFS.ZS--kor,Korea Płd.,KOR,Exports of goods and services (% of GDP),2005-12-31,2005,year,2005-01-01,34.1271966602876,% PKB,annual,observed,https://api.worldbank.org/v2/country/POL;WLD;USA;CHN;DEU;IND;KOR;JPN;GBR;FRA;BRA;EST/indicator/NE.EXP.GNFS.ZS?format=json&per_page=1000,2026-09-28T17:23:24.144Z,{}
NE.EXP.GNFS.ZS,NE.EXP.GNFS.ZS--pol,Polska,POL,Exports of goods and services (% of GDP),2005-12-31,2005,year,2005-01-01,34.5254622754817,% PKB,annual,observed,https://api.worldbank.org/v2/country/POL;WLD;USA;CHN;DEU;IND;KOR;JPN;GBR;FRA;BRA;EST/indicator/NE.EXP.GNFS.ZS?format=json&per_page=1000,2026-09-28T17:23:24.144Z,{}
NE.EXP.GNFS.ZS,NE.EXP.GNFS.ZS--usa,USA,USA,Exports of goods and services (% of GDP),2005-12-31,2005,year,2005-01-01,9.98205641037558,% PKB,annual,observed,https://api.worldbank.org/v2/country/POL;WLD;USA;CHN;DEU;IND;KOR;JPN;GBR;FRA;BRA;EST/indicator/NE.EXP.GNFS.ZS?format=json&per_page=1000,2026-09-28T17:23:24.144Z,{}
NE.EXP.GNFS.ZS,NE.EXP.GNFS.ZS--wld,Świat,WLD,Exports of goods and services (% of GDP),2005-12-31,2005,year,2005-01-01,26.9657520821338,% PKB,annual,observed,https://api.worldbank.org/v2/country/POL;WLD;USA;CHN;DEU;IND;KOR;JPN;GBR;FRA;BRA;EST/indicator/NE.EXP.GNFS.ZS?format=json&per_page=1000,2026-09-28T17:23:24.144Z,{}
NE.EXP.GNFS.ZS,NE.EXP.GNFS.ZS--bra,Brazylia,BRA,Exports of goods and services (% of GDP),2006-12-31,2006,year,2006-01-01,14.3743163038801,% PKB,annual,observed,https://api.worldbank.org/v2/country/POL;WLD;USA;CHN;DEU;IND;KOR;JPN;GBR;FRA;BRA;EST/indicator/NE.EXP.GNFS.ZS?format=json&per_page=1000,2026-09-28T17:23:24.144Z,{}
NE.EXP.GNFS.ZS,NE.EXP.GNFS.ZS--chn,Chiny,CHN,Exports of goods and services (% of GDP),2006-12-31,2006,year,2006-01-01,35.5268468681701,% PKB,annual,observed,https://api.worldbank.org/v2/country/POL;WLD;USA;CHN;DEU;IND;KOR;JPN;GBR;FRA;BRA;EST/indicator/NE.EXP.GNFS.ZS?format=json&per_page=1000,2026-09-28T17:23:24.144Z,{}
NE.EXP.GNFS.ZS,NE.EXP.GNFS.ZS--deu,Niemcy,DEU,Exports of goods and services (% of GDP),2006-12-31,2006,year,2006-01-01,38.9694499171537,% PKB,annual,observed,https://api.worldbank.org/v2/country/POL;WLD;USA;CHN;DEU;IND;KOR;JPN;GBR;FRA;BRA;EST/indicator/NE.EXP.GNFS.ZS?format=json&per_page=1000,2026-09-28T17:23:24.144Z,{}
NE.EXP.GNFS.ZS,NE.EXP.GNFS.ZS--est,Estonia,EST,Exports of goods and services (% of GDP),2006-12-31,2006,year,2006-01-01,63.2563546690877,% PKB,annual,observed,https://api.worldbank.org/v2/country/POL;WLD;USA;CHN;DEU;IND;KOR;JPN;GBR;FRA;BRA;EST/indicator/NE.EXP.GNFS.ZS?format=json&per_page=1000,2026-09-28T17:23:24.144Z,{}
NE.EXP.GNFS.ZS,NE.EXP.GNFS.ZS--fra,Francja,FRA,Exports of goods and services (% of GDP),2006-12-31,2006,year,2006-01-01,28.9278484836141,% PKB,annual,observed,https://api.worldbank.org/v2/country/POL;WLD;USA;CHN;DEU;IND;KOR;JPN;GBR;FRA;BRA;EST/indicator/NE.EXP.GNFS.ZS?format=json&per_page=1000,2026-09-28T17:23:24.144Z,{}
NE.EXP.GNFS.ZS,NE.EXP.GNFS.ZS--gbr,Wielka Brytania,GBR,Exports of goods and services (% of GDP),2006-12-31,2006,year,2006-01-01,27.412859926391,% PKB,annual,observed,https://api.worldbank.org/v2/country/POL;WLD;USA;CHN;DEU;IND;KOR;JPN;GBR;FRA;BRA;EST/indicator/NE.EXP.GNFS.ZS?format=json&per_page=1000,2026-09-28T17:23:24.144Z,{}
NE.EXP.GNFS.ZS,NE.EXP.GNFS.ZS--ind,Indie,IND,Exports of goods and services (% of GDP),2006-12-31,2006,year,2006-01-01,21.2679414221966,% PKB,annual,observed,https://api.worldbank.org/v2/country/POL;WLD;USA;CHN;DEU;IND;KOR;JPN;GBR;FRA;BRA;EST/indicator/NE.EXP.GNFS.ZS?format=json&per_page=1000,2026-09-28T17:23:24.144Z,{}
NE.EXP.GNFS.ZS,NE.EXP.GNFS.ZS--jpn,Japonia,JPN,Exports of goods and services (% of GDP),2006-12-31,2006,year,2006-01-01,15.4991989877277,% PKB,annual,observed,https://api.worldbank.org/v2/country/POL;WLD;USA;CHN;DEU;IND;KOR;JPN;GBR;FRA;BRA;EST/indicator/NE.EXP.GNFS.ZS?format=json&per_page=1000,2026-09-28T17:23:24.144Z,{}
NE.EXP.GNFS.ZS,NE.EXP.GNFS.ZS--kor,Korea Płd.,KOR,Exports of goods and services (% of GDP),2006-12-31,2006,year,2006-01-01,34.4457182771661,% PKB,annual,observed,https://api.worldbank.org/v2/country/POL;WLD;USA;CHN;DEU;IND;KOR;JPN;GBR;FRA;BRA;EST/indicator/NE.EXP.GNFS.ZS?format=json&per_page=1000,2026-09-28T17:23:24.144Z,{}
NE.EXP.GNFS.ZS,NE.EXP.GNFS.ZS--pol,Polska,POL,Exports of goods and services (% of GDP),2006-12-31,2006,year,2006-01-01,37.6580412251077,% PKB,annual,observed,https://api.worldbank.org/v2/country/POL;WLD;USA;CHN;DEU;IND;KOR;JPN;GBR;FRA;BRA;EST/indicator/NE.EXP.GNFS.ZS?format=json&per_page=1000,2026-09-28T17:23:24.144Z,{}
NE.EXP.GNFS.ZS,NE.EXP.GNFS.ZS--usa,USA,USA,Exports of goods and services (% of GDP),2006-12-31,2006,year,2006-01-01,10.641389509223,% PKB,annual,observed,https://api.worldbank.org/v2/country/POL;WLD;USA;CHN;DEU;IND;KOR;JPN;GBR;FRA;BRA;EST/indicator/NE.EXP.GNFS.ZS?format=json&per_page=1000,2026-09-28T17:23:24.144Z,{}
NE.EXP.GNFS.ZS,NE.EXP.GNFS.ZS--wld,Świat,WLD,Exports of goods and services (% of GDP),2006-12-31,2006,year,2006-01-01,28.6085879852901,% PKB,annual,observed,https://api.worldbank.org/v2/country/POL;WLD;USA;CHN;DEU;IND;KOR;JPN;GBR;FRA;BRA;EST/indicator/NE.EXP.GNFS.ZS?format=json&per_page=1000,2026-09-28T17:23:24.144Z,{}
NE.EXP.GNFS.ZS,NE.EXP.GNFS.ZS--bra,Brazylia,BRA,Exports of goods and services (% of GDP),2007-12-31,2007,year,2007-01-01,13.3276751040789,% PKB,annual,observed,https://api.worldbank.org/v2/country/POL;WLD;USA;CHN;DEU;IND;KOR;JPN;GBR;FRA;BRA;EST/indicator/NE.EXP.GNFS.ZS?format=json&per_page=1000,2026-09-28T17:23:24.144Z,{}
NE.EXP.GNFS.ZS,NE.EXP.GNFS.ZS--chn,Chiny,CHN,Exports of goods and services (% of GDP),2007-12-31,2007,year,2007-01-01,34.9066956194649,% PKB,annual,observed,https://api.worldbank.org/v2/country/POL;WLD;USA;CHN;DEU;IND;KOR;JPN;GBR;FRA;BRA;EST/indicator/NE.EXP.GNFS.ZS?format=json&per_page=1000,2026-09-28T17:23:24.144Z,{}
NE.EXP.GNFS.ZS,NE.EXP.GNFS.ZS--deu,Niemcy,DEU,Exports of goods and services (% of GDP),2007-12-31,2007,year,2007-01-01,40.6368056265783,% PKB,annual,observed,https://api.worldbank.org/v2/country/POL;WLD;USA;CHN;DEU;IND;KOR;JPN;GBR;FRA;BRA;EST/indicator/NE.EXP.GNFS.ZS?format=json&per_page=1000,2026-09-28T17:23:24.144Z,{}
NE.EXP.GNFS.ZS,NE.EXP.GNFS.ZS--est,Estonia,EST,Exports of goods and services (% of GDP),2007-12-31,2007,year,2007-01-01,62.595408910398,% PKB,annual,observed,https://api.worldbank.org/v2/country/POL;WLD;USA;CHN;DEU;IND;KOR;JPN;GBR;FRA;BRA;EST/indicator/NE.EXP.GNFS.ZS?format=json&per_page=1000,2026-09-28T17:23:24.144Z,{}
NE.EXP.GNFS.ZS,NE.EXP.GNFS.ZS--fra,Francja,FRA,Exports of goods and services (% of GDP),2007-12-31,2007,year,2007-01-01,28.8585344688926,% PKB,annual,observed,https://api.worldbank.org/v2/country/POL;WLD;USA;CHN;DEU;IND;KOR;JPN;GBR;FRA;BRA;EST/indicator/NE.EXP.GNFS.ZS?format=json&per_page=1000,2026-09-28T17:23:24.144Z,{}
NE.EXP.GNFS.ZS,NE.EXP.GNFS.ZS--gbr,Wielka Brytania,GBR,Exports of goods and services (% of GDP),2007-12-31,2007,year,2007-01-01,25.4079803883281,% PKB,annual,observed,https://api.worldbank.org/v2/country/POL;WLD;USA;CHN;DEU;IND;KOR;JPN;GBR;FRA;BRA;EST/indicator/NE.EXP.GNFS.ZS?format=json&per_page=1000,2026-09-28T17:23:24.144Z,{}
NE.EXP.GNFS.ZS,NE.EXP.GNFS.ZS--ind,Indie,IND,Exports of goods and services (% of GDP),2007-12-31,2007,year,2007-01-01,20.7996997489032,% PKB,annual,observed,https://api.worldbank.org/v2/country/POL;WLD;USA;CHN;DEU;IND;KOR;JPN;GBR;FRA;BRA;EST/indicator/NE.EXP.GNFS.ZS?format=json&per_page=1000,2026-09-28T17:23:24.144Z,{}
NE.EXP.GNFS.ZS,NE.EXP.GNFS.ZS--jpn,Japonia,JPN,Exports of goods and services (% of GDP),2007-12-31,2007,year,2007-01-01,17.1190869291448,% PKB,annual,observed,https://api.worldbank.org/v2/country/POL;WLD;USA;CHN;DEU;IND;KOR;JPN;GBR;FRA;BRA;EST/indicator/NE.EXP.GNFS.ZS?format=json&per_page=1000,2026-09-28T17:23:24.144Z,{}
NE.EXP.GNFS.ZS,NE.EXP.GNFS.ZS--kor,Korea Płd.,KOR,Exports of goods and services (% of GDP),2007-12-31,2007,year,2007-01-01,36.0414909532161,% PKB,annual,observed,https://api.worldbank.org/v2/country/POL;WLD;USA;CHN;DEU;IND;KOR;JPN;GBR;FRA;BRA;EST/indicator/NE.EXP.GNFS.ZS?format=json&per_page=1000,2026-09-28T17:23:24.144Z,{}
NE.EXP.GNFS.ZS,NE.EXP.GNFS.ZS--pol,Polska,POL,Exports of goods and services (% of GDP),2007-12-31,2007,year,2007-01-01,38.4711164171074,% PKB,annual,observed,https://api.worldbank.org/v2/country/POL;WLD;USA;CHN;DEU;IND;KOR;JPN;GBR;FRA;BRA;EST/indicator/NE.EXP.GNFS.ZS?format=json&per_page=1000,2026-09-28T17:23:24.144Z,{}
NE.EXP.GNFS.ZS,NE.EXP.GNFS.ZS--usa,USA,USA,Exports of goods and services (% of GDP),2007-12-31,2007,year,2007-01-01,11.4637892950146,% PKB,annual,observed,https://api.worldbank.org/v2/country/POL;WLD;USA;CHN;DEU;IND;KOR;JPN;GBR;FRA;BRA;EST/indicator/NE.EXP.GNFS.ZS?format=json&per_page=1000,2026-09-28T17:23:24.144Z,{}
NE.EXP.GNFS.ZS,NE.EXP.GNFS.ZS--wld,Świat,WLD,Exports of goods and services (% of GDP),2007-12-31,2007,year,2007-01-01,29.5557805539087,% PKB,annual,observed,https://api.worldbank.org/v2/country/POL;WLD;USA;CHN;DEU;IND;KOR;JPN;GBR;FRA;BRA;EST/indicator/NE.EXP.GNFS.ZS?format=json&per_page=1000,2026-09-28T17:23:24.144Z,{}
NE.EXP.GNFS.ZS,NE.EXP.GNFS.ZS--bra,Brazylia,BRA,Exports of goods and services (% of GDP),2008-12-31,2008,year,2008-01-01,13.5340005128387,% PKB,annual,observed,https://api.worldbank.org/v2/country/POL;WLD;USA;CHN;DEU;IND;KOR;JPN;GBR;FRA;BRA;EST/indicator/NE.EXP.GNFS.ZS?format=json&per_page=1000,2026-09-28T17:23:24.144Z,{}
NE.EXP.GNFS.ZS,NE.EXP.GNFS.ZS--chn,Chiny,CHN,Exports of goods and services (% of GDP),2008-12-31,2008,year,2008-01-01,32.092513602143,% PKB,annual,observed,https://api.worldbank.org/v2/country/POL;WLD;USA;CHN;DEU;IND;KOR;JPN;GBR;FRA;BRA;EST/indicator/NE.EXP.GNFS.ZS?format=json&per_page=1000,2026-09-28T17:23:24.144Z,{}
NE.EXP.GNFS.ZS,NE.EXP.GNFS.ZS--deu,Niemcy,DEU,Exports of goods and services (% of GDP),2008-12-31,2008,year,2008-01-01,40.9488738182043,% PKB,annual,observed,https://api.worldbank.org/v2/country/POL;WLD;USA;CHN;DEU;IND;KOR;JPN;GBR;FRA;BRA;EST/indicator/NE.EXP.GNFS.ZS?format=json&per_page=1000,2026-09-28T17:23:24.144Z,{}
NE.EXP.GNFS.ZS,NE.EXP.GNFS.ZS--est,Estonia,EST,Exports of goods and services (% of GDP),2008-12-31,2008,year,2008-01-01,66.3888247384518,% PKB,annual,observed,https://api.worldbank.org/v2/country/POL;WLD;USA;CHN;DEU;IND;KOR;JPN;GBR;FRA;BRA;EST/indicator/NE.EXP.GNFS.ZS?format=json&per_page=1000,2026-09-28T17:23:24.144Z,{}
NE.EXP.GNFS.ZS,NE.EXP.GNFS.ZS--fra,Francja,FRA,Exports of goods and services (% of GDP),2008-12-31,2008,year,2008-01-01,29.1990596782502,% PKB,annual,observed,https://api.worldbank.org/v2/country/POL;WLD;USA;CHN;DEU;IND;KOR;JPN;GBR;FRA;BRA;EST/indicator/NE.EXP.GNFS.ZS?format=json&per_page=1000,2026-09-28T17:23:24.144Z,{}
NE.EXP.GNFS.ZS,NE.EXP.GNFS.ZS--gbr,Wielka Brytania,GBR,Exports of goods and services (% of GDP),2008-12-31,2008,year,2008-01-01,27.3794373670982,% PKB,annual,observed,https://api.worldbank.org/v2/country/POL;WLD;USA;CHN;DEU;IND;KOR;JPN;GBR;FRA;BRA;EST/indicator/NE.EXP.GNFS.ZS?format=json&per_page=1000,2026-09-28T17:23:24.144Z,{}
NE.EXP.GNFS.ZS,NE.EXP.GNFS.ZS--ind,Indie,IND,Exports of goods and services (% of GDP),2008-12-31,2008,year,2008-01-01,24.0973572601391,% PKB,annual,observed,https://api.worldbank.org/v2/country/POL;WLD;USA;CHN;DEU;IND;KOR;JPN;GBR;FRA;BRA;EST/indicator/NE.EXP.GNFS.ZS?format=json&per_page=1000,2026-09-28T17:23:24.144Z,{}
NE.EXP.GNFS.ZS,NE.EXP.GNFS.ZS--jpn,Japonia,JPN,Exports of goods and services (% of GDP),2008-12-31,2008,year,2008-01-01,17.0550818459886,% PKB,annual,observed,https://api.worldbank.org/v2/country/POL;WLD;USA;CHN;DEU;IND;KOR;JPN;GBR;FRA;BRA;EST/indicator/NE.EXP.GNFS.ZS?format=json&per_page=1000,2026-09-28T17:23:24.144Z,{}
NE.EXP.GNFS.ZS,NE.EXP.GNFS.ZS--kor,Korea Płd.,KOR,Exports of goods and services (% of GDP),2008-12-31,2008,year,2008-01-01,45.8471508377288,% PKB,annual,observed,https://api.worldbank.org/v2/country/POL;WLD;USA;CHN;DEU;IND;KOR;JPN;GBR;FRA;BRA;EST/indicator/NE.EXP.GNFS.ZS?format=json&per_page=1000,2026-09-28T17:23:24.144Z,{}
NE.EXP.GNFS.ZS,NE.EXP.GNFS.ZS--pol,Polska,POL,Exports of goods and services (% of GDP),2008-12-31,2008,year,2008-01-01,37.6687727009599,% PKB,annual,observed,https://api.worldbank.org/v2/country/POL;WLD;USA;CHN;DEU;IND;KOR;JPN;GBR;FRA;BRA;EST/indicator/NE.EXP.GNFS.ZS?format=json&per_page=1000,2026-09-28T17:23:24.144Z,{}
NE.EXP.GNFS.ZS,NE.EXP.GNFS.ZS--usa,USA,USA,Exports of goods and services (% of GDP),2008-12-31,2008,year,2008-01-01,12.4258439246081,% PKB,annual,observed,https://api.worldbank.org/v2/country/POL;WLD;USA;CHN;DEU;IND;KOR;JPN;GBR;FRA;BRA;EST/indicator/NE.EXP.GNFS.ZS?format=json&per_page=1000,2026-09-28T17:23:24.144Z,{}
NE.EXP.GNFS.ZS,NE.EXP.GNFS.ZS--wld,Świat,WLD,Exports of goods and services (% of GDP),2008-12-31,2008,year,2008-01-01,30.6928407075336,% PKB,annual,observed,https://api.worldbank.org/v2/country/POL;WLD;USA;CHN;DEU;IND;KOR;JPN;GBR;FRA;BRA;EST/indicator/NE.EXP.GNFS.ZS?format=json&per_page=1000,2026-09-28T17:23:24.144Z,{}
NE.EXP.GNFS.ZS,NE.EXP.GNFS.ZS--bra,Brazylia,BRA,Exports of goods and services (% of GDP),2009-12-31,2009,year,2009-01-01,10.8513711347491,% PKB,annual,observed,https://api.worldbank.org/v2/country/POL;WLD;USA;CHN;DEU;IND;KOR;JPN;GBR;FRA;BRA;EST/indicator/NE.EXP.GNFS.ZS?format=json&per_page=1000,2026-09-28T17:23:24.144Z,{}
NE.EXP.GNFS.ZS,NE.EXP.GNFS.ZS--chn,Chiny,CHN,Exports of goods and services (% of GDP),2009-12-31,2009,year,2009-01-01,24.3307718125403,% PKB,annual,observed,https://api.worldbank.org/v2/country/POL;WLD;USA;CHN;DEU;IND;KOR;JPN;GBR;FRA;BRA;EST/indicator/NE.EXP.GNFS.ZS?format=json&per_page=1000,2026-09-28T17:23:24.144Z,{}
NE.EXP.GNFS.ZS,NE.EXP.GNFS.ZS--deu,Niemcy,DEU,Exports of goods and services (% of GDP),2009-12-31,2009,year,2009-01-01,35.4545162932994,% PKB,annual,observed,https://api.worldbank.org/v2/country/POL;WLD;USA;CHN;DEU;IND;KOR;JPN;GBR;FRA;BRA;EST/indicator/NE.EXP.GNFS.ZS?format=json&per_page=1000,2026-09-28T17:23:24.144Z,{}
NE.EXP.GNFS.ZS,NE.EXP.GNFS.ZS--est,Estonia,EST,Exports of goods and services (% of GDP),2009-12-31,2009,year,2009-01-01,60.8614218164008,% PKB,annual,observed,https://api.worldbank.org/v2/country/POL;WLD;USA;CHN;DEU;IND;KOR;JPN;GBR;FRA;BRA;EST/indicator/NE.EXP.GNFS.ZS?format=json&per_page=1000,2026-09-28T17:23:24.144Z,{}
NE.EXP.GNFS.ZS,NE.EXP.GNFS.ZS--fra,Francja,FRA,Exports of goods and services (% of GDP),2009-12-31,2009,year,2009-01-01,25.8809482311608,% PKB,annual,observed,https://api.worldbank.org/v2/country/POL;WLD;USA;CHN;DEU;IND;KOR;JPN;GBR;FRA;BRA;EST/indicator/NE.EXP.GNFS.ZS?format=json&per_page=1000,2026-09-28T17:23:24.144Z,{}
NE.EXP.GNFS.ZS,NE.EXP.GNFS.ZS--gbr,Wielka Brytania,GBR,Exports of goods and services (% of GDP),2009-12-31,2009,year,2009-01-01,26.7073659504747,% PKB,annual,observed,https://api.worldbank.org/v2/country/POL;WLD;USA;CHN;DEU;IND;KOR;JPN;GBR;FRA;BRA;EST/indicator/NE.EXP.GNFS.ZS?format=json&per_page=1000,2026-09-28T17:23:24.144Z,{}
NE.EXP.GNFS.ZS,NE.EXP.GNFS.ZS--ind,Indie,IND,Exports of goods and services (% of GDP),2009-12-31,2009,year,2009-01-01,20.4005193743564,% PKB,annual,observed,https://api.worldbank.org/v2/country/POL;WLD;USA;CHN;DEU;IND;KOR;JPN;GBR;FRA;BRA;EST/indicator/NE.EXP.GNFS.ZS?format=json&per_page=1000,2026-09-28T17:23:24.144Z,{}
NE.EXP.GNFS.ZS,NE.EXP.GNFS.ZS--jpn,Japonia,JPN,Exports of goods and services (% of GDP),2009-12-31,2009,year,2009-01-01,12.3084729966275,% PKB,annual,observed,https://api.worldbank.org/v2/country/POL;WLD;USA;CHN;DEU;IND;KOR;JPN;GBR;FRA;BRA;EST/indicator/NE.EXP.GNFS.ZS?format=json&per_page=1000,2026-09-28T17:23:24.144Z,{}
NE.EXP.GNFS.ZS,NE.EXP.GNFS.ZS--kor,Korea Płd.,KOR,Exports of goods and services (% of GDP),2009-12-31,2009,year,2009-01-01,43.5106195264818,% PKB,annual,observed,https://api.worldbank.org/v2/country/POL;WLD;USA;CHN;DEU;IND;KOR;JPN;GBR;FRA;BRA;EST/indicator/NE.EXP.GNFS.ZS?format=json&per_page=1000,2026-09-28T17:23:24.144Z,{}
NE.EXP.GNFS.ZS,NE.EXP.GNFS.ZS--pol,Polska,POL,Exports of goods and services (% of GDP),2009-12-31,2009,year,2009-01-01,37.0040504665451,% PKB,annual,observed,https://api.worldbank.org/v2/country/POL;WLD;USA;CHN;DEU;IND;KOR;JPN;GBR;FRA;BRA;EST/indicator/NE.EXP.GNFS.ZS?format=json&per_page=1000,2026-09-28T17:23:24.144Z,{}
NE.EXP.GNFS.ZS,NE.EXP.GNFS.ZS--usa,USA,USA,Exports of goods and services (% of GDP),2009-12-31,2009,year,2009-01-01,10.9322190593537,% PKB,annual,observed,https://api.worldbank.org/v2/country/POL;WLD;USA;CHN;DEU;IND;KOR;JPN;GBR;FRA;BRA;EST/indicator/NE.EXP.GNFS.ZS?format=json&per_page=1000,2026-09-28T17:23:24.144Z,{}
NE.EXP.GNFS.ZS,NE.EXP.GNFS.ZS--wld,Świat,WLD,Exports of goods and services (% of GDP),2009-12-31,2009,year,2009-01-01,26.1681408236416,% PKB,annual,observed,https://api.worldbank.org/v2/country/POL;WLD;USA;CHN;DEU;IND;KOR;JPN;GBR;FRA;BRA;EST/indicator/NE.EXP.GNFS.ZS?format=json&per_page=1000,2026-09-28T17:23:24.144Z,{}
NE.EXP.GNFS.ZS,NE.EXP.GNFS.ZS--bra,Brazylia,BRA,Exports of goods and services (% of GDP),2010-12-31,2010,year,2010-01-01,10.8655847752557,% PKB,annual,observed,https://api.worldbank.org/v2/country/POL;WLD;USA;CHN;DEU;IND;KOR;JPN;GBR;FRA;BRA;EST/indicator/NE.EXP.GNFS.ZS?format=json&per_page=1000,2026-09-28T17:23:24.144Z,{}
NE.EXP.GNFS.ZS,NE.EXP.GNFS.ZS--chn,Chiny,CHN,Exports of goods and services (% of GDP),2010-12-31,2010,year,2010-01-01,26.7227451502469,% PKB,annual,observed,https://api.worldbank.org/v2/country/POL;WLD;USA;CHN;DEU;IND;KOR;JPN;GBR;FRA;BRA;EST/indicator/NE.EXP.GNFS.ZS?format=json&per_page=1000,2026-09-28T17:23:24.144Z,{}
NE.EXP.GNFS.ZS,NE.EXP.GNFS.ZS--deu,Niemcy,DEU,Exports of goods and services (% of GDP),2010-12-31,2010,year,2010-01-01,39.4953465429823,% PKB,annual,observed,https://api.worldbank.org/v2/country/POL;WLD;USA;CHN;DEU;IND;KOR;JPN;GBR;FRA;BRA;EST/indicator/NE.EXP.GNFS.ZS?format=json&per_page=1000,2026-09-28T17:23:24.144Z,{}
NE.EXP.GNFS.ZS,NE.EXP.GNFS.ZS--est,Estonia,EST,Exports of goods and services (% of GDP),2010-12-31,2010,year,2010-01-01,75.0459409001608,% PKB,annual,observed,https://api.worldbank.org/v2/country/POL;WLD;USA;CHN;DEU;IND;KOR;JPN;GBR;FRA;BRA;EST/indicator/NE.EXP.GNFS.ZS?format=json&per_page=1000,2026-09-28T17:23:24.144Z,{}
NE.EXP.GNFS.ZS,NE.EXP.GNFS.ZS--fra,Francja,FRA,Exports of goods and services (% of GDP),2010-12-31,2010,year,2010-01-01,27.8264880915553,% PKB,annual,observed,https://api.worldbank.org/v2/country/POL;WLD;USA;CHN;DEU;IND;KOR;JPN;GBR;FRA;BRA;EST/indicator/NE.EXP.GNFS.ZS?format=json&per_page=1000,2026-09-28T17:23:24.144Z,{}
NE.EXP.GNFS.ZS,NE.EXP.GNFS.ZS--gbr,Wielka Brytania,GBR,Exports of goods and services (% of GDP),2010-12-31,2010,year,2010-01-01,28.7463664387355,% PKB,annual,observed,https://api.worldbank.org/v2/country/POL;WLD;USA;CHN;DEU;IND;KOR;JPN;GBR;FRA;BRA;EST/indicator/NE.EXP.GNFS.ZS?format=json&per_page=1000,2026-09-28T17:23:24.144Z,{}
NE.EXP.GNFS.ZS,NE.EXP.GNFS.ZS--ind,Indie,IND,Exports of goods and services (% of GDP),2010-12-31,2010,year,2010-01-01,22.4009332487945,% PKB,annual,observed,https://api.worldbank.org/v2/country/POL;WLD;USA;CHN;DEU;IND;KOR;JPN;GBR;FRA;BRA;EST/indicator/NE.EXP.GNFS.ZS?format=json&per_page=1000,2026-09-28T17:23:24.144Z,{}
NE.EXP.GNFS.ZS,NE.EXP.GNFS.ZS--jpn,Japonia,JPN,Exports of goods and services (% of GDP),2010-12-31,2010,year,2010-01-01,14.7827379015469,% PKB,annual,observed,https://api.worldbank.org/v2/country/POL;WLD;USA;CHN;DEU;IND;KOR;JPN;GBR;FRA;BRA;EST/indicator/NE.EXP.GNFS.ZS?format=json&per_page=1000,2026-09-28T17:23:24.144Z,{}
NE.EXP.GNFS.ZS,NE.EXP.GNFS.ZS--kor,Korea Płd.,KOR,Exports of goods and services (% of GDP),2010-12-31,2010,year,2010-01-01,45.2718606886955,% PKB,annual,observed,https://api.worldbank.org/v2/country/POL;WLD;USA;CHN;DEU;IND;KOR;JPN;GBR;FRA;BRA;EST/indicator/NE.EXP.GNFS.ZS?format=json&per_page=1000,2026-09-28T17:23:24.144Z,{}
NE.EXP.GNFS.ZS,NE.EXP.GNFS.ZS--pol,Polska,POL,Exports of goods and services (% of GDP),2010-12-31,2010,year,2010-01-01,39.8922068463219,% PKB,annual,observed,https://api.worldbank.org/v2/country/POL;WLD;USA;CHN;DEU;IND;KOR;JPN;GBR;FRA;BRA;EST/indicator/NE.EXP.GNFS.ZS?format=json&per_page=1000,2026-09-28T17:23:24.144Z,{}
NE.EXP.GNFS.ZS,NE.EXP.GNFS.ZS--usa,USA,USA,Exports of goods and services (% of GDP),2010-12-31,2010,year,2010-01-01,12.3413554322086,% PKB,annual,observed,https://api.worldbank.org/v2/country/POL;WLD;USA;CHN;DEU;IND;KOR;JPN;GBR;FRA;BRA;EST/indicator/NE.EXP.GNFS.ZS?format=json&per_page=1000,2026-09-28T17:23:24.144Z,{}
NE.EXP.GNFS.ZS,NE.EXP.GNFS.ZS--wld,Świat,WLD,Exports of goods and services (% of GDP),2010-12-31,2010,year,2010-01-01,28.4066725343369,% PKB,annual,observed,https://api.worldbank.org/v2/country/POL;WLD;USA;CHN;DEU;IND;KOR;JPN;GBR;FRA;BRA;EST/indicator/NE.EXP.GNFS.ZS?format=json&per_page=1000,2026-09-28T17:23:24.144Z,{}
NE.EXP.GNFS.ZS,NE.EXP.GNFS.ZS--bra,Brazylia,BRA,Exports of goods and services (% of GDP),2011-12-31,2011,year,2011-01-01,11.5825126785455,% PKB,annual,observed,https://api.worldbank.org/v2/country/POL;WLD;USA;CHN;DEU;IND;KOR;JPN;GBR;FRA;BRA;EST/indicator/NE.EXP.GNFS.ZS?format=json&per_page=1000,2026-09-28T17:23:24.144Z,{}
NE.EXP.GNFS.ZS,NE.EXP.GNFS.ZS--chn,Chiny,CHN,Exports of goods and services (% of GDP),2011-12-31,2011,year,2011-01-01,26.1518828948759,% PKB,annual,observed,https://api.worldbank.org/v2/country/POL;WLD;USA;CHN;DEU;IND;KOR;JPN;GBR;FRA;BRA;EST/indicator/NE.EXP.GNFS.ZS?format=json&per_page=1000,2026-09-28T17:23:24.144Z,{}
NE.EXP.GNFS.ZS,NE.EXP.GNFS.ZS--deu,Niemcy,DEU,Exports of goods and services (% of GDP),2011-12-31,2011,year,2011-01-01,41.6436286591115,% PKB,annual,observed,https://api.worldbank.org/v2/country/POL;WLD;USA;CHN;DEU;IND;KOR;JPN;GBR;FRA;BRA;EST/indicator/NE.EXP.GNFS.ZS?format=json&per_page=1000,2026-09-28T17:23:24.144Z,{}
NE.EXP.GNFS.ZS,NE.EXP.GNFS.ZS--est,Estonia,EST,Exports of goods and services (% of GDP),2011-12-31,2011,year,2011-01-01,86.2696175221184,% PKB,annual,observed,https://api.worldbank.org/v2/country/POL;WLD;USA;CHN;DEU;IND;KOR;JPN;GBR;FRA;BRA;EST/indicator/NE.EXP.GNFS.ZS?format=json&per_page=1000,2026-09-28T17:23:24.144Z,{}
NE.EXP.GNFS.ZS,NE.EXP.GNFS.ZS--fra,Francja,FRA,Exports of goods and services (% of GDP),2011-12-31,2011,year,2011-01-01,29.538847336075,% PKB,annual,observed,https://api.worldbank.org/v2/country/POL;WLD;USA;CHN;DEU;IND;KOR;JPN;GBR;FRA;BRA;EST/indicator/NE.EXP.GNFS.ZS?format=json&per_page=1000,2026-09-28T17:23:24.144Z,{}
NE.EXP.GNFS.ZS,NE.EXP.GNFS.ZS--gbr,Wielka Brytania,GBR,Exports of goods and services (% of GDP),2011-12-31,2011,year,2011-01-01,31.2649218986254,% PKB,annual,observed,https://api.worldbank.org/v2/country/POL;WLD;USA;CHN;DEU;IND;KOR;JPN;GBR;FRA;BRA;EST/indicator/NE.EXP.GNFS.ZS?format=json&per_page=1000,2026-09-28T17:23:24.144Z,{}
NE.EXP.GNFS.ZS,NE.EXP.GNFS.ZS--ind,Indie,IND,Exports of goods and services (% of GDP),2011-12-31,2011,year,2011-01-01,24.5404113195713,% PKB,annual,observed,https://api.worldbank.org/v2/country/POL;WLD;USA;CHN;DEU;IND;KOR;JPN;GBR;FRA;BRA;EST/indicator/NE.EXP.GNFS.ZS?format=json&per_page=1000,2026-09-28T17:23:24.144Z,{}
NE.EXP.GNFS.ZS,NE.EXP.GNFS.ZS--jpn,Japonia,JPN,Exports of goods and services (% of GDP),2011-12-31,2011,year,2011-01-01,14.6645262221087,% PKB,annual,observed,https://api.worldbank.org/v2/country/POL;WLD;USA;CHN;DEU;IND;KOR;JPN;GBR;FRA;BRA;EST/indicator/NE.EXP.GNFS.ZS?format=json&per_page=1000,2026-09-28T17:23:24.144Z,{}
NE.EXP.GNFS.ZS,NE.EXP.GNFS.ZS--kor,Korea Płd.,KOR,Exports of goods and services (% of GDP),2011-12-31,2011,year,2011-01-01,51.2813207677942,% PKB,annual,observed,https://api.worldbank.org/v2/country/POL;WLD;USA;CHN;DEU;IND;KOR;JPN;GBR;FRA;BRA;EST/indicator/NE.EXP.GNFS.ZS?format=json&per_page=1000,2026-09-28T17:23:24.144Z,{}
NE.EXP.GNFS.ZS,NE.EXP.GNFS.ZS--pol,Polska,POL,Exports of goods and services (% of GDP),2011-12-31,2011,year,2011-01-01,42.31819097341,% PKB,annual,observed,https://api.worldbank.org/v2/country/POL;WLD;USA;CHN;DEU;IND;KOR;JPN;GBR;FRA;BRA;EST/indicator/NE.EXP.GNFS.ZS?format=json&per_page=1000,2026-09-28T17:23:24.144Z,{}
NE.EXP.GNFS.ZS,NE.EXP.GNFS.ZS--usa,USA,USA,Exports of goods and services (% of GDP),2011-12-31,2011,year,2011-01-01,13.5634637825829,% PKB,annual,observed,https://api.worldbank.org/v2/country/POL;WLD;USA;CHN;DEU;IND;KOR;JPN;GBR;FRA;BRA;EST/indicator/NE.EXP.GNFS.ZS?format=json&per_page=1000,2026-09-28T17:23:24.144Z,{}
NE.EXP.GNFS.ZS,NE.EXP.GNFS.ZS--wld,Świat,WLD,Exports of goods and services (% of GDP),2011-12-31,2011,year,2011-01-01,30.2511364050789,% PKB,annual,observed,https://api.worldbank.org/v2/country/POL;WLD;USA;CHN;DEU;IND;KOR;JPN;GBR;FRA;BRA;EST/indicator/NE.EXP.GNFS.ZS?format=json&per_page=1000,2026-09-28T17:23:24.144Z,{}
NE.EXP.GNFS.ZS,NE.EXP.GNFS.ZS--bra,Brazylia,BRA,Exports of goods and services (% of GDP),2012-12-31,2012,year,2012-01-01,11.8775390704316,% PKB,annual,observed,https://api.worldbank.org/v2/country/POL;WLD;USA;CHN;DEU;IND;KOR;JPN;GBR;FRA;BRA;EST/indicator/NE.EXP.GNFS.ZS?format=json&per_page=1000,2026-09-28T17:23:24.144Z,{}
NE.EXP.GNFS.ZS,NE.EXP.GNFS.ZS--chn,Chiny,CHN,Exports of goods and services (% of GDP),2012-12-31,2012,year,2012-01-01,25.07670432956,% PKB,annual,observed,https://api.worldbank.org/v2/country/POL;WLD;USA;CHN;DEU;IND;KOR;JPN;GBR;FRA;BRA;EST/indicator/NE.EXP.GNFS.ZS?format=json&per_page=1000,2026-09-28T17:23:24.144Z,{}
NE.EXP.GNFS.ZS,NE.EXP.GNFS.ZS--deu,Niemcy,DEU,Exports of goods and services (% of GDP),2012-12-31,2012,year,2012-01-01,42.6855834357406,% PKB,annual,observed,https://api.worldbank.org/v2/country/POL;WLD;USA;CHN;DEU;IND;KOR;JPN;GBR;FRA;BRA;EST/indicator/NE.EXP.GNFS.ZS?format=json&per_page=1000,2026-09-28T17:23:24.144Z,{}
NE.EXP.GNFS.ZS,NE.EXP.GNFS.ZS--est,Estonia,EST,Exports of goods and services (% of GDP),2012-12-31,2012,year,2012-01-01,85.3980903719718,% PKB,annual,observed,https://api.worldbank.org/v2/country/POL;WLD;USA;CHN;DEU;IND;KOR;JPN;GBR;FRA;BRA;EST/indicator/NE.EXP.GNFS.ZS?format=json&per_page=1000,2026-09-28T17:23:24.144Z,{}
NE.EXP.GNFS.ZS,NE.EXP.GNFS.ZS--fra,Francja,FRA,Exports of goods and services (% of GDP),2012-12-31,2012,year,2012-01-01,30.3556786527444,% PKB,annual,observed,https://api.worldbank.org/v2/country/POL;WLD;USA;CHN;DEU;IND;KOR;JPN;GBR;FRA;BRA;EST/indicator/NE.EXP.GNFS.ZS?format=json&per_page=1000,2026-09-28T17:23:24.144Z,{}
NE.EXP.GNFS.ZS,NE.EXP.GNFS.ZS--gbr,Wielka Brytania,GBR,Exports of goods and services (% of GDP),2012-12-31,2012,year,2012-01-01,30.4995388300455,% PKB,annual,observed,https://api.worldbank.org/v2/country/POL;WLD;USA;CHN;DEU;IND;KOR;JPN;GBR;FRA;BRA;EST/indicator/NE.EXP.GNFS.ZS?format=json&per_page=1000,2026-09-28T17:23:24.144Z,{}
NE.EXP.GNFS.ZS,NE.EXP.GNFS.ZS--ind,Indie,IND,Exports of goods and services (% of GDP),2012-12-31,2012,year,2012-01-01,24.534430661418,% PKB,annual,observed,https://api.worldbank.org/v2/country/POL;WLD;USA;CHN;DEU;IND;KOR;JPN;GBR;FRA;BRA;EST/indicator/NE.EXP.GNFS.ZS?format=json&per_page=1000,2026-09-28T17:23:24.144Z,{}
NE.EXP.GNFS.ZS,NE.EXP.GNFS.ZS--jpn,Japonia,JPN,Exports of goods and services (% of GDP),2012-12-31,2012,year,2012-01-01,14.2739154583775,% PKB,annual,observed,https://api.worldbank.org/v2/country/POL;WLD;USA;CHN;DEU;IND;KOR;JPN;GBR;FRA;BRA;EST/indicator/NE.EXP.GNFS.ZS?format=json&per_page=1000,2026-09-28T17:23:24.144Z,{}
NE.EXP.GNFS.ZS,NE.EXP.GNFS.ZS--kor,Korea Płd.,KOR,Exports of goods and services (% of GDP),2012-12-31,2012,year,2012-01-01,52.0235312085188,% PKB,annual,observed,https://api.worldbank.org/v2/country/POL;WLD;USA;CHN;DEU;IND;KOR;JPN;GBR;FRA;BRA;EST/indicator/NE.EXP.GNFS.ZS?format=json&per_page=1000,2026-09-28T17:23:24.144Z,{}
NE.EXP.GNFS.ZS,NE.EXP.GNFS.ZS--pol,Polska,POL,Exports of goods and services (% of GDP),2012-12-31,2012,year,2012-01-01,44.0229016385965,% PKB,annual,observed,https://api.worldbank.org/v2/country/POL;WLD;USA;CHN;DEU;IND;KOR;JPN;GBR;FRA;BRA;EST/indicator/NE.EXP.GNFS.ZS?format=json&per_page=1000,2026-09-28T17:23:24.144Z,{}
NE.EXP.GNFS.ZS,NE.EXP.GNFS.ZS--usa,USA,USA,Exports of goods and services (% of GDP),2012-12-31,2012,year,2012-01-01,13.6440512687054,% PKB,annual,observed,https://api.worldbank.org/v2/country/POL;WLD;USA;CHN;DEU;IND;KOR;JPN;GBR;FRA;BRA;EST/indicator/NE.EXP.GNFS.ZS?format=json&per_page=1000,2026-09-28T17:23:24.144Z,{}
NE.EXP.GNFS.ZS,NE.EXP.GNFS.ZS--wld,Świat,WLD,Exports of goods and services (% of GDP),2012-12-31,2012,year,2012-01-01,30.021947362552,% PKB,annual,observed,https://api.worldbank.org/v2/country/POL;WLD;USA;CHN;DEU;IND;KOR;JPN;GBR;FRA;BRA;EST/indicator/NE.EXP.GNFS.ZS?format=json&per_page=1000,2026-09-28T17:23:24.144Z,{}
NE.EXP.GNFS.ZS,NE.EXP.GNFS.ZS--bra,Brazylia,BRA,Exports of goods and services (% of GDP),2013-12-31,2013,year,2013-01-01,11.7422306460189,% PKB,annual,observed,https://api.worldbank.org/v2/country/POL;WLD;USA;CHN;DEU;IND;KOR;JPN;GBR;FRA;BRA;EST/indicator/NE.EXP.GNFS.ZS?format=json&per_page=1000,2026-09-28T17:23:24.144Z,{}
NE.EXP.GNFS.ZS,NE.EXP.GNFS.ZS--chn,Chiny,CHN,Exports of goods and services (% of GDP),2013-12-31,2013,year,2013-01-01,24.1633430905854,% PKB,annual,observed,https://api.worldbank.org/v2/country/POL;WLD;USA;CHN;DEU;IND;KOR;JPN;GBR;FRA;BRA;EST/indicator/NE.EXP.GNFS.ZS?format=json&per_page=1000,2026-09-28T17:23:24.144Z,{}
NE.EXP.GNFS.ZS,NE.EXP.GNFS.ZS--deu,Niemcy,DEU,Exports of goods and services (% of GDP),2013-12-31,2013,year,2013-01-01,41.6802838324356,% PKB,annual,observed,https://api.worldbank.org/v2/country/POL;WLD;USA;CHN;DEU;IND;KOR;JPN;GBR;FRA;BRA;EST/indicator/NE.EXP.GNFS.ZS?format=json&per_page=1000,2026-09-28T17:23:24.144Z,{}
NE.EXP.GNFS.ZS,NE.EXP.GNFS.ZS--est,Estonia,EST,Exports of goods and services (% of GDP),2013-12-31,2013,year,2013-01-01,83.4541106351012,% PKB,annual,observed,https://api.worldbank.org/v2/country/POL;WLD;USA;CHN;DEU;IND;KOR;JPN;GBR;FRA;BRA;EST/indicator/NE.EXP.GNFS.ZS?format=json&per_page=1000,2026-09-28T17:23:24.144Z,{}
NE.EXP.GNFS.ZS,NE.EXP.GNFS.ZS--fra,Francja,FRA,Exports of goods and services (% of GDP),2013-12-31,2013,year,2013-01-01,30.5912853427773,% PKB,annual,observed,https://api.worldbank.org/v2/country/POL;WLD;USA;CHN;DEU;IND;KOR;JPN;GBR;FRA;BRA;EST/indicator/NE.EXP.GNFS.ZS?format=json&per_page=1000,2026-09-28T17:23:24.144Z,{}
NE.EXP.GNFS.ZS,NE.EXP.GNFS.ZS--gbr,Wielka Brytania,GBR,Exports of goods and services (% of GDP),2013-12-31,2013,year,2013-01-01,30.2076160154538,% PKB,annual,observed,https://api.worldbank.org/v2/country/POL;WLD;USA;CHN;DEU;IND;KOR;JPN;GBR;FRA;BRA;EST/indicator/NE.EXP.GNFS.ZS?format=json&per_page=1000,2026-09-28T17:23:24.144Z,{}
NE.EXP.GNFS.ZS,NE.EXP.GNFS.ZS--ind,Indie,IND,Exports of goods and services (% of GDP),2013-12-31,2013,year,2013-01-01,25.430861300519,% PKB,annual,observed,https://api.worldbank.org/v2/country/POL;WLD;USA;CHN;DEU;IND;KOR;JPN;GBR;FRA;BRA;EST/indicator/NE.EXP.GNFS.ZS?format=json&per_page=1000,2026-09-28T17:23:24.144Z,{}
NE.EXP.GNFS.ZS,NE.EXP.GNFS.ZS--jpn,Japonia,JPN,Exports of goods and services (% of GDP),2013-12-31,2013,year,2013-01-01,15.6037090812555,% PKB,annual,observed,https://api.worldbank.org/v2/country/POL;WLD;USA;CHN;DEU;IND;KOR;JPN;GBR;FRA;BRA;EST/indicator/NE.EXP.GNFS.ZS?format=json&per_page=1000,2026-09-28T17:23:24.144Z,{}
NE.EXP.GNFS.ZS,NE.EXP.GNFS.ZS--kor,Korea Płd.,KOR,Exports of goods and services (% of GDP),2013-12-31,2013,year,2013-01-01,49.2338591040691,% PKB,annual,observed,https://api.worldbank.org/v2/country/POL;WLD;USA;CHN;DEU;IND;KOR;JPN;GBR;FRA;BRA;EST/indicator/NE.EXP.GNFS.ZS?format=json&per_page=1000,2026-09-28T17:23:24.144Z,{}
NE.EXP.GNFS.ZS,NE.EXP.GNFS.ZS--pol,Polska,POL,Exports of goods and services (% of GDP),2013-12-31,2013,year,2013-01-01,45.7672881629144,% PKB,annual,observed,https://api.worldbank.org/v2/country/POL;WLD;USA;CHN;DEU;IND;KOR;JPN;GBR;FRA;BRA;EST/indicator/NE.EXP.GNFS.ZS?format=json&per_page=1000,2026-09-28T17:23:24.144Z,{}
NE.EXP.GNFS.ZS,NE.EXP.GNFS.ZS--usa,USA,USA,Exports of goods and services (% of GDP),2013-12-31,2013,year,2013-01-01,13.5534918818154,% PKB,annual,observed,https://api.worldbank.org/v2/country/POL;WLD;USA;CHN;DEU;IND;KOR;JPN;GBR;FRA;BRA;EST/indicator/NE.EXP.GNFS.ZS?format=json&per_page=1000,2026-09-28T17:23:24.144Z,{}
NE.EXP.GNFS.ZS,NE.EXP.GNFS.ZS--wld,Świat,WLD,Exports of goods and services (% of GDP),2013-12-31,2013,year,2013-01-01,30.0216702644806,% PKB,annual,observed,https://api.worldbank.org/v2/country/POL;WLD;USA;CHN;DEU;IND;KOR;JPN;GBR;FRA;BRA;EST/indicator/NE.EXP.GNFS.ZS?format=json&per_page=1000,2026-09-28T17:23:24.144Z,{}
NE.EXP.GNFS.ZS,NE.EXP.GNFS.ZS--bra,Brazylia,BRA,Exports of goods and services (% of GDP),2014-12-31,2014,year,2014-01-01,11.0119428190539,% PKB,annual,observed,https://api.worldbank.org/v2/country/POL;WLD;USA;CHN;DEU;IND;KOR;JPN;GBR;FRA;BRA;EST/indicator/NE.EXP.GNFS.ZS?format=json&per_page=1000,2026-09-28T17:23:24.144Z,{}
NE.EXP.GNFS.ZS,NE.EXP.GNFS.ZS--chn,Chiny,CHN,Exports of goods and services (% of GDP),2014-12-31,2014,year,2014-01-01,23.0719766947263,% PKB,annual,observed,https://api.worldbank.org/v2/country/POL;WLD;USA;CHN;DEU;IND;KOR;JPN;GBR;FRA;BRA;EST/indicator/NE.EXP.GNFS.ZS?format=json&per_page=1000,2026-09-28T17:23:24.144Z,{}
NE.EXP.GNFS.ZS,NE.EXP.GNFS.ZS--deu,Niemcy,DEU,Exports of goods and services (% of GDP),2014-12-31,2014,year,2014-01-01,41.6936675523627,% PKB,annual,observed,https://api.worldbank.org/v2/country/POL;WLD;USA;CHN;DEU;IND;KOR;JPN;GBR;FRA;BRA;EST/indicator/NE.EXP.GNFS.ZS?format=json&per_page=1000,2026-09-28T17:23:24.144Z,{}
NE.EXP.GNFS.ZS,NE.EXP.GNFS.ZS--est,Estonia,EST,Exports of goods and services (% of GDP),2014-12-31,2014,year,2014-01-01,80.5897352297357,% PKB,annual,observed,https://api.worldbank.org/v2/country/POL;WLD;USA;CHN;DEU;IND;KOR;JPN;GBR;FRA;BRA;EST/indicator/NE.EXP.GNFS.ZS?format=json&per_page=1000,2026-09-28T17:23:24.144Z,{}
NE.EXP.GNFS.ZS,NE.EXP.GNFS.ZS--fra,Francja,FRA,Exports of goods and services (% of GDP),2014-12-31,2014,year,2014-01-01,30.741812901515,% PKB,annual,observed,https://api.worldbank.org/v2/country/POL;WLD;USA;CHN;DEU;IND;KOR;JPN;GBR;FRA;BRA;EST/indicator/NE.EXP.GNFS.ZS?format=json&per_page=1000,2026-09-28T17:23:24.144Z,{}
NE.EXP.GNFS.ZS,NE.EXP.GNFS.ZS--gbr,Wielka Brytania,GBR,Exports of goods and services (% of GDP),2014-12-31,2014,year,2014-01-01,28.5320090066163,% PKB,annual,observed,https://api.worldbank.org/v2/country/POL;WLD;USA;CHN;DEU;IND;KOR;JPN;GBR;FRA;BRA;EST/indicator/NE.EXP.GNFS.ZS?format=json&per_page=1000,2026-09-28T17:23:24.144Z,{}
NE.EXP.GNFS.ZS,NE.EXP.GNFS.ZS--ind,Indie,IND,Exports of goods and services (% of GDP),2014-12-31,2014,year,2014-01-01,22.9679630081172,% PKB,annual,observed,https://api.worldbank.org/v2/country/POL;WLD;USA;CHN;DEU;IND;KOR;JPN;GBR;FRA;BRA;EST/indicator/NE.EXP.GNFS.ZS?format=json&per_page=1000,2026-09-28T17:23:24.144Z,{}
NE.EXP.GNFS.ZS,NE.EXP.GNFS.ZS--jpn,Japonia,JPN,Exports of goods and services (% of GDP),2014-12-31,2014,year,2014-01-01,17.1078627742157,% PKB,annual,observed,https://api.worldbank.org/v2/country/POL;WLD;USA;CHN;DEU;IND;KOR;JPN;GBR;FRA;BRA;EST/indicator/NE.EXP.GNFS.ZS?format=json&per_page=1000,2026-09-28T17:23:24.144Z,{}
NE.EXP.GNFS.ZS,NE.EXP.GNFS.ZS--kor,Korea Płd.,KOR,Exports of goods and services (% of GDP),2014-12-31,2014,year,2014-01-01,45.7876203673052,% PKB,annual,observed,https://api.worldbank.org/v2/country/POL;WLD;USA;CHN;DEU;IND;KOR;JPN;GBR;FRA;BRA;EST/indicator/NE.EXP.GNFS.ZS?format=json&per_page=1000,2026-09-28T17:23:24.144Z,{}
NE.EXP.GNFS.ZS,NE.EXP.GNFS.ZS--pol,Polska,POL,Exports of goods and services (% of GDP),2014-12-31,2014,year,2014-01-01,46.2206720325579,% PKB,annual,observed,https://api.worldbank.org/v2/country/POL;WLD;USA;CHN;DEU;IND;KOR;JPN;GBR;FRA;BRA;EST/indicator/NE.EXP.GNFS.ZS?format=json&per_page=1000,2026-09-28T17:23:24.144Z,{}
NE.EXP.GNFS.ZS,NE.EXP.GNFS.ZS--usa,USA,USA,Exports of goods and services (% of GDP),2014-12-31,2014,year,2014-01-01,13.5082142132235,% PKB,annual,observed,https://api.worldbank.org/v2/country/POL;WLD;USA;CHN;DEU;IND;KOR;JPN;GBR;FRA;BRA;EST/indicator/NE.EXP.GNFS.ZS?format=json&per_page=1000,2026-09-28T17:23:24.144Z,{}
NE.EXP.GNFS.ZS,NE.EXP.GNFS.ZS--wld,Świat,WLD,Exports of goods and services (% of GDP),2014-12-31,2014,year,2014-01-01,29.7347843037895,% PKB,annual,observed,https://api.worldbank.org/v2/country/POL;WLD;USA;CHN;DEU;IND;KOR;JPN;GBR;FRA;BRA;EST/indicator/NE.EXP.GNFS.ZS?format=json&per_page=1000,2026-09-28T17:23:24.144Z,{}
NE.EXP.GNFS.ZS,NE.EXP.GNFS.ZS--bra,Brazylia,BRA,Exports of goods and services (% of GDP),2015-12-31,2015,year,2015-01-01,12.900191418386,% PKB,annual,observed,https://api.worldbank.org/v2/country/POL;WLD;USA;CHN;DEU;IND;KOR;JPN;GBR;FRA;BRA;EST/indicator/NE.EXP.GNFS.ZS?format=json&per_page=1000,2026-09-28T17:23:24.144Z,{}
NE.EXP.GNFS.ZS,NE.EXP.GNFS.ZS--chn,Chiny,CHN,Exports of goods and services (% of GDP),2015-12-31,2015,year,2015-01-01,20.9390642234326,% PKB,annual,observed,https://api.worldbank.org/v2/country/POL;WLD;USA;CHN;DEU;IND;KOR;JPN;GBR;FRA;BRA;EST/indicator/NE.EXP.GNFS.ZS?format=json&per_page=1000,2026-09-28T17:23:24.144Z,{}
NE.EXP.GNFS.ZS,NE.EXP.GNFS.ZS--deu,Niemcy,DEU,Exports of goods and services (% of GDP),2015-12-31,2015,year,2015-01-01,42.5853976151835,% PKB,annual,observed,https://api.worldbank.org/v2/country/POL;WLD;USA;CHN;DEU;IND;KOR;JPN;GBR;FRA;BRA;EST/indicator/NE.EXP.GNFS.ZS?format=json&per_page=1000,2026-09-28T17:23:24.144Z,{}
NE.EXP.GNFS.ZS,NE.EXP.GNFS.ZS--est,Estonia,EST,Exports of goods and services (% of GDP),2015-12-31,2015,year,2015-01-01,76.0344602333505,% PKB,annual,observed,https://api.worldbank.org/v2/country/POL;WLD;USA;CHN;DEU;IND;KOR;JPN;GBR;FRA;BRA;EST/indicator/NE.EXP.GNFS.ZS?format=json&per_page=1000,2026-09-28T17:23:24.144Z,{}
NE.EXP.GNFS.ZS,NE.EXP.GNFS.ZS--fra,Francja,FRA,Exports of goods and services (% of GDP),2015-12-31,2015,year,2015-01-01,31.6934947262689,% PKB,annual,observed,https://api.worldbank.org/v2/country/POL;WLD;USA;CHN;DEU;IND;KOR;JPN;GBR;FRA;BRA;EST/indicator/NE.EXP.GNFS.ZS?format=json&per_page=1000,2026-09-28T17:23:24.144Z,{}
NE.EXP.GNFS.ZS,NE.EXP.GNFS.ZS--gbr,Wielka Brytania,GBR,Exports of goods and services (% of GDP),2015-12-31,2015,year,2015-01-01,27.8790736176463,% PKB,annual,observed,https://api.worldbank.org/v2/country/POL;WLD;USA;CHN;DEU;IND;KOR;JPN;GBR;FRA;BRA;EST/indicator/NE.EXP.GNFS.ZS?format=json&per_page=1000,2026-09-28T17:23:24.144Z,{}
NE.EXP.GNFS.ZS,NE.EXP.GNFS.ZS--ind,Indie,IND,Exports of goods and services (% of GDP),2015-12-31,2015,year,2015-01-01,19.8131891564045,% PKB,annual,observed,https://api.worldbank.org/v2/country/POL;WLD;USA;CHN;DEU;IND;KOR;JPN;GBR;FRA;BRA;EST/indicator/NE.EXP.GNFS.ZS?format=json&per_page=1000,2026-09-28T17:23:24.144Z,{}
NE.EXP.GNFS.ZS,NE.EXP.GNFS.ZS--jpn,Japonia,JPN,Exports of goods and services (% of GDP),2015-12-31,2015,year,2015-01-01,17.0921099786159,% PKB,annual,observed,https://api.worldbank.org/v2/country/POL;WLD;USA;CHN;DEU;IND;KOR;JPN;GBR;FRA;BRA;EST/indicator/NE.EXP.GNFS.ZS?format=json&per_page=1000,2026-09-28T17:23:24.144Z,{}
NE.EXP.GNFS.ZS,NE.EXP.GNFS.ZS--kor,Korea Płd.,KOR,Exports of goods and services (% of GDP),2015-12-31,2015,year,2015-01-01,40.9681314540182,% PKB,annual,observed,https://api.worldbank.org/v2/country/POL;WLD;USA;CHN;DEU;IND;KOR;JPN;GBR;FRA;BRA;EST/indicator/NE.EXP.GNFS.ZS?format=json&per_page=1000,2026-09-28T17:23:24.144Z,{}
NE.EXP.GNFS.ZS,NE.EXP.GNFS.ZS--pol,Polska,POL,Exports of goods and services (% of GDP),2015-12-31,2015,year,2015-01-01,47.1616367257527,% PKB,annual,observed,https://api.worldbank.org/v2/country/POL;WLD;USA;CHN;DEU;IND;KOR;JPN;GBR;FRA;BRA;EST/indicator/NE.EXP.GNFS.ZS?format=json&per_page=1000,2026-09-28T17:23:24.144Z,{}
NE.EXP.GNFS.ZS,NE.EXP.GNFS.ZS--usa,USA,USA,Exports of goods and services (% of GDP),2015-12-31,2015,year,2015-01-01,12.4111486301271,% PKB,annual,observed,https://api.worldbank.org/v2/country/POL;WLD;USA;CHN;DEU;IND;KOR;JPN;GBR;FRA;BRA;EST/indicator/NE.EXP.GNFS.ZS?format=json&per_page=1000,2026-09-28T17:23:24.144Z,{}
NE.EXP.GNFS.ZS,NE.EXP.GNFS.ZS--wld,Świat,WLD,Exports of goods and services (% of GDP),2015-12-31,2015,year,2015-01-01,28.0495689042811,% PKB,annual,observed,https://api.worldbank.org/v2/country/POL;WLD;USA;CHN;DEU;IND;KOR;JPN;GBR;FRA;BRA;EST/indicator/NE.EXP.GNFS.ZS?format=json&per_page=1000,2026-09-28T17:23:24.144Z,{}
NE.EXP.GNFS.ZS,NE.EXP.GNFS.ZS--bra,Brazylia,BRA,Exports of goods and services (% of GDP),2016-12-31,2016,year,2016-01-01,12.4666790429968,% PKB,annual,observed,https://api.worldbank.org/v2/country/POL;WLD;USA;CHN;DEU;IND;KOR;JPN;GBR;FRA;BRA;EST/indicator/NE.EXP.GNFS.ZS?format=json&per_page=1000,2026-09-28T17:23:24.144Z,{}
NE.EXP.GNFS.ZS,NE.EXP.GNFS.ZS--chn,Chiny,CHN,Exports of goods and services (% of GDP),2016-12-31,2016,year,2016-01-01,19.2036507365412,% PKB,annual,observed,https://api.worldbank.org/v2/country/POL;WLD;USA;CHN;DEU;IND;KOR;JPN;GBR;FRA;BRA;EST/indicator/NE.EXP.GNFS.ZS?format=json&per_page=1000,2026-09-28T17:23:24.144Z,{}
NE.EXP.GNFS.ZS,NE.EXP.GNFS.ZS--deu,Niemcy,DEU,Exports of goods and services (% of GDP),2016-12-31,2016,year,2016-01-01,41.6355419518592,% PKB,annual,observed,https://api.worldbank.org/v2/country/POL;WLD;USA;CHN;DEU;IND;KOR;JPN;GBR;FRA;BRA;EST/indicator/NE.EXP.GNFS.ZS?format=json&per_page=1000,2026-09-28T17:23:24.144Z,{}
NE.EXP.GNFS.ZS,NE.EXP.GNFS.ZS--est,Estonia,EST,Exports of goods and services (% of GDP),2016-12-31,2016,year,2016-01-01,75.4768621637455,% PKB,annual,observed,https://api.worldbank.org/v2/country/POL;WLD;USA;CHN;DEU;IND;KOR;JPN;GBR;FRA;BRA;EST/indicator/NE.EXP.GNFS.ZS?format=json&per_page=1000,2026-09-28T17:23:24.144Z,{}
NE.EXP.GNFS.ZS,NE.EXP.GNFS.ZS--fra,Francja,FRA,Exports of goods and services (% of GDP),2016-12-31,2016,year,2016-01-01,31.498210070063,% PKB,annual,observed,https://api.worldbank.org/v2/country/POL;WLD;USA;CHN;DEU;IND;KOR;JPN;GBR;FRA;BRA;EST/indicator/NE.EXP.GNFS.ZS?format=json&per_page=1000,2026-09-28T17:23:24.144Z,{}
NE.EXP.GNFS.ZS,NE.EXP.GNFS.ZS--gbr,Wielka Brytania,GBR,Exports of goods and services (% of GDP),2016-12-31,2016,year,2016-01-01,29.0615561502528,% PKB,annual,observed,https://api.worldbank.org/v2/country/POL;WLD;USA;CHN;DEU;IND;KOR;JPN;GBR;FRA;BRA;EST/indicator/NE.EXP.GNFS.ZS?format=json&per_page=1000,2026-09-28T17:23:24.144Z,{}
NE.EXP.GNFS.ZS,NE.EXP.GNFS.ZS--ind,Indie,IND,Exports of goods and services (% of GDP),2016-12-31,2016,year,2016-01-01,19.1582349105946,% PKB,annual,observed,https://api.worldbank.org/v2/country/POL;WLD;USA;CHN;DEU;IND;KOR;JPN;GBR;FRA;BRA;EST/indicator/NE.EXP.GNFS.ZS?format=json&per_page=1000,2026-09-28T17:23:24.144Z,{}
NE.EXP.GNFS.ZS,NE.EXP.GNFS.ZS--jpn,Japonia,JPN,Exports of goods and services (% of GDP),2016-12-31,2016,year,2016-01-01,15.7223961123124,% PKB,annual,observed,https://api.worldbank.org/v2/country/POL;WLD;USA;CHN;DEU;IND;KOR;JPN;GBR;FRA;BRA;EST/indicator/NE.EXP.GNFS.ZS?format=json&per_page=1000,2026-09-28T17:23:24.144Z,{}
NE.EXP.GNFS.ZS,NE.EXP.GNFS.ZS--kor,Korea Płd.,KOR,Exports of goods and services (% of GDP),2016-12-31,2016,year,2016-01-01,38.1129875583911,% PKB,annual,observed,https://api.worldbank.org/v2/country/POL;WLD;USA;CHN;DEU;IND;KOR;JPN;GBR;FRA;BRA;EST/indicator/NE.EXP.GNFS.ZS?format=json&per_page=1000,2026-09-28T17:23:24.144Z,{}
NE.EXP.GNFS.ZS,NE.EXP.GNFS.ZS--pol,Polska,POL,Exports of goods and services (% of GDP),2016-12-31,2016,year,2016-01-01,49.906428862355,% PKB,annual,observed,https://api.worldbank.org/v2/country/POL;WLD;USA;CHN;DEU;IND;KOR;JPN;GBR;FRA;BRA;EST/indicator/NE.EXP.GNFS.ZS?format=json&per_page=1000,2026-09-28T17:23:24.144Z,{}
NE.EXP.GNFS.ZS,NE.EXP.GNFS.ZS--usa,USA,USA,Exports of goods and services (% of GDP),2016-12-31,2016,year,2016-01-01,11.8881592273253,% PKB,annual,observed,https://api.worldbank.org/v2/country/POL;WLD;USA;CHN;DEU;IND;KOR;JPN;GBR;FRA;BRA;EST/indicator/NE.EXP.GNFS.ZS?format=json&per_page=1000,2026-09-28T17:23:24.144Z,{}
NE.EXP.GNFS.ZS,NE.EXP.GNFS.ZS--wld,Świat,WLD,Exports of goods and services (% of GDP),2016-12-31,2016,year,2016-01-01,27.0845087597038,% PKB,annual,observed,https://api.worldbank.org/v2/country/POL;WLD;USA;CHN;DEU;IND;KOR;JPN;GBR;FRA;BRA;EST/indicator/NE.EXP.GNFS.ZS?format=json&per_page=1000,2026-09-28T17:23:24.144Z,{}
NE.EXP.GNFS.ZS,NE.EXP.GNFS.ZS--bra,Brazylia,BRA,Exports of goods and services (% of GDP),2017-12-31,2017,year,2017-01-01,12.5189678698768,% PKB,annual,observed,https://api.worldbank.org/v2/country/POL;WLD;USA;CHN;DEU;IND;KOR;JPN;GBR;FRA;BRA;EST/indicator/NE.EXP.GNFS.ZS?format=json&per_page=1000,2026-09-28T17:23:24.144Z,{}
NE.EXP.GNFS.ZS,NE.EXP.GNFS.ZS--chn,Chiny,CHN,Exports of goods and services (% of GDP),2017-12-31,2017,year,2017-01-01,19.3356301657728,% PKB,annual,observed,https://api.worldbank.org/v2/country/POL;WLD;USA;CHN;DEU;IND;KOR;JPN;GBR;FRA;BRA;EST/indicator/NE.EXP.GNFS.ZS?format=json&per_page=1000,2026-09-28T17:23:24.144Z,{}
NE.EXP.GNFS.ZS,NE.EXP.GNFS.ZS--deu,Niemcy,DEU,Exports of goods and services (% of GDP),2017-12-31,2017,year,2017-01-01,42.2029575981591,% PKB,annual,observed,https://api.worldbank.org/v2/country/POL;WLD;USA;CHN;DEU;IND;KOR;JPN;GBR;FRA;BRA;EST/indicator/NE.EXP.GNFS.ZS?format=json&per_page=1000,2026-09-28T17:23:24.144Z,{}
NE.EXP.GNFS.ZS,NE.EXP.GNFS.ZS--est,Estonia,EST,Exports of goods and services (% of GDP),2017-12-31,2017,year,2017-01-01,74.3055583828982,% PKB,annual,observed,https://api.worldbank.org/v2/country/POL;WLD;USA;CHN;DEU;IND;KOR;JPN;GBR;FRA;BRA;EST/indicator/NE.EXP.GNFS.ZS?format=json&per_page=1000,2026-09-28T17:23:24.144Z,{}
NE.EXP.GNFS.ZS,NE.EXP.GNFS.ZS--fra,Francja,FRA,Exports of goods and services (% of GDP),2017-12-31,2017,year,2017-01-01,32.311834044929,% PKB,annual,observed,https://api.worldbank.org/v2/country/POL;WLD;USA;CHN;DEU;IND;KOR;JPN;GBR;FRA;BRA;EST/indicator/NE.EXP.GNFS.ZS?format=json&per_page=1000,2026-09-28T17:23:24.144Z,{}
NE.EXP.GNFS.ZS,NE.EXP.GNFS.ZS--gbr,Wielka Brytania,GBR,Exports of goods and services (% of GDP),2017-12-31,2017,year,2017-01-01,30.9738310965649,% PKB,annual,observed,https://api.worldbank.org/v2/country/POL;WLD;USA;CHN;DEU;IND;KOR;JPN;GBR;FRA;BRA;EST/indicator/NE.EXP.GNFS.ZS?format=json&per_page=1000,2026-09-28T17:23:24.144Z,{}
NE.EXP.GNFS.ZS,NE.EXP.GNFS.ZS--ind,Indie,IND,Exports of goods and services (% of GDP),2017-12-31,2017,year,2017-01-01,18.7917648392982,% PKB,annual,observed,https://api.worldbank.org/v2/country/POL;WLD;USA;CHN;DEU;IND;KOR;JPN;GBR;FRA;BRA;EST/indicator/NE.EXP.GNFS.ZS?format=json&per_page=1000,2026-09-28T17:23:24.144Z,{}
NE.EXP.GNFS.ZS,NE.EXP.GNFS.ZS--jpn,Japonia,JPN,Exports of goods and services (% of GDP),2017-12-31,2017,year,2017-01-01,17.2158253394418,% PKB,annual,observed,https://api.worldbank.org/v2/country/POL;WLD;USA;CHN;DEU;IND;KOR;JPN;GBR;FRA;BRA;EST/indicator/NE.EXP.GNFS.ZS?format=json&per_page=1000,2026-09-28T17:23:24.144Z,{}
NE.EXP.GNFS.ZS,NE.EXP.GNFS.ZS--kor,Korea Płd.,KOR,Exports of goods and services (% of GDP),2017-12-31,2017,year,2017-01-01,38.8488899920532,% PKB,annual,observed,https://api.worldbank.org/v2/country/POL;WLD;USA;CHN;DEU;IND;KOR;JPN;GBR;FRA;BRA;EST/indicator/NE.EXP.GNFS.ZS?format=json&per_page=1000,2026-09-28T17:23:24.144Z,{}
NE.EXP.GNFS.ZS,NE.EXP.GNFS.ZS--pol,Polska,POL,Exports of goods and services (% of GDP),2017-12-31,2017,year,2017-01-01,51.6925275786294,% PKB,annual,observed,https://api.worldbank.org/v2/country/POL;WLD;USA;CHN;DEU;IND;KOR;JPN;GBR;FRA;BRA;EST/indicator/NE.EXP.GNFS.ZS?format=json&per_page=1000,2026-09-28T17:23:24.144Z,{}
NE.EXP.GNFS.ZS,NE.EXP.GNFS.ZS--usa,USA,USA,Exports of goods and services (% of GDP),2017-12-31,2017,year,2017-01-01,12.177481026766,% PKB,annual,observed,https://api.worldbank.org/v2/country/POL;WLD;USA;CHN;DEU;IND;KOR;JPN;GBR;FRA;BRA;EST/indicator/NE.EXP.GNFS.ZS?format=json&per_page=1000,2026-09-28T17:23:24.144Z,{}
NE.EXP.GNFS.ZS,NE.EXP.GNFS.ZS--wld,Świat,WLD,Exports of goods and services (% of GDP),2017-12-31,2017,year,2017-01-01,28.0049092375751,% PKB,annual,observed,https://api.worldbank.org/v2/country/POL;WLD;USA;CHN;DEU;IND;KOR;JPN;GBR;FRA;BRA;EST/indicator/NE.EXP.GNFS.ZS?format=json&per_page=1000,2026-09-28T17:23:24.144Z,{}
NE.EXP.GNFS.ZS,NE.EXP.GNFS.ZS--bra,Brazylia,BRA,Exports of goods and services (% of GDP),2018-12-31,2018,year,2018-01-01,14.6349994955075,% PKB,annual,observed,https://api.worldbank.org/v2/country/POL;WLD;USA;CHN;DEU;IND;KOR;JPN;GBR;FRA;BRA;EST/indicator/NE.EXP.GNFS.ZS?format=json&per_page=1000,2026-09-28T17:23:24.144Z,{}
NE.EXP.GNFS.ZS,NE.EXP.GNFS.ZS--chn,Chiny,CHN,Exports of goods and services (% of GDP),2018-12-31,2018,year,2018-01-01,18.770519802938,% PKB,annual,observed,https://api.worldbank.org/v2/country/POL;WLD;USA;CHN;DEU;IND;KOR;JPN;GBR;FRA;BRA;EST/indicator/NE.EXP.GNFS.ZS?format=json&per_page=1000,2026-09-28T17:23:24.144Z,{}
NE.EXP.GNFS.ZS,NE.EXP.GNFS.ZS--deu,Niemcy,DEU,Exports of goods and services (% of GDP),2018-12-31,2018,year,2018-01-01,42.4968914074717,% PKB,annual,observed,https://api.worldbank.org/v2/country/POL;WLD;USA;CHN;DEU;IND;KOR;JPN;GBR;FRA;BRA;EST/indicator/NE.EXP.GNFS.ZS?format=json&per_page=1000,2026-09-28T17:23:24.144Z,{}
NE.EXP.GNFS.ZS,NE.EXP.GNFS.ZS--est,Estonia,EST,Exports of goods and services (% of GDP),2018-12-31,2018,year,2018-01-01,72.9004951572088,% PKB,annual,observed,https://api.worldbank.org/v2/country/POL;WLD;USA;CHN;DEU;IND;KOR;JPN;GBR;FRA;BRA;EST/indicator/NE.EXP.GNFS.ZS?format=json&per_page=1000,2026-09-28T17:23:24.144Z,{}
NE.EXP.GNFS.ZS,NE.EXP.GNFS.ZS--fra,Francja,FRA,Exports of goods and services (% of GDP),2018-12-31,2018,year,2018-01-01,32.9179818922164,% PKB,annual,observed,https://api.worldbank.org/v2/country/POL;WLD;USA;CHN;DEU;IND;KOR;JPN;GBR;FRA;BRA;EST/indicator/NE.EXP.GNFS.ZS?format=json&per_page=1000,2026-09-28T17:23:24.144Z,{}
NE.EXP.GNFS.ZS,NE.EXP.GNFS.ZS--gbr,Wielka Brytania,GBR,Exports of goods and services (% of GDP),2018-12-31,2018,year,2018-01-01,31.854534000688,% PKB,annual,observed,https://api.worldbank.org/v2/country/POL;WLD;USA;CHN;DEU;IND;KOR;JPN;GBR;FRA;BRA;EST/indicator/NE.EXP.GNFS.ZS?format=json&per_page=1000,2026-09-28T17:23:24.144Z,{}
NE.EXP.GNFS.ZS,NE.EXP.GNFS.ZS--ind,Indie,IND,Exports of goods and services (% of GDP),2018-12-31,2018,year,2018-01-01,19.9278285988562,% PKB,annual,observed,https://api.worldbank.org/v2/country/POL;WLD;USA;CHN;DEU;IND;KOR;JPN;GBR;FRA;BRA;EST/indicator/NE.EXP.GNFS.ZS?format=json&per_page=1000,2026-09-28T17:23:24.144Z,{}
NE.EXP.GNFS.ZS,NE.EXP.GNFS.ZS--jpn,Japonia,JPN,Exports of goods and services (% of GDP),2018-12-31,2018,year,2018-01-01,17.9111434788682,% PKB,annual,observed,https://api.worldbank.org/v2/country/POL;WLD;USA;CHN;DEU;IND;KOR;JPN;GBR;FRA;BRA;EST/indicator/NE.EXP.GNFS.ZS?format=json&per_page=1000,2026-09-28T17:23:24.144Z,{}
NE.EXP.GNFS.ZS,NE.EXP.GNFS.ZS--kor,Korea Płd.,KOR,Exports of goods and services (% of GDP),2018-12-31,2018,year,2018-01-01,39.4523497931837,% PKB,annual,observed,https://api.worldbank.org/v2/country/POL;WLD;USA;CHN;DEU;IND;KOR;JPN;GBR;FRA;BRA;EST/indicator/NE.EXP.GNFS.ZS?format=json&per_page=1000,2026-09-28T17:23:24.144Z,{}
NE.EXP.GNFS.ZS,NE.EXP.GNFS.ZS--pol,Polska,POL,Exports of goods and services (% of GDP),2018-12-31,2018,year,2018-01-01,52.232575443975,% PKB,annual,observed,https://api.worldbank.org/v2/country/POL;WLD;USA;CHN;DEU;IND;KOR;JPN;GBR;FRA;BRA;EST/indicator/NE.EXP.GNFS.ZS?format=json&per_page=1000,2026-09-28T17:23:24.144Z,{}
NE.EXP.GNFS.ZS,NE.EXP.GNFS.ZS--usa,USA,USA,Exports of goods and services (% of GDP),2018-12-31,2018,year,2018-01-01,12.2871107596266,% PKB,annual,observed,https://api.worldbank.org/v2/country/POL;WLD;USA;CHN;DEU;IND;KOR;JPN;GBR;FRA;BRA;EST/indicator/NE.EXP.GNFS.ZS?format=json&per_page=1000,2026-09-28T17:23:24.144Z,{}
NE.EXP.GNFS.ZS,NE.EXP.GNFS.ZS--wld,Świat,WLD,Exports of goods and services (% of GDP),2018-12-31,2018,year,2018-01-01,28.8775959880909,% PKB,annual,observed,https://api.worldbank.org/v2/country/POL;WLD;USA;CHN;DEU;IND;KOR;JPN;GBR;FRA;BRA;EST/indicator/NE.EXP.GNFS.ZS?format=json&per_page=1000,2026-09-28T17:23:24.144Z,{}
NE.EXP.GNFS.ZS,NE.EXP.GNFS.ZS--bra,Brazylia,BRA,Exports of goods and services (% of GDP),2019-12-31,2019,year,2019-01-01,14.1229191913178,% PKB,annual,observed,https://api.worldbank.org/v2/country/POL;WLD;USA;CHN;DEU;IND;KOR;JPN;GBR;FRA;BRA;EST/indicator/NE.EXP.GNFS.ZS?format=json&per_page=1000,2026-09-28T17:23:24.144Z,{}
NE.EXP.GNFS.ZS,NE.EXP.GNFS.ZS--chn,Chiny,CHN,Exports of goods and services (% of GDP),2019-12-31,2019,year,2019-01-01,18.1398222864053,% PKB,annual,observed,https://api.worldbank.org/v2/country/POL;WLD;USA;CHN;DEU;IND;KOR;JPN;GBR;FRA;BRA;EST/indicator/NE.EXP.GNFS.ZS?format=json&per_page=1000,2026-09-28T17:23:24.144Z,{}
NE.EXP.GNFS.ZS,NE.EXP.GNFS.ZS--deu,Niemcy,DEU,Exports of goods and services (% of GDP),2019-12-31,2019,year,2019-01-01,42.3402444816356,% PKB,annual,observed,https://api.worldbank.org/v2/country/POL;WLD;USA;CHN;DEU;IND;KOR;JPN;GBR;FRA;BRA;EST/indicator/NE.EXP.GNFS.ZS?format=json&per_page=1000,2026-09-28T17:23:24.144Z,{}
NE.EXP.GNFS.ZS,NE.EXP.GNFS.ZS--est,Estonia,EST,Exports of goods and services (% of GDP),2019-12-31,2019,year,2019-01-01,72.0191543549198,% PKB,annual,observed,https://api.worldbank.org/v2/country/POL;WLD;USA;CHN;DEU;IND;KOR;JPN;GBR;FRA;BRA;EST/indicator/NE.EXP.GNFS.ZS?format=json&per_page=1000,2026-09-28T17:23:24.144Z,{}
NE.EXP.GNFS.ZS,NE.EXP.GNFS.ZS--fra,Francja,FRA,Exports of goods and services (% of GDP),2019-12-31,2019,year,2019-01-01,32.8895429451147,% PKB,annual,observed,https://api.worldbank.org/v2/country/POL;WLD;USA;CHN;DEU;IND;KOR;JPN;GBR;FRA;BRA;EST/indicator/NE.EXP.GNFS.ZS?format=json&per_page=1000,2026-09-28T17:23:24.144Z,{}
NE.EXP.GNFS.ZS,NE.EXP.GNFS.ZS--gbr,Wielka Brytania,GBR,Exports of goods and services (% of GDP),2019-12-31,2019,year,2019-01-01,31.9028602803155,% PKB,annual,observed,https://api.worldbank.org/v2/country/POL;WLD;USA;CHN;DEU;IND;KOR;JPN;GBR;FRA;BRA;EST/indicator/NE.EXP.GNFS.ZS?format=json&per_page=1000,2026-09-28T17:23:24.144Z,{}
NE.EXP.GNFS.ZS,NE.EXP.GNFS.ZS--ind,Indie,IND,Exports of goods and services (% of GDP),2019-12-31,2019,year,2019-01-01,18.664264897257,% PKB,annual,observed,https://api.worldbank.org/v2/country/POL;WLD;USA;CHN;DEU;IND;KOR;JPN;GBR;FRA;BRA;EST/indicator/NE.EXP.GNFS.ZS?format=json&per_page=1000,2026-09-28T17:23:24.144Z,{}
NE.EXP.GNFS.ZS,NE.EXP.GNFS.ZS--jpn,Japonia,JPN,Exports of goods and services (% of GDP),2019-12-31,2019,year,2019-01-01,17.0377974181499,% PKB,annual,observed,https://api.worldbank.org/v2/country/POL;WLD;USA;CHN;DEU;IND;KOR;JPN;GBR;FRA;BRA;EST/indicator/NE.EXP.GNFS.ZS?format=json&per_page=1000,2026-09-28T17:23:24.144Z,{}
NE.EXP.GNFS.ZS,NE.EXP.GNFS.ZS--kor,Korea Płd.,KOR,Exports of goods and services (% of GDP),2019-12-31,2019,year,2019-01-01,37.0413266370488,% PKB,annual,observed,https://api.worldbank.org/v2/country/POL;WLD;USA;CHN;DEU;IND;KOR;JPN;GBR;FRA;BRA;EST/indicator/NE.EXP.GNFS.ZS?format=json&per_page=1000,2026-09-28T17:23:24.144Z,{}
NE.EXP.GNFS.ZS,NE.EXP.GNFS.ZS--pol,Polska,POL,Exports of goods and services (% of GDP),2019-12-31,2019,year,2019-01-01,52.6128934811742,% PKB,annual,observed,https://api.worldbank.org/v2/country/POL;WLD;USA;CHN;DEU;IND;KOR;JPN;GBR;FRA;BRA;EST/indicator/NE.EXP.GNFS.ZS?format=json&per_page=1000,2026-09-28T17:23:24.144Z,{}
NE.EXP.GNFS.ZS,NE.EXP.GNFS.ZS--usa,USA,USA,Exports of goods and services (% of GDP),2019-12-31,2019,year,2019-01-01,11.7891974097286,% PKB,annual,observed,https://api.worldbank.org/v2/country/POL;WLD;USA;CHN;DEU;IND;KOR;JPN;GBR;FRA;BRA;EST/indicator/NE.EXP.GNFS.ZS?format=json&per_page=1000,2026-09-28T17:23:24.144Z,{}
NE.EXP.GNFS.ZS,NE.EXP.GNFS.ZS--wld,Świat,WLD,Exports of goods and services (% of GDP),2019-12-31,2019,year,2019-01-01,27.9427827143405,% PKB,annual,observed,https://api.worldbank.org/v2/country/POL;WLD;USA;CHN;DEU;IND;KOR;JPN;GBR;FRA;BRA;EST/indicator/NE.EXP.GNFS.ZS?format=json&per_page=1000,2026-09-28T17:23:24.144Z,{}
NE.EXP.GNFS.ZS,NE.EXP.GNFS.ZS--bra,Brazylia,BRA,Exports of goods and services (% of GDP),2020-12-31,2020,year,2020-01-01,16.4535520094071,% PKB,annual,observed,https://api.worldbank.org/v2/country/POL;WLD;USA;CHN;DEU;IND;KOR;JPN;GBR;FRA;BRA;EST/indicator/NE.EXP.GNFS.ZS?format=json&per_page=1000,2026-09-28T17:23:24.144Z,{}
NE.EXP.GNFS.ZS,NE.EXP.GNFS.ZS--chn,Chiny,CHN,Exports of goods and services (% of GDP),2020-12-31,2020,year,2020-01-01,18.2696013805051,% PKB,annual,observed,https://api.worldbank.org/v2/country/POL;WLD;USA;CHN;DEU;IND;KOR;JPN;GBR;FRA;BRA;EST/indicator/NE.EXP.GNFS.ZS?format=json&per_page=1000,2026-09-28T17:23:24.144Z,{}
NE.EXP.GNFS.ZS,NE.EXP.GNFS.ZS--deu,Niemcy,DEU,Exports of goods and services (% of GDP),2020-12-31,2020,year,2020-01-01,39.1198068808828,% PKB,annual,observed,https://api.worldbank.org/v2/country/POL;WLD;USA;CHN;DEU;IND;KOR;JPN;GBR;FRA;BRA;EST/indicator/NE.EXP.GNFS.ZS?format=json&per_page=1000,2026-09-28T17:23:24.144Z,{}
NE.EXP.GNFS.ZS,NE.EXP.GNFS.ZS--est,Estonia,EST,Exports of goods and services (% of GDP),2020-12-31,2020,year,2020-01-01,68.1545534058676,% PKB,annual,observed,https://api.worldbank.org/v2/country/POL;WLD;USA;CHN;DEU;IND;KOR;JPN;GBR;FRA;BRA;EST/indicator/NE.EXP.GNFS.ZS?format=json&per_page=1000,2026-09-28T17:23:24.144Z,{}
NE.EXP.GNFS.ZS,NE.EXP.GNFS.ZS--fra,Francja,FRA,Exports of goods and services (% of GDP),2020-12-31,2020,year,2020-01-01,28.5572228192655,% PKB,annual,observed,https://api.worldbank.org/v2/country/POL;WLD;USA;CHN;DEU;IND;KOR;JPN;GBR;FRA;BRA;EST/indicator/NE.EXP.GNFS.ZS?format=json&per_page=1000,2026-09-28T17:23:24.144Z,{}
NE.EXP.GNFS.ZS,NE.EXP.GNFS.ZS--gbr,Wielka Brytania,GBR,Exports of goods and services (% of GDP),2020-12-31,2020,year,2020-01-01,29.9486520576829,% PKB,annual,observed,https://api.worldbank.org/v2/country/POL;WLD;USA;CHN;DEU;IND;KOR;JPN;GBR;FRA;BRA;EST/indicator/NE.EXP.GNFS.ZS?format=json&per_page=1000,2026-09-28T17:23:24.144Z,{}
NE.EXP.GNFS.ZS,NE.EXP.GNFS.ZS--ind,Indie,IND,Exports of goods and services (% of GDP),2020-12-31,2020,year,2020-01-01,18.6824769296756,% PKB,annual,observed,https://api.worldbank.org/v2/country/POL;WLD;USA;CHN;DEU;IND;KOR;JPN;GBR;FRA;BRA;EST/indicator/NE.EXP.GNFS.ZS?format=json&per_page=1000,2026-09-28T17:23:24.144Z,{}
NE.EXP.GNFS.ZS,NE.EXP.GNFS.ZS--jpn,Japonia,JPN,Exports of goods and services (% of GDP),2020-12-31,2020,year,2020-01-01,15.1286902986314,% PKB,annual,observed,https://api.worldbank.org/v2/country/POL;WLD;USA;CHN;DEU;IND;KOR;JPN;GBR;FRA;BRA;EST/indicator/NE.EXP.GNFS.ZS?format=json&per_page=1000,2026-09-28T17:23:24.144Z,{}
NE.EXP.GNFS.ZS,NE.EXP.GNFS.ZS--kor,Korea Płd.,KOR,Exports of goods and services (% of GDP),2020-12-31,2020,year,2020-01-01,34.6152001987888,% PKB,annual,observed,https://api.worldbank.org/v2/country/POL;WLD;USA;CHN;DEU;IND;KOR;JPN;GBR;FRA;BRA;EST/indicator/NE.EXP.GNFS.ZS?format=json&per_page=1000,2026-09-28T17:23:24.144Z,{}
NE.EXP.GNFS.ZS,NE.EXP.GNFS.ZS--pol,Polska,POL,Exports of goods and services (% of GDP),2020-12-31,2020,year,2020-01-01,52.4338855199248,% PKB,annual,observed,https://api.worldbank.org/v2/country/POL;WLD;USA;CHN;DEU;IND;KOR;JPN;GBR;FRA;BRA;EST/indicator/NE.EXP.GNFS.ZS?format=json&per_page=1000,2026-09-28T17:23:24.144Z,{}
NE.EXP.GNFS.ZS,NE.EXP.GNFS.ZS--usa,USA,USA,Exports of goods and services (% of GDP),2020-12-31,2020,year,2020-01-01,10.1230809550527,% PKB,annual,observed,https://api.worldbank.org/v2/country/POL;WLD;USA;CHN;DEU;IND;KOR;JPN;GBR;FRA;BRA;EST/indicator/NE.EXP.GNFS.ZS?format=json&per_page=1000,2026-09-28T17:23:24.144Z,{}
NE.EXP.GNFS.ZS,NE.EXP.GNFS.ZS--wld,Świat,WLD,Exports of goods and services (% of GDP),2020-12-31,2020,year,2020-01-01,26.0288825961024,% PKB,annual,observed,https://api.worldbank.org/v2/country/POL;WLD;USA;CHN;DEU;IND;KOR;JPN;GBR;FRA;BRA;EST/indicator/NE.EXP.GNFS.ZS?format=json&per_page=1000,2026-09-28T17:23:24.144Z,{}
NE.EXP.GNFS.ZS,NE.EXP.GNFS.ZS--bra,Brazylia,BRA,Exports of goods and services (% of GDP),2021-12-31,2021,year,2021-01-01,19.1094303688709,% PKB,annual,observed,https://api.worldbank.org/v2/country/POL;WLD;USA;CHN;DEU;IND;KOR;JPN;GBR;FRA;BRA;EST/indicator/NE.EXP.GNFS.ZS?format=json&per_page=1000,2026-09-28T17:23:24.144Z,{}
NE.EXP.GNFS.ZS,NE.EXP.GNFS.ZS--chn,Chiny,CHN,Exports of goods and services (% of GDP),2021-12-31,2021,year,2021-01-01,19.4350556514909,% PKB,annual,observed,https://api.worldbank.org/v2/country/POL;WLD;USA;CHN;DEU;IND;KOR;JPN;GBR;FRA;BRA;EST/indicator/NE.EXP.GNFS.ZS?format=json&per_page=1000,2026-09-28T17:23:24.144Z,{}
NE.EXP.GNFS.ZS,NE.EXP.GNFS.ZS--deu,Niemcy,DEU,Exports of goods and services (% of GDP),2021-12-31,2021,year,2021-01-01,42.5198379291429,% PKB,annual,observed,https://api.worldbank.org/v2/country/POL;WLD;USA;CHN;DEU;IND;KOR;JPN;GBR;FRA;BRA;EST/indicator/NE.EXP.GNFS.ZS?format=json&per_page=1000,2026-09-28T17:23:24.144Z,{}
NE.EXP.GNFS.ZS,NE.EXP.GNFS.ZS--est,Estonia,EST,Exports of goods and services (% of GDP),2021-12-31,2021,year,2021-01-01,79.6159088233408,% PKB,annual,observed,https://api.worldbank.org/v2/country/POL;WLD;USA;CHN;DEU;IND;KOR;JPN;GBR;FRA;BRA;EST/indicator/NE.EXP.GNFS.ZS?format=json&per_page=1000,2026-09-28T17:23:24.144Z,{}
NE.EXP.GNFS.ZS,NE.EXP.GNFS.ZS--fra,Francja,FRA,Exports of goods and services (% of GDP),2021-12-31,2021,year,2021-01-01,31.2880499332105,% PKB,annual,observed,https://api.worldbank.org/v2/country/POL;WLD;USA;CHN;DEU;IND;KOR;JPN;GBR;FRA;BRA;EST/indicator/NE.EXP.GNFS.ZS?format=json&per_page=1000,2026-09-28T17:23:24.144Z,{}
NE.EXP.GNFS.ZS,NE.EXP.GNFS.ZS--gbr,Wielka Brytania,GBR,Exports of goods and services (% of GDP),2021-12-31,2021,year,2021-01-01,29.2894071087705,% PKB,annual,observed,https://api.worldbank.org/v2/country/POL;WLD;USA;CHN;DEU;IND;KOR;JPN;GBR;FRA;BRA;EST/indicator/NE.EXP.GNFS.ZS?format=json&per_page=1000,2026-09-28T17:23:24.144Z,{}
NE.EXP.GNFS.ZS,NE.EXP.GNFS.ZS--ind,Indie,IND,Exports of goods and services (% of GDP),2021-12-31,2021,year,2021-01-01,21.3991583305515,% PKB,annual,observed,https://api.worldbank.org/v2/country/POL;WLD;USA;CHN;DEU;IND;KOR;JPN;GBR;FRA;BRA;EST/indicator/NE.EXP.GNFS.ZS?format=json&per_page=1000,2026-09-28T17:23:24.144Z,{}
NE.EXP.GNFS.ZS,NE.EXP.GNFS.ZS--jpn,Japonia,JPN,Exports of goods and services (% of GDP),2021-12-31,2021,year,2021-01-01,17.4619853799579,% PKB,annual,observed,https://api.worldbank.org/v2/country/POL;WLD;USA;CHN;DEU;IND;KOR;JPN;GBR;FRA;BRA;EST/indicator/NE.EXP.GNFS.ZS?format=json&per_page=1000,2026-09-28T17:23:24.144Z,{}
NE.EXP.GNFS.ZS,NE.EXP.GNFS.ZS--kor,Korea Płd.,KOR,Exports of goods and services (% of GDP),2021-12-31,2021,year,2021-01-01,39.3388192669479,% PKB,annual,observed,https://api.worldbank.org/v2/country/POL;WLD;USA;CHN;DEU;IND;KOR;JPN;GBR;FRA;BRA;EST/indicator/NE.EXP.GNFS.ZS?format=json&per_page=1000,2026-09-28T17:23:24.144Z,{}
NE.EXP.GNFS.ZS,NE.EXP.GNFS.ZS--pol,Polska,POL,Exports of goods and services (% of GDP),2021-12-31,2021,year,2021-01-01,57.0379760723016,% PKB,annual,observed,https://api.worldbank.org/v2/country/POL;WLD;USA;CHN;DEU;IND;KOR;JPN;GBR;FRA;BRA;EST/indicator/NE.EXP.GNFS.ZS?format=json&per_page=1000,2026-09-28T17:23:24.144Z,{}
NE.EXP.GNFS.ZS,NE.EXP.GNFS.ZS--usa,USA,USA,Exports of goods and services (% of GDP),2021-12-31,2021,year,2021-01-01,10.8266687797107,% PKB,annual,observed,https://api.worldbank.org/v2/country/POL;WLD;USA;CHN;DEU;IND;KOR;JPN;GBR;FRA;BRA;EST/indicator/NE.EXP.GNFS.ZS?format=json&per_page=1000,2026-09-28T17:23:24.144Z,{}
NE.EXP.GNFS.ZS,NE.EXP.GNFS.ZS--wld,Świat,WLD,Exports of goods and services (% of GDP),2021-12-31,2021,year,2021-01-01,28.4640230985895,% PKB,annual,observed,https://api.worldbank.org/v2/country/POL;WLD;USA;CHN;DEU;IND;KOR;JPN;GBR;FRA;BRA;EST/indicator/NE.EXP.GNFS.ZS?format=json&per_page=1000,2026-09-28T17:23:24.144Z,{}
NE.EXP.GNFS.ZS,NE.EXP.GNFS.ZS--bra,Brazylia,BRA,Exports of goods and services (% of GDP),2022-12-31,2022,year,2022-01-01,19.6307650034371,% PKB,annual,observed,https://api.worldbank.org/v2/country/POL;WLD;USA;CHN;DEU;IND;KOR;JPN;GBR;FRA;BRA;EST/indicator/NE.EXP.GNFS.ZS?format=json&per_page=1000,2026-09-28T17:23:24.144Z,{}
NE.EXP.GNFS.ZS,NE.EXP.GNFS.ZS--chn,Chiny,CHN,Exports of goods and services (% of GDP),2022-12-31,2022,year,2022-01-01,20.227756033041,% PKB,annual,observed,https://api.worldbank.org/v2/country/POL;WLD;USA;CHN;DEU;IND;KOR;JPN;GBR;FRA;BRA;EST/indicator/NE.EXP.GNFS.ZS?format=json&per_page=1000,2026-09-28T17:23:24.144Z,{}
NE.EXP.GNFS.ZS,NE.EXP.GNFS.ZS--deu,Niemcy,DEU,Exports of goods and services (% of GDP),2022-12-31,2022,year,2022-01-01,45.6284043425185,% PKB,annual,observed,https://api.worldbank.org/v2/country/POL;WLD;USA;CHN;DEU;IND;KOR;JPN;GBR;FRA;BRA;EST/indicator/NE.EXP.GNFS.ZS?format=json&per_page=1000,2026-09-28T17:23:24.144Z,{}
NE.EXP.GNFS.ZS,NE.EXP.GNFS.ZS--est,Estonia,EST,Exports of goods and services (% of GDP),2022-12-31,2022,year,2022-01-01,87.4299380839503,% PKB,annual,observed,https://api.worldbank.org/v2/country/POL;WLD;USA;CHN;DEU;IND;KOR;JPN;GBR;FRA;BRA;EST/indicator/NE.EXP.GNFS.ZS?format=json&per_page=1000,2026-09-28T17:23:24.144Z,{}
NE.EXP.GNFS.ZS,NE.EXP.GNFS.ZS--fra,Francja,FRA,Exports of goods and services (% of GDP),2022-12-31,2022,year,2022-01-01,36.6160484268785,% PKB,annual,observed,https://api.worldbank.org/v2/country/POL;WLD;USA;CHN;DEU;IND;KOR;JPN;GBR;FRA;BRA;EST/indicator/NE.EXP.GNFS.ZS?format=json&per_page=1000,2026-09-28T17:23:24.144Z,{}
NE.EXP.GNFS.ZS,NE.EXP.GNFS.ZS--gbr,Wielka Brytania,GBR,Exports of goods and services (% of GDP),2022-12-31,2022,year,2022-01-01,34.0619283837069,% PKB,annual,observed,https://api.worldbank.org/v2/country/POL;WLD;USA;CHN;DEU;IND;KOR;JPN;GBR;FRA;BRA;EST/indicator/NE.EXP.GNFS.ZS?format=json&per_page=1000,2026-09-28T17:23:24.144Z,{}
NE.EXP.GNFS.ZS,NE.EXP.GNFS.ZS--ind,Indie,IND,Exports of goods and services (% of GDP),2022-12-31,2022,year,2022-01-01,24.0401716365956,% PKB,annual,observed,https://api.worldbank.org/v2/country/POL;WLD;USA;CHN;DEU;IND;KOR;JPN;GBR;FRA;BRA;EST/indicator/NE.EXP.GNFS.ZS?format=json&per_page=1000,2026-09-28T17:23:24.144Z,{}
NE.EXP.GNFS.ZS,NE.EXP.GNFS.ZS--jpn,Japonia,JPN,Exports of goods and services (% of GDP),2022-12-31,2022,year,2022-01-01,20.647867347033,% PKB,annual,observed,https://api.worldbank.org/v2/country/POL;WLD;USA;CHN;DEU;IND;KOR;JPN;GBR;FRA;BRA;EST/indicator/NE.EXP.GNFS.ZS?format=json&per_page=1000,2026-09-28T17:23:24.144Z,{}
NE.EXP.GNFS.ZS,NE.EXP.GNFS.ZS--kor,Korea Płd.,KOR,Exports of goods and services (% of GDP),2022-12-31,2022,year,2022-01-01,45.294860984133,% PKB,annual,observed,https://api.worldbank.org/v2/country/POL;WLD;USA;CHN;DEU;IND;KOR;JPN;GBR;FRA;BRA;EST/indicator/NE.EXP.GNFS.ZS?format=json&per_page=1000,2026-09-28T17:23:24.144Z,{}
NE.EXP.GNFS.ZS,NE.EXP.GNFS.ZS--pol,Polska,POL,Exports of goods and services (% of GDP),2022-12-31,2022,year,2022-01-01,62.3525162455456,% PKB,annual,observed,https://api.worldbank.org/v2/country/POL;WLD;USA;CHN;DEU;IND;KOR;JPN;GBR;FRA;BRA;EST/indicator/NE.EXP.GNFS.ZS?format=json&per_page=1000,2026-09-28T17:23:24.144Z,{}
NE.EXP.GNFS.ZS,NE.EXP.GNFS.ZS--usa,USA,USA,Exports of goods and services (% of GDP),2022-12-31,2022,year,2022-01-01,11.6540970440015,% PKB,annual,observed,https://api.worldbank.org/v2/country/POL;WLD;USA;CHN;DEU;IND;KOR;JPN;GBR;FRA;BRA;EST/indicator/NE.EXP.GNFS.ZS?format=json&per_page=1000,2026-09-28T17:23:24.144Z,{}
NE.EXP.GNFS.ZS,NE.EXP.GNFS.ZS--wld,Świat,WLD,Exports of goods and services (% of GDP),2022-12-31,2022,year,2022-01-01,30.7214011310868,% PKB,annual,observed,https://api.worldbank.org/v2/country/POL;WLD;USA;CHN;DEU;IND;KOR;JPN;GBR;FRA;BRA;EST/indicator/NE.EXP.GNFS.ZS?format=json&per_page=1000,2026-09-28T17:23:24.144Z,{}
NE.EXP.GNFS.ZS,NE.EXP.GNFS.ZS--bra,Brazylia,BRA,Exports of goods and services (% of GDP),2023-12-31,2023,year,2023-01-01,17.9693243032741,% PKB,annual,observed,https://api.worldbank.org/v2/country/POL;WLD;USA;CHN;DEU;IND;KOR;JPN;GBR;FRA;BRA;EST/indicator/NE.EXP.GNFS.ZS?format=json&per_page=1000,2026-09-28T17:23:24.144Z,{}
NE.EXP.GNFS.ZS,NE.EXP.GNFS.ZS--chn,Chiny,CHN,Exports of goods and services (% of GDP),2023-12-31,2023,year,2023-01-01,19.4023091648376,% PKB,annual,observed,https://api.worldbank.org/v2/country/POL;WLD;USA;CHN;DEU;IND;KOR;JPN;GBR;FRA;BRA;EST/indicator/NE.EXP.GNFS.ZS?format=json&per_page=1000,2026-09-28T17:23:24.144Z,{}
NE.EXP.GNFS.ZS,NE.EXP.GNFS.ZS--deu,Niemcy,DEU,Exports of goods and services (% of GDP),2023-12-31,2023,year,2023-01-01,42.9672624196847,% PKB,annual,observed,https://api.worldbank.org/v2/country/POL;WLD;USA;CHN;DEU;IND;KOR;JPN;GBR;FRA;BRA;EST/indicator/NE.EXP.GNFS.ZS?format=json&per_page=1000,2026-09-28T17:23:24.144Z,{}
NE.EXP.GNFS.ZS,NE.EXP.GNFS.ZS--est,Estonia,EST,Exports of goods and services (% of GDP),2023-12-31,2023,year,2023-01-01,77.7746597010983,% PKB,annual,observed,https://api.worldbank.org/v2/country/POL;WLD;USA;CHN;DEU;IND;KOR;JPN;GBR;FRA;BRA;EST/indicator/NE.EXP.GNFS.ZS?format=json&per_page=1000,2026-09-28T17:23:24.144Z,{}
NE.EXP.GNFS.ZS,NE.EXP.GNFS.ZS--fra,Francja,FRA,Exports of goods and services (% of GDP),2023-12-31,2023,year,2023-01-01,34.4562568778842,% PKB,annual,observed,https://api.worldbank.org/v2/country/POL;WLD;USA;CHN;DEU;IND;KOR;JPN;GBR;FRA;BRA;EST/indicator/NE.EXP.GNFS.ZS?format=json&per_page=1000,2026-09-28T17:23:24.144Z,{}
NE.EXP.GNFS.ZS,NE.EXP.GNFS.ZS--gbr,Wielka Brytania,GBR,Exports of goods and services (% of GDP),2023-12-31,2023,year,2023-01-01,31.9122697629938,% PKB,annual,observed,https://api.worldbank.org/v2/country/POL;WLD;USA;CHN;DEU;IND;KOR;JPN;GBR;FRA;BRA;EST/indicator/NE.EXP.GNFS.ZS?format=json&per_page=1000,2026-09-28T17:23:24.144Z,{}
NE.EXP.GNFS.ZS,NE.EXP.GNFS.ZS--ind,Indie,IND,Exports of goods and services (% of GDP),2023-12-31,2023,year,2023-01-01,22.354801966733,% PKB,annual,observed,https://api.worldbank.org/v2/country/POL;WLD;USA;CHN;DEU;IND;KOR;JPN;GBR;FRA;BRA;EST/indicator/NE.EXP.GNFS.ZS?format=json&per_page=1000,2026-09-28T17:23:24.144Z,{}
NE.EXP.GNFS.ZS,NE.EXP.GNFS.ZS--jpn,Japonia,JPN,Exports of goods and services (% of GDP),2023-12-31,2023,year,2023-01-01,21.0593101343597,% PKB,annual,observed,https://api.worldbank.org/v2/country/POL;WLD;USA;CHN;DEU;IND;KOR;JPN;GBR;FRA;BRA;EST/indicator/NE.EXP.GNFS.ZS?format=json&per_page=1000,2026-09-28T17:23:24.144Z,{}
NE.EXP.GNFS.ZS,NE.EXP.GNFS.ZS--kor,Korea Płd.,KOR,Exports of goods and services (% of GDP),2023-12-31,2023,year,2023-01-01,41.3214807367697,% PKB,annual,observed,https://api.worldbank.org/v2/country/POL;WLD;USA;CHN;DEU;IND;KOR;JPN;GBR;FRA;BRA;EST/indicator/NE.EXP.GNFS.ZS?format=json&per_page=1000,2026-09-28T17:23:24.144Z,{}
NE.EXP.GNFS.ZS,NE.EXP.GNFS.ZS--pol,Polska,POL,Exports of goods and services (% of GDP),2023-12-31,2023,year,2023-01-01,57.8812710195434,% PKB,annual,observed,https://api.worldbank.org/v2/country/POL;WLD;USA;CHN;DEU;IND;KOR;JPN;GBR;FRA;BRA;EST/indicator/NE.EXP.GNFS.ZS?format=json&per_page=1000,2026-09-28T17:23:24.144Z,{}
NE.EXP.GNFS.ZS,NE.EXP.GNFS.ZS--usa,USA,USA,Exports of goods and services (% of GDP),2023-12-31,2023,year,2023-01-01,11.0506737190927,% PKB,annual,observed,https://api.worldbank.org/v2/country/POL;WLD;USA;CHN;DEU;IND;KOR;JPN;GBR;FRA;BRA;EST/indicator/NE.EXP.GNFS.ZS?format=json&per_page=1000,2026-09-28T17:23:24.144Z,{}
NE.EXP.GNFS.ZS,NE.EXP.GNFS.ZS--wld,Świat,WLD,Exports of goods and services (% of GDP),2023-12-31,2023,year,2023-01-01,29.0719076019522,% PKB,annual,observed,https://api.worldbank.org/v2/country/POL;WLD;USA;CHN;DEU;IND;KOR;JPN;GBR;FRA;BRA;EST/indicator/NE.EXP.GNFS.ZS?format=json&per_page=1000,2026-09-28T17:23:24.144Z,{}
NE.EXP.GNFS.ZS,NE.EXP.GNFS.ZS--bra,Brazylia,BRA,Exports of goods and services (% of GDP),2024-12-31,2024,year,2024-01-01,17.9385794398559,% PKB,annual,observed,https://api.worldbank.org/v2/country/POL;WLD;USA;CHN;DEU;IND;KOR;JPN;GBR;FRA;BRA;EST/indicator/NE.EXP.GNFS.ZS?format=json&per_page=1000,2026-09-28T17:23:24.144Z,{}
NE.EXP.GNFS.ZS,NE.EXP.GNFS.ZS--chn,Chiny,CHN,Exports of goods and services (% of GDP),2024-12-31,2024,year,2024-01-01,20.4428283665891,% PKB,annual,observed,https://api.worldbank.org/v2/country/POL;WLD;USA;CHN;DEU;IND;KOR;JPN;GBR;FRA;BRA;EST/indicator/NE.EXP.GNFS.ZS?format=json&per_page=1000,2026-09-28T17:23:24.144Z,{}
NE.EXP.GNFS.ZS,NE.EXP.GNFS.ZS--deu,Niemcy,DEU,Exports of goods and services (% of GDP),2024-12-31,2024,year,2024-01-01,41.4340593720908,% PKB,annual,observed,https://api.worldbank.org/v2/country/POL;WLD;USA;CHN;DEU;IND;KOR;JPN;GBR;FRA;BRA;EST/indicator/NE.EXP.GNFS.ZS?format=json&per_page=1000,2026-09-28T17:23:24.144Z,{}
NE.EXP.GNFS.ZS,NE.EXP.GNFS.ZS--est,Estonia,EST,Exports of goods and services (% of GDP),2024-12-31,2024,year,2024-01-01,75.6694833213142,% PKB,annual,observed,https://api.worldbank.org/v2/country/POL;WLD;USA;CHN;DEU;IND;KOR;JPN;GBR;FRA;BRA;EST/indicator/NE.EXP.GNFS.ZS?format=json&per_page=1000,2026-09-28T17:23:24.144Z,{}
NE.EXP.GNFS.ZS,NE.EXP.GNFS.ZS--fra,Francja,FRA,Exports of goods and services (% of GDP),2024-12-31,2024,year,2024-01-01,33.8897542343832,% PKB,annual,observed,https://api.worldbank.org/v2/country/POL;WLD;USA;CHN;DEU;IND;KOR;JPN;GBR;FRA;BRA;EST/indicator/NE.EXP.GNFS.ZS?format=json&per_page=1000,2026-09-28T17:23:24.144Z,{}
NE.EXP.GNFS.ZS,NE.EXP.GNFS.ZS--gbr,Wielka Brytania,GBR,Exports of goods and services (% of GDP),2024-12-31,2024,year,2024-01-01,31.0561435739375,% PKB,annual,observed,https://api.worldbank.org/v2/country/POL;WLD;USA;CHN;DEU;IND;KOR;JPN;GBR;FRA;BRA;EST/indicator/NE.EXP.GNFS.ZS?format=json&per_page=1000,2026-09-28T17:23:24.144Z,{}
NE.EXP.GNFS.ZS,NE.EXP.GNFS.ZS--ind,Indie,IND,Exports of goods and services (% of GDP),2024-12-31,2024,year,2024-01-01,22.0639816354399,% PKB,annual,observed,https://api.worldbank.org/v2/country/POL;WLD;USA;CHN;DEU;IND;KOR;JPN;GBR;FRA;BRA;EST/indicator/NE.EXP.GNFS.ZS?format=json&per_page=1000,2026-09-28T17:23:24.144Z,{}
NE.EXP.GNFS.ZS,NE.EXP.GNFS.ZS--jpn,Japonia,JPN,Exports of goods and services (% of GDP),2024-12-31,2024,year,2024-01-01,21.9799093698461,% PKB,annual,observed,https://api.worldbank.org/v2/country/POL;WLD;USA;CHN;DEU;IND;KOR;JPN;GBR;FRA;BRA;EST/indicator/NE.EXP.GNFS.ZS?format=json&per_page=1000,2026-09-28T17:23:24.144Z,{}
NE.EXP.GNFS.ZS,NE.EXP.GNFS.ZS--kor,Korea Płd.,KOR,Exports of goods and services (% of GDP),2024-12-31,2024,year,2024-01-01,44.3582383593234,% PKB,annual,observed,https://api.worldbank.org/v2/country/POL;WLD;USA;CHN;DEU;IND;KOR;JPN;GBR;FRA;BRA;EST/indicator/NE.EXP.GNFS.ZS?format=json&per_page=1000,2026-09-28T17:23:24.144Z,{}
NE.EXP.GNFS.ZS,NE.EXP.GNFS.ZS--pol,Polska,POL,Exports of goods and services (% of GDP),2024-12-31,2024,year,2024-01-01,52.1798133919011,% PKB,annual,observed,https://api.worldbank.org/v2/country/POL;WLD;USA;CHN;DEU;IND;KOR;JPN;GBR;FRA;BRA;EST/indicator/NE.EXP.GNFS.ZS?format=json&per_page=1000,2026-09-28T17:23:24.144Z,{}
NE.EXP.GNFS.ZS,NE.EXP.GNFS.ZS--usa,USA,USA,Exports of goods and services (% of GDP),2024-12-31,2024,year,2024-01-01,10.97469647515,% PKB,annual,observed,https://api.worldbank.org/v2/country/POL;WLD;USA;CHN;DEU;IND;KOR;JPN;GBR;FRA;BRA;EST/indicator/NE.EXP.GNFS.ZS?format=json&per_page=1000,2026-09-28T17:23:24.144Z,{}
NE.EXP.GNFS.ZS,NE.EXP.GNFS.ZS--wld,Świat,WLD,Exports of goods and services (% of GDP),2024-12-31,2024,year,2024-01-01,29.0778030379811,% PKB,annual,observed,https://api.worldbank.org/v2/country/POL;WLD;USA;CHN;DEU;IND;KOR;JPN;GBR;FRA;BRA;EST/indicator/NE.EXP.GNFS.ZS?format=json&per_page=1000,2026-09-28T17:23:24.144Z,{}
NE.EXP.GNFS.ZS,NE.EXP.GNFS.ZS--bra,Brazylia,BRA,Exports of goods and services (% of GDP),2025-12-31,2025,year,2025-01-01,17.8207228961707,% PKB,annual,observed,https://api.worldbank.org/v2/country/POL;WLD;USA;CHN;DEU;IND;KOR;JPN;GBR;FRA;BRA;EST/indicator/NE.EXP.GNFS.ZS?format=json&per_page=1000,2026-09-28T17:23:24.144Z,{}
NE.EXP.GNFS.ZS,NE.EXP.GNFS.ZS--chn,Chiny,CHN,Exports of goods and services (% of GDP),2025-12-31,2025,year,2025-01-01,21.0711983566772,% PKB,annual,observed,https://api.worldbank.org/v2/country/POL;WLD;USA;CHN;DEU;IND;KOR;JPN;GBR;FRA;BRA;EST/indicator/NE.EXP.GNFS.ZS?format=json&per_page=1000,2026-09-28T17:23:24.144Z,{}
NE.EXP.GNFS.ZS,NE.EXP.GNFS.ZS--deu,Niemcy,DEU,Exports of goods and services (% of GDP),2025-12-31,2025,year,2025-01-01,40.4347738545071,% PKB,annual,observed,https://api.worldbank.org/v2/country/POL;WLD;USA;CHN;DEU;IND;KOR;JPN;GBR;FRA;BRA;EST/indicator/NE.EXP.GNFS.ZS?format=json&per_page=1000,2026-09-28T17:23:24.144Z,{}
NE.EXP.GNFS.ZS,NE.EXP.GNFS.ZS--est,Estonia,EST,Exports of goods and services (% of GDP),2025-12-31,2025,year,2025-01-01,78.3623550209044,% PKB,annual,observed,https://api.worldbank.org/v2/country/POL;WLD;USA;CHN;DEU;IND;KOR;JPN;GBR;FRA;BRA;EST/indicator/NE.EXP.GNFS.ZS?format=json&per_page=1000,2026-09-28T17:23:24.144Z,{}
NE.EXP.GNFS.ZS,NE.EXP.GNFS.ZS--fra,Francja,FRA,Exports of goods and services (% of GDP),2025-12-31,2025,year,2025-01-01,33.3928225145364,% PKB,annual,observed,https://api.worldbank.org/v2/country/POL;WLD;USA;CHN;DEU;IND;KOR;JPN;GBR;FRA;BRA;EST/indicator/NE.EXP.GNFS.ZS?format=json&per_page=1000,2026-09-28T17:23:24.144Z,{}
NE.EXP.GNFS.ZS,NE.EXP.GNFS.ZS--gbr,Wielka Brytania,GBR,Exports of goods and services (% of GDP),2025-12-31,2025,year,2025-01-01,30.5969582161816,% PKB,annual,observed,https://api.worldbank.org/v2/country/POL;WLD;USA;CHN;DEU;IND;KOR;JPN;GBR;FRA;BRA;EST/indicator/NE.EXP.GNFS.ZS?format=json&per_page=1000,2026-09-28T17:23:24.144Z,{}
NE.EXP.GNFS.ZS,NE.EXP.GNFS.ZS--ind,Indie,IND,Exports of goods and services (% of GDP),2025-12-31,2025,year,2025-01-01,22.2630410669804,% PKB,annual,observed,https://api.worldbank.org/v2/country/POL;WLD;USA;CHN;DEU;IND;KOR;JPN;GBR;FRA;BRA;EST/indicator/NE.EXP.GNFS.ZS?format=json&per_page=1000,2026-09-28T17:23:24.144Z,{}
NE.EXP.GNFS.ZS,NE.EXP.GNFS.ZS--jpn,Japonia,JPN,Exports of goods and services (% of GDP),2025-12-31,2025,year,2025-01-01,,% PKB,annual,observed,https://api.worldbank.org/v2/country/POL;WLD;USA;CHN;DEU;IND;KOR;JPN;GBR;FRA;BRA;EST/indicator/NE.EXP.GNFS.ZS?format=json&per_page=1000,2026-09-28T17:23:24.144Z,{}
NE.EXP.GNFS.ZS,NE.EXP.GNFS.ZS--kor,Korea Płd.,KOR,Exports of goods and services (% of GDP),2025-12-31,2025,year,2025-01-01,45.7630385215931,% PKB,annual,observed,https://api.worldbank.org/v2/country/POL;WLD;USA;CHN;DEU;IND;KOR;JPN;GBR;FRA;BRA;EST/indicator/NE.EXP.GNFS.ZS?format=json&per_page=1000,2026-09-28T17:23:24.144Z,{}
NE.EXP.GNFS.ZS,NE.EXP.GNFS.ZS--pol,Polska,POL,Exports of goods and services (% of GDP),2025-12-31,2025,year,2025-01-01,49.9505650987029,% PKB,annual,observed,https://api.worldbank.org/v2/country/POL;WLD;USA;CHN;DEU;IND;KOR;JPN;GBR;FRA;BRA;EST/indicator/NE.EXP.GNFS.ZS?format=json&per_page=1000,2026-09-28T17:23:24.144Z,{}
NE.EXP.GNFS.ZS,NE.EXP.GNFS.ZS--usa,USA,USA,Exports of goods and services (% of GDP),2025-12-31,2025,year,2025-01-01,,% PKB,annual,observed,https://api.worldbank.org/v2/country/POL;WLD;USA;CHN;DEU;IND;KOR;JPN;GBR;FRA;BRA;EST/indicator/NE.EXP.GNFS.ZS?format=json&per_page=1000,2026-09-28T17:23:24.144Z,{}
NE.EXP.GNFS.ZS,NE.EXP.GNFS.ZS--wld,Świat,WLD,Exports of goods and services (% of GDP),2025-12-31,2025,year,2025-01-01,29.4807508820934,% PKB,annual,observed,https://api.worldbank.org/v2/country/POL;WLD;USA;CHN;DEU;IND;KOR;JPN;GBR;FRA;BRA;EST/indicator/NE.EXP.GNFS.ZS?format=json&per_page=1000,2026-09-28T17:23:24.144Z,{}
