topic_id,series_id,series_name,entity,metric,date,period,date_precision,period_start,value,unit,frequency,kind,source_url,retrieved_at,attributes_json
NY.GDP.PCAP.KD,NY.GDP.PCAP.KD--bra,Brazylia,BRA,GDP per capita (constant 2015 US$),1960-12-31,1960,year,1960-01-01,2603.51901042994,USD 2015 / osobę,annual,observed,https://api.worldbank.org/v2/country/POL;WLD;USA;CHN;DEU;IND;KOR;JPN;GBR;FRA;BRA;EST/indicator/NY.GDP.PCAP.KD?format=json&per_page=1000,2026-09-28T17:23:20.303Z,{}
NY.GDP.PCAP.KD,NY.GDP.PCAP.KD--chn,Chiny,CHN,GDP per capita (constant 2015 US$),1960-12-31,1960,year,1960-01-01,241.382661446948,USD 2015 / osobę,annual,observed,https://api.worldbank.org/v2/country/POL;WLD;USA;CHN;DEU;IND;KOR;JPN;GBR;FRA;BRA;EST/indicator/NY.GDP.PCAP.KD?format=json&per_page=1000,2026-09-28T17:23:20.303Z,{}
NY.GDP.PCAP.KD,NY.GDP.PCAP.KD--deu,Niemcy,DEU,GDP per capita (constant 2015 US$),1960-12-31,1960,year,1960-01-01,12606.9442517416,USD 2015 / osobę,annual,observed,https://api.worldbank.org/v2/country/POL;WLD;USA;CHN;DEU;IND;KOR;JPN;GBR;FRA;BRA;EST/indicator/NY.GDP.PCAP.KD?format=json&per_page=1000,2026-09-28T17:23:20.303Z,{}
NY.GDP.PCAP.KD,NY.GDP.PCAP.KD--est,Estonia,EST,GDP per capita (constant 2015 US$),1960-12-31,1960,year,1960-01-01,,USD 2015 / osobę,annual,observed,https://api.worldbank.org/v2/country/POL;WLD;USA;CHN;DEU;IND;KOR;JPN;GBR;FRA;BRA;EST/indicator/NY.GDP.PCAP.KD?format=json&per_page=1000,2026-09-28T17:23:20.303Z,{}
NY.GDP.PCAP.KD,NY.GDP.PCAP.KD--fra,Francja,FRA,GDP per capita (constant 2015 US$),1960-12-31,1960,year,1960-01-01,10776.1233606616,USD 2015 / osobę,annual,observed,https://api.worldbank.org/v2/country/POL;WLD;USA;CHN;DEU;IND;KOR;JPN;GBR;FRA;BRA;EST/indicator/NY.GDP.PCAP.KD?format=json&per_page=1000,2026-09-28T17:23:20.303Z,{}
NY.GDP.PCAP.KD,NY.GDP.PCAP.KD--gbr,Wielka Brytania,GBR,GDP per capita (constant 2015 US$),1960-12-31,1960,year,1960-01-01,15323.628641145,USD 2015 / osobę,annual,observed,https://api.worldbank.org/v2/country/POL;WLD;USA;CHN;DEU;IND;KOR;JPN;GBR;FRA;BRA;EST/indicator/NY.GDP.PCAP.KD?format=json&per_page=1000,2026-09-28T17:23:20.303Z,{}
NY.GDP.PCAP.KD,NY.GDP.PCAP.KD--ind,Indie,IND,GDP per capita (constant 2015 US$),1960-12-31,1960,year,1960-01-01,312.777847829868,USD 2015 / osobę,annual,observed,https://api.worldbank.org/v2/country/POL;WLD;USA;CHN;DEU;IND;KOR;JPN;GBR;FRA;BRA;EST/indicator/NY.GDP.PCAP.KD?format=json&per_page=1000,2026-09-28T17:23:20.303Z,{}
NY.GDP.PCAP.KD,NY.GDP.PCAP.KD--jpn,Japonia,JPN,GDP per capita (constant 2015 US$),1960-12-31,1960,year,1960-01-01,6481.37442274053,USD 2015 / osobę,annual,observed,https://api.worldbank.org/v2/country/POL;WLD;USA;CHN;DEU;IND;KOR;JPN;GBR;FRA;BRA;EST/indicator/NY.GDP.PCAP.KD?format=json&per_page=1000,2026-09-28T17:23:20.303Z,{}
NY.GDP.PCAP.KD,NY.GDP.PCAP.KD--kor,Korea Płd.,KOR,GDP per capita (constant 2015 US$),1960-12-31,1960,year,1960-01-01,1037.72899231615,USD 2015 / osobę,annual,observed,https://api.worldbank.org/v2/country/POL;WLD;USA;CHN;DEU;IND;KOR;JPN;GBR;FRA;BRA;EST/indicator/NY.GDP.PCAP.KD?format=json&per_page=1000,2026-09-28T17:23:20.303Z,{}
NY.GDP.PCAP.KD,NY.GDP.PCAP.KD--pol,Polska,POL,GDP per capita (constant 2015 US$),1960-12-31,1960,year,1960-01-01,,USD 2015 / osobę,annual,observed,https://api.worldbank.org/v2/country/POL;WLD;USA;CHN;DEU;IND;KOR;JPN;GBR;FRA;BRA;EST/indicator/NY.GDP.PCAP.KD?format=json&per_page=1000,2026-09-28T17:23:20.303Z,{}
NY.GDP.PCAP.KD,NY.GDP.PCAP.KD--usa,USA,USA,GDP per capita (constant 2015 US$),1960-12-31,1960,year,1960-01-01,18991.5445998554,USD 2015 / osobę,annual,observed,https://api.worldbank.org/v2/country/POL;WLD;USA;CHN;DEU;IND;KOR;JPN;GBR;FRA;BRA;EST/indicator/NY.GDP.PCAP.KD?format=json&per_page=1000,2026-09-28T17:23:20.303Z,{}
NY.GDP.PCAP.KD,NY.GDP.PCAP.KD--wld,Świat,WLD,GDP per capita (constant 2015 US$),1960-12-31,1960,year,1960-01-01,3666.59082061073,USD 2015 / osobę,annual,observed,https://api.worldbank.org/v2/country/POL;WLD;USA;CHN;DEU;IND;KOR;JPN;GBR;FRA;BRA;EST/indicator/NY.GDP.PCAP.KD?format=json&per_page=1000,2026-09-28T17:23:20.303Z,{}
NY.GDP.PCAP.KD,NY.GDP.PCAP.KD--bra,Brazylia,BRA,GDP per capita (constant 2015 US$),1961-12-31,1961,year,1961-01-01,2743.38888844205,USD 2015 / osobę,annual,observed,https://api.worldbank.org/v2/country/POL;WLD;USA;CHN;DEU;IND;KOR;JPN;GBR;FRA;BRA;EST/indicator/NY.GDP.PCAP.KD?format=json&per_page=1000,2026-09-28T17:23:20.303Z,{}
NY.GDP.PCAP.KD,NY.GDP.PCAP.KD--chn,Chiny,CHN,GDP per capita (constant 2015 US$),1961-12-31,1961,year,1961-01-01,177.349529290733,USD 2015 / osobę,annual,observed,https://api.worldbank.org/v2/country/POL;WLD;USA;CHN;DEU;IND;KOR;JPN;GBR;FRA;BRA;EST/indicator/NY.GDP.PCAP.KD?format=json&per_page=1000,2026-09-28T17:23:20.303Z,{}
NY.GDP.PCAP.KD,NY.GDP.PCAP.KD--deu,Niemcy,DEU,GDP per capita (constant 2015 US$),1961-12-31,1961,year,1961-01-01,13048.0078134149,USD 2015 / osobę,annual,observed,https://api.worldbank.org/v2/country/POL;WLD;USA;CHN;DEU;IND;KOR;JPN;GBR;FRA;BRA;EST/indicator/NY.GDP.PCAP.KD?format=json&per_page=1000,2026-09-28T17:23:20.303Z,{}
NY.GDP.PCAP.KD,NY.GDP.PCAP.KD--est,Estonia,EST,GDP per capita (constant 2015 US$),1961-12-31,1961,year,1961-01-01,,USD 2015 / osobę,annual,observed,https://api.worldbank.org/v2/country/POL;WLD;USA;CHN;DEU;IND;KOR;JPN;GBR;FRA;BRA;EST/indicator/NY.GDP.PCAP.KD?format=json&per_page=1000,2026-09-28T17:23:20.303Z,{}
NY.GDP.PCAP.KD,NY.GDP.PCAP.KD--fra,Francja,FRA,GDP per capita (constant 2015 US$),1961-12-31,1961,year,1961-01-01,11192.7696024924,USD 2015 / osobę,annual,observed,https://api.worldbank.org/v2/country/POL;WLD;USA;CHN;DEU;IND;KOR;JPN;GBR;FRA;BRA;EST/indicator/NY.GDP.PCAP.KD?format=json&per_page=1000,2026-09-28T17:23:20.303Z,{}
NY.GDP.PCAP.KD,NY.GDP.PCAP.KD--gbr,Wielka Brytania,GBR,GDP per capita (constant 2015 US$),1961-12-31,1961,year,1961-01-01,15618.3439996218,USD 2015 / osobę,annual,observed,https://api.worldbank.org/v2/country/POL;WLD;USA;CHN;DEU;IND;KOR;JPN;GBR;FRA;BRA;EST/indicator/NY.GDP.PCAP.KD?format=json&per_page=1000,2026-09-28T17:23:20.303Z,{}
NY.GDP.PCAP.KD,NY.GDP.PCAP.KD--ind,Indie,IND,GDP per capita (constant 2015 US$),1961-12-31,1961,year,1961-01-01,316.739644665114,USD 2015 / osobę,annual,observed,https://api.worldbank.org/v2/country/POL;WLD;USA;CHN;DEU;IND;KOR;JPN;GBR;FRA;BRA;EST/indicator/NY.GDP.PCAP.KD?format=json&per_page=1000,2026-09-28T17:23:20.303Z,{}
NY.GDP.PCAP.KD,NY.GDP.PCAP.KD--jpn,Japonia,JPN,GDP per capita (constant 2015 US$),1961-12-31,1961,year,1961-01-01,7197.18214473058,USD 2015 / osobę,annual,observed,https://api.worldbank.org/v2/country/POL;WLD;USA;CHN;DEU;IND;KOR;JPN;GBR;FRA;BRA;EST/indicator/NY.GDP.PCAP.KD?format=json&per_page=1000,2026-09-28T17:23:20.303Z,{}
NY.GDP.PCAP.KD,NY.GDP.PCAP.KD--kor,Korea Płd.,KOR,GDP per capita (constant 2015 US$),1961-12-31,1961,year,1961-01-01,1077.10464038579,USD 2015 / osobę,annual,observed,https://api.worldbank.org/v2/country/POL;WLD;USA;CHN;DEU;IND;KOR;JPN;GBR;FRA;BRA;EST/indicator/NY.GDP.PCAP.KD?format=json&per_page=1000,2026-09-28T17:23:20.303Z,{}
NY.GDP.PCAP.KD,NY.GDP.PCAP.KD--pol,Polska,POL,GDP per capita (constant 2015 US$),1961-12-31,1961,year,1961-01-01,,USD 2015 / osobę,annual,observed,https://api.worldbank.org/v2/country/POL;WLD;USA;CHN;DEU;IND;KOR;JPN;GBR;FRA;BRA;EST/indicator/NY.GDP.PCAP.KD?format=json&per_page=1000,2026-09-28T17:23:20.303Z,{}
NY.GDP.PCAP.KD,NY.GDP.PCAP.KD--usa,USA,USA,GDP per capita (constant 2015 US$),1961-12-31,1961,year,1961-01-01,19108.9353618196,USD 2015 / osobę,annual,observed,https://api.worldbank.org/v2/country/POL;WLD;USA;CHN;DEU;IND;KOR;JPN;GBR;FRA;BRA;EST/indicator/NY.GDP.PCAP.KD?format=json&per_page=1000,2026-09-28T17:23:20.303Z,{}
NY.GDP.PCAP.KD,NY.GDP.PCAP.KD--wld,Świat,WLD,GDP per capita (constant 2015 US$),1961-12-31,1961,year,1961-01-01,3758.77250262805,USD 2015 / osobę,annual,observed,https://api.worldbank.org/v2/country/POL;WLD;USA;CHN;DEU;IND;KOR;JPN;GBR;FRA;BRA;EST/indicator/NY.GDP.PCAP.KD?format=json&per_page=1000,2026-09-28T17:23:20.303Z,{}
NY.GDP.PCAP.KD,NY.GDP.PCAP.KD--bra,Brazylia,BRA,GDP per capita (constant 2015 US$),1962-12-31,1962,year,1962-01-01,2838.47229916639,USD 2015 / osobę,annual,observed,https://api.worldbank.org/v2/country/POL;WLD;USA;CHN;DEU;IND;KOR;JPN;GBR;FRA;BRA;EST/indicator/NY.GDP.PCAP.KD?format=json&per_page=1000,2026-09-28T17:23:20.303Z,{}
NY.GDP.PCAP.KD,NY.GDP.PCAP.KD--chn,Chiny,CHN,GDP per capita (constant 2015 US$),1962-12-31,1962,year,1962-01-01,166.085165310961,USD 2015 / osobę,annual,observed,https://api.worldbank.org/v2/country/POL;WLD;USA;CHN;DEU;IND;KOR;JPN;GBR;FRA;BRA;EST/indicator/NY.GDP.PCAP.KD?format=json&per_page=1000,2026-09-28T17:23:20.303Z,{}
NY.GDP.PCAP.KD,NY.GDP.PCAP.KD--deu,Niemcy,DEU,GDP per capita (constant 2015 US$),1962-12-31,1962,year,1962-01-01,13531.7513520588,USD 2015 / osobę,annual,observed,https://api.worldbank.org/v2/country/POL;WLD;USA;CHN;DEU;IND;KOR;JPN;GBR;FRA;BRA;EST/indicator/NY.GDP.PCAP.KD?format=json&per_page=1000,2026-09-28T17:23:20.303Z,{}
NY.GDP.PCAP.KD,NY.GDP.PCAP.KD--est,Estonia,EST,GDP per capita (constant 2015 US$),1962-12-31,1962,year,1962-01-01,,USD 2015 / osobę,annual,observed,https://api.worldbank.org/v2/country/POL;WLD;USA;CHN;DEU;IND;KOR;JPN;GBR;FRA;BRA;EST/indicator/NY.GDP.PCAP.KD?format=json&per_page=1000,2026-09-28T17:23:20.303Z,{}
NY.GDP.PCAP.KD,NY.GDP.PCAP.KD--fra,Francja,FRA,GDP per capita (constant 2015 US$),1962-12-31,1962,year,1962-01-01,11840.6630184201,USD 2015 / osobę,annual,observed,https://api.worldbank.org/v2/country/POL;WLD;USA;CHN;DEU;IND;KOR;JPN;GBR;FRA;BRA;EST/indicator/NY.GDP.PCAP.KD?format=json&per_page=1000,2026-09-28T17:23:20.303Z,{}
NY.GDP.PCAP.KD,NY.GDP.PCAP.KD--gbr,Wielka Brytania,GBR,GDP per capita (constant 2015 US$),1962-12-31,1962,year,1962-01-01,15656.5060264095,USD 2015 / osobę,annual,observed,https://api.worldbank.org/v2/country/POL;WLD;USA;CHN;DEU;IND;KOR;JPN;GBR;FRA;BRA;EST/indicator/NY.GDP.PCAP.KD?format=json&per_page=1000,2026-09-28T17:23:20.303Z,{}
NY.GDP.PCAP.KD,NY.GDP.PCAP.KD--ind,Indie,IND,GDP per capita (constant 2015 US$),1962-12-31,1962,year,1962-01-01,318.381945826526,USD 2015 / osobę,annual,observed,https://api.worldbank.org/v2/country/POL;WLD;USA;CHN;DEU;IND;KOR;JPN;GBR;FRA;BRA;EST/indicator/NY.GDP.PCAP.KD?format=json&per_page=1000,2026-09-28T17:23:20.303Z,{}
NY.GDP.PCAP.KD,NY.GDP.PCAP.KD--jpn,Japonia,JPN,GDP per capita (constant 2015 US$),1962-12-31,1962,year,1962-01-01,7765.88292703689,USD 2015 / osobę,annual,observed,https://api.worldbank.org/v2/country/POL;WLD;USA;CHN;DEU;IND;KOR;JPN;GBR;FRA;BRA;EST/indicator/NY.GDP.PCAP.KD?format=json&per_page=1000,2026-09-28T17:23:20.303Z,{}
NY.GDP.PCAP.KD,NY.GDP.PCAP.KD--kor,Korea Płd.,KOR,GDP per capita (constant 2015 US$),1962-12-31,1962,year,1962-01-01,1087.79362228726,USD 2015 / osobę,annual,observed,https://api.worldbank.org/v2/country/POL;WLD;USA;CHN;DEU;IND;KOR;JPN;GBR;FRA;BRA;EST/indicator/NY.GDP.PCAP.KD?format=json&per_page=1000,2026-09-28T17:23:20.303Z,{}
NY.GDP.PCAP.KD,NY.GDP.PCAP.KD--pol,Polska,POL,GDP per capita (constant 2015 US$),1962-12-31,1962,year,1962-01-01,,USD 2015 / osobę,annual,observed,https://api.worldbank.org/v2/country/POL;WLD;USA;CHN;DEU;IND;KOR;JPN;GBR;FRA;BRA;EST/indicator/NY.GDP.PCAP.KD?format=json&per_page=1000,2026-09-28T17:23:20.303Z,{}
NY.GDP.PCAP.KD,NY.GDP.PCAP.KD--usa,USA,USA,GDP per capita (constant 2015 US$),1962-12-31,1962,year,1962-01-01,19965.1435740168,USD 2015 / osobę,annual,observed,https://api.worldbank.org/v2/country/POL;WLD;USA;CHN;DEU;IND;KOR;JPN;GBR;FRA;BRA;EST/indicator/NY.GDP.PCAP.KD?format=json&per_page=1000,2026-09-28T17:23:20.303Z,{}
NY.GDP.PCAP.KD,NY.GDP.PCAP.KD--wld,Świat,WLD,GDP per capita (constant 2015 US$),1962-12-31,1962,year,1962-01-01,3889.44169880341,USD 2015 / osobę,annual,observed,https://api.worldbank.org/v2/country/POL;WLD;USA;CHN;DEU;IND;KOR;JPN;GBR;FRA;BRA;EST/indicator/NY.GDP.PCAP.KD?format=json&per_page=1000,2026-09-28T17:23:20.303Z,{}
NY.GDP.PCAP.KD,NY.GDP.PCAP.KD--bra,Brazylia,BRA,GDP per capita (constant 2015 US$),1963-12-31,1963,year,1963-01-01,2772.5799490463,USD 2015 / osobę,annual,observed,https://api.worldbank.org/v2/country/POL;WLD;USA;CHN;DEU;IND;KOR;JPN;GBR;FRA;BRA;EST/indicator/NY.GDP.PCAP.KD?format=json&per_page=1000,2026-09-28T17:23:20.303Z,{}
NY.GDP.PCAP.KD,NY.GDP.PCAP.KD--chn,Chiny,CHN,GDP per capita (constant 2015 US$),1963-12-31,1963,year,1963-01-01,178.744599232828,USD 2015 / osobę,annual,observed,https://api.worldbank.org/v2/country/POL;WLD;USA;CHN;DEU;IND;KOR;JPN;GBR;FRA;BRA;EST/indicator/NY.GDP.PCAP.KD?format=json&per_page=1000,2026-09-28T17:23:20.303Z,{}
NY.GDP.PCAP.KD,NY.GDP.PCAP.KD--deu,Niemcy,DEU,GDP per capita (constant 2015 US$),1963-12-31,1963,year,1963-01-01,13773.764810278,USD 2015 / osobę,annual,observed,https://api.worldbank.org/v2/country/POL;WLD;USA;CHN;DEU;IND;KOR;JPN;GBR;FRA;BRA;EST/indicator/NY.GDP.PCAP.KD?format=json&per_page=1000,2026-09-28T17:23:20.303Z,{}
NY.GDP.PCAP.KD,NY.GDP.PCAP.KD--est,Estonia,EST,GDP per capita (constant 2015 US$),1963-12-31,1963,year,1963-01-01,,USD 2015 / osobę,annual,observed,https://api.worldbank.org/v2/country/POL;WLD;USA;CHN;DEU;IND;KOR;JPN;GBR;FRA;BRA;EST/indicator/NY.GDP.PCAP.KD?format=json&per_page=1000,2026-09-28T17:23:20.303Z,{}
NY.GDP.PCAP.KD,NY.GDP.PCAP.KD--fra,Francja,FRA,GDP per capita (constant 2015 US$),1963-12-31,1963,year,1963-01-01,12437.8916843647,USD 2015 / osobę,annual,observed,https://api.worldbank.org/v2/country/POL;WLD;USA;CHN;DEU;IND;KOR;JPN;GBR;FRA;BRA;EST/indicator/NY.GDP.PCAP.KD?format=json&per_page=1000,2026-09-28T17:23:20.303Z,{}
NY.GDP.PCAP.KD,NY.GDP.PCAP.KD--gbr,Wielka Brytania,GBR,GDP per capita (constant 2015 US$),1963-12-31,1963,year,1963-01-01,16294.9377258056,USD 2015 / osobę,annual,observed,https://api.worldbank.org/v2/country/POL;WLD;USA;CHN;DEU;IND;KOR;JPN;GBR;FRA;BRA;EST/indicator/NY.GDP.PCAP.KD?format=json&per_page=1000,2026-09-28T17:23:20.303Z,{}
NY.GDP.PCAP.KD,NY.GDP.PCAP.KD--ind,Indie,IND,GDP per capita (constant 2015 US$),1963-12-31,1963,year,1963-01-01,329.64149485279,USD 2015 / osobę,annual,observed,https://api.worldbank.org/v2/country/POL;WLD;USA;CHN;DEU;IND;KOR;JPN;GBR;FRA;BRA;EST/indicator/NY.GDP.PCAP.KD?format=json&per_page=1000,2026-09-28T17:23:20.303Z,{}
NY.GDP.PCAP.KD,NY.GDP.PCAP.KD--jpn,Japonia,JPN,GDP per capita (constant 2015 US$),1963-12-31,1963,year,1963-01-01,8338.99399083672,USD 2015 / osobę,annual,observed,https://api.worldbank.org/v2/country/POL;WLD;USA;CHN;DEU;IND;KOR;JPN;GBR;FRA;BRA;EST/indicator/NY.GDP.PCAP.KD?format=json&per_page=1000,2026-09-28T17:23:20.303Z,{}
NY.GDP.PCAP.KD,NY.GDP.PCAP.KD--kor,Korea Płd.,KOR,GDP per capita (constant 2015 US$),1963-12-31,1963,year,1963-01-01,1153.23486916692,USD 2015 / osobę,annual,observed,https://api.worldbank.org/v2/country/POL;WLD;USA;CHN;DEU;IND;KOR;JPN;GBR;FRA;BRA;EST/indicator/NY.GDP.PCAP.KD?format=json&per_page=1000,2026-09-28T17:23:20.303Z,{}
NY.GDP.PCAP.KD,NY.GDP.PCAP.KD--pol,Polska,POL,GDP per capita (constant 2015 US$),1963-12-31,1963,year,1963-01-01,,USD 2015 / osobę,annual,observed,https://api.worldbank.org/v2/country/POL;WLD;USA;CHN;DEU;IND;KOR;JPN;GBR;FRA;BRA;EST/indicator/NY.GDP.PCAP.KD?format=json&per_page=1000,2026-09-28T17:23:20.303Z,{}
NY.GDP.PCAP.KD,NY.GDP.PCAP.KD--usa,USA,USA,GDP per capita (constant 2015 US$),1963-12-31,1963,year,1963-01-01,20545.7842448928,USD 2015 / osobę,annual,observed,https://api.worldbank.org/v2/country/POL;WLD;USA;CHN;DEU;IND;KOR;JPN;GBR;FRA;BRA;EST/indicator/NY.GDP.PCAP.KD?format=json&per_page=1000,2026-09-28T17:23:20.303Z,{}
NY.GDP.PCAP.KD,NY.GDP.PCAP.KD--wld,Świat,WLD,GDP per capita (constant 2015 US$),1963-12-31,1963,year,1963-01-01,3999.11737367727,USD 2015 / osobę,annual,observed,https://api.worldbank.org/v2/country/POL;WLD;USA;CHN;DEU;IND;KOR;JPN;GBR;FRA;BRA;EST/indicator/NY.GDP.PCAP.KD?format=json&per_page=1000,2026-09-28T17:23:20.303Z,{}
NY.GDP.PCAP.KD,NY.GDP.PCAP.KD--bra,Brazylia,BRA,GDP per capita (constant 2015 US$),1964-12-31,1964,year,1964-01-01,2785.07443212682,USD 2015 / osobę,annual,observed,https://api.worldbank.org/v2/country/POL;WLD;USA;CHN;DEU;IND;KOR;JPN;GBR;FRA;BRA;EST/indicator/NY.GDP.PCAP.KD?format=json&per_page=1000,2026-09-28T17:23:20.303Z,{}
NY.GDP.PCAP.KD,NY.GDP.PCAP.KD--chn,Chiny,CHN,GDP per capita (constant 2015 US$),1964-12-31,1964,year,1964-01-01,206.39459309973,USD 2015 / osobę,annual,observed,https://api.worldbank.org/v2/country/POL;WLD;USA;CHN;DEU;IND;KOR;JPN;GBR;FRA;BRA;EST/indicator/NY.GDP.PCAP.KD?format=json&per_page=1000,2026-09-28T17:23:20.303Z,{}
NY.GDP.PCAP.KD,NY.GDP.PCAP.KD--deu,Niemcy,DEU,GDP per capita (constant 2015 US$),1964-12-31,1964,year,1964-01-01,14570.4833231795,USD 2015 / osobę,annual,observed,https://api.worldbank.org/v2/country/POL;WLD;USA;CHN;DEU;IND;KOR;JPN;GBR;FRA;BRA;EST/indicator/NY.GDP.PCAP.KD?format=json&per_page=1000,2026-09-28T17:23:20.303Z,{}
NY.GDP.PCAP.KD,NY.GDP.PCAP.KD--est,Estonia,EST,GDP per capita (constant 2015 US$),1964-12-31,1964,year,1964-01-01,,USD 2015 / osobę,annual,observed,https://api.worldbank.org/v2/country/POL;WLD;USA;CHN;DEU;IND;KOR;JPN;GBR;FRA;BRA;EST/indicator/NY.GDP.PCAP.KD?format=json&per_page=1000,2026-09-28T17:23:20.303Z,{}
NY.GDP.PCAP.KD,NY.GDP.PCAP.KD--fra,Francja,FRA,GDP per capita (constant 2015 US$),1964-12-31,1964,year,1964-01-01,13116.0613030999,USD 2015 / osobę,annual,observed,https://api.worldbank.org/v2/country/POL;WLD;USA;CHN;DEU;IND;KOR;JPN;GBR;FRA;BRA;EST/indicator/NY.GDP.PCAP.KD?format=json&per_page=1000,2026-09-28T17:23:20.303Z,{}
NY.GDP.PCAP.KD,NY.GDP.PCAP.KD--gbr,Wielka Brytania,GBR,GDP per capita (constant 2015 US$),1964-12-31,1964,year,1964-01-01,17095.0843880322,USD 2015 / osobę,annual,observed,https://api.worldbank.org/v2/country/POL;WLD;USA;CHN;DEU;IND;KOR;JPN;GBR;FRA;BRA;EST/indicator/NY.GDP.PCAP.KD?format=json&per_page=1000,2026-09-28T17:23:20.303Z,{}
NY.GDP.PCAP.KD,NY.GDP.PCAP.KD--ind,Indie,IND,GDP per capita (constant 2015 US$),1964-12-31,1964,year,1964-01-01,346.011883332873,USD 2015 / osobę,annual,observed,https://api.worldbank.org/v2/country/POL;WLD;USA;CHN;DEU;IND;KOR;JPN;GBR;FRA;BRA;EST/indicator/NY.GDP.PCAP.KD?format=json&per_page=1000,2026-09-28T17:23:20.303Z,{}
NY.GDP.PCAP.KD,NY.GDP.PCAP.KD--jpn,Japonia,JPN,GDP per capita (constant 2015 US$),1964-12-31,1964,year,1964-01-01,9216.32221560597,USD 2015 / osobę,annual,observed,https://api.worldbank.org/v2/country/POL;WLD;USA;CHN;DEU;IND;KOR;JPN;GBR;FRA;BRA;EST/indicator/NY.GDP.PCAP.KD?format=json&per_page=1000,2026-09-28T17:23:20.303Z,{}
NY.GDP.PCAP.KD,NY.GDP.PCAP.KD--kor,Korea Płd.,KOR,GDP per capita (constant 2015 US$),1964-12-31,1964,year,1964-01-01,1229.36998908154,USD 2015 / osobę,annual,observed,https://api.worldbank.org/v2/country/POL;WLD;USA;CHN;DEU;IND;KOR;JPN;GBR;FRA;BRA;EST/indicator/NY.GDP.PCAP.KD?format=json&per_page=1000,2026-09-28T17:23:20.303Z,{}
NY.GDP.PCAP.KD,NY.GDP.PCAP.KD--pol,Polska,POL,GDP per capita (constant 2015 US$),1964-12-31,1964,year,1964-01-01,,USD 2015 / osobę,annual,observed,https://api.worldbank.org/v2/country/POL;WLD;USA;CHN;DEU;IND;KOR;JPN;GBR;FRA;BRA;EST/indicator/NY.GDP.PCAP.KD?format=json&per_page=1000,2026-09-28T17:23:20.303Z,{}
NY.GDP.PCAP.KD,NY.GDP.PCAP.KD--usa,USA,USA,GDP per capita (constant 2015 US$),1964-12-31,1964,year,1964-01-01,21437.5840707345,USD 2015 / osobę,annual,observed,https://api.worldbank.org/v2/country/POL;WLD;USA;CHN;DEU;IND;KOR;JPN;GBR;FRA;BRA;EST/indicator/NY.GDP.PCAP.KD?format=json&per_page=1000,2026-09-28T17:23:20.303Z,{}
NY.GDP.PCAP.KD,NY.GDP.PCAP.KD--wld,Świat,WLD,GDP per capita (constant 2015 US$),1964-12-31,1964,year,1964-01-01,4176.12872214355,USD 2015 / osobę,annual,observed,https://api.worldbank.org/v2/country/POL;WLD;USA;CHN;DEU;IND;KOR;JPN;GBR;FRA;BRA;EST/indicator/NY.GDP.PCAP.KD?format=json&per_page=1000,2026-09-28T17:23:20.303Z,{}
NY.GDP.PCAP.KD,NY.GDP.PCAP.KD--bra,Brazylia,BRA,GDP per capita (constant 2015 US$),1965-12-31,1965,year,1965-01-01,2772.67176390786,USD 2015 / osobę,annual,observed,https://api.worldbank.org/v2/country/POL;WLD;USA;CHN;DEU;IND;KOR;JPN;GBR;FRA;BRA;EST/indicator/NY.GDP.PCAP.KD?format=json&per_page=1000,2026-09-28T17:23:20.303Z,{}
NY.GDP.PCAP.KD,NY.GDP.PCAP.KD--chn,Chiny,CHN,GDP per capita (constant 2015 US$),1965-12-31,1965,year,1965-01-01,235.698268353804,USD 2015 / osobę,annual,observed,https://api.worldbank.org/v2/country/POL;WLD;USA;CHN;DEU;IND;KOR;JPN;GBR;FRA;BRA;EST/indicator/NY.GDP.PCAP.KD?format=json&per_page=1000,2026-09-28T17:23:20.303Z,{}
NY.GDP.PCAP.KD,NY.GDP.PCAP.KD--deu,Niemcy,DEU,GDP per capita (constant 2015 US$),1965-12-31,1965,year,1965-01-01,15204.3067132182,USD 2015 / osobę,annual,observed,https://api.worldbank.org/v2/country/POL;WLD;USA;CHN;DEU;IND;KOR;JPN;GBR;FRA;BRA;EST/indicator/NY.GDP.PCAP.KD?format=json&per_page=1000,2026-09-28T17:23:20.303Z,{}
NY.GDP.PCAP.KD,NY.GDP.PCAP.KD--est,Estonia,EST,GDP per capita (constant 2015 US$),1965-12-31,1965,year,1965-01-01,,USD 2015 / osobę,annual,observed,https://api.worldbank.org/v2/country/POL;WLD;USA;CHN;DEU;IND;KOR;JPN;GBR;FRA;BRA;EST/indicator/NY.GDP.PCAP.KD?format=json&per_page=1000,2026-09-28T17:23:20.303Z,{}
NY.GDP.PCAP.KD,NY.GDP.PCAP.KD--fra,Francja,FRA,GDP per capita (constant 2015 US$),1965-12-31,1965,year,1965-01-01,13619.4227770773,USD 2015 / osobę,annual,observed,https://api.worldbank.org/v2/country/POL;WLD;USA;CHN;DEU;IND;KOR;JPN;GBR;FRA;BRA;EST/indicator/NY.GDP.PCAP.KD?format=json&per_page=1000,2026-09-28T17:23:20.303Z,{}
NY.GDP.PCAP.KD,NY.GDP.PCAP.KD--gbr,Wielka Brytania,GBR,GDP per capita (constant 2015 US$),1965-12-31,1965,year,1965-01-01,17347.4558490139,USD 2015 / osobę,annual,observed,https://api.worldbank.org/v2/country/POL;WLD;USA;CHN;DEU;IND;KOR;JPN;GBR;FRA;BRA;EST/indicator/NY.GDP.PCAP.KD?format=json&per_page=1000,2026-09-28T17:23:20.303Z,{}
NY.GDP.PCAP.KD,NY.GDP.PCAP.KD--ind,Indie,IND,GDP per capita (constant 2015 US$),1965-12-31,1965,year,1965-01-01,329.392574458173,USD 2015 / osobę,annual,observed,https://api.worldbank.org/v2/country/POL;WLD;USA;CHN;DEU;IND;KOR;JPN;GBR;FRA;BRA;EST/indicator/NY.GDP.PCAP.KD?format=json&per_page=1000,2026-09-28T17:23:20.303Z,{}
NY.GDP.PCAP.KD,NY.GDP.PCAP.KD--jpn,Japonia,JPN,GDP per capita (constant 2015 US$),1965-12-31,1965,year,1965-01-01,9648.24054656205,USD 2015 / osobę,annual,observed,https://api.worldbank.org/v2/country/POL;WLD;USA;CHN;DEU;IND;KOR;JPN;GBR;FRA;BRA;EST/indicator/NY.GDP.PCAP.KD?format=json&per_page=1000,2026-09-28T17:23:20.303Z,{}
NY.GDP.PCAP.KD,NY.GDP.PCAP.KD--kor,Korea Płd.,KOR,GDP per capita (constant 2015 US$),1965-12-31,1965,year,1965-01-01,1286.16625407866,USD 2015 / osobę,annual,observed,https://api.worldbank.org/v2/country/POL;WLD;USA;CHN;DEU;IND;KOR;JPN;GBR;FRA;BRA;EST/indicator/NY.GDP.PCAP.KD?format=json&per_page=1000,2026-09-28T17:23:20.303Z,{}
NY.GDP.PCAP.KD,NY.GDP.PCAP.KD--pol,Polska,POL,GDP per capita (constant 2015 US$),1965-12-31,1965,year,1965-01-01,,USD 2015 / osobę,annual,observed,https://api.worldbank.org/v2/country/POL;WLD;USA;CHN;DEU;IND;KOR;JPN;GBR;FRA;BRA;EST/indicator/NY.GDP.PCAP.KD?format=json&per_page=1000,2026-09-28T17:23:20.303Z,{}
NY.GDP.PCAP.KD,NY.GDP.PCAP.KD--usa,USA,USA,GDP per capita (constant 2015 US$),1965-12-31,1965,year,1965-01-01,22526.2055153932,USD 2015 / osobę,annual,observed,https://api.worldbank.org/v2/country/POL;WLD;USA;CHN;DEU;IND;KOR;JPN;GBR;FRA;BRA;EST/indicator/NY.GDP.PCAP.KD?format=json&per_page=1000,2026-09-28T17:23:20.303Z,{}
NY.GDP.PCAP.KD,NY.GDP.PCAP.KD--wld,Świat,WLD,GDP per capita (constant 2015 US$),1965-12-31,1965,year,1965-01-01,4321.26359482416,USD 2015 / osobę,annual,observed,https://api.worldbank.org/v2/country/POL;WLD;USA;CHN;DEU;IND;KOR;JPN;GBR;FRA;BRA;EST/indicator/NY.GDP.PCAP.KD?format=json&per_page=1000,2026-09-28T17:23:20.303Z,{}
NY.GDP.PCAP.KD,NY.GDP.PCAP.KD--bra,Brazylia,BRA,GDP per capita (constant 2015 US$),1966-12-31,1966,year,1966-01-01,2878.69979349639,USD 2015 / osobę,annual,observed,https://api.worldbank.org/v2/country/POL;WLD;USA;CHN;DEU;IND;KOR;JPN;GBR;FRA;BRA;EST/indicator/NY.GDP.PCAP.KD?format=json&per_page=1000,2026-09-28T17:23:20.303Z,{}
NY.GDP.PCAP.KD,NY.GDP.PCAP.KD--chn,Chiny,CHN,GDP per capita (constant 2015 US$),1966-12-31,1966,year,1966-01-01,253.631144662158,USD 2015 / osobę,annual,observed,https://api.worldbank.org/v2/country/POL;WLD;USA;CHN;DEU;IND;KOR;JPN;GBR;FRA;BRA;EST/indicator/NY.GDP.PCAP.KD?format=json&per_page=1000,2026-09-28T17:23:20.303Z,{}
NY.GDP.PCAP.KD,NY.GDP.PCAP.KD--deu,Niemcy,DEU,GDP per capita (constant 2015 US$),1966-12-31,1966,year,1966-01-01,15501.9647090644,USD 2015 / osobę,annual,observed,https://api.worldbank.org/v2/country/POL;WLD;USA;CHN;DEU;IND;KOR;JPN;GBR;FRA;BRA;EST/indicator/NY.GDP.PCAP.KD?format=json&per_page=1000,2026-09-28T17:23:20.303Z,{}
NY.GDP.PCAP.KD,NY.GDP.PCAP.KD--est,Estonia,EST,GDP per capita (constant 2015 US$),1966-12-31,1966,year,1966-01-01,,USD 2015 / osobę,annual,observed,https://api.worldbank.org/v2/country/POL;WLD;USA;CHN;DEU;IND;KOR;JPN;GBR;FRA;BRA;EST/indicator/NY.GDP.PCAP.KD?format=json&per_page=1000,2026-09-28T17:23:20.303Z,{}
NY.GDP.PCAP.KD,NY.GDP.PCAP.KD--fra,Francja,FRA,GDP per capita (constant 2015 US$),1966-12-31,1966,year,1966-01-01,14199.1418506395,USD 2015 / osobę,annual,observed,https://api.worldbank.org/v2/country/POL;WLD;USA;CHN;DEU;IND;KOR;JPN;GBR;FRA;BRA;EST/indicator/NY.GDP.PCAP.KD?format=json&per_page=1000,2026-09-28T17:23:20.303Z,{}
NY.GDP.PCAP.KD,NY.GDP.PCAP.KD--gbr,Wielka Brytania,GBR,GDP per capita (constant 2015 US$),1966-12-31,1966,year,1966-01-01,17522.4995922205,USD 2015 / osobę,annual,observed,https://api.worldbank.org/v2/country/POL;WLD;USA;CHN;DEU;IND;KOR;JPN;GBR;FRA;BRA;EST/indicator/NY.GDP.PCAP.KD?format=json&per_page=1000,2026-09-28T17:23:20.303Z,{}
NY.GDP.PCAP.KD,NY.GDP.PCAP.KD--ind,Indie,IND,GDP per capita (constant 2015 US$),1966-12-31,1966,year,1966-01-01,322.241317769904,USD 2015 / osobę,annual,observed,https://api.worldbank.org/v2/country/POL;WLD;USA;CHN;DEU;IND;KOR;JPN;GBR;FRA;BRA;EST/indicator/NY.GDP.PCAP.KD?format=json&per_page=1000,2026-09-28T17:23:20.303Z,{}
NY.GDP.PCAP.KD,NY.GDP.PCAP.KD--jpn,Japonia,JPN,GDP per capita (constant 2015 US$),1966-12-31,1966,year,1966-01-01,10577.5937769986,USD 2015 / osobę,annual,observed,https://api.worldbank.org/v2/country/POL;WLD;USA;CHN;DEU;IND;KOR;JPN;GBR;FRA;BRA;EST/indicator/NY.GDP.PCAP.KD?format=json&per_page=1000,2026-09-28T17:23:20.303Z,{}
NY.GDP.PCAP.KD,NY.GDP.PCAP.KD--kor,Korea Płd.,KOR,GDP per capita (constant 2015 US$),1966-12-31,1966,year,1966-01-01,1404.83811121824,USD 2015 / osobę,annual,observed,https://api.worldbank.org/v2/country/POL;WLD;USA;CHN;DEU;IND;KOR;JPN;GBR;FRA;BRA;EST/indicator/NY.GDP.PCAP.KD?format=json&per_page=1000,2026-09-28T17:23:20.303Z,{}
NY.GDP.PCAP.KD,NY.GDP.PCAP.KD--pol,Polska,POL,GDP per capita (constant 2015 US$),1966-12-31,1966,year,1966-01-01,,USD 2015 / osobę,annual,observed,https://api.worldbank.org/v2/country/POL;WLD;USA;CHN;DEU;IND;KOR;JPN;GBR;FRA;BRA;EST/indicator/NY.GDP.PCAP.KD?format=json&per_page=1000,2026-09-28T17:23:20.303Z,{}
NY.GDP.PCAP.KD,NY.GDP.PCAP.KD--usa,USA,USA,GDP per capita (constant 2015 US$),1966-12-31,1966,year,1966-01-01,23714.9390303358,USD 2015 / osobę,annual,observed,https://api.worldbank.org/v2/country/POL;WLD;USA;CHN;DEU;IND;KOR;JPN;GBR;FRA;BRA;EST/indicator/NY.GDP.PCAP.KD?format=json&per_page=1000,2026-09-28T17:23:20.303Z,{}
NY.GDP.PCAP.KD,NY.GDP.PCAP.KD--wld,Świat,WLD,GDP per capita (constant 2015 US$),1966-12-31,1966,year,1966-01-01,4461.25201113523,USD 2015 / osobę,annual,observed,https://api.worldbank.org/v2/country/POL;WLD;USA;CHN;DEU;IND;KOR;JPN;GBR;FRA;BRA;EST/indicator/NY.GDP.PCAP.KD?format=json&per_page=1000,2026-09-28T17:23:20.303Z,{}
NY.GDP.PCAP.KD,NY.GDP.PCAP.KD--bra,Brazylia,BRA,GDP per capita (constant 2015 US$),1967-12-31,1967,year,1967-01-01,2921.3724263796,USD 2015 / osobę,annual,observed,https://api.worldbank.org/v2/country/POL;WLD;USA;CHN;DEU;IND;KOR;JPN;GBR;FRA;BRA;EST/indicator/NY.GDP.PCAP.KD?format=json&per_page=1000,2026-09-28T17:23:20.303Z,{}
NY.GDP.PCAP.KD,NY.GDP.PCAP.KD--chn,Chiny,CHN,GDP per capita (constant 2015 US$),1967-12-31,1967,year,1967-01-01,232.931044915017,USD 2015 / osobę,annual,observed,https://api.worldbank.org/v2/country/POL;WLD;USA;CHN;DEU;IND;KOR;JPN;GBR;FRA;BRA;EST/indicator/NY.GDP.PCAP.KD?format=json&per_page=1000,2026-09-28T17:23:20.303Z,{}
NY.GDP.PCAP.KD,NY.GDP.PCAP.KD--deu,Niemcy,DEU,GDP per capita (constant 2015 US$),1967-12-31,1967,year,1967-01-01,15380.2874847444,USD 2015 / osobę,annual,observed,https://api.worldbank.org/v2/country/POL;WLD;USA;CHN;DEU;IND;KOR;JPN;GBR;FRA;BRA;EST/indicator/NY.GDP.PCAP.KD?format=json&per_page=1000,2026-09-28T17:23:20.303Z,{}
NY.GDP.PCAP.KD,NY.GDP.PCAP.KD--est,Estonia,EST,GDP per capita (constant 2015 US$),1967-12-31,1967,year,1967-01-01,,USD 2015 / osobę,annual,observed,https://api.worldbank.org/v2/country/POL;WLD;USA;CHN;DEU;IND;KOR;JPN;GBR;FRA;BRA;EST/indicator/NY.GDP.PCAP.KD?format=json&per_page=1000,2026-09-28T17:23:20.303Z,{}
NY.GDP.PCAP.KD,NY.GDP.PCAP.KD--fra,Francja,FRA,GDP per capita (constant 2015 US$),1967-12-31,1967,year,1967-01-01,14760.3285518192,USD 2015 / osobę,annual,observed,https://api.worldbank.org/v2/country/POL;WLD;USA;CHN;DEU;IND;KOR;JPN;GBR;FRA;BRA;EST/indicator/NY.GDP.PCAP.KD?format=json&per_page=1000,2026-09-28T17:23:20.303Z,{}
NY.GDP.PCAP.KD,NY.GDP.PCAP.KD--gbr,Wielka Brytania,GBR,GDP per capita (constant 2015 US$),1967-12-31,1967,year,1967-01-01,17912.1532167262,USD 2015 / osobę,annual,observed,https://api.worldbank.org/v2/country/POL;WLD;USA;CHN;DEU;IND;KOR;JPN;GBR;FRA;BRA;EST/indicator/NY.GDP.PCAP.KD?format=json&per_page=1000,2026-09-28T17:23:20.303Z,{}
NY.GDP.PCAP.KD,NY.GDP.PCAP.KD--ind,Indie,IND,GDP per capita (constant 2015 US$),1967-12-31,1967,year,1967-01-01,340.080025745202,USD 2015 / osobę,annual,observed,https://api.worldbank.org/v2/country/POL;WLD;USA;CHN;DEU;IND;KOR;JPN;GBR;FRA;BRA;EST/indicator/NY.GDP.PCAP.KD?format=json&per_page=1000,2026-09-28T17:23:20.303Z,{}
NY.GDP.PCAP.KD,NY.GDP.PCAP.KD--jpn,Japonia,JPN,GDP per capita (constant 2015 US$),1967-12-31,1967,year,1967-01-01,11628.8833173252,USD 2015 / osobę,annual,observed,https://api.worldbank.org/v2/country/POL;WLD;USA;CHN;DEU;IND;KOR;JPN;GBR;FRA;BRA;EST/indicator/NY.GDP.PCAP.KD?format=json&per_page=1000,2026-09-28T17:23:20.303Z,{}
NY.GDP.PCAP.KD,NY.GDP.PCAP.KD--kor,Korea Płd.,KOR,GDP per capita (constant 2015 US$),1967-12-31,1967,year,1967-01-01,1498.01049644544,USD 2015 / osobę,annual,observed,https://api.worldbank.org/v2/country/POL;WLD;USA;CHN;DEU;IND;KOR;JPN;GBR;FRA;BRA;EST/indicator/NY.GDP.PCAP.KD?format=json&per_page=1000,2026-09-28T17:23:20.303Z,{}
NY.GDP.PCAP.KD,NY.GDP.PCAP.KD--pol,Polska,POL,GDP per capita (constant 2015 US$),1967-12-31,1967,year,1967-01-01,,USD 2015 / osobę,annual,observed,https://api.worldbank.org/v2/country/POL;WLD;USA;CHN;DEU;IND;KOR;JPN;GBR;FRA;BRA;EST/indicator/NY.GDP.PCAP.KD?format=json&per_page=1000,2026-09-28T17:23:20.303Z,{}
NY.GDP.PCAP.KD,NY.GDP.PCAP.KD--usa,USA,USA,GDP per capita (constant 2015 US$),1967-12-31,1967,year,1967-01-01,24044.5651288028,USD 2015 / osobę,annual,observed,https://api.worldbank.org/v2/country/POL;WLD;USA;CHN;DEU;IND;KOR;JPN;GBR;FRA;BRA;EST/indicator/NY.GDP.PCAP.KD?format=json&per_page=1000,2026-09-28T17:23:20.303Z,{}
NY.GDP.PCAP.KD,NY.GDP.PCAP.KD--wld,Świat,WLD,GDP per capita (constant 2015 US$),1967-12-31,1967,year,1967-01-01,4534.50435177488,USD 2015 / osobę,annual,observed,https://api.worldbank.org/v2/country/POL;WLD;USA;CHN;DEU;IND;KOR;JPN;GBR;FRA;BRA;EST/indicator/NY.GDP.PCAP.KD?format=json&per_page=1000,2026-09-28T17:23:20.303Z,{}
NY.GDP.PCAP.KD,NY.GDP.PCAP.KD--bra,Brazylia,BRA,GDP per capita (constant 2015 US$),1968-12-31,1968,year,1968-01-01,3126.53548183139,USD 2015 / osobę,annual,observed,https://api.worldbank.org/v2/country/POL;WLD;USA;CHN;DEU;IND;KOR;JPN;GBR;FRA;BRA;EST/indicator/NY.GDP.PCAP.KD?format=json&per_page=1000,2026-09-28T17:23:20.303Z,{}
NY.GDP.PCAP.KD,NY.GDP.PCAP.KD--chn,Chiny,CHN,GDP per capita (constant 2015 US$),1968-12-31,1968,year,1968-01-01,217.624094003727,USD 2015 / osobę,annual,observed,https://api.worldbank.org/v2/country/POL;WLD;USA;CHN;DEU;IND;KOR;JPN;GBR;FRA;BRA;EST/indicator/NY.GDP.PCAP.KD?format=json&per_page=1000,2026-09-28T17:23:20.303Z,{}
NY.GDP.PCAP.KD,NY.GDP.PCAP.KD--deu,Niemcy,DEU,GDP per capita (constant 2015 US$),1968-12-31,1968,year,1968-01-01,16180.0453830833,USD 2015 / osobę,annual,observed,https://api.worldbank.org/v2/country/POL;WLD;USA;CHN;DEU;IND;KOR;JPN;GBR;FRA;BRA;EST/indicator/NY.GDP.PCAP.KD?format=json&per_page=1000,2026-09-28T17:23:20.303Z,{}
NY.GDP.PCAP.KD,NY.GDP.PCAP.KD--est,Estonia,EST,GDP per capita (constant 2015 US$),1968-12-31,1968,year,1968-01-01,,USD 2015 / osobę,annual,observed,https://api.worldbank.org/v2/country/POL;WLD;USA;CHN;DEU;IND;KOR;JPN;GBR;FRA;BRA;EST/indicator/NY.GDP.PCAP.KD?format=json&per_page=1000,2026-09-28T17:23:20.303Z,{}
NY.GDP.PCAP.KD,NY.GDP.PCAP.KD--fra,Francja,FRA,GDP per capita (constant 2015 US$),1968-12-31,1968,year,1968-01-01,15313.2422666741,USD 2015 / osobę,annual,observed,https://api.worldbank.org/v2/country/POL;WLD;USA;CHN;DEU;IND;KOR;JPN;GBR;FRA;BRA;EST/indicator/NY.GDP.PCAP.KD?format=json&per_page=1000,2026-09-28T17:23:20.303Z,{}
NY.GDP.PCAP.KD,NY.GDP.PCAP.KD--gbr,Wielka Brytania,GBR,GDP per capita (constant 2015 US$),1968-12-31,1968,year,1968-01-01,18800.6914906503,USD 2015 / osobę,annual,observed,https://api.worldbank.org/v2/country/POL;WLD;USA;CHN;DEU;IND;KOR;JPN;GBR;FRA;BRA;EST/indicator/NY.GDP.PCAP.KD?format=json&per_page=1000,2026-09-28T17:23:20.303Z,{}
NY.GDP.PCAP.KD,NY.GDP.PCAP.KD--ind,Indie,IND,GDP per capita (constant 2015 US$),1968-12-31,1968,year,1968-01-01,344.128288078031,USD 2015 / osobę,annual,observed,https://api.worldbank.org/v2/country/POL;WLD;USA;CHN;DEU;IND;KOR;JPN;GBR;FRA;BRA;EST/indicator/NY.GDP.PCAP.KD?format=json&per_page=1000,2026-09-28T17:23:20.303Z,{}
NY.GDP.PCAP.KD,NY.GDP.PCAP.KD--jpn,Japonia,JPN,GDP per capita (constant 2015 US$),1968-12-31,1968,year,1968-01-01,12979.860485465,USD 2015 / osobę,annual,observed,https://api.worldbank.org/v2/country/POL;WLD;USA;CHN;DEU;IND;KOR;JPN;GBR;FRA;BRA;EST/indicator/NY.GDP.PCAP.KD?format=json&per_page=1000,2026-09-28T17:23:20.303Z,{}
NY.GDP.PCAP.KD,NY.GDP.PCAP.KD--kor,Korea Płd.,KOR,GDP per capita (constant 2015 US$),1968-12-31,1968,year,1968-01-01,1657.18854005249,USD 2015 / osobę,annual,observed,https://api.worldbank.org/v2/country/POL;WLD;USA;CHN;DEU;IND;KOR;JPN;GBR;FRA;BRA;EST/indicator/NY.GDP.PCAP.KD?format=json&per_page=1000,2026-09-28T17:23:20.303Z,{}
NY.GDP.PCAP.KD,NY.GDP.PCAP.KD--pol,Polska,POL,GDP per capita (constant 2015 US$),1968-12-31,1968,year,1968-01-01,,USD 2015 / osobę,annual,observed,https://api.worldbank.org/v2/country/POL;WLD;USA;CHN;DEU;IND;KOR;JPN;GBR;FRA;BRA;EST/indicator/NY.GDP.PCAP.KD?format=json&per_page=1000,2026-09-28T17:23:20.303Z,{}
NY.GDP.PCAP.KD,NY.GDP.PCAP.KD--usa,USA,USA,GDP per capita (constant 2015 US$),1968-12-31,1968,year,1968-01-01,24948.3569003897,USD 2015 / osobę,annual,observed,https://api.worldbank.org/v2/country/POL;WLD;USA;CHN;DEU;IND;KOR;JPN;GBR;FRA;BRA;EST/indicator/NY.GDP.PCAP.KD?format=json&per_page=1000,2026-09-28T17:23:20.303Z,{}
NY.GDP.PCAP.KD,NY.GDP.PCAP.KD--wld,Świat,WLD,GDP per capita (constant 2015 US$),1968-12-31,1968,year,1968-01-01,4706.69204485463,USD 2015 / osobę,annual,observed,https://api.worldbank.org/v2/country/POL;WLD;USA;CHN;DEU;IND;KOR;JPN;GBR;FRA;BRA;EST/indicator/NY.GDP.PCAP.KD?format=json&per_page=1000,2026-09-28T17:23:20.303Z,{}
NY.GDP.PCAP.KD,NY.GDP.PCAP.KD--bra,Brazylia,BRA,GDP per capita (constant 2015 US$),1969-12-31,1969,year,1969-01-01,3338.76247436022,USD 2015 / osobę,annual,observed,https://api.worldbank.org/v2/country/POL;WLD;USA;CHN;DEU;IND;KOR;JPN;GBR;FRA;BRA;EST/indicator/NY.GDP.PCAP.KD?format=json&per_page=1000,2026-09-28T17:23:20.303Z,{}
NY.GDP.PCAP.KD,NY.GDP.PCAP.KD--chn,Chiny,CHN,GDP per capita (constant 2015 US$),1969-12-31,1969,year,1969-01-01,247.611258585999,USD 2015 / osobę,annual,observed,https://api.worldbank.org/v2/country/POL;WLD;USA;CHN;DEU;IND;KOR;JPN;GBR;FRA;BRA;EST/indicator/NY.GDP.PCAP.KD?format=json&per_page=1000,2026-09-28T17:23:20.303Z,{}
NY.GDP.PCAP.KD,NY.GDP.PCAP.KD--deu,Niemcy,DEU,GDP per capita (constant 2015 US$),1969-12-31,1969,year,1969-01-01,17243.0198518,USD 2015 / osobę,annual,observed,https://api.worldbank.org/v2/country/POL;WLD;USA;CHN;DEU;IND;KOR;JPN;GBR;FRA;BRA;EST/indicator/NY.GDP.PCAP.KD?format=json&per_page=1000,2026-09-28T17:23:20.303Z,{}
NY.GDP.PCAP.KD,NY.GDP.PCAP.KD--est,Estonia,EST,GDP per capita (constant 2015 US$),1969-12-31,1969,year,1969-01-01,,USD 2015 / osobę,annual,observed,https://api.worldbank.org/v2/country/POL;WLD;USA;CHN;DEU;IND;KOR;JPN;GBR;FRA;BRA;EST/indicator/NY.GDP.PCAP.KD?format=json&per_page=1000,2026-09-28T17:23:20.303Z,{}
NY.GDP.PCAP.KD,NY.GDP.PCAP.KD--fra,Francja,FRA,GDP per capita (constant 2015 US$),1969-12-31,1969,year,1969-01-01,16264.8940394037,USD 2015 / osobę,annual,observed,https://api.worldbank.org/v2/country/POL;WLD;USA;CHN;DEU;IND;KOR;JPN;GBR;FRA;BRA;EST/indicator/NY.GDP.PCAP.KD?format=json&per_page=1000,2026-09-28T17:23:20.303Z,{}
NY.GDP.PCAP.KD,NY.GDP.PCAP.KD--gbr,Wielka Brytania,GBR,GDP per capita (constant 2015 US$),1969-12-31,1969,year,1969-01-01,19085.7384549699,USD 2015 / osobę,annual,observed,https://api.worldbank.org/v2/country/POL;WLD;USA;CHN;DEU;IND;KOR;JPN;GBR;FRA;BRA;EST/indicator/NY.GDP.PCAP.KD?format=json&per_page=1000,2026-09-28T17:23:20.303Z,{}
NY.GDP.PCAP.KD,NY.GDP.PCAP.KD--ind,Indie,IND,GDP per capita (constant 2015 US$),1969-12-31,1969,year,1969-01-01,358.966799409582,USD 2015 / osobę,annual,observed,https://api.worldbank.org/v2/country/POL;WLD;USA;CHN;DEU;IND;KOR;JPN;GBR;FRA;BRA;EST/indicator/NY.GDP.PCAP.KD?format=json&per_page=1000,2026-09-28T17:23:20.303Z,{}
NY.GDP.PCAP.KD,NY.GDP.PCAP.KD--jpn,Japonia,JPN,GDP per capita (constant 2015 US$),1969-12-31,1969,year,1969-01-01,14426.9406553992,USD 2015 / osobę,annual,observed,https://api.worldbank.org/v2/country/POL;WLD;USA;CHN;DEU;IND;KOR;JPN;GBR;FRA;BRA;EST/indicator/NY.GDP.PCAP.KD?format=json&per_page=1000,2026-09-28T17:23:20.303Z,{}
NY.GDP.PCAP.KD,NY.GDP.PCAP.KD--kor,Korea Płd.,KOR,GDP per capita (constant 2015 US$),1969-12-31,1969,year,1969-01-01,1856.48418780744,USD 2015 / osobę,annual,observed,https://api.worldbank.org/v2/country/POL;WLD;USA;CHN;DEU;IND;KOR;JPN;GBR;FRA;BRA;EST/indicator/NY.GDP.PCAP.KD?format=json&per_page=1000,2026-09-28T17:23:20.303Z,{}
NY.GDP.PCAP.KD,NY.GDP.PCAP.KD--pol,Polska,POL,GDP per capita (constant 2015 US$),1969-12-31,1969,year,1969-01-01,,USD 2015 / osobę,annual,observed,https://api.worldbank.org/v2/country/POL;WLD;USA;CHN;DEU;IND;KOR;JPN;GBR;FRA;BRA;EST/indicator/NY.GDP.PCAP.KD?format=json&per_page=1000,2026-09-28T17:23:20.303Z,{}
NY.GDP.PCAP.KD,NY.GDP.PCAP.KD--usa,USA,USA,GDP per capita (constant 2015 US$),1969-12-31,1969,year,1969-01-01,25471.6161794352,USD 2015 / osobę,annual,observed,https://api.worldbank.org/v2/country/POL;WLD;USA;CHN;DEU;IND;KOR;JPN;GBR;FRA;BRA;EST/indicator/NY.GDP.PCAP.KD?format=json&per_page=1000,2026-09-28T17:23:20.303Z,{}
NY.GDP.PCAP.KD,NY.GDP.PCAP.KD--wld,Świat,WLD,GDP per capita (constant 2015 US$),1969-12-31,1969,year,1969-01-01,4884.72781217999,USD 2015 / osobę,annual,observed,https://api.worldbank.org/v2/country/POL;WLD;USA;CHN;DEU;IND;KOR;JPN;GBR;FRA;BRA;EST/indicator/NY.GDP.PCAP.KD?format=json&per_page=1000,2026-09-28T17:23:20.303Z,{}
NY.GDP.PCAP.KD,NY.GDP.PCAP.KD--bra,Brazylia,BRA,GDP per capita (constant 2015 US$),1970-12-31,1970,year,1970-01-01,3595.95086280878,USD 2015 / osobę,annual,observed,https://api.worldbank.org/v2/country/POL;WLD;USA;CHN;DEU;IND;KOR;JPN;GBR;FRA;BRA;EST/indicator/NY.GDP.PCAP.KD?format=json&per_page=1000,2026-09-28T17:23:20.303Z,{}
NY.GDP.PCAP.KD,NY.GDP.PCAP.KD--chn,Chiny,CHN,GDP per capita (constant 2015 US$),1970-12-31,1970,year,1970-01-01,287.353854283243,USD 2015 / osobę,annual,observed,https://api.worldbank.org/v2/country/POL;WLD;USA;CHN;DEU;IND;KOR;JPN;GBR;FRA;BRA;EST/indicator/NY.GDP.PCAP.KD?format=json&per_page=1000,2026-09-28T17:23:20.303Z,{}
NY.GDP.PCAP.KD,NY.GDP.PCAP.KD--deu,Niemcy,DEU,GDP per capita (constant 2015 US$),1970-12-31,1970,year,1970-01-01,18062.7681725054,USD 2015 / osobę,annual,observed,https://api.worldbank.org/v2/country/POL;WLD;USA;CHN;DEU;IND;KOR;JPN;GBR;FRA;BRA;EST/indicator/NY.GDP.PCAP.KD?format=json&per_page=1000,2026-09-28T17:23:20.303Z,{}
NY.GDP.PCAP.KD,NY.GDP.PCAP.KD--est,Estonia,EST,GDP per capita (constant 2015 US$),1970-12-31,1970,year,1970-01-01,,USD 2015 / osobę,annual,observed,https://api.worldbank.org/v2/country/POL;WLD;USA;CHN;DEU;IND;KOR;JPN;GBR;FRA;BRA;EST/indicator/NY.GDP.PCAP.KD?format=json&per_page=1000,2026-09-28T17:23:20.303Z,{}
NY.GDP.PCAP.KD,NY.GDP.PCAP.KD--fra,Francja,FRA,GDP per capita (constant 2015 US$),1970-12-31,1970,year,1970-01-01,17116.859268108,USD 2015 / osobę,annual,observed,https://api.worldbank.org/v2/country/POL;WLD;USA;CHN;DEU;IND;KOR;JPN;GBR;FRA;BRA;EST/indicator/NY.GDP.PCAP.KD?format=json&per_page=1000,2026-09-28T17:23:20.303Z,{}
NY.GDP.PCAP.KD,NY.GDP.PCAP.KD--gbr,Wielka Brytania,GBR,GDP per capita (constant 2015 US$),1970-12-31,1970,year,1970-01-01,19524.6865159129,USD 2015 / osobę,annual,observed,https://api.worldbank.org/v2/country/POL;WLD;USA;CHN;DEU;IND;KOR;JPN;GBR;FRA;BRA;EST/indicator/NY.GDP.PCAP.KD?format=json&per_page=1000,2026-09-28T17:23:20.303Z,{}
NY.GDP.PCAP.KD,NY.GDP.PCAP.KD--ind,Indie,IND,GDP per capita (constant 2015 US$),1970-12-31,1970,year,1970-01-01,369.19248063917,USD 2015 / osobę,annual,observed,https://api.worldbank.org/v2/country/POL;WLD;USA;CHN;DEU;IND;KOR;JPN;GBR;FRA;BRA;EST/indicator/NY.GDP.PCAP.KD?format=json&per_page=1000,2026-09-28T17:23:20.303Z,{}
NY.GDP.PCAP.KD,NY.GDP.PCAP.KD--jpn,Japonia,JPN,GDP per capita (constant 2015 US$),1970-12-31,1970,year,1970-01-01,14318.6588003477,USD 2015 / osobę,annual,observed,https://api.worldbank.org/v2/country/POL;WLD;USA;CHN;DEU;IND;KOR;JPN;GBR;FRA;BRA;EST/indicator/NY.GDP.PCAP.KD?format=json&per_page=1000,2026-09-28T17:23:20.303Z,{}
NY.GDP.PCAP.KD,NY.GDP.PCAP.KD--kor,Korea Płd.,KOR,GDP per capita (constant 2015 US$),1970-12-31,1970,year,1970-01-01,2001.04656436772,USD 2015 / osobę,annual,observed,https://api.worldbank.org/v2/country/POL;WLD;USA;CHN;DEU;IND;KOR;JPN;GBR;FRA;BRA;EST/indicator/NY.GDP.PCAP.KD?format=json&per_page=1000,2026-09-28T17:23:20.303Z,{}
NY.GDP.PCAP.KD,NY.GDP.PCAP.KD--pol,Polska,POL,GDP per capita (constant 2015 US$),1970-12-31,1970,year,1970-01-01,,USD 2015 / osobę,annual,observed,https://api.worldbank.org/v2/country/POL;WLD;USA;CHN;DEU;IND;KOR;JPN;GBR;FRA;BRA;EST/indicator/NY.GDP.PCAP.KD?format=json&per_page=1000,2026-09-28T17:23:20.303Z,{}
NY.GDP.PCAP.KD,NY.GDP.PCAP.KD--usa,USA,USA,GDP per capita (constant 2015 US$),1970-12-31,1970,year,1970-01-01,25231.1271587521,USD 2015 / osobę,annual,observed,https://api.worldbank.org/v2/country/POL;WLD;USA;CHN;DEU;IND;KOR;JPN;GBR;FRA;BRA;EST/indicator/NY.GDP.PCAP.KD?format=json&per_page=1000,2026-09-28T17:23:20.303Z,{}
NY.GDP.PCAP.KD,NY.GDP.PCAP.KD--wld,Świat,WLD,GDP per capita (constant 2015 US$),1970-12-31,1970,year,1970-01-01,4964.2668816199,USD 2015 / osobę,annual,observed,https://api.worldbank.org/v2/country/POL;WLD;USA;CHN;DEU;IND;KOR;JPN;GBR;FRA;BRA;EST/indicator/NY.GDP.PCAP.KD?format=json&per_page=1000,2026-09-28T17:23:20.303Z,{}
NY.GDP.PCAP.KD,NY.GDP.PCAP.KD--bra,Brazylia,BRA,GDP per capita (constant 2015 US$),1971-12-31,1971,year,1971-01-01,3907.01225977893,USD 2015 / osobę,annual,observed,https://api.worldbank.org/v2/country/POL;WLD;USA;CHN;DEU;IND;KOR;JPN;GBR;FRA;BRA;EST/indicator/NY.GDP.PCAP.KD?format=json&per_page=1000,2026-09-28T17:23:20.303Z,{}
NY.GDP.PCAP.KD,NY.GDP.PCAP.KD--chn,Chiny,CHN,GDP per capita (constant 2015 US$),1971-12-31,1971,year,1971-01-01,299.305407404138,USD 2015 / osobę,annual,observed,https://api.worldbank.org/v2/country/POL;WLD;USA;CHN;DEU;IND;KOR;JPN;GBR;FRA;BRA;EST/indicator/NY.GDP.PCAP.KD?format=json&per_page=1000,2026-09-28T17:23:20.303Z,{}
NY.GDP.PCAP.KD,NY.GDP.PCAP.KD--deu,Niemcy,DEU,GDP per capita (constant 2015 US$),1971-12-31,1971,year,1971-01-01,18594.4728854164,USD 2015 / osobę,annual,observed,https://api.worldbank.org/v2/country/POL;WLD;USA;CHN;DEU;IND;KOR;JPN;GBR;FRA;BRA;EST/indicator/NY.GDP.PCAP.KD?format=json&per_page=1000,2026-09-28T17:23:20.303Z,{}
NY.GDP.PCAP.KD,NY.GDP.PCAP.KD--est,Estonia,EST,GDP per capita (constant 2015 US$),1971-12-31,1971,year,1971-01-01,,USD 2015 / osobę,annual,observed,https://api.worldbank.org/v2/country/POL;WLD;USA;CHN;DEU;IND;KOR;JPN;GBR;FRA;BRA;EST/indicator/NY.GDP.PCAP.KD?format=json&per_page=1000,2026-09-28T17:23:20.303Z,{}
NY.GDP.PCAP.KD,NY.GDP.PCAP.KD--fra,Francja,FRA,GDP per capita (constant 2015 US$),1971-12-31,1971,year,1971-01-01,17853.8971347786,USD 2015 / osobę,annual,observed,https://api.worldbank.org/v2/country/POL;WLD;USA;CHN;DEU;IND;KOR;JPN;GBR;FRA;BRA;EST/indicator/NY.GDP.PCAP.KD?format=json&per_page=1000,2026-09-28T17:23:20.303Z,{}
NY.GDP.PCAP.KD,NY.GDP.PCAP.KD--gbr,Wielka Brytania,GBR,GDP per capita (constant 2015 US$),1971-12-31,1971,year,1971-01-01,19833.0569103608,USD 2015 / osobę,annual,observed,https://api.worldbank.org/v2/country/POL;WLD;USA;CHN;DEU;IND;KOR;JPN;GBR;FRA;BRA;EST/indicator/NY.GDP.PCAP.KD?format=json&per_page=1000,2026-09-28T17:23:20.303Z,{}
NY.GDP.PCAP.KD,NY.GDP.PCAP.KD--ind,Indie,IND,GDP per capita (constant 2015 US$),1971-12-31,1971,year,1971-01-01,367.033309772096,USD 2015 / osobę,annual,observed,https://api.worldbank.org/v2/country/POL;WLD;USA;CHN;DEU;IND;KOR;JPN;GBR;FRA;BRA;EST/indicator/NY.GDP.PCAP.KD?format=json&per_page=1000,2026-09-28T17:23:20.303Z,{}
NY.GDP.PCAP.KD,NY.GDP.PCAP.KD--jpn,Japonia,JPN,GDP per capita (constant 2015 US$),1971-12-31,1971,year,1971-01-01,14666.1228715572,USD 2015 / osobę,annual,observed,https://api.worldbank.org/v2/country/POL;WLD;USA;CHN;DEU;IND;KOR;JPN;GBR;FRA;BRA;EST/indicator/NY.GDP.PCAP.KD?format=json&per_page=1000,2026-09-28T17:23:20.303Z,{}
NY.GDP.PCAP.KD,NY.GDP.PCAP.KD--kor,Korea Płd.,KOR,GDP per capita (constant 2015 US$),1971-12-31,1971,year,1971-01-01,2170.9646968132,USD 2015 / osobę,annual,observed,https://api.worldbank.org/v2/country/POL;WLD;USA;CHN;DEU;IND;KOR;JPN;GBR;FRA;BRA;EST/indicator/NY.GDP.PCAP.KD?format=json&per_page=1000,2026-09-28T17:23:20.303Z,{}
NY.GDP.PCAP.KD,NY.GDP.PCAP.KD--pol,Polska,POL,GDP per capita (constant 2015 US$),1971-12-31,1971,year,1971-01-01,,USD 2015 / osobę,annual,observed,https://api.worldbank.org/v2/country/POL;WLD;USA;CHN;DEU;IND;KOR;JPN;GBR;FRA;BRA;EST/indicator/NY.GDP.PCAP.KD?format=json&per_page=1000,2026-09-28T17:23:20.303Z,{}
NY.GDP.PCAP.KD,NY.GDP.PCAP.KD--usa,USA,USA,GDP per capita (constant 2015 US$),1971-12-31,1971,year,1971-01-01,25734.4828317751,USD 2015 / osobę,annual,observed,https://api.worldbank.org/v2/country/POL;WLD;USA;CHN;DEU;IND;KOR;JPN;GBR;FRA;BRA;EST/indicator/NY.GDP.PCAP.KD?format=json&per_page=1000,2026-09-28T17:23:20.303Z,{}
NY.GDP.PCAP.KD,NY.GDP.PCAP.KD--wld,Świat,WLD,GDP per capita (constant 2015 US$),1971-12-31,1971,year,1971-01-01,5060.96177798072,USD 2015 / osobę,annual,observed,https://api.worldbank.org/v2/country/POL;WLD;USA;CHN;DEU;IND;KOR;JPN;GBR;FRA;BRA;EST/indicator/NY.GDP.PCAP.KD?format=json&per_page=1000,2026-09-28T17:23:20.303Z,{}
NY.GDP.PCAP.KD,NY.GDP.PCAP.KD--bra,Brazylia,BRA,GDP per capita (constant 2015 US$),1972-12-31,1972,year,1972-01-01,4268.38384697753,USD 2015 / osobę,annual,observed,https://api.worldbank.org/v2/country/POL;WLD;USA;CHN;DEU;IND;KOR;JPN;GBR;FRA;BRA;EST/indicator/NY.GDP.PCAP.KD?format=json&per_page=1000,2026-09-28T17:23:20.303Z,{}
NY.GDP.PCAP.KD,NY.GDP.PCAP.KD--chn,Chiny,CHN,GDP per capita (constant 2015 US$),1972-12-31,1972,year,1972-01-01,303.166764336598,USD 2015 / osobę,annual,observed,https://api.worldbank.org/v2/country/POL;WLD;USA;CHN;DEU;IND;KOR;JPN;GBR;FRA;BRA;EST/indicator/NY.GDP.PCAP.KD?format=json&per_page=1000,2026-09-28T17:23:20.303Z,{}
NY.GDP.PCAP.KD,NY.GDP.PCAP.KD--deu,Niemcy,DEU,GDP per capita (constant 2015 US$),1972-12-31,1972,year,1972-01-01,19301.5232494296,USD 2015 / osobę,annual,observed,https://api.worldbank.org/v2/country/POL;WLD;USA;CHN;DEU;IND;KOR;JPN;GBR;FRA;BRA;EST/indicator/NY.GDP.PCAP.KD?format=json&per_page=1000,2026-09-28T17:23:20.303Z,{}
NY.GDP.PCAP.KD,NY.GDP.PCAP.KD--est,Estonia,EST,GDP per capita (constant 2015 US$),1972-12-31,1972,year,1972-01-01,,USD 2015 / osobę,annual,observed,https://api.worldbank.org/v2/country/POL;WLD;USA;CHN;DEU;IND;KOR;JPN;GBR;FRA;BRA;EST/indicator/NY.GDP.PCAP.KD?format=json&per_page=1000,2026-09-28T17:23:20.303Z,{}
NY.GDP.PCAP.KD,NY.GDP.PCAP.KD--fra,Francja,FRA,GDP per capita (constant 2015 US$),1972-12-31,1972,year,1972-01-01,18496.7852509799,USD 2015 / osobę,annual,observed,https://api.worldbank.org/v2/country/POL;WLD;USA;CHN;DEU;IND;KOR;JPN;GBR;FRA;BRA;EST/indicator/NY.GDP.PCAP.KD?format=json&per_page=1000,2026-09-28T17:23:20.303Z,{}
NY.GDP.PCAP.KD,NY.GDP.PCAP.KD--gbr,Wielka Brytania,GBR,GDP per capita (constant 2015 US$),1972-12-31,1972,year,1972-01-01,20482.7111067345,USD 2015 / osobę,annual,observed,https://api.worldbank.org/v2/country/POL;WLD;USA;CHN;DEU;IND;KOR;JPN;GBR;FRA;BRA;EST/indicator/NY.GDP.PCAP.KD?format=json&per_page=1000,2026-09-28T17:23:20.303Z,{}
NY.GDP.PCAP.KD,NY.GDP.PCAP.KD--ind,Indie,IND,GDP per capita (constant 2015 US$),1972-12-31,1972,year,1972-01-01,357.07792915078,USD 2015 / osobę,annual,observed,https://api.worldbank.org/v2/country/POL;WLD;USA;CHN;DEU;IND;KOR;JPN;GBR;FRA;BRA;EST/indicator/NY.GDP.PCAP.KD?format=json&per_page=1000,2026-09-28T17:23:20.303Z,{}
NY.GDP.PCAP.KD,NY.GDP.PCAP.KD--jpn,Japonia,JPN,GDP per capita (constant 2015 US$),1972-12-31,1972,year,1972-01-01,15678.891945691,USD 2015 / osobę,annual,observed,https://api.worldbank.org/v2/country/POL;WLD;USA;CHN;DEU;IND;KOR;JPN;GBR;FRA;BRA;EST/indicator/NY.GDP.PCAP.KD?format=json&per_page=1000,2026-09-28T17:23:20.303Z,{}
NY.GDP.PCAP.KD,NY.GDP.PCAP.KD--kor,Korea Płd.,KOR,GDP per capita (constant 2015 US$),1972-12-31,1972,year,1972-01-01,2286.93666830827,USD 2015 / osobę,annual,observed,https://api.worldbank.org/v2/country/POL;WLD;USA;CHN;DEU;IND;KOR;JPN;GBR;FRA;BRA;EST/indicator/NY.GDP.PCAP.KD?format=json&per_page=1000,2026-09-28T17:23:20.303Z,{}
NY.GDP.PCAP.KD,NY.GDP.PCAP.KD--pol,Polska,POL,GDP per capita (constant 2015 US$),1972-12-31,1972,year,1972-01-01,,USD 2015 / osobę,annual,observed,https://api.worldbank.org/v2/country/POL;WLD;USA;CHN;DEU;IND;KOR;JPN;GBR;FRA;BRA;EST/indicator/NY.GDP.PCAP.KD?format=json&per_page=1000,2026-09-28T17:23:20.303Z,{}
NY.GDP.PCAP.KD,NY.GDP.PCAP.KD--usa,USA,USA,GDP per capita (constant 2015 US$),1972-12-31,1972,year,1972-01-01,26798.5336106847,USD 2015 / osobę,annual,observed,https://api.worldbank.org/v2/country/POL;WLD;USA;CHN;DEU;IND;KOR;JPN;GBR;FRA;BRA;EST/indicator/NY.GDP.PCAP.KD?format=json&per_page=1000,2026-09-28T17:23:20.303Z,{}
NY.GDP.PCAP.KD,NY.GDP.PCAP.KD--wld,Świat,WLD,GDP per capita (constant 2015 US$),1972-12-31,1972,year,1972-01-01,5235.59521801848,USD 2015 / osobę,annual,observed,https://api.worldbank.org/v2/country/POL;WLD;USA;CHN;DEU;IND;KOR;JPN;GBR;FRA;BRA;EST/indicator/NY.GDP.PCAP.KD?format=json&per_page=1000,2026-09-28T17:23:20.303Z,{}
NY.GDP.PCAP.KD,NY.GDP.PCAP.KD--bra,Brazylia,BRA,GDP per capita (constant 2015 US$),1973-12-31,1973,year,1973-01-01,4748.26246385619,USD 2015 / osobę,annual,observed,https://api.worldbank.org/v2/country/POL;WLD;USA;CHN;DEU;IND;KOR;JPN;GBR;FRA;BRA;EST/indicator/NY.GDP.PCAP.KD?format=json&per_page=1000,2026-09-28T17:23:20.303Z,{}
NY.GDP.PCAP.KD,NY.GDP.PCAP.KD--chn,Chiny,CHN,GDP per capita (constant 2015 US$),1973-12-31,1973,year,1973-01-01,319.317346193733,USD 2015 / osobę,annual,observed,https://api.worldbank.org/v2/country/POL;WLD;USA;CHN;DEU;IND;KOR;JPN;GBR;FRA;BRA;EST/indicator/NY.GDP.PCAP.KD?format=json&per_page=1000,2026-09-28T17:23:20.303Z,{}
NY.GDP.PCAP.KD,NY.GDP.PCAP.KD--deu,Niemcy,DEU,GDP per capita (constant 2015 US$),1973-12-31,1973,year,1973-01-01,20160.0583265478,USD 2015 / osobę,annual,observed,https://api.worldbank.org/v2/country/POL;WLD;USA;CHN;DEU;IND;KOR;JPN;GBR;FRA;BRA;EST/indicator/NY.GDP.PCAP.KD?format=json&per_page=1000,2026-09-28T17:23:20.303Z,{}
NY.GDP.PCAP.KD,NY.GDP.PCAP.KD--est,Estonia,EST,GDP per capita (constant 2015 US$),1973-12-31,1973,year,1973-01-01,,USD 2015 / osobę,annual,observed,https://api.worldbank.org/v2/country/POL;WLD;USA;CHN;DEU;IND;KOR;JPN;GBR;FRA;BRA;EST/indicator/NY.GDP.PCAP.KD?format=json&per_page=1000,2026-09-28T17:23:20.303Z,{}
NY.GDP.PCAP.KD,NY.GDP.PCAP.KD--fra,Francja,FRA,GDP per capita (constant 2015 US$),1973-12-31,1973,year,1973-01-01,19484.4620579649,USD 2015 / osobę,annual,observed,https://api.worldbank.org/v2/country/POL;WLD;USA;CHN;DEU;IND;KOR;JPN;GBR;FRA;BRA;EST/indicator/NY.GDP.PCAP.KD?format=json&per_page=1000,2026-09-28T17:23:20.303Z,{}
NY.GDP.PCAP.KD,NY.GDP.PCAP.KD--gbr,Wielka Brytania,GBR,GDP per capita (constant 2015 US$),1973-12-31,1973,year,1973-01-01,21938.2937939268,USD 2015 / osobę,annual,observed,https://api.worldbank.org/v2/country/POL;WLD;USA;CHN;DEU;IND;KOR;JPN;GBR;FRA;BRA;EST/indicator/NY.GDP.PCAP.KD?format=json&per_page=1000,2026-09-28T17:23:20.303Z,{}
NY.GDP.PCAP.KD,NY.GDP.PCAP.KD--ind,Indie,IND,GDP per capita (constant 2015 US$),1973-12-31,1973,year,1973-01-01,360.637844054436,USD 2015 / osobę,annual,observed,https://api.worldbank.org/v2/country/POL;WLD;USA;CHN;DEU;IND;KOR;JPN;GBR;FRA;BRA;EST/indicator/NY.GDP.PCAP.KD?format=json&per_page=1000,2026-09-28T17:23:20.303Z,{}
NY.GDP.PCAP.KD,NY.GDP.PCAP.KD--jpn,Japonia,JPN,GDP per capita (constant 2015 US$),1973-12-31,1973,year,1973-01-01,16701.6297669361,USD 2015 / osobę,annual,observed,https://api.worldbank.org/v2/country/POL;WLD;USA;CHN;DEU;IND;KOR;JPN;GBR;FRA;BRA;EST/indicator/NY.GDP.PCAP.KD?format=json&per_page=1000,2026-09-28T17:23:20.303Z,{}
NY.GDP.PCAP.KD,NY.GDP.PCAP.KD--kor,Korea Płd.,KOR,GDP per capita (constant 2015 US$),1973-12-31,1973,year,1973-01-01,2583.31158461691,USD 2015 / osobę,annual,observed,https://api.worldbank.org/v2/country/POL;WLD;USA;CHN;DEU;IND;KOR;JPN;GBR;FRA;BRA;EST/indicator/NY.GDP.PCAP.KD?format=json&per_page=1000,2026-09-28T17:23:20.303Z,{}
NY.GDP.PCAP.KD,NY.GDP.PCAP.KD--pol,Polska,POL,GDP per capita (constant 2015 US$),1973-12-31,1973,year,1973-01-01,,USD 2015 / osobę,annual,observed,https://api.worldbank.org/v2/country/POL;WLD;USA;CHN;DEU;IND;KOR;JPN;GBR;FRA;BRA;EST/indicator/NY.GDP.PCAP.KD?format=json&per_page=1000,2026-09-28T17:23:20.303Z,{}
NY.GDP.PCAP.KD,NY.GDP.PCAP.KD--usa,USA,USA,GDP per capita (constant 2015 US$),1973-12-31,1973,year,1973-01-01,28042.5519181903,USD 2015 / osobę,annual,observed,https://api.worldbank.org/v2/country/POL;WLD;USA;CHN;DEU;IND;KOR;JPN;GBR;FRA;BRA;EST/indicator/NY.GDP.PCAP.KD?format=json&per_page=1000,2026-09-28T17:23:20.303Z,{}
NY.GDP.PCAP.KD,NY.GDP.PCAP.KD--wld,Świat,WLD,GDP per capita (constant 2015 US$),1973-12-31,1973,year,1973-01-01,5464.50235085175,USD 2015 / osobę,annual,observed,https://api.worldbank.org/v2/country/POL;WLD;USA;CHN;DEU;IND;KOR;JPN;GBR;FRA;BRA;EST/indicator/NY.GDP.PCAP.KD?format=json&per_page=1000,2026-09-28T17:23:20.303Z,{}
NY.GDP.PCAP.KD,NY.GDP.PCAP.KD--bra,Brazylia,BRA,GDP per capita (constant 2015 US$),1974-12-31,1974,year,1974-01-01,5013.81724730208,USD 2015 / osobę,annual,observed,https://api.worldbank.org/v2/country/POL;WLD;USA;CHN;DEU;IND;KOR;JPN;GBR;FRA;BRA;EST/indicator/NY.GDP.PCAP.KD?format=json&per_page=1000,2026-09-28T17:23:20.303Z,{}
NY.GDP.PCAP.KD,NY.GDP.PCAP.KD--chn,Chiny,CHN,GDP per capita (constant 2015 US$),1974-12-31,1974,year,1974-01-01,320.013476105269,USD 2015 / osobę,annual,observed,https://api.worldbank.org/v2/country/POL;WLD;USA;CHN;DEU;IND;KOR;JPN;GBR;FRA;BRA;EST/indicator/NY.GDP.PCAP.KD?format=json&per_page=1000,2026-09-28T17:23:20.303Z,{}
NY.GDP.PCAP.KD,NY.GDP.PCAP.KD--deu,Niemcy,DEU,GDP per capita (constant 2015 US$),1974-12-31,1974,year,1974-01-01,20331.5720957886,USD 2015 / osobę,annual,observed,https://api.worldbank.org/v2/country/POL;WLD;USA;CHN;DEU;IND;KOR;JPN;GBR;FRA;BRA;EST/indicator/NY.GDP.PCAP.KD?format=json&per_page=1000,2026-09-28T17:23:20.303Z,{}
NY.GDP.PCAP.KD,NY.GDP.PCAP.KD--est,Estonia,EST,GDP per capita (constant 2015 US$),1974-12-31,1974,year,1974-01-01,,USD 2015 / osobę,annual,observed,https://api.worldbank.org/v2/country/POL;WLD;USA;CHN;DEU;IND;KOR;JPN;GBR;FRA;BRA;EST/indicator/NY.GDP.PCAP.KD?format=json&per_page=1000,2026-09-28T17:23:20.303Z,{}
NY.GDP.PCAP.KD,NY.GDP.PCAP.KD--fra,Francja,FRA,GDP per capita (constant 2015 US$),1974-12-31,1974,year,1974-01-01,20210.490760679,USD 2015 / osobę,annual,observed,https://api.worldbank.org/v2/country/POL;WLD;USA;CHN;DEU;IND;KOR;JPN;GBR;FRA;BRA;EST/indicator/NY.GDP.PCAP.KD?format=json&per_page=1000,2026-09-28T17:23:20.303Z,{}
NY.GDP.PCAP.KD,NY.GDP.PCAP.KD--gbr,Wielka Brytania,GBR,GDP per capita (constant 2015 US$),1974-12-31,1974,year,1974-01-01,21556.1992721976,USD 2015 / osobę,annual,observed,https://api.worldbank.org/v2/country/POL;WLD;USA;CHN;DEU;IND;KOR;JPN;GBR;FRA;BRA;EST/indicator/NY.GDP.PCAP.KD?format=json&per_page=1000,2026-09-28T17:23:20.303Z,{}
NY.GDP.PCAP.KD,NY.GDP.PCAP.KD--ind,Indie,IND,GDP per capita (constant 2015 US$),1974-12-31,1974,year,1974-01-01,356.615069655557,USD 2015 / osobę,annual,observed,https://api.worldbank.org/v2/country/POL;WLD;USA;CHN;DEU;IND;KOR;JPN;GBR;FRA;BRA;EST/indicator/NY.GDP.PCAP.KD?format=json&per_page=1000,2026-09-28T17:23:20.303Z,{}
NY.GDP.PCAP.KD,NY.GDP.PCAP.KD--jpn,Japonia,JPN,GDP per capita (constant 2015 US$),1974-12-31,1974,year,1974-01-01,16279.1053900856,USD 2015 / osobę,annual,observed,https://api.worldbank.org/v2/country/POL;WLD;USA;CHN;DEU;IND;KOR;JPN;GBR;FRA;BRA;EST/indicator/NY.GDP.PCAP.KD?format=json&per_page=1000,2026-09-28T17:23:20.303Z,{}
NY.GDP.PCAP.KD,NY.GDP.PCAP.KD--kor,Korea Płd.,KOR,GDP per capita (constant 2015 US$),1974-12-31,1974,year,1974-01-01,2784.47241806545,USD 2015 / osobę,annual,observed,https://api.worldbank.org/v2/country/POL;WLD;USA;CHN;DEU;IND;KOR;JPN;GBR;FRA;BRA;EST/indicator/NY.GDP.PCAP.KD?format=json&per_page=1000,2026-09-28T17:23:20.303Z,{}
NY.GDP.PCAP.KD,NY.GDP.PCAP.KD--pol,Polska,POL,GDP per capita (constant 2015 US$),1974-12-31,1974,year,1974-01-01,,USD 2015 / osobę,annual,observed,https://api.worldbank.org/v2/country/POL;WLD;USA;CHN;DEU;IND;KOR;JPN;GBR;FRA;BRA;EST/indicator/NY.GDP.PCAP.KD?format=json&per_page=1000,2026-09-28T17:23:20.303Z,{}
NY.GDP.PCAP.KD,NY.GDP.PCAP.KD--usa,USA,USA,GDP per capita (constant 2015 US$),1974-12-31,1974,year,1974-01-01,27637.2997756103,USD 2015 / osobę,annual,observed,https://api.worldbank.org/v2/country/POL;WLD;USA;CHN;DEU;IND;KOR;JPN;GBR;FRA;BRA;EST/indicator/NY.GDP.PCAP.KD?format=json&per_page=1000,2026-09-28T17:23:20.303Z,{}
NY.GDP.PCAP.KD,NY.GDP.PCAP.KD--wld,Świat,WLD,GDP per capita (constant 2015 US$),1974-12-31,1974,year,1974-01-01,5466.80512033489,USD 2015 / osobę,annual,observed,https://api.worldbank.org/v2/country/POL;WLD;USA;CHN;DEU;IND;KOR;JPN;GBR;FRA;BRA;EST/indicator/NY.GDP.PCAP.KD?format=json&per_page=1000,2026-09-28T17:23:20.303Z,{}
NY.GDP.PCAP.KD,NY.GDP.PCAP.KD--bra,Brazylia,BRA,GDP per capita (constant 2015 US$),1975-12-31,1975,year,1975-01-01,5148.9106187339,USD 2015 / osobę,annual,observed,https://api.worldbank.org/v2/country/POL;WLD;USA;CHN;DEU;IND;KOR;JPN;GBR;FRA;BRA;EST/indicator/NY.GDP.PCAP.KD?format=json&per_page=1000,2026-09-28T17:23:20.303Z,{}
NY.GDP.PCAP.KD,NY.GDP.PCAP.KD--chn,Chiny,CHN,GDP per capita (constant 2015 US$),1975-12-31,1975,year,1975-01-01,341.827004315989,USD 2015 / osobę,annual,observed,https://api.worldbank.org/v2/country/POL;WLD;USA;CHN;DEU;IND;KOR;JPN;GBR;FRA;BRA;EST/indicator/NY.GDP.PCAP.KD?format=json&per_page=1000,2026-09-28T17:23:20.303Z,{}
NY.GDP.PCAP.KD,NY.GDP.PCAP.KD--deu,Niemcy,DEU,GDP per capita (constant 2015 US$),1975-12-31,1975,year,1975-01-01,20230.6392028525,USD 2015 / osobę,annual,observed,https://api.worldbank.org/v2/country/POL;WLD;USA;CHN;DEU;IND;KOR;JPN;GBR;FRA;BRA;EST/indicator/NY.GDP.PCAP.KD?format=json&per_page=1000,2026-09-28T17:23:20.303Z,{}
NY.GDP.PCAP.KD,NY.GDP.PCAP.KD--est,Estonia,EST,GDP per capita (constant 2015 US$),1975-12-31,1975,year,1975-01-01,,USD 2015 / osobę,annual,observed,https://api.worldbank.org/v2/country/POL;WLD;USA;CHN;DEU;IND;KOR;JPN;GBR;FRA;BRA;EST/indicator/NY.GDP.PCAP.KD?format=json&per_page=1000,2026-09-28T17:23:20.303Z,{}
NY.GDP.PCAP.KD,NY.GDP.PCAP.KD--fra,Francja,FRA,GDP per capita (constant 2015 US$),1975-12-31,1975,year,1975-01-01,19924.3722074097,USD 2015 / osobę,annual,observed,https://api.worldbank.org/v2/country/POL;WLD;USA;CHN;DEU;IND;KOR;JPN;GBR;FRA;BRA;EST/indicator/NY.GDP.PCAP.KD?format=json&per_page=1000,2026-09-28T17:23:20.303Z,{}
NY.GDP.PCAP.KD,NY.GDP.PCAP.KD--gbr,Wielka Brytania,GBR,GDP per capita (constant 2015 US$),1975-12-31,1975,year,1975-01-01,21411.8812069663,USD 2015 / osobę,annual,observed,https://api.worldbank.org/v2/country/POL;WLD;USA;CHN;DEU;IND;KOR;JPN;GBR;FRA;BRA;EST/indicator/NY.GDP.PCAP.KD?format=json&per_page=1000,2026-09-28T17:23:20.303Z,{}
NY.GDP.PCAP.KD,NY.GDP.PCAP.KD--ind,Indie,IND,GDP per capita (constant 2015 US$),1975-12-31,1975,year,1975-01-01,380.159941384358,USD 2015 / osobę,annual,observed,https://api.worldbank.org/v2/country/POL;WLD;USA;CHN;DEU;IND;KOR;JPN;GBR;FRA;BRA;EST/indicator/NY.GDP.PCAP.KD?format=json&per_page=1000,2026-09-28T17:23:20.303Z,{}
NY.GDP.PCAP.KD,NY.GDP.PCAP.KD--jpn,Japonia,JPN,GDP per capita (constant 2015 US$),1975-12-31,1975,year,1975-01-01,16570.1490384468,USD 2015 / osobę,annual,observed,https://api.worldbank.org/v2/country/POL;WLD;USA;CHN;DEU;IND;KOR;JPN;GBR;FRA;BRA;EST/indicator/NY.GDP.PCAP.KD?format=json&per_page=1000,2026-09-28T17:23:20.303Z,{}
NY.GDP.PCAP.KD,NY.GDP.PCAP.KD--kor,Korea Płd.,KOR,GDP per capita (constant 2015 US$),1975-12-31,1975,year,1975-01-01,2955.1963902217,USD 2015 / osobę,annual,observed,https://api.worldbank.org/v2/country/POL;WLD;USA;CHN;DEU;IND;KOR;JPN;GBR;FRA;BRA;EST/indicator/NY.GDP.PCAP.KD?format=json&per_page=1000,2026-09-28T17:23:20.303Z,{}
NY.GDP.PCAP.KD,NY.GDP.PCAP.KD--pol,Polska,POL,GDP per capita (constant 2015 US$),1975-12-31,1975,year,1975-01-01,,USD 2015 / osobę,annual,observed,https://api.worldbank.org/v2/country/POL;WLD;USA;CHN;DEU;IND;KOR;JPN;GBR;FRA;BRA;EST/indicator/NY.GDP.PCAP.KD?format=json&per_page=1000,2026-09-28T17:23:20.303Z,{}
NY.GDP.PCAP.KD,NY.GDP.PCAP.KD--usa,USA,USA,GDP per capita (constant 2015 US$),1975-12-31,1975,year,1975-01-01,27309.8688183059,USD 2015 / osobę,annual,observed,https://api.worldbank.org/v2/country/POL;WLD;USA;CHN;DEU;IND;KOR;JPN;GBR;FRA;BRA;EST/indicator/NY.GDP.PCAP.KD?format=json&per_page=1000,2026-09-28T17:23:20.303Z,{}
NY.GDP.PCAP.KD,NY.GDP.PCAP.KD--wld,Świat,WLD,GDP per capita (constant 2015 US$),1975-12-31,1975,year,1975-01-01,5409.8779133443,USD 2015 / osobę,annual,observed,https://api.worldbank.org/v2/country/POL;WLD;USA;CHN;DEU;IND;KOR;JPN;GBR;FRA;BRA;EST/indicator/NY.GDP.PCAP.KD?format=json&per_page=1000,2026-09-28T17:23:20.303Z,{}
NY.GDP.PCAP.KD,NY.GDP.PCAP.KD--bra,Brazylia,BRA,GDP per capita (constant 2015 US$),1976-12-31,1976,year,1976-01-01,5543.43637942576,USD 2015 / osobę,annual,observed,https://api.worldbank.org/v2/country/POL;WLD;USA;CHN;DEU;IND;KOR;JPN;GBR;FRA;BRA;EST/indicator/NY.GDP.PCAP.KD?format=json&per_page=1000,2026-09-28T17:23:20.303Z,{}
NY.GDP.PCAP.KD,NY.GDP.PCAP.KD--chn,Chiny,CHN,GDP per capita (constant 2015 US$),1976-12-31,1976,year,1976-01-01,331.294213681681,USD 2015 / osobę,annual,observed,https://api.worldbank.org/v2/country/POL;WLD;USA;CHN;DEU;IND;KOR;JPN;GBR;FRA;BRA;EST/indicator/NY.GDP.PCAP.KD?format=json&per_page=1000,2026-09-28T17:23:20.303Z,{}
NY.GDP.PCAP.KD,NY.GDP.PCAP.KD--deu,Niemcy,DEU,GDP per capita (constant 2015 US$),1976-12-31,1976,year,1976-01-01,21323.1366430529,USD 2015 / osobę,annual,observed,https://api.worldbank.org/v2/country/POL;WLD;USA;CHN;DEU;IND;KOR;JPN;GBR;FRA;BRA;EST/indicator/NY.GDP.PCAP.KD?format=json&per_page=1000,2026-09-28T17:23:20.303Z,{}
NY.GDP.PCAP.KD,NY.GDP.PCAP.KD--est,Estonia,EST,GDP per capita (constant 2015 US$),1976-12-31,1976,year,1976-01-01,,USD 2015 / osobę,annual,observed,https://api.worldbank.org/v2/country/POL;WLD;USA;CHN;DEU;IND;KOR;JPN;GBR;FRA;BRA;EST/indicator/NY.GDP.PCAP.KD?format=json&per_page=1000,2026-09-28T17:23:20.303Z,{}
NY.GDP.PCAP.KD,NY.GDP.PCAP.KD--fra,Francja,FRA,GDP per capita (constant 2015 US$),1976-12-31,1976,year,1976-01-01,20700.6186231805,USD 2015 / osobę,annual,observed,https://api.worldbank.org/v2/country/POL;WLD;USA;CHN;DEU;IND;KOR;JPN;GBR;FRA;BRA;EST/indicator/NY.GDP.PCAP.KD?format=json&per_page=1000,2026-09-28T17:23:20.303Z,{}
NY.GDP.PCAP.KD,NY.GDP.PCAP.KD--gbr,Wielka Brytania,GBR,GDP per capita (constant 2015 US$),1976-12-31,1976,year,1976-01-01,22017.8273799837,USD 2015 / osobę,annual,observed,https://api.worldbank.org/v2/country/POL;WLD;USA;CHN;DEU;IND;KOR;JPN;GBR;FRA;BRA;EST/indicator/NY.GDP.PCAP.KD?format=json&per_page=1000,2026-09-28T17:23:20.303Z,{}
NY.GDP.PCAP.KD,NY.GDP.PCAP.KD--ind,Indie,IND,GDP per capita (constant 2015 US$),1976-12-31,1976,year,1976-01-01,377.496025416227,USD 2015 / osobę,annual,observed,https://api.worldbank.org/v2/country/POL;WLD;USA;CHN;DEU;IND;KOR;JPN;GBR;FRA;BRA;EST/indicator/NY.GDP.PCAP.KD?format=json&per_page=1000,2026-09-28T17:23:20.303Z,{}
NY.GDP.PCAP.KD,NY.GDP.PCAP.KD--jpn,Japonia,JPN,GDP per capita (constant 2015 US$),1976-12-31,1976,year,1976-01-01,17045.1784418847,USD 2015 / osobę,annual,observed,https://api.worldbank.org/v2/country/POL;WLD;USA;CHN;DEU;IND;KOR;JPN;GBR;FRA;BRA;EST/indicator/NY.GDP.PCAP.KD?format=json&per_page=1000,2026-09-28T17:23:20.303Z,{}
NY.GDP.PCAP.KD,NY.GDP.PCAP.KD--kor,Korea Płd.,KOR,GDP per capita (constant 2015 US$),1976-12-31,1976,year,1976-01-01,3294.13497099216,USD 2015 / osobę,annual,observed,https://api.worldbank.org/v2/country/POL;WLD;USA;CHN;DEU;IND;KOR;JPN;GBR;FRA;BRA;EST/indicator/NY.GDP.PCAP.KD?format=json&per_page=1000,2026-09-28T17:23:20.303Z,{}
NY.GDP.PCAP.KD,NY.GDP.PCAP.KD--pol,Polska,POL,GDP per capita (constant 2015 US$),1976-12-31,1976,year,1976-01-01,,USD 2015 / osobę,annual,observed,https://api.worldbank.org/v2/country/POL;WLD;USA;CHN;DEU;IND;KOR;JPN;GBR;FRA;BRA;EST/indicator/NY.GDP.PCAP.KD?format=json&per_page=1000,2026-09-28T17:23:20.303Z,{}
NY.GDP.PCAP.KD,NY.GDP.PCAP.KD--usa,USA,USA,GDP per capita (constant 2015 US$),1976-12-31,1976,year,1976-01-01,28509.1430593189,USD 2015 / osobę,annual,observed,https://api.worldbank.org/v2/country/POL;WLD;USA;CHN;DEU;IND;KOR;JPN;GBR;FRA;BRA;EST/indicator/NY.GDP.PCAP.KD?format=json&per_page=1000,2026-09-28T17:23:20.303Z,{}
NY.GDP.PCAP.KD,NY.GDP.PCAP.KD--wld,Świat,WLD,GDP per capita (constant 2015 US$),1976-12-31,1976,year,1976-01-01,5590.91891521715,USD 2015 / osobę,annual,observed,https://api.worldbank.org/v2/country/POL;WLD;USA;CHN;DEU;IND;KOR;JPN;GBR;FRA;BRA;EST/indicator/NY.GDP.PCAP.KD?format=json&per_page=1000,2026-09-28T17:23:20.303Z,{}
NY.GDP.PCAP.KD,NY.GDP.PCAP.KD--bra,Brazylia,BRA,GDP per capita (constant 2015 US$),1977-12-31,1977,year,1977-01-01,5679.78590996985,USD 2015 / osobę,annual,observed,https://api.worldbank.org/v2/country/POL;WLD;USA;CHN;DEU;IND;KOR;JPN;GBR;FRA;BRA;EST/indicator/NY.GDP.PCAP.KD?format=json&per_page=1000,2026-09-28T17:23:20.303Z,{}
NY.GDP.PCAP.KD,NY.GDP.PCAP.KD--chn,Chiny,CHN,GDP per capita (constant 2015 US$),1977-12-31,1977,year,1977-01-01,351.549547458872,USD 2015 / osobę,annual,observed,https://api.worldbank.org/v2/country/POL;WLD;USA;CHN;DEU;IND;KOR;JPN;GBR;FRA;BRA;EST/indicator/NY.GDP.PCAP.KD?format=json&per_page=1000,2026-09-28T17:23:20.303Z,{}
NY.GDP.PCAP.KD,NY.GDP.PCAP.KD--deu,Niemcy,DEU,GDP per capita (constant 2015 US$),1977-12-31,1977,year,1977-01-01,22086.8113636946,USD 2015 / osobę,annual,observed,https://api.worldbank.org/v2/country/POL;WLD;USA;CHN;DEU;IND;KOR;JPN;GBR;FRA;BRA;EST/indicator/NY.GDP.PCAP.KD?format=json&per_page=1000,2026-09-28T17:23:20.303Z,{}
NY.GDP.PCAP.KD,NY.GDP.PCAP.KD--est,Estonia,EST,GDP per capita (constant 2015 US$),1977-12-31,1977,year,1977-01-01,,USD 2015 / osobę,annual,observed,https://api.worldbank.org/v2/country/POL;WLD;USA;CHN;DEU;IND;KOR;JPN;GBR;FRA;BRA;EST/indicator/NY.GDP.PCAP.KD?format=json&per_page=1000,2026-09-28T17:23:20.303Z,{}
NY.GDP.PCAP.KD,NY.GDP.PCAP.KD--fra,Francja,FRA,GDP per capita (constant 2015 US$),1977-12-31,1977,year,1977-01-01,21336.3877815302,USD 2015 / osobę,annual,observed,https://api.worldbank.org/v2/country/POL;WLD;USA;CHN;DEU;IND;KOR;JPN;GBR;FRA;BRA;EST/indicator/NY.GDP.PCAP.KD?format=json&per_page=1000,2026-09-28T17:23:20.303Z,{}
NY.GDP.PCAP.KD,NY.GDP.PCAP.KD--gbr,Wielka Brytania,GBR,GDP per capita (constant 2015 US$),1977-12-31,1977,year,1977-01-01,22545.596298244,USD 2015 / osobę,annual,observed,https://api.worldbank.org/v2/country/POL;WLD;USA;CHN;DEU;IND;KOR;JPN;GBR;FRA;BRA;EST/indicator/NY.GDP.PCAP.KD?format=json&per_page=1000,2026-09-28T17:23:20.303Z,{}
NY.GDP.PCAP.KD,NY.GDP.PCAP.KD--ind,Indie,IND,GDP per capita (constant 2015 US$),1977-12-31,1977,year,1977-01-01,395.443306819602,USD 2015 / osobę,annual,observed,https://api.worldbank.org/v2/country/POL;WLD;USA;CHN;DEU;IND;KOR;JPN;GBR;FRA;BRA;EST/indicator/NY.GDP.PCAP.KD?format=json&per_page=1000,2026-09-28T17:23:20.303Z,{}
NY.GDP.PCAP.KD,NY.GDP.PCAP.KD--jpn,Japonia,JPN,GDP per capita (constant 2015 US$),1977-12-31,1977,year,1977-01-01,17622.1033093596,USD 2015 / osobę,annual,observed,https://api.worldbank.org/v2/country/POL;WLD;USA;CHN;DEU;IND;KOR;JPN;GBR;FRA;BRA;EST/indicator/NY.GDP.PCAP.KD?format=json&per_page=1000,2026-09-28T17:23:20.303Z,{}
NY.GDP.PCAP.KD,NY.GDP.PCAP.KD--kor,Korea Płd.,KOR,GDP per capita (constant 2015 US$),1977-12-31,1977,year,1977-01-01,3644.59385270464,USD 2015 / osobę,annual,observed,https://api.worldbank.org/v2/country/POL;WLD;USA;CHN;DEU;IND;KOR;JPN;GBR;FRA;BRA;EST/indicator/NY.GDP.PCAP.KD?format=json&per_page=1000,2026-09-28T17:23:20.303Z,{}
NY.GDP.PCAP.KD,NY.GDP.PCAP.KD--pol,Polska,POL,GDP per capita (constant 2015 US$),1977-12-31,1977,year,1977-01-01,,USD 2015 / osobę,annual,observed,https://api.worldbank.org/v2/country/POL;WLD;USA;CHN;DEU;IND;KOR;JPN;GBR;FRA;BRA;EST/indicator/NY.GDP.PCAP.KD?format=json&per_page=1000,2026-09-28T17:23:20.303Z,{}
NY.GDP.PCAP.KD,NY.GDP.PCAP.KD--usa,USA,USA,GDP per capita (constant 2015 US$),1977-12-31,1977,year,1977-01-01,29528.9663682275,USD 2015 / osobę,annual,observed,https://api.worldbank.org/v2/country/POL;WLD;USA;CHN;DEU;IND;KOR;JPN;GBR;FRA;BRA;EST/indicator/NY.GDP.PCAP.KD?format=json&per_page=1000,2026-09-28T17:23:20.303Z,{}
NY.GDP.PCAP.KD,NY.GDP.PCAP.KD--wld,Świat,WLD,GDP per capita (constant 2015 US$),1977-12-31,1977,year,1977-01-01,5710.21713028289,USD 2015 / osobę,annual,observed,https://api.worldbank.org/v2/country/POL;WLD;USA;CHN;DEU;IND;KOR;JPN;GBR;FRA;BRA;EST/indicator/NY.GDP.PCAP.KD?format=json&per_page=1000,2026-09-28T17:23:20.303Z,{}
NY.GDP.PCAP.KD,NY.GDP.PCAP.KD--bra,Brazylia,BRA,GDP per capita (constant 2015 US$),1978-12-31,1978,year,1978-01-01,5821.49131249962,USD 2015 / osobę,annual,observed,https://api.worldbank.org/v2/country/POL;WLD;USA;CHN;DEU;IND;KOR;JPN;GBR;FRA;BRA;EST/indicator/NY.GDP.PCAP.KD?format=json&per_page=1000,2026-09-28T17:23:20.303Z,{}
NY.GDP.PCAP.KD,NY.GDP.PCAP.KD--chn,Chiny,CHN,GDP per capita (constant 2015 US$),1978-12-31,1978,year,1978-01-01,386.167053595622,USD 2015 / osobę,annual,observed,https://api.worldbank.org/v2/country/POL;WLD;USA;CHN;DEU;IND;KOR;JPN;GBR;FRA;BRA;EST/indicator/NY.GDP.PCAP.KD?format=json&per_page=1000,2026-09-28T17:23:20.303Z,{}
NY.GDP.PCAP.KD,NY.GDP.PCAP.KD--deu,Niemcy,DEU,GDP per capita (constant 2015 US$),1978-12-31,1978,year,1978-01-01,22771.1009028119,USD 2015 / osobę,annual,observed,https://api.worldbank.org/v2/country/POL;WLD;USA;CHN;DEU;IND;KOR;JPN;GBR;FRA;BRA;EST/indicator/NY.GDP.PCAP.KD?format=json&per_page=1000,2026-09-28T17:23:20.303Z,{}
NY.GDP.PCAP.KD,NY.GDP.PCAP.KD--est,Estonia,EST,GDP per capita (constant 2015 US$),1978-12-31,1978,year,1978-01-01,,USD 2015 / osobę,annual,observed,https://api.worldbank.org/v2/country/POL;WLD;USA;CHN;DEU;IND;KOR;JPN;GBR;FRA;BRA;EST/indicator/NY.GDP.PCAP.KD?format=json&per_page=1000,2026-09-28T17:23:20.303Z,{}
NY.GDP.PCAP.KD,NY.GDP.PCAP.KD--fra,Francja,FRA,GDP per capita (constant 2015 US$),1978-12-31,1978,year,1978-01-01,22078.7228161384,USD 2015 / osobę,annual,observed,https://api.worldbank.org/v2/country/POL;WLD;USA;CHN;DEU;IND;KOR;JPN;GBR;FRA;BRA;EST/indicator/NY.GDP.PCAP.KD?format=json&per_page=1000,2026-09-28T17:23:20.303Z,{}
NY.GDP.PCAP.KD,NY.GDP.PCAP.KD--gbr,Wielka Brytania,GBR,GDP per capita (constant 2015 US$),1978-12-31,1978,year,1978-01-01,23311.6577053372,USD 2015 / osobę,annual,observed,https://api.worldbank.org/v2/country/POL;WLD;USA;CHN;DEU;IND;KOR;JPN;GBR;FRA;BRA;EST/indicator/NY.GDP.PCAP.KD?format=json&per_page=1000,2026-09-28T17:23:20.303Z,{}
NY.GDP.PCAP.KD,NY.GDP.PCAP.KD--ind,Indie,IND,GDP per capita (constant 2015 US$),1978-12-31,1978,year,1978-01-01,408.51694440403,USD 2015 / osobę,annual,observed,https://api.worldbank.org/v2/country/POL;WLD;USA;CHN;DEU;IND;KOR;JPN;GBR;FRA;BRA;EST/indicator/NY.GDP.PCAP.KD?format=json&per_page=1000,2026-09-28T17:23:20.303Z,{}
NY.GDP.PCAP.KD,NY.GDP.PCAP.KD--jpn,Japonia,JPN,GDP per capita (constant 2015 US$),1978-12-31,1978,year,1978-01-01,18383.0750924035,USD 2015 / osobę,annual,observed,https://api.worldbank.org/v2/country/POL;WLD;USA;CHN;DEU;IND;KOR;JPN;GBR;FRA;BRA;EST/indicator/NY.GDP.PCAP.KD?format=json&per_page=1000,2026-09-28T17:23:20.303Z,{}
NY.GDP.PCAP.KD,NY.GDP.PCAP.KD--kor,Korea Płd.,KOR,GDP per capita (constant 2015 US$),1978-12-31,1978,year,1978-01-01,3986.99777854343,USD 2015 / osobę,annual,observed,https://api.worldbank.org/v2/country/POL;WLD;USA;CHN;DEU;IND;KOR;JPN;GBR;FRA;BRA;EST/indicator/NY.GDP.PCAP.KD?format=json&per_page=1000,2026-09-28T17:23:20.303Z,{}
NY.GDP.PCAP.KD,NY.GDP.PCAP.KD--pol,Polska,POL,GDP per capita (constant 2015 US$),1978-12-31,1978,year,1978-01-01,,USD 2015 / osobę,annual,observed,https://api.worldbank.org/v2/country/POL;WLD;USA;CHN;DEU;IND;KOR;JPN;GBR;FRA;BRA;EST/indicator/NY.GDP.PCAP.KD?format=json&per_page=1000,2026-09-28T17:23:20.303Z,{}
NY.GDP.PCAP.KD,NY.GDP.PCAP.KD--usa,USA,USA,GDP per capita (constant 2015 US$),1978-12-31,1978,year,1978-01-01,30834.9992322862,USD 2015 / osobę,annual,observed,https://api.worldbank.org/v2/country/POL;WLD;USA;CHN;DEU;IND;KOR;JPN;GBR;FRA;BRA;EST/indicator/NY.GDP.PCAP.KD?format=json&per_page=1000,2026-09-28T17:23:20.303Z,{}
NY.GDP.PCAP.KD,NY.GDP.PCAP.KD--wld,Świat,WLD,GDP per capita (constant 2015 US$),1978-12-31,1978,year,1978-01-01,5843.07195676427,USD 2015 / osobę,annual,observed,https://api.worldbank.org/v2/country/POL;WLD;USA;CHN;DEU;IND;KOR;JPN;GBR;FRA;BRA;EST/indicator/NY.GDP.PCAP.KD?format=json&per_page=1000,2026-09-28T17:23:20.303Z,{}
NY.GDP.PCAP.KD,NY.GDP.PCAP.KD--bra,Brazylia,BRA,GDP per capita (constant 2015 US$),1979-12-31,1979,year,1979-01-01,6069.05474310333,USD 2015 / osobę,annual,observed,https://api.worldbank.org/v2/country/POL;WLD;USA;CHN;DEU;IND;KOR;JPN;GBR;FRA;BRA;EST/indicator/NY.GDP.PCAP.KD?format=json&per_page=1000,2026-09-28T17:23:20.303Z,{}
NY.GDP.PCAP.KD,NY.GDP.PCAP.KD--chn,Chiny,CHN,GDP per capita (constant 2015 US$),1979-12-31,1979,year,1979-01-01,409.99006489222,USD 2015 / osobę,annual,observed,https://api.worldbank.org/v2/country/POL;WLD;USA;CHN;DEU;IND;KOR;JPN;GBR;FRA;BRA;EST/indicator/NY.GDP.PCAP.KD?format=json&per_page=1000,2026-09-28T17:23:20.303Z,{}
NY.GDP.PCAP.KD,NY.GDP.PCAP.KD--deu,Niemcy,DEU,GDP per capita (constant 2015 US$),1979-12-31,1979,year,1979-01-01,23705.7023334262,USD 2015 / osobę,annual,observed,https://api.worldbank.org/v2/country/POL;WLD;USA;CHN;DEU;IND;KOR;JPN;GBR;FRA;BRA;EST/indicator/NY.GDP.PCAP.KD?format=json&per_page=1000,2026-09-28T17:23:20.303Z,{}
NY.GDP.PCAP.KD,NY.GDP.PCAP.KD--est,Estonia,EST,GDP per capita (constant 2015 US$),1979-12-31,1979,year,1979-01-01,,USD 2015 / osobę,annual,observed,https://api.worldbank.org/v2/country/POL;WLD;USA;CHN;DEU;IND;KOR;JPN;GBR;FRA;BRA;EST/indicator/NY.GDP.PCAP.KD?format=json&per_page=1000,2026-09-28T17:23:20.303Z,{}
NY.GDP.PCAP.KD,NY.GDP.PCAP.KD--fra,Francja,FRA,GDP per capita (constant 2015 US$),1979-12-31,1979,year,1979-01-01,22792.2359498683,USD 2015 / osobę,annual,observed,https://api.worldbank.org/v2/country/POL;WLD;USA;CHN;DEU;IND;KOR;JPN;GBR;FRA;BRA;EST/indicator/NY.GDP.PCAP.KD?format=json&per_page=1000,2026-09-28T17:23:20.303Z,{}
NY.GDP.PCAP.KD,NY.GDP.PCAP.KD--gbr,Wielka Brytania,GBR,GDP per capita (constant 2015 US$),1979-12-31,1979,year,1979-01-01,23930.4936898844,USD 2015 / osobę,annual,observed,https://api.worldbank.org/v2/country/POL;WLD;USA;CHN;DEU;IND;KOR;JPN;GBR;FRA;BRA;EST/indicator/NY.GDP.PCAP.KD?format=json&per_page=1000,2026-09-28T17:23:20.303Z,{}
NY.GDP.PCAP.KD,NY.GDP.PCAP.KD--ind,Indie,IND,GDP per capita (constant 2015 US$),1979-12-31,1979,year,1979-01-01,378.219592791247,USD 2015 / osobę,annual,observed,https://api.worldbank.org/v2/country/POL;WLD;USA;CHN;DEU;IND;KOR;JPN;GBR;FRA;BRA;EST/indicator/NY.GDP.PCAP.KD?format=json&per_page=1000,2026-09-28T17:23:20.303Z,{}
NY.GDP.PCAP.KD,NY.GDP.PCAP.KD--jpn,Japonia,JPN,GDP per capita (constant 2015 US$),1979-12-31,1979,year,1979-01-01,19227.734800588,USD 2015 / osobę,annual,observed,https://api.worldbank.org/v2/country/POL;WLD;USA;CHN;DEU;IND;KOR;JPN;GBR;FRA;BRA;EST/indicator/NY.GDP.PCAP.KD?format=json&per_page=1000,2026-09-28T17:23:20.303Z,{}
NY.GDP.PCAP.KD,NY.GDP.PCAP.KD--kor,Korea Płd.,KOR,GDP per capita (constant 2015 US$),1979-12-31,1979,year,1979-01-01,4270.07298916474,USD 2015 / osobę,annual,observed,https://api.worldbank.org/v2/country/POL;WLD;USA;CHN;DEU;IND;KOR;JPN;GBR;FRA;BRA;EST/indicator/NY.GDP.PCAP.KD?format=json&per_page=1000,2026-09-28T17:23:20.303Z,{}
NY.GDP.PCAP.KD,NY.GDP.PCAP.KD--pol,Polska,POL,GDP per capita (constant 2015 US$),1979-12-31,1979,year,1979-01-01,,USD 2015 / osobę,annual,observed,https://api.worldbank.org/v2/country/POL;WLD;USA;CHN;DEU;IND;KOR;JPN;GBR;FRA;BRA;EST/indicator/NY.GDP.PCAP.KD?format=json&per_page=1000,2026-09-28T17:23:20.303Z,{}
NY.GDP.PCAP.KD,NY.GDP.PCAP.KD--usa,USA,USA,GDP per capita (constant 2015 US$),1979-12-31,1979,year,1979-01-01,31462.1003882108,USD 2015 / osobę,annual,observed,https://api.worldbank.org/v2/country/POL;WLD;USA;CHN;DEU;IND;KOR;JPN;GBR;FRA;BRA;EST/indicator/NY.GDP.PCAP.KD?format=json&per_page=1000,2026-09-28T17:23:20.303Z,{}
NY.GDP.PCAP.KD,NY.GDP.PCAP.KD--wld,Świat,WLD,GDP per capita (constant 2015 US$),1979-12-31,1979,year,1979-01-01,5978.08804044549,USD 2015 / osobę,annual,observed,https://api.worldbank.org/v2/country/POL;WLD;USA;CHN;DEU;IND;KOR;JPN;GBR;FRA;BRA;EST/indicator/NY.GDP.PCAP.KD?format=json&per_page=1000,2026-09-28T17:23:20.303Z,{}
NY.GDP.PCAP.KD,NY.GDP.PCAP.KD--bra,Brazylia,BRA,GDP per capita (constant 2015 US$),1980-12-31,1980,year,1980-01-01,6472.85214591952,USD 2015 / osobę,annual,observed,https://api.worldbank.org/v2/country/POL;WLD;USA;CHN;DEU;IND;KOR;JPN;GBR;FRA;BRA;EST/indicator/NY.GDP.PCAP.KD?format=json&per_page=1000,2026-09-28T17:23:20.303Z,{}
NY.GDP.PCAP.KD,NY.GDP.PCAP.KD--chn,Chiny,CHN,GDP per capita (constant 2015 US$),1980-12-31,1980,year,1980-01-01,436.628325064633,USD 2015 / osobę,annual,observed,https://api.worldbank.org/v2/country/POL;WLD;USA;CHN;DEU;IND;KOR;JPN;GBR;FRA;BRA;EST/indicator/NY.GDP.PCAP.KD?format=json&per_page=1000,2026-09-28T17:23:20.303Z,{}
NY.GDP.PCAP.KD,NY.GDP.PCAP.KD--deu,Niemcy,DEU,GDP per capita (constant 2015 US$),1980-12-31,1980,year,1980-01-01,23989.8611451039,USD 2015 / osobę,annual,observed,https://api.worldbank.org/v2/country/POL;WLD;USA;CHN;DEU;IND;KOR;JPN;GBR;FRA;BRA;EST/indicator/NY.GDP.PCAP.KD?format=json&per_page=1000,2026-09-28T17:23:20.303Z,{}
NY.GDP.PCAP.KD,NY.GDP.PCAP.KD--est,Estonia,EST,GDP per capita (constant 2015 US$),1980-12-31,1980,year,1980-01-01,,USD 2015 / osobę,annual,observed,https://api.worldbank.org/v2/country/POL;WLD;USA;CHN;DEU;IND;KOR;JPN;GBR;FRA;BRA;EST/indicator/NY.GDP.PCAP.KD?format=json&per_page=1000,2026-09-28T17:23:20.303Z,{}
NY.GDP.PCAP.KD,NY.GDP.PCAP.KD--fra,Francja,FRA,GDP per capita (constant 2015 US$),1980-12-31,1980,year,1980-01-01,23050.9255953042,USD 2015 / osobę,annual,observed,https://api.worldbank.org/v2/country/POL;WLD;USA;CHN;DEU;IND;KOR;JPN;GBR;FRA;BRA;EST/indicator/NY.GDP.PCAP.KD?format=json&per_page=1000,2026-09-28T17:23:20.303Z,{}
NY.GDP.PCAP.KD,NY.GDP.PCAP.KD--gbr,Wielka Brytania,GBR,GDP per capita (constant 2015 US$),1980-12-31,1980,year,1980-01-01,23381.0626649925,USD 2015 / osobę,annual,observed,https://api.worldbank.org/v2/country/POL;WLD;USA;CHN;DEU;IND;KOR;JPN;GBR;FRA;BRA;EST/indicator/NY.GDP.PCAP.KD?format=json&per_page=1000,2026-09-28T17:23:20.303Z,{}
NY.GDP.PCAP.KD,NY.GDP.PCAP.KD--ind,Indie,IND,GDP per capita (constant 2015 US$),1980-12-31,1980,year,1980-01-01,394.182239921013,USD 2015 / osobę,annual,observed,https://api.worldbank.org/v2/country/POL;WLD;USA;CHN;DEU;IND;KOR;JPN;GBR;FRA;BRA;EST/indicator/NY.GDP.PCAP.KD?format=json&per_page=1000,2026-09-28T17:23:20.303Z,{}
NY.GDP.PCAP.KD,NY.GDP.PCAP.KD--jpn,Japonia,JPN,GDP per capita (constant 2015 US$),1980-12-31,1980,year,1980-01-01,19614.2922299856,USD 2015 / osobę,annual,observed,https://api.worldbank.org/v2/country/POL;WLD;USA;CHN;DEU;IND;KOR;JPN;GBR;FRA;BRA;EST/indicator/NY.GDP.PCAP.KD?format=json&per_page=1000,2026-09-28T17:23:20.303Z,{}
NY.GDP.PCAP.KD,NY.GDP.PCAP.KD--kor,Korea Płd.,KOR,GDP per capita (constant 2015 US$),1980-12-31,1980,year,1980-01-01,4139.9606854608,USD 2015 / osobę,annual,observed,https://api.worldbank.org/v2/country/POL;WLD;USA;CHN;DEU;IND;KOR;JPN;GBR;FRA;BRA;EST/indicator/NY.GDP.PCAP.KD?format=json&per_page=1000,2026-09-28T17:23:20.303Z,{}
NY.GDP.PCAP.KD,NY.GDP.PCAP.KD--pol,Polska,POL,GDP per capita (constant 2015 US$),1980-12-31,1980,year,1980-01-01,,USD 2015 / osobę,annual,observed,https://api.worldbank.org/v2/country/POL;WLD;USA;CHN;DEU;IND;KOR;JPN;GBR;FRA;BRA;EST/indicator/NY.GDP.PCAP.KD?format=json&per_page=1000,2026-09-28T17:23:20.303Z,{}
NY.GDP.PCAP.KD,NY.GDP.PCAP.KD--usa,USA,USA,GDP per capita (constant 2015 US$),1980-12-31,1980,year,1980-01-01,31081.6216322106,USD 2015 / osobę,annual,observed,https://api.worldbank.org/v2/country/POL;WLD;USA;CHN;DEU;IND;KOR;JPN;GBR;FRA;BRA;EST/indicator/NY.GDP.PCAP.KD?format=json&per_page=1000,2026-09-28T17:23:20.303Z,{}
NY.GDP.PCAP.KD,NY.GDP.PCAP.KD--wld,Świat,WLD,GDP per capita (constant 2015 US$),1980-12-31,1980,year,1980-01-01,5980.2496636777,USD 2015 / osobę,annual,observed,https://api.worldbank.org/v2/country/POL;WLD;USA;CHN;DEU;IND;KOR;JPN;GBR;FRA;BRA;EST/indicator/NY.GDP.PCAP.KD?format=json&per_page=1000,2026-09-28T17:23:20.303Z,{}
NY.GDP.PCAP.KD,NY.GDP.PCAP.KD--bra,Brazylia,BRA,GDP per capita (constant 2015 US$),1981-12-31,1981,year,1981-01-01,6055.09781428103,USD 2015 / osobę,annual,observed,https://api.worldbank.org/v2/country/POL;WLD;USA;CHN;DEU;IND;KOR;JPN;GBR;FRA;BRA;EST/indicator/NY.GDP.PCAP.KD?format=json&per_page=1000,2026-09-28T17:23:20.303Z,{}
NY.GDP.PCAP.KD,NY.GDP.PCAP.KD--chn,Chiny,CHN,GDP per capita (constant 2015 US$),1981-12-31,1981,year,1981-01-01,453.119684821175,USD 2015 / osobę,annual,observed,https://api.worldbank.org/v2/country/POL;WLD;USA;CHN;DEU;IND;KOR;JPN;GBR;FRA;BRA;EST/indicator/NY.GDP.PCAP.KD?format=json&per_page=1000,2026-09-28T17:23:20.303Z,{}
NY.GDP.PCAP.KD,NY.GDP.PCAP.KD--deu,Niemcy,DEU,GDP per capita (constant 2015 US$),1981-12-31,1981,year,1981-01-01,24080.1212028372,USD 2015 / osobę,annual,observed,https://api.worldbank.org/v2/country/POL;WLD;USA;CHN;DEU;IND;KOR;JPN;GBR;FRA;BRA;EST/indicator/NY.GDP.PCAP.KD?format=json&per_page=1000,2026-09-28T17:23:20.303Z,{}
NY.GDP.PCAP.KD,NY.GDP.PCAP.KD--est,Estonia,EST,GDP per capita (constant 2015 US$),1981-12-31,1981,year,1981-01-01,,USD 2015 / osobę,annual,observed,https://api.worldbank.org/v2/country/POL;WLD;USA;CHN;DEU;IND;KOR;JPN;GBR;FRA;BRA;EST/indicator/NY.GDP.PCAP.KD?format=json&per_page=1000,2026-09-28T17:23:20.303Z,{}
NY.GDP.PCAP.KD,NY.GDP.PCAP.KD--fra,Francja,FRA,GDP per capita (constant 2015 US$),1981-12-31,1981,year,1981-01-01,23186.7612665684,USD 2015 / osobę,annual,observed,https://api.worldbank.org/v2/country/POL;WLD;USA;CHN;DEU;IND;KOR;JPN;GBR;FRA;BRA;EST/indicator/NY.GDP.PCAP.KD?format=json&per_page=1000,2026-09-28T17:23:20.303Z,{}
NY.GDP.PCAP.KD,NY.GDP.PCAP.KD--gbr,Wielka Brytania,GBR,GDP per capita (constant 2015 US$),1981-12-31,1981,year,1981-01-01,23063.5915396279,USD 2015 / osobę,annual,observed,https://api.worldbank.org/v2/country/POL;WLD;USA;CHN;DEU;IND;KOR;JPN;GBR;FRA;BRA;EST/indicator/NY.GDP.PCAP.KD?format=json&per_page=1000,2026-09-28T17:23:20.303Z,{}
NY.GDP.PCAP.KD,NY.GDP.PCAP.KD--ind,Indie,IND,GDP per capita (constant 2015 US$),1981-12-31,1981,year,1981-01-01,408.153549793307,USD 2015 / osobę,annual,observed,https://api.worldbank.org/v2/country/POL;WLD;USA;CHN;DEU;IND;KOR;JPN;GBR;FRA;BRA;EST/indicator/NY.GDP.PCAP.KD?format=json&per_page=1000,2026-09-28T17:23:20.303Z,{}
NY.GDP.PCAP.KD,NY.GDP.PCAP.KD--jpn,Japonia,JPN,GDP per capita (constant 2015 US$),1981-12-31,1981,year,1981-01-01,20291.567958628,USD 2015 / osobę,annual,observed,https://api.worldbank.org/v2/country/POL;WLD;USA;CHN;DEU;IND;KOR;JPN;GBR;FRA;BRA;EST/indicator/NY.GDP.PCAP.KD?format=json&per_page=1000,2026-09-28T17:23:20.303Z,{}
NY.GDP.PCAP.KD,NY.GDP.PCAP.KD--kor,Korea Płd.,KOR,GDP per capita (constant 2015 US$),1981-12-31,1981,year,1981-01-01,4377.64026742067,USD 2015 / osobę,annual,observed,https://api.worldbank.org/v2/country/POL;WLD;USA;CHN;DEU;IND;KOR;JPN;GBR;FRA;BRA;EST/indicator/NY.GDP.PCAP.KD?format=json&per_page=1000,2026-09-28T17:23:20.303Z,{}
NY.GDP.PCAP.KD,NY.GDP.PCAP.KD--pol,Polska,POL,GDP per capita (constant 2015 US$),1981-12-31,1981,year,1981-01-01,,USD 2015 / osobę,annual,observed,https://api.worldbank.org/v2/country/POL;WLD;USA;CHN;DEU;IND;KOR;JPN;GBR;FRA;BRA;EST/indicator/NY.GDP.PCAP.KD?format=json&per_page=1000,2026-09-28T17:23:20.303Z,{}
NY.GDP.PCAP.KD,NY.GDP.PCAP.KD--usa,USA,USA,GDP per capita (constant 2015 US$),1981-12-31,1981,year,1981-01-01,31559.1293376105,USD 2015 / osobę,annual,observed,https://api.worldbank.org/v2/country/POL;WLD;USA;CHN;DEU;IND;KOR;JPN;GBR;FRA;BRA;EST/indicator/NY.GDP.PCAP.KD?format=json&per_page=1000,2026-09-28T17:23:20.303Z,{}
NY.GDP.PCAP.KD,NY.GDP.PCAP.KD--wld,Świat,WLD,GDP per capita (constant 2015 US$),1981-12-31,1981,year,1981-01-01,5986.16541634047,USD 2015 / osobę,annual,observed,https://api.worldbank.org/v2/country/POL;WLD;USA;CHN;DEU;IND;KOR;JPN;GBR;FRA;BRA;EST/indicator/NY.GDP.PCAP.KD?format=json&per_page=1000,2026-09-28T17:23:20.303Z,{}
NY.GDP.PCAP.KD,NY.GDP.PCAP.KD--bra,Brazylia,BRA,GDP per capita (constant 2015 US$),1982-12-31,1982,year,1982-01-01,5967.77899586532,USD 2015 / osobę,annual,observed,https://api.worldbank.org/v2/country/POL;WLD;USA;CHN;DEU;IND;KOR;JPN;GBR;FRA;BRA;EST/indicator/NY.GDP.PCAP.KD?format=json&per_page=1000,2026-09-28T17:23:20.303Z,{}
NY.GDP.PCAP.KD,NY.GDP.PCAP.KD--chn,Chiny,CHN,GDP per capita (constant 2015 US$),1982-12-31,1982,year,1982-01-01,486.788897534069,USD 2015 / osobę,annual,observed,https://api.worldbank.org/v2/country/POL;WLD;USA;CHN;DEU;IND;KOR;JPN;GBR;FRA;BRA;EST/indicator/NY.GDP.PCAP.KD?format=json&per_page=1000,2026-09-28T17:23:20.303Z,{}
NY.GDP.PCAP.KD,NY.GDP.PCAP.KD--deu,Niemcy,DEU,GDP per capita (constant 2015 US$),1982-12-31,1982,year,1982-01-01,24007.8669264184,USD 2015 / osobę,annual,observed,https://api.worldbank.org/v2/country/POL;WLD;USA;CHN;DEU;IND;KOR;JPN;GBR;FRA;BRA;EST/indicator/NY.GDP.PCAP.KD?format=json&per_page=1000,2026-09-28T17:23:20.303Z,{}
NY.GDP.PCAP.KD,NY.GDP.PCAP.KD--est,Estonia,EST,GDP per capita (constant 2015 US$),1982-12-31,1982,year,1982-01-01,,USD 2015 / osobę,annual,observed,https://api.worldbank.org/v2/country/POL;WLD;USA;CHN;DEU;IND;KOR;JPN;GBR;FRA;BRA;EST/indicator/NY.GDP.PCAP.KD?format=json&per_page=1000,2026-09-28T17:23:20.303Z,{}
NY.GDP.PCAP.KD,NY.GDP.PCAP.KD--fra,Francja,FRA,GDP per capita (constant 2015 US$),1982-12-31,1982,year,1982-01-01,23666.5121788084,USD 2015 / osobę,annual,observed,https://api.worldbank.org/v2/country/POL;WLD;USA;CHN;DEU;IND;KOR;JPN;GBR;FRA;BRA;EST/indicator/NY.GDP.PCAP.KD?format=json&per_page=1000,2026-09-28T17:23:20.303Z,{}
NY.GDP.PCAP.KD,NY.GDP.PCAP.KD--gbr,Wielka Brytania,GBR,GDP per capita (constant 2015 US$),1982-12-31,1982,year,1982-01-01,23554.7695677663,USD 2015 / osobę,annual,observed,https://api.worldbank.org/v2/country/POL;WLD;USA;CHN;DEU;IND;KOR;JPN;GBR;FRA;BRA;EST/indicator/NY.GDP.PCAP.KD?format=json&per_page=1000,2026-09-28T17:23:20.303Z,{}
NY.GDP.PCAP.KD,NY.GDP.PCAP.KD--ind,Indie,IND,GDP per capita (constant 2015 US$),1982-12-31,1982,year,1982-01-01,412.596737104221,USD 2015 / osobę,annual,observed,https://api.worldbank.org/v2/country/POL;WLD;USA;CHN;DEU;IND;KOR;JPN;GBR;FRA;BRA;EST/indicator/NY.GDP.PCAP.KD?format=json&per_page=1000,2026-09-28T17:23:20.303Z,{}
NY.GDP.PCAP.KD,NY.GDP.PCAP.KD--jpn,Japonia,JPN,GDP per capita (constant 2015 US$),1982-12-31,1982,year,1982-01-01,20818.8044337152,USD 2015 / osobę,annual,observed,https://api.worldbank.org/v2/country/POL;WLD;USA;CHN;DEU;IND;KOR;JPN;GBR;FRA;BRA;EST/indicator/NY.GDP.PCAP.KD?format=json&per_page=1000,2026-09-28T17:23:20.303Z,{}
NY.GDP.PCAP.KD,NY.GDP.PCAP.KD--kor,Korea Płd.,KOR,GDP per capita (constant 2015 US$),1982-12-31,1982,year,1982-01-01,4675.53053701243,USD 2015 / osobę,annual,observed,https://api.worldbank.org/v2/country/POL;WLD;USA;CHN;DEU;IND;KOR;JPN;GBR;FRA;BRA;EST/indicator/NY.GDP.PCAP.KD?format=json&per_page=1000,2026-09-28T17:23:20.303Z,{}
NY.GDP.PCAP.KD,NY.GDP.PCAP.KD--pol,Polska,POL,GDP per capita (constant 2015 US$),1982-12-31,1982,year,1982-01-01,,USD 2015 / osobę,annual,observed,https://api.worldbank.org/v2/country/POL;WLD;USA;CHN;DEU;IND;KOR;JPN;GBR;FRA;BRA;EST/indicator/NY.GDP.PCAP.KD?format=json&per_page=1000,2026-09-28T17:23:20.303Z,{}
NY.GDP.PCAP.KD,NY.GDP.PCAP.KD--usa,USA,USA,GDP per capita (constant 2015 US$),1982-12-31,1982,year,1982-01-01,30696.0834382608,USD 2015 / osobę,annual,observed,https://api.worldbank.org/v2/country/POL;WLD;USA;CHN;DEU;IND;KOR;JPN;GBR;FRA;BRA;EST/indicator/NY.GDP.PCAP.KD?format=json&per_page=1000,2026-09-28T17:23:20.303Z,{}
NY.GDP.PCAP.KD,NY.GDP.PCAP.KD--wld,Świat,WLD,GDP per capita (constant 2015 US$),1982-12-31,1982,year,1982-01-01,5902.83631107186,USD 2015 / osobę,annual,observed,https://api.worldbank.org/v2/country/POL;WLD;USA;CHN;DEU;IND;KOR;JPN;GBR;FRA;BRA;EST/indicator/NY.GDP.PCAP.KD?format=json&per_page=1000,2026-09-28T17:23:20.303Z,{}
NY.GDP.PCAP.KD,NY.GDP.PCAP.KD--bra,Brazylia,BRA,GDP per capita (constant 2015 US$),1983-12-31,1983,year,1983-01-01,5664.96368501244,USD 2015 / osobę,annual,observed,https://api.worldbank.org/v2/country/POL;WLD;USA;CHN;DEU;IND;KOR;JPN;GBR;FRA;BRA;EST/indicator/NY.GDP.PCAP.KD?format=json&per_page=1000,2026-09-28T17:23:20.303Z,{}
NY.GDP.PCAP.KD,NY.GDP.PCAP.KD--chn,Chiny,CHN,GDP per capita (constant 2015 US$),1983-12-31,1983,year,1983-01-01,531.489502016356,USD 2015 / osobę,annual,observed,https://api.worldbank.org/v2/country/POL;WLD;USA;CHN;DEU;IND;KOR;JPN;GBR;FRA;BRA;EST/indicator/NY.GDP.PCAP.KD?format=json&per_page=1000,2026-09-28T17:23:20.303Z,{}
NY.GDP.PCAP.KD,NY.GDP.PCAP.KD--deu,Niemcy,DEU,GDP per capita (constant 2015 US$),1983-12-31,1983,year,1983-01-01,24449.3797993273,USD 2015 / osobę,annual,observed,https://api.worldbank.org/v2/country/POL;WLD;USA;CHN;DEU;IND;KOR;JPN;GBR;FRA;BRA;EST/indicator/NY.GDP.PCAP.KD?format=json&per_page=1000,2026-09-28T17:23:20.303Z,{}
NY.GDP.PCAP.KD,NY.GDP.PCAP.KD--est,Estonia,EST,GDP per capita (constant 2015 US$),1983-12-31,1983,year,1983-01-01,,USD 2015 / osobę,annual,observed,https://api.worldbank.org/v2/country/POL;WLD;USA;CHN;DEU;IND;KOR;JPN;GBR;FRA;BRA;EST/indicator/NY.GDP.PCAP.KD?format=json&per_page=1000,2026-09-28T17:23:20.303Z,{}
NY.GDP.PCAP.KD,NY.GDP.PCAP.KD--fra,Francja,FRA,GDP per capita (constant 2015 US$),1983-12-31,1983,year,1983-01-01,23836.4018927227,USD 2015 / osobę,annual,observed,https://api.worldbank.org/v2/country/POL;WLD;USA;CHN;DEU;IND;KOR;JPN;GBR;FRA;BRA;EST/indicator/NY.GDP.PCAP.KD?format=json&per_page=1000,2026-09-28T17:23:20.303Z,{}
NY.GDP.PCAP.KD,NY.GDP.PCAP.KD--gbr,Wielka Brytania,GBR,GDP per capita (constant 2015 US$),1983-12-31,1983,year,1983-01-01,24400.1538085665,USD 2015 / osobę,annual,observed,https://api.worldbank.org/v2/country/POL;WLD;USA;CHN;DEU;IND;KOR;JPN;GBR;FRA;BRA;EST/indicator/NY.GDP.PCAP.KD?format=json&per_page=1000,2026-09-28T17:23:20.303Z,{}
NY.GDP.PCAP.KD,NY.GDP.PCAP.KD--ind,Indie,IND,GDP per capita (constant 2015 US$),1983-12-31,1983,year,1983-01-01,432.429235384759,USD 2015 / osobę,annual,observed,https://api.worldbank.org/v2/country/POL;WLD;USA;CHN;DEU;IND;KOR;JPN;GBR;FRA;BRA;EST/indicator/NY.GDP.PCAP.KD?format=json&per_page=1000,2026-09-28T17:23:20.303Z,{}
NY.GDP.PCAP.KD,NY.GDP.PCAP.KD--jpn,Japonia,JPN,GDP per capita (constant 2015 US$),1983-12-31,1983,year,1983-01-01,21402.8665366541,USD 2015 / osobę,annual,observed,https://api.worldbank.org/v2/country/POL;WLD;USA;CHN;DEU;IND;KOR;JPN;GBR;FRA;BRA;EST/indicator/NY.GDP.PCAP.KD?format=json&per_page=1000,2026-09-28T17:23:20.303Z,{}
NY.GDP.PCAP.KD,NY.GDP.PCAP.KD--kor,Korea Płd.,KOR,GDP per capita (constant 2015 US$),1983-12-31,1983,year,1983-01-01,5227.53893142287,USD 2015 / osobę,annual,observed,https://api.worldbank.org/v2/country/POL;WLD;USA;CHN;DEU;IND;KOR;JPN;GBR;FRA;BRA;EST/indicator/NY.GDP.PCAP.KD?format=json&per_page=1000,2026-09-28T17:23:20.303Z,{}
NY.GDP.PCAP.KD,NY.GDP.PCAP.KD--pol,Polska,POL,GDP per capita (constant 2015 US$),1983-12-31,1983,year,1983-01-01,,USD 2015 / osobę,annual,observed,https://api.worldbank.org/v2/country/POL;WLD;USA;CHN;DEU;IND;KOR;JPN;GBR;FRA;BRA;EST/indicator/NY.GDP.PCAP.KD?format=json&per_page=1000,2026-09-28T17:23:20.303Z,{}
NY.GDP.PCAP.KD,NY.GDP.PCAP.KD--usa,USA,USA,GDP per capita (constant 2015 US$),1983-12-31,1983,year,1983-01-01,31810.9216076638,USD 2015 / osobę,annual,observed,https://api.worldbank.org/v2/country/POL;WLD;USA;CHN;DEU;IND;KOR;JPN;GBR;FRA;BRA;EST/indicator/NY.GDP.PCAP.KD?format=json&per_page=1000,2026-09-28T17:23:20.303Z,{}
NY.GDP.PCAP.KD,NY.GDP.PCAP.KD--wld,Świat,WLD,GDP per capita (constant 2015 US$),1983-12-31,1983,year,1983-01-01,5947.17196185161,USD 2015 / osobę,annual,observed,https://api.worldbank.org/v2/country/POL;WLD;USA;CHN;DEU;IND;KOR;JPN;GBR;FRA;BRA;EST/indicator/NY.GDP.PCAP.KD?format=json&per_page=1000,2026-09-28T17:23:20.303Z,{}
NY.GDP.PCAP.KD,NY.GDP.PCAP.KD--bra,Brazylia,BRA,GDP per capita (constant 2015 US$),1984-12-31,1984,year,1984-01-01,5841.74986464143,USD 2015 / osobę,annual,observed,https://api.worldbank.org/v2/country/POL;WLD;USA;CHN;DEU;IND;KOR;JPN;GBR;FRA;BRA;EST/indicator/NY.GDP.PCAP.KD?format=json&per_page=1000,2026-09-28T17:23:20.303Z,{}
NY.GDP.PCAP.KD,NY.GDP.PCAP.KD--chn,Chiny,CHN,GDP per capita (constant 2015 US$),1984-12-31,1984,year,1984-01-01,604.253640849507,USD 2015 / osobę,annual,observed,https://api.worldbank.org/v2/country/POL;WLD;USA;CHN;DEU;IND;KOR;JPN;GBR;FRA;BRA;EST/indicator/NY.GDP.PCAP.KD?format=json&per_page=1000,2026-09-28T17:23:20.303Z,{}
NY.GDP.PCAP.KD,NY.GDP.PCAP.KD--deu,Niemcy,DEU,GDP per capita (constant 2015 US$),1984-12-31,1984,year,1984-01-01,25226.6224585486,USD 2015 / osobę,annual,observed,https://api.worldbank.org/v2/country/POL;WLD;USA;CHN;DEU;IND;KOR;JPN;GBR;FRA;BRA;EST/indicator/NY.GDP.PCAP.KD?format=json&per_page=1000,2026-09-28T17:23:20.303Z,{}
NY.GDP.PCAP.KD,NY.GDP.PCAP.KD--est,Estonia,EST,GDP per capita (constant 2015 US$),1984-12-31,1984,year,1984-01-01,,USD 2015 / osobę,annual,observed,https://api.worldbank.org/v2/country/POL;WLD;USA;CHN;DEU;IND;KOR;JPN;GBR;FRA;BRA;EST/indicator/NY.GDP.PCAP.KD?format=json&per_page=1000,2026-09-28T17:23:20.303Z,{}
NY.GDP.PCAP.KD,NY.GDP.PCAP.KD--fra,Francja,FRA,GDP per capita (constant 2015 US$),1984-12-31,1984,year,1984-01-01,24102.0176176027,USD 2015 / osobę,annual,observed,https://api.worldbank.org/v2/country/POL;WLD;USA;CHN;DEU;IND;KOR;JPN;GBR;FRA;BRA;EST/indicator/NY.GDP.PCAP.KD?format=json&per_page=1000,2026-09-28T17:23:20.303Z,{}
NY.GDP.PCAP.KD,NY.GDP.PCAP.KD--gbr,Wielka Brytania,GBR,GDP per capita (constant 2015 US$),1984-12-31,1984,year,1984-01-01,25012.2474056338,USD 2015 / osobę,annual,observed,https://api.worldbank.org/v2/country/POL;WLD;USA;CHN;DEU;IND;KOR;JPN;GBR;FRA;BRA;EST/indicator/NY.GDP.PCAP.KD?format=json&per_page=1000,2026-09-28T17:23:20.303Z,{}
NY.GDP.PCAP.KD,NY.GDP.PCAP.KD--ind,Indie,IND,GDP per capita (constant 2015 US$),1984-12-31,1984,year,1984-01-01,438.541705512915,USD 2015 / osobę,annual,observed,https://api.worldbank.org/v2/country/POL;WLD;USA;CHN;DEU;IND;KOR;JPN;GBR;FRA;BRA;EST/indicator/NY.GDP.PCAP.KD?format=json&per_page=1000,2026-09-28T17:23:20.303Z,{}
NY.GDP.PCAP.KD,NY.GDP.PCAP.KD--jpn,Japonia,JPN,GDP per capita (constant 2015 US$),1984-12-31,1984,year,1984-01-01,22221.8862508533,USD 2015 / osobę,annual,observed,https://api.worldbank.org/v2/country/POL;WLD;USA;CHN;DEU;IND;KOR;JPN;GBR;FRA;BRA;EST/indicator/NY.GDP.PCAP.KD?format=json&per_page=1000,2026-09-28T17:23:20.303Z,{}
NY.GDP.PCAP.KD,NY.GDP.PCAP.KD--kor,Korea Płd.,KOR,GDP per capita (constant 2015 US$),1984-12-31,1984,year,1984-01-01,5712.63984757483,USD 2015 / osobę,annual,observed,https://api.worldbank.org/v2/country/POL;WLD;USA;CHN;DEU;IND;KOR;JPN;GBR;FRA;BRA;EST/indicator/NY.GDP.PCAP.KD?format=json&per_page=1000,2026-09-28T17:23:20.303Z,{}
NY.GDP.PCAP.KD,NY.GDP.PCAP.KD--pol,Polska,POL,GDP per capita (constant 2015 US$),1984-12-31,1984,year,1984-01-01,,USD 2015 / osobę,annual,observed,https://api.worldbank.org/v2/country/POL;WLD;USA;CHN;DEU;IND;KOR;JPN;GBR;FRA;BRA;EST/indicator/NY.GDP.PCAP.KD?format=json&per_page=1000,2026-09-28T17:23:20.303Z,{}
NY.GDP.PCAP.KD,NY.GDP.PCAP.KD--usa,USA,USA,GDP per capita (constant 2015 US$),1984-12-31,1984,year,1984-01-01,33818.823551545,USD 2015 / osobę,annual,observed,https://api.worldbank.org/v2/country/POL;WLD;USA;CHN;DEU;IND;KOR;JPN;GBR;FRA;BRA;EST/indicator/NY.GDP.PCAP.KD?format=json&per_page=1000,2026-09-28T17:23:20.303Z,{}
NY.GDP.PCAP.KD,NY.GDP.PCAP.KD--wld,Świat,WLD,GDP per capita (constant 2015 US$),1984-12-31,1984,year,1984-01-01,6119.78747000196,USD 2015 / osobę,annual,observed,https://api.worldbank.org/v2/country/POL;WLD;USA;CHN;DEU;IND;KOR;JPN;GBR;FRA;BRA;EST/indicator/NY.GDP.PCAP.KD?format=json&per_page=1000,2026-09-28T17:23:20.303Z,{}
NY.GDP.PCAP.KD,NY.GDP.PCAP.KD--bra,Brazylia,BRA,GDP per capita (constant 2015 US$),1985-12-31,1985,year,1985-01-01,6167.51343658643,USD 2015 / osobę,annual,observed,https://api.worldbank.org/v2/country/POL;WLD;USA;CHN;DEU;IND;KOR;JPN;GBR;FRA;BRA;EST/indicator/NY.GDP.PCAP.KD?format=json&per_page=1000,2026-09-28T17:23:20.303Z,{}
NY.GDP.PCAP.KD,NY.GDP.PCAP.KD--chn,Chiny,CHN,GDP per capita (constant 2015 US$),1985-12-31,1985,year,1985-01-01,676.125961043923,USD 2015 / osobę,annual,observed,https://api.worldbank.org/v2/country/POL;WLD;USA;CHN;DEU;IND;KOR;JPN;GBR;FRA;BRA;EST/indicator/NY.GDP.PCAP.KD?format=json&per_page=1000,2026-09-28T17:23:20.303Z,{}
NY.GDP.PCAP.KD,NY.GDP.PCAP.KD--deu,Niemcy,DEU,GDP per capita (constant 2015 US$),1985-12-31,1985,year,1985-01-01,25871.6378172177,USD 2015 / osobę,annual,observed,https://api.worldbank.org/v2/country/POL;WLD;USA;CHN;DEU;IND;KOR;JPN;GBR;FRA;BRA;EST/indicator/NY.GDP.PCAP.KD?format=json&per_page=1000,2026-09-28T17:23:20.303Z,{}
NY.GDP.PCAP.KD,NY.GDP.PCAP.KD--est,Estonia,EST,GDP per capita (constant 2015 US$),1985-12-31,1985,year,1985-01-01,,USD 2015 / osobę,annual,observed,https://api.worldbank.org/v2/country/POL;WLD;USA;CHN;DEU;IND;KOR;JPN;GBR;FRA;BRA;EST/indicator/NY.GDP.PCAP.KD?format=json&per_page=1000,2026-09-28T17:23:20.303Z,{}
NY.GDP.PCAP.KD,NY.GDP.PCAP.KD--fra,Francja,FRA,GDP per capita (constant 2015 US$),1985-12-31,1985,year,1985-01-01,24358.1382748825,USD 2015 / osobę,annual,observed,https://api.worldbank.org/v2/country/POL;WLD;USA;CHN;DEU;IND;KOR;JPN;GBR;FRA;BRA;EST/indicator/NY.GDP.PCAP.KD?format=json&per_page=1000,2026-09-28T17:23:20.303Z,{}
NY.GDP.PCAP.KD,NY.GDP.PCAP.KD--gbr,Wielka Brytania,GBR,GDP per capita (constant 2015 US$),1985-12-31,1985,year,1985-01-01,25853.7914666851,USD 2015 / osobę,annual,observed,https://api.worldbank.org/v2/country/POL;WLD;USA;CHN;DEU;IND;KOR;JPN;GBR;FRA;BRA;EST/indicator/NY.GDP.PCAP.KD?format=json&per_page=1000,2026-09-28T17:23:20.303Z,{}
NY.GDP.PCAP.KD,NY.GDP.PCAP.KD--ind,Indie,IND,GDP per capita (constant 2015 US$),1985-12-31,1985,year,1985-01-01,450.966703855867,USD 2015 / osobę,annual,observed,https://api.worldbank.org/v2/country/POL;WLD;USA;CHN;DEU;IND;KOR;JPN;GBR;FRA;BRA;EST/indicator/NY.GDP.PCAP.KD?format=json&per_page=1000,2026-09-28T17:23:20.303Z,{}
NY.GDP.PCAP.KD,NY.GDP.PCAP.KD--jpn,Japonia,JPN,GDP per capita (constant 2015 US$),1985-12-31,1985,year,1985-01-01,23238.9252243658,USD 2015 / osobę,annual,observed,https://api.worldbank.org/v2/country/POL;WLD;USA;CHN;DEU;IND;KOR;JPN;GBR;FRA;BRA;EST/indicator/NY.GDP.PCAP.KD?format=json&per_page=1000,2026-09-28T17:23:20.303Z,{}
NY.GDP.PCAP.KD,NY.GDP.PCAP.KD--kor,Korea Płd.,KOR,GDP per capita (constant 2015 US$),1985-12-31,1985,year,1985-01-01,6105.74268983951,USD 2015 / osobę,annual,observed,https://api.worldbank.org/v2/country/POL;WLD;USA;CHN;DEU;IND;KOR;JPN;GBR;FRA;BRA;EST/indicator/NY.GDP.PCAP.KD?format=json&per_page=1000,2026-09-28T17:23:20.303Z,{}
NY.GDP.PCAP.KD,NY.GDP.PCAP.KD--pol,Polska,POL,GDP per capita (constant 2015 US$),1985-12-31,1985,year,1985-01-01,,USD 2015 / osobę,annual,observed,https://api.worldbank.org/v2/country/POL;WLD;USA;CHN;DEU;IND;KOR;JPN;GBR;FRA;BRA;EST/indicator/NY.GDP.PCAP.KD?format=json&per_page=1000,2026-09-28T17:23:20.303Z,{}
NY.GDP.PCAP.KD,NY.GDP.PCAP.KD--usa,USA,USA,GDP per capita (constant 2015 US$),1985-12-31,1985,year,1985-01-01,34918.1302039172,USD 2015 / osobę,annual,observed,https://api.worldbank.org/v2/country/POL;WLD;USA;CHN;DEU;IND;KOR;JPN;GBR;FRA;BRA;EST/indicator/NY.GDP.PCAP.KD?format=json&per_page=1000,2026-09-28T17:23:20.303Z,{}
NY.GDP.PCAP.KD,NY.GDP.PCAP.KD--wld,Świat,WLD,GDP per capita (constant 2015 US$),1985-12-31,1985,year,1985-01-01,6233.01620995706,USD 2015 / osobę,annual,observed,https://api.worldbank.org/v2/country/POL;WLD;USA;CHN;DEU;IND;KOR;JPN;GBR;FRA;BRA;EST/indicator/NY.GDP.PCAP.KD?format=json&per_page=1000,2026-09-28T17:23:20.303Z,{}
NY.GDP.PCAP.KD,NY.GDP.PCAP.KD--bra,Brazylia,BRA,GDP per capita (constant 2015 US$),1986-12-31,1986,year,1986-01-01,6494.28087914562,USD 2015 / osobę,annual,observed,https://api.worldbank.org/v2/country/POL;WLD;USA;CHN;DEU;IND;KOR;JPN;GBR;FRA;BRA;EST/indicator/NY.GDP.PCAP.KD?format=json&per_page=1000,2026-09-28T17:23:20.303Z,{}
NY.GDP.PCAP.KD,NY.GDP.PCAP.KD--chn,Chiny,CHN,GDP per capita (constant 2015 US$),1986-12-31,1986,year,1986-01-01,725.721895334567,USD 2015 / osobę,annual,observed,https://api.worldbank.org/v2/country/POL;WLD;USA;CHN;DEU;IND;KOR;JPN;GBR;FRA;BRA;EST/indicator/NY.GDP.PCAP.KD?format=json&per_page=1000,2026-09-28T17:23:20.303Z,{}
NY.GDP.PCAP.KD,NY.GDP.PCAP.KD--deu,Niemcy,DEU,GDP per capita (constant 2015 US$),1986-12-31,1986,year,1986-01-01,26451.3009266847,USD 2015 / osobę,annual,observed,https://api.worldbank.org/v2/country/POL;WLD;USA;CHN;DEU;IND;KOR;JPN;GBR;FRA;BRA;EST/indicator/NY.GDP.PCAP.KD?format=json&per_page=1000,2026-09-28T17:23:20.303Z,{}
NY.GDP.PCAP.KD,NY.GDP.PCAP.KD--est,Estonia,EST,GDP per capita (constant 2015 US$),1986-12-31,1986,year,1986-01-01,,USD 2015 / osobę,annual,observed,https://api.worldbank.org/v2/country/POL;WLD;USA;CHN;DEU;IND;KOR;JPN;GBR;FRA;BRA;EST/indicator/NY.GDP.PCAP.KD?format=json&per_page=1000,2026-09-28T17:23:20.303Z,{}
NY.GDP.PCAP.KD,NY.GDP.PCAP.KD--fra,Francja,FRA,GDP per capita (constant 2015 US$),1986-12-31,1986,year,1986-01-01,24813.0302579158,USD 2015 / osobę,annual,observed,https://api.worldbank.org/v2/country/POL;WLD;USA;CHN;DEU;IND;KOR;JPN;GBR;FRA;BRA;EST/indicator/NY.GDP.PCAP.KD?format=json&per_page=1000,2026-09-28T17:23:20.303Z,{}
NY.GDP.PCAP.KD,NY.GDP.PCAP.KD--gbr,Wielka Brytania,GBR,GDP per capita (constant 2015 US$),1986-12-31,1986,year,1986-01-01,26828.9203252802,USD 2015 / osobę,annual,observed,https://api.worldbank.org/v2/country/POL;WLD;USA;CHN;DEU;IND;KOR;JPN;GBR;FRA;BRA;EST/indicator/NY.GDP.PCAP.KD?format=json&per_page=1000,2026-09-28T17:23:20.303Z,{}
NY.GDP.PCAP.KD,NY.GDP.PCAP.KD--ind,Indie,IND,GDP per capita (constant 2015 US$),1986-12-31,1986,year,1986-01-01,461.725611476403,USD 2015 / osobę,annual,observed,https://api.worldbank.org/v2/country/POL;WLD;USA;CHN;DEU;IND;KOR;JPN;GBR;FRA;BRA;EST/indicator/NY.GDP.PCAP.KD?format=json&per_page=1000,2026-09-28T17:23:20.303Z,{}
NY.GDP.PCAP.KD,NY.GDP.PCAP.KD--jpn,Japonia,JPN,GDP per capita (constant 2015 US$),1986-12-31,1986,year,1986-01-01,23884.4841642864,USD 2015 / osobę,annual,observed,https://api.worldbank.org/v2/country/POL;WLD;USA;CHN;DEU;IND;KOR;JPN;GBR;FRA;BRA;EST/indicator/NY.GDP.PCAP.KD?format=json&per_page=1000,2026-09-28T17:23:20.303Z,{}
NY.GDP.PCAP.KD,NY.GDP.PCAP.KD--kor,Korea Płd.,KOR,GDP per capita (constant 2015 US$),1986-12-31,1986,year,1986-01-01,6740.69941617276,USD 2015 / osobę,annual,observed,https://api.worldbank.org/v2/country/POL;WLD;USA;CHN;DEU;IND;KOR;JPN;GBR;FRA;BRA;EST/indicator/NY.GDP.PCAP.KD?format=json&per_page=1000,2026-09-28T17:23:20.303Z,{}
NY.GDP.PCAP.KD,NY.GDP.PCAP.KD--pol,Polska,POL,GDP per capita (constant 2015 US$),1986-12-31,1986,year,1986-01-01,,USD 2015 / osobę,annual,observed,https://api.worldbank.org/v2/country/POL;WLD;USA;CHN;DEU;IND;KOR;JPN;GBR;FRA;BRA;EST/indicator/NY.GDP.PCAP.KD?format=json&per_page=1000,2026-09-28T17:23:20.303Z,{}
NY.GDP.PCAP.KD,NY.GDP.PCAP.KD--usa,USA,USA,GDP per capita (constant 2015 US$),1986-12-31,1986,year,1986-01-01,35794.8877746784,USD 2015 / osobę,annual,observed,https://api.worldbank.org/v2/country/POL;WLD;USA;CHN;DEU;IND;KOR;JPN;GBR;FRA;BRA;EST/indicator/NY.GDP.PCAP.KD?format=json&per_page=1000,2026-09-28T17:23:20.303Z,{}
NY.GDP.PCAP.KD,NY.GDP.PCAP.KD--wld,Świat,WLD,GDP per capita (constant 2015 US$),1986-12-31,1986,year,1986-01-01,6325.60696795708,USD 2015 / osobę,annual,observed,https://api.worldbank.org/v2/country/POL;WLD;USA;CHN;DEU;IND;KOR;JPN;GBR;FRA;BRA;EST/indicator/NY.GDP.PCAP.KD?format=json&per_page=1000,2026-09-28T17:23:20.303Z,{}
NY.GDP.PCAP.KD,NY.GDP.PCAP.KD--bra,Brazylia,BRA,GDP per capita (constant 2015 US$),1987-12-31,1987,year,1987-01-01,6591.60882870649,USD 2015 / osobę,annual,observed,https://api.worldbank.org/v2/country/POL;WLD;USA;CHN;DEU;IND;KOR;JPN;GBR;FRA;BRA;EST/indicator/NY.GDP.PCAP.KD?format=json&per_page=1000,2026-09-28T17:23:20.303Z,{}
NY.GDP.PCAP.KD,NY.GDP.PCAP.KD--chn,Chiny,CHN,GDP per capita (constant 2015 US$),1987-12-31,1987,year,1987-01-01,797.416224331495,USD 2015 / osobę,annual,observed,https://api.worldbank.org/v2/country/POL;WLD;USA;CHN;DEU;IND;KOR;JPN;GBR;FRA;BRA;EST/indicator/NY.GDP.PCAP.KD?format=json&per_page=1000,2026-09-28T17:23:20.303Z,{}
NY.GDP.PCAP.KD,NY.GDP.PCAP.KD--deu,Niemcy,DEU,GDP per capita (constant 2015 US$),1987-12-31,1987,year,1987-01-01,26781.0162993047,USD 2015 / osobę,annual,observed,https://api.worldbank.org/v2/country/POL;WLD;USA;CHN;DEU;IND;KOR;JPN;GBR;FRA;BRA;EST/indicator/NY.GDP.PCAP.KD?format=json&per_page=1000,2026-09-28T17:23:20.303Z,{}
NY.GDP.PCAP.KD,NY.GDP.PCAP.KD--est,Estonia,EST,GDP per capita (constant 2015 US$),1987-12-31,1987,year,1987-01-01,,USD 2015 / osobę,annual,observed,https://api.worldbank.org/v2/country/POL;WLD;USA;CHN;DEU;IND;KOR;JPN;GBR;FRA;BRA;EST/indicator/NY.GDP.PCAP.KD?format=json&per_page=1000,2026-09-28T17:23:20.303Z,{}
NY.GDP.PCAP.KD,NY.GDP.PCAP.KD--fra,Francja,FRA,GDP per capita (constant 2015 US$),1987-12-31,1987,year,1987-01-01,25308.620924146,USD 2015 / osobę,annual,observed,https://api.worldbank.org/v2/country/POL;WLD;USA;CHN;DEU;IND;KOR;JPN;GBR;FRA;BRA;EST/indicator/NY.GDP.PCAP.KD?format=json&per_page=1000,2026-09-28T17:23:20.303Z,{}
NY.GDP.PCAP.KD,NY.GDP.PCAP.KD--gbr,Wielka Brytania,GBR,GDP per capita (constant 2015 US$),1987-12-31,1987,year,1987-01-01,27993.289860294,USD 2015 / osobę,annual,observed,https://api.worldbank.org/v2/country/POL;WLD;USA;CHN;DEU;IND;KOR;JPN;GBR;FRA;BRA;EST/indicator/NY.GDP.PCAP.KD?format=json&per_page=1000,2026-09-28T17:23:20.303Z,{}
NY.GDP.PCAP.KD,NY.GDP.PCAP.KD--ind,Indie,IND,GDP per capita (constant 2015 US$),1987-12-31,1987,year,1987-01-01,469.209956296394,USD 2015 / osobę,annual,observed,https://api.worldbank.org/v2/country/POL;WLD;USA;CHN;DEU;IND;KOR;JPN;GBR;FRA;BRA;EST/indicator/NY.GDP.PCAP.KD?format=json&per_page=1000,2026-09-28T17:23:20.303Z,{}
NY.GDP.PCAP.KD,NY.GDP.PCAP.KD--jpn,Japonia,JPN,GDP per capita (constant 2015 US$),1987-12-31,1987,year,1987-01-01,24894.0912634322,USD 2015 / osobę,annual,observed,https://api.worldbank.org/v2/country/POL;WLD;USA;CHN;DEU;IND;KOR;JPN;GBR;FRA;BRA;EST/indicator/NY.GDP.PCAP.KD?format=json&per_page=1000,2026-09-28T17:23:20.303Z,{}
NY.GDP.PCAP.KD,NY.GDP.PCAP.KD--kor,Korea Płd.,KOR,GDP per capita (constant 2015 US$),1987-12-31,1987,year,1987-01-01,7535.12660432782,USD 2015 / osobę,annual,observed,https://api.worldbank.org/v2/country/POL;WLD;USA;CHN;DEU;IND;KOR;JPN;GBR;FRA;BRA;EST/indicator/NY.GDP.PCAP.KD?format=json&per_page=1000,2026-09-28T17:23:20.303Z,{}
NY.GDP.PCAP.KD,NY.GDP.PCAP.KD--pol,Polska,POL,GDP per capita (constant 2015 US$),1987-12-31,1987,year,1987-01-01,,USD 2015 / osobę,annual,observed,https://api.worldbank.org/v2/country/POL;WLD;USA;CHN;DEU;IND;KOR;JPN;GBR;FRA;BRA;EST/indicator/NY.GDP.PCAP.KD?format=json&per_page=1000,2026-09-28T17:23:20.303Z,{}
NY.GDP.PCAP.KD,NY.GDP.PCAP.KD--usa,USA,USA,GDP per capita (constant 2015 US$),1987-12-31,1987,year,1987-01-01,36701.9453874612,USD 2015 / osobę,annual,observed,https://api.worldbank.org/v2/country/POL;WLD;USA;CHN;DEU;IND;KOR;JPN;GBR;FRA;BRA;EST/indicator/NY.GDP.PCAP.KD?format=json&per_page=1000,2026-09-28T17:23:20.303Z,{}
NY.GDP.PCAP.KD,NY.GDP.PCAP.KD--wld,Świat,WLD,GDP per capita (constant 2015 US$),1987-12-31,1987,year,1987-01-01,6446.30334343936,USD 2015 / osobę,annual,observed,https://api.worldbank.org/v2/country/POL;WLD;USA;CHN;DEU;IND;KOR;JPN;GBR;FRA;BRA;EST/indicator/NY.GDP.PCAP.KD?format=json&per_page=1000,2026-09-28T17:23:20.303Z,{}
NY.GDP.PCAP.KD,NY.GDP.PCAP.KD--bra,Brazylia,BRA,GDP per capita (constant 2015 US$),1988-12-31,1988,year,1988-01-01,6463.00545238554,USD 2015 / osobę,annual,observed,https://api.worldbank.org/v2/country/POL;WLD;USA;CHN;DEU;IND;KOR;JPN;GBR;FRA;BRA;EST/indicator/NY.GDP.PCAP.KD?format=json&per_page=1000,2026-09-28T17:23:20.303Z,{}
NY.GDP.PCAP.KD,NY.GDP.PCAP.KD--chn,Chiny,CHN,GDP per capita (constant 2015 US$),1988-12-31,1988,year,1988-01-01,872.728317988186,USD 2015 / osobę,annual,observed,https://api.worldbank.org/v2/country/POL;WLD;USA;CHN;DEU;IND;KOR;JPN;GBR;FRA;BRA;EST/indicator/NY.GDP.PCAP.KD?format=json&per_page=1000,2026-09-28T17:23:20.303Z,{}
NY.GDP.PCAP.KD,NY.GDP.PCAP.KD--deu,Niemcy,DEU,GDP per capita (constant 2015 US$),1988-12-31,1988,year,1988-01-01,27665.556776457,USD 2015 / osobę,annual,observed,https://api.worldbank.org/v2/country/POL;WLD;USA;CHN;DEU;IND;KOR;JPN;GBR;FRA;BRA;EST/indicator/NY.GDP.PCAP.KD?format=json&per_page=1000,2026-09-28T17:23:20.303Z,{}
NY.GDP.PCAP.KD,NY.GDP.PCAP.KD--est,Estonia,EST,GDP per capita (constant 2015 US$),1988-12-31,1988,year,1988-01-01,,USD 2015 / osobę,annual,observed,https://api.worldbank.org/v2/country/POL;WLD;USA;CHN;DEU;IND;KOR;JPN;GBR;FRA;BRA;EST/indicator/NY.GDP.PCAP.KD?format=json&per_page=1000,2026-09-28T17:23:20.303Z,{}
NY.GDP.PCAP.KD,NY.GDP.PCAP.KD--fra,Francja,FRA,GDP per capita (constant 2015 US$),1988-12-31,1988,year,1988-01-01,26374.1221811161,USD 2015 / osobę,annual,observed,https://api.worldbank.org/v2/country/POL;WLD;USA;CHN;DEU;IND;KOR;JPN;GBR;FRA;BRA;EST/indicator/NY.GDP.PCAP.KD?format=json&per_page=1000,2026-09-28T17:23:20.303Z,{}
NY.GDP.PCAP.KD,NY.GDP.PCAP.KD--gbr,Wielka Brytania,GBR,GDP per capita (constant 2015 US$),1988-12-31,1988,year,1988-01-01,29336.7220502717,USD 2015 / osobę,annual,observed,https://api.worldbank.org/v2/country/POL;WLD;USA;CHN;DEU;IND;KOR;JPN;GBR;FRA;BRA;EST/indicator/NY.GDP.PCAP.KD?format=json&per_page=1000,2026-09-28T17:23:20.303Z,{}
NY.GDP.PCAP.KD,NY.GDP.PCAP.KD--ind,Indie,IND,GDP per capita (constant 2015 US$),1988-12-31,1988,year,1988-01-01,502.937342187065,USD 2015 / osobę,annual,observed,https://api.worldbank.org/v2/country/POL;WLD;USA;CHN;DEU;IND;KOR;JPN;GBR;FRA;BRA;EST/indicator/NY.GDP.PCAP.KD?format=json&per_page=1000,2026-09-28T17:23:20.303Z,{}
NY.GDP.PCAP.KD,NY.GDP.PCAP.KD--jpn,Japonia,JPN,GDP per capita (constant 2015 US$),1988-12-31,1988,year,1988-01-01,26472.7749041278,USD 2015 / osobę,annual,observed,https://api.worldbank.org/v2/country/POL;WLD;USA;CHN;DEU;IND;KOR;JPN;GBR;FRA;BRA;EST/indicator/NY.GDP.PCAP.KD?format=json&per_page=1000,2026-09-28T17:23:20.303Z,{}
NY.GDP.PCAP.KD,NY.GDP.PCAP.KD--kor,Korea Płd.,KOR,GDP per capita (constant 2015 US$),1988-12-31,1988,year,1988-01-01,8367.04656522944,USD 2015 / osobę,annual,observed,https://api.worldbank.org/v2/country/POL;WLD;USA;CHN;DEU;IND;KOR;JPN;GBR;FRA;BRA;EST/indicator/NY.GDP.PCAP.KD?format=json&per_page=1000,2026-09-28T17:23:20.303Z,{}
NY.GDP.PCAP.KD,NY.GDP.PCAP.KD--pol,Polska,POL,GDP per capita (constant 2015 US$),1988-12-31,1988,year,1988-01-01,,USD 2015 / osobę,annual,observed,https://api.worldbank.org/v2/country/POL;WLD;USA;CHN;DEU;IND;KOR;JPN;GBR;FRA;BRA;EST/indicator/NY.GDP.PCAP.KD?format=json&per_page=1000,2026-09-28T17:23:20.303Z,{}
NY.GDP.PCAP.KD,NY.GDP.PCAP.KD--usa,USA,USA,GDP per capita (constant 2015 US$),1988-12-31,1988,year,1988-01-01,37889.3773459827,USD 2015 / osobę,annual,observed,https://api.worldbank.org/v2/country/POL;WLD;USA;CHN;DEU;IND;KOR;JPN;GBR;FRA;BRA;EST/indicator/NY.GDP.PCAP.KD?format=json&per_page=1000,2026-09-28T17:23:20.303Z,{}
NY.GDP.PCAP.KD,NY.GDP.PCAP.KD--wld,Świat,WLD,GDP per capita (constant 2015 US$),1988-12-31,1988,year,1988-01-01,6619.58069394832,USD 2015 / osobę,annual,observed,https://api.worldbank.org/v2/country/POL;WLD;USA;CHN;DEU;IND;KOR;JPN;GBR;FRA;BRA;EST/indicator/NY.GDP.PCAP.KD?format=json&per_page=1000,2026-09-28T17:23:20.303Z,{}
NY.GDP.PCAP.KD,NY.GDP.PCAP.KD--bra,Brazylia,BRA,GDP per capita (constant 2015 US$),1989-12-31,1989,year,1989-01-01,6545.42575572846,USD 2015 / osobę,annual,observed,https://api.worldbank.org/v2/country/POL;WLD;USA;CHN;DEU;IND;KOR;JPN;GBR;FRA;BRA;EST/indicator/NY.GDP.PCAP.KD?format=json&per_page=1000,2026-09-28T17:23:20.303Z,{}
NY.GDP.PCAP.KD,NY.GDP.PCAP.KD--chn,Chiny,CHN,GDP per capita (constant 2015 US$),1989-12-31,1989,year,1989-01-01,895.614384005007,USD 2015 / osobę,annual,observed,https://api.worldbank.org/v2/country/POL;WLD;USA;CHN;DEU;IND;KOR;JPN;GBR;FRA;BRA;EST/indicator/NY.GDP.PCAP.KD?format=json&per_page=1000,2026-09-28T17:23:20.303Z,{}
NY.GDP.PCAP.KD,NY.GDP.PCAP.KD--deu,Niemcy,DEU,GDP per capita (constant 2015 US$),1989-12-31,1989,year,1989-01-01,28522.1322159262,USD 2015 / osobę,annual,observed,https://api.worldbank.org/v2/country/POL;WLD;USA;CHN;DEU;IND;KOR;JPN;GBR;FRA;BRA;EST/indicator/NY.GDP.PCAP.KD?format=json&per_page=1000,2026-09-28T17:23:20.303Z,{}
NY.GDP.PCAP.KD,NY.GDP.PCAP.KD--est,Estonia,EST,GDP per capita (constant 2015 US$),1989-12-31,1989,year,1989-01-01,,USD 2015 / osobę,annual,observed,https://api.worldbank.org/v2/country/POL;WLD;USA;CHN;DEU;IND;KOR;JPN;GBR;FRA;BRA;EST/indicator/NY.GDP.PCAP.KD?format=json&per_page=1000,2026-09-28T17:23:20.303Z,{}
NY.GDP.PCAP.KD,NY.GDP.PCAP.KD--fra,Francja,FRA,GDP per capita (constant 2015 US$),1989-12-31,1989,year,1989-01-01,27372.0534763161,USD 2015 / osobę,annual,observed,https://api.worldbank.org/v2/country/POL;WLD;USA;CHN;DEU;IND;KOR;JPN;GBR;FRA;BRA;EST/indicator/NY.GDP.PCAP.KD?format=json&per_page=1000,2026-09-28T17:23:20.303Z,{}
NY.GDP.PCAP.KD,NY.GDP.PCAP.KD--gbr,Wielka Brytania,GBR,GDP per capita (constant 2015 US$),1989-12-31,1989,year,1989-01-01,29928.0161928787,USD 2015 / osobę,annual,observed,https://api.worldbank.org/v2/country/POL;WLD;USA;CHN;DEU;IND;KOR;JPN;GBR;FRA;BRA;EST/indicator/NY.GDP.PCAP.KD?format=json&per_page=1000,2026-09-28T17:23:20.303Z,{}
NY.GDP.PCAP.KD,NY.GDP.PCAP.KD--ind,Indie,IND,GDP per capita (constant 2015 US$),1989-12-31,1989,year,1989-01-01,521.073383839123,USD 2015 / osobę,annual,observed,https://api.worldbank.org/v2/country/POL;WLD;USA;CHN;DEU;IND;KOR;JPN;GBR;FRA;BRA;EST/indicator/NY.GDP.PCAP.KD?format=json&per_page=1000,2026-09-28T17:23:20.303Z,{}
NY.GDP.PCAP.KD,NY.GDP.PCAP.KD--jpn,Japonia,JPN,GDP per capita (constant 2015 US$),1989-12-31,1989,year,1989-01-01,27648.0847646202,USD 2015 / osobę,annual,observed,https://api.worldbank.org/v2/country/POL;WLD;USA;CHN;DEU;IND;KOR;JPN;GBR;FRA;BRA;EST/indicator/NY.GDP.PCAP.KD?format=json&per_page=1000,2026-09-28T17:23:20.303Z,{}
NY.GDP.PCAP.KD,NY.GDP.PCAP.KD--kor,Korea Płd.,KOR,GDP per capita (constant 2015 US$),1989-12-31,1989,year,1989-01-01,8878.29655251462,USD 2015 / osobę,annual,observed,https://api.worldbank.org/v2/country/POL;WLD;USA;CHN;DEU;IND;KOR;JPN;GBR;FRA;BRA;EST/indicator/NY.GDP.PCAP.KD?format=json&per_page=1000,2026-09-28T17:23:20.303Z,{}
NY.GDP.PCAP.KD,NY.GDP.PCAP.KD--pol,Polska,POL,GDP per capita (constant 2015 US$),1989-12-31,1989,year,1989-01-01,,USD 2015 / osobę,annual,observed,https://api.worldbank.org/v2/country/POL;WLD;USA;CHN;DEU;IND;KOR;JPN;GBR;FRA;BRA;EST/indicator/NY.GDP.PCAP.KD?format=json&per_page=1000,2026-09-28T17:23:20.303Z,{}
NY.GDP.PCAP.KD,NY.GDP.PCAP.KD--usa,USA,USA,GDP per capita (constant 2015 US$),1989-12-31,1989,year,1989-01-01,38911.5418959959,USD 2015 / osobę,annual,observed,https://api.worldbank.org/v2/country/POL;WLD;USA;CHN;DEU;IND;KOR;JPN;GBR;FRA;BRA;EST/indicator/NY.GDP.PCAP.KD?format=json&per_page=1000,2026-09-28T17:23:20.303Z,{}
NY.GDP.PCAP.KD,NY.GDP.PCAP.KD--wld,Świat,WLD,GDP per capita (constant 2015 US$),1989-12-31,1989,year,1989-01-01,6741.21559672441,USD 2015 / osobę,annual,observed,https://api.worldbank.org/v2/country/POL;WLD;USA;CHN;DEU;IND;KOR;JPN;GBR;FRA;BRA;EST/indicator/NY.GDP.PCAP.KD?format=json&per_page=1000,2026-09-28T17:23:20.303Z,{}
NY.GDP.PCAP.KD,NY.GDP.PCAP.KD--bra,Brazylia,BRA,GDP per capita (constant 2015 US$),1990-12-31,1990,year,1990-01-01,6149.86788926381,USD 2015 / osobę,annual,observed,https://api.worldbank.org/v2/country/POL;WLD;USA;CHN;DEU;IND;KOR;JPN;GBR;FRA;BRA;EST/indicator/NY.GDP.PCAP.KD?format=json&per_page=1000,2026-09-28T17:23:20.303Z,{}
NY.GDP.PCAP.KD,NY.GDP.PCAP.KD--chn,Chiny,CHN,GDP per capita (constant 2015 US$),1990-12-31,1990,year,1990-01-01,917.187887177205,USD 2015 / osobę,annual,observed,https://api.worldbank.org/v2/country/POL;WLD;USA;CHN;DEU;IND;KOR;JPN;GBR;FRA;BRA;EST/indicator/NY.GDP.PCAP.KD?format=json&per_page=1000,2026-09-28T17:23:20.303Z,{}
NY.GDP.PCAP.KD,NY.GDP.PCAP.KD--deu,Niemcy,DEU,GDP per capita (constant 2015 US$),1990-12-31,1990,year,1990-01-01,29763.3124657124,USD 2015 / osobę,annual,observed,https://api.worldbank.org/v2/country/POL;WLD;USA;CHN;DEU;IND;KOR;JPN;GBR;FRA;BRA;EST/indicator/NY.GDP.PCAP.KD?format=json&per_page=1000,2026-09-28T17:23:20.303Z,{}
NY.GDP.PCAP.KD,NY.GDP.PCAP.KD--est,Estonia,EST,GDP per capita (constant 2015 US$),1990-12-31,1990,year,1990-01-01,9341.22558106091,USD 2015 / osobę,annual,observed,https://api.worldbank.org/v2/country/POL;WLD;USA;CHN;DEU;IND;KOR;JPN;GBR;FRA;BRA;EST/indicator/NY.GDP.PCAP.KD?format=json&per_page=1000,2026-09-28T17:23:20.303Z,{}
NY.GDP.PCAP.KD,NY.GDP.PCAP.KD--fra,Francja,FRA,GDP per capita (constant 2015 US$),1990-12-31,1990,year,1990-01-01,27992.9751471374,USD 2015 / osobę,annual,observed,https://api.worldbank.org/v2/country/POL;WLD;USA;CHN;DEU;IND;KOR;JPN;GBR;FRA;BRA;EST/indicator/NY.GDP.PCAP.KD?format=json&per_page=1000,2026-09-28T17:23:20.303Z,{}
NY.GDP.PCAP.KD,NY.GDP.PCAP.KD--gbr,Wielka Brytania,GBR,GDP per capita (constant 2015 US$),1990-12-31,1990,year,1990-01-01,30071.2085616955,USD 2015 / osobę,annual,observed,https://api.worldbank.org/v2/country/POL;WLD;USA;CHN;DEU;IND;KOR;JPN;GBR;FRA;BRA;EST/indicator/NY.GDP.PCAP.KD?format=json&per_page=1000,2026-09-28T17:23:20.303Z,{}
NY.GDP.PCAP.KD,NY.GDP.PCAP.KD--ind,Indie,IND,GDP per capita (constant 2015 US$),1990-12-31,1990,year,1990-01-01,537.870269536103,USD 2015 / osobę,annual,observed,https://api.worldbank.org/v2/country/POL;WLD;USA;CHN;DEU;IND;KOR;JPN;GBR;FRA;BRA;EST/indicator/NY.GDP.PCAP.KD?format=json&per_page=1000,2026-09-28T17:23:20.303Z,{}
NY.GDP.PCAP.KD,NY.GDP.PCAP.KD--jpn,Japonia,JPN,GDP per capita (constant 2015 US$),1990-12-31,1990,year,1990-01-01,28904.7658863073,USD 2015 / osobę,annual,observed,https://api.worldbank.org/v2/country/POL;WLD;USA;CHN;DEU;IND;KOR;JPN;GBR;FRA;BRA;EST/indicator/NY.GDP.PCAP.KD?format=json&per_page=1000,2026-09-28T17:23:20.303Z,{}
NY.GDP.PCAP.KD,NY.GDP.PCAP.KD--kor,Korea Płd.,KOR,GDP per capita (constant 2015 US$),1990-12-31,1990,year,1990-01-01,9672.57845182894,USD 2015 / osobę,annual,observed,https://api.worldbank.org/v2/country/POL;WLD;USA;CHN;DEU;IND;KOR;JPN;GBR;FRA;BRA;EST/indicator/NY.GDP.PCAP.KD?format=json&per_page=1000,2026-09-28T17:23:20.303Z,{}
NY.GDP.PCAP.KD,NY.GDP.PCAP.KD--pol,Polska,POL,GDP per capita (constant 2015 US$),1990-12-31,1990,year,1990-01-01,5111.3453296443,USD 2015 / osobę,annual,observed,https://api.worldbank.org/v2/country/POL;WLD;USA;CHN;DEU;IND;KOR;JPN;GBR;FRA;BRA;EST/indicator/NY.GDP.PCAP.KD?format=json&per_page=1000,2026-09-28T17:23:20.303Z,{}
NY.GDP.PCAP.KD,NY.GDP.PCAP.KD--usa,USA,USA,GDP per capita (constant 2015 US$),1990-12-31,1990,year,1990-01-01,39200.0658091762,USD 2015 / osobę,annual,observed,https://api.worldbank.org/v2/country/POL;WLD;USA;CHN;DEU;IND;KOR;JPN;GBR;FRA;BRA;EST/indicator/NY.GDP.PCAP.KD?format=json&per_page=1000,2026-09-28T17:23:20.303Z,{}
NY.GDP.PCAP.KD,NY.GDP.PCAP.KD--wld,Świat,WLD,GDP per capita (constant 2015 US$),1990-12-31,1990,year,1990-01-01,6804.1256624154,USD 2015 / osobę,annual,observed,https://api.worldbank.org/v2/country/POL;WLD;USA;CHN;DEU;IND;KOR;JPN;GBR;FRA;BRA;EST/indicator/NY.GDP.PCAP.KD?format=json&per_page=1000,2026-09-28T17:23:20.303Z,{}
NY.GDP.PCAP.KD,NY.GDP.PCAP.KD--bra,Brazylia,BRA,GDP per capita (constant 2015 US$),1991-12-31,1991,year,1991-01-01,6107.64883675747,USD 2015 / osobę,annual,observed,https://api.worldbank.org/v2/country/POL;WLD;USA;CHN;DEU;IND;KOR;JPN;GBR;FRA;BRA;EST/indicator/NY.GDP.PCAP.KD?format=json&per_page=1000,2026-09-28T17:23:20.303Z,{}
NY.GDP.PCAP.KD,NY.GDP.PCAP.KD--chn,Chiny,CHN,GDP per capita (constant 2015 US$),1991-12-31,1991,year,1991-01-01,989.585278674846,USD 2015 / osobę,annual,observed,https://api.worldbank.org/v2/country/POL;WLD;USA;CHN;DEU;IND;KOR;JPN;GBR;FRA;BRA;EST/indicator/NY.GDP.PCAP.KD?format=json&per_page=1000,2026-09-28T17:23:20.303Z,{}
NY.GDP.PCAP.KD,NY.GDP.PCAP.KD--deu,Niemcy,DEU,GDP per capita (constant 2015 US$),1991-12-31,1991,year,1991-01-01,31056.5938822126,USD 2015 / osobę,annual,observed,https://api.worldbank.org/v2/country/POL;WLD;USA;CHN;DEU;IND;KOR;JPN;GBR;FRA;BRA;EST/indicator/NY.GDP.PCAP.KD?format=json&per_page=1000,2026-09-28T17:23:20.303Z,{}
NY.GDP.PCAP.KD,NY.GDP.PCAP.KD--est,Estonia,EST,GDP per capita (constant 2015 US$),1991-12-31,1991,year,1991-01-01,8637.20577725726,USD 2015 / osobę,annual,observed,https://api.worldbank.org/v2/country/POL;WLD;USA;CHN;DEU;IND;KOR;JPN;GBR;FRA;BRA;EST/indicator/NY.GDP.PCAP.KD?format=json&per_page=1000,2026-09-28T17:23:20.303Z,{}
NY.GDP.PCAP.KD,NY.GDP.PCAP.KD--fra,Francja,FRA,GDP per capita (constant 2015 US$),1991-12-31,1991,year,1991-01-01,28197.2359540607,USD 2015 / osobę,annual,observed,https://api.worldbank.org/v2/country/POL;WLD;USA;CHN;DEU;IND;KOR;JPN;GBR;FRA;BRA;EST/indicator/NY.GDP.PCAP.KD?format=json&per_page=1000,2026-09-28T17:23:20.303Z,{}
NY.GDP.PCAP.KD,NY.GDP.PCAP.KD--gbr,Wielka Brytania,GBR,GDP per capita (constant 2015 US$),1991-12-31,1991,year,1991-01-01,29590.9054053428,USD 2015 / osobę,annual,observed,https://api.worldbank.org/v2/country/POL;WLD;USA;CHN;DEU;IND;KOR;JPN;GBR;FRA;BRA;EST/indicator/NY.GDP.PCAP.KD?format=json&per_page=1000,2026-09-28T17:23:20.303Z,{}
NY.GDP.PCAP.KD,NY.GDP.PCAP.KD--ind,Indie,IND,GDP per capita (constant 2015 US$),1991-12-31,1991,year,1991-01-01,531.898397833351,USD 2015 / osobę,annual,observed,https://api.worldbank.org/v2/country/POL;WLD;USA;CHN;DEU;IND;KOR;JPN;GBR;FRA;BRA;EST/indicator/NY.GDP.PCAP.KD?format=json&per_page=1000,2026-09-28T17:23:20.303Z,{}
NY.GDP.PCAP.KD,NY.GDP.PCAP.KD--jpn,Japonia,JPN,GDP per capita (constant 2015 US$),1991-12-31,1991,year,1991-01-01,29775.391651584,USD 2015 / osobę,annual,observed,https://api.worldbank.org/v2/country/POL;WLD;USA;CHN;DEU;IND;KOR;JPN;GBR;FRA;BRA;EST/indicator/NY.GDP.PCAP.KD?format=json&per_page=1000,2026-09-28T17:23:20.303Z,{}
NY.GDP.PCAP.KD,NY.GDP.PCAP.KD--kor,Korea Płd.,KOR,GDP per capita (constant 2015 US$),1991-12-31,1991,year,1991-01-01,10618.8431439122,USD 2015 / osobę,annual,observed,https://api.worldbank.org/v2/country/POL;WLD;USA;CHN;DEU;IND;KOR;JPN;GBR;FRA;BRA;EST/indicator/NY.GDP.PCAP.KD?format=json&per_page=1000,2026-09-28T17:23:20.303Z,{}
NY.GDP.PCAP.KD,NY.GDP.PCAP.KD--pol,Polska,POL,GDP per capita (constant 2015 US$),1991-12-31,1991,year,1991-01-01,4735.9276980893,USD 2015 / osobę,annual,observed,https://api.worldbank.org/v2/country/POL;WLD;USA;CHN;DEU;IND;KOR;JPN;GBR;FRA;BRA;EST/indicator/NY.GDP.PCAP.KD?format=json&per_page=1000,2026-09-28T17:23:20.303Z,{}
NY.GDP.PCAP.KD,NY.GDP.PCAP.KD--usa,USA,USA,GDP per capita (constant 2015 US$),1991-12-31,1991,year,1991-01-01,38637.8398179104,USD 2015 / osobę,annual,observed,https://api.worldbank.org/v2/country/POL;WLD;USA;CHN;DEU;IND;KOR;JPN;GBR;FRA;BRA;EST/indicator/NY.GDP.PCAP.KD?format=json&per_page=1000,2026-09-28T17:23:20.303Z,{}
NY.GDP.PCAP.KD,NY.GDP.PCAP.KD--wld,Świat,WLD,GDP per capita (constant 2015 US$),1991-12-31,1991,year,1991-01-01,6773.41556784101,USD 2015 / osobę,annual,observed,https://api.worldbank.org/v2/country/POL;WLD;USA;CHN;DEU;IND;KOR;JPN;GBR;FRA;BRA;EST/indicator/NY.GDP.PCAP.KD?format=json&per_page=1000,2026-09-28T17:23:20.303Z,{}
NY.GDP.PCAP.KD,NY.GDP.PCAP.KD--bra,Brazylia,BRA,GDP per capita (constant 2015 US$),1992-12-31,1992,year,1992-01-01,5973.98285622586,USD 2015 / osobę,annual,observed,https://api.worldbank.org/v2/country/POL;WLD;USA;CHN;DEU;IND;KOR;JPN;GBR;FRA;BRA;EST/indicator/NY.GDP.PCAP.KD?format=json&per_page=1000,2026-09-28T17:23:20.303Z,{}
NY.GDP.PCAP.KD,NY.GDP.PCAP.KD--chn,Chiny,CHN,GDP per capita (constant 2015 US$),1992-12-31,1992,year,1992-01-01,1117.29533882968,USD 2015 / osobę,annual,observed,https://api.worldbank.org/v2/country/POL;WLD;USA;CHN;DEU;IND;KOR;JPN;GBR;FRA;BRA;EST/indicator/NY.GDP.PCAP.KD?format=json&per_page=1000,2026-09-28T17:23:20.303Z,{}
NY.GDP.PCAP.KD,NY.GDP.PCAP.KD--deu,Niemcy,DEU,GDP per capita (constant 2015 US$),1992-12-31,1992,year,1992-01-01,31441.9743477578,USD 2015 / osobę,annual,observed,https://api.worldbank.org/v2/country/POL;WLD;USA;CHN;DEU;IND;KOR;JPN;GBR;FRA;BRA;EST/indicator/NY.GDP.PCAP.KD?format=json&per_page=1000,2026-09-28T17:23:20.303Z,{}
NY.GDP.PCAP.KD,NY.GDP.PCAP.KD--est,Estonia,EST,GDP per capita (constant 2015 US$),1992-12-31,1992,year,1992-01-01,6934.17057662389,USD 2015 / osobę,annual,observed,https://api.worldbank.org/v2/country/POL;WLD;USA;CHN;DEU;IND;KOR;JPN;GBR;FRA;BRA;EST/indicator/NY.GDP.PCAP.KD?format=json&per_page=1000,2026-09-28T17:23:20.303Z,{}
NY.GDP.PCAP.KD,NY.GDP.PCAP.KD--fra,Francja,FRA,GDP per capita (constant 2015 US$),1992-12-31,1992,year,1992-01-01,28482.5194675509,USD 2015 / osobę,annual,observed,https://api.worldbank.org/v2/country/POL;WLD;USA;CHN;DEU;IND;KOR;JPN;GBR;FRA;BRA;EST/indicator/NY.GDP.PCAP.KD?format=json&per_page=1000,2026-09-28T17:23:20.303Z,{}
NY.GDP.PCAP.KD,NY.GDP.PCAP.KD--gbr,Wielka Brytania,GBR,GDP per capita (constant 2015 US$),1992-12-31,1992,year,1992-01-01,29893.0776793743,USD 2015 / osobę,annual,observed,https://api.worldbank.org/v2/country/POL;WLD;USA;CHN;DEU;IND;KOR;JPN;GBR;FRA;BRA;EST/indicator/NY.GDP.PCAP.KD?format=json&per_page=1000,2026-09-28T17:23:20.303Z,{}
NY.GDP.PCAP.KD,NY.GDP.PCAP.KD--ind,Indie,IND,GDP per capita (constant 2015 US$),1992-12-31,1992,year,1992-01-01,549.235069964895,USD 2015 / osobę,annual,observed,https://api.worldbank.org/v2/country/POL;WLD;USA;CHN;DEU;IND;KOR;JPN;GBR;FRA;BRA;EST/indicator/NY.GDP.PCAP.KD?format=json&per_page=1000,2026-09-28T17:23:20.303Z,{}
NY.GDP.PCAP.KD,NY.GDP.PCAP.KD--jpn,Japonia,JPN,GDP per capita (constant 2015 US$),1992-12-31,1992,year,1992-01-01,29916.6529957081,USD 2015 / osobę,annual,observed,https://api.worldbank.org/v2/country/POL;WLD;USA;CHN;DEU;IND;KOR;JPN;GBR;FRA;BRA;EST/indicator/NY.GDP.PCAP.KD?format=json&per_page=1000,2026-09-28T17:23:20.303Z,{}
NY.GDP.PCAP.KD,NY.GDP.PCAP.KD--kor,Korea Płd.,KOR,GDP per capita (constant 2015 US$),1992-12-31,1992,year,1992-01-01,11176.560685871,USD 2015 / osobę,annual,observed,https://api.worldbank.org/v2/country/POL;WLD;USA;CHN;DEU;IND;KOR;JPN;GBR;FRA;BRA;EST/indicator/NY.GDP.PCAP.KD?format=json&per_page=1000,2026-09-28T17:23:20.303Z,{}
NY.GDP.PCAP.KD,NY.GDP.PCAP.KD--pol,Polska,POL,GDP per capita (constant 2015 US$),1992-12-31,1992,year,1992-01-01,4840.16858549117,USD 2015 / osobę,annual,observed,https://api.worldbank.org/v2/country/POL;WLD;USA;CHN;DEU;IND;KOR;JPN;GBR;FRA;BRA;EST/indicator/NY.GDP.PCAP.KD?format=json&per_page=1000,2026-09-28T17:23:20.303Z,{}
NY.GDP.PCAP.KD,NY.GDP.PCAP.KD--usa,USA,USA,GDP per capita (constant 2015 US$),1992-12-31,1992,year,1992-01-01,39447.9472850606,USD 2015 / osobę,annual,observed,https://api.worldbank.org/v2/country/POL;WLD;USA;CHN;DEU;IND;KOR;JPN;GBR;FRA;BRA;EST/indicator/NY.GDP.PCAP.KD?format=json&per_page=1000,2026-09-28T17:23:20.303Z,{}
NY.GDP.PCAP.KD,NY.GDP.PCAP.KD--wld,Świat,WLD,GDP per capita (constant 2015 US$),1992-12-31,1992,year,1992-01-01,6801.30548790075,USD 2015 / osobę,annual,observed,https://api.worldbank.org/v2/country/POL;WLD;USA;CHN;DEU;IND;KOR;JPN;GBR;FRA;BRA;EST/indicator/NY.GDP.PCAP.KD?format=json&per_page=1000,2026-09-28T17:23:20.303Z,{}
NY.GDP.PCAP.KD,NY.GDP.PCAP.KD--bra,Brazylia,BRA,GDP per capita (constant 2015 US$),1993-12-31,1993,year,1993-01-01,6167.46092178931,USD 2015 / osobę,annual,observed,https://api.worldbank.org/v2/country/POL;WLD;USA;CHN;DEU;IND;KOR;JPN;GBR;FRA;BRA;EST/indicator/NY.GDP.PCAP.KD?format=json&per_page=1000,2026-09-28T17:23:20.303Z,{}
NY.GDP.PCAP.KD,NY.GDP.PCAP.KD--chn,Chiny,CHN,GDP per capita (constant 2015 US$),1993-12-31,1993,year,1993-01-01,1258.34142676619,USD 2015 / osobę,annual,observed,https://api.worldbank.org/v2/country/POL;WLD;USA;CHN;DEU;IND;KOR;JPN;GBR;FRA;BRA;EST/indicator/NY.GDP.PCAP.KD?format=json&per_page=1000,2026-09-28T17:23:20.303Z,{}
NY.GDP.PCAP.KD,NY.GDP.PCAP.KD--deu,Niemcy,DEU,GDP per capita (constant 2015 US$),1993-12-31,1993,year,1993-01-01,30932.0193060317,USD 2015 / osobę,annual,observed,https://api.worldbank.org/v2/country/POL;WLD;USA;CHN;DEU;IND;KOR;JPN;GBR;FRA;BRA;EST/indicator/NY.GDP.PCAP.KD?format=json&per_page=1000,2026-09-28T17:23:20.303Z,{}
NY.GDP.PCAP.KD,NY.GDP.PCAP.KD--est,Estonia,EST,GDP per capita (constant 2015 US$),1993-12-31,1993,year,1993-01-01,6706.56021122484,USD 2015 / osobę,annual,observed,https://api.worldbank.org/v2/country/POL;WLD;USA;CHN;DEU;IND;KOR;JPN;GBR;FRA;BRA;EST/indicator/NY.GDP.PCAP.KD?format=json&per_page=1000,2026-09-28T17:23:20.303Z,{}
NY.GDP.PCAP.KD,NY.GDP.PCAP.KD--fra,Francja,FRA,GDP per capita (constant 2015 US$),1993-12-31,1993,year,1993-01-01,28257.0962487817,USD 2015 / osobę,annual,observed,https://api.worldbank.org/v2/country/POL;WLD;USA;CHN;DEU;IND;KOR;JPN;GBR;FRA;BRA;EST/indicator/NY.GDP.PCAP.KD?format=json&per_page=1000,2026-09-28T17:23:20.303Z,{}
NY.GDP.PCAP.KD,NY.GDP.PCAP.KD--gbr,Wielka Brytania,GBR,GDP per capita (constant 2015 US$),1993-12-31,1993,year,1993-01-01,30862.4118121654,USD 2015 / osobę,annual,observed,https://api.worldbank.org/v2/country/POL;WLD;USA;CHN;DEU;IND;KOR;JPN;GBR;FRA;BRA;EST/indicator/NY.GDP.PCAP.KD?format=json&per_page=1000,2026-09-28T17:23:20.303Z,{}
NY.GDP.PCAP.KD,NY.GDP.PCAP.KD--ind,Indie,IND,GDP per capita (constant 2015 US$),1993-12-31,1993,year,1993-01-01,563.372872336747,USD 2015 / osobę,annual,observed,https://api.worldbank.org/v2/country/POL;WLD;USA;CHN;DEU;IND;KOR;JPN;GBR;FRA;BRA;EST/indicator/NY.GDP.PCAP.KD?format=json&per_page=1000,2026-09-28T17:23:20.303Z,{}
NY.GDP.PCAP.KD,NY.GDP.PCAP.KD--jpn,Japonia,JPN,GDP per capita (constant 2015 US$),1993-12-31,1993,year,1993-01-01,29665.3871017287,USD 2015 / osobę,annual,observed,https://api.worldbank.org/v2/country/POL;WLD;USA;CHN;DEU;IND;KOR;JPN;GBR;FRA;BRA;EST/indicator/NY.GDP.PCAP.KD?format=json&per_page=1000,2026-09-28T17:23:20.303Z,{}
NY.GDP.PCAP.KD,NY.GDP.PCAP.KD--kor,Korea Płd.,KOR,GDP per capita (constant 2015 US$),1993-12-31,1993,year,1993-01-01,11837.4692053797,USD 2015 / osobę,annual,observed,https://api.worldbank.org/v2/country/POL;WLD;USA;CHN;DEU;IND;KOR;JPN;GBR;FRA;BRA;EST/indicator/NY.GDP.PCAP.KD?format=json&per_page=1000,2026-09-28T17:23:20.303Z,{}
NY.GDP.PCAP.KD,NY.GDP.PCAP.KD--pol,Polska,POL,GDP per capita (constant 2015 US$),1993-12-31,1993,year,1993-01-01,5008.34908886395,USD 2015 / osobę,annual,observed,https://api.worldbank.org/v2/country/POL;WLD;USA;CHN;DEU;IND;KOR;JPN;GBR;FRA;BRA;EST/indicator/NY.GDP.PCAP.KD?format=json&per_page=1000,2026-09-28T17:23:20.303Z,{}
NY.GDP.PCAP.KD,NY.GDP.PCAP.KD--usa,USA,USA,GDP per capita (constant 2015 US$),1993-12-31,1993,year,1993-01-01,40002.4762253198,USD 2015 / osobę,annual,observed,https://api.worldbank.org/v2/country/POL;WLD;USA;CHN;DEU;IND;KOR;JPN;GBR;FRA;BRA;EST/indicator/NY.GDP.PCAP.KD?format=json&per_page=1000,2026-09-28T17:23:20.303Z,{}
NY.GDP.PCAP.KD,NY.GDP.PCAP.KD--wld,Świat,WLD,GDP per capita (constant 2015 US$),1993-12-31,1993,year,1993-01-01,6818.5696934514,USD 2015 / osobę,annual,observed,https://api.worldbank.org/v2/country/POL;WLD;USA;CHN;DEU;IND;KOR;JPN;GBR;FRA;BRA;EST/indicator/NY.GDP.PCAP.KD?format=json&per_page=1000,2026-09-28T17:23:20.303Z,{}
NY.GDP.PCAP.KD,NY.GDP.PCAP.KD--bra,Brazylia,BRA,GDP per capita (constant 2015 US$),1994-12-31,1994,year,1994-01-01,6427.16901943704,USD 2015 / osobę,annual,observed,https://api.worldbank.org/v2/country/POL;WLD;USA;CHN;DEU;IND;KOR;JPN;GBR;FRA;BRA;EST/indicator/NY.GDP.PCAP.KD?format=json&per_page=1000,2026-09-28T17:23:20.303Z,{}
NY.GDP.PCAP.KD,NY.GDP.PCAP.KD--chn,Chiny,CHN,GDP per capita (constant 2015 US$),1994-12-31,1994,year,1994-01-01,1406.97393365064,USD 2015 / osobę,annual,observed,https://api.worldbank.org/v2/country/POL;WLD;USA;CHN;DEU;IND;KOR;JPN;GBR;FRA;BRA;EST/indicator/NY.GDP.PCAP.KD?format=json&per_page=1000,2026-09-28T17:23:20.303Z,{}
NY.GDP.PCAP.KD,NY.GDP.PCAP.KD--deu,Niemcy,DEU,GDP per capita (constant 2015 US$),1994-12-31,1994,year,1994-01-01,31625.3939679554,USD 2015 / osobę,annual,observed,https://api.worldbank.org/v2/country/POL;WLD;USA;CHN;DEU;IND;KOR;JPN;GBR;FRA;BRA;EST/indicator/NY.GDP.PCAP.KD?format=json&per_page=1000,2026-09-28T17:23:20.303Z,{}
NY.GDP.PCAP.KD,NY.GDP.PCAP.KD--est,Estonia,EST,GDP per capita (constant 2015 US$),1994-12-31,1994,year,1994-01-01,6738.99904122236,USD 2015 / osobę,annual,observed,https://api.worldbank.org/v2/country/POL;WLD;USA;CHN;DEU;IND;KOR;JPN;GBR;FRA;BRA;EST/indicator/NY.GDP.PCAP.KD?format=json&per_page=1000,2026-09-28T17:23:20.303Z,{}
NY.GDP.PCAP.KD,NY.GDP.PCAP.KD--fra,Francja,FRA,GDP per capita (constant 2015 US$),1994-12-31,1994,year,1994-01-01,28822.5006495069,USD 2015 / osobę,annual,observed,https://api.worldbank.org/v2/country/POL;WLD;USA;CHN;DEU;IND;KOR;JPN;GBR;FRA;BRA;EST/indicator/NY.GDP.PCAP.KD?format=json&per_page=1000,2026-09-28T17:23:20.303Z,{}
NY.GDP.PCAP.KD,NY.GDP.PCAP.KD--gbr,Wielka Brytania,GBR,GDP per capita (constant 2015 US$),1994-12-31,1994,year,1994-01-01,32308.7952722115,USD 2015 / osobę,annual,observed,https://api.worldbank.org/v2/country/POL;WLD;USA;CHN;DEU;IND;KOR;JPN;GBR;FRA;BRA;EST/indicator/NY.GDP.PCAP.KD?format=json&per_page=1000,2026-09-28T17:23:20.303Z,{}
NY.GDP.PCAP.KD,NY.GDP.PCAP.KD--ind,Indie,IND,GDP per capita (constant 2015 US$),1994-12-31,1994,year,1994-01-01,588.727892180632,USD 2015 / osobę,annual,observed,https://api.worldbank.org/v2/country/POL;WLD;USA;CHN;DEU;IND;KOR;JPN;GBR;FRA;BRA;EST/indicator/NY.GDP.PCAP.KD?format=json&per_page=1000,2026-09-28T17:23:20.303Z,{}
NY.GDP.PCAP.KD,NY.GDP.PCAP.KD--jpn,Japonia,JPN,GDP per capita (constant 2015 US$),1994-12-31,1994,year,1994-01-01,29876.454752764,USD 2015 / osobę,annual,observed,https://api.worldbank.org/v2/country/POL;WLD;USA;CHN;DEU;IND;KOR;JPN;GBR;FRA;BRA;EST/indicator/NY.GDP.PCAP.KD?format=json&per_page=1000,2026-09-28T17:23:20.303Z,{}
NY.GDP.PCAP.KD,NY.GDP.PCAP.KD--kor,Korea Płd.,KOR,GDP per capita (constant 2015 US$),1994-12-31,1994,year,1994-01-01,12817.2447824958,USD 2015 / osobę,annual,observed,https://api.worldbank.org/v2/country/POL;WLD;USA;CHN;DEU;IND;KOR;JPN;GBR;FRA;BRA;EST/indicator/NY.GDP.PCAP.KD?format=json&per_page=1000,2026-09-28T17:23:20.303Z,{}
NY.GDP.PCAP.KD,NY.GDP.PCAP.KD--pol,Polska,POL,GDP per capita (constant 2015 US$),1994-12-31,1994,year,1994-01-01,5262.31523522496,USD 2015 / osobę,annual,observed,https://api.worldbank.org/v2/country/POL;WLD;USA;CHN;DEU;IND;KOR;JPN;GBR;FRA;BRA;EST/indicator/NY.GDP.PCAP.KD?format=json&per_page=1000,2026-09-28T17:23:20.303Z,{}
NY.GDP.PCAP.KD,NY.GDP.PCAP.KD--usa,USA,USA,GDP per capita (constant 2015 US$),1994-12-31,1994,year,1994-01-01,41106.9881833481,USD 2015 / osobę,annual,observed,https://api.worldbank.org/v2/country/POL;WLD;USA;CHN;DEU;IND;KOR;JPN;GBR;FRA;BRA;EST/indicator/NY.GDP.PCAP.KD?format=json&per_page=1000,2026-09-28T17:23:20.303Z,{}
NY.GDP.PCAP.KD,NY.GDP.PCAP.KD--wld,Świat,WLD,GDP per capita (constant 2015 US$),1994-12-31,1994,year,1994-01-01,6944.09107891381,USD 2015 / osobę,annual,observed,https://api.worldbank.org/v2/country/POL;WLD;USA;CHN;DEU;IND;KOR;JPN;GBR;FRA;BRA;EST/indicator/NY.GDP.PCAP.KD?format=json&per_page=1000,2026-09-28T17:23:20.303Z,{}
NY.GDP.PCAP.KD,NY.GDP.PCAP.KD--bra,Brazylia,BRA,GDP per capita (constant 2015 US$),1995-12-31,1995,year,1995-01-01,6596.33572674819,USD 2015 / osobę,annual,observed,https://api.worldbank.org/v2/country/POL;WLD;USA;CHN;DEU;IND;KOR;JPN;GBR;FRA;BRA;EST/indicator/NY.GDP.PCAP.KD?format=json&per_page=1000,2026-09-28T17:23:20.303Z,{}
NY.GDP.PCAP.KD,NY.GDP.PCAP.KD--chn,Chiny,CHN,GDP per capita (constant 2015 US$),1995-12-31,1995,year,1995-01-01,1545.07897848105,USD 2015 / osobę,annual,observed,https://api.worldbank.org/v2/country/POL;WLD;USA;CHN;DEU;IND;KOR;JPN;GBR;FRA;BRA;EST/indicator/NY.GDP.PCAP.KD?format=json&per_page=1000,2026-09-28T17:23:20.303Z,{}
NY.GDP.PCAP.KD,NY.GDP.PCAP.KD--deu,Niemcy,DEU,GDP per capita (constant 2015 US$),1995-12-31,1995,year,1995-01-01,32007.145402934,USD 2015 / osobę,annual,observed,https://api.worldbank.org/v2/country/POL;WLD;USA;CHN;DEU;IND;KOR;JPN;GBR;FRA;BRA;EST/indicator/NY.GDP.PCAP.KD?format=json&per_page=1000,2026-09-28T17:23:20.303Z,{}
NY.GDP.PCAP.KD,NY.GDP.PCAP.KD--est,Estonia,EST,GDP per capita (constant 2015 US$),1995-12-31,1995,year,1995-01-01,7170.94607721168,USD 2015 / osobę,annual,observed,https://api.worldbank.org/v2/country/POL;WLD;USA;CHN;DEU;IND;KOR;JPN;GBR;FRA;BRA;EST/indicator/NY.GDP.PCAP.KD?format=json&per_page=1000,2026-09-28T17:23:20.303Z,{}
NY.GDP.PCAP.KD,NY.GDP.PCAP.KD--fra,Francja,FRA,GDP per capita (constant 2015 US$),1995-12-31,1995,year,1995-01-01,29379.6158424052,USD 2015 / osobę,annual,observed,https://api.worldbank.org/v2/country/POL;WLD;USA;CHN;DEU;IND;KOR;JPN;GBR;FRA;BRA;EST/indicator/NY.GDP.PCAP.KD?format=json&per_page=1000,2026-09-28T17:23:20.303Z,{}
NY.GDP.PCAP.KD,NY.GDP.PCAP.KD--gbr,Wielka Brytania,GBR,GDP per capita (constant 2015 US$),1995-12-31,1995,year,1995-01-01,33362.0161272507,USD 2015 / osobę,annual,observed,https://api.worldbank.org/v2/country/POL;WLD;USA;CHN;DEU;IND;KOR;JPN;GBR;FRA;BRA;EST/indicator/NY.GDP.PCAP.KD?format=json&per_page=1000,2026-09-28T17:23:20.303Z,{}
NY.GDP.PCAP.KD,NY.GDP.PCAP.KD--ind,Indie,IND,GDP per capita (constant 2015 US$),1995-12-31,1995,year,1995-01-01,620.699954336366,USD 2015 / osobę,annual,observed,https://api.worldbank.org/v2/country/POL;WLD;USA;CHN;DEU;IND;KOR;JPN;GBR;FRA;BRA;EST/indicator/NY.GDP.PCAP.KD?format=json&per_page=1000,2026-09-28T17:23:20.303Z,{}
NY.GDP.PCAP.KD,NY.GDP.PCAP.KD--jpn,Japonia,JPN,GDP per capita (constant 2015 US$),1995-12-31,1995,year,1995-01-01,30504.5332529005,USD 2015 / osobę,annual,observed,https://api.worldbank.org/v2/country/POL;WLD;USA;CHN;DEU;IND;KOR;JPN;GBR;FRA;BRA;EST/indicator/NY.GDP.PCAP.KD?format=json&per_page=1000,2026-09-28T17:23:20.303Z,{}
NY.GDP.PCAP.KD,NY.GDP.PCAP.KD--kor,Korea Płd.,KOR,GDP per capita (constant 2015 US$),1995-12-31,1995,year,1995-01-01,13924.3044000347,USD 2015 / osobę,annual,observed,https://api.worldbank.org/v2/country/POL;WLD;USA;CHN;DEU;IND;KOR;JPN;GBR;FRA;BRA;EST/indicator/NY.GDP.PCAP.KD?format=json&per_page=1000,2026-09-28T17:23:20.303Z,{}
NY.GDP.PCAP.KD,NY.GDP.PCAP.KD--pol,Polska,POL,GDP per capita (constant 2015 US$),1995-12-31,1995,year,1995-01-01,5671.89573674798,USD 2015 / osobę,annual,observed,https://api.worldbank.org/v2/country/POL;WLD;USA;CHN;DEU;IND;KOR;JPN;GBR;FRA;BRA;EST/indicator/NY.GDP.PCAP.KD?format=json&per_page=1000,2026-09-28T17:23:20.303Z,{}
NY.GDP.PCAP.KD,NY.GDP.PCAP.KD--usa,USA,USA,GDP per capita (constant 2015 US$),1995-12-31,1995,year,1995-01-01,41710.8207256668,USD 2015 / osobę,annual,observed,https://api.worldbank.org/v2/country/POL;WLD;USA;CHN;DEU;IND;KOR;JPN;GBR;FRA;BRA;EST/indicator/NY.GDP.PCAP.KD?format=json&per_page=1000,2026-09-28T17:23:20.303Z,{}
NY.GDP.PCAP.KD,NY.GDP.PCAP.KD--wld,Świat,WLD,GDP per capita (constant 2015 US$),1995-12-31,1995,year,1995-01-01,7057.77278518959,USD 2015 / osobę,annual,observed,https://api.worldbank.org/v2/country/POL;WLD;USA;CHN;DEU;IND;KOR;JPN;GBR;FRA;BRA;EST/indicator/NY.GDP.PCAP.KD?format=json&per_page=1000,2026-09-28T17:23:20.303Z,{}
NY.GDP.PCAP.KD,NY.GDP.PCAP.KD--bra,Brazylia,BRA,GDP per capita (constant 2015 US$),1996-12-31,1996,year,1996-01-01,6640.7270065575,USD 2015 / osobę,annual,observed,https://api.worldbank.org/v2/country/POL;WLD;USA;CHN;DEU;IND;KOR;JPN;GBR;FRA;BRA;EST/indicator/NY.GDP.PCAP.KD?format=json&per_page=1000,2026-09-28T17:23:20.303Z,{}
NY.GDP.PCAP.KD,NY.GDP.PCAP.KD--chn,Chiny,CHN,GDP per capita (constant 2015 US$),1996-12-31,1996,year,1996-01-01,1681.45741269443,USD 2015 / osobę,annual,observed,https://api.worldbank.org/v2/country/POL;WLD;USA;CHN;DEU;IND;KOR;JPN;GBR;FRA;BRA;EST/indicator/NY.GDP.PCAP.KD?format=json&per_page=1000,2026-09-28T17:23:20.303Z,{}
NY.GDP.PCAP.KD,NY.GDP.PCAP.KD--deu,Niemcy,DEU,GDP per capita (constant 2015 US$),1996-12-31,1996,year,1996-01-01,32245.8608379557,USD 2015 / osobę,annual,observed,https://api.worldbank.org/v2/country/POL;WLD;USA;CHN;DEU;IND;KOR;JPN;GBR;FRA;BRA;EST/indicator/NY.GDP.PCAP.KD?format=json&per_page=1000,2026-09-28T17:23:20.303Z,{}
NY.GDP.PCAP.KD,NY.GDP.PCAP.KD--est,Estonia,EST,GDP per capita (constant 2015 US$),1996-12-31,1996,year,1996-01-01,7637.25708286963,USD 2015 / osobę,annual,observed,https://api.worldbank.org/v2/country/POL;WLD;USA;CHN;DEU;IND;KOR;JPN;GBR;FRA;BRA;EST/indicator/NY.GDP.PCAP.KD?format=json&per_page=1000,2026-09-28T17:23:20.303Z,{}
NY.GDP.PCAP.KD,NY.GDP.PCAP.KD--fra,Francja,FRA,GDP per capita (constant 2015 US$),1996-12-31,1996,year,1996-01-01,29683.7786067651,USD 2015 / osobę,annual,observed,https://api.worldbank.org/v2/country/POL;WLD;USA;CHN;DEU;IND;KOR;JPN;GBR;FRA;BRA;EST/indicator/NY.GDP.PCAP.KD?format=json&per_page=1000,2026-09-28T17:23:20.303Z,{}
NY.GDP.PCAP.KD,NY.GDP.PCAP.KD--gbr,Wielka Brytania,GBR,GDP per capita (constant 2015 US$),1996-12-31,1996,year,1996-01-01,34147.3459054033,USD 2015 / osobę,annual,observed,https://api.worldbank.org/v2/country/POL;WLD;USA;CHN;DEU;IND;KOR;JPN;GBR;FRA;BRA;EST/indicator/NY.GDP.PCAP.KD?format=json&per_page=1000,2026-09-28T17:23:20.303Z,{}
NY.GDP.PCAP.KD,NY.GDP.PCAP.KD--ind,Indie,IND,GDP per capita (constant 2015 US$),1996-12-31,1996,year,1996-01-01,654.355928434052,USD 2015 / osobę,annual,observed,https://api.worldbank.org/v2/country/POL;WLD;USA;CHN;DEU;IND;KOR;JPN;GBR;FRA;BRA;EST/indicator/NY.GDP.PCAP.KD?format=json&per_page=1000,2026-09-28T17:23:20.303Z,{}
NY.GDP.PCAP.KD,NY.GDP.PCAP.KD--jpn,Japonia,JPN,GDP per capita (constant 2015 US$),1996-12-31,1996,year,1996-01-01,31371.432405964,USD 2015 / osobę,annual,observed,https://api.worldbank.org/v2/country/POL;WLD;USA;CHN;DEU;IND;KOR;JPN;GBR;FRA;BRA;EST/indicator/NY.GDP.PCAP.KD?format=json&per_page=1000,2026-09-28T17:23:20.303Z,{}
NY.GDP.PCAP.KD,NY.GDP.PCAP.KD--kor,Korea Płd.,KOR,GDP per capita (constant 2015 US$),1996-12-31,1996,year,1996-01-01,14894.3278834104,USD 2015 / osobę,annual,observed,https://api.worldbank.org/v2/country/POL;WLD;USA;CHN;DEU;IND;KOR;JPN;GBR;FRA;BRA;EST/indicator/NY.GDP.PCAP.KD?format=json&per_page=1000,2026-09-28T17:23:20.303Z,{}
NY.GDP.PCAP.KD,NY.GDP.PCAP.KD--pol,Polska,POL,GDP per capita (constant 2015 US$),1996-12-31,1996,year,1996-01-01,6012.95806433166,USD 2015 / osobę,annual,observed,https://api.worldbank.org/v2/country/POL;WLD;USA;CHN;DEU;IND;KOR;JPN;GBR;FRA;BRA;EST/indicator/NY.GDP.PCAP.KD?format=json&per_page=1000,2026-09-28T17:23:20.303Z,{}
NY.GDP.PCAP.KD,NY.GDP.PCAP.KD--usa,USA,USA,GDP per capita (constant 2015 US$),1996-12-31,1996,year,1996-01-01,42783.8165724095,USD 2015 / osobę,annual,observed,https://api.worldbank.org/v2/country/POL;WLD;USA;CHN;DEU;IND;KOR;JPN;GBR;FRA;BRA;EST/indicator/NY.GDP.PCAP.KD?format=json&per_page=1000,2026-09-28T17:23:20.303Z,{}
NY.GDP.PCAP.KD,NY.GDP.PCAP.KD--wld,Świat,WLD,GDP per capita (constant 2015 US$),1996-12-31,1996,year,1996-01-01,7202.73987066597,USD 2015 / osobę,annual,observed,https://api.worldbank.org/v2/country/POL;WLD;USA;CHN;DEU;IND;KOR;JPN;GBR;FRA;BRA;EST/indicator/NY.GDP.PCAP.KD?format=json&per_page=1000,2026-09-28T17:23:20.303Z,{}
NY.GDP.PCAP.KD,NY.GDP.PCAP.KD--bra,Brazylia,BRA,GDP per capita (constant 2015 US$),1997-12-31,1997,year,1997-01-01,6764.85842091319,USD 2015 / osobę,annual,observed,https://api.worldbank.org/v2/country/POL;WLD;USA;CHN;DEU;IND;KOR;JPN;GBR;FRA;BRA;EST/indicator/NY.GDP.PCAP.KD?format=json&per_page=1000,2026-09-28T17:23:20.303Z,{}
NY.GDP.PCAP.KD,NY.GDP.PCAP.KD--chn,Chiny,CHN,GDP per capita (constant 2015 US$),1997-12-31,1997,year,1997-01-01,1819.07954081306,USD 2015 / osobę,annual,observed,https://api.worldbank.org/v2/country/POL;WLD;USA;CHN;DEU;IND;KOR;JPN;GBR;FRA;BRA;EST/indicator/NY.GDP.PCAP.KD?format=json&per_page=1000,2026-09-28T17:23:20.303Z,{}
NY.GDP.PCAP.KD,NY.GDP.PCAP.KD--deu,Niemcy,DEU,GDP per capita (constant 2015 US$),1997-12-31,1997,year,1997-01-01,32795.7833455165,USD 2015 / osobę,annual,observed,https://api.worldbank.org/v2/country/POL;WLD;USA;CHN;DEU;IND;KOR;JPN;GBR;FRA;BRA;EST/indicator/NY.GDP.PCAP.KD?format=json&per_page=1000,2026-09-28T17:23:20.303Z,{}
NY.GDP.PCAP.KD,NY.GDP.PCAP.KD--est,Estonia,EST,GDP per capita (constant 2015 US$),1997-12-31,1997,year,1997-01-01,8732.99085657194,USD 2015 / osobę,annual,observed,https://api.worldbank.org/v2/country/POL;WLD;USA;CHN;DEU;IND;KOR;JPN;GBR;FRA;BRA;EST/indicator/NY.GDP.PCAP.KD?format=json&per_page=1000,2026-09-28T17:23:20.303Z,{}
NY.GDP.PCAP.KD,NY.GDP.PCAP.KD--fra,Francja,FRA,GDP per capita (constant 2015 US$),1997-12-31,1997,year,1997-01-01,30325.522871824,USD 2015 / osobę,annual,observed,https://api.worldbank.org/v2/country/POL;WLD;USA;CHN;DEU;IND;KOR;JPN;GBR;FRA;BRA;EST/indicator/NY.GDP.PCAP.KD?format=json&per_page=1000,2026-09-28T17:23:20.303Z,{}
NY.GDP.PCAP.KD,NY.GDP.PCAP.KD--gbr,Wielka Brytania,GBR,GDP per capita (constant 2015 US$),1997-12-31,1997,year,1997-01-01,35721.6105928791,USD 2015 / osobę,annual,observed,https://api.worldbank.org/v2/country/POL;WLD;USA;CHN;DEU;IND;KOR;JPN;GBR;FRA;BRA;EST/indicator/NY.GDP.PCAP.KD?format=json&per_page=1000,2026-09-28T17:23:20.303Z,{}
NY.GDP.PCAP.KD,NY.GDP.PCAP.KD--ind,Indie,IND,GDP per capita (constant 2015 US$),1997-12-31,1997,year,1997-01-01,667.598423093399,USD 2015 / osobę,annual,observed,https://api.worldbank.org/v2/country/POL;WLD;USA;CHN;DEU;IND;KOR;JPN;GBR;FRA;BRA;EST/indicator/NY.GDP.PCAP.KD?format=json&per_page=1000,2026-09-28T17:23:20.303Z,{}
NY.GDP.PCAP.KD,NY.GDP.PCAP.KD--jpn,Japonia,JPN,GDP per capita (constant 2015 US$),1997-12-31,1997,year,1997-01-01,31723.3382538425,USD 2015 / osobę,annual,observed,https://api.worldbank.org/v2/country/POL;WLD;USA;CHN;DEU;IND;KOR;JPN;GBR;FRA;BRA;EST/indicator/NY.GDP.PCAP.KD?format=json&per_page=1000,2026-09-28T17:23:20.303Z,{}
NY.GDP.PCAP.KD,NY.GDP.PCAP.KD--kor,Korea Płd.,KOR,GDP per capita (constant 2015 US$),1997-12-31,1997,year,1997-01-01,15682.2717905189,USD 2015 / osobę,annual,observed,https://api.worldbank.org/v2/country/POL;WLD;USA;CHN;DEU;IND;KOR;JPN;GBR;FRA;BRA;EST/indicator/NY.GDP.PCAP.KD?format=json&per_page=1000,2026-09-28T17:23:20.303Z,{}
NY.GDP.PCAP.KD,NY.GDP.PCAP.KD--pol,Polska,POL,GDP per capita (constant 2015 US$),1997-12-31,1997,year,1997-01-01,6391.13172823376,USD 2015 / osobę,annual,observed,https://api.worldbank.org/v2/country/POL;WLD;USA;CHN;DEU;IND;KOR;JPN;GBR;FRA;BRA;EST/indicator/NY.GDP.PCAP.KD?format=json&per_page=1000,2026-09-28T17:23:20.303Z,{}
NY.GDP.PCAP.KD,NY.GDP.PCAP.KD--usa,USA,USA,GDP per capita (constant 2015 US$),1997-12-31,1997,year,1997-01-01,44151.6860410035,USD 2015 / osobę,annual,observed,https://api.worldbank.org/v2/country/POL;WLD;USA;CHN;DEU;IND;KOR;JPN;GBR;FRA;BRA;EST/indicator/NY.GDP.PCAP.KD?format=json&per_page=1000,2026-09-28T17:23:20.303Z,{}
NY.GDP.PCAP.KD,NY.GDP.PCAP.KD--wld,Świat,WLD,GDP per capita (constant 2015 US$),1997-12-31,1997,year,1997-01-01,7381.77119872805,USD 2015 / osobę,annual,observed,https://api.worldbank.org/v2/country/POL;WLD;USA;CHN;DEU;IND;KOR;JPN;GBR;FRA;BRA;EST/indicator/NY.GDP.PCAP.KD?format=json&per_page=1000,2026-09-28T17:23:20.303Z,{}
NY.GDP.PCAP.KD,NY.GDP.PCAP.KD--bra,Brazylia,BRA,GDP per capita (constant 2015 US$),1998-12-31,1998,year,1998-01-01,6687.49523550242,USD 2015 / osobę,annual,observed,https://api.worldbank.org/v2/country/POL;WLD;USA;CHN;DEU;IND;KOR;JPN;GBR;FRA;BRA;EST/indicator/NY.GDP.PCAP.KD?format=json&per_page=1000,2026-09-28T17:23:20.303Z,{}
NY.GDP.PCAP.KD,NY.GDP.PCAP.KD--chn,Chiny,CHN,GDP per capita (constant 2015 US$),1998-12-31,1998,year,1998-01-01,1944.46718626424,USD 2015 / osobę,annual,observed,https://api.worldbank.org/v2/country/POL;WLD;USA;CHN;DEU;IND;KOR;JPN;GBR;FRA;BRA;EST/indicator/NY.GDP.PCAP.KD?format=json&per_page=1000,2026-09-28T17:23:20.303Z,{}
NY.GDP.PCAP.KD,NY.GDP.PCAP.KD--deu,Niemcy,DEU,GDP per capita (constant 2015 US$),1998-12-31,1998,year,1998-01-01,33477.9856458764,USD 2015 / osobę,annual,observed,https://api.worldbank.org/v2/country/POL;WLD;USA;CHN;DEU;IND;KOR;JPN;GBR;FRA;BRA;EST/indicator/NY.GDP.PCAP.KD?format=json&per_page=1000,2026-09-28T17:23:20.303Z,{}
NY.GDP.PCAP.KD,NY.GDP.PCAP.KD--est,Estonia,EST,GDP per capita (constant 2015 US$),1998-12-31,1998,year,1998-01-01,9199.93534127632,USD 2015 / osobę,annual,observed,https://api.worldbank.org/v2/country/POL;WLD;USA;CHN;DEU;IND;KOR;JPN;GBR;FRA;BRA;EST/indicator/NY.GDP.PCAP.KD?format=json&per_page=1000,2026-09-28T17:23:20.303Z,{}
NY.GDP.PCAP.KD,NY.GDP.PCAP.KD--fra,Francja,FRA,GDP per capita (constant 2015 US$),1998-12-31,1998,year,1998-01-01,31256.5073830655,USD 2015 / osobę,annual,observed,https://api.worldbank.org/v2/country/POL;WLD;USA;CHN;DEU;IND;KOR;JPN;GBR;FRA;BRA;EST/indicator/NY.GDP.PCAP.KD?format=json&per_page=1000,2026-09-28T17:23:20.303Z,{}
NY.GDP.PCAP.KD,NY.GDP.PCAP.KD--gbr,Wielka Brytania,GBR,GDP per capita (constant 2015 US$),1998-12-31,1998,year,1998-01-01,36773.9287790406,USD 2015 / osobę,annual,observed,https://api.worldbank.org/v2/country/POL;WLD;USA;CHN;DEU;IND;KOR;JPN;GBR;FRA;BRA;EST/indicator/NY.GDP.PCAP.KD?format=json&per_page=1000,2026-09-28T17:23:20.303Z,{}
NY.GDP.PCAP.KD,NY.GDP.PCAP.KD--ind,Indie,IND,GDP per capita (constant 2015 US$),1998-12-31,1998,year,1998-01-01,695.293709337082,USD 2015 / osobę,annual,observed,https://api.worldbank.org/v2/country/POL;WLD;USA;CHN;DEU;IND;KOR;JPN;GBR;FRA;BRA;EST/indicator/NY.GDP.PCAP.KD?format=json&per_page=1000,2026-09-28T17:23:20.303Z,{}
NY.GDP.PCAP.KD,NY.GDP.PCAP.KD--jpn,Japonia,JPN,GDP per capita (constant 2015 US$),1998-12-31,1998,year,1998-01-01,31076.4386626557,USD 2015 / osobę,annual,observed,https://api.worldbank.org/v2/country/POL;WLD;USA;CHN;DEU;IND;KOR;JPN;GBR;FRA;BRA;EST/indicator/NY.GDP.PCAP.KD?format=json&per_page=1000,2026-09-28T17:23:20.303Z,{}
NY.GDP.PCAP.KD,NY.GDP.PCAP.KD--kor,Korea Płd.,KOR,GDP per capita (constant 2015 US$),1998-12-31,1998,year,1998-01-01,14800.5091573641,USD 2015 / osobę,annual,observed,https://api.worldbank.org/v2/country/POL;WLD;USA;CHN;DEU;IND;KOR;JPN;GBR;FRA;BRA;EST/indicator/NY.GDP.PCAP.KD?format=json&per_page=1000,2026-09-28T17:23:20.303Z,{}
NY.GDP.PCAP.KD,NY.GDP.PCAP.KD--pol,Polska,POL,GDP per capita (constant 2015 US$),1998-12-31,1998,year,1998-01-01,6684.11477782234,USD 2015 / osobę,annual,observed,https://api.worldbank.org/v2/country/POL;WLD;USA;CHN;DEU;IND;KOR;JPN;GBR;FRA;BRA;EST/indicator/NY.GDP.PCAP.KD?format=json&per_page=1000,2026-09-28T17:23:20.303Z,{}
NY.GDP.PCAP.KD,NY.GDP.PCAP.KD--usa,USA,USA,GDP per capita (constant 2015 US$),1998-12-31,1998,year,1998-01-01,45596.4306879224,USD 2015 / osobę,annual,observed,https://api.worldbank.org/v2/country/POL;WLD;USA;CHN;DEU;IND;KOR;JPN;GBR;FRA;BRA;EST/indicator/NY.GDP.PCAP.KD?format=json&per_page=1000,2026-09-28T17:23:20.303Z,{}
NY.GDP.PCAP.KD,NY.GDP.PCAP.KD--wld,Świat,WLD,GDP per capita (constant 2015 US$),1998-12-31,1998,year,1998-01-01,7478.78410824619,USD 2015 / osobę,annual,observed,https://api.worldbank.org/v2/country/POL;WLD;USA;CHN;DEU;IND;KOR;JPN;GBR;FRA;BRA;EST/indicator/NY.GDP.PCAP.KD?format=json&per_page=1000,2026-09-28T17:23:20.303Z,{}
NY.GDP.PCAP.KD,NY.GDP.PCAP.KD--bra,Brazylia,BRA,GDP per capita (constant 2015 US$),1999-12-31,1999,year,1999-01-01,6621.63676249539,USD 2015 / osobę,annual,observed,https://api.worldbank.org/v2/country/POL;WLD;USA;CHN;DEU;IND;KOR;JPN;GBR;FRA;BRA;EST/indicator/NY.GDP.PCAP.KD?format=json&per_page=1000,2026-09-28T17:23:20.303Z,{}
NY.GDP.PCAP.KD,NY.GDP.PCAP.KD--chn,Chiny,CHN,GDP per capita (constant 2015 US$),1999-12-31,1999,year,1999-01-01,2076.93180259914,USD 2015 / osobę,annual,observed,https://api.worldbank.org/v2/country/POL;WLD;USA;CHN;DEU;IND;KOR;JPN;GBR;FRA;BRA;EST/indicator/NY.GDP.PCAP.KD?format=json&per_page=1000,2026-09-28T17:23:20.303Z,{}
NY.GDP.PCAP.KD,NY.GDP.PCAP.KD--deu,Niemcy,DEU,GDP per capita (constant 2015 US$),1999-12-31,1999,year,1999-01-01,34168.8308210083,USD 2015 / osobę,annual,observed,https://api.worldbank.org/v2/country/POL;WLD;USA;CHN;DEU;IND;KOR;JPN;GBR;FRA;BRA;EST/indicator/NY.GDP.PCAP.KD?format=json&per_page=1000,2026-09-28T17:23:20.303Z,{}
NY.GDP.PCAP.KD,NY.GDP.PCAP.KD--est,Estonia,EST,GDP per capita (constant 2015 US$),1999-12-31,1999,year,1999-01-01,9133.89593384355,USD 2015 / osobę,annual,observed,https://api.worldbank.org/v2/country/POL;WLD;USA;CHN;DEU;IND;KOR;JPN;GBR;FRA;BRA;EST/indicator/NY.GDP.PCAP.KD?format=json&per_page=1000,2026-09-28T17:23:20.303Z,{}
NY.GDP.PCAP.KD,NY.GDP.PCAP.KD--fra,Francja,FRA,GDP per capita (constant 2015 US$),1999-12-31,1999,year,1999-01-01,32152.7207478734,USD 2015 / osobę,annual,observed,https://api.worldbank.org/v2/country/POL;WLD;USA;CHN;DEU;IND;KOR;JPN;GBR;FRA;BRA;EST/indicator/NY.GDP.PCAP.KD?format=json&per_page=1000,2026-09-28T17:23:20.303Z,{}
NY.GDP.PCAP.KD,NY.GDP.PCAP.KD--gbr,Wielka Brytania,GBR,GDP per capita (constant 2015 US$),1999-12-31,1999,year,1999-01-01,37730.7155591161,USD 2015 / osobę,annual,observed,https://api.worldbank.org/v2/country/POL;WLD;USA;CHN;DEU;IND;KOR;JPN;GBR;FRA;BRA;EST/indicator/NY.GDP.PCAP.KD?format=json&per_page=1000,2026-09-28T17:23:20.303Z,{}
NY.GDP.PCAP.KD,NY.GDP.PCAP.KD--ind,Indie,IND,GDP per capita (constant 2015 US$),1999-12-31,1999,year,1999-01-01,742.53920839812,USD 2015 / osobę,annual,observed,https://api.worldbank.org/v2/country/POL;WLD;USA;CHN;DEU;IND;KOR;JPN;GBR;FRA;BRA;EST/indicator/NY.GDP.PCAP.KD?format=json&per_page=1000,2026-09-28T17:23:20.303Z,{}
NY.GDP.PCAP.KD,NY.GDP.PCAP.KD--jpn,Japonia,JPN,GDP per capita (constant 2015 US$),1999-12-31,1999,year,1999-01-01,30911.9243180534,USD 2015 / osobę,annual,observed,https://api.worldbank.org/v2/country/POL;WLD;USA;CHN;DEU;IND;KOR;JPN;GBR;FRA;BRA;EST/indicator/NY.GDP.PCAP.KD?format=json&per_page=1000,2026-09-28T17:23:20.303Z,{}
NY.GDP.PCAP.KD,NY.GDP.PCAP.KD--kor,Korea Płd.,KOR,GDP per capita (constant 2015 US$),1999-12-31,1999,year,1999-01-01,16402.9168341094,USD 2015 / osobę,annual,observed,https://api.worldbank.org/v2/country/POL;WLD;USA;CHN;DEU;IND;KOR;JPN;GBR;FRA;BRA;EST/indicator/NY.GDP.PCAP.KD?format=json&per_page=1000,2026-09-28T17:23:20.303Z,{}
NY.GDP.PCAP.KD,NY.GDP.PCAP.KD--pol,Polska,POL,GDP per capita (constant 2015 US$),1999-12-31,1999,year,1999-01-01,6998.79475144289,USD 2015 / osobę,annual,observed,https://api.worldbank.org/v2/country/POL;WLD;USA;CHN;DEU;IND;KOR;JPN;GBR;FRA;BRA;EST/indicator/NY.GDP.PCAP.KD?format=json&per_page=1000,2026-09-28T17:23:20.303Z,{}
NY.GDP.PCAP.KD,NY.GDP.PCAP.KD--usa,USA,USA,GDP per capita (constant 2015 US$),1999-12-31,1999,year,1999-01-01,47234.2455290381,USD 2015 / osobę,annual,observed,https://api.worldbank.org/v2/country/POL;WLD;USA;CHN;DEU;IND;KOR;JPN;GBR;FRA;BRA;EST/indicator/NY.GDP.PCAP.KD?format=json&per_page=1000,2026-09-28T17:23:20.303Z,{}
NY.GDP.PCAP.KD,NY.GDP.PCAP.KD--wld,Świat,WLD,GDP per capita (constant 2015 US$),1999-12-31,1999,year,1999-01-01,7638.92854068848,USD 2015 / osobę,annual,observed,https://api.worldbank.org/v2/country/POL;WLD;USA;CHN;DEU;IND;KOR;JPN;GBR;FRA;BRA;EST/indicator/NY.GDP.PCAP.KD?format=json&per_page=1000,2026-09-28T17:23:20.303Z,{}
NY.GDP.PCAP.KD,NY.GDP.PCAP.KD--bra,Brazylia,BRA,GDP per capita (constant 2015 US$),2000-12-31,2000,year,2000-01-01,6817.784240857,USD 2015 / osobę,annual,observed,https://api.worldbank.org/v2/country/POL;WLD;USA;CHN;DEU;IND;KOR;JPN;GBR;FRA;BRA;EST/indicator/NY.GDP.PCAP.KD?format=json&per_page=1000,2026-09-28T17:23:20.303Z,{}
NY.GDP.PCAP.KD,NY.GDP.PCAP.KD--chn,Chiny,CHN,GDP per capita (constant 2015 US$),2000-12-31,2000,year,2000-01-01,2237.30047918692,USD 2015 / osobę,annual,observed,https://api.worldbank.org/v2/country/POL;WLD;USA;CHN;DEU;IND;KOR;JPN;GBR;FRA;BRA;EST/indicator/NY.GDP.PCAP.KD?format=json&per_page=1000,2026-09-28T17:23:20.303Z,{}
NY.GDP.PCAP.KD,NY.GDP.PCAP.KD--deu,Niemcy,DEU,GDP per capita (constant 2015 US$),2000-12-31,2000,year,2000-01-01,35104.1308467844,USD 2015 / osobę,annual,observed,https://api.worldbank.org/v2/country/POL;WLD;USA;CHN;DEU;IND;KOR;JPN;GBR;FRA;BRA;EST/indicator/NY.GDP.PCAP.KD?format=json&per_page=1000,2026-09-28T17:23:20.303Z,{}
NY.GDP.PCAP.KD,NY.GDP.PCAP.KD--est,Estonia,EST,GDP per capita (constant 2015 US$),2000-12-31,2000,year,2000-01-01,10006.7696280939,USD 2015 / osobę,annual,observed,https://api.worldbank.org/v2/country/POL;WLD;USA;CHN;DEU;IND;KOR;JPN;GBR;FRA;BRA;EST/indicator/NY.GDP.PCAP.KD?format=json&per_page=1000,2026-09-28T17:23:20.303Z,{}
NY.GDP.PCAP.KD,NY.GDP.PCAP.KD--fra,Francja,FRA,GDP per capita (constant 2015 US$),2000-12-31,2000,year,2000-01-01,33255.1379642335,USD 2015 / osobę,annual,observed,https://api.worldbank.org/v2/country/POL;WLD;USA;CHN;DEU;IND;KOR;JPN;GBR;FRA;BRA;EST/indicator/NY.GDP.PCAP.KD?format=json&per_page=1000,2026-09-28T17:23:20.303Z,{}
NY.GDP.PCAP.KD,NY.GDP.PCAP.KD--gbr,Wielka Brytania,GBR,GDP per capita (constant 2015 US$),2000-12-31,2000,year,2000-01-01,39297.1366317267,USD 2015 / osobę,annual,observed,https://api.worldbank.org/v2/country/POL;WLD;USA;CHN;DEU;IND;KOR;JPN;GBR;FRA;BRA;EST/indicator/NY.GDP.PCAP.KD?format=json&per_page=1000,2026-09-28T17:23:20.303Z,{}
NY.GDP.PCAP.KD,NY.GDP.PCAP.KD--ind,Indie,IND,GDP per capita (constant 2015 US$),2000-12-31,2000,year,2000-01-01,756.704109533187,USD 2015 / osobę,annual,observed,https://api.worldbank.org/v2/country/POL;WLD;USA;CHN;DEU;IND;KOR;JPN;GBR;FRA;BRA;EST/indicator/NY.GDP.PCAP.KD?format=json&per_page=1000,2026-09-28T17:23:20.303Z,{}
NY.GDP.PCAP.KD,NY.GDP.PCAP.KD--jpn,Japonia,JPN,GDP per capita (constant 2015 US$),2000-12-31,2000,year,2000-01-01,31779.3788459032,USD 2015 / osobę,annual,observed,https://api.worldbank.org/v2/country/POL;WLD;USA;CHN;DEU;IND;KOR;JPN;GBR;FRA;BRA;EST/indicator/NY.GDP.PCAP.KD?format=json&per_page=1000,2026-09-28T17:23:20.303Z,{}
NY.GDP.PCAP.KD,NY.GDP.PCAP.KD--kor,Korea Płd.,KOR,GDP per capita (constant 2015 US$),2000-12-31,2000,year,2000-01-01,17763.1353417297,USD 2015 / osobę,annual,observed,https://api.worldbank.org/v2/country/POL;WLD;USA;CHN;DEU;IND;KOR;JPN;GBR;FRA;BRA;EST/indicator/NY.GDP.PCAP.KD?format=json&per_page=1000,2026-09-28T17:23:20.303Z,{}
NY.GDP.PCAP.KD,NY.GDP.PCAP.KD--pol,Polska,POL,GDP per capita (constant 2015 US$),2000-12-31,2000,year,2000-01-01,7401.57697647848,USD 2015 / osobę,annual,observed,https://api.worldbank.org/v2/country/POL;WLD;USA;CHN;DEU;IND;KOR;JPN;GBR;FRA;BRA;EST/indicator/NY.GDP.PCAP.KD?format=json&per_page=1000,2026-09-28T17:23:20.303Z,{}
NY.GDP.PCAP.KD,NY.GDP.PCAP.KD--usa,USA,USA,GDP per capita (constant 2015 US$),2000-12-31,2000,year,2000-01-01,48616.2546282435,USD 2015 / osobę,annual,observed,https://api.worldbank.org/v2/country/POL;WLD;USA;CHN;DEU;IND;KOR;JPN;GBR;FRA;BRA;EST/indicator/NY.GDP.PCAP.KD?format=json&per_page=1000,2026-09-28T17:23:20.303Z,{}
NY.GDP.PCAP.KD,NY.GDP.PCAP.KD--wld,Świat,WLD,GDP per capita (constant 2015 US$),2000-12-31,2000,year,2000-01-01,7879.61788990331,USD 2015 / osobę,annual,observed,https://api.worldbank.org/v2/country/POL;WLD;USA;CHN;DEU;IND;KOR;JPN;GBR;FRA;BRA;EST/indicator/NY.GDP.PCAP.KD?format=json&per_page=1000,2026-09-28T17:23:20.303Z,{}
NY.GDP.PCAP.KD,NY.GDP.PCAP.KD--bra,Brazylia,BRA,GDP per capita (constant 2015 US$),2001-12-31,2001,year,2001-01-01,6823.03396999891,USD 2015 / osobę,annual,observed,https://api.worldbank.org/v2/country/POL;WLD;USA;CHN;DEU;IND;KOR;JPN;GBR;FRA;BRA;EST/indicator/NY.GDP.PCAP.KD?format=json&per_page=1000,2026-09-28T17:23:20.303Z,{}
NY.GDP.PCAP.KD,NY.GDP.PCAP.KD--chn,Chiny,CHN,GDP per capita (constant 2015 US$),2001-12-31,2001,year,2001-01-01,2405.99411858042,USD 2015 / osobę,annual,observed,https://api.worldbank.org/v2/country/POL;WLD;USA;CHN;DEU;IND;KOR;JPN;GBR;FRA;BRA;EST/indicator/NY.GDP.PCAP.KD?format=json&per_page=1000,2026-09-28T17:23:20.303Z,{}
NY.GDP.PCAP.KD,NY.GDP.PCAP.KD--deu,Niemcy,DEU,GDP per capita (constant 2015 US$),2001-12-31,2001,year,2001-01-01,35618.5143698493,USD 2015 / osobę,annual,observed,https://api.worldbank.org/v2/country/POL;WLD;USA;CHN;DEU;IND;KOR;JPN;GBR;FRA;BRA;EST/indicator/NY.GDP.PCAP.KD?format=json&per_page=1000,2026-09-28T17:23:20.303Z,{}
NY.GDP.PCAP.KD,NY.GDP.PCAP.KD--est,Estonia,EST,GDP per capita (constant 2015 US$),2001-12-31,2001,year,2001-01-01,10662.9455020331,USD 2015 / osobę,annual,observed,https://api.worldbank.org/v2/country/POL;WLD;USA;CHN;DEU;IND;KOR;JPN;GBR;FRA;BRA;EST/indicator/NY.GDP.PCAP.KD?format=json&per_page=1000,2026-09-28T17:23:20.303Z,{}
NY.GDP.PCAP.KD,NY.GDP.PCAP.KD--fra,Francja,FRA,GDP per capita (constant 2015 US$),2001-12-31,2001,year,2001-01-01,33640.6738002565,USD 2015 / osobę,annual,observed,https://api.worldbank.org/v2/country/POL;WLD;USA;CHN;DEU;IND;KOR;JPN;GBR;FRA;BRA;EST/indicator/NY.GDP.PCAP.KD?format=json&per_page=1000,2026-09-28T17:23:20.303Z,{}
NY.GDP.PCAP.KD,NY.GDP.PCAP.KD--gbr,Wielka Brytania,GBR,GDP per capita (constant 2015 US$),2001-12-31,2001,year,2001-01-01,40082.1359356822,USD 2015 / osobę,annual,observed,https://api.worldbank.org/v2/country/POL;WLD;USA;CHN;DEU;IND;KOR;JPN;GBR;FRA;BRA;EST/indicator/NY.GDP.PCAP.KD?format=json&per_page=1000,2026-09-28T17:23:20.303Z,{}
NY.GDP.PCAP.KD,NY.GDP.PCAP.KD--ind,Indie,IND,GDP per capita (constant 2015 US$),2001-12-31,2001,year,2001-01-01,778.507377522499,USD 2015 / osobę,annual,observed,https://api.worldbank.org/v2/country/POL;WLD;USA;CHN;DEU;IND;KOR;JPN;GBR;FRA;BRA;EST/indicator/NY.GDP.PCAP.KD?format=json&per_page=1000,2026-09-28T17:23:20.303Z,{}
NY.GDP.PCAP.KD,NY.GDP.PCAP.KD--jpn,Japonia,JPN,GDP per capita (constant 2015 US$),2001-12-31,2001,year,2001-01-01,31793.1269485489,USD 2015 / osobę,annual,observed,https://api.worldbank.org/v2/country/POL;WLD;USA;CHN;DEU;IND;KOR;JPN;GBR;FRA;BRA;EST/indicator/NY.GDP.PCAP.KD?format=json&per_page=1000,2026-09-28T17:23:20.303Z,{}
NY.GDP.PCAP.KD,NY.GDP.PCAP.KD--kor,Korea Płd.,KOR,GDP per capita (constant 2015 US$),2001-12-31,2001,year,2001-01-01,18460.4288193829,USD 2015 / osobę,annual,observed,https://api.worldbank.org/v2/country/POL;WLD;USA;CHN;DEU;IND;KOR;JPN;GBR;FRA;BRA;EST/indicator/NY.GDP.PCAP.KD?format=json&per_page=1000,2026-09-28T17:23:20.303Z,{}
NY.GDP.PCAP.KD,NY.GDP.PCAP.KD--pol,Polska,POL,GDP per capita (constant 2015 US$),2001-12-31,2001,year,2001-01-01,7494.96089503246,USD 2015 / osobę,annual,observed,https://api.worldbank.org/v2/country/POL;WLD;USA;CHN;DEU;IND;KOR;JPN;GBR;FRA;BRA;EST/indicator/NY.GDP.PCAP.KD?format=json&per_page=1000,2026-09-28T17:23:20.303Z,{}
NY.GDP.PCAP.KD,NY.GDP.PCAP.KD--usa,USA,USA,GDP per capita (constant 2015 US$),2001-12-31,2001,year,2001-01-01,48597.4246124122,USD 2015 / osobę,annual,observed,https://api.worldbank.org/v2/country/POL;WLD;USA;CHN;DEU;IND;KOR;JPN;GBR;FRA;BRA;EST/indicator/NY.GDP.PCAP.KD?format=json&per_page=1000,2026-09-28T17:23:20.303Z,{}
NY.GDP.PCAP.KD,NY.GDP.PCAP.KD--wld,Świat,WLD,GDP per capita (constant 2015 US$),2001-12-31,2001,year,2001-01-01,7932.44247045676,USD 2015 / osobę,annual,observed,https://api.worldbank.org/v2/country/POL;WLD;USA;CHN;DEU;IND;KOR;JPN;GBR;FRA;BRA;EST/indicator/NY.GDP.PCAP.KD?format=json&per_page=1000,2026-09-28T17:23:20.303Z,{}
NY.GDP.PCAP.KD,NY.GDP.PCAP.KD--bra,Brazylia,BRA,GDP per capita (constant 2015 US$),2002-12-31,2002,year,2002-01-01,6944.62337495755,USD 2015 / osobę,annual,observed,https://api.worldbank.org/v2/country/POL;WLD;USA;CHN;DEU;IND;KOR;JPN;GBR;FRA;BRA;EST/indicator/NY.GDP.PCAP.KD?format=json&per_page=1000,2026-09-28T17:23:20.303Z,{}
NY.GDP.PCAP.KD,NY.GDP.PCAP.KD--chn,Chiny,CHN,GDP per capita (constant 2015 US$),2002-12-31,2002,year,2002-01-01,2610.66275070444,USD 2015 / osobę,annual,observed,https://api.worldbank.org/v2/country/POL;WLD;USA;CHN;DEU;IND;KOR;JPN;GBR;FRA;BRA;EST/indicator/NY.GDP.PCAP.KD?format=json&per_page=1000,2026-09-28T17:23:20.303Z,{}
NY.GDP.PCAP.KD,NY.GDP.PCAP.KD--deu,Niemcy,DEU,GDP per capita (constant 2015 US$),2002-12-31,2002,year,2002-01-01,35477.5151544301,USD 2015 / osobę,annual,observed,https://api.worldbank.org/v2/country/POL;WLD;USA;CHN;DEU;IND;KOR;JPN;GBR;FRA;BRA;EST/indicator/NY.GDP.PCAP.KD?format=json&per_page=1000,2026-09-28T17:23:20.303Z,{}
NY.GDP.PCAP.KD,NY.GDP.PCAP.KD--est,Estonia,EST,GDP per capita (constant 2015 US$),2002-12-31,2002,year,2002-01-01,11474.6622721923,USD 2015 / osobę,annual,observed,https://api.worldbank.org/v2/country/POL;WLD;USA;CHN;DEU;IND;KOR;JPN;GBR;FRA;BRA;EST/indicator/NY.GDP.PCAP.KD?format=json&per_page=1000,2026-09-28T17:23:20.303Z,{}
NY.GDP.PCAP.KD,NY.GDP.PCAP.KD--fra,Francja,FRA,GDP per capita (constant 2015 US$),2002-12-31,2002,year,2002-01-01,33753.5782979758,USD 2015 / osobę,annual,observed,https://api.worldbank.org/v2/country/POL;WLD;USA;CHN;DEU;IND;KOR;JPN;GBR;FRA;BRA;EST/indicator/NY.GDP.PCAP.KD?format=json&per_page=1000,2026-09-28T17:23:20.303Z,{}
NY.GDP.PCAP.KD,NY.GDP.PCAP.KD--gbr,Wielka Brytania,GBR,GDP per capita (constant 2015 US$),2002-12-31,2002,year,2002-01-01,40594.932929345,USD 2015 / osobę,annual,observed,https://api.worldbank.org/v2/country/POL;WLD;USA;CHN;DEU;IND;KOR;JPN;GBR;FRA;BRA;EST/indicator/NY.GDP.PCAP.KD?format=json&per_page=1000,2026-09-28T17:23:20.303Z,{}
NY.GDP.PCAP.KD,NY.GDP.PCAP.KD--ind,Indie,IND,GDP per capita (constant 2015 US$),2002-12-31,2002,year,2002-01-01,793.615912901002,USD 2015 / osobę,annual,observed,https://api.worldbank.org/v2/country/POL;WLD;USA;CHN;DEU;IND;KOR;JPN;GBR;FRA;BRA;EST/indicator/NY.GDP.PCAP.KD?format=json&per_page=1000,2026-09-28T17:23:20.303Z,{}
NY.GDP.PCAP.KD,NY.GDP.PCAP.KD--jpn,Japonia,JPN,GDP per capita (constant 2015 US$),2002-12-31,2002,year,2002-01-01,31746.2430105713,USD 2015 / osobę,annual,observed,https://api.worldbank.org/v2/country/POL;WLD;USA;CHN;DEU;IND;KOR;JPN;GBR;FRA;BRA;EST/indicator/NY.GDP.PCAP.KD?format=json&per_page=1000,2026-09-28T17:23:20.303Z,{}
NY.GDP.PCAP.KD,NY.GDP.PCAP.KD--kor,Korea Płd.,KOR,GDP per capita (constant 2015 US$),2002-12-31,2002,year,2002-01-01,19775.3800655139,USD 2015 / osobę,annual,observed,https://api.worldbank.org/v2/country/POL;WLD;USA;CHN;DEU;IND;KOR;JPN;GBR;FRA;BRA;EST/indicator/NY.GDP.PCAP.KD?format=json&per_page=1000,2026-09-28T17:23:20.303Z,{}
NY.GDP.PCAP.KD,NY.GDP.PCAP.KD--pol,Polska,POL,GDP per capita (constant 2015 US$),2002-12-31,2002,year,2002-01-01,7640.99307757777,USD 2015 / osobę,annual,observed,https://api.worldbank.org/v2/country/POL;WLD;USA;CHN;DEU;IND;KOR;JPN;GBR;FRA;BRA;EST/indicator/NY.GDP.PCAP.KD?format=json&per_page=1000,2026-09-28T17:23:20.303Z,{}
NY.GDP.PCAP.KD,NY.GDP.PCAP.KD--usa,USA,USA,GDP per capita (constant 2015 US$),2002-12-31,2002,year,2002-01-01,48967.3661217576,USD 2015 / osobę,annual,observed,https://api.worldbank.org/v2/country/POL;WLD;USA;CHN;DEU;IND;KOR;JPN;GBR;FRA;BRA;EST/indicator/NY.GDP.PCAP.KD?format=json&per_page=1000,2026-09-28T17:23:20.303Z,{}
NY.GDP.PCAP.KD,NY.GDP.PCAP.KD--wld,Świat,WLD,GDP per capita (constant 2015 US$),2002-12-31,2002,year,2002-01-01,8010.64724039979,USD 2015 / osobę,annual,observed,https://api.worldbank.org/v2/country/POL;WLD;USA;CHN;DEU;IND;KOR;JPN;GBR;FRA;BRA;EST/indicator/NY.GDP.PCAP.KD?format=json&per_page=1000,2026-09-28T17:23:20.303Z,{}
NY.GDP.PCAP.KD,NY.GDP.PCAP.KD--bra,Brazylia,BRA,GDP per capita (constant 2015 US$),2003-12-31,2003,year,2003-01-01,6941.4404574508,USD 2015 / osobę,annual,observed,https://api.worldbank.org/v2/country/POL;WLD;USA;CHN;DEU;IND;KOR;JPN;GBR;FRA;BRA;EST/indicator/NY.GDP.PCAP.KD?format=json&per_page=1000,2026-09-28T17:23:20.303Z,{}
NY.GDP.PCAP.KD,NY.GDP.PCAP.KD--chn,Chiny,CHN,GDP per capita (constant 2015 US$),2003-12-31,2003,year,2003-01-01,2856.85053293219,USD 2015 / osobę,annual,observed,https://api.worldbank.org/v2/country/POL;WLD;USA;CHN;DEU;IND;KOR;JPN;GBR;FRA;BRA;EST/indicator/NY.GDP.PCAP.KD?format=json&per_page=1000,2026-09-28T17:23:20.303Z,{}
NY.GDP.PCAP.KD,NY.GDP.PCAP.KD--deu,Niemcy,DEU,GDP per capita (constant 2015 US$),2003-12-31,2003,year,2003-01-01,35270.0227284267,USD 2015 / osobę,annual,observed,https://api.worldbank.org/v2/country/POL;WLD;USA;CHN;DEU;IND;KOR;JPN;GBR;FRA;BRA;EST/indicator/NY.GDP.PCAP.KD?format=json&per_page=1000,2026-09-28T17:23:20.303Z,{}
NY.GDP.PCAP.KD,NY.GDP.PCAP.KD--est,Estonia,EST,GDP per capita (constant 2015 US$),2003-12-31,2003,year,2003-01-01,12424.0441535693,USD 2015 / osobę,annual,observed,https://api.worldbank.org/v2/country/POL;WLD;USA;CHN;DEU;IND;KOR;JPN;GBR;FRA;BRA;EST/indicator/NY.GDP.PCAP.KD?format=json&per_page=1000,2026-09-28T17:23:20.303Z,{}
NY.GDP.PCAP.KD,NY.GDP.PCAP.KD--fra,Francja,FRA,GDP per capita (constant 2015 US$),2003-12-31,2003,year,2003-01-01,33840.6175720101,USD 2015 / osobę,annual,observed,https://api.worldbank.org/v2/country/POL;WLD;USA;CHN;DEU;IND;KOR;JPN;GBR;FRA;BRA;EST/indicator/NY.GDP.PCAP.KD?format=json&per_page=1000,2026-09-28T17:23:20.303Z,{}
NY.GDP.PCAP.KD,NY.GDP.PCAP.KD--gbr,Wielka Brytania,GBR,GDP per capita (constant 2015 US$),2003-12-31,2003,year,2003-01-01,41706.8303930126,USD 2015 / osobę,annual,observed,https://api.worldbank.org/v2/country/POL;WLD;USA;CHN;DEU;IND;KOR;JPN;GBR;FRA;BRA;EST/indicator/NY.GDP.PCAP.KD?format=json&per_page=1000,2026-09-28T17:23:20.303Z,{}
NY.GDP.PCAP.KD,NY.GDP.PCAP.KD--ind,Indie,IND,GDP per capita (constant 2015 US$),2003-12-31,2003,year,2003-01-01,841.278894562408,USD 2015 / osobę,annual,observed,https://api.worldbank.org/v2/country/POL;WLD;USA;CHN;DEU;IND;KOR;JPN;GBR;FRA;BRA;EST/indicator/NY.GDP.PCAP.KD?format=json&per_page=1000,2026-09-28T17:23:20.303Z,{}
NY.GDP.PCAP.KD,NY.GDP.PCAP.KD--jpn,Japonia,JPN,GDP per capita (constant 2015 US$),2003-12-31,2003,year,2003-01-01,32115.5810785373,USD 2015 / osobę,annual,observed,https://api.worldbank.org/v2/country/POL;WLD;USA;CHN;DEU;IND;KOR;JPN;GBR;FRA;BRA;EST/indicator/NY.GDP.PCAP.KD?format=json&per_page=1000,2026-09-28T17:23:20.303Z,{}
NY.GDP.PCAP.KD,NY.GDP.PCAP.KD--kor,Korea Płd.,KOR,GDP per capita (constant 2015 US$),2003-12-31,2003,year,2003-01-01,20278.0406421178,USD 2015 / osobę,annual,observed,https://api.worldbank.org/v2/country/POL;WLD;USA;CHN;DEU;IND;KOR;JPN;GBR;FRA;BRA;EST/indicator/NY.GDP.PCAP.KD?format=json&per_page=1000,2026-09-28T17:23:20.303Z,{}
NY.GDP.PCAP.KD,NY.GDP.PCAP.KD--pol,Polska,POL,GDP per capita (constant 2015 US$),2003-12-31,2003,year,2003-01-01,7915.55424389704,USD 2015 / osobę,annual,observed,https://api.worldbank.org/v2/country/POL;WLD;USA;CHN;DEU;IND;KOR;JPN;GBR;FRA;BRA;EST/indicator/NY.GDP.PCAP.KD?format=json&per_page=1000,2026-09-28T17:23:20.303Z,{}
NY.GDP.PCAP.KD,NY.GDP.PCAP.KD--usa,USA,USA,GDP per capita (constant 2015 US$),2003-12-31,2003,year,2003-01-01,49905.5233080788,USD 2015 / osobę,annual,observed,https://api.worldbank.org/v2/country/POL;WLD;USA;CHN;DEU;IND;KOR;JPN;GBR;FRA;BRA;EST/indicator/NY.GDP.PCAP.KD?format=json&per_page=1000,2026-09-28T17:23:20.303Z,{}
NY.GDP.PCAP.KD,NY.GDP.PCAP.KD--wld,Świat,WLD,GDP per capita (constant 2015 US$),2003-12-31,2003,year,2003-01-01,8151.0370050525,USD 2015 / osobę,annual,observed,https://api.worldbank.org/v2/country/POL;WLD;USA;CHN;DEU;IND;KOR;JPN;GBR;FRA;BRA;EST/indicator/NY.GDP.PCAP.KD?format=json&per_page=1000,2026-09-28T17:23:20.303Z,{}
NY.GDP.PCAP.KD,NY.GDP.PCAP.KD--bra,Brazylia,BRA,GDP per capita (constant 2015 US$),2004-12-31,2004,year,2004-01-01,7258.78185165912,USD 2015 / osobę,annual,observed,https://api.worldbank.org/v2/country/POL;WLD;USA;CHN;DEU;IND;KOR;JPN;GBR;FRA;BRA;EST/indicator/NY.GDP.PCAP.KD?format=json&per_page=1000,2026-09-28T17:23:20.303Z,{}
NY.GDP.PCAP.KD,NY.GDP.PCAP.KD--chn,Chiny,CHN,GDP per capita (constant 2015 US$),2004-12-31,2004,year,2004-01-01,3127.91444892337,USD 2015 / osobę,annual,observed,https://api.worldbank.org/v2/country/POL;WLD;USA;CHN;DEU;IND;KOR;JPN;GBR;FRA;BRA;EST/indicator/NY.GDP.PCAP.KD?format=json&per_page=1000,2026-09-28T17:23:20.303Z,{}
NY.GDP.PCAP.KD,NY.GDP.PCAP.KD--deu,Niemcy,DEU,GDP per capita (constant 2015 US$),2004-12-31,2004,year,2004-01-01,35687.6378708542,USD 2015 / osobę,annual,observed,https://api.worldbank.org/v2/country/POL;WLD;USA;CHN;DEU;IND;KOR;JPN;GBR;FRA;BRA;EST/indicator/NY.GDP.PCAP.KD?format=json&per_page=1000,2026-09-28T17:23:20.303Z,{}
NY.GDP.PCAP.KD,NY.GDP.PCAP.KD--est,Estonia,EST,GDP per capita (constant 2015 US$),2004-12-31,2004,year,2004-01-01,13348.5284463324,USD 2015 / osobę,annual,observed,https://api.worldbank.org/v2/country/POL;WLD;USA;CHN;DEU;IND;KOR;JPN;GBR;FRA;BRA;EST/indicator/NY.GDP.PCAP.KD?format=json&per_page=1000,2026-09-28T17:23:20.303Z,{}
NY.GDP.PCAP.KD,NY.GDP.PCAP.KD--fra,Francja,FRA,GDP per capita (constant 2015 US$),2004-12-31,2004,year,2004-01-01,34557.1471111581,USD 2015 / osobę,annual,observed,https://api.worldbank.org/v2/country/POL;WLD;USA;CHN;DEU;IND;KOR;JPN;GBR;FRA;BRA;EST/indicator/NY.GDP.PCAP.KD?format=json&per_page=1000,2026-09-28T17:23:20.303Z,{}
NY.GDP.PCAP.KD,NY.GDP.PCAP.KD--gbr,Wielka Brytania,GBR,GDP per capita (constant 2015 US$),2004-12-31,2004,year,2004-01-01,42434.8209023638,USD 2015 / osobę,annual,observed,https://api.worldbank.org/v2/country/POL;WLD;USA;CHN;DEU;IND;KOR;JPN;GBR;FRA;BRA;EST/indicator/NY.GDP.PCAP.KD?format=json&per_page=1000,2026-09-28T17:23:20.303Z,{}
NY.GDP.PCAP.KD,NY.GDP.PCAP.KD--ind,Indie,IND,GDP per capita (constant 2015 US$),2004-12-31,2004,year,2004-01-01,892.596614580718,USD 2015 / osobę,annual,observed,https://api.worldbank.org/v2/country/POL;WLD;USA;CHN;DEU;IND;KOR;JPN;GBR;FRA;BRA;EST/indicator/NY.GDP.PCAP.KD?format=json&per_page=1000,2026-09-28T17:23:20.303Z,{}
NY.GDP.PCAP.KD,NY.GDP.PCAP.KD--jpn,Japonia,JPN,GDP per capita (constant 2015 US$),2004-12-31,2004,year,2004-01-01,32783.1292835489,USD 2015 / osobę,annual,observed,https://api.worldbank.org/v2/country/POL;WLD;USA;CHN;DEU;IND;KOR;JPN;GBR;FRA;BRA;EST/indicator/NY.GDP.PCAP.KD?format=json&per_page=1000,2026-09-28T17:23:20.303Z,{}
NY.GDP.PCAP.KD,NY.GDP.PCAP.KD--kor,Korea Płd.,KOR,GDP per capita (constant 2015 US$),2004-12-31,2004,year,2004-01-01,21244.8136800528,USD 2015 / osobę,annual,observed,https://api.worldbank.org/v2/country/POL;WLD;USA;CHN;DEU;IND;KOR;JPN;GBR;FRA;BRA;EST/indicator/NY.GDP.PCAP.KD?format=json&per_page=1000,2026-09-28T17:23:20.303Z,{}
NY.GDP.PCAP.KD,NY.GDP.PCAP.KD--pol,Polska,POL,GDP per capita (constant 2015 US$),2004-12-31,2004,year,2004-01-01,8323.38773754587,USD 2015 / osobę,annual,observed,https://api.worldbank.org/v2/country/POL;WLD;USA;CHN;DEU;IND;KOR;JPN;GBR;FRA;BRA;EST/indicator/NY.GDP.PCAP.KD?format=json&per_page=1000,2026-09-28T17:23:20.303Z,{}
NY.GDP.PCAP.KD,NY.GDP.PCAP.KD--usa,USA,USA,GDP per capita (constant 2015 US$),2004-12-31,2004,year,2004-01-01,51348.3473386025,USD 2015 / osobę,annual,observed,https://api.worldbank.org/v2/country/POL;WLD;USA;CHN;DEU;IND;KOR;JPN;GBR;FRA;BRA;EST/indicator/NY.GDP.PCAP.KD?format=json&per_page=1000,2026-09-28T17:23:20.303Z,{}
NY.GDP.PCAP.KD,NY.GDP.PCAP.KD--wld,Świat,WLD,GDP per capita (constant 2015 US$),2004-12-31,2004,year,2004-01-01,8408.56458732623,USD 2015 / osobę,annual,observed,https://api.worldbank.org/v2/country/POL;WLD;USA;CHN;DEU;IND;KOR;JPN;GBR;FRA;BRA;EST/indicator/NY.GDP.PCAP.KD?format=json&per_page=1000,2026-09-28T17:23:20.303Z,{}
NY.GDP.PCAP.KD,NY.GDP.PCAP.KD--bra,Brazylia,BRA,GDP per capita (constant 2015 US$),2005-12-31,2005,year,2005-01-01,7409.56913232718,USD 2015 / osobę,annual,observed,https://api.worldbank.org/v2/country/POL;WLD;USA;CHN;DEU;IND;KOR;JPN;GBR;FRA;BRA;EST/indicator/NY.GDP.PCAP.KD?format=json&per_page=1000,2026-09-28T17:23:20.303Z,{}
NY.GDP.PCAP.KD,NY.GDP.PCAP.KD--chn,Chiny,CHN,GDP per capita (constant 2015 US$),2005-12-31,2005,year,2005-01-01,3465.72767067642,USD 2015 / osobę,annual,observed,https://api.worldbank.org/v2/country/POL;WLD;USA;CHN;DEU;IND;KOR;JPN;GBR;FRA;BRA;EST/indicator/NY.GDP.PCAP.KD?format=json&per_page=1000,2026-09-28T17:23:20.303Z,{}
NY.GDP.PCAP.KD,NY.GDP.PCAP.KD--deu,Niemcy,DEU,GDP per capita (constant 2015 US$),2005-12-31,2005,year,2005-01-01,36024.0947047021,USD 2015 / osobę,annual,observed,https://api.worldbank.org/v2/country/POL;WLD;USA;CHN;DEU;IND;KOR;JPN;GBR;FRA;BRA;EST/indicator/NY.GDP.PCAP.KD?format=json&per_page=1000,2026-09-28T17:23:20.303Z,{}
NY.GDP.PCAP.KD,NY.GDP.PCAP.KD--est,Estonia,EST,GDP per capita (constant 2015 US$),2005-12-31,2005,year,2005-01-01,14703.6179707772,USD 2015 / osobę,annual,observed,https://api.worldbank.org/v2/country/POL;WLD;USA;CHN;DEU;IND;KOR;JPN;GBR;FRA;BRA;EST/indicator/NY.GDP.PCAP.KD?format=json&per_page=1000,2026-09-28T17:23:20.303Z,{}
NY.GDP.PCAP.KD,NY.GDP.PCAP.KD--fra,Francja,FRA,GDP per capita (constant 2015 US$),2005-12-31,2005,year,2005-01-01,34946.0372494703,USD 2015 / osobę,annual,observed,https://api.worldbank.org/v2/country/POL;WLD;USA;CHN;DEU;IND;KOR;JPN;GBR;FRA;BRA;EST/indicator/NY.GDP.PCAP.KD?format=json&per_page=1000,2026-09-28T17:23:20.303Z,{}
NY.GDP.PCAP.KD,NY.GDP.PCAP.KD--gbr,Wielka Brytania,GBR,GDP per capita (constant 2015 US$),2005-12-31,2005,year,2005-01-01,43320.5628684438,USD 2015 / osobę,annual,observed,https://api.worldbank.org/v2/country/POL;WLD;USA;CHN;DEU;IND;KOR;JPN;GBR;FRA;BRA;EST/indicator/NY.GDP.PCAP.KD?format=json&per_page=1000,2026-09-28T17:23:20.303Z,{}
NY.GDP.PCAP.KD,NY.GDP.PCAP.KD--ind,Indie,IND,GDP per capita (constant 2015 US$),2005-12-31,2005,year,2005-01-01,947.732565644272,USD 2015 / osobę,annual,observed,https://api.worldbank.org/v2/country/POL;WLD;USA;CHN;DEU;IND;KOR;JPN;GBR;FRA;BRA;EST/indicator/NY.GDP.PCAP.KD?format=json&per_page=1000,2026-09-28T17:23:20.303Z,{}
NY.GDP.PCAP.KD,NY.GDP.PCAP.KD--jpn,Japonia,JPN,GDP per capita (constant 2015 US$),2005-12-31,2005,year,2005-01-01,33385.9179590327,USD 2015 / osobę,annual,observed,https://api.worldbank.org/v2/country/POL;WLD;USA;CHN;DEU;IND;KOR;JPN;GBR;FRA;BRA;EST/indicator/NY.GDP.PCAP.KD?format=json&per_page=1000,2026-09-28T17:23:20.303Z,{}
NY.GDP.PCAP.KD,NY.GDP.PCAP.KD--kor,Korea Płd.,KOR,GDP per capita (constant 2015 US$),2005-12-31,2005,year,2005-01-01,22123.7613066851,USD 2015 / osobę,annual,observed,https://api.worldbank.org/v2/country/POL;WLD;USA;CHN;DEU;IND;KOR;JPN;GBR;FRA;BRA;EST/indicator/NY.GDP.PCAP.KD?format=json&per_page=1000,2026-09-28T17:23:20.303Z,{}
NY.GDP.PCAP.KD,NY.GDP.PCAP.KD--pol,Polska,POL,GDP per capita (constant 2015 US$),2005-12-31,2005,year,2005-01-01,8598.57681241557,USD 2015 / osobę,annual,observed,https://api.worldbank.org/v2/country/POL;WLD;USA;CHN;DEU;IND;KOR;JPN;GBR;FRA;BRA;EST/indicator/NY.GDP.PCAP.KD?format=json&per_page=1000,2026-09-28T17:23:20.303Z,{}
NY.GDP.PCAP.KD,NY.GDP.PCAP.KD--usa,USA,USA,GDP per capita (constant 2015 US$),2005-12-31,2005,year,2005-01-01,52649.5713060461,USD 2015 / osobę,annual,observed,https://api.worldbank.org/v2/country/POL;WLD;USA;CHN;DEU;IND;KOR;JPN;GBR;FRA;BRA;EST/indicator/NY.GDP.PCAP.KD?format=json&per_page=1000,2026-09-28T17:23:20.303Z,{}
NY.GDP.PCAP.KD,NY.GDP.PCAP.KD--wld,Świat,WLD,GDP per capita (constant 2015 US$),2005-12-31,2005,year,2005-01-01,8639.35934743695,USD 2015 / osobę,annual,observed,https://api.worldbank.org/v2/country/POL;WLD;USA;CHN;DEU;IND;KOR;JPN;GBR;FRA;BRA;EST/indicator/NY.GDP.PCAP.KD?format=json&per_page=1000,2026-09-28T17:23:20.303Z,{}
NY.GDP.PCAP.KD,NY.GDP.PCAP.KD--bra,Brazylia,BRA,GDP per capita (constant 2015 US$),2006-12-31,2006,year,2006-01-01,7622.04007133264,USD 2015 / osobę,annual,observed,https://api.worldbank.org/v2/country/POL;WLD;USA;CHN;DEU;IND;KOR;JPN;GBR;FRA;BRA;EST/indicator/NY.GDP.PCAP.KD?format=json&per_page=1000,2026-09-28T17:23:20.303Z,{}
NY.GDP.PCAP.KD,NY.GDP.PCAP.KD--chn,Chiny,CHN,GDP per capita (constant 2015 US$),2006-12-31,2006,year,2006-01-01,3883.27464370816,USD 2015 / osobę,annual,observed,https://api.worldbank.org/v2/country/POL;WLD;USA;CHN;DEU;IND;KOR;JPN;GBR;FRA;BRA;EST/indicator/NY.GDP.PCAP.KD?format=json&per_page=1000,2026-09-28T17:23:20.303Z,{}
NY.GDP.PCAP.KD,NY.GDP.PCAP.KD--deu,Niemcy,DEU,GDP per capita (constant 2015 US$),2006-12-31,2006,year,2006-01-01,37459.261328042,USD 2015 / osobę,annual,observed,https://api.worldbank.org/v2/country/POL;WLD;USA;CHN;DEU;IND;KOR;JPN;GBR;FRA;BRA;EST/indicator/NY.GDP.PCAP.KD?format=json&per_page=1000,2026-09-28T17:23:20.303Z,{}
NY.GDP.PCAP.KD,NY.GDP.PCAP.KD--est,Estonia,EST,GDP per capita (constant 2015 US$),2006-12-31,2006,year,2006-01-01,16234.5152041417,USD 2015 / osobę,annual,observed,https://api.worldbank.org/v2/country/POL;WLD;USA;CHN;DEU;IND;KOR;JPN;GBR;FRA;BRA;EST/indicator/NY.GDP.PCAP.KD?format=json&per_page=1000,2026-09-28T17:23:20.303Z,{}
NY.GDP.PCAP.KD,NY.GDP.PCAP.KD--fra,Francja,FRA,GDP per capita (constant 2015 US$),2006-12-31,2006,year,2006-01-01,35645.4162427116,USD 2015 / osobę,annual,observed,https://api.worldbank.org/v2/country/POL;WLD;USA;CHN;DEU;IND;KOR;JPN;GBR;FRA;BRA;EST/indicator/NY.GDP.PCAP.KD?format=json&per_page=1000,2026-09-28T17:23:20.303Z,{}
NY.GDP.PCAP.KD,NY.GDP.PCAP.KD--gbr,Wielka Brytania,GBR,GDP per capita (constant 2015 US$),2006-12-31,2006,year,2006-01-01,43944.9985799069,USD 2015 / osobę,annual,observed,https://api.worldbank.org/v2/country/POL;WLD;USA;CHN;DEU;IND;KOR;JPN;GBR;FRA;BRA;EST/indicator/NY.GDP.PCAP.KD?format=json&per_page=1000,2026-09-28T17:23:20.303Z,{}
NY.GDP.PCAP.KD,NY.GDP.PCAP.KD--ind,Indie,IND,GDP per capita (constant 2015 US$),2006-12-31,2006,year,2006-01-01,1008.23275344818,USD 2015 / osobę,annual,observed,https://api.worldbank.org/v2/country/POL;WLD;USA;CHN;DEU;IND;KOR;JPN;GBR;FRA;BRA;EST/indicator/NY.GDP.PCAP.KD?format=json&per_page=1000,2026-09-28T17:23:20.303Z,{}
NY.GDP.PCAP.KD,NY.GDP.PCAP.KD--jpn,Japonia,JPN,GDP per capita (constant 2015 US$),2006-12-31,2006,year,2006-01-01,33880.6890093456,USD 2015 / osobę,annual,observed,https://api.worldbank.org/v2/country/POL;WLD;USA;CHN;DEU;IND;KOR;JPN;GBR;FRA;BRA;EST/indicator/NY.GDP.PCAP.KD?format=json&per_page=1000,2026-09-28T17:23:20.303Z,{}
NY.GDP.PCAP.KD,NY.GDP.PCAP.KD--kor,Korea Płd.,KOR,GDP per capita (constant 2015 US$),2006-12-31,2006,year,2006-01-01,23162.1860111297,USD 2015 / osobę,annual,observed,https://api.worldbank.org/v2/country/POL;WLD;USA;CHN;DEU;IND;KOR;JPN;GBR;FRA;BRA;EST/indicator/NY.GDP.PCAP.KD?format=json&per_page=1000,2026-09-28T17:23:20.303Z,{}
NY.GDP.PCAP.KD,NY.GDP.PCAP.KD--pol,Polska,POL,GDP per capita (constant 2015 US$),2006-12-31,2006,year,2006-01-01,9137.65850849801,USD 2015 / osobę,annual,observed,https://api.worldbank.org/v2/country/POL;WLD;USA;CHN;DEU;IND;KOR;JPN;GBR;FRA;BRA;EST/indicator/NY.GDP.PCAP.KD?format=json&per_page=1000,2026-09-28T17:23:20.303Z,{}
NY.GDP.PCAP.KD,NY.GDP.PCAP.KD--usa,USA,USA,GDP per capita (constant 2015 US$),2006-12-31,2006,year,2006-01-01,53596.315236412,USD 2015 / osobę,annual,observed,https://api.worldbank.org/v2/country/POL;WLD;USA;CHN;DEU;IND;KOR;JPN;GBR;FRA;BRA;EST/indicator/NY.GDP.PCAP.KD?format=json&per_page=1000,2026-09-28T17:23:20.303Z,{}
NY.GDP.PCAP.KD,NY.GDP.PCAP.KD--wld,Świat,WLD,GDP per capita (constant 2015 US$),2006-12-31,2006,year,2006-01-01,8913.15666856363,USD 2015 / osobę,annual,observed,https://api.worldbank.org/v2/country/POL;WLD;USA;CHN;DEU;IND;KOR;JPN;GBR;FRA;BRA;EST/indicator/NY.GDP.PCAP.KD?format=json&per_page=1000,2026-09-28T17:23:20.303Z,{}
NY.GDP.PCAP.KD,NY.GDP.PCAP.KD--bra,Brazylia,BRA,GDP per capita (constant 2015 US$),2007-12-31,2007,year,2007-01-01,8003.25413096047,USD 2015 / osobę,annual,observed,https://api.worldbank.org/v2/country/POL;WLD;USA;CHN;DEU;IND;KOR;JPN;GBR;FRA;BRA;EST/indicator/NY.GDP.PCAP.KD?format=json&per_page=1000,2026-09-28T17:23:20.303Z,{}
NY.GDP.PCAP.KD,NY.GDP.PCAP.KD--chn,Chiny,CHN,GDP per capita (constant 2015 US$),2007-12-31,2007,year,2007-01-01,4409.69709445986,USD 2015 / osobę,annual,observed,https://api.worldbank.org/v2/country/POL;WLD;USA;CHN;DEU;IND;KOR;JPN;GBR;FRA;BRA;EST/indicator/NY.GDP.PCAP.KD?format=json&per_page=1000,2026-09-28T17:23:20.303Z,{}
NY.GDP.PCAP.KD,NY.GDP.PCAP.KD--deu,Niemcy,DEU,GDP per capita (constant 2015 US$),2007-12-31,2007,year,2007-01-01,38593.0749910508,USD 2015 / osobę,annual,observed,https://api.worldbank.org/v2/country/POL;WLD;USA;CHN;DEU;IND;KOR;JPN;GBR;FRA;BRA;EST/indicator/NY.GDP.PCAP.KD?format=json&per_page=1000,2026-09-28T17:23:20.303Z,{}
NY.GDP.PCAP.KD,NY.GDP.PCAP.KD--est,Estonia,EST,GDP per capita (constant 2015 US$),2007-12-31,2007,year,2007-01-01,17543.4661785723,USD 2015 / osobę,annual,observed,https://api.worldbank.org/v2/country/POL;WLD;USA;CHN;DEU;IND;KOR;JPN;GBR;FRA;BRA;EST/indicator/NY.GDP.PCAP.KD?format=json&per_page=1000,2026-09-28T17:23:20.303Z,{}
NY.GDP.PCAP.KD,NY.GDP.PCAP.KD--fra,Francja,FRA,GDP per capita (constant 2015 US$),2007-12-31,2007,year,2007-01-01,36322.1685141004,USD 2015 / osobę,annual,observed,https://api.worldbank.org/v2/country/POL;WLD;USA;CHN;DEU;IND;KOR;JPN;GBR;FRA;BRA;EST/indicator/NY.GDP.PCAP.KD?format=json&per_page=1000,2026-09-28T17:23:20.303Z,{}
NY.GDP.PCAP.KD,NY.GDP.PCAP.KD--gbr,Wielka Brytania,GBR,GDP per capita (constant 2015 US$),2007-12-31,2007,year,2007-01-01,44882.141312304,USD 2015 / osobę,annual,observed,https://api.worldbank.org/v2/country/POL;WLD;USA;CHN;DEU;IND;KOR;JPN;GBR;FRA;BRA;EST/indicator/NY.GDP.PCAP.KD?format=json&per_page=1000,2026-09-28T17:23:20.303Z,{}
NY.GDP.PCAP.KD,NY.GDP.PCAP.KD--ind,Indie,IND,GDP per capita (constant 2015 US$),2007-12-31,2007,year,2007-01-01,1069.24696812234,USD 2015 / osobę,annual,observed,https://api.worldbank.org/v2/country/POL;WLD;USA;CHN;DEU;IND;KOR;JPN;GBR;FRA;BRA;EST/indicator/NY.GDP.PCAP.KD?format=json&per_page=1000,2026-09-28T17:23:20.303Z,{}
NY.GDP.PCAP.KD,NY.GDP.PCAP.KD--jpn,Japonia,JPN,GDP per capita (constant 2015 US$),2007-12-31,2007,year,2007-01-01,34426.6937124867,USD 2015 / osobę,annual,observed,https://api.worldbank.org/v2/country/POL;WLD;USA;CHN;DEU;IND;KOR;JPN;GBR;FRA;BRA;EST/indicator/NY.GDP.PCAP.KD?format=json&per_page=1000,2026-09-28T17:23:20.303Z,{}
NY.GDP.PCAP.KD,NY.GDP.PCAP.KD--kor,Korea Płd.,KOR,GDP per capita (constant 2015 US$),2007-12-31,2007,year,2007-01-01,24391.7651013448,USD 2015 / osobę,annual,observed,https://api.worldbank.org/v2/country/POL;WLD;USA;CHN;DEU;IND;KOR;JPN;GBR;FRA;BRA;EST/indicator/NY.GDP.PCAP.KD?format=json&per_page=1000,2026-09-28T17:23:20.303Z,{}
NY.GDP.PCAP.KD,NY.GDP.PCAP.KD--pol,Polska,POL,GDP per capita (constant 2015 US$),2007-12-31,2007,year,2007-01-01,9760.7042604352,USD 2015 / osobę,annual,observed,https://api.worldbank.org/v2/country/POL;WLD;USA;CHN;DEU;IND;KOR;JPN;GBR;FRA;BRA;EST/indicator/NY.GDP.PCAP.KD?format=json&per_page=1000,2026-09-28T17:23:20.303Z,{}
NY.GDP.PCAP.KD,NY.GDP.PCAP.KD--usa,USA,USA,GDP per capita (constant 2015 US$),2007-12-31,2007,year,2007-01-01,54152.8292673551,USD 2015 / osobę,annual,observed,https://api.worldbank.org/v2/country/POL;WLD;USA;CHN;DEU;IND;KOR;JPN;GBR;FRA;BRA;EST/indicator/NY.GDP.PCAP.KD?format=json&per_page=1000,2026-09-28T17:23:20.303Z,{}
NY.GDP.PCAP.KD,NY.GDP.PCAP.KD--wld,Świat,WLD,GDP per capita (constant 2015 US$),2007-12-31,2007,year,2007-01-01,9191.47419679425,USD 2015 / osobę,annual,observed,https://api.worldbank.org/v2/country/POL;WLD;USA;CHN;DEU;IND;KOR;JPN;GBR;FRA;BRA;EST/indicator/NY.GDP.PCAP.KD?format=json&per_page=1000,2026-09-28T17:23:20.303Z,{}
NY.GDP.PCAP.KD,NY.GDP.PCAP.KD--bra,Brazylia,BRA,GDP per capita (constant 2015 US$),2008-12-31,2008,year,2008-01-01,8330.76459841304,USD 2015 / osobę,annual,observed,https://api.worldbank.org/v2/country/POL;WLD;USA;CHN;DEU;IND;KOR;JPN;GBR;FRA;BRA;EST/indicator/NY.GDP.PCAP.KD?format=json&per_page=1000,2026-09-28T17:23:20.303Z,{}
NY.GDP.PCAP.KD,NY.GDP.PCAP.KD--chn,Chiny,CHN,GDP per capita (constant 2015 US$),2008-12-31,2008,year,2008-01-01,4811.34486346262,USD 2015 / osobę,annual,observed,https://api.worldbank.org/v2/country/POL;WLD;USA;CHN;DEU;IND;KOR;JPN;GBR;FRA;BRA;EST/indicator/NY.GDP.PCAP.KD?format=json&per_page=1000,2026-09-28T17:23:20.303Z,{}
NY.GDP.PCAP.KD,NY.GDP.PCAP.KD--deu,Niemcy,DEU,GDP per capita (constant 2015 US$),2008-12-31,2008,year,2008-01-01,39009.8477636357,USD 2015 / osobę,annual,observed,https://api.worldbank.org/v2/country/POL;WLD;USA;CHN;DEU;IND;KOR;JPN;GBR;FRA;BRA;EST/indicator/NY.GDP.PCAP.KD?format=json&per_page=1000,2026-09-28T17:23:20.303Z,{}
NY.GDP.PCAP.KD,NY.GDP.PCAP.KD--est,Estonia,EST,GDP per capita (constant 2015 US$),2008-12-31,2008,year,2008-01-01,16688.997772178,USD 2015 / osobę,annual,observed,https://api.worldbank.org/v2/country/POL;WLD;USA;CHN;DEU;IND;KOR;JPN;GBR;FRA;BRA;EST/indicator/NY.GDP.PCAP.KD?format=json&per_page=1000,2026-09-28T17:23:20.303Z,{}
NY.GDP.PCAP.KD,NY.GDP.PCAP.KD--fra,Francja,FRA,GDP per capita (constant 2015 US$),2008-12-31,2008,year,2008-01-01,36257.3658930938,USD 2015 / osobę,annual,observed,https://api.worldbank.org/v2/country/POL;WLD;USA;CHN;DEU;IND;KOR;JPN;GBR;FRA;BRA;EST/indicator/NY.GDP.PCAP.KD?format=json&per_page=1000,2026-09-28T17:23:20.303Z,{}
NY.GDP.PCAP.KD,NY.GDP.PCAP.KD--gbr,Wielka Brytania,GBR,GDP per capita (constant 2015 US$),2008-12-31,2008,year,2008-01-01,44508.2874631479,USD 2015 / osobę,annual,observed,https://api.worldbank.org/v2/country/POL;WLD;USA;CHN;DEU;IND;KOR;JPN;GBR;FRA;BRA;EST/indicator/NY.GDP.PCAP.KD?format=json&per_page=1000,2026-09-28T17:23:20.303Z,{}
NY.GDP.PCAP.KD,NY.GDP.PCAP.KD--ind,Indie,IND,GDP per capita (constant 2015 US$),2008-12-31,2008,year,2008-01-01,1086.50605251005,USD 2015 / osobę,annual,observed,https://api.worldbank.org/v2/country/POL;WLD;USA;CHN;DEU;IND;KOR;JPN;GBR;FRA;BRA;EST/indicator/NY.GDP.PCAP.KD?format=json&per_page=1000,2026-09-28T17:23:20.303Z,{}
NY.GDP.PCAP.KD,NY.GDP.PCAP.KD--jpn,Japonia,JPN,GDP per capita (constant 2015 US$),2008-12-31,2008,year,2008-01-01,34008.5915147362,USD 2015 / osobę,annual,observed,https://api.worldbank.org/v2/country/POL;WLD;USA;CHN;DEU;IND;KOR;JPN;GBR;FRA;BRA;EST/indicator/NY.GDP.PCAP.KD?format=json&per_page=1000,2026-09-28T17:23:20.303Z,{}
NY.GDP.PCAP.KD,NY.GDP.PCAP.KD--kor,Korea Płd.,KOR,GDP per capita (constant 2015 US$),2008-12-31,2008,year,2008-01-01,24934.5396367691,USD 2015 / osobę,annual,observed,https://api.worldbank.org/v2/country/POL;WLD;USA;CHN;DEU;IND;KOR;JPN;GBR;FRA;BRA;EST/indicator/NY.GDP.PCAP.KD?format=json&per_page=1000,2026-09-28T17:23:20.303Z,{}
NY.GDP.PCAP.KD,NY.GDP.PCAP.KD--pol,Polska,POL,GDP per capita (constant 2015 US$),2008-12-31,2008,year,2008-01-01,10187.2017910883,USD 2015 / osobę,annual,observed,https://api.worldbank.org/v2/country/POL;WLD;USA;CHN;DEU;IND;KOR;JPN;GBR;FRA;BRA;EST/indicator/NY.GDP.PCAP.KD?format=json&per_page=1000,2026-09-28T17:23:20.303Z,{}
NY.GDP.PCAP.KD,NY.GDP.PCAP.KD--usa,USA,USA,GDP per capita (constant 2015 US$),2008-12-31,2008,year,2008-01-01,53703.962897927,USD 2015 / osobę,annual,observed,https://api.worldbank.org/v2/country/POL;WLD;USA;CHN;DEU;IND;KOR;JPN;GBR;FRA;BRA;EST/indicator/NY.GDP.PCAP.KD?format=json&per_page=1000,2026-09-28T17:23:20.303Z,{}
NY.GDP.PCAP.KD,NY.GDP.PCAP.KD--wld,Świat,WLD,GDP per capita (constant 2015 US$),2008-12-31,2008,year,2008-01-01,9265.52655477352,USD 2015 / osobę,annual,observed,https://api.worldbank.org/v2/country/POL;WLD;USA;CHN;DEU;IND;KOR;JPN;GBR;FRA;BRA;EST/indicator/NY.GDP.PCAP.KD?format=json&per_page=1000,2026-09-28T17:23:20.303Z,{}
NY.GDP.PCAP.KD,NY.GDP.PCAP.KD--bra,Brazylia,BRA,GDP per capita (constant 2015 US$),2009-12-31,2009,year,2009-01-01,8246.09706995094,USD 2015 / osobę,annual,observed,https://api.worldbank.org/v2/country/POL;WLD;USA;CHN;DEU;IND;KOR;JPN;GBR;FRA;BRA;EST/indicator/NY.GDP.PCAP.KD?format=json&per_page=1000,2026-09-28T17:23:20.303Z,{}
NY.GDP.PCAP.KD,NY.GDP.PCAP.KD--chn,Chiny,CHN,GDP per capita (constant 2015 US$),2009-12-31,2009,year,2009-01-01,5237.78809982377,USD 2015 / osobę,annual,observed,https://api.worldbank.org/v2/country/POL;WLD;USA;CHN;DEU;IND;KOR;JPN;GBR;FRA;BRA;EST/indicator/NY.GDP.PCAP.KD?format=json&per_page=1000,2026-09-28T17:23:20.303Z,{}
NY.GDP.PCAP.KD,NY.GDP.PCAP.KD--deu,Niemcy,DEU,GDP per capita (constant 2015 US$),2009-12-31,2009,year,2009-01-01,36940.4078672661,USD 2015 / osobę,annual,observed,https://api.worldbank.org/v2/country/POL;WLD;USA;CHN;DEU;IND;KOR;JPN;GBR;FRA;BRA;EST/indicator/NY.GDP.PCAP.KD?format=json&per_page=1000,2026-09-28T17:23:20.303Z,{}
NY.GDP.PCAP.KD,NY.GDP.PCAP.KD--est,Estonia,EST,GDP per capita (constant 2015 US$),2009-12-31,2009,year,2009-01-01,14274.8511086787,USD 2015 / osobę,annual,observed,https://api.worldbank.org/v2/country/POL;WLD;USA;CHN;DEU;IND;KOR;JPN;GBR;FRA;BRA;EST/indicator/NY.GDP.PCAP.KD?format=json&per_page=1000,2026-09-28T17:23:20.303Z,{}
NY.GDP.PCAP.KD,NY.GDP.PCAP.KD--fra,Francja,FRA,GDP per capita (constant 2015 US$),2009-12-31,2009,year,2009-01-01,35052.8510772683,USD 2015 / osobę,annual,observed,https://api.worldbank.org/v2/country/POL;WLD;USA;CHN;DEU;IND;KOR;JPN;GBR;FRA;BRA;EST/indicator/NY.GDP.PCAP.KD?format=json&per_page=1000,2026-09-28T17:23:20.303Z,{}
NY.GDP.PCAP.KD,NY.GDP.PCAP.KD--gbr,Wielka Brytania,GBR,GDP per capita (constant 2015 US$),2009-12-31,2009,year,2009-01-01,42146.5095879962,USD 2015 / osobę,annual,observed,https://api.worldbank.org/v2/country/POL;WLD;USA;CHN;DEU;IND;KOR;JPN;GBR;FRA;BRA;EST/indicator/NY.GDP.PCAP.KD?format=json&per_page=1000,2026-09-28T17:23:20.303Z,{}
NY.GDP.PCAP.KD,NY.GDP.PCAP.KD--ind,Indie,IND,GDP per capita (constant 2015 US$),2009-12-31,2009,year,2009-01-01,1155.10163273817,USD 2015 / osobę,annual,observed,https://api.worldbank.org/v2/country/POL;WLD;USA;CHN;DEU;IND;KOR;JPN;GBR;FRA;BRA;EST/indicator/NY.GDP.PCAP.KD?format=json&per_page=1000,2026-09-28T17:23:20.303Z,{}
NY.GDP.PCAP.KD,NY.GDP.PCAP.KD--jpn,Japonia,JPN,GDP per capita (constant 2015 US$),2009-12-31,2009,year,2009-01-01,31993.8588053706,USD 2015 / osobę,annual,observed,https://api.worldbank.org/v2/country/POL;WLD;USA;CHN;DEU;IND;KOR;JPN;GBR;FRA;BRA;EST/indicator/NY.GDP.PCAP.KD?format=json&per_page=1000,2026-09-28T17:23:20.303Z,{}
NY.GDP.PCAP.KD,NY.GDP.PCAP.KD--kor,Korea Płd.,KOR,GDP per capita (constant 2015 US$),2009-12-31,2009,year,2009-01-01,25009.9148311999,USD 2015 / osobę,annual,observed,https://api.worldbank.org/v2/country/POL;WLD;USA;CHN;DEU;IND;KOR;JPN;GBR;FRA;BRA;EST/indicator/NY.GDP.PCAP.KD?format=json&per_page=1000,2026-09-28T17:23:20.303Z,{}
NY.GDP.PCAP.KD,NY.GDP.PCAP.KD--pol,Polska,POL,GDP per capita (constant 2015 US$),2009-12-31,2009,year,2009-01-01,10446.5289138524,USD 2015 / osobę,annual,observed,https://api.worldbank.org/v2/country/POL;WLD;USA;CHN;DEU;IND;KOR;JPN;GBR;FRA;BRA;EST/indicator/NY.GDP.PCAP.KD?format=json&per_page=1000,2026-09-28T17:23:20.303Z,{}
NY.GDP.PCAP.KD,NY.GDP.PCAP.KD--usa,USA,USA,GDP per capita (constant 2015 US$),2009-12-31,2009,year,2009-01-01,51863.6183416558,USD 2015 / osobę,annual,observed,https://api.worldbank.org/v2/country/POL;WLD;USA;CHN;DEU;IND;KOR;JPN;GBR;FRA;BRA;EST/indicator/NY.GDP.PCAP.KD?format=json&per_page=1000,2026-09-28T17:23:20.303Z,{}
NY.GDP.PCAP.KD,NY.GDP.PCAP.KD--wld,Świat,WLD,GDP per capita (constant 2015 US$),2009-12-31,2009,year,2009-01-01,9028.22055162901,USD 2015 / osobę,annual,observed,https://api.worldbank.org/v2/country/POL;WLD;USA;CHN;DEU;IND;KOR;JPN;GBR;FRA;BRA;EST/indicator/NY.GDP.PCAP.KD?format=json&per_page=1000,2026-09-28T17:23:20.303Z,{}
NY.GDP.PCAP.KD,NY.GDP.PCAP.KD--bra,Brazylia,BRA,GDP per capita (constant 2015 US$),2010-12-31,2010,year,2010-01-01,8792.63436120342,USD 2015 / osobę,annual,observed,https://api.worldbank.org/v2/country/POL;WLD;USA;CHN;DEU;IND;KOR;JPN;GBR;FRA;BRA;EST/indicator/NY.GDP.PCAP.KD?format=json&per_page=1000,2026-09-28T17:23:20.303Z,{}
NY.GDP.PCAP.KD,NY.GDP.PCAP.KD--chn,Chiny,CHN,GDP per capita (constant 2015 US$),2010-12-31,2010,year,2010-01-01,5764.65012366375,USD 2015 / osobę,annual,observed,https://api.worldbank.org/v2/country/POL;WLD;USA;CHN;DEU;IND;KOR;JPN;GBR;FRA;BRA;EST/indicator/NY.GDP.PCAP.KD?format=json&per_page=1000,2026-09-28T17:23:20.303Z,{}
NY.GDP.PCAP.KD,NY.GDP.PCAP.KD--deu,Niemcy,DEU,GDP per capita (constant 2015 US$),2010-12-31,2010,year,2010-01-01,38526.7371042695,USD 2015 / osobę,annual,observed,https://api.worldbank.org/v2/country/POL;WLD;USA;CHN;DEU;IND;KOR;JPN;GBR;FRA;BRA;EST/indicator/NY.GDP.PCAP.KD?format=json&per_page=1000,2026-09-28T17:23:20.303Z,{}
NY.GDP.PCAP.KD,NY.GDP.PCAP.KD--est,Estonia,EST,GDP per capita (constant 2015 US$),2010-12-31,2010,year,2010-01-01,14657.939813612,USD 2015 / osobę,annual,observed,https://api.worldbank.org/v2/country/POL;WLD;USA;CHN;DEU;IND;KOR;JPN;GBR;FRA;BRA;EST/indicator/NY.GDP.PCAP.KD?format=json&per_page=1000,2026-09-28T17:23:20.303Z,{}
NY.GDP.PCAP.KD,NY.GDP.PCAP.KD--fra,Francja,FRA,GDP per capita (constant 2015 US$),2010-12-31,2010,year,2010-01-01,35578.1968010183,USD 2015 / osobę,annual,observed,https://api.worldbank.org/v2/country/POL;WLD;USA;CHN;DEU;IND;KOR;JPN;GBR;FRA;BRA;EST/indicator/NY.GDP.PCAP.KD?format=json&per_page=1000,2026-09-28T17:23:20.303Z,{}
NY.GDP.PCAP.KD,NY.GDP.PCAP.KD--gbr,Wielka Brytania,GBR,GDP per capita (constant 2015 US$),2010-12-31,2010,year,2010-01-01,42762.720840223,USD 2015 / osobę,annual,observed,https://api.worldbank.org/v2/country/POL;WLD;USA;CHN;DEU;IND;KOR;JPN;GBR;FRA;BRA;EST/indicator/NY.GDP.PCAP.KD?format=json&per_page=1000,2026-09-28T17:23:20.303Z,{}
NY.GDP.PCAP.KD,NY.GDP.PCAP.KD--ind,Indie,IND,GDP per capita (constant 2015 US$),2010-12-31,2010,year,2010-01-01,1235.15939132939,USD 2015 / osobę,annual,observed,https://api.worldbank.org/v2/country/POL;WLD;USA;CHN;DEU;IND;KOR;JPN;GBR;FRA;BRA;EST/indicator/NY.GDP.PCAP.KD?format=json&per_page=1000,2026-09-28T17:23:20.303Z,{}
NY.GDP.PCAP.KD,NY.GDP.PCAP.KD--jpn,Japonia,JPN,GDP per capita (constant 2015 US$),2010-12-31,2010,year,2010-01-01,33311.2872381879,USD 2015 / osobę,annual,observed,https://api.worldbank.org/v2/country/POL;WLD;USA;CHN;DEU;IND;KOR;JPN;GBR;FRA;BRA;EST/indicator/NY.GDP.PCAP.KD?format=json&per_page=1000,2026-09-28T17:23:20.303Z,{}
NY.GDP.PCAP.KD,NY.GDP.PCAP.KD--kor,Korea Płd.,KOR,GDP per capita (constant 2015 US$),2010-12-31,2010,year,2010-01-01,26623.0487122927,USD 2015 / osobę,annual,observed,https://api.worldbank.org/v2/country/POL;WLD;USA;CHN;DEU;IND;KOR;JPN;GBR;FRA;BRA;EST/indicator/NY.GDP.PCAP.KD?format=json&per_page=1000,2026-09-28T17:23:20.303Z,{}
NY.GDP.PCAP.KD,NY.GDP.PCAP.KD--pol,Polska,POL,GDP per capita (constant 2015 US$),2010-12-31,2010,year,2010-01-01,10808.3975674238,USD 2015 / osobę,annual,observed,https://api.worldbank.org/v2/country/POL;WLD;USA;CHN;DEU;IND;KOR;JPN;GBR;FRA;BRA;EST/indicator/NY.GDP.PCAP.KD?format=json&per_page=1000,2026-09-28T17:23:20.303Z,{}
NY.GDP.PCAP.KD,NY.GDP.PCAP.KD--usa,USA,USA,GDP per capita (constant 2015 US$),2010-12-31,2010,year,2010-01-01,52812.6829869279,USD 2015 / osobę,annual,observed,https://api.worldbank.org/v2/country/POL;WLD;USA;CHN;DEU;IND;KOR;JPN;GBR;FRA;BRA;EST/indicator/NY.GDP.PCAP.KD?format=json&per_page=1000,2026-09-28T17:23:20.303Z,{}
NY.GDP.PCAP.KD,NY.GDP.PCAP.KD--wld,Świat,WLD,GDP per capita (constant 2015 US$),2010-12-31,2010,year,2010-01-01,9322.21791578106,USD 2015 / osobę,annual,observed,https://api.worldbank.org/v2/country/POL;WLD;USA;CHN;DEU;IND;KOR;JPN;GBR;FRA;BRA;EST/indicator/NY.GDP.PCAP.KD?format=json&per_page=1000,2026-09-28T17:23:20.303Z,{}
NY.GDP.PCAP.KD,NY.GDP.PCAP.KD--bra,Brazylia,BRA,GDP per capita (constant 2015 US$),2011-12-31,2011,year,2011-01-01,9067.99316348047,USD 2015 / osobę,annual,observed,https://api.worldbank.org/v2/country/POL;WLD;USA;CHN;DEU;IND;KOR;JPN;GBR;FRA;BRA;EST/indicator/NY.GDP.PCAP.KD?format=json&per_page=1000,2026-09-28T17:23:20.303Z,{}
NY.GDP.PCAP.KD,NY.GDP.PCAP.KD--chn,Chiny,CHN,GDP per capita (constant 2015 US$),2011-12-31,2011,year,2011-01-01,6275.71634288814,USD 2015 / osobę,annual,observed,https://api.worldbank.org/v2/country/POL;WLD;USA;CHN;DEU;IND;KOR;JPN;GBR;FRA;BRA;EST/indicator/NY.GDP.PCAP.KD?format=json&per_page=1000,2026-09-28T17:23:20.303Z,{}
NY.GDP.PCAP.KD,NY.GDP.PCAP.KD--deu,Niemcy,DEU,GDP per capita (constant 2015 US$),2011-12-31,2011,year,2011-01-01,40722.4849268242,USD 2015 / osobę,annual,observed,https://api.worldbank.org/v2/country/POL;WLD;USA;CHN;DEU;IND;KOR;JPN;GBR;FRA;BRA;EST/indicator/NY.GDP.PCAP.KD?format=json&per_page=1000,2026-09-28T17:23:20.303Z,{}
NY.GDP.PCAP.KD,NY.GDP.PCAP.KD--est,Estonia,EST,GDP per capita (constant 2015 US$),2011-12-31,2011,year,2011-01-01,15820.922342204,USD 2015 / osobę,annual,observed,https://api.worldbank.org/v2/country/POL;WLD;USA;CHN;DEU;IND;KOR;JPN;GBR;FRA;BRA;EST/indicator/NY.GDP.PCAP.KD?format=json&per_page=1000,2026-09-28T17:23:20.303Z,{}
NY.GDP.PCAP.KD,NY.GDP.PCAP.KD--fra,Francja,FRA,GDP per capita (constant 2015 US$),2011-12-31,2011,year,2011-01-01,36269.9561530888,USD 2015 / osobę,annual,observed,https://api.worldbank.org/v2/country/POL;WLD;USA;CHN;DEU;IND;KOR;JPN;GBR;FRA;BRA;EST/indicator/NY.GDP.PCAP.KD?format=json&per_page=1000,2026-09-28T17:23:20.303Z,{}
NY.GDP.PCAP.KD,NY.GDP.PCAP.KD--gbr,Wielka Brytania,GBR,GDP per capita (constant 2015 US$),2011-12-31,2011,year,2011-01-01,42791.0934313474,USD 2015 / osobę,annual,observed,https://api.worldbank.org/v2/country/POL;WLD;USA;CHN;DEU;IND;KOR;JPN;GBR;FRA;BRA;EST/indicator/NY.GDP.PCAP.KD?format=json&per_page=1000,2026-09-28T17:23:20.303Z,{}
NY.GDP.PCAP.KD,NY.GDP.PCAP.KD--ind,Indie,IND,GDP per capita (constant 2015 US$),2011-12-31,2011,year,2011-01-01,1281.61054354937,USD 2015 / osobę,annual,observed,https://api.worldbank.org/v2/country/POL;WLD;USA;CHN;DEU;IND;KOR;JPN;GBR;FRA;BRA;EST/indicator/NY.GDP.PCAP.KD?format=json&per_page=1000,2026-09-28T17:23:20.303Z,{}
NY.GDP.PCAP.KD,NY.GDP.PCAP.KD--jpn,Japonia,JPN,GDP per capita (constant 2015 US$),2011-12-31,2011,year,2011-01-01,33306.1802259719,USD 2015 / osobę,annual,observed,https://api.worldbank.org/v2/country/POL;WLD;USA;CHN;DEU;IND;KOR;JPN;GBR;FRA;BRA;EST/indicator/NY.GDP.PCAP.KD?format=json&per_page=1000,2026-09-28T17:23:20.303Z,{}
NY.GDP.PCAP.KD,NY.GDP.PCAP.KD--kor,Korea Płd.,KOR,GDP per capita (constant 2015 US$),2011-12-31,2011,year,2011-01-01,27393.455357272,USD 2015 / osobę,annual,observed,https://api.worldbank.org/v2/country/POL;WLD;USA;CHN;DEU;IND;KOR;JPN;GBR;FRA;BRA;EST/indicator/NY.GDP.PCAP.KD?format=json&per_page=1000,2026-09-28T17:23:20.303Z,{}
NY.GDP.PCAP.KD,NY.GDP.PCAP.KD--pol,Polska,POL,GDP per capita (constant 2015 US$),2011-12-31,2011,year,2011-01-01,11370.313427173,USD 2015 / osobę,annual,observed,https://api.worldbank.org/v2/country/POL;WLD;USA;CHN;DEU;IND;KOR;JPN;GBR;FRA;BRA;EST/indicator/NY.GDP.PCAP.KD?format=json&per_page=1000,2026-09-28T17:23:20.303Z,{}
NY.GDP.PCAP.KD,NY.GDP.PCAP.KD--usa,USA,USA,GDP per capita (constant 2015 US$),2011-12-31,2011,year,2011-01-01,53215.5362314388,USD 2015 / osobę,annual,observed,https://api.worldbank.org/v2/country/POL;WLD;USA;CHN;DEU;IND;KOR;JPN;GBR;FRA;BRA;EST/indicator/NY.GDP.PCAP.KD?format=json&per_page=1000,2026-09-28T17:23:20.303Z,{}
NY.GDP.PCAP.KD,NY.GDP.PCAP.KD--wld,Świat,WLD,GDP per capita (constant 2015 US$),2011-12-31,2011,year,2011-01-01,9514.51951048996,USD 2015 / osobę,annual,observed,https://api.worldbank.org/v2/country/POL;WLD;USA;CHN;DEU;IND;KOR;JPN;GBR;FRA;BRA;EST/indicator/NY.GDP.PCAP.KD?format=json&per_page=1000,2026-09-28T17:23:20.303Z,{}
NY.GDP.PCAP.KD,NY.GDP.PCAP.KD--bra,Brazylia,BRA,GDP per capita (constant 2015 US$),2012-12-31,2012,year,2012-01-01,9167.49923929815,USD 2015 / osobę,annual,observed,https://api.worldbank.org/v2/country/POL;WLD;USA;CHN;DEU;IND;KOR;JPN;GBR;FRA;BRA;EST/indicator/NY.GDP.PCAP.KD?format=json&per_page=1000,2026-09-28T17:23:20.303Z,{}
NY.GDP.PCAP.KD,NY.GDP.PCAP.KD--chn,Chiny,CHN,GDP per capita (constant 2015 US$),2012-12-31,2012,year,2012-01-01,6723.09003744607,USD 2015 / osobę,annual,observed,https://api.worldbank.org/v2/country/POL;WLD;USA;CHN;DEU;IND;KOR;JPN;GBR;FRA;BRA;EST/indicator/NY.GDP.PCAP.KD?format=json&per_page=1000,2026-09-28T17:23:20.303Z,{}
NY.GDP.PCAP.KD,NY.GDP.PCAP.KD--deu,Niemcy,DEU,GDP per capita (constant 2015 US$),2012-12-31,2012,year,2012-01-01,40834.5088218456,USD 2015 / osobę,annual,observed,https://api.worldbank.org/v2/country/POL;WLD;USA;CHN;DEU;IND;KOR;JPN;GBR;FRA;BRA;EST/indicator/NY.GDP.PCAP.KD?format=json&per_page=1000,2026-09-28T17:23:20.303Z,{}
NY.GDP.PCAP.KD,NY.GDP.PCAP.KD--est,Estonia,EST,GDP per capita (constant 2015 US$),2012-12-31,2012,year,2012-01-01,16460.6843479001,USD 2015 / osobę,annual,observed,https://api.worldbank.org/v2/country/POL;WLD;USA;CHN;DEU;IND;KOR;JPN;GBR;FRA;BRA;EST/indicator/NY.GDP.PCAP.KD?format=json&per_page=1000,2026-09-28T17:23:20.303Z,{}
NY.GDP.PCAP.KD,NY.GDP.PCAP.KD--fra,Francja,FRA,GDP per capita (constant 2015 US$),2012-12-31,2012,year,2012-01-01,36161.2918253465,USD 2015 / osobę,annual,observed,https://api.worldbank.org/v2/country/POL;WLD;USA;CHN;DEU;IND;KOR;JPN;GBR;FRA;BRA;EST/indicator/NY.GDP.PCAP.KD?format=json&per_page=1000,2026-09-28T17:23:20.303Z,{}
NY.GDP.PCAP.KD,NY.GDP.PCAP.KD--gbr,Wielka Brytania,GBR,GDP per capita (constant 2015 US$),2012-12-31,2012,year,2012-01-01,43136.7006795996,USD 2015 / osobę,annual,observed,https://api.worldbank.org/v2/country/POL;WLD;USA;CHN;DEU;IND;KOR;JPN;GBR;FRA;BRA;EST/indicator/NY.GDP.PCAP.KD?format=json&per_page=1000,2026-09-28T17:23:20.303Z,{}
NY.GDP.PCAP.KD,NY.GDP.PCAP.KD--ind,Indie,IND,GDP per capita (constant 2015 US$),2012-12-31,2012,year,2012-01-01,1333.09626557649,USD 2015 / osobę,annual,observed,https://api.worldbank.org/v2/country/POL;WLD;USA;CHN;DEU;IND;KOR;JPN;GBR;FRA;BRA;EST/indicator/NY.GDP.PCAP.KD?format=json&per_page=1000,2026-09-28T17:23:20.303Z,{}
NY.GDP.PCAP.KD,NY.GDP.PCAP.KD--jpn,Japonia,JPN,GDP per capita (constant 2015 US$),2012-12-31,2012,year,2012-01-01,33909.4911855243,USD 2015 / osobę,annual,observed,https://api.worldbank.org/v2/country/POL;WLD;USA;CHN;DEU;IND;KOR;JPN;GBR;FRA;BRA;EST/indicator/NY.GDP.PCAP.KD?format=json&per_page=1000,2026-09-28T17:23:20.303Z,{}
NY.GDP.PCAP.KD,NY.GDP.PCAP.KD--kor,Korea Płd.,KOR,GDP per capita (constant 2015 US$),2012-12-31,2012,year,2012-01-01,27944.0564190045,USD 2015 / osobę,annual,observed,https://api.worldbank.org/v2/country/POL;WLD;USA;CHN;DEU;IND;KOR;JPN;GBR;FRA;BRA;EST/indicator/NY.GDP.PCAP.KD?format=json&per_page=1000,2026-09-28T17:23:20.303Z,{}
NY.GDP.PCAP.KD,NY.GDP.PCAP.KD--pol,Polska,POL,GDP per capita (constant 2015 US$),2012-12-31,2012,year,2012-01-01,11542.2353368014,USD 2015 / osobę,annual,observed,https://api.worldbank.org/v2/country/POL;WLD;USA;CHN;DEU;IND;KOR;JPN;GBR;FRA;BRA;EST/indicator/NY.GDP.PCAP.KD?format=json&per_page=1000,2026-09-28T17:23:20.303Z,{}
NY.GDP.PCAP.KD,NY.GDP.PCAP.KD--usa,USA,USA,GDP per capita (constant 2015 US$),2012-12-31,2012,year,2012-01-01,54000.8410778217,USD 2015 / osobę,annual,observed,https://api.worldbank.org/v2/country/POL;WLD;USA;CHN;DEU;IND;KOR;JPN;GBR;FRA;BRA;EST/indicator/NY.GDP.PCAP.KD?format=json&per_page=1000,2026-09-28T17:23:20.303Z,{}
NY.GDP.PCAP.KD,NY.GDP.PCAP.KD--wld,Świat,WLD,GDP per capita (constant 2015 US$),2012-12-31,2012,year,2012-01-01,9653.62748273357,USD 2015 / osobę,annual,observed,https://api.worldbank.org/v2/country/POL;WLD;USA;CHN;DEU;IND;KOR;JPN;GBR;FRA;BRA;EST/indicator/NY.GDP.PCAP.KD?format=json&per_page=1000,2026-09-28T17:23:20.303Z,{}
NY.GDP.PCAP.KD,NY.GDP.PCAP.KD--bra,Brazylia,BRA,GDP per capita (constant 2015 US$),2013-12-31,2013,year,2013-01-01,9366.73932434359,USD 2015 / osobę,annual,observed,https://api.worldbank.org/v2/country/POL;WLD;USA;CHN;DEU;IND;KOR;JPN;GBR;FRA;BRA;EST/indicator/NY.GDP.PCAP.KD?format=json&per_page=1000,2026-09-28T17:23:20.303Z,{}
NY.GDP.PCAP.KD,NY.GDP.PCAP.KD--chn,Chiny,CHN,GDP per capita (constant 2015 US$),2013-12-31,2013,year,2013-01-01,7197.937319496,USD 2015 / osobę,annual,observed,https://api.worldbank.org/v2/country/POL;WLD;USA;CHN;DEU;IND;KOR;JPN;GBR;FRA;BRA;EST/indicator/NY.GDP.PCAP.KD?format=json&per_page=1000,2026-09-28T17:23:20.303Z,{}
NY.GDP.PCAP.KD,NY.GDP.PCAP.KD--deu,Niemcy,DEU,GDP per capita (constant 2015 US$),2013-12-31,2013,year,2013-01-01,40884.8926759028,USD 2015 / osobę,annual,observed,https://api.worldbank.org/v2/country/POL;WLD;USA;CHN;DEU;IND;KOR;JPN;GBR;FRA;BRA;EST/indicator/NY.GDP.PCAP.KD?format=json&per_page=1000,2026-09-28T17:23:20.303Z,{}
NY.GDP.PCAP.KD,NY.GDP.PCAP.KD--est,Estonia,EST,GDP per capita (constant 2015 US$),2013-12-31,2013,year,2013-01-01,16809.5326683781,USD 2015 / osobę,annual,observed,https://api.worldbank.org/v2/country/POL;WLD;USA;CHN;DEU;IND;KOR;JPN;GBR;FRA;BRA;EST/indicator/NY.GDP.PCAP.KD?format=json&per_page=1000,2026-09-28T17:23:20.303Z,{}
NY.GDP.PCAP.KD,NY.GDP.PCAP.KD--fra,Francja,FRA,GDP per capita (constant 2015 US$),2013-12-31,2013,year,2013-01-01,36256.086680981,USD 2015 / osobę,annual,observed,https://api.worldbank.org/v2/country/POL;WLD;USA;CHN;DEU;IND;KOR;JPN;GBR;FRA;BRA;EST/indicator/NY.GDP.PCAP.KD?format=json&per_page=1000,2026-09-28T17:23:20.303Z,{}
NY.GDP.PCAP.KD,NY.GDP.PCAP.KD--gbr,Wielka Brytania,GBR,GDP per capita (constant 2015 US$),2013-12-31,2013,year,2013-01-01,43585.8731772281,USD 2015 / osobę,annual,observed,https://api.worldbank.org/v2/country/POL;WLD;USA;CHN;DEU;IND;KOR;JPN;GBR;FRA;BRA;EST/indicator/NY.GDP.PCAP.KD?format=json&per_page=1000,2026-09-28T17:23:20.303Z,{}
NY.GDP.PCAP.KD,NY.GDP.PCAP.KD--ind,Indie,IND,GDP per capita (constant 2015 US$),2013-12-31,2013,year,2013-01-01,1399.4537980281,USD 2015 / osobę,annual,observed,https://api.worldbank.org/v2/country/POL;WLD;USA;CHN;DEU;IND;KOR;JPN;GBR;FRA;BRA;EST/indicator/NY.GDP.PCAP.KD?format=json&per_page=1000,2026-09-28T17:23:20.303Z,{}
NY.GDP.PCAP.KD,NY.GDP.PCAP.KD--jpn,Japonia,JPN,GDP per capita (constant 2015 US$),2013-12-31,2013,year,2013-01-01,34636.6924746166,USD 2015 / osobę,annual,observed,https://api.worldbank.org/v2/country/POL;WLD;USA;CHN;DEU;IND;KOR;JPN;GBR;FRA;BRA;EST/indicator/NY.GDP.PCAP.KD?format=json&per_page=1000,2026-09-28T17:23:20.303Z,{}
NY.GDP.PCAP.KD,NY.GDP.PCAP.KD--kor,Korea Płd.,KOR,GDP per capita (constant 2015 US$),2013-12-31,2013,year,2013-01-01,28732.711152033,USD 2015 / osobę,annual,observed,https://api.worldbank.org/v2/country/POL;WLD;USA;CHN;DEU;IND;KOR;JPN;GBR;FRA;BRA;EST/indicator/NY.GDP.PCAP.KD?format=json&per_page=1000,2026-09-28T17:23:20.303Z,{}
NY.GDP.PCAP.KD,NY.GDP.PCAP.KD--pol,Polska,POL,GDP per capita (constant 2015 US$),2013-12-31,2013,year,2013-01-01,11628.2286809525,USD 2015 / osobę,annual,observed,https://api.worldbank.org/v2/country/POL;WLD;USA;CHN;DEU;IND;KOR;JPN;GBR;FRA;BRA;EST/indicator/NY.GDP.PCAP.KD?format=json&per_page=1000,2026-09-28T17:23:20.303Z,{}
NY.GDP.PCAP.KD,NY.GDP.PCAP.KD--usa,USA,USA,GDP per capita (constant 2015 US$),2013-12-31,2013,year,2013-01-01,54728.860179812,USD 2015 / osobę,annual,observed,https://api.worldbank.org/v2/country/POL;WLD;USA;CHN;DEU;IND;KOR;JPN;GBR;FRA;BRA;EST/indicator/NY.GDP.PCAP.KD?format=json&per_page=1000,2026-09-28T17:23:20.303Z,{}
NY.GDP.PCAP.KD,NY.GDP.PCAP.KD--wld,Świat,WLD,GDP per capita (constant 2015 US$),2013-12-31,2013,year,2013-01-01,9811.02619687608,USD 2015 / osobę,annual,observed,https://api.worldbank.org/v2/country/POL;WLD;USA;CHN;DEU;IND;KOR;JPN;GBR;FRA;BRA;EST/indicator/NY.GDP.PCAP.KD?format=json&per_page=1000,2026-09-28T17:23:20.303Z,{}
NY.GDP.PCAP.KD,NY.GDP.PCAP.KD--bra,Brazylia,BRA,GDP per capita (constant 2015 US$),2014-12-31,2014,year,2014-01-01,9338.34278278114,USD 2015 / osobę,annual,observed,https://api.worldbank.org/v2/country/POL;WLD;USA;CHN;DEU;IND;KOR;JPN;GBR;FRA;BRA;EST/indicator/NY.GDP.PCAP.KD?format=json&per_page=1000,2026-09-28T17:23:20.303Z,{}
NY.GDP.PCAP.KD,NY.GDP.PCAP.KD--chn,Chiny,CHN,GDP per capita (constant 2015 US$),2014-12-31,2014,year,2014-01-01,7686.37369520403,USD 2015 / osobę,annual,observed,https://api.worldbank.org/v2/country/POL;WLD;USA;CHN;DEU;IND;KOR;JPN;GBR;FRA;BRA;EST/indicator/NY.GDP.PCAP.KD?format=json&per_page=1000,2026-09-28T17:23:20.303Z,{}
NY.GDP.PCAP.KD,NY.GDP.PCAP.KD--deu,Niemcy,DEU,GDP per capita (constant 2015 US$),2014-12-31,2014,year,2014-01-01,41602.4661281668,USD 2015 / osobę,annual,observed,https://api.worldbank.org/v2/country/POL;WLD;USA;CHN;DEU;IND;KOR;JPN;GBR;FRA;BRA;EST/indicator/NY.GDP.PCAP.KD?format=json&per_page=1000,2026-09-28T17:23:20.303Z,{}
NY.GDP.PCAP.KD,NY.GDP.PCAP.KD--est,Estonia,EST,GDP per capita (constant 2015 US$),2014-12-31,2014,year,2014-01-01,17413.6867560212,USD 2015 / osobę,annual,observed,https://api.worldbank.org/v2/country/POL;WLD;USA;CHN;DEU;IND;KOR;JPN;GBR;FRA;BRA;EST/indicator/NY.GDP.PCAP.KD?format=json&per_page=1000,2026-09-28T17:23:20.303Z,{}
NY.GDP.PCAP.KD,NY.GDP.PCAP.KD--fra,Francja,FRA,GDP per capita (constant 2015 US$),2014-12-31,2014,year,2014-01-01,36444.3949089146,USD 2015 / osobę,annual,observed,https://api.worldbank.org/v2/country/POL;WLD;USA;CHN;DEU;IND;KOR;JPN;GBR;FRA;BRA;EST/indicator/NY.GDP.PCAP.KD?format=json&per_page=1000,2026-09-28T17:23:20.303Z,{}
NY.GDP.PCAP.KD,NY.GDP.PCAP.KD--gbr,Wielka Brytania,GBR,GDP per capita (constant 2015 US$),2014-12-31,2014,year,2014-01-01,44628.5724578217,USD 2015 / osobę,annual,observed,https://api.worldbank.org/v2/country/POL;WLD;USA;CHN;DEU;IND;KOR;JPN;GBR;FRA;BRA;EST/indicator/NY.GDP.PCAP.KD?format=json&per_page=1000,2026-09-28T17:23:20.303Z,{}
NY.GDP.PCAP.KD,NY.GDP.PCAP.KD--ind,Indie,IND,GDP per capita (constant 2015 US$),2014-12-31,2014,year,2014-01-01,1484.31640682961,USD 2015 / osobę,annual,observed,https://api.worldbank.org/v2/country/POL;WLD;USA;CHN;DEU;IND;KOR;JPN;GBR;FRA;BRA;EST/indicator/NY.GDP.PCAP.KD?format=json&per_page=1000,2026-09-28T17:23:20.303Z,{}
NY.GDP.PCAP.KD,NY.GDP.PCAP.KD--jpn,Japonia,JPN,GDP per capita (constant 2015 US$),2014-12-31,2014,year,2014-01-01,34996.8796756631,USD 2015 / osobę,annual,observed,https://api.worldbank.org/v2/country/POL;WLD;USA;CHN;DEU;IND;KOR;JPN;GBR;FRA;BRA;EST/indicator/NY.GDP.PCAP.KD?format=json&per_page=1000,2026-09-28T17:23:20.303Z,{}
NY.GDP.PCAP.KD,NY.GDP.PCAP.KD--kor,Korea Płd.,KOR,GDP per capita (constant 2015 US$),2014-12-31,2014,year,2014-01-01,29470.6732991655,USD 2015 / osobę,annual,observed,https://api.worldbank.org/v2/country/POL;WLD;USA;CHN;DEU;IND;KOR;JPN;GBR;FRA;BRA;EST/indicator/NY.GDP.PCAP.KD?format=json&per_page=1000,2026-09-28T17:23:20.303Z,{}
NY.GDP.PCAP.KD,NY.GDP.PCAP.KD--pol,Polska,POL,GDP per capita (constant 2015 US$),2014-12-31,2014,year,2014-01-01,12093.1622787394,USD 2015 / osobę,annual,observed,https://api.worldbank.org/v2/country/POL;WLD;USA;CHN;DEU;IND;KOR;JPN;GBR;FRA;BRA;EST/indicator/NY.GDP.PCAP.KD?format=json&per_page=1000,2026-09-28T17:23:20.303Z,{}
NY.GDP.PCAP.KD,NY.GDP.PCAP.KD--usa,USA,USA,GDP per capita (constant 2015 US$),2014-12-31,2014,year,2014-01-01,55665.2411187802,USD 2015 / osobę,annual,observed,https://api.worldbank.org/v2/country/POL;WLD;USA;CHN;DEU;IND;KOR;JPN;GBR;FRA;BRA;EST/indicator/NY.GDP.PCAP.KD?format=json&per_page=1000,2026-09-28T17:23:20.303Z,{}
NY.GDP.PCAP.KD,NY.GDP.PCAP.KD--wld,Świat,WLD,GDP per capita (constant 2015 US$),2014-12-31,2014,year,2014-01-01,10000.5832738734,USD 2015 / osobę,annual,observed,https://api.worldbank.org/v2/country/POL;WLD;USA;CHN;DEU;IND;KOR;JPN;GBR;FRA;BRA;EST/indicator/NY.GDP.PCAP.KD?format=json&per_page=1000,2026-09-28T17:23:20.303Z,{}
NY.GDP.PCAP.KD,NY.GDP.PCAP.KD--bra,Brazylia,BRA,GDP per capita (constant 2015 US$),2015-12-31,2015,year,2015-01-01,8936.19661712113,USD 2015 / osobę,annual,observed,https://api.worldbank.org/v2/country/POL;WLD;USA;CHN;DEU;IND;KOR;JPN;GBR;FRA;BRA;EST/indicator/NY.GDP.PCAP.KD?format=json&per_page=1000,2026-09-28T17:23:20.303Z,{}
NY.GDP.PCAP.KD,NY.GDP.PCAP.KD--chn,Chiny,CHN,GDP per capita (constant 2015 US$),2015-12-31,2015,year,2015-01-01,8175.33285077393,USD 2015 / osobę,annual,observed,https://api.worldbank.org/v2/country/POL;WLD;USA;CHN;DEU;IND;KOR;JPN;GBR;FRA;BRA;EST/indicator/NY.GDP.PCAP.KD?format=json&per_page=1000,2026-09-28T17:23:20.303Z,{}
NY.GDP.PCAP.KD,NY.GDP.PCAP.KD--deu,Niemcy,DEU,GDP per capita (constant 2015 US$),2015-12-31,2015,year,2015-01-01,41929.7549110722,USD 2015 / osobę,annual,observed,https://api.worldbank.org/v2/country/POL;WLD;USA;CHN;DEU;IND;KOR;JPN;GBR;FRA;BRA;EST/indicator/NY.GDP.PCAP.KD?format=json&per_page=1000,2026-09-28T17:23:20.303Z,{}
NY.GDP.PCAP.KD,NY.GDP.PCAP.KD--est,Estonia,EST,GDP per capita (constant 2015 US$),2015-12-31,2015,year,2015-01-01,17722.1557669523,USD 2015 / osobę,annual,observed,https://api.worldbank.org/v2/country/POL;WLD;USA;CHN;DEU;IND;KOR;JPN;GBR;FRA;BRA;EST/indicator/NY.GDP.PCAP.KD?format=json&per_page=1000,2026-09-28T17:23:20.303Z,{}
NY.GDP.PCAP.KD,NY.GDP.PCAP.KD--fra,Francja,FRA,GDP per capita (constant 2015 US$),2015-12-31,2015,year,2015-01-01,36702.4323733379,USD 2015 / osobę,annual,observed,https://api.worldbank.org/v2/country/POL;WLD;USA;CHN;DEU;IND;KOR;JPN;GBR;FRA;BRA;EST/indicator/NY.GDP.PCAP.KD?format=json&per_page=1000,2026-09-28T17:23:20.303Z,{}
NY.GDP.PCAP.KD,NY.GDP.PCAP.KD--gbr,Wielka Brytania,GBR,GDP per capita (constant 2015 US$),2015-12-31,2015,year,2015-01-01,45256.040227057,USD 2015 / osobę,annual,observed,https://api.worldbank.org/v2/country/POL;WLD;USA;CHN;DEU;IND;KOR;JPN;GBR;FRA;BRA;EST/indicator/NY.GDP.PCAP.KD?format=json&per_page=1000,2026-09-28T17:23:20.303Z,{}
NY.GDP.PCAP.KD,NY.GDP.PCAP.KD--ind,Indie,IND,GDP per capita (constant 2015 US$),2015-12-31,2015,year,2015-01-01,1583.99815907985,USD 2015 / osobę,annual,observed,https://api.worldbank.org/v2/country/POL;WLD;USA;CHN;DEU;IND;KOR;JPN;GBR;FRA;BRA;EST/indicator/NY.GDP.PCAP.KD?format=json&per_page=1000,2026-09-28T17:23:20.303Z,{}
NY.GDP.PCAP.KD,NY.GDP.PCAP.KD--jpn,Japonia,JPN,GDP per capita (constant 2015 US$),2015-12-31,2015,year,2015-01-01,35664.6446110613,USD 2015 / osobę,annual,observed,https://api.worldbank.org/v2/country/POL;WLD;USA;CHN;DEU;IND;KOR;JPN;GBR;FRA;BRA;EST/indicator/NY.GDP.PCAP.KD?format=json&per_page=1000,2026-09-28T17:23:20.303Z,{}
NY.GDP.PCAP.KD,NY.GDP.PCAP.KD--kor,Korea Płd.,KOR,GDP per capita (constant 2015 US$),2015-12-31,2015,year,2015-01-01,30171.7906545222,USD 2015 / osobę,annual,observed,https://api.worldbank.org/v2/country/POL;WLD;USA;CHN;DEU;IND;KOR;JPN;GBR;FRA;BRA;EST/indicator/NY.GDP.PCAP.KD?format=json&per_page=1000,2026-09-28T17:23:20.303Z,{}
NY.GDP.PCAP.KD,NY.GDP.PCAP.KD--pol,Polska,POL,GDP per capita (constant 2015 US$),2015-12-31,2015,year,2015-01-01,12637.5220324406,USD 2015 / osobę,annual,observed,https://api.worldbank.org/v2/country/POL;WLD;USA;CHN;DEU;IND;KOR;JPN;GBR;FRA;BRA;EST/indicator/NY.GDP.PCAP.KD?format=json&per_page=1000,2026-09-28T17:23:20.303Z,{}
NY.GDP.PCAP.KD,NY.GDP.PCAP.KD--usa,USA,USA,GDP per capita (constant 2015 US$),2015-12-31,2015,year,2015-01-01,56849.4697923159,USD 2015 / osobę,annual,observed,https://api.worldbank.org/v2/country/POL;WLD;USA;CHN;DEU;IND;KOR;JPN;GBR;FRA;BRA;EST/indicator/NY.GDP.PCAP.KD?format=json&per_page=1000,2026-09-28T17:23:20.303Z,{}
NY.GDP.PCAP.KD,NY.GDP.PCAP.KD--wld,Świat,WLD,GDP per capita (constant 2015 US$),2015-12-31,2015,year,2015-01-01,10191.9752512662,USD 2015 / osobę,annual,observed,https://api.worldbank.org/v2/country/POL;WLD;USA;CHN;DEU;IND;KOR;JPN;GBR;FRA;BRA;EST/indicator/NY.GDP.PCAP.KD?format=json&per_page=1000,2026-09-28T17:23:20.303Z,{}
NY.GDP.PCAP.KD,NY.GDP.PCAP.KD--bra,Brazylia,BRA,GDP per capita (constant 2015 US$),2016-12-31,2016,year,2016-01-01,8577.84376650911,USD 2015 / osobę,annual,observed,https://api.worldbank.org/v2/country/POL;WLD;USA;CHN;DEU;IND;KOR;JPN;GBR;FRA;BRA;EST/indicator/NY.GDP.PCAP.KD?format=json&per_page=1000,2026-09-28T17:23:20.303Z,{}
NY.GDP.PCAP.KD,NY.GDP.PCAP.KD--chn,Chiny,CHN,GDP per capita (constant 2015 US$),2016-12-31,2016,year,2016-01-01,8679.22528805041,USD 2015 / osobę,annual,observed,https://api.worldbank.org/v2/country/POL;WLD;USA;CHN;DEU;IND;KOR;JPN;GBR;FRA;BRA;EST/indicator/NY.GDP.PCAP.KD?format=json&per_page=1000,2026-09-28T17:23:20.303Z,{}
NY.GDP.PCAP.KD,NY.GDP.PCAP.KD--deu,Niemcy,DEU,GDP per capita (constant 2015 US$),2016-12-31,2016,year,2016-01-01,42516.9337063103,USD 2015 / osobę,annual,observed,https://api.worldbank.org/v2/country/POL;WLD;USA;CHN;DEU;IND;KOR;JPN;GBR;FRA;BRA;EST/indicator/NY.GDP.PCAP.KD?format=json&per_page=1000,2026-09-28T17:23:20.303Z,{}
NY.GDP.PCAP.KD,NY.GDP.PCAP.KD--est,Estonia,EST,GDP per capita (constant 2015 US$),2016-12-31,2016,year,2016-01-01,18264.9873304279,USD 2015 / osobę,annual,observed,https://api.worldbank.org/v2/country/POL;WLD;USA;CHN;DEU;IND;KOR;JPN;GBR;FRA;BRA;EST/indicator/NY.GDP.PCAP.KD?format=json&per_page=1000,2026-09-28T17:23:20.303Z,{}
NY.GDP.PCAP.KD,NY.GDP.PCAP.KD--fra,Francja,FRA,GDP per capita (constant 2015 US$),2016-12-31,2016,year,2016-01-01,36920.5342846914,USD 2015 / osobę,annual,observed,https://api.worldbank.org/v2/country/POL;WLD;USA;CHN;DEU;IND;KOR;JPN;GBR;FRA;BRA;EST/indicator/NY.GDP.PCAP.KD?format=json&per_page=1000,2026-09-28T17:23:20.303Z,{}
NY.GDP.PCAP.KD,NY.GDP.PCAP.KD--gbr,Wielka Brytania,GBR,GDP per capita (constant 2015 US$),2016-12-31,2016,year,2016-01-01,45888.7099614563,USD 2015 / osobę,annual,observed,https://api.worldbank.org/v2/country/POL;WLD;USA;CHN;DEU;IND;KOR;JPN;GBR;FRA;BRA;EST/indicator/NY.GDP.PCAP.KD?format=json&per_page=1000,2026-09-28T17:23:20.303Z,{}
NY.GDP.PCAP.KD,NY.GDP.PCAP.KD--ind,Indie,IND,GDP per capita (constant 2015 US$),2016-12-31,2016,year,2016-01-01,1694.46534973787,USD 2015 / osobę,annual,observed,https://api.worldbank.org/v2/country/POL;WLD;USA;CHN;DEU;IND;KOR;JPN;GBR;FRA;BRA;EST/indicator/NY.GDP.PCAP.KD?format=json&per_page=1000,2026-09-28T17:23:20.303Z,{}
NY.GDP.PCAP.KD,NY.GDP.PCAP.KD--jpn,Japonia,JPN,GDP per capita (constant 2015 US$),2016-12-31,2016,year,2016-01-01,35934.4467886662,USD 2015 / osobę,annual,observed,https://api.worldbank.org/v2/country/POL;WLD;USA;CHN;DEU;IND;KOR;JPN;GBR;FRA;BRA;EST/indicator/NY.GDP.PCAP.KD?format=json&per_page=1000,2026-09-28T17:23:20.303Z,{}
NY.GDP.PCAP.KD,NY.GDP.PCAP.KD--kor,Korea Płd.,KOR,GDP per capita (constant 2015 US$),2016-12-31,2016,year,2016-01-01,31005.4072876388,USD 2015 / osobę,annual,observed,https://api.worldbank.org/v2/country/POL;WLD;USA;CHN;DEU;IND;KOR;JPN;GBR;FRA;BRA;EST/indicator/NY.GDP.PCAP.KD?format=json&per_page=1000,2026-09-28T17:23:20.303Z,{}
NY.GDP.PCAP.KD,NY.GDP.PCAP.KD--pol,Polska,POL,GDP per capita (constant 2015 US$),2016-12-31,2016,year,2016-01-01,13026.1858988718,USD 2015 / osobę,annual,observed,https://api.worldbank.org/v2/country/POL;WLD;USA;CHN;DEU;IND;KOR;JPN;GBR;FRA;BRA;EST/indicator/NY.GDP.PCAP.KD?format=json&per_page=1000,2026-09-28T17:23:20.303Z,{}
NY.GDP.PCAP.KD,NY.GDP.PCAP.KD--usa,USA,USA,GDP per capita (constant 2015 US$),2016-12-31,2016,year,2016-01-01,57430.8499298804,USD 2015 / osobę,annual,observed,https://api.worldbank.org/v2/country/POL;WLD;USA;CHN;DEU;IND;KOR;JPN;GBR;FRA;BRA;EST/indicator/NY.GDP.PCAP.KD?format=json&per_page=1000,2026-09-28T17:23:20.303Z,{}
NY.GDP.PCAP.KD,NY.GDP.PCAP.KD--wld,Świat,WLD,GDP per capita (constant 2015 US$),2016-12-31,2016,year,2016-01-01,10355.0449873521,USD 2015 / osobę,annual,observed,https://api.worldbank.org/v2/country/POL;WLD;USA;CHN;DEU;IND;KOR;JPN;GBR;FRA;BRA;EST/indicator/NY.GDP.PCAP.KD?format=json&per_page=1000,2026-09-28T17:23:20.303Z,{}
NY.GDP.PCAP.KD,NY.GDP.PCAP.KD--bra,Brazylia,BRA,GDP per capita (constant 2015 US$),2017-12-31,2017,year,2017-01-01,8628.25308908043,USD 2015 / osobę,annual,observed,https://api.worldbank.org/v2/country/POL;WLD;USA;CHN;DEU;IND;KOR;JPN;GBR;FRA;BRA;EST/indicator/NY.GDP.PCAP.KD?format=json&per_page=1000,2026-09-28T17:23:20.303Z,{}
NY.GDP.PCAP.KD,NY.GDP.PCAP.KD--chn,Chiny,CHN,GDP per capita (constant 2015 US$),2017-12-31,2017,year,2017-01-01,9221.35045639842,USD 2015 / osobę,annual,observed,https://api.worldbank.org/v2/country/POL;WLD;USA;CHN;DEU;IND;KOR;JPN;GBR;FRA;BRA;EST/indicator/NY.GDP.PCAP.KD?format=json&per_page=1000,2026-09-28T17:23:20.303Z,{}
NY.GDP.PCAP.KD,NY.GDP.PCAP.KD--deu,Niemcy,DEU,GDP per capita (constant 2015 US$),2017-12-31,2017,year,2017-01-01,43543.4807050551,USD 2015 / osobę,annual,observed,https://api.worldbank.org/v2/country/POL;WLD;USA;CHN;DEU;IND;KOR;JPN;GBR;FRA;BRA;EST/indicator/NY.GDP.PCAP.KD?format=json&per_page=1000,2026-09-28T17:23:20.303Z,{}
NY.GDP.PCAP.KD,NY.GDP.PCAP.KD--est,Estonia,EST,GDP per capita (constant 2015 US$),2017-12-31,2017,year,2017-01-01,19270.8141210511,USD 2015 / osobę,annual,observed,https://api.worldbank.org/v2/country/POL;WLD;USA;CHN;DEU;IND;KOR;JPN;GBR;FRA;BRA;EST/indicator/NY.GDP.PCAP.KD?format=json&per_page=1000,2026-09-28T17:23:20.303Z,{}
NY.GDP.PCAP.KD,NY.GDP.PCAP.KD--fra,Francja,FRA,GDP per capita (constant 2015 US$),2017-12-31,2017,year,2017-01-01,37580.5979329356,USD 2015 / osobę,annual,observed,https://api.worldbank.org/v2/country/POL;WLD;USA;CHN;DEU;IND;KOR;JPN;GBR;FRA;BRA;EST/indicator/NY.GDP.PCAP.KD?format=json&per_page=1000,2026-09-28T17:23:20.303Z,{}
NY.GDP.PCAP.KD,NY.GDP.PCAP.KD--gbr,Wielka Brytania,GBR,GDP per capita (constant 2015 US$),2017-12-31,2017,year,2017-01-01,47019.4510419999,USD 2015 / osobę,annual,observed,https://api.worldbank.org/v2/country/POL;WLD;USA;CHN;DEU;IND;KOR;JPN;GBR;FRA;BRA;EST/indicator/NY.GDP.PCAP.KD?format=json&per_page=1000,2026-09-28T17:23:20.303Z,{}
NY.GDP.PCAP.KD,NY.GDP.PCAP.KD--ind,Indie,IND,GDP per capita (constant 2015 US$),2017-12-31,2017,year,2017-01-01,1788.69770318481,USD 2015 / osobę,annual,observed,https://api.worldbank.org/v2/country/POL;WLD;USA;CHN;DEU;IND;KOR;JPN;GBR;FRA;BRA;EST/indicator/NY.GDP.PCAP.KD?format=json&per_page=1000,2026-09-28T17:23:20.303Z,{}
NY.GDP.PCAP.KD,NY.GDP.PCAP.KD--jpn,Japonia,JPN,GDP per capita (constant 2015 US$),2017-12-31,2017,year,2017-01-01,36547.7357437305,USD 2015 / osobę,annual,observed,https://api.worldbank.org/v2/country/POL;WLD;USA;CHN;DEU;IND;KOR;JPN;GBR;FRA;BRA;EST/indicator/NY.GDP.PCAP.KD?format=json&per_page=1000,2026-09-28T17:23:20.303Z,{}
NY.GDP.PCAP.KD,NY.GDP.PCAP.KD--kor,Korea Płd.,KOR,GDP per capita (constant 2015 US$),2017-12-31,2017,year,2017-01-01,31979.9027302467,USD 2015 / osobę,annual,observed,https://api.worldbank.org/v2/country/POL;WLD;USA;CHN;DEU;IND;KOR;JPN;GBR;FRA;BRA;EST/indicator/NY.GDP.PCAP.KD?format=json&per_page=1000,2026-09-28T17:23:20.303Z,{}
NY.GDP.PCAP.KD,NY.GDP.PCAP.KD--pol,Polska,POL,GDP per capita (constant 2015 US$),2017-12-31,2017,year,2017-01-01,13695.6452848724,USD 2015 / osobę,annual,observed,https://api.worldbank.org/v2/country/POL;WLD;USA;CHN;DEU;IND;KOR;JPN;GBR;FRA;BRA;EST/indicator/NY.GDP.PCAP.KD?format=json&per_page=1000,2026-09-28T17:23:20.303Z,{}
NY.GDP.PCAP.KD,NY.GDP.PCAP.KD--usa,USA,USA,GDP per capita (constant 2015 US$),2017-12-31,2017,year,2017-01-01,58435.9707535619,USD 2015 / osobę,annual,observed,https://api.worldbank.org/v2/country/POL;WLD;USA;CHN;DEU;IND;KOR;JPN;GBR;FRA;BRA;EST/indicator/NY.GDP.PCAP.KD?format=json&per_page=1000,2026-09-28T17:23:20.303Z,{}
NY.GDP.PCAP.KD,NY.GDP.PCAP.KD--wld,Świat,WLD,GDP per capita (constant 2015 US$),2017-12-31,2017,year,2017-01-01,10591.5550846784,USD 2015 / osobę,annual,observed,https://api.worldbank.org/v2/country/POL;WLD;USA;CHN;DEU;IND;KOR;JPN;GBR;FRA;BRA;EST/indicator/NY.GDP.PCAP.KD?format=json&per_page=1000,2026-09-28T17:23:20.303Z,{}
NY.GDP.PCAP.KD,NY.GDP.PCAP.KD--bra,Brazylia,BRA,GDP per capita (constant 2015 US$),2018-12-31,2018,year,2018-01-01,8722.33630317935,USD 2015 / osobę,annual,observed,https://api.worldbank.org/v2/country/POL;WLD;USA;CHN;DEU;IND;KOR;JPN;GBR;FRA;BRA;EST/indicator/NY.GDP.PCAP.KD?format=json&per_page=1000,2026-09-28T17:23:20.303Z,{}
NY.GDP.PCAP.KD,NY.GDP.PCAP.KD--chn,Chiny,CHN,GDP per capita (constant 2015 US$),2018-12-31,2018,year,2018-01-01,9798.57890566402,USD 2015 / osobę,annual,observed,https://api.worldbank.org/v2/country/POL;WLD;USA;CHN;DEU;IND;KOR;JPN;GBR;FRA;BRA;EST/indicator/NY.GDP.PCAP.KD?format=json&per_page=1000,2026-09-28T17:23:20.303Z,{}
NY.GDP.PCAP.KD,NY.GDP.PCAP.KD--deu,Niemcy,DEU,GDP per capita (constant 2015 US$),2018-12-31,2018,year,2018-01-01,43905.8550061973,USD 2015 / osobę,annual,observed,https://api.worldbank.org/v2/country/POL;WLD;USA;CHN;DEU;IND;KOR;JPN;GBR;FRA;BRA;EST/indicator/NY.GDP.PCAP.KD?format=json&per_page=1000,2026-09-28T17:23:20.303Z,{}
NY.GDP.PCAP.KD,NY.GDP.PCAP.KD--est,Estonia,EST,GDP per capita (constant 2015 US$),2018-12-31,2018,year,2018-01-01,19914.3454922878,USD 2015 / osobę,annual,observed,https://api.worldbank.org/v2/country/POL;WLD;USA;CHN;DEU;IND;KOR;JPN;GBR;FRA;BRA;EST/indicator/NY.GDP.PCAP.KD?format=json&per_page=1000,2026-09-28T17:23:20.303Z,{}
NY.GDP.PCAP.KD,NY.GDP.PCAP.KD--fra,Francja,FRA,GDP per capita (constant 2015 US$),2018-12-31,2018,year,2018-01-01,38062.4435961412,USD 2015 / osobę,annual,observed,https://api.worldbank.org/v2/country/POL;WLD;USA;CHN;DEU;IND;KOR;JPN;GBR;FRA;BRA;EST/indicator/NY.GDP.PCAP.KD?format=json&per_page=1000,2026-09-28T17:23:20.303Z,{}
NY.GDP.PCAP.KD,NY.GDP.PCAP.KD--gbr,Wielka Brytania,GBR,GDP per capita (constant 2015 US$),2018-12-31,2018,year,2018-01-01,47516.2099770322,USD 2015 / osobę,annual,observed,https://api.worldbank.org/v2/country/POL;WLD;USA;CHN;DEU;IND;KOR;JPN;GBR;FRA;BRA;EST/indicator/NY.GDP.PCAP.KD?format=json&per_page=1000,2026-09-28T17:23:20.303Z,{}
NY.GDP.PCAP.KD,NY.GDP.PCAP.KD--ind,Indie,IND,GDP per capita (constant 2015 US$),2018-12-31,2018,year,2018-01-01,1883.35772705055,USD 2015 / osobę,annual,observed,https://api.worldbank.org/v2/country/POL;WLD;USA;CHN;DEU;IND;KOR;JPN;GBR;FRA;BRA;EST/indicator/NY.GDP.PCAP.KD?format=json&per_page=1000,2026-09-28T17:23:20.303Z,{}
NY.GDP.PCAP.KD,NY.GDP.PCAP.KD--jpn,Japonia,JPN,GDP per capita (constant 2015 US$),2018-12-31,2018,year,2018-01-01,36899.3847079435,USD 2015 / osobę,annual,observed,https://api.worldbank.org/v2/country/POL;WLD;USA;CHN;DEU;IND;KOR;JPN;GBR;FRA;BRA;EST/indicator/NY.GDP.PCAP.KD?format=json&per_page=1000,2026-09-28T17:23:20.303Z,{}
NY.GDP.PCAP.KD,NY.GDP.PCAP.KD--kor,Korea Płd.,KOR,GDP per capita (constant 2015 US$),2018-12-31,2018,year,2018-01-01,32852.8887488942,USD 2015 / osobę,annual,observed,https://api.worldbank.org/v2/country/POL;WLD;USA;CHN;DEU;IND;KOR;JPN;GBR;FRA;BRA;EST/indicator/NY.GDP.PCAP.KD?format=json&per_page=1000,2026-09-28T17:23:20.303Z,{}
NY.GDP.PCAP.KD,NY.GDP.PCAP.KD--pol,Polska,POL,GDP per capita (constant 2015 US$),2018-12-31,2018,year,2018-01-01,14551.0850277089,USD 2015 / osobę,annual,observed,https://api.worldbank.org/v2/country/POL;WLD;USA;CHN;DEU;IND;KOR;JPN;GBR;FRA;BRA;EST/indicator/NY.GDP.PCAP.KD?format=json&per_page=1000,2026-09-28T17:23:20.303Z,{}
NY.GDP.PCAP.KD,NY.GDP.PCAP.KD--usa,USA,USA,GDP per capita (constant 2015 US$),2018-12-31,2018,year,2018-01-01,59817.6556798612,USD 2015 / osobę,annual,observed,https://api.worldbank.org/v2/country/POL;WLD;USA;CHN;DEU;IND;KOR;JPN;GBR;FRA;BRA;EST/indicator/NY.GDP.PCAP.KD?format=json&per_page=1000,2026-09-28T17:23:20.303Z,{}
NY.GDP.PCAP.KD,NY.GDP.PCAP.KD--wld,Świat,WLD,GDP per capita (constant 2015 US$),2018-12-31,2018,year,2018-01-01,10822.5745320636,USD 2015 / osobę,annual,observed,https://api.worldbank.org/v2/country/POL;WLD;USA;CHN;DEU;IND;KOR;JPN;GBR;FRA;BRA;EST/indicator/NY.GDP.PCAP.KD?format=json&per_page=1000,2026-09-28T17:23:20.303Z,{}
NY.GDP.PCAP.KD,NY.GDP.PCAP.KD--bra,Brazylia,BRA,GDP per capita (constant 2015 US$),2019-12-31,2019,year,2019-01-01,8771.44051292177,USD 2015 / osobę,annual,observed,https://api.worldbank.org/v2/country/POL;WLD;USA;CHN;DEU;IND;KOR;JPN;GBR;FRA;BRA;EST/indicator/NY.GDP.PCAP.KD?format=json&per_page=1000,2026-09-28T17:23:20.303Z,{}
NY.GDP.PCAP.KD,NY.GDP.PCAP.KD--chn,Chiny,CHN,GDP per capita (constant 2015 US$),2019-12-31,2019,year,2019-01-01,10356.2924890582,USD 2015 / osobę,annual,observed,https://api.worldbank.org/v2/country/POL;WLD;USA;CHN;DEU;IND;KOR;JPN;GBR;FRA;BRA;EST/indicator/NY.GDP.PCAP.KD?format=json&per_page=1000,2026-09-28T17:23:20.303Z,{}
NY.GDP.PCAP.KD,NY.GDP.PCAP.KD--deu,Niemcy,DEU,GDP per capita (constant 2015 US$),2019-12-31,2019,year,2019-01-01,44235.2658954682,USD 2015 / osobę,annual,observed,https://api.worldbank.org/v2/country/POL;WLD;USA;CHN;DEU;IND;KOR;JPN;GBR;FRA;BRA;EST/indicator/NY.GDP.PCAP.KD?format=json&per_page=1000,2026-09-28T17:23:20.303Z,{}
NY.GDP.PCAP.KD,NY.GDP.PCAP.KD--est,Estonia,EST,GDP per capita (constant 2015 US$),2019-12-31,2019,year,2019-01-01,20579.8756732376,USD 2015 / osobę,annual,observed,https://api.worldbank.org/v2/country/POL;WLD;USA;CHN;DEU;IND;KOR;JPN;GBR;FRA;BRA;EST/indicator/NY.GDP.PCAP.KD?format=json&per_page=1000,2026-09-28T17:23:20.303Z,{}
NY.GDP.PCAP.KD,NY.GDP.PCAP.KD--fra,Francja,FRA,GDP per capita (constant 2015 US$),2019-12-31,2019,year,2019-01-01,38705.2072940618,USD 2015 / osobę,annual,observed,https://api.worldbank.org/v2/country/POL;WLD;USA;CHN;DEU;IND;KOR;JPN;GBR;FRA;BRA;EST/indicator/NY.GDP.PCAP.KD?format=json&per_page=1000,2026-09-28T17:23:20.303Z,{}
NY.GDP.PCAP.KD,NY.GDP.PCAP.KD--gbr,Wielka Brytania,GBR,GDP per capita (constant 2015 US$),2019-12-31,2019,year,2019-01-01,47866.9140354078,USD 2015 / osobę,annual,observed,https://api.worldbank.org/v2/country/POL;WLD;USA;CHN;DEU;IND;KOR;JPN;GBR;FRA;BRA;EST/indicator/NY.GDP.PCAP.KD?format=json&per_page=1000,2026-09-28T17:23:20.303Z,{}
NY.GDP.PCAP.KD,NY.GDP.PCAP.KD--ind,Indie,IND,GDP per capita (constant 2015 US$),2019-12-31,2019,year,2019-01-01,1936.03067741063,USD 2015 / osobę,annual,observed,https://api.worldbank.org/v2/country/POL;WLD;USA;CHN;DEU;IND;KOR;JPN;GBR;FRA;BRA;EST/indicator/NY.GDP.PCAP.KD?format=json&per_page=1000,2026-09-28T17:23:20.303Z,{}
NY.GDP.PCAP.KD,NY.GDP.PCAP.KD--jpn,Japonia,JPN,GDP per capita (constant 2015 US$),2019-12-31,2019,year,2019-01-01,36837.2583653113,USD 2015 / osobę,annual,observed,https://api.worldbank.org/v2/country/POL;WLD;USA;CHN;DEU;IND;KOR;JPN;GBR;FRA;BRA;EST/indicator/NY.GDP.PCAP.KD?format=json&per_page=1000,2026-09-28T17:23:20.303Z,{}
NY.GDP.PCAP.KD,NY.GDP.PCAP.KD--kor,Korea Płd.,KOR,GDP per capita (constant 2015 US$),2019-12-31,2019,year,2019-01-01,33496.3113815643,USD 2015 / osobę,annual,observed,https://api.worldbank.org/v2/country/POL;WLD;USA;CHN;DEU;IND;KOR;JPN;GBR;FRA;BRA;EST/indicator/NY.GDP.PCAP.KD?format=json&per_page=1000,2026-09-28T17:23:20.303Z,{}
NY.GDP.PCAP.KD,NY.GDP.PCAP.KD--pol,Polska,POL,GDP per capita (constant 2015 US$),2019-12-31,2019,year,2019-01-01,15221.3090624454,USD 2015 / osobę,annual,observed,https://api.worldbank.org/v2/country/POL;WLD;USA;CHN;DEU;IND;KOR;JPN;GBR;FRA;BRA;EST/indicator/NY.GDP.PCAP.KD?format=json&per_page=1000,2026-09-28T17:23:20.303Z,{}
NY.GDP.PCAP.KD,NY.GDP.PCAP.KD--usa,USA,USA,GDP per capita (constant 2015 US$),2019-12-31,2019,year,2019-01-01,61047.9648238812,USD 2015 / osobę,annual,observed,https://api.worldbank.org/v2/country/POL;WLD;USA;CHN;DEU;IND;KOR;JPN;GBR;FRA;BRA;EST/indicator/NY.GDP.PCAP.KD?format=json&per_page=1000,2026-09-28T17:23:20.303Z,{}
NY.GDP.PCAP.KD,NY.GDP.PCAP.KD--wld,Świat,WLD,GDP per capita (constant 2015 US$),2019-12-31,2019,year,2019-01-01,10996.909518407,USD 2015 / osobę,annual,observed,https://api.worldbank.org/v2/country/POL;WLD;USA;CHN;DEU;IND;KOR;JPN;GBR;FRA;BRA;EST/indicator/NY.GDP.PCAP.KD?format=json&per_page=1000,2026-09-28T17:23:20.303Z,{}
NY.GDP.PCAP.KD,NY.GDP.PCAP.KD--bra,Brazylia,BRA,GDP per capita (constant 2015 US$),2020-12-31,2020,year,2020-01-01,8435.01143254978,USD 2015 / osobę,annual,observed,https://api.worldbank.org/v2/country/POL;WLD;USA;CHN;DEU;IND;KOR;JPN;GBR;FRA;BRA;EST/indicator/NY.GDP.PCAP.KD?format=json&per_page=1000,2026-09-28T17:23:20.303Z,{}
NY.GDP.PCAP.KD,NY.GDP.PCAP.KD--chn,Chiny,CHN,GDP per capita (constant 2015 US$),2020-12-31,2020,year,2020-01-01,10573.3794064211,USD 2015 / osobę,annual,observed,https://api.worldbank.org/v2/country/POL;WLD;USA;CHN;DEU;IND;KOR;JPN;GBR;FRA;BRA;EST/indicator/NY.GDP.PCAP.KD?format=json&per_page=1000,2026-09-28T17:23:20.303Z,{}
NY.GDP.PCAP.KD,NY.GDP.PCAP.KD--deu,Niemcy,DEU,GDP per capita (constant 2015 US$),2020-12-31,2020,year,2020-01-01,42372.8726784255,USD 2015 / osobę,annual,observed,https://api.worldbank.org/v2/country/POL;WLD;USA;CHN;DEU;IND;KOR;JPN;GBR;FRA;BRA;EST/indicator/NY.GDP.PCAP.KD?format=json&per_page=1000,2026-09-28T17:23:20.303Z,{}
NY.GDP.PCAP.KD,NY.GDP.PCAP.KD--est,Estonia,EST,GDP per capita (constant 2015 US$),2020-12-31,2020,year,2020-01-01,19946.945696898,USD 2015 / osobę,annual,observed,https://api.worldbank.org/v2/country/POL;WLD;USA;CHN;DEU;IND;KOR;JPN;GBR;FRA;BRA;EST/indicator/NY.GDP.PCAP.KD?format=json&per_page=1000,2026-09-28T17:23:20.303Z,{}
NY.GDP.PCAP.KD,NY.GDP.PCAP.KD--fra,Francja,FRA,GDP per capita (constant 2015 US$),2020-12-31,2020,year,2020-01-01,35709.2045925926,USD 2015 / osobę,annual,observed,https://api.worldbank.org/v2/country/POL;WLD;USA;CHN;DEU;IND;KOR;JPN;GBR;FRA;BRA;EST/indicator/NY.GDP.PCAP.KD?format=json&per_page=1000,2026-09-28T17:23:20.303Z,{}
NY.GDP.PCAP.KD,NY.GDP.PCAP.KD--gbr,Wielka Brytania,GBR,GDP per capita (constant 2015 US$),2020-12-31,2020,year,2020-01-01,42985.0392148248,USD 2015 / osobę,annual,observed,https://api.worldbank.org/v2/country/POL;WLD;USA;CHN;DEU;IND;KOR;JPN;GBR;FRA;BRA;EST/indicator/NY.GDP.PCAP.KD?format=json&per_page=1000,2026-09-28T17:23:20.303Z,{}
NY.GDP.PCAP.KD,NY.GDP.PCAP.KD--ind,Indie,IND,GDP per capita (constant 2015 US$),2020-12-31,2020,year,2020-01-01,1806.50110583865,USD 2015 / osobę,annual,observed,https://api.worldbank.org/v2/country/POL;WLD;USA;CHN;DEU;IND;KOR;JPN;GBR;FRA;BRA;EST/indicator/NY.GDP.PCAP.KD?format=json&per_page=1000,2026-09-28T17:23:20.303Z,{}
NY.GDP.PCAP.KD,NY.GDP.PCAP.KD--jpn,Japonia,JPN,GDP per capita (constant 2015 US$),2020-12-31,2020,year,2020-01-01,35363.2996951789,USD 2015 / osobę,annual,observed,https://api.worldbank.org/v2/country/POL;WLD;USA;CHN;DEU;IND;KOR;JPN;GBR;FRA;BRA;EST/indicator/NY.GDP.PCAP.KD?format=json&per_page=1000,2026-09-28T17:23:20.303Z,{}
NY.GDP.PCAP.KD,NY.GDP.PCAP.KD--kor,Korea Płd.,KOR,GDP per capita (constant 2015 US$),2020-12-31,2020,year,2020-01-01,33215.9298928108,USD 2015 / osobę,annual,observed,https://api.worldbank.org/v2/country/POL;WLD;USA;CHN;DEU;IND;KOR;JPN;GBR;FRA;BRA;EST/indicator/NY.GDP.PCAP.KD?format=json&per_page=1000,2026-09-28T17:23:20.303Z,{}
NY.GDP.PCAP.KD,NY.GDP.PCAP.KD--pol,Polska,POL,GDP per capita (constant 2015 US$),2020-12-31,2020,year,2020-01-01,15090.2228440113,USD 2015 / osobę,annual,observed,https://api.worldbank.org/v2/country/POL;WLD;USA;CHN;DEU;IND;KOR;JPN;GBR;FRA;BRA;EST/indicator/NY.GDP.PCAP.KD?format=json&per_page=1000,2026-09-28T17:23:20.303Z,{}
NY.GDP.PCAP.KD,NY.GDP.PCAP.KD--usa,USA,USA,GDP per capita (constant 2015 US$),2020-12-31,2020,year,2020-01-01,59533.609024416,USD 2015 / osobę,annual,observed,https://api.worldbank.org/v2/country/POL;WLD;USA;CHN;DEU;IND;KOR;JPN;GBR;FRA;BRA;EST/indicator/NY.GDP.PCAP.KD?format=json&per_page=1000,2026-09-28T17:23:20.303Z,{}
NY.GDP.PCAP.KD,NY.GDP.PCAP.KD--wld,Świat,WLD,GDP per capita (constant 2015 US$),2020-12-31,2020,year,2020-01-01,10575.2194883029,USD 2015 / osobę,annual,observed,https://api.worldbank.org/v2/country/POL;WLD;USA;CHN;DEU;IND;KOR;JPN;GBR;FRA;BRA;EST/indicator/NY.GDP.PCAP.KD?format=json&per_page=1000,2026-09-28T17:23:20.303Z,{}
NY.GDP.PCAP.KD,NY.GDP.PCAP.KD--bra,Brazylia,BRA,GDP per capita (constant 2015 US$),2021-12-31,2021,year,2021-01-01,8799.22945810901,USD 2015 / osobę,annual,observed,https://api.worldbank.org/v2/country/POL;WLD;USA;CHN;DEU;IND;KOR;JPN;GBR;FRA;BRA;EST/indicator/NY.GDP.PCAP.KD?format=json&per_page=1000,2026-09-28T17:23:20.303Z,{}
NY.GDP.PCAP.KD,NY.GDP.PCAP.KD--chn,Chiny,CHN,GDP per capita (constant 2015 US$),2021-12-31,2021,year,2021-01-01,11469.3174514512,USD 2015 / osobę,annual,observed,https://api.worldbank.org/v2/country/POL;WLD;USA;CHN;DEU;IND;KOR;JPN;GBR;FRA;BRA;EST/indicator/NY.GDP.PCAP.KD?format=json&per_page=1000,2026-09-28T17:23:20.303Z,{}
NY.GDP.PCAP.KD,NY.GDP.PCAP.KD--deu,Niemcy,DEU,GDP per capita (constant 2015 US$),2021-12-31,2021,year,2021-01-01,44011.0194631674,USD 2015 / osobę,annual,observed,https://api.worldbank.org/v2/country/POL;WLD;USA;CHN;DEU;IND;KOR;JPN;GBR;FRA;BRA;EST/indicator/NY.GDP.PCAP.KD?format=json&per_page=1000,2026-09-28T17:23:20.303Z,{}
NY.GDP.PCAP.KD,NY.GDP.PCAP.KD--est,Estonia,EST,GDP per capita (constant 2015 US$),2021-12-31,2021,year,2021-01-01,21570.6658455268,USD 2015 / osobę,annual,observed,https://api.worldbank.org/v2/country/POL;WLD;USA;CHN;DEU;IND;KOR;JPN;GBR;FRA;BRA;EST/indicator/NY.GDP.PCAP.KD?format=json&per_page=1000,2026-09-28T17:23:20.303Z,{}
NY.GDP.PCAP.KD,NY.GDP.PCAP.KD--fra,Francja,FRA,GDP per capita (constant 2015 US$),2021-12-31,2021,year,2021-01-01,38030.8571685178,USD 2015 / osobę,annual,observed,https://api.worldbank.org/v2/country/POL;WLD;USA;CHN;DEU;IND;KOR;JPN;GBR;FRA;BRA;EST/indicator/NY.GDP.PCAP.KD?format=json&per_page=1000,2026-09-28T17:23:20.303Z,{}
NY.GDP.PCAP.KD,NY.GDP.PCAP.KD--gbr,Wielka Brytania,GBR,GDP per capita (constant 2015 US$),2021-12-31,2021,year,2021-01-01,46491.5068836685,USD 2015 / osobę,annual,observed,https://api.worldbank.org/v2/country/POL;WLD;USA;CHN;DEU;IND;KOR;JPN;GBR;FRA;BRA;EST/indicator/NY.GDP.PCAP.KD?format=json&per_page=1000,2026-09-28T17:23:20.303Z,{}
NY.GDP.PCAP.KD,NY.GDP.PCAP.KD--ind,Indie,IND,GDP per capita (constant 2015 US$),2021-12-31,2021,year,2021-01-01,1965.30943437472,USD 2015 / osobę,annual,observed,https://api.worldbank.org/v2/country/POL;WLD;USA;CHN;DEU;IND;KOR;JPN;GBR;FRA;BRA;EST/indicator/NY.GDP.PCAP.KD?format=json&per_page=1000,2026-09-28T17:23:20.303Z,{}
NY.GDP.PCAP.KD,NY.GDP.PCAP.KD--jpn,Japonia,JPN,GDP per capita (constant 2015 US$),2021-12-31,2021,year,2021-01-01,36792.556429474,USD 2015 / osobę,annual,observed,https://api.worldbank.org/v2/country/POL;WLD;USA;CHN;DEU;IND;KOR;JPN;GBR;FRA;BRA;EST/indicator/NY.GDP.PCAP.KD?format=json&per_page=1000,2026-09-28T17:23:20.303Z,{}
NY.GDP.PCAP.KD,NY.GDP.PCAP.KD--kor,Korea Płd.,KOR,GDP per capita (constant 2015 US$),2021-12-31,2021,year,2021-01-01,34792.9397214598,USD 2015 / osobę,annual,observed,https://api.worldbank.org/v2/country/POL;WLD;USA;CHN;DEU;IND;KOR;JPN;GBR;FRA;BRA;EST/indicator/NY.GDP.PCAP.KD?format=json&per_page=1000,2026-09-28T17:23:20.303Z,{}
NY.GDP.PCAP.KD,NY.GDP.PCAP.KD--pol,Polska,POL,GDP per capita (constant 2015 US$),2021-12-31,2021,year,2021-01-01,16368.6239689025,USD 2015 / osobę,annual,observed,https://api.worldbank.org/v2/country/POL;WLD;USA;CHN;DEU;IND;KOR;JPN;GBR;FRA;BRA;EST/indicator/NY.GDP.PCAP.KD?format=json&per_page=1000,2026-09-28T17:23:20.303Z,{}
NY.GDP.PCAP.KD,NY.GDP.PCAP.KD--usa,USA,USA,GDP per capita (constant 2015 US$),2021-12-31,2021,year,2021-01-01,63096.7856149746,USD 2015 / osobę,annual,observed,https://api.worldbank.org/v2/country/POL;WLD;USA;CHN;DEU;IND;KOR;JPN;GBR;FRA;BRA;EST/indicator/NY.GDP.PCAP.KD?format=json&per_page=1000,2026-09-28T17:23:20.303Z,{}
NY.GDP.PCAP.KD,NY.GDP.PCAP.KD--wld,Świat,WLD,GDP per capita (constant 2015 US$),2021-12-31,2021,year,2021-01-01,11167.6044923385,USD 2015 / osobę,annual,observed,https://api.worldbank.org/v2/country/POL;WLD;USA;CHN;DEU;IND;KOR;JPN;GBR;FRA;BRA;EST/indicator/NY.GDP.PCAP.KD?format=json&per_page=1000,2026-09-28T17:23:20.303Z,{}
NY.GDP.PCAP.KD,NY.GDP.PCAP.KD--bra,Brazylia,BRA,GDP per capita (constant 2015 US$),2022-12-31,2022,year,2022-01-01,9032.08481566299,USD 2015 / osobę,annual,observed,https://api.worldbank.org/v2/country/POL;WLD;USA;CHN;DEU;IND;KOR;JPN;GBR;FRA;BRA;EST/indicator/NY.GDP.PCAP.KD?format=json&per_page=1000,2026-09-28T17:23:20.303Z,{}
NY.GDP.PCAP.KD,NY.GDP.PCAP.KD--chn,Chiny,CHN,GDP per capita (constant 2015 US$),2022-12-31,2022,year,2022-01-01,11830.298767861,USD 2015 / osobę,annual,observed,https://api.worldbank.org/v2/country/POL;WLD;USA;CHN;DEU;IND;KOR;JPN;GBR;FRA;BRA;EST/indicator/NY.GDP.PCAP.KD?format=json&per_page=1000,2026-09-28T17:23:20.303Z,{}
NY.GDP.PCAP.KD,NY.GDP.PCAP.KD--deu,Niemcy,DEU,GDP per capita (constant 2015 US$),2022-12-31,2022,year,2022-01-01,44817.1316331389,USD 2015 / osobę,annual,observed,https://api.worldbank.org/v2/country/POL;WLD;USA;CHN;DEU;IND;KOR;JPN;GBR;FRA;BRA;EST/indicator/NY.GDP.PCAP.KD?format=json&per_page=1000,2026-09-28T17:23:20.303Z,{}
NY.GDP.PCAP.KD,NY.GDP.PCAP.KD--est,Estonia,EST,GDP per capita (constant 2015 US$),2022-12-31,2022,year,2022-01-01,21023.2994937246,USD 2015 / osobę,annual,observed,https://api.worldbank.org/v2/country/POL;WLD;USA;CHN;DEU;IND;KOR;JPN;GBR;FRA;BRA;EST/indicator/NY.GDP.PCAP.KD?format=json&per_page=1000,2026-09-28T17:23:20.303Z,{}
NY.GDP.PCAP.KD,NY.GDP.PCAP.KD--fra,Francja,FRA,GDP per capita (constant 2015 US$),2022-12-31,2022,year,2022-01-01,38868.3303330557,USD 2015 / osobę,annual,observed,https://api.worldbank.org/v2/country/POL;WLD;USA;CHN;DEU;IND;KOR;JPN;GBR;FRA;BRA;EST/indicator/NY.GDP.PCAP.KD?format=json&per_page=1000,2026-09-28T17:23:20.303Z,{}
NY.GDP.PCAP.KD,NY.GDP.PCAP.KD--gbr,Wielka Brytania,GBR,GDP per capita (constant 2015 US$),2022-12-31,2022,year,2022-01-01,48410.095170282,USD 2015 / osobę,annual,observed,https://api.worldbank.org/v2/country/POL;WLD;USA;CHN;DEU;IND;KOR;JPN;GBR;FRA;BRA;EST/indicator/NY.GDP.PCAP.KD?format=json&per_page=1000,2026-09-28T17:23:20.303Z,{}
NY.GDP.PCAP.KD,NY.GDP.PCAP.KD--ind,Indie,IND,GDP per capita (constant 2015 US$),2022-12-31,2022,year,2022-01-01,2098.21124476122,USD 2015 / osobę,annual,observed,https://api.worldbank.org/v2/country/POL;WLD;USA;CHN;DEU;IND;KOR;JPN;GBR;FRA;BRA;EST/indicator/NY.GDP.PCAP.KD?format=json&per_page=1000,2026-09-28T17:23:20.303Z,{}
NY.GDP.PCAP.KD,NY.GDP.PCAP.KD--jpn,Japonia,JPN,GDP per capita (constant 2015 US$),2022-12-31,2022,year,2022-01-01,37448.3504824849,USD 2015 / osobę,annual,observed,https://api.worldbank.org/v2/country/POL;WLD;USA;CHN;DEU;IND;KOR;JPN;GBR;FRA;BRA;EST/indicator/NY.GDP.PCAP.KD?format=json&per_page=1000,2026-09-28T17:23:20.303Z,{}
NY.GDP.PCAP.KD,NY.GDP.PCAP.KD--kor,Korea Płd.,KOR,GDP per capita (constant 2015 US$),2022-12-31,2022,year,2022-01-01,35809.0138105144,USD 2015 / osobę,annual,observed,https://api.worldbank.org/v2/country/POL;WLD;USA;CHN;DEU;IND;KOR;JPN;GBR;FRA;BRA;EST/indicator/NY.GDP.PCAP.KD?format=json&per_page=1000,2026-09-28T17:23:20.303Z,{}
NY.GDP.PCAP.KD,NY.GDP.PCAP.KD--pol,Polska,POL,GDP per capita (constant 2015 US$),2022-12-31,2022,year,2022-01-01,17303.64494323,USD 2015 / osobę,annual,observed,https://api.worldbank.org/v2/country/POL;WLD;USA;CHN;DEU;IND;KOR;JPN;GBR;FRA;BRA;EST/indicator/NY.GDP.PCAP.KD?format=json&per_page=1000,2026-09-28T17:23:20.303Z,{}
NY.GDP.PCAP.KD,NY.GDP.PCAP.KD--usa,USA,USA,GDP per capita (constant 2015 US$),2022-12-31,2022,year,2022-01-01,64322.2332819139,USD 2015 / osobę,annual,observed,https://api.worldbank.org/v2/country/POL;WLD;USA;CHN;DEU;IND;KOR;JPN;GBR;FRA;BRA;EST/indicator/NY.GDP.PCAP.KD?format=json&per_page=1000,2026-09-28T17:23:20.303Z,{}
NY.GDP.PCAP.KD,NY.GDP.PCAP.KD--wld,Świat,WLD,GDP per capita (constant 2015 US$),2022-12-31,2022,year,2022-01-01,11452.0202124616,USD 2015 / osobę,annual,observed,https://api.worldbank.org/v2/country/POL;WLD;USA;CHN;DEU;IND;KOR;JPN;GBR;FRA;BRA;EST/indicator/NY.GDP.PCAP.KD?format=json&per_page=1000,2026-09-28T17:23:20.303Z,{}
NY.GDP.PCAP.KD,NY.GDP.PCAP.KD--bra,Brazylia,BRA,GDP per capita (constant 2015 US$),2023-12-31,2023,year,2023-01-01,9288.02701470069,USD 2015 / osobę,annual,observed,https://api.worldbank.org/v2/country/POL;WLD;USA;CHN;DEU;IND;KOR;JPN;GBR;FRA;BRA;EST/indicator/NY.GDP.PCAP.KD?format=json&per_page=1000,2026-09-28T17:23:20.303Z,{}
NY.GDP.PCAP.KD,NY.GDP.PCAP.KD--chn,Chiny,CHN,GDP per capita (constant 2015 US$),2023-12-31,2023,year,2023-01-01,12483.9791101249,USD 2015 / osobę,annual,observed,https://api.worldbank.org/v2/country/POL;WLD;USA;CHN;DEU;IND;KOR;JPN;GBR;FRA;BRA;EST/indicator/NY.GDP.PCAP.KD?format=json&per_page=1000,2026-09-28T17:23:20.303Z,{}
NY.GDP.PCAP.KD,NY.GDP.PCAP.KD--deu,Niemcy,DEU,GDP per capita (constant 2015 US$),2023-12-31,2023,year,2023-01-01,44368.9920074881,USD 2015 / osobę,annual,observed,https://api.worldbank.org/v2/country/POL;WLD;USA;CHN;DEU;IND;KOR;JPN;GBR;FRA;BRA;EST/indicator/NY.GDP.PCAP.KD?format=json&per_page=1000,2026-09-28T17:23:20.303Z,{}
NY.GDP.PCAP.KD,NY.GDP.PCAP.KD--est,Estonia,EST,GDP per capita (constant 2015 US$),2023-12-31,2023,year,2023-01-01,20126.3730486957,USD 2015 / osobę,annual,observed,https://api.worldbank.org/v2/country/POL;WLD;USA;CHN;DEU;IND;KOR;JPN;GBR;FRA;BRA;EST/indicator/NY.GDP.PCAP.KD?format=json&per_page=1000,2026-09-28T17:23:20.303Z,{}
NY.GDP.PCAP.KD,NY.GDP.PCAP.KD--fra,Francja,FRA,GDP per capita (constant 2015 US$),2023-12-31,2023,year,2023-01-01,39319.4152227295,USD 2015 / osobę,annual,observed,https://api.worldbank.org/v2/country/POL;WLD;USA;CHN;DEU;IND;KOR;JPN;GBR;FRA;BRA;EST/indicator/NY.GDP.PCAP.KD?format=json&per_page=1000,2026-09-28T17:23:20.303Z,{}
NY.GDP.PCAP.KD,NY.GDP.PCAP.KD--gbr,Wielka Brytania,GBR,GDP per capita (constant 2015 US$),2023-12-31,2023,year,2023-01-01,47911.1540134832,USD 2015 / osobę,annual,observed,https://api.worldbank.org/v2/country/POL;WLD;USA;CHN;DEU;IND;KOR;JPN;GBR;FRA;BRA;EST/indicator/NY.GDP.PCAP.KD?format=json&per_page=1000,2026-09-28T17:23:20.303Z,{}
NY.GDP.PCAP.KD,NY.GDP.PCAP.KD--ind,Indie,IND,GDP per capita (constant 2015 US$),2023-12-31,2023,year,2023-01-01,2229.71491223037,USD 2015 / osobę,annual,observed,https://api.worldbank.org/v2/country/POL;WLD;USA;CHN;DEU;IND;KOR;JPN;GBR;FRA;BRA;EST/indicator/NY.GDP.PCAP.KD?format=json&per_page=1000,2026-09-28T17:23:20.303Z,{}
NY.GDP.PCAP.KD,NY.GDP.PCAP.KD--jpn,Japonia,JPN,GDP per capita (constant 2015 US$),2023-12-31,2023,year,2023-01-01,37902.5492204411,USD 2015 / osobę,annual,observed,https://api.worldbank.org/v2/country/POL;WLD;USA;CHN;DEU;IND;KOR;JPN;GBR;FRA;BRA;EST/indicator/NY.GDP.PCAP.KD?format=json&per_page=1000,2026-09-28T17:23:20.303Z,{}
NY.GDP.PCAP.KD,NY.GDP.PCAP.KD--kor,Korea Płd.,KOR,GDP per capita (constant 2015 US$),2023-12-31,2023,year,2023-01-01,36347.7036392553,USD 2015 / osobę,annual,observed,https://api.worldbank.org/v2/country/POL;WLD;USA;CHN;DEU;IND;KOR;JPN;GBR;FRA;BRA;EST/indicator/NY.GDP.PCAP.KD?format=json&per_page=1000,2026-09-28T17:23:20.303Z,{}
NY.GDP.PCAP.KD,NY.GDP.PCAP.KD--pol,Polska,POL,GDP per capita (constant 2015 US$),2023-12-31,2023,year,2023-01-01,17410.3830137066,USD 2015 / osobę,annual,observed,https://api.worldbank.org/v2/country/POL;WLD;USA;CHN;DEU;IND;KOR;JPN;GBR;FRA;BRA;EST/indicator/NY.GDP.PCAP.KD?format=json&per_page=1000,2026-09-28T17:23:20.303Z,{}
NY.GDP.PCAP.KD,NY.GDP.PCAP.KD--usa,USA,USA,GDP per capita (constant 2015 US$),2023-12-31,2023,year,2023-01-01,65667.281580468,USD 2015 / osobę,annual,observed,https://api.worldbank.org/v2/country/POL;WLD;USA;CHN;DEU;IND;KOR;JPN;GBR;FRA;BRA;EST/indicator/NY.GDP.PCAP.KD?format=json&per_page=1000,2026-09-28T17:23:20.303Z,{}
NY.GDP.PCAP.KD,NY.GDP.PCAP.KD--wld,Świat,WLD,GDP per capita (constant 2015 US$),2023-12-31,2023,year,2023-01-01,11670.8224680822,USD 2015 / osobę,annual,observed,https://api.worldbank.org/v2/country/POL;WLD;USA;CHN;DEU;IND;KOR;JPN;GBR;FRA;BRA;EST/indicator/NY.GDP.PCAP.KD?format=json&per_page=1000,2026-09-28T17:23:20.303Z,{}
NY.GDP.PCAP.KD,NY.GDP.PCAP.KD--bra,Brazylia,BRA,GDP per capita (constant 2015 US$),2024-12-31,2024,year,2024-01-01,9566.74518687619,USD 2015 / osobę,annual,observed,https://api.worldbank.org/v2/country/POL;WLD;USA;CHN;DEU;IND;KOR;JPN;GBR;FRA;BRA;EST/indicator/NY.GDP.PCAP.KD?format=json&per_page=1000,2026-09-28T17:23:20.303Z,{}
NY.GDP.PCAP.KD,NY.GDP.PCAP.KD--chn,Chiny,CHN,GDP per capita (constant 2015 US$),2024-12-31,2024,year,2024-01-01,13119.1076099516,USD 2015 / osobę,annual,observed,https://api.worldbank.org/v2/country/POL;WLD;USA;CHN;DEU;IND;KOR;JPN;GBR;FRA;BRA;EST/indicator/NY.GDP.PCAP.KD?format=json&per_page=1000,2026-09-28T17:23:20.303Z,{}
NY.GDP.PCAP.KD,NY.GDP.PCAP.KD--deu,Niemcy,DEU,GDP per capita (constant 2015 US$),2024-12-31,2024,year,2024-01-01,44027.7631554469,USD 2015 / osobę,annual,observed,https://api.worldbank.org/v2/country/POL;WLD;USA;CHN;DEU;IND;KOR;JPN;GBR;FRA;BRA;EST/indicator/NY.GDP.PCAP.KD?format=json&per_page=1000,2026-09-28T17:23:20.303Z,{}
NY.GDP.PCAP.KD,NY.GDP.PCAP.KD--est,Estonia,EST,GDP per capita (constant 2015 US$),2024-12-31,2024,year,2024-01-01,20078.1397620993,USD 2015 / osobę,annual,observed,https://api.worldbank.org/v2/country/POL;WLD;USA;CHN;DEU;IND;KOR;JPN;GBR;FRA;BRA;EST/indicator/NY.GDP.PCAP.KD?format=json&per_page=1000,2026-09-28T17:23:20.303Z,{}
NY.GDP.PCAP.KD,NY.GDP.PCAP.KD--fra,Francja,FRA,GDP per capita (constant 2015 US$),2024-12-31,2024,year,2024-01-01,39683.3953489029,USD 2015 / osobę,annual,observed,https://api.worldbank.org/v2/country/POL;WLD;USA;CHN;DEU;IND;KOR;JPN;GBR;FRA;BRA;EST/indicator/NY.GDP.PCAP.KD?format=json&per_page=1000,2026-09-28T17:23:20.303Z,{}
NY.GDP.PCAP.KD,NY.GDP.PCAP.KD--gbr,Wielka Brytania,GBR,GDP per capita (constant 2015 US$),2024-12-31,2024,year,2024-01-01,47900.9680144146,USD 2015 / osobę,annual,observed,https://api.worldbank.org/v2/country/POL;WLD;USA;CHN;DEU;IND;KOR;JPN;GBR;FRA;BRA;EST/indicator/NY.GDP.PCAP.KD?format=json&per_page=1000,2026-09-28T17:23:20.303Z,{}
NY.GDP.PCAP.KD,NY.GDP.PCAP.KD--ind,Indie,IND,GDP per capita (constant 2015 US$),2024-12-31,2024,year,2024-01-01,2366.8328910323,USD 2015 / osobę,annual,observed,https://api.worldbank.org/v2/country/POL;WLD;USA;CHN;DEU;IND;KOR;JPN;GBR;FRA;BRA;EST/indicator/NY.GDP.PCAP.KD?format=json&per_page=1000,2026-09-28T17:23:20.303Z,{}
NY.GDP.PCAP.KD,NY.GDP.PCAP.KD--jpn,Japonia,JPN,GDP per capita (constant 2015 US$),2024-12-31,2024,year,2024-01-01,37976.6371788298,USD 2015 / osobę,annual,observed,https://api.worldbank.org/v2/country/POL;WLD;USA;CHN;DEU;IND;KOR;JPN;GBR;FRA;BRA;EST/indicator/NY.GDP.PCAP.KD?format=json&per_page=1000,2026-09-28T17:23:20.303Z,{}
NY.GDP.PCAP.KD,NY.GDP.PCAP.KD--kor,Korea Płd.,KOR,GDP per capita (constant 2015 US$),2024-12-31,2024,year,2024-01-01,37048.4264001496,USD 2015 / osobę,annual,observed,https://api.worldbank.org/v2/country/POL;WLD;USA;CHN;DEU;IND;KOR;JPN;GBR;FRA;BRA;EST/indicator/NY.GDP.PCAP.KD?format=json&per_page=1000,2026-09-28T17:23:20.303Z,{}
NY.GDP.PCAP.KD,NY.GDP.PCAP.KD--pol,Polska,POL,GDP per capita (constant 2015 US$),2024-12-31,2024,year,2024-01-01,18000.5034591285,USD 2015 / osobę,annual,observed,https://api.worldbank.org/v2/country/POL;WLD;USA;CHN;DEU;IND;KOR;JPN;GBR;FRA;BRA;EST/indicator/NY.GDP.PCAP.KD?format=json&per_page=1000,2026-09-28T17:23:20.303Z,{}
NY.GDP.PCAP.KD,NY.GDP.PCAP.KD--usa,USA,USA,GDP per capita (constant 2015 US$),2024-12-31,2024,year,2024-01-01,66856.5131698371,USD 2015 / osobę,annual,observed,https://api.worldbank.org/v2/country/POL;WLD;USA;CHN;DEU;IND;KOR;JPN;GBR;FRA;BRA;EST/indicator/NY.GDP.PCAP.KD?format=json&per_page=1000,2026-09-28T17:23:20.303Z,{}
NY.GDP.PCAP.KD,NY.GDP.PCAP.KD--wld,Świat,WLD,GDP per capita (constant 2015 US$),2024-12-31,2024,year,2024-01-01,11894.2521505051,USD 2015 / osobę,annual,observed,https://api.worldbank.org/v2/country/POL;WLD;USA;CHN;DEU;IND;KOR;JPN;GBR;FRA;BRA;EST/indicator/NY.GDP.PCAP.KD?format=json&per_page=1000,2026-09-28T17:23:20.303Z,{}
NY.GDP.PCAP.KD,NY.GDP.PCAP.KD--bra,Brazylia,BRA,GDP per capita (constant 2015 US$),2025-12-31,2025,year,2025-01-01,9747.99557762692,USD 2015 / osobę,annual,observed,https://api.worldbank.org/v2/country/POL;WLD;USA;CHN;DEU;IND;KOR;JPN;GBR;FRA;BRA;EST/indicator/NY.GDP.PCAP.KD?format=json&per_page=1000,2026-09-28T17:23:20.303Z,{}
NY.GDP.PCAP.KD,NY.GDP.PCAP.KD--chn,Chiny,CHN,GDP per capita (constant 2015 US$),2025-12-31,2025,year,2025-01-01,13793.2056196996,USD 2015 / osobę,annual,observed,https://api.worldbank.org/v2/country/POL;WLD;USA;CHN;DEU;IND;KOR;JPN;GBR;FRA;BRA;EST/indicator/NY.GDP.PCAP.KD?format=json&per_page=1000,2026-09-28T17:23:20.303Z,{}
NY.GDP.PCAP.KD,NY.GDP.PCAP.KD--deu,Niemcy,DEU,GDP per capita (constant 2015 US$),2025-12-31,2025,year,2025-01-01,44146.6409090446,USD 2015 / osobę,annual,observed,https://api.worldbank.org/v2/country/POL;WLD;USA;CHN;DEU;IND;KOR;JPN;GBR;FRA;BRA;EST/indicator/NY.GDP.PCAP.KD?format=json&per_page=1000,2026-09-28T17:23:20.303Z,{}
NY.GDP.PCAP.KD,NY.GDP.PCAP.KD--est,Estonia,EST,GDP per capita (constant 2015 US$),2025-12-31,2025,year,2025-01-01,20282.1530371991,USD 2015 / osobę,annual,observed,https://api.worldbank.org/v2/country/POL;WLD;USA;CHN;DEU;IND;KOR;JPN;GBR;FRA;BRA;EST/indicator/NY.GDP.PCAP.KD?format=json&per_page=1000,2026-09-28T17:23:20.303Z,{}
NY.GDP.PCAP.KD,NY.GDP.PCAP.KD--fra,Francja,FRA,GDP per capita (constant 2015 US$),2025-12-31,2025,year,2025-01-01,39918.8850568745,USD 2015 / osobę,annual,observed,https://api.worldbank.org/v2/country/POL;WLD;USA;CHN;DEU;IND;KOR;JPN;GBR;FRA;BRA;EST/indicator/NY.GDP.PCAP.KD?format=json&per_page=1000,2026-09-28T17:23:20.303Z,{}
NY.GDP.PCAP.KD,NY.GDP.PCAP.KD--gbr,Wielka Brytania,GBR,GDP per capita (constant 2015 US$),2025-12-31,2025,year,2025-01-01,48422.0671236369,USD 2015 / osobę,annual,observed,https://api.worldbank.org/v2/country/POL;WLD;USA;CHN;DEU;IND;KOR;JPN;GBR;FRA;BRA;EST/indicator/NY.GDP.PCAP.KD?format=json&per_page=1000,2026-09-28T17:23:20.303Z,{}
NY.GDP.PCAP.KD,NY.GDP.PCAP.KD--ind,Indie,IND,GDP per capita (constant 2015 US$),2025-12-31,2025,year,2025-01-01,2523.43601851376,USD 2015 / osobę,annual,observed,https://api.worldbank.org/v2/country/POL;WLD;USA;CHN;DEU;IND;KOR;JPN;GBR;FRA;BRA;EST/indicator/NY.GDP.PCAP.KD?format=json&per_page=1000,2026-09-28T17:23:20.303Z,{}
NY.GDP.PCAP.KD,NY.GDP.PCAP.KD--jpn,Japonia,JPN,GDP per capita (constant 2015 US$),2025-12-31,2025,year,2025-01-01,38619.3367073485,USD 2015 / osobę,annual,observed,https://api.worldbank.org/v2/country/POL;WLD;USA;CHN;DEU;IND;KOR;JPN;GBR;FRA;BRA;EST/indicator/NY.GDP.PCAP.KD?format=json&per_page=1000,2026-09-28T17:23:20.303Z,{}
NY.GDP.PCAP.KD,NY.GDP.PCAP.KD--kor,Korea Płd.,KOR,GDP per capita (constant 2015 US$),2025-12-31,2025,year,2025-01-01,37469.6600233386,USD 2015 / osobę,annual,observed,https://api.worldbank.org/v2/country/POL;WLD;USA;CHN;DEU;IND;KOR;JPN;GBR;FRA;BRA;EST/indicator/NY.GDP.PCAP.KD?format=json&per_page=1000,2026-09-28T17:23:20.303Z,{}
NY.GDP.PCAP.KD,NY.GDP.PCAP.KD--pol,Polska,POL,GDP per capita (constant 2015 US$),2025-12-31,2025,year,2025-01-01,18706.7393120197,USD 2015 / osobę,annual,observed,https://api.worldbank.org/v2/country/POL;WLD;USA;CHN;DEU;IND;KOR;JPN;GBR;FRA;BRA;EST/indicator/NY.GDP.PCAP.KD?format=json&per_page=1000,2026-09-28T17:23:20.303Z,{}
NY.GDP.PCAP.KD,NY.GDP.PCAP.KD--usa,USA,USA,GDP per capita (constant 2015 US$),2025-12-31,2025,year,2025-01-01,67945.6146497427,USD 2015 / osobę,annual,observed,https://api.worldbank.org/v2/country/POL;WLD;USA;CHN;DEU;IND;KOR;JPN;GBR;FRA;BRA;EST/indicator/NY.GDP.PCAP.KD?format=json&per_page=1000,2026-09-28T17:23:20.303Z,{}
NY.GDP.PCAP.KD,NY.GDP.PCAP.KD--wld,Świat,WLD,GDP per capita (constant 2015 US$),2025-12-31,2025,year,2025-01-01,12130.6633214662,USD 2015 / osobę,annual,observed,https://api.worldbank.org/v2/country/POL;WLD;USA;CHN;DEU;IND;KOR;JPN;GBR;FRA;BRA;EST/indicator/NY.GDP.PCAP.KD?format=json&per_page=1000,2026-09-28T17:23:20.303Z,{}
