topic_id,series_id,series_name,entity,metric,date,period,date_precision,period_start,value,unit,frequency,kind,source_url,retrieved_at,attributes_json
poland-gold,poland-gold--gold-eur,Polska · Wartość złota w EUR,Poland,Gold value in EUR,2000-01-31,2000-01,month,2000-01-01,0.9574028624887613,mld EUR,monthly,derived,https://data-api.ecb.europa.eu/service/data/RAS/M.N.PL.W1.S121.S1.LE.A.FA.R.._Z....N.ALL?format=csvdata,2026-10-01T15:07:49.183268+00:00,"{""seriesKey"": ""RAS.M.N.PL.W1.S121.S1.LE.A.FA.R.F11._Z.EUR.XAU.M.N.ALL"", ""sourceValue"": ""957.4028624887613"", ""observationStatus"": ""A""}"
poland-gold,poland-gold--monthly-change,Polska · Zmiana rezerw złota m/m,Poland,Monthly change in gold reserves,2000-01-31,2000-01,month,2000-01-01,,tony / miesiąc,monthly,derived,https://unstats.un.org/unsd/mbs/app/DataView.aspx?cid=616&p=A&tid=46&yearfrom=1997&yearto=2099,2026-10-01T15:11:09.032060+00:00,"{""additionalSourceIds"": [], ""formula"": ""tonnes(t) - tonnes(t-1)"", ""missingReason"": ""Needs both consecutive monthly observations""}"
poland-gold,poland-gold--tonnes,Polska · Rezerwy złota,Poland,Gold reserves,2000-01-31,2000-01,month,2000-01-01,102.8280943008,tony,monthly,derived,https://unstats.un.org/unsd/mbs/app/DataView.aspx?cid=616&p=A&tid=46&yearfrom=1997&yearto=2099,2026-10-01T15:11:09.032060+00:00,"{""sourceValue"": ""3.306"", ""sourceUnit"": ""million fine troy ounces""}"
poland-gold,poland-gold--gold-eur,Polska · Wartość złota w EUR,Poland,Gold value in EUR,2000-02-29,2000-02,month,2000-02-01,0.9993801909012024,mld EUR,monthly,derived,https://data-api.ecb.europa.eu/service/data/RAS/M.N.PL.W1.S121.S1.LE.A.FA.R.._Z....N.ALL?format=csvdata,2026-10-01T15:07:49.183268+00:00,"{""seriesKey"": ""RAS.M.N.PL.W1.S121.S1.LE.A.FA.R.F11._Z.EUR.XAU.M.N.ALL"", ""sourceValue"": ""999.3801909012024"", ""observationStatus"": ""A""}"
poland-gold,poland-gold--monthly-change,Polska · Zmiana rezerw złota m/m,Poland,Monthly change in gold reserves,2000-02-29,2000-02,month,2000-02-01,0.0933104304,tony / miesiąc,monthly,derived,https://unstats.un.org/unsd/mbs/app/DataView.aspx?cid=616&p=A&tid=46&yearfrom=1997&yearto=2099,2026-10-01T15:11:09.032060+00:00,"{""additionalSourceIds"": [""gold-un-volume""], ""formula"": ""tonnes(t) - tonnes(t-1)"", ""missingReason"": null}"
poland-gold,poland-gold--tonnes,Polska · Rezerwy złota,Poland,Gold reserves,2000-02-29,2000-02,month,2000-02-01,102.9214047312,tony,monthly,derived,https://unstats.un.org/unsd/mbs/app/DataView.aspx?cid=616&p=A&tid=46&yearfrom=1997&yearto=2099,2026-10-01T15:11:09.032060+00:00,"{""sourceValue"": ""3.309"", ""sourceUnit"": ""million fine troy ounces""}"
poland-gold,poland-gold--gold-eur,Polska · Wartość złota w EUR,Poland,Gold value in EUR,2000-03-31,2000-03,month,2000-03-01,0.9562979410577311,mld EUR,monthly,derived,https://data-api.ecb.europa.eu/service/data/RAS/M.N.PL.W1.S121.S1.LE.A.FA.R.._Z....N.ALL?format=csvdata,2026-10-01T15:07:49.183268+00:00,"{""seriesKey"": ""RAS.M.N.PL.W1.S121.S1.LE.A.FA.R.F11._Z.EUR.XAU.M.N.ALL"", ""sourceValue"": ""956.2979410577311"", ""observationStatus"": ""A""}"
poland-gold,poland-gold--monthly-change,Polska · Zmiana rezerw złota m/m,Poland,Monthly change in gold reserves,2000-03-31,2000-03,month,2000-03-01,-0.1244139072,tony / miesiąc,monthly,derived,https://unstats.un.org/unsd/mbs/app/DataView.aspx?cid=616&p=A&tid=46&yearfrom=1997&yearto=2099,2026-10-01T15:11:09.032060+00:00,"{""additionalSourceIds"": [""gold-un-volume""], ""formula"": ""tonnes(t) - tonnes(t-1)"", ""missingReason"": null}"
poland-gold,poland-gold--tonnes,Polska · Rezerwy złota,Poland,Gold reserves,2000-03-31,2000-03,month,2000-03-01,102.796990824,tony,monthly,derived,https://unstats.un.org/unsd/mbs/app/DataView.aspx?cid=616&p=A&tid=46&yearfrom=1997&yearto=2099,2026-10-01T15:11:09.032060+00:00,"{""sourceValue"": ""3.305"", ""sourceUnit"": ""million fine troy ounces""}"
poland-gold,poland-gold--gold-eur,Polska · Wartość złota w EUR,Poland,Gold value in EUR,2000-04-30,2000-04,month,2000-04-01,0.9907158864235232,mld EUR,monthly,derived,https://data-api.ecb.europa.eu/service/data/RAS/M.N.PL.W1.S121.S1.LE.A.FA.R.._Z....N.ALL?format=csvdata,2026-10-01T15:07:49.183268+00:00,"{""seriesKey"": ""RAS.M.N.PL.W1.S121.S1.LE.A.FA.R.F11._Z.EUR.XAU.M.N.ALL"", ""sourceValue"": ""990.7158864235231"", ""observationStatus"": ""A""}"
poland-gold,poland-gold--monthly-change,Polska · Zmiana rezerw złota m/m,Poland,Monthly change in gold reserves,2000-04-30,2000-04,month,2000-04-01,0.0277131978288,tony / miesiąc,monthly,derived,https://api.db.nomics.world/v22/series/IMF/IRFCL/M.PL.RAFAGOLDV_OZT.S1X?observations=1,2026-10-01T15:12:12.903556+00:00,"{""additionalSourceIds"": [""gold-un-volume""], ""formula"": ""tonnes(t) - tonnes(t-1)"", ""missingReason"": null}"
poland-gold,poland-gold--tonnes,Polska · Rezerwy złota,Poland,Gold reserves,2000-04-30,2000-04,month,2000-04-01,102.8247040218288,tony,monthly,derived,https://api.db.nomics.world/v22/series/IMF/IRFCL/M.PL.RAFAGOLDV_OZT.S1X?observations=1,2026-10-01T15:12:12.903556+00:00,"{""sourceValue"": 3.305891, ""sourceUnit"": ""million fine troy ounces""}"
poland-gold,poland-gold--gold-eur,Polska · Wartość złota w EUR,Poland,Gold value in EUR,2000-05-31,2000-05,month,2000-05-01,0.9670948012232415,mld EUR,monthly,derived,https://data-api.ecb.europa.eu/service/data/RAS/M.N.PL.W1.S121.S1.LE.A.FA.R.._Z....N.ALL?format=csvdata,2026-10-01T15:07:49.183268+00:00,"{""seriesKey"": ""RAS.M.N.PL.W1.S121.S1.LE.A.FA.R.F11._Z.EUR.XAU.M.N.ALL"", ""sourceValue"": ""967.0948012232415"", ""observationStatus"": ""A""}"
poland-gold,poland-gold--monthly-change,Polska · Zmiana rezerw złota m/m,Poland,Monthly change in gold reserves,2000-05-31,2000-05,month,2000-05-01,0.0033902789712,tony / miesiąc,monthly,derived,https://unstats.un.org/unsd/mbs/app/DataView.aspx?cid=616&p=A&tid=46&yearfrom=1997&yearto=2099,2026-10-01T15:11:09.032060+00:00,"{""additionalSourceIds"": [""gold-imf-volume""], ""formula"": ""tonnes(t) - tonnes(t-1)"", ""missingReason"": null}"
poland-gold,poland-gold--tonnes,Polska · Rezerwy złota,Poland,Gold reserves,2000-05-31,2000-05,month,2000-05-01,102.8280943008,tony,monthly,derived,https://unstats.un.org/unsd/mbs/app/DataView.aspx?cid=616&p=A&tid=46&yearfrom=1997&yearto=2099,2026-10-01T15:11:09.032060+00:00,"{""sourceValue"": ""3.306"", ""sourceUnit"": ""million fine troy ounces""}"
poland-gold,poland-gold--gold-eur,Polska · Wartość złota w EUR,Poland,Gold value in EUR,2000-06-30,2000-06,month,2000-06-01,0.9998804828492888,mld EUR,monthly,derived,https://data-api.ecb.europa.eu/service/data/RAS/M.N.PL.W1.S121.S1.LE.A.FA.R.._Z....N.ALL?format=csvdata,2026-10-01T15:07:49.183268+00:00,"{""seriesKey"": ""RAS.M.N.PL.W1.S121.S1.LE.A.FA.R.F11._Z.EUR.XAU.M.N.ALL"", ""sourceValue"": ""999.8804828492888"", ""observationStatus"": ""A""}"
poland-gold,poland-gold--monthly-change,Polska · Zmiana rezerw złota m/m,Poland,Monthly change in gold reserves,2000-06-30,2000-06,month,2000-06-01,-0.0033902789712,tony / miesiąc,monthly,derived,https://api.db.nomics.world/v22/series/IMF/IRFCL/M.PL.RAFAGOLDV_OZT.S1X?observations=1,2026-10-01T15:12:12.903556+00:00,"{""additionalSourceIds"": [""gold-un-volume""], ""formula"": ""tonnes(t) - tonnes(t-1)"", ""missingReason"": null}"
poland-gold,poland-gold--tonnes,Polska · Rezerwy złota,Poland,Gold reserves,2000-06-30,2000-06,month,2000-06-01,102.8247040218288,tony,monthly,derived,https://api.db.nomics.world/v22/series/IMF/IRFCL/M.PL.RAFAGOLDV_OZT.S1X?observations=1,2026-10-01T15:12:12.903556+00:00,"{""sourceValue"": 3.305891, ""sourceUnit"": ""million fine troy ounces""}"
poland-gold,poland-gold--gold-eur,Polska · Wartość złota w EUR,Poland,Gold value in EUR,2000-07-31,2000-07,month,2000-07-01,0.9897781101969583,mld EUR,monthly,derived,https://data-api.ecb.europa.eu/service/data/RAS/M.N.PL.W1.S121.S1.LE.A.FA.R.._Z....N.ALL?format=csvdata,2026-10-01T15:07:49.183268+00:00,"{""seriesKey"": ""RAS.M.N.PL.W1.S121.S1.LE.A.FA.R.F11._Z.EUR.XAU.M.N.ALL"", ""sourceValue"": ""989.7781101969583"", ""observationStatus"": ""A""}"
poland-gold,poland-gold--monthly-change,Polska · Zmiana rezerw złota m/m,Poland,Monthly change in gold reserves,2000-07-31,2000-07,month,2000-07-01,0.2522180933712,tony / miesiąc,monthly,derived,https://unstats.un.org/unsd/mbs/app/DataView.aspx?cid=616&p=A&tid=46&yearfrom=1997&yearto=2099,2026-10-01T15:11:09.032060+00:00,"{""additionalSourceIds"": [""gold-imf-volume""], ""formula"": ""tonnes(t) - tonnes(t-1)"", ""missingReason"": null}"
poland-gold,poland-gold--tonnes,Polska · Rezerwy złota,Poland,Gold reserves,2000-07-31,2000-07,month,2000-07-01,103.0769221152,tony,monthly,derived,https://unstats.un.org/unsd/mbs/app/DataView.aspx?cid=616&p=A&tid=46&yearfrom=1997&yearto=2099,2026-10-01T15:11:09.032060+00:00,"{""sourceValue"": ""3.314"", ""sourceUnit"": ""million fine troy ounces""}"
poland-gold,poland-gold--gold-eur,Polska · Wartość złota w EUR,Poland,Gold value in EUR,2000-08-31,2000-08,month,2000-08-01,1.0271377368151562,mld EUR,monthly,derived,https://data-api.ecb.europa.eu/service/data/RAS/M.N.PL.W1.S121.S1.LE.A.FA.R.._Z....N.ALL?format=csvdata,2026-10-01T15:07:49.183268+00:00,"{""seriesKey"": ""RAS.M.N.PL.W1.S121.S1.LE.A.FA.R.F11._Z.EUR.XAU.M.N.ALL"", ""sourceValue"": ""1027.1377368151561"", ""observationStatus"": ""A""}"
poland-gold,poland-gold--monthly-change,Polska · Zmiana rezerw złota m/m,Poland,Monthly change in gold reserves,2000-08-31,2000-08,month,2000-08-01,-0.2488278144,tony / miesiąc,monthly,derived,https://unstats.un.org/unsd/mbs/app/DataView.aspx?cid=616&p=A&tid=46&yearfrom=1997&yearto=2099,2026-10-01T15:11:09.032060+00:00,"{""additionalSourceIds"": [""gold-un-volume""], ""formula"": ""tonnes(t) - tonnes(t-1)"", ""missingReason"": null}"
poland-gold,poland-gold--tonnes,Polska · Rezerwy złota,Poland,Gold reserves,2000-08-31,2000-08,month,2000-08-01,102.8280943008,tony,monthly,derived,https://unstats.un.org/unsd/mbs/app/DataView.aspx?cid=616&p=A&tid=46&yearfrom=1997&yearto=2099,2026-10-01T15:11:09.032060+00:00,"{""sourceValue"": ""3.306"", ""sourceUnit"": ""million fine troy ounces""}"
poland-gold,poland-gold--gold-eur,Polska · Wartość złota w EUR,Poland,Gold value in EUR,2000-09-30,2000-09,month,2000-09-01,1.0315128688010045,mld EUR,monthly,derived,https://data-api.ecb.europa.eu/service/data/RAS/M.N.PL.W1.S121.S1.LE.A.FA.R.._Z....N.ALL?format=csvdata,2026-10-01T15:07:49.183268+00:00,"{""seriesKey"": ""RAS.M.N.PL.W1.S121.S1.LE.A.FA.R.F11._Z.EUR.XAU.M.N.ALL"", ""sourceValue"": ""1031.5128688010045"", ""observationStatus"": ""A""}"
poland-gold,poland-gold--monthly-change,Polska · Zmiana rezerw złota m/m,Poland,Monthly change in gold reserves,2000-09-30,2000-09,month,2000-09-01,-0.0033902789712,tony / miesiąc,monthly,derived,https://api.db.nomics.world/v22/series/IMF/IRFCL/M.PL.RAFAGOLDV_OZT.S1X?observations=1,2026-10-01T15:12:12.903556+00:00,"{""additionalSourceIds"": [""gold-un-volume""], ""formula"": ""tonnes(t) - tonnes(t-1)"", ""missingReason"": null}"
poland-gold,poland-gold--tonnes,Polska · Rezerwy złota,Poland,Gold reserves,2000-09-30,2000-09,month,2000-09-01,102.8247040218288,tony,monthly,derived,https://api.db.nomics.world/v22/series/IMF/IRFCL/M.PL.RAFAGOLDV_OZT.S1X?observations=1,2026-10-01T15:12:12.903556+00:00,"{""sourceValue"": 3.305891, ""sourceUnit"": ""million fine troy ounces""}"
poland-gold,poland-gold--gold-eur,Polska · Wartość złota w EUR,Poland,Gold value in EUR,2000-10-31,2000-10,month,2000-10-01,1.0432900432900434,mld EUR,monthly,derived,https://data-api.ecb.europa.eu/service/data/RAS/M.N.PL.W1.S121.S1.LE.A.FA.R.._Z....N.ALL?format=csvdata,2026-10-01T15:07:49.183268+00:00,"{""seriesKey"": ""RAS.M.N.PL.W1.S121.S1.LE.A.FA.R.F11._Z.EUR.XAU.M.N.ALL"", ""sourceValue"": ""1043.2900432900433"", ""observationStatus"": ""A""}"
poland-gold,poland-gold--monthly-change,Polska · Zmiana rezerw złota m/m,Poland,Monthly change in gold reserves,2000-10-31,2000-10,month,2000-10-01,0.0,tony / miesiąc,monthly,derived,https://api.db.nomics.world/v22/series/IMF/IRFCL/M.PL.RAFAGOLDV_OZT.S1X?observations=1,2026-10-01T15:12:12.903556+00:00,"{""additionalSourceIds"": [""gold-imf-volume""], ""formula"": ""tonnes(t) - tonnes(t-1)"", ""missingReason"": null}"
poland-gold,poland-gold--tonnes,Polska · Rezerwy złota,Poland,Gold reserves,2000-10-31,2000-10,month,2000-10-01,102.8247040218288,tony,monthly,derived,https://api.db.nomics.world/v22/series/IMF/IRFCL/M.PL.RAFAGOLDV_OZT.S1X?observations=1,2026-10-01T15:12:12.903556+00:00,"{""sourceValue"": 3.305891, ""sourceUnit"": ""million fine troy ounces""}"
poland-gold,poland-gold--gold-eur,Polska · Wartość złota w EUR,Poland,Gold value in EUR,2000-11-30,2000-11,month,2000-11-01,1.0262228295902844,mld EUR,monthly,derived,https://data-api.ecb.europa.eu/service/data/RAS/M.N.PL.W1.S121.S1.LE.A.FA.R.._Z....N.ALL?format=csvdata,2026-10-01T15:07:49.183268+00:00,"{""seriesKey"": ""RAS.M.N.PL.W1.S121.S1.LE.A.FA.R.F11._Z.EUR.XAU.M.N.ALL"", ""sourceValue"": ""1026.2228295902844"", ""observationStatus"": ""A""}"
poland-gold,poland-gold--monthly-change,Polska · Zmiana rezerw złota m/m,Poland,Monthly change in gold reserves,2000-11-30,2000-11,month,2000-11-01,0.0,tony / miesiąc,monthly,derived,https://api.db.nomics.world/v22/series/IMF/IRFCL/M.PL.RAFAGOLDV_OZT.S1X?observations=1,2026-10-01T15:12:12.903556+00:00,"{""additionalSourceIds"": [""gold-imf-volume""], ""formula"": ""tonnes(t) - tonnes(t-1)"", ""missingReason"": null}"
poland-gold,poland-gold--tonnes,Polska · Rezerwy złota,Poland,Gold reserves,2000-11-30,2000-11,month,2000-11-01,102.8247040218288,tony,monthly,derived,https://api.db.nomics.world/v22/series/IMF/IRFCL/M.PL.RAFAGOLDV_OZT.S1X?observations=1,2026-10-01T15:12:12.903556+00:00,"{""sourceValue"": 3.305891, ""sourceUnit"": ""million fine troy ounces""}"
poland-gold,poland-gold--gold-eur,Polska · Wartość złota w EUR,Poland,Gold value in EUR,2000-12-31,2000-12,month,2000-12-01,0.9701802691048886,mld EUR,monthly,derived,https://data-api.ecb.europa.eu/service/data/RAS/M.N.PL.W1.S121.S1.LE.A.FA.R.._Z....N.ALL?format=csvdata,2026-10-01T15:07:49.183268+00:00,"{""seriesKey"": ""RAS.M.N.PL.W1.S121.S1.LE.A.FA.R.F11._Z.EUR.XAU.M.N.ALL"", ""sourceValue"": ""970.1802691048886"", ""observationStatus"": ""A""}"
poland-gold,poland-gold--monthly-change,Polska · Zmiana rezerw złota m/m,Poland,Monthly change in gold reserves,2000-12-31,2000-12,month,2000-12-01,0.0089266978416,tony / miesiąc,monthly,derived,https://api.db.nomics.world/v22/series/IMF/IRFCL/M.PL.RAFAGOLDV_OZT.S1X?observations=1,2026-10-01T15:12:12.903556+00:00,"{""additionalSourceIds"": [""gold-imf-volume""], ""formula"": ""tonnes(t) - tonnes(t-1)"", ""missingReason"": null}"
poland-gold,poland-gold--tonnes,Polska · Rezerwy złota,Poland,Gold reserves,2000-12-31,2000-12,month,2000-12-01,102.8336307196704,tony,monthly,derived,https://api.db.nomics.world/v22/series/IMF/IRFCL/M.PL.RAFAGOLDV_OZT.S1X?observations=1,2026-10-01T15:12:12.903556+00:00,"{""sourceValue"": 3.306178, ""sourceUnit"": ""million fine troy ounces""}"
poland-gold,poland-gold--gold-eur,Polska · Wartość złota w EUR,Poland,Gold value in EUR,2001-01-31,2001-01,month,2001-01-01,0.9412694232288649,mld EUR,monthly,derived,https://data-api.ecb.europa.eu/service/data/RAS/M.N.PL.W1.S121.S1.LE.A.FA.R.._Z....N.ALL?format=csvdata,2026-10-01T15:07:49.183268+00:00,"{""seriesKey"": ""RAS.M.N.PL.W1.S121.S1.LE.A.FA.R.F11._Z.EUR.XAU.M.N.ALL"", ""sourceValue"": ""941.2694232288649"", ""observationStatus"": ""A""}"
poland-gold,poland-gold--monthly-change,Polska · Zmiana rezerw złota m/m,Poland,Monthly change in gold reserves,2001-01-31,2001-01,month,2001-01-01,-0.0002488278144,tony / miesiąc,monthly,derived,https://api.db.nomics.world/v22/series/IMF/IRFCL/M.PL.RAFAGOLDV_OZT.S1X?observations=1,2026-10-01T15:12:12.903556+00:00,"{""additionalSourceIds"": [""gold-imf-volume""], ""formula"": ""tonnes(t) - tonnes(t-1)"", ""missingReason"": null}"
poland-gold,poland-gold--tonnes,Polska · Rezerwy złota,Poland,Gold reserves,2001-01-31,2001-01,month,2001-01-01,102.833381891856,tony,monthly,derived,https://api.db.nomics.world/v22/series/IMF/IRFCL/M.PL.RAFAGOLDV_OZT.S1X?observations=1,2026-10-01T15:12:12.903556+00:00,"{""sourceValue"": 3.30617, ""sourceUnit"": ""million fine troy ounces""}"
poland-gold,poland-gold--gold-eur,Polska · Wartość złota w EUR,Poland,Gold value in EUR,2001-02-28,2001-02,month,2001-02-01,0.9615436079963605,mld EUR,monthly,derived,https://data-api.ecb.europa.eu/service/data/RAS/M.N.PL.W1.S121.S1.LE.A.FA.R.._Z....N.ALL?format=csvdata,2026-10-01T15:07:49.183268+00:00,"{""seriesKey"": ""RAS.M.N.PL.W1.S121.S1.LE.A.FA.R.F11._Z.EUR.XAU.M.N.ALL"", ""sourceValue"": ""961.5436079963605"", ""observationStatus"": ""A""}"
poland-gold,poland-gold--monthly-change,Polska · Zmiana rezerw złota m/m,Poland,Monthly change in gold reserves,2001-02-28,2001-02,month,2001-02-01,0.0020839329456,tony / miesiąc,monthly,derived,https://api.db.nomics.world/v22/series/IMF/IRFCL/M.PL.RAFAGOLDV_OZT.S1X?observations=1,2026-10-01T15:12:12.903556+00:00,"{""additionalSourceIds"": [""gold-imf-volume""], ""formula"": ""tonnes(t) - tonnes(t-1)"", ""missingReason"": null}"
poland-gold,poland-gold--tonnes,Polska · Rezerwy złota,Poland,Gold reserves,2001-02-28,2001-02,month,2001-02-01,102.8354658248016,tony,monthly,derived,https://api.db.nomics.world/v22/series/IMF/IRFCL/M.PL.RAFAGOLDV_OZT.S1X?observations=1,2026-10-01T15:12:12.903556+00:00,"{""sourceValue"": 3.306237, ""sourceUnit"": ""million fine troy ounces""}"
poland-gold,poland-gold--gold-eur,Polska · Wartość złota w EUR,Poland,Gold value in EUR,2001-03-31,2001-03,month,2001-03-01,0.9686096167711165,mld EUR,monthly,derived,https://data-api.ecb.europa.eu/service/data/RAS/M.N.PL.W1.S121.S1.LE.A.FA.R.._Z....N.ALL?format=csvdata,2026-10-01T15:07:49.183268+00:00,"{""seriesKey"": ""RAS.M.N.PL.W1.S121.S1.LE.A.FA.R.F11._Z.EUR.XAU.M.N.ALL"", ""sourceValue"": ""968.6096167711164"", ""observationStatus"": ""A""}"
poland-gold,poland-gold--monthly-change,Polska · Zmiana rezerw złota m/m,Poland,Monthly change in gold reserves,2001-03-31,2001-03,month,2001-03-01,0.0045411076128,tony / miesiąc,monthly,derived,https://api.db.nomics.world/v22/series/IMF/IRFCL/M.PL.RAFAGOLDV_OZT.S1X?observations=1,2026-10-01T15:12:12.903556+00:00,"{""additionalSourceIds"": [""gold-imf-volume""], ""formula"": ""tonnes(t) - tonnes(t-1)"", ""missingReason"": null}"
poland-gold,poland-gold--tonnes,Polska · Rezerwy złota,Poland,Gold reserves,2001-03-31,2001-03,month,2001-03-01,102.8400069324144,tony,monthly,derived,https://api.db.nomics.world/v22/series/IMF/IRFCL/M.PL.RAFAGOLDV_OZT.S1X?observations=1,2026-10-01T15:12:12.903556+00:00,"{""sourceValue"": 3.306383, ""sourceUnit"": ""million fine troy ounces""}"
poland-gold,poland-gold--gold-eur,Polska · Wartość złota w EUR,Poland,Gold value in EUR,2001-04-30,2001-04,month,2001-04-01,0.9811652578430817,mld EUR,monthly,derived,https://data-api.ecb.europa.eu/service/data/RAS/M.N.PL.W1.S121.S1.LE.A.FA.R.._Z....N.ALL?format=csvdata,2026-10-01T15:07:49.183268+00:00,"{""seriesKey"": ""RAS.M.N.PL.W1.S121.S1.LE.A.FA.R.F11._Z.EUR.XAU.M.N.ALL"", ""sourceValue"": ""981.1652578430817"", ""observationStatus"": ""A""}"
poland-gold,poland-gold--monthly-change,Polska · Zmiana rezerw złota m/m,Poland,Monthly change in gold reserves,2001-04-30,2001-04,month,2001-04-01,-0.005287591056,tony / miesiąc,monthly,derived,https://api.db.nomics.world/v22/series/IMF/IRFCL/M.PL.RAFAGOLDV_OZT.S1X?observations=1,2026-10-01T15:12:12.903556+00:00,"{""additionalSourceIds"": [""gold-imf-volume""], ""formula"": ""tonnes(t) - tonnes(t-1)"", ""missingReason"": null}"
poland-gold,poland-gold--tonnes,Polska · Rezerwy złota,Poland,Gold reserves,2001-04-30,2001-04,month,2001-04-01,102.8347193413584,tony,monthly,derived,https://api.db.nomics.world/v22/series/IMF/IRFCL/M.PL.RAFAGOLDV_OZT.S1X?observations=1,2026-10-01T15:12:12.903556+00:00,"{""sourceValue"": 3.306213, ""sourceUnit"": ""million fine troy ounces""}"
poland-gold,poland-gold--gold-eur,Polska · Wartość złota w EUR,Poland,Gold value in EUR,2001-05-31,2001-05,month,2001-05-01,1.044798113763631,mld EUR,monthly,derived,https://data-api.ecb.europa.eu/service/data/RAS/M.N.PL.W1.S121.S1.LE.A.FA.R.._Z....N.ALL?format=csvdata,2026-10-01T15:07:49.183268+00:00,"{""seriesKey"": ""RAS.M.N.PL.W1.S121.S1.LE.A.FA.R.F11._Z.EUR.XAU.M.N.ALL"", ""sourceValue"": ""1044.7981137636311"", ""observationStatus"": ""A""}"
poland-gold,poland-gold--monthly-change,Polska · Zmiana rezerw złota m/m,Poland,Monthly change in gold reserves,2001-05-31,2001-05,month,2001-05-01,0.0,tony / miesiąc,monthly,derived,https://api.db.nomics.world/v22/series/IMF/IRFCL/M.PL.RAFAGOLDV_OZT.S1X?observations=1,2026-10-01T15:12:12.903556+00:00,"{""additionalSourceIds"": [""gold-imf-volume""], ""formula"": ""tonnes(t) - tonnes(t-1)"", ""missingReason"": null}"
poland-gold,poland-gold--tonnes,Polska · Rezerwy złota,Poland,Gold reserves,2001-05-31,2001-05,month,2001-05-01,102.8347193413584,tony,monthly,derived,https://api.db.nomics.world/v22/series/IMF/IRFCL/M.PL.RAFAGOLDV_OZT.S1X?observations=1,2026-10-01T15:12:12.903556+00:00,"{""sourceValue"": 3.306213, ""sourceUnit"": ""million fine troy ounces""}"
poland-gold,poland-gold--gold-eur,Polska · Wartość złota w EUR,Poland,Gold value in EUR,2001-06-30,2001-06,month,2001-06-01,1.058582621082621,mld EUR,monthly,derived,https://data-api.ecb.europa.eu/service/data/RAS/M.N.PL.W1.S121.S1.LE.A.FA.R.._Z....N.ALL?format=csvdata,2026-10-01T15:07:49.183268+00:00,"{""seriesKey"": ""RAS.M.N.PL.W1.S121.S1.LE.A.FA.R.F11._Z.EUR.XAU.M.N.ALL"", ""sourceValue"": ""1058.582621082621"", ""observationStatus"": ""A""}"
poland-gold,poland-gold--monthly-change,Polska · Zmiana rezerw złota m/m,Poland,Monthly change in gold reserves,2001-06-30,2001-06,month,2001-06-01,0.0,tony / miesiąc,monthly,derived,https://api.db.nomics.world/v22/series/IMF/IRFCL/M.PL.RAFAGOLDV_OZT.S1X?observations=1,2026-10-01T15:12:12.903556+00:00,"{""additionalSourceIds"": [""gold-imf-volume""], ""formula"": ""tonnes(t) - tonnes(t-1)"", ""missingReason"": null}"
poland-gold,poland-gold--tonnes,Polska · Rezerwy złota,Poland,Gold reserves,2001-06-30,2001-06,month,2001-06-01,102.8347193413584,tony,monthly,derived,https://api.db.nomics.world/v22/series/IMF/IRFCL/M.PL.RAFAGOLDV_OZT.S1X?observations=1,2026-10-01T15:12:12.903556+00:00,"{""sourceValue"": 3.306213, ""sourceUnit"": ""million fine troy ounces""}"
poland-gold,poland-gold--gold-eur,Polska · Wartość złota w EUR,Poland,Gold value in EUR,2001-07-31,2001-07,month,2001-07-01,1.0042314637630378,mld EUR,monthly,derived,https://data-api.ecb.europa.eu/service/data/RAS/M.N.PL.W1.S121.S1.LE.A.FA.R.._Z....N.ALL?format=csvdata,2026-10-01T15:07:49.183268+00:00,"{""seriesKey"": ""RAS.M.N.PL.W1.S121.S1.LE.A.FA.R.F11._Z.EUR.XAU.M.N.ALL"", ""sourceValue"": ""1004.2314637630379"", ""observationStatus"": ""A""}"
poland-gold,poland-gold--monthly-change,Polska · Zmiana rezerw złota m/m,Poland,Monthly change in gold reserves,2001-07-31,2001-07,month,2001-07-01,-3.045991787187888e-06,tony / miesiąc,monthly,derived,https://api.db.nomics.world/v22/series/IMF/IRFCL/M.PL.RAFAGOLDV_OZT.S1X?observations=1,2026-10-01T15:12:12.903556+00:00,"{""additionalSourceIds"": [""gold-imf-volume""], ""formula"": ""tonnes(t) - tonnes(t-1)"", ""missingReason"": null}"
poland-gold,poland-gold--tonnes,Polska · Rezerwy złota,Poland,Gold reserves,2001-07-31,2001-07,month,2001-07-01,102.83471629536662,tony,monthly,derived,https://api.db.nomics.world/v22/series/IMF/IRFCL/M.PL.RAFAGOLDV_OZT.S1X?observations=1,2026-10-01T15:12:12.903556+00:00,"{""sourceValue"": 3.30621290206909, ""sourceUnit"": ""million fine troy ounces""}"
poland-gold,poland-gold--gold-eur,Polska · Wartość złota w EUR,Poland,Gold value in EUR,2001-08-31,2001-08,month,2001-08-01,0.9870324447199835,mld EUR,monthly,derived,https://data-api.ecb.europa.eu/service/data/RAS/M.N.PL.W1.S121.S1.LE.A.FA.R.._Z....N.ALL?format=csvdata,2026-10-01T15:07:49.183268+00:00,"{""seriesKey"": ""RAS.M.N.PL.W1.S121.S1.LE.A.FA.R.F11._Z.EUR.XAU.M.N.ALL"", ""sourceValue"": ""987.0324447199835"", ""observationStatus"": ""A""}"
poland-gold,poland-gold--monthly-change,Polska · Zmiana rezerw złota m/m,Poland,Monthly change in gold reserves,2001-08-31,2001-08,month,2001-08-01,0.0,tony / miesiąc,monthly,derived,https://api.db.nomics.world/v22/series/IMF/IRFCL/M.PL.RAFAGOLDV_OZT.S1X?observations=1,2026-10-01T15:12:12.903556+00:00,"{""additionalSourceIds"": [""gold-imf-volume""], ""formula"": ""tonnes(t) - tonnes(t-1)"", ""missingReason"": null}"
poland-gold,poland-gold--tonnes,Polska · Rezerwy złota,Poland,Gold reserves,2001-08-31,2001-08,month,2001-08-01,102.83471629536662,tony,monthly,derived,https://api.db.nomics.world/v22/series/IMF/IRFCL/M.PL.RAFAGOLDV_OZT.S1X?observations=1,2026-10-01T15:12:12.903556+00:00,"{""sourceValue"": 3.30621290206909, ""sourceUnit"": ""million fine troy ounces""}"
poland-gold,poland-gold--gold-eur,Polska · Wartość złota w EUR,Poland,Gold value in EUR,2001-09-30,2001-09,month,2001-09-01,1.0637856883776362,mld EUR,monthly,derived,https://data-api.ecb.europa.eu/service/data/RAS/M.N.PL.W1.S121.S1.LE.A.FA.R.._Z....N.ALL?format=csvdata,2026-10-01T15:07:49.183268+00:00,"{""seriesKey"": ""RAS.M.N.PL.W1.S121.S1.LE.A.FA.R.F11._Z.EUR.XAU.M.N.ALL"", ""sourceValue"": ""1063.7856883776362"", ""observationStatus"": ""A""}"
poland-gold,poland-gold--monthly-change,Polska · Zmiana rezerw złota m/m,Poland,Monthly change in gold reserves,2001-09-30,2001-09,month,2001-09-01,0.014124024458987187,tony / miesiąc,monthly,derived,https://api.db.nomics.world/v22/series/IMF/IRFCL/M.PL.RAFAGOLDV_OZT.S1X?observations=1,2026-10-01T15:12:12.903556+00:00,"{""additionalSourceIds"": [""gold-imf-volume""], ""formula"": ""tonnes(t) - tonnes(t-1)"", ""missingReason"": null}"
poland-gold,poland-gold--tonnes,Polska · Rezerwy złota,Poland,Gold reserves,2001-09-30,2001-09,month,2001-09-01,102.8488403198256,tony,monthly,derived,https://api.db.nomics.world/v22/series/IMF/IRFCL/M.PL.RAFAGOLDV_OZT.S1X?observations=1,2026-10-01T15:12:12.903556+00:00,"{""sourceValue"": 3.306667, ""sourceUnit"": ""million fine troy ounces""}"
poland-gold,poland-gold--gold-eur,Polska · Wartość złota w EUR,Poland,Gold value in EUR,2001-10-31,2001-10,month,2001-10-01,1.0197031039136302,mld EUR,monthly,derived,https://data-api.ecb.europa.eu/service/data/RAS/M.N.PL.W1.S121.S1.LE.A.FA.R.._Z....N.ALL?format=csvdata,2026-10-01T15:07:49.183268+00:00,"{""seriesKey"": ""RAS.M.N.PL.W1.S121.S1.LE.A.FA.R.F11._Z.EUR.XAU.M.N.ALL"", ""sourceValue"": ""1019.7031039136302"", ""observationStatus"": ""A""}"
poland-gold,poland-gold--monthly-change,Polska · Zmiana rezerw złota m/m,Poland,Monthly change in gold reserves,2001-10-31,2001-10,month,2001-10-01,0.016176308136106658,tony / miesiąc,monthly,derived,https://api.db.nomics.world/v22/series/IMF/IRFCL/M.PL.RAFAGOLDV_OZT.S1X?observations=1,2026-10-01T15:12:12.903556+00:00,"{""additionalSourceIds"": [""gold-imf-volume""], ""formula"": ""tonnes(t) - tonnes(t-1)"", ""missingReason"": null}"
poland-gold,poland-gold--tonnes,Polska · Rezerwy złota,Poland,Gold reserves,2001-10-31,2001-10,month,2001-10-01,102.86501662796171,tony,monthly,derived,https://api.db.nomics.world/v22/series/IMF/IRFCL/M.PL.RAFAGOLDV_OZT.S1X?observations=1,2026-10-01T15:12:12.903556+00:00,"{""sourceValue"": 3.3071870803833, ""sourceUnit"": ""million fine troy ounces""}"
poland-gold,poland-gold--gold-eur,Polska · Wartość złota w EUR,Poland,Gold value in EUR,2001-11-30,2001-11,month,2001-11-01,1.0271686663908426,mld EUR,monthly,derived,https://data-api.ecb.europa.eu/service/data/RAS/M.N.PL.W1.S121.S1.LE.A.FA.R.._Z....N.ALL?format=csvdata,2026-10-01T15:07:49.183268+00:00,"{""seriesKey"": ""RAS.M.N.PL.W1.S121.S1.LE.A.FA.R.F11._Z.EUR.XAU.M.N.ALL"", ""sourceValue"": ""1027.1686663908426"", ""observationStatus"": ""A""}"
poland-gold,poland-gold--monthly-change,Polska · Zmiana rezerw złota m/m,Poland,Monthly change in gold reserves,2001-11-30,2001-11,month,2001-11-01,0.012969966154903975,tony / miesiąc,monthly,derived,https://api.db.nomics.world/v22/series/IMF/IRFCL/M.PL.RAFAGOLDV_OZT.S1X?observations=1,2026-10-01T15:12:12.903556+00:00,"{""additionalSourceIds"": [""gold-imf-volume""], ""formula"": ""tonnes(t) - tonnes(t-1)"", ""missingReason"": null}"
poland-gold,poland-gold--tonnes,Polska · Rezerwy złota,Poland,Gold reserves,2001-11-30,2001-11,month,2001-11-01,102.8779865941166,tony,monthly,derived,https://api.db.nomics.world/v22/series/IMF/IRFCL/M.PL.RAFAGOLDV_OZT.S1X?observations=1,2026-10-01T15:12:12.903556+00:00,"{""sourceValue"": 3.30760407447815, ""sourceUnit"": ""million fine troy ounces""}"
poland-gold,poland-gold--gold-eur,Polska · Wartość złota w EUR,Poland,Gold value in EUR,2001-12-31,2001-12,month,2001-12-01,1.0431150401968357,mld EUR,monthly,derived,https://data-api.ecb.europa.eu/service/data/RAS/M.N.PL.W1.S121.S1.LE.A.FA.R.._Z....N.ALL?format=csvdata,2026-10-01T15:07:49.183268+00:00,"{""seriesKey"": ""RAS.M.N.PL.W1.S121.S1.LE.A.FA.R.F11._Z.EUR.XAU.M.N.ALL"", ""sourceValue"": ""1043.1150401968357"", ""observationStatus"": ""A""}"
poland-gold,poland-gold--monthly-change,Polska · Zmiana rezerw złota m/m,Poland,Monthly change in gold reserves,2001-12-31,2001-12,month,2001-12-01,0.006154986797199116,tony / miesiąc,monthly,derived,https://api.db.nomics.world/v22/series/IMF/IRFCL/M.PL.RAFAGOLDV_OZT.S1X?observations=1,2026-10-01T15:12:12.903556+00:00,"{""additionalSourceIds"": [""gold-imf-volume""], ""formula"": ""tonnes(t) - tonnes(t-1)"", ""missingReason"": null}"
poland-gold,poland-gold--tonnes,Polska · Rezerwy złota,Poland,Gold reserves,2001-12-31,2001-12,month,2001-12-01,102.8841415809138,tony,monthly,derived,https://api.db.nomics.world/v22/series/IMF/IRFCL/M.PL.RAFAGOLDV_OZT.S1X?observations=1,2026-10-01T15:12:12.903556+00:00,"{""sourceValue"": 3.3078019618988, ""sourceUnit"": ""million fine troy ounces""}"
poland-gold,poland-gold--gold-eur,Polska · Wartość złota w EUR,Poland,Gold value in EUR,2002-01-31,2002-01,month,2002-01-01,1.0803901408842083,mld EUR,monthly,derived,https://data-api.ecb.europa.eu/service/data/RAS/M.N.PL.W1.S121.S1.LE.A.FA.R.._Z....N.ALL?format=csvdata,2026-10-01T15:07:49.183268+00:00,"{""seriesKey"": ""RAS.M.N.PL.W1.S121.S1.LE.A.FA.R.F11._Z.EUR.XAU.M.N.ALL"", ""sourceValue"": ""1080.3901408842082"", ""observationStatus"": ""A""}"
poland-gold,poland-gold--monthly-change,Polska · Zmiana rezerw złota m/m,Poland,Monthly change in gold reserves,2002-01-31,2002-01,month,2002-01-01,0.002958843051029642,tony / miesiąc,monthly,derived,https://api.db.nomics.world/v22/series/IMF/IRFCL/M.PL.RAFAGOLDV_OZT.S1X?observations=1,2026-10-01T15:12:12.903556+00:00,"{""additionalSourceIds"": [""gold-imf-volume""], ""formula"": ""tonnes(t) - tonnes(t-1)"", ""missingReason"": null}"
poland-gold,poland-gold--tonnes,Polska · Rezerwy złota,Poland,Gold reserves,2002-01-31,2002-01,month,2002-01-01,102.88710042396484,tony,monthly,derived,https://api.db.nomics.world/v22/series/IMF/IRFCL/M.PL.RAFAGOLDV_OZT.S1X?observations=1,2026-10-01T15:12:12.903556+00:00,"{""sourceValue"": 3.30789709091187, ""sourceUnit"": ""million fine troy ounces""}"
poland-gold,poland-gold--gold-eur,Polska · Wartość złota w EUR,Poland,Gold value in EUR,2002-02-28,2002-02,month,2002-02-01,1.1320082248115149,mld EUR,monthly,derived,https://data-api.ecb.europa.eu/service/data/RAS/M.N.PL.W1.S121.S1.LE.A.FA.R.._Z....N.ALL?format=csvdata,2026-10-01T15:07:49.183268+00:00,"{""seriesKey"": ""RAS.M.N.PL.W1.S121.S1.LE.A.FA.R.F11._Z.EUR.XAU.M.N.ALL"", ""sourceValue"": ""1132.0082248115148"", ""observationStatus"": ""A""}"
poland-gold,poland-gold--monthly-change,Polska · Zmiana rezerw złota m/m,Poland,Monthly change in gold reserves,2002-02-28,2002-02,month,2002-02-01,0.014178716574028642,tony / miesiąc,monthly,derived,https://api.db.nomics.world/v22/series/IMF/IRFCL/M.PL.RAFAGOLDV_OZT.S1X?observations=1,2026-10-01T15:12:12.903556+00:00,"{""additionalSourceIds"": [""gold-imf-volume""], ""formula"": ""tonnes(t) - tonnes(t-1)"", ""missingReason"": null}"
poland-gold,poland-gold--tonnes,Polska · Rezerwy złota,Poland,Gold reserves,2002-02-28,2002-02,month,2002-02-01,102.90127914053886,tony,monthly,derived,https://api.db.nomics.world/v22/series/IMF/IRFCL/M.PL.RAFAGOLDV_OZT.S1X?observations=1,2026-10-01T15:12:12.903556+00:00,"{""sourceValue"": 3.30835294723511, ""sourceUnit"": ""million fine troy ounces""}"
poland-gold,poland-gold--gold-eur,Polska · Wartość złota w EUR,Poland,Gold value in EUR,2002-03-31,2002-03,month,2002-03-01,1.1475683805916106,mld EUR,monthly,derived,https://data-api.ecb.europa.eu/service/data/RAS/M.N.PL.W1.S121.S1.LE.A.FA.R.._Z....N.ALL?format=csvdata,2026-10-01T15:07:49.183268+00:00,"{""seriesKey"": ""RAS.M.N.PL.W1.S121.S1.LE.A.FA.R.F11._Z.EUR.XAU.M.N.ALL"", ""sourceValue"": ""1147.5683805916105"", ""observationStatus"": ""A""}"
poland-gold,poland-gold--monthly-change,Polska · Zmiana rezerw złota m/m,Poland,Monthly change in gold reserves,2002-03-31,2002-03,month,2002-03-01,0.0025213198927423633,tony / miesiąc,monthly,derived,https://api.db.nomics.world/v22/series/IMF/IRFCL/M.PL.RAFAGOLDV_OZT.S1X?observations=1,2026-10-01T15:12:12.903556+00:00,"{""additionalSourceIds"": [""gold-imf-volume""], ""formula"": ""tonnes(t) - tonnes(t-1)"", ""missingReason"": null}"
poland-gold,poland-gold--tonnes,Polska · Rezerwy złota,Poland,Gold reserves,2002-03-31,2002-03,month,2002-03-01,102.90380046043161,tony,monthly,derived,https://api.db.nomics.world/v22/series/IMF/IRFCL/M.PL.RAFAGOLDV_OZT.S1X?observations=1,2026-10-01T15:12:12.903556+00:00,"{""sourceValue"": 3.308434009552, ""sourceUnit"": ""million fine troy ounces""}"
poland-gold,poland-gold--gold-eur,Polska · Wartość złota w EUR,Poland,Gold value in EUR,2002-04-30,2002-04,month,2002-04-01,1.1263423703415933,mld EUR,monthly,derived,https://data-api.ecb.europa.eu/service/data/RAS/M.N.PL.W1.S121.S1.LE.A.FA.R.._Z....N.ALL?format=csvdata,2026-10-01T15:07:49.183268+00:00,"{""seriesKey"": ""RAS.M.N.PL.W1.S121.S1.LE.A.FA.R.F11._Z.EUR.XAU.M.N.ALL"", ""sourceValue"": ""1126.3423703415933"", ""observationStatus"": ""A""}"
poland-gold,poland-gold--monthly-change,Polska · Zmiana rezerw złota m/m,Poland,Monthly change in gold reserves,2002-04-30,2002-04,month,2002-04-01,-2.966258677584101e-05,tony / miesiąc,monthly,derived,https://api.db.nomics.world/v22/series/IMF/IRFCL/M.PL.RAFAGOLDV_OZT.S1X?observations=1,2026-10-01T15:12:12.903556+00:00,"{""additionalSourceIds"": [""gold-imf-volume""], ""formula"": ""tonnes(t) - tonnes(t-1)"", ""missingReason"": null}"
poland-gold,poland-gold--tonnes,Polska · Rezerwy złota,Poland,Gold reserves,2002-04-30,2002-04,month,2002-04-01,102.90377079784483,tony,monthly,derived,https://api.db.nomics.world/v22/series/IMF/IRFCL/M.PL.RAFAGOLDV_OZT.S1X?observations=1,2026-10-01T15:12:12.903556+00:00,"{""sourceValue"": 3.30843305587769, ""sourceUnit"": ""million fine troy ounces""}"
poland-gold,poland-gold--gold-eur,Polska · Wartość złota w EUR,Poland,Gold value in EUR,2002-05-31,2002-05,month,2002-05-01,1.1528994521345577,mld EUR,monthly,derived,https://data-api.ecb.europa.eu/service/data/RAS/M.N.PL.W1.S121.S1.LE.A.FA.R.._Z....N.ALL?format=csvdata,2026-10-01T15:07:49.183268+00:00,"{""seriesKey"": ""RAS.M.N.PL.W1.S121.S1.LE.A.FA.R.F11._Z.EUR.XAU.M.N.ALL"", ""sourceValue"": ""1152.8994521345578"", ""observationStatus"": ""A""}"
poland-gold,poland-gold--monthly-change,Polska · Zmiana rezerw złota m/m,Poland,Monthly change in gold reserves,2002-05-31,2002-05,month,2002-05-01,2.966258677584101e-05,tony / miesiąc,monthly,derived,https://api.db.nomics.world/v22/series/IMF/IRFCL/M.PL.RAFAGOLDV_OZT.S1X?observations=1,2026-10-01T15:12:12.903556+00:00,"{""additionalSourceIds"": [""gold-imf-volume""], ""formula"": ""tonnes(t) - tonnes(t-1)"", ""missingReason"": null}"
poland-gold,poland-gold--tonnes,Polska · Rezerwy złota,Poland,Gold reserves,2002-05-31,2002-05,month,2002-05-01,102.90380046043161,tony,monthly,derived,https://api.db.nomics.world/v22/series/IMF/IRFCL/M.PL.RAFAGOLDV_OZT.S1X?observations=1,2026-10-01T15:12:12.903556+00:00,"{""sourceValue"": 3.308434009552, ""sourceUnit"": ""million fine troy ounces""}"
poland-gold,poland-gold--gold-eur,Polska · Wartość złota w EUR,Poland,Gold value in EUR,2002-06-30,2002-06,month,2002-06-01,1.0490664564756884,mld EUR,monthly,derived,https://data-api.ecb.europa.eu/service/data/RAS/M.N.PL.W1.S121.S1.LE.A.FA.R.._Z....N.ALL?format=csvdata,2026-10-01T15:07:49.183268+00:00,"{""seriesKey"": ""RAS.M.N.PL.W1.S121.S1.LE.A.FA.R.F11._Z.EUR.XAU.M.N.ALL"", ""sourceValue"": ""1049.0664564756885"", ""observationStatus"": ""A""}"
poland-gold,poland-gold--monthly-change,Polska · Zmiana rezerw złota m/m,Poland,Monthly change in gold reserves,2002-06-30,2002-06,month,2002-06-01,0.0,tony / miesiąc,monthly,derived,https://api.db.nomics.world/v22/series/IMF/IRFCL/M.PL.RAFAGOLDV_OZT.S1X?observations=1,2026-10-01T15:12:12.903556+00:00,"{""additionalSourceIds"": [""gold-imf-volume""], ""formula"": ""tonnes(t) - tonnes(t-1)"", ""missingReason"": null}"
poland-gold,poland-gold--tonnes,Polska · Rezerwy złota,Poland,Gold reserves,2002-06-30,2002-06,month,2002-06-01,102.90380046043161,tony,monthly,derived,https://api.db.nomics.world/v22/series/IMF/IRFCL/M.PL.RAFAGOLDV_OZT.S1X?observations=1,2026-10-01T15:12:12.903556+00:00,"{""sourceValue"": 3.308434009552, ""sourceUnit"": ""million fine troy ounces""}"
poland-gold,poland-gold--gold-eur,Polska · Wartość złota w EUR,Poland,Gold value in EUR,2002-07-31,2002-07,month,2002-07-01,1.026756261453879,mld EUR,monthly,derived,https://data-api.ecb.europa.eu/service/data/RAS/M.N.PL.W1.S121.S1.LE.A.FA.R.._Z....N.ALL?format=csvdata,2026-10-01T15:07:49.183268+00:00,"{""seriesKey"": ""RAS.M.N.PL.W1.S121.S1.LE.A.FA.R.F11._Z.EUR.XAU.M.N.ALL"", ""sourceValue"": ""1026.756261453879"", ""observationStatus"": ""A""}"
poland-gold,poland-gold--monthly-change,Polska · Zmiana rezerw złota m/m,Poland,Monthly change in gold reserves,2002-07-31,2002-07,month,2002-07-01,0.0,tony / miesiąc,monthly,derived,https://api.db.nomics.world/v22/series/IMF/IRFCL/M.PL.RAFAGOLDV_OZT.S1X?observations=1,2026-10-01T15:12:12.903556+00:00,"{""additionalSourceIds"": [""gold-imf-volume""], ""formula"": ""tonnes(t) - tonnes(t-1)"", ""missingReason"": null}"
poland-gold,poland-gold--tonnes,Polska · Rezerwy złota,Poland,Gold reserves,2002-07-31,2002-07,month,2002-07-01,102.90380046043161,tony,monthly,derived,https://api.db.nomics.world/v22/series/IMF/IRFCL/M.PL.RAFAGOLDV_OZT.S1X?observations=1,2026-10-01T15:12:12.903556+00:00,"{""sourceValue"": 3.308434009552, ""sourceUnit"": ""million fine troy ounces""}"
poland-gold,poland-gold--gold-eur,Polska · Wartość złota w EUR,Poland,Gold value in EUR,2002-08-31,2002-08,month,2002-08-01,1.0527996070726915,mld EUR,monthly,derived,https://data-api.ecb.europa.eu/service/data/RAS/M.N.PL.W1.S121.S1.LE.A.FA.R.._Z....N.ALL?format=csvdata,2026-10-01T15:07:49.183268+00:00,"{""seriesKey"": ""RAS.M.N.PL.W1.S121.S1.LE.A.FA.R.F11._Z.EUR.XAU.M.N.ALL"", ""sourceValue"": ""1052.7996070726915"", ""observationStatus"": ""A""}"
poland-gold,poland-gold--monthly-change,Polska · Zmiana rezerw złota m/m,Poland,Monthly change in gold reserves,2002-08-31,2002-08,month,2002-08-01,0.0,tony / miesiąc,monthly,derived,https://api.db.nomics.world/v22/series/IMF/IRFCL/M.PL.RAFAGOLDV_OZT.S1X?observations=1,2026-10-01T15:12:12.903556+00:00,"{""additionalSourceIds"": [""gold-imf-volume""], ""formula"": ""tonnes(t) - tonnes(t-1)"", ""missingReason"": null}"
poland-gold,poland-gold--tonnes,Polska · Rezerwy złota,Poland,Gold reserves,2002-08-31,2002-08,month,2002-08-01,102.90380046043161,tony,monthly,derived,https://api.db.nomics.world/v22/series/IMF/IRFCL/M.PL.RAFAGOLDV_OZT.S1X?observations=1,2026-10-01T15:12:12.903556+00:00,"{""sourceValue"": 3.308434009552, ""sourceUnit"": ""million fine troy ounces""}"
poland-gold,poland-gold--gold-eur,Polska · Wartość złota w EUR,Poland,Gold value in EUR,2002-09-30,2002-09,month,2002-09-01,1.0856179445829057,mld EUR,monthly,derived,https://data-api.ecb.europa.eu/service/data/RAS/M.N.PL.W1.S121.S1.LE.A.FA.R.._Z....N.ALL?format=csvdata,2026-10-01T15:07:49.183268+00:00,"{""seriesKey"": ""RAS.M.N.PL.W1.S121.S1.LE.A.FA.R.F11._Z.EUR.XAU.M.N.ALL"", ""sourceValue"": ""1085.6179445829057"", ""observationStatus"": ""A""}"
poland-gold,poland-gold--monthly-change,Polska · Zmiana rezerw złota m/m,Poland,Monthly change in gold reserves,2002-09-30,2002-09,month,2002-09-01,0.000837968082093893,tony / miesiąc,monthly,derived,https://api.db.nomics.world/v22/series/IMF/IRFCL/M.PL.RAFAGOLDV_OZT.S1X?observations=1,2026-10-01T15:12:12.903556+00:00,"{""additionalSourceIds"": [""gold-imf-volume""], ""formula"": ""tonnes(t) - tonnes(t-1)"", ""missingReason"": null}"
poland-gold,poland-gold--tonnes,Polska · Rezerwy złota,Poland,Gold reserves,2002-09-30,2002-09,month,2002-09-01,102.9046384285137,tony,monthly,derived,https://api.db.nomics.world/v22/series/IMF/IRFCL/M.PL.RAFAGOLDV_OZT.S1X?observations=1,2026-10-01T15:12:12.903556+00:00,"{""sourceValue"": 3.30846095085144, ""sourceUnit"": ""million fine troy ounces""}"
poland-gold,poland-gold--gold-eur,Polska · Wartość złota w EUR,Poland,Gold value in EUR,2002-10-31,2002-10,month,2002-10-01,1.0626744098348293,mld EUR,monthly,derived,https://data-api.ecb.europa.eu/service/data/RAS/M.N.PL.W1.S121.S1.LE.A.FA.R.._Z....N.ALL?format=csvdata,2026-10-01T15:07:49.183268+00:00,"{""seriesKey"": ""RAS.M.N.PL.W1.S121.S1.LE.A.FA.R.F11._Z.EUR.XAU.M.N.ALL"", ""sourceValue"": ""1062.6744098348292"", ""observationStatus"": ""A""}"
poland-gold,poland-gold--monthly-change,Polska · Zmiana rezerw złota m/m,Poland,Monthly change in gold reserves,2002-10-31,2002-10,month,2002-10-01,0.009328883603675503,tony / miesiąc,monthly,derived,https://api.db.nomics.world/v22/series/IMF/IRFCL/M.PL.RAFAGOLDV_OZT.S1X?observations=1,2026-10-01T15:12:12.903556+00:00,"{""additionalSourceIds"": [""gold-imf-volume""], ""formula"": ""tonnes(t) - tonnes(t-1)"", ""missingReason"": null}"
poland-gold,poland-gold--tonnes,Polska · Rezerwy złota,Poland,Gold reserves,2002-10-31,2002-10,month,2002-10-01,102.91396731211738,tony,monthly,derived,https://api.db.nomics.world/v22/series/IMF/IRFCL/M.PL.RAFAGOLDV_OZT.S1X?observations=1,2026-10-01T15:12:12.903556+00:00,"{""sourceValue"": 3.30876088142395, ""sourceUnit"": ""million fine troy ounces""}"
poland-gold,poland-gold--gold-eur,Polska · Wartość złota w EUR,Poland,Gold value in EUR,2002-11-30,2002-11,month,2002-11-01,1.0614651279478173,mld EUR,monthly,derived,https://data-api.ecb.europa.eu/service/data/RAS/M.N.PL.W1.S121.S1.LE.A.FA.R.._Z....N.ALL?format=csvdata,2026-10-01T15:07:49.183268+00:00,"{""seriesKey"": ""RAS.M.N.PL.W1.S121.S1.LE.A.FA.R.F11._Z.EUR.XAU.M.N.ALL"", ""sourceValue"": ""1061.4651279478173"", ""observationStatus"": ""A""}"
poland-gold,poland-gold--monthly-change,Polska · Zmiana rezerw złota m/m,Poland,Monthly change in gold reserves,2002-11-30,2002-11,month,2002-11-01,-0.00490915814452689,tony / miesiąc,monthly,derived,https://api.db.nomics.world/v22/series/IMF/IRFCL/M.PL.RAFAGOLDV_OZT.S1X?observations=1,2026-10-01T15:12:12.903556+00:00,"{""additionalSourceIds"": [""gold-imf-volume""], ""formula"": ""tonnes(t) - tonnes(t-1)"", ""missingReason"": null}"
poland-gold,poland-gold--tonnes,Polska · Rezerwy złota,Poland,Gold reserves,2002-11-30,2002-11,month,2002-11-01,102.90905815397285,tony,monthly,derived,https://api.db.nomics.world/v22/series/IMF/IRFCL/M.PL.RAFAGOLDV_OZT.S1X?observations=1,2026-10-01T15:12:12.903556+00:00,"{""sourceValue"": 3.30860304832458, ""sourceUnit"": ""million fine troy ounces""}"
poland-gold,poland-gold--gold-eur,Polska · Wartość złota w EUR,Poland,Gold value in EUR,2002-12-31,2002-12,month,2002-12-01,1.0825665257398658,mld EUR,monthly,derived,https://data-api.ecb.europa.eu/service/data/RAS/M.N.PL.W1.S121.S1.LE.A.FA.R.._Z....N.ALL?format=csvdata,2026-10-01T15:07:49.183268+00:00,"{""seriesKey"": ""RAS.M.N.PL.W1.S121.S1.LE.A.FA.R.F11._Z.EUR.XAU.M.N.ALL"", ""sourceValue"": ""1082.5665257398657"", ""observationStatus"": ""A""}"
poland-gold,poland-gold--monthly-change,Polska · Zmiana rezerw złota m/m,Poland,Monthly change in gold reserves,2002-12-31,2002-12,month,2002-12-01,-0.0004671857447520849,tony / miesiąc,monthly,derived,https://api.db.nomics.world/v22/series/IMF/IRFCL/M.PL.RAFAGOLDV_OZT.S1X?observations=1,2026-10-01T15:12:12.903556+00:00,"{""additionalSourceIds"": [""gold-imf-volume""], ""formula"": ""tonnes(t) - tonnes(t-1)"", ""missingReason"": null}"
poland-gold,poland-gold--tonnes,Polska · Rezerwy złota,Poland,Gold reserves,2002-12-31,2002-12,month,2002-12-01,102.9085909682281,tony,monthly,derived,https://api.db.nomics.world/v22/series/IMF/IRFCL/M.PL.RAFAGOLDV_OZT.S1X?observations=1,2026-10-01T15:12:12.903556+00:00,"{""sourceValue"": 3.3085880279541, ""sourceUnit"": ""million fine troy ounces""}"
poland-gold,poland-gold--gold-eur,Polska · Wartość złota w EUR,Poland,Gold value in EUR,2003-01-31,2003-01,month,2003-01-01,1.1225057443463538,mld EUR,monthly,derived,https://data-api.ecb.europa.eu/service/data/RAS/M.N.PL.W1.S121.S1.LE.A.FA.R.._Z....N.ALL?format=csvdata,2026-10-01T15:07:49.183268+00:00,"{""seriesKey"": ""RAS.M.N.PL.W1.S121.S1.LE.A.FA.R.F11._Z.EUR.XAU.M.N.ALL"", ""sourceValue"": ""1122.5057443463538"", ""observationStatus"": ""A""}"
poland-gold,poland-gold--monthly-change,Polska · Zmiana rezerw złota m/m,Poland,Monthly change in gold reserves,2003-01-31,2003-01,month,2003-01-01,0.01888023660956947,tony / miesiąc,monthly,derived,https://api.db.nomics.world/v22/series/IMF/IRFCL/M.PL.RAFAGOLDV_OZT.S1X?observations=1,2026-10-01T15:12:12.903556+00:00,"{""additionalSourceIds"": [""gold-imf-volume""], ""formula"": ""tonnes(t) - tonnes(t-1)"", ""missingReason"": null}"
poland-gold,poland-gold--tonnes,Polska · Rezerwy złota,Poland,Gold reserves,2003-01-31,2003-01,month,2003-01-01,102.92747120483767,tony,monthly,derived,https://api.db.nomics.world/v22/series/IMF/IRFCL/M.PL.RAFAGOLDV_OZT.S1X?observations=1,2026-10-01T15:12:12.903556+00:00,"{""sourceValue"": 3.30919504165649, ""sourceUnit"": ""million fine troy ounces""}"
poland-gold,poland-gold--gold-eur,Polska · Wartość złota w EUR,Poland,Gold value in EUR,2003-02-28,2003-02,month,2003-02-01,1.0674290595046028,mld EUR,monthly,derived,https://data-api.ecb.europa.eu/service/data/RAS/M.N.PL.W1.S121.S1.LE.A.FA.R.._Z....N.ALL?format=csvdata,2026-10-01T15:07:49.183268+00:00,"{""seriesKey"": ""RAS.M.N.PL.W1.S121.S1.LE.A.FA.R.F11._Z.EUR.XAU.M.N.ALL"", ""sourceValue"": ""1067.4290595046027"", ""observationStatus"": ""A""}"
poland-gold,poland-gold--monthly-change,Polska · Zmiana rezerw złota m/m,Poland,Monthly change in gold reserves,2003-02-28,2003-02,month,2003-02-01,-0.16964033491035507,tony / miesiąc,monthly,derived,https://api.db.nomics.world/v22/series/IMF/IRFCL/M.PL.RAFAGOLDV_OZT.S1X?observations=1,2026-10-01T15:12:12.903556+00:00,"{""additionalSourceIds"": [""gold-imf-volume""], ""formula"": ""tonnes(t) - tonnes(t-1)"", ""missingReason"": null}"
poland-gold,poland-gold--tonnes,Polska · Rezerwy złota,Poland,Gold reserves,2003-02-28,2003-02,month,2003-02-01,102.75783086992732,tony,monthly,derived,https://api.db.nomics.world/v22/series/IMF/IRFCL/M.PL.RAFAGOLDV_OZT.S1X?observations=1,2026-10-01T15:12:12.903556+00:00,"{""sourceValue"": 3.30374097824097, ""sourceUnit"": ""million fine troy ounces""}"
poland-gold,poland-gold--gold-eur,Polska · Wartość złota w EUR,Poland,Gold value in EUR,2003-03-31,2003-03,month,2003-03-01,1.0153846153846153,mld EUR,monthly,derived,https://data-api.ecb.europa.eu/service/data/RAS/M.N.PL.W1.S121.S1.LE.A.FA.R.._Z....N.ALL?format=csvdata,2026-10-01T15:07:49.183268+00:00,"{""seriesKey"": ""RAS.M.N.PL.W1.S121.S1.LE.A.FA.R.F11._Z.EUR.XAU.M.N.ALL"", ""sourceValue"": ""1015.3846153846154"", ""observationStatus"": ""A""}"
poland-gold,poland-gold--monthly-change,Polska · Zmiana rezerw złota m/m,Poland,Monthly change in gold reserves,2003-03-31,2003-03,month,2003-03-01,0.15054504454533887,tony / miesiąc,monthly,derived,https://api.db.nomics.world/v22/series/IMF/IRFCL/M.PL.RAFAGOLDV_OZT.S1X?observations=1,2026-10-01T15:12:12.903556+00:00,"{""additionalSourceIds"": [""gold-imf-volume""], ""formula"": ""tonnes(t) - tonnes(t-1)"", ""missingReason"": null}"
poland-gold,poland-gold--tonnes,Polska · Rezerwy złota,Poland,Gold reserves,2003-03-31,2003-03,month,2003-03-01,102.90837591447266,tony,monthly,derived,https://api.db.nomics.world/v22/series/IMF/IRFCL/M.PL.RAFAGOLDV_OZT.S1X?observations=1,2026-10-01T15:12:12.903556+00:00,"{""sourceValue"": 3.30858111381531, ""sourceUnit"": ""million fine troy ounces""}"
poland-gold,poland-gold--gold-eur,Polska · Wartość złota w EUR,Poland,Gold value in EUR,2003-04-30,2003-04,month,2003-04-01,1.002577319587629,mld EUR,monthly,derived,https://data-api.ecb.europa.eu/service/data/RAS/M.N.PL.W1.S121.S1.LE.A.FA.R.._Z....N.ALL?format=csvdata,2026-10-01T15:07:49.183268+00:00,"{""seriesKey"": ""RAS.M.N.PL.W1.S121.S1.LE.A.FA.R.F11._Z.EUR.XAU.M.N.ALL"", ""sourceValue"": ""1002.577319587629"", ""observationStatus"": ""A""}"
poland-gold,poland-gold--monthly-change,Polska · Zmiana rezerw złota m/m,Poland,Monthly change in gold reserves,2003-04-30,2003-04,month,2003-04-01,-0.0005932517395602721,tony / miesiąc,monthly,derived,https://api.db.nomics.world/v22/series/IMF/IRFCL/M.PL.RAFAGOLDV_OZT.S1X?observations=1,2026-10-01T15:12:12.903556+00:00,"{""additionalSourceIds"": [""gold-imf-volume""], ""formula"": ""tonnes(t) - tonnes(t-1)"", ""missingReason"": null}"
poland-gold,poland-gold--tonnes,Polska · Rezerwy złota,Poland,Gold reserves,2003-04-30,2003-04,month,2003-04-01,102.9077826627331,tony,monthly,derived,https://api.db.nomics.world/v22/series/IMF/IRFCL/M.PL.RAFAGOLDV_OZT.S1X?observations=1,2026-10-01T15:12:12.903556+00:00,"{""sourceValue"": 3.30856204032898, ""sourceUnit"": ""million fine troy ounces""}"
poland-gold,poland-gold--gold-eur,Polska · Wartość złota w EUR,Poland,Gold value in EUR,2003-05-31,2003-05,month,2003-05-01,1.01901434017063,mld EUR,monthly,derived,https://data-api.ecb.europa.eu/service/data/RAS/M.N.PL.W1.S121.S1.LE.A.FA.R.._Z....N.ALL?format=csvdata,2026-10-01T15:07:49.183268+00:00,"{""seriesKey"": ""RAS.M.N.PL.W1.S121.S1.LE.A.FA.R.F11._Z.EUR.XAU.M.N.ALL"", ""sourceValue"": ""1019.01434017063"", ""observationStatus"": ""A""}"
poland-gold,poland-gold--monthly-change,Polska · Zmiana rezerw złota m/m,Poland,Monthly change in gold reserves,2003-05-31,2003-05,month,2003-05-01,-0.0018687429793193741,tony / miesiąc,monthly,derived,https://api.db.nomics.world/v22/series/IMF/IRFCL/M.PL.RAFAGOLDV_OZT.S1X?observations=1,2026-10-01T15:12:12.903556+00:00,"{""additionalSourceIds"": [""gold-imf-volume""], ""formula"": ""tonnes(t) - tonnes(t-1)"", ""missingReason"": null}"
poland-gold,poland-gold--tonnes,Polska · Rezerwy złota,Poland,Gold reserves,2003-05-31,2003-05,month,2003-05-01,102.90591391975377,tony,monthly,derived,https://api.db.nomics.world/v22/series/IMF/IRFCL/M.PL.RAFAGOLDV_OZT.S1X?observations=1,2026-10-01T15:12:12.903556+00:00,"{""sourceValue"": 3.30850195884705, ""sourceUnit"": ""million fine troy ounces""}"
poland-gold,poland-gold--gold-eur,Polska · Wartość złota w EUR,Poland,Gold value in EUR,2003-06-30,2003-06,month,2003-06-01,0.9963149078726968,mld EUR,monthly,derived,https://data-api.ecb.europa.eu/service/data/RAS/M.N.PL.W1.S121.S1.LE.A.FA.R.._Z....N.ALL?format=csvdata,2026-10-01T15:07:49.183268+00:00,"{""seriesKey"": ""RAS.M.N.PL.W1.S121.S1.LE.A.FA.R.F11._Z.EUR.XAU.M.N.ALL"", ""sourceValue"": ""996.3149078726968"", ""observationStatus"": ""A""}"
poland-gold,poland-gold--monthly-change,Polska · Zmiana rezerw złota m/m,Poland,Monthly change in gold reserves,2003-06-30,2003-06,month,2003-06-01,-0.0004968483318389606,tony / miesiąc,monthly,derived,https://api.db.nomics.world/v22/series/IMF/IRFCL/M.PL.RAFAGOLDV_OZT.S1X?observations=1,2026-10-01T15:12:12.903556+00:00,"{""additionalSourceIds"": [""gold-imf-volume""], ""formula"": ""tonnes(t) - tonnes(t-1)"", ""missingReason"": null}"
poland-gold,poland-gold--tonnes,Polska · Rezerwy złota,Poland,Gold reserves,2003-06-30,2003-06,month,2003-06-01,102.90541707142194,tony,monthly,derived,https://api.db.nomics.world/v22/series/IMF/IRFCL/M.PL.RAFAGOLDV_OZT.S1X?observations=1,2026-10-01T15:12:12.903556+00:00,"{""sourceValue"": 3.30848598480225, ""sourceUnit"": ""million fine troy ounces""}"
poland-gold,poland-gold--gold-eur,Polska · Wartość złota w EUR,Poland,Gold value in EUR,2003-07-31,2003-07,month,2003-07-01,1.039151115989755,mld EUR,monthly,derived,https://data-api.ecb.europa.eu/service/data/RAS/M.N.PL.W1.S121.S1.LE.A.FA.R.._Z....N.ALL?format=csvdata,2026-10-01T15:07:49.183268+00:00,"{""seriesKey"": ""RAS.M.N.PL.W1.S121.S1.LE.A.FA.R.F11._Z.EUR.XAU.M.N.ALL"", ""sourceValue"": ""1039.151115989755"", ""observationStatus"": ""A""}"
poland-gold,poland-gold--monthly-change,Polska · Zmiana rezerw złota m/m,Poland,Monthly change in gold reserves,2003-07-31,2003-07,month,2003-07-01,0.0,tony / miesiąc,monthly,derived,https://api.db.nomics.world/v22/series/IMF/IRFCL/M.PL.RAFAGOLDV_OZT.S1X?observations=1,2026-10-01T15:12:12.903556+00:00,"{""additionalSourceIds"": [""gold-imf-volume""], ""formula"": ""tonnes(t) - tonnes(t-1)"", ""missingReason"": null}"
poland-gold,poland-gold--tonnes,Polska · Rezerwy złota,Poland,Gold reserves,2003-07-31,2003-07,month,2003-07-01,102.90541707142194,tony,monthly,derived,https://api.db.nomics.world/v22/series/IMF/IRFCL/M.PL.RAFAGOLDV_OZT.S1X?observations=1,2026-10-01T15:12:12.903556+00:00,"{""sourceValue"": 3.30848598480225, ""sourceUnit"": ""million fine troy ounces""}"
poland-gold,poland-gold--gold-eur,Polska · Wartość złota w EUR,Poland,Gold value in EUR,2003-08-31,2003-08,month,2003-08-01,1.1387933012158753,mld EUR,monthly,derived,https://data-api.ecb.europa.eu/service/data/RAS/M.N.PL.W1.S121.S1.LE.A.FA.R.._Z....N.ALL?format=csvdata,2026-10-01T15:07:49.183268+00:00,"{""seriesKey"": ""RAS.M.N.PL.W1.S121.S1.LE.A.FA.R.F11._Z.EUR.XAU.M.N.ALL"", ""sourceValue"": ""1138.7933012158753"", ""observationStatus"": ""A""}"
poland-gold,poland-gold--monthly-change,Polska · Zmiana rezerw złota m/m,Poland,Monthly change in gold reserves,2003-08-31,2003-08,month,2003-08-01,-0.00043752315797624384,tony / miesiąc,monthly,derived,https://api.db.nomics.world/v22/series/IMF/IRFCL/M.PL.RAFAGOLDV_OZT.S1X?observations=1,2026-10-01T15:12:12.903556+00:00,"{""additionalSourceIds"": [""gold-imf-volume""], ""formula"": ""tonnes(t) - tonnes(t-1)"", ""missingReason"": null}"
poland-gold,poland-gold--tonnes,Polska · Rezerwy złota,Poland,Gold reserves,2003-08-31,2003-08,month,2003-08-01,102.90497954826395,tony,monthly,derived,https://api.db.nomics.world/v22/series/IMF/IRFCL/M.PL.RAFAGOLDV_OZT.S1X?observations=1,2026-10-01T15:12:12.903556+00:00,"{""sourceValue"": 3.30847191810608, ""sourceUnit"": ""million fine troy ounces""}"
poland-gold,poland-gold--gold-eur,Polska · Wartość złota w EUR,Poland,Gold value in EUR,2003-09-30,2003-09,month,2003-09-01,1.1051982607567006,mld EUR,monthly,derived,https://data-api.ecb.europa.eu/service/data/RAS/M.N.PL.W1.S121.S1.LE.A.FA.R.._Z....N.ALL?format=csvdata,2026-10-01T15:07:49.183268+00:00,"{""seriesKey"": ""RAS.M.N.PL.W1.S121.S1.LE.A.FA.R.F11._Z.EUR.XAU.M.N.ALL"", ""sourceValue"": ""1105.1982607567006"", ""observationStatus"": ""A""}"
poland-gold,poland-gold--monthly-change,Polska · Zmiana rezerw złota m/m,Poland,Monthly change in gold reserves,2003-09-30,2003-09,month,2003-09-01,-0.0019280681534931258,tony / miesiąc,monthly,derived,https://api.db.nomics.world/v22/series/IMF/IRFCL/M.PL.RAFAGOLDV_OZT.S1X?observations=1,2026-10-01T15:12:12.903556+00:00,"{""additionalSourceIds"": [""gold-imf-volume""], ""formula"": ""tonnes(t) - tonnes(t-1)"", ""missingReason"": null}"
poland-gold,poland-gold--tonnes,Polska · Rezerwy złota,Poland,Gold reserves,2003-09-30,2003-09,month,2003-09-01,102.90305148011046,tony,monthly,derived,https://api.db.nomics.world/v22/series/IMF/IRFCL/M.PL.RAFAGOLDV_OZT.S1X?observations=1,2026-10-01T15:12:12.903556+00:00,"{""sourceValue"": 3.30840992927551, ""sourceUnit"": ""million fine troy ounces""}"
poland-gold,poland-gold--gold-eur,Polska · Wartość złota w EUR,Poland,Gold value in EUR,2003-10-31,2003-10,month,2003-10-01,1.093783243266244,mld EUR,monthly,derived,https://data-api.ecb.europa.eu/service/data/RAS/M.N.PL.W1.S121.S1.LE.A.FA.R.._Z....N.ALL?format=csvdata,2026-10-01T15:07:49.183268+00:00,"{""seriesKey"": ""RAS.M.N.PL.W1.S121.S1.LE.A.FA.R.F11._Z.EUR.XAU.M.N.ALL"", ""sourceValue"": ""1093.783243266244"", ""observationStatus"": ""A""}"
poland-gold,poland-gold--monthly-change,Polska · Zmiana rezerw złota m/m,Poland,Monthly change in gold reserves,2003-10-31,2003-10,month,2003-10-01,0.0029885056378054827,tony / miesiąc,monthly,derived,https://api.db.nomics.world/v22/series/IMF/IRFCL/M.PL.RAFAGOLDV_OZT.S1X?observations=1,2026-10-01T15:12:12.903556+00:00,"{""additionalSourceIds"": [""gold-imf-volume""], ""formula"": ""tonnes(t) - tonnes(t-1)"", ""missingReason"": null}"
poland-gold,poland-gold--tonnes,Polska · Rezerwy złota,Poland,Gold reserves,2003-10-31,2003-10,month,2003-10-01,102.90603998574827,tony,monthly,derived,https://api.db.nomics.world/v22/series/IMF/IRFCL/M.PL.RAFAGOLDV_OZT.S1X?observations=1,2026-10-01T15:12:12.903556+00:00,"{""sourceValue"": 3.30850601196289, ""sourceUnit"": ""million fine troy ounces""}"
poland-gold,poland-gold--gold-eur,Polska · Wartość złota w EUR,Poland,Gold value in EUR,2003-11-30,2003-11,month,2003-11-01,1.1018768465576978,mld EUR,monthly,derived,https://data-api.ecb.europa.eu/service/data/RAS/M.N.PL.W1.S121.S1.LE.A.FA.R.._Z....N.ALL?format=csvdata,2026-10-01T15:07:49.183268+00:00,"{""seriesKey"": ""RAS.M.N.PL.W1.S121.S1.LE.A.FA.R.F11._Z.EUR.XAU.M.N.ALL"", ""sourceValue"": ""1101.8768465576977"", ""observationStatus"": ""A""}"
poland-gold,poland-gold--monthly-change,Polska · Zmiana rezerw złota m/m,Poland,Monthly change in gold reserves,2003-11-30,2003-11,month,2003-11-01,-0.043982200837283526,tony / miesiąc,monthly,derived,https://api.db.nomics.world/v22/series/IMF/IRFCL/M.PL.RAFAGOLDV_OZT.S1X?observations=1,2026-10-01T15:12:12.903556+00:00,"{""additionalSourceIds"": [""gold-imf-volume""], ""formula"": ""tonnes(t) - tonnes(t-1)"", ""missingReason"": null}"
poland-gold,poland-gold--tonnes,Polska · Rezerwy złota,Poland,Gold reserves,2003-11-30,2003-11,month,2003-11-01,102.86205778491099,tony,monthly,derived,https://api.db.nomics.world/v22/series/IMF/IRFCL/M.PL.RAFAGOLDV_OZT.S1X?observations=1,2026-10-01T15:12:12.903556+00:00,"{""sourceValue"": 3.30709195137024, ""sourceUnit"": ""million fine troy ounces""}"
poland-gold,poland-gold--gold-eur,Polska · Wartość złota w EUR,Poland,Gold value in EUR,2003-12-31,2003-12,month,2003-12-01,1.0982794189582934,mld EUR,monthly,derived,https://data-api.ecb.europa.eu/service/data/RAS/M.N.PL.W1.S121.S1.LE.A.FA.R.._Z....N.ALL?format=csvdata,2026-10-01T15:07:49.183268+00:00,"{""seriesKey"": ""RAS.M.N.PL.W1.S121.S1.LE.A.FA.R.F11._Z.EUR.XAU.M.N.ALL"", ""sourceValue"": ""1098.2794189582935"", ""observationStatus"": ""A""}"
poland-gold,poland-gold--monthly-change,Polska · Zmiana rezerw złota m/m,Poland,Monthly change in gold reserves,2003-12-31,2003-12,month,2003-12-01,0.02124582792103884,tony / miesiąc,monthly,derived,https://api.db.nomics.world/v22/series/IMF/IRFCL/M.PL.RAFAGOLDV_OZT.S1X?observations=1,2026-10-01T15:12:12.903556+00:00,"{""additionalSourceIds"": [""gold-imf-volume""], ""formula"": ""tonnes(t) - tonnes(t-1)"", ""missingReason"": null}"
poland-gold,poland-gold--tonnes,Polska · Rezerwy złota,Poland,Gold reserves,2003-12-31,2003-12,month,2003-12-01,102.88330361283202,tony,monthly,derived,https://api.db.nomics.world/v22/series/IMF/IRFCL/M.PL.RAFAGOLDV_OZT.S1X?observations=1,2026-10-01T15:12:12.903556+00:00,"{""sourceValue"": 3.30777502059937, ""sourceUnit"": ""million fine troy ounces""}"
poland-gold,poland-gold--gold-eur,Polska · Wartość złota w EUR,Poland,Gold value in EUR,2004-01-31,2004-01,month,2004-01-01,1.0657814823347087,mld EUR,monthly,derived,https://data-api.ecb.europa.eu/service/data/RAS/M.N.PL.W1.S121.S1.LE.A.FA.R.._Z....N.ALL?format=csvdata,2026-10-01T15:07:49.183268+00:00,"{""seriesKey"": ""RAS.M.N.PL.W1.S121.S1.LE.A.FA.R.F11._Z.EUR.XAU.M.N.ALL"", ""sourceValue"": ""1065.7814823347087"", ""observationStatus"": ""A""}"
poland-gold,poland-gold--monthly-change,Polska · Zmiana rezerw złota m/m,Poland,Monthly change in gold reserves,2004-01-31,2004-01,month,2004-01-01,0.02195773000801351,tony / miesiąc,monthly,derived,https://api.db.nomics.world/v22/series/IMF/IRFCL/M.PL.RAFAGOLDV_OZT.S1X?observations=1,2026-10-01T15:12:12.903556+00:00,"{""additionalSourceIds"": [""gold-imf-volume""], ""formula"": ""tonnes(t) - tonnes(t-1)"", ""missingReason"": null}"
poland-gold,poland-gold--tonnes,Polska · Rezerwy złota,Poland,Gold reserves,2004-01-31,2004-01,month,2004-01-01,102.90526134284003,tony,monthly,derived,https://api.db.nomics.world/v22/series/IMF/IRFCL/M.PL.RAFAGOLDV_OZT.S1X?observations=1,2026-10-01T15:12:12.903556+00:00,"{""sourceValue"": 3.30848097801208, ""sourceUnit"": ""million fine troy ounces""}"
poland-gold,poland-gold--gold-eur,Polska · Wartość złota w EUR,Poland,Gold value in EUR,2004-02-29,2004-02,month,2004-02-01,1.056833808829868,mld EUR,monthly,derived,https://data-api.ecb.europa.eu/service/data/RAS/M.N.PL.W1.S121.S1.LE.A.FA.R.._Z....N.ALL?format=csvdata,2026-10-01T15:07:49.183268+00:00,"{""seriesKey"": ""RAS.M.N.PL.W1.S121.S1.LE.A.FA.R.F11._Z.EUR.XAU.M.N.ALL"", ""sourceValue"": ""1056.833808829868"", ""observationStatus"": ""A""}"
poland-gold,poland-gold--monthly-change,Polska · Zmiana rezerw złota m/m,Poland,Monthly change in gold reserves,2004-02-29,2004-02,month,2004-02-01,0.0,tony / miesiąc,monthly,derived,https://api.db.nomics.world/v22/series/IMF/IRFCL/M.PL.RAFAGOLDV_OZT.S1X?observations=1,2026-10-01T15:12:12.903556+00:00,"{""additionalSourceIds"": [""gold-imf-volume""], ""formula"": ""tonnes(t) - tonnes(t-1)"", ""missingReason"": null}"
poland-gold,poland-gold--tonnes,Polska · Rezerwy złota,Poland,Gold reserves,2004-02-29,2004-02,month,2004-02-01,102.90526134284003,tony,monthly,derived,https://api.db.nomics.world/v22/series/IMF/IRFCL/M.PL.RAFAGOLDV_OZT.S1X?observations=1,2026-10-01T15:12:12.903556+00:00,"{""sourceValue"": 3.30848097801208, ""sourceUnit"": ""million fine troy ounces""}"
poland-gold,poland-gold--gold-eur,Polska · Wartość złota w EUR,Poland,Gold value in EUR,2004-03-31,2004-03,month,2004-03-01,1.1494422849416934,mld EUR,monthly,derived,https://data-api.ecb.europa.eu/service/data/RAS/M.N.PL.W1.S121.S1.LE.A.FA.R.._Z....N.ALL?format=csvdata,2026-10-01T15:07:49.183268+00:00,"{""seriesKey"": ""RAS.M.N.PL.W1.S121.S1.LE.A.FA.R.F11._Z.EUR.XAU.M.N.ALL"", ""sourceValue"": ""1149.4422849416935"", ""observationStatus"": ""A""}"
poland-gold,poland-gold--monthly-change,Polska · Zmiana rezerw złota m/m,Poland,Monthly change in gold reserves,2004-03-31,2004-03,month,2004-03-01,0.0,tony / miesiąc,monthly,derived,https://api.db.nomics.world/v22/series/IMF/IRFCL/M.PL.RAFAGOLDV_OZT.S1X?observations=1,2026-10-01T15:12:12.903556+00:00,"{""additionalSourceIds"": [""gold-imf-volume""], ""formula"": ""tonnes(t) - tonnes(t-1)"", ""missingReason"": null}"
poland-gold,poland-gold--tonnes,Polska · Rezerwy złota,Poland,Gold reserves,2004-03-31,2004-03,month,2004-03-01,102.90526134284003,tony,monthly,derived,https://api.db.nomics.world/v22/series/IMF/IRFCL/M.PL.RAFAGOLDV_OZT.S1X?observations=1,2026-10-01T15:12:12.903556+00:00,"{""sourceValue"": 3.30848097801208, ""sourceUnit"": ""million fine troy ounces""}"
poland-gold,poland-gold--gold-eur,Polska · Wartość złota w EUR,Poland,Gold value in EUR,2004-04-30,2004-04,month,2004-04-01,1.071963083063108,mld EUR,monthly,derived,https://data-api.ecb.europa.eu/service/data/RAS/M.N.PL.W1.S121.S1.LE.A.FA.R.._Z....N.ALL?format=csvdata,2026-10-01T15:07:49.183268+00:00,"{""seriesKey"": ""RAS.M.N.PL.W1.S121.S1.LE.A.FA.R.F11._Z.EUR.XAU.M.N.ALL"", ""sourceValue"": ""1071.963083063108"", ""observationStatus"": ""A""}"
poland-gold,poland-gold--monthly-change,Polska · Zmiana rezerw złota m/m,Poland,Monthly change in gold reserves,2004-04-30,2004-04,month,2004-04-01,0.0,tony / miesiąc,monthly,derived,https://api.db.nomics.world/v22/series/IMF/IRFCL/M.PL.RAFAGOLDV_OZT.S1X?observations=1,2026-10-01T15:12:12.903556+00:00,"{""additionalSourceIds"": [""gold-imf-volume""], ""formula"": ""tonnes(t) - tonnes(t-1)"", ""missingReason"": null}"
poland-gold,poland-gold--tonnes,Polska · Rezerwy złota,Poland,Gold reserves,2004-04-30,2004-04,month,2004-04-01,102.90526134284003,tony,monthly,derived,https://api.db.nomics.world/v22/series/IMF/IRFCL/M.PL.RAFAGOLDV_OZT.S1X?observations=1,2026-10-01T15:12:12.903556+00:00,"{""sourceValue"": 3.30848097801208, ""sourceUnit"": ""million fine troy ounces""}"
poland-gold,poland-gold--gold-eur,Polska · Wartość złota w EUR,Poland,Gold value in EUR,2004-05-31,2004-05,month,2004-05-01,1.0653320417608438,mld EUR,monthly,derived,https://data-api.ecb.europa.eu/service/data/RAS/M.N.PL.W1.S121.S1.LE.A.FA.R.._Z....N.ALL?format=csvdata,2026-10-01T15:07:49.183268+00:00,"{""seriesKey"": ""RAS.M.N.PL.W1.S121.S1.LE.A.FA.R.F11._Z.EUR.XAU.M.N.ALL"", ""sourceValue"": ""1065.3320417608438"", ""observationStatus"": ""A""}"
poland-gold,poland-gold--monthly-change,Polska · Zmiana rezerw złota m/m,Poland,Monthly change in gold reserves,2004-05-31,2004-05,month,2004-05-01,-9.59483094284004,tony / miesiąc,monthly,derived,https://api.db.nomics.world/v22/series/IMF/IRFCL/M.PL.RAFAGOLDV_OZT.S1X?observations=1,2026-10-01T15:12:12.903556+00:00,"{""additionalSourceIds"": [""gold-imf-volume""], ""formula"": ""tonnes(t) - tonnes(t-1)"", ""missingReason"": null}"
poland-gold,poland-gold--tonnes,Polska · Rezerwy złota,Poland,Gold reserves,2004-05-31,2004-05,month,2004-05-01,93.3104304,tony,monthly,derived,https://api.db.nomics.world/v22/series/IMF/IRFCL/M.PL.RAFAGOLDV_OZT.S1X?observations=1,2026-10-01T15:12:12.903556+00:00,"{""sourceValue"": 3.0, ""sourceUnit"": ""million fine troy ounces""}"
poland-gold,poland-gold--gold-eur,Polska · Wartość złota w EUR,Poland,Gold value in EUR,2004-06-30,2004-06,month,2004-06-01,1.0787868069679016,mld EUR,monthly,derived,https://data-api.ecb.europa.eu/service/data/RAS/M.N.PL.W1.S121.S1.LE.A.FA.R.._Z....N.ALL?format=csvdata,2026-10-01T15:07:49.183268+00:00,"{""seriesKey"": ""RAS.M.N.PL.W1.S121.S1.LE.A.FA.R.F11._Z.EUR.XAU.M.N.ALL"", ""sourceValue"": ""1078.7868069679016"", ""observationStatus"": ""A""}"
poland-gold,poland-gold--monthly-change,Polska · Zmiana rezerw złota m/m,Poland,Monthly change in gold reserves,2004-06-30,2004-06,month,2004-06-01,0.0,tony / miesiąc,monthly,derived,https://api.db.nomics.world/v22/series/IMF/IRFCL/M.PL.RAFAGOLDV_OZT.S1X?observations=1,2026-10-01T15:12:12.903556+00:00,"{""additionalSourceIds"": [""gold-imf-volume""], ""formula"": ""tonnes(t) - tonnes(t-1)"", ""missingReason"": null}"
poland-gold,poland-gold--tonnes,Polska · Rezerwy złota,Poland,Gold reserves,2004-06-30,2004-06,month,2004-06-01,93.3104304,tony,monthly,derived,https://api.db.nomics.world/v22/series/IMF/IRFCL/M.PL.RAFAGOLDV_OZT.S1X?observations=1,2026-10-01T15:12:12.903556+00:00,"{""sourceValue"": 3.0, ""sourceUnit"": ""million fine troy ounces""}"
poland-gold,poland-gold--gold-eur,Polska · Wartość złota w EUR,Poland,Gold value in EUR,2004-07-31,2004-07,month,2004-07-01,1.0652154112396393,mld EUR,monthly,derived,https://data-api.ecb.europa.eu/service/data/RAS/M.N.PL.W1.S121.S1.LE.A.FA.R.._Z....N.ALL?format=csvdata,2026-10-01T15:07:49.183268+00:00,"{""seriesKey"": ""RAS.M.N.PL.W1.S121.S1.LE.A.FA.R.F11._Z.EUR.XAU.M.N.ALL"", ""sourceValue"": ""1065.2154112396393"", ""observationStatus"": ""A""}"
poland-gold,poland-gold--monthly-change,Polska · Zmiana rezerw złota m/m,Poland,Monthly change in gold reserves,2004-07-31,2004-07,month,2004-07-01,0.0,tony / miesiąc,monthly,derived,https://api.db.nomics.world/v22/series/IMF/IRFCL/M.PL.RAFAGOLDV_OZT.S1X?observations=1,2026-10-01T15:12:12.903556+00:00,"{""additionalSourceIds"": [""gold-imf-volume""], ""formula"": ""tonnes(t) - tonnes(t-1)"", ""missingReason"": null}"
poland-gold,poland-gold--tonnes,Polska · Rezerwy złota,Poland,Gold reserves,2004-07-31,2004-07,month,2004-07-01,93.3104304,tony,monthly,derived,https://api.db.nomics.world/v22/series/IMF/IRFCL/M.PL.RAFAGOLDV_OZT.S1X?observations=1,2026-10-01T15:12:12.903556+00:00,"{""sourceValue"": 3.0, ""sourceUnit"": ""million fine troy ounces""}"
poland-gold,poland-gold--gold-eur,Polska · Wartość złota w EUR,Poland,Gold value in EUR,2004-08-31,2004-08,month,2004-08-01,1.1147996949441479,mld EUR,monthly,derived,https://data-api.ecb.europa.eu/service/data/RAS/M.N.PL.W1.S121.S1.LE.A.FA.R.._Z....N.ALL?format=csvdata,2026-10-01T15:07:49.183268+00:00,"{""seriesKey"": ""RAS.M.N.PL.W1.S121.S1.LE.A.FA.R.F11._Z.EUR.XAU.M.N.ALL"", ""sourceValue"": ""1114.7996949441479"", ""observationStatus"": ""A""}"
poland-gold,poland-gold--monthly-change,Polska · Zmiana rezerw złota m/m,Poland,Monthly change in gold reserves,2004-08-31,2004-08,month,2004-08-01,0.0,tony / miesiąc,monthly,derived,https://api.db.nomics.world/v22/series/IMF/IRFCL/M.PL.RAFAGOLDV_OZT.S1X?observations=1,2026-10-01T15:12:12.903556+00:00,"{""additionalSourceIds"": [""gold-imf-volume""], ""formula"": ""tonnes(t) - tonnes(t-1)"", ""missingReason"": null}"
poland-gold,poland-gold--tonnes,Polska · Rezerwy złota,Poland,Gold reserves,2004-08-31,2004-08,month,2004-08-01,93.3104304,tony,monthly,derived,https://api.db.nomics.world/v22/series/IMF/IRFCL/M.PL.RAFAGOLDV_OZT.S1X?observations=1,2026-10-01T15:12:12.903556+00:00,"{""sourceValue"": 3.0, ""sourceUnit"": ""million fine troy ounces""}"
poland-gold,poland-gold--gold-eur,Polska · Wartość złota w EUR,Poland,Gold value in EUR,2004-09-30,2004-09,month,2004-09-01,1.107838436422586,mld EUR,monthly,derived,https://data-api.ecb.europa.eu/service/data/RAS/M.N.PL.W1.S121.S1.LE.A.FA.R.._Z....N.ALL?format=csvdata,2026-10-01T15:07:49.183268+00:00,"{""seriesKey"": ""RAS.M.N.PL.W1.S121.S1.LE.A.FA.R.F11._Z.EUR.XAU.M.N.ALL"", ""sourceValue"": ""1107.838436422586"", ""observationStatus"": ""A""}"
poland-gold,poland-gold--monthly-change,Polska · Zmiana rezerw złota m/m,Poland,Monthly change in gold reserves,2004-09-30,2004-09,month,2004-09-01,0.0,tony / miesiąc,monthly,derived,https://api.db.nomics.world/v22/series/IMF/IRFCL/M.PL.RAFAGOLDV_OZT.S1X?observations=1,2026-10-01T15:12:12.903556+00:00,"{""additionalSourceIds"": [""gold-imf-volume""], ""formula"": ""tonnes(t) - tonnes(t-1)"", ""missingReason"": null}"
poland-gold,poland-gold--tonnes,Polska · Rezerwy złota,Poland,Gold reserves,2004-09-30,2004-09,month,2004-09-01,93.3104304,tony,monthly,derived,https://api.db.nomics.world/v22/series/IMF/IRFCL/M.PL.RAFAGOLDV_OZT.S1X?observations=1,2026-10-01T15:12:12.903556+00:00,"{""sourceValue"": 3.0, ""sourceUnit"": ""million fine troy ounces""}"
poland-gold,poland-gold--gold-eur,Polska · Wartość złota w EUR,Poland,Gold value in EUR,2004-10-31,2004-10,month,2004-10-01,1.107103218645949,mld EUR,monthly,derived,https://data-api.ecb.europa.eu/service/data/RAS/M.N.PL.W1.S121.S1.LE.A.FA.R.._Z....N.ALL?format=csvdata,2026-10-01T15:07:49.183268+00:00,"{""seriesKey"": ""RAS.M.N.PL.W1.S121.S1.LE.A.FA.R.F11._Z.EUR.XAU.M.N.ALL"", ""sourceValue"": ""1107.103218645949"", ""observationStatus"": ""A""}"
poland-gold,poland-gold--monthly-change,Polska · Zmiana rezerw złota m/m,Poland,Monthly change in gold reserves,2004-10-31,2004-10,month,2004-10-01,0.0,tony / miesiąc,monthly,derived,https://api.db.nomics.world/v22/series/IMF/IRFCL/M.PL.RAFAGOLDV_OZT.S1X?observations=1,2026-10-01T15:12:12.903556+00:00,"{""additionalSourceIds"": [""gold-imf-volume""], ""formula"": ""tonnes(t) - tonnes(t-1)"", ""missingReason"": null}"
poland-gold,poland-gold--tonnes,Polska · Rezerwy złota,Poland,Gold reserves,2004-10-31,2004-10,month,2004-10-01,93.3104304,tony,monthly,derived,https://api.db.nomics.world/v22/series/IMF/IRFCL/M.PL.RAFAGOLDV_OZT.S1X?observations=1,2026-10-01T15:12:12.903556+00:00,"{""sourceValue"": 3.0, ""sourceUnit"": ""million fine troy ounces""}"
poland-gold,poland-gold--gold-eur,Polska · Wartość złota w EUR,Poland,Gold value in EUR,2004-11-30,2004-11,month,2004-11-01,1.1296494355317885,mld EUR,monthly,derived,https://data-api.ecb.europa.eu/service/data/RAS/M.N.PL.W1.S121.S1.LE.A.FA.R.._Z....N.ALL?format=csvdata,2026-10-01T15:07:49.183268+00:00,"{""seriesKey"": ""RAS.M.N.PL.W1.S121.S1.LE.A.FA.R.F11._Z.EUR.XAU.M.N.ALL"", ""sourceValue"": ""1129.6494355317886"", ""observationStatus"": ""A""}"
poland-gold,poland-gold--monthly-change,Polska · Zmiana rezerw złota m/m,Poland,Monthly change in gold reserves,2004-11-30,2004-11,month,2004-11-01,0.0,tony / miesiąc,monthly,derived,https://api.db.nomics.world/v22/series/IMF/IRFCL/M.PL.RAFAGOLDV_OZT.S1X?observations=1,2026-10-01T15:12:12.903556+00:00,"{""additionalSourceIds"": [""gold-imf-volume""], ""formula"": ""tonnes(t) - tonnes(t-1)"", ""missingReason"": null}"
poland-gold,poland-gold--tonnes,Polska · Rezerwy złota,Poland,Gold reserves,2004-11-30,2004-11,month,2004-11-01,93.3104304,tony,monthly,derived,https://api.db.nomics.world/v22/series/IMF/IRFCL/M.PL.RAFAGOLDV_OZT.S1X?observations=1,2026-10-01T15:12:12.903556+00:00,"{""sourceValue"": 3.0, ""sourceUnit"": ""million fine troy ounces""}"
poland-gold,poland-gold--gold-eur,Polska · Wartość złota w EUR,Poland,Gold value in EUR,2004-12-31,2004-12,month,2004-12-01,1.0605949320602277,mld EUR,monthly,derived,https://data-api.ecb.europa.eu/service/data/RAS/M.N.PL.W1.S121.S1.LE.A.FA.R.._Z....N.ALL?format=csvdata,2026-10-01T15:07:49.183268+00:00,"{""seriesKey"": ""RAS.M.N.PL.W1.S121.S1.LE.A.FA.R.F11._Z.EUR.XAU.M.N.ALL"", ""sourceValue"": ""1060.5949320602276"", ""observationStatus"": ""A""}"
poland-gold,poland-gold--monthly-change,Polska · Zmiana rezerw złota m/m,Poland,Monthly change in gold reserves,2004-12-31,2004-12,month,2004-12-01,0.0,tony / miesiąc,monthly,derived,https://api.db.nomics.world/v22/series/IMF/IRFCL/M.PL.RAFAGOLDV_OZT.S1X?observations=1,2026-10-01T15:12:12.903556+00:00,"{""additionalSourceIds"": [""gold-imf-volume""], ""formula"": ""tonnes(t) - tonnes(t-1)"", ""missingReason"": null}"
poland-gold,poland-gold--tonnes,Polska · Rezerwy złota,Poland,Gold reserves,2004-12-31,2004-12,month,2004-12-01,93.3104304,tony,monthly,derived,https://api.db.nomics.world/v22/series/IMF/IRFCL/M.PL.RAFAGOLDV_OZT.S1X?observations=1,2026-10-01T15:12:12.903556+00:00,"{""sourceValue"": 3.0, ""sourceUnit"": ""million fine troy ounces""}"
poland-gold,poland-gold--gold-eur,Polska · Wartość złota w EUR,Poland,Gold value in EUR,2005-01-31,2005-01,month,2005-01-01,1.0716561290006372,mld EUR,monthly,derived,https://data-api.ecb.europa.eu/service/data/RAS/M.N.PL.W1.S121.S1.LE.A.FA.R.._Z....N.ALL?format=csvdata,2026-10-01T15:07:49.183268+00:00,"{""seriesKey"": ""RAS.M.N.PL.W1.S121.S1.LE.A.FA.R.F11._Z.EUR.XAU.M.N.ALL"", ""sourceValue"": ""1071.6561290006373"", ""observationStatus"": ""A""}"
poland-gold,poland-gold--monthly-change,Polska · Zmiana rezerw złota m/m,Poland,Monthly change in gold reserves,2005-01-31,2005-01,month,2005-01-01,0.0,tony / miesiąc,monthly,derived,https://api.db.nomics.world/v22/series/IMF/IRFCL/M.PL.RAFAGOLDV_OZT.S1X?observations=1,2026-10-01T15:12:12.903556+00:00,"{""additionalSourceIds"": [""gold-imf-volume""], ""formula"": ""tonnes(t) - tonnes(t-1)"", ""missingReason"": null}"
poland-gold,poland-gold--tonnes,Polska · Rezerwy złota,Poland,Gold reserves,2005-01-31,2005-01,month,2005-01-01,93.3104304,tony,monthly,derived,https://api.db.nomics.world/v22/series/IMF/IRFCL/M.PL.RAFAGOLDV_OZT.S1X?observations=1,2026-10-01T15:12:12.903556+00:00,"{""sourceValue"": 3.0, ""sourceUnit"": ""million fine troy ounces""}"
poland-gold,poland-gold--gold-eur,Polska · Wartość złota w EUR,Poland,Gold value in EUR,2005-02-28,2005-02,month,2005-02-01,1.0904622945784057,mld EUR,monthly,derived,https://data-api.ecb.europa.eu/service/data/RAS/M.N.PL.W1.S121.S1.LE.A.FA.R.._Z....N.ALL?format=csvdata,2026-10-01T15:07:49.183268+00:00,"{""seriesKey"": ""RAS.M.N.PL.W1.S121.S1.LE.A.FA.R.F11._Z.EUR.XAU.M.N.ALL"", ""sourceValue"": ""1090.4622945784058"", ""observationStatus"": ""A""}"
poland-gold,poland-gold--monthly-change,Polska · Zmiana rezerw złota m/m,Poland,Monthly change in gold reserves,2005-02-28,2005-02,month,2005-02-01,0.0,tony / miesiąc,monthly,derived,https://api.db.nomics.world/v22/series/IMF/IRFCL/M.PL.RAFAGOLDV_OZT.S1X?observations=1,2026-10-01T15:12:12.903556+00:00,"{""additionalSourceIds"": [""gold-imf-volume""], ""formula"": ""tonnes(t) - tonnes(t-1)"", ""missingReason"": null}"
poland-gold,poland-gold--tonnes,Polska · Rezerwy złota,Poland,Gold reserves,2005-02-28,2005-02,month,2005-02-01,93.3104304,tony,monthly,derived,https://api.db.nomics.world/v22/series/IMF/IRFCL/M.PL.RAFAGOLDV_OZT.S1X?observations=1,2026-10-01T15:12:12.903556+00:00,"{""sourceValue"": 3.0, ""sourceUnit"": ""million fine troy ounces""}"
poland-gold,poland-gold--gold-eur,Polska · Wartość złota w EUR,Poland,Gold value in EUR,2005-03-31,2005-03,month,2005-03-01,1.0919695150341853,mld EUR,monthly,derived,https://data-api.ecb.europa.eu/service/data/RAS/M.N.PL.W1.S121.S1.LE.A.FA.R.._Z....N.ALL?format=csvdata,2026-10-01T15:07:49.183268+00:00,"{""seriesKey"": ""RAS.M.N.PL.W1.S121.S1.LE.A.FA.R.F11._Z.EUR.XAU.M.N.ALL"", ""sourceValue"": ""1091.9695150341852"", ""observationStatus"": ""A""}"
poland-gold,poland-gold--monthly-change,Polska · Zmiana rezerw złota m/m,Poland,Monthly change in gold reserves,2005-03-31,2005-03,month,2005-03-01,0.0,tony / miesiąc,monthly,derived,https://api.db.nomics.world/v22/series/IMF/IRFCL/M.PL.RAFAGOLDV_OZT.S1X?observations=1,2026-10-01T15:12:12.903556+00:00,"{""additionalSourceIds"": [""gold-imf-volume""], ""formula"": ""tonnes(t) - tonnes(t-1)"", ""missingReason"": null}"
poland-gold,poland-gold--tonnes,Polska · Rezerwy złota,Poland,Gold reserves,2005-03-31,2005-03,month,2005-03-01,93.3104304,tony,monthly,derived,https://api.db.nomics.world/v22/series/IMF/IRFCL/M.PL.RAFAGOLDV_OZT.S1X?observations=1,2026-10-01T15:12:12.903556+00:00,"{""sourceValue"": 3.0, ""sourceUnit"": ""million fine troy ounces""}"
poland-gold,poland-gold--gold-eur,Polska · Wartość złota w EUR,Poland,Gold value in EUR,2005-04-30,2005-04,month,2005-04-01,1.1066370127589842,mld EUR,monthly,derived,https://data-api.ecb.europa.eu/service/data/RAS/M.N.PL.W1.S121.S1.LE.A.FA.R.._Z....N.ALL?format=csvdata,2026-10-01T15:07:49.183268+00:00,"{""seriesKey"": ""RAS.M.N.PL.W1.S121.S1.LE.A.FA.R.F11._Z.EUR.XAU.M.N.ALL"", ""sourceValue"": ""1106.6370127589842"", ""observationStatus"": ""A""}"
poland-gold,poland-gold--monthly-change,Polska · Zmiana rezerw złota m/m,Poland,Monthly change in gold reserves,2005-04-30,2005-04,month,2005-04-01,0.0,tony / miesiąc,monthly,derived,https://api.db.nomics.world/v22/series/IMF/IRFCL/M.PL.RAFAGOLDV_OZT.S1X?observations=1,2026-10-01T15:12:12.903556+00:00,"{""additionalSourceIds"": [""gold-imf-volume""], ""formula"": ""tonnes(t) - tonnes(t-1)"", ""missingReason"": null}"
poland-gold,poland-gold--tonnes,Polska · Rezerwy złota,Poland,Gold reserves,2005-04-30,2005-04,month,2005-04-01,93.3104304,tony,monthly,derived,https://api.db.nomics.world/v22/series/IMF/IRFCL/M.PL.RAFAGOLDV_OZT.S1X?observations=1,2026-10-01T15:12:12.903556+00:00,"{""sourceValue"": 3.0, ""sourceUnit"": ""million fine troy ounces""}"
poland-gold,poland-gold--gold-eur,Polska · Wartość złota w EUR,Poland,Gold value in EUR,2005-05-31,2005-05,month,2005-05-01,1.1144314868804666,mld EUR,monthly,derived,https://data-api.ecb.europa.eu/service/data/RAS/M.N.PL.W1.S121.S1.LE.A.FA.R.._Z....N.ALL?format=csvdata,2026-10-01T15:07:49.183268+00:00,"{""seriesKey"": ""RAS.M.N.PL.W1.S121.S1.LE.A.FA.R.F11._Z.EUR.XAU.M.N.ALL"", ""sourceValue"": ""1114.4314868804665"", ""observationStatus"": ""A""}"
poland-gold,poland-gold--monthly-change,Polska · Zmiana rezerw złota m/m,Poland,Monthly change in gold reserves,2005-05-31,2005-05,month,2005-05-01,0.0,tony / miesiąc,monthly,derived,https://api.db.nomics.world/v22/series/IMF/IRFCL/M.PL.RAFAGOLDV_OZT.S1X?observations=1,2026-10-01T15:12:12.903556+00:00,"{""additionalSourceIds"": [""gold-imf-volume""], ""formula"": ""tonnes(t) - tonnes(t-1)"", ""missingReason"": null}"
poland-gold,poland-gold--tonnes,Polska · Rezerwy złota,Poland,Gold reserves,2005-05-31,2005-05,month,2005-05-01,93.3104304,tony,monthly,derived,https://api.db.nomics.world/v22/series/IMF/IRFCL/M.PL.RAFAGOLDV_OZT.S1X?observations=1,2026-10-01T15:12:12.903556+00:00,"{""sourceValue"": 3.0, ""sourceUnit"": ""million fine troy ounces""}"
poland-gold,poland-gold--gold-eur,Polska · Wartość złota w EUR,Poland,Gold value in EUR,2005-06-30,2005-06,month,2005-06-01,1.196890165395662,mld EUR,monthly,derived,https://data-api.ecb.europa.eu/service/data/RAS/M.N.PL.W1.S121.S1.LE.A.FA.R.._Z....N.ALL?format=csvdata,2026-10-01T15:07:49.183268+00:00,"{""seriesKey"": ""RAS.M.N.PL.W1.S121.S1.LE.A.FA.R.F11._Z.EUR.XAU.M.N.ALL"", ""sourceValue"": ""1196.890165395662"", ""observationStatus"": ""A""}"
poland-gold,poland-gold--monthly-change,Polska · Zmiana rezerw złota m/m,Poland,Monthly change in gold reserves,2005-06-30,2005-06,month,2005-06-01,0.0,tony / miesiąc,monthly,derived,https://api.db.nomics.world/v22/series/IMF/IRFCL/M.PL.RAFAGOLDV_OZT.S1X?observations=1,2026-10-01T15:12:12.903556+00:00,"{""additionalSourceIds"": [""gold-imf-volume""], ""formula"": ""tonnes(t) - tonnes(t-1)"", ""missingReason"": null}"
poland-gold,poland-gold--tonnes,Polska · Rezerwy złota,Poland,Gold reserves,2005-06-30,2005-06,month,2005-06-01,93.3104304,tony,monthly,derived,https://api.db.nomics.world/v22/series/IMF/IRFCL/M.PL.RAFAGOLDV_OZT.S1X?observations=1,2026-10-01T15:12:12.903556+00:00,"{""sourceValue"": 3.0, ""sourceUnit"": ""million fine troy ounces""}"
poland-gold,poland-gold--gold-eur,Polska · Wartość złota w EUR,Poland,Gold value in EUR,2005-07-31,2005-07,month,2005-07-01,1.1691022964509392,mld EUR,monthly,derived,https://data-api.ecb.europa.eu/service/data/RAS/M.N.PL.W1.S121.S1.LE.A.FA.R.._Z....N.ALL?format=csvdata,2026-10-01T15:07:49.183268+00:00,"{""seriesKey"": ""RAS.M.N.PL.W1.S121.S1.LE.A.FA.R.F11._Z.EUR.XAU.M.N.ALL"", ""sourceValue"": ""1169.1022964509393"", ""observationStatus"": ""A""}"
poland-gold,poland-gold--monthly-change,Polska · Zmiana rezerw złota m/m,Poland,Monthly change in gold reserves,2005-07-31,2005-07,month,2005-07-01,0.0,tony / miesiąc,monthly,derived,https://api.db.nomics.world/v22/series/IMF/IRFCL/M.PL.RAFAGOLDV_OZT.S1X?observations=1,2026-10-01T15:12:12.903556+00:00,"{""additionalSourceIds"": [""gold-imf-volume""], ""formula"": ""tonnes(t) - tonnes(t-1)"", ""missingReason"": null}"
poland-gold,poland-gold--tonnes,Polska · Rezerwy złota,Poland,Gold reserves,2005-07-31,2005-07,month,2005-07-01,93.3104304,tony,monthly,derived,https://api.db.nomics.world/v22/series/IMF/IRFCL/M.PL.RAFAGOLDV_OZT.S1X?observations=1,2026-10-01T15:12:12.903556+00:00,"{""sourceValue"": 3.0, ""sourceUnit"": ""million fine troy ounces""}"
poland-gold,poland-gold--gold-eur,Polska · Wartość złota w EUR,Poland,Gold value in EUR,2005-08-31,2005-08,month,2005-08-01,1.177229319111993,mld EUR,monthly,derived,https://data-api.ecb.europa.eu/service/data/RAS/M.N.PL.W1.S121.S1.LE.A.FA.R.._Z....N.ALL?format=csvdata,2026-10-01T15:07:49.183268+00:00,"{""seriesKey"": ""RAS.M.N.PL.W1.S121.S1.LE.A.FA.R.F11._Z.EUR.XAU.M.N.ALL"", ""sourceValue"": ""1177.229319111993"", ""observationStatus"": ""A""}"
poland-gold,poland-gold--monthly-change,Polska · Zmiana rezerw złota m/m,Poland,Monthly change in gold reserves,2005-08-31,2005-08,month,2005-08-01,9.5798708544,tony / miesiąc,monthly,derived,https://api.db.nomics.world/v22/series/IMF/IRFCL/M.PL.RAFAGOLDV_OZT.S1X?observations=1,2026-10-01T15:12:12.903556+00:00,"{""additionalSourceIds"": [""gold-imf-volume""], ""formula"": ""tonnes(t) - tonnes(t-1)"", ""missingReason"": null}"
poland-gold,poland-gold--tonnes,Polska · Rezerwy złota,Poland,Gold reserves,2005-08-31,2005-08,month,2005-08-01,102.8903012544,tony,monthly,derived,https://api.db.nomics.world/v22/series/IMF/IRFCL/M.PL.RAFAGOLDV_OZT.S1X?observations=1,2026-10-01T15:12:12.903556+00:00,"{""sourceValue"": 3.308, ""sourceUnit"": ""million fine troy ounces""}"
poland-gold,poland-gold--gold-eur,Polska · Wartość złota w EUR,Poland,Gold value in EUR,2005-09-30,2005-09,month,2005-09-01,1.3017736378716345,mld EUR,monthly,derived,https://data-api.ecb.europa.eu/service/data/RAS/M.N.PL.W1.S121.S1.LE.A.FA.R.._Z....N.ALL?format=csvdata,2026-10-01T15:07:49.183268+00:00,"{""seriesKey"": ""RAS.M.N.PL.W1.S121.S1.LE.A.FA.R.F11._Z.EUR.XAU.M.N.ALL"", ""sourceValue"": ""1301.7736378716345"", ""observationStatus"": ""A""}"
poland-gold,poland-gold--monthly-change,Polska · Zmiana rezerw złota m/m,Poland,Monthly change in gold reserves,2005-09-30,2005-09,month,2005-09-01,-0.0311034768,tony / miesiąc,monthly,derived,https://api.db.nomics.world/v22/series/IMF/IRFCL/M.PL.RAFAGOLDV_OZT.S1X?observations=1,2026-10-01T15:12:12.903556+00:00,"{""additionalSourceIds"": [""gold-imf-volume""], ""formula"": ""tonnes(t) - tonnes(t-1)"", ""missingReason"": null}"
poland-gold,poland-gold--tonnes,Polska · Rezerwy złota,Poland,Gold reserves,2005-09-30,2005-09,month,2005-09-01,102.8591977776,tony,monthly,derived,https://api.db.nomics.world/v22/series/IMF/IRFCL/M.PL.RAFAGOLDV_OZT.S1X?observations=1,2026-10-01T15:12:12.903556+00:00,"{""sourceValue"": 3.307, ""sourceUnit"": ""million fine troy ounces""}"
poland-gold,poland-gold--gold-eur,Polska · Wartość złota w EUR,Poland,Gold value in EUR,2005-10-31,2005-10,month,2005-10-01,1.299288783895856,mld EUR,monthly,derived,https://data-api.ecb.europa.eu/service/data/RAS/M.N.PL.W1.S121.S1.LE.A.FA.R.._Z....N.ALL?format=csvdata,2026-10-01T15:07:49.183268+00:00,"{""seriesKey"": ""RAS.M.N.PL.W1.S121.S1.LE.A.FA.R.F11._Z.EUR.XAU.M.N.ALL"", ""sourceValue"": ""1299.2887838958559"", ""observationStatus"": ""A""}"
poland-gold,poland-gold--monthly-change,Polska · Zmiana rezerw złota m/m,Poland,Monthly change in gold reserves,2005-10-31,2005-10,month,2005-10-01,0.0,tony / miesiąc,monthly,derived,https://api.db.nomics.world/v22/series/IMF/IRFCL/M.PL.RAFAGOLDV_OZT.S1X?observations=1,2026-10-01T15:12:12.903556+00:00,"{""additionalSourceIds"": [""gold-imf-volume""], ""formula"": ""tonnes(t) - tonnes(t-1)"", ""missingReason"": null}"
poland-gold,poland-gold--tonnes,Polska · Rezerwy złota,Poland,Gold reserves,2005-10-31,2005-10,month,2005-10-01,102.8591977776,tony,monthly,derived,https://api.db.nomics.world/v22/series/IMF/IRFCL/M.PL.RAFAGOLDV_OZT.S1X?observations=1,2026-10-01T15:12:12.903556+00:00,"{""sourceValue"": 3.307, ""sourceUnit"": ""million fine troy ounces""}"
poland-gold,poland-gold--gold-eur,Polska · Wartość złota w EUR,Poland,Gold value in EUR,2005-11-30,2005-11,month,2005-11-01,1.3859536906741716,mld EUR,monthly,derived,https://data-api.ecb.europa.eu/service/data/RAS/M.N.PL.W1.S121.S1.LE.A.FA.R.._Z....N.ALL?format=csvdata,2026-10-01T15:07:49.183268+00:00,"{""seriesKey"": ""RAS.M.N.PL.W1.S121.S1.LE.A.FA.R.F11._Z.EUR.XAU.M.N.ALL"", ""sourceValue"": ""1385.9536906741716"", ""observationStatus"": ""A""}"
poland-gold,poland-gold--monthly-change,Polska · Zmiana rezerw złota m/m,Poland,Monthly change in gold reserves,2005-11-30,2005-11,month,2005-11-01,0.0311034768,tony / miesiąc,monthly,derived,https://api.db.nomics.world/v22/series/IMF/IRFCL/M.PL.RAFAGOLDV_OZT.S1X?observations=1,2026-10-01T15:12:12.903556+00:00,"{""additionalSourceIds"": [""gold-imf-volume""], ""formula"": ""tonnes(t) - tonnes(t-1)"", ""missingReason"": null}"
poland-gold,poland-gold--tonnes,Polska · Rezerwy złota,Poland,Gold reserves,2005-11-30,2005-11,month,2005-11-01,102.8903012544,tony,monthly,derived,https://api.db.nomics.world/v22/series/IMF/IRFCL/M.PL.RAFAGOLDV_OZT.S1X?observations=1,2026-10-01T15:12:12.903556+00:00,"{""sourceValue"": 3.308, ""sourceUnit"": ""million fine troy ounces""}"
poland-gold,poland-gold--gold-eur,Polska · Wartość złota w EUR,Poland,Gold value in EUR,2005-12-31,2005-12,month,2005-12-01,1.433937823834197,mld EUR,monthly,derived,https://data-api.ecb.europa.eu/service/data/RAS/M.N.PL.W1.S121.S1.LE.A.FA.R.._Z....N.ALL?format=csvdata,2026-10-01T15:07:49.183268+00:00,"{""seriesKey"": ""RAS.M.N.PL.W1.S121.S1.LE.A.FA.R.F11._Z.EUR.XAU.M.N.ALL"", ""sourceValue"": ""1433.937823834197"", ""observationStatus"": ""A""}"
poland-gold,poland-gold--monthly-change,Polska · Zmiana rezerw złota m/m,Poland,Monthly change in gold reserves,2005-12-31,2005-12,month,2005-12-01,0.0,tony / miesiąc,monthly,derived,https://api.db.nomics.world/v22/series/IMF/IRFCL/M.PL.RAFAGOLDV_OZT.S1X?observations=1,2026-10-01T15:12:12.903556+00:00,"{""additionalSourceIds"": [""gold-imf-volume""], ""formula"": ""tonnes(t) - tonnes(t-1)"", ""missingReason"": null}"
poland-gold,poland-gold--tonnes,Polska · Rezerwy złota,Poland,Gold reserves,2005-12-31,2005-12,month,2005-12-01,102.8903012544,tony,monthly,derived,https://api.db.nomics.world/v22/series/IMF/IRFCL/M.PL.RAFAGOLDV_OZT.S1X?observations=1,2026-10-01T15:12:12.903556+00:00,"{""sourceValue"": 3.308, ""sourceUnit"": ""million fine troy ounces""}"
poland-gold,poland-gold--gold-eur,Polska · Wartość złota w EUR,Poland,Gold value in EUR,2006-01-31,2006-01,month,2006-01-01,1.553534669202908,mld EUR,monthly,derived,https://data-api.ecb.europa.eu/service/data/RAS/M.N.PL.W1.S121.S1.LE.A.FA.R.._Z....N.ALL?format=csvdata,2026-10-01T15:07:49.183268+00:00,"{""seriesKey"": ""RAS.M.N.PL.W1.S121.S1.LE.A.FA.R.F11._Z.EUR.XAU.M.N.ALL"", ""sourceValue"": ""1553.534669202908"", ""observationStatus"": ""A""}"
poland-gold,poland-gold--monthly-change,Polska · Zmiana rezerw złota m/m,Poland,Monthly change in gold reserves,2006-01-31,2006-01,month,2006-01-01,0.0,tony / miesiąc,monthly,derived,https://api.db.nomics.world/v22/series/IMF/IRFCL/M.PL.RAFAGOLDV_OZT.S1X?observations=1,2026-10-01T15:12:12.903556+00:00,"{""additionalSourceIds"": [""gold-imf-volume""], ""formula"": ""tonnes(t) - tonnes(t-1)"", ""missingReason"": null}"
poland-gold,poland-gold--tonnes,Polska · Rezerwy złota,Poland,Gold reserves,2006-01-31,2006-01,month,2006-01-01,102.8903012544,tony,monthly,derived,https://api.db.nomics.world/v22/series/IMF/IRFCL/M.PL.RAFAGOLDV_OZT.S1X?observations=1,2026-10-01T15:12:12.903556+00:00,"{""sourceValue"": 3.308, ""sourceUnit"": ""million fine troy ounces""}"
poland-gold,poland-gold--gold-eur,Polska · Wartość złota w EUR,Poland,Gold value in EUR,2006-02-28,2006-02,month,2006-02-01,1.5442904290429043,mld EUR,monthly,derived,https://data-api.ecb.europa.eu/service/data/RAS/M.N.PL.W1.S121.S1.LE.A.FA.R.._Z....N.ALL?format=csvdata,2026-10-01T15:07:49.183268+00:00,"{""seriesKey"": ""RAS.M.N.PL.W1.S121.S1.LE.A.FA.R.F11._Z.EUR.XAU.M.N.ALL"", ""sourceValue"": ""1544.2904290429042"", ""observationStatus"": ""A""}"
poland-gold,poland-gold--monthly-change,Polska · Zmiana rezerw złota m/m,Poland,Monthly change in gold reserves,2006-02-28,2006-02,month,2006-02-01,0.0,tony / miesiąc,monthly,derived,https://api.db.nomics.world/v22/series/IMF/IRFCL/M.PL.RAFAGOLDV_OZT.S1X?observations=1,2026-10-01T15:12:12.903556+00:00,"{""additionalSourceIds"": [""gold-imf-volume""], ""formula"": ""tonnes(t) - tonnes(t-1)"", ""missingReason"": null}"
poland-gold,poland-gold--tonnes,Polska · Rezerwy złota,Poland,Gold reserves,2006-02-28,2006-02,month,2006-02-01,102.8903012544,tony,monthly,derived,https://api.db.nomics.world/v22/series/IMF/IRFCL/M.PL.RAFAGOLDV_OZT.S1X?observations=1,2026-10-01T15:12:12.903556+00:00,"{""sourceValue"": 3.308, ""sourceUnit"": ""million fine troy ounces""}"
poland-gold,poland-gold--gold-eur,Polska · Wartość złota w EUR,Poland,Gold value in EUR,2006-03-31,2006-03,month,2006-03-01,1.592136968928345,mld EUR,monthly,derived,https://data-api.ecb.europa.eu/service/data/RAS/M.N.PL.W1.S121.S1.LE.A.FA.R.._Z....N.ALL?format=csvdata,2026-10-01T15:07:49.183268+00:00,"{""seriesKey"": ""RAS.M.N.PL.W1.S121.S1.LE.A.FA.R.F11._Z.EUR.XAU.M.N.ALL"", ""sourceValue"": ""1592.136968928345"", ""observationStatus"": ""A""}"
poland-gold,poland-gold--monthly-change,Polska · Zmiana rezerw złota m/m,Poland,Monthly change in gold reserves,2006-03-31,2006-03,month,2006-03-01,0.0,tony / miesiąc,monthly,derived,https://api.db.nomics.world/v22/series/IMF/IRFCL/M.PL.RAFAGOLDV_OZT.S1X?observations=1,2026-10-01T15:12:12.903556+00:00,"{""additionalSourceIds"": [""gold-imf-volume""], ""formula"": ""tonnes(t) - tonnes(t-1)"", ""missingReason"": null}"
poland-gold,poland-gold--tonnes,Polska · Rezerwy złota,Poland,Gold reserves,2006-03-31,2006-03,month,2006-03-01,102.8903012544,tony,monthly,derived,https://api.db.nomics.world/v22/series/IMF/IRFCL/M.PL.RAFAGOLDV_OZT.S1X?observations=1,2026-10-01T15:12:12.903556+00:00,"{""sourceValue"": 3.308, ""sourceUnit"": ""million fine troy ounces""}"
poland-gold,poland-gold--gold-eur,Polska · Wartość złota w EUR,Poland,Gold value in EUR,2006-04-30,2006-04,month,2006-04-01,1.6806462435801481,mld EUR,monthly,derived,https://data-api.ecb.europa.eu/service/data/RAS/M.N.PL.W1.S121.S1.LE.A.FA.R.._Z....N.ALL?format=csvdata,2026-10-01T15:07:49.183268+00:00,"{""seriesKey"": ""RAS.M.N.PL.W1.S121.S1.LE.A.FA.R.F11._Z.EUR.XAU.M.N.ALL"", ""sourceValue"": ""1680.6462435801482"", ""observationStatus"": ""A""}"
poland-gold,poland-gold--monthly-change,Polska · Zmiana rezerw złota m/m,Poland,Monthly change in gold reserves,2006-04-30,2006-04,month,2006-04-01,0.0,tony / miesiąc,monthly,derived,https://api.db.nomics.world/v22/series/IMF/IRFCL/M.PL.RAFAGOLDV_OZT.S1X?observations=1,2026-10-01T15:12:12.903556+00:00,"{""additionalSourceIds"": [""gold-imf-volume""], ""formula"": ""tonnes(t) - tonnes(t-1)"", ""missingReason"": null}"
poland-gold,poland-gold--tonnes,Polska · Rezerwy złota,Poland,Gold reserves,2006-04-30,2006-04,month,2006-04-01,102.8903012544,tony,monthly,derived,https://api.db.nomics.world/v22/series/IMF/IRFCL/M.PL.RAFAGOLDV_OZT.S1X?observations=1,2026-10-01T15:12:12.903556+00:00,"{""sourceValue"": 3.308, ""sourceUnit"": ""million fine troy ounces""}"
poland-gold,poland-gold--gold-eur,Polska · Wartość złota w EUR,Poland,Gold value in EUR,2006-05-31,2006-05,month,2006-05-01,1.6856758198491122,mld EUR,monthly,derived,https://data-api.ecb.europa.eu/service/data/RAS/M.N.PL.W1.S121.S1.LE.A.FA.R.._Z....N.ALL?format=csvdata,2026-10-01T15:07:49.183268+00:00,"{""seriesKey"": ""RAS.M.N.PL.W1.S121.S1.LE.A.FA.R.F11._Z.EUR.XAU.M.N.ALL"", ""sourceValue"": ""1685.6758198491123"", ""observationStatus"": ""A""}"
poland-gold,poland-gold--monthly-change,Polska · Zmiana rezerw złota m/m,Poland,Monthly change in gold reserves,2006-05-31,2006-05,month,2006-05-01,0.0,tony / miesiąc,monthly,derived,https://api.db.nomics.world/v22/series/IMF/IRFCL/M.PL.RAFAGOLDV_OZT.S1X?observations=1,2026-10-01T15:12:12.903556+00:00,"{""additionalSourceIds"": [""gold-imf-volume""], ""formula"": ""tonnes(t) - tonnes(t-1)"", ""missingReason"": null}"
poland-gold,poland-gold--tonnes,Polska · Rezerwy złota,Poland,Gold reserves,2006-05-31,2006-05,month,2006-05-01,102.8903012544,tony,monthly,derived,https://api.db.nomics.world/v22/series/IMF/IRFCL/M.PL.RAFAGOLDV_OZT.S1X?observations=1,2026-10-01T15:12:12.903556+00:00,"{""sourceValue"": 3.308, ""sourceUnit"": ""million fine troy ounces""}"
poland-gold,poland-gold--gold-eur,Polska · Wartość złota w EUR,Poland,Gold value in EUR,2006-06-30,2006-06,month,2006-06-01,1.5584767917920388,mld EUR,monthly,derived,https://data-api.ecb.europa.eu/service/data/RAS/M.N.PL.W1.S121.S1.LE.A.FA.R.._Z....N.ALL?format=csvdata,2026-10-01T15:07:49.183268+00:00,"{""seriesKey"": ""RAS.M.N.PL.W1.S121.S1.LE.A.FA.R.F11._Z.EUR.XAU.M.N.ALL"", ""sourceValue"": ""1558.4767917920387"", ""observationStatus"": ""A""}"
poland-gold,poland-gold--monthly-change,Polska · Zmiana rezerw złota m/m,Poland,Monthly change in gold reserves,2006-06-30,2006-06,month,2006-06-01,0.0,tony / miesiąc,monthly,derived,https://api.db.nomics.world/v22/series/IMF/IRFCL/M.PL.RAFAGOLDV_OZT.S1X?observations=1,2026-10-01T15:12:12.903556+00:00,"{""additionalSourceIds"": [""gold-imf-volume""], ""formula"": ""tonnes(t) - tonnes(t-1)"", ""missingReason"": null}"
poland-gold,poland-gold--tonnes,Polska · Rezerwy złota,Poland,Gold reserves,2006-06-30,2006-06,month,2006-06-01,102.8903012544,tony,monthly,derived,https://api.db.nomics.world/v22/series/IMF/IRFCL/M.PL.RAFAGOLDV_OZT.S1X?observations=1,2026-10-01T15:12:12.903556+00:00,"{""sourceValue"": 3.308, ""sourceUnit"": ""million fine troy ounces""}"
poland-gold,poland-gold--gold-eur,Polska · Wartość złota w EUR,Poland,Gold value in EUR,2006-07-31,2006-07,month,2006-07-01,1.6504509081671537,mld EUR,monthly,derived,https://data-api.ecb.europa.eu/service/data/RAS/M.N.PL.W1.S121.S1.LE.A.FA.R.._Z....N.ALL?format=csvdata,2026-10-01T15:07:49.183268+00:00,"{""seriesKey"": ""RAS.M.N.PL.W1.S121.S1.LE.A.FA.R.F11._Z.EUR.XAU.M.N.ALL"", ""sourceValue"": ""1650.4509081671536"", ""observationStatus"": ""A""}"
poland-gold,poland-gold--monthly-change,Polska · Zmiana rezerw złota m/m,Poland,Monthly change in gold reserves,2006-07-31,2006-07,month,2006-07-01,0.0,tony / miesiąc,monthly,derived,https://api.db.nomics.world/v22/series/IMF/IRFCL/M.PL.RAFAGOLDV_OZT.S1X?observations=1,2026-10-01T15:12:12.903556+00:00,"{""additionalSourceIds"": [""gold-imf-volume""], ""formula"": ""tonnes(t) - tonnes(t-1)"", ""missingReason"": null}"
poland-gold,poland-gold--tonnes,Polska · Rezerwy złota,Poland,Gold reserves,2006-07-31,2006-07,month,2006-07-01,102.8903012544,tony,monthly,derived,https://api.db.nomics.world/v22/series/IMF/IRFCL/M.PL.RAFAGOLDV_OZT.S1X?observations=1,2026-10-01T15:12:12.903556+00:00,"{""sourceValue"": 3.308, ""sourceUnit"": ""million fine troy ounces""}"
poland-gold,poland-gold--gold-eur,Polska · Wartość złota w EUR,Poland,Gold value in EUR,2006-08-31,2006-08,month,2006-08-01,1.6008939001472902,mld EUR,monthly,derived,https://data-api.ecb.europa.eu/service/data/RAS/M.N.PL.W1.S121.S1.LE.A.FA.R.._Z....N.ALL?format=csvdata,2026-10-01T15:07:49.183268+00:00,"{""seriesKey"": ""RAS.M.N.PL.W1.S121.S1.LE.A.FA.R.F11._Z.EUR.XAU.M.N.ALL"", ""sourceValue"": ""1600.8939001472902"", ""observationStatus"": ""A""}"
poland-gold,poland-gold--monthly-change,Polska · Zmiana rezerw złota m/m,Poland,Monthly change in gold reserves,2006-08-31,2006-08,month,2006-08-01,0.0,tony / miesiąc,monthly,derived,https://api.db.nomics.world/v22/series/IMF/IRFCL/M.PL.RAFAGOLDV_OZT.S1X?observations=1,2026-10-01T15:12:12.903556+00:00,"{""additionalSourceIds"": [""gold-imf-volume""], ""formula"": ""tonnes(t) - tonnes(t-1)"", ""missingReason"": null}"
poland-gold,poland-gold--tonnes,Polska · Rezerwy złota,Poland,Gold reserves,2006-08-31,2006-08,month,2006-08-01,102.8903012544,tony,monthly,derived,https://api.db.nomics.world/v22/series/IMF/IRFCL/M.PL.RAFAGOLDV_OZT.S1X?observations=1,2026-10-01T15:12:12.903556+00:00,"{""sourceValue"": 3.308, ""sourceUnit"": ""million fine troy ounces""}"
poland-gold,poland-gold--gold-eur,Polska · Wartość złota w EUR,Poland,Gold value in EUR,2006-09-30,2006-09,month,2006-09-01,1.5750509908594164,mld EUR,monthly,derived,https://data-api.ecb.europa.eu/service/data/RAS/M.N.PL.W1.S121.S1.LE.A.FA.R.._Z....N.ALL?format=csvdata,2026-10-01T15:07:49.183268+00:00,"{""seriesKey"": ""RAS.M.N.PL.W1.S121.S1.LE.A.FA.R.F11._Z.EUR.XAU.M.N.ALL"", ""sourceValue"": ""1575.0509908594163"", ""observationStatus"": ""A""}"
poland-gold,poland-gold--monthly-change,Polska · Zmiana rezerw złota m/m,Poland,Monthly change in gold reserves,2006-09-30,2006-09,month,2006-09-01,0.0,tony / miesiąc,monthly,derived,https://api.db.nomics.world/v22/series/IMF/IRFCL/M.PL.RAFAGOLDV_OZT.S1X?observations=1,2026-10-01T15:12:12.903556+00:00,"{""additionalSourceIds"": [""gold-imf-volume""], ""formula"": ""tonnes(t) - tonnes(t-1)"", ""missingReason"": null}"
poland-gold,poland-gold--tonnes,Polska · Rezerwy złota,Poland,Gold reserves,2006-09-30,2006-09,month,2006-09-01,102.8903012544,tony,monthly,derived,https://api.db.nomics.world/v22/series/IMF/IRFCL/M.PL.RAFAGOLDV_OZT.S1X?observations=1,2026-10-01T15:12:12.903556+00:00,"{""sourceValue"": 3.308, ""sourceUnit"": ""million fine troy ounces""}"
poland-gold,poland-gold--gold-eur,Polska · Wartość złota w EUR,Poland,Gold value in EUR,2006-10-31,2006-10,month,2006-10-01,1.5721256874338385,mld EUR,monthly,derived,https://data-api.ecb.europa.eu/service/data/RAS/M.N.PL.W1.S121.S1.LE.A.FA.R.._Z....N.ALL?format=csvdata,2026-10-01T15:07:49.183268+00:00,"{""seriesKey"": ""RAS.M.N.PL.W1.S121.S1.LE.A.FA.R.F11._Z.EUR.XAU.M.N.ALL"", ""sourceValue"": ""1572.1256874338385"", ""observationStatus"": ""A""}"
poland-gold,poland-gold--monthly-change,Polska · Zmiana rezerw złota m/m,Poland,Monthly change in gold reserves,2006-10-31,2006-10,month,2006-10-01,0.0,tony / miesiąc,monthly,derived,https://api.db.nomics.world/v22/series/IMF/IRFCL/M.PL.RAFAGOLDV_OZT.S1X?observations=1,2026-10-01T15:12:12.903556+00:00,"{""additionalSourceIds"": [""gold-imf-volume""], ""formula"": ""tonnes(t) - tonnes(t-1)"", ""missingReason"": null}"
poland-gold,poland-gold--tonnes,Polska · Rezerwy złota,Poland,Gold reserves,2006-10-31,2006-10,month,2006-10-01,102.8903012544,tony,monthly,derived,https://api.db.nomics.world/v22/series/IMF/IRFCL/M.PL.RAFAGOLDV_OZT.S1X?observations=1,2026-10-01T15:12:12.903556+00:00,"{""sourceValue"": 3.308, ""sourceUnit"": ""million fine troy ounces""}"
poland-gold,poland-gold--gold-eur,Polska · Wartość złota w EUR,Poland,Gold value in EUR,2006-11-30,2006-11,month,2006-11-01,1.6020780311179914,mld EUR,monthly,derived,https://data-api.ecb.europa.eu/service/data/RAS/M.N.PL.W1.S121.S1.LE.A.FA.R.._Z....N.ALL?format=csvdata,2026-10-01T15:07:49.183268+00:00,"{""seriesKey"": ""RAS.M.N.PL.W1.S121.S1.LE.A.FA.R.F11._Z.EUR.XAU.M.N.ALL"", ""sourceValue"": ""1602.0780311179913"", ""observationStatus"": ""A""}"
poland-gold,poland-gold--monthly-change,Polska · Zmiana rezerw złota m/m,Poland,Monthly change in gold reserves,2006-11-30,2006-11,month,2006-11-01,0.0,tony / miesiąc,monthly,derived,https://api.db.nomics.world/v22/series/IMF/IRFCL/M.PL.RAFAGOLDV_OZT.S1X?observations=1,2026-10-01T15:12:12.903556+00:00,"{""additionalSourceIds"": [""gold-imf-volume""], ""formula"": ""tonnes(t) - tonnes(t-1)"", ""missingReason"": null}"
poland-gold,poland-gold--tonnes,Polska · Rezerwy złota,Poland,Gold reserves,2006-11-30,2006-11,month,2006-11-01,102.8903012544,tony,monthly,derived,https://api.db.nomics.world/v22/series/IMF/IRFCL/M.PL.RAFAGOLDV_OZT.S1X?observations=1,2026-10-01T15:12:12.903556+00:00,"{""sourceValue"": 3.308, ""sourceUnit"": ""million fine troy ounces""}"
poland-gold,poland-gold--gold-eur,Polska · Wartość złota w EUR,Poland,Gold value in EUR,2006-12-31,2006-12,month,2006-12-01,1.597755155311929,mld EUR,monthly,derived,https://data-api.ecb.europa.eu/service/data/RAS/M.N.PL.W1.S121.S1.LE.A.FA.R.._Z....N.ALL?format=csvdata,2026-10-01T15:07:49.183268+00:00,"{""seriesKey"": ""RAS.M.N.PL.W1.S121.S1.LE.A.FA.R.F11._Z.EUR.XAU.M.N.ALL"", ""sourceValue"": ""1597.755155311929"", ""observationStatus"": ""A""}"
poland-gold,poland-gold--monthly-change,Polska · Zmiana rezerw złota m/m,Poland,Monthly change in gold reserves,2006-12-31,2006-12,month,2006-12-01,0.0,tony / miesiąc,monthly,derived,https://api.db.nomics.world/v22/series/IMF/IRFCL/M.PL.RAFAGOLDV_OZT.S1X?observations=1,2026-10-01T15:12:12.903556+00:00,"{""additionalSourceIds"": [""gold-imf-volume""], ""formula"": ""tonnes(t) - tonnes(t-1)"", ""missingReason"": null}"
poland-gold,poland-gold--tonnes,Polska · Rezerwy złota,Poland,Gold reserves,2006-12-31,2006-12,month,2006-12-01,102.8903012544,tony,monthly,derived,https://api.db.nomics.world/v22/series/IMF/IRFCL/M.PL.RAFAGOLDV_OZT.S1X?observations=1,2026-10-01T15:12:12.903556+00:00,"{""sourceValue"": 3.308, ""sourceUnit"": ""million fine troy ounces""}"
poland-gold,poland-gold--gold-eur,Polska · Wartość złota w EUR,Poland,Gold value in EUR,2007-01-31,2007-01,month,2007-01-01,1.6535112288027702,mld EUR,monthly,derived,https://data-api.ecb.europa.eu/service/data/RAS/M.N.PL.W1.S121.S1.LE.A.FA.R.._Z....N.ALL?format=csvdata,2026-10-01T15:07:49.183268+00:00,"{""seriesKey"": ""RAS.M.N.PL.W1.S121.S1.LE.A.FA.R.F11._Z.EUR.XAU.M.N.ALL"", ""sourceValue"": ""1653.5112288027703"", ""observationStatus"": ""A""}"
poland-gold,poland-gold--monthly-change,Polska · Zmiana rezerw złota m/m,Poland,Monthly change in gold reserves,2007-01-31,2007-01,month,2007-01-01,0.0,tony / miesiąc,monthly,derived,https://api.db.nomics.world/v22/series/IMF/IRFCL/M.PL.RAFAGOLDV_OZT.S1X?observations=1,2026-10-01T15:12:12.903556+00:00,"{""additionalSourceIds"": [""gold-imf-volume""], ""formula"": ""tonnes(t) - tonnes(t-1)"", ""missingReason"": null}"
poland-gold,poland-gold--tonnes,Polska · Rezerwy złota,Poland,Gold reserves,2007-01-31,2007-01,month,2007-01-01,102.8903012544,tony,monthly,derived,https://api.db.nomics.world/v22/series/IMF/IRFCL/M.PL.RAFAGOLDV_OZT.S1X?observations=1,2026-10-01T15:12:12.903556+00:00,"{""sourceValue"": 3.308, ""sourceUnit"": ""million fine troy ounces""}"
poland-gold,poland-gold--gold-eur,Polska · Wartość złota w EUR,Poland,Gold value in EUR,2007-02-28,2007-02,month,2007-02-01,1.6977616701972895,mld EUR,monthly,derived,https://data-api.ecb.europa.eu/service/data/RAS/M.N.PL.W1.S121.S1.LE.A.FA.R.._Z....N.ALL?format=csvdata,2026-10-01T15:07:49.183268+00:00,"{""seriesKey"": ""RAS.M.N.PL.W1.S121.S1.LE.A.FA.R.F11._Z.EUR.XAU.M.N.ALL"", ""sourceValue"": ""1697.7616701972895"", ""observationStatus"": ""A""}"
poland-gold,poland-gold--monthly-change,Polska · Zmiana rezerw złota m/m,Poland,Monthly change in gold reserves,2007-02-28,2007-02,month,2007-02-01,0.0,tony / miesiąc,monthly,derived,https://api.db.nomics.world/v22/series/IMF/IRFCL/M.PL.RAFAGOLDV_OZT.S1X?observations=1,2026-10-01T15:12:12.903556+00:00,"{""additionalSourceIds"": [""gold-imf-volume""], ""formula"": ""tonnes(t) - tonnes(t-1)"", ""missingReason"": null}"
poland-gold,poland-gold--tonnes,Polska · Rezerwy złota,Poland,Gold reserves,2007-02-28,2007-02,month,2007-02-01,102.8903012544,tony,monthly,derived,https://api.db.nomics.world/v22/series/IMF/IRFCL/M.PL.RAFAGOLDV_OZT.S1X?observations=1,2026-10-01T15:12:12.903556+00:00,"{""sourceValue"": 3.308, ""sourceUnit"": ""million fine troy ounces""}"
poland-gold,poland-gold--gold-eur,Polska · Wartość złota w EUR,Poland,Gold value in EUR,2007-03-31,2007-03,month,2007-03-01,1.6494258818661427,mld EUR,monthly,derived,https://data-api.ecb.europa.eu/service/data/RAS/M.N.PL.W1.S121.S1.LE.A.FA.R.._Z....N.ALL?format=csvdata,2026-10-01T15:07:49.183268+00:00,"{""seriesKey"": ""RAS.M.N.PL.W1.S121.S1.LE.A.FA.R.F11._Z.EUR.XAU.M.N.ALL"", ""sourceValue"": ""1649.4258818661426"", ""observationStatus"": ""A""}"
poland-gold,poland-gold--monthly-change,Polska · Zmiana rezerw złota m/m,Poland,Monthly change in gold reserves,2007-03-31,2007-03,month,2007-03-01,0.0,tony / miesiąc,monthly,derived,https://api.db.nomics.world/v22/series/IMF/IRFCL/M.PL.RAFAGOLDV_OZT.S1X?observations=1,2026-10-01T15:12:12.903556+00:00,"{""additionalSourceIds"": [""gold-imf-volume""], ""formula"": ""tonnes(t) - tonnes(t-1)"", ""missingReason"": null}"
poland-gold,poland-gold--tonnes,Polska · Rezerwy złota,Poland,Gold reserves,2007-03-31,2007-03,month,2007-03-01,102.8903012544,tony,monthly,derived,https://api.db.nomics.world/v22/series/IMF/IRFCL/M.PL.RAFAGOLDV_OZT.S1X?observations=1,2026-10-01T15:12:12.903556+00:00,"{""sourceValue"": 3.308, ""sourceUnit"": ""million fine troy ounces""}"
poland-gold,poland-gold--gold-eur,Polska · Wartość złota w EUR,Poland,Gold value in EUR,2007-04-30,2007-04,month,2007-04-01,1.6527373710658555,mld EUR,monthly,derived,https://data-api.ecb.europa.eu/service/data/RAS/M.N.PL.W1.S121.S1.LE.A.FA.R.._Z....N.ALL?format=csvdata,2026-10-01T15:07:49.183268+00:00,"{""seriesKey"": ""RAS.M.N.PL.W1.S121.S1.LE.A.FA.R.F11._Z.EUR.XAU.M.N.ALL"", ""sourceValue"": ""1652.7373710658555"", ""observationStatus"": ""A""}"
poland-gold,poland-gold--monthly-change,Polska · Zmiana rezerw złota m/m,Poland,Monthly change in gold reserves,2007-04-30,2007-04,month,2007-04-01,0.0,tony / miesiąc,monthly,derived,https://api.db.nomics.world/v22/series/IMF/IRFCL/M.PL.RAFAGOLDV_OZT.S1X?observations=1,2026-10-01T15:12:12.903556+00:00,"{""additionalSourceIds"": [""gold-imf-volume""], ""formula"": ""tonnes(t) - tonnes(t-1)"", ""missingReason"": null}"
poland-gold,poland-gold--tonnes,Polska · Rezerwy złota,Poland,Gold reserves,2007-04-30,2007-04,month,2007-04-01,102.8903012544,tony,monthly,derived,https://api.db.nomics.world/v22/series/IMF/IRFCL/M.PL.RAFAGOLDV_OZT.S1X?observations=1,2026-10-01T15:12:12.903556+00:00,"{""sourceValue"": 3.308, ""sourceUnit"": ""million fine troy ounces""}"
poland-gold,poland-gold--gold-eur,Polska · Wartość złota w EUR,Poland,Gold value in EUR,2007-05-31,2007-05,month,2007-05-01,1.6174774585867058,mld EUR,monthly,derived,https://data-api.ecb.europa.eu/service/data/RAS/M.N.PL.W1.S121.S1.LE.A.FA.R.._Z....N.ALL?format=csvdata,2026-10-01T15:07:49.183268+00:00,"{""seriesKey"": ""RAS.M.N.PL.W1.S121.S1.LE.A.FA.R.F11._Z.EUR.XAU.M.N.ALL"", ""sourceValue"": ""1617.4774585867058"", ""observationStatus"": ""A""}"
poland-gold,poland-gold--monthly-change,Polska · Zmiana rezerw złota m/m,Poland,Monthly change in gold reserves,2007-05-31,2007-05,month,2007-05-01,0.0,tony / miesiąc,monthly,derived,https://api.db.nomics.world/v22/series/IMF/IRFCL/M.PL.RAFAGOLDV_OZT.S1X?observations=1,2026-10-01T15:12:12.903556+00:00,"{""additionalSourceIds"": [""gold-imf-volume""], ""formula"": ""tonnes(t) - tonnes(t-1)"", ""missingReason"": null}"
poland-gold,poland-gold--tonnes,Polska · Rezerwy złota,Poland,Gold reserves,2007-05-31,2007-05,month,2007-05-01,102.8903012544,tony,monthly,derived,https://api.db.nomics.world/v22/series/IMF/IRFCL/M.PL.RAFAGOLDV_OZT.S1X?observations=1,2026-10-01T15:12:12.903556+00:00,"{""sourceValue"": 3.308, ""sourceUnit"": ""million fine troy ounces""}"
poland-gold,poland-gold--gold-eur,Polska · Wartość złota w EUR,Poland,Gold value in EUR,2007-06-30,2007-06,month,2007-06-01,1.593545133635905,mld EUR,monthly,derived,https://data-api.ecb.europa.eu/service/data/RAS/M.N.PL.W1.S121.S1.LE.A.FA.R.._Z....N.ALL?format=csvdata,2026-10-01T15:07:49.183268+00:00,"{""seriesKey"": ""RAS.M.N.PL.W1.S121.S1.LE.A.FA.R.F11._Z.EUR.XAU.M.N.ALL"", ""sourceValue"": ""1593.5451336359051"", ""observationStatus"": ""A""}"
poland-gold,poland-gold--monthly-change,Polska · Zmiana rezerw złota m/m,Poland,Monthly change in gold reserves,2007-06-30,2007-06,month,2007-06-01,0.0,tony / miesiąc,monthly,derived,https://api.db.nomics.world/v22/series/IMF/IRFCL/M.PL.RAFAGOLDV_OZT.S1X?observations=1,2026-10-01T15:12:12.903556+00:00,"{""additionalSourceIds"": [""gold-imf-volume""], ""formula"": ""tonnes(t) - tonnes(t-1)"", ""missingReason"": null}"
poland-gold,poland-gold--tonnes,Polska · Rezerwy złota,Poland,Gold reserves,2007-06-30,2007-06,month,2007-06-01,102.8903012544,tony,monthly,derived,https://api.db.nomics.world/v22/series/IMF/IRFCL/M.PL.RAFAGOLDV_OZT.S1X?observations=1,2026-10-01T15:12:12.903556+00:00,"{""sourceValue"": 3.308, ""sourceUnit"": ""million fine troy ounces""}"
poland-gold,poland-gold--gold-eur,Polska · Wartość złota w EUR,Poland,Gold value in EUR,2007-07-31,2007-07,month,2007-07-01,1.6096595407759302,mld EUR,monthly,derived,https://data-api.ecb.europa.eu/service/data/RAS/M.N.PL.W1.S121.S1.LE.A.FA.R.._Z....N.ALL?format=csvdata,2026-10-01T15:07:49.183268+00:00,"{""seriesKey"": ""RAS.M.N.PL.W1.S121.S1.LE.A.FA.R.F11._Z.EUR.XAU.M.N.ALL"", ""sourceValue"": ""1609.6595407759303"", ""observationStatus"": ""A""}"
poland-gold,poland-gold--monthly-change,Polska · Zmiana rezerw złota m/m,Poland,Monthly change in gold reserves,2007-07-31,2007-07,month,2007-07-01,0.0,tony / miesiąc,monthly,derived,https://api.db.nomics.world/v22/series/IMF/IRFCL/M.PL.RAFAGOLDV_OZT.S1X?observations=1,2026-10-01T15:12:12.903556+00:00,"{""additionalSourceIds"": [""gold-imf-volume""], ""formula"": ""tonnes(t) - tonnes(t-1)"", ""missingReason"": null}"
poland-gold,poland-gold--tonnes,Polska · Rezerwy złota,Poland,Gold reserves,2007-07-31,2007-07,month,2007-07-01,102.8903012544,tony,monthly,derived,https://api.db.nomics.world/v22/series/IMF/IRFCL/M.PL.RAFAGOLDV_OZT.S1X?observations=1,2026-10-01T15:12:12.903556+00:00,"{""sourceValue"": 3.308, ""sourceUnit"": ""million fine troy ounces""}"
poland-gold,poland-gold--gold-eur,Polska · Wartość złota w EUR,Poland,Gold value in EUR,2007-08-31,2007-08,month,2007-08-01,1.6207221843718882,mld EUR,monthly,derived,https://data-api.ecb.europa.eu/service/data/RAS/M.N.PL.W1.S121.S1.LE.A.FA.R.._Z....N.ALL?format=csvdata,2026-10-01T15:07:49.183268+00:00,"{""seriesKey"": ""RAS.M.N.PL.W1.S121.S1.LE.A.FA.R.F11._Z.EUR.XAU.M.N.ALL"", ""sourceValue"": ""1620.7221843718883"", ""observationStatus"": ""A""}"
poland-gold,poland-gold--monthly-change,Polska · Zmiana rezerw złota m/m,Poland,Monthly change in gold reserves,2007-08-31,2007-08,month,2007-08-01,0.0,tony / miesiąc,monthly,derived,https://api.db.nomics.world/v22/series/IMF/IRFCL/M.PL.RAFAGOLDV_OZT.S1X?observations=1,2026-10-01T15:12:12.903556+00:00,"{""additionalSourceIds"": [""gold-imf-volume""], ""formula"": ""tonnes(t) - tonnes(t-1)"", ""missingReason"": null}"
poland-gold,poland-gold--tonnes,Polska · Rezerwy złota,Poland,Gold reserves,2007-08-31,2007-08,month,2007-08-01,102.8903012544,tony,monthly,derived,https://api.db.nomics.world/v22/series/IMF/IRFCL/M.PL.RAFAGOLDV_OZT.S1X?observations=1,2026-10-01T15:12:12.903556+00:00,"{""sourceValue"": 3.308, ""sourceUnit"": ""million fine troy ounces""}"
poland-gold,poland-gold--gold-eur,Polska · Wartość złota w EUR,Poland,Gold value in EUR,2007-09-30,2007-09,month,2007-09-01,1.7235621521335807,mld EUR,monthly,derived,https://data-api.ecb.europa.eu/service/data/RAS/M.N.PL.W1.S121.S1.LE.A.FA.R.._Z....N.ALL?format=csvdata,2026-10-01T15:07:49.183268+00:00,"{""seriesKey"": ""RAS.M.N.PL.W1.S121.S1.LE.A.FA.R.F11._Z.EUR.XAU.M.N.ALL"", ""sourceValue"": ""1723.5621521335806"", ""observationStatus"": ""A""}"
poland-gold,poland-gold--monthly-change,Polska · Zmiana rezerw złota m/m,Poland,Monthly change in gold reserves,2007-09-30,2007-09,month,2007-09-01,0.0,tony / miesiąc,monthly,derived,https://api.db.nomics.world/v22/series/IMF/IRFCL/M.PL.RAFAGOLDV_OZT.S1X?observations=1,2026-10-01T15:12:12.903556+00:00,"{""additionalSourceIds"": [""gold-imf-volume""], ""formula"": ""tonnes(t) - tonnes(t-1)"", ""missingReason"": null}"
poland-gold,poland-gold--tonnes,Polska · Rezerwy złota,Poland,Gold reserves,2007-09-30,2007-09,month,2007-09-01,102.8903012544,tony,monthly,derived,https://api.db.nomics.world/v22/series/IMF/IRFCL/M.PL.RAFAGOLDV_OZT.S1X?observations=1,2026-10-01T15:12:12.903556+00:00,"{""sourceValue"": 3.308, ""sourceUnit"": ""million fine troy ounces""}"
poland-gold,poland-gold--gold-eur,Polska · Wartość złota w EUR,Poland,Gold value in EUR,2007-10-31,2007-10,month,2007-10-01,1.791241718668389,mld EUR,monthly,derived,https://data-api.ecb.europa.eu/service/data/RAS/M.N.PL.W1.S121.S1.LE.A.FA.R.._Z....N.ALL?format=csvdata,2026-10-01T15:07:49.183268+00:00,"{""seriesKey"": ""RAS.M.N.PL.W1.S121.S1.LE.A.FA.R.F11._Z.EUR.XAU.M.N.ALL"", ""sourceValue"": ""1791.2417186683892"", ""observationStatus"": ""A""}"
poland-gold,poland-gold--monthly-change,Polska · Zmiana rezerw złota m/m,Poland,Monthly change in gold reserves,2007-10-31,2007-10,month,2007-10-01,0.0013685529792,tony / miesiąc,monthly,derived,https://api.db.nomics.world/v22/series/IMF/IRFCL/M.PL.RAFAGOLDV_OZT.S1X?observations=1,2026-10-01T15:12:12.903556+00:00,"{""additionalSourceIds"": [""gold-imf-volume""], ""formula"": ""tonnes(t) - tonnes(t-1)"", ""missingReason"": null}"
poland-gold,poland-gold--tonnes,Polska · Rezerwy złota,Poland,Gold reserves,2007-10-31,2007-10,month,2007-10-01,102.8916698073792,tony,monthly,derived,https://api.db.nomics.world/v22/series/IMF/IRFCL/M.PL.RAFAGOLDV_OZT.S1X?observations=1,2026-10-01T15:12:12.903556+00:00,"{""sourceValue"": 3.308044, ""sourceUnit"": ""million fine troy ounces""}"
poland-gold,poland-gold--gold-eur,Polska · Wartość złota w EUR,Poland,Gold value in EUR,2007-11-30,2007-11,month,2007-11-01,1.7892231478150165,mld EUR,monthly,derived,https://data-api.ecb.europa.eu/service/data/RAS/M.N.PL.W1.S121.S1.LE.A.FA.R.._Z....N.ALL?format=csvdata,2026-10-01T15:07:49.183268+00:00,"{""seriesKey"": ""RAS.M.N.PL.W1.S121.S1.LE.A.FA.R.F11._Z.EUR.XAU.M.N.ALL"", ""sourceValue"": ""1789.2231478150165"", ""observationStatus"": ""A""}"
poland-gold,poland-gold--monthly-change,Polska · Zmiana rezerw złota m/m,Poland,Monthly change in gold reserves,2007-11-30,2007-11,month,2007-11-01,-0.0013685529792,tony / miesiąc,monthly,derived,https://api.db.nomics.world/v22/series/IMF/IRFCL/M.PL.RAFAGOLDV_OZT.S1X?observations=1,2026-10-01T15:12:12.903556+00:00,"{""additionalSourceIds"": [""gold-imf-volume""], ""formula"": ""tonnes(t) - tonnes(t-1)"", ""missingReason"": null}"
poland-gold,poland-gold--tonnes,Polska · Rezerwy złota,Poland,Gold reserves,2007-11-30,2007-11,month,2007-11-01,102.8903012544,tony,monthly,derived,https://api.db.nomics.world/v22/series/IMF/IRFCL/M.PL.RAFAGOLDV_OZT.S1X?observations=1,2026-10-01T15:12:12.903556+00:00,"{""sourceValue"": 3.308, ""sourceUnit"": ""million fine troy ounces""}"
poland-gold,poland-gold--gold-eur,Polska · Wartość złota w EUR,Poland,Gold value in EUR,2007-12-31,2007-12,month,2007-12-01,1.8753304577709753,mld EUR,monthly,derived,https://data-api.ecb.europa.eu/service/data/RAS/M.N.PL.W1.S121.S1.LE.A.FA.R.._Z....N.ALL?format=csvdata,2026-10-01T15:07:49.183268+00:00,"{""seriesKey"": ""RAS.M.N.PL.W1.S121.S1.LE.A.FA.R.F11._Z.EUR.XAU.M.N.ALL"", ""sourceValue"": ""1875.3304577709753"", ""observationStatus"": ""A""}"
poland-gold,poland-gold--monthly-change,Polska · Zmiana rezerw złota m/m,Poland,Monthly change in gold reserves,2007-12-31,2007-12,month,2007-12-01,0.0,tony / miesiąc,monthly,derived,https://api.db.nomics.world/v22/series/IMF/IRFCL/M.PL.RAFAGOLDV_OZT.S1X?observations=1,2026-10-01T15:12:12.903556+00:00,"{""additionalSourceIds"": [""gold-imf-volume""], ""formula"": ""tonnes(t) - tonnes(t-1)"", ""missingReason"": null}"
poland-gold,poland-gold--tonnes,Polska · Rezerwy złota,Poland,Gold reserves,2007-12-31,2007-12,month,2007-12-01,102.8903012544,tony,monthly,derived,https://api.db.nomics.world/v22/series/IMF/IRFCL/M.PL.RAFAGOLDV_OZT.S1X?observations=1,2026-10-01T15:12:12.903556+00:00,"{""sourceValue"": 3.308, ""sourceUnit"": ""million fine troy ounces""}"
poland-gold,poland-gold--gold-eur,Polska · Wartość złota w EUR,Poland,Gold value in EUR,2008-01-31,2008-01,month,2008-01-01,2.0604789758304825,mld EUR,monthly,derived,https://data-api.ecb.europa.eu/service/data/RAS/M.N.PL.W1.S121.S1.LE.A.FA.R.._Z....N.ALL?format=csvdata,2026-10-01T15:07:49.183268+00:00,"{""seriesKey"": ""RAS.M.N.PL.W1.S121.S1.LE.A.FA.R.F11._Z.EUR.XAU.M.N.ALL"", ""sourceValue"": ""2060.4789758304823"", ""observationStatus"": ""A""}"
poland-gold,poland-gold--monthly-change,Polska · Zmiana rezerw złota m/m,Poland,Monthly change in gold reserves,2008-01-31,2008-01,month,2008-01-01,0.0,tony / miesiąc,monthly,derived,https://api.db.nomics.world/v22/series/IMF/IRFCL/M.PL.RAFAGOLDV_OZT.S1X?observations=1,2026-10-01T15:12:12.903556+00:00,"{""additionalSourceIds"": [""gold-imf-volume""], ""formula"": ""tonnes(t) - tonnes(t-1)"", ""missingReason"": null}"
poland-gold,poland-gold--tonnes,Polska · Rezerwy złota,Poland,Gold reserves,2008-01-31,2008-01,month,2008-01-01,102.8903012544,tony,monthly,derived,https://api.db.nomics.world/v22/series/IMF/IRFCL/M.PL.RAFAGOLDV_OZT.S1X?observations=1,2026-10-01T15:12:12.903556+00:00,"{""sourceValue"": 3.308, ""sourceUnit"": ""million fine troy ounces""}"
poland-gold,poland-gold--gold-eur,Polska · Wartość złota w EUR,Poland,Gold value in EUR,2008-02-29,2008-02,month,2008-02-01,2.102535051692395,mld EUR,monthly,derived,https://data-api.ecb.europa.eu/service/data/RAS/M.N.PL.W1.S121.S1.LE.A.FA.R.._Z....N.ALL?format=csvdata,2026-10-01T15:07:49.183268+00:00,"{""seriesKey"": ""RAS.M.N.PL.W1.S121.S1.LE.A.FA.R.F11._Z.EUR.XAU.M.N.ALL"", ""sourceValue"": ""2102.535051692395"", ""observationStatus"": ""A""}"
poland-gold,poland-gold--monthly-change,Polska · Zmiana rezerw złota m/m,Poland,Monthly change in gold reserves,2008-02-29,2008-02,month,2008-02-01,0.0,tony / miesiąc,monthly,derived,https://api.db.nomics.world/v22/series/IMF/IRFCL/M.PL.RAFAGOLDV_OZT.S1X?observations=1,2026-10-01T15:12:12.903556+00:00,"{""additionalSourceIds"": [""gold-imf-volume""], ""formula"": ""tonnes(t) - tonnes(t-1)"", ""missingReason"": null}"
poland-gold,poland-gold--tonnes,Polska · Rezerwy złota,Poland,Gold reserves,2008-02-29,2008-02,month,2008-02-01,102.8903012544,tony,monthly,derived,https://api.db.nomics.world/v22/series/IMF/IRFCL/M.PL.RAFAGOLDV_OZT.S1X?observations=1,2026-10-01T15:12:12.903556+00:00,"{""sourceValue"": 3.308, ""sourceUnit"": ""million fine troy ounces""}"
poland-gold,poland-gold--gold-eur,Polska · Wartość złota w EUR,Poland,Gold value in EUR,2008-03-31,2008-03,month,2008-03-01,1.963657013060761,mld EUR,monthly,derived,https://data-api.ecb.europa.eu/service/data/RAS/M.N.PL.W1.S121.S1.LE.A.FA.R.._Z....N.ALL?format=csvdata,2026-10-01T15:07:49.183268+00:00,"{""seriesKey"": ""RAS.M.N.PL.W1.S121.S1.LE.A.FA.R.F11._Z.EUR.XAU.M.N.ALL"", ""sourceValue"": ""1963.657013060761"", ""observationStatus"": ""A""}"
poland-gold,poland-gold--monthly-change,Polska · Zmiana rezerw złota m/m,Poland,Monthly change in gold reserves,2008-03-31,2008-03,month,2008-03-01,0.0,tony / miesiąc,monthly,derived,https://api.db.nomics.world/v22/series/IMF/IRFCL/M.PL.RAFAGOLDV_OZT.S1X?observations=1,2026-10-01T15:12:12.903556+00:00,"{""additionalSourceIds"": [""gold-imf-volume""], ""formula"": ""tonnes(t) - tonnes(t-1)"", ""missingReason"": null}"
poland-gold,poland-gold--tonnes,Polska · Rezerwy złota,Poland,Gold reserves,2008-03-31,2008-03,month,2008-03-01,102.8903012544,tony,monthly,derived,https://api.db.nomics.world/v22/series/IMF/IRFCL/M.PL.RAFAGOLDV_OZT.S1X?observations=1,2026-10-01T15:12:12.903556+00:00,"{""sourceValue"": 3.308, ""sourceUnit"": ""million fine troy ounces""}"
poland-gold,poland-gold--gold-eur,Polska · Wartość złota w EUR,Poland,Gold value in EUR,2008-04-30,2008-04,month,2008-04-01,1.8522381573229032,mld EUR,monthly,derived,https://data-api.ecb.europa.eu/service/data/RAS/M.N.PL.W1.S121.S1.LE.A.FA.R.._Z....N.ALL?format=csvdata,2026-10-01T15:07:49.183268+00:00,"{""seriesKey"": ""RAS.M.N.PL.W1.S121.S1.LE.A.FA.R.F11._Z.EUR.XAU.M.N.ALL"", ""sourceValue"": ""1852.2381573229031"", ""observationStatus"": ""A""}"
poland-gold,poland-gold--monthly-change,Polska · Zmiana rezerw złota m/m,Poland,Monthly change in gold reserves,2008-04-30,2008-04,month,2008-04-01,0.0,tony / miesiąc,monthly,derived,https://api.db.nomics.world/v22/series/IMF/IRFCL/M.PL.RAFAGOLDV_OZT.S1X?observations=1,2026-10-01T15:12:12.903556+00:00,"{""additionalSourceIds"": [""gold-imf-volume""], ""formula"": ""tonnes(t) - tonnes(t-1)"", ""missingReason"": null}"
poland-gold,poland-gold--tonnes,Polska · Rezerwy złota,Poland,Gold reserves,2008-04-30,2008-04,month,2008-04-01,102.8903012544,tony,monthly,derived,https://api.db.nomics.world/v22/series/IMF/IRFCL/M.PL.RAFAGOLDV_OZT.S1X?observations=1,2026-10-01T15:12:12.903556+00:00,"{""sourceValue"": 3.308, ""sourceUnit"": ""million fine troy ounces""}"
poland-gold,poland-gold--gold-eur,Polska · Wartość złota w EUR,Poland,Gold value in EUR,2008-05-31,2008-05,month,2008-05-01,1.8815372307327625,mld EUR,monthly,derived,https://data-api.ecb.europa.eu/service/data/RAS/M.N.PL.W1.S121.S1.LE.A.FA.R.._Z....N.ALL?format=csvdata,2026-10-01T15:07:49.183268+00:00,"{""seriesKey"": ""RAS.M.N.PL.W1.S121.S1.LE.A.FA.R.F11._Z.EUR.XAU.M.N.ALL"", ""sourceValue"": ""1881.5372307327625"", ""observationStatus"": ""A""}"
poland-gold,poland-gold--monthly-change,Polska · Zmiana rezerw złota m/m,Poland,Monthly change in gold reserves,2008-05-31,2008-05,month,2008-05-01,0.0,tony / miesiąc,monthly,derived,https://api.db.nomics.world/v22/series/IMF/IRFCL/M.PL.RAFAGOLDV_OZT.S1X?observations=1,2026-10-01T15:12:12.903556+00:00,"{""additionalSourceIds"": [""gold-imf-volume""], ""formula"": ""tonnes(t) - tonnes(t-1)"", ""missingReason"": null}"
poland-gold,poland-gold--tonnes,Polska · Rezerwy złota,Poland,Gold reserves,2008-05-31,2008-05,month,2008-05-01,102.8903012544,tony,monthly,derived,https://api.db.nomics.world/v22/series/IMF/IRFCL/M.PL.RAFAGOLDV_OZT.S1X?observations=1,2026-10-01T15:12:12.903556+00:00,"{""sourceValue"": 3.308, ""sourceUnit"": ""million fine troy ounces""}"
poland-gold,poland-gold--gold-eur,Polska · Wartość złota w EUR,Poland,Gold value in EUR,2008-06-30,2008-06,month,2008-06-01,1.9517799063050159,mld EUR,monthly,derived,https://data-api.ecb.europa.eu/service/data/RAS/M.N.PL.W1.S121.S1.LE.A.FA.R.._Z....N.ALL?format=csvdata,2026-10-01T15:07:49.183268+00:00,"{""seriesKey"": ""RAS.M.N.PL.W1.S121.S1.LE.A.FA.R.F11._Z.EUR.XAU.M.N.ALL"", ""sourceValue"": ""1951.7799063050159"", ""observationStatus"": ""A""}"
poland-gold,poland-gold--monthly-change,Polska · Zmiana rezerw złota m/m,Poland,Monthly change in gold reserves,2008-06-30,2008-06,month,2008-06-01,0.0013685529792,tony / miesiąc,monthly,derived,https://api.db.nomics.world/v22/series/IMF/IRFCL/M.PL.RAFAGOLDV_OZT.S1X?observations=1,2026-10-01T15:12:12.903556+00:00,"{""additionalSourceIds"": [""gold-imf-volume""], ""formula"": ""tonnes(t) - tonnes(t-1)"", ""missingReason"": null}"
poland-gold,poland-gold--tonnes,Polska · Rezerwy złota,Poland,Gold reserves,2008-06-30,2008-06,month,2008-06-01,102.8916698073792,tony,monthly,derived,https://api.db.nomics.world/v22/series/IMF/IRFCL/M.PL.RAFAGOLDV_OZT.S1X?observations=1,2026-10-01T15:12:12.903556+00:00,"{""sourceValue"": 3.308044, ""sourceUnit"": ""million fine troy ounces""}"
poland-gold,poland-gold--gold-eur,Polska · Wartość złota w EUR,Poland,Gold value in EUR,2008-07-31,2008-07,month,2008-07-01,1.930262296104544,mld EUR,monthly,derived,https://data-api.ecb.europa.eu/service/data/RAS/M.N.PL.W1.S121.S1.LE.A.FA.R.._Z....N.ALL?format=csvdata,2026-10-01T15:07:49.183268+00:00,"{""seriesKey"": ""RAS.M.N.PL.W1.S121.S1.LE.A.FA.R.F11._Z.EUR.XAU.M.N.ALL"", ""sourceValue"": ""1930.262296104544"", ""observationStatus"": ""A""}"
poland-gold,poland-gold--monthly-change,Polska · Zmiana rezerw złota m/m,Poland,Monthly change in gold reserves,2008-07-31,2008-07,month,2008-07-01,0.0297349238208,tony / miesiąc,monthly,derived,https://api.db.nomics.world/v22/series/IMF/IRFCL/M.PL.RAFAGOLDV_OZT.S1X?observations=1,2026-10-01T15:12:12.903556+00:00,"{""additionalSourceIds"": [""gold-imf-volume""], ""formula"": ""tonnes(t) - tonnes(t-1)"", ""missingReason"": null}"
poland-gold,poland-gold--tonnes,Polska · Rezerwy złota,Poland,Gold reserves,2008-07-31,2008-07,month,2008-07-01,102.9214047312,tony,monthly,derived,https://api.db.nomics.world/v22/series/IMF/IRFCL/M.PL.RAFAGOLDV_OZT.S1X?observations=1,2026-10-01T15:12:12.903556+00:00,"{""sourceValue"": 3.309, ""sourceUnit"": ""million fine troy ounces""}"
poland-gold,poland-gold--gold-eur,Polska · Wartość złota w EUR,Poland,Gold value in EUR,2008-08-31,2008-08,month,2008-08-01,1.8741793004655607,mld EUR,monthly,derived,https://data-api.ecb.europa.eu/service/data/RAS/M.N.PL.W1.S121.S1.LE.A.FA.R.._Z....N.ALL?format=csvdata,2026-10-01T15:07:49.183268+00:00,"{""seriesKey"": ""RAS.M.N.PL.W1.S121.S1.LE.A.FA.R.F11._Z.EUR.XAU.M.N.ALL"", ""sourceValue"": ""1874.1793004655606"", ""observationStatus"": ""A""}"
poland-gold,poland-gold--monthly-change,Polska · Zmiana rezerw złota m/m,Poland,Monthly change in gold reserves,2008-08-31,2008-08,month,2008-08-01,0.0,tony / miesiąc,monthly,derived,https://api.db.nomics.world/v22/series/IMF/IRFCL/M.PL.RAFAGOLDV_OZT.S1X?observations=1,2026-10-01T15:12:12.903556+00:00,"{""additionalSourceIds"": [""gold-imf-volume""], ""formula"": ""tonnes(t) - tonnes(t-1)"", ""missingReason"": null}"
poland-gold,poland-gold--tonnes,Polska · Rezerwy złota,Poland,Gold reserves,2008-08-31,2008-08,month,2008-08-01,102.9214047312,tony,monthly,derived,https://api.db.nomics.world/v22/series/IMF/IRFCL/M.PL.RAFAGOLDV_OZT.S1X?observations=1,2026-10-01T15:12:12.903556+00:00,"{""sourceValue"": 3.309, ""sourceUnit"": ""million fine troy ounces""}"
poland-gold,poland-gold--gold-eur,Polska · Wartość złota w EUR,Poland,Gold value in EUR,2008-09-30,2008-09,month,2008-09-01,2.0714222627844676,mld EUR,monthly,derived,https://data-api.ecb.europa.eu/service/data/RAS/M.N.PL.W1.S121.S1.LE.A.FA.R.._Z....N.ALL?format=csvdata,2026-10-01T15:07:49.183268+00:00,"{""seriesKey"": ""RAS.M.N.PL.W1.S121.S1.LE.A.FA.R.F11._Z.EUR.XAU.M.N.ALL"", ""sourceValue"": ""2071.4222627844674"", ""observationStatus"": ""A""}"
poland-gold,poland-gold--monthly-change,Polska · Zmiana rezerw złota m/m,Poland,Monthly change in gold reserves,2008-09-30,2008-09,month,2008-09-01,0.0,tony / miesiąc,monthly,derived,https://api.db.nomics.world/v22/series/IMF/IRFCL/M.PL.RAFAGOLDV_OZT.S1X?observations=1,2026-10-01T15:12:12.903556+00:00,"{""additionalSourceIds"": [""gold-imf-volume""], ""formula"": ""tonnes(t) - tonnes(t-1)"", ""missingReason"": null}"
poland-gold,poland-gold--tonnes,Polska · Rezerwy złota,Poland,Gold reserves,2008-09-30,2008-09,month,2008-09-01,102.9214047312,tony,monthly,derived,https://api.db.nomics.world/v22/series/IMF/IRFCL/M.PL.RAFAGOLDV_OZT.S1X?observations=1,2026-10-01T15:12:12.903556+00:00,"{""sourceValue"": 3.309, ""sourceUnit"": ""million fine troy ounces""}"
poland-gold,poland-gold--gold-eur,Polska · Wartość złota w EUR,Poland,Gold value in EUR,2008-10-31,2008-10,month,2008-10-01,1.9081910693432687,mld EUR,monthly,derived,https://data-api.ecb.europa.eu/service/data/RAS/M.N.PL.W1.S121.S1.LE.A.FA.R.._Z....N.ALL?format=csvdata,2026-10-01T15:07:49.183268+00:00,"{""seriesKey"": ""RAS.M.N.PL.W1.S121.S1.LE.A.FA.R.F11._Z.EUR.XAU.M.N.ALL"", ""sourceValue"": ""1908.1910693432687"", ""observationStatus"": ""A""}"
poland-gold,poland-gold--monthly-change,Polska · Zmiana rezerw złota m/m,Poland,Monthly change in gold reserves,2008-10-31,2008-10,month,2008-10-01,0.0,tony / miesiąc,monthly,derived,https://api.db.nomics.world/v22/series/IMF/IRFCL/M.PL.RAFAGOLDV_OZT.S1X?observations=1,2026-10-01T15:12:12.903556+00:00,"{""additionalSourceIds"": [""gold-imf-volume""], ""formula"": ""tonnes(t) - tonnes(t-1)"", ""missingReason"": null}"
poland-gold,poland-gold--tonnes,Polska · Rezerwy złota,Poland,Gold reserves,2008-10-31,2008-10,month,2008-10-01,102.9214047312,tony,monthly,derived,https://api.db.nomics.world/v22/series/IMF/IRFCL/M.PL.RAFAGOLDV_OZT.S1X?observations=1,2026-10-01T15:12:12.903556+00:00,"{""sourceValue"": 3.309, ""sourceUnit"": ""million fine troy ounces""}"
poland-gold,poland-gold--gold-eur,Polska · Wartość złota w EUR,Poland,Gold value in EUR,2008-11-30,2008-11,month,2008-11-01,2.0819646073964186,mld EUR,monthly,derived,https://data-api.ecb.europa.eu/service/data/RAS/M.N.PL.W1.S121.S1.LE.A.FA.R.._Z....N.ALL?format=csvdata,2026-10-01T15:07:49.183268+00:00,"{""seriesKey"": ""RAS.M.N.PL.W1.S121.S1.LE.A.FA.R.F11._Z.EUR.XAU.M.N.ALL"", ""sourceValue"": ""2081.9646073964186"", ""observationStatus"": ""A""}"
poland-gold,poland-gold--monthly-change,Polska · Zmiana rezerw złota m/m,Poland,Monthly change in gold reserves,2008-11-30,2008-11,month,2008-11-01,-0.00699828228,tony / miesiąc,monthly,derived,https://api.db.nomics.world/v22/series/IMF/IRFCL/M.PL.RAFAGOLDV_OZT.S1X?observations=1,2026-10-01T15:12:12.903556+00:00,"{""additionalSourceIds"": [""gold-imf-volume""], ""formula"": ""tonnes(t) - tonnes(t-1)"", ""missingReason"": null}"
poland-gold,poland-gold--tonnes,Polska · Rezerwy złota,Poland,Gold reserves,2008-11-30,2008-11,month,2008-11-01,102.91440644892,tony,monthly,derived,https://api.db.nomics.world/v22/series/IMF/IRFCL/M.PL.RAFAGOLDV_OZT.S1X?observations=1,2026-10-01T15:12:12.903556+00:00,"{""sourceValue"": 3.308775, ""sourceUnit"": ""million fine troy ounces""}"
poland-gold,poland-gold--gold-eur,Polska · Wartość złota w EUR,Poland,Gold value in EUR,2008-12-31,2008-12,month,2008-12-01,2.0409293367039845,mld EUR,monthly,derived,https://data-api.ecb.europa.eu/service/data/RAS/M.N.PL.W1.S121.S1.LE.A.FA.R.._Z....N.ALL?format=csvdata,2026-10-01T15:07:49.183268+00:00,"{""seriesKey"": ""RAS.M.N.PL.W1.S121.S1.LE.A.FA.R.F11._Z.EUR.XAU.M.N.ALL"", ""sourceValue"": ""2040.9293367039845"", ""observationStatus"": ""A""}"
poland-gold,poland-gold--monthly-change,Polska · Zmiana rezerw złota m/m,Poland,Monthly change in gold reserves,2008-12-31,2008-12,month,2008-12-01,0.0,tony / miesiąc,monthly,derived,https://api.db.nomics.world/v22/series/IMF/IRFCL/M.PL.RAFAGOLDV_OZT.S1X?observations=1,2026-10-01T15:12:12.903556+00:00,"{""additionalSourceIds"": [""gold-imf-volume""], ""formula"": ""tonnes(t) - tonnes(t-1)"", ""missingReason"": null}"
poland-gold,poland-gold--tonnes,Polska · Rezerwy złota,Poland,Gold reserves,2008-12-31,2008-12,month,2008-12-01,102.91440644892,tony,monthly,derived,https://api.db.nomics.world/v22/series/IMF/IRFCL/M.PL.RAFAGOLDV_OZT.S1X?observations=1,2026-10-01T15:12:12.903556+00:00,"{""sourceValue"": 3.308775, ""sourceUnit"": ""million fine troy ounces""}"
poland-gold,poland-gold--gold-eur,Polska · Wartość złota w EUR,Poland,Gold value in EUR,2009-01-31,2009-01,month,2009-01-01,2.3538771851187805,mld EUR,monthly,derived,https://data-api.ecb.europa.eu/service/data/RAS/M.N.PL.W1.S121.S1.LE.A.FA.R.._Z....N.ALL?format=csvdata,2026-10-01T15:07:49.183268+00:00,"{""seriesKey"": ""RAS.M.N.PL.W1.S121.S1.LE.A.FA.R.F11._Z.EUR.XAU.M.N.ALL"", ""sourceValue"": ""2353.8771851187807"", ""observationStatus"": ""A""}"
poland-gold,poland-gold--monthly-change,Polska · Zmiana rezerw złota m/m,Poland,Monthly change in gold reserves,2009-01-31,2009-01,month,2009-01-01,0.0,tony / miesiąc,monthly,derived,https://api.db.nomics.world/v22/series/IMF/IRFCL/M.PL.RAFAGOLDV_OZT.S1X?observations=1,2026-10-01T15:12:12.903556+00:00,"{""additionalSourceIds"": [""gold-imf-volume""], ""formula"": ""tonnes(t) - tonnes(t-1)"", ""missingReason"": null}"
poland-gold,poland-gold--tonnes,Polska · Rezerwy złota,Poland,Gold reserves,2009-01-31,2009-01,month,2009-01-01,102.91440644892,tony,monthly,derived,https://api.db.nomics.world/v22/series/IMF/IRFCL/M.PL.RAFAGOLDV_OZT.S1X?observations=1,2026-10-01T15:12:12.903556+00:00,"{""sourceValue"": 3.308775, ""sourceUnit"": ""million fine troy ounces""}"
poland-gold,poland-gold--gold-eur,Polska · Wartość złota w EUR,Poland,Gold value in EUR,2009-02-28,2009-02,month,2009-02-01,2.440569849032532,mld EUR,monthly,derived,https://data-api.ecb.europa.eu/service/data/RAS/M.N.PL.W1.S121.S1.LE.A.FA.R.._Z....N.ALL?format=csvdata,2026-10-01T15:07:49.183268+00:00,"{""seriesKey"": ""RAS.M.N.PL.W1.S121.S1.LE.A.FA.R.F11._Z.EUR.XAU.M.N.ALL"", ""sourceValue"": ""2440.569849032532"", ""observationStatus"": ""A""}"
poland-gold,poland-gold--monthly-change,Polska · Zmiana rezerw złota m/m,Poland,Monthly change in gold reserves,2009-02-28,2009-02,month,2009-02-01,0.0,tony / miesiąc,monthly,derived,https://api.db.nomics.world/v22/series/IMF/IRFCL/M.PL.RAFAGOLDV_OZT.S1X?observations=1,2026-10-01T15:12:12.903556+00:00,"{""additionalSourceIds"": [""gold-imf-volume""], ""formula"": ""tonnes(t) - tonnes(t-1)"", ""missingReason"": null}"
poland-gold,poland-gold--tonnes,Polska · Rezerwy złota,Poland,Gold reserves,2009-02-28,2009-02,month,2009-02-01,102.91440644892,tony,monthly,derived,https://api.db.nomics.world/v22/series/IMF/IRFCL/M.PL.RAFAGOLDV_OZT.S1X?observations=1,2026-10-01T15:12:12.903556+00:00,"{""sourceValue"": 3.308775, ""sourceUnit"": ""million fine troy ounces""}"
poland-gold,poland-gold--gold-eur,Polska · Wartość złota w EUR,Poland,Gold value in EUR,2009-03-31,2009-03,month,2009-03-01,2.295616935053855,mld EUR,monthly,derived,https://data-api.ecb.europa.eu/service/data/RAS/M.N.PL.W1.S121.S1.LE.A.FA.R.._Z....N.ALL?format=csvdata,2026-10-01T15:07:49.183268+00:00,"{""seriesKey"": ""RAS.M.N.PL.W1.S121.S1.LE.A.FA.R.F11._Z.EUR.XAU.M.N.ALL"", ""sourceValue"": ""2295.616935053855"", ""observationStatus"": ""A""}"
poland-gold,poland-gold--monthly-change,Polska · Zmiana rezerw złota m/m,Poland,Monthly change in gold reserves,2009-03-31,2009-03,month,2009-03-01,0.0,tony / miesiąc,monthly,derived,https://api.db.nomics.world/v22/series/IMF/IRFCL/M.PL.RAFAGOLDV_OZT.S1X?observations=1,2026-10-01T15:12:12.903556+00:00,"{""additionalSourceIds"": [""gold-imf-volume""], ""formula"": ""tonnes(t) - tonnes(t-1)"", ""missingReason"": null}"
poland-gold,poland-gold--tonnes,Polska · Rezerwy złota,Poland,Gold reserves,2009-03-31,2009-03,month,2009-03-01,102.91440644892,tony,monthly,derived,https://api.db.nomics.world/v22/series/IMF/IRFCL/M.PL.RAFAGOLDV_OZT.S1X?observations=1,2026-10-01T15:12:12.903556+00:00,"{""sourceValue"": 3.308775, ""sourceUnit"": ""million fine troy ounces""}"
poland-gold,poland-gold--gold-eur,Polska · Wartość złota w EUR,Poland,Gold value in EUR,2009-04-30,2009-04,month,2009-04-01,2.1969404223399174,mld EUR,monthly,derived,https://data-api.ecb.europa.eu/service/data/RAS/M.N.PL.W1.S121.S1.LE.A.FA.R.._Z....N.ALL?format=csvdata,2026-10-01T15:07:49.183268+00:00,"{""seriesKey"": ""RAS.M.N.PL.W1.S121.S1.LE.A.FA.R.F11._Z.EUR.XAU.M.N.ALL"", ""sourceValue"": ""2196.9404223399174"", ""observationStatus"": ""A""}"
poland-gold,poland-gold--monthly-change,Polska · Zmiana rezerw złota m/m,Poland,Monthly change in gold reserves,2009-04-30,2009-04,month,2009-04-01,0.0,tony / miesiąc,monthly,derived,https://api.db.nomics.world/v22/series/IMF/IRFCL/M.PL.RAFAGOLDV_OZT.S1X?observations=1,2026-10-01T15:12:12.903556+00:00,"{""additionalSourceIds"": [""gold-imf-volume""], ""formula"": ""tonnes(t) - tonnes(t-1)"", ""missingReason"": null}"
poland-gold,poland-gold--tonnes,Polska · Rezerwy złota,Poland,Gold reserves,2009-04-30,2009-04,month,2009-04-01,102.91440644892,tony,monthly,derived,https://api.db.nomics.world/v22/series/IMF/IRFCL/M.PL.RAFAGOLDV_OZT.S1X?observations=1,2026-10-01T15:12:12.903556+00:00,"{""sourceValue"": 3.308775, ""sourceUnit"": ""million fine troy ounces""}"
poland-gold,poland-gold--gold-eur,Polska · Wartość złota w EUR,Poland,Gold value in EUR,2009-05-31,2009-05,month,2009-05-01,2.2856440730977163,mld EUR,monthly,derived,https://data-api.ecb.europa.eu/service/data/RAS/M.N.PL.W1.S121.S1.LE.A.FA.R.._Z....N.ALL?format=csvdata,2026-10-01T15:07:49.183268+00:00,"{""seriesKey"": ""RAS.M.N.PL.W1.S121.S1.LE.A.FA.R.F11._Z.EUR.XAU.M.N.ALL"", ""sourceValue"": ""2285.6440730977165"", ""observationStatus"": ""A""}"
poland-gold,poland-gold--monthly-change,Polska · Zmiana rezerw złota m/m,Poland,Monthly change in gold reserves,2009-05-31,2009-05,month,2009-05-01,-0.0010541279322288,tony / miesiąc,monthly,derived,https://api.db.nomics.world/v22/series/IMF/IRFCL/M.PL.RAFAGOLDV_OZT.S1X?observations=1,2026-10-01T15:12:12.903556+00:00,"{""additionalSourceIds"": [""gold-imf-volume""], ""formula"": ""tonnes(t) - tonnes(t-1)"", ""missingReason"": null}"
poland-gold,poland-gold--tonnes,Polska · Rezerwy złota,Poland,Gold reserves,2009-05-31,2009-05,month,2009-05-01,102.91335232098777,tony,monthly,derived,https://api.db.nomics.world/v22/series/IMF/IRFCL/M.PL.RAFAGOLDV_OZT.S1X?observations=1,2026-10-01T15:12:12.903556+00:00,"{""sourceValue"": 3.308741109, ""sourceUnit"": ""million fine troy ounces""}"
poland-gold,poland-gold--gold-eur,Polska · Wartość złota w EUR,Poland,Gold value in EUR,2009-06-30,2009-06,month,2009-06-01,2.219227313566936,mld EUR,monthly,derived,https://data-api.ecb.europa.eu/service/data/RAS/M.N.PL.W1.S121.S1.LE.A.FA.R.._Z....N.ALL?format=csvdata,2026-10-01T15:07:49.183268+00:00,"{""seriesKey"": ""RAS.M.N.PL.W1.S121.S1.LE.A.FA.R.F11._Z.EUR.XAU.M.N.ALL"", ""sourceValue"": ""2219.227313566936"", ""observationStatus"": ""A""}"
poland-gold,poland-gold--monthly-change,Polska · Zmiana rezerw złota m/m,Poland,Monthly change in gold reserves,2009-06-30,2009-06,month,2009-06-01,0.0,tony / miesiąc,monthly,derived,https://api.db.nomics.world/v22/series/IMF/IRFCL/M.PL.RAFAGOLDV_OZT.S1X?observations=1,2026-10-01T15:12:12.903556+00:00,"{""additionalSourceIds"": [""gold-imf-volume""], ""formula"": ""tonnes(t) - tonnes(t-1)"", ""missingReason"": null}"
poland-gold,poland-gold--tonnes,Polska · Rezerwy złota,Poland,Gold reserves,2009-06-30,2009-06,month,2009-06-01,102.91335232098777,tony,monthly,derived,https://api.db.nomics.world/v22/series/IMF/IRFCL/M.PL.RAFAGOLDV_OZT.S1X?observations=1,2026-10-01T15:12:12.903556+00:00,"{""sourceValue"": 3.308741109, ""sourceUnit"": ""million fine troy ounces""}"
poland-gold,poland-gold--gold-eur,Polska · Wartość złota w EUR,Poland,Gold value in EUR,2009-07-31,2009-07,month,2009-07-01,2.1998076460687668,mld EUR,monthly,derived,https://data-api.ecb.europa.eu/service/data/RAS/M.N.PL.W1.S121.S1.LE.A.FA.R.._Z....N.ALL?format=csvdata,2026-10-01T15:07:49.183268+00:00,"{""seriesKey"": ""RAS.M.N.PL.W1.S121.S1.LE.A.FA.R.F11._Z.EUR.XAU.M.N.ALL"", ""sourceValue"": ""2199.8076460687666"", ""observationStatus"": ""A""}"
poland-gold,poland-gold--monthly-change,Polska · Zmiana rezerw złota m/m,Poland,Monthly change in gold reserves,2009-07-31,2009-07,month,2009-07-01,0.0,tony / miesiąc,monthly,derived,https://api.db.nomics.world/v22/series/IMF/IRFCL/M.PL.RAFAGOLDV_OZT.S1X?observations=1,2026-10-01T15:12:12.903556+00:00,"{""additionalSourceIds"": [""gold-imf-volume""], ""formula"": ""tonnes(t) - tonnes(t-1)"", ""missingReason"": null}"
poland-gold,poland-gold--tonnes,Polska · Rezerwy złota,Poland,Gold reserves,2009-07-31,2009-07,month,2009-07-01,102.91335232098777,tony,monthly,derived,https://api.db.nomics.world/v22/series/IMF/IRFCL/M.PL.RAFAGOLDV_OZT.S1X?observations=1,2026-10-01T15:12:12.903556+00:00,"{""sourceValue"": 3.308741109, ""sourceUnit"": ""million fine troy ounces""}"
poland-gold,poland-gold--gold-eur,Polska · Wartość złota w EUR,Poland,Gold value in EUR,2009-08-31,2009-08,month,2009-08-01,2.20906432748538,mld EUR,monthly,derived,https://data-api.ecb.europa.eu/service/data/RAS/M.N.PL.W1.S121.S1.LE.A.FA.R.._Z....N.ALL?format=csvdata,2026-10-01T15:07:49.183268+00:00,"{""seriesKey"": ""RAS.M.N.PL.W1.S121.S1.LE.A.FA.R.F11._Z.EUR.XAU.M.N.ALL"", ""sourceValue"": ""2209.06432748538"", ""observationStatus"": ""A""}"
poland-gold,poland-gold--monthly-change,Polska · Zmiana rezerw złota m/m,Poland,Monthly change in gold reserves,2009-08-31,2009-08,month,2009-08-01,0.0,tony / miesiąc,monthly,derived,https://api.db.nomics.world/v22/series/IMF/IRFCL/M.PL.RAFAGOLDV_OZT.S1X?observations=1,2026-10-01T15:12:12.903556+00:00,"{""additionalSourceIds"": [""gold-imf-volume""], ""formula"": ""tonnes(t) - tonnes(t-1)"", ""missingReason"": null}"
poland-gold,poland-gold--tonnes,Polska · Rezerwy złota,Poland,Gold reserves,2009-08-31,2009-08,month,2009-08-01,102.91335232098777,tony,monthly,derived,https://api.db.nomics.world/v22/series/IMF/IRFCL/M.PL.RAFAGOLDV_OZT.S1X?observations=1,2026-10-01T15:12:12.903556+00:00,"{""sourceValue"": 3.308741109, ""sourceUnit"": ""million fine troy ounces""}"
poland-gold,poland-gold--gold-eur,Polska · Wartość złota w EUR,Poland,Gold value in EUR,2009-09-30,2009-09,month,2009-09-01,2.2598415888402887,mld EUR,monthly,derived,https://data-api.ecb.europa.eu/service/data/RAS/M.N.PL.W1.S121.S1.LE.A.FA.R.._Z....N.ALL?format=csvdata,2026-10-01T15:07:49.183268+00:00,"{""seriesKey"": ""RAS.M.N.PL.W1.S121.S1.LE.A.FA.R.F11._Z.EUR.XAU.M.N.ALL"", ""sourceValue"": ""2259.8415888402888"", ""observationStatus"": ""A""}"
poland-gold,poland-gold--monthly-change,Polska · Zmiana rezerw złota m/m,Poland,Monthly change in gold reserves,2009-09-30,2009-09,month,2009-09-01,0.0,tony / miesiąc,monthly,derived,https://api.db.nomics.world/v22/series/IMF/IRFCL/M.PL.RAFAGOLDV_OZT.S1X?observations=1,2026-10-01T15:12:12.903556+00:00,"{""additionalSourceIds"": [""gold-imf-volume""], ""formula"": ""tonnes(t) - tonnes(t-1)"", ""missingReason"": null}"
poland-gold,poland-gold--tonnes,Polska · Rezerwy złota,Poland,Gold reserves,2009-09-30,2009-09,month,2009-09-01,102.91335232098777,tony,monthly,derived,https://api.db.nomics.world/v22/series/IMF/IRFCL/M.PL.RAFAGOLDV_OZT.S1X?observations=1,2026-10-01T15:12:12.903556+00:00,"{""sourceValue"": 3.308741109, ""sourceUnit"": ""million fine troy ounces""}"
poland-gold,poland-gold--gold-eur,Polska · Wartość złota w EUR,Poland,Gold value in EUR,2009-10-31,2009-10,month,2009-10-01,2.330110822919123,mld EUR,monthly,derived,https://data-api.ecb.europa.eu/service/data/RAS/M.N.PL.W1.S121.S1.LE.A.FA.R.._Z....N.ALL?format=csvdata,2026-10-01T15:07:49.183268+00:00,"{""seriesKey"": ""RAS.M.N.PL.W1.S121.S1.LE.A.FA.R.F11._Z.EUR.XAU.M.N.ALL"", ""sourceValue"": ""2330.110822919123"", ""observationStatus"": ""A""}"
poland-gold,poland-gold--monthly-change,Polska · Zmiana rezerw złota m/m,Poland,Monthly change in gold reserves,2009-10-31,2009-10,month,2009-10-01,0.0,tony / miesiąc,monthly,derived,https://api.db.nomics.world/v22/series/IMF/IRFCL/M.PL.RAFAGOLDV_OZT.S1X?observations=1,2026-10-01T15:12:12.903556+00:00,"{""additionalSourceIds"": [""gold-imf-volume""], ""formula"": ""tonnes(t) - tonnes(t-1)"", ""missingReason"": null}"
poland-gold,poland-gold--tonnes,Polska · Rezerwy złota,Poland,Gold reserves,2009-10-31,2009-10,month,2009-10-01,102.91335232098777,tony,monthly,derived,https://api.db.nomics.world/v22/series/IMF/IRFCL/M.PL.RAFAGOLDV_OZT.S1X?observations=1,2026-10-01T15:12:12.903556+00:00,"{""sourceValue"": 3.308741109, ""sourceUnit"": ""million fine troy ounces""}"
poland-gold,poland-gold--gold-eur,Polska · Wartość złota w EUR,Poland,Gold value in EUR,2009-11-30,2009-11,month,2009-11-01,2.5769165801983545,mld EUR,monthly,derived,https://data-api.ecb.europa.eu/service/data/RAS/M.N.PL.W1.S121.S1.LE.A.FA.R.._Z....N.ALL?format=csvdata,2026-10-01T15:07:49.183268+00:00,"{""seriesKey"": ""RAS.M.N.PL.W1.S121.S1.LE.A.FA.R.F11._Z.EUR.XAU.M.N.ALL"", ""sourceValue"": ""2576.9165801983545"", ""observationStatus"": ""A""}"
poland-gold,poland-gold--monthly-change,Polska · Zmiana rezerw złota m/m,Poland,Monthly change in gold reserves,2009-11-30,2009-11,month,2009-11-01,0.0,tony / miesiąc,monthly,derived,https://api.db.nomics.world/v22/series/IMF/IRFCL/M.PL.RAFAGOLDV_OZT.S1X?observations=1,2026-10-01T15:12:12.903556+00:00,"{""additionalSourceIds"": [""gold-imf-volume""], ""formula"": ""tonnes(t) - tonnes(t-1)"", ""missingReason"": null}"
poland-gold,poland-gold--tonnes,Polska · Rezerwy złota,Poland,Gold reserves,2009-11-30,2009-11,month,2009-11-01,102.91335232098777,tony,monthly,derived,https://api.db.nomics.world/v22/series/IMF/IRFCL/M.PL.RAFAGOLDV_OZT.S1X?observations=1,2026-10-01T15:12:12.903556+00:00,"{""sourceValue"": 3.308741109, ""sourceUnit"": ""million fine troy ounces""}"
poland-gold,poland-gold--gold-eur,Polska · Wartość złota w EUR,Poland,Gold value in EUR,2009-12-31,2009-12,month,2009-12-01,2.5367279814837373,mld EUR,monthly,derived,https://data-api.ecb.europa.eu/service/data/RAS/M.N.PL.W1.S121.S1.LE.A.FA.R.._Z....N.ALL?format=csvdata,2026-10-01T15:07:49.183268+00:00,"{""seriesKey"": ""RAS.M.N.PL.W1.S121.S1.LE.A.FA.R.F11._Z.EUR.XAU.M.N.ALL"", ""sourceValue"": ""2536.7279814837375"", ""observationStatus"": ""A""}"
poland-gold,poland-gold--monthly-change,Polska · Zmiana rezerw złota m/m,Poland,Monthly change in gold reserves,2009-12-31,2009-12,month,2009-12-01,0.0,tony / miesiąc,monthly,derived,https://api.db.nomics.world/v22/series/IMF/IRFCL/M.PL.RAFAGOLDV_OZT.S1X?observations=1,2026-10-01T15:12:12.903556+00:00,"{""additionalSourceIds"": [""gold-imf-volume""], ""formula"": ""tonnes(t) - tonnes(t-1)"", ""missingReason"": null}"
poland-gold,poland-gold--tonnes,Polska · Rezerwy złota,Poland,Gold reserves,2009-12-31,2009-12,month,2009-12-01,102.91335232098777,tony,monthly,derived,https://api.db.nomics.world/v22/series/IMF/IRFCL/M.PL.RAFAGOLDV_OZT.S1X?observations=1,2026-10-01T15:12:12.903556+00:00,"{""sourceValue"": 3.308741109, ""sourceUnit"": ""million fine troy ounces""}"
poland-gold,poland-gold--gold-eur,Polska · Wartość złota w EUR,Poland,Gold value in EUR,2010-01-31,2010-01,month,2010-01-01,2.5751921508538667,mld EUR,monthly,derived,https://data-api.ecb.europa.eu/service/data/RAS/M.N.PL.W1.S121.S1.LE.A.FA.R.._Z....N.ALL?format=csvdata,2026-10-01T15:07:49.183268+00:00,"{""seriesKey"": ""RAS.M.N.PL.W1.S121.S1.LE.A.FA.R.F11._Z.EUR.XAU.M.N.ALL"", ""sourceValue"": ""2575.1921508538667"", ""observationStatus"": ""A""}"
poland-gold,poland-gold--monthly-change,Polska · Zmiana rezerw złota m/m,Poland,Monthly change in gold reserves,2010-01-31,2010-01,month,2010-01-01,0.0,tony / miesiąc,monthly,derived,https://api.db.nomics.world/v22/series/IMF/IRFCL/M.PL.RAFAGOLDV_OZT.S1X?observations=1,2026-10-01T15:12:12.903556+00:00,"{""additionalSourceIds"": [""gold-imf-volume""], ""formula"": ""tonnes(t) - tonnes(t-1)"", ""missingReason"": null}"
poland-gold,poland-gold--tonnes,Polska · Rezerwy złota,Poland,Gold reserves,2010-01-31,2010-01,month,2010-01-01,102.91335232098777,tony,monthly,derived,https://api.db.nomics.world/v22/series/IMF/IRFCL/M.PL.RAFAGOLDV_OZT.S1X?observations=1,2026-10-01T15:12:12.903556+00:00,"{""sourceValue"": 3.308741109, ""sourceUnit"": ""million fine troy ounces""}"
poland-gold,poland-gold--gold-eur,Polska · Wartość złota w EUR,Poland,Gold value in EUR,2010-02-28,2010-02,month,2010-02-01,2.712479218096629,mld EUR,monthly,derived,https://data-api.ecb.europa.eu/service/data/RAS/M.N.PL.W1.S121.S1.LE.A.FA.R.._Z....N.ALL?format=csvdata,2026-10-01T15:07:49.183268+00:00,"{""seriesKey"": ""RAS.M.N.PL.W1.S121.S1.LE.A.FA.R.F11._Z.EUR.XAU.M.N.ALL"", ""sourceValue"": ""2712.479218096629"", ""observationStatus"": ""A""}"
poland-gold,poland-gold--monthly-change,Polska · Zmiana rezerw złota m/m,Poland,Monthly change in gold reserves,2010-02-28,2010-02,month,2010-02-01,0.0,tony / miesiąc,monthly,derived,https://api.db.nomics.world/v22/series/IMF/IRFCL/M.PL.RAFAGOLDV_OZT.S1X?observations=1,2026-10-01T15:12:12.903556+00:00,"{""additionalSourceIds"": [""gold-imf-volume""], ""formula"": ""tonnes(t) - tonnes(t-1)"", ""missingReason"": null}"
poland-gold,poland-gold--tonnes,Polska · Rezerwy złota,Poland,Gold reserves,2010-02-28,2010-02,month,2010-02-01,102.91335232098777,tony,monthly,derived,https://api.db.nomics.world/v22/series/IMF/IRFCL/M.PL.RAFAGOLDV_OZT.S1X?observations=1,2026-10-01T15:12:12.903556+00:00,"{""sourceValue"": 3.308741109, ""sourceUnit"": ""million fine troy ounces""}"
poland-gold,poland-gold--gold-eur,Polska · Wartość złota w EUR,Poland,Gold value in EUR,2010-03-31,2010-03,month,2010-03-01,2.726449978020841,mld EUR,monthly,derived,https://data-api.ecb.europa.eu/service/data/RAS/M.N.PL.W1.S121.S1.LE.A.FA.R.._Z....N.ALL?format=csvdata,2026-10-01T15:07:49.183268+00:00,"{""seriesKey"": ""RAS.M.N.PL.W1.S121.S1.LE.A.FA.R.F11._Z.EUR.XAU.M.N.ALL"", ""sourceValue"": ""2726.449978020841"", ""observationStatus"": ""A""}"
poland-gold,poland-gold--monthly-change,Polska · Zmiana rezerw złota m/m,Poland,Monthly change in gold reserves,2010-03-31,2010-03,month,2010-03-01,0.0,tony / miesiąc,monthly,derived,https://api.db.nomics.world/v22/series/IMF/IRFCL/M.PL.RAFAGOLDV_OZT.S1X?observations=1,2026-10-01T15:12:12.903556+00:00,"{""additionalSourceIds"": [""gold-imf-volume""], ""formula"": ""tonnes(t) - tonnes(t-1)"", ""missingReason"": null}"
poland-gold,poland-gold--tonnes,Polska · Rezerwy złota,Poland,Gold reserves,2010-03-31,2010-03,month,2010-03-01,102.91335232098777,tony,monthly,derived,https://api.db.nomics.world/v22/series/IMF/IRFCL/M.PL.RAFAGOLDV_OZT.S1X?observations=1,2026-10-01T15:12:12.903556+00:00,"{""sourceValue"": 3.308741109, ""sourceUnit"": ""million fine troy ounces""}"
poland-gold,poland-gold--gold-eur,Polska · Wartość złota w EUR,Poland,Gold value in EUR,2010-04-30,2010-04,month,2010-04-01,2.909889436457881,mld EUR,monthly,derived,https://data-api.ecb.europa.eu/service/data/RAS/M.N.PL.W1.S121.S1.LE.A.FA.R.._Z....N.ALL?format=csvdata,2026-10-01T15:07:49.183268+00:00,"{""seriesKey"": ""RAS.M.N.PL.W1.S121.S1.LE.A.FA.R.F11._Z.EUR.XAU.M.N.ALL"", ""sourceValue"": ""2909.889436457881"", ""observationStatus"": ""A""}"
poland-gold,poland-gold--monthly-change,Polska · Zmiana rezerw złota m/m,Poland,Monthly change in gold reserves,2010-04-30,2010-04,month,2010-04-01,0.0053583203622432,tony / miesiąc,monthly,derived,https://api.db.nomics.world/v22/series/IMF/IRFCL/M.PL.RAFAGOLDV_OZT.S1X?observations=1,2026-10-01T15:12:12.903556+00:00,"{""additionalSourceIds"": [""gold-imf-volume""], ""formula"": ""tonnes(t) - tonnes(t-1)"", ""missingReason"": null}"
poland-gold,poland-gold--tonnes,Polska · Rezerwy złota,Poland,Gold reserves,2010-04-30,2010-04,month,2010-04-01,102.91871064135002,tony,monthly,derived,https://api.db.nomics.world/v22/series/IMF/IRFCL/M.PL.RAFAGOLDV_OZT.S1X?observations=1,2026-10-01T15:12:12.903556+00:00,"{""sourceValue"": 3.308913383, ""sourceUnit"": ""million fine troy ounces""}"
poland-gold,poland-gold--gold-eur,Polska · Wartość złota w EUR,Poland,Gold value in EUR,2010-05-31,2010-05,month,2010-05-01,3.245323723370351,mld EUR,monthly,derived,https://data-api.ecb.europa.eu/service/data/RAS/M.N.PL.W1.S121.S1.LE.A.FA.R.._Z....N.ALL?format=csvdata,2026-10-01T15:07:49.183268+00:00,"{""seriesKey"": ""RAS.M.N.PL.W1.S121.S1.LE.A.FA.R.F11._Z.EUR.XAU.M.N.ALL"", ""sourceValue"": ""3245.323723370351"", ""observationStatus"": ""A""}"
poland-gold,poland-gold--monthly-change,Polska · Zmiana rezerw złota m/m,Poland,Monthly change in gold reserves,2010-05-31,2010-05,month,2010-05-01,-0.0053583203622432,tony / miesiąc,monthly,derived,https://api.db.nomics.world/v22/series/IMF/IRFCL/M.PL.RAFAGOLDV_OZT.S1X?observations=1,2026-10-01T15:12:12.903556+00:00,"{""additionalSourceIds"": [""gold-imf-volume""], ""formula"": ""tonnes(t) - tonnes(t-1)"", ""missingReason"": null}"
poland-gold,poland-gold--tonnes,Polska · Rezerwy złota,Poland,Gold reserves,2010-05-31,2010-05,month,2010-05-01,102.91335232098777,tony,monthly,derived,https://api.db.nomics.world/v22/series/IMF/IRFCL/M.PL.RAFAGOLDV_OZT.S1X?observations=1,2026-10-01T15:12:12.903556+00:00,"{""sourceValue"": 3.308741109, ""sourceUnit"": ""million fine troy ounces""}"
poland-gold,poland-gold--gold-eur,Polska · Wartość złota w EUR,Poland,Gold value in EUR,2010-06-30,2010-06,month,2010-06-01,3.3600192910537734,mld EUR,monthly,derived,https://data-api.ecb.europa.eu/service/data/RAS/M.N.PL.W1.S121.S1.LE.A.FA.R.._Z....N.ALL?format=csvdata,2026-10-01T15:07:49.183268+00:00,"{""seriesKey"": ""RAS.M.N.PL.W1.S121.S1.LE.A.FA.R.F11._Z.EUR.XAU.M.N.ALL"", ""sourceValue"": ""3360.0192910537735"", ""observationStatus"": ""A""}"
poland-gold,poland-gold--monthly-change,Polska · Zmiana rezerw złota m/m,Poland,Monthly change in gold reserves,2010-06-30,2010-06,month,2010-06-01,0.0,tony / miesiąc,monthly,derived,https://api.db.nomics.world/v22/series/IMF/IRFCL/M.PL.RAFAGOLDV_OZT.S1X?observations=1,2026-10-01T15:12:12.903556+00:00,"{""additionalSourceIds"": [""gold-imf-volume""], ""formula"": ""tonnes(t) - tonnes(t-1)"", ""missingReason"": null}"
poland-gold,poland-gold--tonnes,Polska · Rezerwy złota,Poland,Gold reserves,2010-06-30,2010-06,month,2010-06-01,102.91335232098777,tony,monthly,derived,https://api.db.nomics.world/v22/series/IMF/IRFCL/M.PL.RAFAGOLDV_OZT.S1X?observations=1,2026-10-01T15:12:12.903556+00:00,"{""sourceValue"": 3.308741109, ""sourceUnit"": ""million fine troy ounces""}"
poland-gold,poland-gold--gold-eur,Polska · Wartość złota w EUR,Poland,Gold value in EUR,2010-07-31,2010-07,month,2010-07-01,2.962953723337907,mld EUR,monthly,derived,https://data-api.ecb.europa.eu/service/data/RAS/M.N.PL.W1.S121.S1.LE.A.FA.R.._Z....N.ALL?format=csvdata,2026-10-01T15:07:49.183268+00:00,"{""seriesKey"": ""RAS.M.N.PL.W1.S121.S1.LE.A.FA.R.F11._Z.EUR.XAU.M.N.ALL"", ""sourceValue"": ""2962.953723337907"", ""observationStatus"": ""A""}"
poland-gold,poland-gold--monthly-change,Polska · Zmiana rezerw złota m/m,Poland,Monthly change in gold reserves,2010-07-31,2010-07,month,2010-07-01,0.0,tony / miesiąc,monthly,derived,https://api.db.nomics.world/v22/series/IMF/IRFCL/M.PL.RAFAGOLDV_OZT.S1X?observations=1,2026-10-01T15:12:12.903556+00:00,"{""additionalSourceIds"": [""gold-imf-volume""], ""formula"": ""tonnes(t) - tonnes(t-1)"", ""missingReason"": null}"
poland-gold,poland-gold--tonnes,Polska · Rezerwy złota,Poland,Gold reserves,2010-07-31,2010-07,month,2010-07-01,102.91335232098777,tony,monthly,derived,https://api.db.nomics.world/v22/series/IMF/IRFCL/M.PL.RAFAGOLDV_OZT.S1X?observations=1,2026-10-01T15:12:12.903556+00:00,"{""sourceValue"": 3.308741109, ""sourceUnit"": ""million fine troy ounces""}"
poland-gold,poland-gold--gold-eur,Polska · Wartość złota w EUR,Poland,Gold value in EUR,2010-08-31,2010-08,month,2010-08-01,3.211909804410116,mld EUR,monthly,derived,https://data-api.ecb.europa.eu/service/data/RAS/M.N.PL.W1.S121.S1.LE.A.FA.R.._Z....N.ALL?format=csvdata,2026-10-01T15:07:49.183268+00:00,"{""seriesKey"": ""RAS.M.N.PL.W1.S121.S1.LE.A.FA.R.F11._Z.EUR.XAU.M.N.ALL"", ""sourceValue"": ""3211.909804410116"", ""observationStatus"": ""A""}"
poland-gold,poland-gold--monthly-change,Polska · Zmiana rezerw złota m/m,Poland,Monthly change in gold reserves,2010-08-31,2010-08,month,2010-08-01,0.0,tony / miesiąc,monthly,derived,https://api.db.nomics.world/v22/series/IMF/IRFCL/M.PL.RAFAGOLDV_OZT.S1X?observations=1,2026-10-01T15:12:12.903556+00:00,"{""additionalSourceIds"": [""gold-imf-volume""], ""formula"": ""tonnes(t) - tonnes(t-1)"", ""missingReason"": null}"
poland-gold,poland-gold--tonnes,Polska · Rezerwy złota,Poland,Gold reserves,2010-08-31,2010-08,month,2010-08-01,102.91335232098777,tony,monthly,derived,https://api.db.nomics.world/v22/series/IMF/IRFCL/M.PL.RAFAGOLDV_OZT.S1X?observations=1,2026-10-01T15:12:12.903556+00:00,"{""sourceValue"": 3.308741109, ""sourceUnit"": ""million fine troy ounces""}"
poland-gold,poland-gold--gold-eur,Polska · Wartość złota w EUR,Poland,Gold value in EUR,2010-09-30,2010-09,month,2010-09-01,3.184430446457701,mld EUR,monthly,derived,https://data-api.ecb.europa.eu/service/data/RAS/M.N.PL.W1.S121.S1.LE.A.FA.R.._Z....N.ALL?format=csvdata,2026-10-01T15:07:49.183268+00:00,"{""seriesKey"": ""RAS.M.N.PL.W1.S121.S1.LE.A.FA.R.F11._Z.EUR.XAU.M.N.ALL"", ""sourceValue"": ""3184.430446457701"", ""observationStatus"": ""A""}"
poland-gold,poland-gold--monthly-change,Polska · Zmiana rezerw złota m/m,Poland,Monthly change in gold reserves,2010-09-30,2010-09,month,2010-09-01,0.0053583203622432,tony / miesiąc,monthly,derived,https://api.db.nomics.world/v22/series/IMF/IRFCL/M.PL.RAFAGOLDV_OZT.S1X?observations=1,2026-10-01T15:12:12.903556+00:00,"{""additionalSourceIds"": [""gold-imf-volume""], ""formula"": ""tonnes(t) - tonnes(t-1)"", ""missingReason"": null}"
poland-gold,poland-gold--tonnes,Polska · Rezerwy złota,Poland,Gold reserves,2010-09-30,2010-09,month,2010-09-01,102.91871064135002,tony,monthly,derived,https://api.db.nomics.world/v22/series/IMF/IRFCL/M.PL.RAFAGOLDV_OZT.S1X?observations=1,2026-10-01T15:12:12.903556+00:00,"{""sourceValue"": 3.308913383, ""sourceUnit"": ""million fine troy ounces""}"
poland-gold,poland-gold--gold-eur,Polska · Wartość złota w EUR,Poland,Gold value in EUR,2010-10-31,2010-10,month,2010-10-01,3.207182320441989,mld EUR,monthly,derived,https://data-api.ecb.europa.eu/service/data/RAS/M.N.PL.W1.S121.S1.LE.A.FA.R.._Z....N.ALL?format=csvdata,2026-10-01T15:07:49.183268+00:00,"{""seriesKey"": ""RAS.M.N.PL.W1.S121.S1.LE.A.FA.R.F11._Z.EUR.XAU.M.N.ALL"", ""sourceValue"": ""3207.182320441989"", ""observationStatus"": ""A""}"
poland-gold,poland-gold--monthly-change,Polska · Zmiana rezerw złota m/m,Poland,Monthly change in gold reserves,2010-10-31,2010-10,month,2010-10-01,0.0,tony / miesiąc,monthly,derived,https://api.db.nomics.world/v22/series/IMF/IRFCL/M.PL.RAFAGOLDV_OZT.S1X?observations=1,2026-10-01T15:12:12.903556+00:00,"{""additionalSourceIds"": [""gold-imf-volume""], ""formula"": ""tonnes(t) - tonnes(t-1)"", ""missingReason"": null}"
poland-gold,poland-gold--tonnes,Polska · Rezerwy złota,Poland,Gold reserves,2010-10-31,2010-10,month,2010-10-01,102.91871064135002,tony,monthly,derived,https://api.db.nomics.world/v22/series/IMF/IRFCL/M.PL.RAFAGOLDV_OZT.S1X?observations=1,2026-10-01T15:12:12.903556+00:00,"{""sourceValue"": 3.308913383, ""sourceUnit"": ""million fine troy ounces""}"
poland-gold,poland-gold--gold-eur,Polska · Wartość złota w EUR,Poland,Gold value in EUR,2010-11-30,2010-11,month,2010-11-01,3.50044234739015,mld EUR,monthly,derived,https://data-api.ecb.europa.eu/service/data/RAS/M.N.PL.W1.S121.S1.LE.A.FA.R.._Z....N.ALL?format=csvdata,2026-10-01T15:07:49.183268+00:00,"{""seriesKey"": ""RAS.M.N.PL.W1.S121.S1.LE.A.FA.R.F11._Z.EUR.XAU.M.N.ALL"", ""sourceValue"": ""3500.44234739015"", ""observationStatus"": ""A""}"
poland-gold,poland-gold--monthly-change,Polska · Zmiana rezerw złota m/m,Poland,Monthly change in gold reserves,2010-11-30,2010-11,month,2010-11-01,0.0,tony / miesiąc,monthly,derived,https://api.db.nomics.world/v22/series/IMF/IRFCL/M.PL.RAFAGOLDV_OZT.S1X?observations=1,2026-10-01T15:12:12.903556+00:00,"{""additionalSourceIds"": [""gold-imf-volume""], ""formula"": ""tonnes(t) - tonnes(t-1)"", ""missingReason"": null}"
poland-gold,poland-gold--tonnes,Polska · Rezerwy złota,Poland,Gold reserves,2010-11-30,2010-11,month,2010-11-01,102.91871064135002,tony,monthly,derived,https://api.db.nomics.world/v22/series/IMF/IRFCL/M.PL.RAFAGOLDV_OZT.S1X?observations=1,2026-10-01T15:12:12.903556+00:00,"{""sourceValue"": 3.308913383, ""sourceUnit"": ""million fine troy ounces""}"
poland-gold,poland-gold--gold-eur,Polska · Wartość złota w EUR,Poland,Gold value in EUR,2010-12-31,2010-12,month,2010-12-01,3.479748427672956,mld EUR,monthly,derived,https://data-api.ecb.europa.eu/service/data/RAS/M.N.PL.W1.S121.S1.LE.A.FA.R.._Z....N.ALL?format=csvdata,2026-10-01T15:07:49.183268+00:00,"{""seriesKey"": ""RAS.M.N.PL.W1.S121.S1.LE.A.FA.R.F11._Z.EUR.XAU.M.N.ALL"", ""sourceValue"": ""3479.748427672956"", ""observationStatus"": ""A""}"
poland-gold,poland-gold--monthly-change,Polska · Zmiana rezerw złota m/m,Poland,Monthly change in gold reserves,2010-12-31,2010-12,month,2010-12-01,1.38721506528e-05,tony / miesiąc,monthly,derived,https://api.db.nomics.world/v22/series/IMF/IRFCL/M.PL.RAFAGOLDV_OZT.S1X?observations=1,2026-10-01T15:12:12.903556+00:00,"{""additionalSourceIds"": [""gold-imf-volume""], ""formula"": ""tonnes(t) - tonnes(t-1)"", ""missingReason"": null}"
poland-gold,poland-gold--tonnes,Polska · Rezerwy złota,Poland,Gold reserves,2010-12-31,2010-12,month,2010-12-01,102.91872451350066,tony,monthly,derived,https://api.db.nomics.world/v22/series/IMF/IRFCL/M.PL.RAFAGOLDV_OZT.S1X?observations=1,2026-10-01T15:12:12.903556+00:00,"{""sourceValue"": 3.308913829, ""sourceUnit"": ""million fine troy ounces""}"
poland-gold,poland-gold--gold-eur,Polska · Wartość złota w EUR,Poland,Gold value in EUR,2011-01-31,2011-01,month,2011-01-01,3.233575529698694,mld EUR,monthly,derived,https://data-api.ecb.europa.eu/service/data/RAS/M.N.PL.W1.S121.S1.LE.A.FA.R.._Z....N.ALL?format=csvdata,2026-10-01T15:07:49.183268+00:00,"{""seriesKey"": ""RAS.M.N.PL.W1.S121.S1.LE.A.FA.R.F11._Z.EUR.XAU.M.N.ALL"", ""sourceValue"": ""3233.575529698694"", ""observationStatus"": ""A""}"
poland-gold,poland-gold--monthly-change,Polska · Zmiana rezerw złota m/m,Poland,Monthly change in gold reserves,2011-01-31,2011-01,month,2011-01-01,0.0,tony / miesiąc,monthly,derived,https://api.db.nomics.world/v22/series/IMF/IRFCL/M.PL.RAFAGOLDV_OZT.S1X?observations=1,2026-10-01T15:12:12.903556+00:00,"{""additionalSourceIds"": [""gold-imf-volume""], ""formula"": ""tonnes(t) - tonnes(t-1)"", ""missingReason"": null}"
poland-gold,poland-gold--tonnes,Polska · Rezerwy złota,Poland,Gold reserves,2011-01-31,2011-01,month,2011-01-01,102.91872451350066,tony,monthly,derived,https://api.db.nomics.world/v22/series/IMF/IRFCL/M.PL.RAFAGOLDV_OZT.S1X?observations=1,2026-10-01T15:12:12.903556+00:00,"{""sourceValue"": 3.308913829, ""sourceUnit"": ""million fine troy ounces""}"
poland-gold,poland-gold--gold-eur,Polska · Wartość złota w EUR,Poland,Gold value in EUR,2011-02-28,2011-02,month,2011-02-01,3.3928390816223324,mld EUR,monthly,derived,https://data-api.ecb.europa.eu/service/data/RAS/M.N.PL.W1.S121.S1.LE.A.FA.R.._Z....N.ALL?format=csvdata,2026-10-01T15:07:49.183268+00:00,"{""seriesKey"": ""RAS.M.N.PL.W1.S121.S1.LE.A.FA.R.F11._Z.EUR.XAU.M.N.ALL"", ""sourceValue"": ""3392.8390816223323"", ""observationStatus"": ""A""}"
poland-gold,poland-gold--monthly-change,Polska · Zmiana rezerw złota m/m,Poland,Monthly change in gold reserves,2011-02-28,2011-02,month,2011-02-01,0.0,tony / miesiąc,monthly,derived,https://api.db.nomics.world/v22/series/IMF/IRFCL/M.PL.RAFAGOLDV_OZT.S1X?observations=1,2026-10-01T15:12:12.903556+00:00,"{""additionalSourceIds"": [""gold-imf-volume""], ""formula"": ""tonnes(t) - tonnes(t-1)"", ""missingReason"": null}"
poland-gold,poland-gold--tonnes,Polska · Rezerwy złota,Poland,Gold reserves,2011-02-28,2011-02,month,2011-02-01,102.91872451350066,tony,monthly,derived,https://api.db.nomics.world/v22/series/IMF/IRFCL/M.PL.RAFAGOLDV_OZT.S1X?observations=1,2026-10-01T15:12:12.903556+00:00,"{""sourceValue"": 3.308913829, ""sourceUnit"": ""million fine troy ounces""}"
poland-gold,poland-gold--gold-eur,Polska · Wartość złota w EUR,Poland,Gold value in EUR,2011-03-31,2011-03,month,2011-03-01,3.3329177679150255,mld EUR,monthly,derived,https://data-api.ecb.europa.eu/service/data/RAS/M.N.PL.W1.S121.S1.LE.A.FA.R.._Z....N.ALL?format=csvdata,2026-10-01T15:07:49.183268+00:00,"{""seriesKey"": ""RAS.M.N.PL.W1.S121.S1.LE.A.FA.R.F11._Z.EUR.XAU.M.N.ALL"", ""sourceValue"": ""3332.9177679150253"", ""observationStatus"": ""A""}"
poland-gold,poland-gold--monthly-change,Polska · Zmiana rezerw złota m/m,Poland,Monthly change in gold reserves,2011-03-31,2011-03,month,2011-03-01,0.0,tony / miesiąc,monthly,derived,https://api.db.nomics.world/v22/series/IMF/IRFCL/M.PL.RAFAGOLDV_OZT.S1X?observations=1,2026-10-01T15:12:12.903556+00:00,"{""additionalSourceIds"": [""gold-imf-volume""], ""formula"": ""tonnes(t) - tonnes(t-1)"", ""missingReason"": null}"
poland-gold,poland-gold--tonnes,Polska · Rezerwy złota,Poland,Gold reserves,2011-03-31,2011-03,month,2011-03-01,102.91872451350066,tony,monthly,derived,https://api.db.nomics.world/v22/series/IMF/IRFCL/M.PL.RAFAGOLDV_OZT.S1X?observations=1,2026-10-01T15:12:12.903556+00:00,"{""sourceValue"": 3.308913829, ""sourceUnit"": ""million fine troy ounces""}"
poland-gold,poland-gold--gold-eur,Polska · Wartość złota w EUR,Poland,Gold value in EUR,2011-04-30,2011-04,month,2011-04-01,3.42133346884846,mld EUR,monthly,derived,https://data-api.ecb.europa.eu/service/data/RAS/M.N.PL.W1.S121.S1.LE.A.FA.R.._Z....N.ALL?format=csvdata,2026-10-01T15:07:49.183268+00:00,"{""seriesKey"": ""RAS.M.N.PL.W1.S121.S1.LE.A.FA.R.F11._Z.EUR.XAU.M.N.ALL"", ""sourceValue"": ""3421.33346884846"", ""observationStatus"": ""A""}"
poland-gold,poland-gold--monthly-change,Polska · Zmiana rezerw złota m/m,Poland,Monthly change in gold reserves,2011-04-30,2011-04,month,2011-04-01,0.0,tony / miesiąc,monthly,derived,https://api.db.nomics.world/v22/series/IMF/IRFCL/M.PL.RAFAGOLDV_OZT.S1X?observations=1,2026-10-01T15:12:12.903556+00:00,"{""additionalSourceIds"": [""gold-imf-volume""], ""formula"": ""tonnes(t) - tonnes(t-1)"", ""missingReason"": null}"
poland-gold,poland-gold--tonnes,Polska · Rezerwy złota,Poland,Gold reserves,2011-04-30,2011-04,month,2011-04-01,102.91872451350066,tony,monthly,derived,https://api.db.nomics.world/v22/series/IMF/IRFCL/M.PL.RAFAGOLDV_OZT.S1X?observations=1,2026-10-01T15:12:12.903556+00:00,"{""sourceValue"": 3.308913829, ""sourceUnit"": ""million fine troy ounces""}"
poland-gold,poland-gold--gold-eur,Polska · Wartość złota w EUR,Poland,Gold value in EUR,2011-05-31,2011-05,month,2011-05-01,3.531523332827747,mld EUR,monthly,derived,https://data-api.ecb.europa.eu/service/data/RAS/M.N.PL.W1.S121.S1.LE.A.FA.R.._Z....N.ALL?format=csvdata,2026-10-01T15:07:49.183268+00:00,"{""seriesKey"": ""RAS.M.N.PL.W1.S121.S1.LE.A.FA.R.F11._Z.EUR.XAU.M.N.ALL"", ""sourceValue"": ""3531.523332827747"", ""observationStatus"": ""A""}"
poland-gold,poland-gold--monthly-change,Polska · Zmiana rezerw złota m/m,Poland,Monthly change in gold reserves,2011-05-31,2011-05,month,2011-05-01,0.0,tony / miesiąc,monthly,derived,https://api.db.nomics.world/v22/series/IMF/IRFCL/M.PL.RAFAGOLDV_OZT.S1X?observations=1,2026-10-01T15:12:12.903556+00:00,"{""additionalSourceIds"": [""gold-imf-volume""], ""formula"": ""tonnes(t) - tonnes(t-1)"", ""missingReason"": null}"
poland-gold,poland-gold--tonnes,Polska · Rezerwy złota,Poland,Gold reserves,2011-05-31,2011-05,month,2011-05-01,102.91872451350066,tony,monthly,derived,https://api.db.nomics.world/v22/series/IMF/IRFCL/M.PL.RAFAGOLDV_OZT.S1X?observations=1,2026-10-01T15:12:12.903556+00:00,"{""sourceValue"": 3.308913829, ""sourceUnit"": ""million fine troy ounces""}"
poland-gold,poland-gold--gold-eur,Polska · Wartość złota w EUR,Poland,Gold value in EUR,2011-06-30,2011-06,month,2011-06-01,3.441094654537253,mld EUR,monthly,derived,https://data-api.ecb.europa.eu/service/data/RAS/M.N.PL.W1.S121.S1.LE.A.FA.R.._Z....N.ALL?format=csvdata,2026-10-01T15:07:49.183268+00:00,"{""seriesKey"": ""RAS.M.N.PL.W1.S121.S1.LE.A.FA.R.F11._Z.EUR.XAU.M.N.ALL"", ""sourceValue"": ""3441.094654537253"", ""observationStatus"": ""A""}"
poland-gold,poland-gold--monthly-change,Polska · Zmiana rezerw złota m/m,Poland,Monthly change in gold reserves,2011-06-30,2011-06,month,2011-06-01,0.0,tony / miesiąc,monthly,derived,https://api.db.nomics.world/v22/series/IMF/IRFCL/M.PL.RAFAGOLDV_OZT.S1X?observations=1,2026-10-01T15:12:12.903556+00:00,"{""additionalSourceIds"": [""gold-imf-volume""], ""formula"": ""tonnes(t) - tonnes(t-1)"", ""missingReason"": null}"
poland-gold,poland-gold--tonnes,Polska · Rezerwy złota,Poland,Gold reserves,2011-06-30,2011-06,month,2011-06-01,102.91872451350066,tony,monthly,derived,https://api.db.nomics.world/v22/series/IMF/IRFCL/M.PL.RAFAGOLDV_OZT.S1X?observations=1,2026-10-01T15:12:12.903556+00:00,"{""sourceValue"": 3.308913829, ""sourceUnit"": ""million fine troy ounces""}"
poland-gold,poland-gold--gold-eur,Polska · Wartość złota w EUR,Poland,Gold value in EUR,2011-07-31,2011-07,month,2011-07-01,3.7441999700643613,mld EUR,monthly,derived,https://data-api.ecb.europa.eu/service/data/RAS/M.N.PL.W1.S121.S1.LE.A.FA.R.._Z....N.ALL?format=csvdata,2026-10-01T15:07:49.183268+00:00,"{""seriesKey"": ""RAS.M.N.PL.W1.S121.S1.LE.A.FA.R.F11._Z.EUR.XAU.M.N.ALL"", ""sourceValue"": ""3744.1999700643614"", ""observationStatus"": ""A""}"
poland-gold,poland-gold--monthly-change,Polska · Zmiana rezerw złota m/m,Poland,Monthly change in gold reserves,2011-07-31,2011-07,month,2011-07-01,0.0,tony / miesiąc,monthly,derived,https://api.db.nomics.world/v22/series/IMF/IRFCL/M.PL.RAFAGOLDV_OZT.S1X?observations=1,2026-10-01T15:12:12.903556+00:00,"{""additionalSourceIds"": [""gold-imf-volume""], ""formula"": ""tonnes(t) - tonnes(t-1)"", ""missingReason"": null}"
poland-gold,poland-gold--tonnes,Polska · Rezerwy złota,Poland,Gold reserves,2011-07-31,2011-07,month,2011-07-01,102.91872451350066,tony,monthly,derived,https://api.db.nomics.world/v22/series/IMF/IRFCL/M.PL.RAFAGOLDV_OZT.S1X?observations=1,2026-10-01T15:12:12.903556+00:00,"{""sourceValue"": 3.308913829, ""sourceUnit"": ""million fine troy ounces""}"
poland-gold,poland-gold--gold-eur,Polska · Wartość złota w EUR,Poland,Gold value in EUR,2011-08-31,2011-08,month,2011-08-01,4.179744943468094,mld EUR,monthly,derived,https://data-api.ecb.europa.eu/service/data/RAS/M.N.PL.W1.S121.S1.LE.A.FA.R.._Z....N.ALL?format=csvdata,2026-10-01T15:07:49.183268+00:00,"{""seriesKey"": ""RAS.M.N.PL.W1.S121.S1.LE.A.FA.R.F11._Z.EUR.XAU.M.N.ALL"", ""sourceValue"": ""4179.744943468094"", ""observationStatus"": ""A""}"
poland-gold,poland-gold--monthly-change,Polska · Zmiana rezerw złota m/m,Poland,Monthly change in gold reserves,2011-08-31,2011-08,month,2011-08-01,0.0,tony / miesiąc,monthly,derived,https://api.db.nomics.world/v22/series/IMF/IRFCL/M.PL.RAFAGOLDV_OZT.S1X?observations=1,2026-10-01T15:12:12.903556+00:00,"{""additionalSourceIds"": [""gold-imf-volume""], ""formula"": ""tonnes(t) - tonnes(t-1)"", ""missingReason"": null}"
poland-gold,poland-gold--tonnes,Polska · Rezerwy złota,Poland,Gold reserves,2011-08-31,2011-08,month,2011-08-01,102.91872451350066,tony,monthly,derived,https://api.db.nomics.world/v22/series/IMF/IRFCL/M.PL.RAFAGOLDV_OZT.S1X?observations=1,2026-10-01T15:12:12.903556+00:00,"{""sourceValue"": 3.308913829, ""sourceUnit"": ""million fine troy ounces""}"
poland-gold,poland-gold--gold-eur,Polska · Wartość złota w EUR,Poland,Gold value in EUR,2011-09-30,2011-09,month,2011-09-01,3.9859250851305332,mld EUR,monthly,derived,https://data-api.ecb.europa.eu/service/data/RAS/M.N.PL.W1.S121.S1.LE.A.FA.R.._Z....N.ALL?format=csvdata,2026-10-01T15:07:49.183268+00:00,"{""seriesKey"": ""RAS.M.N.PL.W1.S121.S1.LE.A.FA.R.F11._Z.EUR.XAU.M.N.ALL"", ""sourceValue"": ""3985.9250851305333"", ""observationStatus"": ""A""}"
poland-gold,poland-gold--monthly-change,Polska · Zmiana rezerw złota m/m,Poland,Monthly change in gold reserves,2011-09-30,2011-09,month,2011-09-01,0.0,tony / miesiąc,monthly,derived,https://api.db.nomics.world/v22/series/IMF/IRFCL/M.PL.RAFAGOLDV_OZT.S1X?observations=1,2026-10-01T15:12:12.903556+00:00,"{""additionalSourceIds"": [""gold-imf-volume""], ""formula"": ""tonnes(t) - tonnes(t-1)"", ""missingReason"": null}"
poland-gold,poland-gold--tonnes,Polska · Rezerwy złota,Poland,Gold reserves,2011-09-30,2011-09,month,2011-09-01,102.91872451350066,tony,monthly,derived,https://api.db.nomics.world/v22/series/IMF/IRFCL/M.PL.RAFAGOLDV_OZT.S1X?observations=1,2026-10-01T15:12:12.903556+00:00,"{""sourceValue"": 3.308913829, ""sourceUnit"": ""million fine troy ounces""}"
poland-gold,poland-gold--gold-eur,Polska · Wartość złota w EUR,Poland,Gold value in EUR,2011-10-31,2011-10,month,2011-10-01,4.0591985637673496,mld EUR,monthly,derived,https://data-api.ecb.europa.eu/service/data/RAS/M.N.PL.W1.S121.S1.LE.A.FA.R.._Z....N.ALL?format=csvdata,2026-10-01T15:07:49.183268+00:00,"{""seriesKey"": ""RAS.M.N.PL.W1.S121.S1.LE.A.FA.R.F11._Z.EUR.XAU.M.N.ALL"", ""sourceValue"": ""4059.1985637673492"", ""observationStatus"": ""A""}"
poland-gold,poland-gold--monthly-change,Polska · Zmiana rezerw złota m/m,Poland,Monthly change in gold reserves,2011-10-31,2011-10,month,2011-10-01,0.0026802176993328,tony / miesiąc,monthly,derived,https://api.db.nomics.world/v22/series/IMF/IRFCL/M.PL.RAFAGOLDV_OZT.S1X?observations=1,2026-10-01T15:12:12.903556+00:00,"{""additionalSourceIds"": [""gold-imf-volume""], ""formula"": ""tonnes(t) - tonnes(t-1)"", ""missingReason"": null}"
poland-gold,poland-gold--tonnes,Polska · Rezerwy złota,Poland,Gold reserves,2011-10-31,2011-10,month,2011-10-01,102.9214047312,tony,monthly,derived,https://api.db.nomics.world/v22/series/IMF/IRFCL/M.PL.RAFAGOLDV_OZT.S1X?observations=1,2026-10-01T15:12:12.903556+00:00,"{""sourceValue"": 3.309, ""sourceUnit"": ""million fine troy ounces""}"
poland-gold,poland-gold--gold-eur,Polska · Wartość złota w EUR,Poland,Gold value in EUR,2011-11-30,2011-11,month,2011-11-01,4.283496007098492,mld EUR,monthly,derived,https://data-api.ecb.europa.eu/service/data/RAS/M.N.PL.W1.S121.S1.LE.A.FA.R.._Z....N.ALL?format=csvdata,2026-10-01T15:07:49.183268+00:00,"{""seriesKey"": ""RAS.M.N.PL.W1.S121.S1.LE.A.FA.R.F11._Z.EUR.XAU.M.N.ALL"", ""sourceValue"": ""4283.496007098492"", ""observationStatus"": ""A""}"
poland-gold,poland-gold--monthly-change,Polska · Zmiana rezerw złota m/m,Poland,Monthly change in gold reserves,2011-11-30,2011-11,month,2011-11-01,0.0,tony / miesiąc,monthly,derived,https://api.db.nomics.world/v22/series/IMF/IRFCL/M.PL.RAFAGOLDV_OZT.S1X?observations=1,2026-10-01T15:12:12.903556+00:00,"{""additionalSourceIds"": [""gold-imf-volume""], ""formula"": ""tonnes(t) - tonnes(t-1)"", ""missingReason"": null}"
poland-gold,poland-gold--tonnes,Polska · Rezerwy złota,Poland,Gold reserves,2011-11-30,2011-11,month,2011-11-01,102.9214047312,tony,monthly,derived,https://api.db.nomics.world/v22/series/IMF/IRFCL/M.PL.RAFAGOLDV_OZT.S1X?observations=1,2026-10-01T15:12:12.903556+00:00,"{""sourceValue"": 3.309, ""sourceUnit"": ""million fine troy ounces""}"
poland-gold,poland-gold--gold-eur,Polska · Wartość złota w EUR,Poland,Gold value in EUR,2011-12-31,2011-12,month,2011-12-01,3.993719156572454,mld EUR,monthly,derived,https://data-api.ecb.europa.eu/service/data/RAS/M.N.PL.W1.S121.S1.LE.A.FA.R.._Z....N.ALL?format=csvdata,2026-10-01T15:07:49.183268+00:00,"{""seriesKey"": ""RAS.M.N.PL.W1.S121.S1.LE.A.FA.R.F11._Z.EUR.XAU.M.N.ALL"", ""sourceValue"": ""3993.719156572454"", ""observationStatus"": ""A""}"
poland-gold,poland-gold--monthly-change,Polska · Zmiana rezerw złota m/m,Poland,Monthly change in gold reserves,2011-12-31,2011-12,month,2011-12-01,0.0,tony / miesiąc,monthly,derived,https://api.db.nomics.world/v22/series/IMF/IRFCL/M.PL.RAFAGOLDV_OZT.S1X?observations=1,2026-10-01T15:12:12.903556+00:00,"{""additionalSourceIds"": [""gold-imf-volume""], ""formula"": ""tonnes(t) - tonnes(t-1)"", ""missingReason"": null}"
poland-gold,poland-gold--tonnes,Polska · Rezerwy złota,Poland,Gold reserves,2011-12-31,2011-12,month,2011-12-01,102.9214047312,tony,monthly,derived,https://api.db.nomics.world/v22/series/IMF/IRFCL/M.PL.RAFAGOLDV_OZT.S1X?observations=1,2026-10-01T15:12:12.903556+00:00,"{""sourceValue"": 3.309, ""sourceUnit"": ""million fine troy ounces""}"
poland-gold,poland-gold--gold-eur,Polska · Wartość złota w EUR,Poland,Gold value in EUR,2012-01-31,2012-01,month,2012-01-01,4.360722486565821,mld EUR,monthly,derived,https://data-api.ecb.europa.eu/service/data/RAS/M.N.PL.W1.S121.S1.LE.A.FA.R.._Z....N.ALL?format=csvdata,2026-10-01T15:07:49.183268+00:00,"{""seriesKey"": ""RAS.M.N.PL.W1.S121.S1.LE.A.FA.R.F11._Z.EUR.XAU.M.N.ALL"", ""sourceValue"": ""4360.722486565821"", ""observationStatus"": ""A""}"
poland-gold,poland-gold--monthly-change,Polska · Zmiana rezerw złota m/m,Poland,Monthly change in gold reserves,2012-01-31,2012-01,month,2012-01-01,0.0,tony / miesiąc,monthly,derived,https://api.db.nomics.world/v22/series/IMF/IRFCL/M.PL.RAFAGOLDV_OZT.S1X?observations=1,2026-10-01T15:12:12.903556+00:00,"{""additionalSourceIds"": [""gold-imf-volume""], ""formula"": ""tonnes(t) - tonnes(t-1)"", ""missingReason"": null}"
poland-gold,poland-gold--tonnes,Polska · Rezerwy złota,Poland,Gold reserves,2012-01-31,2012-01,month,2012-01-01,102.9214047312,tony,monthly,derived,https://api.db.nomics.world/v22/series/IMF/IRFCL/M.PL.RAFAGOLDV_OZT.S1X?observations=1,2026-10-01T15:12:12.903556+00:00,"{""sourceValue"": 3.309, ""sourceUnit"": ""million fine troy ounces""}"
poland-gold,poland-gold--gold-eur,Polska · Wartość złota w EUR,Poland,Gold value in EUR,2012-02-29,2012-02,month,2012-02-01,4.411579151703388,mld EUR,monthly,derived,https://data-api.ecb.europa.eu/service/data/RAS/M.N.PL.W1.S121.S1.LE.A.FA.R.._Z....N.ALL?format=csvdata,2026-10-01T15:07:49.183268+00:00,"{""seriesKey"": ""RAS.M.N.PL.W1.S121.S1.LE.A.FA.R.F11._Z.EUR.XAU.M.N.ALL"", ""sourceValue"": ""4411.579151703388"", ""observationStatus"": ""A""}"
poland-gold,poland-gold--monthly-change,Polska · Zmiana rezerw złota m/m,Poland,Monthly change in gold reserves,2012-02-29,2012-02,month,2012-02-01,0.0,tony / miesiąc,monthly,derived,https://api.db.nomics.world/v22/series/IMF/IRFCL/M.PL.RAFAGOLDV_OZT.S1X?observations=1,2026-10-01T15:12:12.903556+00:00,"{""additionalSourceIds"": [""gold-imf-volume""], ""formula"": ""tonnes(t) - tonnes(t-1)"", ""missingReason"": null}"
poland-gold,poland-gold--tonnes,Polska · Rezerwy złota,Poland,Gold reserves,2012-02-29,2012-02,month,2012-02-01,102.9214047312,tony,monthly,derived,https://api.db.nomics.world/v22/series/IMF/IRFCL/M.PL.RAFAGOLDV_OZT.S1X?observations=1,2026-10-01T15:12:12.903556+00:00,"{""sourceValue"": 3.309, ""sourceUnit"": ""million fine troy ounces""}"
poland-gold,poland-gold--gold-eur,Polska · Wartość złota w EUR,Poland,Gold value in EUR,2012-03-31,2012-03,month,2012-03-01,4.127932180530804,mld EUR,monthly,derived,https://data-api.ecb.europa.eu/service/data/RAS/M.N.PL.W1.S121.S1.LE.A.FA.R.._Z....N.ALL?format=csvdata,2026-10-01T15:07:49.183268+00:00,"{""seriesKey"": ""RAS.M.N.PL.W1.S121.S1.LE.A.FA.R.F11._Z.EUR.XAU.M.N.ALL"", ""sourceValue"": ""4127.932180530804"", ""observationStatus"": ""A""}"
poland-gold,poland-gold--monthly-change,Polska · Zmiana rezerw złota m/m,Poland,Monthly change in gold reserves,2012-03-31,2012-03,month,2012-03-01,0.0,tony / miesiąc,monthly,derived,https://api.db.nomics.world/v22/series/IMF/IRFCL/M.PL.RAFAGOLDV_OZT.S1X?observations=1,2026-10-01T15:12:12.903556+00:00,"{""additionalSourceIds"": [""gold-imf-volume""], ""formula"": ""tonnes(t) - tonnes(t-1)"", ""missingReason"": null}"
poland-gold,poland-gold--tonnes,Polska · Rezerwy złota,Poland,Gold reserves,2012-03-31,2012-03,month,2012-03-01,102.9214047312,tony,monthly,derived,https://api.db.nomics.world/v22/series/IMF/IRFCL/M.PL.RAFAGOLDV_OZT.S1X?observations=1,2026-10-01T15:12:12.903556+00:00,"{""sourceValue"": 3.309, ""sourceUnit"": ""million fine troy ounces""}"
poland-gold,poland-gold--gold-eur,Polska · Wartość złota w EUR,Poland,Gold value in EUR,2012-04-30,2012-04,month,2012-04-01,4.155697811024,mld EUR,monthly,derived,https://data-api.ecb.europa.eu/service/data/RAS/M.N.PL.W1.S121.S1.LE.A.FA.R.._Z....N.ALL?format=csvdata,2026-10-01T15:07:49.183268+00:00,"{""seriesKey"": ""RAS.M.N.PL.W1.S121.S1.LE.A.FA.R.F11._Z.EUR.XAU.M.N.ALL"", ""sourceValue"": ""4155.697811024"", ""observationStatus"": ""A""}"
poland-gold,poland-gold--monthly-change,Polska · Zmiana rezerw złota m/m,Poland,Monthly change in gold reserves,2012-04-30,2012-04,month,2012-04-01,0.0,tony / miesiąc,monthly,derived,https://api.db.nomics.world/v22/series/IMF/IRFCL/M.PL.RAFAGOLDV_OZT.S1X?observations=1,2026-10-01T15:12:12.903556+00:00,"{""additionalSourceIds"": [""gold-imf-volume""], ""formula"": ""tonnes(t) - tonnes(t-1)"", ""missingReason"": null}"
poland-gold,poland-gold--tonnes,Polska · Rezerwy złota,Poland,Gold reserves,2012-04-30,2012-04,month,2012-04-01,102.9214047312,tony,monthly,derived,https://api.db.nomics.world/v22/series/IMF/IRFCL/M.PL.RAFAGOLDV_OZT.S1X?observations=1,2026-10-01T15:12:12.903556+00:00,"{""sourceValue"": 3.309, ""sourceUnit"": ""million fine troy ounces""}"
poland-gold,poland-gold--gold-eur,Polska · Wartość złota w EUR,Poland,Gold value in EUR,2012-05-31,2012-05,month,2012-05-01,4.177615848798816,mld EUR,monthly,derived,https://data-api.ecb.europa.eu/service/data/RAS/M.N.PL.W1.S121.S1.LE.A.FA.R.._Z....N.ALL?format=csvdata,2026-10-01T15:07:49.183268+00:00,"{""seriesKey"": ""RAS.M.N.PL.W1.S121.S1.LE.A.FA.R.F11._Z.EUR.XAU.M.N.ALL"", ""sourceValue"": ""4177.615848798816"", ""observationStatus"": ""A""}"
poland-gold,poland-gold--monthly-change,Polska · Zmiana rezerw złota m/m,Poland,Monthly change in gold reserves,2012-05-31,2012-05,month,2012-05-01,0.0,tony / miesiąc,monthly,derived,https://api.db.nomics.world/v22/series/IMF/IRFCL/M.PL.RAFAGOLDV_OZT.S1X?observations=1,2026-10-01T15:12:12.903556+00:00,"{""additionalSourceIds"": [""gold-imf-volume""], ""formula"": ""tonnes(t) - tonnes(t-1)"", ""missingReason"": null}"
poland-gold,poland-gold--tonnes,Polska · Rezerwy złota,Poland,Gold reserves,2012-05-31,2012-05,month,2012-05-01,102.9214047312,tony,monthly,derived,https://api.db.nomics.world/v22/series/IMF/IRFCL/M.PL.RAFAGOLDV_OZT.S1X?observations=1,2026-10-01T15:12:12.903556+00:00,"{""sourceValue"": 3.309, ""sourceUnit"": ""million fine troy ounces""}"
poland-gold,poland-gold--gold-eur,Polska · Wartość złota w EUR,Poland,Gold value in EUR,2012-06-30,2012-06,month,2012-06-01,4.1418753530408585,mld EUR,monthly,derived,https://data-api.ecb.europa.eu/service/data/RAS/M.N.PL.W1.S121.S1.LE.A.FA.R.._Z....N.ALL?format=csvdata,2026-10-01T15:07:49.183268+00:00,"{""seriesKey"": ""RAS.M.N.PL.W1.S121.S1.LE.A.FA.R.F11._Z.EUR.XAU.M.N.ALL"", ""sourceValue"": ""4141.8753530408585"", ""observationStatus"": ""A""}"
poland-gold,poland-gold--monthly-change,Polska · Zmiana rezerw złota m/m,Poland,Monthly change in gold reserves,2012-06-30,2012-06,month,2012-06-01,0.0,tony / miesiąc,monthly,derived,https://api.db.nomics.world/v22/series/IMF/IRFCL/M.PL.RAFAGOLDV_OZT.S1X?observations=1,2026-10-01T15:12:12.903556+00:00,"{""additionalSourceIds"": [""gold-imf-volume""], ""formula"": ""tonnes(t) - tonnes(t-1)"", ""missingReason"": null}"
poland-gold,poland-gold--tonnes,Polska · Rezerwy złota,Poland,Gold reserves,2012-06-30,2012-06,month,2012-06-01,102.9214047312,tony,monthly,derived,https://api.db.nomics.world/v22/series/IMF/IRFCL/M.PL.RAFAGOLDV_OZT.S1X?observations=1,2026-10-01T15:12:12.903556+00:00,"{""sourceValue"": 3.309, ""sourceUnit"": ""million fine troy ounces""}"
poland-gold,poland-gold--gold-eur,Polska · Wartość złota w EUR,Poland,Gold value in EUR,2012-07-31,2012-07,month,2012-07-01,4.382947624847746,mld EUR,monthly,derived,https://data-api.ecb.europa.eu/service/data/RAS/M.N.PL.W1.S121.S1.LE.A.FA.R.._Z....N.ALL?format=csvdata,2026-10-01T15:07:49.183268+00:00,"{""seriesKey"": ""RAS.M.N.PL.W1.S121.S1.LE.A.FA.R.F11._Z.EUR.XAU.M.N.ALL"", ""sourceValue"": ""4382.947624847746"", ""observationStatus"": ""A""}"
poland-gold,poland-gold--monthly-change,Polska · Zmiana rezerw złota m/m,Poland,Monthly change in gold reserves,2012-07-31,2012-07,month,2012-07-01,-0.0026748990048,tony / miesiąc,monthly,derived,https://api.db.nomics.world/v22/series/IMF/IRFCL/M.PL.RAFAGOLDV_OZT.S1X?observations=1,2026-10-01T15:12:12.903556+00:00,"{""additionalSourceIds"": [""gold-imf-volume""], ""formula"": ""tonnes(t) - tonnes(t-1)"", ""missingReason"": null}"
poland-gold,poland-gold--tonnes,Polska · Rezerwy złota,Poland,Gold reserves,2012-07-31,2012-07,month,2012-07-01,102.9187298321952,tony,monthly,derived,https://api.db.nomics.world/v22/series/IMF/IRFCL/M.PL.RAFAGOLDV_OZT.S1X?observations=1,2026-10-01T15:12:12.903556+00:00,"{""sourceValue"": 3.308914, ""sourceUnit"": ""million fine troy ounces""}"
poland-gold,poland-gold--gold-eur,Polska · Wartość złota w EUR,Poland,Gold value in EUR,2012-08-31,2012-08,month,2012-08-01,4.380462109421765,mld EUR,monthly,derived,https://data-api.ecb.europa.eu/service/data/RAS/M.N.PL.W1.S121.S1.LE.A.FA.R.._Z....N.ALL?format=csvdata,2026-10-01T15:07:49.183268+00:00,"{""seriesKey"": ""RAS.M.N.PL.W1.S121.S1.LE.A.FA.R.F11._Z.EUR.XAU.M.N.ALL"", ""sourceValue"": ""4380.462109421765"", ""observationStatus"": ""A""}"
poland-gold,poland-gold--monthly-change,Polska · Zmiana rezerw złota m/m,Poland,Monthly change in gold reserves,2012-08-31,2012-08,month,2012-08-01,0.0,tony / miesiąc,monthly,derived,https://api.db.nomics.world/v22/series/IMF/IRFCL/M.PL.RAFAGOLDV_OZT.S1X?observations=1,2026-10-01T15:12:12.903556+00:00,"{""additionalSourceIds"": [""gold-imf-volume""], ""formula"": ""tonnes(t) - tonnes(t-1)"", ""missingReason"": null}"
poland-gold,poland-gold--tonnes,Polska · Rezerwy złota,Poland,Gold reserves,2012-08-31,2012-08,month,2012-08-01,102.9187298321952,tony,monthly,derived,https://api.db.nomics.world/v22/series/IMF/IRFCL/M.PL.RAFAGOLDV_OZT.S1X?observations=1,2026-10-01T15:12:12.903556+00:00,"{""sourceValue"": 3.308914, ""sourceUnit"": ""million fine troy ounces""}"
poland-gold,poland-gold--gold-eur,Polska · Wartość złota w EUR,Poland,Gold value in EUR,2012-09-30,2012-09,month,2012-09-01,4.563818899556509,mld EUR,monthly,derived,https://data-api.ecb.europa.eu/service/data/RAS/M.N.PL.W1.S121.S1.LE.A.FA.R.._Z....N.ALL?format=csvdata,2026-10-01T15:07:49.183268+00:00,"{""seriesKey"": ""RAS.M.N.PL.W1.S121.S1.LE.A.FA.R.F11._Z.EUR.XAU.M.N.ALL"", ""sourceValue"": ""4563.818899556509"", ""observationStatus"": ""A""}"
poland-gold,poland-gold--monthly-change,Polska · Zmiana rezerw złota m/m,Poland,Monthly change in gold reserves,2012-09-30,2012-09,month,2012-09-01,0.0,tony / miesiąc,monthly,derived,https://api.db.nomics.world/v22/series/IMF/IRFCL/M.PL.RAFAGOLDV_OZT.S1X?observations=1,2026-10-01T15:12:12.903556+00:00,"{""additionalSourceIds"": [""gold-imf-volume""], ""formula"": ""tonnes(t) - tonnes(t-1)"", ""missingReason"": null}"
poland-gold,poland-gold--tonnes,Polska · Rezerwy złota,Poland,Gold reserves,2012-09-30,2012-09,month,2012-09-01,102.9187298321952,tony,monthly,derived,https://api.db.nomics.world/v22/series/IMF/IRFCL/M.PL.RAFAGOLDV_OZT.S1X?observations=1,2026-10-01T15:12:12.903556+00:00,"{""sourceValue"": 3.308914, ""sourceUnit"": ""million fine troy ounces""}"
poland-gold,poland-gold--gold-eur,Polska · Wartość złota w EUR,Poland,Gold value in EUR,2012-10-31,2012-10,month,2012-10-01,4.368446484658129,mld EUR,monthly,derived,https://data-api.ecb.europa.eu/service/data/RAS/M.N.PL.W1.S121.S1.LE.A.FA.R.._Z....N.ALL?format=csvdata,2026-10-01T15:07:49.183268+00:00,"{""seriesKey"": ""RAS.M.N.PL.W1.S121.S1.LE.A.FA.R.F11._Z.EUR.XAU.M.N.ALL"", ""sourceValue"": ""4368.4464846581295"", ""observationStatus"": ""A""}"
poland-gold,poland-gold--monthly-change,Polska · Zmiana rezerw złota m/m,Poland,Monthly change in gold reserves,2012-10-31,2012-10,month,2012-10-01,0.0026748990048,tony / miesiąc,monthly,derived,https://api.db.nomics.world/v22/series/IMF/IRFCL/M.PL.RAFAGOLDV_OZT.S1X?observations=1,2026-10-01T15:12:12.903556+00:00,"{""additionalSourceIds"": [""gold-imf-volume""], ""formula"": ""tonnes(t) - tonnes(t-1)"", ""missingReason"": null}"
poland-gold,poland-gold--tonnes,Polska · Rezerwy złota,Poland,Gold reserves,2012-10-31,2012-10,month,2012-10-01,102.9214047312,tony,monthly,derived,https://api.db.nomics.world/v22/series/IMF/IRFCL/M.PL.RAFAGOLDV_OZT.S1X?observations=1,2026-10-01T15:12:12.903556+00:00,"{""sourceValue"": 3.309, ""sourceUnit"": ""million fine troy ounces""}"
poland-gold,poland-gold--gold-eur,Polska · Wartość złota w EUR,Poland,Gold value in EUR,2012-11-30,2012-11,month,2012-11-01,4.39978563772776,mld EUR,monthly,derived,https://data-api.ecb.europa.eu/service/data/RAS/M.N.PL.W1.S121.S1.LE.A.FA.R.._Z....N.ALL?format=csvdata,2026-10-01T15:07:49.183268+00:00,"{""seriesKey"": ""RAS.M.N.PL.W1.S121.S1.LE.A.FA.R.F11._Z.EUR.XAU.M.N.ALL"", ""sourceValue"": ""4399.78563772776"", ""observationStatus"": ""A""}"
poland-gold,poland-gold--monthly-change,Polska · Zmiana rezerw złota m/m,Poland,Monthly change in gold reserves,2012-11-30,2012-11,month,2012-11-01,-0.0026748990048,tony / miesiąc,monthly,derived,https://api.db.nomics.world/v22/series/IMF/IRFCL/M.PL.RAFAGOLDV_OZT.S1X?observations=1,2026-10-01T15:12:12.903556+00:00,"{""additionalSourceIds"": [""gold-imf-volume""], ""formula"": ""tonnes(t) - tonnes(t-1)"", ""missingReason"": null}"
poland-gold,poland-gold--tonnes,Polska · Rezerwy złota,Poland,Gold reserves,2012-11-30,2012-11,month,2012-11-01,102.9187298321952,tony,monthly,derived,https://api.db.nomics.world/v22/series/IMF/IRFCL/M.PL.RAFAGOLDV_OZT.S1X?observations=1,2026-10-01T15:12:12.903556+00:00,"{""sourceValue"": 3.308914, ""sourceUnit"": ""million fine troy ounces""}"
poland-gold,poland-gold--gold-eur,Polska · Wartość złota w EUR,Poland,Gold value in EUR,2012-12-31,2012-12,month,2012-12-01,4.189003436426117,mld EUR,monthly,derived,https://data-api.ecb.europa.eu/service/data/RAS/M.N.PL.W1.S121.S1.LE.A.FA.R.._Z....N.ALL?format=csvdata,2026-10-01T15:07:49.183268+00:00,"{""seriesKey"": ""RAS.M.N.PL.W1.S121.S1.LE.A.FA.R.F11._Z.EUR.XAU.M.N.ALL"", ""sourceValue"": ""4189.003436426117"", ""observationStatus"": ""A""}"
poland-gold,poland-gold--monthly-change,Polska · Zmiana rezerw złota m/m,Poland,Monthly change in gold reserves,2012-12-31,2012-12,month,2012-12-01,0.0,tony / miesiąc,monthly,derived,https://api.db.nomics.world/v22/series/IMF/IRFCL/M.PL.RAFAGOLDV_OZT.S1X?observations=1,2026-10-01T15:12:12.903556+00:00,"{""additionalSourceIds"": [""gold-imf-volume""], ""formula"": ""tonnes(t) - tonnes(t-1)"", ""missingReason"": null}"
poland-gold,poland-gold--tonnes,Polska · Rezerwy złota,Poland,Gold reserves,2012-12-31,2012-12,month,2012-12-01,102.9187298321952,tony,monthly,derived,https://api.db.nomics.world/v22/series/IMF/IRFCL/M.PL.RAFAGOLDV_OZT.S1X?observations=1,2026-10-01T15:12:12.903556+00:00,"{""sourceValue"": 3.308914, ""sourceUnit"": ""million fine troy ounces""}"
poland-gold,poland-gold--gold-eur,Polska · Wartość złota w EUR,Poland,Gold value in EUR,2013-01-31,2013-01,month,2013-01-01,4.078436047204673,mld EUR,monthly,derived,https://data-api.ecb.europa.eu/service/data/RAS/M.N.PL.W1.S121.S1.LE.A.FA.R.._Z....N.ALL?format=csvdata,2026-10-01T15:07:49.183268+00:00,"{""seriesKey"": ""RAS.M.N.PL.W1.S121.S1.LE.A.FA.R.F11._Z.EUR.XAU.M.N.ALL"", ""sourceValue"": ""4078.4360472046733"", ""observationStatus"": ""A""}"
poland-gold,poland-gold--gold-pln,Polska · Wartość złota w PLN,Poland,Gold value in PLN,2013-01-31,2013-01,month,2013-01-01,17.107,mld PLN,monthly,derived,https://data-api.ecb.europa.eu/service/data/RAS/M.N.PL.W1.S121.S1.LE.A.FA.R.._Z....N.ALL?format=csvdata,2026-10-01T15:07:49.183268+00:00,"{""seriesKey"": ""RAS.M.N.PL.W1.S121.S1.LE.A.FA.R.F11._Z.PLN.XAU.M.N.ALL"", ""sourceValue"": ""17107"", ""observationStatus"": ""A""}"
poland-gold,poland-gold--monthly-change,Polska · Zmiana rezerw złota m/m,Poland,Monthly change in gold reserves,2013-01-31,2013-01,month,2013-01-01,0.0,tony / miesiąc,monthly,derived,https://api.db.nomics.world/v22/series/IMF/IRFCL/M.PL.RAFAGOLDV_OZT.S1X?observations=1,2026-10-01T15:12:12.903556+00:00,"{""additionalSourceIds"": [""gold-imf-volume""], ""formula"": ""tonnes(t) - tonnes(t-1)"", ""missingReason"": null}"
poland-gold,poland-gold--reserves-pln,Polska · Oficjalne aktywa rezerwowe,Poland,Official reserve assets,2013-01-31,2013-01,month,2013-01-01,333.454,mld PLN,monthly,derived,https://data-api.ecb.europa.eu/service/data/RAS/M.N.PL.W1.S121.S1.LE.A.FA.R.._Z....N.ALL?format=csvdata,2026-10-01T15:07:49.183268+00:00,"{""seriesKey"": ""RAS.M.N.PL.W1.S121.S1.LE.A.FA.R.F._Z.PLN.X1._X.N.ALL"", ""sourceValue"": ""333454"", ""observationStatus"": ""A""}"
poland-gold,poland-gold--share,Polska · Udział złota w rezerwach,Poland,Gold share of reserves,2013-01-31,2013-01,month,2013-01-01,5.1302428520875445,% rezerw,monthly,derived,https://data-api.ecb.europa.eu/service/data/RAS/M.N.PL.W1.S121.S1.LE.A.FA.R.._Z....N.ALL?format=csvdata,2026-10-01T15:07:49.183268+00:00,"{""formula"": ""100 * gold_PLN / total_reserves_PLN"", ""goldValueMillions"": 17107.0, ""totalValueMillions"": 333454.0}"
poland-gold,poland-gold--tonnes,Polska · Rezerwy złota,Poland,Gold reserves,2013-01-31,2013-01,month,2013-01-01,102.9187298321952,tony,monthly,derived,https://api.db.nomics.world/v22/series/IMF/IRFCL/M.PL.RAFAGOLDV_OZT.S1X?observations=1,2026-10-01T15:12:12.903556+00:00,"{""sourceValue"": 3.308914, ""sourceUnit"": ""million fine troy ounces""}"
poland-gold,poland-gold--gold-eur,Polska · Wartość złota w EUR,Poland,Gold value in EUR,2013-02-28,2013-02,month,2013-02-01,4.017102252198001,mld EUR,monthly,derived,https://data-api.ecb.europa.eu/service/data/RAS/M.N.PL.W1.S121.S1.LE.A.FA.R.._Z....N.ALL?format=csvdata,2026-10-01T15:07:49.183268+00:00,"{""seriesKey"": ""RAS.M.N.PL.W1.S121.S1.LE.A.FA.R.F11._Z.EUR.XAU.M.N.ALL"", ""sourceValue"": ""4017.1022521980003"", ""observationStatus"": ""A""}"
poland-gold,poland-gold--gold-pln,Polska · Wartość złota w PLN,Poland,Gold value in PLN,2013-02-28,2013-02,month,2013-02-01,16.677,mld PLN,monthly,derived,https://data-api.ecb.europa.eu/service/data/RAS/M.N.PL.W1.S121.S1.LE.A.FA.R.._Z....N.ALL?format=csvdata,2026-10-01T15:07:49.183268+00:00,"{""seriesKey"": ""RAS.M.N.PL.W1.S121.S1.LE.A.FA.R.F11._Z.PLN.XAU.M.N.ALL"", ""sourceValue"": ""16677"", ""observationStatus"": ""A""}"
poland-gold,poland-gold--monthly-change,Polska · Zmiana rezerw złota m/m,Poland,Monthly change in gold reserves,2013-02-28,2013-02,month,2013-02-01,0.0,tony / miesiąc,monthly,derived,https://api.db.nomics.world/v22/series/IMF/IRFCL/M.PL.RAFAGOLDV_OZT.S1X?observations=1,2026-10-01T15:12:12.903556+00:00,"{""additionalSourceIds"": [""gold-imf-volume""], ""formula"": ""tonnes(t) - tonnes(t-1)"", ""missingReason"": null}"
poland-gold,poland-gold--reserves-pln,Polska · Oficjalne aktywa rezerwowe,Poland,Official reserve assets,2013-02-28,2013-02,month,2013-02-01,339.254,mld PLN,monthly,derived,https://data-api.ecb.europa.eu/service/data/RAS/M.N.PL.W1.S121.S1.LE.A.FA.R.._Z....N.ALL?format=csvdata,2026-10-01T15:07:49.183268+00:00,"{""seriesKey"": ""RAS.M.N.PL.W1.S121.S1.LE.A.FA.R.F._Z.PLN.X1._X.N.ALL"", ""sourceValue"": ""339254"", ""observationStatus"": ""A""}"
poland-gold,poland-gold--share,Polska · Udział złota w rezerwach,Poland,Gold share of reserves,2013-02-28,2013-02,month,2013-02-01,4.915785812400149,% rezerw,monthly,derived,https://data-api.ecb.europa.eu/service/data/RAS/M.N.PL.W1.S121.S1.LE.A.FA.R.._Z....N.ALL?format=csvdata,2026-10-01T15:07:49.183268+00:00,"{""formula"": ""100 * gold_PLN / total_reserves_PLN"", ""goldValueMillions"": 16677.0, ""totalValueMillions"": 339254.0}"
poland-gold,poland-gold--tonnes,Polska · Rezerwy złota,Poland,Gold reserves,2013-02-28,2013-02,month,2013-02-01,102.9187298321952,tony,monthly,derived,https://api.db.nomics.world/v22/series/IMF/IRFCL/M.PL.RAFAGOLDV_OZT.S1X?observations=1,2026-10-01T15:12:12.903556+00:00,"{""sourceValue"": 3.308914, ""sourceUnit"": ""million fine troy ounces""}"
poland-gold,poland-gold--gold-eur,Polska · Wartość złota w EUR,Poland,Gold value in EUR,2013-03-31,2013-03,month,2013-03-01,4.122811214237872,mld EUR,monthly,derived,https://data-api.ecb.europa.eu/service/data/RAS/M.N.PL.W1.S121.S1.LE.A.FA.R.._Z....N.ALL?format=csvdata,2026-10-01T15:07:49.183268+00:00,"{""seriesKey"": ""RAS.M.N.PL.W1.S121.S1.LE.A.FA.R.F11._Z.EUR.XAU.M.N.ALL"", ""sourceValue"": ""4122.811214237872"", ""observationStatus"": ""A""}"
poland-gold,poland-gold--gold-pln,Polska · Wartość złota w PLN,Poland,Gold value in PLN,2013-03-31,2013-03,month,2013-03-01,17.235,mld PLN,monthly,derived,https://data-api.ecb.europa.eu/service/data/RAS/M.N.PL.W1.S121.S1.LE.A.FA.R.._Z....N.ALL?format=csvdata,2026-10-01T15:07:49.183268+00:00,"{""seriesKey"": ""RAS.M.N.PL.W1.S121.S1.LE.A.FA.R.F11._Z.PLN.XAU.M.N.ALL"", ""sourceValue"": ""17235"", ""observationStatus"": ""A""}"
poland-gold,poland-gold--monthly-change,Polska · Zmiana rezerw złota m/m,Poland,Monthly change in gold reserves,2013-03-31,2013-03,month,2013-03-01,0.0,tony / miesiąc,monthly,derived,https://api.db.nomics.world/v22/series/IMF/IRFCL/M.PL.RAFAGOLDV_OZT.S1X?observations=1,2026-10-01T15:12:12.903556+00:00,"{""additionalSourceIds"": [""gold-imf-volume""], ""formula"": ""tonnes(t) - tonnes(t-1)"", ""missingReason"": null}"
poland-gold,poland-gold--reserves-pln,Polska · Oficjalne aktywa rezerwowe,Poland,Official reserve assets,2013-03-31,2013-03,month,2013-03-01,354.806,mld PLN,monthly,derived,https://data-api.ecb.europa.eu/service/data/RAS/M.N.PL.W1.S121.S1.LE.A.FA.R.._Z....N.ALL?format=csvdata,2026-10-01T15:07:49.183268+00:00,"{""seriesKey"": ""RAS.M.N.PL.W1.S121.S1.LE.A.FA.R.F._Z.PLN.X1._X.N.ALL"", ""sourceValue"": ""354806"", ""observationStatus"": ""A""}"
poland-gold,poland-gold--share,Polska · Udział złota w rezerwach,Poland,Gold share of reserves,2013-03-31,2013-03,month,2013-03-01,4.857584144574782,% rezerw,monthly,derived,https://data-api.ecb.europa.eu/service/data/RAS/M.N.PL.W1.S121.S1.LE.A.FA.R.._Z....N.ALL?format=csvdata,2026-10-01T15:07:49.183268+00:00,"{""formula"": ""100 * gold_PLN / total_reserves_PLN"", ""goldValueMillions"": 17235.0, ""totalValueMillions"": 354806.0}"
poland-gold,poland-gold--tonnes,Polska · Rezerwy złota,Poland,Gold reserves,2013-03-31,2013-03,month,2013-03-01,102.9187298321952,tony,monthly,derived,https://api.db.nomics.world/v22/series/IMF/IRFCL/M.PL.RAFAGOLDV_OZT.S1X?observations=1,2026-10-01T15:12:12.903556+00:00,"{""sourceValue"": 3.308914, ""sourceUnit"": ""million fine troy ounces""}"
poland-gold,poland-gold--gold-eur,Polska · Wartość złota w EUR,Poland,Gold value in EUR,2013-04-30,2013-04,month,2013-04-01,3.7244602929838084,mld EUR,monthly,derived,https://data-api.ecb.europa.eu/service/data/RAS/M.N.PL.W1.S121.S1.LE.A.FA.R.._Z....N.ALL?format=csvdata,2026-10-01T15:07:49.183268+00:00,"{""seriesKey"": ""RAS.M.N.PL.W1.S121.S1.LE.A.FA.R.F11._Z.EUR.XAU.M.N.ALL"", ""sourceValue"": ""3724.4602929838084"", ""observationStatus"": ""A""}"
poland-gold,poland-gold--gold-pln,Polska · Wartość złota w PLN,Poland,Gold value in PLN,2013-04-30,2013-04,month,2013-04-01,15.458,mld PLN,monthly,derived,https://data-api.ecb.europa.eu/service/data/RAS/M.N.PL.W1.S121.S1.LE.A.FA.R.._Z....N.ALL?format=csvdata,2026-10-01T15:07:49.183268+00:00,"{""seriesKey"": ""RAS.M.N.PL.W1.S121.S1.LE.A.FA.R.F11._Z.PLN.XAU.M.N.ALL"", ""sourceValue"": ""15458"", ""observationStatus"": ""A""}"
poland-gold,poland-gold--monthly-change,Polska · Zmiana rezerw złota m/m,Poland,Monthly change in gold reserves,2013-04-30,2013-04,month,2013-04-01,0.0,tony / miesiąc,monthly,derived,https://api.db.nomics.world/v22/series/IMF/IRFCL/M.PL.RAFAGOLDV_OZT.S1X?observations=1,2026-10-01T15:12:12.903556+00:00,"{""additionalSourceIds"": [""gold-imf-volume""], ""formula"": ""tonnes(t) - tonnes(t-1)"", ""missingReason"": null}"
poland-gold,poland-gold--reserves-pln,Polska · Oficjalne aktywa rezerwowe,Poland,Official reserve assets,2013-04-30,2013-04,month,2013-04-01,346.057,mld PLN,monthly,derived,https://data-api.ecb.europa.eu/service/data/RAS/M.N.PL.W1.S121.S1.LE.A.FA.R.._Z....N.ALL?format=csvdata,2026-10-01T15:07:49.183268+00:00,"{""seriesKey"": ""RAS.M.N.PL.W1.S121.S1.LE.A.FA.R.F._Z.PLN.X1._X.N.ALL"", ""sourceValue"": ""346057"", ""observationStatus"": ""A""}"
poland-gold,poland-gold--share,Polska · Udział złota w rezerwach,Poland,Gold share of reserves,2013-04-30,2013-04,month,2013-04-01,4.466894182172301,% rezerw,monthly,derived,https://data-api.ecb.europa.eu/service/data/RAS/M.N.PL.W1.S121.S1.LE.A.FA.R.._Z....N.ALL?format=csvdata,2026-10-01T15:07:49.183268+00:00,"{""formula"": ""100 * gold_PLN / total_reserves_PLN"", ""goldValueMillions"": 15458.0, ""totalValueMillions"": 346057.0}"
poland-gold,poland-gold--tonnes,Polska · Rezerwy złota,Poland,Gold reserves,2013-04-30,2013-04,month,2013-04-01,102.9187298321952,tony,monthly,derived,https://api.db.nomics.world/v22/series/IMF/IRFCL/M.PL.RAFAGOLDV_OZT.S1X?observations=1,2026-10-01T15:12:12.903556+00:00,"{""sourceValue"": 3.308914, ""sourceUnit"": ""million fine troy ounces""}"
poland-gold,poland-gold--gold-eur,Polska · Wartość złota w EUR,Poland,Gold value in EUR,2013-05-31,2013-05,month,2013-05-01,3.593428678257618,mld EUR,monthly,derived,https://data-api.ecb.europa.eu/service/data/RAS/M.N.PL.W1.S121.S1.LE.A.FA.R.._Z....N.ALL?format=csvdata,2026-10-01T15:07:49.183268+00:00,"{""seriesKey"": ""RAS.M.N.PL.W1.S121.S1.LE.A.FA.R.F11._Z.EUR.XAU.M.N.ALL"", ""sourceValue"": ""3593.428678257618"", ""observationStatus"": ""A""}"
poland-gold,poland-gold--gold-pln,Polska · Wartość złota w PLN,Poland,Gold value in PLN,2013-05-31,2013-05,month,2013-05-01,15.377,mld PLN,monthly,derived,https://data-api.ecb.europa.eu/service/data/RAS/M.N.PL.W1.S121.S1.LE.A.FA.R.._Z....N.ALL?format=csvdata,2026-10-01T15:07:49.183268+00:00,"{""seriesKey"": ""RAS.M.N.PL.W1.S121.S1.LE.A.FA.R.F11._Z.PLN.XAU.M.N.ALL"", ""sourceValue"": ""15377"", ""observationStatus"": ""A""}"
poland-gold,poland-gold--monthly-change,Polska · Zmiana rezerw złota m/m,Poland,Monthly change in gold reserves,2013-05-31,2013-05,month,2013-05-01,0.0,tony / miesiąc,monthly,derived,https://api.db.nomics.world/v22/series/IMF/IRFCL/M.PL.RAFAGOLDV_OZT.S1X?observations=1,2026-10-01T15:12:12.903556+00:00,"{""additionalSourceIds"": [""gold-imf-volume""], ""formula"": ""tonnes(t) - tonnes(t-1)"", ""missingReason"": null}"
poland-gold,poland-gold--reserves-pln,Polska · Oficjalne aktywa rezerwowe,Poland,Official reserve assets,2013-05-31,2013-05,month,2013-05-01,363.231,mld PLN,monthly,derived,https://data-api.ecb.europa.eu/service/data/RAS/M.N.PL.W1.S121.S1.LE.A.FA.R.._Z....N.ALL?format=csvdata,2026-10-01T15:07:49.183268+00:00,"{""seriesKey"": ""RAS.M.N.PL.W1.S121.S1.LE.A.FA.R.F._Z.PLN.X1._X.N.ALL"", ""sourceValue"": ""363231"", ""observationStatus"": ""A""}"
poland-gold,poland-gold--share,Polska · Udział złota w rezerwach,Poland,Gold share of reserves,2013-05-31,2013-05,month,2013-05-01,4.233394176157872,% rezerw,monthly,derived,https://data-api.ecb.europa.eu/service/data/RAS/M.N.PL.W1.S121.S1.LE.A.FA.R.._Z....N.ALL?format=csvdata,2026-10-01T15:07:49.183268+00:00,"{""formula"": ""100 * gold_PLN / total_reserves_PLN"", ""goldValueMillions"": 15377.0, ""totalValueMillions"": 363231.0}"
poland-gold,poland-gold--tonnes,Polska · Rezerwy złota,Poland,Gold reserves,2013-05-31,2013-05,month,2013-05-01,102.9187298321952,tony,monthly,derived,https://api.db.nomics.world/v22/series/IMF/IRFCL/M.PL.RAFAGOLDV_OZT.S1X?observations=1,2026-10-01T15:12:12.903556+00:00,"{""sourceValue"": 3.308914, ""sourceUnit"": ""million fine troy ounces""}"
poland-gold,poland-gold--gold-eur,Polska · Wartość złota w EUR,Poland,Gold value in EUR,2013-06-30,2013-06,month,2013-06-01,3.045001844337883,mld EUR,monthly,derived,https://data-api.ecb.europa.eu/service/data/RAS/M.N.PL.W1.S121.S1.LE.A.FA.R.._Z....N.ALL?format=csvdata,2026-10-01T15:07:49.183268+00:00,"{""seriesKey"": ""RAS.M.N.PL.W1.S121.S1.LE.A.FA.R.F11._Z.EUR.XAU.M.N.ALL"", ""sourceValue"": ""3045.0018443378826"", ""observationStatus"": ""A""}"
poland-gold,poland-gold--gold-pln,Polska · Wartość złota w PLN,Poland,Gold value in PLN,2013-06-30,2013-06,month,2013-06-01,13.208,mld PLN,monthly,derived,https://data-api.ecb.europa.eu/service/data/RAS/M.N.PL.W1.S121.S1.LE.A.FA.R.._Z....N.ALL?format=csvdata,2026-10-01T15:07:49.183268+00:00,"{""seriesKey"": ""RAS.M.N.PL.W1.S121.S1.LE.A.FA.R.F11._Z.PLN.XAU.M.N.ALL"", ""sourceValue"": ""13208"", ""observationStatus"": ""A""}"
poland-gold,poland-gold--monthly-change,Polska · Zmiana rezerw złota m/m,Poland,Monthly change in gold reserves,2013-06-30,2013-06,month,2013-06-01,0.0,tony / miesiąc,monthly,derived,https://api.db.nomics.world/v22/series/IMF/IRFCL/M.PL.RAFAGOLDV_OZT.S1X?observations=1,2026-10-01T15:12:12.903556+00:00,"{""additionalSourceIds"": [""gold-imf-volume""], ""formula"": ""tonnes(t) - tonnes(t-1)"", ""missingReason"": null}"
poland-gold,poland-gold--reserves-pln,Polska · Oficjalne aktywa rezerwowe,Poland,Official reserve assets,2013-06-30,2013-06,month,2013-06-01,354.69,mld PLN,monthly,derived,https://data-api.ecb.europa.eu/service/data/RAS/M.N.PL.W1.S121.S1.LE.A.FA.R.._Z....N.ALL?format=csvdata,2026-10-01T15:07:49.183268+00:00,"{""seriesKey"": ""RAS.M.N.PL.W1.S121.S1.LE.A.FA.R.F._Z.PLN.X1._X.N.ALL"", ""sourceValue"": ""354690"", ""observationStatus"": ""A""}"
poland-gold,poland-gold--share,Polska · Udział złota w rezerwach,Poland,Gold share of reserves,2013-06-30,2013-06,month,2013-06-01,3.723815162536299,% rezerw,monthly,derived,https://data-api.ecb.europa.eu/service/data/RAS/M.N.PL.W1.S121.S1.LE.A.FA.R.._Z....N.ALL?format=csvdata,2026-10-01T15:07:49.183268+00:00,"{""formula"": ""100 * gold_PLN / total_reserves_PLN"", ""goldValueMillions"": 13208.0, ""totalValueMillions"": 354690.0}"
poland-gold,poland-gold--tonnes,Polska · Rezerwy złota,Poland,Gold reserves,2013-06-30,2013-06,month,2013-06-01,102.9187298321952,tony,monthly,derived,https://api.db.nomics.world/v22/series/IMF/IRFCL/M.PL.RAFAGOLDV_OZT.S1X?observations=1,2026-10-01T15:12:12.903556+00:00,"{""sourceValue"": 3.308914, ""sourceUnit"": ""million fine troy ounces""}"
poland-gold,poland-gold--gold-eur,Polska · Wartość złota w EUR,Poland,Gold value in EUR,2013-07-31,2013-07,month,2013-07-01,3.3200377625678543,mld EUR,monthly,derived,https://data-api.ecb.europa.eu/service/data/RAS/M.N.PL.W1.S121.S1.LE.A.FA.R.._Z....N.ALL?format=csvdata,2026-10-01T15:07:49.183268+00:00,"{""seriesKey"": ""RAS.M.N.PL.W1.S121.S1.LE.A.FA.R.F11._Z.EUR.XAU.M.N.ALL"", ""sourceValue"": ""3320.0377625678543"", ""observationStatus"": ""A""}"
poland-gold,poland-gold--gold-pln,Polska · Wartość złota w PLN,Poland,Gold value in PLN,2013-07-31,2013-07,month,2013-07-01,14.067,mld PLN,monthly,derived,https://data-api.ecb.europa.eu/service/data/RAS/M.N.PL.W1.S121.S1.LE.A.FA.R.._Z....N.ALL?format=csvdata,2026-10-01T15:07:49.183268+00:00,"{""seriesKey"": ""RAS.M.N.PL.W1.S121.S1.LE.A.FA.R.F11._Z.PLN.XAU.M.N.ALL"", ""sourceValue"": ""14067"", ""observationStatus"": ""A""}"
poland-gold,poland-gold--monthly-change,Polska · Zmiana rezerw złota m/m,Poland,Monthly change in gold reserves,2013-07-31,2013-07,month,2013-07-01,0.0,tony / miesiąc,monthly,derived,https://api.db.nomics.world/v22/series/IMF/IRFCL/M.PL.RAFAGOLDV_OZT.S1X?observations=1,2026-10-01T15:12:12.903556+00:00,"{""additionalSourceIds"": [""gold-imf-volume""], ""formula"": ""tonnes(t) - tonnes(t-1)"", ""missingReason"": null}"
poland-gold,poland-gold--reserves-pln,Polska · Oficjalne aktywa rezerwowe,Poland,Official reserve assets,2013-07-31,2013-07,month,2013-07-01,351.633,mld PLN,monthly,derived,https://data-api.ecb.europa.eu/service/data/RAS/M.N.PL.W1.S121.S1.LE.A.FA.R.._Z....N.ALL?format=csvdata,2026-10-01T15:07:49.183268+00:00,"{""seriesKey"": ""RAS.M.N.PL.W1.S121.S1.LE.A.FA.R.F._Z.PLN.X1._X.N.ALL"", ""sourceValue"": ""351633"", ""observationStatus"": ""A""}"
poland-gold,poland-gold--share,Polska · Udział złota w rezerwach,Poland,Gold share of reserves,2013-07-31,2013-07,month,2013-07-01,4.000477770857684,% rezerw,monthly,derived,https://data-api.ecb.europa.eu/service/data/RAS/M.N.PL.W1.S121.S1.LE.A.FA.R.._Z....N.ALL?format=csvdata,2026-10-01T15:07:49.183268+00:00,"{""formula"": ""100 * gold_PLN / total_reserves_PLN"", ""goldValueMillions"": 14067.0, ""totalValueMillions"": 351633.0}"
poland-gold,poland-gold--tonnes,Polska · Rezerwy złota,Poland,Gold reserves,2013-07-31,2013-07,month,2013-07-01,102.9187298321952,tony,monthly,derived,https://api.db.nomics.world/v22/series/IMF/IRFCL/M.PL.RAFAGOLDV_OZT.S1X?observations=1,2026-10-01T15:12:12.903556+00:00,"{""sourceValue"": 3.308914, ""sourceUnit"": ""million fine troy ounces""}"
poland-gold,poland-gold--gold-eur,Polska · Wartość złota w EUR,Poland,Gold value in EUR,2013-08-31,2013-08,month,2013-08-01,3.4815753055145073,mld EUR,monthly,derived,https://data-api.ecb.europa.eu/service/data/RAS/M.N.PL.W1.S121.S1.LE.A.FA.R.._Z....N.ALL?format=csvdata,2026-10-01T15:07:49.183268+00:00,"{""seriesKey"": ""RAS.M.N.PL.W1.S121.S1.LE.A.FA.R.F11._Z.EUR.XAU.M.N.ALL"", ""sourceValue"": ""3481.5753055145074"", ""observationStatus"": ""A""}"
poland-gold,poland-gold--gold-pln,Polska · Wartość złota w PLN,Poland,Gold value in PLN,2013-08-31,2013-08,month,2013-08-01,14.843,mld PLN,monthly,derived,https://data-api.ecb.europa.eu/service/data/RAS/M.N.PL.W1.S121.S1.LE.A.FA.R.._Z....N.ALL?format=csvdata,2026-10-01T15:07:49.183268+00:00,"{""seriesKey"": ""RAS.M.N.PL.W1.S121.S1.LE.A.FA.R.F11._Z.PLN.XAU.M.N.ALL"", ""sourceValue"": ""14843"", ""observationStatus"": ""A""}"
poland-gold,poland-gold--monthly-change,Polska · Zmiana rezerw złota m/m,Poland,Monthly change in gold reserves,2013-08-31,2013-08,month,2013-08-01,0.0,tony / miesiąc,monthly,derived,https://api.db.nomics.world/v22/series/IMF/IRFCL/M.PL.RAFAGOLDV_OZT.S1X?observations=1,2026-10-01T15:12:12.903556+00:00,"{""additionalSourceIds"": [""gold-imf-volume""], ""formula"": ""tonnes(t) - tonnes(t-1)"", ""missingReason"": null}"
poland-gold,poland-gold--reserves-pln,Polska · Oficjalne aktywa rezerwowe,Poland,Official reserve assets,2013-08-31,2013-08,month,2013-08-01,352.338,mld PLN,monthly,derived,https://data-api.ecb.europa.eu/service/data/RAS/M.N.PL.W1.S121.S1.LE.A.FA.R.._Z....N.ALL?format=csvdata,2026-10-01T15:07:49.183268+00:00,"{""seriesKey"": ""RAS.M.N.PL.W1.S121.S1.LE.A.FA.R.F._Z.PLN.X1._X.N.ALL"", ""sourceValue"": ""352338"", ""observationStatus"": ""A""}"
poland-gold,poland-gold--share,Polska · Udział złota w rezerwach,Poland,Gold share of reserves,2013-08-31,2013-08,month,2013-08-01,4.21271619865016,% rezerw,monthly,derived,https://data-api.ecb.europa.eu/service/data/RAS/M.N.PL.W1.S121.S1.LE.A.FA.R.._Z....N.ALL?format=csvdata,2026-10-01T15:07:49.183268+00:00,"{""formula"": ""100 * gold_PLN / total_reserves_PLN"", ""goldValueMillions"": 14843.0, ""totalValueMillions"": 352338.0}"
poland-gold,poland-gold--tonnes,Polska · Rezerwy złota,Poland,Gold reserves,2013-08-31,2013-08,month,2013-08-01,102.9187298321952,tony,monthly,derived,https://api.db.nomics.world/v22/series/IMF/IRFCL/M.PL.RAFAGOLDV_OZT.S1X?observations=1,2026-10-01T15:12:12.903556+00:00,"{""sourceValue"": 3.308914, ""sourceUnit"": ""million fine troy ounces""}"
poland-gold,poland-gold--gold-eur,Polska · Wartość złota w EUR,Poland,Gold value in EUR,2013-09-30,2013-09,month,2013-09-01,3.2638100643208476,mld EUR,monthly,derived,https://data-api.ecb.europa.eu/service/data/RAS/M.N.PL.W1.S121.S1.LE.A.FA.R.._Z....N.ALL?format=csvdata,2026-10-01T15:07:49.183268+00:00,"{""seriesKey"": ""RAS.M.N.PL.W1.S121.S1.LE.A.FA.R.F11._Z.EUR.XAU.M.N.ALL"", ""sourceValue"": ""3263.8100643208477"", ""observationStatus"": ""A""}"
poland-gold,poland-gold--gold-pln,Polska · Wartość złota w PLN,Poland,Gold value in PLN,2013-09-30,2013-09,month,2013-09-01,13.802,mld PLN,monthly,derived,https://data-api.ecb.europa.eu/service/data/RAS/M.N.PL.W1.S121.S1.LE.A.FA.R.._Z....N.ALL?format=csvdata,2026-10-01T15:07:49.183268+00:00,"{""seriesKey"": ""RAS.M.N.PL.W1.S121.S1.LE.A.FA.R.F11._Z.PLN.XAU.M.N.ALL"", ""sourceValue"": ""13802"", ""observationStatus"": ""A""}"
poland-gold,poland-gold--monthly-change,Polska · Zmiana rezerw złota m/m,Poland,Monthly change in gold reserves,2013-09-30,2013-09,month,2013-09-01,0.0,tony / miesiąc,monthly,derived,https://api.db.nomics.world/v22/series/IMF/IRFCL/M.PL.RAFAGOLDV_OZT.S1X?observations=1,2026-10-01T15:12:12.903556+00:00,"{""additionalSourceIds"": [""gold-imf-volume""], ""formula"": ""tonnes(t) - tonnes(t-1)"", ""missingReason"": null}"
poland-gold,poland-gold--reserves-pln,Polska · Oficjalne aktywa rezerwowe,Poland,Official reserve assets,2013-09-30,2013-09,month,2013-09-01,333.7,mld PLN,monthly,derived,https://data-api.ecb.europa.eu/service/data/RAS/M.N.PL.W1.S121.S1.LE.A.FA.R.._Z....N.ALL?format=csvdata,2026-10-01T15:07:49.183268+00:00,"{""seriesKey"": ""RAS.M.N.PL.W1.S121.S1.LE.A.FA.R.F._Z.PLN.X1._X.N.ALL"", ""sourceValue"": ""333700"", ""observationStatus"": ""A""}"
poland-gold,poland-gold--share,Polska · Udział złota w rezerwach,Poland,Gold share of reserves,2013-09-30,2013-09,month,2013-09-01,4.136050344620917,% rezerw,monthly,derived,https://data-api.ecb.europa.eu/service/data/RAS/M.N.PL.W1.S121.S1.LE.A.FA.R.._Z....N.ALL?format=csvdata,2026-10-01T15:07:49.183268+00:00,"{""formula"": ""100 * gold_PLN / total_reserves_PLN"", ""goldValueMillions"": 13802.0, ""totalValueMillions"": 333700.0}"
poland-gold,poland-gold--tonnes,Polska · Rezerwy złota,Poland,Gold reserves,2013-09-30,2013-09,month,2013-09-01,102.9187298321952,tony,monthly,derived,https://api.db.nomics.world/v22/series/IMF/IRFCL/M.PL.RAFAGOLDV_OZT.S1X?observations=1,2026-10-01T15:12:12.903556+00:00,"{""sourceValue"": 3.308914, ""sourceUnit"": ""million fine troy ounces""}"
poland-gold,poland-gold--gold-eur,Polska · Wartość złota w EUR,Poland,Gold value in EUR,2013-10-31,2013-10,month,2013-10-01,3.2221238302658977,mld EUR,monthly,derived,https://data-api.ecb.europa.eu/service/data/RAS/M.N.PL.W1.S121.S1.LE.A.FA.R.._Z....N.ALL?format=csvdata,2026-10-01T15:07:49.183268+00:00,"{""seriesKey"": ""RAS.M.N.PL.W1.S121.S1.LE.A.FA.R.F11._Z.EUR.XAU.M.N.ALL"", ""sourceValue"": ""3222.1238302658976"", ""observationStatus"": ""A""}"
poland-gold,poland-gold--gold-pln,Polska · Wartość złota w PLN,Poland,Gold value in PLN,2013-10-31,2013-10,month,2013-10-01,13.463,mld PLN,monthly,derived,https://data-api.ecb.europa.eu/service/data/RAS/M.N.PL.W1.S121.S1.LE.A.FA.R.._Z....N.ALL?format=csvdata,2026-10-01T15:07:49.183268+00:00,"{""seriesKey"": ""RAS.M.N.PL.W1.S121.S1.LE.A.FA.R.F11._Z.PLN.XAU.M.N.ALL"", ""sourceValue"": ""13463"", ""observationStatus"": ""A""}"
poland-gold,poland-gold--monthly-change,Polska · Zmiana rezerw złota m/m,Poland,Monthly change in gold reserves,2013-10-31,2013-10,month,2013-10-01,0.0,tony / miesiąc,monthly,derived,https://api.db.nomics.world/v22/series/IMF/IRFCL/M.PL.RAFAGOLDV_OZT.S1X?observations=1,2026-10-01T15:12:12.903556+00:00,"{""additionalSourceIds"": [""gold-imf-volume""], ""formula"": ""tonnes(t) - tonnes(t-1)"", ""missingReason"": null}"
poland-gold,poland-gold--reserves-pln,Polska · Oficjalne aktywa rezerwowe,Poland,Official reserve assets,2013-10-31,2013-10,month,2013-10-01,321.983,mld PLN,monthly,derived,https://data-api.ecb.europa.eu/service/data/RAS/M.N.PL.W1.S121.S1.LE.A.FA.R.._Z....N.ALL?format=csvdata,2026-10-01T15:07:49.183268+00:00,"{""seriesKey"": ""RAS.M.N.PL.W1.S121.S1.LE.A.FA.R.F._Z.PLN.X1._X.N.ALL"", ""sourceValue"": ""321983"", ""observationStatus"": ""A""}"
poland-gold,poland-gold--share,Polska · Udział złota w rezerwach,Poland,Gold share of reserves,2013-10-31,2013-10,month,2013-10-01,4.181276651251774,% rezerw,monthly,derived,https://data-api.ecb.europa.eu/service/data/RAS/M.N.PL.W1.S121.S1.LE.A.FA.R.._Z....N.ALL?format=csvdata,2026-10-01T15:07:49.183268+00:00,"{""formula"": ""100 * gold_PLN / total_reserves_PLN"", ""goldValueMillions"": 13463.0, ""totalValueMillions"": 321983.0}"
poland-gold,poland-gold--tonnes,Polska · Rezerwy złota,Poland,Gold reserves,2013-10-31,2013-10,month,2013-10-01,102.9187298321952,tony,monthly,derived,https://api.db.nomics.world/v22/series/IMF/IRFCL/M.PL.RAFAGOLDV_OZT.S1X?observations=1,2026-10-01T15:12:12.903556+00:00,"{""sourceValue"": 3.308914, ""sourceUnit"": ""million fine troy ounces""}"
poland-gold,poland-gold--gold-eur,Polska · Wartość złota w EUR,Poland,Gold value in EUR,2013-11-30,2013-11,month,2013-11-01,3.021635758440323,mld EUR,monthly,derived,https://data-api.ecb.europa.eu/service/data/RAS/M.N.PL.W1.S121.S1.LE.A.FA.R.._Z....N.ALL?format=csvdata,2026-10-01T15:07:49.183268+00:00,"{""seriesKey"": ""RAS.M.N.PL.W1.S121.S1.LE.A.FA.R.F11._Z.EUR.XAU.M.N.ALL"", ""sourceValue"": ""3021.635758440323"", ""observationStatus"": ""A""}"
poland-gold,poland-gold--gold-pln,Polska · Wartość złota w PLN,Poland,Gold value in PLN,2013-11-30,2013-11,month,2013-11-01,12.709,mld PLN,monthly,derived,https://data-api.ecb.europa.eu/service/data/RAS/M.N.PL.W1.S121.S1.LE.A.FA.R.._Z....N.ALL?format=csvdata,2026-10-01T15:07:49.183268+00:00,"{""seriesKey"": ""RAS.M.N.PL.W1.S121.S1.LE.A.FA.R.F11._Z.PLN.XAU.M.N.ALL"", ""sourceValue"": ""12709"", ""observationStatus"": ""A""}"
poland-gold,poland-gold--monthly-change,Polska · Zmiana rezerw złota m/m,Poland,Monthly change in gold reserves,2013-11-30,2013-11,month,2013-11-01,0.0,tony / miesiąc,monthly,derived,https://api.db.nomics.world/v22/series/IMF/IRFCL/M.PL.RAFAGOLDV_OZT.S1X?observations=1,2026-10-01T15:12:12.903556+00:00,"{""additionalSourceIds"": [""gold-imf-volume""], ""formula"": ""tonnes(t) - tonnes(t-1)"", ""missingReason"": null}"
poland-gold,poland-gold--reserves-pln,Polska · Oficjalne aktywa rezerwowe,Poland,Official reserve assets,2013-11-30,2013-11,month,2013-11-01,330.2,mld PLN,monthly,derived,https://data-api.ecb.europa.eu/service/data/RAS/M.N.PL.W1.S121.S1.LE.A.FA.R.._Z....N.ALL?format=csvdata,2026-10-01T15:07:49.183268+00:00,"{""seriesKey"": ""RAS.M.N.PL.W1.S121.S1.LE.A.FA.R.F._Z.PLN.X1._X.N.ALL"", ""sourceValue"": ""330200"", ""observationStatus"": ""A""}"
poland-gold,poland-gold--share,Polska · Udział złota w rezerwach,Poland,Gold share of reserves,2013-11-30,2013-11,month,2013-11-01,3.848879466989703,% rezerw,monthly,derived,https://data-api.ecb.europa.eu/service/data/RAS/M.N.PL.W1.S121.S1.LE.A.FA.R.._Z....N.ALL?format=csvdata,2026-10-01T15:07:49.183268+00:00,"{""formula"": ""100 * gold_PLN / total_reserves_PLN"", ""goldValueMillions"": 12709.0, ""totalValueMillions"": 330200.0}"
poland-gold,poland-gold--tonnes,Polska · Rezerwy złota,Poland,Gold reserves,2013-11-30,2013-11,month,2013-11-01,102.9187298321952,tony,monthly,derived,https://api.db.nomics.world/v22/series/IMF/IRFCL/M.PL.RAFAGOLDV_OZT.S1X?observations=1,2026-10-01T15:12:12.903556+00:00,"{""sourceValue"": 3.308914, ""sourceUnit"": ""million fine troy ounces""}"
poland-gold,poland-gold--gold-eur,Polska · Wartość złota w EUR,Poland,Gold value in EUR,2013-12-31,2013-12,month,2013-12-01,2.8825554244999156,mld EUR,monthly,derived,https://data-api.ecb.europa.eu/service/data/RAS/M.N.PL.W1.S121.S1.LE.A.FA.R.._Z....N.ALL?format=csvdata,2026-10-01T15:07:49.183268+00:00,"{""seriesKey"": ""RAS.M.N.PL.W1.S121.S1.LE.A.FA.R.F11._Z.EUR.XAU.M.N.ALL"", ""sourceValue"": ""2882.5554244999157"", ""observationStatus"": ""A""}"
poland-gold,poland-gold--gold-pln,Polska · Wartość złota w PLN,Poland,Gold value in PLN,2013-12-31,2013-12,month,2013-12-01,11.975,mld PLN,monthly,derived,https://data-api.ecb.europa.eu/service/data/RAS/M.N.PL.W1.S121.S1.LE.A.FA.R.._Z....N.ALL?format=csvdata,2026-10-01T15:07:49.183268+00:00,"{""seriesKey"": ""RAS.M.N.PL.W1.S121.S1.LE.A.FA.R.F11._Z.PLN.XAU.M.N.ALL"", ""sourceValue"": ""11975"", ""observationStatus"": ""A""}"
poland-gold,poland-gold--monthly-change,Polska · Zmiana rezerw złota m/m,Poland,Monthly change in gold reserves,2013-12-31,2013-12,month,2013-12-01,0.0,tony / miesiąc,monthly,derived,https://api.db.nomics.world/v22/series/IMF/IRFCL/M.PL.RAFAGOLDV_OZT.S1X?observations=1,2026-10-01T15:12:12.903556+00:00,"{""additionalSourceIds"": [""gold-imf-volume""], ""formula"": ""tonnes(t) - tonnes(t-1)"", ""missingReason"": null}"
poland-gold,poland-gold--reserves-pln,Polska · Oficjalne aktywa rezerwowe,Poland,Official reserve assets,2013-12-31,2013-12,month,2013-12-01,319.933,mld PLN,monthly,derived,https://data-api.ecb.europa.eu/service/data/RAS/M.N.PL.W1.S121.S1.LE.A.FA.R.._Z....N.ALL?format=csvdata,2026-10-01T15:07:49.183268+00:00,"{""seriesKey"": ""RAS.M.N.PL.W1.S121.S1.LE.A.FA.R.F._Z.PLN.X1._X.N.ALL"", ""sourceValue"": ""319933"", ""observationStatus"": ""A""}"
poland-gold,poland-gold--share,Polska · Udział złota w rezerwach,Poland,Gold share of reserves,2013-12-31,2013-12,month,2013-12-01,3.7429711845917737,% rezerw,monthly,derived,https://data-api.ecb.europa.eu/service/data/RAS/M.N.PL.W1.S121.S1.LE.A.FA.R.._Z....N.ALL?format=csvdata,2026-10-01T15:07:49.183268+00:00,"{""formula"": ""100 * gold_PLN / total_reserves_PLN"", ""goldValueMillions"": 11975.0, ""totalValueMillions"": 319933.0}"
poland-gold,poland-gold--tonnes,Polska · Rezerwy złota,Poland,Gold reserves,2013-12-31,2013-12,month,2013-12-01,102.9187298321952,tony,monthly,derived,https://api.db.nomics.world/v22/series/IMF/IRFCL/M.PL.RAFAGOLDV_OZT.S1X?observations=1,2026-10-01T15:12:12.903556+00:00,"{""sourceValue"": 3.308914, ""sourceUnit"": ""million fine troy ounces""}"
poland-gold,poland-gold--gold-eur,Polska · Wartość złota w EUR,Poland,Gold value in EUR,2014-01-31,2014-01,month,2014-01-01,,mld EUR,monthly,derived,https://data-api.ecb.europa.eu/service/data/RAS/M.N.PL.W1.S121.S1.LE.A.FA.R.._Z....N.ALL?format=csvdata,2026-10-01T15:07:49.183268+00:00,"{""missingReason"": ""No observation in ECB snapshot""}"
poland-gold,poland-gold--gold-pln,Polska · Wartość złota w PLN,Poland,Gold value in PLN,2014-01-31,2014-01,month,2014-01-01,,mld PLN,monthly,derived,https://data-api.ecb.europa.eu/service/data/RAS/M.N.PL.W1.S121.S1.LE.A.FA.R.._Z....N.ALL?format=csvdata,2026-10-01T15:07:49.183268+00:00,"{""missingReason"": ""No observation in ECB snapshot""}"
poland-gold,poland-gold--monthly-change,Polska · Zmiana rezerw złota m/m,Poland,Monthly change in gold reserves,2014-01-31,2014-01,month,2014-01-01,0.0,tony / miesiąc,monthly,derived,https://api.db.nomics.world/v22/series/IMF/IRFCL/M.PL.RAFAGOLDV_OZT.S1X?observations=1,2026-10-01T15:12:12.903556+00:00,"{""additionalSourceIds"": [""gold-imf-volume""], ""formula"": ""tonnes(t) - tonnes(t-1)"", ""missingReason"": null}"
poland-gold,poland-gold--reserves-pln,Polska · Oficjalne aktywa rezerwowe,Poland,Official reserve assets,2014-01-31,2014-01,month,2014-01-01,,mld PLN,monthly,derived,https://data-api.ecb.europa.eu/service/data/RAS/M.N.PL.W1.S121.S1.LE.A.FA.R.._Z....N.ALL?format=csvdata,2026-10-01T15:07:49.183268+00:00,"{""missingReason"": ""No observation in ECB snapshot""}"
poland-gold,poland-gold--share,Polska · Udział złota w rezerwach,Poland,Gold share of reserves,2014-01-31,2014-01,month,2014-01-01,,% rezerw,monthly,derived,https://data-api.ecb.europa.eu/service/data/RAS/M.N.PL.W1.S121.S1.LE.A.FA.R.._Z....N.ALL?format=csvdata,2026-10-01T15:07:49.183268+00:00,"{""missingReason"": ""Needs both same-month valuations""}"
poland-gold,poland-gold--tonnes,Polska · Rezerwy złota,Poland,Gold reserves,2014-01-31,2014-01,month,2014-01-01,102.9187298321952,tony,monthly,derived,https://api.db.nomics.world/v22/series/IMF/IRFCL/M.PL.RAFAGOLDV_OZT.S1X?observations=1,2026-10-01T15:12:12.903556+00:00,"{""sourceValue"": 3.308914, ""sourceUnit"": ""million fine troy ounces""}"
poland-gold,poland-gold--gold-eur,Polska · Wartość złota w EUR,Poland,Gold value in EUR,2014-02-28,2014-02,month,2014-02-01,,mld EUR,monthly,derived,https://data-api.ecb.europa.eu/service/data/RAS/M.N.PL.W1.S121.S1.LE.A.FA.R.._Z....N.ALL?format=csvdata,2026-10-01T15:07:49.183268+00:00,"{""missingReason"": ""No observation in ECB snapshot""}"
poland-gold,poland-gold--gold-pln,Polska · Wartość złota w PLN,Poland,Gold value in PLN,2014-02-28,2014-02,month,2014-02-01,,mld PLN,monthly,derived,https://data-api.ecb.europa.eu/service/data/RAS/M.N.PL.W1.S121.S1.LE.A.FA.R.._Z....N.ALL?format=csvdata,2026-10-01T15:07:49.183268+00:00,"{""missingReason"": ""No observation in ECB snapshot""}"
poland-gold,poland-gold--monthly-change,Polska · Zmiana rezerw złota m/m,Poland,Monthly change in gold reserves,2014-02-28,2014-02,month,2014-02-01,0.0,tony / miesiąc,monthly,derived,https://api.db.nomics.world/v22/series/IMF/IRFCL/M.PL.RAFAGOLDV_OZT.S1X?observations=1,2026-10-01T15:12:12.903556+00:00,"{""additionalSourceIds"": [""gold-imf-volume""], ""formula"": ""tonnes(t) - tonnes(t-1)"", ""missingReason"": null}"
poland-gold,poland-gold--reserves-pln,Polska · Oficjalne aktywa rezerwowe,Poland,Official reserve assets,2014-02-28,2014-02,month,2014-02-01,,mld PLN,monthly,derived,https://data-api.ecb.europa.eu/service/data/RAS/M.N.PL.W1.S121.S1.LE.A.FA.R.._Z....N.ALL?format=csvdata,2026-10-01T15:07:49.183268+00:00,"{""missingReason"": ""No observation in ECB snapshot""}"
poland-gold,poland-gold--share,Polska · Udział złota w rezerwach,Poland,Gold share of reserves,2014-02-28,2014-02,month,2014-02-01,,% rezerw,monthly,derived,https://data-api.ecb.europa.eu/service/data/RAS/M.N.PL.W1.S121.S1.LE.A.FA.R.._Z....N.ALL?format=csvdata,2026-10-01T15:07:49.183268+00:00,"{""missingReason"": ""Needs both same-month valuations""}"
poland-gold,poland-gold--tonnes,Polska · Rezerwy złota,Poland,Gold reserves,2014-02-28,2014-02,month,2014-02-01,102.9187298321952,tony,monthly,derived,https://api.db.nomics.world/v22/series/IMF/IRFCL/M.PL.RAFAGOLDV_OZT.S1X?observations=1,2026-10-01T15:12:12.903556+00:00,"{""sourceValue"": 3.308914, ""sourceUnit"": ""million fine troy ounces""}"
poland-gold,poland-gold--gold-eur,Polska · Wartość złota w EUR,Poland,Gold value in EUR,2014-03-31,2014-03,month,2014-03-01,,mld EUR,monthly,derived,https://data-api.ecb.europa.eu/service/data/RAS/M.N.PL.W1.S121.S1.LE.A.FA.R.._Z....N.ALL?format=csvdata,2026-10-01T15:07:49.183268+00:00,"{""missingReason"": ""No observation in ECB snapshot""}"
poland-gold,poland-gold--gold-pln,Polska · Wartość złota w PLN,Poland,Gold value in PLN,2014-03-31,2014-03,month,2014-03-01,,mld PLN,monthly,derived,https://data-api.ecb.europa.eu/service/data/RAS/M.N.PL.W1.S121.S1.LE.A.FA.R.._Z....N.ALL?format=csvdata,2026-10-01T15:07:49.183268+00:00,"{""missingReason"": ""No observation in ECB snapshot""}"
poland-gold,poland-gold--monthly-change,Polska · Zmiana rezerw złota m/m,Poland,Monthly change in gold reserves,2014-03-31,2014-03,month,2014-03-01,0.0,tony / miesiąc,monthly,derived,https://api.db.nomics.world/v22/series/IMF/IRFCL/M.PL.RAFAGOLDV_OZT.S1X?observations=1,2026-10-01T15:12:12.903556+00:00,"{""additionalSourceIds"": [""gold-imf-volume""], ""formula"": ""tonnes(t) - tonnes(t-1)"", ""missingReason"": null}"
poland-gold,poland-gold--reserves-pln,Polska · Oficjalne aktywa rezerwowe,Poland,Official reserve assets,2014-03-31,2014-03,month,2014-03-01,,mld PLN,monthly,derived,https://data-api.ecb.europa.eu/service/data/RAS/M.N.PL.W1.S121.S1.LE.A.FA.R.._Z....N.ALL?format=csvdata,2026-10-01T15:07:49.183268+00:00,"{""missingReason"": ""No observation in ECB snapshot""}"
poland-gold,poland-gold--share,Polska · Udział złota w rezerwach,Poland,Gold share of reserves,2014-03-31,2014-03,month,2014-03-01,,% rezerw,monthly,derived,https://data-api.ecb.europa.eu/service/data/RAS/M.N.PL.W1.S121.S1.LE.A.FA.R.._Z....N.ALL?format=csvdata,2026-10-01T15:07:49.183268+00:00,"{""missingReason"": ""Needs both same-month valuations""}"
poland-gold,poland-gold--tonnes,Polska · Rezerwy złota,Poland,Gold reserves,2014-03-31,2014-03,month,2014-03-01,102.9187298321952,tony,monthly,derived,https://api.db.nomics.world/v22/series/IMF/IRFCL/M.PL.RAFAGOLDV_OZT.S1X?observations=1,2026-10-01T15:12:12.903556+00:00,"{""sourceValue"": 3.308914, ""sourceUnit"": ""million fine troy ounces""}"
poland-gold,poland-gold--gold-eur,Polska · Wartość złota w EUR,Poland,Gold value in EUR,2014-04-30,2014-04,month,2014-04-01,,mld EUR,monthly,derived,https://data-api.ecb.europa.eu/service/data/RAS/M.N.PL.W1.S121.S1.LE.A.FA.R.._Z....N.ALL?format=csvdata,2026-10-01T15:07:49.183268+00:00,"{""missingReason"": ""No observation in ECB snapshot""}"
poland-gold,poland-gold--gold-pln,Polska · Wartość złota w PLN,Poland,Gold value in PLN,2014-04-30,2014-04,month,2014-04-01,,mld PLN,monthly,derived,https://data-api.ecb.europa.eu/service/data/RAS/M.N.PL.W1.S121.S1.LE.A.FA.R.._Z....N.ALL?format=csvdata,2026-10-01T15:07:49.183268+00:00,"{""missingReason"": ""No observation in ECB snapshot""}"
poland-gold,poland-gold--monthly-change,Polska · Zmiana rezerw złota m/m,Poland,Monthly change in gold reserves,2014-04-30,2014-04,month,2014-04-01,0.0,tony / miesiąc,monthly,derived,https://api.db.nomics.world/v22/series/IMF/IRFCL/M.PL.RAFAGOLDV_OZT.S1X?observations=1,2026-10-01T15:12:12.903556+00:00,"{""additionalSourceIds"": [""gold-imf-volume""], ""formula"": ""tonnes(t) - tonnes(t-1)"", ""missingReason"": null}"
poland-gold,poland-gold--reserves-pln,Polska · Oficjalne aktywa rezerwowe,Poland,Official reserve assets,2014-04-30,2014-04,month,2014-04-01,,mld PLN,monthly,derived,https://data-api.ecb.europa.eu/service/data/RAS/M.N.PL.W1.S121.S1.LE.A.FA.R.._Z....N.ALL?format=csvdata,2026-10-01T15:07:49.183268+00:00,"{""missingReason"": ""No observation in ECB snapshot""}"
poland-gold,poland-gold--share,Polska · Udział złota w rezerwach,Poland,Gold share of reserves,2014-04-30,2014-04,month,2014-04-01,,% rezerw,monthly,derived,https://data-api.ecb.europa.eu/service/data/RAS/M.N.PL.W1.S121.S1.LE.A.FA.R.._Z....N.ALL?format=csvdata,2026-10-01T15:07:49.183268+00:00,"{""missingReason"": ""Needs both same-month valuations""}"
poland-gold,poland-gold--tonnes,Polska · Rezerwy złota,Poland,Gold reserves,2014-04-30,2014-04,month,2014-04-01,102.9187298321952,tony,monthly,derived,https://api.db.nomics.world/v22/series/IMF/IRFCL/M.PL.RAFAGOLDV_OZT.S1X?observations=1,2026-10-01T15:12:12.903556+00:00,"{""sourceValue"": 3.308914, ""sourceUnit"": ""million fine troy ounces""}"
poland-gold,poland-gold--gold-eur,Polska · Wartość złota w EUR,Poland,Gold value in EUR,2014-05-31,2014-05,month,2014-05-01,,mld EUR,monthly,derived,https://data-api.ecb.europa.eu/service/data/RAS/M.N.PL.W1.S121.S1.LE.A.FA.R.._Z....N.ALL?format=csvdata,2026-10-01T15:07:49.183268+00:00,"{""missingReason"": ""No observation in ECB snapshot""}"
poland-gold,poland-gold--gold-pln,Polska · Wartość złota w PLN,Poland,Gold value in PLN,2014-05-31,2014-05,month,2014-05-01,,mld PLN,monthly,derived,https://data-api.ecb.europa.eu/service/data/RAS/M.N.PL.W1.S121.S1.LE.A.FA.R.._Z....N.ALL?format=csvdata,2026-10-01T15:07:49.183268+00:00,"{""missingReason"": ""No observation in ECB snapshot""}"
poland-gold,poland-gold--monthly-change,Polska · Zmiana rezerw złota m/m,Poland,Monthly change in gold reserves,2014-05-31,2014-05,month,2014-05-01,0.0,tony / miesiąc,monthly,derived,https://api.db.nomics.world/v22/series/IMF/IRFCL/M.PL.RAFAGOLDV_OZT.S1X?observations=1,2026-10-01T15:12:12.903556+00:00,"{""additionalSourceIds"": [""gold-imf-volume""], ""formula"": ""tonnes(t) - tonnes(t-1)"", ""missingReason"": null}"
poland-gold,poland-gold--reserves-pln,Polska · Oficjalne aktywa rezerwowe,Poland,Official reserve assets,2014-05-31,2014-05,month,2014-05-01,,mld PLN,monthly,derived,https://data-api.ecb.europa.eu/service/data/RAS/M.N.PL.W1.S121.S1.LE.A.FA.R.._Z....N.ALL?format=csvdata,2026-10-01T15:07:49.183268+00:00,"{""missingReason"": ""No observation in ECB snapshot""}"
poland-gold,poland-gold--share,Polska · Udział złota w rezerwach,Poland,Gold share of reserves,2014-05-31,2014-05,month,2014-05-01,,% rezerw,monthly,derived,https://data-api.ecb.europa.eu/service/data/RAS/M.N.PL.W1.S121.S1.LE.A.FA.R.._Z....N.ALL?format=csvdata,2026-10-01T15:07:49.183268+00:00,"{""missingReason"": ""Needs both same-month valuations""}"
poland-gold,poland-gold--tonnes,Polska · Rezerwy złota,Poland,Gold reserves,2014-05-31,2014-05,month,2014-05-01,102.9187298321952,tony,monthly,derived,https://api.db.nomics.world/v22/series/IMF/IRFCL/M.PL.RAFAGOLDV_OZT.S1X?observations=1,2026-10-01T15:12:12.903556+00:00,"{""sourceValue"": 3.308914, ""sourceUnit"": ""million fine troy ounces""}"
poland-gold,poland-gold--gold-eur,Polska · Wartość złota w EUR,Poland,Gold value in EUR,2014-06-30,2014-06,month,2014-06-01,,mld EUR,monthly,derived,https://data-api.ecb.europa.eu/service/data/RAS/M.N.PL.W1.S121.S1.LE.A.FA.R.._Z....N.ALL?format=csvdata,2026-10-01T15:07:49.183268+00:00,"{""missingReason"": ""No observation in ECB snapshot""}"
poland-gold,poland-gold--gold-pln,Polska · Wartość złota w PLN,Poland,Gold value in PLN,2014-06-30,2014-06,month,2014-06-01,,mld PLN,monthly,derived,https://data-api.ecb.europa.eu/service/data/RAS/M.N.PL.W1.S121.S1.LE.A.FA.R.._Z....N.ALL?format=csvdata,2026-10-01T15:07:49.183268+00:00,"{""missingReason"": ""No observation in ECB snapshot""}"
poland-gold,poland-gold--monthly-change,Polska · Zmiana rezerw złota m/m,Poland,Monthly change in gold reserves,2014-06-30,2014-06,month,2014-06-01,0.0,tony / miesiąc,monthly,derived,https://api.db.nomics.world/v22/series/IMF/IRFCL/M.PL.RAFAGOLDV_OZT.S1X?observations=1,2026-10-01T15:12:12.903556+00:00,"{""additionalSourceIds"": [""gold-imf-volume""], ""formula"": ""tonnes(t) - tonnes(t-1)"", ""missingReason"": null}"
poland-gold,poland-gold--reserves-pln,Polska · Oficjalne aktywa rezerwowe,Poland,Official reserve assets,2014-06-30,2014-06,month,2014-06-01,,mld PLN,monthly,derived,https://data-api.ecb.europa.eu/service/data/RAS/M.N.PL.W1.S121.S1.LE.A.FA.R.._Z....N.ALL?format=csvdata,2026-10-01T15:07:49.183268+00:00,"{""missingReason"": ""No observation in ECB snapshot""}"
poland-gold,poland-gold--share,Polska · Udział złota w rezerwach,Poland,Gold share of reserves,2014-06-30,2014-06,month,2014-06-01,,% rezerw,monthly,derived,https://data-api.ecb.europa.eu/service/data/RAS/M.N.PL.W1.S121.S1.LE.A.FA.R.._Z....N.ALL?format=csvdata,2026-10-01T15:07:49.183268+00:00,"{""missingReason"": ""Needs both same-month valuations""}"
poland-gold,poland-gold--tonnes,Polska · Rezerwy złota,Poland,Gold reserves,2014-06-30,2014-06,month,2014-06-01,102.9187298321952,tony,monthly,derived,https://api.db.nomics.world/v22/series/IMF/IRFCL/M.PL.RAFAGOLDV_OZT.S1X?observations=1,2026-10-01T15:12:12.903556+00:00,"{""sourceValue"": 3.308914, ""sourceUnit"": ""million fine troy ounces""}"
poland-gold,poland-gold--gold-eur,Polska · Wartość złota w EUR,Poland,Gold value in EUR,2014-07-31,2014-07,month,2014-07-01,,mld EUR,monthly,derived,https://data-api.ecb.europa.eu/service/data/RAS/M.N.PL.W1.S121.S1.LE.A.FA.R.._Z....N.ALL?format=csvdata,2026-10-01T15:07:49.183268+00:00,"{""missingReason"": ""No observation in ECB snapshot""}"
poland-gold,poland-gold--gold-pln,Polska · Wartość złota w PLN,Poland,Gold value in PLN,2014-07-31,2014-07,month,2014-07-01,,mld PLN,monthly,derived,https://data-api.ecb.europa.eu/service/data/RAS/M.N.PL.W1.S121.S1.LE.A.FA.R.._Z....N.ALL?format=csvdata,2026-10-01T15:07:49.183268+00:00,"{""missingReason"": ""No observation in ECB snapshot""}"
poland-gold,poland-gold--monthly-change,Polska · Zmiana rezerw złota m/m,Poland,Monthly change in gold reserves,2014-07-31,2014-07,month,2014-07-01,0.0,tony / miesiąc,monthly,derived,https://api.db.nomics.world/v22/series/IMF/IRFCL/M.PL.RAFAGOLDV_OZT.S1X?observations=1,2026-10-01T15:12:12.903556+00:00,"{""additionalSourceIds"": [""gold-imf-volume""], ""formula"": ""tonnes(t) - tonnes(t-1)"", ""missingReason"": null}"
poland-gold,poland-gold--reserves-pln,Polska · Oficjalne aktywa rezerwowe,Poland,Official reserve assets,2014-07-31,2014-07,month,2014-07-01,,mld PLN,monthly,derived,https://data-api.ecb.europa.eu/service/data/RAS/M.N.PL.W1.S121.S1.LE.A.FA.R.._Z....N.ALL?format=csvdata,2026-10-01T15:07:49.183268+00:00,"{""missingReason"": ""No observation in ECB snapshot""}"
poland-gold,poland-gold--share,Polska · Udział złota w rezerwach,Poland,Gold share of reserves,2014-07-31,2014-07,month,2014-07-01,,% rezerw,monthly,derived,https://data-api.ecb.europa.eu/service/data/RAS/M.N.PL.W1.S121.S1.LE.A.FA.R.._Z....N.ALL?format=csvdata,2026-10-01T15:07:49.183268+00:00,"{""missingReason"": ""Needs both same-month valuations""}"
poland-gold,poland-gold--tonnes,Polska · Rezerwy złota,Poland,Gold reserves,2014-07-31,2014-07,month,2014-07-01,102.9187298321952,tony,monthly,derived,https://api.db.nomics.world/v22/series/IMF/IRFCL/M.PL.RAFAGOLDV_OZT.S1X?observations=1,2026-10-01T15:12:12.903556+00:00,"{""sourceValue"": 3.308914, ""sourceUnit"": ""million fine troy ounces""}"
poland-gold,poland-gold--gold-eur,Polska · Wartość złota w EUR,Poland,Gold value in EUR,2014-08-31,2014-08,month,2014-08-01,,mld EUR,monthly,derived,https://data-api.ecb.europa.eu/service/data/RAS/M.N.PL.W1.S121.S1.LE.A.FA.R.._Z....N.ALL?format=csvdata,2026-10-01T15:07:49.183268+00:00,"{""missingReason"": ""No observation in ECB snapshot""}"
poland-gold,poland-gold--gold-pln,Polska · Wartość złota w PLN,Poland,Gold value in PLN,2014-08-31,2014-08,month,2014-08-01,,mld PLN,monthly,derived,https://data-api.ecb.europa.eu/service/data/RAS/M.N.PL.W1.S121.S1.LE.A.FA.R.._Z....N.ALL?format=csvdata,2026-10-01T15:07:49.183268+00:00,"{""missingReason"": ""No observation in ECB snapshot""}"
poland-gold,poland-gold--monthly-change,Polska · Zmiana rezerw złota m/m,Poland,Monthly change in gold reserves,2014-08-31,2014-08,month,2014-08-01,0.0,tony / miesiąc,monthly,derived,https://api.db.nomics.world/v22/series/IMF/IRFCL/M.PL.RAFAGOLDV_OZT.S1X?observations=1,2026-10-01T15:12:12.903556+00:00,"{""additionalSourceIds"": [""gold-imf-volume""], ""formula"": ""tonnes(t) - tonnes(t-1)"", ""missingReason"": null}"
poland-gold,poland-gold--reserves-pln,Polska · Oficjalne aktywa rezerwowe,Poland,Official reserve assets,2014-08-31,2014-08,month,2014-08-01,,mld PLN,monthly,derived,https://data-api.ecb.europa.eu/service/data/RAS/M.N.PL.W1.S121.S1.LE.A.FA.R.._Z....N.ALL?format=csvdata,2026-10-01T15:07:49.183268+00:00,"{""missingReason"": ""No observation in ECB snapshot""}"
poland-gold,poland-gold--share,Polska · Udział złota w rezerwach,Poland,Gold share of reserves,2014-08-31,2014-08,month,2014-08-01,,% rezerw,monthly,derived,https://data-api.ecb.europa.eu/service/data/RAS/M.N.PL.W1.S121.S1.LE.A.FA.R.._Z....N.ALL?format=csvdata,2026-10-01T15:07:49.183268+00:00,"{""missingReason"": ""Needs both same-month valuations""}"
poland-gold,poland-gold--tonnes,Polska · Rezerwy złota,Poland,Gold reserves,2014-08-31,2014-08,month,2014-08-01,102.9187298321952,tony,monthly,derived,https://api.db.nomics.world/v22/series/IMF/IRFCL/M.PL.RAFAGOLDV_OZT.S1X?observations=1,2026-10-01T15:12:12.903556+00:00,"{""sourceValue"": 3.308914, ""sourceUnit"": ""million fine troy ounces""}"
poland-gold,poland-gold--gold-eur,Polska · Wartość złota w EUR,Poland,Gold value in EUR,2014-09-30,2014-09,month,2014-09-01,3.1599482956721565,mld EUR,monthly,derived,https://data-api.ecb.europa.eu/service/data/RAS/M.N.PL.W1.S121.S1.LE.A.FA.R.._Z....N.ALL?format=csvdata,2026-10-01T15:07:49.183268+00:00,"{""seriesKey"": ""RAS.M.N.PL.W1.S121.S1.LE.A.FA.R.F11._Z.EUR.XAU.M.N.ALL"", ""sourceValue"": ""3159.9482956721563"", ""observationStatus"": ""A""}"
poland-gold,poland-gold--gold-pln,Polska · Wartość złota w PLN,Poland,Gold value in PLN,2014-09-30,2014-09,month,2014-09-01,13.201,mld PLN,monthly,derived,https://data-api.ecb.europa.eu/service/data/RAS/M.N.PL.W1.S121.S1.LE.A.FA.R.._Z....N.ALL?format=csvdata,2026-10-01T15:07:49.183268+00:00,"{""seriesKey"": ""RAS.M.N.PL.W1.S121.S1.LE.A.FA.R.F11._Z.PLN.XAU.M.N.ALL"", ""sourceValue"": ""13201"", ""observationStatus"": ""A""}"
poland-gold,poland-gold--monthly-change,Polska · Zmiana rezerw złota m/m,Poland,Monthly change in gold reserves,2014-09-30,2014-09,month,2014-09-01,0.0026748990048,tony / miesiąc,monthly,derived,https://api.db.nomics.world/v22/series/IMF/IRFCL/M.PL.RAFAGOLDV_OZT.S1X?observations=1,2026-10-01T15:12:12.903556+00:00,"{""additionalSourceIds"": [""gold-imf-volume""], ""formula"": ""tonnes(t) - tonnes(t-1)"", ""missingReason"": null}"
poland-gold,poland-gold--reserves-pln,Polska · Oficjalne aktywa rezerwowe,Poland,Official reserve assets,2014-09-30,2014-09,month,2014-09-01,335.409,mld PLN,monthly,derived,https://data-api.ecb.europa.eu/service/data/RAS/M.N.PL.W1.S121.S1.LE.A.FA.R.._Z....N.ALL?format=csvdata,2026-10-01T15:07:49.183268+00:00,"{""seriesKey"": ""RAS.M.N.PL.W1.S121.S1.LE.A.FA.R.F._Z.PLN.X1._X.N.ALL"", ""sourceValue"": ""335409"", ""observationStatus"": ""A""}"
poland-gold,poland-gold--share,Polska · Udział złota w rezerwach,Poland,Gold share of reserves,2014-09-30,2014-09,month,2014-09-01,3.9357918243100216,% rezerw,monthly,derived,https://data-api.ecb.europa.eu/service/data/RAS/M.N.PL.W1.S121.S1.LE.A.FA.R.._Z....N.ALL?format=csvdata,2026-10-01T15:07:49.183268+00:00,"{""formula"": ""100 * gold_PLN / total_reserves_PLN"", ""goldValueMillions"": 13201.0, ""totalValueMillions"": 335409.0}"
poland-gold,poland-gold--tonnes,Polska · Rezerwy złota,Poland,Gold reserves,2014-09-30,2014-09,month,2014-09-01,102.9214047312,tony,monthly,derived,https://api.db.nomics.world/v22/series/IMF/IRFCL/M.PL.RAFAGOLDV_OZT.S1X?observations=1,2026-10-01T15:12:12.903556+00:00,"{""sourceValue"": 3.309, ""sourceUnit"": ""million fine troy ounces""}"
poland-gold,poland-gold--gold-eur,Polska · Wartość złota w EUR,Poland,Gold value in EUR,2014-10-31,2014-10,month,2014-10-01,3.079877658439434,mld EUR,monthly,derived,https://data-api.ecb.europa.eu/service/data/RAS/M.N.PL.W1.S121.S1.LE.A.FA.R.._Z....N.ALL?format=csvdata,2026-10-01T15:07:49.183268+00:00,"{""seriesKey"": ""RAS.M.N.PL.W1.S121.S1.LE.A.FA.R.F11._Z.EUR.XAU.M.N.ALL"", ""sourceValue"": ""3079.877658439434"", ""observationStatus"": ""A""}"
poland-gold,poland-gold--gold-pln,Polska · Wartość złota w PLN,Poland,Gold value in PLN,2014-10-31,2014-10,month,2014-10-01,12.99,mld PLN,monthly,derived,https://data-api.ecb.europa.eu/service/data/RAS/M.N.PL.W1.S121.S1.LE.A.FA.R.._Z....N.ALL?format=csvdata,2026-10-01T15:07:49.183268+00:00,"{""seriesKey"": ""RAS.M.N.PL.W1.S121.S1.LE.A.FA.R.F11._Z.PLN.XAU.M.N.ALL"", ""sourceValue"": ""12990"", ""observationStatus"": ""A""}"
poland-gold,poland-gold--monthly-change,Polska · Zmiana rezerw złota m/m,Poland,Monthly change in gold reserves,2014-10-31,2014-10,month,2014-10-01,0.0,tony / miesiąc,monthly,derived,https://api.db.nomics.world/v22/series/IMF/IRFCL/M.PL.RAFAGOLDV_OZT.S1X?observations=1,2026-10-01T15:12:12.903556+00:00,"{""additionalSourceIds"": [""gold-imf-volume""], ""formula"": ""tonnes(t) - tonnes(t-1)"", ""missingReason"": null}"
poland-gold,poland-gold--reserves-pln,Polska · Oficjalne aktywa rezerwowe,Poland,Official reserve assets,2014-10-31,2014-10,month,2014-10-01,335.0,mld PLN,monthly,derived,https://data-api.ecb.europa.eu/service/data/RAS/M.N.PL.W1.S121.S1.LE.A.FA.R.._Z....N.ALL?format=csvdata,2026-10-01T15:07:49.183268+00:00,"{""seriesKey"": ""RAS.M.N.PL.W1.S121.S1.LE.A.FA.R.F._Z.PLN.X1._X.N.ALL"", ""sourceValue"": ""335000"", ""observationStatus"": ""A""}"
poland-gold,poland-gold--share,Polska · Udział złota w rezerwach,Poland,Gold share of reserves,2014-10-31,2014-10,month,2014-10-01,3.8776119402985074,% rezerw,monthly,derived,https://data-api.ecb.europa.eu/service/data/RAS/M.N.PL.W1.S121.S1.LE.A.FA.R.._Z....N.ALL?format=csvdata,2026-10-01T15:07:49.183268+00:00,"{""formula"": ""100 * gold_PLN / total_reserves_PLN"", ""goldValueMillions"": 12990.0, ""totalValueMillions"": 335000.0}"
poland-gold,poland-gold--tonnes,Polska · Rezerwy złota,Poland,Gold reserves,2014-10-31,2014-10,month,2014-10-01,102.9214047312,tony,monthly,derived,https://api.db.nomics.world/v22/series/IMF/IRFCL/M.PL.RAFAGOLDV_OZT.S1X?observations=1,2026-10-01T15:12:12.903556+00:00,"{""sourceValue"": 3.309, ""sourceUnit"": ""million fine troy ounces""}"
poland-gold,poland-gold--gold-eur,Polska · Wartość złota w EUR,Poland,Gold value in EUR,2014-11-30,2014-11,month,2014-11-01,3.148258801596596,mld EUR,monthly,derived,https://data-api.ecb.europa.eu/service/data/RAS/M.N.PL.W1.S121.S1.LE.A.FA.R.._Z....N.ALL?format=csvdata,2026-10-01T15:07:49.183268+00:00,"{""seriesKey"": ""RAS.M.N.PL.W1.S121.S1.LE.A.FA.R.F11._Z.EUR.XAU.M.N.ALL"", ""sourceValue"": ""3148.258801596596"", ""observationStatus"": ""A""}"
poland-gold,poland-gold--gold-pln,Polska · Wartość złota w PLN,Poland,Gold value in PLN,2014-11-30,2014-11,month,2014-11-01,13.172,mld PLN,monthly,derived,https://data-api.ecb.europa.eu/service/data/RAS/M.N.PL.W1.S121.S1.LE.A.FA.R.._Z....N.ALL?format=csvdata,2026-10-01T15:07:49.183268+00:00,"{""seriesKey"": ""RAS.M.N.PL.W1.S121.S1.LE.A.FA.R.F11._Z.PLN.XAU.M.N.ALL"", ""sourceValue"": ""13172"", ""observationStatus"": ""A""}"
poland-gold,poland-gold--monthly-change,Polska · Zmiana rezerw złota m/m,Poland,Monthly change in gold reserves,2014-11-30,2014-11,month,2014-11-01,0.0,tony / miesiąc,monthly,derived,https://api.db.nomics.world/v22/series/IMF/IRFCL/M.PL.RAFAGOLDV_OZT.S1X?observations=1,2026-10-01T15:12:12.903556+00:00,"{""additionalSourceIds"": [""gold-imf-volume""], ""formula"": ""tonnes(t) - tonnes(t-1)"", ""missingReason"": null}"
poland-gold,poland-gold--reserves-pln,Polska · Oficjalne aktywa rezerwowe,Poland,Official reserve assets,2014-11-30,2014-11,month,2014-11-01,337.374,mld PLN,monthly,derived,https://data-api.ecb.europa.eu/service/data/RAS/M.N.PL.W1.S121.S1.LE.A.FA.R.._Z....N.ALL?format=csvdata,2026-10-01T15:07:49.183268+00:00,"{""seriesKey"": ""RAS.M.N.PL.W1.S121.S1.LE.A.FA.R.F._Z.PLN.X1._X.N.ALL"", ""sourceValue"": ""337374"", ""observationStatus"": ""A""}"
poland-gold,poland-gold--share,Polska · Udział złota w rezerwach,Poland,Gold share of reserves,2014-11-30,2014-11,month,2014-11-01,3.9042724098478248,% rezerw,monthly,derived,https://data-api.ecb.europa.eu/service/data/RAS/M.N.PL.W1.S121.S1.LE.A.FA.R.._Z....N.ALL?format=csvdata,2026-10-01T15:07:49.183268+00:00,"{""formula"": ""100 * gold_PLN / total_reserves_PLN"", ""goldValueMillions"": 13172.0, ""totalValueMillions"": 337374.0}"
poland-gold,poland-gold--tonnes,Polska · Rezerwy złota,Poland,Gold reserves,2014-11-30,2014-11,month,2014-11-01,102.9214047312,tony,monthly,derived,https://api.db.nomics.world/v22/series/IMF/IRFCL/M.PL.RAFAGOLDV_OZT.S1X?observations=1,2026-10-01T15:12:12.903556+00:00,"{""sourceValue"": 3.309, ""sourceUnit"": ""million fine troy ounces""}"
poland-gold,poland-gold--gold-eur,Polska · Wartość złota w EUR,Poland,Gold value in EUR,2014-12-31,2014-12,month,2014-12-01,3.257277918187775,mld EUR,monthly,derived,https://data-api.ecb.europa.eu/service/data/RAS/M.N.PL.W1.S121.S1.LE.A.FA.R.._Z....N.ALL?format=csvdata,2026-10-01T15:07:49.183268+00:00,"{""seriesKey"": ""RAS.M.N.PL.W1.S121.S1.LE.A.FA.R.F11._Z.EUR.XAU.M.N.ALL"", ""sourceValue"": ""3257.277918187775"", ""observationStatus"": ""A""}"
poland-gold,poland-gold--gold-pln,Polska · Wartość złota w PLN,Poland,Gold value in PLN,2014-12-31,2014-12,month,2014-12-01,13.919,mld PLN,monthly,derived,https://data-api.ecb.europa.eu/service/data/RAS/M.N.PL.W1.S121.S1.LE.A.FA.R.._Z....N.ALL?format=csvdata,2026-10-01T15:07:49.183268+00:00,"{""seriesKey"": ""RAS.M.N.PL.W1.S121.S1.LE.A.FA.R.F11._Z.PLN.XAU.M.N.ALL"", ""sourceValue"": ""13919"", ""observationStatus"": ""A""}"
poland-gold,poland-gold--monthly-change,Polska · Zmiana rezerw złota m/m,Poland,Monthly change in gold reserves,2014-12-31,2014-12,month,2014-12-01,0.006060823489248,tony / miesiąc,monthly,derived,https://api.db.nomics.world/v22/series/IMF/IRFCL/M.PL.RAFAGOLDV_OZT.S1X?observations=1,2026-10-01T15:12:12.903556+00:00,"{""additionalSourceIds"": [""gold-imf-volume""], ""formula"": ""tonnes(t) - tonnes(t-1)"", ""missingReason"": null}"
poland-gold,poland-gold--reserves-pln,Polska · Oficjalne aktywa rezerwowe,Poland,Official reserve assets,2014-12-31,2014-12,month,2014-12-01,352.257,mld PLN,monthly,derived,https://data-api.ecb.europa.eu/service/data/RAS/M.N.PL.W1.S121.S1.LE.A.FA.R.._Z....N.ALL?format=csvdata,2026-10-01T15:07:49.183268+00:00,"{""seriesKey"": ""RAS.M.N.PL.W1.S121.S1.LE.A.FA.R.F._Z.PLN.X1._X.N.ALL"", ""sourceValue"": ""352257"", ""observationStatus"": ""A""}"
poland-gold,poland-gold--share,Polska · Udział złota w rezerwach,Poland,Gold share of reserves,2014-12-31,2014-12,month,2014-12-01,3.951376409837136,% rezerw,monthly,derived,https://data-api.ecb.europa.eu/service/data/RAS/M.N.PL.W1.S121.S1.LE.A.FA.R.._Z....N.ALL?format=csvdata,2026-10-01T15:07:49.183268+00:00,"{""formula"": ""100 * gold_PLN / total_reserves_PLN"", ""goldValueMillions"": 13919.0, ""totalValueMillions"": 352257.0}"
poland-gold,poland-gold--tonnes,Polska · Rezerwy złota,Poland,Gold reserves,2014-12-31,2014-12,month,2014-12-01,102.92746555468925,tony,monthly,derived,https://api.db.nomics.world/v22/series/IMF/IRFCL/M.PL.RAFAGOLDV_OZT.S1X?observations=1,2026-10-01T15:12:12.903556+00:00,"{""sourceValue"": 3.30919486, ""sourceUnit"": ""million fine troy ounces""}"
poland-gold,poland-gold--gold-eur,Polska · Wartość złota w EUR,Poland,Gold value in EUR,2015-01-31,2015-01,month,2015-01-01,3.697207367795604,mld EUR,monthly,derived,https://data-api.ecb.europa.eu/service/data/RAS/M.N.PL.W1.S121.S1.LE.A.FA.R.._Z....N.ALL?format=csvdata,2026-10-01T15:07:49.183268+00:00,"{""seriesKey"": ""RAS.M.N.PL.W1.S121.S1.LE.A.FA.R.F11._Z.EUR.XAU.M.N.ALL"", ""sourceValue"": ""3697.2073677956037"", ""observationStatus"": ""A""}"
poland-gold,poland-gold--gold-pln,Polska · Wartość złota w PLN,Poland,Gold value in PLN,2015-01-31,2015-01,month,2015-01-01,15.556,mld PLN,monthly,derived,https://data-api.ecb.europa.eu/service/data/RAS/M.N.PL.W1.S121.S1.LE.A.FA.R.._Z....N.ALL?format=csvdata,2026-10-01T15:07:49.183268+00:00,"{""seriesKey"": ""RAS.M.N.PL.W1.S121.S1.LE.A.FA.R.F11._Z.PLN.XAU.M.N.ALL"", ""sourceValue"": ""15556"", ""observationStatus"": ""A""}"
poland-gold,poland-gold--monthly-change,Polska · Zmiana rezerw złota m/m,Poland,Monthly change in gold reserves,2015-01-31,2015-01,month,2015-01-01,0.0,tony / miesiąc,monthly,derived,https://api.db.nomics.world/v22/series/IMF/IRFCL/M.PL.RAFAGOLDV_OZT.S1X?observations=1,2026-10-01T15:12:12.903556+00:00,"{""additionalSourceIds"": [""gold-imf-volume""], ""formula"": ""tonnes(t) - tonnes(t-1)"", ""missingReason"": null}"
poland-gold,poland-gold--reserves-pln,Polska · Oficjalne aktywa rezerwowe,Poland,Official reserve assets,2015-01-31,2015-01,month,2015-01-01,370.038,mld PLN,monthly,derived,https://data-api.ecb.europa.eu/service/data/RAS/M.N.PL.W1.S121.S1.LE.A.FA.R.._Z....N.ALL?format=csvdata,2026-10-01T15:07:49.183268+00:00,"{""seriesKey"": ""RAS.M.N.PL.W1.S121.S1.LE.A.FA.R.F._Z.PLN.X1._X.N.ALL"", ""sourceValue"": ""370038"", ""observationStatus"": ""A""}"
poland-gold,poland-gold--share,Polska · Udział złota w rezerwach,Poland,Gold share of reserves,2015-01-31,2015-01,month,2015-01-01,4.203892573195185,% rezerw,monthly,derived,https://data-api.ecb.europa.eu/service/data/RAS/M.N.PL.W1.S121.S1.LE.A.FA.R.._Z....N.ALL?format=csvdata,2026-10-01T15:07:49.183268+00:00,"{""formula"": ""100 * gold_PLN / total_reserves_PLN"", ""goldValueMillions"": 15556.0, ""totalValueMillions"": 370038.0}"
poland-gold,poland-gold--tonnes,Polska · Rezerwy złota,Poland,Gold reserves,2015-01-31,2015-01,month,2015-01-01,102.92746555468925,tony,monthly,derived,https://api.db.nomics.world/v22/series/IMF/IRFCL/M.PL.RAFAGOLDV_OZT.S1X?observations=1,2026-10-01T15:12:12.903556+00:00,"{""sourceValue"": 3.30919486, ""sourceUnit"": ""million fine troy ounces""}"
poland-gold,poland-gold--gold-eur,Polska · Wartość złota w EUR,Poland,Gold value in EUR,2015-02-28,2015-02,month,2015-02-01,3.550958481841826,mld EUR,monthly,derived,https://data-api.ecb.europa.eu/service/data/RAS/M.N.PL.W1.S121.S1.LE.A.FA.R.._Z....N.ALL?format=csvdata,2026-10-01T15:07:49.183268+00:00,"{""seriesKey"": ""RAS.M.N.PL.W1.S121.S1.LE.A.FA.R.F11._Z.EUR.XAU.M.N.ALL"", ""sourceValue"": ""3550.958481841826"", ""observationStatus"": ""A""}"
poland-gold,poland-gold--gold-pln,Polska · Wartość złota w PLN,Poland,Gold value in PLN,2015-02-28,2015-02,month,2015-02-01,14.745,mld PLN,monthly,derived,https://data-api.ecb.europa.eu/service/data/RAS/M.N.PL.W1.S121.S1.LE.A.FA.R.._Z....N.ALL?format=csvdata,2026-10-01T15:07:49.183268+00:00,"{""seriesKey"": ""RAS.M.N.PL.W1.S121.S1.LE.A.FA.R.F11._Z.PLN.XAU.M.N.ALL"", ""sourceValue"": ""14745"", ""observationStatus"": ""A""}"
poland-gold,poland-gold--monthly-change,Polska · Zmiana rezerw złota m/m,Poland,Monthly change in gold reserves,2015-02-28,2015-02,month,2015-02-01,-0.006060823489248,tony / miesiąc,monthly,derived,https://api.db.nomics.world/v22/series/IMF/IRFCL/M.PL.RAFAGOLDV_OZT.S1X?observations=1,2026-10-01T15:12:12.903556+00:00,"{""additionalSourceIds"": [""gold-imf-volume""], ""formula"": ""tonnes(t) - tonnes(t-1)"", ""missingReason"": null}"
poland-gold,poland-gold--reserves-pln,Polska · Oficjalne aktywa rezerwowe,Poland,Official reserve assets,2015-02-28,2015-02,month,2015-02-01,360.589,mld PLN,monthly,derived,https://data-api.ecb.europa.eu/service/data/RAS/M.N.PL.W1.S121.S1.LE.A.FA.R.._Z....N.ALL?format=csvdata,2026-10-01T15:07:49.183268+00:00,"{""seriesKey"": ""RAS.M.N.PL.W1.S121.S1.LE.A.FA.R.F._Z.PLN.X1._X.N.ALL"", ""sourceValue"": ""360589"", ""observationStatus"": ""A""}"
poland-gold,poland-gold--share,Polska · Udział złota w rezerwach,Poland,Gold share of reserves,2015-02-28,2015-02,month,2015-02-01,4.089143040969081,% rezerw,monthly,derived,https://data-api.ecb.europa.eu/service/data/RAS/M.N.PL.W1.S121.S1.LE.A.FA.R.._Z....N.ALL?format=csvdata,2026-10-01T15:07:49.183268+00:00,"{""formula"": ""100 * gold_PLN / total_reserves_PLN"", ""goldValueMillions"": 14745.0, ""totalValueMillions"": 360589.0}"
poland-gold,poland-gold--tonnes,Polska · Rezerwy złota,Poland,Gold reserves,2015-02-28,2015-02,month,2015-02-01,102.9214047312,tony,monthly,derived,https://api.db.nomics.world/v22/series/IMF/IRFCL/M.PL.RAFAGOLDV_OZT.S1X?observations=1,2026-10-01T15:12:12.903556+00:00,"{""sourceValue"": 3.309, ""sourceUnit"": ""million fine troy ounces""}"
poland-gold,poland-gold--gold-eur,Polska · Wartość złota w EUR,Poland,Gold value in EUR,2015-03-31,2015-03,month,2015-03-01,3.641503891907769,mld EUR,monthly,derived,https://data-api.ecb.europa.eu/service/data/RAS/M.N.PL.W1.S121.S1.LE.A.FA.R.._Z....N.ALL?format=csvdata,2026-10-01T15:07:49.183268+00:00,"{""seriesKey"": ""RAS.M.N.PL.W1.S121.S1.LE.A.FA.R.F11._Z.EUR.XAU.M.N.ALL"", ""sourceValue"": ""3641.5038919077692"", ""observationStatus"": ""A""}"
poland-gold,poland-gold--gold-pln,Polska · Wartość złota w PLN,Poland,Gold value in PLN,2015-03-31,2015-03,month,2015-03-01,14.877,mld PLN,monthly,derived,https://data-api.ecb.europa.eu/service/data/RAS/M.N.PL.W1.S121.S1.LE.A.FA.R.._Z....N.ALL?format=csvdata,2026-10-01T15:07:49.183268+00:00,"{""seriesKey"": ""RAS.M.N.PL.W1.S121.S1.LE.A.FA.R.F11._Z.PLN.XAU.M.N.ALL"", ""sourceValue"": ""14877"", ""observationStatus"": ""A""}"
poland-gold,poland-gold--monthly-change,Polska · Zmiana rezerw złota m/m,Poland,Monthly change in gold reserves,2015-03-31,2015-03,month,2015-03-01,0.001866208608,tony / miesiąc,monthly,derived,https://api.db.nomics.world/v22/series/IMF/IRFCL/M.PL.RAFAGOLDV_OZT.S1X?observations=1,2026-10-01T15:12:12.903556+00:00,"{""additionalSourceIds"": [""gold-imf-volume""], ""formula"": ""tonnes(t) - tonnes(t-1)"", ""missingReason"": null}"
poland-gold,poland-gold--reserves-pln,Polska · Oficjalne aktywa rezerwowe,Poland,Official reserve assets,2015-03-31,2015-03,month,2015-03-01,370.294,mld PLN,monthly,derived,https://data-api.ecb.europa.eu/service/data/RAS/M.N.PL.W1.S121.S1.LE.A.FA.R.._Z....N.ALL?format=csvdata,2026-10-01T15:07:49.183268+00:00,"{""seriesKey"": ""RAS.M.N.PL.W1.S121.S1.LE.A.FA.R.F._Z.PLN.X1._X.N.ALL"", ""sourceValue"": ""370294"", ""observationStatus"": ""A""}"
poland-gold,poland-gold--share,Polska · Udział złota w rezerwach,Poland,Gold share of reserves,2015-03-31,2015-03,month,2015-03-01,4.017618432920869,% rezerw,monthly,derived,https://data-api.ecb.europa.eu/service/data/RAS/M.N.PL.W1.S121.S1.LE.A.FA.R.._Z....N.ALL?format=csvdata,2026-10-01T15:07:49.183268+00:00,"{""formula"": ""100 * gold_PLN / total_reserves_PLN"", ""goldValueMillions"": 14877.0, ""totalValueMillions"": 370294.0}"
poland-gold,poland-gold--tonnes,Polska · Rezerwy złota,Poland,Gold reserves,2015-03-31,2015-03,month,2015-03-01,102.923270939808,tony,monthly,derived,https://api.db.nomics.world/v22/series/IMF/IRFCL/M.PL.RAFAGOLDV_OZT.S1X?observations=1,2026-10-01T15:12:12.903556+00:00,"{""sourceValue"": 3.30906, ""sourceUnit"": ""million fine troy ounces""}"
poland-gold,poland-gold--gold-eur,Polska · Wartość złota w EUR,Poland,Gold value in EUR,2015-04-30,2015-04,month,2015-04-01,3.562981366459627,mld EUR,monthly,derived,https://data-api.ecb.europa.eu/service/data/RAS/M.N.PL.W1.S121.S1.LE.A.FA.R.._Z....N.ALL?format=csvdata,2026-10-01T15:07:49.183268+00:00,"{""seriesKey"": ""RAS.M.N.PL.W1.S121.S1.LE.A.FA.R.F11._Z.EUR.XAU.M.N.ALL"", ""sourceValue"": ""3562.981366459627"", ""observationStatus"": ""A""}"
poland-gold,poland-gold--gold-pln,Polska · Wartość złota w PLN,Poland,Gold value in PLN,2015-04-30,2015-04,month,2015-04-01,14.341,mld PLN,monthly,derived,https://data-api.ecb.europa.eu/service/data/RAS/M.N.PL.W1.S121.S1.LE.A.FA.R.._Z....N.ALL?format=csvdata,2026-10-01T15:07:49.183268+00:00,"{""seriesKey"": ""RAS.M.N.PL.W1.S121.S1.LE.A.FA.R.F11._Z.PLN.XAU.M.N.ALL"", ""sourceValue"": ""14341"", ""observationStatus"": ""A""}"
poland-gold,poland-gold--monthly-change,Polska · Zmiana rezerw złota m/m,Poland,Monthly change in gold reserves,2015-04-30,2015-04,month,2015-04-01,0.0,tony / miesiąc,monthly,derived,https://api.db.nomics.world/v22/series/IMF/IRFCL/M.PL.RAFAGOLDV_OZT.S1X?observations=1,2026-10-01T15:12:12.903556+00:00,"{""additionalSourceIds"": [""gold-imf-volume""], ""formula"": ""tonnes(t) - tonnes(t-1)"", ""missingReason"": null}"
poland-gold,poland-gold--reserves-pln,Polska · Oficjalne aktywa rezerwowe,Poland,Official reserve assets,2015-04-30,2015-04,month,2015-04-01,370.371,mld PLN,monthly,derived,https://data-api.ecb.europa.eu/service/data/RAS/M.N.PL.W1.S121.S1.LE.A.FA.R.._Z....N.ALL?format=csvdata,2026-10-01T15:07:49.183268+00:00,"{""seriesKey"": ""RAS.M.N.PL.W1.S121.S1.LE.A.FA.R.F._Z.PLN.X1._X.N.ALL"", ""sourceValue"": ""370371"", ""observationStatus"": ""A""}"
poland-gold,poland-gold--share,Polska · Udział złota w rezerwach,Poland,Gold share of reserves,2015-04-30,2015-04,month,2015-04-01,3.8720634174921904,% rezerw,monthly,derived,https://data-api.ecb.europa.eu/service/data/RAS/M.N.PL.W1.S121.S1.LE.A.FA.R.._Z....N.ALL?format=csvdata,2026-10-01T15:07:49.183268+00:00,"{""formula"": ""100 * gold_PLN / total_reserves_PLN"", ""goldValueMillions"": 14341.0, ""totalValueMillions"": 370371.0}"
poland-gold,poland-gold--tonnes,Polska · Rezerwy złota,Poland,Gold reserves,2015-04-30,2015-04,month,2015-04-01,102.923270939808,tony,monthly,derived,https://api.db.nomics.world/v22/series/IMF/IRFCL/M.PL.RAFAGOLDV_OZT.S1X?observations=1,2026-10-01T15:12:12.903556+00:00,"{""sourceValue"": 3.30906, ""sourceUnit"": ""million fine troy ounces""}"
poland-gold,poland-gold--gold-eur,Polska · Wartość złota w EUR,Poland,Gold value in EUR,2015-05-31,2015-05,month,2015-05-01,3.593152210760811,mld EUR,monthly,derived,https://data-api.ecb.europa.eu/service/data/RAS/M.N.PL.W1.S121.S1.LE.A.FA.R.._Z....N.ALL?format=csvdata,2026-10-01T15:07:49.183268+00:00,"{""seriesKey"": ""RAS.M.N.PL.W1.S121.S1.LE.A.FA.R.F11._Z.EUR.XAU.M.N.ALL"", ""sourceValue"": ""3593.152210760811"", ""observationStatus"": ""A""}"
poland-gold,poland-gold--gold-pln,Polska · Wartość złota w PLN,Poland,Gold value in PLN,2015-05-31,2015-05,month,2015-05-01,14.839,mld PLN,monthly,derived,https://data-api.ecb.europa.eu/service/data/RAS/M.N.PL.W1.S121.S1.LE.A.FA.R.._Z....N.ALL?format=csvdata,2026-10-01T15:07:49.183268+00:00,"{""seriesKey"": ""RAS.M.N.PL.W1.S121.S1.LE.A.FA.R.F11._Z.PLN.XAU.M.N.ALL"", ""sourceValue"": ""14839"", ""observationStatus"": ""A""}"
poland-gold,poland-gold--monthly-change,Polska · Zmiana rezerw złota m/m,Poland,Monthly change in gold reserves,2015-05-31,2015-05,month,2015-05-01,0.0,tony / miesiąc,monthly,derived,https://api.db.nomics.world/v22/series/IMF/IRFCL/M.PL.RAFAGOLDV_OZT.S1X?observations=1,2026-10-01T15:12:12.903556+00:00,"{""additionalSourceIds"": [""gold-imf-volume""], ""formula"": ""tonnes(t) - tonnes(t-1)"", ""missingReason"": null}"
poland-gold,poland-gold--reserves-pln,Polska · Oficjalne aktywa rezerwowe,Poland,Official reserve assets,2015-05-31,2015-05,month,2015-05-01,387.715,mld PLN,monthly,derived,https://data-api.ecb.europa.eu/service/data/RAS/M.N.PL.W1.S121.S1.LE.A.FA.R.._Z....N.ALL?format=csvdata,2026-10-01T15:07:49.183268+00:00,"{""seriesKey"": ""RAS.M.N.PL.W1.S121.S1.LE.A.FA.R.F._Z.PLN.X1._X.N.ALL"", ""sourceValue"": ""387715"", ""observationStatus"": ""A""}"
poland-gold,poland-gold--share,Polska · Udział złota w rezerwach,Poland,Gold share of reserves,2015-05-31,2015-05,month,2015-05-01,3.827295822962743,% rezerw,monthly,derived,https://data-api.ecb.europa.eu/service/data/RAS/M.N.PL.W1.S121.S1.LE.A.FA.R.._Z....N.ALL?format=csvdata,2026-10-01T15:07:49.183268+00:00,"{""formula"": ""100 * gold_PLN / total_reserves_PLN"", ""goldValueMillions"": 14839.0, ""totalValueMillions"": 387715.0}"
poland-gold,poland-gold--tonnes,Polska · Rezerwy złota,Poland,Gold reserves,2015-05-31,2015-05,month,2015-05-01,102.923270939808,tony,monthly,derived,https://api.db.nomics.world/v22/series/IMF/IRFCL/M.PL.RAFAGOLDV_OZT.S1X?observations=1,2026-10-01T15:12:12.903556+00:00,"{""sourceValue"": 3.30906, ""sourceUnit"": ""million fine troy ounces""}"
poland-gold,poland-gold--gold-eur,Polska · Wartość złota w EUR,Poland,Gold value in EUR,2015-06-30,2015-06,month,2015-06-01,3.4924005630979935,mld EUR,monthly,derived,https://data-api.ecb.europa.eu/service/data/RAS/M.N.PL.W1.S121.S1.LE.A.FA.R.._Z....N.ALL?format=csvdata,2026-10-01T15:07:49.183268+00:00,"{""seriesKey"": ""RAS.M.N.PL.W1.S121.S1.LE.A.FA.R.F11._Z.EUR.XAU.M.N.ALL"", ""sourceValue"": ""3492.4005630979937"", ""observationStatus"": ""A""}"
poland-gold,poland-gold--gold-pln,Polska · Wartość złota w PLN,Poland,Gold value in PLN,2015-06-30,2015-06,month,2015-06-01,14.637,mld PLN,monthly,derived,https://data-api.ecb.europa.eu/service/data/RAS/M.N.PL.W1.S121.S1.LE.A.FA.R.._Z....N.ALL?format=csvdata,2026-10-01T15:07:49.183268+00:00,"{""seriesKey"": ""RAS.M.N.PL.W1.S121.S1.LE.A.FA.R.F11._Z.PLN.XAU.M.N.ALL"", ""sourceValue"": ""14637"", ""observationStatus"": ""A""}"
poland-gold,poland-gold--monthly-change,Polska · Zmiana rezerw złota m/m,Poland,Monthly change in gold reserves,2015-06-30,2015-06,month,2015-06-01,-0.001866208608,tony / miesiąc,monthly,derived,https://api.db.nomics.world/v22/series/IMF/IRFCL/M.PL.RAFAGOLDV_OZT.S1X?observations=1,2026-10-01T15:12:12.903556+00:00,"{""additionalSourceIds"": [""gold-imf-volume""], ""formula"": ""tonnes(t) - tonnes(t-1)"", ""missingReason"": null}"
poland-gold,poland-gold--reserves-pln,Polska · Oficjalne aktywa rezerwowe,Poland,Official reserve assets,2015-06-30,2015-06,month,2015-06-01,391.736,mld PLN,monthly,derived,https://data-api.ecb.europa.eu/service/data/RAS/M.N.PL.W1.S121.S1.LE.A.FA.R.._Z....N.ALL?format=csvdata,2026-10-01T15:07:49.183268+00:00,"{""seriesKey"": ""RAS.M.N.PL.W1.S121.S1.LE.A.FA.R.F._Z.PLN.X1._X.N.ALL"", ""sourceValue"": ""391736"", ""observationStatus"": ""A""}"
poland-gold,poland-gold--share,Polska · Udział złota w rezerwach,Poland,Gold share of reserves,2015-06-30,2015-06,month,2015-06-01,3.7364449527232626,% rezerw,monthly,derived,https://data-api.ecb.europa.eu/service/data/RAS/M.N.PL.W1.S121.S1.LE.A.FA.R.._Z....N.ALL?format=csvdata,2026-10-01T15:07:49.183268+00:00,"{""formula"": ""100 * gold_PLN / total_reserves_PLN"", ""goldValueMillions"": 14637.0, ""totalValueMillions"": 391736.0}"
poland-gold,poland-gold--tonnes,Polska · Rezerwy złota,Poland,Gold reserves,2015-06-30,2015-06,month,2015-06-01,102.9214047312,tony,monthly,derived,https://api.db.nomics.world/v22/series/IMF/IRFCL/M.PL.RAFAGOLDV_OZT.S1X?observations=1,2026-10-01T15:12:12.903556+00:00,"{""sourceValue"": 3.309, ""sourceUnit"": ""million fine troy ounces""}"
poland-gold,poland-gold--gold-eur,Polska · Wartość złota w EUR,Poland,Gold value in EUR,2015-07-31,2015-07,month,2015-07-01,3.2713889224085917,mld EUR,monthly,derived,https://data-api.ecb.europa.eu/service/data/RAS/M.N.PL.W1.S121.S1.LE.A.FA.R.._Z....N.ALL?format=csvdata,2026-10-01T15:07:49.183268+00:00,"{""seriesKey"": ""RAS.M.N.PL.W1.S121.S1.LE.A.FA.R.F11._Z.EUR.XAU.M.N.ALL"", ""sourceValue"": ""3271.3889224085915"", ""observationStatus"": ""A""}"
poland-gold,poland-gold--gold-pln,Polska · Wartość złota w PLN,Poland,Gold value in PLN,2015-07-31,2015-07,month,2015-07-01,13.555,mld PLN,monthly,derived,https://data-api.ecb.europa.eu/service/data/RAS/M.N.PL.W1.S121.S1.LE.A.FA.R.._Z....N.ALL?format=csvdata,2026-10-01T15:07:49.183268+00:00,"{""seriesKey"": ""RAS.M.N.PL.W1.S121.S1.LE.A.FA.R.F11._Z.PLN.XAU.M.N.ALL"", ""sourceValue"": ""13555"", ""observationStatus"": ""A""}"
poland-gold,poland-gold--monthly-change,Polska · Zmiana rezerw złota m/m,Poland,Monthly change in gold reserves,2015-07-31,2015-07,month,2015-07-01,0.0,tony / miesiąc,monthly,derived,https://api.db.nomics.world/v22/series/IMF/IRFCL/M.PL.RAFAGOLDV_OZT.S1X?observations=1,2026-10-01T15:12:12.903556+00:00,"{""additionalSourceIds"": [""gold-imf-volume""], ""formula"": ""tonnes(t) - tonnes(t-1)"", ""missingReason"": null}"
poland-gold,poland-gold--reserves-pln,Polska · Oficjalne aktywa rezerwowe,Poland,Official reserve assets,2015-07-31,2015-07,month,2015-07-01,374.254,mld PLN,monthly,derived,https://data-api.ecb.europa.eu/service/data/RAS/M.N.PL.W1.S121.S1.LE.A.FA.R.._Z....N.ALL?format=csvdata,2026-10-01T15:07:49.183268+00:00,"{""seriesKey"": ""RAS.M.N.PL.W1.S121.S1.LE.A.FA.R.F._Z.PLN.X1._X.N.ALL"", ""sourceValue"": ""374254"", ""observationStatus"": ""A""}"
poland-gold,poland-gold--share,Polska · Udział złota w rezerwach,Poland,Gold share of reserves,2015-07-31,2015-07,month,2015-07-01,3.621871776921556,% rezerw,monthly,derived,https://data-api.ecb.europa.eu/service/data/RAS/M.N.PL.W1.S121.S1.LE.A.FA.R.._Z....N.ALL?format=csvdata,2026-10-01T15:07:49.183268+00:00,"{""formula"": ""100 * gold_PLN / total_reserves_PLN"", ""goldValueMillions"": 13555.0, ""totalValueMillions"": 374254.0}"
poland-gold,poland-gold--tonnes,Polska · Rezerwy złota,Poland,Gold reserves,2015-07-31,2015-07,month,2015-07-01,102.9214047312,tony,monthly,derived,https://api.db.nomics.world/v22/series/IMF/IRFCL/M.PL.RAFAGOLDV_OZT.S1X?observations=1,2026-10-01T15:12:12.903556+00:00,"{""sourceValue"": 3.309, ""sourceUnit"": ""million fine troy ounces""}"
poland-gold,poland-gold--gold-eur,Polska · Wartość złota w EUR,Poland,Gold value in EUR,2015-08-31,2015-08,month,2015-08-01,3.355482513183097,mld EUR,monthly,derived,https://data-api.ecb.europa.eu/service/data/RAS/M.N.PL.W1.S121.S1.LE.A.FA.R.._Z....N.ALL?format=csvdata,2026-10-01T15:07:49.183268+00:00,"{""seriesKey"": ""RAS.M.N.PL.W1.S121.S1.LE.A.FA.R.F11._Z.EUR.XAU.M.N.ALL"", ""sourceValue"": ""3355.482513183097"", ""observationStatus"": ""A""}"
poland-gold,poland-gold--gold-pln,Polska · Wartość złota w PLN,Poland,Gold value in PLN,2015-08-31,2015-08,month,2015-08-01,14.19,mld PLN,monthly,derived,https://data-api.ecb.europa.eu/service/data/RAS/M.N.PL.W1.S121.S1.LE.A.FA.R.._Z....N.ALL?format=csvdata,2026-10-01T15:07:49.183268+00:00,"{""seriesKey"": ""RAS.M.N.PL.W1.S121.S1.LE.A.FA.R.F11._Z.PLN.XAU.M.N.ALL"", ""sourceValue"": ""14190"", ""observationStatus"": ""A""}"
poland-gold,poland-gold--monthly-change,Polska · Zmiana rezerw złota m/m,Poland,Monthly change in gold reserves,2015-08-31,2015-08,month,2015-08-01,0.0042922797984,tony / miesiąc,monthly,derived,https://api.db.nomics.world/v22/series/IMF/IRFCL/M.PL.RAFAGOLDV_OZT.S1X?observations=1,2026-10-01T15:12:12.903556+00:00,"{""additionalSourceIds"": [""gold-imf-volume""], ""formula"": ""tonnes(t) - tonnes(t-1)"", ""missingReason"": null}"
poland-gold,poland-gold--reserves-pln,Polska · Oficjalne aktywa rezerwowe,Poland,Official reserve assets,2015-08-31,2015-08,month,2015-08-01,373.053,mld PLN,monthly,derived,https://data-api.ecb.europa.eu/service/data/RAS/M.N.PL.W1.S121.S1.LE.A.FA.R.._Z....N.ALL?format=csvdata,2026-10-01T15:07:49.183268+00:00,"{""seriesKey"": ""RAS.M.N.PL.W1.S121.S1.LE.A.FA.R.F._Z.PLN.X1._X.N.ALL"", ""sourceValue"": ""373053"", ""observationStatus"": ""A""}"
poland-gold,poland-gold--share,Polska · Udział złota w rezerwach,Poland,Gold share of reserves,2015-08-31,2015-08,month,2015-08-01,3.8037490651462393,% rezerw,monthly,derived,https://data-api.ecb.europa.eu/service/data/RAS/M.N.PL.W1.S121.S1.LE.A.FA.R.._Z....N.ALL?format=csvdata,2026-10-01T15:07:49.183268+00:00,"{""formula"": ""100 * gold_PLN / total_reserves_PLN"", ""goldValueMillions"": 14190.0, ""totalValueMillions"": 373053.0}"
poland-gold,poland-gold--tonnes,Polska · Rezerwy złota,Poland,Gold reserves,2015-08-31,2015-08,month,2015-08-01,102.9256970109984,tony,monthly,derived,https://api.db.nomics.world/v22/series/IMF/IRFCL/M.PL.RAFAGOLDV_OZT.S1X?observations=1,2026-10-01T15:12:12.903556+00:00,"{""sourceValue"": 3.309138, ""sourceUnit"": ""million fine troy ounces""}"
poland-gold,poland-gold--gold-eur,Polska · Wartość złota w EUR,Poland,Gold value in EUR,2015-09-30,2015-09,month,2015-09-01,3.3038070109310214,mld EUR,monthly,derived,https://data-api.ecb.europa.eu/service/data/RAS/M.N.PL.W1.S121.S1.LE.A.FA.R.._Z....N.ALL?format=csvdata,2026-10-01T15:07:49.183268+00:00,"{""seriesKey"": ""RAS.M.N.PL.W1.S121.S1.LE.A.FA.R.F11._Z.EUR.XAU.M.N.ALL"", ""sourceValue"": ""3303.8070109310215"", ""observationStatus"": ""A""}"
poland-gold,poland-gold--gold-pln,Polska · Wartość złota w PLN,Poland,Gold value in PLN,2015-09-30,2015-09,month,2015-09-01,14.024,mld PLN,monthly,derived,https://data-api.ecb.europa.eu/service/data/RAS/M.N.PL.W1.S121.S1.LE.A.FA.R.._Z....N.ALL?format=csvdata,2026-10-01T15:07:49.183268+00:00,"{""seriesKey"": ""RAS.M.N.PL.W1.S121.S1.LE.A.FA.R.F11._Z.PLN.XAU.M.N.ALL"", ""sourceValue"": ""14024"", ""observationStatus"": ""A""}"
poland-gold,poland-gold--monthly-change,Polska · Zmiana rezerw złota m/m,Poland,Monthly change in gold reserves,2015-09-30,2015-09,month,2015-09-01,-0.0042922797984,tony / miesiąc,monthly,derived,https://api.db.nomics.world/v22/series/IMF/IRFCL/M.PL.RAFAGOLDV_OZT.S1X?observations=1,2026-10-01T15:12:12.903556+00:00,"{""additionalSourceIds"": [""gold-imf-volume""], ""formula"": ""tonnes(t) - tonnes(t-1)"", ""missingReason"": null}"
poland-gold,poland-gold--reserves-pln,Polska · Oficjalne aktywa rezerwowe,Poland,Official reserve assets,2015-09-30,2015-09,month,2015-09-01,383.09,mld PLN,monthly,derived,https://data-api.ecb.europa.eu/service/data/RAS/M.N.PL.W1.S121.S1.LE.A.FA.R.._Z....N.ALL?format=csvdata,2026-10-01T15:07:49.183268+00:00,"{""seriesKey"": ""RAS.M.N.PL.W1.S121.S1.LE.A.FA.R.F._Z.PLN.X1._X.N.ALL"", ""sourceValue"": ""383090"", ""observationStatus"": ""A""}"
poland-gold,poland-gold--share,Polska · Udział złota w rezerwach,Poland,Gold share of reserves,2015-09-30,2015-09,month,2015-09-01,3.660758568482602,% rezerw,monthly,derived,https://data-api.ecb.europa.eu/service/data/RAS/M.N.PL.W1.S121.S1.LE.A.FA.R.._Z....N.ALL?format=csvdata,2026-10-01T15:07:49.183268+00:00,"{""formula"": ""100 * gold_PLN / total_reserves_PLN"", ""goldValueMillions"": 14024.0, ""totalValueMillions"": 383090.0}"
poland-gold,poland-gold--tonnes,Polska · Rezerwy złota,Poland,Gold reserves,2015-09-30,2015-09,month,2015-09-01,102.9214047312,tony,monthly,derived,https://api.db.nomics.world/v22/series/IMF/IRFCL/M.PL.RAFAGOLDV_OZT.S1X?observations=1,2026-10-01T15:12:12.903556+00:00,"{""sourceValue"": 3.309, ""sourceUnit"": ""million fine troy ounces""}"
poland-gold,poland-gold--gold-eur,Polska · Wartość złota w EUR,Poland,Gold value in EUR,2015-10-31,2015-10,month,2015-10-01,3.4511302879654813,mld EUR,monthly,derived,https://data-api.ecb.europa.eu/service/data/RAS/M.N.PL.W1.S121.S1.LE.A.FA.R.._Z....N.ALL?format=csvdata,2026-10-01T15:07:49.183268+00:00,"{""seriesKey"": ""RAS.M.N.PL.W1.S121.S1.LE.A.FA.R.F11._Z.EUR.XAU.M.N.ALL"", ""sourceValue"": ""3451.1302879654813"", ""observationStatus"": ""A""}"
poland-gold,poland-gold--gold-pln,Polska · Wartość złota w PLN,Poland,Gold value in PLN,2015-10-31,2015-10,month,2015-10-01,14.717,mld PLN,monthly,derived,https://data-api.ecb.europa.eu/service/data/RAS/M.N.PL.W1.S121.S1.LE.A.FA.R.._Z....N.ALL?format=csvdata,2026-10-01T15:07:49.183268+00:00,"{""seriesKey"": ""RAS.M.N.PL.W1.S121.S1.LE.A.FA.R.F11._Z.PLN.XAU.M.N.ALL"", ""sourceValue"": ""14717"", ""observationStatus"": ""A""}"
poland-gold,poland-gold--monthly-change,Polska · Zmiana rezerw złota m/m,Poland,Monthly change in gold reserves,2015-10-31,2015-10,month,2015-10-01,0.00544310844,tony / miesiąc,monthly,derived,https://api.db.nomics.world/v22/series/IMF/IRFCL/M.PL.RAFAGOLDV_OZT.S1X?observations=1,2026-10-01T15:12:12.903556+00:00,"{""additionalSourceIds"": [""gold-imf-volume""], ""formula"": ""tonnes(t) - tonnes(t-1)"", ""missingReason"": null}"
poland-gold,poland-gold--reserves-pln,Polska · Oficjalne aktywa rezerwowe,Poland,Official reserve assets,2015-10-31,2015-10,month,2015-10-01,390.509,mld PLN,monthly,derived,https://data-api.ecb.europa.eu/service/data/RAS/M.N.PL.W1.S121.S1.LE.A.FA.R.._Z....N.ALL?format=csvdata,2026-10-01T15:07:49.183268+00:00,"{""seriesKey"": ""RAS.M.N.PL.W1.S121.S1.LE.A.FA.R.F._Z.PLN.X1._X.N.ALL"", ""sourceValue"": ""390509"", ""observationStatus"": ""A""}"
poland-gold,poland-gold--share,Polska · Udział złota w rezerwach,Poland,Gold share of reserves,2015-10-31,2015-10,month,2015-10-01,3.7686711445830956,% rezerw,monthly,derived,https://data-api.ecb.europa.eu/service/data/RAS/M.N.PL.W1.S121.S1.LE.A.FA.R.._Z....N.ALL?format=csvdata,2026-10-01T15:07:49.183268+00:00,"{""formula"": ""100 * gold_PLN / total_reserves_PLN"", ""goldValueMillions"": 14717.0, ""totalValueMillions"": 390509.0}"
poland-gold,poland-gold--tonnes,Polska · Rezerwy złota,Poland,Gold reserves,2015-10-31,2015-10,month,2015-10-01,102.92684783964,tony,monthly,derived,https://api.db.nomics.world/v22/series/IMF/IRFCL/M.PL.RAFAGOLDV_OZT.S1X?observations=1,2026-10-01T15:12:12.903556+00:00,"{""sourceValue"": 3.309175, ""sourceUnit"": ""million fine troy ounces""}"
poland-gold,poland-gold--gold-eur,Polska · Wartość złota w EUR,Poland,Gold value in EUR,2015-11-30,2015-11,month,2015-11-01,3.2958030008660844,mld EUR,monthly,derived,https://data-api.ecb.europa.eu/service/data/RAS/M.N.PL.W1.S121.S1.LE.A.FA.R.._Z....N.ALL?format=csvdata,2026-10-01T15:07:49.183268+00:00,"{""seriesKey"": ""RAS.M.N.PL.W1.S121.S1.LE.A.FA.R.F11._Z.EUR.XAU.M.N.ALL"", ""sourceValue"": ""3295.8030008660844"", ""observationStatus"": ""A""}"
poland-gold,poland-gold--gold-pln,Polska · Wartość złota w PLN,Poland,Gold value in PLN,2015-11-30,2015-11,month,2015-11-01,14.08,mld PLN,monthly,derived,https://data-api.ecb.europa.eu/service/data/RAS/M.N.PL.W1.S121.S1.LE.A.FA.R.._Z....N.ALL?format=csvdata,2026-10-01T15:07:49.183268+00:00,"{""seriesKey"": ""RAS.M.N.PL.W1.S121.S1.LE.A.FA.R.F11._Z.PLN.XAU.M.N.ALL"", ""sourceValue"": ""14080"", ""observationStatus"": ""A""}"
poland-gold,poland-gold--monthly-change,Polska · Zmiana rezerw złota m/m,Poland,Monthly change in gold reserves,2015-11-30,2015-11,month,2015-11-01,0.0,tony / miesiąc,monthly,derived,https://api.db.nomics.world/v22/series/IMF/IRFCL/M.PL.RAFAGOLDV_OZT.S1X?observations=1,2026-10-01T15:12:12.903556+00:00,"{""additionalSourceIds"": [""gold-imf-volume""], ""formula"": ""tonnes(t) - tonnes(t-1)"", ""missingReason"": null}"
poland-gold,poland-gold--reserves-pln,Polska · Oficjalne aktywa rezerwowe,Poland,Official reserve assets,2015-11-30,2015-11,month,2015-11-01,395.159,mld PLN,monthly,derived,https://data-api.ecb.europa.eu/service/data/RAS/M.N.PL.W1.S121.S1.LE.A.FA.R.._Z....N.ALL?format=csvdata,2026-10-01T15:07:49.183268+00:00,"{""seriesKey"": ""RAS.M.N.PL.W1.S121.S1.LE.A.FA.R.F._Z.PLN.X1._X.N.ALL"", ""sourceValue"": ""395159"", ""observationStatus"": ""A""}"
poland-gold,poland-gold--share,Polska · Udział złota w rezerwach,Poland,Gold share of reserves,2015-11-30,2015-11,month,2015-11-01,3.5631226923845842,% rezerw,monthly,derived,https://data-api.ecb.europa.eu/service/data/RAS/M.N.PL.W1.S121.S1.LE.A.FA.R.._Z....N.ALL?format=csvdata,2026-10-01T15:07:49.183268+00:00,"{""formula"": ""100 * gold_PLN / total_reserves_PLN"", ""goldValueMillions"": 14080.0, ""totalValueMillions"": 395159.0}"
poland-gold,poland-gold--tonnes,Polska · Rezerwy złota,Poland,Gold reserves,2015-11-30,2015-11,month,2015-11-01,102.92684783964,tony,monthly,derived,https://api.db.nomics.world/v22/series/IMF/IRFCL/M.PL.RAFAGOLDV_OZT.S1X?observations=1,2026-10-01T15:12:12.903556+00:00,"{""sourceValue"": 3.309175, ""sourceUnit"": ""million fine troy ounces""}"
poland-gold,poland-gold--gold-eur,Polska · Wartość złota w EUR,Poland,Gold value in EUR,2015-12-31,2015-12,month,2015-12-01,3.216069795257863,mld EUR,monthly,derived,https://data-api.ecb.europa.eu/service/data/RAS/M.N.PL.W1.S121.S1.LE.A.FA.R.._Z....N.ALL?format=csvdata,2026-10-01T15:07:49.183268+00:00,"{""seriesKey"": ""RAS.M.N.PL.W1.S121.S1.LE.A.FA.R.F11._Z.EUR.XAU.M.N.ALL"", ""sourceValue"": ""3216.069795257863"", ""observationStatus"": ""A""}"
poland-gold,poland-gold--gold-pln,Polska · Wartość złota w PLN,Poland,Gold value in PLN,2015-12-31,2015-12,month,2015-12-01,13.713,mld PLN,monthly,derived,https://data-api.ecb.europa.eu/service/data/RAS/M.N.PL.W1.S121.S1.LE.A.FA.R.._Z....N.ALL?format=csvdata,2026-10-01T15:07:49.183268+00:00,"{""seriesKey"": ""RAS.M.N.PL.W1.S121.S1.LE.A.FA.R.F11._Z.PLN.XAU.M.N.ALL"", ""sourceValue"": ""13713"", ""observationStatus"": ""A""}"
poland-gold,poland-gold--monthly-change,Polska · Zmiana rezerw złota m/m,Poland,Monthly change in gold reserves,2015-12-31,2015-12,month,2015-12-01,0.0025193816208,tony / miesiąc,monthly,derived,https://api.db.nomics.world/v22/series/IMF/IRFCL/M.PL.RAFAGOLDV_OZT.S1X?observations=1,2026-10-01T15:12:12.903556+00:00,"{""additionalSourceIds"": [""gold-imf-volume""], ""formula"": ""tonnes(t) - tonnes(t-1)"", ""missingReason"": null}"
poland-gold,poland-gold--reserves-pln,Polska · Oficjalne aktywa rezerwowe,Poland,Official reserve assets,2015-12-31,2015-12,month,2015-12-01,370.297,mld PLN,monthly,derived,https://data-api.ecb.europa.eu/service/data/RAS/M.N.PL.W1.S121.S1.LE.A.FA.R.._Z....N.ALL?format=csvdata,2026-10-01T15:07:49.183268+00:00,"{""seriesKey"": ""RAS.M.N.PL.W1.S121.S1.LE.A.FA.R.F._Z.PLN.X1._X.N.ALL"", ""sourceValue"": ""370297"", ""observationStatus"": ""A""}"
poland-gold,poland-gold--share,Polska · Udział złota w rezerwach,Poland,Gold share of reserves,2015-12-31,2015-12,month,2015-12-01,3.703243612559648,% rezerw,monthly,derived,https://data-api.ecb.europa.eu/service/data/RAS/M.N.PL.W1.S121.S1.LE.A.FA.R.._Z....N.ALL?format=csvdata,2026-10-01T15:07:49.183268+00:00,"{""formula"": ""100 * gold_PLN / total_reserves_PLN"", ""goldValueMillions"": 13713.0, ""totalValueMillions"": 370297.0}"
poland-gold,poland-gold--tonnes,Polska · Rezerwy złota,Poland,Gold reserves,2015-12-31,2015-12,month,2015-12-01,102.9293672212608,tony,monthly,derived,https://api.db.nomics.world/v22/series/IMF/IRFCL/M.PL.RAFAGOLDV_OZT.S1X?observations=1,2026-10-01T15:12:12.903556+00:00,"{""sourceValue"": 3.309256, ""sourceUnit"": ""million fine troy ounces""}"
poland-gold,poland-gold--gold-eur,Polska · Wartość złota w EUR,Poland,Gold value in EUR,2016-01-31,2016-01,month,2016-01-01,3.3780800936979145,mld EUR,monthly,derived,https://data-api.ecb.europa.eu/service/data/RAS/M.N.PL.W1.S121.S1.LE.A.FA.R.._Z....N.ALL?format=csvdata,2026-10-01T15:07:49.183268+00:00,"{""seriesKey"": ""RAS.M.N.PL.W1.S121.S1.LE.A.FA.R.F11._Z.EUR.XAU.M.N.ALL"", ""sourceValue"": ""3378.0800936979144"", ""observationStatus"": ""A""}"
poland-gold,poland-gold--gold-pln,Polska · Wartość złota w PLN,Poland,Gold value in PLN,2016-01-31,2016-01,month,2016-01-01,14.998,mld PLN,monthly,derived,https://data-api.ecb.europa.eu/service/data/RAS/M.N.PL.W1.S121.S1.LE.A.FA.R.._Z....N.ALL?format=csvdata,2026-10-01T15:07:49.183268+00:00,"{""seriesKey"": ""RAS.M.N.PL.W1.S121.S1.LE.A.FA.R.F11._Z.PLN.XAU.M.N.ALL"", ""sourceValue"": ""14998"", ""observationStatus"": ""A""}"
poland-gold,poland-gold--monthly-change,Polska · Zmiana rezerw złota m/m,Poland,Monthly change in gold reserves,2016-01-31,2016-01,month,2016-01-01,-0.0079624900608,tony / miesiąc,monthly,derived,https://api.db.nomics.world/v22/series/IMF/IRFCL/M.PL.RAFAGOLDV_OZT.S1X?observations=1,2026-10-01T15:12:12.903556+00:00,"{""additionalSourceIds"": [""gold-imf-volume""], ""formula"": ""tonnes(t) - tonnes(t-1)"", ""missingReason"": null}"
poland-gold,poland-gold--reserves-pln,Polska · Oficjalne aktywa rezerwowe,Poland,Official reserve assets,2016-01-31,2016-01,month,2016-01-01,406.191,mld PLN,monthly,derived,https://data-api.ecb.europa.eu/service/data/RAS/M.N.PL.W1.S121.S1.LE.A.FA.R.._Z....N.ALL?format=csvdata,2026-10-01T15:07:49.183268+00:00,"{""seriesKey"": ""RAS.M.N.PL.W1.S121.S1.LE.A.FA.R.F._Z.PLN.X1._X.N.ALL"", ""sourceValue"": ""406191"", ""observationStatus"": ""A""}"
poland-gold,poland-gold--share,Polska · Udział złota w rezerwach,Poland,Gold share of reserves,2016-01-31,2016-01,month,2016-01-01,3.692351627682543,% rezerw,monthly,derived,https://data-api.ecb.europa.eu/service/data/RAS/M.N.PL.W1.S121.S1.LE.A.FA.R.._Z....N.ALL?format=csvdata,2026-10-01T15:07:49.183268+00:00,"{""formula"": ""100 * gold_PLN / total_reserves_PLN"", ""goldValueMillions"": 14998.0, ""totalValueMillions"": 406191.0}"
poland-gold,poland-gold--tonnes,Polska · Rezerwy złota,Poland,Gold reserves,2016-01-31,2016-01,month,2016-01-01,102.9214047312,tony,monthly,derived,https://api.db.nomics.world/v22/series/IMF/IRFCL/M.PL.RAFAGOLDV_OZT.S1X?observations=1,2026-10-01T15:12:12.903556+00:00,"{""sourceValue"": 3.309, ""sourceUnit"": ""million fine troy ounces""}"
poland-gold,poland-gold--gold-eur,Polska · Wartość złota w EUR,Poland,Gold value in EUR,2016-02-29,2016-02,month,2016-02-01,3.745722619020279,mld EUR,monthly,derived,https://data-api.ecb.europa.eu/service/data/RAS/M.N.PL.W1.S121.S1.LE.A.FA.R.._Z....N.ALL?format=csvdata,2026-10-01T15:07:49.183268+00:00,"{""seriesKey"": ""RAS.M.N.PL.W1.S121.S1.LE.A.FA.R.F11._Z.EUR.XAU.M.N.ALL"", ""sourceValue"": ""3745.7226190202787"", ""observationStatus"": ""A""}"
poland-gold,poland-gold--gold-pln,Polska · Wartość złota w PLN,Poland,Gold value in PLN,2016-02-29,2016-02,month,2016-02-01,16.31,mld PLN,monthly,derived,https://data-api.ecb.europa.eu/service/data/RAS/M.N.PL.W1.S121.S1.LE.A.FA.R.._Z....N.ALL?format=csvdata,2026-10-01T15:07:49.183268+00:00,"{""seriesKey"": ""RAS.M.N.PL.W1.S121.S1.LE.A.FA.R.F11._Z.PLN.XAU.M.N.ALL"", ""sourceValue"": ""16310"", ""observationStatus"": ""A""}"
poland-gold,poland-gold--monthly-change,Polska · Zmiana rezerw złota m/m,Poland,Monthly change in gold reserves,2016-02-29,2016-02,month,2016-02-01,0.0,tony / miesiąc,monthly,derived,https://api.db.nomics.world/v22/series/IMF/IRFCL/M.PL.RAFAGOLDV_OZT.S1X?observations=1,2026-10-01T15:12:12.903556+00:00,"{""additionalSourceIds"": [""gold-imf-volume""], ""formula"": ""tonnes(t) - tonnes(t-1)"", ""missingReason"": null}"
poland-gold,poland-gold--reserves-pln,Polska · Oficjalne aktywa rezerwowe,Poland,Official reserve assets,2016-02-29,2016-02,month,2016-02-01,394.94,mld PLN,monthly,derived,https://data-api.ecb.europa.eu/service/data/RAS/M.N.PL.W1.S121.S1.LE.A.FA.R.._Z....N.ALL?format=csvdata,2026-10-01T15:07:49.183268+00:00,"{""seriesKey"": ""RAS.M.N.PL.W1.S121.S1.LE.A.FA.R.F._Z.PLN.X1._X.N.ALL"", ""sourceValue"": ""394940"", ""observationStatus"": ""A""}"
poland-gold,poland-gold--share,Polska · Udział złota w rezerwach,Poland,Gold share of reserves,2016-02-29,2016-02,month,2016-02-01,4.12974122651542,% rezerw,monthly,derived,https://data-api.ecb.europa.eu/service/data/RAS/M.N.PL.W1.S121.S1.LE.A.FA.R.._Z....N.ALL?format=csvdata,2026-10-01T15:07:49.183268+00:00,"{""formula"": ""100 * gold_PLN / total_reserves_PLN"", ""goldValueMillions"": 16310.0, ""totalValueMillions"": 394940.0}"
poland-gold,poland-gold--tonnes,Polska · Rezerwy złota,Poland,Gold reserves,2016-02-29,2016-02,month,2016-02-01,102.9214047312,tony,monthly,derived,https://api.db.nomics.world/v22/series/IMF/IRFCL/M.PL.RAFAGOLDV_OZT.S1X?observations=1,2026-10-01T15:12:12.903556+00:00,"{""sourceValue"": 3.309, ""sourceUnit"": ""million fine troy ounces""}"
poland-gold,poland-gold--gold-eur,Polska · Wartość złota w EUR,Poland,Gold value in EUR,2016-03-31,2016-03,month,2016-03-01,3.6046129274708756,mld EUR,monthly,derived,https://data-api.ecb.europa.eu/service/data/RAS/M.N.PL.W1.S121.S1.LE.A.FA.R.._Z....N.ALL?format=csvdata,2026-10-01T15:07:49.183268+00:00,"{""seriesKey"": ""RAS.M.N.PL.W1.S121.S1.LE.A.FA.R.F11._Z.EUR.XAU.M.N.ALL"", ""sourceValue"": ""3604.6129274708755"", ""observationStatus"": ""A""}"
poland-gold,poland-gold--gold-pln,Polska · Wartość złota w PLN,Poland,Gold value in PLN,2016-03-31,2016-03,month,2016-03-01,15.347,mld PLN,monthly,derived,https://data-api.ecb.europa.eu/service/data/RAS/M.N.PL.W1.S121.S1.LE.A.FA.R.._Z....N.ALL?format=csvdata,2026-10-01T15:07:49.183268+00:00,"{""seriesKey"": ""RAS.M.N.PL.W1.S121.S1.LE.A.FA.R.F11._Z.PLN.XAU.M.N.ALL"", ""sourceValue"": ""15347"", ""observationStatus"": ""A""}"
poland-gold,poland-gold--monthly-change,Polska · Zmiana rezerw złota m/m,Poland,Monthly change in gold reserves,2016-03-31,2016-03,month,2016-03-01,0.0311034768,tony / miesiąc,monthly,derived,https://api.db.nomics.world/v22/series/IMF/IRFCL/M.PL.RAFAGOLDV_OZT.S1X?observations=1,2026-10-01T15:12:12.903556+00:00,"{""additionalSourceIds"": [""gold-imf-volume""], ""formula"": ""tonnes(t) - tonnes(t-1)"", ""missingReason"": null}"
poland-gold,poland-gold--reserves-pln,Polska · Oficjalne aktywa rezerwowe,Poland,Official reserve assets,2016-03-31,2016-03,month,2016-03-01,377.895,mld PLN,monthly,derived,https://data-api.ecb.europa.eu/service/data/RAS/M.N.PL.W1.S121.S1.LE.A.FA.R.._Z....N.ALL?format=csvdata,2026-10-01T15:07:49.183268+00:00,"{""seriesKey"": ""RAS.M.N.PL.W1.S121.S1.LE.A.FA.R.F._Z.PLN.X1._X.N.ALL"", ""sourceValue"": ""377895"", ""observationStatus"": ""A""}"
poland-gold,poland-gold--share,Polska · Udział złota w rezerwach,Poland,Gold share of reserves,2016-03-31,2016-03,month,2016-03-01,4.061181015890657,% rezerw,monthly,derived,https://data-api.ecb.europa.eu/service/data/RAS/M.N.PL.W1.S121.S1.LE.A.FA.R.._Z....N.ALL?format=csvdata,2026-10-01T15:07:49.183268+00:00,"{""formula"": ""100 * gold_PLN / total_reserves_PLN"", ""goldValueMillions"": 15347.0, ""totalValueMillions"": 377895.0}"
poland-gold,poland-gold--tonnes,Polska · Rezerwy złota,Poland,Gold reserves,2016-03-31,2016-03,month,2016-03-01,102.952508208,tony,monthly,derived,https://api.db.nomics.world/v22/series/IMF/IRFCL/M.PL.RAFAGOLDV_OZT.S1X?observations=1,2026-10-01T15:12:12.903556+00:00,"{""sourceValue"": 3.31, ""sourceUnit"": ""million fine troy ounces""}"
poland-gold,poland-gold--gold-eur,Polska · Wartość złota w EUR,Poland,Gold value in EUR,2016-04-30,2016-04,month,2016-04-01,3.7165927442283637,mld EUR,monthly,derived,https://data-api.ecb.europa.eu/service/data/RAS/M.N.PL.W1.S121.S1.LE.A.FA.R.._Z....N.ALL?format=csvdata,2026-10-01T15:07:49.183268+00:00,"{""seriesKey"": ""RAS.M.N.PL.W1.S121.S1.LE.A.FA.R.F11._Z.EUR.XAU.M.N.ALL"", ""sourceValue"": ""3716.5927442283637"", ""observationStatus"": ""A""}"
poland-gold,poland-gold--gold-pln,Polska · Wartość złota w PLN,Poland,Gold value in PLN,2016-04-30,2016-04,month,2016-04-01,16.34,mld PLN,monthly,derived,https://data-api.ecb.europa.eu/service/data/RAS/M.N.PL.W1.S121.S1.LE.A.FA.R.._Z....N.ALL?format=csvdata,2026-10-01T15:07:49.183268+00:00,"{""seriesKey"": ""RAS.M.N.PL.W1.S121.S1.LE.A.FA.R.F11._Z.PLN.XAU.M.N.ALL"", ""sourceValue"": ""16340"", ""observationStatus"": ""A""}"
poland-gold,poland-gold--monthly-change,Polska · Zmiana rezerw złota m/m,Poland,Monthly change in gold reserves,2016-04-30,2016-04,month,2016-04-01,0.0,tony / miesiąc,monthly,derived,https://api.db.nomics.world/v22/series/IMF/IRFCL/M.PL.RAFAGOLDV_OZT.S1X?observations=1,2026-10-01T15:12:12.903556+00:00,"{""additionalSourceIds"": [""gold-imf-volume""], ""formula"": ""tonnes(t) - tonnes(t-1)"", ""missingReason"": null}"
poland-gold,poland-gold--reserves-pln,Polska · Oficjalne aktywa rezerwowe,Poland,Official reserve assets,2016-04-30,2016-04,month,2016-04-01,406.763,mld PLN,monthly,derived,https://data-api.ecb.europa.eu/service/data/RAS/M.N.PL.W1.S121.S1.LE.A.FA.R.._Z....N.ALL?format=csvdata,2026-10-01T15:07:49.183268+00:00,"{""seriesKey"": ""RAS.M.N.PL.W1.S121.S1.LE.A.FA.R.F._Z.PLN.X1._X.N.ALL"", ""sourceValue"": ""406763"", ""observationStatus"": ""A""}"
poland-gold,poland-gold--share,Polska · Udział złota w rezerwach,Poland,Gold share of reserves,2016-04-30,2016-04,month,2016-04-01,4.017081199617468,% rezerw,monthly,derived,https://data-api.ecb.europa.eu/service/data/RAS/M.N.PL.W1.S121.S1.LE.A.FA.R.._Z....N.ALL?format=csvdata,2026-10-01T15:07:49.183268+00:00,"{""formula"": ""100 * gold_PLN / total_reserves_PLN"", ""goldValueMillions"": 16340.0, ""totalValueMillions"": 406763.0}"
poland-gold,poland-gold--tonnes,Polska · Rezerwy złota,Poland,Gold reserves,2016-04-30,2016-04,month,2016-04-01,102.952508208,tony,monthly,derived,https://api.db.nomics.world/v22/series/IMF/IRFCL/M.PL.RAFAGOLDV_OZT.S1X?observations=1,2026-10-01T15:12:12.903556+00:00,"{""sourceValue"": 3.31, ""sourceUnit"": ""million fine troy ounces""}"
poland-gold,poland-gold--gold-eur,Polska · Wartość złota w EUR,Poland,Gold value in EUR,2016-05-31,2016-05,month,2016-05-01,3.5955773395645734,mld EUR,monthly,derived,https://data-api.ecb.europa.eu/service/data/RAS/M.N.PL.W1.S121.S1.LE.A.FA.R.._Z....N.ALL?format=csvdata,2026-10-01T15:07:49.183268+00:00,"{""seriesKey"": ""RAS.M.N.PL.W1.S121.S1.LE.A.FA.R.F11._Z.EUR.XAU.M.N.ALL"", ""sourceValue"": ""3595.5773395645733"", ""observationStatus"": ""A""}"
poland-gold,poland-gold--gold-pln,Polska · Wartość złota w PLN,Poland,Gold value in PLN,2016-05-31,2016-05,month,2016-05-01,15.772,mld PLN,monthly,derived,https://data-api.ecb.europa.eu/service/data/RAS/M.N.PL.W1.S121.S1.LE.A.FA.R.._Z....N.ALL?format=csvdata,2026-10-01T15:07:49.183268+00:00,"{""seriesKey"": ""RAS.M.N.PL.W1.S121.S1.LE.A.FA.R.F11._Z.PLN.XAU.M.N.ALL"", ""sourceValue"": ""15772"", ""observationStatus"": ""A""}"
poland-gold,poland-gold--monthly-change,Polska · Zmiana rezerw złota m/m,Poland,Monthly change in gold reserves,2016-05-31,2016-05,month,2016-05-01,0.0,tony / miesiąc,monthly,derived,https://api.db.nomics.world/v22/series/IMF/IRFCL/M.PL.RAFAGOLDV_OZT.S1X?observations=1,2026-10-01T15:12:12.903556+00:00,"{""additionalSourceIds"": [""gold-imf-volume""], ""formula"": ""tonnes(t) - tonnes(t-1)"", ""missingReason"": null}"
poland-gold,poland-gold--reserves-pln,Polska · Oficjalne aktywa rezerwowe,Poland,Official reserve assets,2016-05-31,2016-05,month,2016-05-01,425.248,mld PLN,monthly,derived,https://data-api.ecb.europa.eu/service/data/RAS/M.N.PL.W1.S121.S1.LE.A.FA.R.._Z....N.ALL?format=csvdata,2026-10-01T15:07:49.183268+00:00,"{""seriesKey"": ""RAS.M.N.PL.W1.S121.S1.LE.A.FA.R.F._Z.PLN.X1._X.N.ALL"", ""sourceValue"": ""425248"", ""observationStatus"": ""A""}"
poland-gold,poland-gold--share,Polska · Udział złota w rezerwach,Poland,Gold share of reserves,2016-05-31,2016-05,month,2016-05-01,3.70889457446008,% rezerw,monthly,derived,https://data-api.ecb.europa.eu/service/data/RAS/M.N.PL.W1.S121.S1.LE.A.FA.R.._Z....N.ALL?format=csvdata,2026-10-01T15:07:49.183268+00:00,"{""formula"": ""100 * gold_PLN / total_reserves_PLN"", ""goldValueMillions"": 15772.0, ""totalValueMillions"": 425248.0}"
poland-gold,poland-gold--tonnes,Polska · Rezerwy złota,Poland,Gold reserves,2016-05-31,2016-05,month,2016-05-01,102.952508208,tony,monthly,derived,https://api.db.nomics.world/v22/series/IMF/IRFCL/M.PL.RAFAGOLDV_OZT.S1X?observations=1,2026-10-01T15:12:12.903556+00:00,"{""sourceValue"": 3.31, ""sourceUnit"": ""million fine troy ounces""}"
poland-gold,poland-gold--gold-eur,Polska · Wartość złota w EUR,Poland,Gold value in EUR,2016-06-30,2016-06,month,2016-06-01,3.911004914115684,mld EUR,monthly,derived,https://data-api.ecb.europa.eu/service/data/RAS/M.N.PL.W1.S121.S1.LE.A.FA.R.._Z....N.ALL?format=csvdata,2026-10-01T15:07:49.183268+00:00,"{""seriesKey"": ""RAS.M.N.PL.W1.S121.S1.LE.A.FA.R.F11._Z.EUR.XAU.M.N.ALL"", ""sourceValue"": ""3911.004914115684"", ""observationStatus"": ""A""}"
poland-gold,poland-gold--gold-pln,Polska · Wartość złota w PLN,Poland,Gold value in PLN,2016-06-30,2016-06,month,2016-06-01,17.35,mld PLN,monthly,derived,https://data-api.ecb.europa.eu/service/data/RAS/M.N.PL.W1.S121.S1.LE.A.FA.R.._Z....N.ALL?format=csvdata,2026-10-01T15:07:49.183268+00:00,"{""seriesKey"": ""RAS.M.N.PL.W1.S121.S1.LE.A.FA.R.F11._Z.PLN.XAU.M.N.ALL"", ""sourceValue"": ""17350"", ""observationStatus"": ""A""}"
poland-gold,poland-gold--monthly-change,Polska · Zmiana rezerw złota m/m,Poland,Monthly change in gold reserves,2016-06-30,2016-06,month,2016-06-01,0.0,tony / miesiąc,monthly,derived,https://api.db.nomics.world/v22/series/IMF/IRFCL/M.PL.RAFAGOLDV_OZT.S1X?observations=1,2026-10-01T15:12:12.903556+00:00,"{""additionalSourceIds"": [""gold-imf-volume""], ""formula"": ""tonnes(t) - tonnes(t-1)"", ""missingReason"": null}"
poland-gold,poland-gold--reserves-pln,Polska · Oficjalne aktywa rezerwowe,Poland,Official reserve assets,2016-06-30,2016-06,month,2016-06-01,438.896,mld PLN,monthly,derived,https://data-api.ecb.europa.eu/service/data/RAS/M.N.PL.W1.S121.S1.LE.A.FA.R.._Z....N.ALL?format=csvdata,2026-10-01T15:07:49.183268+00:00,"{""seriesKey"": ""RAS.M.N.PL.W1.S121.S1.LE.A.FA.R.F._Z.PLN.X1._X.N.ALL"", ""sourceValue"": ""438896"", ""observationStatus"": ""A""}"
poland-gold,poland-gold--share,Polska · Udział złota w rezerwach,Poland,Gold share of reserves,2016-06-30,2016-06,month,2016-06-01,3.953100506725967,% rezerw,monthly,derived,https://data-api.ecb.europa.eu/service/data/RAS/M.N.PL.W1.S121.S1.LE.A.FA.R.._Z....N.ALL?format=csvdata,2026-10-01T15:07:49.183268+00:00,"{""formula"": ""100 * gold_PLN / total_reserves_PLN"", ""goldValueMillions"": 17350.0, ""totalValueMillions"": 438896.0}"
poland-gold,poland-gold--tonnes,Polska · Rezerwy złota,Poland,Gold reserves,2016-06-30,2016-06,month,2016-06-01,102.952508208,tony,monthly,derived,https://api.db.nomics.world/v22/series/IMF/IRFCL/M.PL.RAFAGOLDV_OZT.S1X?observations=1,2026-10-01T15:12:12.903556+00:00,"{""sourceValue"": 3.31, ""sourceUnit"": ""million fine troy ounces""}"
poland-gold,poland-gold--gold-eur,Polska · Wartość złota w EUR,Poland,Gold value in EUR,2016-07-31,2016-07,month,2016-07-01,3.978913591565436,mld EUR,monthly,derived,https://data-api.ecb.europa.eu/service/data/RAS/M.N.PL.W1.S121.S1.LE.A.FA.R.._Z....N.ALL?format=csvdata,2026-10-01T15:07:49.183268+00:00,"{""seriesKey"": ""RAS.M.N.PL.W1.S121.S1.LE.A.FA.R.F11._Z.EUR.XAU.M.N.ALL"", ""sourceValue"": ""3978.913591565436"", ""observationStatus"": ""A""}"
poland-gold,poland-gold--gold-pln,Polska · Wartość złota w PLN,Poland,Gold value in PLN,2016-07-31,2016-07,month,2016-07-01,17.36,mld PLN,monthly,derived,https://data-api.ecb.europa.eu/service/data/RAS/M.N.PL.W1.S121.S1.LE.A.FA.R.._Z....N.ALL?format=csvdata,2026-10-01T15:07:49.183268+00:00,"{""seriesKey"": ""RAS.M.N.PL.W1.S121.S1.LE.A.FA.R.F11._Z.PLN.XAU.M.N.ALL"", ""sourceValue"": ""17360"", ""observationStatus"": ""A""}"
poland-gold,poland-gold--monthly-change,Polska · Zmiana rezerw złota m/m,Poland,Monthly change in gold reserves,2016-07-31,2016-07,month,2016-07-01,0.0,tony / miesiąc,monthly,derived,https://api.db.nomics.world/v22/series/IMF/IRFCL/M.PL.RAFAGOLDV_OZT.S1X?observations=1,2026-10-01T15:12:12.903556+00:00,"{""additionalSourceIds"": [""gold-imf-volume""], ""formula"": ""tonnes(t) - tonnes(t-1)"", ""missingReason"": null}"
poland-gold,poland-gold--reserves-pln,Polska · Oficjalne aktywa rezerwowe,Poland,Official reserve assets,2016-07-31,2016-07,month,2016-07-01,429.161,mld PLN,monthly,derived,https://data-api.ecb.europa.eu/service/data/RAS/M.N.PL.W1.S121.S1.LE.A.FA.R.._Z....N.ALL?format=csvdata,2026-10-01T15:07:49.183268+00:00,"{""seriesKey"": ""RAS.M.N.PL.W1.S121.S1.LE.A.FA.R.F._Z.PLN.X1._X.N.ALL"", ""sourceValue"": ""429161"", ""observationStatus"": ""A""}"
poland-gold,poland-gold--share,Polska · Udział złota w rezerwach,Poland,Gold share of reserves,2016-07-31,2016-07,month,2016-07-01,4.045101954744257,% rezerw,monthly,derived,https://data-api.ecb.europa.eu/service/data/RAS/M.N.PL.W1.S121.S1.LE.A.FA.R.._Z....N.ALL?format=csvdata,2026-10-01T15:07:49.183268+00:00,"{""formula"": ""100 * gold_PLN / total_reserves_PLN"", ""goldValueMillions"": 17360.0, ""totalValueMillions"": 429161.0}"
poland-gold,poland-gold--tonnes,Polska · Rezerwy złota,Poland,Gold reserves,2016-07-31,2016-07,month,2016-07-01,102.952508208,tony,monthly,derived,https://api.db.nomics.world/v22/series/IMF/IRFCL/M.PL.RAFAGOLDV_OZT.S1X?observations=1,2026-10-01T15:12:12.903556+00:00,"{""sourceValue"": 3.31, ""sourceUnit"": ""million fine troy ounces""}"
poland-gold,poland-gold--gold-eur,Polska · Wartość złota w EUR,Poland,Gold value in EUR,2016-08-31,2016-08,month,2016-08-01,3.9057726322559896,mld EUR,monthly,derived,https://data-api.ecb.europa.eu/service/data/RAS/M.N.PL.W1.S121.S1.LE.A.FA.R.._Z....N.ALL?format=csvdata,2026-10-01T15:07:49.183268+00:00,"{""seriesKey"": ""RAS.M.N.PL.W1.S121.S1.LE.A.FA.R.F11._Z.EUR.XAU.M.N.ALL"", ""sourceValue"": ""3905.7726322559897"", ""observationStatus"": ""A""}"
poland-gold,poland-gold--gold-pln,Polska · Wartość złota w PLN,Poland,Gold value in PLN,2016-08-31,2016-08,month,2016-08-01,17.003,mld PLN,monthly,derived,https://data-api.ecb.europa.eu/service/data/RAS/M.N.PL.W1.S121.S1.LE.A.FA.R.._Z....N.ALL?format=csvdata,2026-10-01T15:07:49.183268+00:00,"{""seriesKey"": ""RAS.M.N.PL.W1.S121.S1.LE.A.FA.R.F11._Z.PLN.XAU.M.N.ALL"", ""sourceValue"": ""17003"", ""observationStatus"": ""A""}"
poland-gold,poland-gold--monthly-change,Polska · Zmiana rezerw złota m/m,Poland,Monthly change in gold reserves,2016-08-31,2016-08,month,2016-08-01,0.0,tony / miesiąc,monthly,derived,https://api.db.nomics.world/v22/series/IMF/IRFCL/M.PL.RAFAGOLDV_OZT.S1X?observations=1,2026-10-01T15:12:12.903556+00:00,"{""additionalSourceIds"": [""gold-imf-volume""], ""formula"": ""tonnes(t) - tonnes(t-1)"", ""missingReason"": null}"
poland-gold,poland-gold--reserves-pln,Polska · Oficjalne aktywa rezerwowe,Poland,Official reserve assets,2016-08-31,2016-08,month,2016-08-01,429.964,mld PLN,monthly,derived,https://data-api.ecb.europa.eu/service/data/RAS/M.N.PL.W1.S121.S1.LE.A.FA.R.._Z....N.ALL?format=csvdata,2026-10-01T15:07:49.183268+00:00,"{""seriesKey"": ""RAS.M.N.PL.W1.S121.S1.LE.A.FA.R.F._Z.PLN.X1._X.N.ALL"", ""sourceValue"": ""429964"", ""observationStatus"": ""A""}"
poland-gold,poland-gold--share,Polska · Udział złota w rezerwach,Poland,Gold share of reserves,2016-08-31,2016-08,month,2016-08-01,3.954517122363733,% rezerw,monthly,derived,https://data-api.ecb.europa.eu/service/data/RAS/M.N.PL.W1.S121.S1.LE.A.FA.R.._Z....N.ALL?format=csvdata,2026-10-01T15:07:49.183268+00:00,"{""formula"": ""100 * gold_PLN / total_reserves_PLN"", ""goldValueMillions"": 17003.0, ""totalValueMillions"": 429964.0}"
poland-gold,poland-gold--tonnes,Polska · Rezerwy złota,Poland,Gold reserves,2016-08-31,2016-08,month,2016-08-01,102.952508208,tony,monthly,derived,https://api.db.nomics.world/v22/series/IMF/IRFCL/M.PL.RAFAGOLDV_OZT.S1X?observations=1,2026-10-01T15:12:12.903556+00:00,"{""sourceValue"": 3.31, ""sourceUnit"": ""million fine troy ounces""}"
poland-gold,poland-gold--gold-eur,Polska · Wartość złota w EUR,Poland,Gold value in EUR,2016-09-30,2016-09,month,2016-09-01,3.9234117429153543,mld EUR,monthly,derived,https://data-api.ecb.europa.eu/service/data/RAS/M.N.PL.W1.S121.S1.LE.A.FA.R.._Z....N.ALL?format=csvdata,2026-10-01T15:07:49.183268+00:00,"{""seriesKey"": ""RAS.M.N.PL.W1.S121.S1.LE.A.FA.R.F11._Z.EUR.XAU.M.N.ALL"", ""sourceValue"": ""3923.4117429153544"", ""observationStatus"": ""A""}"
poland-gold,poland-gold--gold-pln,Polska · Wartość złota w PLN,Poland,Gold value in PLN,2016-09-30,2016-09,month,2016-09-01,16.946,mld PLN,monthly,derived,https://data-api.ecb.europa.eu/service/data/RAS/M.N.PL.W1.S121.S1.LE.A.FA.R.._Z....N.ALL?format=csvdata,2026-10-01T15:07:49.183268+00:00,"{""seriesKey"": ""RAS.M.N.PL.W1.S121.S1.LE.A.FA.R.F11._Z.PLN.XAU.M.N.ALL"", ""sourceValue"": ""16946"", ""observationStatus"": ""A""}"
poland-gold,poland-gold--monthly-change,Polska · Zmiana rezerw złota m/m,Poland,Monthly change in gold reserves,2016-09-30,2016-09,month,2016-09-01,0.0,tony / miesiąc,monthly,derived,https://api.db.nomics.world/v22/series/IMF/IRFCL/M.PL.RAFAGOLDV_OZT.S1X?observations=1,2026-10-01T15:12:12.903556+00:00,"{""additionalSourceIds"": [""gold-imf-volume""], ""formula"": ""tonnes(t) - tonnes(t-1)"", ""missingReason"": null}"
poland-gold,poland-gold--reserves-pln,Polska · Oficjalne aktywa rezerwowe,Poland,Official reserve assets,2016-09-30,2016-09,month,2016-09-01,431.536,mld PLN,monthly,derived,https://data-api.ecb.europa.eu/service/data/RAS/M.N.PL.W1.S121.S1.LE.A.FA.R.._Z....N.ALL?format=csvdata,2026-10-01T15:07:49.183268+00:00,"{""seriesKey"": ""RAS.M.N.PL.W1.S121.S1.LE.A.FA.R.F._Z.PLN.X1._X.N.ALL"", ""sourceValue"": ""431536"", ""observationStatus"": ""A""}"
poland-gold,poland-gold--share,Polska · Udział złota w rezerwach,Poland,Gold share of reserves,2016-09-30,2016-09,month,2016-09-01,3.9269029698565125,% rezerw,monthly,derived,https://data-api.ecb.europa.eu/service/data/RAS/M.N.PL.W1.S121.S1.LE.A.FA.R.._Z....N.ALL?format=csvdata,2026-10-01T15:07:49.183268+00:00,"{""formula"": ""100 * gold_PLN / total_reserves_PLN"", ""goldValueMillions"": 16946.0, ""totalValueMillions"": 431536.0}"
poland-gold,poland-gold--tonnes,Polska · Rezerwy złota,Poland,Gold reserves,2016-09-30,2016-09,month,2016-09-01,102.952508208,tony,monthly,derived,https://api.db.nomics.world/v22/series/IMF/IRFCL/M.PL.RAFAGOLDV_OZT.S1X?observations=1,2026-10-01T15:12:12.903556+00:00,"{""sourceValue"": 3.31, ""sourceUnit"": ""million fine troy ounces""}"
poland-gold,poland-gold--gold-eur,Polska · Wartość złota w EUR,Poland,Gold value in EUR,2016-10-31,2016-10,month,2016-10-01,3.847913489532788,mld EUR,monthly,derived,https://data-api.ecb.europa.eu/service/data/RAS/M.N.PL.W1.S121.S1.LE.A.FA.R.._Z....N.ALL?format=csvdata,2026-10-01T15:07:49.183268+00:00,"{""seriesKey"": ""RAS.M.N.PL.W1.S121.S1.LE.A.FA.R.F11._Z.EUR.XAU.M.N.ALL"", ""sourceValue"": ""3847.913489532788"", ""observationStatus"": ""A""}"
poland-gold,poland-gold--gold-pln,Polska · Wartość złota w PLN,Poland,Gold value in PLN,2016-10-31,2016-10,month,2016-10-01,16.653,mld PLN,monthly,derived,https://data-api.ecb.europa.eu/service/data/RAS/M.N.PL.W1.S121.S1.LE.A.FA.R.._Z....N.ALL?format=csvdata,2026-10-01T15:07:49.183268+00:00,"{""seriesKey"": ""RAS.M.N.PL.W1.S121.S1.LE.A.FA.R.F11._Z.PLN.XAU.M.N.ALL"", ""sourceValue"": ""16653"", ""observationStatus"": ""A""}"
poland-gold,poland-gold--monthly-change,Polska · Zmiana rezerw złota m/m,Poland,Monthly change in gold reserves,2016-10-31,2016-10,month,2016-10-01,0.0,tony / miesiąc,monthly,derived,https://api.db.nomics.world/v22/series/IMF/IRFCL/M.PL.RAFAGOLDV_OZT.S1X?observations=1,2026-10-01T15:12:12.903556+00:00,"{""additionalSourceIds"": [""gold-imf-volume""], ""formula"": ""tonnes(t) - tonnes(t-1)"", ""missingReason"": null}"
poland-gold,poland-gold--reserves-pln,Polska · Oficjalne aktywa rezerwowe,Poland,Official reserve assets,2016-10-31,2016-10,month,2016-10-01,446.332,mld PLN,monthly,derived,https://data-api.ecb.europa.eu/service/data/RAS/M.N.PL.W1.S121.S1.LE.A.FA.R.._Z....N.ALL?format=csvdata,2026-10-01T15:07:49.183268+00:00,"{""seriesKey"": ""RAS.M.N.PL.W1.S121.S1.LE.A.FA.R.F._Z.PLN.X1._X.N.ALL"", ""sourceValue"": ""446332"", ""observationStatus"": ""A""}"
poland-gold,poland-gold--share,Polska · Udział złota w rezerwach,Poland,Gold share of reserves,2016-10-31,2016-10,month,2016-10-01,3.7310791070324334,% rezerw,monthly,derived,https://data-api.ecb.europa.eu/service/data/RAS/M.N.PL.W1.S121.S1.LE.A.FA.R.._Z....N.ALL?format=csvdata,2026-10-01T15:07:49.183268+00:00,"{""formula"": ""100 * gold_PLN / total_reserves_PLN"", ""goldValueMillions"": 16653.0, ""totalValueMillions"": 446332.0}"
poland-gold,poland-gold--tonnes,Polska · Rezerwy złota,Poland,Gold reserves,2016-10-31,2016-10,month,2016-10-01,102.952508208,tony,monthly,derived,https://api.db.nomics.world/v22/series/IMF/IRFCL/M.PL.RAFAGOLDV_OZT.S1X?observations=1,2026-10-01T15:12:12.903556+00:00,"{""sourceValue"": 3.31, ""sourceUnit"": ""million fine troy ounces""}"
poland-gold,poland-gold--gold-eur,Polska · Wartość złota w EUR,Poland,Gold value in EUR,2016-11-30,2016-11,month,2016-11-01,3.686352089562305,mld EUR,monthly,derived,https://data-api.ecb.europa.eu/service/data/RAS/M.N.PL.W1.S121.S1.LE.A.FA.R.._Z....N.ALL?format=csvdata,2026-10-01T15:07:49.183268+00:00,"{""seriesKey"": ""RAS.M.N.PL.W1.S121.S1.LE.A.FA.R.F11._Z.EUR.XAU.M.N.ALL"", ""sourceValue"": ""3686.352089562305"", ""observationStatus"": ""A""}"
poland-gold,poland-gold--gold-pln,Polska · Wartość złota w PLN,Poland,Gold value in PLN,2016-11-30,2016-11,month,2016-11-01,16.398,mld PLN,monthly,derived,https://data-api.ecb.europa.eu/service/data/RAS/M.N.PL.W1.S121.S1.LE.A.FA.R.._Z....N.ALL?format=csvdata,2026-10-01T15:07:49.183268+00:00,"{""seriesKey"": ""RAS.M.N.PL.W1.S121.S1.LE.A.FA.R.F11._Z.PLN.XAU.M.N.ALL"", ""sourceValue"": ""16398"", ""observationStatus"": ""A""}"
poland-gold,poland-gold--monthly-change,Polska · Zmiana rezerw złota m/m,Poland,Monthly change in gold reserves,2016-11-30,2016-11,month,2016-11-01,0.0,tony / miesiąc,monthly,derived,https://api.db.nomics.world/v22/series/IMF/IRFCL/M.PL.RAFAGOLDV_OZT.S1X?observations=1,2026-10-01T15:12:12.903556+00:00,"{""additionalSourceIds"": [""gold-imf-volume""], ""formula"": ""tonnes(t) - tonnes(t-1)"", ""missingReason"": null}"
poland-gold,poland-gold--reserves-pln,Polska · Oficjalne aktywa rezerwowe,Poland,Official reserve assets,2016-11-30,2016-11,month,2016-11-01,462.448,mld PLN,monthly,derived,https://data-api.ecb.europa.eu/service/data/RAS/M.N.PL.W1.S121.S1.LE.A.FA.R.._Z....N.ALL?format=csvdata,2026-10-01T15:07:49.183268+00:00,"{""seriesKey"": ""RAS.M.N.PL.W1.S121.S1.LE.A.FA.R.F._Z.PLN.X1._X.N.ALL"", ""sourceValue"": ""462448"", ""observationStatus"": ""A""}"
poland-gold,poland-gold--share,Polska · Udział złota w rezerwach,Poland,Gold share of reserves,2016-11-30,2016-11,month,2016-11-01,3.5459121890461196,% rezerw,monthly,derived,https://data-api.ecb.europa.eu/service/data/RAS/M.N.PL.W1.S121.S1.LE.A.FA.R.._Z....N.ALL?format=csvdata,2026-10-01T15:07:49.183268+00:00,"{""formula"": ""100 * gold_PLN / total_reserves_PLN"", ""goldValueMillions"": 16398.0, ""totalValueMillions"": 462448.0}"
poland-gold,poland-gold--tonnes,Polska · Rezerwy złota,Poland,Gold reserves,2016-11-30,2016-11,month,2016-11-01,102.952508208,tony,monthly,derived,https://api.db.nomics.world/v22/series/IMF/IRFCL/M.PL.RAFAGOLDV_OZT.S1X?observations=1,2026-10-01T15:12:12.903556+00:00,"{""sourceValue"": 3.31, ""sourceUnit"": ""million fine troy ounces""}"
poland-gold,poland-gold--gold-eur,Polska · Wartość złota w EUR,Poland,Gold value in EUR,2016-12-31,2016-12,month,2016-12-01,3.6360338298981922,mld EUR,monthly,derived,https://data-api.ecb.europa.eu/service/data/RAS/M.N.PL.W1.S121.S1.LE.A.FA.R.._Z....N.ALL?format=csvdata,2026-10-01T15:07:49.183268+00:00,"{""seriesKey"": ""RAS.M.N.PL.W1.S121.S1.LE.A.FA.R.F11._Z.EUR.XAU.M.N.ALL"", ""sourceValue"": ""3636.0338298981924"", ""observationStatus"": ""A""}"
poland-gold,poland-gold--gold-pln,Polska · Wartość złota w PLN,Poland,Gold value in PLN,2016-12-31,2016-12,month,2016-12-01,16.036,mld PLN,monthly,derived,https://data-api.ecb.europa.eu/service/data/RAS/M.N.PL.W1.S121.S1.LE.A.FA.R.._Z....N.ALL?format=csvdata,2026-10-01T15:07:49.183268+00:00,"{""seriesKey"": ""RAS.M.N.PL.W1.S121.S1.LE.A.FA.R.F11._Z.PLN.XAU.M.N.ALL"", ""sourceValue"": ""16036"", ""observationStatus"": ""A""}"
poland-gold,poland-gold--monthly-change,Polska · Zmiana rezerw złota m/m,Poland,Monthly change in gold reserves,2016-12-31,2016-12,month,2016-12-01,0.0,tony / miesiąc,monthly,derived,https://api.db.nomics.world/v22/series/IMF/IRFCL/M.PL.RAFAGOLDV_OZT.S1X?observations=1,2026-10-01T15:12:12.903556+00:00,"{""additionalSourceIds"": [""gold-imf-volume""], ""formula"": ""tonnes(t) - tonnes(t-1)"", ""missingReason"": null}"
poland-gold,poland-gold--reserves-pln,Polska · Oficjalne aktywa rezerwowe,Poland,Official reserve assets,2016-12-31,2016-12,month,2016-12-01,478.077,mld PLN,monthly,derived,https://data-api.ecb.europa.eu/service/data/RAS/M.N.PL.W1.S121.S1.LE.A.FA.R.._Z....N.ALL?format=csvdata,2026-10-01T15:07:49.183268+00:00,"{""seriesKey"": ""RAS.M.N.PL.W1.S121.S1.LE.A.FA.R.F._Z.PLN.X1._X.N.ALL"", ""sourceValue"": ""478077"", ""observationStatus"": ""A""}"
poland-gold,poland-gold--share,Polska · Udział złota w rezerwach,Poland,Gold share of reserves,2016-12-31,2016-12,month,2016-12-01,3.3542713830617243,% rezerw,monthly,derived,https://data-api.ecb.europa.eu/service/data/RAS/M.N.PL.W1.S121.S1.LE.A.FA.R.._Z....N.ALL?format=csvdata,2026-10-01T15:07:49.183268+00:00,"{""formula"": ""100 * gold_PLN / total_reserves_PLN"", ""goldValueMillions"": 16036.0, ""totalValueMillions"": 478077.0}"
poland-gold,poland-gold--tonnes,Polska · Rezerwy złota,Poland,Gold reserves,2016-12-31,2016-12,month,2016-12-01,102.952508208,tony,monthly,derived,https://api.db.nomics.world/v22/series/IMF/IRFCL/M.PL.RAFAGOLDV_OZT.S1X?observations=1,2026-10-01T15:12:12.903556+00:00,"{""sourceValue"": 3.31, ""sourceUnit"": ""million fine troy ounces""}"
poland-gold,poland-gold--gold-eur,Polska · Wartość złota w EUR,Poland,Gold value in EUR,2017-01-31,2017-01,month,2017-01-01,3.71215800550429,mld EUR,monthly,derived,https://data-api.ecb.europa.eu/service/data/RAS/M.N.PL.W1.S121.S1.LE.A.FA.R.._Z....N.ALL?format=csvdata,2026-10-01T15:07:49.183268+00:00,"{""seriesKey"": ""RAS.M.N.PL.W1.S121.S1.LE.A.FA.R.F11._Z.EUR.XAU.M.N.ALL"", ""sourceValue"": ""3712.15800550429"", ""observationStatus"": ""A""}"
poland-gold,poland-gold--gold-pln,Polska · Wartość złota w PLN,Poland,Gold value in PLN,2017-01-31,2017-01,month,2017-01-01,16.051,mld PLN,monthly,derived,https://data-api.ecb.europa.eu/service/data/RAS/M.N.PL.W1.S121.S1.LE.A.FA.R.._Z....N.ALL?format=csvdata,2026-10-01T15:07:49.183268+00:00,"{""seriesKey"": ""RAS.M.N.PL.W1.S121.S1.LE.A.FA.R.F11._Z.PLN.XAU.M.N.ALL"", ""sourceValue"": ""16051"", ""observationStatus"": ""A""}"
poland-gold,poland-gold--monthly-change,Polska · Zmiana rezerw złota m/m,Poland,Monthly change in gold reserves,2017-01-31,2017-01,month,2017-01-01,0.0,tony / miesiąc,monthly,derived,https://api.db.nomics.world/v22/series/IMF/IRFCL/M.PL.RAFAGOLDV_OZT.S1X?observations=1,2026-10-01T15:12:12.903556+00:00,"{""additionalSourceIds"": [""gold-imf-volume""], ""formula"": ""tonnes(t) - tonnes(t-1)"", ""missingReason"": null}"
poland-gold,poland-gold--reserves-pln,Polska · Oficjalne aktywa rezerwowe,Poland,Official reserve assets,2017-01-31,2017-01,month,2017-01-01,459.851,mld PLN,monthly,derived,https://data-api.ecb.europa.eu/service/data/RAS/M.N.PL.W1.S121.S1.LE.A.FA.R.._Z....N.ALL?format=csvdata,2026-10-01T15:07:49.183268+00:00,"{""seriesKey"": ""RAS.M.N.PL.W1.S121.S1.LE.A.FA.R.F._Z.PLN.X1._X.N.ALL"", ""sourceValue"": ""459851"", ""observationStatus"": ""A""}"
poland-gold,poland-gold--share,Polska · Udział złota w rezerwach,Poland,Gold share of reserves,2017-01-31,2017-01,month,2017-01-01,3.4904784375808684,% rezerw,monthly,derived,https://data-api.ecb.europa.eu/service/data/RAS/M.N.PL.W1.S121.S1.LE.A.FA.R.._Z....N.ALL?format=csvdata,2026-10-01T15:07:49.183268+00:00,"{""formula"": ""100 * gold_PLN / total_reserves_PLN"", ""goldValueMillions"": 16051.0, ""totalValueMillions"": 459851.0}"
poland-gold,poland-gold--tonnes,Polska · Rezerwy złota,Poland,Gold reserves,2017-01-31,2017-01,month,2017-01-01,102.952508208,tony,monthly,derived,https://api.db.nomics.world/v22/series/IMF/IRFCL/M.PL.RAFAGOLDV_OZT.S1X?observations=1,2026-10-01T15:12:12.903556+00:00,"{""sourceValue"": 3.31, ""sourceUnit"": ""million fine troy ounces""}"
poland-gold,poland-gold--gold-eur,Polska · Wartość złota w EUR,Poland,Gold value in EUR,2017-02-28,2017-02,month,2017-02-01,3.9158246036896265,mld EUR,monthly,derived,https://data-api.ecb.europa.eu/service/data/RAS/M.N.PL.W1.S121.S1.LE.A.FA.R.._Z....N.ALL?format=csvdata,2026-10-01T15:07:49.183268+00:00,"{""seriesKey"": ""RAS.M.N.PL.W1.S121.S1.LE.A.FA.R.F11._Z.EUR.XAU.M.N.ALL"", ""sourceValue"": ""3915.8246036896267"", ""observationStatus"": ""A""}"
poland-gold,poland-gold--gold-pln,Polska · Wartość złota w PLN,Poland,Gold value in PLN,2017-02-28,2017-02,month,2017-02-01,16.896,mld PLN,monthly,derived,https://data-api.ecb.europa.eu/service/data/RAS/M.N.PL.W1.S121.S1.LE.A.FA.R.._Z....N.ALL?format=csvdata,2026-10-01T15:07:49.183268+00:00,"{""seriesKey"": ""RAS.M.N.PL.W1.S121.S1.LE.A.FA.R.F11._Z.PLN.XAU.M.N.ALL"", ""sourceValue"": ""16896"", ""observationStatus"": ""A""}"
poland-gold,poland-gold--monthly-change,Polska · Zmiana rezerw złota m/m,Poland,Monthly change in gold reserves,2017-02-28,2017-02,month,2017-02-01,0.0,tony / miesiąc,monthly,derived,https://api.db.nomics.world/v22/series/IMF/IRFCL/M.PL.RAFAGOLDV_OZT.S1X?observations=1,2026-10-01T15:12:12.903556+00:00,"{""additionalSourceIds"": [""gold-imf-volume""], ""formula"": ""tonnes(t) - tonnes(t-1)"", ""missingReason"": null}"
poland-gold,poland-gold--reserves-pln,Polska · Oficjalne aktywa rezerwowe,Poland,Official reserve assets,2017-02-28,2017-02,month,2017-02-01,451.767,mld PLN,monthly,derived,https://data-api.ecb.europa.eu/service/data/RAS/M.N.PL.W1.S121.S1.LE.A.FA.R.._Z....N.ALL?format=csvdata,2026-10-01T15:07:49.183268+00:00,"{""seriesKey"": ""RAS.M.N.PL.W1.S121.S1.LE.A.FA.R.F._Z.PLN.X1._X.N.ALL"", ""sourceValue"": ""451767"", ""observationStatus"": ""A""}"
poland-gold,poland-gold--share,Polska · Udział złota w rezerwach,Poland,Gold share of reserves,2017-02-28,2017-02,month,2017-02-01,3.7399810079089444,% rezerw,monthly,derived,https://data-api.ecb.europa.eu/service/data/RAS/M.N.PL.W1.S121.S1.LE.A.FA.R.._Z....N.ALL?format=csvdata,2026-10-01T15:07:49.183268+00:00,"{""formula"": ""100 * gold_PLN / total_reserves_PLN"", ""goldValueMillions"": 16896.0, ""totalValueMillions"": 451767.0}"
poland-gold,poland-gold--tonnes,Polska · Rezerwy złota,Poland,Gold reserves,2017-02-28,2017-02,month,2017-02-01,102.952508208,tony,monthly,derived,https://api.db.nomics.world/v22/series/IMF/IRFCL/M.PL.RAFAGOLDV_OZT.S1X?observations=1,2026-10-01T15:12:12.903556+00:00,"{""sourceValue"": 3.31, ""sourceUnit"": ""million fine troy ounces""}"
poland-gold,poland-gold--gold-eur,Polska · Wartość złota w EUR,Poland,Gold value in EUR,2017-03-31,2017-03,month,2017-03-01,3.837217555897315,mld EUR,monthly,derived,https://data-api.ecb.europa.eu/service/data/RAS/M.N.PL.W1.S121.S1.LE.A.FA.R.._Z....N.ALL?format=csvdata,2026-10-01T15:07:49.183268+00:00,"{""seriesKey"": ""RAS.M.N.PL.W1.S121.S1.LE.A.FA.R.F11._Z.EUR.XAU.M.N.ALL"", ""sourceValue"": ""3837.217555897315"", ""observationStatus"": ""A""}"
poland-gold,poland-gold--gold-pln,Polska · Wartość złota w PLN,Poland,Gold value in PLN,2017-03-31,2017-03,month,2017-03-01,16.218,mld PLN,monthly,derived,https://data-api.ecb.europa.eu/service/data/RAS/M.N.PL.W1.S121.S1.LE.A.FA.R.._Z....N.ALL?format=csvdata,2026-10-01T15:07:49.183268+00:00,"{""seriesKey"": ""RAS.M.N.PL.W1.S121.S1.LE.A.FA.R.F11._Z.PLN.XAU.M.N.ALL"", ""sourceValue"": ""16218"", ""observationStatus"": ""A""}"
poland-gold,poland-gold--monthly-change,Polska · Zmiana rezerw złota m/m,Poland,Monthly change in gold reserves,2017-03-31,2017-03,month,2017-03-01,0.0,tony / miesiąc,monthly,derived,https://api.db.nomics.world/v22/series/IMF/IRFCL/M.PL.RAFAGOLDV_OZT.S1X?observations=1,2026-10-01T15:12:12.903556+00:00,"{""additionalSourceIds"": [""gold-imf-volume""], ""formula"": ""tonnes(t) - tonnes(t-1)"", ""missingReason"": null}"
poland-gold,poland-gold--reserves-pln,Polska · Oficjalne aktywa rezerwowe,Poland,Official reserve assets,2017-03-31,2017-03,month,2017-03-01,441.837,mld PLN,monthly,derived,https://data-api.ecb.europa.eu/service/data/RAS/M.N.PL.W1.S121.S1.LE.A.FA.R.._Z....N.ALL?format=csvdata,2026-10-01T15:07:49.183268+00:00,"{""seriesKey"": ""RAS.M.N.PL.W1.S121.S1.LE.A.FA.R.F._Z.PLN.X1._X.N.ALL"", ""sourceValue"": ""441837"", ""observationStatus"": ""A""}"
poland-gold,poland-gold--share,Polska · Udział złota w rezerwach,Poland,Gold share of reserves,2017-03-31,2017-03,month,2017-03-01,3.6705844010347706,% rezerw,monthly,derived,https://data-api.ecb.europa.eu/service/data/RAS/M.N.PL.W1.S121.S1.LE.A.FA.R.._Z....N.ALL?format=csvdata,2026-10-01T15:07:49.183268+00:00,"{""formula"": ""100 * gold_PLN / total_reserves_PLN"", ""goldValueMillions"": 16218.0, ""totalValueMillions"": 441837.0}"
poland-gold,poland-gold--tonnes,Polska · Rezerwy złota,Poland,Gold reserves,2017-03-31,2017-03,month,2017-03-01,102.952508208,tony,monthly,derived,https://api.db.nomics.world/v22/series/IMF/IRFCL/M.PL.RAFAGOLDV_OZT.S1X?observations=1,2026-10-01T15:12:12.903556+00:00,"{""sourceValue"": 3.31, ""sourceUnit"": ""million fine troy ounces""}"
poland-gold,poland-gold--gold-eur,Polska · Wartość złota w EUR,Poland,Gold value in EUR,2017-04-30,2017-04,month,2017-04-01,3.8395225464190976,mld EUR,monthly,derived,https://data-api.ecb.europa.eu/service/data/RAS/M.N.PL.W1.S121.S1.LE.A.FA.R.._Z....N.ALL?format=csvdata,2026-10-01T15:07:49.183268+00:00,"{""seriesKey"": ""RAS.M.N.PL.W1.S121.S1.LE.A.FA.R.F11._Z.EUR.XAU.M.N.ALL"", ""sourceValue"": ""3839.5225464190976"", ""observationStatus"": ""A""}"
poland-gold,poland-gold--gold-pln,Polska · Wartość złota w PLN,Poland,Gold value in PLN,2017-04-30,2017-04,month,2017-04-01,16.212,mld PLN,monthly,derived,https://data-api.ecb.europa.eu/service/data/RAS/M.N.PL.W1.S121.S1.LE.A.FA.R.._Z....N.ALL?format=csvdata,2026-10-01T15:07:49.183268+00:00,"{""seriesKey"": ""RAS.M.N.PL.W1.S121.S1.LE.A.FA.R.F11._Z.PLN.XAU.M.N.ALL"", ""sourceValue"": ""16212"", ""observationStatus"": ""A""}"
poland-gold,poland-gold--monthly-change,Polska · Zmiana rezerw złota m/m,Poland,Monthly change in gold reserves,2017-04-30,2017-04,month,2017-04-01,0.0,tony / miesiąc,monthly,derived,https://api.db.nomics.world/v22/series/IMF/IRFCL/M.PL.RAFAGOLDV_OZT.S1X?observations=1,2026-10-01T15:12:12.903556+00:00,"{""additionalSourceIds"": [""gold-imf-volume""], ""formula"": ""tonnes(t) - tonnes(t-1)"", ""missingReason"": null}"
poland-gold,poland-gold--reserves-pln,Polska · Oficjalne aktywa rezerwowe,Poland,Official reserve assets,2017-04-30,2017-04,month,2017-04-01,423.404,mld PLN,monthly,derived,https://data-api.ecb.europa.eu/service/data/RAS/M.N.PL.W1.S121.S1.LE.A.FA.R.._Z....N.ALL?format=csvdata,2026-10-01T15:07:49.183268+00:00,"{""seriesKey"": ""RAS.M.N.PL.W1.S121.S1.LE.A.FA.R.F._Z.PLN.X1._X.N.ALL"", ""sourceValue"": ""423404"", ""observationStatus"": ""A""}"
poland-gold,poland-gold--share,Polska · Udział złota w rezerwach,Poland,Gold share of reserves,2017-04-30,2017-04,month,2017-04-01,3.8289671330455075,% rezerw,monthly,derived,https://data-api.ecb.europa.eu/service/data/RAS/M.N.PL.W1.S121.S1.LE.A.FA.R.._Z....N.ALL?format=csvdata,2026-10-01T15:07:49.183268+00:00,"{""formula"": ""100 * gold_PLN / total_reserves_PLN"", ""goldValueMillions"": 16212.0, ""totalValueMillions"": 423404.0}"
poland-gold,poland-gold--tonnes,Polska · Rezerwy złota,Poland,Gold reserves,2017-04-30,2017-04,month,2017-04-01,102.952508208,tony,monthly,derived,https://api.db.nomics.world/v22/series/IMF/IRFCL/M.PL.RAFAGOLDV_OZT.S1X?observations=1,2026-10-01T15:12:12.903556+00:00,"{""sourceValue"": 3.31, ""sourceUnit"": ""million fine troy ounces""}"
poland-gold,poland-gold--gold-eur,Polska · Wartość złota w EUR,Poland,Gold value in EUR,2017-05-31,2017-05,month,2017-05-01,3.746643651706943,mld EUR,monthly,derived,https://data-api.ecb.europa.eu/service/data/RAS/M.N.PL.W1.S121.S1.LE.A.FA.R.._Z....N.ALL?format=csvdata,2026-10-01T15:07:49.183268+00:00,"{""seriesKey"": ""RAS.M.N.PL.W1.S121.S1.LE.A.FA.R.F11._Z.EUR.XAU.M.N.ALL"", ""sourceValue"": ""3746.643651706943"", ""observationStatus"": ""A""}"
poland-gold,poland-gold--gold-pln,Polska · Wartość złota w PLN,Poland,Gold value in PLN,2017-05-31,2017-05,month,2017-05-01,15.628,mld PLN,monthly,derived,https://data-api.ecb.europa.eu/service/data/RAS/M.N.PL.W1.S121.S1.LE.A.FA.R.._Z....N.ALL?format=csvdata,2026-10-01T15:07:49.183268+00:00,"{""seriesKey"": ""RAS.M.N.PL.W1.S121.S1.LE.A.FA.R.F11._Z.PLN.XAU.M.N.ALL"", ""sourceValue"": ""15628"", ""observationStatus"": ""A""}"
poland-gold,poland-gold--monthly-change,Polska · Zmiana rezerw złota m/m,Poland,Monthly change in gold reserves,2017-05-31,2017-05,month,2017-05-01,0.0,tony / miesiąc,monthly,derived,https://api.db.nomics.world/v22/series/IMF/IRFCL/M.PL.RAFAGOLDV_OZT.S1X?observations=1,2026-10-01T15:12:12.903556+00:00,"{""additionalSourceIds"": [""gold-imf-volume""], ""formula"": ""tonnes(t) - tonnes(t-1)"", ""missingReason"": null}"
poland-gold,poland-gold--reserves-pln,Polska · Oficjalne aktywa rezerwowe,Poland,Official reserve assets,2017-05-31,2017-05,month,2017-05-01,409.837,mld PLN,monthly,derived,https://data-api.ecb.europa.eu/service/data/RAS/M.N.PL.W1.S121.S1.LE.A.FA.R.._Z....N.ALL?format=csvdata,2026-10-01T15:07:49.183268+00:00,"{""seriesKey"": ""RAS.M.N.PL.W1.S121.S1.LE.A.FA.R.F._Z.PLN.X1._X.N.ALL"", ""sourceValue"": ""409837"", ""observationStatus"": ""A""}"
poland-gold,poland-gold--share,Polska · Udział złota w rezerwach,Poland,Gold share of reserves,2017-05-31,2017-05,month,2017-05-01,3.8132233058508627,% rezerw,monthly,derived,https://data-api.ecb.europa.eu/service/data/RAS/M.N.PL.W1.S121.S1.LE.A.FA.R.._Z....N.ALL?format=csvdata,2026-10-01T15:07:49.183268+00:00,"{""formula"": ""100 * gold_PLN / total_reserves_PLN"", ""goldValueMillions"": 15628.0, ""totalValueMillions"": 409837.0}"
poland-gold,poland-gold--tonnes,Polska · Rezerwy złota,Poland,Gold reserves,2017-05-31,2017-05,month,2017-05-01,102.952508208,tony,monthly,derived,https://api.db.nomics.world/v22/series/IMF/IRFCL/M.PL.RAFAGOLDV_OZT.S1X?observations=1,2026-10-01T15:12:12.903556+00:00,"{""sourceValue"": 3.31, ""sourceUnit"": ""million fine troy ounces""}"
poland-gold,poland-gold--gold-eur,Polska · Wartość złota w EUR,Poland,Gold value in EUR,2017-06-30,2017-06,month,2017-06-01,3.6096452826616816,mld EUR,monthly,derived,https://data-api.ecb.europa.eu/service/data/RAS/M.N.PL.W1.S121.S1.LE.A.FA.R.._Z....N.ALL?format=csvdata,2026-10-01T15:07:49.183268+00:00,"{""seriesKey"": ""RAS.M.N.PL.W1.S121.S1.LE.A.FA.R.F11._Z.EUR.XAU.M.N.ALL"", ""sourceValue"": ""3609.6452826616814"", ""observationStatus"": ""A""}"
poland-gold,poland-gold--gold-pln,Polska · Wartość złota w PLN,Poland,Gold value in PLN,2017-06-30,2017-06,month,2017-06-01,15.254,mld PLN,monthly,derived,https://data-api.ecb.europa.eu/service/data/RAS/M.N.PL.W1.S121.S1.LE.A.FA.R.._Z....N.ALL?format=csvdata,2026-10-01T15:07:49.183268+00:00,"{""seriesKey"": ""RAS.M.N.PL.W1.S121.S1.LE.A.FA.R.F11._Z.PLN.XAU.M.N.ALL"", ""sourceValue"": ""15254"", ""observationStatus"": ""A""}"
poland-gold,poland-gold--monthly-change,Polska · Zmiana rezerw złota m/m,Poland,Monthly change in gold reserves,2017-06-30,2017-06,month,2017-06-01,0.0,tony / miesiąc,monthly,derived,https://api.db.nomics.world/v22/series/IMF/IRFCL/M.PL.RAFAGOLDV_OZT.S1X?observations=1,2026-10-01T15:12:12.903556+00:00,"{""additionalSourceIds"": [""gold-imf-volume""], ""formula"": ""tonnes(t) - tonnes(t-1)"", ""missingReason"": null}"
poland-gold,poland-gold--reserves-pln,Polska · Oficjalne aktywa rezerwowe,Poland,Official reserve assets,2017-06-30,2017-06,month,2017-06-01,414.068,mld PLN,monthly,derived,https://data-api.ecb.europa.eu/service/data/RAS/M.N.PL.W1.S121.S1.LE.A.FA.R.._Z....N.ALL?format=csvdata,2026-10-01T15:07:49.183268+00:00,"{""seriesKey"": ""RAS.M.N.PL.W1.S121.S1.LE.A.FA.R.F._Z.PLN.X1._X.N.ALL"", ""sourceValue"": ""414068"", ""observationStatus"": ""A""}"
poland-gold,poland-gold--share,Polska · Udział złota w rezerwach,Poland,Gold share of reserves,2017-06-30,2017-06,month,2017-06-01,3.6839359718693547,% rezerw,monthly,derived,https://data-api.ecb.europa.eu/service/data/RAS/M.N.PL.W1.S121.S1.LE.A.FA.R.._Z....N.ALL?format=csvdata,2026-10-01T15:07:49.183268+00:00,"{""formula"": ""100 * gold_PLN / total_reserves_PLN"", ""goldValueMillions"": 15254.0, ""totalValueMillions"": 414068.0}"
poland-gold,poland-gold--tonnes,Polska · Rezerwy złota,Poland,Gold reserves,2017-06-30,2017-06,month,2017-06-01,102.952508208,tony,monthly,derived,https://api.db.nomics.world/v22/series/IMF/IRFCL/M.PL.RAFAGOLDV_OZT.S1X?observations=1,2026-10-01T15:12:12.903556+00:00,"{""sourceValue"": 3.31, ""sourceUnit"": ""million fine troy ounces""}"
poland-gold,poland-gold--gold-eur,Polska · Wartość złota w EUR,Poland,Gold value in EUR,2017-07-31,2017-07,month,2017-07-01,3.577765749652884,mld EUR,monthly,derived,https://data-api.ecb.europa.eu/service/data/RAS/M.N.PL.W1.S121.S1.LE.A.FA.R.._Z....N.ALL?format=csvdata,2026-10-01T15:07:49.183268+00:00,"{""seriesKey"": ""RAS.M.N.PL.W1.S121.S1.LE.A.FA.R.F11._Z.EUR.XAU.M.N.ALL"", ""sourceValue"": ""3577.765749652884"", ""observationStatus"": ""A""}"
poland-gold,poland-gold--gold-pln,Polska · Wartość złota w PLN,Poland,Gold value in PLN,2017-07-31,2017-07,month,2017-07-01,15.203,mld PLN,monthly,derived,https://data-api.ecb.europa.eu/service/data/RAS/M.N.PL.W1.S121.S1.LE.A.FA.R.._Z....N.ALL?format=csvdata,2026-10-01T15:07:49.183268+00:00,"{""seriesKey"": ""RAS.M.N.PL.W1.S121.S1.LE.A.FA.R.F11._Z.PLN.XAU.M.N.ALL"", ""sourceValue"": ""15203"", ""observationStatus"": ""A""}"
poland-gold,poland-gold--monthly-change,Polska · Zmiana rezerw złota m/m,Poland,Monthly change in gold reserves,2017-07-31,2017-07,month,2017-07-01,0.0311034768,tony / miesiąc,monthly,derived,https://api.db.nomics.world/v22/series/IMF/IRFCL/M.PL.RAFAGOLDV_OZT.S1X?observations=1,2026-10-01T15:12:12.903556+00:00,"{""additionalSourceIds"": [""gold-imf-volume""], ""formula"": ""tonnes(t) - tonnes(t-1)"", ""missingReason"": null}"
poland-gold,poland-gold--reserves-pln,Polska · Oficjalne aktywa rezerwowe,Poland,Official reserve assets,2017-07-31,2017-07,month,2017-07-01,398.126,mld PLN,monthly,derived,https://data-api.ecb.europa.eu/service/data/RAS/M.N.PL.W1.S121.S1.LE.A.FA.R.._Z....N.ALL?format=csvdata,2026-10-01T15:07:49.183268+00:00,"{""seriesKey"": ""RAS.M.N.PL.W1.S121.S1.LE.A.FA.R.F._Z.PLN.X1._X.N.ALL"", ""sourceValue"": ""398126"", ""observationStatus"": ""A""}"
poland-gold,poland-gold--share,Polska · Udział złota w rezerwach,Poland,Gold share of reserves,2017-07-31,2017-07,month,2017-07-01,3.8186403299457963,% rezerw,monthly,derived,https://data-api.ecb.europa.eu/service/data/RAS/M.N.PL.W1.S121.S1.LE.A.FA.R.._Z....N.ALL?format=csvdata,2026-10-01T15:07:49.183268+00:00,"{""formula"": ""100 * gold_PLN / total_reserves_PLN"", ""goldValueMillions"": 15203.0, ""totalValueMillions"": 398126.0}"
poland-gold,poland-gold--tonnes,Polska · Rezerwy złota,Poland,Gold reserves,2017-07-31,2017-07,month,2017-07-01,102.9836116848,tony,monthly,derived,https://api.db.nomics.world/v22/series/IMF/IRFCL/M.PL.RAFAGOLDV_OZT.S1X?observations=1,2026-10-01T15:12:12.903556+00:00,"{""sourceValue"": 3.311, ""sourceUnit"": ""million fine troy ounces""}"
poland-gold,poland-gold--gold-eur,Polska · Wartość złota w EUR,Poland,Gold value in EUR,2017-08-31,2017-08,month,2017-08-01,3.6365130806444035,mld EUR,monthly,derived,https://data-api.ecb.europa.eu/service/data/RAS/M.N.PL.W1.S121.S1.LE.A.FA.R.._Z....N.ALL?format=csvdata,2026-10-01T15:07:49.183268+00:00,"{""seriesKey"": ""RAS.M.N.PL.W1.S121.S1.LE.A.FA.R.F11._Z.EUR.XAU.M.N.ALL"", ""sourceValue"": ""3636.5130806444035"", ""observationStatus"": ""A""}"
poland-gold,poland-gold--gold-pln,Polska · Wartość złota w PLN,Poland,Gold value in PLN,2017-08-31,2017-08,month,2017-08-01,15.485,mld PLN,monthly,derived,https://data-api.ecb.europa.eu/service/data/RAS/M.N.PL.W1.S121.S1.LE.A.FA.R.._Z....N.ALL?format=csvdata,2026-10-01T15:07:49.183268+00:00,"{""seriesKey"": ""RAS.M.N.PL.W1.S121.S1.LE.A.FA.R.F11._Z.PLN.XAU.M.N.ALL"", ""sourceValue"": ""15485"", ""observationStatus"": ""A""}"
poland-gold,poland-gold--monthly-change,Polska · Zmiana rezerw złota m/m,Poland,Monthly change in gold reserves,2017-08-31,2017-08,month,2017-08-01,0.0,tony / miesiąc,monthly,derived,https://api.db.nomics.world/v22/series/IMF/IRFCL/M.PL.RAFAGOLDV_OZT.S1X?observations=1,2026-10-01T15:12:12.903556+00:00,"{""additionalSourceIds"": [""gold-imf-volume""], ""formula"": ""tonnes(t) - tonnes(t-1)"", ""missingReason"": null}"
poland-gold,poland-gold--reserves-pln,Polska · Oficjalne aktywa rezerwowe,Poland,Official reserve assets,2017-08-31,2017-08,month,2017-08-01,392.904,mld PLN,monthly,derived,https://data-api.ecb.europa.eu/service/data/RAS/M.N.PL.W1.S121.S1.LE.A.FA.R.._Z....N.ALL?format=csvdata,2026-10-01T15:07:49.183268+00:00,"{""seriesKey"": ""RAS.M.N.PL.W1.S121.S1.LE.A.FA.R.F._Z.PLN.X1._X.N.ALL"", ""sourceValue"": ""392904"", ""observationStatus"": ""A""}"
poland-gold,poland-gold--share,Polska · Udział złota w rezerwach,Poland,Gold share of reserves,2017-08-31,2017-08,month,2017-08-01,3.941166289984322,% rezerw,monthly,derived,https://data-api.ecb.europa.eu/service/data/RAS/M.N.PL.W1.S121.S1.LE.A.FA.R.._Z....N.ALL?format=csvdata,2026-10-01T15:07:49.183268+00:00,"{""formula"": ""100 * gold_PLN / total_reserves_PLN"", ""goldValueMillions"": 15485.0, ""totalValueMillions"": 392904.0}"
poland-gold,poland-gold--tonnes,Polska · Rezerwy złota,Poland,Gold reserves,2017-08-31,2017-08,month,2017-08-01,102.9836116848,tony,monthly,derived,https://api.db.nomics.world/v22/series/IMF/IRFCL/M.PL.RAFAGOLDV_OZT.S1X?observations=1,2026-10-01T15:12:12.903556+00:00,"{""sourceValue"": 3.311, ""sourceUnit"": ""million fine troy ounces""}"
poland-gold,poland-gold--gold-eur,Polska · Wartość złota w EUR,Poland,Gold value in EUR,2017-09-30,2017-09,month,2017-09-01,3.614841317782631,mld EUR,monthly,derived,https://data-api.ecb.europa.eu/service/data/RAS/M.N.PL.W1.S121.S1.LE.A.FA.R.._Z....N.ALL?format=csvdata,2026-10-01T15:07:49.183268+00:00,"{""seriesKey"": ""RAS.M.N.PL.W1.S121.S1.LE.A.FA.R.F11._Z.EUR.XAU.M.N.ALL"", ""sourceValue"": ""3614.841317782631"", ""observationStatus"": ""A""}"
poland-gold,poland-gold--gold-pln,Polska · Wartość złota w PLN,Poland,Gold value in PLN,2017-09-30,2017-09,month,2017-09-01,15.559,mld PLN,monthly,derived,https://data-api.ecb.europa.eu/service/data/RAS/M.N.PL.W1.S121.S1.LE.A.FA.R.._Z....N.ALL?format=csvdata,2026-10-01T15:07:49.183268+00:00,"{""seriesKey"": ""RAS.M.N.PL.W1.S121.S1.LE.A.FA.R.F11._Z.PLN.XAU.M.N.ALL"", ""sourceValue"": ""15559"", ""observationStatus"": ""A""}"
poland-gold,poland-gold--monthly-change,Polska · Zmiana rezerw złota m/m,Poland,Monthly change in gold reserves,2017-09-30,2017-09,month,2017-09-01,0.0,tony / miesiąc,monthly,derived,https://api.db.nomics.world/v22/series/IMF/IRFCL/M.PL.RAFAGOLDV_OZT.S1X?observations=1,2026-10-01T15:12:12.903556+00:00,"{""additionalSourceIds"": [""gold-imf-volume""], ""formula"": ""tonnes(t) - tonnes(t-1)"", ""missingReason"": null}"
poland-gold,poland-gold--reserves-pln,Polska · Oficjalne aktywa rezerwowe,Poland,Official reserve assets,2017-09-30,2017-09,month,2017-09-01,406.642,mld PLN,monthly,derived,https://data-api.ecb.europa.eu/service/data/RAS/M.N.PL.W1.S121.S1.LE.A.FA.R.._Z....N.ALL?format=csvdata,2026-10-01T15:07:49.183268+00:00,"{""seriesKey"": ""RAS.M.N.PL.W1.S121.S1.LE.A.FA.R.F._Z.PLN.X1._X.N.ALL"", ""sourceValue"": ""406642"", ""observationStatus"": ""A""}"
poland-gold,poland-gold--share,Polska · Udział złota w rezerwach,Poland,Gold share of reserves,2017-09-30,2017-09,month,2017-09-01,3.8262156884925806,% rezerw,monthly,derived,https://data-api.ecb.europa.eu/service/data/RAS/M.N.PL.W1.S121.S1.LE.A.FA.R.._Z....N.ALL?format=csvdata,2026-10-01T15:07:49.183268+00:00,"{""formula"": ""100 * gold_PLN / total_reserves_PLN"", ""goldValueMillions"": 15559.0, ""totalValueMillions"": 406642.0}"
poland-gold,poland-gold--tonnes,Polska · Rezerwy złota,Poland,Gold reserves,2017-09-30,2017-09,month,2017-09-01,102.9836116848,tony,monthly,derived,https://api.db.nomics.world/v22/series/IMF/IRFCL/M.PL.RAFAGOLDV_OZT.S1X?observations=1,2026-10-01T15:12:12.903556+00:00,"{""sourceValue"": 3.311, ""sourceUnit"": ""million fine troy ounces""}"
poland-gold,poland-gold--gold-eur,Polska · Wartość złota w EUR,Poland,Gold value in EUR,2017-10-31,2017-10,month,2017-10-01,3.63124410933082,mld EUR,monthly,derived,https://data-api.ecb.europa.eu/service/data/RAS/M.N.PL.W1.S121.S1.LE.A.FA.R.._Z....N.ALL?format=csvdata,2026-10-01T15:07:49.183268+00:00,"{""seriesKey"": ""RAS.M.N.PL.W1.S121.S1.LE.A.FA.R.F11._Z.EUR.XAU.M.N.ALL"", ""sourceValue"": ""3631.2441093308203"", ""observationStatus"": ""A""}"
poland-gold,poland-gold--gold-pln,Polska · Wartość złota w PLN,Poland,Gold value in PLN,2017-10-31,2017-10,month,2017-10-01,15.411,mld PLN,monthly,derived,https://data-api.ecb.europa.eu/service/data/RAS/M.N.PL.W1.S121.S1.LE.A.FA.R.._Z....N.ALL?format=csvdata,2026-10-01T15:07:49.183268+00:00,"{""seriesKey"": ""RAS.M.N.PL.W1.S121.S1.LE.A.FA.R.F11._Z.PLN.XAU.M.N.ALL"", ""sourceValue"": ""15411"", ""observationStatus"": ""A""}"
poland-gold,poland-gold--monthly-change,Polska · Zmiana rezerw złota m/m,Poland,Monthly change in gold reserves,2017-10-31,2017-10,month,2017-10-01,0.0,tony / miesiąc,monthly,derived,https://api.db.nomics.world/v22/series/IMF/IRFCL/M.PL.RAFAGOLDV_OZT.S1X?observations=1,2026-10-01T15:12:12.903556+00:00,"{""additionalSourceIds"": [""gold-imf-volume""], ""formula"": ""tonnes(t) - tonnes(t-1)"", ""missingReason"": null}"
poland-gold,poland-gold--reserves-pln,Polska · Oficjalne aktywa rezerwowe,Poland,Official reserve assets,2017-10-31,2017-10,month,2017-10-01,404.153,mld PLN,monthly,derived,https://data-api.ecb.europa.eu/service/data/RAS/M.N.PL.W1.S121.S1.LE.A.FA.R.._Z....N.ALL?format=csvdata,2026-10-01T15:07:49.183268+00:00,"{""seriesKey"": ""RAS.M.N.PL.W1.S121.S1.LE.A.FA.R.F._Z.PLN.X1._X.N.ALL"", ""sourceValue"": ""404153"", ""observationStatus"": ""A""}"
poland-gold,poland-gold--share,Polska · Udział złota w rezerwach,Poland,Gold share of reserves,2017-10-31,2017-10,month,2017-10-01,3.813159867673876,% rezerw,monthly,derived,https://data-api.ecb.europa.eu/service/data/RAS/M.N.PL.W1.S121.S1.LE.A.FA.R.._Z....N.ALL?format=csvdata,2026-10-01T15:07:49.183268+00:00,"{""formula"": ""100 * gold_PLN / total_reserves_PLN"", ""goldValueMillions"": 15411.0, ""totalValueMillions"": 404153.0}"
poland-gold,poland-gold--tonnes,Polska · Rezerwy złota,Poland,Gold reserves,2017-10-31,2017-10,month,2017-10-01,102.9836116848,tony,monthly,derived,https://api.db.nomics.world/v22/series/IMF/IRFCL/M.PL.RAFAGOLDV_OZT.S1X?observations=1,2026-10-01T15:12:12.903556+00:00,"{""sourceValue"": 3.311, ""sourceUnit"": ""million fine troy ounces""}"
poland-gold,poland-gold--gold-eur,Polska · Wartość złota w EUR,Poland,Gold value in EUR,2017-11-30,2017-11,month,2017-11-01,3.5959957096889523,mld EUR,monthly,derived,https://data-api.ecb.europa.eu/service/data/RAS/M.N.PL.W1.S121.S1.LE.A.FA.R.._Z....N.ALL?format=csvdata,2026-10-01T15:07:49.183268+00:00,"{""seriesKey"": ""RAS.M.N.PL.W1.S121.S1.LE.A.FA.R.F11._Z.EUR.XAU.M.N.ALL"", ""sourceValue"": ""3595.9957096889525"", ""observationStatus"": ""A""}"
poland-gold,poland-gold--gold-pln,Polska · Wartość złota w PLN,Poland,Gold value in PLN,2017-11-30,2017-11,month,2017-11-01,15.087,mld PLN,monthly,derived,https://data-api.ecb.europa.eu/service/data/RAS/M.N.PL.W1.S121.S1.LE.A.FA.R.._Z....N.ALL?format=csvdata,2026-10-01T15:07:49.183268+00:00,"{""seriesKey"": ""RAS.M.N.PL.W1.S121.S1.LE.A.FA.R.F11._Z.PLN.XAU.M.N.ALL"", ""sourceValue"": ""15087"", ""observationStatus"": ""A""}"
poland-gold,poland-gold--monthly-change,Polska · Zmiana rezerw złota m/m,Poland,Monthly change in gold reserves,2017-11-30,2017-11,month,2017-11-01,0.0,tony / miesiąc,monthly,derived,https://api.db.nomics.world/v22/series/IMF/IRFCL/M.PL.RAFAGOLDV_OZT.S1X?observations=1,2026-10-01T15:12:12.903556+00:00,"{""additionalSourceIds"": [""gold-imf-volume""], ""formula"": ""tonnes(t) - tonnes(t-1)"", ""missingReason"": null}"
poland-gold,poland-gold--reserves-pln,Polska · Oficjalne aktywa rezerwowe,Poland,Official reserve assets,2017-11-30,2017-11,month,2017-11-01,402.977,mld PLN,monthly,derived,https://data-api.ecb.europa.eu/service/data/RAS/M.N.PL.W1.S121.S1.LE.A.FA.R.._Z....N.ALL?format=csvdata,2026-10-01T15:07:49.183268+00:00,"{""seriesKey"": ""RAS.M.N.PL.W1.S121.S1.LE.A.FA.R.F._Z.PLN.X1._X.N.ALL"", ""sourceValue"": ""402977"", ""observationStatus"": ""A""}"
poland-gold,poland-gold--share,Polska · Udział złota w rezerwach,Poland,Gold share of reserves,2017-11-30,2017-11,month,2017-11-01,3.7438861274961104,% rezerw,monthly,derived,https://data-api.ecb.europa.eu/service/data/RAS/M.N.PL.W1.S121.S1.LE.A.FA.R.._Z....N.ALL?format=csvdata,2026-10-01T15:07:49.183268+00:00,"{""formula"": ""100 * gold_PLN / total_reserves_PLN"", ""goldValueMillions"": 15087.0, ""totalValueMillions"": 402977.0}"
poland-gold,poland-gold--tonnes,Polska · Rezerwy złota,Poland,Gold reserves,2017-11-30,2017-11,month,2017-11-01,102.9836116848,tony,monthly,derived,https://api.db.nomics.world/v22/series/IMF/IRFCL/M.PL.RAFAGOLDV_OZT.S1X?observations=1,2026-10-01T15:12:12.903556+00:00,"{""sourceValue"": 3.311, ""sourceUnit"": ""million fine troy ounces""}"
poland-gold,poland-gold--gold-eur,Polska · Wartość złota w EUR,Poland,Gold value in EUR,2017-12-31,2017-12,month,2017-12-01,3.5772085228632995,mld EUR,monthly,derived,https://data-api.ecb.europa.eu/service/data/RAS/M.N.PL.W1.S121.S1.LE.A.FA.R.._Z....N.ALL?format=csvdata,2026-10-01T15:07:49.183268+00:00,"{""seriesKey"": ""RAS.M.N.PL.W1.S121.S1.LE.A.FA.R.F11._Z.EUR.XAU.M.N.ALL"", ""sourceValue"": ""3577.2085228632995"", ""observationStatus"": ""A""}"
poland-gold,poland-gold--gold-pln,Polska · Wartość złota w PLN,Poland,Gold value in PLN,2017-12-31,2017-12,month,2017-12-01,14.942,mld PLN,monthly,derived,https://data-api.ecb.europa.eu/service/data/RAS/M.N.PL.W1.S121.S1.LE.A.FA.R.._Z....N.ALL?format=csvdata,2026-10-01T15:07:49.183268+00:00,"{""seriesKey"": ""RAS.M.N.PL.W1.S121.S1.LE.A.FA.R.F11._Z.PLN.XAU.M.N.ALL"", ""sourceValue"": ""14942"", ""observationStatus"": ""A""}"
poland-gold,poland-gold--monthly-change,Polska · Zmiana rezerw złota m/m,Poland,Monthly change in gold reserves,2017-12-31,2017-12,month,2017-12-01,0.0,tony / miesiąc,monthly,derived,https://api.db.nomics.world/v22/series/IMF/IRFCL/M.PL.RAFAGOLDV_OZT.S1X?observations=1,2026-10-01T15:12:12.903556+00:00,"{""additionalSourceIds"": [""gold-imf-volume""], ""formula"": ""tonnes(t) - tonnes(t-1)"", ""missingReason"": null}"
poland-gold,poland-gold--reserves-pln,Polska · Oficjalne aktywa rezerwowe,Poland,Official reserve assets,2017-12-31,2017-12,month,2017-12-01,394.358,mld PLN,monthly,derived,https://data-api.ecb.europa.eu/service/data/RAS/M.N.PL.W1.S121.S1.LE.A.FA.R.._Z....N.ALL?format=csvdata,2026-10-01T15:07:49.183268+00:00,"{""seriesKey"": ""RAS.M.N.PL.W1.S121.S1.LE.A.FA.R.F._Z.PLN.X1._X.N.ALL"", ""sourceValue"": ""394358"", ""observationStatus"": ""A""}"
poland-gold,poland-gold--share,Polska · Udział złota w rezerwach,Poland,Gold share of reserves,2017-12-31,2017-12,month,2017-12-01,3.7889430416017933,% rezerw,monthly,derived,https://data-api.ecb.europa.eu/service/data/RAS/M.N.PL.W1.S121.S1.LE.A.FA.R.._Z....N.ALL?format=csvdata,2026-10-01T15:07:49.183268+00:00,"{""formula"": ""100 * gold_PLN / total_reserves_PLN"", ""goldValueMillions"": 14942.0, ""totalValueMillions"": 394358.0}"
poland-gold,poland-gold--tonnes,Polska · Rezerwy złota,Poland,Gold reserves,2017-12-31,2017-12,month,2017-12-01,102.9836116848,tony,monthly,derived,https://api.db.nomics.world/v22/series/IMF/IRFCL/M.PL.RAFAGOLDV_OZT.S1X?observations=1,2026-10-01T15:12:12.903556+00:00,"{""sourceValue"": 3.311, ""sourceUnit"": ""million fine troy ounces""}"
poland-gold,poland-gold--gold-eur,Polska · Wartość złota w EUR,Poland,Gold value in EUR,2018-01-31,2018-01,month,2018-01-01,3.5701033660217334,mld EUR,monthly,derived,https://data-api.ecb.europa.eu/service/data/RAS/M.N.PL.W1.S121.S1.LE.A.FA.R.._Z....N.ALL?format=csvdata,2026-10-01T15:07:49.183268+00:00,"{""seriesKey"": ""RAS.M.N.PL.W1.S121.S1.LE.A.FA.R.F11._Z.EUR.XAU.M.N.ALL"", ""sourceValue"": ""3570.1033660217336"", ""observationStatus"": ""A""}"
poland-gold,poland-gold--gold-pln,Polska · Wartość złota w PLN,Poland,Gold value in PLN,2018-01-31,2018-01,month,2018-01-01,14.817,mld PLN,monthly,derived,https://data-api.ecb.europa.eu/service/data/RAS/M.N.PL.W1.S121.S1.LE.A.FA.R.._Z....N.ALL?format=csvdata,2026-10-01T15:07:49.183268+00:00,"{""seriesKey"": ""RAS.M.N.PL.W1.S121.S1.LE.A.FA.R.F11._Z.PLN.XAU.M.N.ALL"", ""sourceValue"": ""14817"", ""observationStatus"": ""A""}"
poland-gold,poland-gold--monthly-change,Polska · Zmiana rezerw złota m/m,Poland,Monthly change in gold reserves,2018-01-31,2018-01,month,2018-01-01,0.0,tony / miesiąc,monthly,derived,https://api.db.nomics.world/v22/series/IMF/IRFCL/M.PL.RAFAGOLDV_OZT.S1X?observations=1,2026-10-01T15:12:12.903556+00:00,"{""additionalSourceIds"": [""gold-imf-volume""], ""formula"": ""tonnes(t) - tonnes(t-1)"", ""missingReason"": null}"
poland-gold,poland-gold--reserves-pln,Polska · Oficjalne aktywa rezerwowe,Poland,Official reserve assets,2018-01-31,2018-01,month,2018-01-01,391.618,mld PLN,monthly,derived,https://data-api.ecb.europa.eu/service/data/RAS/M.N.PL.W1.S121.S1.LE.A.FA.R.._Z....N.ALL?format=csvdata,2026-10-01T15:07:49.183268+00:00,"{""seriesKey"": ""RAS.M.N.PL.W1.S121.S1.LE.A.FA.R.F._Z.PLN.X1._X.N.ALL"", ""sourceValue"": ""391618"", ""observationStatus"": ""A""}"
poland-gold,poland-gold--share,Polska · Udział złota w rezerwach,Poland,Gold share of reserves,2018-01-31,2018-01,month,2018-01-01,3.7835339540062,% rezerw,monthly,derived,https://data-api.ecb.europa.eu/service/data/RAS/M.N.PL.W1.S121.S1.LE.A.FA.R.._Z....N.ALL?format=csvdata,2026-10-01T15:07:49.183268+00:00,"{""formula"": ""100 * gold_PLN / total_reserves_PLN"", ""goldValueMillions"": 14817.0, ""totalValueMillions"": 391618.0}"
poland-gold,poland-gold--tonnes,Polska · Rezerwy złota,Poland,Gold reserves,2018-01-31,2018-01,month,2018-01-01,102.9836116848,tony,monthly,derived,https://api.db.nomics.world/v22/series/IMF/IRFCL/M.PL.RAFAGOLDV_OZT.S1X?observations=1,2026-10-01T15:12:12.903556+00:00,"{""sourceValue"": 3.311, ""sourceUnit"": ""million fine troy ounces""}"
poland-gold,poland-gold--gold-eur,Polska · Wartość złota w EUR,Poland,Gold value in EUR,2018-02-28,2018-02,month,2018-02-01,3.5765060673511884,mld EUR,monthly,derived,https://data-api.ecb.europa.eu/service/data/RAS/M.N.PL.W1.S121.S1.LE.A.FA.R.._Z....N.ALL?format=csvdata,2026-10-01T15:07:49.183268+00:00,"{""seriesKey"": ""RAS.M.N.PL.W1.S121.S1.LE.A.FA.R.F11._Z.EUR.XAU.M.N.ALL"", ""sourceValue"": ""3576.5060673511884"", ""observationStatus"": ""A""}"
poland-gold,poland-gold--gold-pln,Polska · Wartość złota w PLN,Poland,Gold value in PLN,2018-02-28,2018-02,month,2018-02-01,14.943,mld PLN,monthly,derived,https://data-api.ecb.europa.eu/service/data/RAS/M.N.PL.W1.S121.S1.LE.A.FA.R.._Z....N.ALL?format=csvdata,2026-10-01T15:07:49.183268+00:00,"{""seriesKey"": ""RAS.M.N.PL.W1.S121.S1.LE.A.FA.R.F11._Z.PLN.XAU.M.N.ALL"", ""sourceValue"": ""14943"", ""observationStatus"": ""A""}"
poland-gold,poland-gold--monthly-change,Polska · Zmiana rezerw złota m/m,Poland,Monthly change in gold reserves,2018-02-28,2018-02,month,2018-02-01,0.0,tony / miesiąc,monthly,derived,https://api.db.nomics.world/v22/series/IMF/IRFCL/M.PL.RAFAGOLDV_OZT.S1X?observations=1,2026-10-01T15:12:12.903556+00:00,"{""additionalSourceIds"": [""gold-imf-volume""], ""formula"": ""tonnes(t) - tonnes(t-1)"", ""missingReason"": null}"
poland-gold,poland-gold--reserves-pln,Polska · Oficjalne aktywa rezerwowe,Poland,Official reserve assets,2018-02-28,2018-02,month,2018-02-01,396.753,mld PLN,monthly,derived,https://data-api.ecb.europa.eu/service/data/RAS/M.N.PL.W1.S121.S1.LE.A.FA.R.._Z....N.ALL?format=csvdata,2026-10-01T15:07:49.183268+00:00,"{""seriesKey"": ""RAS.M.N.PL.W1.S121.S1.LE.A.FA.R.F._Z.PLN.X1._X.N.ALL"", ""sourceValue"": ""396753"", ""observationStatus"": ""A""}"
poland-gold,poland-gold--share,Polska · Udział złota w rezerwach,Poland,Gold share of reserves,2018-02-28,2018-02,month,2018-02-01,3.7663231279914706,% rezerw,monthly,derived,https://data-api.ecb.europa.eu/service/data/RAS/M.N.PL.W1.S121.S1.LE.A.FA.R.._Z....N.ALL?format=csvdata,2026-10-01T15:07:49.183268+00:00,"{""formula"": ""100 * gold_PLN / total_reserves_PLN"", ""goldValueMillions"": 14943.0, ""totalValueMillions"": 396753.0}"
poland-gold,poland-gold--tonnes,Polska · Rezerwy złota,Poland,Gold reserves,2018-02-28,2018-02,month,2018-02-01,102.9836116848,tony,monthly,derived,https://api.db.nomics.world/v22/series/IMF/IRFCL/M.PL.RAFAGOLDV_OZT.S1X?observations=1,2026-10-01T15:12:12.903556+00:00,"{""sourceValue"": 3.311, ""sourceUnit"": ""million fine troy ounces""}"
poland-gold,poland-gold--gold-eur,Polska · Wartość złota w EUR,Poland,Gold value in EUR,2018-03-31,2018-03,month,2018-03-01,3.5534128152757325,mld EUR,monthly,derived,https://data-api.ecb.europa.eu/service/data/RAS/M.N.PL.W1.S121.S1.LE.A.FA.R.._Z....N.ALL?format=csvdata,2026-10-01T15:07:49.183268+00:00,"{""seriesKey"": ""RAS.M.N.PL.W1.S121.S1.LE.A.FA.R.F11._Z.EUR.XAU.M.N.ALL"", ""sourceValue"": ""3553.4128152757326"", ""observationStatus"": ""A""}"
poland-gold,poland-gold--gold-pln,Polska · Wartość złota w PLN,Poland,Gold value in PLN,2018-03-31,2018-03,month,2018-03-01,14.962,mld PLN,monthly,derived,https://data-api.ecb.europa.eu/service/data/RAS/M.N.PL.W1.S121.S1.LE.A.FA.R.._Z....N.ALL?format=csvdata,2026-10-01T15:07:49.183268+00:00,"{""seriesKey"": ""RAS.M.N.PL.W1.S121.S1.LE.A.FA.R.F11._Z.PLN.XAU.M.N.ALL"", ""sourceValue"": ""14962"", ""observationStatus"": ""A""}"
poland-gold,poland-gold--monthly-change,Polska · Zmiana rezerw złota m/m,Poland,Monthly change in gold reserves,2018-03-31,2018-03,month,2018-03-01,0.0,tony / miesiąc,monthly,derived,https://api.db.nomics.world/v22/series/IMF/IRFCL/M.PL.RAFAGOLDV_OZT.S1X?observations=1,2026-10-01T15:12:12.903556+00:00,"{""additionalSourceIds"": [""gold-imf-volume""], ""formula"": ""tonnes(t) - tonnes(t-1)"", ""missingReason"": null}"
poland-gold,poland-gold--reserves-pln,Polska · Oficjalne aktywa rezerwowe,Poland,Official reserve assets,2018-03-31,2018-03,month,2018-03-01,407.86,mld PLN,monthly,derived,https://data-api.ecb.europa.eu/service/data/RAS/M.N.PL.W1.S121.S1.LE.A.FA.R.._Z....N.ALL?format=csvdata,2026-10-01T15:07:49.183268+00:00,"{""seriesKey"": ""RAS.M.N.PL.W1.S121.S1.LE.A.FA.R.F._Z.PLN.X1._X.N.ALL"", ""sourceValue"": ""407860"", ""observationStatus"": ""A""}"
poland-gold,poland-gold--share,Polska · Udział złota w rezerwach,Poland,Gold share of reserves,2018-03-31,2018-03,month,2018-03-01,3.6684156328151816,% rezerw,monthly,derived,https://data-api.ecb.europa.eu/service/data/RAS/M.N.PL.W1.S121.S1.LE.A.FA.R.._Z....N.ALL?format=csvdata,2026-10-01T15:07:49.183268+00:00,"{""formula"": ""100 * gold_PLN / total_reserves_PLN"", ""goldValueMillions"": 14962.0, ""totalValueMillions"": 407860.0}"
poland-gold,poland-gold--tonnes,Polska · Rezerwy złota,Poland,Gold reserves,2018-03-31,2018-03,month,2018-03-01,102.9836116848,tony,monthly,derived,https://api.db.nomics.world/v22/series/IMF/IRFCL/M.PL.RAFAGOLDV_OZT.S1X?observations=1,2026-10-01T15:12:12.903556+00:00,"{""sourceValue"": 3.311, ""sourceUnit"": ""million fine troy ounces""}"
poland-gold,poland-gold--gold-eur,Polska · Wartość złota w EUR,Poland,Gold value in EUR,2018-04-30,2018-04,month,2018-04-01,3.594785159947,mld EUR,monthly,derived,https://data-api.ecb.europa.eu/service/data/RAS/M.N.PL.W1.S121.S1.LE.A.FA.R.._Z....N.ALL?format=csvdata,2026-10-01T15:07:49.183268+00:00,"{""seriesKey"": ""RAS.M.N.PL.W1.S121.S1.LE.A.FA.R.F11._Z.EUR.XAU.M.N.ALL"", ""sourceValue"": ""3594.785159947"", ""observationStatus"": ""A""}"
poland-gold,poland-gold--gold-pln,Polska · Wartość złota w PLN,Poland,Gold value in PLN,2018-04-30,2018-04,month,2018-04-01,15.193,mld PLN,monthly,derived,https://data-api.ecb.europa.eu/service/data/RAS/M.N.PL.W1.S121.S1.LE.A.FA.R.._Z....N.ALL?format=csvdata,2026-10-01T15:07:49.183268+00:00,"{""seriesKey"": ""RAS.M.N.PL.W1.S121.S1.LE.A.FA.R.F11._Z.PLN.XAU.M.N.ALL"", ""sourceValue"": ""15193"", ""observationStatus"": ""A""}"
poland-gold,poland-gold--monthly-change,Polska · Zmiana rezerw złota m/m,Poland,Monthly change in gold reserves,2018-04-30,2018-04,month,2018-04-01,-0.0311034768,tony / miesiąc,monthly,derived,https://api.db.nomics.world/v22/series/IMF/IRFCL/M.PL.RAFAGOLDV_OZT.S1X?observations=1,2026-10-01T15:12:12.903556+00:00,"{""additionalSourceIds"": [""gold-imf-volume""], ""formula"": ""tonnes(t) - tonnes(t-1)"", ""missingReason"": null}"
poland-gold,poland-gold--reserves-pln,Polska · Oficjalne aktywa rezerwowe,Poland,Official reserve assets,2018-04-30,2018-04,month,2018-04-01,394.802,mld PLN,monthly,derived,https://data-api.ecb.europa.eu/service/data/RAS/M.N.PL.W1.S121.S1.LE.A.FA.R.._Z....N.ALL?format=csvdata,2026-10-01T15:07:49.183268+00:00,"{""seriesKey"": ""RAS.M.N.PL.W1.S121.S1.LE.A.FA.R.F._Z.PLN.X1._X.N.ALL"", ""sourceValue"": ""394802"", ""observationStatus"": ""A""}"
poland-gold,poland-gold--share,Polska · Udział złota w rezerwach,Poland,Gold share of reserves,2018-04-30,2018-04,month,2018-04-01,3.8482581141939503,% rezerw,monthly,derived,https://data-api.ecb.europa.eu/service/data/RAS/M.N.PL.W1.S121.S1.LE.A.FA.R.._Z....N.ALL?format=csvdata,2026-10-01T15:07:49.183268+00:00,"{""formula"": ""100 * gold_PLN / total_reserves_PLN"", ""goldValueMillions"": 15193.0, ""totalValueMillions"": 394802.0}"
poland-gold,poland-gold--tonnes,Polska · Rezerwy złota,Poland,Gold reserves,2018-04-30,2018-04,month,2018-04-01,102.952508208,tony,monthly,derived,https://api.db.nomics.world/v22/series/IMF/IRFCL/M.PL.RAFAGOLDV_OZT.S1X?observations=1,2026-10-01T15:12:12.903556+00:00,"{""sourceValue"": 3.31, ""sourceUnit"": ""million fine troy ounces""}"
poland-gold,poland-gold--gold-eur,Polska · Wartość złota w EUR,Poland,Gold value in EUR,2018-05-31,2018-05,month,2018-05-01,3.7140601049746857,mld EUR,monthly,derived,https://data-api.ecb.europa.eu/service/data/RAS/M.N.PL.W1.S121.S1.LE.A.FA.R.._Z....N.ALL?format=csvdata,2026-10-01T15:07:49.183268+00:00,"{""seriesKey"": ""RAS.M.N.PL.W1.S121.S1.LE.A.FA.R.F11._Z.EUR.XAU.M.N.ALL"", ""sourceValue"": ""3714.0601049746856"", ""observationStatus"": ""A""}"
poland-gold,poland-gold--gold-pln,Polska · Wartość złota w PLN,Poland,Gold value in PLN,2018-05-31,2018-05,month,2018-05-01,15.992,mld PLN,monthly,derived,https://data-api.ecb.europa.eu/service/data/RAS/M.N.PL.W1.S121.S1.LE.A.FA.R.._Z....N.ALL?format=csvdata,2026-10-01T15:07:49.183268+00:00,"{""seriesKey"": ""RAS.M.N.PL.W1.S121.S1.LE.A.FA.R.F11._Z.PLN.XAU.M.N.ALL"", ""sourceValue"": ""15992"", ""observationStatus"": ""A""}"
poland-gold,poland-gold--monthly-change,Polska · Zmiana rezerw złota m/m,Poland,Monthly change in gold reserves,2018-05-31,2018-05,month,2018-05-01,0.0,tony / miesiąc,monthly,derived,https://api.db.nomics.world/v22/series/IMF/IRFCL/M.PL.RAFAGOLDV_OZT.S1X?observations=1,2026-10-01T15:12:12.903556+00:00,"{""additionalSourceIds"": [""gold-imf-volume""], ""formula"": ""tonnes(t) - tonnes(t-1)"", ""missingReason"": null}"
poland-gold,poland-gold--reserves-pln,Polska · Oficjalne aktywa rezerwowe,Poland,Official reserve assets,2018-05-31,2018-05,month,2018-05-01,415.744,mld PLN,monthly,derived,https://data-api.ecb.europa.eu/service/data/RAS/M.N.PL.W1.S121.S1.LE.A.FA.R.._Z....N.ALL?format=csvdata,2026-10-01T15:07:49.183268+00:00,"{""seriesKey"": ""RAS.M.N.PL.W1.S121.S1.LE.A.FA.R.F._Z.PLN.X1._X.N.ALL"", ""sourceValue"": ""415744"", ""observationStatus"": ""A""}"
poland-gold,poland-gold--share,Polska · Udział złota w rezerwach,Poland,Gold share of reserves,2018-05-31,2018-05,month,2018-05-01,3.846597906403941,% rezerw,monthly,derived,https://data-api.ecb.europa.eu/service/data/RAS/M.N.PL.W1.S121.S1.LE.A.FA.R.._Z....N.ALL?format=csvdata,2026-10-01T15:07:49.183268+00:00,"{""formula"": ""100 * gold_PLN / total_reserves_PLN"", ""goldValueMillions"": 15992.0, ""totalValueMillions"": 415744.0}"
poland-gold,poland-gold--tonnes,Polska · Rezerwy złota,Poland,Gold reserves,2018-05-31,2018-05,month,2018-05-01,102.952508208,tony,monthly,derived,https://api.db.nomics.world/v22/series/IMF/IRFCL/M.PL.RAFAGOLDV_OZT.S1X?observations=1,2026-10-01T15:12:12.903556+00:00,"{""sourceValue"": 3.31, ""sourceUnit"": ""million fine troy ounces""}"
poland-gold,poland-gold--gold-eur,Polska · Wartość złota w EUR,Poland,Gold value in EUR,2018-06-30,2018-06,month,2018-06-01,3.5443153754687646,mld EUR,monthly,derived,https://data-api.ecb.europa.eu/service/data/RAS/M.N.PL.W1.S121.S1.LE.A.FA.R.._Z....N.ALL?format=csvdata,2026-10-01T15:07:49.183268+00:00,"{""seriesKey"": ""RAS.M.N.PL.W1.S121.S1.LE.A.FA.R.F11._Z.EUR.XAU.M.N.ALL"", ""sourceValue"": ""3544.3153754687646"", ""observationStatus"": ""A""}"
poland-gold,poland-gold--gold-pln,Polska · Wartość złota w PLN,Poland,Gold value in PLN,2018-06-30,2018-06,month,2018-06-01,15.5,mld PLN,monthly,derived,https://data-api.ecb.europa.eu/service/data/RAS/M.N.PL.W1.S121.S1.LE.A.FA.R.._Z....N.ALL?format=csvdata,2026-10-01T15:07:49.183268+00:00,"{""seriesKey"": ""RAS.M.N.PL.W1.S121.S1.LE.A.FA.R.F11._Z.PLN.XAU.M.N.ALL"", ""sourceValue"": ""15500"", ""observationStatus"": ""A""}"
poland-gold,poland-gold--monthly-change,Polska · Zmiana rezerw złota m/m,Poland,Monthly change in gold reserves,2018-06-30,2018-06,month,2018-06-01,0.0,tony / miesiąc,monthly,derived,https://api.db.nomics.world/v22/series/IMF/IRFCL/M.PL.RAFAGOLDV_OZT.S1X?observations=1,2026-10-01T15:12:12.903556+00:00,"{""additionalSourceIds"": [""gold-imf-volume""], ""formula"": ""tonnes(t) - tonnes(t-1)"", ""missingReason"": null}"
poland-gold,poland-gold--reserves-pln,Polska · Oficjalne aktywa rezerwowe,Poland,Official reserve assets,2018-06-30,2018-06,month,2018-06-01,407.982,mld PLN,monthly,derived,https://data-api.ecb.europa.eu/service/data/RAS/M.N.PL.W1.S121.S1.LE.A.FA.R.._Z....N.ALL?format=csvdata,2026-10-01T15:07:49.183268+00:00,"{""seriesKey"": ""RAS.M.N.PL.W1.S121.S1.LE.A.FA.R.F._Z.PLN.X1._X.N.ALL"", ""sourceValue"": ""407982"", ""observationStatus"": ""A""}"
poland-gold,poland-gold--share,Polska · Udział złota w rezerwach,Poland,Gold share of reserves,2018-06-30,2018-06,month,2018-06-01,3.7991872190439775,% rezerw,monthly,derived,https://data-api.ecb.europa.eu/service/data/RAS/M.N.PL.W1.S121.S1.LE.A.FA.R.._Z....N.ALL?format=csvdata,2026-10-01T15:07:49.183268+00:00,"{""formula"": ""100 * gold_PLN / total_reserves_PLN"", ""goldValueMillions"": 15500.0, ""totalValueMillions"": 407982.0}"
poland-gold,poland-gold--tonnes,Polska · Rezerwy złota,Poland,Gold reserves,2018-06-30,2018-06,month,2018-06-01,102.952508208,tony,monthly,derived,https://api.db.nomics.world/v22/series/IMF/IRFCL/M.PL.RAFAGOLDV_OZT.S1X?observations=1,2026-10-01T15:12:12.903556+00:00,"{""sourceValue"": 3.31, ""sourceUnit"": ""million fine troy ounces""}"
poland-gold,poland-gold--gold-eur,Polska · Wartość złota w EUR,Poland,Gold value in EUR,2018-07-31,2018-07,month,2018-07-01,3.5050268880056117,mld EUR,monthly,derived,https://data-api.ecb.europa.eu/service/data/RAS/M.N.PL.W1.S121.S1.LE.A.FA.R.._Z....N.ALL?format=csvdata,2026-10-01T15:07:49.183268+00:00,"{""seriesKey"": ""RAS.M.N.PL.W1.S121.S1.LE.A.FA.R.F11._Z.EUR.XAU.M.N.ALL"", ""sourceValue"": ""3505.0268880056115"", ""observationStatus"": ""A""}"
poland-gold,poland-gold--gold-pln,Polska · Wartość złota w PLN,Poland,Gold value in PLN,2018-07-31,2018-07,month,2018-07-01,14.991,mld PLN,monthly,derived,https://data-api.ecb.europa.eu/service/data/RAS/M.N.PL.W1.S121.S1.LE.A.FA.R.._Z....N.ALL?format=csvdata,2026-10-01T15:07:49.183268+00:00,"{""seriesKey"": ""RAS.M.N.PL.W1.S121.S1.LE.A.FA.R.F11._Z.PLN.XAU.M.N.ALL"", ""sourceValue"": ""14991"", ""observationStatus"": ""A""}"
poland-gold,poland-gold--monthly-change,Polska · Zmiana rezerw złota m/m,Poland,Monthly change in gold reserves,2018-07-31,2018-07,month,2018-07-01,1.866208608,tony / miesiąc,monthly,derived,https://api.db.nomics.world/v22/series/IMF/IRFCL/M.PL.RAFAGOLDV_OZT.S1X?observations=1,2026-10-01T15:12:12.903556+00:00,"{""additionalSourceIds"": [""gold-imf-volume""], ""formula"": ""tonnes(t) - tonnes(t-1)"", ""missingReason"": null}"
poland-gold,poland-gold--reserves-pln,Polska · Oficjalne aktywa rezerwowe,Poland,Official reserve assets,2018-07-31,2018-07,month,2018-07-01,409.12,mld PLN,monthly,derived,https://data-api.ecb.europa.eu/service/data/RAS/M.N.PL.W1.S121.S1.LE.A.FA.R.._Z....N.ALL?format=csvdata,2026-10-01T15:07:49.183268+00:00,"{""seriesKey"": ""RAS.M.N.PL.W1.S121.S1.LE.A.FA.R.F._Z.PLN.X1._X.N.ALL"", ""sourceValue"": ""409120"", ""observationStatus"": ""A""}"
poland-gold,poland-gold--share,Polska · Udział złota w rezerwach,Poland,Gold share of reserves,2018-07-31,2018-07,month,2018-07-01,3.6642061008994915,% rezerw,monthly,derived,https://data-api.ecb.europa.eu/service/data/RAS/M.N.PL.W1.S121.S1.LE.A.FA.R.._Z....N.ALL?format=csvdata,2026-10-01T15:07:49.183268+00:00,"{""formula"": ""100 * gold_PLN / total_reserves_PLN"", ""goldValueMillions"": 14991.0, ""totalValueMillions"": 409120.0}"
poland-gold,poland-gold--tonnes,Polska · Rezerwy złota,Poland,Gold reserves,2018-07-31,2018-07,month,2018-07-01,104.818716816,tony,monthly,derived,https://api.db.nomics.world/v22/series/IMF/IRFCL/M.PL.RAFAGOLDV_OZT.S1X?observations=1,2026-10-01T15:12:12.903556+00:00,"{""sourceValue"": 3.37, ""sourceUnit"": ""million fine troy ounces""}"
poland-gold,poland-gold--gold-eur,Polska · Wartość złota w EUR,Poland,Gold value in EUR,2018-08-31,2018-08,month,2018-08-01,3.73756204413581,mld EUR,monthly,derived,https://data-api.ecb.europa.eu/service/data/RAS/M.N.PL.W1.S121.S1.LE.A.FA.R.._Z....N.ALL?format=csvdata,2026-10-01T15:07:49.183268+00:00,"{""seriesKey"": ""RAS.M.N.PL.W1.S121.S1.LE.A.FA.R.F11._Z.EUR.XAU.M.N.ALL"", ""sourceValue"": ""3737.56204413581"", ""observationStatus"": ""A""}"
poland-gold,poland-gold--gold-pln,Polska · Wartość złota w PLN,Poland,Gold value in PLN,2018-08-31,2018-08,month,2018-08-01,16.039,mld PLN,monthly,derived,https://data-api.ecb.europa.eu/service/data/RAS/M.N.PL.W1.S121.S1.LE.A.FA.R.._Z....N.ALL?format=csvdata,2026-10-01T15:07:49.183268+00:00,"{""seriesKey"": ""RAS.M.N.PL.W1.S121.S1.LE.A.FA.R.F11._Z.PLN.XAU.M.N.ALL"", ""sourceValue"": ""16039"", ""observationStatus"": ""A""}"
poland-gold,poland-gold--monthly-change,Polska · Zmiana rezerw złota m/m,Poland,Monthly change in gold reserves,2018-08-31,2018-08,month,2018-08-01,7.4959379088,tony / miesiąc,monthly,derived,https://api.db.nomics.world/v22/series/IMF/IRFCL/M.PL.RAFAGOLDV_OZT.S1X?observations=1,2026-10-01T15:12:12.903556+00:00,"{""additionalSourceIds"": [""gold-imf-volume""], ""formula"": ""tonnes(t) - tonnes(t-1)"", ""missingReason"": null}"
poland-gold,poland-gold--reserves-pln,Polska · Oficjalne aktywa rezerwowe,Poland,Official reserve assets,2018-08-31,2018-08,month,2018-08-01,416.898,mld PLN,monthly,derived,https://data-api.ecb.europa.eu/service/data/RAS/M.N.PL.W1.S121.S1.LE.A.FA.R.._Z....N.ALL?format=csvdata,2026-10-01T15:07:49.183268+00:00,"{""seriesKey"": ""RAS.M.N.PL.W1.S121.S1.LE.A.FA.R.F._Z.PLN.X1._X.N.ALL"", ""sourceValue"": ""416898"", ""observationStatus"": ""A""}"
poland-gold,poland-gold--share,Polska · Udział złota w rezerwach,Poland,Gold share of reserves,2018-08-31,2018-08,month,2018-08-01,3.8472240212234166,% rezerw,monthly,derived,https://data-api.ecb.europa.eu/service/data/RAS/M.N.PL.W1.S121.S1.LE.A.FA.R.._Z....N.ALL?format=csvdata,2026-10-01T15:07:49.183268+00:00,"{""formula"": ""100 * gold_PLN / total_reserves_PLN"", ""goldValueMillions"": 16039.0, ""totalValueMillions"": 416898.0}"
poland-gold,poland-gold--tonnes,Polska · Rezerwy złota,Poland,Gold reserves,2018-08-31,2018-08,month,2018-08-01,112.3146547248,tony,monthly,derived,https://api.db.nomics.world/v22/series/IMF/IRFCL/M.PL.RAFAGOLDV_OZT.S1X?observations=1,2026-10-01T15:12:12.903556+00:00,"{""sourceValue"": 3.611, ""sourceUnit"": ""million fine troy ounces""}"
poland-gold,poland-gold--gold-eur,Polska · Wartość złota w EUR,Poland,Gold value in EUR,2018-09-30,2018-09,month,2018-09-01,3.8142329452471126,mld EUR,monthly,derived,https://data-api.ecb.europa.eu/service/data/RAS/M.N.PL.W1.S121.S1.LE.A.FA.R.._Z....N.ALL?format=csvdata,2026-10-01T15:07:49.183268+00:00,"{""seriesKey"": ""RAS.M.N.PL.W1.S121.S1.LE.A.FA.R.F11._Z.EUR.XAU.M.N.ALL"", ""sourceValue"": ""3814.2329452471126"", ""observationStatus"": ""A""}"
poland-gold,poland-gold--gold-pln,Polska · Wartość złota w PLN,Poland,Gold value in PLN,2018-09-30,2018-09,month,2018-09-01,16.315,mld PLN,monthly,derived,https://data-api.ecb.europa.eu/service/data/RAS/M.N.PL.W1.S121.S1.LE.A.FA.R.._Z....N.ALL?format=csvdata,2026-10-01T15:07:49.183268+00:00,"{""seriesKey"": ""RAS.M.N.PL.W1.S121.S1.LE.A.FA.R.F11._Z.PLN.XAU.M.N.ALL"", ""sourceValue"": ""16315"", ""observationStatus"": ""A""}"
poland-gold,poland-gold--monthly-change,Polska · Zmiana rezerw złota m/m,Poland,Monthly change in gold reserves,2018-09-30,2018-09,month,2018-09-01,4.354486752,tony / miesiąc,monthly,derived,https://api.db.nomics.world/v22/series/IMF/IRFCL/M.PL.RAFAGOLDV_OZT.S1X?observations=1,2026-10-01T15:12:12.903556+00:00,"{""additionalSourceIds"": [""gold-imf-volume""], ""formula"": ""tonnes(t) - tonnes(t-1)"", ""missingReason"": null}"
poland-gold,poland-gold--reserves-pln,Polska · Oficjalne aktywa rezerwowe,Poland,Official reserve assets,2018-09-30,2018-09,month,2018-09-01,414.88,mld PLN,monthly,derived,https://data-api.ecb.europa.eu/service/data/RAS/M.N.PL.W1.S121.S1.LE.A.FA.R.._Z....N.ALL?format=csvdata,2026-10-01T15:07:49.183268+00:00,"{""seriesKey"": ""RAS.M.N.PL.W1.S121.S1.LE.A.FA.R.F._Z.PLN.X1._X.N.ALL"", ""sourceValue"": ""414880"", ""observationStatus"": ""A""}"
poland-gold,poland-gold--share,Polska · Udział złota w rezerwach,Poland,Gold share of reserves,2018-09-30,2018-09,month,2018-09-01,3.9324623987659084,% rezerw,monthly,derived,https://data-api.ecb.europa.eu/service/data/RAS/M.N.PL.W1.S121.S1.LE.A.FA.R.._Z....N.ALL?format=csvdata,2026-10-01T15:07:49.183268+00:00,"{""formula"": ""100 * gold_PLN / total_reserves_PLN"", ""goldValueMillions"": 16315.0, ""totalValueMillions"": 414880.0}"
poland-gold,poland-gold--tonnes,Polska · Rezerwy złota,Poland,Gold reserves,2018-09-30,2018-09,month,2018-09-01,116.6691414768,tony,monthly,derived,https://api.db.nomics.world/v22/series/IMF/IRFCL/M.PL.RAFAGOLDV_OZT.S1X?observations=1,2026-10-01T15:12:12.903556+00:00,"{""sourceValue"": 3.751, ""sourceUnit"": ""million fine troy ounces""}"
poland-gold,poland-gold--gold-eur,Polska · Wartość złota w EUR,Poland,Gold value in EUR,2018-10-31,2018-10,month,2018-10-01,4.433766592920354,mld EUR,monthly,derived,https://data-api.ecb.europa.eu/service/data/RAS/M.N.PL.W1.S121.S1.LE.A.FA.R.._Z....N.ALL?format=csvdata,2026-10-01T15:07:49.183268+00:00,"{""seriesKey"": ""RAS.M.N.PL.W1.S121.S1.LE.A.FA.R.F11._Z.EUR.XAU.M.N.ALL"", ""sourceValue"": ""4433.766592920354"", ""observationStatus"": ""A""}"
poland-gold,poland-gold--gold-pln,Polska · Wartość złota w PLN,Poland,Gold value in PLN,2018-10-31,2018-10,month,2018-10-01,19.239,mld PLN,monthly,derived,https://data-api.ecb.europa.eu/service/data/RAS/M.N.PL.W1.S121.S1.LE.A.FA.R.._Z....N.ALL?format=csvdata,2026-10-01T15:07:49.183268+00:00,"{""seriesKey"": ""RAS.M.N.PL.W1.S121.S1.LE.A.FA.R.F11._Z.PLN.XAU.M.N.ALL"", ""sourceValue"": ""19239"", ""observationStatus"": ""A""}"
poland-gold,poland-gold--monthly-change,Polska · Zmiana rezerw złota m/m,Poland,Monthly change in gold reserves,2018-10-31,2018-10,month,2018-10-01,11.974838568,tony / miesiąc,monthly,derived,https://api.db.nomics.world/v22/series/IMF/IRFCL/M.PL.RAFAGOLDV_OZT.S1X?observations=1,2026-10-01T15:12:12.903556+00:00,"{""additionalSourceIds"": [""gold-imf-volume""], ""formula"": ""tonnes(t) - tonnes(t-1)"", ""missingReason"": null}"
poland-gold,poland-gold--reserves-pln,Polska · Oficjalne aktywa rezerwowe,Poland,Official reserve assets,2018-10-31,2018-10,month,2018-10-01,425.644,mld PLN,monthly,derived,https://data-api.ecb.europa.eu/service/data/RAS/M.N.PL.W1.S121.S1.LE.A.FA.R.._Z....N.ALL?format=csvdata,2026-10-01T15:07:49.183268+00:00,"{""seriesKey"": ""RAS.M.N.PL.W1.S121.S1.LE.A.FA.R.F._Z.PLN.X1._X.N.ALL"", ""sourceValue"": ""425644"", ""observationStatus"": ""A""}"
poland-gold,poland-gold--share,Polska · Udział złota w rezerwach,Poland,Gold share of reserves,2018-10-31,2018-10,month,2018-10-01,4.519974438732838,% rezerw,monthly,derived,https://data-api.ecb.europa.eu/service/data/RAS/M.N.PL.W1.S121.S1.LE.A.FA.R.._Z....N.ALL?format=csvdata,2026-10-01T15:07:49.183268+00:00,"{""formula"": ""100 * gold_PLN / total_reserves_PLN"", ""goldValueMillions"": 19239.0, ""totalValueMillions"": 425644.0}"
poland-gold,poland-gold--tonnes,Polska · Rezerwy złota,Poland,Gold reserves,2018-10-31,2018-10,month,2018-10-01,128.6439800448,tony,monthly,derived,https://api.db.nomics.world/v22/series/IMF/IRFCL/M.PL.RAFAGOLDV_OZT.S1X?observations=1,2026-10-01T15:12:12.903556+00:00,"{""sourceValue"": 4.136, ""sourceUnit"": ""million fine troy ounces""}"
poland-gold,poland-gold--gold-eur,Polska · Wartość złota w EUR,Poland,Gold value in EUR,2018-11-30,2018-11,month,2018-11-01,4.439160839160839,mld EUR,monthly,derived,https://data-api.ecb.europa.eu/service/data/RAS/M.N.PL.W1.S121.S1.LE.A.FA.R.._Z....N.ALL?format=csvdata,2026-10-01T15:07:49.183268+00:00,"{""seriesKey"": ""RAS.M.N.PL.W1.S121.S1.LE.A.FA.R.F11._Z.EUR.XAU.M.N.ALL"", ""sourceValue"": ""4439.160839160839"", ""observationStatus"": ""A""}"
poland-gold,poland-gold--gold-pln,Polska · Wartość złota w PLN,Poland,Gold value in PLN,2018-11-30,2018-11,month,2018-11-01,19.044,mld PLN,monthly,derived,https://data-api.ecb.europa.eu/service/data/RAS/M.N.PL.W1.S121.S1.LE.A.FA.R.._Z....N.ALL?format=csvdata,2026-10-01T15:07:49.183268+00:00,"{""seriesKey"": ""RAS.M.N.PL.W1.S121.S1.LE.A.FA.R.F11._Z.PLN.XAU.M.N.ALL"", ""sourceValue"": ""19044"", ""observationStatus"": ""A""}"
poland-gold,poland-gold--monthly-change,Polska · Zmiana rezerw złota m/m,Poland,Monthly change in gold reserves,2018-11-30,2018-11,month,2018-11-01,0.0,tony / miesiąc,monthly,derived,https://api.db.nomics.world/v22/series/IMF/IRFCL/M.PL.RAFAGOLDV_OZT.S1X?observations=1,2026-10-01T15:12:12.903556+00:00,"{""additionalSourceIds"": [""gold-imf-volume""], ""formula"": ""tonnes(t) - tonnes(t-1)"", ""missingReason"": null}"
poland-gold,poland-gold--reserves-pln,Polska · Oficjalne aktywa rezerwowe,Poland,Official reserve assets,2018-11-30,2018-11,month,2018-11-01,429.511,mld PLN,monthly,derived,https://data-api.ecb.europa.eu/service/data/RAS/M.N.PL.W1.S121.S1.LE.A.FA.R.._Z....N.ALL?format=csvdata,2026-10-01T15:07:49.183268+00:00,"{""seriesKey"": ""RAS.M.N.PL.W1.S121.S1.LE.A.FA.R.F._Z.PLN.X1._X.N.ALL"", ""sourceValue"": ""429511"", ""observationStatus"": ""A""}"
poland-gold,poland-gold--share,Polska · Udział złota w rezerwach,Poland,Gold share of reserves,2018-11-30,2018-11,month,2018-11-01,4.433879458267658,% rezerw,monthly,derived,https://data-api.ecb.europa.eu/service/data/RAS/M.N.PL.W1.S121.S1.LE.A.FA.R.._Z....N.ALL?format=csvdata,2026-10-01T15:07:49.183268+00:00,"{""formula"": ""100 * gold_PLN / total_reserves_PLN"", ""goldValueMillions"": 19044.0, ""totalValueMillions"": 429511.0}"
poland-gold,poland-gold--tonnes,Polska · Rezerwy złota,Poland,Gold reserves,2018-11-30,2018-11,month,2018-11-01,128.6439800448,tony,monthly,derived,https://api.db.nomics.world/v22/series/IMF/IRFCL/M.PL.RAFAGOLDV_OZT.S1X?observations=1,2026-10-01T15:12:12.903556+00:00,"{""sourceValue"": 4.136, ""sourceUnit"": ""million fine troy ounces""}"
poland-gold,poland-gold--gold-eur,Polska · Wartość złota w EUR,Poland,Gold value in EUR,2018-12-31,2018-12,month,2018-12-01,4.632910215278746,mld EUR,monthly,derived,https://data-api.ecb.europa.eu/service/data/RAS/M.N.PL.W1.S121.S1.LE.A.FA.R.._Z....N.ALL?format=csvdata,2026-10-01T15:07:49.183268+00:00,"{""seriesKey"": ""RAS.M.N.PL.W1.S121.S1.LE.A.FA.R.F11._Z.EUR.XAU.M.N.ALL"", ""sourceValue"": ""4632.910215278746"", ""observationStatus"": ""A""}"
poland-gold,poland-gold--gold-pln,Polska · Wartość złota w PLN,Poland,Gold value in PLN,2018-12-31,2018-12,month,2018-12-01,19.928,mld PLN,monthly,derived,https://data-api.ecb.europa.eu/service/data/RAS/M.N.PL.W1.S121.S1.LE.A.FA.R.._Z....N.ALL?format=csvdata,2026-10-01T15:07:49.183268+00:00,"{""seriesKey"": ""RAS.M.N.PL.W1.S121.S1.LE.A.FA.R.F11._Z.PLN.XAU.M.N.ALL"", ""sourceValue"": ""19928"", ""observationStatus"": ""A""}"
poland-gold,poland-gold--monthly-change,Polska · Zmiana rezerw złota m/m,Poland,Monthly change in gold reserves,2018-12-31,2018-12,month,2018-12-01,0.0,tony / miesiąc,monthly,derived,https://api.db.nomics.world/v22/series/IMF/IRFCL/M.PL.RAFAGOLDV_OZT.S1X?observations=1,2026-10-01T15:12:12.903556+00:00,"{""additionalSourceIds"": [""gold-imf-volume""], ""formula"": ""tonnes(t) - tonnes(t-1)"", ""missingReason"": null}"
poland-gold,poland-gold--reserves-pln,Polska · Oficjalne aktywa rezerwowe,Poland,Official reserve assets,2018-12-31,2018-12,month,2018-12-01,439.752,mld PLN,monthly,derived,https://data-api.ecb.europa.eu/service/data/RAS/M.N.PL.W1.S121.S1.LE.A.FA.R.._Z....N.ALL?format=csvdata,2026-10-01T15:07:49.183268+00:00,"{""seriesKey"": ""RAS.M.N.PL.W1.S121.S1.LE.A.FA.R.F._Z.PLN.X1._X.N.ALL"", ""sourceValue"": ""439752"", ""observationStatus"": ""A""}"
poland-gold,poland-gold--share,Polska · Udział złota w rezerwach,Poland,Gold share of reserves,2018-12-31,2018-12,month,2018-12-01,4.531645109061471,% rezerw,monthly,derived,https://data-api.ecb.europa.eu/service/data/RAS/M.N.PL.W1.S121.S1.LE.A.FA.R.._Z....N.ALL?format=csvdata,2026-10-01T15:07:49.183268+00:00,"{""formula"": ""100 * gold_PLN / total_reserves_PLN"", ""goldValueMillions"": 19928.0, ""totalValueMillions"": 439752.0}"
poland-gold,poland-gold--tonnes,Polska · Rezerwy złota,Poland,Gold reserves,2018-12-31,2018-12,month,2018-12-01,128.6439800448,tony,monthly,derived,https://api.db.nomics.world/v22/series/IMF/IRFCL/M.PL.RAFAGOLDV_OZT.S1X?observations=1,2026-10-01T15:12:12.903556+00:00,"{""sourceValue"": 4.136, ""sourceUnit"": ""million fine troy ounces""}"
poland-gold,poland-gold--gold-eur,Polska · Wartość złota w EUR,Poland,Gold value in EUR,2019-01-31,2019-01,month,2019-01-01,4.769983152377386,mld EUR,monthly,derived,https://data-api.ecb.europa.eu/service/data/RAS/M.N.PL.W1.S121.S1.LE.A.FA.R.._Z....N.ALL?format=csvdata,2026-10-01T15:07:49.183268+00:00,"{""seriesKey"": ""RAS.M.N.PL.W1.S121.S1.LE.A.FA.R.F11._Z.EUR.XAU.M.N.ALL"", ""sourceValue"": ""4769.983152377386"", ""observationStatus"": ""A""}"
poland-gold,poland-gold--gold-pln,Polska · Wartość złota w PLN,Poland,Gold value in PLN,2019-01-31,2019-01,month,2019-01-01,20.385,mld PLN,monthly,derived,https://data-api.ecb.europa.eu/service/data/RAS/M.N.PL.W1.S121.S1.LE.A.FA.R.._Z....N.ALL?format=csvdata,2026-10-01T15:07:49.183268+00:00,"{""seriesKey"": ""RAS.M.N.PL.W1.S121.S1.LE.A.FA.R.F11._Z.PLN.XAU.M.N.ALL"", ""sourceValue"": ""20385"", ""observationStatus"": ""A""}"
poland-gold,poland-gold--monthly-change,Polska · Zmiana rezerw złota m/m,Poland,Monthly change in gold reserves,2019-01-31,2019-01,month,2019-01-01,0.0,tony / miesiąc,monthly,derived,https://api.db.nomics.world/v22/series/IMF/IRFCL/M.PL.RAFAGOLDV_OZT.S1X?observations=1,2026-10-01T15:12:12.903556+00:00,"{""additionalSourceIds"": [""gold-imf-volume""], ""formula"": ""tonnes(t) - tonnes(t-1)"", ""missingReason"": null}"
poland-gold,poland-gold--reserves-pln,Polska · Oficjalne aktywa rezerwowe,Poland,Official reserve assets,2019-01-31,2019-01,month,2019-01-01,423.683,mld PLN,monthly,derived,https://data-api.ecb.europa.eu/service/data/RAS/M.N.PL.W1.S121.S1.LE.A.FA.R.._Z....N.ALL?format=csvdata,2026-10-01T15:07:49.183268+00:00,"{""seriesKey"": ""RAS.M.N.PL.W1.S121.S1.LE.A.FA.R.F._Z.PLN.X1._X.N.ALL"", ""sourceValue"": ""423683"", ""observationStatus"": ""A""}"
poland-gold,poland-gold--share,Polska · Udział złota w rezerwach,Poland,Gold share of reserves,2019-01-31,2019-01,month,2019-01-01,4.811380206427919,% rezerw,monthly,derived,https://data-api.ecb.europa.eu/service/data/RAS/M.N.PL.W1.S121.S1.LE.A.FA.R.._Z....N.ALL?format=csvdata,2026-10-01T15:07:49.183268+00:00,"{""formula"": ""100 * gold_PLN / total_reserves_PLN"", ""goldValueMillions"": 20385.0, ""totalValueMillions"": 423683.0}"
poland-gold,poland-gold--tonnes,Polska · Rezerwy złota,Poland,Gold reserves,2019-01-31,2019-01,month,2019-01-01,128.6439800448,tony,monthly,derived,https://api.db.nomics.world/v22/series/IMF/IRFCL/M.PL.RAFAGOLDV_OZT.S1X?observations=1,2026-10-01T15:12:12.903556+00:00,"{""sourceValue"": 4.136, ""sourceUnit"": ""million fine troy ounces""}"
poland-gold,poland-gold--gold-eur,Polska · Wartość złota w EUR,Poland,Gold value in EUR,2019-02-28,2019-02,month,2019-02-01,4.815614193877787,mld EUR,monthly,derived,https://data-api.ecb.europa.eu/service/data/RAS/M.N.PL.W1.S121.S1.LE.A.FA.R.._Z....N.ALL?format=csvdata,2026-10-01T15:07:49.183268+00:00,"{""seriesKey"": ""RAS.M.N.PL.W1.S121.S1.LE.A.FA.R.F11._Z.EUR.XAU.M.N.ALL"", ""sourceValue"": ""4815.614193877787"", ""observationStatus"": ""A""}"
poland-gold,poland-gold--gold-pln,Polska · Wartość złota w PLN,Poland,Gold value in PLN,2019-02-28,2019-02,month,2019-02-01,20.75,mld PLN,monthly,derived,https://data-api.ecb.europa.eu/service/data/RAS/M.N.PL.W1.S121.S1.LE.A.FA.R.._Z....N.ALL?format=csvdata,2026-10-01T15:07:49.183268+00:00,"{""seriesKey"": ""RAS.M.N.PL.W1.S121.S1.LE.A.FA.R.F11._Z.PLN.XAU.M.N.ALL"", ""sourceValue"": ""20750"", ""observationStatus"": ""A""}"
poland-gold,poland-gold--monthly-change,Polska · Zmiana rezerw złota m/m,Poland,Monthly change in gold reserves,2019-02-28,2019-02,month,2019-02-01,0.0,tony / miesiąc,monthly,derived,https://api.db.nomics.world/v22/series/IMF/IRFCL/M.PL.RAFAGOLDV_OZT.S1X?observations=1,2026-10-01T15:12:12.903556+00:00,"{""additionalSourceIds"": [""gold-imf-volume""], ""formula"": ""tonnes(t) - tonnes(t-1)"", ""missingReason"": null}"
poland-gold,poland-gold--reserves-pln,Polska · Oficjalne aktywa rezerwowe,Poland,Official reserve assets,2019-02-28,2019-02,month,2019-02-01,425.792,mld PLN,monthly,derived,https://data-api.ecb.europa.eu/service/data/RAS/M.N.PL.W1.S121.S1.LE.A.FA.R.._Z....N.ALL?format=csvdata,2026-10-01T15:07:49.183268+00:00,"{""seriesKey"": ""RAS.M.N.PL.W1.S121.S1.LE.A.FA.R.F._Z.PLN.X1._X.N.ALL"", ""sourceValue"": ""425792"", ""observationStatus"": ""A""}"
poland-gold,poland-gold--share,Polska · Udział złota w rezerwach,Poland,Gold share of reserves,2019-02-28,2019-02,month,2019-02-01,4.873271456485796,% rezerw,monthly,derived,https://data-api.ecb.europa.eu/service/data/RAS/M.N.PL.W1.S121.S1.LE.A.FA.R.._Z....N.ALL?format=csvdata,2026-10-01T15:07:49.183268+00:00,"{""formula"": ""100 * gold_PLN / total_reserves_PLN"", ""goldValueMillions"": 20750.0, ""totalValueMillions"": 425792.0}"
poland-gold,poland-gold--tonnes,Polska · Rezerwy złota,Poland,Gold reserves,2019-02-28,2019-02,month,2019-02-01,128.6439800448,tony,monthly,derived,https://api.db.nomics.world/v22/series/IMF/IRFCL/M.PL.RAFAGOLDV_OZT.S1X?observations=1,2026-10-01T15:12:12.903556+00:00,"{""sourceValue"": 4.136, ""sourceUnit"": ""million fine troy ounces""}"
poland-gold,poland-gold--gold-eur,Polska · Wartość złota w EUR,Poland,Gold value in EUR,2019-03-31,2019-03,month,2019-03-01,4.763521369111287,mld EUR,monthly,derived,https://data-api.ecb.europa.eu/service/data/RAS/M.N.PL.W1.S121.S1.LE.A.FA.R.._Z....N.ALL?format=csvdata,2026-10-01T15:07:49.183268+00:00,"{""seriesKey"": ""RAS.M.N.PL.W1.S121.S1.LE.A.FA.R.F11._Z.EUR.XAU.M.N.ALL"", ""sourceValue"": ""4763.521369111287"", ""observationStatus"": ""A""}"
poland-gold,poland-gold--gold-pln,Polska · Wartość złota w PLN,Poland,Gold value in PLN,2019-03-31,2019-03,month,2019-03-01,20.486,mld PLN,monthly,derived,https://data-api.ecb.europa.eu/service/data/RAS/M.N.PL.W1.S121.S1.LE.A.FA.R.._Z....N.ALL?format=csvdata,2026-10-01T15:07:49.183268+00:00,"{""seriesKey"": ""RAS.M.N.PL.W1.S121.S1.LE.A.FA.R.F11._Z.PLN.XAU.M.N.ALL"", ""sourceValue"": ""20486"", ""observationStatus"": ""A""}"
poland-gold,poland-gold--monthly-change,Polska · Zmiana rezerw złota m/m,Poland,Monthly change in gold reserves,2019-03-31,2019-03,month,2019-03-01,0.0,tony / miesiąc,monthly,derived,https://api.db.nomics.world/v22/series/IMF/IRFCL/M.PL.RAFAGOLDV_OZT.S1X?observations=1,2026-10-01T15:12:12.903556+00:00,"{""additionalSourceIds"": [""gold-imf-volume""], ""formula"": ""tonnes(t) - tonnes(t-1)"", ""missingReason"": null}"
poland-gold,poland-gold--reserves-pln,Polska · Oficjalne aktywa rezerwowe,Poland,Official reserve assets,2019-03-31,2019-03,month,2019-03-01,433.306,mld PLN,monthly,derived,https://data-api.ecb.europa.eu/service/data/RAS/M.N.PL.W1.S121.S1.LE.A.FA.R.._Z....N.ALL?format=csvdata,2026-10-01T15:07:49.183268+00:00,"{""seriesKey"": ""RAS.M.N.PL.W1.S121.S1.LE.A.FA.R.F._Z.PLN.X1._X.N.ALL"", ""sourceValue"": ""433306"", ""observationStatus"": ""A""}"
poland-gold,poland-gold--share,Polska · Udział złota w rezerwach,Poland,Gold share of reserves,2019-03-31,2019-03,month,2019-03-01,4.727836678928979,% rezerw,monthly,derived,https://data-api.ecb.europa.eu/service/data/RAS/M.N.PL.W1.S121.S1.LE.A.FA.R.._Z....N.ALL?format=csvdata,2026-10-01T15:07:49.183268+00:00,"{""formula"": ""100 * gold_PLN / total_reserves_PLN"", ""goldValueMillions"": 20486.0, ""totalValueMillions"": 433306.0}"
poland-gold,poland-gold--tonnes,Polska · Rezerwy złota,Poland,Gold reserves,2019-03-31,2019-03,month,2019-03-01,128.6439800448,tony,monthly,derived,https://api.db.nomics.world/v22/series/IMF/IRFCL/M.PL.RAFAGOLDV_OZT.S1X?observations=1,2026-10-01T15:12:12.903556+00:00,"{""sourceValue"": 4.136, ""sourceUnit"": ""million fine troy ounces""}"
poland-gold,poland-gold--gold-eur,Polska · Wartość złota w EUR,Poland,Gold value in EUR,2019-04-30,2019-04,month,2019-04-01,4.747830549594102,mld EUR,monthly,derived,https://data-api.ecb.europa.eu/service/data/RAS/M.N.PL.W1.S121.S1.LE.A.FA.R.._Z....N.ALL?format=csvdata,2026-10-01T15:07:49.183268+00:00,"{""seriesKey"": ""RAS.M.N.PL.W1.S121.S1.LE.A.FA.R.F11._Z.EUR.XAU.M.N.ALL"", ""sourceValue"": ""4747.830549594102"", ""observationStatus"": ""A""}"
poland-gold,poland-gold--gold-pln,Polska · Wartość złota w PLN,Poland,Gold value in PLN,2019-04-30,2019-04,month,2019-04-01,20.353,mld PLN,monthly,derived,https://data-api.ecb.europa.eu/service/data/RAS/M.N.PL.W1.S121.S1.LE.A.FA.R.._Z....N.ALL?format=csvdata,2026-10-01T15:07:49.183268+00:00,"{""seriesKey"": ""RAS.M.N.PL.W1.S121.S1.LE.A.FA.R.F11._Z.PLN.XAU.M.N.ALL"", ""sourceValue"": ""20353"", ""observationStatus"": ""A""}"
poland-gold,poland-gold--monthly-change,Polska · Zmiana rezerw złota m/m,Poland,Monthly change in gold reserves,2019-04-30,2019-04,month,2019-04-01,0.0,tony / miesiąc,monthly,derived,https://api.db.nomics.world/v22/series/IMF/IRFCL/M.PL.RAFAGOLDV_OZT.S1X?observations=1,2026-10-01T15:12:12.903556+00:00,"{""additionalSourceIds"": [""gold-imf-volume""], ""formula"": ""tonnes(t) - tonnes(t-1)"", ""missingReason"": null}"
poland-gold,poland-gold--reserves-pln,Polska · Oficjalne aktywa rezerwowe,Poland,Official reserve assets,2019-04-30,2019-04,month,2019-04-01,448.069,mld PLN,monthly,derived,https://data-api.ecb.europa.eu/service/data/RAS/M.N.PL.W1.S121.S1.LE.A.FA.R.._Z....N.ALL?format=csvdata,2026-10-01T15:07:49.183268+00:00,"{""seriesKey"": ""RAS.M.N.PL.W1.S121.S1.LE.A.FA.R.F._Z.PLN.X1._X.N.ALL"", ""sourceValue"": ""448069"", ""observationStatus"": ""A""}"
poland-gold,poland-gold--share,Polska · Udział złota w rezerwach,Poland,Gold share of reserves,2019-04-30,2019-04,month,2019-04-01,4.542380749393509,% rezerw,monthly,derived,https://data-api.ecb.europa.eu/service/data/RAS/M.N.PL.W1.S121.S1.LE.A.FA.R.._Z....N.ALL?format=csvdata,2026-10-01T15:07:49.183268+00:00,"{""formula"": ""100 * gold_PLN / total_reserves_PLN"", ""goldValueMillions"": 20353.0, ""totalValueMillions"": 448069.0}"
poland-gold,poland-gold--tonnes,Polska · Rezerwy złota,Poland,Gold reserves,2019-04-30,2019-04,month,2019-04-01,128.6439800448,tony,monthly,derived,https://api.db.nomics.world/v22/series/IMF/IRFCL/M.PL.RAFAGOLDV_OZT.S1X?observations=1,2026-10-01T15:12:12.903556+00:00,"{""sourceValue"": 4.136, ""sourceUnit"": ""million fine troy ounces""}"
poland-gold,poland-gold--gold-eur,Polska · Wartość złota w EUR,Poland,Gold value in EUR,2019-05-31,2019-05,month,2019-05-01,4.991247111546811,mld EUR,monthly,derived,https://data-api.ecb.europa.eu/service/data/RAS/M.N.PL.W1.S121.S1.LE.A.FA.R.._Z....N.ALL?format=csvdata,2026-10-01T15:07:49.183268+00:00,"{""seriesKey"": ""RAS.M.N.PL.W1.S121.S1.LE.A.FA.R.F11._Z.EUR.XAU.M.N.ALL"", ""sourceValue"": ""4991.247111546811"", ""observationStatus"": ""A""}"
poland-gold,poland-gold--gold-pln,Polska · Wartość złota w PLN,Poland,Gold value in PLN,2019-05-31,2019-05,month,2019-05-01,21.384,mld PLN,monthly,derived,https://data-api.ecb.europa.eu/service/data/RAS/M.N.PL.W1.S121.S1.LE.A.FA.R.._Z....N.ALL?format=csvdata,2026-10-01T15:07:49.183268+00:00,"{""seriesKey"": ""RAS.M.N.PL.W1.S121.S1.LE.A.FA.R.F11._Z.PLN.XAU.M.N.ALL"", ""sourceValue"": ""21384"", ""observationStatus"": ""A""}"
poland-gold,poland-gold--monthly-change,Polska · Zmiana rezerw złota m/m,Poland,Monthly change in gold reserves,2019-05-31,2019-05,month,2019-05-01,4.66552152,tony / miesiąc,monthly,derived,https://api.db.nomics.world/v22/series/IMF/IRFCL/M.PL.RAFAGOLDV_OZT.S1X?observations=1,2026-10-01T15:12:12.903556+00:00,"{""additionalSourceIds"": [""gold-imf-volume""], ""formula"": ""tonnes(t) - tonnes(t-1)"", ""missingReason"": null}"
poland-gold,poland-gold--reserves-pln,Polska · Oficjalne aktywa rezerwowe,Poland,Official reserve assets,2019-05-31,2019-05,month,2019-05-01,456.66,mld PLN,monthly,derived,https://data-api.ecb.europa.eu/service/data/RAS/M.N.PL.W1.S121.S1.LE.A.FA.R.._Z....N.ALL?format=csvdata,2026-10-01T15:07:49.183268+00:00,"{""seriesKey"": ""RAS.M.N.PL.W1.S121.S1.LE.A.FA.R.F._Z.PLN.X1._X.N.ALL"", ""sourceValue"": ""456660"", ""observationStatus"": ""A""}"
poland-gold,poland-gold--share,Polska · Udział złota w rezerwach,Poland,Gold share of reserves,2019-05-31,2019-05,month,2019-05-01,4.682696097753252,% rezerw,monthly,derived,https://data-api.ecb.europa.eu/service/data/RAS/M.N.PL.W1.S121.S1.LE.A.FA.R.._Z....N.ALL?format=csvdata,2026-10-01T15:07:49.183268+00:00,"{""formula"": ""100 * gold_PLN / total_reserves_PLN"", ""goldValueMillions"": 21384.0, ""totalValueMillions"": 456660.0}"
poland-gold,poland-gold--tonnes,Polska · Rezerwy złota,Poland,Gold reserves,2019-05-31,2019-05,month,2019-05-01,133.3095015648,tony,monthly,derived,https://api.db.nomics.world/v22/series/IMF/IRFCL/M.PL.RAFAGOLDV_OZT.S1X?observations=1,2026-10-01T15:12:12.903556+00:00,"{""sourceValue"": 4.286, ""sourceUnit"": ""million fine troy ounces""}"
poland-gold,poland-gold--gold-eur,Polska · Wartość złota w EUR,Poland,Gold value in EUR,2019-06-30,2019-06,month,2019-06-01,9.108621987951807,mld EUR,monthly,derived,https://data-api.ecb.europa.eu/service/data/RAS/M.N.PL.W1.S121.S1.LE.A.FA.R.._Z....N.ALL?format=csvdata,2026-10-01T15:07:49.183268+00:00,"{""seriesKey"": ""RAS.M.N.PL.W1.S121.S1.LE.A.FA.R.F11._Z.EUR.XAU.M.N.ALL"", ""sourceValue"": ""9108.621987951807"", ""observationStatus"": ""A""}"
poland-gold,poland-gold--gold-pln,Polska · Wartość złota w PLN,Poland,Gold value in PLN,2019-06-30,2019-06,month,2019-06-01,38.708,mld PLN,monthly,derived,https://data-api.ecb.europa.eu/service/data/RAS/M.N.PL.W1.S121.S1.LE.A.FA.R.._Z....N.ALL?format=csvdata,2026-10-01T15:07:49.183268+00:00,"{""seriesKey"": ""RAS.M.N.PL.W1.S121.S1.LE.A.FA.R.F11._Z.PLN.XAU.M.N.ALL"", ""sourceValue"": ""38708"", ""observationStatus"": ""A""}"
poland-gold,poland-gold--monthly-change,Polska · Zmiana rezerw złota m/m,Poland,Monthly change in gold reserves,2019-06-30,2019-06,month,2019-06-01,94.86560424,tony / miesiąc,monthly,derived,https://api.db.nomics.world/v22/series/IMF/IRFCL/M.PL.RAFAGOLDV_OZT.S1X?observations=1,2026-10-01T15:12:12.903556+00:00,"{""additionalSourceIds"": [""gold-imf-volume""], ""formula"": ""tonnes(t) - tonnes(t-1)"", ""missingReason"": null}"
poland-gold,poland-gold--reserves-pln,Polska · Oficjalne aktywa rezerwowe,Poland,Official reserve assets,2019-06-30,2019-06,month,2019-06-01,439.822,mld PLN,monthly,derived,https://data-api.ecb.europa.eu/service/data/RAS/M.N.PL.W1.S121.S1.LE.A.FA.R.._Z....N.ALL?format=csvdata,2026-10-01T15:07:49.183268+00:00,"{""seriesKey"": ""RAS.M.N.PL.W1.S121.S1.LE.A.FA.R.F._Z.PLN.X1._X.N.ALL"", ""sourceValue"": ""439822"", ""observationStatus"": ""A""}"
poland-gold,poland-gold--share,Polska · Udział złota w rezerwach,Poland,Gold share of reserves,2019-06-30,2019-06,month,2019-06-01,8.800833064285097,% rezerw,monthly,derived,https://data-api.ecb.europa.eu/service/data/RAS/M.N.PL.W1.S121.S1.LE.A.FA.R.._Z....N.ALL?format=csvdata,2026-10-01T15:07:49.183268+00:00,"{""formula"": ""100 * gold_PLN / total_reserves_PLN"", ""goldValueMillions"": 38708.0, ""totalValueMillions"": 439822.0}"
poland-gold,poland-gold--tonnes,Polska · Rezerwy złota,Poland,Gold reserves,2019-06-30,2019-06,month,2019-06-01,228.1751058048,tony,monthly,derived,https://api.db.nomics.world/v22/series/IMF/IRFCL/M.PL.RAFAGOLDV_OZT.S1X?observations=1,2026-10-01T15:12:12.903556+00:00,"{""sourceValue"": 7.336, ""sourceUnit"": ""million fine troy ounces""}"
poland-gold,poland-gold--gold-eur,Polska · Wartość złota w EUR,Poland,Gold value in EUR,2019-07-31,2019-07,month,2019-07-01,9.436055182699478,mld EUR,monthly,derived,https://data-api.ecb.europa.eu/service/data/RAS/M.N.PL.W1.S121.S1.LE.A.FA.R.._Z....N.ALL?format=csvdata,2026-10-01T15:07:49.183268+00:00,"{""seriesKey"": ""RAS.M.N.PL.W1.S121.S1.LE.A.FA.R.F11._Z.EUR.XAU.M.N.ALL"", ""sourceValue"": ""9436.055182699478"", ""observationStatus"": ""A""}"
poland-gold,poland-gold--gold-pln,Polska · Wartość złota w PLN,Poland,Gold value in PLN,2019-07-31,2019-07,month,2019-07-01,40.492,mld PLN,monthly,derived,https://data-api.ecb.europa.eu/service/data/RAS/M.N.PL.W1.S121.S1.LE.A.FA.R.._Z....N.ALL?format=csvdata,2026-10-01T15:07:49.183268+00:00,"{""seriesKey"": ""RAS.M.N.PL.W1.S121.S1.LE.A.FA.R.F11._Z.PLN.XAU.M.N.ALL"", ""sourceValue"": ""40492"", ""observationStatus"": ""A""}"
poland-gold,poland-gold--monthly-change,Polska · Zmiana rezerw złota m/m,Poland,Monthly change in gold reserves,2019-07-31,2019-07,month,2019-07-01,0.466552152,tony / miesiąc,monthly,derived,https://api.db.nomics.world/v22/series/IMF/IRFCL/M.PL.RAFAGOLDV_OZT.S1X?observations=1,2026-10-01T15:12:12.903556+00:00,"{""additionalSourceIds"": [""gold-imf-volume""], ""formula"": ""tonnes(t) - tonnes(t-1)"", ""missingReason"": null}"
poland-gold,poland-gold--reserves-pln,Polska · Oficjalne aktywa rezerwowe,Poland,Official reserve assets,2019-07-31,2019-07,month,2019-07-01,448.683,mld PLN,monthly,derived,https://data-api.ecb.europa.eu/service/data/RAS/M.N.PL.W1.S121.S1.LE.A.FA.R.._Z....N.ALL?format=csvdata,2026-10-01T15:07:49.183268+00:00,"{""seriesKey"": ""RAS.M.N.PL.W1.S121.S1.LE.A.FA.R.F._Z.PLN.X1._X.N.ALL"", ""sourceValue"": ""448683"", ""observationStatus"": ""A""}"
poland-gold,poland-gold--share,Polska · Udział złota w rezerwach,Poland,Gold share of reserves,2019-07-31,2019-07,month,2019-07-01,9.024634318661505,% rezerw,monthly,derived,https://data-api.ecb.europa.eu/service/data/RAS/M.N.PL.W1.S121.S1.LE.A.FA.R.._Z....N.ALL?format=csvdata,2026-10-01T15:07:49.183268+00:00,"{""formula"": ""100 * gold_PLN / total_reserves_PLN"", ""goldValueMillions"": 40492.0, ""totalValueMillions"": 448683.0}"
poland-gold,poland-gold--tonnes,Polska · Rezerwy złota,Poland,Gold reserves,2019-07-31,2019-07,month,2019-07-01,228.6416579568,tony,monthly,derived,https://api.db.nomics.world/v22/series/IMF/IRFCL/M.PL.RAFAGOLDV_OZT.S1X?observations=1,2026-10-01T15:12:12.903556+00:00,"{""sourceValue"": 7.351, ""sourceUnit"": ""million fine troy ounces""}"
poland-gold,poland-gold--gold-eur,Polska · Wartość złota w EUR,Poland,Gold value in EUR,2019-08-31,2019-08,month,2019-08-01,10.173240208162149,mld EUR,monthly,derived,https://data-api.ecb.europa.eu/service/data/RAS/M.N.PL.W1.S121.S1.LE.A.FA.R.._Z....N.ALL?format=csvdata,2026-10-01T15:07:49.183268+00:00,"{""seriesKey"": ""RAS.M.N.PL.W1.S121.S1.LE.A.FA.R.F11._Z.EUR.XAU.M.N.ALL"", ""sourceValue"": ""10173.240208162148"", ""observationStatus"": ""A""}"
poland-gold,poland-gold--gold-pln,Polska · Wartość złota w PLN,Poland,Gold value in PLN,2019-08-31,2019-08,month,2019-08-01,44.571,mld PLN,monthly,derived,https://data-api.ecb.europa.eu/service/data/RAS/M.N.PL.W1.S121.S1.LE.A.FA.R.._Z....N.ALL?format=csvdata,2026-10-01T15:07:49.183268+00:00,"{""seriesKey"": ""RAS.M.N.PL.W1.S121.S1.LE.A.FA.R.F11._Z.PLN.XAU.M.N.ALL"", ""sourceValue"": ""44571"", ""observationStatus"": ""A""}"
poland-gold,poland-gold--monthly-change,Polska · Zmiana rezerw złota m/m,Poland,Monthly change in gold reserves,2019-08-31,2019-08,month,2019-08-01,0.0,tony / miesiąc,monthly,derived,https://api.db.nomics.world/v22/series/IMF/IRFCL/M.PL.RAFAGOLDV_OZT.S1X?observations=1,2026-10-01T15:12:12.903556+00:00,"{""additionalSourceIds"": [""gold-imf-volume""], ""formula"": ""tonnes(t) - tonnes(t-1)"", ""missingReason"": null}"
poland-gold,poland-gold--reserves-pln,Polska · Oficjalne aktywa rezerwowe,Poland,Official reserve assets,2019-08-31,2019-08,month,2019-08-01,463.136,mld PLN,monthly,derived,https://data-api.ecb.europa.eu/service/data/RAS/M.N.PL.W1.S121.S1.LE.A.FA.R.._Z....N.ALL?format=csvdata,2026-10-01T15:07:49.183268+00:00,"{""seriesKey"": ""RAS.M.N.PL.W1.S121.S1.LE.A.FA.R.F._Z.PLN.X1._X.N.ALL"", ""sourceValue"": ""463136"", ""observationStatus"": ""A""}"
poland-gold,poland-gold--share,Polska · Udział złota w rezerwach,Poland,Gold share of reserves,2019-08-31,2019-08,month,2019-08-01,9.623739031299662,% rezerw,monthly,derived,https://data-api.ecb.europa.eu/service/data/RAS/M.N.PL.W1.S121.S1.LE.A.FA.R.._Z....N.ALL?format=csvdata,2026-10-01T15:07:49.183268+00:00,"{""formula"": ""100 * gold_PLN / total_reserves_PLN"", ""goldValueMillions"": 44571.0, ""totalValueMillions"": 463136.0}"
poland-gold,poland-gold--tonnes,Polska · Rezerwy złota,Poland,Gold reserves,2019-08-31,2019-08,month,2019-08-01,228.6416579568,tony,monthly,derived,https://api.db.nomics.world/v22/series/IMF/IRFCL/M.PL.RAFAGOLDV_OZT.S1X?observations=1,2026-10-01T15:12:12.903556+00:00,"{""sourceValue"": 7.351, ""sourceUnit"": ""million fine troy ounces""}"
poland-gold,poland-gold--gold-eur,Polska · Wartość złota w EUR,Poland,Gold value in EUR,2019-09-30,2019-09,month,2019-09-01,9.991092229683431,mld EUR,monthly,derived,https://data-api.ecb.europa.eu/service/data/RAS/M.N.PL.W1.S121.S1.LE.A.FA.R.._Z....N.ALL?format=csvdata,2026-10-01T15:07:49.183268+00:00,"{""seriesKey"": ""RAS.M.N.PL.W1.S121.S1.LE.A.FA.R.F11._Z.EUR.XAU.M.N.ALL"", ""sourceValue"": ""9991.092229683432"", ""observationStatus"": ""A""}"
poland-gold,poland-gold--gold-pln,Polska · Wartość złota w PLN,Poland,Gold value in PLN,2019-09-30,2019-09,month,2019-09-01,43.743,mld PLN,monthly,derived,https://data-api.ecb.europa.eu/service/data/RAS/M.N.PL.W1.S121.S1.LE.A.FA.R.._Z....N.ALL?format=csvdata,2026-10-01T15:07:49.183268+00:00,"{""seriesKey"": ""RAS.M.N.PL.W1.S121.S1.LE.A.FA.R.F11._Z.PLN.XAU.M.N.ALL"", ""sourceValue"": ""43743"", ""observationStatus"": ""A""}"
poland-gold,poland-gold--monthly-change,Polska · Zmiana rezerw złota m/m,Poland,Monthly change in gold reserves,2019-09-30,2019-09,month,2019-09-01,0.0,tony / miesiąc,monthly,derived,https://api.db.nomics.world/v22/series/IMF/IRFCL/M.PL.RAFAGOLDV_OZT.S1X?observations=1,2026-10-01T15:12:12.903556+00:00,"{""additionalSourceIds"": [""gold-imf-volume""], ""formula"": ""tonnes(t) - tonnes(t-1)"", ""missingReason"": null}"
poland-gold,poland-gold--reserves-pln,Polska · Oficjalne aktywa rezerwowe,Poland,Official reserve assets,2019-09-30,2019-09,month,2019-09-01,483.488,mld PLN,monthly,derived,https://data-api.ecb.europa.eu/service/data/RAS/M.N.PL.W1.S121.S1.LE.A.FA.R.._Z....N.ALL?format=csvdata,2026-10-01T15:07:49.183268+00:00,"{""seriesKey"": ""RAS.M.N.PL.W1.S121.S1.LE.A.FA.R.F._Z.PLN.X1._X.N.ALL"", ""sourceValue"": ""483488"", ""observationStatus"": ""A""}"
poland-gold,poland-gold--share,Polska · Udział złota w rezerwach,Poland,Gold share of reserves,2019-09-30,2019-09,month,2019-09-01,9.047380700244886,% rezerw,monthly,derived,https://data-api.ecb.europa.eu/service/data/RAS/M.N.PL.W1.S121.S1.LE.A.FA.R.._Z....N.ALL?format=csvdata,2026-10-01T15:07:49.183268+00:00,"{""formula"": ""100 * gold_PLN / total_reserves_PLN"", ""goldValueMillions"": 43743.0, ""totalValueMillions"": 483488.0}"
poland-gold,poland-gold--tonnes,Polska · Rezerwy złota,Poland,Gold reserves,2019-09-30,2019-09,month,2019-09-01,228.6416579568,tony,monthly,derived,https://api.db.nomics.world/v22/series/IMF/IRFCL/M.PL.RAFAGOLDV_OZT.S1X?observations=1,2026-10-01T15:12:12.903556+00:00,"{""sourceValue"": 7.351, ""sourceUnit"": ""million fine troy ounces""}"
poland-gold,poland-gold--gold-eur,Polska · Wartość złota w EUR,Poland,Gold value in EUR,2019-10-31,2019-10,month,2019-10-01,9.927902115967216,mld EUR,monthly,derived,https://data-api.ecb.europa.eu/service/data/RAS/M.N.PL.W1.S121.S1.LE.A.FA.R.._Z....N.ALL?format=csvdata,2026-10-01T15:07:49.183268+00:00,"{""seriesKey"": ""RAS.M.N.PL.W1.S121.S1.LE.A.FA.R.F11._Z.EUR.XAU.M.N.ALL"", ""sourceValue"": ""9927.902115967216"", ""observationStatus"": ""A""}"
poland-gold,poland-gold--gold-pln,Polska · Wartość złota w PLN,Poland,Gold value in PLN,2019-10-31,2019-10,month,2019-10-01,42.274,mld PLN,monthly,derived,https://data-api.ecb.europa.eu/service/data/RAS/M.N.PL.W1.S121.S1.LE.A.FA.R.._Z....N.ALL?format=csvdata,2026-10-01T15:07:49.183268+00:00,"{""seriesKey"": ""RAS.M.N.PL.W1.S121.S1.LE.A.FA.R.F11._Z.PLN.XAU.M.N.ALL"", ""sourceValue"": ""42274"", ""observationStatus"": ""A""}"
poland-gold,poland-gold--monthly-change,Polska · Zmiana rezerw złota m/m,Poland,Monthly change in gold reserves,2019-10-31,2019-10,month,2019-10-01,0.0,tony / miesiąc,monthly,derived,https://api.db.nomics.world/v22/series/IMF/IRFCL/M.PL.RAFAGOLDV_OZT.S1X?observations=1,2026-10-01T15:12:12.903556+00:00,"{""additionalSourceIds"": [""gold-imf-volume""], ""formula"": ""tonnes(t) - tonnes(t-1)"", ""missingReason"": null}"
poland-gold,poland-gold--reserves-pln,Polska · Oficjalne aktywa rezerwowe,Poland,Official reserve assets,2019-10-31,2019-10,month,2019-10-01,465.344,mld PLN,monthly,derived,https://data-api.ecb.europa.eu/service/data/RAS/M.N.PL.W1.S121.S1.LE.A.FA.R.._Z....N.ALL?format=csvdata,2026-10-01T15:07:49.183268+00:00,"{""seriesKey"": ""RAS.M.N.PL.W1.S121.S1.LE.A.FA.R.F._Z.PLN.X1._X.N.ALL"", ""sourceValue"": ""465344"", ""observationStatus"": ""A""}"
poland-gold,poland-gold--share,Polska · Udział złota w rezerwach,Poland,Gold share of reserves,2019-10-31,2019-10,month,2019-10-01,9.08446224728373,% rezerw,monthly,derived,https://data-api.ecb.europa.eu/service/data/RAS/M.N.PL.W1.S121.S1.LE.A.FA.R.._Z....N.ALL?format=csvdata,2026-10-01T15:07:49.183268+00:00,"{""formula"": ""100 * gold_PLN / total_reserves_PLN"", ""goldValueMillions"": 42274.0, ""totalValueMillions"": 465344.0}"
poland-gold,poland-gold--tonnes,Polska · Rezerwy złota,Poland,Gold reserves,2019-10-31,2019-10,month,2019-10-01,228.6416579568,tony,monthly,derived,https://api.db.nomics.world/v22/series/IMF/IRFCL/M.PL.RAFAGOLDV_OZT.S1X?observations=1,2026-10-01T15:12:12.903556+00:00,"{""sourceValue"": 7.351, ""sourceUnit"": ""million fine troy ounces""}"
poland-gold,poland-gold--gold-eur,Polska · Wartość złota w EUR,Poland,Gold value in EUR,2019-11-30,2019-11,month,2019-11-01,9.739956003241867,mld EUR,monthly,derived,https://data-api.ecb.europa.eu/service/data/RAS/M.N.PL.W1.S121.S1.LE.A.FA.R.._Z....N.ALL?format=csvdata,2026-10-01T15:07:49.183268+00:00,"{""seriesKey"": ""RAS.M.N.PL.W1.S121.S1.LE.A.FA.R.F11._Z.EUR.XAU.M.N.ALL"", ""sourceValue"": ""9739.956003241867"", ""observationStatus"": ""A""}"
poland-gold,poland-gold--gold-pln,Polska · Wartość złota w PLN,Poland,Gold value in PLN,2019-11-30,2019-11,month,2019-11-01,42.062,mld PLN,monthly,derived,https://data-api.ecb.europa.eu/service/data/RAS/M.N.PL.W1.S121.S1.LE.A.FA.R.._Z....N.ALL?format=csvdata,2026-10-01T15:07:49.183268+00:00,"{""seriesKey"": ""RAS.M.N.PL.W1.S121.S1.LE.A.FA.R.F11._Z.PLN.XAU.M.N.ALL"", ""sourceValue"": ""42062"", ""observationStatus"": ""A""}"
poland-gold,poland-gold--monthly-change,Polska · Zmiana rezerw złota m/m,Poland,Monthly change in gold reserves,2019-11-30,2019-11,month,2019-11-01,0.0,tony / miesiąc,monthly,derived,https://api.db.nomics.world/v22/series/IMF/IRFCL/M.PL.RAFAGOLDV_OZT.S1X?observations=1,2026-10-01T15:12:12.903556+00:00,"{""additionalSourceIds"": [""gold-imf-volume""], ""formula"": ""tonnes(t) - tonnes(t-1)"", ""missingReason"": null}"
poland-gold,poland-gold--reserves-pln,Polska · Oficjalne aktywa rezerwowe,Poland,Official reserve assets,2019-11-30,2019-11,month,2019-11-01,470.786,mld PLN,monthly,derived,https://data-api.ecb.europa.eu/service/data/RAS/M.N.PL.W1.S121.S1.LE.A.FA.R.._Z....N.ALL?format=csvdata,2026-10-01T15:07:49.183268+00:00,"{""seriesKey"": ""RAS.M.N.PL.W1.S121.S1.LE.A.FA.R.F._Z.PLN.X1._X.N.ALL"", ""sourceValue"": ""470786"", ""observationStatus"": ""A""}"
poland-gold,poland-gold--share,Polska · Udział złota w rezerwach,Poland,Gold share of reserves,2019-11-30,2019-11,month,2019-11-01,8.934420309864779,% rezerw,monthly,derived,https://data-api.ecb.europa.eu/service/data/RAS/M.N.PL.W1.S121.S1.LE.A.FA.R.._Z....N.ALL?format=csvdata,2026-10-01T15:07:49.183268+00:00,"{""formula"": ""100 * gold_PLN / total_reserves_PLN"", ""goldValueMillions"": 42062.0, ""totalValueMillions"": 470786.0}"
poland-gold,poland-gold--tonnes,Polska · Rezerwy złota,Poland,Gold reserves,2019-11-30,2019-11,month,2019-11-01,228.6416579568,tony,monthly,derived,https://api.db.nomics.world/v22/series/IMF/IRFCL/M.PL.RAFAGOLDV_OZT.S1X?observations=1,2026-10-01T15:12:12.903556+00:00,"{""sourceValue"": 7.351, ""sourceUnit"": ""million fine troy ounces""}"
poland-gold,poland-gold--gold-eur,Polska · Wartość złota w EUR,Poland,Gold value in EUR,2019-12-31,2019-12,month,2019-12-01,9.988489005825972,mld EUR,monthly,derived,https://data-api.ecb.europa.eu/service/data/RAS/M.N.PL.W1.S121.S1.LE.A.FA.R.._Z....N.ALL?format=csvdata,2026-10-01T15:07:49.183268+00:00,"{""seriesKey"": ""RAS.M.N.PL.W1.S121.S1.LE.A.FA.R.F11._Z.EUR.XAU.M.N.ALL"", ""sourceValue"": ""9988.489005825972"", ""observationStatus"": ""A""}"
poland-gold,poland-gold--gold-pln,Polska · Wartość złota w PLN,Poland,Gold value in PLN,2019-12-31,2019-12,month,2019-12-01,42.519,mld PLN,monthly,derived,https://data-api.ecb.europa.eu/service/data/RAS/M.N.PL.W1.S121.S1.LE.A.FA.R.._Z....N.ALL?format=csvdata,2026-10-01T15:07:49.183268+00:00,"{""seriesKey"": ""RAS.M.N.PL.W1.S121.S1.LE.A.FA.R.F11._Z.PLN.XAU.M.N.ALL"", ""sourceValue"": ""42519"", ""observationStatus"": ""A""}"
poland-gold,poland-gold--monthly-change,Polska · Zmiana rezerw złota m/m,Poland,Monthly change in gold reserves,2019-12-31,2019-12,month,2019-12-01,0.0,tony / miesiąc,monthly,derived,https://api.db.nomics.world/v22/series/IMF/IRFCL/M.PL.RAFAGOLDV_OZT.S1X?observations=1,2026-10-01T15:12:12.903556+00:00,"{""additionalSourceIds"": [""gold-imf-volume""], ""formula"": ""tonnes(t) - tonnes(t-1)"", ""missingReason"": null}"
poland-gold,poland-gold--reserves-pln,Polska · Oficjalne aktywa rezerwowe,Poland,Official reserve assets,2019-12-31,2019-12,month,2019-12-01,487.644,mld PLN,monthly,derived,https://data-api.ecb.europa.eu/service/data/RAS/M.N.PL.W1.S121.S1.LE.A.FA.R.._Z....N.ALL?format=csvdata,2026-10-01T15:07:49.183268+00:00,"{""seriesKey"": ""RAS.M.N.PL.W1.S121.S1.LE.A.FA.R.F._Z.PLN.X1._X.N.ALL"", ""sourceValue"": ""487644"", ""observationStatus"": ""A""}"
poland-gold,poland-gold--share,Polska · Udział złota w rezerwach,Poland,Gold share of reserves,2019-12-31,2019-12,month,2019-12-01,8.719270615448975,% rezerw,monthly,derived,https://data-api.ecb.europa.eu/service/data/RAS/M.N.PL.W1.S121.S1.LE.A.FA.R.._Z....N.ALL?format=csvdata,2026-10-01T15:07:49.183268+00:00,"{""formula"": ""100 * gold_PLN / total_reserves_PLN"", ""goldValueMillions"": 42519.0, ""totalValueMillions"": 487644.0}"
poland-gold,poland-gold--tonnes,Polska · Rezerwy złota,Poland,Gold reserves,2019-12-31,2019-12,month,2019-12-01,228.6416579568,tony,monthly,derived,https://api.db.nomics.world/v22/series/IMF/IRFCL/M.PL.RAFAGOLDV_OZT.S1X?observations=1,2026-10-01T15:12:12.903556+00:00,"{""sourceValue"": 7.351, ""sourceUnit"": ""million fine troy ounces""}"
poland-gold,poland-gold--gold-eur,Polska · Wartość złota w EUR,Poland,Gold value in EUR,2020-01-31,2020-01,month,2020-01-01,10.537794415122415,mld EUR,monthly,derived,https://data-api.ecb.europa.eu/service/data/RAS/M.N.PL.W1.S121.S1.LE.A.FA.R.._Z....N.ALL?format=csvdata,2026-10-01T15:07:49.183268+00:00,"{""seriesKey"": ""RAS.M.N.PL.W1.S121.S1.LE.A.FA.R.F11._Z.EUR.XAU.M.N.ALL"", ""sourceValue"": ""10537.794415122415"", ""observationStatus"": ""A""}"
poland-gold,poland-gold--gold-pln,Polska · Wartość złota w PLN,Poland,Gold value in PLN,2020-01-31,2020-01,month,2020-01-01,45.322,mld PLN,monthly,derived,https://data-api.ecb.europa.eu/service/data/RAS/M.N.PL.W1.S121.S1.LE.A.FA.R.._Z....N.ALL?format=csvdata,2026-10-01T15:07:49.183268+00:00,"{""seriesKey"": ""RAS.M.N.PL.W1.S121.S1.LE.A.FA.R.F11._Z.PLN.XAU.M.N.ALL"", ""sourceValue"": ""45322"", ""observationStatus"": ""A""}"
poland-gold,poland-gold--monthly-change,Polska · Zmiana rezerw złota m/m,Poland,Monthly change in gold reserves,2020-01-31,2020-01,month,2020-01-01,0.0,tony / miesiąc,monthly,derived,https://api.db.nomics.world/v22/series/IMF/IRFCL/M.PL.RAFAGOLDV_OZT.S1X?observations=1,2026-10-01T15:12:12.903556+00:00,"{""additionalSourceIds"": [""gold-imf-volume""], ""formula"": ""tonnes(t) - tonnes(t-1)"", ""missingReason"": null}"
poland-gold,poland-gold--reserves-pln,Polska · Oficjalne aktywa rezerwowe,Poland,Official reserve assets,2020-01-31,2020-01,month,2020-01-01,489.27,mld PLN,monthly,derived,https://data-api.ecb.europa.eu/service/data/RAS/M.N.PL.W1.S121.S1.LE.A.FA.R.._Z....N.ALL?format=csvdata,2026-10-01T15:07:49.183268+00:00,"{""seriesKey"": ""RAS.M.N.PL.W1.S121.S1.LE.A.FA.R.F._Z.PLN.X1._X.N.ALL"", ""sourceValue"": ""489270"", ""observationStatus"": ""A""}"
poland-gold,poland-gold--share,Polska · Udział złota w rezerwach,Poland,Gold share of reserves,2020-01-31,2020-01,month,2020-01-01,9.263188014797555,% rezerw,monthly,derived,https://data-api.ecb.europa.eu/service/data/RAS/M.N.PL.W1.S121.S1.LE.A.FA.R.._Z....N.ALL?format=csvdata,2026-10-01T15:07:49.183268+00:00,"{""formula"": ""100 * gold_PLN / total_reserves_PLN"", ""goldValueMillions"": 45322.0, ""totalValueMillions"": 489270.0}"
poland-gold,poland-gold--tonnes,Polska · Rezerwy złota,Poland,Gold reserves,2020-01-31,2020-01,month,2020-01-01,228.6416579568,tony,monthly,derived,https://api.db.nomics.world/v22/series/IMF/IRFCL/M.PL.RAFAGOLDV_OZT.S1X?observations=1,2026-10-01T15:12:12.903556+00:00,"{""sourceValue"": 7.351, ""sourceUnit"": ""million fine troy ounces""}"
poland-gold,poland-gold--gold-eur,Polska · Wartość złota w EUR,Poland,Gold value in EUR,2020-02-29,2020-02,month,2020-02-01,10.849071869437575,mld EUR,monthly,derived,https://data-api.ecb.europa.eu/service/data/RAS/M.N.PL.W1.S121.S1.LE.A.FA.R.._Z....N.ALL?format=csvdata,2026-10-01T15:07:49.183268+00:00,"{""seriesKey"": ""RAS.M.N.PL.W1.S121.S1.LE.A.FA.R.F11._Z.EUR.XAU.M.N.ALL"", ""sourceValue"": ""10849.071869437574"", ""observationStatus"": ""A""}"
poland-gold,poland-gold--gold-pln,Polska · Wartość złota w PLN,Poland,Gold value in PLN,2020-02-29,2020-02,month,2020-02-01,46.932,mld PLN,monthly,derived,https://data-api.ecb.europa.eu/service/data/RAS/M.N.PL.W1.S121.S1.LE.A.FA.R.._Z....N.ALL?format=csvdata,2026-10-01T15:07:49.183268+00:00,"{""seriesKey"": ""RAS.M.N.PL.W1.S121.S1.LE.A.FA.R.F11._Z.PLN.XAU.M.N.ALL"", ""sourceValue"": ""46932"", ""observationStatus"": ""A""}"
poland-gold,poland-gold--monthly-change,Polska · Zmiana rezerw złota m/m,Poland,Monthly change in gold reserves,2020-02-29,2020-02,month,2020-02-01,0.0,tony / miesiąc,monthly,derived,https://api.db.nomics.world/v22/series/IMF/IRFCL/M.PL.RAFAGOLDV_OZT.S1X?observations=1,2026-10-01T15:12:12.903556+00:00,"{""additionalSourceIds"": [""gold-imf-volume""], ""formula"": ""tonnes(t) - tonnes(t-1)"", ""missingReason"": null}"
poland-gold,poland-gold--reserves-pln,Polska · Oficjalne aktywa rezerwowe,Poland,Official reserve assets,2020-02-29,2020-02,month,2020-02-01,503.179,mld PLN,monthly,derived,https://data-api.ecb.europa.eu/service/data/RAS/M.N.PL.W1.S121.S1.LE.A.FA.R.._Z....N.ALL?format=csvdata,2026-10-01T15:07:49.183268+00:00,"{""seriesKey"": ""RAS.M.N.PL.W1.S121.S1.LE.A.FA.R.F._Z.PLN.X1._X.N.ALL"", ""sourceValue"": ""503179"", ""observationStatus"": ""A""}"
poland-gold,poland-gold--share,Polska · Udział złota w rezerwach,Poland,Gold share of reserves,2020-02-29,2020-02,month,2020-02-01,9.327098308951685,% rezerw,monthly,derived,https://data-api.ecb.europa.eu/service/data/RAS/M.N.PL.W1.S121.S1.LE.A.FA.R.._Z....N.ALL?format=csvdata,2026-10-01T15:07:49.183268+00:00,"{""formula"": ""100 * gold_PLN / total_reserves_PLN"", ""goldValueMillions"": 46932.0, ""totalValueMillions"": 503179.0}"
poland-gold,poland-gold--tonnes,Polska · Rezerwy złota,Poland,Gold reserves,2020-02-29,2020-02,month,2020-02-01,228.6416579568,tony,monthly,derived,https://api.db.nomics.world/v22/series/IMF/IRFCL/M.PL.RAFAGOLDV_OZT.S1X?observations=1,2026-10-01T15:12:12.903556+00:00,"{""sourceValue"": 7.351, ""sourceUnit"": ""million fine troy ounces""}"
poland-gold,poland-gold--gold-eur,Polska · Wartość złota w EUR,Poland,Gold value in EUR,2020-03-31,2020-03,month,2020-03-01,10.748912231354106,mld EUR,monthly,derived,https://data-api.ecb.europa.eu/service/data/RAS/M.N.PL.W1.S121.S1.LE.A.FA.R.._Z....N.ALL?format=csvdata,2026-10-01T15:07:49.183268+00:00,"{""seriesKey"": ""RAS.M.N.PL.W1.S121.S1.LE.A.FA.R.F11._Z.EUR.XAU.M.N.ALL"", ""sourceValue"": ""10748.912231354107"", ""observationStatus"": ""A""}"
poland-gold,poland-gold--gold-pln,Polska · Wartość złota w PLN,Poland,Gold value in PLN,2020-03-31,2020-03,month,2020-03-01,48.914,mld PLN,monthly,derived,https://data-api.ecb.europa.eu/service/data/RAS/M.N.PL.W1.S121.S1.LE.A.FA.R.._Z....N.ALL?format=csvdata,2026-10-01T15:07:49.183268+00:00,"{""seriesKey"": ""RAS.M.N.PL.W1.S121.S1.LE.A.FA.R.F11._Z.PLN.XAU.M.N.ALL"", ""sourceValue"": ""48914"", ""observationStatus"": ""A""}"
poland-gold,poland-gold--monthly-change,Polska · Zmiana rezerw złota m/m,Poland,Monthly change in gold reserves,2020-03-31,2020-03,month,2020-03-01,0.0,tony / miesiąc,monthly,derived,https://api.db.nomics.world/v22/series/IMF/IRFCL/M.PL.RAFAGOLDV_OZT.S1X?observations=1,2026-10-01T15:12:12.903556+00:00,"{""additionalSourceIds"": [""gold-imf-volume""], ""formula"": ""tonnes(t) - tonnes(t-1)"", ""missingReason"": null}"
poland-gold,poland-gold--reserves-pln,Polska · Oficjalne aktywa rezerwowe,Poland,Official reserve assets,2020-03-31,2020-03,month,2020-03-01,501.297,mld PLN,monthly,derived,https://data-api.ecb.europa.eu/service/data/RAS/M.N.PL.W1.S121.S1.LE.A.FA.R.._Z....N.ALL?format=csvdata,2026-10-01T15:07:49.183268+00:00,"{""seriesKey"": ""RAS.M.N.PL.W1.S121.S1.LE.A.FA.R.F._Z.PLN.X1._X.N.ALL"", ""sourceValue"": ""501297"", ""observationStatus"": ""A""}"
poland-gold,poland-gold--share,Polska · Udział złota w rezerwach,Poland,Gold share of reserves,2020-03-31,2020-03,month,2020-03-01,9.757489073343747,% rezerw,monthly,derived,https://data-api.ecb.europa.eu/service/data/RAS/M.N.PL.W1.S121.S1.LE.A.FA.R.._Z....N.ALL?format=csvdata,2026-10-01T15:07:49.183268+00:00,"{""formula"": ""100 * gold_PLN / total_reserves_PLN"", ""goldValueMillions"": 48914.0, ""totalValueMillions"": 501297.0}"
poland-gold,poland-gold--tonnes,Polska · Rezerwy złota,Poland,Gold reserves,2020-03-31,2020-03,month,2020-03-01,228.6416579568,tony,monthly,derived,https://api.db.nomics.world/v22/series/IMF/IRFCL/M.PL.RAFAGOLDV_OZT.S1X?observations=1,2026-10-01T15:12:12.903556+00:00,"{""sourceValue"": 7.351, ""sourceUnit"": ""million fine troy ounces""}"
poland-gold,poland-gold--gold-eur,Polska · Wartość złota w EUR,Poland,Gold value in EUR,2020-04-30,2020-04,month,2020-04-01,11.61615493206282,mld EUR,monthly,derived,https://data-api.ecb.europa.eu/service/data/RAS/M.N.PL.W1.S121.S1.LE.A.FA.R.._Z....N.ALL?format=csvdata,2026-10-01T15:07:49.183268+00:00,"{""seriesKey"": ""RAS.M.N.PL.W1.S121.S1.LE.A.FA.R.F11._Z.EUR.XAU.M.N.ALL"", ""sourceValue"": ""11616.15493206282"", ""observationStatus"": ""A""}"
poland-gold,poland-gold--gold-pln,Polska · Wartość złota w PLN,Poland,Gold value in PLN,2020-04-30,2020-04,month,2020-04-01,52.663,mld PLN,monthly,derived,https://data-api.ecb.europa.eu/service/data/RAS/M.N.PL.W1.S121.S1.LE.A.FA.R.._Z....N.ALL?format=csvdata,2026-10-01T15:07:49.183268+00:00,"{""seriesKey"": ""RAS.M.N.PL.W1.S121.S1.LE.A.FA.R.F11._Z.PLN.XAU.M.N.ALL"", ""sourceValue"": ""52663"", ""observationStatus"": ""A""}"
poland-gold,poland-gold--monthly-change,Polska · Zmiana rezerw złota m/m,Poland,Monthly change in gold reserves,2020-04-30,2020-04,month,2020-04-01,0.0,tony / miesiąc,monthly,derived,https://api.db.nomics.world/v22/series/IMF/IRFCL/M.PL.RAFAGOLDV_OZT.S1X?observations=1,2026-10-01T15:12:12.903556+00:00,"{""additionalSourceIds"": [""gold-imf-volume""], ""formula"": ""tonnes(t) - tonnes(t-1)"", ""missingReason"": null}"
poland-gold,poland-gold--reserves-pln,Polska · Oficjalne aktywa rezerwowe,Poland,Official reserve assets,2020-04-30,2020-04,month,2020-04-01,493.503,mld PLN,monthly,derived,https://data-api.ecb.europa.eu/service/data/RAS/M.N.PL.W1.S121.S1.LE.A.FA.R.._Z....N.ALL?format=csvdata,2026-10-01T15:07:49.183268+00:00,"{""seriesKey"": ""RAS.M.N.PL.W1.S121.S1.LE.A.FA.R.F._Z.PLN.X1._X.N.ALL"", ""sourceValue"": ""493503"", ""observationStatus"": ""A""}"
poland-gold,poland-gold--share,Polska · Udział złota w rezerwach,Poland,Gold share of reserves,2020-04-30,2020-04,month,2020-04-01,10.67126238341003,% rezerw,monthly,derived,https://data-api.ecb.europa.eu/service/data/RAS/M.N.PL.W1.S121.S1.LE.A.FA.R.._Z....N.ALL?format=csvdata,2026-10-01T15:07:49.183268+00:00,"{""formula"": ""100 * gold_PLN / total_reserves_PLN"", ""goldValueMillions"": 52663.0, ""totalValueMillions"": 493503.0}"
poland-gold,poland-gold--tonnes,Polska · Rezerwy złota,Poland,Gold reserves,2020-04-30,2020-04,month,2020-04-01,228.6416579568,tony,monthly,derived,https://api.db.nomics.world/v22/series/IMF/IRFCL/M.PL.RAFAGOLDV_OZT.S1X?observations=1,2026-10-01T15:12:12.903556+00:00,"{""sourceValue"": 7.351, ""sourceUnit"": ""million fine troy ounces""}"
poland-gold,poland-gold--gold-eur,Polska · Wartość złota w EUR,Poland,Gold value in EUR,2020-05-31,2020-05,month,2020-05-01,11.4131924935386,mld EUR,monthly,derived,https://data-api.ecb.europa.eu/service/data/RAS/M.N.PL.W1.S121.S1.LE.A.FA.R.._Z....N.ALL?format=csvdata,2026-10-01T15:07:49.183268+00:00,"{""seriesKey"": ""RAS.M.N.PL.W1.S121.S1.LE.A.FA.R.F11._Z.EUR.XAU.M.N.ALL"", ""sourceValue"": ""11413.192493538601"", ""observationStatus"": ""A""}"
poland-gold,poland-gold--gold-pln,Polska · Wartość złota w PLN,Poland,Gold value in PLN,2020-05-31,2020-05,month,2020-05-01,50.783,mld PLN,monthly,derived,https://data-api.ecb.europa.eu/service/data/RAS/M.N.PL.W1.S121.S1.LE.A.FA.R.._Z....N.ALL?format=csvdata,2026-10-01T15:07:49.183268+00:00,"{""seriesKey"": ""RAS.M.N.PL.W1.S121.S1.LE.A.FA.R.F11._Z.PLN.XAU.M.N.ALL"", ""sourceValue"": ""50783"", ""observationStatus"": ""A""}"
poland-gold,poland-gold--monthly-change,Polska · Zmiana rezerw złota m/m,Poland,Monthly change in gold reserves,2020-05-31,2020-05,month,2020-05-01,0.0,tony / miesiąc,monthly,derived,https://api.db.nomics.world/v22/series/IMF/IRFCL/M.PL.RAFAGOLDV_OZT.S1X?observations=1,2026-10-01T15:12:12.903556+00:00,"{""additionalSourceIds"": [""gold-imf-volume""], ""formula"": ""tonnes(t) - tonnes(t-1)"", ""missingReason"": null}"
poland-gold,poland-gold--reserves-pln,Polska · Oficjalne aktywa rezerwowe,Poland,Official reserve assets,2020-05-31,2020-05,month,2020-05-01,531.562,mld PLN,monthly,derived,https://data-api.ecb.europa.eu/service/data/RAS/M.N.PL.W1.S121.S1.LE.A.FA.R.._Z....N.ALL?format=csvdata,2026-10-01T15:07:49.183268+00:00,"{""seriesKey"": ""RAS.M.N.PL.W1.S121.S1.LE.A.FA.R.F._Z.PLN.X1._X.N.ALL"", ""sourceValue"": ""531562"", ""observationStatus"": ""A""}"
poland-gold,poland-gold--share,Polska · Udział złota w rezerwach,Poland,Gold share of reserves,2020-05-31,2020-05,month,2020-05-01,9.553542202038521,% rezerw,monthly,derived,https://data-api.ecb.europa.eu/service/data/RAS/M.N.PL.W1.S121.S1.LE.A.FA.R.._Z....N.ALL?format=csvdata,2026-10-01T15:07:49.183268+00:00,"{""formula"": ""100 * gold_PLN / total_reserves_PLN"", ""goldValueMillions"": 50783.0, ""totalValueMillions"": 531562.0}"
poland-gold,poland-gold--tonnes,Polska · Rezerwy złota,Poland,Gold reserves,2020-05-31,2020-05,month,2020-05-01,228.6416579568,tony,monthly,derived,https://api.db.nomics.world/v22/series/IMF/IRFCL/M.PL.RAFAGOLDV_OZT.S1X?observations=1,2026-10-01T15:12:12.903556+00:00,"{""sourceValue"": 7.351, ""sourceUnit"": ""million fine troy ounces""}"
poland-gold,poland-gold--gold-eur,Polska · Wartość złota w EUR,Poland,Gold value in EUR,2020-06-30,2020-06,month,2020-06-01,11.628366247755833,mld EUR,monthly,derived,https://data-api.ecb.europa.eu/service/data/RAS/M.N.PL.W1.S121.S1.LE.A.FA.R.._Z....N.ALL?format=csvdata,2026-10-01T15:07:49.183268+00:00,"{""seriesKey"": ""RAS.M.N.PL.W1.S121.S1.LE.A.FA.R.F11._Z.EUR.XAU.M.N.ALL"", ""sourceValue"": ""11628.366247755834"", ""observationStatus"": ""A""}"
poland-gold,poland-gold--gold-pln,Polska · Wartość złota w PLN,Poland,Gold value in PLN,2020-06-30,2020-06,month,2020-06-01,51.816,mld PLN,monthly,derived,https://data-api.ecb.europa.eu/service/data/RAS/M.N.PL.W1.S121.S1.LE.A.FA.R.._Z....N.ALL?format=csvdata,2026-10-01T15:07:49.183268+00:00,"{""seriesKey"": ""RAS.M.N.PL.W1.S121.S1.LE.A.FA.R.F11._Z.PLN.XAU.M.N.ALL"", ""sourceValue"": ""51816"", ""observationStatus"": ""A""}"
poland-gold,poland-gold--monthly-change,Polska · Zmiana rezerw złota m/m,Poland,Monthly change in gold reserves,2020-06-30,2020-06,month,2020-06-01,0.0,tony / miesiąc,monthly,derived,https://api.db.nomics.world/v22/series/IMF/IRFCL/M.PL.RAFAGOLDV_OZT.S1X?observations=1,2026-10-01T15:12:12.903556+00:00,"{""additionalSourceIds"": [""gold-imf-volume""], ""formula"": ""tonnes(t) - tonnes(t-1)"", ""missingReason"": null}"
poland-gold,poland-gold--reserves-pln,Polska · Oficjalne aktywa rezerwowe,Poland,Official reserve assets,2020-06-30,2020-06,month,2020-06-01,513.847,mld PLN,monthly,derived,https://data-api.ecb.europa.eu/service/data/RAS/M.N.PL.W1.S121.S1.LE.A.FA.R.._Z....N.ALL?format=csvdata,2026-10-01T15:07:49.183268+00:00,"{""seriesKey"": ""RAS.M.N.PL.W1.S121.S1.LE.A.FA.R.F._Z.PLN.X1._X.N.ALL"", ""sourceValue"": ""513847"", ""observationStatus"": ""A""}"
poland-gold,poland-gold--share,Polska · Udział złota w rezerwach,Poland,Gold share of reserves,2020-06-30,2020-06,month,2020-06-01,10.08393549052539,% rezerw,monthly,derived,https://data-api.ecb.europa.eu/service/data/RAS/M.N.PL.W1.S121.S1.LE.A.FA.R.._Z....N.ALL?format=csvdata,2026-10-01T15:07:49.183268+00:00,"{""formula"": ""100 * gold_PLN / total_reserves_PLN"", ""goldValueMillions"": 51816.0, ""totalValueMillions"": 513847.0}"
poland-gold,poland-gold--tonnes,Polska · Rezerwy złota,Poland,Gold reserves,2020-06-30,2020-06,month,2020-06-01,228.6416579568,tony,monthly,derived,https://api.db.nomics.world/v22/series/IMF/IRFCL/M.PL.RAFAGOLDV_OZT.S1X?observations=1,2026-10-01T15:12:12.903556+00:00,"{""sourceValue"": 7.351, ""sourceUnit"": ""million fine troy ounces""}"
poland-gold,poland-gold--gold-eur,Polska · Wartość złota w EUR,Poland,Gold value in EUR,2020-07-31,2020-07,month,2020-07-01,12.252577553708496,mld EUR,monthly,derived,https://data-api.ecb.europa.eu/service/data/RAS/M.N.PL.W1.S121.S1.LE.A.FA.R.._Z....N.ALL?format=csvdata,2026-10-01T15:07:49.183268+00:00,"{""seriesKey"": ""RAS.M.N.PL.W1.S121.S1.LE.A.FA.R.F11._Z.EUR.XAU.M.N.ALL"", ""sourceValue"": ""12252.577553708497"", ""observationStatus"": ""A""}"
poland-gold,poland-gold--gold-pln,Polska · Wartość złota w PLN,Poland,Gold value in PLN,2020-07-31,2020-07,month,2020-07-01,53.953,mld PLN,monthly,derived,https://data-api.ecb.europa.eu/service/data/RAS/M.N.PL.W1.S121.S1.LE.A.FA.R.._Z....N.ALL?format=csvdata,2026-10-01T15:07:49.183268+00:00,"{""seriesKey"": ""RAS.M.N.PL.W1.S121.S1.LE.A.FA.R.F11._Z.PLN.XAU.M.N.ALL"", ""sourceValue"": ""53953"", ""observationStatus"": ""A""}"
poland-gold,poland-gold--monthly-change,Polska · Zmiana rezerw złota m/m,Poland,Monthly change in gold reserves,2020-07-31,2020-07,month,2020-07-01,0.0,tony / miesiąc,monthly,derived,https://api.db.nomics.world/v22/series/IMF/IRFCL/M.PL.RAFAGOLDV_OZT.S1X?observations=1,2026-10-01T15:12:12.903556+00:00,"{""additionalSourceIds"": [""gold-imf-volume""], ""formula"": ""tonnes(t) - tonnes(t-1)"", ""missingReason"": null}"
poland-gold,poland-gold--reserves-pln,Polska · Oficjalne aktywa rezerwowe,Poland,Official reserve assets,2020-07-31,2020-07,month,2020-07-01,511.679,mld PLN,monthly,derived,https://data-api.ecb.europa.eu/service/data/RAS/M.N.PL.W1.S121.S1.LE.A.FA.R.._Z....N.ALL?format=csvdata,2026-10-01T15:07:49.183268+00:00,"{""seriesKey"": ""RAS.M.N.PL.W1.S121.S1.LE.A.FA.R.F._Z.PLN.X1._X.N.ALL"", ""sourceValue"": ""511679"", ""observationStatus"": ""A""}"
poland-gold,poland-gold--share,Polska · Udział złota w rezerwach,Poland,Gold share of reserves,2020-07-31,2020-07,month,2020-07-01,10.544306098159197,% rezerw,monthly,derived,https://data-api.ecb.europa.eu/service/data/RAS/M.N.PL.W1.S121.S1.LE.A.FA.R.._Z....N.ALL?format=csvdata,2026-10-01T15:07:49.183268+00:00,"{""formula"": ""100 * gold_PLN / total_reserves_PLN"", ""goldValueMillions"": 53953.0, ""totalValueMillions"": 511679.0}"
poland-gold,poland-gold--tonnes,Polska · Rezerwy złota,Poland,Gold reserves,2020-07-31,2020-07,month,2020-07-01,228.6416579568,tony,monthly,derived,https://api.db.nomics.world/v22/series/IMF/IRFCL/M.PL.RAFAGOLDV_OZT.S1X?observations=1,2026-10-01T15:12:12.903556+00:00,"{""sourceValue"": 7.351, ""sourceUnit"": ""million fine troy ounces""}"
poland-gold,poland-gold--gold-eur,Polska · Wartość złota w EUR,Poland,Gold value in EUR,2020-08-31,2020-08,month,2020-08-01,12.083646039435083,mld EUR,monthly,derived,https://data-api.ecb.europa.eu/service/data/RAS/M.N.PL.W1.S121.S1.LE.A.FA.R.._Z....N.ALL?format=csvdata,2026-10-01T15:07:49.183268+00:00,"{""seriesKey"": ""RAS.M.N.PL.W1.S121.S1.LE.A.FA.R.F11._Z.EUR.XAU.M.N.ALL"", ""sourceValue"": ""12083.646039435082"", ""observationStatus"": ""A""}"
poland-gold,poland-gold--gold-pln,Polska · Wartość złota w PLN,Poland,Gold value in PLN,2020-08-31,2020-08,month,2020-08-01,53.133,mld PLN,monthly,derived,https://data-api.ecb.europa.eu/service/data/RAS/M.N.PL.W1.S121.S1.LE.A.FA.R.._Z....N.ALL?format=csvdata,2026-10-01T15:07:49.183268+00:00,"{""seriesKey"": ""RAS.M.N.PL.W1.S121.S1.LE.A.FA.R.F11._Z.PLN.XAU.M.N.ALL"", ""sourceValue"": ""53133"", ""observationStatus"": ""A""}"
poland-gold,poland-gold--monthly-change,Polska · Zmiana rezerw złota m/m,Poland,Monthly change in gold reserves,2020-08-31,2020-08,month,2020-08-01,0.0311034768,tony / miesiąc,monthly,derived,https://api.db.nomics.world/v22/series/IMF/IRFCL/M.PL.RAFAGOLDV_OZT.S1X?observations=1,2026-10-01T15:12:12.903556+00:00,"{""additionalSourceIds"": [""gold-imf-volume""], ""formula"": ""tonnes(t) - tonnes(t-1)"", ""missingReason"": null}"
poland-gold,poland-gold--reserves-pln,Polska · Oficjalne aktywa rezerwowe,Poland,Official reserve assets,2020-08-31,2020-08,month,2020-08-01,513.655,mld PLN,monthly,derived,https://data-api.ecb.europa.eu/service/data/RAS/M.N.PL.W1.S121.S1.LE.A.FA.R.._Z....N.ALL?format=csvdata,2026-10-01T15:07:49.183268+00:00,"{""seriesKey"": ""RAS.M.N.PL.W1.S121.S1.LE.A.FA.R.F._Z.PLN.X1._X.N.ALL"", ""sourceValue"": ""513655"", ""observationStatus"": ""A""}"
poland-gold,poland-gold--share,Polska · Udział złota w rezerwach,Poland,Gold share of reserves,2020-08-31,2020-08,month,2020-08-01,10.344102559110688,% rezerw,monthly,derived,https://data-api.ecb.europa.eu/service/data/RAS/M.N.PL.W1.S121.S1.LE.A.FA.R.._Z....N.ALL?format=csvdata,2026-10-01T15:07:49.183268+00:00,"{""formula"": ""100 * gold_PLN / total_reserves_PLN"", ""goldValueMillions"": 53133.0, ""totalValueMillions"": 513655.0}"
poland-gold,poland-gold--tonnes,Polska · Rezerwy złota,Poland,Gold reserves,2020-08-31,2020-08,month,2020-08-01,228.6727614336,tony,monthly,derived,https://api.db.nomics.world/v22/series/IMF/IRFCL/M.PL.RAFAGOLDV_OZT.S1X?observations=1,2026-10-01T15:12:12.903556+00:00,"{""sourceValue"": 7.352, ""sourceUnit"": ""million fine troy ounces""}"
poland-gold,poland-gold--gold-eur,Polska · Wartość złota w EUR,Poland,Gold value in EUR,2020-09-30,2020-09,month,2020-09-01,11.7737891,mld EUR,monthly,derived,https://data-api.ecb.europa.eu/service/data/RAS/M.N.PL.W1.S121.S1.LE.A.FA.R.._Z....N.ALL?format=csvdata,2026-10-01T15:07:49.183268+00:00,"{""seriesKey"": ""RAS.M.N.PL.W1.S121.S1.LE.A.FA.R.F11._Z.EUR.XAU.M.N.ALL"", ""sourceValue"": ""11773.7891"", ""observationStatus"": ""A""}"
poland-gold,poland-gold--gold-pln,Polska · Wartość złota w PLN,Poland,Gold value in PLN,2020-09-30,2020-09,month,2020-09-01,53.526,mld PLN,monthly,derived,https://data-api.ecb.europa.eu/service/data/RAS/M.N.PL.W1.S121.S1.LE.A.FA.R.._Z....N.ALL?format=csvdata,2026-10-01T15:07:49.183268+00:00,"{""seriesKey"": ""RAS.M.N.PL.W1.S121.S1.LE.A.FA.R.F11._Z.PLN.XAU.M.N.ALL"", ""sourceValue"": ""53526"", ""observationStatus"": ""A""}"
poland-gold,poland-gold--monthly-change,Polska · Zmiana rezerw złota m/m,Poland,Monthly change in gold reserves,2020-09-30,2020-09,month,2020-09-01,0.0,tony / miesiąc,monthly,derived,https://api.db.nomics.world/v22/series/IMF/IRFCL/M.PL.RAFAGOLDV_OZT.S1X?observations=1,2026-10-01T15:12:12.903556+00:00,"{""additionalSourceIds"": [""gold-imf-volume""], ""formula"": ""tonnes(t) - tonnes(t-1)"", ""missingReason"": null}"
poland-gold,poland-gold--reserves-pln,Polska · Oficjalne aktywa rezerwowe,Poland,Official reserve assets,2020-09-30,2020-09,month,2020-09-01,539.264,mld PLN,monthly,derived,https://data-api.ecb.europa.eu/service/data/RAS/M.N.PL.W1.S121.S1.LE.A.FA.R.._Z....N.ALL?format=csvdata,2026-10-01T15:07:49.183268+00:00,"{""seriesKey"": ""RAS.M.N.PL.W1.S121.S1.LE.A.FA.R.F._Z.PLN.X1._X.N.ALL"", ""sourceValue"": ""539264"", ""observationStatus"": ""A""}"
poland-gold,poland-gold--share,Polska · Udział złota w rezerwach,Poland,Gold share of reserves,2020-09-30,2020-09,month,2020-09-01,9.925750652741515,% rezerw,monthly,derived,https://data-api.ecb.europa.eu/service/data/RAS/M.N.PL.W1.S121.S1.LE.A.FA.R.._Z....N.ALL?format=csvdata,2026-10-01T15:07:49.183268+00:00,"{""formula"": ""100 * gold_PLN / total_reserves_PLN"", ""goldValueMillions"": 53526.0, ""totalValueMillions"": 539264.0}"
poland-gold,poland-gold--tonnes,Polska · Rezerwy złota,Poland,Gold reserves,2020-09-30,2020-09,month,2020-09-01,228.6727614336,tony,monthly,derived,https://api.db.nomics.world/v22/series/IMF/IRFCL/M.PL.RAFAGOLDV_OZT.S1X?observations=1,2026-10-01T15:12:12.903556+00:00,"{""sourceValue"": 7.352, ""sourceUnit"": ""million fine troy ounces""}"
poland-gold,poland-gold--gold-eur,Polska · Wartość złota w EUR,Poland,Gold value in EUR,2020-10-31,2020-10,month,2020-10-01,11.8034702,mld EUR,monthly,derived,https://data-api.ecb.europa.eu/service/data/RAS/M.N.PL.W1.S121.S1.LE.A.FA.R.._Z....N.ALL?format=csvdata,2026-10-01T15:07:49.183268+00:00,"{""seriesKey"": ""RAS.M.N.PL.W1.S121.S1.LE.A.FA.R.F11._Z.EUR.XAU.M.N.ALL"", ""sourceValue"": ""11803.4702"", ""observationStatus"": ""A""}"
poland-gold,poland-gold--gold-pln,Polska · Wartość złota w PLN,Poland,Gold value in PLN,2020-10-31,2020-10,month,2020-10-01,54.558,mld PLN,monthly,derived,https://data-api.ecb.europa.eu/service/data/RAS/M.N.PL.W1.S121.S1.LE.A.FA.R.._Z....N.ALL?format=csvdata,2026-10-01T15:07:49.183268+00:00,"{""seriesKey"": ""RAS.M.N.PL.W1.S121.S1.LE.A.FA.R.F11._Z.PLN.XAU.M.N.ALL"", ""sourceValue"": ""54558"", ""observationStatus"": ""A""}"
poland-gold,poland-gold--monthly-change,Polska · Zmiana rezerw złota m/m,Poland,Monthly change in gold reserves,2020-10-31,2020-10,month,2020-10-01,0.0,tony / miesiąc,monthly,derived,https://api.db.nomics.world/v22/series/IMF/IRFCL/M.PL.RAFAGOLDV_OZT.S1X?observations=1,2026-10-01T15:12:12.903556+00:00,"{""additionalSourceIds"": [""gold-imf-volume""], ""formula"": ""tonnes(t) - tonnes(t-1)"", ""missingReason"": null}"
poland-gold,poland-gold--reserves-pln,Polska · Oficjalne aktywa rezerwowe,Poland,Official reserve assets,2020-10-31,2020-10,month,2020-10-01,566.212,mld PLN,monthly,derived,https://data-api.ecb.europa.eu/service/data/RAS/M.N.PL.W1.S121.S1.LE.A.FA.R.._Z....N.ALL?format=csvdata,2026-10-01T15:07:49.183268+00:00,"{""seriesKey"": ""RAS.M.N.PL.W1.S121.S1.LE.A.FA.R.F._Z.PLN.X1._X.N.ALL"", ""sourceValue"": ""566212"", ""observationStatus"": ""A""}"
poland-gold,poland-gold--share,Polska · Udział złota w rezerwach,Poland,Gold share of reserves,2020-10-31,2020-10,month,2020-10-01,9.635613515785607,% rezerw,monthly,derived,https://data-api.ecb.europa.eu/service/data/RAS/M.N.PL.W1.S121.S1.LE.A.FA.R.._Z....N.ALL?format=csvdata,2026-10-01T15:07:49.183268+00:00,"{""formula"": ""100 * gold_PLN / total_reserves_PLN"", ""goldValueMillions"": 54558.0, ""totalValueMillions"": 566212.0}"
poland-gold,poland-gold--tonnes,Polska · Rezerwy złota,Poland,Gold reserves,2020-10-31,2020-10,month,2020-10-01,228.6727614336,tony,monthly,derived,https://api.db.nomics.world/v22/series/IMF/IRFCL/M.PL.RAFAGOLDV_OZT.S1X?observations=1,2026-10-01T15:12:12.903556+00:00,"{""sourceValue"": 7.352, ""sourceUnit"": ""million fine troy ounces""}"
poland-gold,poland-gold--gold-eur,Polska · Wartość złota w EUR,Poland,Gold value in EUR,2020-11-30,2020-11,month,2020-11-01,10.8863789,mld EUR,monthly,derived,https://data-api.ecb.europa.eu/service/data/RAS/M.N.PL.W1.S121.S1.LE.A.FA.R.._Z....N.ALL?format=csvdata,2026-10-01T15:07:49.183268+00:00,"{""seriesKey"": ""RAS.M.N.PL.W1.S121.S1.LE.A.FA.R.F11._Z.EUR.XAU.M.N.ALL"", ""sourceValue"": ""10886.3789"", ""observationStatus"": ""A""}"
poland-gold,poland-gold--gold-pln,Polska · Wartość złota w PLN,Poland,Gold value in PLN,2020-11-30,2020-11,month,2020-11-01,48.673,mld PLN,monthly,derived,https://data-api.ecb.europa.eu/service/data/RAS/M.N.PL.W1.S121.S1.LE.A.FA.R.._Z....N.ALL?format=csvdata,2026-10-01T15:07:49.183268+00:00,"{""seriesKey"": ""RAS.M.N.PL.W1.S121.S1.LE.A.FA.R.F11._Z.PLN.XAU.M.N.ALL"", ""sourceValue"": ""48673"", ""observationStatus"": ""A""}"
poland-gold,poland-gold--monthly-change,Polska · Zmiana rezerw złota m/m,Poland,Monthly change in gold reserves,2020-11-30,2020-11,month,2020-11-01,0.0,tony / miesiąc,monthly,derived,https://api.db.nomics.world/v22/series/IMF/IRFCL/M.PL.RAFAGOLDV_OZT.S1X?observations=1,2026-10-01T15:12:12.903556+00:00,"{""additionalSourceIds"": [""gold-imf-volume""], ""formula"": ""tonnes(t) - tonnes(t-1)"", ""missingReason"": null}"
poland-gold,poland-gold--reserves-pln,Polska · Oficjalne aktywa rezerwowe,Poland,Official reserve assets,2020-11-30,2020-11,month,2020-11-01,539.583,mld PLN,monthly,derived,https://data-api.ecb.europa.eu/service/data/RAS/M.N.PL.W1.S121.S1.LE.A.FA.R.._Z....N.ALL?format=csvdata,2026-10-01T15:07:49.183268+00:00,"{""seriesKey"": ""RAS.M.N.PL.W1.S121.S1.LE.A.FA.R.F._Z.PLN.X1._X.N.ALL"", ""sourceValue"": ""539583"", ""observationStatus"": ""A""}"
poland-gold,poland-gold--share,Polska · Udział złota w rezerwach,Poland,Gold share of reserves,2020-11-30,2020-11,month,2020-11-01,9.020484336978742,% rezerw,monthly,derived,https://data-api.ecb.europa.eu/service/data/RAS/M.N.PL.W1.S121.S1.LE.A.FA.R.._Z....N.ALL?format=csvdata,2026-10-01T15:07:49.183268+00:00,"{""formula"": ""100 * gold_PLN / total_reserves_PLN"", ""goldValueMillions"": 48673.0, ""totalValueMillions"": 539583.0}"
poland-gold,poland-gold--tonnes,Polska · Rezerwy złota,Poland,Gold reserves,2020-11-30,2020-11,month,2020-11-01,228.6727614336,tony,monthly,derived,https://api.db.nomics.world/v22/series/IMF/IRFCL/M.PL.RAFAGOLDV_OZT.S1X?observations=1,2026-10-01T15:12:12.903556+00:00,"{""sourceValue"": 7.352, ""sourceUnit"": ""million fine troy ounces""}"
poland-gold,poland-gold--gold-eur,Polska · Wartość złota w EUR,Poland,Gold value in EUR,2020-12-31,2020-12,month,2020-12-01,11.4597452,mld EUR,monthly,derived,https://data-api.ecb.europa.eu/service/data/RAS/M.N.PL.W1.S121.S1.LE.A.FA.R.._Z....N.ALL?format=csvdata,2026-10-01T15:07:49.183268+00:00,"{""seriesKey"": ""RAS.M.N.PL.W1.S121.S1.LE.A.FA.R.F11._Z.EUR.XAU.M.N.ALL"", ""sourceValue"": ""11459.7452"", ""observationStatus"": ""A""}"
poland-gold,poland-gold--gold-pln,Polska · Wartość złota w PLN,Poland,Gold value in PLN,2020-12-31,2020-12,month,2020-12-01,52.253,mld PLN,monthly,derived,https://data-api.ecb.europa.eu/service/data/RAS/M.N.PL.W1.S121.S1.LE.A.FA.R.._Z....N.ALL?format=csvdata,2026-10-01T15:07:49.183268+00:00,"{""seriesKey"": ""RAS.M.N.PL.W1.S121.S1.LE.A.FA.R.F11._Z.PLN.XAU.M.N.ALL"", ""sourceValue"": ""52253"", ""observationStatus"": ""A""}"
poland-gold,poland-gold--monthly-change,Polska · Zmiana rezerw złota m/m,Poland,Monthly change in gold reserves,2020-12-31,2020-12,month,2020-12-01,0.0,tony / miesiąc,monthly,derived,https://api.db.nomics.world/v22/series/IMF/IRFCL/M.PL.RAFAGOLDV_OZT.S1X?observations=1,2026-10-01T15:12:12.903556+00:00,"{""additionalSourceIds"": [""gold-imf-volume""], ""formula"": ""tonnes(t) - tonnes(t-1)"", ""missingReason"": null}"
poland-gold,poland-gold--reserves-pln,Polska · Oficjalne aktywa rezerwowe,Poland,Official reserve assets,2020-12-31,2020-12,month,2020-12-01,579.719,mld PLN,monthly,derived,https://data-api.ecb.europa.eu/service/data/RAS/M.N.PL.W1.S121.S1.LE.A.FA.R.._Z....N.ALL?format=csvdata,2026-10-01T15:07:49.183268+00:00,"{""seriesKey"": ""RAS.M.N.PL.W1.S121.S1.LE.A.FA.R.F._Z.PLN.X1._X.N.ALL"", ""sourceValue"": ""579719"", ""observationStatus"": ""A""}"
poland-gold,poland-gold--share,Polska · Udział złota w rezerwach,Poland,Gold share of reserves,2020-12-31,2020-12,month,2020-12-01,9.013504818713894,% rezerw,monthly,derived,https://data-api.ecb.europa.eu/service/data/RAS/M.N.PL.W1.S121.S1.LE.A.FA.R.._Z....N.ALL?format=csvdata,2026-10-01T15:07:49.183268+00:00,"{""formula"": ""100 * gold_PLN / total_reserves_PLN"", ""goldValueMillions"": 52253.0, ""totalValueMillions"": 579719.0}"
poland-gold,poland-gold--tonnes,Polska · Rezerwy złota,Poland,Gold reserves,2020-12-31,2020-12,month,2020-12-01,228.6727614336,tony,monthly,derived,https://api.db.nomics.world/v22/series/IMF/IRFCL/M.PL.RAFAGOLDV_OZT.S1X?observations=1,2026-10-01T15:12:12.903556+00:00,"{""sourceValue"": 7.352, ""sourceUnit"": ""million fine troy ounces""}"
poland-gold,poland-gold--gold-eur,Polska · Wartość złota w EUR,Poland,Gold value in EUR,2021-01-31,2021-01,month,2021-01-01,11.2623609,mld EUR,monthly,derived,https://data-api.ecb.europa.eu/service/data/RAS/M.N.PL.W1.S121.S1.LE.A.FA.R.._Z....N.ALL?format=csvdata,2026-10-01T15:07:49.183268+00:00,"{""seriesKey"": ""RAS.M.N.PL.W1.S121.S1.LE.A.FA.R.F11._Z.EUR.XAU.M.N.ALL"", ""sourceValue"": ""11262.3609"", ""observationStatus"": ""A""}"
poland-gold,poland-gold--gold-pln,Polska · Wartość złota w PLN,Poland,Gold value in PLN,2021-01-31,2021-01,month,2021-01-01,51.023,mld PLN,monthly,derived,https://data-api.ecb.europa.eu/service/data/RAS/M.N.PL.W1.S121.S1.LE.A.FA.R.._Z....N.ALL?format=csvdata,2026-10-01T15:07:49.183268+00:00,"{""seriesKey"": ""RAS.M.N.PL.W1.S121.S1.LE.A.FA.R.F11._Z.PLN.XAU.M.N.ALL"", ""sourceValue"": ""51023"", ""observationStatus"": ""A""}"
poland-gold,poland-gold--monthly-change,Polska · Zmiana rezerw złota m/m,Poland,Monthly change in gold reserves,2021-01-31,2021-01,month,2021-01-01,0.0,tony / miesiąc,monthly,derived,https://api.db.nomics.world/v22/series/IMF/IRFCL/M.PL.RAFAGOLDV_OZT.S1X?observations=1,2026-10-01T15:12:12.903556+00:00,"{""additionalSourceIds"": [""gold-imf-volume""], ""formula"": ""tonnes(t) - tonnes(t-1)"", ""missingReason"": null}"
poland-gold,poland-gold--reserves-pln,Polska · Oficjalne aktywa rezerwowe,Poland,Official reserve assets,2021-01-31,2021-01,month,2021-01-01,589.24,mld PLN,monthly,derived,https://data-api.ecb.europa.eu/service/data/RAS/M.N.PL.W1.S121.S1.LE.A.FA.R.._Z....N.ALL?format=csvdata,2026-10-01T15:07:49.183268+00:00,"{""seriesKey"": ""RAS.M.N.PL.W1.S121.S1.LE.A.FA.R.F._Z.PLN.X1._X.N.ALL"", ""sourceValue"": ""589240"", ""observationStatus"": ""A""}"
poland-gold,poland-gold--share,Polska · Udział złota w rezerwach,Poland,Gold share of reserves,2021-01-31,2021-01,month,2021-01-01,8.659120222659697,% rezerw,monthly,derived,https://data-api.ecb.europa.eu/service/data/RAS/M.N.PL.W1.S121.S1.LE.A.FA.R.._Z....N.ALL?format=csvdata,2026-10-01T15:07:49.183268+00:00,"{""formula"": ""100 * gold_PLN / total_reserves_PLN"", ""goldValueMillions"": 51023.0, ""totalValueMillions"": 589240.0}"
poland-gold,poland-gold--tonnes,Polska · Rezerwy złota,Poland,Gold reserves,2021-01-31,2021-01,month,2021-01-01,228.6727614336,tony,monthly,derived,https://api.db.nomics.world/v22/series/IMF/IRFCL/M.PL.RAFAGOLDV_OZT.S1X?observations=1,2026-10-01T15:12:12.903556+00:00,"{""sourceValue"": 7.352, ""sourceUnit"": ""million fine troy ounces""}"
poland-gold,poland-gold--gold-eur,Polska · Wartość złota w EUR,Poland,Gold value in EUR,2021-02-28,2021-02,month,2021-02-01,10.696676,mld EUR,monthly,derived,https://data-api.ecb.europa.eu/service/data/RAS/M.N.PL.W1.S121.S1.LE.A.FA.R.._Z....N.ALL?format=csvdata,2026-10-01T15:07:49.183268+00:00,"{""seriesKey"": ""RAS.M.N.PL.W1.S121.S1.LE.A.FA.R.F11._Z.EUR.XAU.M.N.ALL"", ""sourceValue"": ""10696.676"", ""observationStatus"": ""A""}"
poland-gold,poland-gold--gold-pln,Polska · Wartość złota w PLN,Poland,Gold value in PLN,2021-02-28,2021-02,month,2021-02-01,48.334,mld PLN,monthly,derived,https://data-api.ecb.europa.eu/service/data/RAS/M.N.PL.W1.S121.S1.LE.A.FA.R.._Z....N.ALL?format=csvdata,2026-10-01T15:07:49.183268+00:00,"{""seriesKey"": ""RAS.M.N.PL.W1.S121.S1.LE.A.FA.R.F11._Z.PLN.XAU.M.N.ALL"", ""sourceValue"": ""48334"", ""observationStatus"": ""A""}"
poland-gold,poland-gold--monthly-change,Polska · Zmiana rezerw złota m/m,Poland,Monthly change in gold reserves,2021-02-28,2021-02,month,2021-02-01,0.0,tony / miesiąc,monthly,derived,https://api.db.nomics.world/v22/series/IMF/IRFCL/M.PL.RAFAGOLDV_OZT.S1X?observations=1,2026-10-01T15:12:12.903556+00:00,"{""additionalSourceIds"": [""gold-imf-volume""], ""formula"": ""tonnes(t) - tonnes(t-1)"", ""missingReason"": null}"
poland-gold,poland-gold--reserves-pln,Polska · Oficjalne aktywa rezerwowe,Poland,Official reserve assets,2021-02-28,2021-02,month,2021-02-01,608.797,mld PLN,monthly,derived,https://data-api.ecb.europa.eu/service/data/RAS/M.N.PL.W1.S121.S1.LE.A.FA.R.._Z....N.ALL?format=csvdata,2026-10-01T15:07:49.183268+00:00,"{""seriesKey"": ""RAS.M.N.PL.W1.S121.S1.LE.A.FA.R.F._Z.PLN.X1._X.N.ALL"", ""sourceValue"": ""608797"", ""observationStatus"": ""A""}"
poland-gold,poland-gold--share,Polska · Udział złota w rezerwach,Poland,Gold share of reserves,2021-02-28,2021-02,month,2021-02-01,7.939263826858542,% rezerw,monthly,derived,https://data-api.ecb.europa.eu/service/data/RAS/M.N.PL.W1.S121.S1.LE.A.FA.R.._Z....N.ALL?format=csvdata,2026-10-01T15:07:49.183268+00:00,"{""formula"": ""100 * gold_PLN / total_reserves_PLN"", ""goldValueMillions"": 48334.0, ""totalValueMillions"": 608797.0}"
poland-gold,poland-gold--tonnes,Polska · Rezerwy złota,Poland,Gold reserves,2021-02-28,2021-02,month,2021-02-01,228.6727614336,tony,monthly,derived,https://api.db.nomics.world/v22/series/IMF/IRFCL/M.PL.RAFAGOLDV_OZT.S1X?observations=1,2026-10-01T15:12:12.903556+00:00,"{""sourceValue"": 7.352, ""sourceUnit"": ""million fine troy ounces""}"
poland-gold,poland-gold--gold-eur,Polska · Wartość złota w EUR,Poland,Gold value in EUR,2021-03-31,2021-03,month,2021-03-01,10.5702245,mld EUR,monthly,derived,https://data-api.ecb.europa.eu/service/data/RAS/M.N.PL.W1.S121.S1.LE.A.FA.R.._Z....N.ALL?format=csvdata,2026-10-01T15:07:49.183268+00:00,"{""seriesKey"": ""RAS.M.N.PL.W1.S121.S1.LE.A.FA.R.F11._Z.EUR.XAU.M.N.ALL"", ""sourceValue"": ""10570.2245"", ""observationStatus"": ""A""}"
poland-gold,poland-gold--gold-pln,Polska · Wartość złota w PLN,Poland,Gold value in PLN,2021-03-31,2021-03,month,2021-03-01,49.16,mld PLN,monthly,derived,https://data-api.ecb.europa.eu/service/data/RAS/M.N.PL.W1.S121.S1.LE.A.FA.R.._Z....N.ALL?format=csvdata,2026-10-01T15:07:49.183268+00:00,"{""seriesKey"": ""RAS.M.N.PL.W1.S121.S1.LE.A.FA.R.F11._Z.PLN.XAU.M.N.ALL"", ""sourceValue"": ""49160"", ""observationStatus"": ""A""}"
poland-gold,poland-gold--monthly-change,Polska · Zmiana rezerw złota m/m,Poland,Monthly change in gold reserves,2021-03-31,2021-03,month,2021-03-01,0.0,tony / miesiąc,monthly,derived,https://api.db.nomics.world/v22/series/IMF/IRFCL/M.PL.RAFAGOLDV_OZT.S1X?observations=1,2026-10-01T15:12:12.903556+00:00,"{""additionalSourceIds"": [""gold-imf-volume""], ""formula"": ""tonnes(t) - tonnes(t-1)"", ""missingReason"": null}"
poland-gold,poland-gold--reserves-pln,Polska · Oficjalne aktywa rezerwowe,Poland,Official reserve assets,2021-03-31,2021-03,month,2021-03-01,628.275,mld PLN,monthly,derived,https://data-api.ecb.europa.eu/service/data/RAS/M.N.PL.W1.S121.S1.LE.A.FA.R.._Z....N.ALL?format=csvdata,2026-10-01T15:07:49.183268+00:00,"{""seriesKey"": ""RAS.M.N.PL.W1.S121.S1.LE.A.FA.R.F._Z.PLN.X1._X.N.ALL"", ""sourceValue"": ""628275"", ""observationStatus"": ""A""}"
poland-gold,poland-gold--share,Polska · Udział złota w rezerwach,Poland,Gold share of reserves,2021-03-31,2021-03,month,2021-03-01,7.824599100712268,% rezerw,monthly,derived,https://data-api.ecb.europa.eu/service/data/RAS/M.N.PL.W1.S121.S1.LE.A.FA.R.._Z....N.ALL?format=csvdata,2026-10-01T15:07:49.183268+00:00,"{""formula"": ""100 * gold_PLN / total_reserves_PLN"", ""goldValueMillions"": 49160.0, ""totalValueMillions"": 628275.0}"
poland-gold,poland-gold--tonnes,Polska · Rezerwy złota,Poland,Gold reserves,2021-03-31,2021-03,month,2021-03-01,228.6727614336,tony,monthly,derived,https://api.db.nomics.world/v22/series/IMF/IRFCL/M.PL.RAFAGOLDV_OZT.S1X?observations=1,2026-10-01T15:12:12.903556+00:00,"{""sourceValue"": 7.352, ""sourceUnit"": ""million fine troy ounces""}"
poland-gold,poland-gold--gold-eur,Polska · Wartość złota w EUR,Poland,Gold value in EUR,2021-04-30,2021-04,month,2021-04-01,10.7557796,mld EUR,monthly,derived,https://data-api.ecb.europa.eu/service/data/RAS/M.N.PL.W1.S121.S1.LE.A.FA.R.._Z....N.ALL?format=csvdata,2026-10-01T15:07:49.183268+00:00,"{""seriesKey"": ""RAS.M.N.PL.W1.S121.S1.LE.A.FA.R.F11._Z.EUR.XAU.M.N.ALL"", ""sourceValue"": ""10755.7796"", ""observationStatus"": ""A""}"
poland-gold,poland-gold--gold-pln,Polska · Wartość złota w PLN,Poland,Gold value in PLN,2021-04-30,2021-04,month,2021-04-01,49.084,mld PLN,monthly,derived,https://data-api.ecb.europa.eu/service/data/RAS/M.N.PL.W1.S121.S1.LE.A.FA.R.._Z....N.ALL?format=csvdata,2026-10-01T15:07:49.183268+00:00,"{""seriesKey"": ""RAS.M.N.PL.W1.S121.S1.LE.A.FA.R.F11._Z.PLN.XAU.M.N.ALL"", ""sourceValue"": ""49084"", ""observationStatus"": ""A""}"
poland-gold,poland-gold--monthly-change,Polska · Zmiana rezerw złota m/m,Poland,Monthly change in gold reserves,2021-04-30,2021-04,month,2021-04-01,0.0,tony / miesiąc,monthly,derived,https://api.db.nomics.world/v22/series/IMF/IRFCL/M.PL.RAFAGOLDV_OZT.S1X?observations=1,2026-10-01T15:12:12.903556+00:00,"{""additionalSourceIds"": [""gold-imf-volume""], ""formula"": ""tonnes(t) - tonnes(t-1)"", ""missingReason"": null}"
poland-gold,poland-gold--reserves-pln,Polska · Oficjalne aktywa rezerwowe,Poland,Official reserve assets,2021-04-30,2021-04,month,2021-04-01,587.581,mld PLN,monthly,derived,https://data-api.ecb.europa.eu/service/data/RAS/M.N.PL.W1.S121.S1.LE.A.FA.R.._Z....N.ALL?format=csvdata,2026-10-01T15:07:49.183268+00:00,"{""seriesKey"": ""RAS.M.N.PL.W1.S121.S1.LE.A.FA.R.F._Z.PLN.X1._X.N.ALL"", ""sourceValue"": ""587581"", ""observationStatus"": ""A""}"
poland-gold,poland-gold--share,Polska · Udział złota w rezerwach,Poland,Gold share of reserves,2021-04-30,2021-04,month,2021-04-01,8.353571677777191,% rezerw,monthly,derived,https://data-api.ecb.europa.eu/service/data/RAS/M.N.PL.W1.S121.S1.LE.A.FA.R.._Z....N.ALL?format=csvdata,2026-10-01T15:07:49.183268+00:00,"{""formula"": ""100 * gold_PLN / total_reserves_PLN"", ""goldValueMillions"": 49084.0, ""totalValueMillions"": 587581.0}"
poland-gold,poland-gold--tonnes,Polska · Rezerwy złota,Poland,Gold reserves,2021-04-30,2021-04,month,2021-04-01,228.6727614336,tony,monthly,derived,https://api.db.nomics.world/v22/series/IMF/IRFCL/M.PL.RAFAGOLDV_OZT.S1X?observations=1,2026-10-01T15:12:12.903556+00:00,"{""sourceValue"": 7.352, ""sourceUnit"": ""million fine troy ounces""}"
poland-gold,poland-gold--gold-eur,Polska · Wartość złota w EUR,Poland,Gold value in EUR,2021-05-31,2021-05,month,2021-05-01,11.5291154,mld EUR,monthly,derived,https://data-api.ecb.europa.eu/service/data/RAS/M.N.PL.W1.S121.S1.LE.A.FA.R.._Z....N.ALL?format=csvdata,2026-10-01T15:07:49.183268+00:00,"{""seriesKey"": ""RAS.M.N.PL.W1.S121.S1.LE.A.FA.R.F11._Z.EUR.XAU.M.N.ALL"", ""sourceValue"": ""11529.1154"", ""observationStatus"": ""A""}"
poland-gold,poland-gold--gold-pln,Polska · Wartość złota w PLN,Poland,Gold value in PLN,2021-05-31,2021-05,month,2021-05-01,51.715,mld PLN,monthly,derived,https://data-api.ecb.europa.eu/service/data/RAS/M.N.PL.W1.S121.S1.LE.A.FA.R.._Z....N.ALL?format=csvdata,2026-10-01T15:07:49.183268+00:00,"{""seriesKey"": ""RAS.M.N.PL.W1.S121.S1.LE.A.FA.R.F11._Z.PLN.XAU.M.N.ALL"", ""sourceValue"": ""51715"", ""observationStatus"": ""A""}"
poland-gold,poland-gold--monthly-change,Polska · Zmiana rezerw złota m/m,Poland,Monthly change in gold reserves,2021-05-31,2021-05,month,2021-05-01,1.866208608,tony / miesiąc,monthly,derived,https://api.db.nomics.world/v22/series/IMF/IRFCL/M.PL.RAFAGOLDV_OZT.S1X?observations=1,2026-10-01T15:12:12.903556+00:00,"{""additionalSourceIds"": [""gold-imf-volume""], ""formula"": ""tonnes(t) - tonnes(t-1)"", ""missingReason"": null}"
poland-gold,poland-gold--reserves-pln,Polska · Oficjalne aktywa rezerwowe,Poland,Official reserve assets,2021-05-31,2021-05,month,2021-05-01,597.625,mld PLN,monthly,derived,https://data-api.ecb.europa.eu/service/data/RAS/M.N.PL.W1.S121.S1.LE.A.FA.R.._Z....N.ALL?format=csvdata,2026-10-01T15:07:49.183268+00:00,"{""seriesKey"": ""RAS.M.N.PL.W1.S121.S1.LE.A.FA.R.F._Z.PLN.X1._X.N.ALL"", ""sourceValue"": ""597625"", ""observationStatus"": ""A""}"
poland-gold,poland-gold--share,Polska · Udział złota w rezerwach,Poland,Gold share of reserves,2021-05-31,2021-05,month,2021-05-01,8.653419786655512,% rezerw,monthly,derived,https://data-api.ecb.europa.eu/service/data/RAS/M.N.PL.W1.S121.S1.LE.A.FA.R.._Z....N.ALL?format=csvdata,2026-10-01T15:07:49.183268+00:00,"{""formula"": ""100 * gold_PLN / total_reserves_PLN"", ""goldValueMillions"": 51715.0, ""totalValueMillions"": 597625.0}"
poland-gold,poland-gold--tonnes,Polska · Rezerwy złota,Poland,Gold reserves,2021-05-31,2021-05,month,2021-05-01,230.5389700416,tony,monthly,derived,https://api.db.nomics.world/v22/series/IMF/IRFCL/M.PL.RAFAGOLDV_OZT.S1X?observations=1,2026-10-01T15:12:12.903556+00:00,"{""sourceValue"": 7.412, ""sourceUnit"": ""million fine troy ounces""}"
poland-gold,poland-gold--gold-eur,Polska · Wartość złota w EUR,Poland,Gold value in EUR,2021-06-30,2021-06,month,2021-06-01,11.0221013,mld EUR,monthly,derived,https://data-api.ecb.europa.eu/service/data/RAS/M.N.PL.W1.S121.S1.LE.A.FA.R.._Z....N.ALL?format=csvdata,2026-10-01T15:07:49.183268+00:00,"{""seriesKey"": ""RAS.M.N.PL.W1.S121.S1.LE.A.FA.R.F11._Z.EUR.XAU.M.N.ALL"", ""sourceValue"": ""11022.1013"", ""observationStatus"": ""A""}"
poland-gold,poland-gold--gold-pln,Polska · Wartość złota w PLN,Poland,Gold value in PLN,2021-06-30,2021-06,month,2021-06-01,49.821,mld PLN,monthly,derived,https://data-api.ecb.europa.eu/service/data/RAS/M.N.PL.W1.S121.S1.LE.A.FA.R.._Z....N.ALL?format=csvdata,2026-10-01T15:07:49.183268+00:00,"{""seriesKey"": ""RAS.M.N.PL.W1.S121.S1.LE.A.FA.R.F11._Z.PLN.XAU.M.N.ALL"", ""sourceValue"": ""49821"", ""observationStatus"": ""A""}"
poland-gold,poland-gold--monthly-change,Polska · Zmiana rezerw złota m/m,Poland,Monthly change in gold reserves,2021-06-30,2021-06,month,2021-06-01,1.244139072,tony / miesiąc,monthly,derived,https://api.db.nomics.world/v22/series/IMF/IRFCL/M.PL.RAFAGOLDV_OZT.S1X?observations=1,2026-10-01T15:12:12.903556+00:00,"{""additionalSourceIds"": [""gold-imf-volume""], ""formula"": ""tonnes(t) - tonnes(t-1)"", ""missingReason"": null}"
poland-gold,poland-gold--reserves-pln,Polska · Oficjalne aktywa rezerwowe,Poland,Official reserve assets,2021-06-30,2021-06,month,2021-06-01,606.286,mld PLN,monthly,derived,https://data-api.ecb.europa.eu/service/data/RAS/M.N.PL.W1.S121.S1.LE.A.FA.R.._Z....N.ALL?format=csvdata,2026-10-01T15:07:49.183268+00:00,"{""seriesKey"": ""RAS.M.N.PL.W1.S121.S1.LE.A.FA.R.F._Z.PLN.X1._X.N.ALL"", ""sourceValue"": ""606286"", ""observationStatus"": ""A""}"
poland-gold,poland-gold--share,Polska · Udział złota w rezerwach,Poland,Gold share of reserves,2021-06-30,2021-06,month,2021-06-01,8.217408945613126,% rezerw,monthly,derived,https://data-api.ecb.europa.eu/service/data/RAS/M.N.PL.W1.S121.S1.LE.A.FA.R.._Z....N.ALL?format=csvdata,2026-10-01T15:07:49.183268+00:00,"{""formula"": ""100 * gold_PLN / total_reserves_PLN"", ""goldValueMillions"": 49821.0, ""totalValueMillions"": 606286.0}"
poland-gold,poland-gold--tonnes,Polska · Rezerwy złota,Poland,Gold reserves,2021-06-30,2021-06,month,2021-06-01,231.7831091136,tony,monthly,derived,https://api.db.nomics.world/v22/series/IMF/IRFCL/M.PL.RAFAGOLDV_OZT.S1X?observations=1,2026-10-01T15:12:12.903556+00:00,"{""sourceValue"": 7.452, ""sourceUnit"": ""million fine troy ounces""}"
poland-gold,poland-gold--gold-eur,Polska · Wartość złota w EUR,Poland,Gold value in EUR,2021-07-31,2021-07,month,2021-07-01,11.3741345,mld EUR,monthly,derived,https://data-api.ecb.europa.eu/service/data/RAS/M.N.PL.W1.S121.S1.LE.A.FA.R.._Z....N.ALL?format=csvdata,2026-10-01T15:07:49.183268+00:00,"{""seriesKey"": ""RAS.M.N.PL.W1.S121.S1.LE.A.FA.R.F11._Z.EUR.XAU.M.N.ALL"", ""sourceValue"": ""11374.1345"", ""observationStatus"": ""A""}"
poland-gold,poland-gold--gold-pln,Polska · Wartość złota w PLN,Poland,Gold value in PLN,2021-07-31,2021-07,month,2021-07-01,51.907,mld PLN,monthly,derived,https://data-api.ecb.europa.eu/service/data/RAS/M.N.PL.W1.S121.S1.LE.A.FA.R.._Z....N.ALL?format=csvdata,2026-10-01T15:07:49.183268+00:00,"{""seriesKey"": ""RAS.M.N.PL.W1.S121.S1.LE.A.FA.R.F11._Z.PLN.XAU.M.N.ALL"", ""sourceValue"": ""51907"", ""observationStatus"": ""A""}"
poland-gold,poland-gold--monthly-change,Polska · Zmiana rezerw złota m/m,Poland,Monthly change in gold reserves,2021-07-31,2021-07,month,2021-07-01,-1.866208608,tony / miesiąc,monthly,derived,https://api.db.nomics.world/v22/series/IMF/IRFCL/M.PL.RAFAGOLDV_OZT.S1X?observations=1,2026-10-01T15:12:12.903556+00:00,"{""additionalSourceIds"": [""gold-imf-volume""], ""formula"": ""tonnes(t) - tonnes(t-1)"", ""missingReason"": null}"
poland-gold,poland-gold--reserves-pln,Polska · Oficjalne aktywa rezerwowe,Poland,Official reserve assets,2021-07-31,2021-07,month,2021-07-01,626.179,mld PLN,monthly,derived,https://data-api.ecb.europa.eu/service/data/RAS/M.N.PL.W1.S121.S1.LE.A.FA.R.._Z....N.ALL?format=csvdata,2026-10-01T15:07:49.183268+00:00,"{""seriesKey"": ""RAS.M.N.PL.W1.S121.S1.LE.A.FA.R.F._Z.PLN.X1._X.N.ALL"", ""sourceValue"": ""626179"", ""observationStatus"": ""A""}"
poland-gold,poland-gold--share,Polska · Udział złota w rezerwach,Poland,Gold share of reserves,2021-07-31,2021-07,month,2021-07-01,8.289482719797375,% rezerw,monthly,derived,https://data-api.ecb.europa.eu/service/data/RAS/M.N.PL.W1.S121.S1.LE.A.FA.R.._Z....N.ALL?format=csvdata,2026-10-01T15:07:49.183268+00:00,"{""formula"": ""100 * gold_PLN / total_reserves_PLN"", ""goldValueMillions"": 51907.0, ""totalValueMillions"": 626179.0}"
poland-gold,poland-gold--tonnes,Polska · Rezerwy złota,Poland,Gold reserves,2021-07-31,2021-07,month,2021-07-01,229.9169005056,tony,monthly,derived,https://api.db.nomics.world/v22/series/IMF/IRFCL/M.PL.RAFAGOLDV_OZT.S1X?observations=1,2026-10-01T15:12:12.903556+00:00,"{""sourceValue"": 7.392, ""sourceUnit"": ""million fine troy ounces""}"
poland-gold,poland-gold--gold-eur,Polska · Wartość złota w EUR,Poland,Gold value in EUR,2021-08-31,2021-08,month,2021-08-01,11.3804751,mld EUR,monthly,derived,https://data-api.ecb.europa.eu/service/data/RAS/M.N.PL.W1.S121.S1.LE.A.FA.R.._Z....N.ALL?format=csvdata,2026-10-01T15:07:49.183268+00:00,"{""seriesKey"": ""RAS.M.N.PL.W1.S121.S1.LE.A.FA.R.F11._Z.EUR.XAU.M.N.ALL"", ""sourceValue"": ""11380.4751"", ""observationStatus"": ""A""}"
poland-gold,poland-gold--gold-pln,Polska · Wartość złota w PLN,Poland,Gold value in PLN,2021-08-31,2021-08,month,2021-08-01,51.549,mld PLN,monthly,derived,https://data-api.ecb.europa.eu/service/data/RAS/M.N.PL.W1.S121.S1.LE.A.FA.R.._Z....N.ALL?format=csvdata,2026-10-01T15:07:49.183268+00:00,"{""seriesKey"": ""RAS.M.N.PL.W1.S121.S1.LE.A.FA.R.F11._Z.PLN.XAU.M.N.ALL"", ""sourceValue"": ""51549"", ""observationStatus"": ""A""}"
poland-gold,poland-gold--monthly-change,Polska · Zmiana rezerw złota m/m,Poland,Monthly change in gold reserves,2021-08-31,2021-08,month,2021-08-01,0.311034768,tony / miesiąc,monthly,derived,https://api.db.nomics.world/v22/series/IMF/IRFCL/M.PL.RAFAGOLDV_OZT.S1X?observations=1,2026-10-01T15:12:12.903556+00:00,"{""additionalSourceIds"": [""gold-imf-volume""], ""formula"": ""tonnes(t) - tonnes(t-1)"", ""missingReason"": null}"
poland-gold,poland-gold--reserves-pln,Polska · Oficjalne aktywa rezerwowe,Poland,Official reserve assets,2021-08-31,2021-08,month,2021-08-01,650.459,mld PLN,monthly,derived,https://data-api.ecb.europa.eu/service/data/RAS/M.N.PL.W1.S121.S1.LE.A.FA.R.._Z....N.ALL?format=csvdata,2026-10-01T15:07:49.183268+00:00,"{""seriesKey"": ""RAS.M.N.PL.W1.S121.S1.LE.A.FA.R.F._Z.PLN.X1._X.N.ALL"", ""sourceValue"": ""650459"", ""observationStatus"": ""A""}"
poland-gold,poland-gold--share,Polska · Udział złota w rezerwach,Poland,Gold share of reserves,2021-08-31,2021-08,month,2021-08-01,7.925019101895738,% rezerw,monthly,derived,https://data-api.ecb.europa.eu/service/data/RAS/M.N.PL.W1.S121.S1.LE.A.FA.R.._Z....N.ALL?format=csvdata,2026-10-01T15:07:49.183268+00:00,"{""formula"": ""100 * gold_PLN / total_reserves_PLN"", ""goldValueMillions"": 51549.0, ""totalValueMillions"": 650459.0}"
poland-gold,poland-gold--tonnes,Polska · Rezerwy złota,Poland,Gold reserves,2021-08-31,2021-08,month,2021-08-01,230.2279352736,tony,monthly,derived,https://api.db.nomics.world/v22/series/IMF/IRFCL/M.PL.RAFAGOLDV_OZT.S1X?observations=1,2026-10-01T15:12:12.903556+00:00,"{""sourceValue"": 7.402, ""sourceUnit"": ""million fine troy ounces""}"
poland-gold,poland-gold--gold-eur,Polska · Wartość złota w EUR,Poland,Gold value in EUR,2021-09-30,2021-09,month,2021-09-01,11.1474771,mld EUR,monthly,derived,https://data-api.ecb.europa.eu/service/data/RAS/M.N.PL.W1.S121.S1.LE.A.FA.R.._Z....N.ALL?format=csvdata,2026-10-01T15:07:49.183268+00:00,"{""seriesKey"": ""RAS.M.N.PL.W1.S121.S1.LE.A.FA.R.F11._Z.EUR.XAU.M.N.ALL"", ""sourceValue"": ""11147.4771"", ""observationStatus"": ""A""}"
poland-gold,poland-gold--gold-pln,Polska · Wartość złota w PLN,Poland,Gold value in PLN,2021-09-30,2021-09,month,2021-09-01,51.498,mld PLN,monthly,derived,https://data-api.ecb.europa.eu/service/data/RAS/M.N.PL.W1.S121.S1.LE.A.FA.R.._Z....N.ALL?format=csvdata,2026-10-01T15:07:49.183268+00:00,"{""seriesKey"": ""RAS.M.N.PL.W1.S121.S1.LE.A.FA.R.F11._Z.PLN.XAU.M.N.ALL"", ""sourceValue"": ""51498"", ""observationStatus"": ""A""}"
poland-gold,poland-gold--monthly-change,Polska · Zmiana rezerw złota m/m,Poland,Monthly change in gold reserves,2021-09-30,2021-09,month,2021-09-01,1.55517384,tony / miesiąc,monthly,derived,https://api.db.nomics.world/v22/series/IMF/IRFCL/M.PL.RAFAGOLDV_OZT.S1X?observations=1,2026-10-01T15:12:12.903556+00:00,"{""additionalSourceIds"": [""gold-imf-volume""], ""formula"": ""tonnes(t) - tonnes(t-1)"", ""missingReason"": null}"
poland-gold,poland-gold--reserves-pln,Polska · Oficjalne aktywa rezerwowe,Poland,Official reserve assets,2021-09-30,2021-09,month,2021-09-01,666.823,mld PLN,monthly,derived,https://data-api.ecb.europa.eu/service/data/RAS/M.N.PL.W1.S121.S1.LE.A.FA.R.._Z....N.ALL?format=csvdata,2026-10-01T15:07:49.183268+00:00,"{""seriesKey"": ""RAS.M.N.PL.W1.S121.S1.LE.A.FA.R.F._Z.PLN.X1._X.N.ALL"", ""sourceValue"": ""666823"", ""observationStatus"": ""A""}"
poland-gold,poland-gold--share,Polska · Udział złota w rezerwach,Poland,Gold share of reserves,2021-09-30,2021-09,month,2021-09-01,7.722888982533596,% rezerw,monthly,derived,https://data-api.ecb.europa.eu/service/data/RAS/M.N.PL.W1.S121.S1.LE.A.FA.R.._Z....N.ALL?format=csvdata,2026-10-01T15:07:49.183268+00:00,"{""formula"": ""100 * gold_PLN / total_reserves_PLN"", ""goldValueMillions"": 51498.0, ""totalValueMillions"": 666823.0}"
poland-gold,poland-gold--tonnes,Polska · Rezerwy złota,Poland,Gold reserves,2021-09-30,2021-09,month,2021-09-01,231.7831091136,tony,monthly,derived,https://api.db.nomics.world/v22/series/IMF/IRFCL/M.PL.RAFAGOLDV_OZT.S1X?observations=1,2026-10-01T15:12:12.903556+00:00,"{""sourceValue"": 7.452, ""sourceUnit"": ""million fine troy ounces""}"
poland-gold,poland-gold--gold-eur,Polska · Wartość złota w EUR,Poland,Gold value in EUR,2021-10-31,2021-10,month,2021-10-01,11.3493455,mld EUR,monthly,derived,https://data-api.ecb.europa.eu/service/data/RAS/M.N.PL.W1.S121.S1.LE.A.FA.R.._Z....N.ALL?format=csvdata,2026-10-01T15:07:49.183268+00:00,"{""seriesKey"": ""RAS.M.N.PL.W1.S121.S1.LE.A.FA.R.F11._Z.EUR.XAU.M.N.ALL"", ""sourceValue"": ""11349.3455"", ""observationStatus"": ""A""}"
poland-gold,poland-gold--gold-pln,Polska · Wartość złota w PLN,Poland,Gold value in PLN,2021-10-31,2021-10,month,2021-10-01,52.451,mld PLN,monthly,derived,https://data-api.ecb.europa.eu/service/data/RAS/M.N.PL.W1.S121.S1.LE.A.FA.R.._Z....N.ALL?format=csvdata,2026-10-01T15:07:49.183268+00:00,"{""seriesKey"": ""RAS.M.N.PL.W1.S121.S1.LE.A.FA.R.F11._Z.PLN.XAU.M.N.ALL"", ""sourceValue"": ""52451"", ""observationStatus"": ""A""}"
poland-gold,poland-gold--monthly-change,Polska · Zmiana rezerw złota m/m,Poland,Monthly change in gold reserves,2021-10-31,2021-10,month,2021-10-01,-2.799312912,tony / miesiąc,monthly,derived,https://api.db.nomics.world/v22/series/IMF/IRFCL/M.PL.RAFAGOLDV_OZT.S1X?observations=1,2026-10-01T15:12:12.903556+00:00,"{""additionalSourceIds"": [""gold-imf-volume""], ""formula"": ""tonnes(t) - tonnes(t-1)"", ""missingReason"": null}"
poland-gold,poland-gold--reserves-pln,Polska · Oficjalne aktywa rezerwowe,Poland,Official reserve assets,2021-10-31,2021-10,month,2021-10-01,665.71,mld PLN,monthly,derived,https://data-api.ecb.europa.eu/service/data/RAS/M.N.PL.W1.S121.S1.LE.A.FA.R.._Z....N.ALL?format=csvdata,2026-10-01T15:07:49.183268+00:00,"{""seriesKey"": ""RAS.M.N.PL.W1.S121.S1.LE.A.FA.R.F._Z.PLN.X1._X.N.ALL"", ""sourceValue"": ""665710"", ""observationStatus"": ""A""}"
poland-gold,poland-gold--share,Polska · Udział złota w rezerwach,Poland,Gold share of reserves,2021-10-31,2021-10,month,2021-10-01,7.878956302293791,% rezerw,monthly,derived,https://data-api.ecb.europa.eu/service/data/RAS/M.N.PL.W1.S121.S1.LE.A.FA.R.._Z....N.ALL?format=csvdata,2026-10-01T15:07:49.183268+00:00,"{""formula"": ""100 * gold_PLN / total_reserves_PLN"", ""goldValueMillions"": 52451.0, ""totalValueMillions"": 665710.0}"
poland-gold,poland-gold--tonnes,Polska · Rezerwy złota,Poland,Gold reserves,2021-10-31,2021-10,month,2021-10-01,228.9837962016,tony,monthly,derived,https://api.db.nomics.world/v22/series/IMF/IRFCL/M.PL.RAFAGOLDV_OZT.S1X?observations=1,2026-10-01T15:12:12.903556+00:00,"{""sourceValue"": 7.362, ""sourceUnit"": ""million fine troy ounces""}"
poland-gold,poland-gold--gold-eur,Polska · Wartość złota w EUR,Poland,Gold value in EUR,2021-11-30,2021-11,month,2021-11-01,11.8688222,mld EUR,monthly,derived,https://data-api.ecb.europa.eu/service/data/RAS/M.N.PL.W1.S121.S1.LE.A.FA.R.._Z....N.ALL?format=csvdata,2026-10-01T15:07:49.183268+00:00,"{""seriesKey"": ""RAS.M.N.PL.W1.S121.S1.LE.A.FA.R.F11._Z.EUR.XAU.M.N.ALL"", ""sourceValue"": ""11868.8222"", ""observationStatus"": ""A""}"
poland-gold,poland-gold--gold-pln,Polska · Wartość złota w PLN,Poland,Gold value in PLN,2021-11-30,2021-11,month,2021-11-01,55.355,mld PLN,monthly,derived,https://data-api.ecb.europa.eu/service/data/RAS/M.N.PL.W1.S121.S1.LE.A.FA.R.._Z....N.ALL?format=csvdata,2026-10-01T15:07:49.183268+00:00,"{""seriesKey"": ""RAS.M.N.PL.W1.S121.S1.LE.A.FA.R.F11._Z.PLN.XAU.M.N.ALL"", ""sourceValue"": ""55355"", ""observationStatus"": ""A""}"
poland-gold,poland-gold--monthly-change,Polska · Zmiana rezerw złota m/m,Poland,Monthly change in gold reserves,2021-11-30,2021-11,month,2021-11-01,3.421382448,tony / miesiąc,monthly,derived,https://api.db.nomics.world/v22/series/IMF/IRFCL/M.PL.RAFAGOLDV_OZT.S1X?observations=1,2026-10-01T15:12:12.903556+00:00,"{""additionalSourceIds"": [""gold-imf-volume""], ""formula"": ""tonnes(t) - tonnes(t-1)"", ""missingReason"": null}"
poland-gold,poland-gold--reserves-pln,Polska · Oficjalne aktywa rezerwowe,Poland,Official reserve assets,2021-11-30,2021-11,month,2021-11-01,687.143,mld PLN,monthly,derived,https://data-api.ecb.europa.eu/service/data/RAS/M.N.PL.W1.S121.S1.LE.A.FA.R.._Z....N.ALL?format=csvdata,2026-10-01T15:07:49.183268+00:00,"{""seriesKey"": ""RAS.M.N.PL.W1.S121.S1.LE.A.FA.R.F._Z.PLN.X1._X.N.ALL"", ""sourceValue"": ""687143"", ""observationStatus"": ""A""}"
poland-gold,poland-gold--share,Polska · Udział złota w rezerwach,Poland,Gold share of reserves,2021-11-30,2021-11,month,2021-11-01,8.05581953101465,% rezerw,monthly,derived,https://data-api.ecb.europa.eu/service/data/RAS/M.N.PL.W1.S121.S1.LE.A.FA.R.._Z....N.ALL?format=csvdata,2026-10-01T15:07:49.183268+00:00,"{""formula"": ""100 * gold_PLN / total_reserves_PLN"", ""goldValueMillions"": 55355.0, ""totalValueMillions"": 687143.0}"
poland-gold,poland-gold--tonnes,Polska · Rezerwy złota,Poland,Gold reserves,2021-11-30,2021-11,month,2021-11-01,232.4051786496,tony,monthly,derived,https://api.db.nomics.world/v22/series/IMF/IRFCL/M.PL.RAFAGOLDV_OZT.S1X?observations=1,2026-10-01T15:12:12.903556+00:00,"{""sourceValue"": 7.472, ""sourceUnit"": ""million fine troy ounces""}"
poland-gold,poland-gold--gold-eur,Polska · Wartość złota w EUR,Poland,Gold value in EUR,2021-12-31,2021-12,month,2021-12-01,11.9306489,mld EUR,monthly,derived,https://data-api.ecb.europa.eu/service/data/RAS/M.N.PL.W1.S121.S1.LE.A.FA.R.._Z....N.ALL?format=csvdata,2026-10-01T15:07:49.183268+00:00,"{""seriesKey"": ""RAS.M.N.PL.W1.S121.S1.LE.A.FA.R.F11._Z.EUR.XAU.M.N.ALL"", ""sourceValue"": ""11930.6489"", ""observationStatus"": ""A""}"
poland-gold,poland-gold--gold-pln,Polska · Wartość złota w PLN,Poland,Gold value in PLN,2021-12-31,2021-12,month,2021-12-01,54.844,mld PLN,monthly,derived,https://data-api.ecb.europa.eu/service/data/RAS/M.N.PL.W1.S121.S1.LE.A.FA.R.._Z....N.ALL?format=csvdata,2026-10-01T15:07:49.183268+00:00,"{""seriesKey"": ""RAS.M.N.PL.W1.S121.S1.LE.A.FA.R.F11._Z.PLN.XAU.M.N.ALL"", ""sourceValue"": ""54844"", ""observationStatus"": ""A""}"
poland-gold,poland-gold--monthly-change,Polska · Zmiana rezerw złota m/m,Poland,Monthly change in gold reserves,2021-12-31,2021-12,month,2021-12-01,-1.55517384,tony / miesiąc,monthly,derived,https://api.db.nomics.world/v22/series/IMF/IRFCL/M.PL.RAFAGOLDV_OZT.S1X?observations=1,2026-10-01T15:12:12.903556+00:00,"{""additionalSourceIds"": [""gold-imf-volume""], ""formula"": ""tonnes(t) - tonnes(t-1)"", ""missingReason"": null}"
poland-gold,poland-gold--reserves-pln,Polska · Oficjalne aktywa rezerwowe,Poland,Official reserve assets,2021-12-31,2021-12,month,2021-12-01,674.162,mld PLN,monthly,derived,https://data-api.ecb.europa.eu/service/data/RAS/M.N.PL.W1.S121.S1.LE.A.FA.R.._Z....N.ALL?format=csvdata,2026-10-01T15:07:49.183268+00:00,"{""seriesKey"": ""RAS.M.N.PL.W1.S121.S1.LE.A.FA.R.F._Z.PLN.X1._X.N.ALL"", ""sourceValue"": ""674162"", ""observationStatus"": ""A""}"
poland-gold,poland-gold--share,Polska · Udział złota w rezerwach,Poland,Gold share of reserves,2021-12-31,2021-12,month,2021-12-01,8.135136658547946,% rezerw,monthly,derived,https://data-api.ecb.europa.eu/service/data/RAS/M.N.PL.W1.S121.S1.LE.A.FA.R.._Z....N.ALL?format=csvdata,2026-10-01T15:07:49.183268+00:00,"{""formula"": ""100 * gold_PLN / total_reserves_PLN"", ""goldValueMillions"": 54844.0, ""totalValueMillions"": 674162.0}"
poland-gold,poland-gold--tonnes,Polska · Rezerwy złota,Poland,Gold reserves,2021-12-31,2021-12,month,2021-12-01,230.8500048096,tony,monthly,derived,https://api.db.nomics.world/v22/series/IMF/IRFCL/M.PL.RAFAGOLDV_OZT.S1X?observations=1,2026-10-01T15:12:12.903556+00:00,"{""sourceValue"": 7.422, ""sourceUnit"": ""million fine troy ounces""}"
poland-gold,poland-gold--gold-eur,Polska · Wartość złota w EUR,Poland,Gold value in EUR,2022-01-31,2022-01,month,2022-01-01,11.8029286,mld EUR,monthly,derived,https://data-api.ecb.europa.eu/service/data/RAS/M.N.PL.W1.S121.S1.LE.A.FA.R.._Z....N.ALL?format=csvdata,2026-10-01T15:07:49.183268+00:00,"{""seriesKey"": ""RAS.M.N.PL.W1.S121.S1.LE.A.FA.R.F11._Z.EUR.XAU.M.N.ALL"", ""sourceValue"": ""11802.9286"", ""observationStatus"": ""A""}"
poland-gold,poland-gold--gold-pln,Polska · Wartość złota w PLN,Poland,Gold value in PLN,2022-01-31,2022-01,month,2022-01-01,54.166,mld PLN,monthly,derived,https://data-api.ecb.europa.eu/service/data/RAS/M.N.PL.W1.S121.S1.LE.A.FA.R.._Z....N.ALL?format=csvdata,2026-10-01T15:07:49.183268+00:00,"{""seriesKey"": ""RAS.M.N.PL.W1.S121.S1.LE.A.FA.R.F11._Z.PLN.XAU.M.N.ALL"", ""sourceValue"": ""54166"", ""observationStatus"": ""A""}"
poland-gold,poland-gold--monthly-change,Polska · Zmiana rezerw złota m/m,Poland,Monthly change in gold reserves,2022-01-31,2022-01,month,2022-01-01,-2.177243376,tony / miesiąc,monthly,derived,https://api.db.nomics.world/v22/series/IMF/IRFCL/M.PL.RAFAGOLDV_OZT.S1X?observations=1,2026-10-01T15:12:12.903556+00:00,"{""additionalSourceIds"": [""gold-imf-volume""], ""formula"": ""tonnes(t) - tonnes(t-1)"", ""missingReason"": null}"
poland-gold,poland-gold--reserves-pln,Polska · Oficjalne aktywa rezerwowe,Poland,Official reserve assets,2022-01-31,2022-01,month,2022-01-01,663.564,mld PLN,monthly,derived,https://data-api.ecb.europa.eu/service/data/RAS/M.N.PL.W1.S121.S1.LE.A.FA.R.._Z....N.ALL?format=csvdata,2026-10-01T15:07:49.183268+00:00,"{""seriesKey"": ""RAS.M.N.PL.W1.S121.S1.LE.A.FA.R.F._Z.PLN.X1._X.N.ALL"", ""sourceValue"": ""663564"", ""observationStatus"": ""A""}"
poland-gold,poland-gold--share,Polska · Udział złota w rezerwach,Poland,Gold share of reserves,2022-01-31,2022-01,month,2022-01-01,8.162890090481099,% rezerw,monthly,derived,https://data-api.ecb.europa.eu/service/data/RAS/M.N.PL.W1.S121.S1.LE.A.FA.R.._Z....N.ALL?format=csvdata,2026-10-01T15:07:49.183268+00:00,"{""formula"": ""100 * gold_PLN / total_reserves_PLN"", ""goldValueMillions"": 54166.0, ""totalValueMillions"": 663564.0}"
poland-gold,poland-gold--tonnes,Polska · Rezerwy złota,Poland,Gold reserves,2022-01-31,2022-01,month,2022-01-01,228.6727614336,tony,monthly,derived,https://api.db.nomics.world/v22/series/IMF/IRFCL/M.PL.RAFAGOLDV_OZT.S1X?observations=1,2026-10-01T15:12:12.903556+00:00,"{""sourceValue"": 7.352, ""sourceUnit"": ""million fine troy ounces""}"
poland-gold,poland-gold--gold-eur,Polska · Wartość złota w EUR,Poland,Gold value in EUR,2022-02-28,2022-02,month,2022-02-01,12.5376321,mld EUR,monthly,derived,https://data-api.ecb.europa.eu/service/data/RAS/M.N.PL.W1.S121.S1.LE.A.FA.R.._Z....N.ALL?format=csvdata,2026-10-01T15:07:49.183268+00:00,"{""seriesKey"": ""RAS.M.N.PL.W1.S121.S1.LE.A.FA.R.F11._Z.EUR.XAU.M.N.ALL"", ""sourceValue"": ""12537.6321"", ""observationStatus"": ""A""}"
poland-gold,poland-gold--gold-pln,Polska · Wartość złota w PLN,Poland,Gold value in PLN,2022-02-28,2022-02,month,2022-02-01,58.72,mld PLN,monthly,derived,https://data-api.ecb.europa.eu/service/data/RAS/M.N.PL.W1.S121.S1.LE.A.FA.R.._Z....N.ALL?format=csvdata,2026-10-01T15:07:49.183268+00:00,"{""seriesKey"": ""RAS.M.N.PL.W1.S121.S1.LE.A.FA.R.F11._Z.PLN.XAU.M.N.ALL"", ""sourceValue"": ""58720"", ""observationStatus"": ""A""}"
poland-gold,poland-gold--monthly-change,Polska · Zmiana rezerw złota m/m,Poland,Monthly change in gold reserves,2022-02-28,2022-02,month,2022-02-01,0.0,tony / miesiąc,monthly,derived,https://api.db.nomics.world/v22/series/IMF/IRFCL/M.PL.RAFAGOLDV_OZT.S1X?observations=1,2026-10-01T15:12:12.903556+00:00,"{""additionalSourceIds"": [""gold-imf-volume""], ""formula"": ""tonnes(t) - tonnes(t-1)"", ""missingReason"": null}"
poland-gold,poland-gold--reserves-pln,Polska · Oficjalne aktywa rezerwowe,Poland,Official reserve assets,2022-02-28,2022-02,month,2022-02-01,674.224,mld PLN,monthly,derived,https://data-api.ecb.europa.eu/service/data/RAS/M.N.PL.W1.S121.S1.LE.A.FA.R.._Z....N.ALL?format=csvdata,2026-10-01T15:07:49.183268+00:00,"{""seriesKey"": ""RAS.M.N.PL.W1.S121.S1.LE.A.FA.R.F._Z.PLN.X1._X.N.ALL"", ""sourceValue"": ""674224"", ""observationStatus"": ""A""}"
poland-gold,poland-gold--share,Polska · Udział złota w rezerwach,Poland,Gold share of reserves,2022-02-28,2022-02,month,2022-02-01,8.709271696053538,% rezerw,monthly,derived,https://data-api.ecb.europa.eu/service/data/RAS/M.N.PL.W1.S121.S1.LE.A.FA.R.._Z....N.ALL?format=csvdata,2026-10-01T15:07:49.183268+00:00,"{""formula"": ""100 * gold_PLN / total_reserves_PLN"", ""goldValueMillions"": 58720.0, ""totalValueMillions"": 674224.0}"
poland-gold,poland-gold--tonnes,Polska · Rezerwy złota,Poland,Gold reserves,2022-02-28,2022-02,month,2022-02-01,228.6727614336,tony,monthly,derived,https://api.db.nomics.world/v22/series/IMF/IRFCL/M.PL.RAFAGOLDV_OZT.S1X?observations=1,2026-10-01T15:12:12.903556+00:00,"{""sourceValue"": 7.352, ""sourceUnit"": ""million fine troy ounces""}"
poland-gold,poland-gold--gold-eur,Polska · Wartość złota w EUR,Poland,Gold value in EUR,2022-03-31,2022-03,month,2022-03-01,12.7076573,mld EUR,monthly,derived,https://data-api.ecb.europa.eu/service/data/RAS/M.N.PL.W1.S121.S1.LE.A.FA.R.._Z....N.ALL?format=csvdata,2026-10-01T15:07:49.183268+00:00,"{""seriesKey"": ""RAS.M.N.PL.W1.S121.S1.LE.A.FA.R.F11._Z.EUR.XAU.M.N.ALL"", ""sourceValue"": ""12707.6573"", ""observationStatus"": ""A""}"
poland-gold,poland-gold--gold-pln,Polska · Wartość złota w PLN,Poland,Gold value in PLN,2022-03-31,2022-03,month,2022-03-01,59.13,mld PLN,monthly,derived,https://data-api.ecb.europa.eu/service/data/RAS/M.N.PL.W1.S121.S1.LE.A.FA.R.._Z....N.ALL?format=csvdata,2026-10-01T15:07:49.183268+00:00,"{""seriesKey"": ""RAS.M.N.PL.W1.S121.S1.LE.A.FA.R.F11._Z.PLN.XAU.M.N.ALL"", ""sourceValue"": ""59130"", ""observationStatus"": ""A""}"
poland-gold,poland-gold--monthly-change,Polska · Zmiana rezerw złota m/m,Poland,Monthly change in gold reserves,2022-03-31,2022-03,month,2022-03-01,0.0,tony / miesiąc,monthly,derived,https://api.db.nomics.world/v22/series/IMF/IRFCL/M.PL.RAFAGOLDV_OZT.S1X?observations=1,2026-10-01T15:12:12.903556+00:00,"{""additionalSourceIds"": [""gold-imf-volume""], ""formula"": ""tonnes(t) - tonnes(t-1)"", ""missingReason"": null}"
poland-gold,poland-gold--reserves-pln,Polska · Oficjalne aktywa rezerwowe,Poland,Official reserve assets,2022-03-31,2022-03,month,2022-03-01,660.783,mld PLN,monthly,derived,https://data-api.ecb.europa.eu/service/data/RAS/M.N.PL.W1.S121.S1.LE.A.FA.R.._Z....N.ALL?format=csvdata,2026-10-01T15:07:49.183268+00:00,"{""seriesKey"": ""RAS.M.N.PL.W1.S121.S1.LE.A.FA.R.F._Z.PLN.X1._X.N.ALL"", ""sourceValue"": ""660783"", ""observationStatus"": ""A""}"
poland-gold,poland-gold--share,Polska · Udział złota w rezerwach,Poland,Gold share of reserves,2022-03-31,2022-03,month,2022-03-01,8.948474764029946,% rezerw,monthly,derived,https://data-api.ecb.europa.eu/service/data/RAS/M.N.PL.W1.S121.S1.LE.A.FA.R.._Z....N.ALL?format=csvdata,2026-10-01T15:07:49.183268+00:00,"{""formula"": ""100 * gold_PLN / total_reserves_PLN"", ""goldValueMillions"": 59130.0, ""totalValueMillions"": 660783.0}"
poland-gold,poland-gold--tonnes,Polska · Rezerwy złota,Poland,Gold reserves,2022-03-31,2022-03,month,2022-03-01,228.6727614336,tony,monthly,derived,https://api.db.nomics.world/v22/series/IMF/IRFCL/M.PL.RAFAGOLDV_OZT.S1X?observations=1,2026-10-01T15:12:12.903556+00:00,"{""sourceValue"": 7.352, ""sourceUnit"": ""million fine troy ounces""}"
poland-gold,poland-gold--gold-eur,Polska · Wartość złota w EUR,Poland,Gold value in EUR,2022-04-30,2022-04,month,2022-04-01,13.2667807,mld EUR,monthly,derived,https://data-api.ecb.europa.eu/service/data/RAS/M.N.PL.W1.S121.S1.LE.A.FA.R.._Z....N.ALL?format=csvdata,2026-10-01T15:07:49.183268+00:00,"{""seriesKey"": ""RAS.M.N.PL.W1.S121.S1.LE.A.FA.R.F11._Z.EUR.XAU.M.N.ALL"", ""sourceValue"": ""13266.7807"", ""observationStatus"": ""A""}"
poland-gold,poland-gold--gold-pln,Polska · Wartość złota w PLN,Poland,Gold value in PLN,2022-04-30,2022-04,month,2022-04-01,62.062,mld PLN,monthly,derived,https://data-api.ecb.europa.eu/service/data/RAS/M.N.PL.W1.S121.S1.LE.A.FA.R.._Z....N.ALL?format=csvdata,2026-10-01T15:07:49.183268+00:00,"{""seriesKey"": ""RAS.M.N.PL.W1.S121.S1.LE.A.FA.R.F11._Z.PLN.XAU.M.N.ALL"", ""sourceValue"": ""62062"", ""observationStatus"": ""A""}"
poland-gold,poland-gold--monthly-change,Polska · Zmiana rezerw złota m/m,Poland,Monthly change in gold reserves,2022-04-30,2022-04,month,2022-04-01,0.0,tony / miesiąc,monthly,derived,https://api.db.nomics.world/v22/series/IMF/IRFCL/M.PL.RAFAGOLDV_OZT.S1X?observations=1,2026-10-01T15:12:12.903556+00:00,"{""additionalSourceIds"": [""gold-imf-volume""], ""formula"": ""tonnes(t) - tonnes(t-1)"", ""missingReason"": null}"
poland-gold,poland-gold--reserves-pln,Polska · Oficjalne aktywa rezerwowe,Poland,Official reserve assets,2022-04-30,2022-04,month,2022-04-01,670.557,mld PLN,monthly,derived,https://data-api.ecb.europa.eu/service/data/RAS/M.N.PL.W1.S121.S1.LE.A.FA.R.._Z....N.ALL?format=csvdata,2026-10-01T15:07:49.183268+00:00,"{""seriesKey"": ""RAS.M.N.PL.W1.S121.S1.LE.A.FA.R.F._Z.PLN.X1._X.N.ALL"", ""sourceValue"": ""670557"", ""observationStatus"": ""A""}"
poland-gold,poland-gold--share,Polska · Udział złota w rezerwach,Poland,Gold share of reserves,2022-04-30,2022-04,month,2022-04-01,9.25529075082357,% rezerw,monthly,derived,https://data-api.ecb.europa.eu/service/data/RAS/M.N.PL.W1.S121.S1.LE.A.FA.R.._Z....N.ALL?format=csvdata,2026-10-01T15:07:49.183268+00:00,"{""formula"": ""100 * gold_PLN / total_reserves_PLN"", ""goldValueMillions"": 62062.0, ""totalValueMillions"": 670557.0}"
poland-gold,poland-gold--tonnes,Polska · Rezerwy złota,Poland,Gold reserves,2022-04-30,2022-04,month,2022-04-01,228.6727614336,tony,monthly,derived,https://api.db.nomics.world/v22/series/IMF/IRFCL/M.PL.RAFAGOLDV_OZT.S1X?observations=1,2026-10-01T15:12:12.903556+00:00,"{""sourceValue"": 7.352, ""sourceUnit"": ""million fine troy ounces""}"
poland-gold,poland-gold--gold-eur,Polska · Wartość złota w EUR,Poland,Gold value in EUR,2022-05-31,2022-05,month,2022-05-01,12.6944657,mld EUR,monthly,derived,https://data-api.ecb.europa.eu/service/data/RAS/M.N.PL.W1.S121.S1.LE.A.FA.R.._Z....N.ALL?format=csvdata,2026-10-01T15:07:49.183268+00:00,"{""seriesKey"": ""RAS.M.N.PL.W1.S121.S1.LE.A.FA.R.F11._Z.EUR.XAU.M.N.ALL"", ""sourceValue"": ""12694.4657"", ""observationStatus"": ""A""}"
poland-gold,poland-gold--gold-pln,Polska · Wartość złota w PLN,Poland,Gold value in PLN,2022-05-31,2022-05,month,2022-05-01,58.147,mld PLN,monthly,derived,https://data-api.ecb.europa.eu/service/data/RAS/M.N.PL.W1.S121.S1.LE.A.FA.R.._Z....N.ALL?format=csvdata,2026-10-01T15:07:49.183268+00:00,"{""seriesKey"": ""RAS.M.N.PL.W1.S121.S1.LE.A.FA.R.F11._Z.PLN.XAU.M.N.ALL"", ""sourceValue"": ""58147"", ""observationStatus"": ""A""}"
poland-gold,poland-gold--monthly-change,Polska · Zmiana rezerw złota m/m,Poland,Monthly change in gold reserves,2022-05-31,2022-05,month,2022-05-01,0.0,tony / miesiąc,monthly,derived,https://api.db.nomics.world/v22/series/IMF/IRFCL/M.PL.RAFAGOLDV_OZT.S1X?observations=1,2026-10-01T15:12:12.903556+00:00,"{""additionalSourceIds"": [""gold-imf-volume""], ""formula"": ""tonnes(t) - tonnes(t-1)"", ""missingReason"": null}"
poland-gold,poland-gold--reserves-pln,Polska · Oficjalne aktywa rezerwowe,Poland,Official reserve assets,2022-05-31,2022-05,month,2022-05-01,666.681,mld PLN,monthly,derived,https://data-api.ecb.europa.eu/service/data/RAS/M.N.PL.W1.S121.S1.LE.A.FA.R.._Z....N.ALL?format=csvdata,2026-10-01T15:07:49.183268+00:00,"{""seriesKey"": ""RAS.M.N.PL.W1.S121.S1.LE.A.FA.R.F._Z.PLN.X1._X.N.ALL"", ""sourceValue"": ""666681"", ""observationStatus"": ""A""}"
poland-gold,poland-gold--share,Polska · Udział złota w rezerwach,Poland,Gold share of reserves,2022-05-31,2022-05,month,2022-05-01,8.72186247995668,% rezerw,monthly,derived,https://data-api.ecb.europa.eu/service/data/RAS/M.N.PL.W1.S121.S1.LE.A.FA.R.._Z....N.ALL?format=csvdata,2026-10-01T15:07:49.183268+00:00,"{""formula"": ""100 * gold_PLN / total_reserves_PLN"", ""goldValueMillions"": 58147.0, ""totalValueMillions"": 666681.0}"
poland-gold,poland-gold--tonnes,Polska · Rezerwy złota,Poland,Gold reserves,2022-05-31,2022-05,month,2022-05-01,228.6727614336,tony,monthly,derived,https://api.db.nomics.world/v22/series/IMF/IRFCL/M.PL.RAFAGOLDV_OZT.S1X?observations=1,2026-10-01T15:12:12.903556+00:00,"{""sourceValue"": 7.352, ""sourceUnit"": ""million fine troy ounces""}"
poland-gold,poland-gold--gold-eur,Polska · Wartość złota w EUR,Poland,Gold value in EUR,2022-06-30,2022-06,month,2022-06-01,12.74241,mld EUR,monthly,derived,https://data-api.ecb.europa.eu/service/data/RAS/M.N.PL.W1.S121.S1.LE.A.FA.R.._Z....N.ALL?format=csvdata,2026-10-01T15:07:49.183268+00:00,"{""seriesKey"": ""RAS.M.N.PL.W1.S121.S1.LE.A.FA.R.F11._Z.EUR.XAU.M.N.ALL"", ""sourceValue"": ""12742.41"", ""observationStatus"": ""A""}"
poland-gold,poland-gold--gold-pln,Polska · Wartość złota w PLN,Poland,Gold value in PLN,2022-06-30,2022-06,month,2022-06-01,59.767,mld PLN,monthly,derived,https://data-api.ecb.europa.eu/service/data/RAS/M.N.PL.W1.S121.S1.LE.A.FA.R.._Z....N.ALL?format=csvdata,2026-10-01T15:07:49.183268+00:00,"{""seriesKey"": ""RAS.M.N.PL.W1.S121.S1.LE.A.FA.R.F11._Z.PLN.XAU.M.N.ALL"", ""sourceValue"": ""59767"", ""observationStatus"": ""A""}"
poland-gold,poland-gold--monthly-change,Polska · Zmiana rezerw złota m/m,Poland,Monthly change in gold reserves,2022-06-30,2022-06,month,2022-06-01,0.0,tony / miesiąc,monthly,derived,https://api.db.nomics.world/v22/series/IMF/IRFCL/M.PL.RAFAGOLDV_OZT.S1X?observations=1,2026-10-01T15:12:12.903556+00:00,"{""additionalSourceIds"": [""gold-imf-volume""], ""formula"": ""tonnes(t) - tonnes(t-1)"", ""missingReason"": null}"
poland-gold,poland-gold--reserves-pln,Polska · Oficjalne aktywa rezerwowe,Poland,Official reserve assets,2022-06-30,2022-06,month,2022-06-01,691.381,mld PLN,monthly,derived,https://data-api.ecb.europa.eu/service/data/RAS/M.N.PL.W1.S121.S1.LE.A.FA.R.._Z....N.ALL?format=csvdata,2026-10-01T15:07:49.183268+00:00,"{""seriesKey"": ""RAS.M.N.PL.W1.S121.S1.LE.A.FA.R.F._Z.PLN.X1._X.N.ALL"", ""sourceValue"": ""691381"", ""observationStatus"": ""A""}"
poland-gold,poland-gold--share,Polska · Udział złota w rezerwach,Poland,Gold share of reserves,2022-06-30,2022-06,month,2022-06-01,8.644582364861053,% rezerw,monthly,derived,https://data-api.ecb.europa.eu/service/data/RAS/M.N.PL.W1.S121.S1.LE.A.FA.R.._Z....N.ALL?format=csvdata,2026-10-01T15:07:49.183268+00:00,"{""formula"": ""100 * gold_PLN / total_reserves_PLN"", ""goldValueMillions"": 59767.0, ""totalValueMillions"": 691381.0}"
poland-gold,poland-gold--tonnes,Polska · Rezerwy złota,Poland,Gold reserves,2022-06-30,2022-06,month,2022-06-01,228.6727614336,tony,monthly,derived,https://api.db.nomics.world/v22/series/IMF/IRFCL/M.PL.RAFAGOLDV_OZT.S1X?observations=1,2026-10-01T15:12:12.903556+00:00,"{""sourceValue"": 7.352, ""sourceUnit"": ""million fine troy ounces""}"
poland-gold,poland-gold--gold-eur,Polska · Wartość złota w EUR,Poland,Gold value in EUR,2022-07-31,2022-07,month,2022-07-01,12.655409,mld EUR,monthly,derived,https://data-api.ecb.europa.eu/service/data/RAS/M.N.PL.W1.S121.S1.LE.A.FA.R.._Z....N.ALL?format=csvdata,2026-10-01T15:07:49.183268+00:00,"{""seriesKey"": ""RAS.M.N.PL.W1.S121.S1.LE.A.FA.R.F11._Z.EUR.XAU.M.N.ALL"", ""sourceValue"": ""12655.409"", ""observationStatus"": ""A""}"
poland-gold,poland-gold--gold-pln,Polska · Wartość złota w PLN,Poland,Gold value in PLN,2022-07-31,2022-07,month,2022-07-01,59.955,mld PLN,monthly,derived,https://data-api.ecb.europa.eu/service/data/RAS/M.N.PL.W1.S121.S1.LE.A.FA.R.._Z....N.ALL?format=csvdata,2026-10-01T15:07:49.183268+00:00,"{""seriesKey"": ""RAS.M.N.PL.W1.S121.S1.LE.A.FA.R.F11._Z.PLN.XAU.M.N.ALL"", ""sourceValue"": ""59955"", ""observationStatus"": ""A""}"
poland-gold,poland-gold--monthly-change,Polska · Zmiana rezerw złota m/m,Poland,Monthly change in gold reserves,2022-07-31,2022-07,month,2022-07-01,0.0,tony / miesiąc,monthly,derived,https://api.db.nomics.world/v22/series/IMF/IRFCL/M.PL.RAFAGOLDV_OZT.S1X?observations=1,2026-10-01T15:12:12.903556+00:00,"{""additionalSourceIds"": [""gold-imf-volume""], ""formula"": ""tonnes(t) - tonnes(t-1)"", ""missingReason"": null}"
poland-gold,poland-gold--reserves-pln,Polska · Oficjalne aktywa rezerwowe,Poland,Official reserve assets,2022-07-31,2022-07,month,2022-07-01,730.596,mld PLN,monthly,derived,https://data-api.ecb.europa.eu/service/data/RAS/M.N.PL.W1.S121.S1.LE.A.FA.R.._Z....N.ALL?format=csvdata,2026-10-01T15:07:49.183268+00:00,"{""seriesKey"": ""RAS.M.N.PL.W1.S121.S1.LE.A.FA.R.F._Z.PLN.X1._X.N.ALL"", ""sourceValue"": ""730596"", ""observationStatus"": ""A""}"
poland-gold,poland-gold--share,Polska · Udział złota w rezerwach,Poland,Gold share of reserves,2022-07-31,2022-07,month,2022-07-01,8.20631374932247,% rezerw,monthly,derived,https://data-api.ecb.europa.eu/service/data/RAS/M.N.PL.W1.S121.S1.LE.A.FA.R.._Z....N.ALL?format=csvdata,2026-10-01T15:07:49.183268+00:00,"{""formula"": ""100 * gold_PLN / total_reserves_PLN"", ""goldValueMillions"": 59955.0, ""totalValueMillions"": 730596.0}"
poland-gold,poland-gold--tonnes,Polska · Rezerwy złota,Poland,Gold reserves,2022-07-31,2022-07,month,2022-07-01,228.6727614336,tony,monthly,derived,https://api.db.nomics.world/v22/series/IMF/IRFCL/M.PL.RAFAGOLDV_OZT.S1X?observations=1,2026-10-01T15:12:12.903556+00:00,"{""sourceValue"": 7.352, ""sourceUnit"": ""million fine troy ounces""}"
poland-gold,poland-gold--gold-eur,Polska · Wartość złota w EUR,Poland,Gold value in EUR,2022-08-31,2022-08,month,2022-08-01,12.6098175,mld EUR,monthly,derived,https://data-api.ecb.europa.eu/service/data/RAS/M.N.PL.W1.S121.S1.LE.A.FA.R.._Z....N.ALL?format=csvdata,2026-10-01T15:07:49.183268+00:00,"{""seriesKey"": ""RAS.M.N.PL.W1.S121.S1.LE.A.FA.R.F11._Z.EUR.XAU.M.N.ALL"", ""sourceValue"": ""12609.8175"", ""observationStatus"": ""A""}"
poland-gold,poland-gold--gold-pln,Polska · Wartość złota w PLN,Poland,Gold value in PLN,2022-08-31,2022-08,month,2022-08-01,59.623,mld PLN,monthly,derived,https://data-api.ecb.europa.eu/service/data/RAS/M.N.PL.W1.S121.S1.LE.A.FA.R.._Z....N.ALL?format=csvdata,2026-10-01T15:07:49.183268+00:00,"{""seriesKey"": ""RAS.M.N.PL.W1.S121.S1.LE.A.FA.R.F11._Z.PLN.XAU.M.N.ALL"", ""sourceValue"": ""59623"", ""observationStatus"": ""A""}"
poland-gold,poland-gold--monthly-change,Polska · Zmiana rezerw złota m/m,Poland,Monthly change in gold reserves,2022-08-31,2022-08,month,2022-08-01,0.0,tony / miesiąc,monthly,derived,https://api.db.nomics.world/v22/series/IMF/IRFCL/M.PL.RAFAGOLDV_OZT.S1X?observations=1,2026-10-01T15:12:12.903556+00:00,"{""additionalSourceIds"": [""gold-imf-volume""], ""formula"": ""tonnes(t) - tonnes(t-1)"", ""missingReason"": null}"
poland-gold,poland-gold--reserves-pln,Polska · Oficjalne aktywa rezerwowe,Poland,Official reserve assets,2022-08-31,2022-08,month,2022-08-01,733.095,mld PLN,monthly,derived,https://data-api.ecb.europa.eu/service/data/RAS/M.N.PL.W1.S121.S1.LE.A.FA.R.._Z....N.ALL?format=csvdata,2026-10-01T15:07:49.183268+00:00,"{""seriesKey"": ""RAS.M.N.PL.W1.S121.S1.LE.A.FA.R.F._Z.PLN.X1._X.N.ALL"", ""sourceValue"": ""733095"", ""observationStatus"": ""A""}"
poland-gold,poland-gold--share,Polska · Udział złota w rezerwach,Poland,Gold share of reserves,2022-08-31,2022-08,month,2022-08-01,8.13305233291729,% rezerw,monthly,derived,https://data-api.ecb.europa.eu/service/data/RAS/M.N.PL.W1.S121.S1.LE.A.FA.R.._Z....N.ALL?format=csvdata,2026-10-01T15:07:49.183268+00:00,"{""formula"": ""100 * gold_PLN / total_reserves_PLN"", ""goldValueMillions"": 59623.0, ""totalValueMillions"": 733095.0}"
poland-gold,poland-gold--tonnes,Polska · Rezerwy złota,Poland,Gold reserves,2022-08-31,2022-08,month,2022-08-01,228.6727614336,tony,monthly,derived,https://api.db.nomics.world/v22/series/IMF/IRFCL/M.PL.RAFAGOLDV_OZT.S1X?observations=1,2026-10-01T15:12:12.903556+00:00,"{""sourceValue"": 7.352, ""sourceUnit"": ""million fine troy ounces""}"
poland-gold,poland-gold--gold-eur,Polska · Wartość złota w EUR,Poland,Gold value in EUR,2022-09-30,2022-09,month,2022-09-01,12.5641978,mld EUR,monthly,derived,https://data-api.ecb.europa.eu/service/data/RAS/M.N.PL.W1.S121.S1.LE.A.FA.R.._Z....N.ALL?format=csvdata,2026-10-01T15:07:49.183268+00:00,"{""seriesKey"": ""RAS.M.N.PL.W1.S121.S1.LE.A.FA.R.F11._Z.EUR.XAU.M.N.ALL"", ""sourceValue"": ""12564.1978"", ""observationStatus"": ""A""}"
poland-gold,poland-gold--gold-pln,Polska · Wartość złota w PLN,Poland,Gold value in PLN,2022-09-30,2022-09,month,2022-09-01,60.915,mld PLN,monthly,derived,https://data-api.ecb.europa.eu/service/data/RAS/M.N.PL.W1.S121.S1.LE.A.FA.R.._Z....N.ALL?format=csvdata,2026-10-01T15:07:49.183268+00:00,"{""seriesKey"": ""RAS.M.N.PL.W1.S121.S1.LE.A.FA.R.F11._Z.PLN.XAU.M.N.ALL"", ""sourceValue"": ""60915"", ""observationStatus"": ""A""}"
poland-gold,poland-gold--monthly-change,Polska · Zmiana rezerw złota m/m,Poland,Monthly change in gold reserves,2022-09-30,2022-09,month,2022-09-01,0.0,tony / miesiąc,monthly,derived,https://api.db.nomics.world/v22/series/IMF/IRFCL/M.PL.RAFAGOLDV_OZT.S1X?observations=1,2026-10-01T15:12:12.903556+00:00,"{""additionalSourceIds"": [""gold-imf-volume""], ""formula"": ""tonnes(t) - tonnes(t-1)"", ""missingReason"": null}"
poland-gold,poland-gold--reserves-pln,Polska · Oficjalne aktywa rezerwowe,Poland,Official reserve assets,2022-09-30,2022-09,month,2022-09-01,750.897,mld PLN,monthly,derived,https://data-api.ecb.europa.eu/service/data/RAS/M.N.PL.W1.S121.S1.LE.A.FA.R.._Z....N.ALL?format=csvdata,2026-10-01T15:07:49.183268+00:00,"{""seriesKey"": ""RAS.M.N.PL.W1.S121.S1.LE.A.FA.R.F._Z.PLN.X1._X.N.ALL"", ""sourceValue"": ""750897"", ""observationStatus"": ""A""}"
poland-gold,poland-gold--share,Polska · Udział złota w rezerwach,Poland,Gold share of reserves,2022-09-30,2022-09,month,2022-09-01,8.112297691960416,% rezerw,monthly,derived,https://data-api.ecb.europa.eu/service/data/RAS/M.N.PL.W1.S121.S1.LE.A.FA.R.._Z....N.ALL?format=csvdata,2026-10-01T15:07:49.183268+00:00,"{""formula"": ""100 * gold_PLN / total_reserves_PLN"", ""goldValueMillions"": 60915.0, ""totalValueMillions"": 750897.0}"
poland-gold,poland-gold--tonnes,Polska · Rezerwy złota,Poland,Gold reserves,2022-09-30,2022-09,month,2022-09-01,228.6727614336,tony,monthly,derived,https://api.db.nomics.world/v22/series/IMF/IRFCL/M.PL.RAFAGOLDV_OZT.S1X?observations=1,2026-10-01T15:12:12.903556+00:00,"{""sourceValue"": 7.352, ""sourceUnit"": ""million fine troy ounces""}"
poland-gold,poland-gold--gold-eur,Polska · Wartość złota w EUR,Poland,Gold value in EUR,2022-10-31,2022-10,month,2022-10-01,12.1138367,mld EUR,monthly,derived,https://data-api.ecb.europa.eu/service/data/RAS/M.N.PL.W1.S121.S1.LE.A.FA.R.._Z....N.ALL?format=csvdata,2026-10-01T15:07:49.183268+00:00,"{""seriesKey"": ""RAS.M.N.PL.W1.S121.S1.LE.A.FA.R.F11._Z.EUR.XAU.M.N.ALL"", ""sourceValue"": ""12113.8367"", ""observationStatus"": ""A""}"
poland-gold,poland-gold--gold-pln,Polska · Wartość złota w PLN,Poland,Gold value in PLN,2022-10-31,2022-10,month,2022-10-01,57.038,mld PLN,monthly,derived,https://data-api.ecb.europa.eu/service/data/RAS/M.N.PL.W1.S121.S1.LE.A.FA.R.._Z....N.ALL?format=csvdata,2026-10-01T15:07:49.183268+00:00,"{""seriesKey"": ""RAS.M.N.PL.W1.S121.S1.LE.A.FA.R.F11._Z.PLN.XAU.M.N.ALL"", ""sourceValue"": ""57038"", ""observationStatus"": ""A""}"
poland-gold,poland-gold--monthly-change,Polska · Zmiana rezerw złota m/m,Poland,Monthly change in gold reserves,2022-10-31,2022-10,month,2022-10-01,0.0,tony / miesiąc,monthly,derived,https://api.db.nomics.world/v22/series/IMF/IRFCL/M.PL.RAFAGOLDV_OZT.S1X?observations=1,2026-10-01T15:12:12.903556+00:00,"{""additionalSourceIds"": [""gold-imf-volume""], ""formula"": ""tonnes(t) - tonnes(t-1)"", ""missingReason"": null}"
poland-gold,poland-gold--reserves-pln,Polska · Oficjalne aktywa rezerwowe,Poland,Official reserve assets,2022-10-31,2022-10,month,2022-10-01,718.014,mld PLN,monthly,derived,https://data-api.ecb.europa.eu/service/data/RAS/M.N.PL.W1.S121.S1.LE.A.FA.R.._Z....N.ALL?format=csvdata,2026-10-01T15:07:49.183268+00:00,"{""seriesKey"": ""RAS.M.N.PL.W1.S121.S1.LE.A.FA.R.F._Z.PLN.X1._X.N.ALL"", ""sourceValue"": ""718014"", ""observationStatus"": ""A""}"
poland-gold,poland-gold--share,Polska · Udział złota w rezerwach,Poland,Gold share of reserves,2022-10-31,2022-10,month,2022-10-01,7.943856247928314,% rezerw,monthly,derived,https://data-api.ecb.europa.eu/service/data/RAS/M.N.PL.W1.S121.S1.LE.A.FA.R.._Z....N.ALL?format=csvdata,2026-10-01T15:07:49.183268+00:00,"{""formula"": ""100 * gold_PLN / total_reserves_PLN"", ""goldValueMillions"": 57038.0, ""totalValueMillions"": 718014.0}"
poland-gold,poland-gold--tonnes,Polska · Rezerwy złota,Poland,Gold reserves,2022-10-31,2022-10,month,2022-10-01,228.6727614336,tony,monthly,derived,https://api.db.nomics.world/v22/series/IMF/IRFCL/M.PL.RAFAGOLDV_OZT.S1X?observations=1,2026-10-01T15:12:12.903556+00:00,"{""sourceValue"": 7.352, ""sourceUnit"": ""million fine troy ounces""}"
poland-gold,poland-gold--gold-eur,Polska · Wartość złota w EUR,Poland,Gold value in EUR,2022-11-30,2022-11,month,2022-11-01,12.5015546,mld EUR,monthly,derived,https://data-api.ecb.europa.eu/service/data/RAS/M.N.PL.W1.S121.S1.LE.A.FA.R.._Z....N.ALL?format=csvdata,2026-10-01T15:07:49.183268+00:00,"{""seriesKey"": ""RAS.M.N.PL.W1.S121.S1.LE.A.FA.R.F11._Z.EUR.XAU.M.N.ALL"", ""sourceValue"": ""12501.5546"", ""observationStatus"": ""A""}"
poland-gold,poland-gold--gold-pln,Polska · Wartość złota w PLN,Poland,Gold value in PLN,2022-11-30,2022-11,month,2022-11-01,58.301,mld PLN,monthly,derived,https://data-api.ecb.europa.eu/service/data/RAS/M.N.PL.W1.S121.S1.LE.A.FA.R.._Z....N.ALL?format=csvdata,2026-10-01T15:07:49.183268+00:00,"{""seriesKey"": ""RAS.M.N.PL.W1.S121.S1.LE.A.FA.R.F11._Z.PLN.XAU.M.N.ALL"", ""sourceValue"": ""58301"", ""observationStatus"": ""A""}"
poland-gold,poland-gold--monthly-change,Polska · Zmiana rezerw złota m/m,Poland,Monthly change in gold reserves,2022-11-30,2022-11,month,2022-11-01,0.0,tony / miesiąc,monthly,derived,https://api.db.nomics.world/v22/series/IMF/IRFCL/M.PL.RAFAGOLDV_OZT.S1X?observations=1,2026-10-01T15:12:12.903556+00:00,"{""additionalSourceIds"": [""gold-imf-volume""], ""formula"": ""tonnes(t) - tonnes(t-1)"", ""missingReason"": null}"
poland-gold,poland-gold--reserves-pln,Polska · Oficjalne aktywa rezerwowe,Poland,Official reserve assets,2022-11-30,2022-11,month,2022-11-01,731.919,mld PLN,monthly,derived,https://data-api.ecb.europa.eu/service/data/RAS/M.N.PL.W1.S121.S1.LE.A.FA.R.._Z....N.ALL?format=csvdata,2026-10-01T15:07:49.183268+00:00,"{""seriesKey"": ""RAS.M.N.PL.W1.S121.S1.LE.A.FA.R.F._Z.PLN.X1._X.N.ALL"", ""sourceValue"": ""731919"", ""observationStatus"": ""A""}"
poland-gold,poland-gold--share,Polska · Udział złota w rezerwach,Poland,Gold share of reserves,2022-11-30,2022-11,month,2022-11-01,7.96549891449737,% rezerw,monthly,derived,https://data-api.ecb.europa.eu/service/data/RAS/M.N.PL.W1.S121.S1.LE.A.FA.R.._Z....N.ALL?format=csvdata,2026-10-01T15:07:49.183268+00:00,"{""formula"": ""100 * gold_PLN / total_reserves_PLN"", ""goldValueMillions"": 58301.0, ""totalValueMillions"": 731919.0}"
poland-gold,poland-gold--tonnes,Polska · Rezerwy złota,Poland,Gold reserves,2022-11-30,2022-11,month,2022-11-01,228.6727614336,tony,monthly,derived,https://api.db.nomics.world/v22/series/IMF/IRFCL/M.PL.RAFAGOLDV_OZT.S1X?observations=1,2026-10-01T15:12:12.903556+00:00,"{""sourceValue"": 7.352, ""sourceUnit"": ""million fine troy ounces""}"
poland-gold,poland-gold--gold-eur,Polska · Wartość złota w EUR,Poland,Gold value in EUR,2022-12-31,2022-12,month,2022-12-01,12.5299094,mld EUR,monthly,derived,https://data-api.ecb.europa.eu/service/data/RAS/M.N.PL.W1.S121.S1.LE.A.FA.R.._Z....N.ALL?format=csvdata,2026-10-01T15:07:49.183268+00:00,"{""seriesKey"": ""RAS.M.N.PL.W1.S121.S1.LE.A.FA.R.F11._Z.EUR.XAU.M.N.ALL"", ""sourceValue"": ""12529.9094"", ""observationStatus"": ""A""}"
poland-gold,poland-gold--gold-pln,Polska · Wartość złota w PLN,Poland,Gold value in PLN,2022-12-31,2022-12,month,2022-12-01,58.65,mld PLN,monthly,derived,https://data-api.ecb.europa.eu/service/data/RAS/M.N.PL.W1.S121.S1.LE.A.FA.R.._Z....N.ALL?format=csvdata,2026-10-01T15:07:49.183268+00:00,"{""seriesKey"": ""RAS.M.N.PL.W1.S121.S1.LE.A.FA.R.F11._Z.PLN.XAU.M.N.ALL"", ""sourceValue"": ""58650"", ""observationStatus"": ""A""}"
poland-gold,poland-gold--monthly-change,Polska · Zmiana rezerw złota m/m,Poland,Monthly change in gold reserves,2022-12-31,2022-12,month,2022-12-01,0.0,tony / miesiąc,monthly,derived,https://api.db.nomics.world/v22/series/IMF/IRFCL/M.PL.RAFAGOLDV_OZT.S1X?observations=1,2026-10-01T15:12:12.903556+00:00,"{""additionalSourceIds"": [""gold-imf-volume""], ""formula"": ""tonnes(t) - tonnes(t-1)"", ""missingReason"": null}"
poland-gold,poland-gold--reserves-pln,Polska · Oficjalne aktywa rezerwowe,Poland,Official reserve assets,2022-12-31,2022-12,month,2022-12-01,733.758,mld PLN,monthly,derived,https://data-api.ecb.europa.eu/service/data/RAS/M.N.PL.W1.S121.S1.LE.A.FA.R.._Z....N.ALL?format=csvdata,2026-10-01T15:07:49.183268+00:00,"{""seriesKey"": ""RAS.M.N.PL.W1.S121.S1.LE.A.FA.R.F._Z.PLN.X1._X.N.ALL"", ""sourceValue"": ""733758"", ""observationStatus"": ""A""}"
poland-gold,poland-gold--share,Polska · Udział złota w rezerwach,Poland,Gold share of reserves,2022-12-31,2022-12,month,2022-12-01,7.993098542026118,% rezerw,monthly,derived,https://data-api.ecb.europa.eu/service/data/RAS/M.N.PL.W1.S121.S1.LE.A.FA.R.._Z....N.ALL?format=csvdata,2026-10-01T15:07:49.183268+00:00,"{""formula"": ""100 * gold_PLN / total_reserves_PLN"", ""goldValueMillions"": 58650.0, ""totalValueMillions"": 733758.0}"
poland-gold,poland-gold--tonnes,Polska · Rezerwy złota,Poland,Gold reserves,2022-12-31,2022-12,month,2022-12-01,228.6727614336,tony,monthly,derived,https://api.db.nomics.world/v22/series/IMF/IRFCL/M.PL.RAFAGOLDV_OZT.S1X?observations=1,2026-10-01T15:12:12.903556+00:00,"{""sourceValue"": 7.352, ""sourceUnit"": ""million fine troy ounces""}"
poland-gold,poland-gold--gold-eur,Polska · Wartość złota w EUR,Poland,Gold value in EUR,2023-01-31,2023-01,month,2023-01-01,12.9331068,mld EUR,monthly,derived,https://data-api.ecb.europa.eu/service/data/RAS/M.N.PL.W1.S121.S1.LE.A.FA.R.._Z....N.ALL?format=csvdata,2026-10-01T15:07:49.183268+00:00,"{""seriesKey"": ""RAS.M.N.PL.W1.S121.S1.LE.A.FA.R.F11._Z.EUR.XAU.M.N.ALL"", ""sourceValue"": ""12933.1068"", ""observationStatus"": ""A""}"
poland-gold,poland-gold--gold-pln,Polska · Wartość złota w PLN,Poland,Gold value in PLN,2023-01-31,2023-01,month,2023-01-01,60.902,mld PLN,monthly,derived,https://data-api.ecb.europa.eu/service/data/RAS/M.N.PL.W1.S121.S1.LE.A.FA.R.._Z....N.ALL?format=csvdata,2026-10-01T15:07:49.183268+00:00,"{""seriesKey"": ""RAS.M.N.PL.W1.S121.S1.LE.A.FA.R.F11._Z.PLN.XAU.M.N.ALL"", ""sourceValue"": ""60902"", ""observationStatus"": ""A""}"
poland-gold,poland-gold--monthly-change,Polska · Zmiana rezerw złota m/m,Poland,Monthly change in gold reserves,2023-01-31,2023-01,month,2023-01-01,0.0,tony / miesiąc,monthly,derived,https://api.db.nomics.world/v22/series/IMF/IRFCL/M.PL.RAFAGOLDV_OZT.S1X?observations=1,2026-10-01T15:12:12.903556+00:00,"{""additionalSourceIds"": [""gold-imf-volume""], ""formula"": ""tonnes(t) - tonnes(t-1)"", ""missingReason"": null}"
poland-gold,poland-gold--reserves-pln,Polska · Oficjalne aktywa rezerwowe,Poland,Official reserve assets,2023-01-31,2023-01,month,2023-01-01,727.078,mld PLN,monthly,derived,https://data-api.ecb.europa.eu/service/data/RAS/M.N.PL.W1.S121.S1.LE.A.FA.R.._Z....N.ALL?format=csvdata,2026-10-01T15:07:49.183268+00:00,"{""seriesKey"": ""RAS.M.N.PL.W1.S121.S1.LE.A.FA.R.F._Z.PLN.X1._X.N.ALL"", ""sourceValue"": ""727078"", ""observationStatus"": ""A""}"
poland-gold,poland-gold--share,Polska · Udział złota w rezerwach,Poland,Gold share of reserves,2023-01-31,2023-01,month,2023-01-01,8.376267745688908,% rezerw,monthly,derived,https://data-api.ecb.europa.eu/service/data/RAS/M.N.PL.W1.S121.S1.LE.A.FA.R.._Z....N.ALL?format=csvdata,2026-10-01T15:07:49.183268+00:00,"{""formula"": ""100 * gold_PLN / total_reserves_PLN"", ""goldValueMillions"": 60902.0, ""totalValueMillions"": 727078.0}"
poland-gold,poland-gold--tonnes,Polska · Rezerwy złota,Poland,Gold reserves,2023-01-31,2023-01,month,2023-01-01,228.6727614336,tony,monthly,derived,https://api.db.nomics.world/v22/series/IMF/IRFCL/M.PL.RAFAGOLDV_OZT.S1X?observations=1,2026-10-01T15:12:12.903556+00:00,"{""sourceValue"": 7.352, ""sourceUnit"": ""million fine troy ounces""}"
poland-gold,poland-gold--gold-eur,Polska · Wartość złota w EUR,Poland,Gold value in EUR,2023-02-28,2023-02,month,2023-02-01,12.56,mld EUR,monthly,derived,https://data-api.ecb.europa.eu/service/data/RAS/M.N.PL.W1.S121.S1.LE.A.FA.R.._Z....N.ALL?format=csvdata,2026-10-01T15:07:49.183268+00:00,"{""seriesKey"": ""RAS.M.N.PL.W1.S121.S1.LE.A.FA.R.F11._Z.EUR.XAU.M.N.ALL"", ""sourceValue"": ""12560"", ""observationStatus"": ""A""}"
poland-gold,poland-gold--gold-pln,Polska · Wartość złota w PLN,Poland,Gold value in PLN,2023-02-28,2023-02,month,2023-02-01,59.189,mld PLN,monthly,derived,https://data-api.ecb.europa.eu/service/data/RAS/M.N.PL.W1.S121.S1.LE.A.FA.R.._Z....N.ALL?format=csvdata,2026-10-01T15:07:49.183268+00:00,"{""seriesKey"": ""RAS.M.N.PL.W1.S121.S1.LE.A.FA.R.F11._Z.PLN.XAU.M.N.ALL"", ""sourceValue"": ""59189"", ""observationStatus"": ""A""}"
poland-gold,poland-gold--monthly-change,Polska · Zmiana rezerw złota m/m,Poland,Monthly change in gold reserves,2023-02-28,2023-02,month,2023-02-01,0.0,tony / miesiąc,monthly,derived,https://api.db.nomics.world/v22/series/IMF/IRFCL/M.PL.RAFAGOLDV_OZT.S1X?observations=1,2026-10-01T15:12:12.903556+00:00,"{""additionalSourceIds"": [""gold-imf-volume""], ""formula"": ""tonnes(t) - tonnes(t-1)"", ""missingReason"": null}"
poland-gold,poland-gold--reserves-pln,Polska · Oficjalne aktywa rezerwowe,Poland,Official reserve assets,2023-02-28,2023-02,month,2023-02-01,746.386,mld PLN,monthly,derived,https://data-api.ecb.europa.eu/service/data/RAS/M.N.PL.W1.S121.S1.LE.A.FA.R.._Z....N.ALL?format=csvdata,2026-10-01T15:07:49.183268+00:00,"{""seriesKey"": ""RAS.M.N.PL.W1.S121.S1.LE.A.FA.R.F._Z.PLN.X1._X.N.ALL"", ""sourceValue"": ""746386"", ""observationStatus"": ""A""}"
poland-gold,poland-gold--share,Polska · Udział złota w rezerwach,Poland,Gold share of reserves,2023-02-28,2023-02,month,2023-02-01,7.930079074366347,% rezerw,monthly,derived,https://data-api.ecb.europa.eu/service/data/RAS/M.N.PL.W1.S121.S1.LE.A.FA.R.._Z....N.ALL?format=csvdata,2026-10-01T15:07:49.183268+00:00,"{""formula"": ""100 * gold_PLN / total_reserves_PLN"", ""goldValueMillions"": 59189.0, ""totalValueMillions"": 746386.0}"
poland-gold,poland-gold--tonnes,Polska · Rezerwy złota,Poland,Gold reserves,2023-02-28,2023-02,month,2023-02-01,228.6727614336,tony,monthly,derived,https://api.db.nomics.world/v22/series/IMF/IRFCL/M.PL.RAFAGOLDV_OZT.S1X?observations=1,2026-10-01T15:12:12.903556+00:00,"{""sourceValue"": 7.352, ""sourceUnit"": ""million fine troy ounces""}"
poland-gold,poland-gold--gold-eur,Polska · Wartość złota w EUR,Poland,Gold value in EUR,2023-03-31,2023-03,month,2023-03-01,13.3747323,mld EUR,monthly,derived,https://data-api.ecb.europa.eu/service/data/RAS/M.N.PL.W1.S121.S1.LE.A.FA.R.._Z....N.ALL?format=csvdata,2026-10-01T15:07:49.183268+00:00,"{""seriesKey"": ""RAS.M.N.PL.W1.S121.S1.LE.A.FA.R.F11._Z.EUR.XAU.M.N.ALL"", ""sourceValue"": ""13374.7323"", ""observationStatus"": ""A""}"
poland-gold,poland-gold--gold-pln,Polska · Wartość złota w PLN,Poland,Gold value in PLN,2023-03-31,2023-03,month,2023-03-01,62.46,mld PLN,monthly,derived,https://data-api.ecb.europa.eu/service/data/RAS/M.N.PL.W1.S121.S1.LE.A.FA.R.._Z....N.ALL?format=csvdata,2026-10-01T15:07:49.183268+00:00,"{""seriesKey"": ""RAS.M.N.PL.W1.S121.S1.LE.A.FA.R.F11._Z.PLN.XAU.M.N.ALL"", ""sourceValue"": ""62460"", ""observationStatus"": ""A""}"
poland-gold,poland-gold--monthly-change,Polska · Zmiana rezerw złota m/m,Poland,Monthly change in gold reserves,2023-03-31,2023-03,month,2023-03-01,0.0,tony / miesiąc,monthly,derived,https://api.db.nomics.world/v22/series/IMF/IRFCL/M.PL.RAFAGOLDV_OZT.S1X?observations=1,2026-10-01T15:12:12.903556+00:00,"{""additionalSourceIds"": [""gold-imf-volume""], ""formula"": ""tonnes(t) - tonnes(t-1)"", ""missingReason"": null}"
poland-gold,poland-gold--reserves-pln,Polska · Oficjalne aktywa rezerwowe,Poland,Official reserve assets,2023-03-31,2023-03,month,2023-03-01,731.428,mld PLN,monthly,derived,https://data-api.ecb.europa.eu/service/data/RAS/M.N.PL.W1.S121.S1.LE.A.FA.R.._Z....N.ALL?format=csvdata,2026-10-01T15:07:49.183268+00:00,"{""seriesKey"": ""RAS.M.N.PL.W1.S121.S1.LE.A.FA.R.F._Z.PLN.X1._X.N.ALL"", ""sourceValue"": ""731428"", ""observationStatus"": ""A""}"
poland-gold,poland-gold--share,Polska · Udział złota w rezerwach,Poland,Gold share of reserves,2023-03-31,2023-03,month,2023-03-01,8.539459796452967,% rezerw,monthly,derived,https://data-api.ecb.europa.eu/service/data/RAS/M.N.PL.W1.S121.S1.LE.A.FA.R.._Z....N.ALL?format=csvdata,2026-10-01T15:07:49.183268+00:00,"{""formula"": ""100 * gold_PLN / total_reserves_PLN"", ""goldValueMillions"": 62460.0, ""totalValueMillions"": 731428.0}"
poland-gold,poland-gold--tonnes,Polska · Rezerwy złota,Poland,Gold reserves,2023-03-31,2023-03,month,2023-03-01,228.6727614336,tony,monthly,derived,https://api.db.nomics.world/v22/series/IMF/IRFCL/M.PL.RAFAGOLDV_OZT.S1X?observations=1,2026-10-01T15:12:12.903556+00:00,"{""sourceValue"": 7.352, ""sourceUnit"": ""million fine troy ounces""}"
poland-gold,poland-gold--gold-eur,Polska · Wartość złota w EUR,Poland,Gold value in EUR,2023-04-30,2023-04,month,2023-04-01,14.1447124,mld EUR,monthly,derived,https://data-api.ecb.europa.eu/service/data/RAS/M.N.PL.W1.S121.S1.LE.A.FA.R.._Z....N.ALL?format=csvdata,2026-10-01T15:07:49.183268+00:00,"{""seriesKey"": ""RAS.M.N.PL.W1.S121.S1.LE.A.FA.R.F11._Z.EUR.XAU.M.N.ALL"", ""sourceValue"": ""14144.7124"", ""observationStatus"": ""A""}"
poland-gold,poland-gold--gold-pln,Polska · Wartość złota w PLN,Poland,Gold value in PLN,2023-04-30,2023-04,month,2023-04-01,64.804,mld PLN,monthly,derived,https://data-api.ecb.europa.eu/service/data/RAS/M.N.PL.W1.S121.S1.LE.A.FA.R.._Z....N.ALL?format=csvdata,2026-10-01T15:07:49.183268+00:00,"{""seriesKey"": ""RAS.M.N.PL.W1.S121.S1.LE.A.FA.R.F11._Z.PLN.XAU.M.N.ALL"", ""sourceValue"": ""64804"", ""observationStatus"": ""A""}"
poland-gold,poland-gold--monthly-change,Polska · Zmiana rezerw złota m/m,Poland,Monthly change in gold reserves,2023-04-30,2023-04,month,2023-04-01,14.8052549568,tony / miesiąc,monthly,derived,https://api.db.nomics.world/v22/series/IMF/IRFCL/M.PL.RAFAGOLDV_OZT.S1X?observations=1,2026-10-01T15:12:12.903556+00:00,"{""additionalSourceIds"": [""gold-imf-volume""], ""formula"": ""tonnes(t) - tonnes(t-1)"", ""missingReason"": null}"
poland-gold,poland-gold--reserves-pln,Polska · Oficjalne aktywa rezerwowe,Poland,Official reserve assets,2023-04-30,2023-04,month,2023-04-01,743.505,mld PLN,monthly,derived,https://data-api.ecb.europa.eu/service/data/RAS/M.N.PL.W1.S121.S1.LE.A.FA.R.._Z....N.ALL?format=csvdata,2026-10-01T15:07:49.183268+00:00,"{""seriesKey"": ""RAS.M.N.PL.W1.S121.S1.LE.A.FA.R.F._Z.PLN.X1._X.N.ALL"", ""sourceValue"": ""743505"", ""observationStatus"": ""A""}"
poland-gold,poland-gold--share,Polska · Udział złota w rezerwach,Poland,Gold share of reserves,2023-04-30,2023-04,month,2023-04-01,8.71601401470064,% rezerw,monthly,derived,https://data-api.ecb.europa.eu/service/data/RAS/M.N.PL.W1.S121.S1.LE.A.FA.R.._Z....N.ALL?format=csvdata,2026-10-01T15:07:49.183268+00:00,"{""formula"": ""100 * gold_PLN / total_reserves_PLN"", ""goldValueMillions"": 64804.0, ""totalValueMillions"": 743505.0}"
poland-gold,poland-gold--tonnes,Polska · Rezerwy złota,Poland,Gold reserves,2023-04-30,2023-04,month,2023-04-01,243.4780163904,tony,monthly,derived,https://api.db.nomics.world/v22/series/IMF/IRFCL/M.PL.RAFAGOLDV_OZT.S1X?observations=1,2026-10-01T15:12:12.903556+00:00,"{""sourceValue"": 7.828, ""sourceUnit"": ""million fine troy ounces""}"
poland-gold,poland-gold--gold-eur,Polska · Wartość złota w EUR,Poland,Gold value in EUR,2023-05-31,2023-05,month,2023-05-01,15.5622906,mld EUR,monthly,derived,https://data-api.ecb.europa.eu/service/data/RAS/M.N.PL.W1.S121.S1.LE.A.FA.R.._Z....N.ALL?format=csvdata,2026-10-01T15:07:49.183268+00:00,"{""seriesKey"": ""RAS.M.N.PL.W1.S121.S1.LE.A.FA.R.F11._Z.EUR.XAU.M.N.ALL"", ""sourceValue"": ""15562.2906"", ""observationStatus"": ""A""}"
poland-gold,poland-gold--gold-pln,Polska · Wartość złota w PLN,Poland,Gold value in PLN,2023-05-31,2023-05,month,2023-05-01,70.603,mld PLN,monthly,derived,https://data-api.ecb.europa.eu/service/data/RAS/M.N.PL.W1.S121.S1.LE.A.FA.R.._Z....N.ALL?format=csvdata,2026-10-01T15:07:49.183268+00:00,"{""seriesKey"": ""RAS.M.N.PL.W1.S121.S1.LE.A.FA.R.F11._Z.PLN.XAU.M.N.ALL"", ""sourceValue"": ""70603"", ""observationStatus"": ""A""}"
poland-gold,poland-gold--monthly-change,Polska · Zmiana rezerw złota m/m,Poland,Monthly change in gold reserves,2023-05-31,2023-05,month,2023-05-01,19.906225152,tony / miesiąc,monthly,derived,https://api.db.nomics.world/v22/series/IMF/IRFCL/M.PL.RAFAGOLDV_OZT.S1X?observations=1,2026-10-01T15:12:12.903556+00:00,"{""additionalSourceIds"": [""gold-imf-volume""], ""formula"": ""tonnes(t) - tonnes(t-1)"", ""missingReason"": null}"
poland-gold,poland-gold--reserves-pln,Polska · Oficjalne aktywa rezerwowe,Poland,Official reserve assets,2023-05-31,2023-05,month,2023-05-01,749.503,mld PLN,monthly,derived,https://data-api.ecb.europa.eu/service/data/RAS/M.N.PL.W1.S121.S1.LE.A.FA.R.._Z....N.ALL?format=csvdata,2026-10-01T15:07:49.183268+00:00,"{""seriesKey"": ""RAS.M.N.PL.W1.S121.S1.LE.A.FA.R.F._Z.PLN.X1._X.N.ALL"", ""sourceValue"": ""749503"", ""observationStatus"": ""A""}"
poland-gold,poland-gold--share,Polska · Udział złota w rezerwach,Poland,Gold share of reserves,2023-05-31,2023-05,month,2023-05-01,9.41997563718891,% rezerw,monthly,derived,https://data-api.ecb.europa.eu/service/data/RAS/M.N.PL.W1.S121.S1.LE.A.FA.R.._Z....N.ALL?format=csvdata,2026-10-01T15:07:49.183268+00:00,"{""formula"": ""100 * gold_PLN / total_reserves_PLN"", ""goldValueMillions"": 70603.0, ""totalValueMillions"": 749503.0}"
poland-gold,poland-gold--tonnes,Polska · Rezerwy złota,Poland,Gold reserves,2023-05-31,2023-05,month,2023-05-01,263.3842415424,tony,monthly,derived,https://api.db.nomics.world/v22/series/IMF/IRFCL/M.PL.RAFAGOLDV_OZT.S1X?observations=1,2026-10-01T15:12:12.903556+00:00,"{""sourceValue"": 8.468, ""sourceUnit"": ""million fine troy ounces""}"
poland-gold,poland-gold--gold-eur,Polska · Wartość złota w EUR,Poland,Gold value in EUR,2023-06-30,2023-06,month,2023-06-01,15.6882491,mld EUR,monthly,derived,https://data-api.ecb.europa.eu/service/data/RAS/M.N.PL.W1.S121.S1.LE.A.FA.R.._Z....N.ALL?format=csvdata,2026-10-01T15:07:49.183268+00:00,"{""seriesKey"": ""RAS.M.N.PL.W1.S121.S1.LE.A.FA.R.F11._Z.EUR.XAU.M.N.ALL"", ""sourceValue"": ""15688.2491"", ""observationStatus"": ""A""}"
poland-gold,poland-gold--gold-pln,Polska · Wartość złota w PLN,Poland,Gold value in PLN,2023-06-30,2023-06,month,2023-06-01,69.637,mld PLN,monthly,derived,https://data-api.ecb.europa.eu/service/data/RAS/M.N.PL.W1.S121.S1.LE.A.FA.R.._Z....N.ALL?format=csvdata,2026-10-01T15:07:49.183268+00:00,"{""seriesKey"": ""RAS.M.N.PL.W1.S121.S1.LE.A.FA.R.F11._Z.PLN.XAU.M.N.ALL"", ""sourceValue"": ""69637"", ""observationStatus"": ""A""}"
poland-gold,poland-gold--monthly-change,Polska · Zmiana rezerw złota m/m,Poland,Monthly change in gold reserves,2023-06-30,2023-06,month,2023-06-01,13.685529792,tony / miesiąc,monthly,derived,https://api.db.nomics.world/v22/series/IMF/IRFCL/M.PL.RAFAGOLDV_OZT.S1X?observations=1,2026-10-01T15:12:12.903556+00:00,"{""additionalSourceIds"": [""gold-imf-volume""], ""formula"": ""tonnes(t) - tonnes(t-1)"", ""missingReason"": null}"
poland-gold,poland-gold--reserves-pln,Polska · Oficjalne aktywa rezerwowe,Poland,Official reserve assets,2023-06-30,2023-06,month,2023-06-01,742.323,mld PLN,monthly,derived,https://data-api.ecb.europa.eu/service/data/RAS/M.N.PL.W1.S121.S1.LE.A.FA.R.._Z....N.ALL?format=csvdata,2026-10-01T15:07:49.183268+00:00,"{""seriesKey"": ""RAS.M.N.PL.W1.S121.S1.LE.A.FA.R.F._Z.PLN.X1._X.N.ALL"", ""sourceValue"": ""742323"", ""observationStatus"": ""A""}"
poland-gold,poland-gold--share,Polska · Udział złota w rezerwach,Poland,Gold share of reserves,2023-06-30,2023-06,month,2023-06-01,9.380956807211955,% rezerw,monthly,derived,https://data-api.ecb.europa.eu/service/data/RAS/M.N.PL.W1.S121.S1.LE.A.FA.R.._Z....N.ALL?format=csvdata,2026-10-01T15:07:49.183268+00:00,"{""formula"": ""100 * gold_PLN / total_reserves_PLN"", ""goldValueMillions"": 69637.0, ""totalValueMillions"": 742323.0}"
poland-gold,poland-gold--tonnes,Polska · Rezerwy złota,Poland,Gold reserves,2023-06-30,2023-06,month,2023-06-01,277.0697713344,tony,monthly,derived,https://api.db.nomics.world/v22/series/IMF/IRFCL/M.PL.RAFAGOLDV_OZT.S1X?observations=1,2026-10-01T15:12:12.903556+00:00,"{""sourceValue"": 8.908, ""sourceUnit"": ""million fine troy ounces""}"
poland-gold,poland-gold--gold-eur,Polska · Wartość złota w EUR,Poland,Gold value in EUR,2023-07-31,2023-07,month,2023-07-01,17.0871341,mld EUR,monthly,derived,https://data-api.ecb.europa.eu/service/data/RAS/M.N.PL.W1.S121.S1.LE.A.FA.R.._Z....N.ALL?format=csvdata,2026-10-01T15:07:49.183268+00:00,"{""seriesKey"": ""RAS.M.N.PL.W1.S121.S1.LE.A.FA.R.F11._Z.EUR.XAU.M.N.ALL"", ""sourceValue"": ""17087.1341"", ""observationStatus"": ""A""}"
poland-gold,poland-gold--gold-pln,Polska · Wartość złota w PLN,Poland,Gold value in PLN,2023-07-31,2023-07,month,2023-07-01,75.303,mld PLN,monthly,derived,https://data-api.ecb.europa.eu/service/data/RAS/M.N.PL.W1.S121.S1.LE.A.FA.R.._Z....N.ALL?format=csvdata,2026-10-01T15:07:49.183268+00:00,"{""seriesKey"": ""RAS.M.N.PL.W1.S121.S1.LE.A.FA.R.F11._Z.PLN.XAU.M.N.ALL"", ""sourceValue"": ""75303"", ""observationStatus"": ""A""}"
poland-gold,poland-gold--monthly-change,Polska · Zmiana rezerw złota m/m,Poland,Monthly change in gold reserves,2023-07-31,2023-07,month,2023-07-01,22.394503296,tony / miesiąc,monthly,derived,https://api.db.nomics.world/v22/series/IMF/IRFCL/M.PL.RAFAGOLDV_OZT.S1X?observations=1,2026-10-01T15:12:12.903556+00:00,"{""additionalSourceIds"": [""gold-imf-volume""], ""formula"": ""tonnes(t) - tonnes(t-1)"", ""missingReason"": null}"
poland-gold,poland-gold--reserves-pln,Polska · Oficjalne aktywa rezerwowe,Poland,Official reserve assets,2023-07-31,2023-07,month,2023-07-01,727.483,mld PLN,monthly,derived,https://data-api.ecb.europa.eu/service/data/RAS/M.N.PL.W1.S121.S1.LE.A.FA.R.._Z....N.ALL?format=csvdata,2026-10-01T15:07:49.183268+00:00,"{""seriesKey"": ""RAS.M.N.PL.W1.S121.S1.LE.A.FA.R.F._Z.PLN.X1._X.N.ALL"", ""sourceValue"": ""727483"", ""observationStatus"": ""A""}"
poland-gold,poland-gold--share,Polska · Udział złota w rezerwach,Poland,Gold share of reserves,2023-07-31,2023-07,month,2023-07-01,10.351169718055267,% rezerw,monthly,derived,https://data-api.ecb.europa.eu/service/data/RAS/M.N.PL.W1.S121.S1.LE.A.FA.R.._Z....N.ALL?format=csvdata,2026-10-01T15:07:49.183268+00:00,"{""formula"": ""100 * gold_PLN / total_reserves_PLN"", ""goldValueMillions"": 75303.0, ""totalValueMillions"": 727483.0}"
poland-gold,poland-gold--tonnes,Polska · Rezerwy złota,Poland,Gold reserves,2023-07-31,2023-07,month,2023-07-01,299.4642746304,tony,monthly,derived,https://api.db.nomics.world/v22/series/IMF/IRFCL/M.PL.RAFAGOLDV_OZT.S1X?observations=1,2026-10-01T15:12:12.903556+00:00,"{""sourceValue"": 9.628, ""sourceUnit"": ""million fine troy ounces""}"
poland-gold,poland-gold--gold-eur,Polska · Wartość złota w EUR,Poland,Gold value in EUR,2023-08-31,2023-08,month,2023-08-01,18.0686321,mld EUR,monthly,derived,https://data-api.ecb.europa.eu/service/data/RAS/M.N.PL.W1.S121.S1.LE.A.FA.R.._Z....N.ALL?format=csvdata,2026-10-01T15:07:49.183268+00:00,"{""seriesKey"": ""RAS.M.N.PL.W1.S121.S1.LE.A.FA.R.F11._Z.EUR.XAU.M.N.ALL"", ""sourceValue"": ""18068.6321"", ""observationStatus"": ""A""}"
poland-gold,poland-gold--gold-pln,Polska · Wartość złota w PLN,Poland,Gold value in PLN,2023-08-31,2023-08,month,2023-08-01,80.718,mld PLN,monthly,derived,https://data-api.ecb.europa.eu/service/data/RAS/M.N.PL.W1.S121.S1.LE.A.FA.R.._Z....N.ALL?format=csvdata,2026-10-01T15:07:49.183268+00:00,"{""seriesKey"": ""RAS.M.N.PL.W1.S121.S1.LE.A.FA.R.F11._Z.PLN.XAU.M.N.ALL"", ""sourceValue"": ""80718"", ""observationStatus"": ""A""}"
poland-gold,poland-gold--monthly-change,Polska · Zmiana rezerw złota m/m,Poland,Monthly change in gold reserves,2023-08-31,2023-08,month,2023-08-01,14.929668864,tony / miesiąc,monthly,derived,https://api.db.nomics.world/v22/series/IMF/IRFCL/M.PL.RAFAGOLDV_OZT.S1X?observations=1,2026-10-01T15:12:12.903556+00:00,"{""additionalSourceIds"": [""gold-imf-volume""], ""formula"": ""tonnes(t) - tonnes(t-1)"", ""missingReason"": null}"
poland-gold,poland-gold--reserves-pln,Polska · Oficjalne aktywa rezerwowe,Poland,Official reserve assets,2023-08-31,2023-08,month,2023-08-01,748.536,mld PLN,monthly,derived,https://data-api.ecb.europa.eu/service/data/RAS/M.N.PL.W1.S121.S1.LE.A.FA.R.._Z....N.ALL?format=csvdata,2026-10-01T15:07:49.183268+00:00,"{""seriesKey"": ""RAS.M.N.PL.W1.S121.S1.LE.A.FA.R.F._Z.PLN.X1._X.N.ALL"", ""sourceValue"": ""748536"", ""observationStatus"": ""A""}"
poland-gold,poland-gold--share,Polska · Udział złota w rezerwach,Poland,Gold share of reserves,2023-08-31,2023-08,month,2023-08-01,10.783449293019975,% rezerw,monthly,derived,https://data-api.ecb.europa.eu/service/data/RAS/M.N.PL.W1.S121.S1.LE.A.FA.R.._Z....N.ALL?format=csvdata,2026-10-01T15:07:49.183268+00:00,"{""formula"": ""100 * gold_PLN / total_reserves_PLN"", ""goldValueMillions"": 80718.0, ""totalValueMillions"": 748536.0}"
poland-gold,poland-gold--tonnes,Polska · Rezerwy złota,Poland,Gold reserves,2023-08-31,2023-08,month,2023-08-01,314.3939434944,tony,monthly,derived,https://api.db.nomics.world/v22/series/IMF/IRFCL/M.PL.RAFAGOLDV_OZT.S1X?observations=1,2026-10-01T15:12:12.903556+00:00,"{""sourceValue"": 10.108, ""sourceUnit"": ""million fine troy ounces""}"
poland-gold,poland-gold--gold-eur,Polska · Wartość złota w EUR,Poland,Gold value in EUR,2023-09-30,2023-09,month,2023-09-01,18.9585809,mld EUR,monthly,derived,https://data-api.ecb.europa.eu/service/data/RAS/M.N.PL.W1.S121.S1.LE.A.FA.R.._Z....N.ALL?format=csvdata,2026-10-01T15:07:49.183268+00:00,"{""seriesKey"": ""RAS.M.N.PL.W1.S121.S1.LE.A.FA.R.F11._Z.EUR.XAU.M.N.ALL"", ""sourceValue"": ""18958.5809"", ""observationStatus"": ""A""}"
poland-gold,poland-gold--gold-pln,Polska · Wartość złota w PLN,Poland,Gold value in PLN,2023-09-30,2023-09,month,2023-09-01,87.746,mld PLN,monthly,derived,https://data-api.ecb.europa.eu/service/data/RAS/M.N.PL.W1.S121.S1.LE.A.FA.R.._Z....N.ALL?format=csvdata,2026-10-01T15:07:49.183268+00:00,"{""seriesKey"": ""RAS.M.N.PL.W1.S121.S1.LE.A.FA.R.F11._Z.PLN.XAU.M.N.ALL"", ""sourceValue"": ""87746"", ""observationStatus"": ""A""}"
poland-gold,poland-gold--monthly-change,Polska · Zmiana rezerw złota m/m,Poland,Monthly change in gold reserves,2023-09-30,2023-09,month,2023-09-01,19.3152590928,tony / miesiąc,monthly,derived,https://api.db.nomics.world/v22/series/IMF/IRFCL/M.PL.RAFAGOLDV_OZT.S1X?observations=1,2026-10-01T15:12:12.903556+00:00,"{""additionalSourceIds"": [""gold-imf-volume""], ""formula"": ""tonnes(t) - tonnes(t-1)"", ""missingReason"": null}"
poland-gold,poland-gold--reserves-pln,Polska · Oficjalne aktywa rezerwowe,Poland,Official reserve assets,2023-09-30,2023-09,month,2023-09-01,786.645,mld PLN,monthly,derived,https://data-api.ecb.europa.eu/service/data/RAS/M.N.PL.W1.S121.S1.LE.A.FA.R.._Z....N.ALL?format=csvdata,2026-10-01T15:07:49.183268+00:00,"{""seriesKey"": ""RAS.M.N.PL.W1.S121.S1.LE.A.FA.R.F._Z.PLN.X1._X.N.ALL"", ""sourceValue"": ""786645"", ""observationStatus"": ""A""}"
poland-gold,poland-gold--share,Polska · Udział złota w rezerwach,Poland,Gold share of reserves,2023-09-30,2023-09,month,2023-09-01,11.154459762662954,% rezerw,monthly,derived,https://data-api.ecb.europa.eu/service/data/RAS/M.N.PL.W1.S121.S1.LE.A.FA.R.._Z....N.ALL?format=csvdata,2026-10-01T15:07:49.183268+00:00,"{""formula"": ""100 * gold_PLN / total_reserves_PLN"", ""goldValueMillions"": 87746.0, ""totalValueMillions"": 786645.0}"
poland-gold,poland-gold--tonnes,Polska · Rezerwy złota,Poland,Gold reserves,2023-09-30,2023-09,month,2023-09-01,333.7092025872,tony,monthly,derived,https://api.db.nomics.world/v22/series/IMF/IRFCL/M.PL.RAFAGOLDV_OZT.S1X?observations=1,2026-10-01T15:12:12.903556+00:00,"{""sourceValue"": 10.729, ""sourceUnit"": ""million fine troy ounces""}"
poland-gold,poland-gold--gold-eur,Polska · Wartość złota w EUR,Poland,Gold value in EUR,2023-10-31,2023-10,month,2023-10-01,20.4952145,mld EUR,monthly,derived,https://data-api.ecb.europa.eu/service/data/RAS/M.N.PL.W1.S121.S1.LE.A.FA.R.._Z....N.ALL?format=csvdata,2026-10-01T15:07:49.183268+00:00,"{""seriesKey"": ""RAS.M.N.PL.W1.S121.S1.LE.A.FA.R.F11._Z.EUR.XAU.M.N.ALL"", ""sourceValue"": ""20495.2145"", ""observationStatus"": ""A""}"
poland-gold,poland-gold--gold-pln,Polska · Wartość złota w PLN,Poland,Gold value in PLN,2023-10-31,2023-10,month,2023-10-01,91.009,mld PLN,monthly,derived,https://data-api.ecb.europa.eu/service/data/RAS/M.N.PL.W1.S121.S1.LE.A.FA.R.._Z....N.ALL?format=csvdata,2026-10-01T15:07:49.183268+00:00,"{""seriesKey"": ""RAS.M.N.PL.W1.S121.S1.LE.A.FA.R.F11._Z.PLN.XAU.M.N.ALL"", ""sourceValue"": ""91009"", ""observationStatus"": ""A""}"
poland-gold,poland-gold--monthly-change,Polska · Zmiana rezerw złota m/m,Poland,Monthly change in gold reserves,2023-10-31,2023-10,month,2023-10-01,6.2517988368,tony / miesiąc,monthly,derived,https://api.db.nomics.world/v22/series/IMF/IRFCL/M.PL.RAFAGOLDV_OZT.S1X?observations=1,2026-10-01T15:12:12.903556+00:00,"{""additionalSourceIds"": [""gold-imf-volume""], ""formula"": ""tonnes(t) - tonnes(t-1)"", ""missingReason"": null}"
poland-gold,poland-gold--reserves-pln,Polska · Oficjalne aktywa rezerwowe,Poland,Official reserve assets,2023-10-31,2023-10,month,2023-10-01,737.825,mld PLN,monthly,derived,https://data-api.ecb.europa.eu/service/data/RAS/M.N.PL.W1.S121.S1.LE.A.FA.R.._Z....N.ALL?format=csvdata,2026-10-01T15:07:49.183268+00:00,"{""seriesKey"": ""RAS.M.N.PL.W1.S121.S1.LE.A.FA.R.F._Z.PLN.X1._X.N.ALL"", ""sourceValue"": ""737825"", ""observationStatus"": ""A""}"
poland-gold,poland-gold--share,Polska · Udział złota w rezerwach,Poland,Gold share of reserves,2023-10-31,2023-10,month,2023-10-01,12.334767729475146,% rezerw,monthly,derived,https://data-api.ecb.europa.eu/service/data/RAS/M.N.PL.W1.S121.S1.LE.A.FA.R.._Z....N.ALL?format=csvdata,2026-10-01T15:07:49.183268+00:00,"{""formula"": ""100 * gold_PLN / total_reserves_PLN"", ""goldValueMillions"": 91009.0, ""totalValueMillions"": 737825.0}"
poland-gold,poland-gold--tonnes,Polska · Rezerwy złota,Poland,Gold reserves,2023-10-31,2023-10,month,2023-10-01,339.961001424,tony,monthly,derived,https://api.db.nomics.world/v22/series/IMF/IRFCL/M.PL.RAFAGOLDV_OZT.S1X?observations=1,2026-10-01T15:12:12.903556+00:00,"{""sourceValue"": 10.93, ""sourceUnit"": ""million fine troy ounces""}"
poland-gold,poland-gold--gold-eur,Polska · Wartość złota w EUR,Poland,Gold value in EUR,2023-11-30,2023-11,month,2023-11-01,21.5125316,mld EUR,monthly,derived,https://data-api.ecb.europa.eu/service/data/RAS/M.N.PL.W1.S121.S1.LE.A.FA.R.._Z....N.ALL?format=csvdata,2026-10-01T15:07:49.183268+00:00,"{""seriesKey"": ""RAS.M.N.PL.W1.S121.S1.LE.A.FA.R.F11._Z.EUR.XAU.M.N.ALL"", ""sourceValue"": ""21512.5316"", ""observationStatus"": ""A""}"
poland-gold,poland-gold--gold-pln,Polska · Wartość złota w PLN,Poland,Gold value in PLN,2023-11-30,2023-11,month,2023-11-01,93.558,mld PLN,monthly,derived,https://data-api.ecb.europa.eu/service/data/RAS/M.N.PL.W1.S121.S1.LE.A.FA.R.._Z....N.ALL?format=csvdata,2026-10-01T15:07:49.183268+00:00,"{""seriesKey"": ""RAS.M.N.PL.W1.S121.S1.LE.A.FA.R.F11._Z.PLN.XAU.M.N.ALL"", ""sourceValue"": ""93558"", ""observationStatus"": ""A""}"
poland-gold,poland-gold--monthly-change,Polska · Zmiana rezerw złota m/m,Poland,Monthly change in gold reserves,2023-11-30,2023-11,month,2023-11-01,18.7242930336,tony / miesiąc,monthly,derived,https://api.db.nomics.world/v22/series/IMF/IRFCL/M.PL.RAFAGOLDV_OZT.S1X?observations=1,2026-10-01T15:12:12.903556+00:00,"{""additionalSourceIds"": [""gold-imf-volume""], ""formula"": ""tonnes(t) - tonnes(t-1)"", ""missingReason"": null}"
poland-gold,poland-gold--reserves-pln,Polska · Oficjalne aktywa rezerwowe,Poland,Official reserve assets,2023-11-30,2023-11,month,2023-11-01,743.302,mld PLN,monthly,derived,https://data-api.ecb.europa.eu/service/data/RAS/M.N.PL.W1.S121.S1.LE.A.FA.R.._Z....N.ALL?format=csvdata,2026-10-01T15:07:49.183268+00:00,"{""seriesKey"": ""RAS.M.N.PL.W1.S121.S1.LE.A.FA.R.F._Z.PLN.X1._X.N.ALL"", ""sourceValue"": ""743302"", ""observationStatus"": ""A""}"
poland-gold,poland-gold--share,Polska · Udział złota w rezerwach,Poland,Gold share of reserves,2023-11-30,2023-11,month,2023-11-01,12.586808591931678,% rezerw,monthly,derived,https://data-api.ecb.europa.eu/service/data/RAS/M.N.PL.W1.S121.S1.LE.A.FA.R.._Z....N.ALL?format=csvdata,2026-10-01T15:07:49.183268+00:00,"{""formula"": ""100 * gold_PLN / total_reserves_PLN"", ""goldValueMillions"": 93558.0, ""totalValueMillions"": 743302.0}"
poland-gold,poland-gold--tonnes,Polska · Rezerwy złota,Poland,Gold reserves,2023-11-30,2023-11,month,2023-11-01,358.6852944576,tony,monthly,derived,https://api.db.nomics.world/v22/series/IMF/IRFCL/M.PL.RAFAGOLDV_OZT.S1X?observations=1,2026-10-01T15:12:12.903556+00:00,"{""sourceValue"": 11.532, ""sourceUnit"": ""million fine troy ounces""}"
poland-gold,poland-gold--gold-eur,Polska · Wartość złota w EUR,Poland,Gold value in EUR,2023-12-31,2023-12,month,2023-12-01,21.5672312,mld EUR,monthly,derived,https://data-api.ecb.europa.eu/service/data/RAS/M.N.PL.W1.S121.S1.LE.A.FA.R.._Z....N.ALL?format=csvdata,2026-10-01T15:07:49.183268+00:00,"{""seriesKey"": ""RAS.M.N.PL.W1.S121.S1.LE.A.FA.R.F11._Z.EUR.XAU.M.N.ALL"", ""sourceValue"": ""21567.2312"", ""observationStatus"": ""A""}"
poland-gold,poland-gold--gold-pln,Polska · Wartość złota w PLN,Poland,Gold value in PLN,2023-12-31,2023-12,month,2023-12-01,93.591,mld PLN,monthly,derived,https://data-api.ecb.europa.eu/service/data/RAS/M.N.PL.W1.S121.S1.LE.A.FA.R.._Z....N.ALL?format=csvdata,2026-10-01T15:07:49.183268+00:00,"{""seriesKey"": ""RAS.M.N.PL.W1.S121.S1.LE.A.FA.R.F11._Z.PLN.XAU.M.N.ALL"", ""sourceValue"": ""93591"", ""observationStatus"": ""A""}"
poland-gold,poland-gold--monthly-change,Polska · Zmiana rezerw złota m/m,Poland,Monthly change in gold reserves,2023-12-31,2023-12,month,2023-12-01,0.0,tony / miesiąc,monthly,derived,https://api.db.nomics.world/v22/series/IMF/IRFCL/M.PL.RAFAGOLDV_OZT.S1X?observations=1,2026-10-01T15:12:12.903556+00:00,"{""additionalSourceIds"": [""gold-imf-volume""], ""formula"": ""tonnes(t) - tonnes(t-1)"", ""missingReason"": null}"
poland-gold,poland-gold--reserves-pln,Polska · Oficjalne aktywa rezerwowe,Poland,Official reserve assets,2023-12-31,2023-12,month,2023-12-01,762.651,mld PLN,monthly,derived,https://data-api.ecb.europa.eu/service/data/RAS/M.N.PL.W1.S121.S1.LE.A.FA.R.._Z....N.ALL?format=csvdata,2026-10-01T15:07:49.183268+00:00,"{""seriesKey"": ""RAS.M.N.PL.W1.S121.S1.LE.A.FA.R.F._Z.PLN.X1._X.N.ALL"", ""sourceValue"": ""762651"", ""observationStatus"": ""A""}"
poland-gold,poland-gold--share,Polska · Udział złota w rezerwach,Poland,Gold share of reserves,2023-12-31,2023-12,month,2023-12-01,12.271799289583308,% rezerw,monthly,derived,https://data-api.ecb.europa.eu/service/data/RAS/M.N.PL.W1.S121.S1.LE.A.FA.R.._Z....N.ALL?format=csvdata,2026-10-01T15:07:49.183268+00:00,"{""formula"": ""100 * gold_PLN / total_reserves_PLN"", ""goldValueMillions"": 93591.0, ""totalValueMillions"": 762651.0}"
poland-gold,poland-gold--tonnes,Polska · Rezerwy złota,Poland,Gold reserves,2023-12-31,2023-12,month,2023-12-01,358.6852944576,tony,monthly,derived,https://api.db.nomics.world/v22/series/IMF/IRFCL/M.PL.RAFAGOLDV_OZT.S1X?observations=1,2026-10-01T15:12:12.903556+00:00,"{""sourceValue"": 11.532, ""sourceUnit"": ""million fine troy ounces""}"
poland-gold,poland-gold--gold-eur,Polska · Wartość złota w EUR,Poland,Gold value in EUR,2024-01-31,2024-01,month,2024-01-01,21.7689822,mld EUR,monthly,derived,https://data-api.ecb.europa.eu/service/data/RAS/M.N.PL.W1.S121.S1.LE.A.FA.R.._Z....N.ALL?format=csvdata,2026-10-01T15:07:49.183268+00:00,"{""seriesKey"": ""RAS.M.N.PL.W1.S121.S1.LE.A.FA.R.F11._Z.EUR.XAU.M.N.ALL"", ""sourceValue"": ""21768.9822"", ""observationStatus"": ""A""}"
poland-gold,poland-gold--gold-pln,Polska · Wartość złota w PLN,Poland,Gold value in PLN,2024-01-31,2024-01,month,2024-01-01,94.325,mld PLN,monthly,derived,https://data-api.ecb.europa.eu/service/data/RAS/M.N.PL.W1.S121.S1.LE.A.FA.R.._Z....N.ALL?format=csvdata,2026-10-01T15:07:49.183268+00:00,"{""seriesKey"": ""RAS.M.N.PL.W1.S121.S1.LE.A.FA.R.F11._Z.PLN.XAU.M.N.ALL"", ""sourceValue"": ""94325"", ""observationStatus"": ""A""}"
poland-gold,poland-gold--monthly-change,Polska · Zmiana rezerw złota m/m,Poland,Monthly change in gold reserves,2024-01-31,2024-01,month,2024-01-01,0.0,tony / miesiąc,monthly,derived,https://api.db.nomics.world/v22/series/IMF/IRFCL/M.PL.RAFAGOLDV_OZT.S1X?observations=1,2026-10-01T15:12:12.903556+00:00,"{""additionalSourceIds"": [""gold-imf-volume""], ""formula"": ""tonnes(t) - tonnes(t-1)"", ""missingReason"": null}"
poland-gold,poland-gold--reserves-pln,Polska · Oficjalne aktywa rezerwowe,Poland,Official reserve assets,2024-01-31,2024-01,month,2024-01-01,760.795,mld PLN,monthly,derived,https://data-api.ecb.europa.eu/service/data/RAS/M.N.PL.W1.S121.S1.LE.A.FA.R.._Z....N.ALL?format=csvdata,2026-10-01T15:07:49.183268+00:00,"{""seriesKey"": ""RAS.M.N.PL.W1.S121.S1.LE.A.FA.R.F._Z.PLN.X1._X.N.ALL"", ""sourceValue"": ""760795"", ""observationStatus"": ""A""}"
poland-gold,poland-gold--share,Polska · Udział złota w rezerwach,Poland,Gold share of reserves,2024-01-31,2024-01,month,2024-01-01,12.398215025072457,% rezerw,monthly,derived,https://data-api.ecb.europa.eu/service/data/RAS/M.N.PL.W1.S121.S1.LE.A.FA.R.._Z....N.ALL?format=csvdata,2026-10-01T15:07:49.183268+00:00,"{""formula"": ""100 * gold_PLN / total_reserves_PLN"", ""goldValueMillions"": 94325.0, ""totalValueMillions"": 760795.0}"
poland-gold,poland-gold--tonnes,Polska · Rezerwy złota,Poland,Gold reserves,2024-01-31,2024-01,month,2024-01-01,358.6852944576,tony,monthly,derived,https://api.db.nomics.world/v22/series/IMF/IRFCL/M.PL.RAFAGOLDV_OZT.S1X?observations=1,2026-10-01T15:12:12.903556+00:00,"{""sourceValue"": 11.532, ""sourceUnit"": ""million fine troy ounces""}"
poland-gold,poland-gold--gold-eur,Polska · Wartość złota w EUR,Poland,Gold value in EUR,2024-02-29,2024-02,month,2024-02-01,21.5955379,mld EUR,monthly,derived,https://data-api.ecb.europa.eu/service/data/RAS/M.N.PL.W1.S121.S1.LE.A.FA.R.._Z....N.ALL?format=csvdata,2026-10-01T15:07:49.183268+00:00,"{""seriesKey"": ""RAS.M.N.PL.W1.S121.S1.LE.A.FA.R.F11._Z.EUR.XAU.M.N.ALL"", ""sourceValue"": ""21595.5379"", ""observationStatus"": ""A""}"
poland-gold,poland-gold--gold-pln,Polska · Wartość złota w PLN,Poland,Gold value in PLN,2024-02-29,2024-02,month,2024-02-01,93.31,mld PLN,monthly,derived,https://data-api.ecb.europa.eu/service/data/RAS/M.N.PL.W1.S121.S1.LE.A.FA.R.._Z....N.ALL?format=csvdata,2026-10-01T15:07:49.183268+00:00,"{""seriesKey"": ""RAS.M.N.PL.W1.S121.S1.LE.A.FA.R.F11._Z.PLN.XAU.M.N.ALL"", ""sourceValue"": ""93310"", ""observationStatus"": ""A""}"
poland-gold,poland-gold--monthly-change,Polska · Zmiana rezerw złota m/m,Poland,Monthly change in gold reserves,2024-02-29,2024-02,month,2024-02-01,0.0,tony / miesiąc,monthly,derived,https://api.db.nomics.world/v22/series/IMF/IRFCL/M.PL.RAFAGOLDV_OZT.S1X?observations=1,2026-10-01T15:12:12.903556+00:00,"{""additionalSourceIds"": [""gold-imf-volume""], ""formula"": ""tonnes(t) - tonnes(t-1)"", ""missingReason"": null}"
poland-gold,poland-gold--reserves-pln,Polska · Oficjalne aktywa rezerwowe,Poland,Official reserve assets,2024-02-29,2024-02,month,2024-02-01,748.279,mld PLN,monthly,derived,https://data-api.ecb.europa.eu/service/data/RAS/M.N.PL.W1.S121.S1.LE.A.FA.R.._Z....N.ALL?format=csvdata,2026-10-01T15:07:49.183268+00:00,"{""seriesKey"": ""RAS.M.N.PL.W1.S121.S1.LE.A.FA.R.F._Z.PLN.X1._X.N.ALL"", ""sourceValue"": ""748279"", ""observationStatus"": ""A""}"
poland-gold,poland-gold--share,Polska · Udział złota w rezerwach,Poland,Gold share of reserves,2024-02-29,2024-02,month,2024-02-01,12.469947706670908,% rezerw,monthly,derived,https://data-api.ecb.europa.eu/service/data/RAS/M.N.PL.W1.S121.S1.LE.A.FA.R.._Z....N.ALL?format=csvdata,2026-10-01T15:07:49.183268+00:00,"{""formula"": ""100 * gold_PLN / total_reserves_PLN"", ""goldValueMillions"": 93310.0, ""totalValueMillions"": 748279.0}"
poland-gold,poland-gold--tonnes,Polska · Rezerwy złota,Poland,Gold reserves,2024-02-29,2024-02,month,2024-02-01,358.6852944576,tony,monthly,derived,https://api.db.nomics.world/v22/series/IMF/IRFCL/M.PL.RAFAGOLDV_OZT.S1X?observations=1,2026-10-01T15:12:12.903556+00:00,"{""sourceValue"": 11.532, ""sourceUnit"": ""million fine troy ounces""}"
poland-gold,poland-gold--gold-eur,Polska · Wartość złota w EUR,Poland,Gold value in EUR,2024-03-31,2024-03,month,2024-03-01,23.619878,mld EUR,monthly,derived,https://data-api.ecb.europa.eu/service/data/RAS/M.N.PL.W1.S121.S1.LE.A.FA.R.._Z....N.ALL?format=csvdata,2026-10-01T15:07:49.183268+00:00,"{""seriesKey"": ""RAS.M.N.PL.W1.S121.S1.LE.A.FA.R.F11._Z.EUR.XAU.M.N.ALL"", ""sourceValue"": ""23619.878"", ""observationStatus"": ""A""}"
poland-gold,poland-gold--gold-pln,Polska · Wartość złota w PLN,Poland,Gold value in PLN,2024-03-31,2024-03,month,2024-03-01,101.856,mld PLN,monthly,derived,https://data-api.ecb.europa.eu/service/data/RAS/M.N.PL.W1.S121.S1.LE.A.FA.R.._Z....N.ALL?format=csvdata,2026-10-01T15:07:49.183268+00:00,"{""seriesKey"": ""RAS.M.N.PL.W1.S121.S1.LE.A.FA.R.F11._Z.PLN.XAU.M.N.ALL"", ""sourceValue"": ""101856"", ""observationStatus"": ""A""}"
poland-gold,poland-gold--monthly-change,Polska · Zmiana rezerw złota m/m,Poland,Monthly change in gold reserves,2024-03-31,2024-03,month,2024-03-01,0.0,tony / miesiąc,monthly,derived,https://api.db.nomics.world/v22/series/IMF/IRFCL/M.PL.RAFAGOLDV_OZT.S1X?observations=1,2026-10-01T15:12:12.903556+00:00,"{""additionalSourceIds"": [""gold-imf-volume""], ""formula"": ""tonnes(t) - tonnes(t-1)"", ""missingReason"": null}"
poland-gold,poland-gold--reserves-pln,Polska · Oficjalne aktywa rezerwowe,Poland,Official reserve assets,2024-03-31,2024-03,month,2024-03-01,807.69,mld PLN,monthly,derived,https://data-api.ecb.europa.eu/service/data/RAS/M.N.PL.W1.S121.S1.LE.A.FA.R.._Z....N.ALL?format=csvdata,2026-10-01T15:07:49.183268+00:00,"{""seriesKey"": ""RAS.M.N.PL.W1.S121.S1.LE.A.FA.R.F._Z.PLN.X1._X.N.ALL"", ""sourceValue"": ""807690"", ""observationStatus"": ""A""}"
poland-gold,poland-gold--share,Polska · Udział złota w rezerwach,Poland,Gold share of reserves,2024-03-31,2024-03,month,2024-03-01,12.61077888793968,% rezerw,monthly,derived,https://data-api.ecb.europa.eu/service/data/RAS/M.N.PL.W1.S121.S1.LE.A.FA.R.._Z....N.ALL?format=csvdata,2026-10-01T15:07:49.183268+00:00,"{""formula"": ""100 * gold_PLN / total_reserves_PLN"", ""goldValueMillions"": 101856.0, ""totalValueMillions"": 807690.0}"
poland-gold,poland-gold--tonnes,Polska · Rezerwy złota,Poland,Gold reserves,2024-03-31,2024-03,month,2024-03-01,358.6852944576,tony,monthly,derived,https://api.db.nomics.world/v22/series/IMF/IRFCL/M.PL.RAFAGOLDV_OZT.S1X?observations=1,2026-10-01T15:12:12.903556+00:00,"{""sourceValue"": 11.532, ""sourceUnit"": ""million fine troy ounces""}"
poland-gold,poland-gold--gold-eur,Polska · Wartość złota w EUR,Poland,Gold value in EUR,2024-04-30,2024-04,month,2024-04-01,25.2656445,mld EUR,monthly,derived,https://data-api.ecb.europa.eu/service/data/RAS/M.N.PL.W1.S121.S1.LE.A.FA.R.._Z....N.ALL?format=csvdata,2026-10-01T15:07:49.183268+00:00,"{""seriesKey"": ""RAS.M.N.PL.W1.S121.S1.LE.A.FA.R.F11._Z.EUR.XAU.M.N.ALL"", ""sourceValue"": ""25265.6445"", ""observationStatus"": ""A""}"
poland-gold,poland-gold--gold-pln,Polska · Wartość złota w PLN,Poland,Gold value in PLN,2024-04-30,2024-04,month,2024-04-01,109.092,mld PLN,monthly,derived,https://data-api.ecb.europa.eu/service/data/RAS/M.N.PL.W1.S121.S1.LE.A.FA.R.._Z....N.ALL?format=csvdata,2026-10-01T15:07:49.183268+00:00,"{""seriesKey"": ""RAS.M.N.PL.W1.S121.S1.LE.A.FA.R.F11._Z.PLN.XAU.M.N.ALL"", ""sourceValue"": ""109092"", ""observationStatus"": ""A""}"
poland-gold,poland-gold--monthly-change,Polska · Zmiana rezerw złota m/m,Poland,Monthly change in gold reserves,2024-04-30,2024-04,month,2024-04-01,4.66552152,tony / miesiąc,monthly,derived,https://api.db.nomics.world/v22/series/IMF/IRFCL/M.PL.RAFAGOLDV_OZT.S1X?observations=1,2026-10-01T15:12:12.903556+00:00,"{""additionalSourceIds"": [""gold-imf-volume""], ""formula"": ""tonnes(t) - tonnes(t-1)"", ""missingReason"": null}"
poland-gold,poland-gold--reserves-pln,Polska · Oficjalne aktywa rezerwowe,Poland,Official reserve assets,2024-04-30,2024-04,month,2024-04-01,831.417,mld PLN,monthly,derived,https://data-api.ecb.europa.eu/service/data/RAS/M.N.PL.W1.S121.S1.LE.A.FA.R.._Z....N.ALL?format=csvdata,2026-10-01T15:07:49.183268+00:00,"{""seriesKey"": ""RAS.M.N.PL.W1.S121.S1.LE.A.FA.R.F._Z.PLN.X1._X.N.ALL"", ""sourceValue"": ""831417"", ""observationStatus"": ""A""}"
poland-gold,poland-gold--share,Polska · Udział złota w rezerwach,Poland,Gold share of reserves,2024-04-30,2024-04,month,2024-04-01,13.121213542662707,% rezerw,monthly,derived,https://data-api.ecb.europa.eu/service/data/RAS/M.N.PL.W1.S121.S1.LE.A.FA.R.._Z....N.ALL?format=csvdata,2026-10-01T15:07:49.183268+00:00,"{""formula"": ""100 * gold_PLN / total_reserves_PLN"", ""goldValueMillions"": 109092.0, ""totalValueMillions"": 831417.0}"
poland-gold,poland-gold--tonnes,Polska · Rezerwy złota,Poland,Gold reserves,2024-04-30,2024-04,month,2024-04-01,363.3508159776,tony,monthly,derived,https://api.db.nomics.world/v22/series/IMF/IRFCL/M.PL.RAFAGOLDV_OZT.S1X?observations=1,2026-10-01T15:12:12.903556+00:00,"{""sourceValue"": 11.682, ""sourceUnit"": ""million fine troy ounces""}"
poland-gold,poland-gold--gold-eur,Polska · Wartość złota w EUR,Poland,Gold value in EUR,2024-05-31,2024-05,month,2024-05-01,25.9960136,mld EUR,monthly,derived,https://data-api.ecb.europa.eu/service/data/RAS/M.N.PL.W1.S121.S1.LE.A.FA.R.._Z....N.ALL?format=csvdata,2026-10-01T15:07:49.183268+00:00,"{""seriesKey"": ""RAS.M.N.PL.W1.S121.S1.LE.A.FA.R.F11._Z.EUR.XAU.M.N.ALL"", ""sourceValue"": ""25996.0136"", ""observationStatus"": ""A""}"
poland-gold,poland-gold--gold-pln,Polska · Wartość złota w PLN,Poland,Gold value in PLN,2024-05-31,2024-05,month,2024-05-01,110.86,mld PLN,monthly,derived,https://data-api.ecb.europa.eu/service/data/RAS/M.N.PL.W1.S121.S1.LE.A.FA.R.._Z....N.ALL?format=csvdata,2026-10-01T15:07:49.183268+00:00,"{""seriesKey"": ""RAS.M.N.PL.W1.S121.S1.LE.A.FA.R.F11._Z.PLN.XAU.M.N.ALL"", ""sourceValue"": ""110860"", ""observationStatus"": ""A""}"
poland-gold,poland-gold--monthly-change,Polska · Zmiana rezerw złota m/m,Poland,Monthly change in gold reserves,2024-05-31,2024-05,month,2024-05-01,10.2952508208,tony / miesiąc,monthly,derived,https://api.db.nomics.world/v22/series/IMF/IRFCL/M.PL.RAFAGOLDV_OZT.S1X?observations=1,2026-10-01T15:12:12.903556+00:00,"{""additionalSourceIds"": [""gold-imf-volume""], ""formula"": ""tonnes(t) - tonnes(t-1)"", ""missingReason"": null}"
poland-gold,poland-gold--reserves-pln,Polska · Oficjalne aktywa rezerwowe,Poland,Official reserve assets,2024-05-31,2024-05,month,2024-05-01,818.583,mld PLN,monthly,derived,https://data-api.ecb.europa.eu/service/data/RAS/M.N.PL.W1.S121.S1.LE.A.FA.R.._Z....N.ALL?format=csvdata,2026-10-01T15:07:49.183268+00:00,"{""seriesKey"": ""RAS.M.N.PL.W1.S121.S1.LE.A.FA.R.F._Z.PLN.X1._X.N.ALL"", ""sourceValue"": ""818583"", ""observationStatus"": ""A""}"
poland-gold,poland-gold--share,Polska · Udział złota w rezerwach,Poland,Gold share of reserves,2024-05-31,2024-05,month,2024-05-01,13.542915012894234,% rezerw,monthly,derived,https://data-api.ecb.europa.eu/service/data/RAS/M.N.PL.W1.S121.S1.LE.A.FA.R.._Z....N.ALL?format=csvdata,2026-10-01T15:07:49.183268+00:00,"{""formula"": ""100 * gold_PLN / total_reserves_PLN"", ""goldValueMillions"": 110860.0, ""totalValueMillions"": 818583.0}"
poland-gold,poland-gold--tonnes,Polska · Rezerwy złota,Poland,Gold reserves,2024-05-31,2024-05,month,2024-05-01,373.6460667984,tony,monthly,derived,https://api.db.nomics.world/v22/series/IMF/IRFCL/M.PL.RAFAGOLDV_OZT.S1X?observations=1,2026-10-01T15:12:12.903556+00:00,"{""sourceValue"": 12.013, ""sourceUnit"": ""million fine troy ounces""}"
poland-gold,poland-gold--gold-eur,Polska · Wartość złota w EUR,Poland,Gold value in EUR,2024-06-30,2024-06,month,2024-06-01,26.4251566,mld EUR,monthly,derived,https://data-api.ecb.europa.eu/service/data/RAS/M.N.PL.W1.S121.S1.LE.A.FA.R.._Z....N.ALL?format=csvdata,2026-10-01T15:07:49.183268+00:00,"{""seriesKey"": ""RAS.M.N.PL.W1.S121.S1.LE.A.FA.R.F11._Z.EUR.XAU.M.N.ALL"", ""sourceValue"": ""26425.1566"", ""observationStatus"": ""A""}"
poland-gold,poland-gold--gold-pln,Polska · Wartość złota w PLN,Poland,Gold value in PLN,2024-06-30,2024-06,month,2024-06-01,113.866,mld PLN,monthly,derived,https://data-api.ecb.europa.eu/service/data/RAS/M.N.PL.W1.S121.S1.LE.A.FA.R.._Z....N.ALL?format=csvdata,2026-10-01T15:07:49.183268+00:00,"{""seriesKey"": ""RAS.M.N.PL.W1.S121.S1.LE.A.FA.R.F11._Z.PLN.XAU.M.N.ALL"", ""sourceValue"": ""113866"", ""observationStatus"": ""A""}"
poland-gold,poland-gold--monthly-change,Polska · Zmiana rezerw złota m/m,Poland,Monthly change in gold reserves,2024-06-30,2024-06,month,2024-06-01,3.732417216,tony / miesiąc,monthly,derived,https://api.db.nomics.world/v22/series/IMF/IRFCL/M.PL.RAFAGOLDV_OZT.S1X?observations=1,2026-10-01T15:12:12.903556+00:00,"{""additionalSourceIds"": [""gold-imf-volume""], ""formula"": ""tonnes(t) - tonnes(t-1)"", ""missingReason"": null}"
poland-gold,poland-gold--reserves-pln,Polska · Oficjalne aktywa rezerwowe,Poland,Official reserve assets,2024-06-30,2024-06,month,2024-06-01,844.981,mld PLN,monthly,derived,https://data-api.ecb.europa.eu/service/data/RAS/M.N.PL.W1.S121.S1.LE.A.FA.R.._Z....N.ALL?format=csvdata,2026-10-01T15:07:49.183268+00:00,"{""seriesKey"": ""RAS.M.N.PL.W1.S121.S1.LE.A.FA.R.F._Z.PLN.X1._X.N.ALL"", ""sourceValue"": ""844981"", ""observationStatus"": ""A""}"
poland-gold,poland-gold--share,Polska · Udział złota w rezerwach,Poland,Gold share of reserves,2024-06-30,2024-06,month,2024-06-01,13.475569273155255,% rezerw,monthly,derived,https://data-api.ecb.europa.eu/service/data/RAS/M.N.PL.W1.S121.S1.LE.A.FA.R.._Z....N.ALL?format=csvdata,2026-10-01T15:07:49.183268+00:00,"{""formula"": ""100 * gold_PLN / total_reserves_PLN"", ""goldValueMillions"": 113866.0, ""totalValueMillions"": 844981.0}"
poland-gold,poland-gold--tonnes,Polska · Rezerwy złota,Poland,Gold reserves,2024-06-30,2024-06,month,2024-06-01,377.3784840144,tony,monthly,derived,https://api.db.nomics.world/v22/series/IMF/IRFCL/M.PL.RAFAGOLDV_OZT.S1X?observations=1,2026-10-01T15:12:12.903556+00:00,"{""sourceValue"": 12.133, ""sourceUnit"": ""million fine troy ounces""}"
poland-gold,poland-gold--gold-eur,Polska · Wartość złota w EUR,Poland,Gold value in EUR,2024-07-31,2024-07,month,2024-07-01,28.1844877,mld EUR,monthly,derived,https://data-api.ecb.europa.eu/service/data/RAS/M.N.PL.W1.S121.S1.LE.A.FA.R.._Z....N.ALL?format=csvdata,2026-10-01T15:07:49.183268+00:00,"{""seriesKey"": ""RAS.M.N.PL.W1.S121.S1.LE.A.FA.R.F11._Z.EUR.XAU.M.N.ALL"", ""sourceValue"": ""28184.4877"", ""observationStatus"": ""A""}"
poland-gold,poland-gold--gold-pln,Polska · Wartość złota w PLN,Poland,Gold value in PLN,2024-07-31,2024-07,month,2024-07-01,120.934,mld PLN,monthly,derived,https://data-api.ecb.europa.eu/service/data/RAS/M.N.PL.W1.S121.S1.LE.A.FA.R.._Z....N.ALL?format=csvdata,2026-10-01T15:07:49.183268+00:00,"{""seriesKey"": ""RAS.M.N.PL.W1.S121.S1.LE.A.FA.R.F11._Z.PLN.XAU.M.N.ALL"", ""sourceValue"": ""120934"", ""observationStatus"": ""A""}"
poland-gold,poland-gold--monthly-change,Polska · Zmiana rezerw złota m/m,Poland,Monthly change in gold reserves,2024-07-31,2024-07,month,2024-07-01,14.307599328,tony / miesiąc,monthly,derived,https://api.db.nomics.world/v22/series/IMF/IRFCL/M.PL.RAFAGOLDV_OZT.S1X?observations=1,2026-10-01T15:12:12.903556+00:00,"{""additionalSourceIds"": [""gold-imf-volume""], ""formula"": ""tonnes(t) - tonnes(t-1)"", ""missingReason"": null}"
poland-gold,poland-gold--reserves-pln,Polska · Oficjalne aktywa rezerwowe,Poland,Official reserve assets,2024-07-31,2024-07,month,2024-07-01,818.405,mld PLN,monthly,derived,https://data-api.ecb.europa.eu/service/data/RAS/M.N.PL.W1.S121.S1.LE.A.FA.R.._Z....N.ALL?format=csvdata,2026-10-01T15:07:49.183268+00:00,"{""seriesKey"": ""RAS.M.N.PL.W1.S121.S1.LE.A.FA.R.F._Z.PLN.X1._X.N.ALL"", ""sourceValue"": ""818405"", ""observationStatus"": ""A""}"
poland-gold,poland-gold--share,Polska · Udział złota w rezerwach,Poland,Gold share of reserves,2024-07-31,2024-07,month,2024-07-01,14.776791441890017,% rezerw,monthly,derived,https://data-api.ecb.europa.eu/service/data/RAS/M.N.PL.W1.S121.S1.LE.A.FA.R.._Z....N.ALL?format=csvdata,2026-10-01T15:07:49.183268+00:00,"{""formula"": ""100 * gold_PLN / total_reserves_PLN"", ""goldValueMillions"": 120934.0, ""totalValueMillions"": 818405.0}"
poland-gold,poland-gold--tonnes,Polska · Rezerwy złota,Poland,Gold reserves,2024-07-31,2024-07,month,2024-07-01,391.6860833424,tony,monthly,derived,https://api.db.nomics.world/v22/series/IMF/IRFCL/M.PL.RAFAGOLDV_OZT.S1X?observations=1,2026-10-01T15:12:12.903556+00:00,"{""sourceValue"": 12.593, ""sourceUnit"": ""million fine troy ounces""}"
poland-gold,poland-gold--gold-eur,Polska · Wartość złota w EUR,Poland,Gold value in EUR,2024-08-31,2024-08,month,2024-08-01,29.1829385,mld EUR,monthly,derived,https://data-api.ecb.europa.eu/service/data/RAS/M.N.PL.W1.S121.S1.LE.A.FA.R.._Z....N.ALL?format=csvdata,2026-10-01T15:07:49.183268+00:00,"{""seriesKey"": ""RAS.M.N.PL.W1.S121.S1.LE.A.FA.R.F11._Z.EUR.XAU.M.N.ALL"", ""sourceValue"": ""29182.9385"", ""observationStatus"": ""A""}"
poland-gold,poland-gold--gold-pln,Polska · Wartość złota w PLN,Poland,Gold value in PLN,2024-08-31,2024-08,month,2024-08-01,124.795,mld PLN,monthly,derived,https://data-api.ecb.europa.eu/service/data/RAS/M.N.PL.W1.S121.S1.LE.A.FA.R.._Z....N.ALL?format=csvdata,2026-10-01T15:07:49.183268+00:00,"{""seriesKey"": ""RAS.M.N.PL.W1.S121.S1.LE.A.FA.R.F11._Z.PLN.XAU.M.N.ALL"", ""sourceValue"": ""124795"", ""observationStatus"": ""A""}"
poland-gold,poland-gold--monthly-change,Polska · Zmiana rezerw złota m/m,Poland,Monthly change in gold reserves,2024-08-31,2024-08,month,2024-08-01,6.2517988368,tony / miesiąc,monthly,derived,https://api.db.nomics.world/v22/series/IMF/IRFCL/M.PL.RAFAGOLDV_OZT.S1X?observations=1,2026-10-01T15:12:12.903556+00:00,"{""additionalSourceIds"": [""gold-imf-volume""], ""formula"": ""tonnes(t) - tonnes(t-1)"", ""missingReason"": null}"
poland-gold,poland-gold--reserves-pln,Polska · Oficjalne aktywa rezerwowe,Poland,Official reserve assets,2024-08-31,2024-08,month,2024-08-01,824.266,mld PLN,monthly,derived,https://data-api.ecb.europa.eu/service/data/RAS/M.N.PL.W1.S121.S1.LE.A.FA.R.._Z....N.ALL?format=csvdata,2026-10-01T15:07:49.183268+00:00,"{""seriesKey"": ""RAS.M.N.PL.W1.S121.S1.LE.A.FA.R.F._Z.PLN.X1._X.N.ALL"", ""sourceValue"": ""824266"", ""observationStatus"": ""A""}"
poland-gold,poland-gold--share,Polska · Udział złota w rezerwach,Poland,Gold share of reserves,2024-08-31,2024-08,month,2024-08-01,15.140136800498867,% rezerw,monthly,derived,https://data-api.ecb.europa.eu/service/data/RAS/M.N.PL.W1.S121.S1.LE.A.FA.R.._Z....N.ALL?format=csvdata,2026-10-01T15:07:49.183268+00:00,"{""formula"": ""100 * gold_PLN / total_reserves_PLN"", ""goldValueMillions"": 124795.0, ""totalValueMillions"": 824266.0}"
poland-gold,poland-gold--tonnes,Polska · Rezerwy złota,Poland,Gold reserves,2024-08-31,2024-08,month,2024-08-01,397.9378821792,tony,monthly,derived,https://api.db.nomics.world/v22/series/IMF/IRFCL/M.PL.RAFAGOLDV_OZT.S1X?observations=1,2026-10-01T15:12:12.903556+00:00,"{""sourceValue"": 12.794, ""sourceUnit"": ""million fine troy ounces""}"
poland-gold,poland-gold--gold-eur,Polska · Wartość złota w EUR,Poland,Gold value in EUR,2024-09-30,2024-09,month,2024-09-01,31.9203982,mld EUR,monthly,derived,https://data-api.ecb.europa.eu/service/data/RAS/M.N.PL.W1.S121.S1.LE.A.FA.R.._Z....N.ALL?format=csvdata,2026-10-01T15:07:49.183268+00:00,"{""seriesKey"": ""RAS.M.N.PL.W1.S121.S1.LE.A.FA.R.F11._Z.EUR.XAU.M.N.ALL"", ""sourceValue"": ""31920.3982"", ""observationStatus"": ""A""}"
poland-gold,poland-gold--gold-pln,Polska · Wartość złota w PLN,Poland,Gold value in PLN,2024-09-30,2024-09,month,2024-09-01,136.581,mld PLN,monthly,derived,https://data-api.ecb.europa.eu/service/data/RAS/M.N.PL.W1.S121.S1.LE.A.FA.R.._Z....N.ALL?format=csvdata,2026-10-01T15:07:49.183268+00:00,"{""seriesKey"": ""RAS.M.N.PL.W1.S121.S1.LE.A.FA.R.F11._Z.PLN.XAU.M.N.ALL"", ""sourceValue"": ""136581"", ""observationStatus"": ""A""}"
poland-gold,poland-gold--monthly-change,Polska · Zmiana rezerw złota m/m,Poland,Monthly change in gold reserves,2024-09-30,2024-09,month,2024-09-01,21.77243376,tony / miesiąc,monthly,derived,https://api.db.nomics.world/v22/series/IMF/IRFCL/M.PL.RAFAGOLDV_OZT.S1X?observations=1,2026-10-01T15:12:12.903556+00:00,"{""additionalSourceIds"": [""gold-imf-volume""], ""formula"": ""tonnes(t) - tonnes(t-1)"", ""missingReason"": null}"
poland-gold,poland-gold--reserves-pln,Polska · Oficjalne aktywa rezerwowe,Poland,Official reserve assets,2024-09-30,2024-09,month,2024-09-01,835.712,mld PLN,monthly,derived,https://data-api.ecb.europa.eu/service/data/RAS/M.N.PL.W1.S121.S1.LE.A.FA.R.._Z....N.ALL?format=csvdata,2026-10-01T15:07:49.183268+00:00,"{""seriesKey"": ""RAS.M.N.PL.W1.S121.S1.LE.A.FA.R.F._Z.PLN.X1._X.N.ALL"", ""sourceValue"": ""835712"", ""observationStatus"": ""A""}"
poland-gold,poland-gold--share,Polska · Udział złota w rezerwach,Poland,Gold share of reserves,2024-09-30,2024-09,month,2024-09-01,16.34307034002144,% rezerw,monthly,derived,https://data-api.ecb.europa.eu/service/data/RAS/M.N.PL.W1.S121.S1.LE.A.FA.R.._Z....N.ALL?format=csvdata,2026-10-01T15:07:49.183268+00:00,"{""formula"": ""100 * gold_PLN / total_reserves_PLN"", ""goldValueMillions"": 136581.0, ""totalValueMillions"": 835712.0}"
poland-gold,poland-gold--tonnes,Polska · Rezerwy złota,Poland,Gold reserves,2024-09-30,2024-09,month,2024-09-01,419.7103159392,tony,monthly,derived,https://api.db.nomics.world/v22/series/IMF/IRFCL/M.PL.RAFAGOLDV_OZT.S1X?observations=1,2026-10-01T15:12:12.903556+00:00,"{""sourceValue"": 13.494, ""sourceUnit"": ""million fine troy ounces""}"
poland-gold,poland-gold--gold-eur,Polska · Wartość złota w EUR,Poland,Gold value in EUR,2024-10-31,2024-10,month,2024-10-01,35.1470994,mld EUR,monthly,derived,https://data-api.ecb.europa.eu/service/data/RAS/M.N.PL.W1.S121.S1.LE.A.FA.R.._Z....N.ALL?format=csvdata,2026-10-01T15:07:49.183268+00:00,"{""seriesKey"": ""RAS.M.N.PL.W1.S121.S1.LE.A.FA.R.F11._Z.EUR.XAU.M.N.ALL"", ""sourceValue"": ""35147.0994"", ""observationStatus"": ""A""}"
poland-gold,poland-gold--gold-pln,Polska · Wartość złota w PLN,Poland,Gold value in PLN,2024-10-31,2024-10,month,2024-10-01,152.918,mld PLN,monthly,derived,https://data-api.ecb.europa.eu/service/data/RAS/M.N.PL.W1.S121.S1.LE.A.FA.R.._Z....N.ALL?format=csvdata,2026-10-01T15:07:49.183268+00:00,"{""seriesKey"": ""RAS.M.N.PL.W1.S121.S1.LE.A.FA.R.F11._Z.PLN.XAU.M.N.ALL"", ""sourceValue"": ""152918"", ""observationStatus"": ""A""}"
poland-gold,poland-gold--monthly-change,Polska · Zmiana rezerw złota m/m,Poland,Monthly change in gold reserves,2024-10-31,2024-10,month,2024-10-01,7.464834432,tony / miesiąc,monthly,derived,https://api.db.nomics.world/v22/series/IMF/IRFCL/M.PL.RAFAGOLDV_OZT.S1X?observations=1,2026-10-01T15:12:12.903556+00:00,"{""additionalSourceIds"": [""gold-imf-volume""], ""formula"": ""tonnes(t) - tonnes(t-1)"", ""missingReason"": null}"
poland-gold,poland-gold--reserves-pln,Polska · Oficjalne aktywa rezerwowe,Poland,Official reserve assets,2024-10-31,2024-10,month,2024-10-01,863.093,mld PLN,monthly,derived,https://data-api.ecb.europa.eu/service/data/RAS/M.N.PL.W1.S121.S1.LE.A.FA.R.._Z....N.ALL?format=csvdata,2026-10-01T15:07:49.183268+00:00,"{""seriesKey"": ""RAS.M.N.PL.W1.S121.S1.LE.A.FA.R.F._Z.PLN.X1._X.N.ALL"", ""sourceValue"": ""863093"", ""observationStatus"": ""A""}"
poland-gold,poland-gold--share,Polska · Udział złota w rezerwach,Poland,Gold share of reserves,2024-10-31,2024-10,month,2024-10-01,17.717441805228404,% rezerw,monthly,derived,https://data-api.ecb.europa.eu/service/data/RAS/M.N.PL.W1.S121.S1.LE.A.FA.R.._Z....N.ALL?format=csvdata,2026-10-01T15:07:49.183268+00:00,"{""formula"": ""100 * gold_PLN / total_reserves_PLN"", ""goldValueMillions"": 152918.0, ""totalValueMillions"": 863093.0}"
poland-gold,poland-gold--tonnes,Polska · Rezerwy złota,Poland,Gold reserves,2024-10-31,2024-10,month,2024-10-01,427.1751503712,tony,monthly,derived,https://api.db.nomics.world/v22/series/IMF/IRFCL/M.PL.RAFAGOLDV_OZT.S1X?observations=1,2026-10-01T15:12:12.903556+00:00,"{""sourceValue"": 13.734, ""sourceUnit"": ""million fine troy ounces""}"
poland-gold,poland-gold--gold-eur,Polska · Wartość złota w EUR,Poland,Gold value in EUR,2024-11-30,2024-11,month,2024-11-01,36.4380819,mld EUR,monthly,derived,https://data-api.ecb.europa.eu/service/data/RAS/M.N.PL.W1.S121.S1.LE.A.FA.R.._Z....N.ALL?format=csvdata,2026-10-01T15:07:49.183268+00:00,"{""seriesKey"": ""RAS.M.N.PL.W1.S121.S1.LE.A.FA.R.F11._Z.EUR.XAU.M.N.ALL"", ""sourceValue"": ""36438.0819"", ""observationStatus"": ""A""}"
poland-gold,poland-gold--gold-pln,Polska · Wartość złota w PLN,Poland,Gold value in PLN,2024-11-30,2024-11,month,2024-11-01,156.538,mld PLN,monthly,derived,https://data-api.ecb.europa.eu/service/data/RAS/M.N.PL.W1.S121.S1.LE.A.FA.R.._Z....N.ALL?format=csvdata,2026-10-01T15:07:49.183268+00:00,"{""seriesKey"": ""RAS.M.N.PL.W1.S121.S1.LE.A.FA.R.F11._Z.PLN.XAU.M.N.ALL"", ""sourceValue"": ""156538"", ""observationStatus"": ""A""}"
poland-gold,poland-gold--monthly-change,Polska · Zmiana rezerw złota m/m,Poland,Monthly change in gold reserves,2024-11-30,2024-11,month,2024-11-01,21.0570537936,tony / miesiąc,monthly,derived,https://api.db.nomics.world/v22/series/IMF/IRFCL/M.PL.RAFAGOLDV_OZT.S1X?observations=1,2026-10-01T15:12:12.903556+00:00,"{""additionalSourceIds"": [""gold-imf-volume""], ""formula"": ""tonnes(t) - tonnes(t-1)"", ""missingReason"": null}"
poland-gold,poland-gold--reserves-pln,Polska · Oficjalne aktywa rezerwowe,Poland,Official reserve assets,2024-11-30,2024-11,month,2024-11-01,890.333,mld PLN,monthly,derived,https://data-api.ecb.europa.eu/service/data/RAS/M.N.PL.W1.S121.S1.LE.A.FA.R.._Z....N.ALL?format=csvdata,2026-10-01T15:07:49.183268+00:00,"{""seriesKey"": ""RAS.M.N.PL.W1.S121.S1.LE.A.FA.R.F._Z.PLN.X1._X.N.ALL"", ""sourceValue"": ""890333"", ""observationStatus"": ""A""}"
poland-gold,poland-gold--share,Polska · Udział złota w rezerwach,Poland,Gold share of reserves,2024-11-30,2024-11,month,2024-11-01,17.581960906761854,% rezerw,monthly,derived,https://data-api.ecb.europa.eu/service/data/RAS/M.N.PL.W1.S121.S1.LE.A.FA.R.._Z....N.ALL?format=csvdata,2026-10-01T15:07:49.183268+00:00,"{""formula"": ""100 * gold_PLN / total_reserves_PLN"", ""goldValueMillions"": 156538.0, ""totalValueMillions"": 890333.0}"
poland-gold,poland-gold--tonnes,Polska · Rezerwy złota,Poland,Gold reserves,2024-11-30,2024-11,month,2024-11-01,448.2322041648,tony,monthly,derived,https://api.db.nomics.world/v22/series/IMF/IRFCL/M.PL.RAFAGOLDV_OZT.S1X?observations=1,2026-10-01T15:12:12.903556+00:00,"{""sourceValue"": 14.411, ""sourceUnit"": ""million fine troy ounces""}"
poland-gold,poland-gold--gold-eur,Polska · Wartość złota w EUR,Poland,Gold value in EUR,2024-12-31,2024-12,month,2024-12-01,36.0954386,mld EUR,monthly,derived,https://data-api.ecb.europa.eu/service/data/RAS/M.N.PL.W1.S121.S1.LE.A.FA.R.._Z....N.ALL?format=csvdata,2026-10-01T15:07:49.183268+00:00,"{""seriesKey"": ""RAS.M.N.PL.W1.S121.S1.LE.A.FA.R.F11._Z.EUR.XAU.M.N.ALL"", ""sourceValue"": ""36095.4386"", ""observationStatus"": ""A""}"
poland-gold,poland-gold--gold-pln,Polska · Wartość złota w PLN,Poland,Gold value in PLN,2024-12-31,2024-12,month,2024-12-01,154.308,mld PLN,monthly,derived,https://data-api.ecb.europa.eu/service/data/RAS/M.N.PL.W1.S121.S1.LE.A.FA.R.._Z....N.ALL?format=csvdata,2026-10-01T15:07:49.183268+00:00,"{""seriesKey"": ""RAS.M.N.PL.W1.S121.S1.LE.A.FA.R.F11._Z.PLN.XAU.M.N.ALL"", ""sourceValue"": ""154308"", ""observationStatus"": ""A""}"
poland-gold,poland-gold--monthly-change,Polska · Zmiana rezerw złota m/m,Poland,Monthly change in gold reserves,2024-12-31,2024-12,month,2024-12-01,0.0,tony / miesiąc,monthly,derived,https://api.db.nomics.world/v22/series/IMF/IRFCL/M.PL.RAFAGOLDV_OZT.S1X?observations=1,2026-10-01T15:12:12.903556+00:00,"{""additionalSourceIds"": [""gold-imf-volume""], ""formula"": ""tonnes(t) - tonnes(t-1)"", ""missingReason"": null}"
poland-gold,poland-gold--reserves-pln,Polska · Oficjalne aktywa rezerwowe,Poland,Official reserve assets,2024-12-31,2024-12,month,2024-12-01,915.25,mld PLN,monthly,derived,https://data-api.ecb.europa.eu/service/data/RAS/M.N.PL.W1.S121.S1.LE.A.FA.R.._Z....N.ALL?format=csvdata,2026-10-01T15:07:49.183268+00:00,"{""seriesKey"": ""RAS.M.N.PL.W1.S121.S1.LE.A.FA.R.F._Z.PLN.X1._X.N.ALL"", ""sourceValue"": ""915250"", ""observationStatus"": ""A""}"
poland-gold,poland-gold--share,Polska · Udział złota w rezerwach,Poland,Gold share of reserves,2024-12-31,2024-12,month,2024-12-01,16.85965583173996,% rezerw,monthly,derived,https://data-api.ecb.europa.eu/service/data/RAS/M.N.PL.W1.S121.S1.LE.A.FA.R.._Z....N.ALL?format=csvdata,2026-10-01T15:07:49.183268+00:00,"{""formula"": ""100 * gold_PLN / total_reserves_PLN"", ""goldValueMillions"": 154308.0, ""totalValueMillions"": 915250.0}"
poland-gold,poland-gold--tonnes,Polska · Rezerwy złota,Poland,Gold reserves,2024-12-31,2024-12,month,2024-12-01,448.2322041648,tony,monthly,derived,https://api.db.nomics.world/v22/series/IMF/IRFCL/M.PL.RAFAGOLDV_OZT.S1X?observations=1,2026-10-01T15:12:12.903556+00:00,"{""sourceValue"": 14.411, ""sourceUnit"": ""million fine troy ounces""}"
poland-gold,poland-gold--gold-eur,Polska · Wartość złota w EUR,Poland,Gold value in EUR,2025-01-31,2025-01,month,2025-01-01,39.0135296,mld EUR,monthly,derived,https://data-api.ecb.europa.eu/service/data/RAS/M.N.PL.W1.S121.S1.LE.A.FA.R.._Z....N.ALL?format=csvdata,2026-10-01T15:07:49.183268+00:00,"{""seriesKey"": ""RAS.M.N.PL.W1.S121.S1.LE.A.FA.R.F11._Z.EUR.XAU.M.N.ALL"", ""sourceValue"": ""39013.5296"", ""observationStatus"": ""A""}"
poland-gold,poland-gold--gold-pln,Polska · Wartość złota w PLN,Poland,Gold value in PLN,2025-01-31,2025-01,month,2025-01-01,164.364,mld PLN,monthly,derived,https://data-api.ecb.europa.eu/service/data/RAS/M.N.PL.W1.S121.S1.LE.A.FA.R.._Z....N.ALL?format=csvdata,2026-10-01T15:07:49.183268+00:00,"{""seriesKey"": ""RAS.M.N.PL.W1.S121.S1.LE.A.FA.R.F11._Z.PLN.XAU.M.N.ALL"", ""sourceValue"": ""164364"", ""observationStatus"": ""A""}"
poland-gold,poland-gold--monthly-change,Polska · Zmiana rezerw złota m/m,Poland,Monthly change in gold reserves,2025-01-31,2025-01,month,2025-01-01,3.11034768,tony / miesiąc,monthly,derived,https://api.db.nomics.world/v22/series/IMF/IRFCL/M.PL.RAFAGOLDV_OZT.S1X?observations=1,2026-10-01T15:12:12.903556+00:00,"{""additionalSourceIds"": [""gold-imf-volume""], ""formula"": ""tonnes(t) - tonnes(t-1)"", ""missingReason"": null}"
poland-gold,poland-gold--reserves-pln,Polska · Oficjalne aktywa rezerwowe,Poland,Official reserve assets,2025-01-31,2025-01,month,2025-01-01,914.664,mld PLN,monthly,derived,https://data-api.ecb.europa.eu/service/data/RAS/M.N.PL.W1.S121.S1.LE.A.FA.R.._Z....N.ALL?format=csvdata,2026-10-01T15:07:49.183268+00:00,"{""seriesKey"": ""RAS.M.N.PL.W1.S121.S1.LE.A.FA.R.F._Z.PLN.X1._X.N.ALL"", ""sourceValue"": ""914664"", ""observationStatus"": ""A""}"
poland-gold,poland-gold--share,Polska · Udział złota w rezerwach,Poland,Gold share of reserves,2025-01-31,2025-01,month,2025-01-01,17.9698774631996,% rezerw,monthly,derived,https://data-api.ecb.europa.eu/service/data/RAS/M.N.PL.W1.S121.S1.LE.A.FA.R.._Z....N.ALL?format=csvdata,2026-10-01T15:07:49.183268+00:00,"{""formula"": ""100 * gold_PLN / total_reserves_PLN"", ""goldValueMillions"": 164364.0, ""totalValueMillions"": 914664.0}"
poland-gold,poland-gold--tonnes,Polska · Rezerwy złota,Poland,Gold reserves,2025-01-31,2025-01,month,2025-01-01,451.3425518448,tony,monthly,derived,https://api.db.nomics.world/v22/series/IMF/IRFCL/M.PL.RAFAGOLDV_OZT.S1X?observations=1,2026-10-01T15:12:12.903556+00:00,"{""sourceValue"": 14.511, ""sourceUnit"": ""million fine troy ounces""}"
poland-gold,poland-gold--gold-eur,Polska · Wartość złota w EUR,Poland,Gold value in EUR,2025-02-28,2025-02,month,2025-02-01,42.5812592,mld EUR,monthly,derived,https://data-api.ecb.europa.eu/service/data/RAS/M.N.PL.W1.S121.S1.LE.A.FA.R.._Z....N.ALL?format=csvdata,2026-10-01T15:07:49.183268+00:00,"{""seriesKey"": ""RAS.M.N.PL.W1.S121.S1.LE.A.FA.R.F11._Z.EUR.XAU.M.N.ALL"", ""sourceValue"": ""42581.2592"", ""observationStatus"": ""A""}"
poland-gold,poland-gold--gold-pln,Polska · Wartość złota w PLN,Poland,Gold value in PLN,2025-02-28,2025-02,month,2025-02-01,176.725,mld PLN,monthly,derived,https://data-api.ecb.europa.eu/service/data/RAS/M.N.PL.W1.S121.S1.LE.A.FA.R.._Z....N.ALL?format=csvdata,2026-10-01T15:07:49.183268+00:00,"{""seriesKey"": ""RAS.M.N.PL.W1.S121.S1.LE.A.FA.R.F11._Z.PLN.XAU.M.N.ALL"", ""sourceValue"": ""176725"", ""observationStatus"": ""A""}"
poland-gold,poland-gold--monthly-change,Polska · Zmiana rezerw złota m/m,Poland,Monthly change in gold reserves,2025-02-28,2025-02,month,2025-02-01,28.9884403776,tony / miesiąc,monthly,derived,https://api.db.nomics.world/v22/series/IMF/IRFCL/M.PL.RAFAGOLDV_OZT.S1X?observations=1,2026-10-01T15:12:12.903556+00:00,"{""additionalSourceIds"": [""gold-imf-volume""], ""formula"": ""tonnes(t) - tonnes(t-1)"", ""missingReason"": null}"
poland-gold,poland-gold--reserves-pln,Polska · Oficjalne aktywa rezerwowe,Poland,Official reserve assets,2025-02-28,2025-02,month,2025-02-01,916.708,mld PLN,monthly,derived,https://data-api.ecb.europa.eu/service/data/RAS/M.N.PL.W1.S121.S1.LE.A.FA.R.._Z....N.ALL?format=csvdata,2026-10-01T15:07:49.183268+00:00,"{""seriesKey"": ""RAS.M.N.PL.W1.S121.S1.LE.A.FA.R.F._Z.PLN.X1._X.N.ALL"", ""sourceValue"": ""916708"", ""observationStatus"": ""A""}"
poland-gold,poland-gold--share,Polska · Udział złota w rezerwach,Poland,Gold share of reserves,2025-02-28,2025-02,month,2025-02-01,19.27822163655166,% rezerw,monthly,derived,https://data-api.ecb.europa.eu/service/data/RAS/M.N.PL.W1.S121.S1.LE.A.FA.R.._Z....N.ALL?format=csvdata,2026-10-01T15:07:49.183268+00:00,"{""formula"": ""100 * gold_PLN / total_reserves_PLN"", ""goldValueMillions"": 176725.0, ""totalValueMillions"": 916708.0}"
poland-gold,poland-gold--tonnes,Polska · Rezerwy złota,Poland,Gold reserves,2025-02-28,2025-02,month,2025-02-01,480.3309922224,tony,monthly,derived,https://api.db.nomics.world/v22/series/IMF/IRFCL/M.PL.RAFAGOLDV_OZT.S1X?observations=1,2026-10-01T15:12:12.903556+00:00,"{""sourceValue"": 15.443, ""sourceUnit"": ""million fine troy ounces""}"
poland-gold,poland-gold--gold-eur,Polska · Wartość złota w EUR,Poland,Gold value in EUR,2025-03-31,2025-03,month,2025-03-01,46.0303537,mld EUR,monthly,derived,https://data-api.ecb.europa.eu/service/data/RAS/M.N.PL.W1.S121.S1.LE.A.FA.R.._Z....N.ALL?format=csvdata,2026-10-01T15:07:49.183268+00:00,"{""seriesKey"": ""RAS.M.N.PL.W1.S121.S1.LE.A.FA.R.F11._Z.EUR.XAU.M.N.ALL"", ""sourceValue"": ""46030.3537"", ""observationStatus"": ""A""}"
poland-gold,poland-gold--gold-pln,Polska · Wartość złota w PLN,Poland,Gold value in PLN,2025-03-31,2025-03,month,2025-03-01,192.591,mld PLN,monthly,derived,https://data-api.ecb.europa.eu/service/data/RAS/M.N.PL.W1.S121.S1.LE.A.FA.R.._Z....N.ALL?format=csvdata,2026-10-01T15:07:49.183268+00:00,"{""seriesKey"": ""RAS.M.N.PL.W1.S121.S1.LE.A.FA.R.F11._Z.PLN.XAU.M.N.ALL"", ""sourceValue"": ""192591"", ""observationStatus"": ""A""}"
poland-gold,poland-gold--monthly-change,Polska · Zmiana rezerw złota m/m,Poland,Monthly change in gold reserves,2025-03-31,2025-03,month,2025-03-01,16.484842704,tony / miesiąc,monthly,derived,https://api.db.nomics.world/v22/series/IMF/IRFCL/M.PL.RAFAGOLDV_OZT.S1X?observations=1,2026-10-01T15:12:12.903556+00:00,"{""additionalSourceIds"": [""gold-imf-volume""], ""formula"": ""tonnes(t) - tonnes(t-1)"", ""missingReason"": null}"
poland-gold,poland-gold--reserves-pln,Polska · Oficjalne aktywa rezerwowe,Poland,Official reserve assets,2025-03-31,2025-03,month,2025-03-01,917.748,mld PLN,monthly,derived,https://data-api.ecb.europa.eu/service/data/RAS/M.N.PL.W1.S121.S1.LE.A.FA.R.._Z....N.ALL?format=csvdata,2026-10-01T15:07:49.183268+00:00,"{""seriesKey"": ""RAS.M.N.PL.W1.S121.S1.LE.A.FA.R.F._Z.PLN.X1._X.N.ALL"", ""sourceValue"": ""917748"", ""observationStatus"": ""A""}"
poland-gold,poland-gold--share,Polska · Udział złota w rezerwach,Poland,Gold share of reserves,2025-03-31,2025-03,month,2025-03-01,20.98517240026674,% rezerw,monthly,derived,https://data-api.ecb.europa.eu/service/data/RAS/M.N.PL.W1.S121.S1.LE.A.FA.R.._Z....N.ALL?format=csvdata,2026-10-01T15:07:49.183268+00:00,"{""formula"": ""100 * gold_PLN / total_reserves_PLN"", ""goldValueMillions"": 192591.0, ""totalValueMillions"": 917748.0}"
poland-gold,poland-gold--tonnes,Polska · Rezerwy złota,Poland,Gold reserves,2025-03-31,2025-03,month,2025-03-01,496.8158349264,tony,monthly,derived,https://api.db.nomics.world/v22/series/IMF/IRFCL/M.PL.RAFAGOLDV_OZT.S1X?observations=1,2026-10-01T15:12:12.903556+00:00,"{""sourceValue"": 15.973, ""sourceUnit"": ""million fine troy ounces""}"
poland-gold,poland-gold--gold-eur,Polska · Wartość złota w EUR,Poland,Gold value in EUR,2025-04-30,2025-04,month,2025-04-01,47.3143405,mld EUR,monthly,derived,https://data-api.ecb.europa.eu/service/data/RAS/M.N.PL.W1.S121.S1.LE.A.FA.R.._Z....N.ALL?format=csvdata,2026-10-01T15:07:49.183268+00:00,"{""seriesKey"": ""RAS.M.N.PL.W1.S121.S1.LE.A.FA.R.F11._Z.EUR.XAU.M.N.ALL"", ""sourceValue"": ""47314.3405"", ""observationStatus"": ""A""}"
poland-gold,poland-gold--gold-pln,Polska · Wartość złota w PLN,Poland,Gold value in PLN,2025-04-30,2025-04,month,2025-04-01,202.283,mld PLN,monthly,derived,https://data-api.ecb.europa.eu/service/data/RAS/M.N.PL.W1.S121.S1.LE.A.FA.R.._Z....N.ALL?format=csvdata,2026-10-01T15:07:49.183268+00:00,"{""seriesKey"": ""RAS.M.N.PL.W1.S121.S1.LE.A.FA.R.F11._Z.PLN.XAU.M.N.ALL"", ""sourceValue"": ""202283"", ""observationStatus"": ""A""}"
poland-gold,poland-gold--monthly-change,Polska · Zmiana rezerw złota m/m,Poland,Monthly change in gold reserves,2025-04-30,2025-04,month,2025-04-01,12.44139072,tony / miesiąc,monthly,derived,https://api.db.nomics.world/v22/series/IMF/IRFCL/M.PL.RAFAGOLDV_OZT.S1X?observations=1,2026-10-01T15:12:12.903556+00:00,"{""additionalSourceIds"": [""gold-imf-volume""], ""formula"": ""tonnes(t) - tonnes(t-1)"", ""missingReason"": null}"
poland-gold,poland-gold--reserves-pln,Polska · Oficjalne aktywa rezerwowe,Poland,Official reserve assets,2025-04-30,2025-04,month,2025-04-01,911.949,mld PLN,monthly,derived,https://data-api.ecb.europa.eu/service/data/RAS/M.N.PL.W1.S121.S1.LE.A.FA.R.._Z....N.ALL?format=csvdata,2026-10-01T15:07:49.183268+00:00,"{""seriesKey"": ""RAS.M.N.PL.W1.S121.S1.LE.A.FA.R.F._Z.PLN.X1._X.N.ALL"", ""sourceValue"": ""911949"", ""observationStatus"": ""A""}"
poland-gold,poland-gold--share,Polska · Udział złota w rezerwach,Poland,Gold share of reserves,2025-04-30,2025-04,month,2025-04-01,22.18139391566853,% rezerw,monthly,derived,https://data-api.ecb.europa.eu/service/data/RAS/M.N.PL.W1.S121.S1.LE.A.FA.R.._Z....N.ALL?format=csvdata,2026-10-01T15:07:49.183268+00:00,"{""formula"": ""100 * gold_PLN / total_reserves_PLN"", ""goldValueMillions"": 202283.0, ""totalValueMillions"": 911949.0}"
poland-gold,poland-gold--tonnes,Polska · Rezerwy złota,Poland,Gold reserves,2025-04-30,2025-04,month,2025-04-01,509.2572256464,tony,monthly,derived,https://api.db.nomics.world/v22/series/IMF/IRFCL/M.PL.RAFAGOLDV_OZT.S1X?observations=1,2026-10-01T15:12:12.903556+00:00,"{""sourceValue"": 16.373, ""sourceUnit"": ""million fine troy ounces""}"
poland-gold,poland-gold--gold-eur,Polska · Wartość złota w EUR,Poland,Gold value in EUR,2025-05-31,2025-05,month,2025-05-01,48.2121512,mld EUR,monthly,derived,https://data-api.ecb.europa.eu/service/data/RAS/M.N.PL.W1.S121.S1.LE.A.FA.R.._Z....N.ALL?format=csvdata,2026-10-01T15:07:49.183268+00:00,"{""seriesKey"": ""RAS.M.N.PL.W1.S121.S1.LE.A.FA.R.F11._Z.EUR.XAU.M.N.ALL"", ""sourceValue"": ""48212.1512"", ""observationStatus"": ""A""}"
poland-gold,poland-gold--gold-pln,Polska · Wartość złota w PLN,Poland,Gold value in PLN,2025-05-31,2025-05,month,2025-05-01,204.892,mld PLN,monthly,derived,https://data-api.ecb.europa.eu/service/data/RAS/M.N.PL.W1.S121.S1.LE.A.FA.R.._Z....N.ALL?format=csvdata,2026-10-01T15:07:49.183268+00:00,"{""seriesKey"": ""RAS.M.N.PL.W1.S121.S1.LE.A.FA.R.F11._Z.PLN.XAU.M.N.ALL"", ""sourceValue"": ""204892"", ""observationStatus"": ""A""}"
poland-gold,poland-gold--monthly-change,Polska · Zmiana rezerw złota m/m,Poland,Monthly change in gold reserves,2025-05-31,2025-05,month,2025-05-01,6.22069536,tony / miesiąc,monthly,derived,https://api.db.nomics.world/v22/series/IMF/IRFCL/M.PL.RAFAGOLDV_OZT.S1X?observations=1,2026-10-01T15:12:12.903556+00:00,"{""additionalSourceIds"": [""gold-imf-volume""], ""formula"": ""tonnes(t) - tonnes(t-1)"", ""missingReason"": null}"
poland-gold,poland-gold--reserves-pln,Polska · Oficjalne aktywa rezerwowe,Poland,Official reserve assets,2025-05-31,2025-05,month,2025-05-01,914.38,mld PLN,monthly,derived,https://data-api.ecb.europa.eu/service/data/RAS/M.N.PL.W1.S121.S1.LE.A.FA.R.._Z....N.ALL?format=csvdata,2026-10-01T15:07:49.183268+00:00,"{""seriesKey"": ""RAS.M.N.PL.W1.S121.S1.LE.A.FA.R.F._Z.PLN.X1._X.N.ALL"", ""sourceValue"": ""914380"", ""observationStatus"": ""A""}"
poland-gold,poland-gold--share,Polska · Udział złota w rezerwach,Poland,Gold share of reserves,2025-05-31,2025-05,month,2025-05-01,22.407751700605875,% rezerw,monthly,derived,https://data-api.ecb.europa.eu/service/data/RAS/M.N.PL.W1.S121.S1.LE.A.FA.R.._Z....N.ALL?format=csvdata,2026-10-01T15:07:49.183268+00:00,"{""formula"": ""100 * gold_PLN / total_reserves_PLN"", ""goldValueMillions"": 204892.0, ""totalValueMillions"": 914380.0}"
poland-gold,poland-gold--tonnes,Polska · Rezerwy złota,Poland,Gold reserves,2025-05-31,2025-05,month,2025-05-01,515.4779210064,tony,monthly,derived,https://api.db.nomics.world/v22/series/IMF/IRFCL/M.PL.RAFAGOLDV_OZT.S1X?observations=1,2026-10-01T15:12:12.903556+00:00,"{""sourceValue"": 16.573, ""sourceUnit"": ""million fine troy ounces""}"
poland-gold,poland-gold--gold-eur,Polska · Wartość złota w EUR,Poland,Gold value in EUR,2025-06-30,2025-06,month,2025-06-01,46.3003559,mld EUR,monthly,derived,https://data-api.ecb.europa.eu/service/data/RAS/M.N.PL.W1.S121.S1.LE.A.FA.R.._Z....N.ALL?format=csvdata,2026-10-01T15:07:49.183268+00:00,"{""seriesKey"": ""RAS.M.N.PL.W1.S121.S1.LE.A.FA.R.F11._Z.EUR.XAU.M.N.ALL"", ""sourceValue"": ""46300.3559"", ""observationStatus"": ""A""}"
poland-gold,poland-gold--gold-pln,Polska · Wartość złota w PLN,Poland,Gold value in PLN,2025-06-30,2025-06,month,2025-06-01,196.42,mld PLN,monthly,derived,https://data-api.ecb.europa.eu/service/data/RAS/M.N.PL.W1.S121.S1.LE.A.FA.R.._Z....N.ALL?format=csvdata,2026-10-01T15:07:49.183268+00:00,"{""seriesKey"": ""RAS.M.N.PL.W1.S121.S1.LE.A.FA.R.F11._Z.PLN.XAU.M.N.ALL"", ""sourceValue"": ""196420"", ""observationStatus"": ""A""}"
poland-gold,poland-gold--monthly-change,Polska · Zmiana rezerw złota m/m,Poland,Monthly change in gold reserves,2025-06-30,2025-06,month,2025-06-01,0.0,tony / miesiąc,monthly,derived,https://api.db.nomics.world/v22/series/IMF/IRFCL/M.PL.RAFAGOLDV_OZT.S1X?observations=1,2026-10-01T15:12:12.903556+00:00,"{""additionalSourceIds"": [""gold-imf-volume""], ""formula"": ""tonnes(t) - tonnes(t-1)"", ""missingReason"": null}"
poland-gold,poland-gold--reserves-pln,Polska · Oficjalne aktywa rezerwowe,Poland,Official reserve assets,2025-06-30,2025-06,month,2025-06-01,895.271,mld PLN,monthly,derived,https://data-api.ecb.europa.eu/service/data/RAS/M.N.PL.W1.S121.S1.LE.A.FA.R.._Z....N.ALL?format=csvdata,2026-10-01T15:07:49.183268+00:00,"{""seriesKey"": ""RAS.M.N.PL.W1.S121.S1.LE.A.FA.R.F._Z.PLN.X1._X.N.ALL"", ""sourceValue"": ""895271"", ""observationStatus"": ""A""}"
poland-gold,poland-gold--share,Polska · Udział złota w rezerwach,Poland,Gold share of reserves,2025-06-30,2025-06,month,2025-06-01,21.939725513280337,% rezerw,monthly,derived,https://data-api.ecb.europa.eu/service/data/RAS/M.N.PL.W1.S121.S1.LE.A.FA.R.._Z....N.ALL?format=csvdata,2026-10-01T15:07:49.183268+00:00,"{""formula"": ""100 * gold_PLN / total_reserves_PLN"", ""goldValueMillions"": 196420.0, ""totalValueMillions"": 895271.0}"
poland-gold,poland-gold--tonnes,Polska · Rezerwy złota,Poland,Gold reserves,2025-06-30,2025-06,month,2025-06-01,515.4779210064,tony,monthly,derived,https://api.db.nomics.world/v22/series/IMF/IRFCL/M.PL.RAFAGOLDV_OZT.S1X?observations=1,2026-10-01T15:12:12.903556+00:00,"{""sourceValue"": 16.573, ""sourceUnit"": ""million fine troy ounces""}"
poland-gold,poland-gold--gold-eur,Polska · Wartość złota w EUR,Poland,Gold value in EUR,2025-07-31,2025-07,month,2025-07-01,47.7724209,mld EUR,monthly,derived,https://data-api.ecb.europa.eu/service/data/RAS/M.N.PL.W1.S121.S1.LE.A.FA.R.._Z....N.ALL?format=csvdata,2026-10-01T15:07:49.183268+00:00,"{""seriesKey"": ""RAS.M.N.PL.W1.S121.S1.LE.A.FA.R.F11._Z.EUR.XAU.M.N.ALL"", ""sourceValue"": ""47772.4209"", ""observationStatus"": ""A""}"
poland-gold,poland-gold--gold-pln,Polska · Wartość złota w PLN,Poland,Gold value in PLN,2025-07-31,2025-07,month,2025-07-01,204.122,mld PLN,monthly,derived,https://data-api.ecb.europa.eu/service/data/RAS/M.N.PL.W1.S121.S1.LE.A.FA.R.._Z....N.ALL?format=csvdata,2026-10-01T15:07:49.183268+00:00,"{""seriesKey"": ""RAS.M.N.PL.W1.S121.S1.LE.A.FA.R.F11._Z.PLN.XAU.M.N.ALL"", ""sourceValue"": ""204122"", ""observationStatus"": ""A""}"
poland-gold,poland-gold--monthly-change,Polska · Zmiana rezerw złota m/m,Poland,Monthly change in gold reserves,2025-07-31,2025-07,month,2025-07-01,-0.155517384,tony / miesiąc,monthly,derived,https://api.db.nomics.world/v22/series/IMF/IRFCL/M.PL.RAFAGOLDV_OZT.S1X?observations=1,2026-10-01T15:12:12.903556+00:00,"{""additionalSourceIds"": [""gold-imf-volume""], ""formula"": ""tonnes(t) - tonnes(t-1)"", ""missingReason"": null}"
poland-gold,poland-gold--reserves-pln,Polska · Oficjalne aktywa rezerwowe,Poland,Official reserve assets,2025-07-31,2025-07,month,2025-07-01,953.56,mld PLN,monthly,derived,https://data-api.ecb.europa.eu/service/data/RAS/M.N.PL.W1.S121.S1.LE.A.FA.R.._Z....N.ALL?format=csvdata,2026-10-01T15:07:49.183268+00:00,"{""seriesKey"": ""RAS.M.N.PL.W1.S121.S1.LE.A.FA.R.F._Z.PLN.X1._X.N.ALL"", ""sourceValue"": ""953560"", ""observationStatus"": ""A""}"
poland-gold,poland-gold--share,Polska · Udział złota w rezerwach,Poland,Gold share of reserves,2025-07-31,2025-07,month,2025-07-01,21.406308989471036,% rezerw,monthly,derived,https://data-api.ecb.europa.eu/service/data/RAS/M.N.PL.W1.S121.S1.LE.A.FA.R.._Z....N.ALL?format=csvdata,2026-10-01T15:07:49.183268+00:00,"{""formula"": ""100 * gold_PLN / total_reserves_PLN"", ""goldValueMillions"": 204122.0, ""totalValueMillions"": 953560.0}"
poland-gold,poland-gold--tonnes,Polska · Rezerwy złota,Poland,Gold reserves,2025-07-31,2025-07,month,2025-07-01,515.3224036224,tony,monthly,derived,https://api.db.nomics.world/v22/series/IMF/IRFCL/M.PL.RAFAGOLDV_OZT.S1X?observations=1,2026-10-01T15:12:12.903556+00:00,"{""sourceValue"": 16.568, ""sourceUnit"": ""million fine troy ounces""}"
poland-gold,poland-gold--gold-eur,Polska · Wartość złota w EUR,Poland,Gold value in EUR,2025-08-31,2025-08,month,2025-08-01,48.3768897,mld EUR,monthly,derived,https://data-api.ecb.europa.eu/service/data/RAS/M.N.PL.W1.S121.S1.LE.A.FA.R.._Z....N.ALL?format=csvdata,2026-10-01T15:07:49.183268+00:00,"{""seriesKey"": ""RAS.M.N.PL.W1.S121.S1.LE.A.FA.R.F11._Z.EUR.XAU.M.N.ALL"", ""sourceValue"": ""48376.8897"", ""observationStatus"": ""A""}"
poland-gold,poland-gold--gold-pln,Polska · Wartość złota w PLN,Poland,Gold value in PLN,2025-08-31,2025-08,month,2025-08-01,206.4,mld PLN,monthly,derived,https://data-api.ecb.europa.eu/service/data/RAS/M.N.PL.W1.S121.S1.LE.A.FA.R.._Z....N.ALL?format=csvdata,2026-10-01T15:07:49.183268+00:00,"{""seriesKey"": ""RAS.M.N.PL.W1.S121.S1.LE.A.FA.R.F11._Z.PLN.XAU.M.N.ALL"", ""sourceValue"": ""206400"", ""observationStatus"": ""A""}"
poland-gold,poland-gold--monthly-change,Polska · Zmiana rezerw złota m/m,Poland,Monthly change in gold reserves,2025-08-31,2025-08,month,2025-08-01,0.0,tony / miesiąc,monthly,derived,https://businessinsider.com.pl/finanse/wartosc-zlota-w-nbp-rosnie-coraz-blizej-celu-prezesa-adama-glapinskiego/q0s3j8k,2026-10-01,"{""additionalSourceIds"": [""gold-imf-volume""], ""formula"": ""tonnes(t) - tonnes(t-1)"", ""missingReason"": null}"
poland-gold,poland-gold--reserves-pln,Polska · Oficjalne aktywa rezerwowe,Poland,Official reserve assets,2025-08-31,2025-08,month,2025-08-01,953.992,mld PLN,monthly,derived,https://data-api.ecb.europa.eu/service/data/RAS/M.N.PL.W1.S121.S1.LE.A.FA.R.._Z....N.ALL?format=csvdata,2026-10-01T15:07:49.183268+00:00,"{""seriesKey"": ""RAS.M.N.PL.W1.S121.S1.LE.A.FA.R.F._Z.PLN.X1._X.N.ALL"", ""sourceValue"": ""953992"", ""observationStatus"": ""A""}"
poland-gold,poland-gold--share,Polska · Udział złota w rezerwach,Poland,Gold share of reserves,2025-08-31,2025-08,month,2025-08-01,21.63540155473002,% rezerw,monthly,derived,https://data-api.ecb.europa.eu/service/data/RAS/M.N.PL.W1.S121.S1.LE.A.FA.R.._Z....N.ALL?format=csvdata,2026-10-01T15:07:49.183268+00:00,"{""formula"": ""100 * gold_PLN / total_reserves_PLN"", ""goldValueMillions"": 206400.0, ""totalValueMillions"": 953992.0}"
poland-gold,poland-gold--tonnes,Polska · Rezerwy złota,Poland,Gold reserves,2025-08-31,2025-08,month,2025-08-01,515.3224036224,tony,monthly,derived,https://businessinsider.com.pl/finanse/wartosc-zlota-w-nbp-rosnie-coraz-blizej-celu-prezesa-adama-glapinskiego/q0s3j8k,2026-10-01,"{""sourceValue"": 16.568, ""sourceValueText"": ""16.568"", ""sourceUnit"": ""million fine troy ounces"", ""sourceDecimals"": 3, ""evidenceType"": ""secondary-report-of-NBP-observation"", ""publishedAt"": ""2026-09-21"", ""sourceUrl"": ""https://businessinsider.com.pl/finanse/wartosc-zlota-w-nbp-rosnie-coraz-blizej-celu-prezesa-adama-glapinskiego/q0s3j8k"", ""corroborationUrl"": ""https://wgospodarce.pl/informacje/152457-nbp-w-sierpniu-nie-kupowal-zlota"", ""interpolated"": false}"
poland-gold,poland-gold--gold-eur,Polska · Wartość złota w EUR,Poland,Gold value in EUR,2025-09-30,2025-09,month,2025-09-01,53.6409199,mld EUR,monthly,derived,https://data-api.ecb.europa.eu/service/data/RAS/M.N.PL.W1.S121.S1.LE.A.FA.R.._Z....N.ALL?format=csvdata,2026-10-01T15:07:49.183268+00:00,"{""seriesKey"": ""RAS.M.N.PL.W1.S121.S1.LE.A.FA.R.F11._Z.EUR.XAU.M.N.ALL"", ""sourceValue"": ""53640.9199"", ""observationStatus"": ""A""}"
poland-gold,poland-gold--gold-pln,Polska · Wartość złota w PLN,Poland,Gold value in PLN,2025-09-30,2025-09,month,2025-09-01,229.036,mld PLN,monthly,derived,https://data-api.ecb.europa.eu/service/data/RAS/M.N.PL.W1.S121.S1.LE.A.FA.R.._Z....N.ALL?format=csvdata,2026-10-01T15:07:49.183268+00:00,"{""seriesKey"": ""RAS.M.N.PL.W1.S121.S1.LE.A.FA.R.F11._Z.PLN.XAU.M.N.ALL"", ""sourceValue"": ""229036"", ""observationStatus"": ""A""}"
poland-gold,poland-gold--monthly-change,Polska · Zmiana rezerw złota m/m,Poland,Monthly change in gold reserves,2025-09-30,2025-09,month,2025-09-01,0.0311034768,tony / miesiąc,monthly,derived,https://www.bankier.pl/wiadomosc/NBP-zwiekszyl-zasoby-zlota-Bank-centralny-potwierdza-obliczenia-Bankier-pl-9043708.html,2026-10-01,"{""additionalSourceIds"": [""gold-report-bi-20260921""], ""formula"": ""tonnes(t) - tonnes(t-1)"", ""missingReason"": null}"
poland-gold,poland-gold--reserves-pln,Polska · Oficjalne aktywa rezerwowe,Poland,Official reserve assets,2025-09-30,2025-09,month,2025-09-01,953.146,mld PLN,monthly,derived,https://data-api.ecb.europa.eu/service/data/RAS/M.N.PL.W1.S121.S1.LE.A.FA.R.._Z....N.ALL?format=csvdata,2026-10-01T15:07:49.183268+00:00,"{""seriesKey"": ""RAS.M.N.PL.W1.S121.S1.LE.A.FA.R.F._Z.PLN.X1._X.N.ALL"", ""sourceValue"": ""953146"", ""observationStatus"": ""A""}"
poland-gold,poland-gold--share,Polska · Udział złota w rezerwach,Poland,Gold share of reserves,2025-09-30,2025-09,month,2025-09-01,24.029477121028677,% rezerw,monthly,derived,https://data-api.ecb.europa.eu/service/data/RAS/M.N.PL.W1.S121.S1.LE.A.FA.R.._Z....N.ALL?format=csvdata,2026-10-01T15:07:49.183268+00:00,"{""formula"": ""100 * gold_PLN / total_reserves_PLN"", ""goldValueMillions"": 229036.0, ""totalValueMillions"": 953146.0}"
poland-gold,poland-gold--tonnes,Polska · Rezerwy złota,Poland,Gold reserves,2025-09-30,2025-09,month,2025-09-01,515.3535070992,tony,monthly,derived,https://www.bankier.pl/wiadomosc/NBP-zwiekszyl-zasoby-zlota-Bank-centralny-potwierdza-obliczenia-Bankier-pl-9043708.html,2026-10-01,"{""sourceValue"": 16.569, ""sourceValueText"": ""16.569"", ""sourceUnit"": ""million fine troy ounces"", ""sourceDecimals"": 3, ""evidenceType"": ""secondary-report-of-NBP-observation"", ""publishedAt"": ""2025-11-21"", ""sourceUrl"": ""https://www.bankier.pl/wiadomosc/NBP-zwiekszyl-zasoby-zlota-Bank-centralny-potwierdza-obliczenia-Bankier-pl-9043708.html"", ""corroborationUrl"": null, ""interpolated"": false}"
poland-gold,poland-gold--gold-eur,Polska · Wartość złota w EUR,Poland,Gold value in EUR,2025-10-31,2025-10,month,2025-10-01,59.0711936,mld EUR,monthly,derived,https://data-api.ecb.europa.eu/service/data/RAS/M.N.PL.W1.S121.S1.LE.A.FA.R.._Z....N.ALL?format=csvdata,2026-10-01T15:07:49.183268+00:00,"{""seriesKey"": ""RAS.M.N.PL.W1.S121.S1.LE.A.FA.R.F11._Z.EUR.XAU.M.N.ALL"", ""sourceValue"": ""59071.1936"", ""observationStatus"": ""A""}"
poland-gold,poland-gold--gold-pln,Polska · Wartość złota w PLN,Poland,Gold value in PLN,2025-10-31,2025-10,month,2025-10-01,251.407,mld PLN,monthly,derived,https://data-api.ecb.europa.eu/service/data/RAS/M.N.PL.W1.S121.S1.LE.A.FA.R.._Z....N.ALL?format=csvdata,2026-10-01T15:07:49.183268+00:00,"{""seriesKey"": ""RAS.M.N.PL.W1.S121.S1.LE.A.FA.R.F11._Z.PLN.XAU.M.N.ALL"", ""sourceValue"": ""251407"", ""observationStatus"": ""A""}"
poland-gold,poland-gold--monthly-change,Polska · Zmiana rezerw złota m/m,Poland,Monthly change in gold reserves,2025-10-31,2025-10,month,2025-10-01,15.5517384,tony / miesiąc,monthly,derived,https://www.bankier.pl/wiadomosc/NBP-zwiekszyl-zasoby-zlota-Bank-centralny-potwierdza-obliczenia-Bankier-pl-9043708.html,2026-10-01,"{""additionalSourceIds"": [""gold-report-bankier-20251121""], ""formula"": ""tonnes(t) - tonnes(t-1)"", ""missingReason"": null}"
poland-gold,poland-gold--reserves-pln,Polska · Oficjalne aktywa rezerwowe,Poland,Official reserve assets,2025-10-31,2025-10,month,2025-10-01,970.062,mld PLN,monthly,derived,https://data-api.ecb.europa.eu/service/data/RAS/M.N.PL.W1.S121.S1.LE.A.FA.R.._Z....N.ALL?format=csvdata,2026-10-01T15:07:49.183268+00:00,"{""seriesKey"": ""RAS.M.N.PL.W1.S121.S1.LE.A.FA.R.F._Z.PLN.X1._X.N.ALL"", ""sourceValue"": ""970062"", ""observationStatus"": ""A""}"
poland-gold,poland-gold--share,Polska · Udział złota w rezerwach,Poland,Gold share of reserves,2025-10-31,2025-10,month,2025-10-01,25.916590898313714,% rezerw,monthly,derived,https://data-api.ecb.europa.eu/service/data/RAS/M.N.PL.W1.S121.S1.LE.A.FA.R.._Z....N.ALL?format=csvdata,2026-10-01T15:07:49.183268+00:00,"{""formula"": ""100 * gold_PLN / total_reserves_PLN"", ""goldValueMillions"": 251407.0, ""totalValueMillions"": 970062.0}"
poland-gold,poland-gold--tonnes,Polska · Rezerwy złota,Poland,Gold reserves,2025-10-31,2025-10,month,2025-10-01,530.9052454992,tony,monthly,derived,https://www.bankier.pl/wiadomosc/NBP-zwiekszyl-zasoby-zlota-Bank-centralny-potwierdza-obliczenia-Bankier-pl-9043708.html,2026-10-01,"{""sourceValue"": 17.069, ""sourceValueText"": ""17.069"", ""sourceUnit"": ""million fine troy ounces"", ""sourceDecimals"": 3, ""evidenceType"": ""secondary-report-of-NBP-observation"", ""publishedAt"": ""2025-11-21"", ""sourceUrl"": ""https://www.bankier.pl/wiadomosc/NBP-zwiekszyl-zasoby-zlota-Bank-centralny-potwierdza-obliczenia-Bankier-pl-9043708.html"", ""corroborationUrl"": ""https://www.aliorbank.pl/dam/jcr%3A80db96ba-428b-4080-bd28-b1774162dfa4/2025.11.24%20Raport%20rynkowy.pdf"", ""interpolated"": false}"
poland-gold,poland-gold--gold-eur,Polska · Wartość złota w EUR,Poland,Gold value in EUR,2025-11-30,2025-11,month,2025-11-01,62.8782732,mld EUR,monthly,derived,https://data-api.ecb.europa.eu/service/data/RAS/M.N.PL.W1.S121.S1.LE.A.FA.R.._Z....N.ALL?format=csvdata,2026-10-01T15:07:49.183268+00:00,"{""seriesKey"": ""RAS.M.N.PL.W1.S121.S1.LE.A.FA.R.F11._Z.EUR.XAU.M.N.ALL"", ""sourceValue"": ""62878.2732"", ""observationStatus"": ""A""}"
poland-gold,poland-gold--gold-pln,Polska · Wartość złota w PLN,Poland,Gold value in PLN,2025-11-30,2025-11,month,2025-11-01,266.541,mld PLN,monthly,derived,https://data-api.ecb.europa.eu/service/data/RAS/M.N.PL.W1.S121.S1.LE.A.FA.R.._Z....N.ALL?format=csvdata,2026-10-01T15:07:49.183268+00:00,"{""seriesKey"": ""RAS.M.N.PL.W1.S121.S1.LE.A.FA.R.F11._Z.PLN.XAU.M.N.ALL"", ""sourceValue"": ""266541"", ""observationStatus"": ""A""}"
poland-gold,poland-gold--monthly-change,Polska · Zmiana rezerw złota m/m,Poland,Monthly change in gold reserves,2025-11-30,2025-11,month,2025-11-01,12.44139072,tony / miesiąc,monthly,derived,https://www.aliorbank.pl/dam/jcr:0d6de301-58da-434b-878c-965023d44c04/20251222-raport-rynkowy.pdf,2026-10-01,"{""additionalSourceIds"": [""gold-report-bankier-20251121""], ""formula"": ""tonnes(t) - tonnes(t-1)"", ""missingReason"": null}"
poland-gold,poland-gold--reserves-pln,Polska · Oficjalne aktywa rezerwowe,Poland,Official reserve assets,2025-11-30,2025-11,month,2025-11-01,970.556,mld PLN,monthly,derived,https://data-api.ecb.europa.eu/service/data/RAS/M.N.PL.W1.S121.S1.LE.A.FA.R.._Z....N.ALL?format=csvdata,2026-10-01T15:07:49.183268+00:00,"{""seriesKey"": ""RAS.M.N.PL.W1.S121.S1.LE.A.FA.R.F._Z.PLN.X1._X.N.ALL"", ""sourceValue"": ""970556"", ""observationStatus"": ""A""}"
poland-gold,poland-gold--share,Polska · Udział złota w rezerwach,Poland,Gold share of reserves,2025-11-30,2025-11,month,2025-11-01,27.46271209492291,% rezerw,monthly,derived,https://data-api.ecb.europa.eu/service/data/RAS/M.N.PL.W1.S121.S1.LE.A.FA.R.._Z....N.ALL?format=csvdata,2026-10-01T15:07:49.183268+00:00,"{""formula"": ""100 * gold_PLN / total_reserves_PLN"", ""goldValueMillions"": 266541.0, ""totalValueMillions"": 970556.0}"
poland-gold,poland-gold--tonnes,Polska · Rezerwy złota,Poland,Gold reserves,2025-11-30,2025-11,month,2025-11-01,543.3466362192,tony,monthly,derived,https://www.aliorbank.pl/dam/jcr:0d6de301-58da-434b-878c-965023d44c04/20251222-raport-rynkowy.pdf,2026-10-01,"{""sourceValue"": 17.469, ""sourceValueText"": ""17.469"", ""sourceUnit"": ""million fine troy ounces"", ""sourceDecimals"": 3, ""evidenceType"": ""secondary-report-of-NBP-observation"", ""publishedAt"": ""2025-12-22"", ""sourceUrl"": ""https://www.aliorbank.pl/dam/jcr:0d6de301-58da-434b-878c-965023d44c04/20251222-raport-rynkowy.pdf"", ""corroborationUrl"": ""https://bossa.pl/sites/b30fx/files/2025-12/document_analyst/20251222_biuletyn_poranny_DMBOS.pdf"", ""interpolated"": false}"
poland-gold,poland-gold--gold-eur,Polska · Wartość złota w EUR,Poland,Gold value in EUR,2025-12-31,2025-12,month,2025-12-01,65.2857143,mld EUR,monthly,derived,https://data-api.ecb.europa.eu/service/data/RAS/M.N.PL.W1.S121.S1.LE.A.FA.R.._Z....N.ALL?format=csvdata,2026-10-01T15:07:49.183268+00:00,"{""seriesKey"": ""RAS.M.N.PL.W1.S121.S1.LE.A.FA.R.F11._Z.EUR.XAU.M.N.ALL"", ""sourceValue"": ""65285.7143"", ""observationStatus"": ""A""}"
poland-gold,poland-gold--gold-pln,Polska · Wartość złota w PLN,Poland,Gold value in PLN,2025-12-31,2025-12,month,2025-12-01,275.571,mld PLN,monthly,derived,https://data-api.ecb.europa.eu/service/data/RAS/M.N.PL.W1.S121.S1.LE.A.FA.R.._Z....N.ALL?format=csvdata,2026-10-01T15:07:49.183268+00:00,"{""seriesKey"": ""RAS.M.N.PL.W1.S121.S1.LE.A.FA.R.F11._Z.PLN.XAU.M.N.ALL"", ""sourceValue"": ""275571"", ""observationStatus"": ""A""}"
poland-gold,poland-gold--monthly-change,Polska · Zmiana rezerw złota m/m,Poland,Monthly change in gold reserves,2025-12-31,2025-12,month,2025-12-01,6.8738683728,tony / miesiąc,monthly,derived,https://www.bankier.pl/wiadomosc/NBP-w-grudniu-znow-dokupil-zlota-A-to-nie-koniec-9071807.html,2026-10-01,"{""additionalSourceIds"": [""gold-report-alior-20251222""], ""formula"": ""tonnes(t) - tonnes(t-1)"", ""missingReason"": null}"
poland-gold,poland-gold--reserves-pln,Polska · Oficjalne aktywa rezerwowe,Poland,Official reserve assets,2025-12-31,2025-12,month,2025-12-01,976.456,mld PLN,monthly,derived,https://data-api.ecb.europa.eu/service/data/RAS/M.N.PL.W1.S121.S1.LE.A.FA.R.._Z....N.ALL?format=csvdata,2026-10-01T15:07:49.183268+00:00,"{""seriesKey"": ""RAS.M.N.PL.W1.S121.S1.LE.A.FA.R.F._Z.PLN.X1._X.N.ALL"", ""sourceValue"": ""976456"", ""observationStatus"": ""A""}"
poland-gold,poland-gold--share,Polska · Udział złota w rezerwach,Poland,Gold share of reserves,2025-12-31,2025-12,month,2025-12-01,28.221548129152772,% rezerw,monthly,derived,https://data-api.ecb.europa.eu/service/data/RAS/M.N.PL.W1.S121.S1.LE.A.FA.R.._Z....N.ALL?format=csvdata,2026-10-01T15:07:49.183268+00:00,"{""formula"": ""100 * gold_PLN / total_reserves_PLN"", ""goldValueMillions"": 275571.0, ""totalValueMillions"": 976456.0}"
poland-gold,poland-gold--tonnes,Polska · Rezerwy złota,Poland,Gold reserves,2025-12-31,2025-12,month,2025-12-01,550.220504592,tony,monthly,derived,https://www.bankier.pl/wiadomosc/NBP-w-grudniu-znow-dokupil-zlota-A-to-nie-koniec-9071807.html,2026-10-01,"{""sourceValue"": 17.69, ""sourceValueText"": ""17.69"", ""sourceUnit"": ""million fine troy ounces"", ""sourceDecimals"": 2, ""evidenceType"": ""secondary-report-of-NBP-observation"", ""publishedAt"": ""2026-01-21"", ""sourceUrl"": ""https://www.bankier.pl/wiadomosc/NBP-w-grudniu-znow-dokupil-zlota-A-to-nie-koniec-9071807.html"", ""corroborationUrl"": null, ""interpolated"": false}"
poland-gold,poland-gold--gold-eur,Polska · Wartość złota w EUR,Poland,Gold value in EUR,2026-01-31,2026-01,month,2026-01-01,74.5668243,mld EUR,monthly,derived,https://data-api.ecb.europa.eu/service/data/RAS/M.N.PL.W1.S121.S1.LE.A.FA.R.._Z....N.ALL?format=csvdata,2026-10-01T15:07:49.183268+00:00,"{""seriesKey"": ""RAS.M.N.PL.W1.S121.S1.LE.A.FA.R.F11._Z.EUR.XAU.M.N.ALL"", ""sourceValue"": ""74566.8243"", ""observationStatus"": ""A""}"
poland-gold,poland-gold--gold-pln,Polska · Wartość złota w PLN,Poland,Gold value in PLN,2026-01-31,2026-01,month,2026-01-01,313.725,mld PLN,monthly,derived,https://data-api.ecb.europa.eu/service/data/RAS/M.N.PL.W1.S121.S1.LE.A.FA.R.._Z....N.ALL?format=csvdata,2026-10-01T15:07:49.183268+00:00,"{""seriesKey"": ""RAS.M.N.PL.W1.S121.S1.LE.A.FA.R.F11._Z.PLN.XAU.M.N.ALL"", ""sourceValue"": ""313725"", ""observationStatus"": ""A""}"
poland-gold,poland-gold--monthly-change,Polska · Zmiana rezerw złota m/m,Poland,Monthly change in gold reserves,2026-01-31,2026-01,month,2026-01-01,0.0,tony / miesiąc,monthly,derived,https://www.money.pl/gospodarka/nbp-podal-nowe-dane-o-rezerwach-zlota-mozna-mowic-o-zaskoczeniu-7256453351217600a.html,2026-10-01,"{""additionalSourceIds"": [""gold-report-bankier-20260121""], ""formula"": ""tonnes(t) - tonnes(t-1)"", ""missingReason"": null}"
poland-gold,poland-gold--reserves-pln,Polska · Oficjalne aktywa rezerwowe,Poland,Official reserve assets,2026-01-31,2026-01,month,2026-01-01,1039.622,mld PLN,monthly,derived,https://data-api.ecb.europa.eu/service/data/RAS/M.N.PL.W1.S121.S1.LE.A.FA.R.._Z....N.ALL?format=csvdata,2026-10-01T15:07:49.183268+00:00,"{""seriesKey"": ""RAS.M.N.PL.W1.S121.S1.LE.A.FA.R.F._Z.PLN.X1._X.N.ALL"", ""sourceValue"": ""1039622"", ""observationStatus"": ""A""}"
poland-gold,poland-gold--share,Polska · Udział złota w rezerwach,Poland,Gold share of reserves,2026-01-31,2026-01,month,2026-01-01,30.176833502946263,% rezerw,monthly,derived,https://data-api.ecb.europa.eu/service/data/RAS/M.N.PL.W1.S121.S1.LE.A.FA.R.._Z....N.ALL?format=csvdata,2026-10-01T15:07:49.183268+00:00,"{""formula"": ""100 * gold_PLN / total_reserves_PLN"", ""goldValueMillions"": 313725.0, ""totalValueMillions"": 1039622.0}"
poland-gold,poland-gold--tonnes,Polska · Rezerwy złota,Poland,Gold reserves,2026-01-31,2026-01,month,2026-01-01,550.220504592,tony,monthly,derived,https://www.money.pl/gospodarka/nbp-podal-nowe-dane-o-rezerwach-zlota-mozna-mowic-o-zaskoczeniu-7256453351217600a.html,2026-10-01,"{""sourceValue"": 17.69, ""sourceValueText"": ""17.69"", ""sourceUnit"": ""million fine troy ounces"", ""sourceDecimals"": 2, ""evidenceType"": ""secondary-report-of-NBP-observation"", ""publishedAt"": ""2026-02-20"", ""sourceUrl"": ""https://www.money.pl/gospodarka/nbp-podal-nowe-dane-o-rezerwach-zlota-mozna-mowic-o-zaskoczeniu-7256453351217600a.html"", ""corroborationUrl"": ""https://businessinsider.com.pl/gospodarka/narodowy-bank-polski-kupuje-zloto-rezerwy-osiagnely-rekordowy-poziom/5c1g5vn"", ""interpolated"": false}"
poland-gold,poland-gold--gold-eur,Polska · Wartość złota w EUR,Poland,Gold value in EUR,2026-02-28,2026-02,month,2026-02-01,80.4424402,mld EUR,monthly,derived,https://data-api.ecb.europa.eu/service/data/RAS/M.N.PL.W1.S121.S1.LE.A.FA.R.._Z....N.ALL?format=csvdata,2026-10-01T15:07:49.183268+00:00,"{""seriesKey"": ""RAS.M.N.PL.W1.S121.S1.LE.A.FA.R.F11._Z.EUR.XAU.M.N.ALL"", ""sourceValue"": ""80442.4402"", ""observationStatus"": ""A""}"
poland-gold,poland-gold--gold-pln,Polska · Wartość złota w PLN,Poland,Gold value in PLN,2026-02-28,2026-02,month,2026-02-01,339.813,mld PLN,monthly,derived,https://data-api.ecb.europa.eu/service/data/RAS/M.N.PL.W1.S121.S1.LE.A.FA.R.._Z....N.ALL?format=csvdata,2026-10-01T15:07:49.183268+00:00,"{""seriesKey"": ""RAS.M.N.PL.W1.S121.S1.LE.A.FA.R.F11._Z.PLN.XAU.M.N.ALL"", ""sourceValue"": ""339813"", ""observationStatus"": ""A""}"
poland-gold,poland-gold--monthly-change,Polska · Zmiana rezerw złota m/m,Poland,Monthly change in gold reserves,2026-02-28,2026-02,month,2026-02-01,20.21725992,tony / miesiąc,monthly,derived,https://businessinsider.com.pl/gospodarka/narodowy-bank-polski-kupuje-zloto-rezerwy-osiagnely-rekordowy-poziom/5c1g5vn,2026-10-01,"{""additionalSourceIds"": [""gold-report-money-20260220""], ""formula"": ""tonnes(t) - tonnes(t-1)"", ""missingReason"": null}"
poland-gold,poland-gold--reserves-pln,Polska · Oficjalne aktywa rezerwowe,Poland,Official reserve assets,2026-02-28,2026-02,month,2026-02-01,1094.902,mld PLN,monthly,derived,https://data-api.ecb.europa.eu/service/data/RAS/M.N.PL.W1.S121.S1.LE.A.FA.R.._Z....N.ALL?format=csvdata,2026-10-01T15:07:49.183268+00:00,"{""seriesKey"": ""RAS.M.N.PL.W1.S121.S1.LE.A.FA.R.F._Z.PLN.X1._X.N.ALL"", ""sourceValue"": ""1094902"", ""observationStatus"": ""A""}"
poland-gold,poland-gold--share,Polska · Udział złota w rezerwach,Poland,Gold share of reserves,2026-02-28,2026-02,month,2026-02-01,31.035928329658727,% rezerw,monthly,derived,https://data-api.ecb.europa.eu/service/data/RAS/M.N.PL.W1.S121.S1.LE.A.FA.R.._Z....N.ALL?format=csvdata,2026-10-01T15:07:49.183268+00:00,"{""formula"": ""100 * gold_PLN / total_reserves_PLN"", ""goldValueMillions"": 339813.0, ""totalValueMillions"": 1094902.0}"
poland-gold,poland-gold--tonnes,Polska · Rezerwy złota,Poland,Gold reserves,2026-02-28,2026-02,month,2026-02-01,570.437764512,tony,monthly,derived,https://businessinsider.com.pl/gospodarka/narodowy-bank-polski-kupuje-zloto-rezerwy-osiagnely-rekordowy-poziom/5c1g5vn,2026-10-01,"{""sourceValue"": 18.34, ""sourceValueText"": ""18.34"", ""sourceUnit"": ""million fine troy ounces"", ""sourceDecimals"": 2, ""evidenceType"": ""secondary-report-of-NBP-observation"", ""publishedAt"": ""2026-03-20"", ""sourceUrl"": ""https://businessinsider.com.pl/gospodarka/narodowy-bank-polski-kupuje-zloto-rezerwy-osiagnely-rekordowy-poziom/5c1g5vn"", ""corroborationUrl"": ""https://www.money.pl/finanse/850-mln-zl-mniej-tak-zloto-z-ostatniego-zakupu-nbp-stracilo-na-wartosci-7266987557353792a.html"", ""interpolated"": false}"
poland-gold,poland-gold--gold-eur,Polska · Wartość złota w EUR,Poland,Gold value in EUR,2026-03-31,2026-03,month,2026-03-01,74.499184,mld EUR,monthly,derived,https://data-api.ecb.europa.eu/service/data/RAS/M.N.PL.W1.S121.S1.LE.A.FA.R.._Z....N.ALL?format=csvdata,2026-10-01T15:07:49.183268+00:00,"{""seriesKey"": ""RAS.M.N.PL.W1.S121.S1.LE.A.FA.R.F11._Z.EUR.XAU.M.N.ALL"", ""sourceValue"": ""74499.184"", ""observationStatus"": ""A""}"
poland-gold,poland-gold--gold-pln,Polska · Wartość złota w PLN,Poland,Gold value in PLN,2026-03-31,2026-03,month,2026-03-01,319.527,mld PLN,monthly,derived,https://data-api.ecb.europa.eu/service/data/RAS/M.N.PL.W1.S121.S1.LE.A.FA.R.._Z....N.ALL?format=csvdata,2026-10-01T15:07:49.183268+00:00,"{""seriesKey"": ""RAS.M.N.PL.W1.S121.S1.LE.A.FA.R.F11._Z.PLN.XAU.M.N.ALL"", ""sourceValue"": ""319527"", ""observationStatus"": ""A""}"
poland-gold,poland-gold--monthly-change,Polska · Zmiana rezerw złota m/m,Poland,Monthly change in gold reserves,2026-03-31,2026-03,month,2026-03-01,11.197251648,tony / miesiąc,monthly,derived,https://www.bankier.pl/wiadomosc/NBP-potwierdzil-doniesienia-Bankier-pl-Polska-ma-juz-ponad-580-ton-zlota-9120414.html,2026-10-01,"{""additionalSourceIds"": [""gold-report-bi-20260320""], ""formula"": ""tonnes(t) - tonnes(t-1)"", ""missingReason"": null}"
poland-gold,poland-gold--reserves-pln,Polska · Oficjalne aktywa rezerwowe,Poland,Official reserve assets,2026-03-31,2026-03,month,2026-03-01,1087.489,mld PLN,monthly,derived,https://data-api.ecb.europa.eu/service/data/RAS/M.N.PL.W1.S121.S1.LE.A.FA.R.._Z....N.ALL?format=csvdata,2026-10-01T15:07:49.183268+00:00,"{""seriesKey"": ""RAS.M.N.PL.W1.S121.S1.LE.A.FA.R.F._Z.PLN.X1._X.N.ALL"", ""sourceValue"": ""1087489"", ""observationStatus"": ""A""}"
poland-gold,poland-gold--share,Polska · Udział złota w rezerwach,Poland,Gold share of reserves,2026-03-31,2026-03,month,2026-03-01,29.38209030160305,% rezerw,monthly,derived,https://data-api.ecb.europa.eu/service/data/RAS/M.N.PL.W1.S121.S1.LE.A.FA.R.._Z....N.ALL?format=csvdata,2026-10-01T15:07:49.183268+00:00,"{""formula"": ""100 * gold_PLN / total_reserves_PLN"", ""goldValueMillions"": 319527.0, ""totalValueMillions"": 1087489.0}"
poland-gold,poland-gold--tonnes,Polska · Rezerwy złota,Poland,Gold reserves,2026-03-31,2026-03,month,2026-03-01,581.63501616,tony,monthly,derived,https://www.bankier.pl/wiadomosc/NBP-potwierdzil-doniesienia-Bankier-pl-Polska-ma-juz-ponad-580-ton-zlota-9120414.html,2026-10-01,"{""sourceValue"": 18.7, ""sourceValueText"": ""18.70"", ""sourceUnit"": ""million fine troy ounces"", ""sourceDecimals"": 2, ""evidenceType"": ""secondary-report-of-NBP-observation"", ""publishedAt"": ""2026-04-21"", ""sourceUrl"": ""https://www.bankier.pl/wiadomosc/NBP-potwierdzil-doniesienia-Bankier-pl-Polska-ma-juz-ponad-580-ton-zlota-9120414.html"", ""corroborationUrl"": ""https://www.gold.org/goldhub/research/gold-demand-trends/gold-demand-trends-q1-2026/central-banks"", ""interpolated"": false}"
poland-gold,poland-gold--gold-eur,Polska · Wartość złota w EUR,Poland,Gold value in EUR,2026-04-30,2026-04,month,2026-04-01,75.6368971,mld EUR,monthly,derived,https://data-api.ecb.europa.eu/service/data/RAS/M.N.PL.W1.S121.S1.LE.A.FA.R.._Z....N.ALL?format=csvdata,2026-10-01T15:07:49.183268+00:00,"{""seriesKey"": ""RAS.M.N.PL.W1.S121.S1.LE.A.FA.R.F11._Z.EUR.XAU.M.N.ALL"", ""sourceValue"": ""75636.8971"", ""observationStatus"": ""A""}"
poland-gold,poland-gold--gold-pln,Polska · Wartość złota w PLN,Poland,Gold value in PLN,2026-04-30,2026-04,month,2026-04-01,322.251,mld PLN,monthly,derived,https://data-api.ecb.europa.eu/service/data/RAS/M.N.PL.W1.S121.S1.LE.A.FA.R.._Z....N.ALL?format=csvdata,2026-10-01T15:07:49.183268+00:00,"{""seriesKey"": ""RAS.M.N.PL.W1.S121.S1.LE.A.FA.R.F11._Z.PLN.XAU.M.N.ALL"", ""sourceValue"": ""322251"", ""observationStatus"": ""A""}"
poland-gold,poland-gold--monthly-change,Polska · Zmiana rezerw złota m/m,Poland,Monthly change in gold reserves,2026-04-30,2026-04,month,2026-04-01,14.0276680368,tony / miesiąc,monthly,derived,https://www.pb.pl/nbp-kupil-w-maju-kolejne-18-ton-zlota-ma-juz-ponad-600-ton-1263168,2026-10-01,"{""additionalSourceIds"": [""gold-report-bankier-20260421""], ""formula"": ""tonnes(t) - tonnes(t-1)"", ""missingReason"": null}"
poland-gold,poland-gold--reserves-pln,Polska · Oficjalne aktywa rezerwowe,Poland,Official reserve assets,2026-04-30,2026-04,month,2026-04-01,1085.183,mld PLN,monthly,derived,https://data-api.ecb.europa.eu/service/data/RAS/M.N.PL.W1.S121.S1.LE.A.FA.R.._Z....N.ALL?format=csvdata,2026-10-01T15:07:49.183268+00:00,"{""seriesKey"": ""RAS.M.N.PL.W1.S121.S1.LE.A.FA.R.F._Z.PLN.X1._X.N.ALL"", ""sourceValue"": ""1085183"", ""observationStatus"": ""A""}"
poland-gold,poland-gold--share,Polska · Udział złota w rezerwach,Poland,Gold share of reserves,2026-04-30,2026-04,month,2026-04-01,29.695544438127026,% rezerw,monthly,derived,https://data-api.ecb.europa.eu/service/data/RAS/M.N.PL.W1.S121.S1.LE.A.FA.R.._Z....N.ALL?format=csvdata,2026-10-01T15:07:49.183268+00:00,"{""formula"": ""100 * gold_PLN / total_reserves_PLN"", ""goldValueMillions"": 322251.0, ""totalValueMillions"": 1085183.0}"
poland-gold,poland-gold--tonnes,Polska · Rezerwy złota,Poland,Gold reserves,2026-04-30,2026-04,month,2026-04-01,595.6626841968,tony,monthly,derived,https://www.pb.pl/nbp-kupil-w-maju-kolejne-18-ton-zlota-ma-juz-ponad-600-ton-1263168,2026-10-01,"{""sourceValue"": 19.151, ""sourceValueText"": ""19.151"", ""sourceUnit"": ""million fine troy ounces"", ""sourceDecimals"": 3, ""evidenceType"": ""secondary-report-of-NBP-observation"", ""publishedAt"": ""2026-06-19"", ""sourceUrl"": ""https://www.pb.pl/nbp-kupil-w-maju-kolejne-18-ton-zlota-ma-juz-ponad-600-ton-1263168"", ""corroborationUrl"": null, ""interpolated"": false}"
poland-gold,poland-gold--gold-eur,Polska · Wartość złota w EUR,Poland,Gold value in EUR,2026-05-31,2026-05,month,2026-05-01,76.6963927,mld EUR,monthly,derived,https://data-api.ecb.europa.eu/service/data/RAS/M.N.PL.W1.S121.S1.LE.A.FA.R.._Z....N.ALL?format=csvdata,2026-10-01T15:07:49.183268+00:00,"{""seriesKey"": ""RAS.M.N.PL.W1.S121.S1.LE.A.FA.R.F11._Z.EUR.XAU.M.N.ALL"", ""sourceValue"": ""76696.3927"", ""observationStatus"": ""A""}"
poland-gold,poland-gold--gold-pln,Polska · Wartość złota w PLN,Poland,Gold value in PLN,2026-05-31,2026-05,month,2026-05-01,324.234,mld PLN,monthly,derived,https://data-api.ecb.europa.eu/service/data/RAS/M.N.PL.W1.S121.S1.LE.A.FA.R.._Z....N.ALL?format=csvdata,2026-10-01T15:07:49.183268+00:00,"{""seriesKey"": ""RAS.M.N.PL.W1.S121.S1.LE.A.FA.R.F11._Z.PLN.XAU.M.N.ALL"", ""sourceValue"": ""324234"", ""observationStatus"": ""A""}"
poland-gold,poland-gold--monthly-change,Polska · Zmiana rezerw złota m/m,Poland,Monthly change in gold reserves,2026-05-31,2026-05,month,2026-05-01,18.195533928,tony / miesiąc,monthly,derived,https://www.pb.pl/nbp-kupil-w-maju-kolejne-18-ton-zlota-ma-juz-ponad-600-ton-1263168,2026-10-01,"{""additionalSourceIds"": [""gold-report-pap-20260619""], ""formula"": ""tonnes(t) - tonnes(t-1)"", ""missingReason"": null}"
poland-gold,poland-gold--reserves-pln,Polska · Oficjalne aktywa rezerwowe,Poland,Official reserve assets,2026-05-31,2026-05,month,2026-05-01,1081.75,mld PLN,monthly,derived,https://data-api.ecb.europa.eu/service/data/RAS/M.N.PL.W1.S121.S1.LE.A.FA.R.._Z....N.ALL?format=csvdata,2026-10-01T15:07:49.183268+00:00,"{""seriesKey"": ""RAS.M.N.PL.W1.S121.S1.LE.A.FA.R.F._Z.PLN.X1._X.N.ALL"", ""sourceValue"": ""1081750"", ""observationStatus"": ""A""}"
poland-gold,poland-gold--share,Polska · Udział złota w rezerwach,Poland,Gold share of reserves,2026-05-31,2026-05,month,2026-05-01,29.97309914490409,% rezerw,monthly,derived,https://data-api.ecb.europa.eu/service/data/RAS/M.N.PL.W1.S121.S1.LE.A.FA.R.._Z....N.ALL?format=csvdata,2026-10-01T15:07:49.183268+00:00,"{""formula"": ""100 * gold_PLN / total_reserves_PLN"", ""goldValueMillions"": 324234.0, ""totalValueMillions"": 1081750.0}"
poland-gold,poland-gold--tonnes,Polska · Rezerwy złota,Poland,Gold reserves,2026-05-31,2026-05,month,2026-05-01,613.8582181248,tony,monthly,derived,https://www.pb.pl/nbp-kupil-w-maju-kolejne-18-ton-zlota-ma-juz-ponad-600-ton-1263168,2026-10-01,"{""sourceValue"": 19.736, ""sourceValueText"": ""19.736"", ""sourceUnit"": ""million fine troy ounces"", ""sourceDecimals"": 3, ""evidenceType"": ""secondary-report-of-NBP-observation"", ""publishedAt"": ""2026-06-19"", ""sourceUrl"": ""https://www.pb.pl/nbp-kupil-w-maju-kolejne-18-ton-zlota-ma-juz-ponad-600-ton-1263168"", ""corroborationUrl"": ""https://www.sejm.gov.pl/sejm10.nsf/biuletyn.xsp?documentId=429F8F49D6123538C1258E22003DE0F9"", ""interpolated"": false}"
poland-gold,poland-gold--gold-eur,Polska · Wartość złota w EUR,Poland,Gold value in EUR,2026-06-30,2026-06,month,2026-06-01,71.6612734,mld EUR,monthly,derived,https://data-api.ecb.europa.eu/service/data/RAS/M.N.PL.W1.S121.S1.LE.A.FA.R.._Z....N.ALL?format=csvdata,2026-10-01T15:07:49.183268+00:00,"{""seriesKey"": ""RAS.M.N.PL.W1.S121.S1.LE.A.FA.R.F11._Z.EUR.XAU.M.N.ALL"", ""sourceValue"": ""71661.2734"", ""observationStatus"": ""A""}"
poland-gold,poland-gold--gold-pln,Polska · Wartość złota w PLN,Poland,Gold value in PLN,2026-06-30,2026-06,month,2026-06-01,307.821,mld PLN,monthly,derived,https://data-api.ecb.europa.eu/service/data/RAS/M.N.PL.W1.S121.S1.LE.A.FA.R.._Z....N.ALL?format=csvdata,2026-10-01T15:07:49.183268+00:00,"{""seriesKey"": ""RAS.M.N.PL.W1.S121.S1.LE.A.FA.R.F11._Z.PLN.XAU.M.N.ALL"", ""sourceValue"": ""307821"", ""observationStatus"": ""A""}"
poland-gold,poland-gold--monthly-change,Polska · Zmiana rezerw złota m/m,Poland,Monthly change in gold reserves,2026-06-30,2026-06,month,2026-06-01,18.5687756496,tony / miesiąc,monthly,derived,https://stat.gov.pl/download/gfx/portalinformacyjny/en/defaultstronaopisowa/3737/3/1/964irfcl-21-07-2026.xlsx,2026-10-01T15:13:34.603138+00:00,"{""additionalSourceIds"": [""gold-report-pap-20260619""], ""formula"": ""tonnes(t) - tonnes(t-1)"", ""missingReason"": null}"
poland-gold,poland-gold--reserves-pln,Polska · Oficjalne aktywa rezerwowe,Poland,Official reserve assets,2026-06-30,2026-06,month,2026-06-01,1106.74,mld PLN,monthly,derived,https://data-api.ecb.europa.eu/service/data/RAS/M.N.PL.W1.S121.S1.LE.A.FA.R.._Z....N.ALL?format=csvdata,2026-10-01T15:07:49.183268+00:00,"{""seriesKey"": ""RAS.M.N.PL.W1.S121.S1.LE.A.FA.R.F._Z.PLN.X1._X.N.ALL"", ""sourceValue"": ""1106740"", ""observationStatus"": ""A""}"
poland-gold,poland-gold--share,Polska · Udział złota w rezerwach,Poland,Gold share of reserves,2026-06-30,2026-06,month,2026-06-01,27.81330755190921,% rezerw,monthly,derived,https://data-api.ecb.europa.eu/service/data/RAS/M.N.PL.W1.S121.S1.LE.A.FA.R.._Z....N.ALL?format=csvdata,2026-10-01T15:07:49.183268+00:00,"{""formula"": ""100 * gold_PLN / total_reserves_PLN"", ""goldValueMillions"": 307821.0, ""totalValueMillions"": 1106740.0}"
poland-gold,poland-gold--tonnes,Polska · Rezerwy złota,Poland,Gold reserves,2026-06-30,2026-06,month,2026-06-01,632.4269937744,tony,monthly,derived,https://stat.gov.pl/download/gfx/portalinformacyjny/en/defaultstronaopisowa/3737/3/1/964irfcl-21-07-2026.xlsx,2026-10-01T15:13:34.603138+00:00,"{""sourceValue"": 20.333, ""sourceUnit"": ""million fine troy ounces"", ""sourceCell"": ""Mon. Auth & Ctr. Gov!E26""}"
poland-gold,poland-gold--gold-eur,Polska · Wartość złota w EUR,Poland,Gold value in EUR,2026-07-31,2026-07,month,2026-07-01,72.5063174,mld EUR,monthly,derived,https://data-api.ecb.europa.eu/service/data/RAS/M.N.PL.W1.S121.S1.LE.A.FA.R.._Z....N.ALL?format=csvdata,2026-10-01T15:07:49.183268+00:00,"{""seriesKey"": ""RAS.M.N.PL.W1.S121.S1.LE.A.FA.R.F11._Z.EUR.XAU.M.N.ALL"", ""sourceValue"": ""72506.3174"", ""observationStatus"": ""A""}"
poland-gold,poland-gold--gold-pln,Polska · Wartość złota w PLN,Poland,Gold value in PLN,2026-07-31,2026-07,month,2026-07-01,312.756,mld PLN,monthly,derived,https://data-api.ecb.europa.eu/service/data/RAS/M.N.PL.W1.S121.S1.LE.A.FA.R.._Z....N.ALL?format=csvdata,2026-10-01T15:07:49.183268+00:00,"{""seriesKey"": ""RAS.M.N.PL.W1.S121.S1.LE.A.FA.R.F11._Z.PLN.XAU.M.N.ALL"", ""sourceValue"": ""312756"", ""observationStatus"": ""A""}"
poland-gold,poland-gold--monthly-change,Polska · Zmiana rezerw złota m/m,Poland,Monthly change in gold reserves,2026-07-31,2026-07,month,2026-07-01,7.7758692,tony / miesiąc,monthly,derived,https://stat.gov.pl/download/gfx/portalinformacyjny/en/defaultstronaopisowa/3737/3/1/964irfcl-21-08-2026.xlsx,2026-10-01T15:08:48.908553+00:00,"{""additionalSourceIds"": [""gold-nbp-june""], ""formula"": ""tonnes(t) - tonnes(t-1)"", ""missingReason"": null}"
poland-gold,poland-gold--reserves-pln,Polska · Oficjalne aktywa rezerwowe,Poland,Official reserve assets,2026-07-31,2026-07,month,2026-07-01,1103.844,mld PLN,monthly,derived,https://data-api.ecb.europa.eu/service/data/RAS/M.N.PL.W1.S121.S1.LE.A.FA.R.._Z....N.ALL?format=csvdata,2026-10-01T15:07:49.183268+00:00,"{""seriesKey"": ""RAS.M.N.PL.W1.S121.S1.LE.A.FA.R.F._Z.PLN.X1._X.N.ALL"", ""sourceValue"": ""1103844"", ""observationStatus"": ""A""}"
poland-gold,poland-gold--share,Polska · Udział złota w rezerwach,Poland,Gold share of reserves,2026-07-31,2026-07,month,2026-07-01,28.333351451835586,% rezerw,monthly,derived,https://data-api.ecb.europa.eu/service/data/RAS/M.N.PL.W1.S121.S1.LE.A.FA.R.._Z....N.ALL?format=csvdata,2026-10-01T15:07:49.183268+00:00,"{""formula"": ""100 * gold_PLN / total_reserves_PLN"", ""goldValueMillions"": 312756.0, ""totalValueMillions"": 1103844.0}"
poland-gold,poland-gold--tonnes,Polska · Rezerwy złota,Poland,Gold reserves,2026-07-31,2026-07,month,2026-07-01,640.2028629744,tony,monthly,derived,https://stat.gov.pl/download/gfx/portalinformacyjny/en/defaultstronaopisowa/3737/3/1/964irfcl-21-08-2026.xlsx,2026-10-01T15:08:48.908553+00:00,"{""sourceValue"": 20.583, ""sourceUnit"": ""million fine troy ounces"", ""sourceCell"": ""Mon. Auth & Ctr. Gov!E26""}"
poland-gold,poland-gold--monthly-change,Polska · Zmiana rezerw złota m/m,Poland,Monthly change in gold reserves,2026-08-31,2026-08,month,2026-08-01,7.7758692,tony / miesiąc,monthly,derived,https://www.bankier.pl/wiadomosc/NBP-kupowal-zloto-w-sierpniu-2026-Kurs-na-700-ton-utrzymany-9200129.html,2026-10-01,"{""additionalSourceIds"": [""gold-nbp-july""], ""formula"": ""tonnes(t) - tonnes(t-1)"", ""missingReason"": null}"
poland-gold,poland-gold--tonnes,Polska · Rezerwy złota,Poland,Gold reserves,2026-08-31,2026-08,month,2026-08-01,647.9787321744,tony,monthly,derived,https://www.bankier.pl/wiadomosc/NBP-kupowal-zloto-w-sierpniu-2026-Kurs-na-700-ton-utrzymany-9200129.html,2026-10-01,"{""sourceValue"": 20.833, ""sourceValueText"": ""20.833"", ""sourceUnit"": ""million fine troy ounces"", ""sourceDecimals"": 3, ""evidenceType"": ""secondary-report-of-NBP-observation"", ""publishedAt"": ""2026-09-21"", ""sourceUrl"": ""https://www.bankier.pl/wiadomosc/NBP-kupowal-zloto-w-sierpniu-2026-Kurs-na-700-ton-utrzymany-9200129.html"", ""corroborationUrl"": ""https://businessinsider.com.pl/finanse/wartosc-zlota-w-nbp-rosnie-coraz-blizej-celu-prezesa-adama-glapinskiego/q0s3j8k"", ""interpolated"": false}"
