topic_id,series_id,series_name,entity,metric,date,period,date_precision,period_start,value,unit,frequency,kind,source_url,retrieved_at,attributes_json
solar,solar--levelized-cost-of-energy-denmark-onshore-wind,Denmark · Onshore wind,Denmark,Onshore wind,1984-12-31,1984,year,1984-01-01,0.27298307,USD 2025 / kWh,annual,observed,https://ourworldindata.org/grapher/levelized-cost-of-energy.csv,2026-09-28T22:52:30.344Z,{}
solar,solar--levelized-cost-of-energy-germany-onshore-wind,Germany · Onshore wind,Germany,Onshore wind,1984-12-31,1984,year,1984-01-01,0.2896349,USD 2025 / kWh,annual,observed,https://ourworldindata.org/grapher/levelized-cost-of-energy.csv,2026-09-28T22:52:30.344Z,{}
solar,solar--levelized-cost-of-energy-germany-solar-photovoltaic,Germany · Solar photovoltaic,Germany,Solar photovoltaic,1984-12-31,1984,year,1984-01-01,,USD 2025 / kWh,annual,observed,https://ourworldindata.org/grapher/levelized-cost-of-energy.csv,2026-09-28T22:52:30.344Z,{}
solar,solar--levelized-cost-of-energy-sweden-onshore-wind,Sweden · Onshore wind,Sweden,Onshore wind,1984-12-31,1984,year,1984-01-01,0.28895682,USD 2025 / kWh,annual,observed,https://ourworldindata.org/grapher/levelized-cost-of-energy.csv,2026-09-28T22:52:30.344Z,{}
solar,solar--levelized-cost-of-energy-united-states-onshore-wind,United States · Onshore wind,United States,Onshore wind,1984-12-31,1984,year,1984-01-01,0.3733838,USD 2025 / kWh,annual,observed,https://ourworldindata.org/grapher/levelized-cost-of-energy.csv,2026-09-28T22:52:30.344Z,{}
solar,solar--levelized-cost-of-energy-united-states-solar-photovoltaic,United States · Solar photovoltaic,United States,Solar photovoltaic,1984-12-31,1984,year,1984-01-01,,USD 2025 / kWh,annual,observed,https://ourworldindata.org/grapher/levelized-cost-of-energy.csv,2026-09-28T22:52:30.344Z,{}
solar,solar--levelized-cost-of-energy-world-bioenergy,Bioenergy,World,Bioenergy,1984-12-31,1984,year,1984-01-01,,USD 2025 / kWh,annual,observed,https://ourworldindata.org/grapher/levelized-cost-of-energy.csv,2026-09-28T22:52:30.344Z,{}
solar,solar--levelized-cost-of-energy-world-concentrated-solar-power,Concentrated solar power,World,Concentrated solar power,1984-12-31,1984,year,1984-01-01,,USD 2025 / kWh,annual,observed,https://ourworldindata.org/grapher/levelized-cost-of-energy.csv,2026-09-28T22:52:30.344Z,{}
solar,solar--levelized-cost-of-energy-world-geothermal,Geothermal,World,Geothermal,1984-12-31,1984,year,1984-01-01,,USD 2025 / kWh,annual,observed,https://ourworldindata.org/grapher/levelized-cost-of-energy.csv,2026-09-28T22:52:30.344Z,{}
solar,solar--levelized-cost-of-energy-world-hydropower,Hydropower,World,Hydropower,1984-12-31,1984,year,1984-01-01,,USD 2025 / kWh,annual,observed,https://ourworldindata.org/grapher/levelized-cost-of-energy.csv,2026-09-28T22:52:30.344Z,{}
solar,solar--levelized-cost-of-energy-world-offshore-wind,Offshore wind,World,Offshore wind,1984-12-31,1984,year,1984-01-01,,USD 2025 / kWh,annual,observed,https://ourworldindata.org/grapher/levelized-cost-of-energy.csv,2026-09-28T22:52:30.344Z,{}
solar,solar--levelized-cost-of-energy-world-onshore-wind,Onshore wind,World,Onshore wind,1984-12-31,1984,year,1984-01-01,0.36901492,USD 2025 / kWh,annual,observed,https://ourworldindata.org/grapher/levelized-cost-of-energy.csv,2026-09-28T22:52:30.344Z,{}
solar,solar--levelized-cost-of-energy-world-solar-photovoltaic,Solar photovoltaic,World,Solar photovoltaic,1984-12-31,1984,year,1984-01-01,,USD 2025 / kWh,annual,observed,https://ourworldindata.org/grapher/levelized-cost-of-energy.csv,2026-09-28T22:52:30.344Z,{}
solar,solar--levelized-cost-of-energy-denmark-onshore-wind,Denmark · Onshore wind,Denmark,Onshore wind,1985-12-31,1985,year,1985-01-01,0.25590917,USD 2025 / kWh,annual,observed,https://ourworldindata.org/grapher/levelized-cost-of-energy.csv,2026-09-28T22:52:30.344Z,{}
solar,solar--levelized-cost-of-energy-united-states-onshore-wind,United States · Onshore wind,United States,Onshore wind,1985-12-31,1985,year,1985-01-01,0.35096404,USD 2025 / kWh,annual,observed,https://ourworldindata.org/grapher/levelized-cost-of-energy.csv,2026-09-28T22:52:30.344Z,{}
solar,solar--levelized-cost-of-energy-united-states-solar-photovoltaic,United States · Solar photovoltaic,United States,Solar photovoltaic,1985-12-31,1985,year,1985-01-01,,USD 2025 / kWh,annual,observed,https://ourworldindata.org/grapher/levelized-cost-of-energy.csv,2026-09-28T22:52:30.344Z,{}
solar,solar--levelized-cost-of-energy-world-bioenergy,Bioenergy,World,Bioenergy,1985-12-31,1985,year,1985-01-01,,USD 2025 / kWh,annual,observed,https://ourworldindata.org/grapher/levelized-cost-of-energy.csv,2026-09-28T22:52:30.344Z,{}
solar,solar--levelized-cost-of-energy-world-concentrated-solar-power,Concentrated solar power,World,Concentrated solar power,1985-12-31,1985,year,1985-01-01,,USD 2025 / kWh,annual,observed,https://ourworldindata.org/grapher/levelized-cost-of-energy.csv,2026-09-28T22:52:30.344Z,{}
solar,solar--levelized-cost-of-energy-world-geothermal,Geothermal,World,Geothermal,1985-12-31,1985,year,1985-01-01,,USD 2025 / kWh,annual,observed,https://ourworldindata.org/grapher/levelized-cost-of-energy.csv,2026-09-28T22:52:30.344Z,{}
solar,solar--levelized-cost-of-energy-world-hydropower,Hydropower,World,Hydropower,1985-12-31,1985,year,1985-01-01,,USD 2025 / kWh,annual,observed,https://ourworldindata.org/grapher/levelized-cost-of-energy.csv,2026-09-28T22:52:30.344Z,{}
solar,solar--levelized-cost-of-energy-world-offshore-wind,Offshore wind,World,Offshore wind,1985-12-31,1985,year,1985-01-01,,USD 2025 / kWh,annual,observed,https://ourworldindata.org/grapher/levelized-cost-of-energy.csv,2026-09-28T22:52:30.344Z,{}
solar,solar--levelized-cost-of-energy-world-onshore-wind,Onshore wind,World,Onshore wind,1985-12-31,1985,year,1985-01-01,0.34263808,USD 2025 / kWh,annual,observed,https://ourworldindata.org/grapher/levelized-cost-of-energy.csv,2026-09-28T22:52:30.344Z,{}
solar,solar--levelized-cost-of-energy-world-solar-photovoltaic,Solar photovoltaic,World,Solar photovoltaic,1985-12-31,1985,year,1985-01-01,,USD 2025 / kWh,annual,observed,https://ourworldindata.org/grapher/levelized-cost-of-energy.csv,2026-09-28T22:52:30.344Z,{}
solar,solar--levelized-cost-of-energy-denmark-onshore-wind,Denmark · Onshore wind,Denmark,Onshore wind,1986-12-31,1986,year,1986-01-01,0.24787703,USD 2025 / kWh,annual,observed,https://ourworldindata.org/grapher/levelized-cost-of-energy.csv,2026-09-28T22:52:30.344Z,{}
solar,solar--levelized-cost-of-energy-united-states-onshore-wind,United States · Onshore wind,United States,Onshore wind,1986-12-31,1986,year,1986-01-01,0.31686842,USD 2025 / kWh,annual,observed,https://ourworldindata.org/grapher/levelized-cost-of-energy.csv,2026-09-28T22:52:30.344Z,{}
solar,solar--levelized-cost-of-energy-united-states-solar-photovoltaic,United States · Solar photovoltaic,United States,Solar photovoltaic,1986-12-31,1986,year,1986-01-01,,USD 2025 / kWh,annual,observed,https://ourworldindata.org/grapher/levelized-cost-of-energy.csv,2026-09-28T22:52:30.344Z,{}
solar,solar--levelized-cost-of-energy-world-bioenergy,Bioenergy,World,Bioenergy,1986-12-31,1986,year,1986-01-01,,USD 2025 / kWh,annual,observed,https://ourworldindata.org/grapher/levelized-cost-of-energy.csv,2026-09-28T22:52:30.344Z,{}
solar,solar--levelized-cost-of-energy-world-concentrated-solar-power,Concentrated solar power,World,Concentrated solar power,1986-12-31,1986,year,1986-01-01,,USD 2025 / kWh,annual,observed,https://ourworldindata.org/grapher/levelized-cost-of-energy.csv,2026-09-28T22:52:30.344Z,{}
solar,solar--levelized-cost-of-energy-world-geothermal,Geothermal,World,Geothermal,1986-12-31,1986,year,1986-01-01,,USD 2025 / kWh,annual,observed,https://ourworldindata.org/grapher/levelized-cost-of-energy.csv,2026-09-28T22:52:30.344Z,{}
solar,solar--levelized-cost-of-energy-world-hydropower,Hydropower,World,Hydropower,1986-12-31,1986,year,1986-01-01,,USD 2025 / kWh,annual,observed,https://ourworldindata.org/grapher/levelized-cost-of-energy.csv,2026-09-28T22:52:30.344Z,{}
solar,solar--levelized-cost-of-energy-world-offshore-wind,Offshore wind,World,Offshore wind,1986-12-31,1986,year,1986-01-01,,USD 2025 / kWh,annual,observed,https://ourworldindata.org/grapher/levelized-cost-of-energy.csv,2026-09-28T22:52:30.344Z,{}
solar,solar--levelized-cost-of-energy-world-onshore-wind,Onshore wind,World,Onshore wind,1986-12-31,1986,year,1986-01-01,0.30412003,USD 2025 / kWh,annual,observed,https://ourworldindata.org/grapher/levelized-cost-of-energy.csv,2026-09-28T22:52:30.344Z,{}
solar,solar--levelized-cost-of-energy-world-solar-photovoltaic,Solar photovoltaic,World,Solar photovoltaic,1986-12-31,1986,year,1986-01-01,,USD 2025 / kWh,annual,observed,https://ourworldindata.org/grapher/levelized-cost-of-energy.csv,2026-09-28T22:52:30.344Z,{}
solar,solar--levelized-cost-of-energy-denmark-onshore-wind,Denmark · Onshore wind,Denmark,Onshore wind,1987-12-31,1987,year,1987-01-01,0.23633514,USD 2025 / kWh,annual,observed,https://ourworldindata.org/grapher/levelized-cost-of-energy.csv,2026-09-28T22:52:30.344Z,{}
solar,solar--levelized-cost-of-energy-united-states-onshore-wind,United States · Onshore wind,United States,Onshore wind,1987-12-31,1987,year,1987-01-01,0.31004933,USD 2025 / kWh,annual,observed,https://ourworldindata.org/grapher/levelized-cost-of-energy.csv,2026-09-28T22:52:30.344Z,{}
solar,solar--levelized-cost-of-energy-united-states-solar-photovoltaic,United States · Solar photovoltaic,United States,Solar photovoltaic,1987-12-31,1987,year,1987-01-01,,USD 2025 / kWh,annual,observed,https://ourworldindata.org/grapher/levelized-cost-of-energy.csv,2026-09-28T22:52:30.344Z,{}
solar,solar--levelized-cost-of-energy-world-bioenergy,Bioenergy,World,Bioenergy,1987-12-31,1987,year,1987-01-01,,USD 2025 / kWh,annual,observed,https://ourworldindata.org/grapher/levelized-cost-of-energy.csv,2026-09-28T22:52:30.344Z,{}
solar,solar--levelized-cost-of-energy-world-concentrated-solar-power,Concentrated solar power,World,Concentrated solar power,1987-12-31,1987,year,1987-01-01,,USD 2025 / kWh,annual,observed,https://ourworldindata.org/grapher/levelized-cost-of-energy.csv,2026-09-28T22:52:30.344Z,{}
solar,solar--levelized-cost-of-energy-world-geothermal,Geothermal,World,Geothermal,1987-12-31,1987,year,1987-01-01,,USD 2025 / kWh,annual,observed,https://ourworldindata.org/grapher/levelized-cost-of-energy.csv,2026-09-28T22:52:30.344Z,{}
solar,solar--levelized-cost-of-energy-world-hydropower,Hydropower,World,Hydropower,1987-12-31,1987,year,1987-01-01,,USD 2025 / kWh,annual,observed,https://ourworldindata.org/grapher/levelized-cost-of-energy.csv,2026-09-28T22:52:30.344Z,{}
solar,solar--levelized-cost-of-energy-world-offshore-wind,Offshore wind,World,Offshore wind,1987-12-31,1987,year,1987-01-01,,USD 2025 / kWh,annual,observed,https://ourworldindata.org/grapher/levelized-cost-of-energy.csv,2026-09-28T22:52:30.344Z,{}
solar,solar--levelized-cost-of-energy-world-onshore-wind,Onshore wind,World,Onshore wind,1987-12-31,1987,year,1987-01-01,0.29504934,USD 2025 / kWh,annual,observed,https://ourworldindata.org/grapher/levelized-cost-of-energy.csv,2026-09-28T22:52:30.344Z,{}
solar,solar--levelized-cost-of-energy-world-solar-photovoltaic,Solar photovoltaic,World,Solar photovoltaic,1987-12-31,1987,year,1987-01-01,,USD 2025 / kWh,annual,observed,https://ourworldindata.org/grapher/levelized-cost-of-energy.csv,2026-09-28T22:52:30.344Z,{}
solar,solar--levelized-cost-of-energy-denmark-onshore-wind,Denmark · Onshore wind,Denmark,Onshore wind,1988-12-31,1988,year,1988-01-01,0.24734838,USD 2025 / kWh,annual,observed,https://ourworldindata.org/grapher/levelized-cost-of-energy.csv,2026-09-28T22:52:30.344Z,{}
solar,solar--levelized-cost-of-energy-united-states-onshore-wind,United States · Onshore wind,United States,Onshore wind,1988-12-31,1988,year,1988-01-01,0.24063063,USD 2025 / kWh,annual,observed,https://ourworldindata.org/grapher/levelized-cost-of-energy.csv,2026-09-28T22:52:30.344Z,{}
solar,solar--levelized-cost-of-energy-united-states-solar-photovoltaic,United States · Solar photovoltaic,United States,Solar photovoltaic,1988-12-31,1988,year,1988-01-01,,USD 2025 / kWh,annual,observed,https://ourworldindata.org/grapher/levelized-cost-of-energy.csv,2026-09-28T22:52:30.344Z,{}
solar,solar--levelized-cost-of-energy-world-bioenergy,Bioenergy,World,Bioenergy,1988-12-31,1988,year,1988-01-01,,USD 2025 / kWh,annual,observed,https://ourworldindata.org/grapher/levelized-cost-of-energy.csv,2026-09-28T22:52:30.344Z,{}
solar,solar--levelized-cost-of-energy-world-concentrated-solar-power,Concentrated solar power,World,Concentrated solar power,1988-12-31,1988,year,1988-01-01,,USD 2025 / kWh,annual,observed,https://ourworldindata.org/grapher/levelized-cost-of-energy.csv,2026-09-28T22:52:30.344Z,{}
solar,solar--levelized-cost-of-energy-world-geothermal,Geothermal,World,Geothermal,1988-12-31,1988,year,1988-01-01,,USD 2025 / kWh,annual,observed,https://ourworldindata.org/grapher/levelized-cost-of-energy.csv,2026-09-28T22:52:30.344Z,{}
solar,solar--levelized-cost-of-energy-world-hydropower,Hydropower,World,Hydropower,1988-12-31,1988,year,1988-01-01,,USD 2025 / kWh,annual,observed,https://ourworldindata.org/grapher/levelized-cost-of-energy.csv,2026-09-28T22:52:30.344Z,{}
solar,solar--levelized-cost-of-energy-world-offshore-wind,Offshore wind,World,Offshore wind,1988-12-31,1988,year,1988-01-01,,USD 2025 / kWh,annual,observed,https://ourworldindata.org/grapher/levelized-cost-of-energy.csv,2026-09-28T22:52:30.344Z,{}
solar,solar--levelized-cost-of-energy-world-onshore-wind,Onshore wind,World,Onshore wind,1988-12-31,1988,year,1988-01-01,0.2432522,USD 2025 / kWh,annual,observed,https://ourworldindata.org/grapher/levelized-cost-of-energy.csv,2026-09-28T22:52:30.344Z,{}
solar,solar--levelized-cost-of-energy-world-solar-photovoltaic,Solar photovoltaic,World,Solar photovoltaic,1988-12-31,1988,year,1988-01-01,,USD 2025 / kWh,annual,observed,https://ourworldindata.org/grapher/levelized-cost-of-energy.csv,2026-09-28T22:52:30.344Z,{}
solar,solar--levelized-cost-of-energy-denmark-onshore-wind,Denmark · Onshore wind,Denmark,Onshore wind,1989-12-31,1989,year,1989-01-01,0.22535922,USD 2025 / kWh,annual,observed,https://ourworldindata.org/grapher/levelized-cost-of-energy.csv,2026-09-28T22:52:30.344Z,{}
solar,solar--levelized-cost-of-energy-italy-onshore-wind,Italy · Onshore wind,Italy,Onshore wind,1989-12-31,1989,year,1989-01-01,0.23460421,USD 2025 / kWh,annual,observed,https://ourworldindata.org/grapher/levelized-cost-of-energy.csv,2026-09-28T22:52:30.344Z,{}
solar,solar--levelized-cost-of-energy-italy-solar-photovoltaic,Italy · Solar photovoltaic,Italy,Solar photovoltaic,1989-12-31,1989,year,1989-01-01,,USD 2025 / kWh,annual,observed,https://ourworldindata.org/grapher/levelized-cost-of-energy.csv,2026-09-28T22:52:30.344Z,{}
solar,solar--levelized-cost-of-energy-united-kingdom-onshore-wind,United Kingdom · Onshore wind,United Kingdom,Onshore wind,1989-12-31,1989,year,1989-01-01,0.23437098,USD 2025 / kWh,annual,observed,https://ourworldindata.org/grapher/levelized-cost-of-energy.csv,2026-09-28T22:52:30.344Z,{}
solar,solar--levelized-cost-of-energy-united-kingdom-solar-photovoltaic,United Kingdom · Solar photovoltaic,United Kingdom,Solar photovoltaic,1989-12-31,1989,year,1989-01-01,,USD 2025 / kWh,annual,observed,https://ourworldindata.org/grapher/levelized-cost-of-energy.csv,2026-09-28T22:52:30.344Z,{}
solar,solar--levelized-cost-of-energy-united-states-onshore-wind,United States · Onshore wind,United States,Onshore wind,1989-12-31,1989,year,1989-01-01,0.22428097,USD 2025 / kWh,annual,observed,https://ourworldindata.org/grapher/levelized-cost-of-energy.csv,2026-09-28T22:52:30.344Z,{}
solar,solar--levelized-cost-of-energy-united-states-solar-photovoltaic,United States · Solar photovoltaic,United States,Solar photovoltaic,1989-12-31,1989,year,1989-01-01,,USD 2025 / kWh,annual,observed,https://ourworldindata.org/grapher/levelized-cost-of-energy.csv,2026-09-28T22:52:30.344Z,{}
solar,solar--levelized-cost-of-energy-world-bioenergy,Bioenergy,World,Bioenergy,1989-12-31,1989,year,1989-01-01,,USD 2025 / kWh,annual,observed,https://ourworldindata.org/grapher/levelized-cost-of-energy.csv,2026-09-28T22:52:30.344Z,{}
solar,solar--levelized-cost-of-energy-world-concentrated-solar-power,Concentrated solar power,World,Concentrated solar power,1989-12-31,1989,year,1989-01-01,,USD 2025 / kWh,annual,observed,https://ourworldindata.org/grapher/levelized-cost-of-energy.csv,2026-09-28T22:52:30.344Z,{}
solar,solar--levelized-cost-of-energy-world-geothermal,Geothermal,World,Geothermal,1989-12-31,1989,year,1989-01-01,,USD 2025 / kWh,annual,observed,https://ourworldindata.org/grapher/levelized-cost-of-energy.csv,2026-09-28T22:52:30.344Z,{}
solar,solar--levelized-cost-of-energy-world-hydropower,Hydropower,World,Hydropower,1989-12-31,1989,year,1989-01-01,,USD 2025 / kWh,annual,observed,https://ourworldindata.org/grapher/levelized-cost-of-energy.csv,2026-09-28T22:52:30.344Z,{}
solar,solar--levelized-cost-of-energy-world-offshore-wind,Offshore wind,World,Offshore wind,1989-12-31,1989,year,1989-01-01,,USD 2025 / kWh,annual,observed,https://ourworldindata.org/grapher/levelized-cost-of-energy.csv,2026-09-28T22:52:30.344Z,{}
solar,solar--levelized-cost-of-energy-world-onshore-wind,Onshore wind,World,Onshore wind,1989-12-31,1989,year,1989-01-01,0.22499196,USD 2025 / kWh,annual,observed,https://ourworldindata.org/grapher/levelized-cost-of-energy.csv,2026-09-28T22:52:30.344Z,{}
solar,solar--levelized-cost-of-energy-world-solar-photovoltaic,Solar photovoltaic,World,Solar photovoltaic,1989-12-31,1989,year,1989-01-01,,USD 2025 / kWh,annual,observed,https://ourworldindata.org/grapher/levelized-cost-of-energy.csv,2026-09-28T22:52:30.344Z,{}
solar,solar--levelized-cost-of-energy-canada-onshore-wind,Canada · Onshore wind,Canada,Onshore wind,1990-12-31,1990,year,1990-01-01,0.222909,USD 2025 / kWh,annual,observed,https://ourworldindata.org/grapher/levelized-cost-of-energy.csv,2026-09-28T22:52:30.344Z,{}
solar,solar--levelized-cost-of-energy-canada-solar-photovoltaic,Canada · Solar photovoltaic,Canada,Solar photovoltaic,1990-12-31,1990,year,1990-01-01,,USD 2025 / kWh,annual,observed,https://ourworldindata.org/grapher/levelized-cost-of-energy.csv,2026-09-28T22:52:30.344Z,{}
solar,solar--levelized-cost-of-energy-denmark-onshore-wind,Denmark · Onshore wind,Denmark,Onshore wind,1990-12-31,1990,year,1990-01-01,0.2264229,USD 2025 / kWh,annual,observed,https://ourworldindata.org/grapher/levelized-cost-of-energy.csv,2026-09-28T22:52:30.344Z,{}
solar,solar--levelized-cost-of-energy-germany-onshore-wind,Germany · Onshore wind,Germany,Onshore wind,1990-12-31,1990,year,1990-01-01,0.2517671,USD 2025 / kWh,annual,observed,https://ourworldindata.org/grapher/levelized-cost-of-energy.csv,2026-09-28T22:52:30.344Z,{}
solar,solar--levelized-cost-of-energy-germany-solar-photovoltaic,Germany · Solar photovoltaic,Germany,Solar photovoltaic,1990-12-31,1990,year,1990-01-01,,USD 2025 / kWh,annual,observed,https://ourworldindata.org/grapher/levelized-cost-of-energy.csv,2026-09-28T22:52:30.344Z,{}
solar,solar--levelized-cost-of-energy-india-onshore-wind,India · Onshore wind,India,Onshore wind,1990-12-31,1990,year,1990-01-01,0.27522212,USD 2025 / kWh,annual,observed,https://ourworldindata.org/grapher/levelized-cost-of-energy.csv,2026-09-28T22:52:30.344Z,{}
solar,solar--levelized-cost-of-energy-india-solar-photovoltaic,India · Solar photovoltaic,India,Solar photovoltaic,1990-12-31,1990,year,1990-01-01,,USD 2025 / kWh,annual,observed,https://ourworldindata.org/grapher/levelized-cost-of-energy.csv,2026-09-28T22:52:30.344Z,{}
solar,solar--levelized-cost-of-energy-spain-onshore-wind,Spain · Onshore wind,Spain,Onshore wind,1990-12-31,1990,year,1990-01-01,0.17633705,USD 2025 / kWh,annual,observed,https://ourworldindata.org/grapher/levelized-cost-of-energy.csv,2026-09-28T22:52:30.344Z,{}
solar,solar--levelized-cost-of-energy-spain-solar-photovoltaic,Spain · Solar photovoltaic,Spain,Solar photovoltaic,1990-12-31,1990,year,1990-01-01,,USD 2025 / kWh,annual,observed,https://ourworldindata.org/grapher/levelized-cost-of-energy.csv,2026-09-28T22:52:30.344Z,{}
solar,solar--levelized-cost-of-energy-sweden-onshore-wind,Sweden · Onshore wind,Sweden,Onshore wind,1990-12-31,1990,year,1990-01-01,0.25112113,USD 2025 / kWh,annual,observed,https://ourworldindata.org/grapher/levelized-cost-of-energy.csv,2026-09-28T22:52:30.344Z,{}
solar,solar--levelized-cost-of-energy-united-kingdom-onshore-wind,United Kingdom · Onshore wind,United Kingdom,Onshore wind,1990-12-31,1990,year,1990-01-01,0.23561879,USD 2025 / kWh,annual,observed,https://ourworldindata.org/grapher/levelized-cost-of-energy.csv,2026-09-28T22:52:30.344Z,{}
solar,solar--levelized-cost-of-energy-united-kingdom-solar-photovoltaic,United Kingdom · Solar photovoltaic,United Kingdom,Solar photovoltaic,1990-12-31,1990,year,1990-01-01,,USD 2025 / kWh,annual,observed,https://ourworldindata.org/grapher/levelized-cost-of-energy.csv,2026-09-28T22:52:30.344Z,{}
solar,solar--levelized-cost-of-energy-united-states-onshore-wind,United States · Onshore wind,United States,Onshore wind,1990-12-31,1990,year,1990-01-01,0.24796404,USD 2025 / kWh,annual,observed,https://ourworldindata.org/grapher/levelized-cost-of-energy.csv,2026-09-28T22:52:30.344Z,{}
solar,solar--levelized-cost-of-energy-united-states-solar-photovoltaic,United States · Solar photovoltaic,United States,Solar photovoltaic,1990-12-31,1990,year,1990-01-01,,USD 2025 / kWh,annual,observed,https://ourworldindata.org/grapher/levelized-cost-of-energy.csv,2026-09-28T22:52:30.344Z,{}
solar,solar--levelized-cost-of-energy-world-bioenergy,Bioenergy,World,Bioenergy,1990-12-31,1990,year,1990-01-01,,USD 2025 / kWh,annual,observed,https://ourworldindata.org/grapher/levelized-cost-of-energy.csv,2026-09-28T22:52:30.344Z,{}
solar,solar--levelized-cost-of-energy-world-concentrated-solar-power,Concentrated solar power,World,Concentrated solar power,1990-12-31,1990,year,1990-01-01,,USD 2025 / kWh,annual,observed,https://ourworldindata.org/grapher/levelized-cost-of-energy.csv,2026-09-28T22:52:30.344Z,{}
solar,solar--levelized-cost-of-energy-world-geothermal,Geothermal,World,Geothermal,1990-12-31,1990,year,1990-01-01,,USD 2025 / kWh,annual,observed,https://ourworldindata.org/grapher/levelized-cost-of-energy.csv,2026-09-28T22:52:30.344Z,{}
solar,solar--levelized-cost-of-energy-world-hydropower,Hydropower,World,Hydropower,1990-12-31,1990,year,1990-01-01,,USD 2025 / kWh,annual,observed,https://ourworldindata.org/grapher/levelized-cost-of-energy.csv,2026-09-28T22:52:30.344Z,{}
solar,solar--levelized-cost-of-energy-world-offshore-wind,Offshore wind,World,Offshore wind,1990-12-31,1990,year,1990-01-01,,USD 2025 / kWh,annual,observed,https://ourworldindata.org/grapher/levelized-cost-of-energy.csv,2026-09-28T22:52:30.344Z,{}
solar,solar--levelized-cost-of-energy-world-onshore-wind,Onshore wind,World,Onshore wind,1990-12-31,1990,year,1990-01-01,0.23924543,USD 2025 / kWh,annual,observed,https://ourworldindata.org/grapher/levelized-cost-of-energy.csv,2026-09-28T22:52:30.344Z,{}
solar,solar--levelized-cost-of-energy-world-solar-photovoltaic,Solar photovoltaic,World,Solar photovoltaic,1990-12-31,1990,year,1990-01-01,,USD 2025 / kWh,annual,observed,https://ourworldindata.org/grapher/levelized-cost-of-energy.csv,2026-09-28T22:52:30.344Z,{}
solar,solar--levelized-cost-of-energy-denmark-onshore-wind,Denmark · Onshore wind,Denmark,Onshore wind,1991-12-31,1991,year,1991-01-01,0.21423951,USD 2025 / kWh,annual,observed,https://ourworldindata.org/grapher/levelized-cost-of-energy.csv,2026-09-28T22:52:30.344Z,{}
solar,solar--levelized-cost-of-energy-france-onshore-wind,France · Onshore wind,France,Onshore wind,1991-12-31,1991,year,1991-01-01,0.23304047,USD 2025 / kWh,annual,observed,https://ourworldindata.org/grapher/levelized-cost-of-energy.csv,2026-09-28T22:52:30.344Z,{}
solar,solar--levelized-cost-of-energy-france-solar-photovoltaic,France · Solar photovoltaic,France,Solar photovoltaic,1991-12-31,1991,year,1991-01-01,,USD 2025 / kWh,annual,observed,https://ourworldindata.org/grapher/levelized-cost-of-energy.csv,2026-09-28T22:52:30.344Z,{}
solar,solar--levelized-cost-of-energy-germany-onshore-wind,Germany · Onshore wind,Germany,Onshore wind,1991-12-31,1991,year,1991-01-01,0.23833346,USD 2025 / kWh,annual,observed,https://ourworldindata.org/grapher/levelized-cost-of-energy.csv,2026-09-28T22:52:30.344Z,{}
solar,solar--levelized-cost-of-energy-germany-solar-photovoltaic,Germany · Solar photovoltaic,Germany,Solar photovoltaic,1991-12-31,1991,year,1991-01-01,,USD 2025 / kWh,annual,observed,https://ourworldindata.org/grapher/levelized-cost-of-energy.csv,2026-09-28T22:52:30.344Z,{}
solar,solar--levelized-cost-of-energy-india-onshore-wind,India · Onshore wind,India,Onshore wind,1991-12-31,1991,year,1991-01-01,0.31447753,USD 2025 / kWh,annual,observed,https://ourworldindata.org/grapher/levelized-cost-of-energy.csv,2026-09-28T22:52:30.344Z,{}
solar,solar--levelized-cost-of-energy-india-solar-photovoltaic,India · Solar photovoltaic,India,Solar photovoltaic,1991-12-31,1991,year,1991-01-01,,USD 2025 / kWh,annual,observed,https://ourworldindata.org/grapher/levelized-cost-of-energy.csv,2026-09-28T22:52:30.344Z,{}
solar,solar--levelized-cost-of-energy-italy-onshore-wind,Italy · Onshore wind,Italy,Onshore wind,1991-12-31,1991,year,1991-01-01,0.22313303,USD 2025 / kWh,annual,observed,https://ourworldindata.org/grapher/levelized-cost-of-energy.csv,2026-09-28T22:52:30.344Z,{}
solar,solar--levelized-cost-of-energy-italy-solar-photovoltaic,Italy · Solar photovoltaic,Italy,Solar photovoltaic,1991-12-31,1991,year,1991-01-01,,USD 2025 / kWh,annual,observed,https://ourworldindata.org/grapher/levelized-cost-of-energy.csv,2026-09-28T22:52:30.344Z,{}
solar,solar--levelized-cost-of-energy-spain-onshore-wind,Spain · Onshore wind,Spain,Onshore wind,1991-12-31,1991,year,1991-01-01,0.1747561,USD 2025 / kWh,annual,observed,https://ourworldindata.org/grapher/levelized-cost-of-energy.csv,2026-09-28T22:52:30.344Z,{}
solar,solar--levelized-cost-of-energy-spain-solar-photovoltaic,Spain · Solar photovoltaic,Spain,Solar photovoltaic,1991-12-31,1991,year,1991-01-01,,USD 2025 / kWh,annual,observed,https://ourworldindata.org/grapher/levelized-cost-of-energy.csv,2026-09-28T22:52:30.344Z,{}
solar,solar--levelized-cost-of-energy-sweden-onshore-wind,Sweden · Onshore wind,Sweden,Onshore wind,1991-12-31,1991,year,1991-01-01,0.23771705,USD 2025 / kWh,annual,observed,https://ourworldindata.org/grapher/levelized-cost-of-energy.csv,2026-09-28T22:52:30.344Z,{}
solar,solar--levelized-cost-of-energy-united-kingdom-onshore-wind,United Kingdom · Onshore wind,United Kingdom,Onshore wind,1991-12-31,1991,year,1991-01-01,0.22292337,USD 2025 / kWh,annual,observed,https://ourworldindata.org/grapher/levelized-cost-of-energy.csv,2026-09-28T22:52:30.344Z,{}
solar,solar--levelized-cost-of-energy-united-kingdom-solar-photovoltaic,United Kingdom · Solar photovoltaic,United Kingdom,Solar photovoltaic,1991-12-31,1991,year,1991-01-01,,USD 2025 / kWh,annual,observed,https://ourworldindata.org/grapher/levelized-cost-of-energy.csv,2026-09-28T22:52:30.344Z,{}
solar,solar--levelized-cost-of-energy-united-states-onshore-wind,United States · Onshore wind,United States,Onshore wind,1991-12-31,1991,year,1991-01-01,0.24049425,USD 2025 / kWh,annual,observed,https://ourworldindata.org/grapher/levelized-cost-of-energy.csv,2026-09-28T22:52:30.344Z,{}
solar,solar--levelized-cost-of-energy-united-states-solar-photovoltaic,United States · Solar photovoltaic,United States,Solar photovoltaic,1991-12-31,1991,year,1991-01-01,,USD 2025 / kWh,annual,observed,https://ourworldindata.org/grapher/levelized-cost-of-energy.csv,2026-09-28T22:52:30.344Z,{}
solar,solar--levelized-cost-of-energy-world-bioenergy,Bioenergy,World,Bioenergy,1991-12-31,1991,year,1991-01-01,,USD 2025 / kWh,annual,observed,https://ourworldindata.org/grapher/levelized-cost-of-energy.csv,2026-09-28T22:52:30.344Z,{}
solar,solar--levelized-cost-of-energy-world-concentrated-solar-power,Concentrated solar power,World,Concentrated solar power,1991-12-31,1991,year,1991-01-01,,USD 2025 / kWh,annual,observed,https://ourworldindata.org/grapher/levelized-cost-of-energy.csv,2026-09-28T22:52:30.344Z,{}
solar,solar--levelized-cost-of-energy-world-geothermal,Geothermal,World,Geothermal,1991-12-31,1991,year,1991-01-01,,USD 2025 / kWh,annual,observed,https://ourworldindata.org/grapher/levelized-cost-of-energy.csv,2026-09-28T22:52:30.344Z,{}
solar,solar--levelized-cost-of-energy-world-hydropower,Hydropower,World,Hydropower,1991-12-31,1991,year,1991-01-01,,USD 2025 / kWh,annual,observed,https://ourworldindata.org/grapher/levelized-cost-of-energy.csv,2026-09-28T22:52:30.344Z,{}
solar,solar--levelized-cost-of-energy-world-offshore-wind,Offshore wind,World,Offshore wind,1991-12-31,1991,year,1991-01-01,,USD 2025 / kWh,annual,observed,https://ourworldindata.org/grapher/levelized-cost-of-energy.csv,2026-09-28T22:52:30.344Z,{}
solar,solar--levelized-cost-of-energy-world-onshore-wind,Onshore wind,World,Onshore wind,1991-12-31,1991,year,1991-01-01,0.22948527,USD 2025 / kWh,annual,observed,https://ourworldindata.org/grapher/levelized-cost-of-energy.csv,2026-09-28T22:52:30.344Z,{}
solar,solar--levelized-cost-of-energy-world-solar-photovoltaic,Solar photovoltaic,World,Solar photovoltaic,1991-12-31,1991,year,1991-01-01,,USD 2025 / kWh,annual,observed,https://ourworldindata.org/grapher/levelized-cost-of-energy.csv,2026-09-28T22:52:30.344Z,{}
solar,solar--levelized-cost-of-energy-canada-onshore-wind,Canada · Onshore wind,Canada,Onshore wind,1992-12-31,1992,year,1992-01-01,0.21199481,USD 2025 / kWh,annual,observed,https://ourworldindata.org/grapher/levelized-cost-of-energy.csv,2026-09-28T22:52:30.344Z,{}
solar,solar--levelized-cost-of-energy-canada-solar-photovoltaic,Canada · Solar photovoltaic,Canada,Solar photovoltaic,1992-12-31,1992,year,1992-01-01,,USD 2025 / kWh,annual,observed,https://ourworldindata.org/grapher/levelized-cost-of-energy.csv,2026-09-28T22:52:30.344Z,{}
solar,solar--levelized-cost-of-energy-denmark-onshore-wind,Denmark · Onshore wind,Denmark,Onshore wind,1992-12-31,1992,year,1992-01-01,0.2102678,USD 2025 / kWh,annual,observed,https://ourworldindata.org/grapher/levelized-cost-of-energy.csv,2026-09-28T22:52:30.344Z,{}
solar,solar--levelized-cost-of-energy-germany-onshore-wind,Germany · Onshore wind,Germany,Onshore wind,1992-12-31,1992,year,1992-01-01,0.25885403,USD 2025 / kWh,annual,observed,https://ourworldindata.org/grapher/levelized-cost-of-energy.csv,2026-09-28T22:52:30.344Z,{}
solar,solar--levelized-cost-of-energy-germany-solar-photovoltaic,Germany · Solar photovoltaic,Germany,Solar photovoltaic,1992-12-31,1992,year,1992-01-01,,USD 2025 / kWh,annual,observed,https://ourworldindata.org/grapher/levelized-cost-of-energy.csv,2026-09-28T22:52:30.344Z,{}
solar,solar--levelized-cost-of-energy-india-onshore-wind,India · Onshore wind,India,Onshore wind,1992-12-31,1992,year,1992-01-01,0.28803286,USD 2025 / kWh,annual,observed,https://ourworldindata.org/grapher/levelized-cost-of-energy.csv,2026-09-28T22:52:30.344Z,{}
solar,solar--levelized-cost-of-energy-india-solar-photovoltaic,India · Solar photovoltaic,India,Solar photovoltaic,1992-12-31,1992,year,1992-01-01,,USD 2025 / kWh,annual,observed,https://ourworldindata.org/grapher/levelized-cost-of-energy.csv,2026-09-28T22:52:30.344Z,{}
solar,solar--levelized-cost-of-energy-italy-onshore-wind,Italy · Onshore wind,Italy,Onshore wind,1992-12-31,1992,year,1992-01-01,0.24156353,USD 2025 / kWh,annual,observed,https://ourworldindata.org/grapher/levelized-cost-of-energy.csv,2026-09-28T22:52:30.344Z,{}
solar,solar--levelized-cost-of-energy-italy-solar-photovoltaic,Italy · Solar photovoltaic,Italy,Solar photovoltaic,1992-12-31,1992,year,1992-01-01,,USD 2025 / kWh,annual,observed,https://ourworldindata.org/grapher/levelized-cost-of-energy.csv,2026-09-28T22:52:30.344Z,{}
solar,solar--levelized-cost-of-energy-spain-onshore-wind,Spain · Onshore wind,Spain,Onshore wind,1992-12-31,1992,year,1992-01-01,0.16590802,USD 2025 / kWh,annual,observed,https://ourworldindata.org/grapher/levelized-cost-of-energy.csv,2026-09-28T22:52:30.344Z,{}
solar,solar--levelized-cost-of-energy-spain-solar-photovoltaic,Spain · Solar photovoltaic,Spain,Solar photovoltaic,1992-12-31,1992,year,1992-01-01,,USD 2025 / kWh,annual,observed,https://ourworldindata.org/grapher/levelized-cost-of-energy.csv,2026-09-28T22:52:30.344Z,{}
solar,solar--levelized-cost-of-energy-sweden-onshore-wind,Sweden · Onshore wind,Sweden,Onshore wind,1992-12-31,1992,year,1992-01-01,0.25815287,USD 2025 / kWh,annual,observed,https://ourworldindata.org/grapher/levelized-cost-of-energy.csv,2026-09-28T22:52:30.344Z,{}
solar,solar--levelized-cost-of-energy-united-kingdom-onshore-wind,United Kingdom · Onshore wind,United Kingdom,Onshore wind,1992-12-31,1992,year,1992-01-01,0.23956628,USD 2025 / kWh,annual,observed,https://ourworldindata.org/grapher/levelized-cost-of-energy.csv,2026-09-28T22:52:30.344Z,{}
solar,solar--levelized-cost-of-energy-united-kingdom-solar-photovoltaic,United Kingdom · Solar photovoltaic,United Kingdom,Solar photovoltaic,1992-12-31,1992,year,1992-01-01,,USD 2025 / kWh,annual,observed,https://ourworldindata.org/grapher/levelized-cost-of-energy.csv,2026-09-28T22:52:30.344Z,{}
solar,solar--levelized-cost-of-energy-world-bioenergy,Bioenergy,World,Bioenergy,1992-12-31,1992,year,1992-01-01,,USD 2025 / kWh,annual,observed,https://ourworldindata.org/grapher/levelized-cost-of-energy.csv,2026-09-28T22:52:30.344Z,{}
solar,solar--levelized-cost-of-energy-world-concentrated-solar-power,Concentrated solar power,World,Concentrated solar power,1992-12-31,1992,year,1992-01-01,,USD 2025 / kWh,annual,observed,https://ourworldindata.org/grapher/levelized-cost-of-energy.csv,2026-09-28T22:52:30.344Z,{}
solar,solar--levelized-cost-of-energy-world-geothermal,Geothermal,World,Geothermal,1992-12-31,1992,year,1992-01-01,,USD 2025 / kWh,annual,observed,https://ourworldindata.org/grapher/levelized-cost-of-energy.csv,2026-09-28T22:52:30.344Z,{}
solar,solar--levelized-cost-of-energy-world-hydropower,Hydropower,World,Hydropower,1992-12-31,1992,year,1992-01-01,,USD 2025 / kWh,annual,observed,https://ourworldindata.org/grapher/levelized-cost-of-energy.csv,2026-09-28T22:52:30.344Z,{}
solar,solar--levelized-cost-of-energy-world-offshore-wind,Offshore wind,World,Offshore wind,1992-12-31,1992,year,1992-01-01,,USD 2025 / kWh,annual,observed,https://ourworldindata.org/grapher/levelized-cost-of-energy.csv,2026-09-28T22:52:30.344Z,{}
solar,solar--levelized-cost-of-energy-world-onshore-wind,Onshore wind,World,Onshore wind,1992-12-31,1992,year,1992-01-01,0.22991455,USD 2025 / kWh,annual,observed,https://ourworldindata.org/grapher/levelized-cost-of-energy.csv,2026-09-28T22:52:30.344Z,{}
solar,solar--levelized-cost-of-energy-world-solar-photovoltaic,Solar photovoltaic,World,Solar photovoltaic,1992-12-31,1992,year,1992-01-01,,USD 2025 / kWh,annual,observed,https://ourworldindata.org/grapher/levelized-cost-of-energy.csv,2026-09-28T22:52:30.344Z,{}
solar,solar--levelized-cost-of-energy-canada-onshore-wind,Canada · Onshore wind,Canada,Onshore wind,1993-12-31,1993,year,1993-01-01,0.068579614,USD 2025 / kWh,annual,observed,https://ourworldindata.org/grapher/levelized-cost-of-energy.csv,2026-09-28T22:52:30.344Z,{}
solar,solar--levelized-cost-of-energy-canada-solar-photovoltaic,Canada · Solar photovoltaic,Canada,Solar photovoltaic,1993-12-31,1993,year,1993-01-01,,USD 2025 / kWh,annual,observed,https://ourworldindata.org/grapher/levelized-cost-of-energy.csv,2026-09-28T22:52:30.344Z,{}
solar,solar--levelized-cost-of-energy-denmark-onshore-wind,Denmark · Onshore wind,Denmark,Onshore wind,1993-12-31,1993,year,1993-01-01,0.211129,USD 2025 / kWh,annual,observed,https://ourworldindata.org/grapher/levelized-cost-of-energy.csv,2026-09-28T22:52:30.344Z,{}
solar,solar--levelized-cost-of-energy-france-onshore-wind,France · Onshore wind,France,Onshore wind,1993-12-31,1993,year,1993-01-01,0.24729137,USD 2025 / kWh,annual,observed,https://ourworldindata.org/grapher/levelized-cost-of-energy.csv,2026-09-28T22:52:30.344Z,{}
solar,solar--levelized-cost-of-energy-france-solar-photovoltaic,France · Solar photovoltaic,France,Solar photovoltaic,1993-12-31,1993,year,1993-01-01,,USD 2025 / kWh,annual,observed,https://ourworldindata.org/grapher/levelized-cost-of-energy.csv,2026-09-28T22:52:30.344Z,{}
solar,solar--levelized-cost-of-energy-germany-onshore-wind,Germany · Onshore wind,Germany,Onshore wind,1993-12-31,1993,year,1993-01-01,0.25331217,USD 2025 / kWh,annual,observed,https://ourworldindata.org/grapher/levelized-cost-of-energy.csv,2026-09-28T22:52:30.344Z,{}
solar,solar--levelized-cost-of-energy-germany-solar-photovoltaic,Germany · Solar photovoltaic,Germany,Solar photovoltaic,1993-12-31,1993,year,1993-01-01,,USD 2025 / kWh,annual,observed,https://ourworldindata.org/grapher/levelized-cost-of-energy.csv,2026-09-28T22:52:30.344Z,{}
solar,solar--levelized-cost-of-energy-india-onshore-wind,India · Onshore wind,India,Onshore wind,1993-12-31,1993,year,1993-01-01,0.28803286,USD 2025 / kWh,annual,observed,https://ourworldindata.org/grapher/levelized-cost-of-energy.csv,2026-09-28T22:52:30.344Z,{}
solar,solar--levelized-cost-of-energy-india-solar-photovoltaic,India · Solar photovoltaic,India,Solar photovoltaic,1993-12-31,1993,year,1993-01-01,,USD 2025 / kWh,annual,observed,https://ourworldindata.org/grapher/levelized-cost-of-energy.csv,2026-09-28T22:52:30.344Z,{}
solar,solar--levelized-cost-of-energy-italy-onshore-wind,Italy · Onshore wind,Italy,Onshore wind,1993-12-31,1993,year,1993-01-01,0.23602167,USD 2025 / kWh,annual,observed,https://ourworldindata.org/grapher/levelized-cost-of-energy.csv,2026-09-28T22:52:30.344Z,{}
solar,solar--levelized-cost-of-energy-italy-solar-photovoltaic,Italy · Solar photovoltaic,Italy,Solar photovoltaic,1993-12-31,1993,year,1993-01-01,,USD 2025 / kWh,annual,observed,https://ourworldindata.org/grapher/levelized-cost-of-energy.csv,2026-09-28T22:52:30.344Z,{}
solar,solar--levelized-cost-of-energy-spain-onshore-wind,Spain · Onshore wind,Spain,Onshore wind,1993-12-31,1993,year,1993-01-01,0.16190529,USD 2025 / kWh,annual,observed,https://ourworldindata.org/grapher/levelized-cost-of-energy.csv,2026-09-28T22:52:30.344Z,{}
solar,solar--levelized-cost-of-energy-spain-solar-photovoltaic,Spain · Solar photovoltaic,Spain,Solar photovoltaic,1993-12-31,1993,year,1993-01-01,,USD 2025 / kWh,annual,observed,https://ourworldindata.org/grapher/levelized-cost-of-energy.csv,2026-09-28T22:52:30.344Z,{}
solar,solar--levelized-cost-of-energy-sweden-onshore-wind,Sweden · Onshore wind,Sweden,Onshore wind,1993-12-31,1993,year,1993-01-01,0.252611,USD 2025 / kWh,annual,observed,https://ourworldindata.org/grapher/levelized-cost-of-energy.csv,2026-09-28T22:52:30.344Z,{}
solar,solar--levelized-cost-of-energy-united-kingdom-onshore-wind,United Kingdom · Onshore wind,United Kingdom,Onshore wind,1993-12-31,1993,year,1993-01-01,0.21940112,USD 2025 / kWh,annual,observed,https://ourworldindata.org/grapher/levelized-cost-of-energy.csv,2026-09-28T22:52:30.344Z,{}
solar,solar--levelized-cost-of-energy-united-kingdom-solar-photovoltaic,United Kingdom · Solar photovoltaic,United Kingdom,Solar photovoltaic,1993-12-31,1993,year,1993-01-01,,USD 2025 / kWh,annual,observed,https://ourworldindata.org/grapher/levelized-cost-of-energy.csv,2026-09-28T22:52:30.344Z,{}
solar,solar--levelized-cost-of-energy-world-bioenergy,Bioenergy,World,Bioenergy,1993-12-31,1993,year,1993-01-01,,USD 2025 / kWh,annual,observed,https://ourworldindata.org/grapher/levelized-cost-of-energy.csv,2026-09-28T22:52:30.344Z,{}
solar,solar--levelized-cost-of-energy-world-concentrated-solar-power,Concentrated solar power,World,Concentrated solar power,1993-12-31,1993,year,1993-01-01,,USD 2025 / kWh,annual,observed,https://ourworldindata.org/grapher/levelized-cost-of-energy.csv,2026-09-28T22:52:30.344Z,{}
solar,solar--levelized-cost-of-energy-world-geothermal,Geothermal,World,Geothermal,1993-12-31,1993,year,1993-01-01,,USD 2025 / kWh,annual,observed,https://ourworldindata.org/grapher/levelized-cost-of-energy.csv,2026-09-28T22:52:30.344Z,{}
solar,solar--levelized-cost-of-energy-world-hydropower,Hydropower,World,Hydropower,1993-12-31,1993,year,1993-01-01,,USD 2025 / kWh,annual,observed,https://ourworldindata.org/grapher/levelized-cost-of-energy.csv,2026-09-28T22:52:30.344Z,{}
solar,solar--levelized-cost-of-energy-world-offshore-wind,Offshore wind,World,Offshore wind,1993-12-31,1993,year,1993-01-01,,USD 2025 / kWh,annual,observed,https://ourworldindata.org/grapher/levelized-cost-of-energy.csv,2026-09-28T22:52:30.344Z,{}
solar,solar--levelized-cost-of-energy-world-onshore-wind,Onshore wind,World,Onshore wind,1993-12-31,1993,year,1993-01-01,0.24186543,USD 2025 / kWh,annual,observed,https://ourworldindata.org/grapher/levelized-cost-of-energy.csv,2026-09-28T22:52:30.344Z,{}
solar,solar--levelized-cost-of-energy-world-solar-photovoltaic,Solar photovoltaic,World,Solar photovoltaic,1993-12-31,1993,year,1993-01-01,,USD 2025 / kWh,annual,observed,https://ourworldindata.org/grapher/levelized-cost-of-energy.csv,2026-09-28T22:52:30.344Z,{}
solar,solar--levelized-cost-of-energy-canada-onshore-wind,Canada · Onshore wind,Canada,Onshore wind,1994-12-31,1994,year,1994-01-01,0.10520656,USD 2025 / kWh,annual,observed,https://ourworldindata.org/grapher/levelized-cost-of-energy.csv,2026-09-28T22:52:30.344Z,{}
solar,solar--levelized-cost-of-energy-canada-solar-photovoltaic,Canada · Solar photovoltaic,Canada,Solar photovoltaic,1994-12-31,1994,year,1994-01-01,,USD 2025 / kWh,annual,observed,https://ourworldindata.org/grapher/levelized-cost-of-energy.csv,2026-09-28T22:52:30.344Z,{}
solar,solar--levelized-cost-of-energy-germany-onshore-wind,Germany · Onshore wind,Germany,Onshore wind,1994-12-31,1994,year,1994-01-01,0.19106123,USD 2025 / kWh,annual,observed,https://ourworldindata.org/grapher/levelized-cost-of-energy.csv,2026-09-28T22:52:30.344Z,{}
solar,solar--levelized-cost-of-energy-germany-solar-photovoltaic,Germany · Solar photovoltaic,Germany,Solar photovoltaic,1994-12-31,1994,year,1994-01-01,,USD 2025 / kWh,annual,observed,https://ourworldindata.org/grapher/levelized-cost-of-energy.csv,2026-09-28T22:52:30.344Z,{}
solar,solar--levelized-cost-of-energy-india-onshore-wind,India · Onshore wind,India,Onshore wind,1994-12-31,1994,year,1994-01-01,0.28803286,USD 2025 / kWh,annual,observed,https://ourworldindata.org/grapher/levelized-cost-of-energy.csv,2026-09-28T22:52:30.344Z,{}
solar,solar--levelized-cost-of-energy-india-solar-photovoltaic,India · Solar photovoltaic,India,Solar photovoltaic,1994-12-31,1994,year,1994-01-01,,USD 2025 / kWh,annual,observed,https://ourworldindata.org/grapher/levelized-cost-of-energy.csv,2026-09-28T22:52:30.344Z,{}
solar,solar--levelized-cost-of-energy-italy-onshore-wind,Italy · Onshore wind,Italy,Onshore wind,1994-12-31,1994,year,1994-01-01,0.22153606,USD 2025 / kWh,annual,observed,https://ourworldindata.org/grapher/levelized-cost-of-energy.csv,2026-09-28T22:52:30.344Z,{}
solar,solar--levelized-cost-of-energy-italy-solar-photovoltaic,Italy · Solar photovoltaic,Italy,Solar photovoltaic,1994-12-31,1994,year,1994-01-01,,USD 2025 / kWh,annual,observed,https://ourworldindata.org/grapher/levelized-cost-of-energy.csv,2026-09-28T22:52:30.344Z,{}
solar,solar--levelized-cost-of-energy-spain-onshore-wind,Spain · Onshore wind,Spain,Onshore wind,1994-12-31,1994,year,1994-01-01,0.15144269,USD 2025 / kWh,annual,observed,https://ourworldindata.org/grapher/levelized-cost-of-energy.csv,2026-09-28T22:52:30.344Z,{}
solar,solar--levelized-cost-of-energy-spain-solar-photovoltaic,Spain · Solar photovoltaic,Spain,Solar photovoltaic,1994-12-31,1994,year,1994-01-01,,USD 2025 / kWh,annual,observed,https://ourworldindata.org/grapher/levelized-cost-of-energy.csv,2026-09-28T22:52:30.344Z,{}
solar,solar--levelized-cost-of-energy-sweden-onshore-wind,Sweden · Onshore wind,Sweden,Onshore wind,1994-12-31,1994,year,1994-01-01,0.23812537,USD 2025 / kWh,annual,observed,https://ourworldindata.org/grapher/levelized-cost-of-energy.csv,2026-09-28T22:52:30.344Z,{}
solar,solar--levelized-cost-of-energy-united-kingdom-onshore-wind,United Kingdom · Onshore wind,United Kingdom,Onshore wind,1994-12-31,1994,year,1994-01-01,0.22129756,USD 2025 / kWh,annual,observed,https://ourworldindata.org/grapher/levelized-cost-of-energy.csv,2026-09-28T22:52:30.344Z,{}
solar,solar--levelized-cost-of-energy-united-kingdom-solar-photovoltaic,United Kingdom · Solar photovoltaic,United Kingdom,Solar photovoltaic,1994-12-31,1994,year,1994-01-01,,USD 2025 / kWh,annual,observed,https://ourworldindata.org/grapher/levelized-cost-of-energy.csv,2026-09-28T22:52:30.344Z,{}
solar,solar--levelized-cost-of-energy-world-bioenergy,Bioenergy,World,Bioenergy,1994-12-31,1994,year,1994-01-01,,USD 2025 / kWh,annual,observed,https://ourworldindata.org/grapher/levelized-cost-of-energy.csv,2026-09-28T22:52:30.344Z,{}
solar,solar--levelized-cost-of-energy-world-concentrated-solar-power,Concentrated solar power,World,Concentrated solar power,1994-12-31,1994,year,1994-01-01,,USD 2025 / kWh,annual,observed,https://ourworldindata.org/grapher/levelized-cost-of-energy.csv,2026-09-28T22:52:30.344Z,{}
solar,solar--levelized-cost-of-energy-world-geothermal,Geothermal,World,Geothermal,1994-12-31,1994,year,1994-01-01,,USD 2025 / kWh,annual,observed,https://ourworldindata.org/grapher/levelized-cost-of-energy.csv,2026-09-28T22:52:30.344Z,{}
solar,solar--levelized-cost-of-energy-world-hydropower,Hydropower,World,Hydropower,1994-12-31,1994,year,1994-01-01,,USD 2025 / kWh,annual,observed,https://ourworldindata.org/grapher/levelized-cost-of-energy.csv,2026-09-28T22:52:30.344Z,{}
solar,solar--levelized-cost-of-energy-world-offshore-wind,Offshore wind,World,Offshore wind,1994-12-31,1994,year,1994-01-01,,USD 2025 / kWh,annual,observed,https://ourworldindata.org/grapher/levelized-cost-of-energy.csv,2026-09-28T22:52:30.344Z,{}
solar,solar--levelized-cost-of-energy-world-onshore-wind,Onshore wind,World,Onshore wind,1994-12-31,1994,year,1994-01-01,0.22781546,USD 2025 / kWh,annual,observed,https://ourworldindata.org/grapher/levelized-cost-of-energy.csv,2026-09-28T22:52:30.344Z,{}
solar,solar--levelized-cost-of-energy-world-solar-photovoltaic,Solar photovoltaic,World,Solar photovoltaic,1994-12-31,1994,year,1994-01-01,,USD 2025 / kWh,annual,observed,https://ourworldindata.org/grapher/levelized-cost-of-energy.csv,2026-09-28T22:52:30.344Z,{}
solar,solar--levelized-cost-of-energy-argentina-onshore-wind,Argentina · Onshore wind,Argentina,Onshore wind,1995-12-31,1995,year,1995-01-01,0.09830865,USD 2025 / kWh,annual,observed,https://ourworldindata.org/grapher/levelized-cost-of-energy.csv,2026-09-28T22:52:30.344Z,{}
solar,solar--levelized-cost-of-energy-austria-onshore-wind,Austria · Onshore wind,Austria,Onshore wind,1995-12-31,1995,year,1995-01-01,0.17082468,USD 2025 / kWh,annual,observed,https://ourworldindata.org/grapher/levelized-cost-of-energy.csv,2026-09-28T22:52:30.344Z,{}
solar,solar--levelized-cost-of-energy-denmark-onshore-wind,Denmark · Onshore wind,Denmark,Onshore wind,1995-12-31,1995,year,1995-01-01,0.1753375,USD 2025 / kWh,annual,observed,https://ourworldindata.org/grapher/levelized-cost-of-energy.csv,2026-09-28T22:52:30.344Z,{}
solar,solar--levelized-cost-of-energy-germany-onshore-wind,Germany · Onshore wind,Germany,Onshore wind,1995-12-31,1995,year,1995-01-01,0.23396555,USD 2025 / kWh,annual,observed,https://ourworldindata.org/grapher/levelized-cost-of-energy.csv,2026-09-28T22:52:30.344Z,{}
solar,solar--levelized-cost-of-energy-germany-solar-photovoltaic,Germany · Solar photovoltaic,Germany,Solar photovoltaic,1995-12-31,1995,year,1995-01-01,,USD 2025 / kWh,annual,observed,https://ourworldindata.org/grapher/levelized-cost-of-energy.csv,2026-09-28T22:52:30.344Z,{}
solar,solar--levelized-cost-of-energy-india-onshore-wind,India · Onshore wind,India,Onshore wind,1995-12-31,1995,year,1995-01-01,0.2704031,USD 2025 / kWh,annual,observed,https://ourworldindata.org/grapher/levelized-cost-of-energy.csv,2026-09-28T22:52:30.344Z,{}
solar,solar--levelized-cost-of-energy-india-solar-photovoltaic,India · Solar photovoltaic,India,Solar photovoltaic,1995-12-31,1995,year,1995-01-01,,USD 2025 / kWh,annual,observed,https://ourworldindata.org/grapher/levelized-cost-of-energy.csv,2026-09-28T22:52:30.344Z,{}
solar,solar--levelized-cost-of-energy-italy-onshore-wind,Italy · Onshore wind,Italy,Onshore wind,1995-12-31,1995,year,1995-01-01,0.2092833,USD 2025 / kWh,annual,observed,https://ourworldindata.org/grapher/levelized-cost-of-energy.csv,2026-09-28T22:52:30.344Z,{}
solar,solar--levelized-cost-of-energy-italy-solar-photovoltaic,Italy · Solar photovoltaic,Italy,Solar photovoltaic,1995-12-31,1995,year,1995-01-01,,USD 2025 / kWh,annual,observed,https://ourworldindata.org/grapher/levelized-cost-of-energy.csv,2026-09-28T22:52:30.344Z,{}
solar,solar--levelized-cost-of-energy-spain-onshore-wind,Spain · Onshore wind,Spain,Onshore wind,1995-12-31,1995,year,1995-01-01,0.14259286,USD 2025 / kWh,annual,observed,https://ourworldindata.org/grapher/levelized-cost-of-energy.csv,2026-09-28T22:52:30.344Z,{}
solar,solar--levelized-cost-of-energy-spain-solar-photovoltaic,Spain · Solar photovoltaic,Spain,Solar photovoltaic,1995-12-31,1995,year,1995-01-01,,USD 2025 / kWh,annual,observed,https://ourworldindata.org/grapher/levelized-cost-of-energy.csv,2026-09-28T22:52:30.344Z,{}
solar,solar--levelized-cost-of-energy-sweden-onshore-wind,Sweden · Onshore wind,Sweden,Onshore wind,1995-12-31,1995,year,1995-01-01,0.22587264,USD 2025 / kWh,annual,observed,https://ourworldindata.org/grapher/levelized-cost-of-energy.csv,2026-09-28T22:52:30.344Z,{}
solar,solar--levelized-cost-of-energy-united-kingdom-onshore-wind,United Kingdom · Onshore wind,United Kingdom,Onshore wind,1995-12-31,1995,year,1995-01-01,0.20904483,USD 2025 / kWh,annual,observed,https://ourworldindata.org/grapher/levelized-cost-of-energy.csv,2026-09-28T22:52:30.344Z,{}
solar,solar--levelized-cost-of-energy-united-kingdom-solar-photovoltaic,United Kingdom · Solar photovoltaic,United Kingdom,Solar photovoltaic,1995-12-31,1995,year,1995-01-01,,USD 2025 / kWh,annual,observed,https://ourworldindata.org/grapher/levelized-cost-of-energy.csv,2026-09-28T22:52:30.344Z,{}
solar,solar--levelized-cost-of-energy-world-bioenergy,Bioenergy,World,Bioenergy,1995-12-31,1995,year,1995-01-01,,USD 2025 / kWh,annual,observed,https://ourworldindata.org/grapher/levelized-cost-of-energy.csv,2026-09-28T22:52:30.344Z,{}
solar,solar--levelized-cost-of-energy-world-concentrated-solar-power,Concentrated solar power,World,Concentrated solar power,1995-12-31,1995,year,1995-01-01,,USD 2025 / kWh,annual,observed,https://ourworldindata.org/grapher/levelized-cost-of-energy.csv,2026-09-28T22:52:30.344Z,{}
solar,solar--levelized-cost-of-energy-world-geothermal,Geothermal,World,Geothermal,1995-12-31,1995,year,1995-01-01,,USD 2025 / kWh,annual,observed,https://ourworldindata.org/grapher/levelized-cost-of-energy.csv,2026-09-28T22:52:30.344Z,{}
solar,solar--levelized-cost-of-energy-world-hydropower,Hydropower,World,Hydropower,1995-12-31,1995,year,1995-01-01,,USD 2025 / kWh,annual,observed,https://ourworldindata.org/grapher/levelized-cost-of-energy.csv,2026-09-28T22:52:30.344Z,{}
solar,solar--levelized-cost-of-energy-world-offshore-wind,Offshore wind,World,Offshore wind,1995-12-31,1995,year,1995-01-01,,USD 2025 / kWh,annual,observed,https://ourworldindata.org/grapher/levelized-cost-of-energy.csv,2026-09-28T22:52:30.344Z,{}
solar,solar--levelized-cost-of-energy-world-onshore-wind,Onshore wind,World,Onshore wind,1995-12-31,1995,year,1995-01-01,0.23817404,USD 2025 / kWh,annual,observed,https://ourworldindata.org/grapher/levelized-cost-of-energy.csv,2026-09-28T22:52:30.344Z,{}
solar,solar--levelized-cost-of-energy-world-solar-photovoltaic,Solar photovoltaic,World,Solar photovoltaic,1995-12-31,1995,year,1995-01-01,,USD 2025 / kWh,annual,observed,https://ourworldindata.org/grapher/levelized-cost-of-energy.csv,2026-09-28T22:52:30.344Z,{}
solar,solar--levelized-cost-of-energy-austria-onshore-wind,Austria · Onshore wind,Austria,Onshore wind,1996-12-31,1996,year,1996-01-01,0.20122086,USD 2025 / kWh,annual,observed,https://ourworldindata.org/grapher/levelized-cost-of-energy.csv,2026-09-28T22:52:30.344Z,{}
solar,solar--levelized-cost-of-energy-canada-onshore-wind,Canada · Onshore wind,Canada,Onshore wind,1996-12-31,1996,year,1996-01-01,0.17692596,USD 2025 / kWh,annual,observed,https://ourworldindata.org/grapher/levelized-cost-of-energy.csv,2026-09-28T22:52:30.344Z,{}
solar,solar--levelized-cost-of-energy-canada-solar-photovoltaic,Canada · Solar photovoltaic,Canada,Solar photovoltaic,1996-12-31,1996,year,1996-01-01,,USD 2025 / kWh,annual,observed,https://ourworldindata.org/grapher/levelized-cost-of-energy.csv,2026-09-28T22:52:30.344Z,{}
solar,solar--levelized-cost-of-energy-china-onshore-wind,China · Onshore wind,China,Onshore wind,1996-12-31,1996,year,1996-01-01,0.20906188,USD 2025 / kWh,annual,observed,https://ourworldindata.org/grapher/levelized-cost-of-energy.csv,2026-09-28T22:52:30.344Z,{}
solar,solar--levelized-cost-of-energy-china-solar-photovoltaic,China · Solar photovoltaic,China,Solar photovoltaic,1996-12-31,1996,year,1996-01-01,,USD 2025 / kWh,annual,observed,https://ourworldindata.org/grapher/levelized-cost-of-energy.csv,2026-09-28T22:52:30.344Z,{}
solar,solar--levelized-cost-of-energy-denmark-onshore-wind,Denmark · Onshore wind,Denmark,Onshore wind,1996-12-31,1996,year,1996-01-01,0.17073995,USD 2025 / kWh,annual,observed,https://ourworldindata.org/grapher/levelized-cost-of-energy.csv,2026-09-28T22:52:30.344Z,{}
solar,solar--levelized-cost-of-energy-france-onshore-wind,France · Onshore wind,France,Onshore wind,1996-12-31,1996,year,1996-01-01,0.22632752,USD 2025 / kWh,annual,observed,https://ourworldindata.org/grapher/levelized-cost-of-energy.csv,2026-09-28T22:52:30.344Z,{}
solar,solar--levelized-cost-of-energy-france-solar-photovoltaic,France · Solar photovoltaic,France,Solar photovoltaic,1996-12-31,1996,year,1996-01-01,,USD 2025 / kWh,annual,observed,https://ourworldindata.org/grapher/levelized-cost-of-energy.csv,2026-09-28T22:52:30.344Z,{}
solar,solar--levelized-cost-of-energy-germany-onshore-wind,Germany · Onshore wind,Germany,Onshore wind,1996-12-31,1996,year,1996-01-01,0.21483244,USD 2025 / kWh,annual,observed,https://ourworldindata.org/grapher/levelized-cost-of-energy.csv,2026-09-28T22:52:30.344Z,{}
solar,solar--levelized-cost-of-energy-germany-solar-photovoltaic,Germany · Solar photovoltaic,Germany,Solar photovoltaic,1996-12-31,1996,year,1996-01-01,,USD 2025 / kWh,annual,observed,https://ourworldindata.org/grapher/levelized-cost-of-energy.csv,2026-09-28T22:52:30.344Z,{}
solar,solar--levelized-cost-of-energy-india-onshore-wind,India · Onshore wind,India,Onshore wind,1996-12-31,1996,year,1996-01-01,0.26158822,USD 2025 / kWh,annual,observed,https://ourworldindata.org/grapher/levelized-cost-of-energy.csv,2026-09-28T22:52:30.344Z,{}
solar,solar--levelized-cost-of-energy-india-solar-photovoltaic,India · Solar photovoltaic,India,Solar photovoltaic,1996-12-31,1996,year,1996-01-01,,USD 2025 / kWh,annual,observed,https://ourworldindata.org/grapher/levelized-cost-of-energy.csv,2026-09-28T22:52:30.344Z,{}
solar,solar--levelized-cost-of-energy-italy-onshore-wind,Italy · Onshore wind,Italy,Onshore wind,1996-12-31,1996,year,1996-01-01,0.21446468,USD 2025 / kWh,annual,observed,https://ourworldindata.org/grapher/levelized-cost-of-energy.csv,2026-09-28T22:52:30.344Z,{}
solar,solar--levelized-cost-of-energy-italy-solar-photovoltaic,Italy · Solar photovoltaic,Italy,Solar photovoltaic,1996-12-31,1996,year,1996-01-01,,USD 2025 / kWh,annual,observed,https://ourworldindata.org/grapher/levelized-cost-of-energy.csv,2026-09-28T22:52:30.344Z,{}
solar,solar--levelized-cost-of-energy-spain-onshore-wind,Spain · Onshore wind,Spain,Onshore wind,1996-12-31,1996,year,1996-01-01,0.13859011,USD 2025 / kWh,annual,observed,https://ourworldindata.org/grapher/levelized-cost-of-energy.csv,2026-09-28T22:52:30.344Z,{}
solar,solar--levelized-cost-of-energy-spain-solar-photovoltaic,Spain · Solar photovoltaic,Spain,Solar photovoltaic,1996-12-31,1996,year,1996-01-01,,USD 2025 / kWh,annual,observed,https://ourworldindata.org/grapher/levelized-cost-of-energy.csv,2026-09-28T22:52:30.344Z,{}
solar,solar--levelized-cost-of-energy-sweden-onshore-wind,Sweden · Onshore wind,Sweden,Onshore wind,1996-12-31,1996,year,1996-01-01,0.23192713,USD 2025 / kWh,annual,observed,https://ourworldindata.org/grapher/levelized-cost-of-energy.csv,2026-09-28T22:52:30.344Z,{}
solar,solar--levelized-cost-of-energy-united-kingdom-onshore-wind,United Kingdom · Onshore wind,United Kingdom,Onshore wind,1996-12-31,1996,year,1996-01-01,0.21421364,USD 2025 / kWh,annual,observed,https://ourworldindata.org/grapher/levelized-cost-of-energy.csv,2026-09-28T22:52:30.344Z,{}
solar,solar--levelized-cost-of-energy-united-kingdom-solar-photovoltaic,United Kingdom · Solar photovoltaic,United Kingdom,Solar photovoltaic,1996-12-31,1996,year,1996-01-01,,USD 2025 / kWh,annual,observed,https://ourworldindata.org/grapher/levelized-cost-of-energy.csv,2026-09-28T22:52:30.344Z,{}
solar,solar--levelized-cost-of-energy-world-bioenergy,Bioenergy,World,Bioenergy,1996-12-31,1996,year,1996-01-01,,USD 2025 / kWh,annual,observed,https://ourworldindata.org/grapher/levelized-cost-of-energy.csv,2026-09-28T22:52:30.344Z,{}
solar,solar--levelized-cost-of-energy-world-concentrated-solar-power,Concentrated solar power,World,Concentrated solar power,1996-12-31,1996,year,1996-01-01,,USD 2025 / kWh,annual,observed,https://ourworldindata.org/grapher/levelized-cost-of-energy.csv,2026-09-28T22:52:30.344Z,{}
solar,solar--levelized-cost-of-energy-world-geothermal,Geothermal,World,Geothermal,1996-12-31,1996,year,1996-01-01,,USD 2025 / kWh,annual,observed,https://ourworldindata.org/grapher/levelized-cost-of-energy.csv,2026-09-28T22:52:30.344Z,{}
solar,solar--levelized-cost-of-energy-world-hydropower,Hydropower,World,Hydropower,1996-12-31,1996,year,1996-01-01,,USD 2025 / kWh,annual,observed,https://ourworldindata.org/grapher/levelized-cost-of-energy.csv,2026-09-28T22:52:30.344Z,{}
solar,solar--levelized-cost-of-energy-world-offshore-wind,Offshore wind,World,Offshore wind,1996-12-31,1996,year,1996-01-01,,USD 2025 / kWh,annual,observed,https://ourworldindata.org/grapher/levelized-cost-of-energy.csv,2026-09-28T22:52:30.344Z,{}
solar,solar--levelized-cost-of-energy-world-onshore-wind,Onshore wind,World,Onshore wind,1996-12-31,1996,year,1996-01-01,0.21270302,USD 2025 / kWh,annual,observed,https://ourworldindata.org/grapher/levelized-cost-of-energy.csv,2026-09-28T22:52:30.344Z,{}
solar,solar--levelized-cost-of-energy-world-solar-photovoltaic,Solar photovoltaic,World,Solar photovoltaic,1996-12-31,1996,year,1996-01-01,,USD 2025 / kWh,annual,observed,https://ourworldindata.org/grapher/levelized-cost-of-energy.csv,2026-09-28T22:52:30.344Z,{}
solar,solar--levelized-cost-of-energy-argentina-onshore-wind,Argentina · Onshore wind,Argentina,Onshore wind,1997-12-31,1997,year,1997-01-01,0.050110187,USD 2025 / kWh,annual,observed,https://ourworldindata.org/grapher/levelized-cost-of-energy.csv,2026-09-28T22:52:30.344Z,{}
solar,solar--levelized-cost-of-energy-china-onshore-wind,China · Onshore wind,China,Onshore wind,1997-12-31,1997,year,1997-01-01,0.20906188,USD 2025 / kWh,annual,observed,https://ourworldindata.org/grapher/levelized-cost-of-energy.csv,2026-09-28T22:52:30.344Z,{}
solar,solar--levelized-cost-of-energy-china-solar-photovoltaic,China · Solar photovoltaic,China,Solar photovoltaic,1997-12-31,1997,year,1997-01-01,,USD 2025 / kWh,annual,observed,https://ourworldindata.org/grapher/levelized-cost-of-energy.csv,2026-09-28T22:52:30.344Z,{}
solar,solar--levelized-cost-of-energy-denmark-onshore-wind,Denmark · Onshore wind,Denmark,Onshore wind,1997-12-31,1997,year,1997-01-01,0.17531623,USD 2025 / kWh,annual,observed,https://ourworldindata.org/grapher/levelized-cost-of-energy.csv,2026-09-28T22:52:30.344Z,{}
solar,solar--levelized-cost-of-energy-france-onshore-wind,France · Onshore wind,France,Onshore wind,1997-12-31,1997,year,1997-01-01,0.21058697,USD 2025 / kWh,annual,observed,https://ourworldindata.org/grapher/levelized-cost-of-energy.csv,2026-09-28T22:52:30.344Z,{}
solar,solar--levelized-cost-of-energy-france-solar-photovoltaic,France · Solar photovoltaic,France,Solar photovoltaic,1997-12-31,1997,year,1997-01-01,,USD 2025 / kWh,annual,observed,https://ourworldindata.org/grapher/levelized-cost-of-energy.csv,2026-09-28T22:52:30.344Z,{}
solar,solar--levelized-cost-of-energy-germany-onshore-wind,Germany · Onshore wind,Germany,Onshore wind,1997-12-31,1997,year,1997-01-01,0.21339685,USD 2025 / kWh,annual,observed,https://ourworldindata.org/grapher/levelized-cost-of-energy.csv,2026-09-28T22:52:30.344Z,{}
solar,solar--levelized-cost-of-energy-germany-solar-photovoltaic,Germany · Solar photovoltaic,Germany,Solar photovoltaic,1997-12-31,1997,year,1997-01-01,,USD 2025 / kWh,annual,observed,https://ourworldindata.org/grapher/levelized-cost-of-energy.csv,2026-09-28T22:52:30.344Z,{}
solar,solar--levelized-cost-of-energy-india-onshore-wind,India · Onshore wind,India,Onshore wind,1997-12-31,1997,year,1997-01-01,0.24013466,USD 2025 / kWh,annual,observed,https://ourworldindata.org/grapher/levelized-cost-of-energy.csv,2026-09-28T22:52:30.344Z,{}
solar,solar--levelized-cost-of-energy-india-solar-photovoltaic,India · Solar photovoltaic,India,Solar photovoltaic,1997-12-31,1997,year,1997-01-01,,USD 2025 / kWh,annual,observed,https://ourworldindata.org/grapher/levelized-cost-of-energy.csv,2026-09-28T22:52:30.344Z,{}
solar,solar--levelized-cost-of-energy-italy-onshore-wind,Italy · Onshore wind,Italy,Onshore wind,1997-12-31,1997,year,1997-01-01,0.19931726,USD 2025 / kWh,annual,observed,https://ourworldindata.org/grapher/levelized-cost-of-energy.csv,2026-09-28T22:52:30.344Z,{}
solar,solar--levelized-cost-of-energy-italy-solar-photovoltaic,Italy · Solar photovoltaic,Italy,Solar photovoltaic,1997-12-31,1997,year,1997-01-01,,USD 2025 / kWh,annual,observed,https://ourworldindata.org/grapher/levelized-cost-of-energy.csv,2026-09-28T22:52:30.344Z,{}
solar,solar--levelized-cost-of-energy-spain-onshore-wind,Spain · Onshore wind,Spain,Onshore wind,1997-12-31,1997,year,1997-01-01,0.13539463,USD 2025 / kWh,annual,observed,https://ourworldindata.org/grapher/levelized-cost-of-energy.csv,2026-09-28T22:52:30.344Z,{}
solar,solar--levelized-cost-of-energy-spain-solar-photovoltaic,Spain · Solar photovoltaic,Spain,Solar photovoltaic,1997-12-31,1997,year,1997-01-01,,USD 2025 / kWh,annual,observed,https://ourworldindata.org/grapher/levelized-cost-of-energy.csv,2026-09-28T22:52:30.344Z,{}
solar,solar--levelized-cost-of-energy-sweden-onshore-wind,Sweden · Onshore wind,Sweden,Onshore wind,1997-12-31,1997,year,1997-01-01,0.21590658,USD 2025 / kWh,annual,observed,https://ourworldindata.org/grapher/levelized-cost-of-energy.csv,2026-09-28T22:52:30.344Z,{}
solar,solar--levelized-cost-of-energy-united-kingdom-onshore-wind,United Kingdom · Onshore wind,United Kingdom,Onshore wind,1997-12-31,1997,year,1997-01-01,0.19907877,USD 2025 / kWh,annual,observed,https://ourworldindata.org/grapher/levelized-cost-of-energy.csv,2026-09-28T22:52:30.344Z,{}
solar,solar--levelized-cost-of-energy-united-kingdom-solar-photovoltaic,United Kingdom · Solar photovoltaic,United Kingdom,Solar photovoltaic,1997-12-31,1997,year,1997-01-01,,USD 2025 / kWh,annual,observed,https://ourworldindata.org/grapher/levelized-cost-of-energy.csv,2026-09-28T22:52:30.344Z,{}
solar,solar--levelized-cost-of-energy-world-bioenergy,Bioenergy,World,Bioenergy,1997-12-31,1997,year,1997-01-01,,USD 2025 / kWh,annual,observed,https://ourworldindata.org/grapher/levelized-cost-of-energy.csv,2026-09-28T22:52:30.344Z,{}
solar,solar--levelized-cost-of-energy-world-concentrated-solar-power,Concentrated solar power,World,Concentrated solar power,1997-12-31,1997,year,1997-01-01,,USD 2025 / kWh,annual,observed,https://ourworldindata.org/grapher/levelized-cost-of-energy.csv,2026-09-28T22:52:30.344Z,{}
solar,solar--levelized-cost-of-energy-world-geothermal,Geothermal,World,Geothermal,1997-12-31,1997,year,1997-01-01,,USD 2025 / kWh,annual,observed,https://ourworldindata.org/grapher/levelized-cost-of-energy.csv,2026-09-28T22:52:30.344Z,{}
solar,solar--levelized-cost-of-energy-world-hydropower,Hydropower,World,Hydropower,1997-12-31,1997,year,1997-01-01,,USD 2025 / kWh,annual,observed,https://ourworldindata.org/grapher/levelized-cost-of-energy.csv,2026-09-28T22:52:30.344Z,{}
solar,solar--levelized-cost-of-energy-world-offshore-wind,Offshore wind,World,Offshore wind,1997-12-31,1997,year,1997-01-01,,USD 2025 / kWh,annual,observed,https://ourworldindata.org/grapher/levelized-cost-of-energy.csv,2026-09-28T22:52:30.344Z,{}
solar,solar--levelized-cost-of-energy-world-onshore-wind,Onshore wind,World,Onshore wind,1997-12-31,1997,year,1997-01-01,0.18611467,USD 2025 / kWh,annual,observed,https://ourworldindata.org/grapher/levelized-cost-of-energy.csv,2026-09-28T22:52:30.344Z,{}
solar,solar--levelized-cost-of-energy-world-solar-photovoltaic,Solar photovoltaic,World,Solar photovoltaic,1997-12-31,1997,year,1997-01-01,,USD 2025 / kWh,annual,observed,https://ourworldindata.org/grapher/levelized-cost-of-energy.csv,2026-09-28T22:52:30.344Z,{}
solar,solar--levelized-cost-of-energy-australia-onshore-wind,Australia · Onshore wind,Australia,Onshore wind,1998-12-31,1998,year,1998-01-01,0.28553784,USD 2025 / kWh,annual,observed,https://ourworldindata.org/grapher/levelized-cost-of-energy.csv,2026-09-28T22:52:30.344Z,{}
solar,solar--levelized-cost-of-energy-australia-solar-photovoltaic,Australia · Solar photovoltaic,Australia,Solar photovoltaic,1998-12-31,1998,year,1998-01-01,,USD 2025 / kWh,annual,observed,https://ourworldindata.org/grapher/levelized-cost-of-energy.csv,2026-09-28T22:52:30.344Z,{}
solar,solar--levelized-cost-of-energy-austria-onshore-wind,Austria · Onshore wind,Austria,Onshore wind,1998-12-31,1998,year,1998-01-01,0.16887864,USD 2025 / kWh,annual,observed,https://ourworldindata.org/grapher/levelized-cost-of-energy.csv,2026-09-28T22:52:30.344Z,{}
solar,solar--levelized-cost-of-energy-china-onshore-wind,China · Onshore wind,China,Onshore wind,1998-12-31,1998,year,1998-01-01,0.19178967,USD 2025 / kWh,annual,observed,https://ourworldindata.org/grapher/levelized-cost-of-energy.csv,2026-09-28T22:52:30.344Z,{}
solar,solar--levelized-cost-of-energy-china-solar-photovoltaic,China · Solar photovoltaic,China,Solar photovoltaic,1998-12-31,1998,year,1998-01-01,,USD 2025 / kWh,annual,observed,https://ourworldindata.org/grapher/levelized-cost-of-energy.csv,2026-09-28T22:52:30.344Z,{}
solar,solar--levelized-cost-of-energy-denmark-onshore-wind,Denmark · Onshore wind,Denmark,Onshore wind,1998-12-31,1998,year,1998-01-01,0.17888637,USD 2025 / kWh,annual,observed,https://ourworldindata.org/grapher/levelized-cost-of-energy.csv,2026-09-28T22:52:30.344Z,{}
solar,solar--levelized-cost-of-energy-france-onshore-wind,France · Onshore wind,France,Onshore wind,1998-12-31,1998,year,1998-01-01,0.20839563,USD 2025 / kWh,annual,observed,https://ourworldindata.org/grapher/levelized-cost-of-energy.csv,2026-09-28T22:52:30.344Z,{}
solar,solar--levelized-cost-of-energy-france-solar-photovoltaic,France · Solar photovoltaic,France,Solar photovoltaic,1998-12-31,1998,year,1998-01-01,,USD 2025 / kWh,annual,observed,https://ourworldindata.org/grapher/levelized-cost-of-energy.csv,2026-09-28T22:52:30.344Z,{}
solar,solar--levelized-cost-of-energy-germany-onshore-wind,Germany · Onshore wind,Germany,Onshore wind,1998-12-31,1998,year,1998-01-01,0.1989183,USD 2025 / kWh,annual,observed,https://ourworldindata.org/grapher/levelized-cost-of-energy.csv,2026-09-28T22:52:30.344Z,{}
solar,solar--levelized-cost-of-energy-germany-solar-photovoltaic,Germany · Solar photovoltaic,Germany,Solar photovoltaic,1998-12-31,1998,year,1998-01-01,,USD 2025 / kWh,annual,observed,https://ourworldindata.org/grapher/levelized-cost-of-energy.csv,2026-09-28T22:52:30.344Z,{}
solar,solar--levelized-cost-of-energy-india-onshore-wind,India · Onshore wind,India,Onshore wind,1998-12-31,1998,year,1998-01-01,0.24395844,USD 2025 / kWh,annual,observed,https://ourworldindata.org/grapher/levelized-cost-of-energy.csv,2026-09-28T22:52:30.344Z,{}
solar,solar--levelized-cost-of-energy-india-solar-photovoltaic,India · Solar photovoltaic,India,Solar photovoltaic,1998-12-31,1998,year,1998-01-01,,USD 2025 / kWh,annual,observed,https://ourworldindata.org/grapher/levelized-cost-of-energy.csv,2026-09-28T22:52:30.344Z,{}
solar,solar--levelized-cost-of-energy-italy-onshore-wind,Italy · Onshore wind,Italy,Onshore wind,1998-12-31,1998,year,1998-01-01,0.19712594,USD 2025 / kWh,annual,observed,https://ourworldindata.org/grapher/levelized-cost-of-energy.csv,2026-09-28T22:52:30.344Z,{}
solar,solar--levelized-cost-of-energy-italy-solar-photovoltaic,Italy · Solar photovoltaic,Italy,Solar photovoltaic,1998-12-31,1998,year,1998-01-01,,USD 2025 / kWh,annual,observed,https://ourworldindata.org/grapher/levelized-cost-of-energy.csv,2026-09-28T22:52:30.344Z,{}
solar,solar--levelized-cost-of-energy-spain-onshore-wind,Spain · Onshore wind,Spain,Onshore wind,1998-12-31,1998,year,1998-01-01,0.1306007,USD 2025 / kWh,annual,observed,https://ourworldindata.org/grapher/levelized-cost-of-energy.csv,2026-09-28T22:52:30.344Z,{}
solar,solar--levelized-cost-of-energy-spain-solar-photovoltaic,Spain · Solar photovoltaic,Spain,Solar photovoltaic,1998-12-31,1998,year,1998-01-01,,USD 2025 / kWh,annual,observed,https://ourworldindata.org/grapher/levelized-cost-of-energy.csv,2026-09-28T22:52:30.344Z,{}
solar,solar--levelized-cost-of-energy-sweden-onshore-wind,Sweden · Onshore wind,Sweden,Onshore wind,1998-12-31,1998,year,1998-01-01,0.21371527,USD 2025 / kWh,annual,observed,https://ourworldindata.org/grapher/levelized-cost-of-energy.csv,2026-09-28T22:52:30.344Z,{}
solar,solar--levelized-cost-of-energy-turkey-onshore-wind,Turkey · Onshore wind,Turkey,Onshore wind,1998-12-31,1998,year,1998-01-01,0.09830264,USD 2025 / kWh,annual,observed,https://ourworldindata.org/grapher/levelized-cost-of-energy.csv,2026-09-28T22:52:30.344Z,{}
solar,solar--levelized-cost-of-energy-turkey-solar-photovoltaic,Turkey · Solar photovoltaic,Turkey,Solar photovoltaic,1998-12-31,1998,year,1998-01-01,,USD 2025 / kWh,annual,observed,https://ourworldindata.org/grapher/levelized-cost-of-energy.csv,2026-09-28T22:52:30.344Z,{}
solar,solar--levelized-cost-of-energy-united-kingdom-onshore-wind,United Kingdom · Onshore wind,United Kingdom,Onshore wind,1998-12-31,1998,year,1998-01-01,0.19688746,USD 2025 / kWh,annual,observed,https://ourworldindata.org/grapher/levelized-cost-of-energy.csv,2026-09-28T22:52:30.344Z,{}
solar,solar--levelized-cost-of-energy-united-kingdom-solar-photovoltaic,United Kingdom · Solar photovoltaic,United Kingdom,Solar photovoltaic,1998-12-31,1998,year,1998-01-01,,USD 2025 / kWh,annual,observed,https://ourworldindata.org/grapher/levelized-cost-of-energy.csv,2026-09-28T22:52:30.344Z,{}
solar,solar--levelized-cost-of-energy-united-states-onshore-wind,United States · Onshore wind,United States,Onshore wind,1998-12-31,1998,year,1998-01-01,0.13725168,USD 2025 / kWh,annual,observed,https://ourworldindata.org/grapher/levelized-cost-of-energy.csv,2026-09-28T22:52:30.344Z,{}
solar,solar--levelized-cost-of-energy-united-states-solar-photovoltaic,United States · Solar photovoltaic,United States,Solar photovoltaic,1998-12-31,1998,year,1998-01-01,,USD 2025 / kWh,annual,observed,https://ourworldindata.org/grapher/levelized-cost-of-energy.csv,2026-09-28T22:52:30.344Z,{}
solar,solar--levelized-cost-of-energy-world-bioenergy,Bioenergy,World,Bioenergy,1998-12-31,1998,year,1998-01-01,,USD 2025 / kWh,annual,observed,https://ourworldindata.org/grapher/levelized-cost-of-energy.csv,2026-09-28T22:52:30.344Z,{}
solar,solar--levelized-cost-of-energy-world-concentrated-solar-power,Concentrated solar power,World,Concentrated solar power,1998-12-31,1998,year,1998-01-01,,USD 2025 / kWh,annual,observed,https://ourworldindata.org/grapher/levelized-cost-of-energy.csv,2026-09-28T22:52:30.344Z,{}
solar,solar--levelized-cost-of-energy-world-geothermal,Geothermal,World,Geothermal,1998-12-31,1998,year,1998-01-01,,USD 2025 / kWh,annual,observed,https://ourworldindata.org/grapher/levelized-cost-of-energy.csv,2026-09-28T22:52:30.344Z,{}
solar,solar--levelized-cost-of-energy-world-hydropower,Hydropower,World,Hydropower,1998-12-31,1998,year,1998-01-01,,USD 2025 / kWh,annual,observed,https://ourworldindata.org/grapher/levelized-cost-of-energy.csv,2026-09-28T22:52:30.344Z,{}
solar,solar--levelized-cost-of-energy-world-offshore-wind,Offshore wind,World,Offshore wind,1998-12-31,1998,year,1998-01-01,,USD 2025 / kWh,annual,observed,https://ourworldindata.org/grapher/levelized-cost-of-energy.csv,2026-09-28T22:52:30.344Z,{}
solar,solar--levelized-cost-of-energy-world-onshore-wind,Onshore wind,World,Onshore wind,1998-12-31,1998,year,1998-01-01,0.17446508,USD 2025 / kWh,annual,observed,https://ourworldindata.org/grapher/levelized-cost-of-energy.csv,2026-09-28T22:52:30.344Z,{}
solar,solar--levelized-cost-of-energy-world-solar-photovoltaic,Solar photovoltaic,World,Solar photovoltaic,1998-12-31,1998,year,1998-01-01,,USD 2025 / kWh,annual,observed,https://ourworldindata.org/grapher/levelized-cost-of-energy.csv,2026-09-28T22:52:30.344Z,{}
solar,solar--levelized-cost-of-energy-austria-onshore-wind,Austria · Onshore wind,Austria,Onshore wind,1999-12-31,1999,year,1999-01-01,0.14453834,USD 2025 / kWh,annual,observed,https://ourworldindata.org/grapher/levelized-cost-of-energy.csv,2026-09-28T22:52:30.344Z,{}
solar,solar--levelized-cost-of-energy-canada-onshore-wind,Canada · Onshore wind,Canada,Onshore wind,1999-12-31,1999,year,1999-01-01,0.17649527,USD 2025 / kWh,annual,observed,https://ourworldindata.org/grapher/levelized-cost-of-energy.csv,2026-09-28T22:52:30.344Z,{}
solar,solar--levelized-cost-of-energy-canada-solar-photovoltaic,Canada · Solar photovoltaic,Canada,Solar photovoltaic,1999-12-31,1999,year,1999-01-01,,USD 2025 / kWh,annual,observed,https://ourworldindata.org/grapher/levelized-cost-of-energy.csv,2026-09-28T22:52:30.344Z,{}
solar,solar--levelized-cost-of-energy-china-onshore-wind,China · Onshore wind,China,Onshore wind,1999-12-31,1999,year,1999-01-01,0.1875278,USD 2025 / kWh,annual,observed,https://ourworldindata.org/grapher/levelized-cost-of-energy.csv,2026-09-28T22:52:30.344Z,{}
solar,solar--levelized-cost-of-energy-china-solar-photovoltaic,China · Solar photovoltaic,China,Solar photovoltaic,1999-12-31,1999,year,1999-01-01,,USD 2025 / kWh,annual,observed,https://ourworldindata.org/grapher/levelized-cost-of-energy.csv,2026-09-28T22:52:30.344Z,{}
solar,solar--levelized-cost-of-energy-costa-rica-onshore-wind,Costa Rica · Onshore wind,Costa Rica,Onshore wind,1999-12-31,1999,year,1999-01-01,0.08597798,USD 2025 / kWh,annual,observed,https://ourworldindata.org/grapher/levelized-cost-of-energy.csv,2026-09-28T22:52:30.344Z,{}
solar,solar--levelized-cost-of-energy-denmark-onshore-wind,Denmark · Onshore wind,Denmark,Onshore wind,1999-12-31,1999,year,1999-01-01,0.17544566,USD 2025 / kWh,annual,observed,https://ourworldindata.org/grapher/levelized-cost-of-energy.csv,2026-09-28T22:52:30.344Z,{}
solar,solar--levelized-cost-of-energy-france-onshore-wind,France · Onshore wind,France,Onshore wind,1999-12-31,1999,year,1999-01-01,0.19949833,USD 2025 / kWh,annual,observed,https://ourworldindata.org/grapher/levelized-cost-of-energy.csv,2026-09-28T22:52:30.344Z,{}
solar,solar--levelized-cost-of-energy-france-solar-photovoltaic,France · Solar photovoltaic,France,Solar photovoltaic,1999-12-31,1999,year,1999-01-01,,USD 2025 / kWh,annual,observed,https://ourworldindata.org/grapher/levelized-cost-of-energy.csv,2026-09-28T22:52:30.344Z,{}
solar,solar--levelized-cost-of-energy-germany-onshore-wind,Germany · Onshore wind,Germany,Onshore wind,1999-12-31,1999,year,1999-01-01,0.21179731,USD 2025 / kWh,annual,observed,https://ourworldindata.org/grapher/levelized-cost-of-energy.csv,2026-09-28T22:52:30.344Z,{}
solar,solar--levelized-cost-of-energy-germany-solar-photovoltaic,Germany · Solar photovoltaic,Germany,Solar photovoltaic,1999-12-31,1999,year,1999-01-01,,USD 2025 / kWh,annual,observed,https://ourworldindata.org/grapher/levelized-cost-of-energy.csv,2026-09-28T22:52:30.344Z,{}
solar,solar--levelized-cost-of-energy-india-onshore-wind,India · Onshore wind,India,Onshore wind,1999-12-31,1999,year,1999-01-01,0.23514356,USD 2025 / kWh,annual,observed,https://ourworldindata.org/grapher/levelized-cost-of-energy.csv,2026-09-28T22:52:30.344Z,{}
solar,solar--levelized-cost-of-energy-india-solar-photovoltaic,India · Solar photovoltaic,India,Solar photovoltaic,1999-12-31,1999,year,1999-01-01,,USD 2025 / kWh,annual,observed,https://ourworldindata.org/grapher/levelized-cost-of-energy.csv,2026-09-28T22:52:30.344Z,{}
solar,solar--levelized-cost-of-energy-italy-onshore-wind,Italy · Onshore wind,Italy,Onshore wind,1999-12-31,1999,year,1999-01-01,0.18822864,USD 2025 / kWh,annual,observed,https://ourworldindata.org/grapher/levelized-cost-of-energy.csv,2026-09-28T22:52:30.344Z,{}
solar,solar--levelized-cost-of-energy-italy-solar-photovoltaic,Italy · Solar photovoltaic,Italy,Solar photovoltaic,1999-12-31,1999,year,1999-01-01,,USD 2025 / kWh,annual,observed,https://ourworldindata.org/grapher/levelized-cost-of-energy.csv,2026-09-28T22:52:30.344Z,{}
solar,solar--levelized-cost-of-energy-spain-onshore-wind,Spain · Onshore wind,Spain,Onshore wind,1999-12-31,1999,year,1999-01-01,0.121352986,USD 2025 / kWh,annual,observed,https://ourworldindata.org/grapher/levelized-cost-of-energy.csv,2026-09-28T22:52:30.344Z,{}
solar,solar--levelized-cost-of-energy-spain-solar-photovoltaic,Spain · Solar photovoltaic,Spain,Solar photovoltaic,1999-12-31,1999,year,1999-01-01,,USD 2025 / kWh,annual,observed,https://ourworldindata.org/grapher/levelized-cost-of-energy.csv,2026-09-28T22:52:30.344Z,{}
solar,solar--levelized-cost-of-energy-sweden-onshore-wind,Sweden · Onshore wind,Sweden,Onshore wind,1999-12-31,1999,year,1999-01-01,0.20481797,USD 2025 / kWh,annual,observed,https://ourworldindata.org/grapher/levelized-cost-of-energy.csv,2026-09-28T22:52:30.344Z,{}
solar,solar--levelized-cost-of-energy-united-kingdom-onshore-wind,United Kingdom · Onshore wind,United Kingdom,Onshore wind,1999-12-31,1999,year,1999-01-01,0.18799016,USD 2025 / kWh,annual,observed,https://ourworldindata.org/grapher/levelized-cost-of-energy.csv,2026-09-28T22:52:30.344Z,{}
solar,solar--levelized-cost-of-energy-united-kingdom-solar-photovoltaic,United Kingdom · Solar photovoltaic,United Kingdom,Solar photovoltaic,1999-12-31,1999,year,1999-01-01,,USD 2025 / kWh,annual,observed,https://ourworldindata.org/grapher/levelized-cost-of-energy.csv,2026-09-28T22:52:30.344Z,{}
solar,solar--levelized-cost-of-energy-united-states-onshore-wind,United States · Onshore wind,United States,Onshore wind,1999-12-31,1999,year,1999-01-01,0.13206603,USD 2025 / kWh,annual,observed,https://ourworldindata.org/grapher/levelized-cost-of-energy.csv,2026-09-28T22:52:30.344Z,{}
solar,solar--levelized-cost-of-energy-united-states-solar-photovoltaic,United States · Solar photovoltaic,United States,Solar photovoltaic,1999-12-31,1999,year,1999-01-01,,USD 2025 / kWh,annual,observed,https://ourworldindata.org/grapher/levelized-cost-of-energy.csv,2026-09-28T22:52:30.344Z,{}
solar,solar--levelized-cost-of-energy-world-bioenergy,Bioenergy,World,Bioenergy,1999-12-31,1999,year,1999-01-01,,USD 2025 / kWh,annual,observed,https://ourworldindata.org/grapher/levelized-cost-of-energy.csv,2026-09-28T22:52:30.344Z,{}
solar,solar--levelized-cost-of-energy-world-concentrated-solar-power,Concentrated solar power,World,Concentrated solar power,1999-12-31,1999,year,1999-01-01,,USD 2025 / kWh,annual,observed,https://ourworldindata.org/grapher/levelized-cost-of-energy.csv,2026-09-28T22:52:30.344Z,{}
solar,solar--levelized-cost-of-energy-world-geothermal,Geothermal,World,Geothermal,1999-12-31,1999,year,1999-01-01,,USD 2025 / kWh,annual,observed,https://ourworldindata.org/grapher/levelized-cost-of-energy.csv,2026-09-28T22:52:30.344Z,{}
solar,solar--levelized-cost-of-energy-world-hydropower,Hydropower,World,Hydropower,1999-12-31,1999,year,1999-01-01,,USD 2025 / kWh,annual,observed,https://ourworldindata.org/grapher/levelized-cost-of-energy.csv,2026-09-28T22:52:30.344Z,{}
solar,solar--levelized-cost-of-energy-world-offshore-wind,Offshore wind,World,Offshore wind,1999-12-31,1999,year,1999-01-01,,USD 2025 / kWh,annual,observed,https://ourworldindata.org/grapher/levelized-cost-of-energy.csv,2026-09-28T22:52:30.344Z,{}
solar,solar--levelized-cost-of-energy-world-onshore-wind,Onshore wind,World,Onshore wind,1999-12-31,1999,year,1999-01-01,0.17177014,USD 2025 / kWh,annual,observed,https://ourworldindata.org/grapher/levelized-cost-of-energy.csv,2026-09-28T22:52:30.344Z,{}
solar,solar--levelized-cost-of-energy-world-solar-photovoltaic,Solar photovoltaic,World,Solar photovoltaic,1999-12-31,1999,year,1999-01-01,,USD 2025 / kWh,annual,observed,https://ourworldindata.org/grapher/levelized-cost-of-energy.csv,2026-09-28T22:52:30.344Z,{}
solar,solar--levelized-cost-of-energy-australia-onshore-wind,Australia · Onshore wind,Australia,Onshore wind,2000-12-31,2000,year,2000-01-01,0.113615416,USD 2025 / kWh,annual,observed,https://ourworldindata.org/grapher/levelized-cost-of-energy.csv,2026-09-28T22:52:30.344Z,{}
solar,solar--levelized-cost-of-energy-australia-solar-photovoltaic,Australia · Solar photovoltaic,Australia,Solar photovoltaic,2000-12-31,2000,year,2000-01-01,,USD 2025 / kWh,annual,observed,https://ourworldindata.org/grapher/levelized-cost-of-energy.csv,2026-09-28T22:52:30.344Z,{}
solar,solar--levelized-cost-of-energy-austria-onshore-wind,Austria · Onshore wind,Austria,Onshore wind,2000-12-31,2000,year,2000-01-01,0.10372715,USD 2025 / kWh,annual,observed,https://ourworldindata.org/grapher/levelized-cost-of-energy.csv,2026-09-28T22:52:30.344Z,{}
solar,solar--levelized-cost-of-energy-canada-onshore-wind,Canada · Onshore wind,Canada,Onshore wind,2000-12-31,2000,year,2000-01-01,0.14622854,USD 2025 / kWh,annual,observed,https://ourworldindata.org/grapher/levelized-cost-of-energy.csv,2026-09-28T22:52:30.344Z,{}
solar,solar--levelized-cost-of-energy-canada-solar-photovoltaic,Canada · Solar photovoltaic,Canada,Solar photovoltaic,2000-12-31,2000,year,2000-01-01,,USD 2025 / kWh,annual,observed,https://ourworldindata.org/grapher/levelized-cost-of-energy.csv,2026-09-28T22:52:30.344Z,{}
solar,solar--levelized-cost-of-energy-china-onshore-wind,China · Onshore wind,China,Onshore wind,2000-12-31,2000,year,2000-01-01,0.17133228,USD 2025 / kWh,annual,observed,https://ourworldindata.org/grapher/levelized-cost-of-energy.csv,2026-09-28T22:52:30.344Z,{}
solar,solar--levelized-cost-of-energy-china-solar-photovoltaic,China · Solar photovoltaic,China,Solar photovoltaic,2000-12-31,2000,year,2000-01-01,,USD 2025 / kWh,annual,observed,https://ourworldindata.org/grapher/levelized-cost-of-energy.csv,2026-09-28T22:52:30.344Z,{}
solar,solar--levelized-cost-of-energy-denmark-onshore-wind,Denmark · Onshore wind,Denmark,Onshore wind,2000-12-31,2000,year,2000-01-01,0.19080813,USD 2025 / kWh,annual,observed,https://ourworldindata.org/grapher/levelized-cost-of-energy.csv,2026-09-28T22:52:30.344Z,{}
solar,solar--levelized-cost-of-energy-france-onshore-wind,France · Onshore wind,France,Onshore wind,2000-12-31,2000,year,2000-01-01,0.15816864,USD 2025 / kWh,annual,observed,https://ourworldindata.org/grapher/levelized-cost-of-energy.csv,2026-09-28T22:52:30.344Z,{}
solar,solar--levelized-cost-of-energy-france-solar-photovoltaic,France · Solar photovoltaic,France,Solar photovoltaic,2000-12-31,2000,year,2000-01-01,,USD 2025 / kWh,annual,observed,https://ourworldindata.org/grapher/levelized-cost-of-energy.csv,2026-09-28T22:52:30.344Z,{}
solar,solar--levelized-cost-of-energy-germany-onshore-wind,Germany · Onshore wind,Germany,Onshore wind,2000-12-31,2000,year,2000-01-01,0.20870626,USD 2025 / kWh,annual,observed,https://ourworldindata.org/grapher/levelized-cost-of-energy.csv,2026-09-28T22:52:30.344Z,{}
solar,solar--levelized-cost-of-energy-germany-solar-photovoltaic,Germany · Solar photovoltaic,Germany,Solar photovoltaic,2000-12-31,2000,year,2000-01-01,,USD 2025 / kWh,annual,observed,https://ourworldindata.org/grapher/levelized-cost-of-energy.csv,2026-09-28T22:52:30.344Z,{}
solar,solar--levelized-cost-of-energy-india-onshore-wind,India · Onshore wind,India,Onshore wind,2000-12-31,2000,year,2000-01-01,0.21196198,USD 2025 / kWh,annual,observed,https://ourworldindata.org/grapher/levelized-cost-of-energy.csv,2026-09-28T22:52:30.344Z,{}
solar,solar--levelized-cost-of-energy-india-solar-photovoltaic,India · Solar photovoltaic,India,Solar photovoltaic,2000-12-31,2000,year,2000-01-01,,USD 2025 / kWh,annual,observed,https://ourworldindata.org/grapher/levelized-cost-of-energy.csv,2026-09-28T22:52:30.344Z,{}
solar,solar--levelized-cost-of-energy-italy-onshore-wind,Italy · Onshore wind,Italy,Onshore wind,2000-12-31,2000,year,2000-01-01,0.18044901,USD 2025 / kWh,annual,observed,https://ourworldindata.org/grapher/levelized-cost-of-energy.csv,2026-09-28T22:52:30.344Z,{}
solar,solar--levelized-cost-of-energy-italy-solar-photovoltaic,Italy · Solar photovoltaic,Italy,Solar photovoltaic,2000-12-31,2000,year,2000-01-01,,USD 2025 / kWh,annual,observed,https://ourworldindata.org/grapher/levelized-cost-of-energy.csv,2026-09-28T22:52:30.344Z,{}
solar,solar--levelized-cost-of-energy-japan-onshore-wind,Japan · Onshore wind,Japan,Onshore wind,2000-12-31,2000,year,2000-01-01,0.19084096,USD 2025 / kWh,annual,observed,https://ourworldindata.org/grapher/levelized-cost-of-energy.csv,2026-09-28T22:52:30.344Z,{}
solar,solar--levelized-cost-of-energy-japan-solar-photovoltaic,Japan · Solar photovoltaic,Japan,Solar photovoltaic,2000-12-31,2000,year,2000-01-01,,USD 2025 / kWh,annual,observed,https://ourworldindata.org/grapher/levelized-cost-of-energy.csv,2026-09-28T22:52:30.344Z,{}
solar,solar--levelized-cost-of-energy-morocco-onshore-wind,Morocco · Onshore wind,Morocco,Onshore wind,2000-12-31,2000,year,2000-01-01,0.13300683,USD 2025 / kWh,annual,observed,https://ourworldindata.org/grapher/levelized-cost-of-energy.csv,2026-09-28T22:52:30.344Z,{}
solar,solar--levelized-cost-of-energy-netherlands-onshore-wind,Netherlands · Onshore wind,Netherlands,Onshore wind,2000-12-31,2000,year,2000-01-01,0.112995446,USD 2025 / kWh,annual,observed,https://ourworldindata.org/grapher/levelized-cost-of-energy.csv,2026-09-28T22:52:30.344Z,{}
solar,solar--levelized-cost-of-energy-netherlands-solar-photovoltaic,Netherlands · Solar photovoltaic,Netherlands,Solar photovoltaic,2000-12-31,2000,year,2000-01-01,,USD 2025 / kWh,annual,observed,https://ourworldindata.org/grapher/levelized-cost-of-energy.csv,2026-09-28T22:52:30.344Z,{}
solar,solar--levelized-cost-of-energy-spain-onshore-wind,Spain · Onshore wind,Spain,Onshore wind,2000-12-31,2000,year,2000-01-01,0.12623571,USD 2025 / kWh,annual,observed,https://ourworldindata.org/grapher/levelized-cost-of-energy.csv,2026-09-28T22:52:30.344Z,{}
solar,solar--levelized-cost-of-energy-spain-solar-photovoltaic,Spain · Solar photovoltaic,Spain,Solar photovoltaic,2000-12-31,2000,year,2000-01-01,,USD 2025 / kWh,annual,observed,https://ourworldindata.org/grapher/levelized-cost-of-energy.csv,2026-09-28T22:52:30.344Z,{}
solar,solar--levelized-cost-of-energy-turkey-onshore-wind,Turkey · Onshore wind,Turkey,Onshore wind,2000-12-31,2000,year,2000-01-01,0.089314096,USD 2025 / kWh,annual,observed,https://ourworldindata.org/grapher/levelized-cost-of-energy.csv,2026-09-28T22:52:30.344Z,{}
solar,solar--levelized-cost-of-energy-turkey-solar-photovoltaic,Turkey · Solar photovoltaic,Turkey,Solar photovoltaic,2000-12-31,2000,year,2000-01-01,,USD 2025 / kWh,annual,observed,https://ourworldindata.org/grapher/levelized-cost-of-energy.csv,2026-09-28T22:52:30.344Z,{}
solar,solar--levelized-cost-of-energy-united-kingdom-onshore-wind,United Kingdom · Onshore wind,United Kingdom,Onshore wind,2000-12-31,2000,year,2000-01-01,0.12869626,USD 2025 / kWh,annual,observed,https://ourworldindata.org/grapher/levelized-cost-of-energy.csv,2026-09-28T22:52:30.344Z,{}
solar,solar--levelized-cost-of-energy-united-kingdom-solar-photovoltaic,United Kingdom · Solar photovoltaic,United Kingdom,Solar photovoltaic,2000-12-31,2000,year,2000-01-01,,USD 2025 / kWh,annual,observed,https://ourworldindata.org/grapher/levelized-cost-of-energy.csv,2026-09-28T22:52:30.344Z,{}
solar,solar--levelized-cost-of-energy-united-states-onshore-wind,United States · Onshore wind,United States,Onshore wind,2000-12-31,2000,year,2000-01-01,0.11503036,USD 2025 / kWh,annual,observed,https://ourworldindata.org/grapher/levelized-cost-of-energy.csv,2026-09-28T22:52:30.344Z,{}
solar,solar--levelized-cost-of-energy-united-states-solar-photovoltaic,United States · Solar photovoltaic,United States,Solar photovoltaic,2000-12-31,2000,year,2000-01-01,,USD 2025 / kWh,annual,observed,https://ourworldindata.org/grapher/levelized-cost-of-energy.csv,2026-09-28T22:52:30.344Z,{}
solar,solar--levelized-cost-of-energy-world-bioenergy,Bioenergy,World,Bioenergy,2000-12-31,2000,year,2000-01-01,,USD 2025 / kWh,annual,observed,https://ourworldindata.org/grapher/levelized-cost-of-energy.csv,2026-09-28T22:52:30.344Z,{}
solar,solar--levelized-cost-of-energy-world-concentrated-solar-power,Concentrated solar power,World,Concentrated solar power,2000-12-31,2000,year,2000-01-01,,USD 2025 / kWh,annual,observed,https://ourworldindata.org/grapher/levelized-cost-of-energy.csv,2026-09-28T22:52:30.344Z,{}
solar,solar--levelized-cost-of-energy-world-geothermal,Geothermal,World,Geothermal,2000-12-31,2000,year,2000-01-01,,USD 2025 / kWh,annual,observed,https://ourworldindata.org/grapher/levelized-cost-of-energy.csv,2026-09-28T22:52:30.344Z,{}
solar,solar--levelized-cost-of-energy-world-hydropower,Hydropower,World,Hydropower,2000-12-31,2000,year,2000-01-01,,USD 2025 / kWh,annual,observed,https://ourworldindata.org/grapher/levelized-cost-of-energy.csv,2026-09-28T22:52:30.344Z,{}
solar,solar--levelized-cost-of-energy-world-offshore-wind,Offshore wind,World,Offshore wind,2000-12-31,2000,year,2000-01-01,0.19037046,USD 2025 / kWh,annual,observed,https://ourworldindata.org/grapher/levelized-cost-of-energy.csv,2026-09-28T22:52:30.344Z,{}
solar,solar--levelized-cost-of-energy-world-onshore-wind,Onshore wind,World,Onshore wind,2000-12-31,2000,year,2000-01-01,0.1839318,USD 2025 / kWh,annual,observed,https://ourworldindata.org/grapher/levelized-cost-of-energy.csv,2026-09-28T22:52:30.344Z,{}
solar,solar--levelized-cost-of-energy-world-solar-photovoltaic,Solar photovoltaic,World,Solar photovoltaic,2000-12-31,2000,year,2000-01-01,,USD 2025 / kWh,annual,observed,https://ourworldindata.org/grapher/levelized-cost-of-energy.csv,2026-09-28T22:52:30.344Z,{}
solar,solar--levelized-cost-of-energy-australia-onshore-wind,Australia · Onshore wind,Australia,Onshore wind,2001-12-31,2001,year,2001-01-01,0.081525855,USD 2025 / kWh,annual,observed,https://ourworldindata.org/grapher/levelized-cost-of-energy.csv,2026-09-28T22:52:30.344Z,{}
solar,solar--levelized-cost-of-energy-australia-solar-photovoltaic,Australia · Solar photovoltaic,Australia,Solar photovoltaic,2001-12-31,2001,year,2001-01-01,,USD 2025 / kWh,annual,observed,https://ourworldindata.org/grapher/levelized-cost-of-energy.csv,2026-09-28T22:52:30.344Z,{}
solar,solar--levelized-cost-of-energy-brazil-onshore-wind,Brazil · Onshore wind,Brazil,Onshore wind,2001-12-31,2001,year,2001-01-01,0.16233025,USD 2025 / kWh,annual,observed,https://ourworldindata.org/grapher/levelized-cost-of-energy.csv,2026-09-28T22:52:30.344Z,{}
solar,solar--levelized-cost-of-energy-brazil-solar-photovoltaic,Brazil · Solar photovoltaic,Brazil,Solar photovoltaic,2001-12-31,2001,year,2001-01-01,,USD 2025 / kWh,annual,observed,https://ourworldindata.org/grapher/levelized-cost-of-energy.csv,2026-09-28T22:52:30.344Z,{}
solar,solar--levelized-cost-of-energy-canada-onshore-wind,Canada · Onshore wind,Canada,Onshore wind,2001-12-31,2001,year,2001-01-01,0.11030019,USD 2025 / kWh,annual,observed,https://ourworldindata.org/grapher/levelized-cost-of-energy.csv,2026-09-28T22:52:30.344Z,{}
solar,solar--levelized-cost-of-energy-canada-solar-photovoltaic,Canada · Solar photovoltaic,Canada,Solar photovoltaic,2001-12-31,2001,year,2001-01-01,,USD 2025 / kWh,annual,observed,https://ourworldindata.org/grapher/levelized-cost-of-energy.csv,2026-09-28T22:52:30.344Z,{}
solar,solar--levelized-cost-of-energy-china-onshore-wind,China · Onshore wind,China,Onshore wind,2001-12-31,2001,year,2001-01-01,0.14305492,USD 2025 / kWh,annual,observed,https://ourworldindata.org/grapher/levelized-cost-of-energy.csv,2026-09-28T22:52:30.344Z,{}
solar,solar--levelized-cost-of-energy-china-solar-photovoltaic,China · Solar photovoltaic,China,Solar photovoltaic,2001-12-31,2001,year,2001-01-01,,USD 2025 / kWh,annual,observed,https://ourworldindata.org/grapher/levelized-cost-of-energy.csv,2026-09-28T22:52:30.344Z,{}
solar,solar--levelized-cost-of-energy-denmark-onshore-wind,Denmark · Onshore wind,Denmark,Onshore wind,2001-12-31,2001,year,2001-01-01,0.1838461,USD 2025 / kWh,annual,observed,https://ourworldindata.org/grapher/levelized-cost-of-energy.csv,2026-09-28T22:52:30.344Z,{}
solar,solar--levelized-cost-of-energy-france-onshore-wind,France · Onshore wind,France,Onshore wind,2001-12-31,2001,year,2001-01-01,0.16092104,USD 2025 / kWh,annual,observed,https://ourworldindata.org/grapher/levelized-cost-of-energy.csv,2026-09-28T22:52:30.344Z,{}
solar,solar--levelized-cost-of-energy-france-solar-photovoltaic,France · Solar photovoltaic,France,Solar photovoltaic,2001-12-31,2001,year,2001-01-01,,USD 2025 / kWh,annual,observed,https://ourworldindata.org/grapher/levelized-cost-of-energy.csv,2026-09-28T22:52:30.344Z,{}
solar,solar--levelized-cost-of-energy-germany-onshore-wind,Germany · Onshore wind,Germany,Onshore wind,2001-12-31,2001,year,2001-01-01,0.21782702,USD 2025 / kWh,annual,observed,https://ourworldindata.org/grapher/levelized-cost-of-energy.csv,2026-09-28T22:52:30.344Z,{}
solar,solar--levelized-cost-of-energy-germany-solar-photovoltaic,Germany · Solar photovoltaic,Germany,Solar photovoltaic,2001-12-31,2001,year,2001-01-01,,USD 2025 / kWh,annual,observed,https://ourworldindata.org/grapher/levelized-cost-of-energy.csv,2026-09-28T22:52:30.344Z,{}
solar,solar--levelized-cost-of-energy-india-onshore-wind,India · Onshore wind,India,Onshore wind,2001-12-31,2001,year,2001-01-01,0.17062677,USD 2025 / kWh,annual,observed,https://ourworldindata.org/grapher/levelized-cost-of-energy.csv,2026-09-28T22:52:30.344Z,{}
solar,solar--levelized-cost-of-energy-india-solar-photovoltaic,India · Solar photovoltaic,India,Solar photovoltaic,2001-12-31,2001,year,2001-01-01,,USD 2025 / kWh,annual,observed,https://ourworldindata.org/grapher/levelized-cost-of-energy.csv,2026-09-28T22:52:30.344Z,{}
solar,solar--levelized-cost-of-energy-italy-onshore-wind,Italy · Onshore wind,Italy,Onshore wind,2001-12-31,2001,year,2001-01-01,0.1511213,USD 2025 / kWh,annual,observed,https://ourworldindata.org/grapher/levelized-cost-of-energy.csv,2026-09-28T22:52:30.344Z,{}
solar,solar--levelized-cost-of-energy-italy-solar-photovoltaic,Italy · Solar photovoltaic,Italy,Solar photovoltaic,2001-12-31,2001,year,2001-01-01,,USD 2025 / kWh,annual,observed,https://ourworldindata.org/grapher/levelized-cost-of-energy.csv,2026-09-28T22:52:30.344Z,{}
solar,solar--levelized-cost-of-energy-morocco-onshore-wind,Morocco · Onshore wind,Morocco,Onshore wind,2001-12-31,2001,year,2001-01-01,0.11387414,USD 2025 / kWh,annual,observed,https://ourworldindata.org/grapher/levelized-cost-of-energy.csv,2026-09-28T22:52:30.344Z,{}
solar,solar--levelized-cost-of-energy-norway-onshore-wind,Norway · Onshore wind,Norway,Onshore wind,2001-12-31,2001,year,2001-01-01,0.5756802,USD 2025 / kWh,annual,observed,https://ourworldindata.org/grapher/levelized-cost-of-energy.csv,2026-09-28T22:52:30.344Z,{}
solar,solar--levelized-cost-of-energy-poland-onshore-wind,Poland · Onshore wind,Poland,Onshore wind,2001-12-31,2001,year,2001-01-01,0.117229156,USD 2025 / kWh,annual,observed,https://ourworldindata.org/grapher/levelized-cost-of-energy.csv,2026-09-28T22:52:30.344Z,{}
solar,solar--levelized-cost-of-energy-poland-solar-photovoltaic,Poland · Solar photovoltaic,Poland,Solar photovoltaic,2001-12-31,2001,year,2001-01-01,,USD 2025 / kWh,annual,observed,https://ourworldindata.org/grapher/levelized-cost-of-energy.csv,2026-09-28T22:52:30.344Z,{}
solar,solar--levelized-cost-of-energy-spain-onshore-wind,Spain · Onshore wind,Spain,Onshore wind,2001-12-31,2001,year,2001-01-01,0.122080974,USD 2025 / kWh,annual,observed,https://ourworldindata.org/grapher/levelized-cost-of-energy.csv,2026-09-28T22:52:30.344Z,{}
solar,solar--levelized-cost-of-energy-spain-solar-photovoltaic,Spain · Solar photovoltaic,Spain,Solar photovoltaic,2001-12-31,2001,year,2001-01-01,,USD 2025 / kWh,annual,observed,https://ourworldindata.org/grapher/levelized-cost-of-energy.csv,2026-09-28T22:52:30.344Z,{}
solar,solar--levelized-cost-of-energy-sweden-onshore-wind,Sweden · Onshore wind,Sweden,Onshore wind,2001-12-31,2001,year,2001-01-01,0.16554679,USD 2025 / kWh,annual,observed,https://ourworldindata.org/grapher/levelized-cost-of-energy.csv,2026-09-28T22:52:30.344Z,{}
solar,solar--levelized-cost-of-energy-united-kingdom-onshore-wind,United Kingdom · Onshore wind,United Kingdom,Onshore wind,2001-12-31,2001,year,2001-01-01,0.14613669,USD 2025 / kWh,annual,observed,https://ourworldindata.org/grapher/levelized-cost-of-energy.csv,2026-09-28T22:52:30.344Z,{}
solar,solar--levelized-cost-of-energy-united-kingdom-solar-photovoltaic,United Kingdom · Solar photovoltaic,United Kingdom,Solar photovoltaic,2001-12-31,2001,year,2001-01-01,,USD 2025 / kWh,annual,observed,https://ourworldindata.org/grapher/levelized-cost-of-energy.csv,2026-09-28T22:52:30.344Z,{}
solar,solar--levelized-cost-of-energy-united-states-onshore-wind,United States · Onshore wind,United States,Onshore wind,2001-12-31,2001,year,2001-01-01,0.108148456,USD 2025 / kWh,annual,observed,https://ourworldindata.org/grapher/levelized-cost-of-energy.csv,2026-09-28T22:52:30.344Z,{}
solar,solar--levelized-cost-of-energy-united-states-solar-photovoltaic,United States · Solar photovoltaic,United States,Solar photovoltaic,2001-12-31,2001,year,2001-01-01,,USD 2025 / kWh,annual,observed,https://ourworldindata.org/grapher/levelized-cost-of-energy.csv,2026-09-28T22:52:30.344Z,{}
solar,solar--levelized-cost-of-energy-world-bioenergy,Bioenergy,World,Bioenergy,2001-12-31,2001,year,2001-01-01,,USD 2025 / kWh,annual,observed,https://ourworldindata.org/grapher/levelized-cost-of-energy.csv,2026-09-28T22:52:30.344Z,{}
solar,solar--levelized-cost-of-energy-world-concentrated-solar-power,Concentrated solar power,World,Concentrated solar power,2001-12-31,2001,year,2001-01-01,,USD 2025 / kWh,annual,observed,https://ourworldindata.org/grapher/levelized-cost-of-energy.csv,2026-09-28T22:52:30.344Z,{}
solar,solar--levelized-cost-of-energy-world-geothermal,Geothermal,World,Geothermal,2001-12-31,2001,year,2001-01-01,,USD 2025 / kWh,annual,observed,https://ourworldindata.org/grapher/levelized-cost-of-energy.csv,2026-09-28T22:52:30.344Z,{}
solar,solar--levelized-cost-of-energy-world-hydropower,Hydropower,World,Hydropower,2001-12-31,2001,year,2001-01-01,,USD 2025 / kWh,annual,observed,https://ourworldindata.org/grapher/levelized-cost-of-energy.csv,2026-09-28T22:52:30.344Z,{}
solar,solar--levelized-cost-of-energy-world-offshore-wind,Offshore wind,World,Offshore wind,2001-12-31,2001,year,2001-01-01,0.18005022,USD 2025 / kWh,annual,observed,https://ourworldindata.org/grapher/levelized-cost-of-energy.csv,2026-09-28T22:52:30.344Z,{}
solar,solar--levelized-cost-of-energy-world-onshore-wind,Onshore wind,World,Onshore wind,2001-12-31,2001,year,2001-01-01,0.16142775,USD 2025 / kWh,annual,observed,https://ourworldindata.org/grapher/levelized-cost-of-energy.csv,2026-09-28T22:52:30.344Z,{}
solar,solar--levelized-cost-of-energy-world-solar-photovoltaic,Solar photovoltaic,World,Solar photovoltaic,2001-12-31,2001,year,2001-01-01,,USD 2025 / kWh,annual,observed,https://ourworldindata.org/grapher/levelized-cost-of-energy.csv,2026-09-28T22:52:30.344Z,{}
solar,solar--levelized-cost-of-energy-australia-onshore-wind,Australia · Onshore wind,Australia,Onshore wind,2002-12-31,2002,year,2002-01-01,0.109951295,USD 2025 / kWh,annual,observed,https://ourworldindata.org/grapher/levelized-cost-of-energy.csv,2026-09-28T22:52:30.344Z,{}
solar,solar--levelized-cost-of-energy-australia-solar-photovoltaic,Australia · Solar photovoltaic,Australia,Solar photovoltaic,2002-12-31,2002,year,2002-01-01,,USD 2025 / kWh,annual,observed,https://ourworldindata.org/grapher/levelized-cost-of-energy.csv,2026-09-28T22:52:30.344Z,{}
solar,solar--levelized-cost-of-energy-brazil-onshore-wind,Brazil · Onshore wind,Brazil,Onshore wind,2002-12-31,2002,year,2002-01-01,0.13755399,USD 2025 / kWh,annual,observed,https://ourworldindata.org/grapher/levelized-cost-of-energy.csv,2026-09-28T22:52:30.344Z,{}
solar,solar--levelized-cost-of-energy-brazil-solar-photovoltaic,Brazil · Solar photovoltaic,Brazil,Solar photovoltaic,2002-12-31,2002,year,2002-01-01,,USD 2025 / kWh,annual,observed,https://ourworldindata.org/grapher/levelized-cost-of-energy.csv,2026-09-28T22:52:30.344Z,{}
solar,solar--levelized-cost-of-energy-canada-onshore-wind,Canada · Onshore wind,Canada,Onshore wind,2002-12-31,2002,year,2002-01-01,0.10422267,USD 2025 / kWh,annual,observed,https://ourworldindata.org/grapher/levelized-cost-of-energy.csv,2026-09-28T22:52:30.344Z,{}
solar,solar--levelized-cost-of-energy-canada-solar-photovoltaic,Canada · Solar photovoltaic,Canada,Solar photovoltaic,2002-12-31,2002,year,2002-01-01,,USD 2025 / kWh,annual,observed,https://ourworldindata.org/grapher/levelized-cost-of-energy.csv,2026-09-28T22:52:30.344Z,{}
solar,solar--levelized-cost-of-energy-china-onshore-wind,China · Onshore wind,China,Onshore wind,2002-12-31,2002,year,2002-01-01,0.16110359,USD 2025 / kWh,annual,observed,https://ourworldindata.org/grapher/levelized-cost-of-energy.csv,2026-09-28T22:52:30.344Z,{}
solar,solar--levelized-cost-of-energy-china-solar-photovoltaic,China · Solar photovoltaic,China,Solar photovoltaic,2002-12-31,2002,year,2002-01-01,,USD 2025 / kWh,annual,observed,https://ourworldindata.org/grapher/levelized-cost-of-energy.csv,2026-09-28T22:52:30.344Z,{}
solar,solar--levelized-cost-of-energy-denmark-onshore-wind,Denmark · Onshore wind,Denmark,Onshore wind,2002-12-31,2002,year,2002-01-01,0.13462389,USD 2025 / kWh,annual,observed,https://ourworldindata.org/grapher/levelized-cost-of-energy.csv,2026-09-28T22:52:30.344Z,{}
solar,solar--levelized-cost-of-energy-france-onshore-wind,France · Onshore wind,France,Onshore wind,2002-12-31,2002,year,2002-01-01,0.16610536,USD 2025 / kWh,annual,observed,https://ourworldindata.org/grapher/levelized-cost-of-energy.csv,2026-09-28T22:52:30.344Z,{}
solar,solar--levelized-cost-of-energy-france-solar-photovoltaic,France · Solar photovoltaic,France,Solar photovoltaic,2002-12-31,2002,year,2002-01-01,,USD 2025 / kWh,annual,observed,https://ourworldindata.org/grapher/levelized-cost-of-energy.csv,2026-09-28T22:52:30.344Z,{}
solar,solar--levelized-cost-of-energy-germany-onshore-wind,Germany · Onshore wind,Germany,Onshore wind,2002-12-31,2002,year,2002-01-01,0.17353728,USD 2025 / kWh,annual,observed,https://ourworldindata.org/grapher/levelized-cost-of-energy.csv,2026-09-28T22:52:30.344Z,{}
solar,solar--levelized-cost-of-energy-germany-solar-photovoltaic,Germany · Solar photovoltaic,Germany,Solar photovoltaic,2002-12-31,2002,year,2002-01-01,,USD 2025 / kWh,annual,observed,https://ourworldindata.org/grapher/levelized-cost-of-energy.csv,2026-09-28T22:52:30.344Z,{}
solar,solar--levelized-cost-of-energy-india-onshore-wind,India · Onshore wind,India,Onshore wind,2002-12-31,2002,year,2002-01-01,0.15888515,USD 2025 / kWh,annual,observed,https://ourworldindata.org/grapher/levelized-cost-of-energy.csv,2026-09-28T22:52:30.344Z,{}
solar,solar--levelized-cost-of-energy-india-solar-photovoltaic,India · Solar photovoltaic,India,Solar photovoltaic,2002-12-31,2002,year,2002-01-01,,USD 2025 / kWh,annual,observed,https://ourworldindata.org/grapher/levelized-cost-of-energy.csv,2026-09-28T22:52:30.344Z,{}
solar,solar--levelized-cost-of-energy-italy-onshore-wind,Italy · Onshore wind,Italy,Onshore wind,2002-12-31,2002,year,2002-01-01,0.16872965,USD 2025 / kWh,annual,observed,https://ourworldindata.org/grapher/levelized-cost-of-energy.csv,2026-09-28T22:52:30.344Z,{}
solar,solar--levelized-cost-of-energy-italy-solar-photovoltaic,Italy · Solar photovoltaic,Italy,Solar photovoltaic,2002-12-31,2002,year,2002-01-01,,USD 2025 / kWh,annual,observed,https://ourworldindata.org/grapher/levelized-cost-of-energy.csv,2026-09-28T22:52:30.344Z,{}
solar,solar--levelized-cost-of-energy-netherlands-onshore-wind,Netherlands · Onshore wind,Netherlands,Onshore wind,2002-12-31,2002,year,2002-01-01,0.082425214,USD 2025 / kWh,annual,observed,https://ourworldindata.org/grapher/levelized-cost-of-energy.csv,2026-09-28T22:52:30.344Z,{}
solar,solar--levelized-cost-of-energy-netherlands-solar-photovoltaic,Netherlands · Solar photovoltaic,Netherlands,Solar photovoltaic,2002-12-31,2002,year,2002-01-01,,USD 2025 / kWh,annual,observed,https://ourworldindata.org/grapher/levelized-cost-of-energy.csv,2026-09-28T22:52:30.344Z,{}
solar,solar--levelized-cost-of-energy-norway-onshore-wind,Norway · Onshore wind,Norway,Onshore wind,2002-12-31,2002,year,2002-01-01,0.12452025,USD 2025 / kWh,annual,observed,https://ourworldindata.org/grapher/levelized-cost-of-energy.csv,2026-09-28T22:52:30.344Z,{}
solar,solar--levelized-cost-of-energy-poland-onshore-wind,Poland · Onshore wind,Poland,Onshore wind,2002-12-31,2002,year,2002-01-01,0.10897377,USD 2025 / kWh,annual,observed,https://ourworldindata.org/grapher/levelized-cost-of-energy.csv,2026-09-28T22:52:30.344Z,{}
solar,solar--levelized-cost-of-energy-poland-solar-photovoltaic,Poland · Solar photovoltaic,Poland,Solar photovoltaic,2002-12-31,2002,year,2002-01-01,,USD 2025 / kWh,annual,observed,https://ourworldindata.org/grapher/levelized-cost-of-energy.csv,2026-09-28T22:52:30.344Z,{}
solar,solar--levelized-cost-of-energy-spain-onshore-wind,Spain · Onshore wind,Spain,Onshore wind,2002-12-31,2002,year,2002-01-01,0.115279146,USD 2025 / kWh,annual,observed,https://ourworldindata.org/grapher/levelized-cost-of-energy.csv,2026-09-28T22:52:30.344Z,{}
solar,solar--levelized-cost-of-energy-spain-solar-photovoltaic,Spain · Solar photovoltaic,Spain,Solar photovoltaic,2002-12-31,2002,year,2002-01-01,,USD 2025 / kWh,annual,observed,https://ourworldindata.org/grapher/levelized-cost-of-energy.csv,2026-09-28T22:52:30.344Z,{}
solar,solar--levelized-cost-of-energy-sweden-onshore-wind,Sweden · Onshore wind,Sweden,Onshore wind,2002-12-31,2002,year,2002-01-01,0.18941045,USD 2025 / kWh,annual,observed,https://ourworldindata.org/grapher/levelized-cost-of-energy.csv,2026-09-28T22:52:30.344Z,{}
solar,solar--levelized-cost-of-energy-united-kingdom-onshore-wind,United Kingdom · Onshore wind,United Kingdom,Onshore wind,2002-12-31,2002,year,2002-01-01,0.15217184,USD 2025 / kWh,annual,observed,https://ourworldindata.org/grapher/levelized-cost-of-energy.csv,2026-09-28T22:52:30.344Z,{}
solar,solar--levelized-cost-of-energy-united-kingdom-solar-photovoltaic,United Kingdom · Solar photovoltaic,United Kingdom,Solar photovoltaic,2002-12-31,2002,year,2002-01-01,,USD 2025 / kWh,annual,observed,https://ourworldindata.org/grapher/levelized-cost-of-energy.csv,2026-09-28T22:52:30.344Z,{}
solar,solar--levelized-cost-of-energy-united-states-onshore-wind,United States · Onshore wind,United States,Onshore wind,2002-12-31,2002,year,2002-01-01,0.10231124,USD 2025 / kWh,annual,observed,https://ourworldindata.org/grapher/levelized-cost-of-energy.csv,2026-09-28T22:52:30.344Z,{}
solar,solar--levelized-cost-of-energy-united-states-solar-photovoltaic,United States · Solar photovoltaic,United States,Solar photovoltaic,2002-12-31,2002,year,2002-01-01,,USD 2025 / kWh,annual,observed,https://ourworldindata.org/grapher/levelized-cost-of-energy.csv,2026-09-28T22:52:30.344Z,{}
solar,solar--levelized-cost-of-energy-world-bioenergy,Bioenergy,World,Bioenergy,2002-12-31,2002,year,2002-01-01,,USD 2025 / kWh,annual,observed,https://ourworldindata.org/grapher/levelized-cost-of-energy.csv,2026-09-28T22:52:30.344Z,{}
solar,solar--levelized-cost-of-energy-world-concentrated-solar-power,Concentrated solar power,World,Concentrated solar power,2002-12-31,2002,year,2002-01-01,,USD 2025 / kWh,annual,observed,https://ourworldindata.org/grapher/levelized-cost-of-energy.csv,2026-09-28T22:52:30.344Z,{}
solar,solar--levelized-cost-of-energy-world-geothermal,Geothermal,World,Geothermal,2002-12-31,2002,year,2002-01-01,,USD 2025 / kWh,annual,observed,https://ourworldindata.org/grapher/levelized-cost-of-energy.csv,2026-09-28T22:52:30.344Z,{}
solar,solar--levelized-cost-of-energy-world-hydropower,Hydropower,World,Hydropower,2002-12-31,2002,year,2002-01-01,,USD 2025 / kWh,annual,observed,https://ourworldindata.org/grapher/levelized-cost-of-energy.csv,2026-09-28T22:52:30.344Z,{}
solar,solar--levelized-cost-of-energy-world-offshore-wind,Offshore wind,World,Offshore wind,2002-12-31,2002,year,2002-01-01,0.15255101,USD 2025 / kWh,annual,observed,https://ourworldindata.org/grapher/levelized-cost-of-energy.csv,2026-09-28T22:52:30.344Z,{}
solar,solar--levelized-cost-of-energy-world-onshore-wind,Onshore wind,World,Onshore wind,2002-12-31,2002,year,2002-01-01,0.1492411,USD 2025 / kWh,annual,observed,https://ourworldindata.org/grapher/levelized-cost-of-energy.csv,2026-09-28T22:52:30.344Z,{}
solar,solar--levelized-cost-of-energy-world-solar-photovoltaic,Solar photovoltaic,World,Solar photovoltaic,2002-12-31,2002,year,2002-01-01,,USD 2025 / kWh,annual,observed,https://ourworldindata.org/grapher/levelized-cost-of-energy.csv,2026-09-28T22:52:30.344Z,{}
solar,solar--levelized-cost-of-energy-australia-onshore-wind,Australia · Onshore wind,Australia,Onshore wind,2003-12-31,2003,year,2003-01-01,0.11015775,USD 2025 / kWh,annual,observed,https://ourworldindata.org/grapher/levelized-cost-of-energy.csv,2026-09-28T22:52:30.344Z,{}
solar,solar--levelized-cost-of-energy-australia-solar-photovoltaic,Australia · Solar photovoltaic,Australia,Solar photovoltaic,2003-12-31,2003,year,2003-01-01,,USD 2025 / kWh,annual,observed,https://ourworldindata.org/grapher/levelized-cost-of-energy.csv,2026-09-28T22:52:30.344Z,{}
solar,solar--levelized-cost-of-energy-brazil-onshore-wind,Brazil · Onshore wind,Brazil,Onshore wind,2003-12-31,2003,year,2003-01-01,0.15632181,USD 2025 / kWh,annual,observed,https://ourworldindata.org/grapher/levelized-cost-of-energy.csv,2026-09-28T22:52:30.344Z,{}
solar,solar--levelized-cost-of-energy-brazil-solar-photovoltaic,Brazil · Solar photovoltaic,Brazil,Solar photovoltaic,2003-12-31,2003,year,2003-01-01,,USD 2025 / kWh,annual,observed,https://ourworldindata.org/grapher/levelized-cost-of-energy.csv,2026-09-28T22:52:30.344Z,{}
solar,solar--levelized-cost-of-energy-canada-onshore-wind,Canada · Onshore wind,Canada,Onshore wind,2003-12-31,2003,year,2003-01-01,0.10523912,USD 2025 / kWh,annual,observed,https://ourworldindata.org/grapher/levelized-cost-of-energy.csv,2026-09-28T22:52:30.344Z,{}
solar,solar--levelized-cost-of-energy-canada-solar-photovoltaic,Canada · Solar photovoltaic,Canada,Solar photovoltaic,2003-12-31,2003,year,2003-01-01,,USD 2025 / kWh,annual,observed,https://ourworldindata.org/grapher/levelized-cost-of-energy.csv,2026-09-28T22:52:30.344Z,{}
solar,solar--levelized-cost-of-energy-china-onshore-wind,China · Onshore wind,China,Onshore wind,2003-12-31,2003,year,2003-01-01,0.11279446,USD 2025 / kWh,annual,observed,https://ourworldindata.org/grapher/levelized-cost-of-energy.csv,2026-09-28T22:52:30.344Z,{}
solar,solar--levelized-cost-of-energy-china-solar-photovoltaic,China · Solar photovoltaic,China,Solar photovoltaic,2003-12-31,2003,year,2003-01-01,,USD 2025 / kWh,annual,observed,https://ourworldindata.org/grapher/levelized-cost-of-energy.csv,2026-09-28T22:52:30.344Z,{}
solar,solar--levelized-cost-of-energy-costa-rica-onshore-wind,Costa Rica · Onshore wind,Costa Rica,Onshore wind,2003-12-31,2003,year,2003-01-01,0.067741245,USD 2025 / kWh,annual,observed,https://ourworldindata.org/grapher/levelized-cost-of-energy.csv,2026-09-28T22:52:30.344Z,{}
solar,solar--levelized-cost-of-energy-denmark-onshore-wind,Denmark · Onshore wind,Denmark,Onshore wind,2003-12-31,2003,year,2003-01-01,0.10803628,USD 2025 / kWh,annual,observed,https://ourworldindata.org/grapher/levelized-cost-of-energy.csv,2026-09-28T22:52:30.344Z,{}
solar,solar--levelized-cost-of-energy-france-onshore-wind,France · Onshore wind,France,Onshore wind,2003-12-31,2003,year,2003-01-01,0.12859285,USD 2025 / kWh,annual,observed,https://ourworldindata.org/grapher/levelized-cost-of-energy.csv,2026-09-28T22:52:30.344Z,{}
solar,solar--levelized-cost-of-energy-france-solar-photovoltaic,France · Solar photovoltaic,France,Solar photovoltaic,2003-12-31,2003,year,2003-01-01,,USD 2025 / kWh,annual,observed,https://ourworldindata.org/grapher/levelized-cost-of-energy.csv,2026-09-28T22:52:30.344Z,{}
solar,solar--levelized-cost-of-energy-germany-onshore-wind,Germany · Onshore wind,Germany,Onshore wind,2003-12-31,2003,year,2003-01-01,0.15850054,USD 2025 / kWh,annual,observed,https://ourworldindata.org/grapher/levelized-cost-of-energy.csv,2026-09-28T22:52:30.344Z,{}
solar,solar--levelized-cost-of-energy-germany-solar-photovoltaic,Germany · Solar photovoltaic,Germany,Solar photovoltaic,2003-12-31,2003,year,2003-01-01,,USD 2025 / kWh,annual,observed,https://ourworldindata.org/grapher/levelized-cost-of-energy.csv,2026-09-28T22:52:30.344Z,{}
solar,solar--levelized-cost-of-energy-india-onshore-wind,India · Onshore wind,India,Onshore wind,2003-12-31,2003,year,2003-01-01,0.17249316,USD 2025 / kWh,annual,observed,https://ourworldindata.org/grapher/levelized-cost-of-energy.csv,2026-09-28T22:52:30.344Z,{}
solar,solar--levelized-cost-of-energy-india-solar-photovoltaic,India · Solar photovoltaic,India,Solar photovoltaic,2003-12-31,2003,year,2003-01-01,,USD 2025 / kWh,annual,observed,https://ourworldindata.org/grapher/levelized-cost-of-energy.csv,2026-09-28T22:52:30.344Z,{}
solar,solar--levelized-cost-of-energy-ireland-onshore-wind,Ireland · Onshore wind,Ireland,Onshore wind,2003-12-31,2003,year,2003-01-01,0.100771986,USD 2025 / kWh,annual,observed,https://ourworldindata.org/grapher/levelized-cost-of-energy.csv,2026-09-28T22:52:30.344Z,{}
solar,solar--levelized-cost-of-energy-italy-onshore-wind,Italy · Onshore wind,Italy,Onshore wind,2003-12-31,2003,year,2003-01-01,0.1526511,USD 2025 / kWh,annual,observed,https://ourworldindata.org/grapher/levelized-cost-of-energy.csv,2026-09-28T22:52:30.344Z,{}
solar,solar--levelized-cost-of-energy-italy-solar-photovoltaic,Italy · Solar photovoltaic,Italy,Solar photovoltaic,2003-12-31,2003,year,2003-01-01,,USD 2025 / kWh,annual,observed,https://ourworldindata.org/grapher/levelized-cost-of-energy.csv,2026-09-28T22:52:30.344Z,{}
solar,solar--levelized-cost-of-energy-netherlands-onshore-wind,Netherlands · Onshore wind,Netherlands,Onshore wind,2003-12-31,2003,year,2003-01-01,0.11890719,USD 2025 / kWh,annual,observed,https://ourworldindata.org/grapher/levelized-cost-of-energy.csv,2026-09-28T22:52:30.344Z,{}
solar,solar--levelized-cost-of-energy-netherlands-solar-photovoltaic,Netherlands · Solar photovoltaic,Netherlands,Solar photovoltaic,2003-12-31,2003,year,2003-01-01,,USD 2025 / kWh,annual,observed,https://ourworldindata.org/grapher/levelized-cost-of-energy.csv,2026-09-28T22:52:30.344Z,{}
solar,solar--levelized-cost-of-energy-portugal-onshore-wind,Portugal · Onshore wind,Portugal,Onshore wind,2003-12-31,2003,year,2003-01-01,0.1027142,USD 2025 / kWh,annual,observed,https://ourworldindata.org/grapher/levelized-cost-of-energy.csv,2026-09-28T22:52:30.344Z,{}
solar,solar--levelized-cost-of-energy-portugal-solar-photovoltaic,Portugal · Solar photovoltaic,Portugal,Solar photovoltaic,2003-12-31,2003,year,2003-01-01,,USD 2025 / kWh,annual,observed,https://ourworldindata.org/grapher/levelized-cost-of-energy.csv,2026-09-28T22:52:30.344Z,{}
solar,solar--levelized-cost-of-energy-spain-onshore-wind,Spain · Onshore wind,Spain,Onshore wind,2003-12-31,2003,year,2003-01-01,0.111380674,USD 2025 / kWh,annual,observed,https://ourworldindata.org/grapher/levelized-cost-of-energy.csv,2026-09-28T22:52:30.344Z,{}
solar,solar--levelized-cost-of-energy-spain-solar-photovoltaic,Spain · Solar photovoltaic,Spain,Solar photovoltaic,2003-12-31,2003,year,2003-01-01,,USD 2025 / kWh,annual,observed,https://ourworldindata.org/grapher/levelized-cost-of-energy.csv,2026-09-28T22:52:30.344Z,{}
solar,solar--levelized-cost-of-energy-sweden-onshore-wind,Sweden · Onshore wind,Sweden,Onshore wind,2003-12-31,2003,year,2003-01-01,0.14618783,USD 2025 / kWh,annual,observed,https://ourworldindata.org/grapher/levelized-cost-of-energy.csv,2026-09-28T22:52:30.344Z,{}
solar,solar--levelized-cost-of-energy-united-kingdom-onshore-wind,United Kingdom · Onshore wind,United Kingdom,Onshore wind,2003-12-31,2003,year,2003-01-01,0.15244374,USD 2025 / kWh,annual,observed,https://ourworldindata.org/grapher/levelized-cost-of-energy.csv,2026-09-28T22:52:30.344Z,{}
solar,solar--levelized-cost-of-energy-united-kingdom-solar-photovoltaic,United Kingdom · Solar photovoltaic,United Kingdom,Solar photovoltaic,2003-12-31,2003,year,2003-01-01,,USD 2025 / kWh,annual,observed,https://ourworldindata.org/grapher/levelized-cost-of-energy.csv,2026-09-28T22:52:30.344Z,{}
solar,solar--levelized-cost-of-energy-united-states-onshore-wind,United States · Onshore wind,United States,Onshore wind,2003-12-31,2003,year,2003-01-01,0.09055179,USD 2025 / kWh,annual,observed,https://ourworldindata.org/grapher/levelized-cost-of-energy.csv,2026-09-28T22:52:30.344Z,{}
solar,solar--levelized-cost-of-energy-united-states-solar-photovoltaic,United States · Solar photovoltaic,United States,Solar photovoltaic,2003-12-31,2003,year,2003-01-01,,USD 2025 / kWh,annual,observed,https://ourworldindata.org/grapher/levelized-cost-of-energy.csv,2026-09-28T22:52:30.344Z,{}
solar,solar--levelized-cost-of-energy-world-bioenergy,Bioenergy,World,Bioenergy,2003-12-31,2003,year,2003-01-01,,USD 2025 / kWh,annual,observed,https://ourworldindata.org/grapher/levelized-cost-of-energy.csv,2026-09-28T22:52:30.344Z,{}
solar,solar--levelized-cost-of-energy-world-concentrated-solar-power,Concentrated solar power,World,Concentrated solar power,2003-12-31,2003,year,2003-01-01,,USD 2025 / kWh,annual,observed,https://ourworldindata.org/grapher/levelized-cost-of-energy.csv,2026-09-28T22:52:30.344Z,{}
solar,solar--levelized-cost-of-energy-world-geothermal,Geothermal,World,Geothermal,2003-12-31,2003,year,2003-01-01,,USD 2025 / kWh,annual,observed,https://ourworldindata.org/grapher/levelized-cost-of-energy.csv,2026-09-28T22:52:30.344Z,{}
solar,solar--levelized-cost-of-energy-world-hydropower,Hydropower,World,Hydropower,2003-12-31,2003,year,2003-01-01,,USD 2025 / kWh,annual,observed,https://ourworldindata.org/grapher/levelized-cost-of-energy.csv,2026-09-28T22:52:30.344Z,{}
solar,solar--levelized-cost-of-energy-world-offshore-wind,Offshore wind,World,Offshore wind,2003-12-31,2003,year,2003-01-01,0.14070371,USD 2025 / kWh,annual,observed,https://ourworldindata.org/grapher/levelized-cost-of-energy.csv,2026-09-28T22:52:30.344Z,{}
solar,solar--levelized-cost-of-energy-world-onshore-wind,Onshore wind,World,Onshore wind,2003-12-31,2003,year,2003-01-01,0.13073291,USD 2025 / kWh,annual,observed,https://ourworldindata.org/grapher/levelized-cost-of-energy.csv,2026-09-28T22:52:30.344Z,{}
solar,solar--levelized-cost-of-energy-world-solar-photovoltaic,Solar photovoltaic,World,Solar photovoltaic,2003-12-31,2003,year,2003-01-01,,USD 2025 / kWh,annual,observed,https://ourworldindata.org/grapher/levelized-cost-of-energy.csv,2026-09-28T22:52:30.344Z,{}
solar,solar--levelized-cost-of-energy-australia-onshore-wind,Australia · Onshore wind,Australia,Onshore wind,2004-12-31,2004,year,2004-01-01,0.22109775,USD 2025 / kWh,annual,observed,https://ourworldindata.org/grapher/levelized-cost-of-energy.csv,2026-09-28T22:52:30.344Z,{}
solar,solar--levelized-cost-of-energy-australia-solar-photovoltaic,Australia · Solar photovoltaic,Australia,Solar photovoltaic,2004-12-31,2004,year,2004-01-01,,USD 2025 / kWh,annual,observed,https://ourworldindata.org/grapher/levelized-cost-of-energy.csv,2026-09-28T22:52:30.344Z,{}
solar,solar--levelized-cost-of-energy-canada-onshore-wind,Canada · Onshore wind,Canada,Onshore wind,2004-12-31,2004,year,2004-01-01,0.103158325,USD 2025 / kWh,annual,observed,https://ourworldindata.org/grapher/levelized-cost-of-energy.csv,2026-09-28T22:52:30.344Z,{}
solar,solar--levelized-cost-of-energy-canada-solar-photovoltaic,Canada · Solar photovoltaic,Canada,Solar photovoltaic,2004-12-31,2004,year,2004-01-01,,USD 2025 / kWh,annual,observed,https://ourworldindata.org/grapher/levelized-cost-of-energy.csv,2026-09-28T22:52:30.344Z,{}
solar,solar--levelized-cost-of-energy-china-onshore-wind,China · Onshore wind,China,Onshore wind,2004-12-31,2004,year,2004-01-01,0.11912281,USD 2025 / kWh,annual,observed,https://ourworldindata.org/grapher/levelized-cost-of-energy.csv,2026-09-28T22:52:30.344Z,{}
solar,solar--levelized-cost-of-energy-china-solar-photovoltaic,China · Solar photovoltaic,China,Solar photovoltaic,2004-12-31,2004,year,2004-01-01,,USD 2025 / kWh,annual,observed,https://ourworldindata.org/grapher/levelized-cost-of-energy.csv,2026-09-28T22:52:30.344Z,{}
solar,solar--levelized-cost-of-energy-denmark-onshore-wind,Denmark · Onshore wind,Denmark,Onshore wind,2004-12-31,2004,year,2004-01-01,0.09615722,USD 2025 / kWh,annual,observed,https://ourworldindata.org/grapher/levelized-cost-of-energy.csv,2026-09-28T22:52:30.344Z,{}
solar,solar--levelized-cost-of-energy-france-onshore-wind,France · Onshore wind,France,Onshore wind,2004-12-31,2004,year,2004-01-01,0.14488511,USD 2025 / kWh,annual,observed,https://ourworldindata.org/grapher/levelized-cost-of-energy.csv,2026-09-28T22:52:30.344Z,{}
solar,solar--levelized-cost-of-energy-france-solar-photovoltaic,France · Solar photovoltaic,France,Solar photovoltaic,2004-12-31,2004,year,2004-01-01,,USD 2025 / kWh,annual,observed,https://ourworldindata.org/grapher/levelized-cost-of-energy.csv,2026-09-28T22:52:30.344Z,{}
solar,solar--levelized-cost-of-energy-germany-onshore-wind,Germany · Onshore wind,Germany,Onshore wind,2004-12-31,2004,year,2004-01-01,0.15863702,USD 2025 / kWh,annual,observed,https://ourworldindata.org/grapher/levelized-cost-of-energy.csv,2026-09-28T22:52:30.344Z,{}
solar,solar--levelized-cost-of-energy-germany-solar-photovoltaic,Germany · Solar photovoltaic,Germany,Solar photovoltaic,2004-12-31,2004,year,2004-01-01,,USD 2025 / kWh,annual,observed,https://ourworldindata.org/grapher/levelized-cost-of-energy.csv,2026-09-28T22:52:30.344Z,{}
solar,solar--levelized-cost-of-energy-india-onshore-wind,India · Onshore wind,India,Onshore wind,2004-12-31,2004,year,2004-01-01,0.1263094,USD 2025 / kWh,annual,observed,https://ourworldindata.org/grapher/levelized-cost-of-energy.csv,2026-09-28T22:52:30.344Z,{}
solar,solar--levelized-cost-of-energy-india-solar-photovoltaic,India · Solar photovoltaic,India,Solar photovoltaic,2004-12-31,2004,year,2004-01-01,,USD 2025 / kWh,annual,observed,https://ourworldindata.org/grapher/levelized-cost-of-energy.csv,2026-09-28T22:52:30.344Z,{}
solar,solar--levelized-cost-of-energy-italy-onshore-wind,Italy · Onshore wind,Italy,Onshore wind,2004-12-31,2004,year,2004-01-01,0.13201234,USD 2025 / kWh,annual,observed,https://ourworldindata.org/grapher/levelized-cost-of-energy.csv,2026-09-28T22:52:30.344Z,{}
solar,solar--levelized-cost-of-energy-italy-solar-photovoltaic,Italy · Solar photovoltaic,Italy,Solar photovoltaic,2004-12-31,2004,year,2004-01-01,,USD 2025 / kWh,annual,observed,https://ourworldindata.org/grapher/levelized-cost-of-energy.csv,2026-09-28T22:52:30.344Z,{}
solar,solar--levelized-cost-of-energy-netherlands-onshore-wind,Netherlands · Onshore wind,Netherlands,Onshore wind,2004-12-31,2004,year,2004-01-01,0.12972525,USD 2025 / kWh,annual,observed,https://ourworldindata.org/grapher/levelized-cost-of-energy.csv,2026-09-28T22:52:30.344Z,{}
solar,solar--levelized-cost-of-energy-netherlands-solar-photovoltaic,Netherlands · Solar photovoltaic,Netherlands,Solar photovoltaic,2004-12-31,2004,year,2004-01-01,,USD 2025 / kWh,annual,observed,https://ourworldindata.org/grapher/levelized-cost-of-energy.csv,2026-09-28T22:52:30.344Z,{}
solar,solar--levelized-cost-of-energy-portugal-onshore-wind,Portugal · Onshore wind,Portugal,Onshore wind,2004-12-31,2004,year,2004-01-01,0.115808405,USD 2025 / kWh,annual,observed,https://ourworldindata.org/grapher/levelized-cost-of-energy.csv,2026-09-28T22:52:30.344Z,{}
solar,solar--levelized-cost-of-energy-portugal-solar-photovoltaic,Portugal · Solar photovoltaic,Portugal,Solar photovoltaic,2004-12-31,2004,year,2004-01-01,,USD 2025 / kWh,annual,observed,https://ourworldindata.org/grapher/levelized-cost-of-energy.csv,2026-09-28T22:52:30.344Z,{}
solar,solar--levelized-cost-of-energy-south-korea-onshore-wind,South Korea · Onshore wind,South Korea,Onshore wind,2004-12-31,2004,year,2004-01-01,0.14035507,USD 2025 / kWh,annual,observed,https://ourworldindata.org/grapher/levelized-cost-of-energy.csv,2026-09-28T22:52:30.344Z,{}
solar,solar--levelized-cost-of-energy-south-korea-solar-photovoltaic,South Korea · Solar photovoltaic,South Korea,Solar photovoltaic,2004-12-31,2004,year,2004-01-01,,USD 2025 / kWh,annual,observed,https://ourworldindata.org/grapher/levelized-cost-of-energy.csv,2026-09-28T22:52:30.344Z,{}
solar,solar--levelized-cost-of-energy-spain-onshore-wind,Spain · Onshore wind,Spain,Onshore wind,2004-12-31,2004,year,2004-01-01,0.12294006,USD 2025 / kWh,annual,observed,https://ourworldindata.org/grapher/levelized-cost-of-energy.csv,2026-09-28T22:52:30.344Z,{}
solar,solar--levelized-cost-of-energy-spain-solar-photovoltaic,Spain · Solar photovoltaic,Spain,Solar photovoltaic,2004-12-31,2004,year,2004-01-01,,USD 2025 / kWh,annual,observed,https://ourworldindata.org/grapher/levelized-cost-of-energy.csv,2026-09-28T22:52:30.344Z,{}
solar,solar--levelized-cost-of-energy-sweden-onshore-wind,Sweden · Onshore wind,Sweden,Onshore wind,2004-12-31,2004,year,2004-01-01,0.15920585,USD 2025 / kWh,annual,observed,https://ourworldindata.org/grapher/levelized-cost-of-energy.csv,2026-09-28T22:52:30.344Z,{}
solar,solar--levelized-cost-of-energy-united-kingdom-onshore-wind,United Kingdom · Onshore wind,United Kingdom,Onshore wind,2004-12-31,2004,year,2004-01-01,0.16058025,USD 2025 / kWh,annual,observed,https://ourworldindata.org/grapher/levelized-cost-of-energy.csv,2026-09-28T22:52:30.344Z,{}
solar,solar--levelized-cost-of-energy-united-kingdom-solar-photovoltaic,United Kingdom · Solar photovoltaic,United Kingdom,Solar photovoltaic,2004-12-31,2004,year,2004-01-01,,USD 2025 / kWh,annual,observed,https://ourworldindata.org/grapher/levelized-cost-of-energy.csv,2026-09-28T22:52:30.344Z,{}
solar,solar--levelized-cost-of-energy-united-states-onshore-wind,United States · Onshore wind,United States,Onshore wind,2004-12-31,2004,year,2004-01-01,0.10019717,USD 2025 / kWh,annual,observed,https://ourworldindata.org/grapher/levelized-cost-of-energy.csv,2026-09-28T22:52:30.344Z,{}
solar,solar--levelized-cost-of-energy-united-states-solar-photovoltaic,United States · Solar photovoltaic,United States,Solar photovoltaic,2004-12-31,2004,year,2004-01-01,,USD 2025 / kWh,annual,observed,https://ourworldindata.org/grapher/levelized-cost-of-energy.csv,2026-09-28T22:52:30.344Z,{}
solar,solar--levelized-cost-of-energy-world-bioenergy,Bioenergy,World,Bioenergy,2004-12-31,2004,year,2004-01-01,,USD 2025 / kWh,annual,observed,https://ourworldindata.org/grapher/levelized-cost-of-energy.csv,2026-09-28T22:52:30.344Z,{}
solar,solar--levelized-cost-of-energy-world-concentrated-solar-power,Concentrated solar power,World,Concentrated solar power,2004-12-31,2004,year,2004-01-01,,USD 2025 / kWh,annual,observed,https://ourworldindata.org/grapher/levelized-cost-of-energy.csv,2026-09-28T22:52:30.344Z,{}
solar,solar--levelized-cost-of-energy-world-geothermal,Geothermal,World,Geothermal,2004-12-31,2004,year,2004-01-01,,USD 2025 / kWh,annual,observed,https://ourworldindata.org/grapher/levelized-cost-of-energy.csv,2026-09-28T22:52:30.344Z,{}
solar,solar--levelized-cost-of-energy-world-hydropower,Hydropower,World,Hydropower,2004-12-31,2004,year,2004-01-01,,USD 2025 / kWh,annual,observed,https://ourworldindata.org/grapher/levelized-cost-of-energy.csv,2026-09-28T22:52:30.344Z,{}
solar,solar--levelized-cost-of-energy-world-offshore-wind,Offshore wind,World,Offshore wind,2004-12-31,2004,year,2004-01-01,0.19961967,USD 2025 / kWh,annual,observed,https://ourworldindata.org/grapher/levelized-cost-of-energy.csv,2026-09-28T22:52:30.344Z,{}
solar,solar--levelized-cost-of-energy-world-onshore-wind,Onshore wind,World,Onshore wind,2004-12-31,2004,year,2004-01-01,0.13292666,USD 2025 / kWh,annual,observed,https://ourworldindata.org/grapher/levelized-cost-of-energy.csv,2026-09-28T22:52:30.344Z,{}
solar,solar--levelized-cost-of-energy-world-solar-photovoltaic,Solar photovoltaic,World,Solar photovoltaic,2004-12-31,2004,year,2004-01-01,,USD 2025 / kWh,annual,observed,https://ourworldindata.org/grapher/levelized-cost-of-energy.csv,2026-09-28T22:52:30.344Z,{}
solar,solar--levelized-cost-of-energy-australia-onshore-wind,Australia · Onshore wind,Australia,Onshore wind,2005-12-31,2005,year,2005-01-01,0.10366254,USD 2025 / kWh,annual,observed,https://ourworldindata.org/grapher/levelized-cost-of-energy.csv,2026-09-28T22:52:30.344Z,{}
solar,solar--levelized-cost-of-energy-australia-solar-photovoltaic,Australia · Solar photovoltaic,Australia,Solar photovoltaic,2005-12-31,2005,year,2005-01-01,,USD 2025 / kWh,annual,observed,https://ourworldindata.org/grapher/levelized-cost-of-energy.csv,2026-09-28T22:52:30.344Z,{}
solar,solar--levelized-cost-of-energy-brazil-onshore-wind,Brazil · Onshore wind,Brazil,Onshore wind,2005-12-31,2005,year,2005-01-01,0.14668632,USD 2025 / kWh,annual,observed,https://ourworldindata.org/grapher/levelized-cost-of-energy.csv,2026-09-28T22:52:30.344Z,{}
solar,solar--levelized-cost-of-energy-brazil-solar-photovoltaic,Brazil · Solar photovoltaic,Brazil,Solar photovoltaic,2005-12-31,2005,year,2005-01-01,,USD 2025 / kWh,annual,observed,https://ourworldindata.org/grapher/levelized-cost-of-energy.csv,2026-09-28T22:52:30.344Z,{}
solar,solar--levelized-cost-of-energy-canada-onshore-wind,Canada · Onshore wind,Canada,Onshore wind,2005-12-31,2005,year,2005-01-01,0.09132277,USD 2025 / kWh,annual,observed,https://ourworldindata.org/grapher/levelized-cost-of-energy.csv,2026-09-28T22:52:30.344Z,{}
solar,solar--levelized-cost-of-energy-canada-solar-photovoltaic,Canada · Solar photovoltaic,Canada,Solar photovoltaic,2005-12-31,2005,year,2005-01-01,,USD 2025 / kWh,annual,observed,https://ourworldindata.org/grapher/levelized-cost-of-energy.csv,2026-09-28T22:52:30.344Z,{}
solar,solar--levelized-cost-of-energy-china-onshore-wind,China · Onshore wind,China,Onshore wind,2005-12-31,2005,year,2005-01-01,0.116621524,USD 2025 / kWh,annual,observed,https://ourworldindata.org/grapher/levelized-cost-of-energy.csv,2026-09-28T22:52:30.344Z,{}
solar,solar--levelized-cost-of-energy-china-solar-photovoltaic,China · Solar photovoltaic,China,Solar photovoltaic,2005-12-31,2005,year,2005-01-01,,USD 2025 / kWh,annual,observed,https://ourworldindata.org/grapher/levelized-cost-of-energy.csv,2026-09-28T22:52:30.344Z,{}
solar,solar--levelized-cost-of-energy-denmark-onshore-wind,Denmark · Onshore wind,Denmark,Onshore wind,2005-12-31,2005,year,2005-01-01,0.11299272,USD 2025 / kWh,annual,observed,https://ourworldindata.org/grapher/levelized-cost-of-energy.csv,2026-09-28T22:52:30.344Z,{}
solar,solar--levelized-cost-of-energy-france-onshore-wind,France · Onshore wind,France,Onshore wind,2005-12-31,2005,year,2005-01-01,0.14296116,USD 2025 / kWh,annual,observed,https://ourworldindata.org/grapher/levelized-cost-of-energy.csv,2026-09-28T22:52:30.344Z,{}
solar,solar--levelized-cost-of-energy-france-solar-photovoltaic,France · Solar photovoltaic,France,Solar photovoltaic,2005-12-31,2005,year,2005-01-01,,USD 2025 / kWh,annual,observed,https://ourworldindata.org/grapher/levelized-cost-of-energy.csv,2026-09-28T22:52:30.344Z,{}
solar,solar--levelized-cost-of-energy-germany-onshore-wind,Germany · Onshore wind,Germany,Onshore wind,2005-12-31,2005,year,2005-01-01,0.16416979,USD 2025 / kWh,annual,observed,https://ourworldindata.org/grapher/levelized-cost-of-energy.csv,2026-09-28T22:52:30.344Z,{}
solar,solar--levelized-cost-of-energy-germany-solar-photovoltaic,Germany · Solar photovoltaic,Germany,Solar photovoltaic,2005-12-31,2005,year,2005-01-01,,USD 2025 / kWh,annual,observed,https://ourworldindata.org/grapher/levelized-cost-of-energy.csv,2026-09-28T22:52:30.344Z,{}
solar,solar--levelized-cost-of-energy-india-onshore-wind,India · Onshore wind,India,Onshore wind,2005-12-31,2005,year,2005-01-01,0.13292426,USD 2025 / kWh,annual,observed,https://ourworldindata.org/grapher/levelized-cost-of-energy.csv,2026-09-28T22:52:30.344Z,{}
solar,solar--levelized-cost-of-energy-india-solar-photovoltaic,India · Solar photovoltaic,India,Solar photovoltaic,2005-12-31,2005,year,2005-01-01,,USD 2025 / kWh,annual,observed,https://ourworldindata.org/grapher/levelized-cost-of-energy.csv,2026-09-28T22:52:30.344Z,{}
solar,solar--levelized-cost-of-energy-italy-onshore-wind,Italy · Onshore wind,Italy,Onshore wind,2005-12-31,2005,year,2005-01-01,0.14949775,USD 2025 / kWh,annual,observed,https://ourworldindata.org/grapher/levelized-cost-of-energy.csv,2026-09-28T22:52:30.344Z,{}
solar,solar--levelized-cost-of-energy-italy-solar-photovoltaic,Italy · Solar photovoltaic,Italy,Solar photovoltaic,2005-12-31,2005,year,2005-01-01,,USD 2025 / kWh,annual,observed,https://ourworldindata.org/grapher/levelized-cost-of-energy.csv,2026-09-28T22:52:30.344Z,{}
solar,solar--levelized-cost-of-energy-japan-onshore-wind,Japan · Onshore wind,Japan,Onshore wind,2005-12-31,2005,year,2005-01-01,0.18840638,USD 2025 / kWh,annual,observed,https://ourworldindata.org/grapher/levelized-cost-of-energy.csv,2026-09-28T22:52:30.344Z,{}
solar,solar--levelized-cost-of-energy-japan-solar-photovoltaic,Japan · Solar photovoltaic,Japan,Solar photovoltaic,2005-12-31,2005,year,2005-01-01,,USD 2025 / kWh,annual,observed,https://ourworldindata.org/grapher/levelized-cost-of-energy.csv,2026-09-28T22:52:30.344Z,{}
solar,solar--levelized-cost-of-energy-morocco-onshore-wind,Morocco · Onshore wind,Morocco,Onshore wind,2005-12-31,2005,year,2005-01-01,0.06868309,USD 2025 / kWh,annual,observed,https://ourworldindata.org/grapher/levelized-cost-of-energy.csv,2026-09-28T22:52:30.344Z,{}
solar,solar--levelized-cost-of-energy-netherlands-onshore-wind,Netherlands · Onshore wind,Netherlands,Onshore wind,2005-12-31,2005,year,2005-01-01,0.079450056,USD 2025 / kWh,annual,observed,https://ourworldindata.org/grapher/levelized-cost-of-energy.csv,2026-09-28T22:52:30.344Z,{}
solar,solar--levelized-cost-of-energy-netherlands-solar-photovoltaic,Netherlands · Solar photovoltaic,Netherlands,Solar photovoltaic,2005-12-31,2005,year,2005-01-01,,USD 2025 / kWh,annual,observed,https://ourworldindata.org/grapher/levelized-cost-of-energy.csv,2026-09-28T22:52:30.344Z,{}
solar,solar--levelized-cost-of-energy-norway-onshore-wind,Norway · Onshore wind,Norway,Onshore wind,2005-12-31,2005,year,2005-01-01,0.4073341,USD 2025 / kWh,annual,observed,https://ourworldindata.org/grapher/levelized-cost-of-energy.csv,2026-09-28T22:52:30.344Z,{}
solar,solar--levelized-cost-of-energy-philippines-onshore-wind,Philippines · Onshore wind,Philippines,Onshore wind,2005-12-31,2005,year,2005-01-01,0.11052688,USD 2025 / kWh,annual,observed,https://ourworldindata.org/grapher/levelized-cost-of-energy.csv,2026-09-28T22:52:30.344Z,{}
solar,solar--levelized-cost-of-energy-portugal-onshore-wind,Portugal · Onshore wind,Portugal,Onshore wind,2005-12-31,2005,year,2005-01-01,0.1202656,USD 2025 / kWh,annual,observed,https://ourworldindata.org/grapher/levelized-cost-of-energy.csv,2026-09-28T22:52:30.344Z,{}
solar,solar--levelized-cost-of-energy-portugal-solar-photovoltaic,Portugal · Solar photovoltaic,Portugal,Solar photovoltaic,2005-12-31,2005,year,2005-01-01,,USD 2025 / kWh,annual,observed,https://ourworldindata.org/grapher/levelized-cost-of-energy.csv,2026-09-28T22:52:30.344Z,{}
solar,solar--levelized-cost-of-energy-south-korea-onshore-wind,South Korea · Onshore wind,South Korea,Onshore wind,2005-12-31,2005,year,2005-01-01,0.11632163,USD 2025 / kWh,annual,observed,https://ourworldindata.org/grapher/levelized-cost-of-energy.csv,2026-09-28T22:52:30.344Z,{}
solar,solar--levelized-cost-of-energy-south-korea-solar-photovoltaic,South Korea · Solar photovoltaic,South Korea,Solar photovoltaic,2005-12-31,2005,year,2005-01-01,,USD 2025 / kWh,annual,observed,https://ourworldindata.org/grapher/levelized-cost-of-energy.csv,2026-09-28T22:52:30.344Z,{}
solar,solar--levelized-cost-of-energy-spain-onshore-wind,Spain · Onshore wind,Spain,Onshore wind,2005-12-31,2005,year,2005-01-01,0.11574198,USD 2025 / kWh,annual,observed,https://ourworldindata.org/grapher/levelized-cost-of-energy.csv,2026-09-28T22:52:30.344Z,{}
solar,solar--levelized-cost-of-energy-spain-solar-photovoltaic,Spain · Solar photovoltaic,Spain,Solar photovoltaic,2005-12-31,2005,year,2005-01-01,,USD 2025 / kWh,annual,observed,https://ourworldindata.org/grapher/levelized-cost-of-energy.csv,2026-09-28T22:52:30.344Z,{}
solar,solar--levelized-cost-of-energy-sweden-onshore-wind,Sweden · Onshore wind,Sweden,Onshore wind,2005-12-31,2005,year,2005-01-01,0.16470474,USD 2025 / kWh,annual,observed,https://ourworldindata.org/grapher/levelized-cost-of-energy.csv,2026-09-28T22:52:30.344Z,{}
solar,solar--levelized-cost-of-energy-united-kingdom-onshore-wind,United Kingdom · Onshore wind,United Kingdom,Onshore wind,2005-12-31,2005,year,2005-01-01,0.15135181,USD 2025 / kWh,annual,observed,https://ourworldindata.org/grapher/levelized-cost-of-energy.csv,2026-09-28T22:52:30.344Z,{}
solar,solar--levelized-cost-of-energy-united-kingdom-solar-photovoltaic,United Kingdom · Solar photovoltaic,United Kingdom,Solar photovoltaic,2005-12-31,2005,year,2005-01-01,,USD 2025 / kWh,annual,observed,https://ourworldindata.org/grapher/levelized-cost-of-energy.csv,2026-09-28T22:52:30.344Z,{}
solar,solar--levelized-cost-of-energy-united-states-onshore-wind,United States · Onshore wind,United States,Onshore wind,2005-12-31,2005,year,2005-01-01,0.08828756,USD 2025 / kWh,annual,observed,https://ourworldindata.org/grapher/levelized-cost-of-energy.csv,2026-09-28T22:52:30.344Z,{}
solar,solar--levelized-cost-of-energy-united-states-solar-photovoltaic,United States · Solar photovoltaic,United States,Solar photovoltaic,2005-12-31,2005,year,2005-01-01,,USD 2025 / kWh,annual,observed,https://ourworldindata.org/grapher/levelized-cost-of-energy.csv,2026-09-28T22:52:30.344Z,{}
solar,solar--levelized-cost-of-energy-world-bioenergy,Bioenergy,World,Bioenergy,2005-12-31,2005,year,2005-01-01,,USD 2025 / kWh,annual,observed,https://ourworldindata.org/grapher/levelized-cost-of-energy.csv,2026-09-28T22:52:30.344Z,{}
solar,solar--levelized-cost-of-energy-world-concentrated-solar-power,Concentrated solar power,World,Concentrated solar power,2005-12-31,2005,year,2005-01-01,,USD 2025 / kWh,annual,observed,https://ourworldindata.org/grapher/levelized-cost-of-energy.csv,2026-09-28T22:52:30.344Z,{}
solar,solar--levelized-cost-of-energy-world-geothermal,Geothermal,World,Geothermal,2005-12-31,2005,year,2005-01-01,,USD 2025 / kWh,annual,observed,https://ourworldindata.org/grapher/levelized-cost-of-energy.csv,2026-09-28T22:52:30.344Z,{}
solar,solar--levelized-cost-of-energy-world-hydropower,Hydropower,World,Hydropower,2005-12-31,2005,year,2005-01-01,,USD 2025 / kWh,annual,observed,https://ourworldindata.org/grapher/levelized-cost-of-energy.csv,2026-09-28T22:52:30.344Z,{}
solar,solar--levelized-cost-of-energy-world-offshore-wind,Offshore wind,World,Offshore wind,2005-12-31,2005,year,2005-01-01,0.1678998,USD 2025 / kWh,annual,observed,https://ourworldindata.org/grapher/levelized-cost-of-energy.csv,2026-09-28T22:52:30.344Z,{}
solar,solar--levelized-cost-of-energy-world-onshore-wind,Onshore wind,World,Onshore wind,2005-12-31,2005,year,2005-01-01,0.12446395,USD 2025 / kWh,annual,observed,https://ourworldindata.org/grapher/levelized-cost-of-energy.csv,2026-09-28T22:52:30.344Z,{}
solar,solar--levelized-cost-of-energy-world-solar-photovoltaic,Solar photovoltaic,World,Solar photovoltaic,2005-12-31,2005,year,2005-01-01,,USD 2025 / kWh,annual,observed,https://ourworldindata.org/grapher/levelized-cost-of-energy.csv,2026-09-28T22:52:30.344Z,{}
solar,solar--levelized-cost-of-energy-australia-onshore-wind,Australia · Onshore wind,Australia,Onshore wind,2006-12-31,2006,year,2006-01-01,0.09884836,USD 2025 / kWh,annual,observed,https://ourworldindata.org/grapher/levelized-cost-of-energy.csv,2026-09-28T22:52:30.344Z,{}
solar,solar--levelized-cost-of-energy-australia-solar-photovoltaic,Australia · Solar photovoltaic,Australia,Solar photovoltaic,2006-12-31,2006,year,2006-01-01,,USD 2025 / kWh,annual,observed,https://ourworldindata.org/grapher/levelized-cost-of-energy.csv,2026-09-28T22:52:30.344Z,{}
solar,solar--levelized-cost-of-energy-brazil-onshore-wind,Brazil · Onshore wind,Brazil,Onshore wind,2006-12-31,2006,year,2006-01-01,0.10586307,USD 2025 / kWh,annual,observed,https://ourworldindata.org/grapher/levelized-cost-of-energy.csv,2026-09-28T22:52:30.344Z,{}
solar,solar--levelized-cost-of-energy-brazil-solar-photovoltaic,Brazil · Solar photovoltaic,Brazil,Solar photovoltaic,2006-12-31,2006,year,2006-01-01,,USD 2025 / kWh,annual,observed,https://ourworldindata.org/grapher/levelized-cost-of-energy.csv,2026-09-28T22:52:30.344Z,{}
solar,solar--levelized-cost-of-energy-canada-onshore-wind,Canada · Onshore wind,Canada,Onshore wind,2006-12-31,2006,year,2006-01-01,0.100153305,USD 2025 / kWh,annual,observed,https://ourworldindata.org/grapher/levelized-cost-of-energy.csv,2026-09-28T22:52:30.344Z,{}
solar,solar--levelized-cost-of-energy-canada-solar-photovoltaic,Canada · Solar photovoltaic,Canada,Solar photovoltaic,2006-12-31,2006,year,2006-01-01,,USD 2025 / kWh,annual,observed,https://ourworldindata.org/grapher/levelized-cost-of-energy.csv,2026-09-28T22:52:30.344Z,{}
solar,solar--levelized-cost-of-energy-china-onshore-wind,China · Onshore wind,China,Onshore wind,2006-12-31,2006,year,2006-01-01,0.11065547,USD 2025 / kWh,annual,observed,https://ourworldindata.org/grapher/levelized-cost-of-energy.csv,2026-09-28T22:52:30.344Z,{}
solar,solar--levelized-cost-of-energy-china-solar-photovoltaic,China · Solar photovoltaic,China,Solar photovoltaic,2006-12-31,2006,year,2006-01-01,,USD 2025 / kWh,annual,observed,https://ourworldindata.org/grapher/levelized-cost-of-energy.csv,2026-09-28T22:52:30.344Z,{}
solar,solar--levelized-cost-of-energy-denmark-onshore-wind,Denmark · Onshore wind,Denmark,Onshore wind,2006-12-31,2006,year,2006-01-01,0.14029746,USD 2025 / kWh,annual,observed,https://ourworldindata.org/grapher/levelized-cost-of-energy.csv,2026-09-28T22:52:30.344Z,{}
solar,solar--levelized-cost-of-energy-france-onshore-wind,France · Onshore wind,France,Onshore wind,2006-12-31,2006,year,2006-01-01,0.14413239,USD 2025 / kWh,annual,observed,https://ourworldindata.org/grapher/levelized-cost-of-energy.csv,2026-09-28T22:52:30.344Z,{}
solar,solar--levelized-cost-of-energy-france-solar-photovoltaic,France · Solar photovoltaic,France,Solar photovoltaic,2006-12-31,2006,year,2006-01-01,,USD 2025 / kWh,annual,observed,https://ourworldindata.org/grapher/levelized-cost-of-energy.csv,2026-09-28T22:52:30.344Z,{}
solar,solar--levelized-cost-of-energy-germany-onshore-wind,Germany · Onshore wind,Germany,Onshore wind,2006-12-31,2006,year,2006-01-01,0.16884625,USD 2025 / kWh,annual,observed,https://ourworldindata.org/grapher/levelized-cost-of-energy.csv,2026-09-28T22:52:30.344Z,{}
solar,solar--levelized-cost-of-energy-germany-solar-photovoltaic,Germany · Solar photovoltaic,Germany,Solar photovoltaic,2006-12-31,2006,year,2006-01-01,,USD 2025 / kWh,annual,observed,https://ourworldindata.org/grapher/levelized-cost-of-energy.csv,2026-09-28T22:52:30.344Z,{}
solar,solar--levelized-cost-of-energy-india-onshore-wind,India · Onshore wind,India,Onshore wind,2006-12-31,2006,year,2006-01-01,0.14894596,USD 2025 / kWh,annual,observed,https://ourworldindata.org/grapher/levelized-cost-of-energy.csv,2026-09-28T22:52:30.344Z,{}
solar,solar--levelized-cost-of-energy-india-solar-photovoltaic,India · Solar photovoltaic,India,Solar photovoltaic,2006-12-31,2006,year,2006-01-01,,USD 2025 / kWh,annual,observed,https://ourworldindata.org/grapher/levelized-cost-of-energy.csv,2026-09-28T22:52:30.344Z,{}
solar,solar--levelized-cost-of-energy-italy-onshore-wind,Italy · Onshore wind,Italy,Onshore wind,2006-12-31,2006,year,2006-01-01,0.14688449,USD 2025 / kWh,annual,observed,https://ourworldindata.org/grapher/levelized-cost-of-energy.csv,2026-09-28T22:52:30.344Z,{}
solar,solar--levelized-cost-of-energy-italy-solar-photovoltaic,Italy · Solar photovoltaic,Italy,Solar photovoltaic,2006-12-31,2006,year,2006-01-01,,USD 2025 / kWh,annual,observed,https://ourworldindata.org/grapher/levelized-cost-of-energy.csv,2026-09-28T22:52:30.344Z,{}
solar,solar--levelized-cost-of-energy-netherlands-onshore-wind,Netherlands · Onshore wind,Netherlands,Onshore wind,2006-12-31,2006,year,2006-01-01,0.13444741,USD 2025 / kWh,annual,observed,https://ourworldindata.org/grapher/levelized-cost-of-energy.csv,2026-09-28T22:52:30.344Z,{}
solar,solar--levelized-cost-of-energy-netherlands-solar-photovoltaic,Netherlands · Solar photovoltaic,Netherlands,Solar photovoltaic,2006-12-31,2006,year,2006-01-01,,USD 2025 / kWh,annual,observed,https://ourworldindata.org/grapher/levelized-cost-of-energy.csv,2026-09-28T22:52:30.344Z,{}
solar,solar--levelized-cost-of-energy-norway-onshore-wind,Norway · Onshore wind,Norway,Onshore wind,2006-12-31,2006,year,2006-01-01,0.07150642,USD 2025 / kWh,annual,observed,https://ourworldindata.org/grapher/levelized-cost-of-energy.csv,2026-09-28T22:52:30.344Z,{}
solar,solar--levelized-cost-of-energy-philippines-onshore-wind,Philippines · Onshore wind,Philippines,Onshore wind,2006-12-31,2006,year,2006-01-01,0.16130272,USD 2025 / kWh,annual,observed,https://ourworldindata.org/grapher/levelized-cost-of-energy.csv,2026-09-28T22:52:30.344Z,{}
solar,solar--levelized-cost-of-energy-poland-onshore-wind,Poland · Onshore wind,Poland,Onshore wind,2006-12-31,2006,year,2006-01-01,0.13960008,USD 2025 / kWh,annual,observed,https://ourworldindata.org/grapher/levelized-cost-of-energy.csv,2026-09-28T22:52:30.344Z,{}
solar,solar--levelized-cost-of-energy-poland-solar-photovoltaic,Poland · Solar photovoltaic,Poland,Solar photovoltaic,2006-12-31,2006,year,2006-01-01,,USD 2025 / kWh,annual,observed,https://ourworldindata.org/grapher/levelized-cost-of-energy.csv,2026-09-28T22:52:30.344Z,{}
solar,solar--levelized-cost-of-energy-portugal-onshore-wind,Portugal · Onshore wind,Portugal,Onshore wind,2006-12-31,2006,year,2006-01-01,0.113594405,USD 2025 / kWh,annual,observed,https://ourworldindata.org/grapher/levelized-cost-of-energy.csv,2026-09-28T22:52:30.344Z,{}
solar,solar--levelized-cost-of-energy-portugal-solar-photovoltaic,Portugal · Solar photovoltaic,Portugal,Solar photovoltaic,2006-12-31,2006,year,2006-01-01,,USD 2025 / kWh,annual,observed,https://ourworldindata.org/grapher/levelized-cost-of-energy.csv,2026-09-28T22:52:30.344Z,{}
solar,solar--levelized-cost-of-energy-south-korea-onshore-wind,South Korea · Onshore wind,South Korea,Onshore wind,2006-12-31,2006,year,2006-01-01,0.1504665,USD 2025 / kWh,annual,observed,https://ourworldindata.org/grapher/levelized-cost-of-energy.csv,2026-09-28T22:52:30.344Z,{}
solar,solar--levelized-cost-of-energy-south-korea-solar-photovoltaic,South Korea · Solar photovoltaic,South Korea,Solar photovoltaic,2006-12-31,2006,year,2006-01-01,,USD 2025 / kWh,annual,observed,https://ourworldindata.org/grapher/levelized-cost-of-energy.csv,2026-09-28T22:52:30.344Z,{}
solar,solar--levelized-cost-of-energy-spain-onshore-wind,Spain · Onshore wind,Spain,Onshore wind,2006-12-31,2006,year,2006-01-01,0.119541794,USD 2025 / kWh,annual,observed,https://ourworldindata.org/grapher/levelized-cost-of-energy.csv,2026-09-28T22:52:30.344Z,{}
solar,solar--levelized-cost-of-energy-spain-solar-photovoltaic,Spain · Solar photovoltaic,Spain,Solar photovoltaic,2006-12-31,2006,year,2006-01-01,,USD 2025 / kWh,annual,observed,https://ourworldindata.org/grapher/levelized-cost-of-energy.csv,2026-09-28T22:52:30.344Z,{}
solar,solar--levelized-cost-of-energy-sweden-onshore-wind,Sweden · Onshore wind,Sweden,Onshore wind,2006-12-31,2006,year,2006-01-01,0.16470474,USD 2025 / kWh,annual,observed,https://ourworldindata.org/grapher/levelized-cost-of-energy.csv,2026-09-28T22:52:30.344Z,{}
solar,solar--levelized-cost-of-energy-united-kingdom-onshore-wind,United Kingdom · Onshore wind,United Kingdom,Onshore wind,2006-12-31,2006,year,2006-01-01,0.15185076,USD 2025 / kWh,annual,observed,https://ourworldindata.org/grapher/levelized-cost-of-energy.csv,2026-09-28T22:52:30.344Z,{}
solar,solar--levelized-cost-of-energy-united-kingdom-solar-photovoltaic,United Kingdom · Solar photovoltaic,United Kingdom,Solar photovoltaic,2006-12-31,2006,year,2006-01-01,,USD 2025 / kWh,annual,observed,https://ourworldindata.org/grapher/levelized-cost-of-energy.csv,2026-09-28T22:52:30.344Z,{}
solar,solar--levelized-cost-of-energy-united-states-onshore-wind,United States · Onshore wind,United States,Onshore wind,2006-12-31,2006,year,2006-01-01,0.099747375,USD 2025 / kWh,annual,observed,https://ourworldindata.org/grapher/levelized-cost-of-energy.csv,2026-09-28T22:52:30.344Z,{}
solar,solar--levelized-cost-of-energy-united-states-solar-photovoltaic,United States · Solar photovoltaic,United States,Solar photovoltaic,2006-12-31,2006,year,2006-01-01,,USD 2025 / kWh,annual,observed,https://ourworldindata.org/grapher/levelized-cost-of-energy.csv,2026-09-28T22:52:30.344Z,{}
solar,solar--levelized-cost-of-energy-world-bioenergy,Bioenergy,World,Bioenergy,2006-12-31,2006,year,2006-01-01,,USD 2025 / kWh,annual,observed,https://ourworldindata.org/grapher/levelized-cost-of-energy.csv,2026-09-28T22:52:30.344Z,{}
solar,solar--levelized-cost-of-energy-world-concentrated-solar-power,Concentrated solar power,World,Concentrated solar power,2006-12-31,2006,year,2006-01-01,,USD 2025 / kWh,annual,observed,https://ourworldindata.org/grapher/levelized-cost-of-energy.csv,2026-09-28T22:52:30.344Z,{}
solar,solar--levelized-cost-of-energy-world-geothermal,Geothermal,World,Geothermal,2006-12-31,2006,year,2006-01-01,,USD 2025 / kWh,annual,observed,https://ourworldindata.org/grapher/levelized-cost-of-energy.csv,2026-09-28T22:52:30.344Z,{}
solar,solar--levelized-cost-of-energy-world-hydropower,Hydropower,World,Hydropower,2006-12-31,2006,year,2006-01-01,,USD 2025 / kWh,annual,observed,https://ourworldindata.org/grapher/levelized-cost-of-energy.csv,2026-09-28T22:52:30.344Z,{}
solar,solar--levelized-cost-of-energy-world-offshore-wind,Offshore wind,World,Offshore wind,2006-12-31,2006,year,2006-01-01,0.16542275,USD 2025 / kWh,annual,observed,https://ourworldindata.org/grapher/levelized-cost-of-energy.csv,2026-09-28T22:52:30.344Z,{}
solar,solar--levelized-cost-of-energy-world-onshore-wind,Onshore wind,World,Onshore wind,2006-12-31,2006,year,2006-01-01,0.12805125,USD 2025 / kWh,annual,observed,https://ourworldindata.org/grapher/levelized-cost-of-energy.csv,2026-09-28T22:52:30.344Z,{}
solar,solar--levelized-cost-of-energy-world-solar-photovoltaic,Solar photovoltaic,World,Solar photovoltaic,2006-12-31,2006,year,2006-01-01,,USD 2025 / kWh,annual,observed,https://ourworldindata.org/grapher/levelized-cost-of-energy.csv,2026-09-28T22:52:30.344Z,{}
solar,solar--levelized-cost-of-energy-australia-onshore-wind,Australia · Onshore wind,Australia,Onshore wind,2007-12-31,2007,year,2007-01-01,0.08690321,USD 2025 / kWh,annual,observed,https://ourworldindata.org/grapher/levelized-cost-of-energy.csv,2026-09-28T22:52:30.344Z,{}
solar,solar--levelized-cost-of-energy-australia-solar-photovoltaic,Australia · Solar photovoltaic,Australia,Solar photovoltaic,2007-12-31,2007,year,2007-01-01,,USD 2025 / kWh,annual,observed,https://ourworldindata.org/grapher/levelized-cost-of-energy.csv,2026-09-28T22:52:30.344Z,{}
solar,solar--levelized-cost-of-energy-brazil-onshore-wind,Brazil · Onshore wind,Brazil,Onshore wind,2007-12-31,2007,year,2007-01-01,0.11174048,USD 2025 / kWh,annual,observed,https://ourworldindata.org/grapher/levelized-cost-of-energy.csv,2026-09-28T22:52:30.344Z,{}
solar,solar--levelized-cost-of-energy-brazil-solar-photovoltaic,Brazil · Solar photovoltaic,Brazil,Solar photovoltaic,2007-12-31,2007,year,2007-01-01,,USD 2025 / kWh,annual,observed,https://ourworldindata.org/grapher/levelized-cost-of-energy.csv,2026-09-28T22:52:30.344Z,{}
solar,solar--levelized-cost-of-energy-canada-onshore-wind,Canada · Onshore wind,Canada,Onshore wind,2007-12-31,2007,year,2007-01-01,0.11194973,USD 2025 / kWh,annual,observed,https://ourworldindata.org/grapher/levelized-cost-of-energy.csv,2026-09-28T22:52:30.344Z,{}
solar,solar--levelized-cost-of-energy-canada-solar-photovoltaic,Canada · Solar photovoltaic,Canada,Solar photovoltaic,2007-12-31,2007,year,2007-01-01,,USD 2025 / kWh,annual,observed,https://ourworldindata.org/grapher/levelized-cost-of-energy.csv,2026-09-28T22:52:30.344Z,{}
solar,solar--levelized-cost-of-energy-china-onshore-wind,China · Onshore wind,China,Onshore wind,2007-12-31,2007,year,2007-01-01,0.096896864,USD 2025 / kWh,annual,observed,https://ourworldindata.org/grapher/levelized-cost-of-energy.csv,2026-09-28T22:52:30.344Z,{}
solar,solar--levelized-cost-of-energy-china-solar-photovoltaic,China · Solar photovoltaic,China,Solar photovoltaic,2007-12-31,2007,year,2007-01-01,,USD 2025 / kWh,annual,observed,https://ourworldindata.org/grapher/levelized-cost-of-energy.csv,2026-09-28T22:52:30.344Z,{}
solar,solar--levelized-cost-of-energy-dominican-republic-onshore-wind,Dominican Republic · Onshore wind,Dominican Republic,Onshore wind,2007-12-31,2007,year,2007-01-01,0.11157825,USD 2025 / kWh,annual,observed,https://ourworldindata.org/grapher/levelized-cost-of-energy.csv,2026-09-28T22:52:30.344Z,{}
solar,solar--levelized-cost-of-energy-egypt-onshore-wind,Egypt · Onshore wind,Egypt,Onshore wind,2007-12-31,2007,year,2007-01-01,0.053881653,USD 2025 / kWh,annual,observed,https://ourworldindata.org/grapher/levelized-cost-of-energy.csv,2026-09-28T22:52:30.344Z,{}
solar,solar--levelized-cost-of-energy-france-onshore-wind,France · Onshore wind,France,Onshore wind,2007-12-31,2007,year,2007-01-01,0.13543598,USD 2025 / kWh,annual,observed,https://ourworldindata.org/grapher/levelized-cost-of-energy.csv,2026-09-28T22:52:30.344Z,{}
solar,solar--levelized-cost-of-energy-france-solar-photovoltaic,France · Solar photovoltaic,France,Solar photovoltaic,2007-12-31,2007,year,2007-01-01,,USD 2025 / kWh,annual,observed,https://ourworldindata.org/grapher/levelized-cost-of-energy.csv,2026-09-28T22:52:30.344Z,{}
solar,solar--levelized-cost-of-energy-germany-onshore-wind,Germany · Onshore wind,Germany,Onshore wind,2007-12-31,2007,year,2007-01-01,0.15520753,USD 2025 / kWh,annual,observed,https://ourworldindata.org/grapher/levelized-cost-of-energy.csv,2026-09-28T22:52:30.344Z,{}
solar,solar--levelized-cost-of-energy-germany-solar-photovoltaic,Germany · Solar photovoltaic,Germany,Solar photovoltaic,2007-12-31,2007,year,2007-01-01,,USD 2025 / kWh,annual,observed,https://ourworldindata.org/grapher/levelized-cost-of-energy.csv,2026-09-28T22:52:30.344Z,{}
solar,solar--levelized-cost-of-energy-india-onshore-wind,India · Onshore wind,India,Onshore wind,2007-12-31,2007,year,2007-01-01,0.11968868,USD 2025 / kWh,annual,observed,https://ourworldindata.org/grapher/levelized-cost-of-energy.csv,2026-09-28T22:52:30.344Z,{}
solar,solar--levelized-cost-of-energy-india-solar-photovoltaic,India · Solar photovoltaic,India,Solar photovoltaic,2007-12-31,2007,year,2007-01-01,,USD 2025 / kWh,annual,observed,https://ourworldindata.org/grapher/levelized-cost-of-energy.csv,2026-09-28T22:52:30.344Z,{}
solar,solar--levelized-cost-of-energy-italy-onshore-wind,Italy · Onshore wind,Italy,Onshore wind,2007-12-31,2007,year,2007-01-01,0.14592503,USD 2025 / kWh,annual,observed,https://ourworldindata.org/grapher/levelized-cost-of-energy.csv,2026-09-28T22:52:30.344Z,{}
solar,solar--levelized-cost-of-energy-italy-solar-photovoltaic,Italy · Solar photovoltaic,Italy,Solar photovoltaic,2007-12-31,2007,year,2007-01-01,,USD 2025 / kWh,annual,observed,https://ourworldindata.org/grapher/levelized-cost-of-energy.csv,2026-09-28T22:52:30.344Z,{}
solar,solar--levelized-cost-of-energy-mexico-onshore-wind,Mexico · Onshore wind,Mexico,Onshore wind,2007-12-31,2007,year,2007-01-01,0.07197102,USD 2025 / kWh,annual,observed,https://ourworldindata.org/grapher/levelized-cost-of-energy.csv,2026-09-28T22:52:30.344Z,{}
solar,solar--levelized-cost-of-energy-mexico-solar-photovoltaic,Mexico · Solar photovoltaic,Mexico,Solar photovoltaic,2007-12-31,2007,year,2007-01-01,,USD 2025 / kWh,annual,observed,https://ourworldindata.org/grapher/levelized-cost-of-energy.csv,2026-09-28T22:52:30.344Z,{}
solar,solar--levelized-cost-of-energy-morocco-onshore-wind,Morocco · Onshore wind,Morocco,Onshore wind,2007-12-31,2007,year,2007-01-01,0.08797487,USD 2025 / kWh,annual,observed,https://ourworldindata.org/grapher/levelized-cost-of-energy.csv,2026-09-28T22:52:30.344Z,{}
solar,solar--levelized-cost-of-energy-netherlands-onshore-wind,Netherlands · Onshore wind,Netherlands,Onshore wind,2007-12-31,2007,year,2007-01-01,0.15913884,USD 2025 / kWh,annual,observed,https://ourworldindata.org/grapher/levelized-cost-of-energy.csv,2026-09-28T22:52:30.344Z,{}
solar,solar--levelized-cost-of-energy-netherlands-solar-photovoltaic,Netherlands · Solar photovoltaic,Netherlands,Solar photovoltaic,2007-12-31,2007,year,2007-01-01,,USD 2025 / kWh,annual,observed,https://ourworldindata.org/grapher/levelized-cost-of-energy.csv,2026-09-28T22:52:30.344Z,{}
solar,solar--levelized-cost-of-energy-poland-onshore-wind,Poland · Onshore wind,Poland,Onshore wind,2007-12-31,2007,year,2007-01-01,0.113890156,USD 2025 / kWh,annual,observed,https://ourworldindata.org/grapher/levelized-cost-of-energy.csv,2026-09-28T22:52:30.344Z,{}
solar,solar--levelized-cost-of-energy-poland-solar-photovoltaic,Poland · Solar photovoltaic,Poland,Solar photovoltaic,2007-12-31,2007,year,2007-01-01,,USD 2025 / kWh,annual,observed,https://ourworldindata.org/grapher/levelized-cost-of-energy.csv,2026-09-28T22:52:30.344Z,{}
solar,solar--levelized-cost-of-energy-portugal-onshore-wind,Portugal · Onshore wind,Portugal,Onshore wind,2007-12-31,2007,year,2007-01-01,0.12858506,USD 2025 / kWh,annual,observed,https://ourworldindata.org/grapher/levelized-cost-of-energy.csv,2026-09-28T22:52:30.344Z,{}
solar,solar--levelized-cost-of-energy-portugal-solar-photovoltaic,Portugal · Solar photovoltaic,Portugal,Solar photovoltaic,2007-12-31,2007,year,2007-01-01,,USD 2025 / kWh,annual,observed,https://ourworldindata.org/grapher/levelized-cost-of-energy.csv,2026-09-28T22:52:30.344Z,{}
solar,solar--levelized-cost-of-energy-south-korea-onshore-wind,South Korea · Onshore wind,South Korea,Onshore wind,2007-12-31,2007,year,2007-01-01,0.12049055,USD 2025 / kWh,annual,observed,https://ourworldindata.org/grapher/levelized-cost-of-energy.csv,2026-09-28T22:52:30.344Z,{}
solar,solar--levelized-cost-of-energy-south-korea-solar-photovoltaic,South Korea · Solar photovoltaic,South Korea,Solar photovoltaic,2007-12-31,2007,year,2007-01-01,,USD 2025 / kWh,annual,observed,https://ourworldindata.org/grapher/levelized-cost-of-energy.csv,2026-09-28T22:52:30.344Z,{}
solar,solar--levelized-cost-of-energy-spain-onshore-wind,Spain · Onshore wind,Spain,Onshore wind,2007-12-31,2007,year,2007-01-01,0.13894987,USD 2025 / kWh,annual,observed,https://ourworldindata.org/grapher/levelized-cost-of-energy.csv,2026-09-28T22:52:30.344Z,{}
solar,solar--levelized-cost-of-energy-spain-solar-photovoltaic,Spain · Solar photovoltaic,Spain,Solar photovoltaic,2007-12-31,2007,year,2007-01-01,,USD 2025 / kWh,annual,observed,https://ourworldindata.org/grapher/levelized-cost-of-energy.csv,2026-09-28T22:52:30.344Z,{}
solar,solar--levelized-cost-of-energy-sweden-onshore-wind,Sweden · Onshore wind,Sweden,Onshore wind,2007-12-31,2007,year,2007-01-01,0.14918594,USD 2025 / kWh,annual,observed,https://ourworldindata.org/grapher/levelized-cost-of-energy.csv,2026-09-28T22:52:30.344Z,{}
solar,solar--levelized-cost-of-energy-united-kingdom-onshore-wind,United Kingdom · Onshore wind,United Kingdom,Onshore wind,2007-12-31,2007,year,2007-01-01,0.14407001,USD 2025 / kWh,annual,observed,https://ourworldindata.org/grapher/levelized-cost-of-energy.csv,2026-09-28T22:52:30.344Z,{}
solar,solar--levelized-cost-of-energy-united-kingdom-solar-photovoltaic,United Kingdom · Solar photovoltaic,United Kingdom,Solar photovoltaic,2007-12-31,2007,year,2007-01-01,,USD 2025 / kWh,annual,observed,https://ourworldindata.org/grapher/levelized-cost-of-energy.csv,2026-09-28T22:52:30.344Z,{}
solar,solar--levelized-cost-of-energy-united-states-onshore-wind,United States · Onshore wind,United States,Onshore wind,2007-12-31,2007,year,2007-01-01,0.098660305,USD 2025 / kWh,annual,observed,https://ourworldindata.org/grapher/levelized-cost-of-energy.csv,2026-09-28T22:52:30.344Z,{}
solar,solar--levelized-cost-of-energy-united-states-solar-photovoltaic,United States · Solar photovoltaic,United States,Solar photovoltaic,2007-12-31,2007,year,2007-01-01,,USD 2025 / kWh,annual,observed,https://ourworldindata.org/grapher/levelized-cost-of-energy.csv,2026-09-28T22:52:30.344Z,{}
solar,solar--levelized-cost-of-energy-world-bioenergy,Bioenergy,World,Bioenergy,2007-12-31,2007,year,2007-01-01,,USD 2025 / kWh,annual,observed,https://ourworldindata.org/grapher/levelized-cost-of-energy.csv,2026-09-28T22:52:30.344Z,{}
solar,solar--levelized-cost-of-energy-world-concentrated-solar-power,Concentrated solar power,World,Concentrated solar power,2007-12-31,2007,year,2007-01-01,,USD 2025 / kWh,annual,observed,https://ourworldindata.org/grapher/levelized-cost-of-energy.csv,2026-09-28T22:52:30.344Z,{}
solar,solar--levelized-cost-of-energy-world-geothermal,Geothermal,World,Geothermal,2007-12-31,2007,year,2007-01-01,0.056721635,USD 2025 / kWh,annual,observed,https://ourworldindata.org/grapher/levelized-cost-of-energy.csv,2026-09-28T22:52:30.344Z,{}
solar,solar--levelized-cost-of-energy-world-hydropower,Hydropower,World,Hydropower,2007-12-31,2007,year,2007-01-01,,USD 2025 / kWh,annual,observed,https://ourworldindata.org/grapher/levelized-cost-of-energy.csv,2026-09-28T22:52:30.344Z,{}
solar,solar--levelized-cost-of-energy-world-offshore-wind,Offshore wind,World,Offshore wind,2007-12-31,2007,year,2007-01-01,0.23655395,USD 2025 / kWh,annual,observed,https://ourworldindata.org/grapher/levelized-cost-of-energy.csv,2026-09-28T22:52:30.344Z,{}
solar,solar--levelized-cost-of-energy-world-onshore-wind,Onshore wind,World,Onshore wind,2007-12-31,2007,year,2007-01-01,0.11661135,USD 2025 / kWh,annual,observed,https://ourworldindata.org/grapher/levelized-cost-of-energy.csv,2026-09-28T22:52:30.344Z,{}
solar,solar--levelized-cost-of-energy-world-solar-photovoltaic,Solar photovoltaic,World,Solar photovoltaic,2007-12-31,2007,year,2007-01-01,,USD 2025 / kWh,annual,observed,https://ourworldindata.org/grapher/levelized-cost-of-energy.csv,2026-09-28T22:52:30.344Z,{}
solar,solar--levelized-cost-of-energy-argentina-onshore-wind,Argentina · Onshore wind,Argentina,Onshore wind,2008-12-31,2008,year,2008-01-01,0.1927445,USD 2025 / kWh,annual,observed,https://ourworldindata.org/grapher/levelized-cost-of-energy.csv,2026-09-28T22:52:30.344Z,{}
solar,solar--levelized-cost-of-energy-australia-onshore-wind,Australia · Onshore wind,Australia,Onshore wind,2008-12-31,2008,year,2008-01-01,0.11561385,USD 2025 / kWh,annual,observed,https://ourworldindata.org/grapher/levelized-cost-of-energy.csv,2026-09-28T22:52:30.344Z,{}
solar,solar--levelized-cost-of-energy-australia-solar-photovoltaic,Australia · Solar photovoltaic,Australia,Solar photovoltaic,2008-12-31,2008,year,2008-01-01,,USD 2025 / kWh,annual,observed,https://ourworldindata.org/grapher/levelized-cost-of-energy.csv,2026-09-28T22:52:30.344Z,{}
solar,solar--levelized-cost-of-energy-brazil-onshore-wind,Brazil · Onshore wind,Brazil,Onshore wind,2008-12-31,2008,year,2008-01-01,0.09041523,USD 2025 / kWh,annual,observed,https://ourworldindata.org/grapher/levelized-cost-of-energy.csv,2026-09-28T22:52:30.344Z,{}
solar,solar--levelized-cost-of-energy-brazil-solar-photovoltaic,Brazil · Solar photovoltaic,Brazil,Solar photovoltaic,2008-12-31,2008,year,2008-01-01,,USD 2025 / kWh,annual,observed,https://ourworldindata.org/grapher/levelized-cost-of-energy.csv,2026-09-28T22:52:30.344Z,{}
solar,solar--levelized-cost-of-energy-canada-onshore-wind,Canada · Onshore wind,Canada,Onshore wind,2008-12-31,2008,year,2008-01-01,0.114329666,USD 2025 / kWh,annual,observed,https://ourworldindata.org/grapher/levelized-cost-of-energy.csv,2026-09-28T22:52:30.344Z,{}
solar,solar--levelized-cost-of-energy-canada-solar-photovoltaic,Canada · Solar photovoltaic,Canada,Solar photovoltaic,2008-12-31,2008,year,2008-01-01,,USD 2025 / kWh,annual,observed,https://ourworldindata.org/grapher/levelized-cost-of-energy.csv,2026-09-28T22:52:30.344Z,{}
solar,solar--levelized-cost-of-energy-china-onshore-wind,China · Onshore wind,China,Onshore wind,2008-12-31,2008,year,2008-01-01,0.10254036,USD 2025 / kWh,annual,observed,https://ourworldindata.org/grapher/levelized-cost-of-energy.csv,2026-09-28T22:52:30.344Z,{}
solar,solar--levelized-cost-of-energy-china-solar-photovoltaic,China · Solar photovoltaic,China,Solar photovoltaic,2008-12-31,2008,year,2008-01-01,,USD 2025 / kWh,annual,observed,https://ourworldindata.org/grapher/levelized-cost-of-energy.csv,2026-09-28T22:52:30.344Z,{}
solar,solar--levelized-cost-of-energy-croatia-onshore-wind,Croatia · Onshore wind,Croatia,Onshore wind,2008-12-31,2008,year,2008-01-01,0.22772539,USD 2025 / kWh,annual,observed,https://ourworldindata.org/grapher/levelized-cost-of-energy.csv,2026-09-28T22:52:30.344Z,{}
solar,solar--levelized-cost-of-energy-denmark-onshore-wind,Denmark · Onshore wind,Denmark,Onshore wind,2008-12-31,2008,year,2008-01-01,0.13575988,USD 2025 / kWh,annual,observed,https://ourworldindata.org/grapher/levelized-cost-of-energy.csv,2026-09-28T22:52:30.344Z,{}
solar,solar--levelized-cost-of-energy-france-onshore-wind,France · Onshore wind,France,Onshore wind,2008-12-31,2008,year,2008-01-01,0.18241002,USD 2025 / kWh,annual,observed,https://ourworldindata.org/grapher/levelized-cost-of-energy.csv,2026-09-28T22:52:30.344Z,{}
solar,solar--levelized-cost-of-energy-france-solar-photovoltaic,France · Solar photovoltaic,France,Solar photovoltaic,2008-12-31,2008,year,2008-01-01,,USD 2025 / kWh,annual,observed,https://ourworldindata.org/grapher/levelized-cost-of-energy.csv,2026-09-28T22:52:30.344Z,{}
solar,solar--levelized-cost-of-energy-germany-onshore-wind,Germany · Onshore wind,Germany,Onshore wind,2008-12-31,2008,year,2008-01-01,0.18654375,USD 2025 / kWh,annual,observed,https://ourworldindata.org/grapher/levelized-cost-of-energy.csv,2026-09-28T22:52:30.344Z,{}
solar,solar--levelized-cost-of-energy-germany-solar-photovoltaic,Germany · Solar photovoltaic,Germany,Solar photovoltaic,2008-12-31,2008,year,2008-01-01,,USD 2025 / kWh,annual,observed,https://ourworldindata.org/grapher/levelized-cost-of-energy.csv,2026-09-28T22:52:30.344Z,{}
solar,solar--levelized-cost-of-energy-india-onshore-wind,India · Onshore wind,India,Onshore wind,2008-12-31,2008,year,2008-01-01,0.12699059,USD 2025 / kWh,annual,observed,https://ourworldindata.org/grapher/levelized-cost-of-energy.csv,2026-09-28T22:52:30.344Z,{}
solar,solar--levelized-cost-of-energy-india-solar-photovoltaic,India · Solar photovoltaic,India,Solar photovoltaic,2008-12-31,2008,year,2008-01-01,,USD 2025 / kWh,annual,observed,https://ourworldindata.org/grapher/levelized-cost-of-energy.csv,2026-09-28T22:52:30.344Z,{}
solar,solar--levelized-cost-of-energy-italy-onshore-wind,Italy · Onshore wind,Italy,Onshore wind,2008-12-31,2008,year,2008-01-01,0.15613618,USD 2025 / kWh,annual,observed,https://ourworldindata.org/grapher/levelized-cost-of-energy.csv,2026-09-28T22:52:30.344Z,{}
solar,solar--levelized-cost-of-energy-italy-solar-photovoltaic,Italy · Solar photovoltaic,Italy,Solar photovoltaic,2008-12-31,2008,year,2008-01-01,,USD 2025 / kWh,annual,observed,https://ourworldindata.org/grapher/levelized-cost-of-energy.csv,2026-09-28T22:52:30.344Z,{}
solar,solar--levelized-cost-of-energy-mexico-onshore-wind,Mexico · Onshore wind,Mexico,Onshore wind,2008-12-31,2008,year,2008-01-01,0.063288145,USD 2025 / kWh,annual,observed,https://ourworldindata.org/grapher/levelized-cost-of-energy.csv,2026-09-28T22:52:30.344Z,{}
solar,solar--levelized-cost-of-energy-mexico-solar-photovoltaic,Mexico · Solar photovoltaic,Mexico,Solar photovoltaic,2008-12-31,2008,year,2008-01-01,,USD 2025 / kWh,annual,observed,https://ourworldindata.org/grapher/levelized-cost-of-energy.csv,2026-09-28T22:52:30.344Z,{}
solar,solar--levelized-cost-of-energy-netherlands-onshore-wind,Netherlands · Onshore wind,Netherlands,Onshore wind,2008-12-31,2008,year,2008-01-01,0.10690943,USD 2025 / kWh,annual,observed,https://ourworldindata.org/grapher/levelized-cost-of-energy.csv,2026-09-28T22:52:30.344Z,{}
solar,solar--levelized-cost-of-energy-netherlands-solar-photovoltaic,Netherlands · Solar photovoltaic,Netherlands,Solar photovoltaic,2008-12-31,2008,year,2008-01-01,,USD 2025 / kWh,annual,observed,https://ourworldindata.org/grapher/levelized-cost-of-energy.csv,2026-09-28T22:52:30.344Z,{}
solar,solar--levelized-cost-of-energy-poland-onshore-wind,Poland · Onshore wind,Poland,Onshore wind,2008-12-31,2008,year,2008-01-01,0.0653099,USD 2025 / kWh,annual,observed,https://ourworldindata.org/grapher/levelized-cost-of-energy.csv,2026-09-28T22:52:30.344Z,{}
solar,solar--levelized-cost-of-energy-poland-solar-photovoltaic,Poland · Solar photovoltaic,Poland,Solar photovoltaic,2008-12-31,2008,year,2008-01-01,,USD 2025 / kWh,annual,observed,https://ourworldindata.org/grapher/levelized-cost-of-energy.csv,2026-09-28T22:52:30.344Z,{}
solar,solar--levelized-cost-of-energy-portugal-onshore-wind,Portugal · Onshore wind,Portugal,Onshore wind,2008-12-31,2008,year,2008-01-01,0.11554304,USD 2025 / kWh,annual,observed,https://ourworldindata.org/grapher/levelized-cost-of-energy.csv,2026-09-28T22:52:30.344Z,{}
solar,solar--levelized-cost-of-energy-portugal-solar-photovoltaic,Portugal · Solar photovoltaic,Portugal,Solar photovoltaic,2008-12-31,2008,year,2008-01-01,,USD 2025 / kWh,annual,observed,https://ourworldindata.org/grapher/levelized-cost-of-energy.csv,2026-09-28T22:52:30.344Z,{}
solar,solar--levelized-cost-of-energy-south-africa-onshore-wind,South Africa · Onshore wind,South Africa,Onshore wind,2008-12-31,2008,year,2008-01-01,0.12175355,USD 2025 / kWh,annual,observed,https://ourworldindata.org/grapher/levelized-cost-of-energy.csv,2026-09-28T22:52:30.344Z,{}
solar,solar--levelized-cost-of-energy-south-africa-solar-photovoltaic,South Africa · Solar photovoltaic,South Africa,Solar photovoltaic,2008-12-31,2008,year,2008-01-01,,USD 2025 / kWh,annual,observed,https://ourworldindata.org/grapher/levelized-cost-of-energy.csv,2026-09-28T22:52:30.344Z,{}
solar,solar--levelized-cost-of-energy-south-korea-onshore-wind,South Korea · Onshore wind,South Korea,Onshore wind,2008-12-31,2008,year,2008-01-01,0.13753499,USD 2025 / kWh,annual,observed,https://ourworldindata.org/grapher/levelized-cost-of-energy.csv,2026-09-28T22:52:30.344Z,{}
solar,solar--levelized-cost-of-energy-south-korea-solar-photovoltaic,South Korea · Solar photovoltaic,South Korea,Solar photovoltaic,2008-12-31,2008,year,2008-01-01,,USD 2025 / kWh,annual,observed,https://ourworldindata.org/grapher/levelized-cost-of-energy.csv,2026-09-28T22:52:30.344Z,{}
solar,solar--levelized-cost-of-energy-spain-onshore-wind,Spain · Onshore wind,Spain,Onshore wind,2008-12-31,2008,year,2008-01-01,0.13684589,USD 2025 / kWh,annual,observed,https://ourworldindata.org/grapher/levelized-cost-of-energy.csv,2026-09-28T22:52:30.344Z,{}
solar,solar--levelized-cost-of-energy-spain-solar-photovoltaic,Spain · Solar photovoltaic,Spain,Solar photovoltaic,2008-12-31,2008,year,2008-01-01,,USD 2025 / kWh,annual,observed,https://ourworldindata.org/grapher/levelized-cost-of-energy.csv,2026-09-28T22:52:30.344Z,{}
solar,solar--levelized-cost-of-energy-sweden-onshore-wind,Sweden · Onshore wind,Sweden,Onshore wind,2008-12-31,2008,year,2008-01-01,0.16920725,USD 2025 / kWh,annual,observed,https://ourworldindata.org/grapher/levelized-cost-of-energy.csv,2026-09-28T22:52:30.344Z,{}
solar,solar--levelized-cost-of-energy-united-kingdom-onshore-wind,United Kingdom · Onshore wind,United Kingdom,Onshore wind,2008-12-31,2008,year,2008-01-01,0.15859364,USD 2025 / kWh,annual,observed,https://ourworldindata.org/grapher/levelized-cost-of-energy.csv,2026-09-28T22:52:30.344Z,{}
solar,solar--levelized-cost-of-energy-united-kingdom-solar-photovoltaic,United Kingdom · Solar photovoltaic,United Kingdom,Solar photovoltaic,2008-12-31,2008,year,2008-01-01,,USD 2025 / kWh,annual,observed,https://ourworldindata.org/grapher/levelized-cost-of-energy.csv,2026-09-28T22:52:30.344Z,{}
solar,solar--levelized-cost-of-energy-united-states-onshore-wind,United States · Onshore wind,United States,Onshore wind,2008-12-31,2008,year,2008-01-01,0.11261807,USD 2025 / kWh,annual,observed,https://ourworldindata.org/grapher/levelized-cost-of-energy.csv,2026-09-28T22:52:30.344Z,{}
solar,solar--levelized-cost-of-energy-united-states-solar-photovoltaic,United States · Solar photovoltaic,United States,Solar photovoltaic,2008-12-31,2008,year,2008-01-01,,USD 2025 / kWh,annual,observed,https://ourworldindata.org/grapher/levelized-cost-of-energy.csv,2026-09-28T22:52:30.344Z,{}
solar,solar--levelized-cost-of-energy-world-bioenergy,Bioenergy,World,Bioenergy,2008-12-31,2008,year,2008-01-01,,USD 2025 / kWh,annual,observed,https://ourworldindata.org/grapher/levelized-cost-of-energy.csv,2026-09-28T22:52:30.344Z,{}
solar,solar--levelized-cost-of-energy-world-concentrated-solar-power,Concentrated solar power,World,Concentrated solar power,2008-12-31,2008,year,2008-01-01,,USD 2025 / kWh,annual,observed,https://ourworldindata.org/grapher/levelized-cost-of-energy.csv,2026-09-28T22:52:30.344Z,{}
solar,solar--levelized-cost-of-energy-world-geothermal,Geothermal,World,Geothermal,2008-12-31,2008,year,2008-01-01,0.063138634,USD 2025 / kWh,annual,observed,https://ourworldindata.org/grapher/levelized-cost-of-energy.csv,2026-09-28T22:52:30.344Z,{}
solar,solar--levelized-cost-of-energy-world-hydropower,Hydropower,World,Hydropower,2008-12-31,2008,year,2008-01-01,,USD 2025 / kWh,annual,observed,https://ourworldindata.org/grapher/levelized-cost-of-energy.csv,2026-09-28T22:52:30.344Z,{}
solar,solar--levelized-cost-of-energy-world-offshore-wind,Offshore wind,World,Offshore wind,2008-12-31,2008,year,2008-01-01,0.23925008,USD 2025 / kWh,annual,observed,https://ourworldindata.org/grapher/levelized-cost-of-energy.csv,2026-09-28T22:52:30.344Z,{}
solar,solar--levelized-cost-of-energy-world-onshore-wind,Onshore wind,World,Onshore wind,2008-12-31,2008,year,2008-01-01,0.122769095,USD 2025 / kWh,annual,observed,https://ourworldindata.org/grapher/levelized-cost-of-energy.csv,2026-09-28T22:52:30.344Z,{}
solar,solar--levelized-cost-of-energy-world-solar-photovoltaic,Solar photovoltaic,World,Solar photovoltaic,2008-12-31,2008,year,2008-01-01,,USD 2025 / kWh,annual,observed,https://ourworldindata.org/grapher/levelized-cost-of-energy.csv,2026-09-28T22:52:30.344Z,{}
solar,solar--levelized-cost-of-energy-argentina-onshore-wind,Argentina · Onshore wind,Argentina,Onshore wind,2009-12-31,2009,year,2009-01-01,0.10860874,USD 2025 / kWh,annual,observed,https://ourworldindata.org/grapher/levelized-cost-of-energy.csv,2026-09-28T22:52:30.344Z,{}
solar,solar--levelized-cost-of-energy-australia-onshore-wind,Australia · Onshore wind,Australia,Onshore wind,2009-12-31,2009,year,2009-01-01,0.087596096,USD 2025 / kWh,annual,observed,https://ourworldindata.org/grapher/levelized-cost-of-energy.csv,2026-09-28T22:52:30.344Z,{}
solar,solar--levelized-cost-of-energy-australia-solar-photovoltaic,Australia · Solar photovoltaic,Australia,Solar photovoltaic,2009-12-31,2009,year,2009-01-01,,USD 2025 / kWh,annual,observed,https://ourworldindata.org/grapher/levelized-cost-of-energy.csv,2026-09-28T22:52:30.344Z,{}
solar,solar--levelized-cost-of-energy-brazil-onshore-wind,Brazil · Onshore wind,Brazil,Onshore wind,2009-12-31,2009,year,2009-01-01,0.12997782,USD 2025 / kWh,annual,observed,https://ourworldindata.org/grapher/levelized-cost-of-energy.csv,2026-09-28T22:52:30.344Z,{}
solar,solar--levelized-cost-of-energy-brazil-solar-photovoltaic,Brazil · Solar photovoltaic,Brazil,Solar photovoltaic,2009-12-31,2009,year,2009-01-01,,USD 2025 / kWh,annual,observed,https://ourworldindata.org/grapher/levelized-cost-of-energy.csv,2026-09-28T22:52:30.344Z,{}
solar,solar--levelized-cost-of-energy-canada-onshore-wind,Canada · Onshore wind,Canada,Onshore wind,2009-12-31,2009,year,2009-01-01,0.113608986,USD 2025 / kWh,annual,observed,https://ourworldindata.org/grapher/levelized-cost-of-energy.csv,2026-09-28T22:52:30.344Z,{}
solar,solar--levelized-cost-of-energy-canada-solar-photovoltaic,Canada · Solar photovoltaic,Canada,Solar photovoltaic,2009-12-31,2009,year,2009-01-01,,USD 2025 / kWh,annual,observed,https://ourworldindata.org/grapher/levelized-cost-of-energy.csv,2026-09-28T22:52:30.344Z,{}
solar,solar--levelized-cost-of-energy-chile-onshore-wind,Chile · Onshore wind,Chile,Onshore wind,2009-12-31,2009,year,2009-01-01,0.22400983,USD 2025 / kWh,annual,observed,https://ourworldindata.org/grapher/levelized-cost-of-energy.csv,2026-09-28T22:52:30.344Z,{}
solar,solar--levelized-cost-of-energy-chile-solar-photovoltaic,Chile · Solar photovoltaic,Chile,Solar photovoltaic,2009-12-31,2009,year,2009-01-01,,USD 2025 / kWh,annual,observed,https://ourworldindata.org/grapher/levelized-cost-of-energy.csv,2026-09-28T22:52:30.344Z,{}
solar,solar--levelized-cost-of-energy-china-onshore-wind,China · Onshore wind,China,Onshore wind,2009-12-31,2009,year,2009-01-01,0.103925325,USD 2025 / kWh,annual,observed,https://ourworldindata.org/grapher/levelized-cost-of-energy.csv,2026-09-28T22:52:30.344Z,{}
solar,solar--levelized-cost-of-energy-china-solar-photovoltaic,China · Solar photovoltaic,China,Solar photovoltaic,2009-12-31,2009,year,2009-01-01,,USD 2025 / kWh,annual,observed,https://ourworldindata.org/grapher/levelized-cost-of-energy.csv,2026-09-28T22:52:30.344Z,{}
solar,solar--levelized-cost-of-energy-costa-rica-onshore-wind,Costa Rica · Onshore wind,Costa Rica,Onshore wind,2009-12-31,2009,year,2009-01-01,0.105339594,USD 2025 / kWh,annual,observed,https://ourworldindata.org/grapher/levelized-cost-of-energy.csv,2026-09-28T22:52:30.344Z,{}
solar,solar--levelized-cost-of-energy-croatia-onshore-wind,Croatia · Onshore wind,Croatia,Onshore wind,2009-12-31,2009,year,2009-01-01,0.17962459,USD 2025 / kWh,annual,observed,https://ourworldindata.org/grapher/levelized-cost-of-energy.csv,2026-09-28T22:52:30.344Z,{}
solar,solar--levelized-cost-of-energy-dominican-republic-onshore-wind,Dominican Republic · Onshore wind,Dominican Republic,Onshore wind,2009-12-31,2009,year,2009-01-01,0.0791434,USD 2025 / kWh,annual,observed,https://ourworldindata.org/grapher/levelized-cost-of-energy.csv,2026-09-28T22:52:30.344Z,{}
solar,solar--levelized-cost-of-energy-france-onshore-wind,France · Onshore wind,France,Onshore wind,2009-12-31,2009,year,2009-01-01,0.15037876,USD 2025 / kWh,annual,observed,https://ourworldindata.org/grapher/levelized-cost-of-energy.csv,2026-09-28T22:52:30.344Z,{}
solar,solar--levelized-cost-of-energy-france-solar-photovoltaic,France · Solar photovoltaic,France,Solar photovoltaic,2009-12-31,2009,year,2009-01-01,,USD 2025 / kWh,annual,observed,https://ourworldindata.org/grapher/levelized-cost-of-energy.csv,2026-09-28T22:52:30.344Z,{}
solar,solar--levelized-cost-of-energy-germany-onshore-wind,Germany · Onshore wind,Germany,Onshore wind,2009-12-31,2009,year,2009-01-01,0.17243625,USD 2025 / kWh,annual,observed,https://ourworldindata.org/grapher/levelized-cost-of-energy.csv,2026-09-28T22:52:30.344Z,{}
solar,solar--levelized-cost-of-energy-germany-solar-photovoltaic,Germany · Solar photovoltaic,Germany,Solar photovoltaic,2009-12-31,2009,year,2009-01-01,,USD 2025 / kWh,annual,observed,https://ourworldindata.org/grapher/levelized-cost-of-energy.csv,2026-09-28T22:52:30.344Z,{}
solar,solar--levelized-cost-of-energy-india-onshore-wind,India · Onshore wind,India,Onshore wind,2009-12-31,2009,year,2009-01-01,0.097643346,USD 2025 / kWh,annual,observed,https://ourworldindata.org/grapher/levelized-cost-of-energy.csv,2026-09-28T22:52:30.344Z,{}
solar,solar--levelized-cost-of-energy-india-solar-photovoltaic,India · Solar photovoltaic,India,Solar photovoltaic,2009-12-31,2009,year,2009-01-01,,USD 2025 / kWh,annual,observed,https://ourworldindata.org/grapher/levelized-cost-of-energy.csv,2026-09-28T22:52:30.344Z,{}
solar,solar--levelized-cost-of-energy-ireland-onshore-wind,Ireland · Onshore wind,Ireland,Onshore wind,2009-12-31,2009,year,2009-01-01,0.1071065,USD 2025 / kWh,annual,observed,https://ourworldindata.org/grapher/levelized-cost-of-energy.csv,2026-09-28T22:52:30.344Z,{}
solar,solar--levelized-cost-of-energy-italy-onshore-wind,Italy · Onshore wind,Italy,Onshore wind,2009-12-31,2009,year,2009-01-01,0.16764794,USD 2025 / kWh,annual,observed,https://ourworldindata.org/grapher/levelized-cost-of-energy.csv,2026-09-28T22:52:30.344Z,{}
solar,solar--levelized-cost-of-energy-italy-solar-photovoltaic,Italy · Solar photovoltaic,Italy,Solar photovoltaic,2009-12-31,2009,year,2009-01-01,,USD 2025 / kWh,annual,observed,https://ourworldindata.org/grapher/levelized-cost-of-energy.csv,2026-09-28T22:52:30.344Z,{}
solar,solar--levelized-cost-of-energy-mexico-onshore-wind,Mexico · Onshore wind,Mexico,Onshore wind,2009-12-31,2009,year,2009-01-01,0.08936026,USD 2025 / kWh,annual,observed,https://ourworldindata.org/grapher/levelized-cost-of-energy.csv,2026-09-28T22:52:30.344Z,{}
solar,solar--levelized-cost-of-energy-mexico-solar-photovoltaic,Mexico · Solar photovoltaic,Mexico,Solar photovoltaic,2009-12-31,2009,year,2009-01-01,,USD 2025 / kWh,annual,observed,https://ourworldindata.org/grapher/levelized-cost-of-energy.csv,2026-09-28T22:52:30.344Z,{}
solar,solar--levelized-cost-of-energy-pakistan-onshore-wind,Pakistan · Onshore wind,Pakistan,Onshore wind,2009-12-31,2009,year,2009-01-01,0.15260194,USD 2025 / kWh,annual,observed,https://ourworldindata.org/grapher/levelized-cost-of-energy.csv,2026-09-28T22:52:30.344Z,{}
solar,solar--levelized-cost-of-energy-portugal-onshore-wind,Portugal · Onshore wind,Portugal,Onshore wind,2009-12-31,2009,year,2009-01-01,0.15463792,USD 2025 / kWh,annual,observed,https://ourworldindata.org/grapher/levelized-cost-of-energy.csv,2026-09-28T22:52:30.344Z,{}
solar,solar--levelized-cost-of-energy-portugal-solar-photovoltaic,Portugal · Solar photovoltaic,Portugal,Solar photovoltaic,2009-12-31,2009,year,2009-01-01,,USD 2025 / kWh,annual,observed,https://ourworldindata.org/grapher/levelized-cost-of-energy.csv,2026-09-28T22:52:30.344Z,{}
solar,solar--levelized-cost-of-energy-south-korea-onshore-wind,South Korea · Onshore wind,South Korea,Onshore wind,2009-12-31,2009,year,2009-01-01,0.11448575,USD 2025 / kWh,annual,observed,https://ourworldindata.org/grapher/levelized-cost-of-energy.csv,2026-09-28T22:52:30.344Z,{}
solar,solar--levelized-cost-of-energy-south-korea-solar-photovoltaic,South Korea · Solar photovoltaic,South Korea,Solar photovoltaic,2009-12-31,2009,year,2009-01-01,,USD 2025 / kWh,annual,observed,https://ourworldindata.org/grapher/levelized-cost-of-energy.csv,2026-09-28T22:52:30.344Z,{}
solar,solar--levelized-cost-of-energy-spain-onshore-wind,Spain · Onshore wind,Spain,Onshore wind,2009-12-31,2009,year,2009-01-01,0.13135393,USD 2025 / kWh,annual,observed,https://ourworldindata.org/grapher/levelized-cost-of-energy.csv,2026-09-28T22:52:30.344Z,{}
solar,solar--levelized-cost-of-energy-spain-solar-photovoltaic,Spain · Solar photovoltaic,Spain,Solar photovoltaic,2009-12-31,2009,year,2009-01-01,,USD 2025 / kWh,annual,observed,https://ourworldindata.org/grapher/levelized-cost-of-energy.csv,2026-09-28T22:52:30.344Z,{}
solar,solar--levelized-cost-of-energy-sweden-onshore-wind,Sweden · Onshore wind,Sweden,Onshore wind,2009-12-31,2009,year,2009-01-01,0.16256332,USD 2025 / kWh,annual,observed,https://ourworldindata.org/grapher/levelized-cost-of-energy.csv,2026-09-28T22:52:30.344Z,{}
solar,solar--levelized-cost-of-energy-turkey-onshore-wind,Turkey · Onshore wind,Turkey,Onshore wind,2009-12-31,2009,year,2009-01-01,0.07673097,USD 2025 / kWh,annual,observed,https://ourworldindata.org/grapher/levelized-cost-of-energy.csv,2026-09-28T22:52:30.344Z,{}
solar,solar--levelized-cost-of-energy-turkey-solar-photovoltaic,Turkey · Solar photovoltaic,Turkey,Solar photovoltaic,2009-12-31,2009,year,2009-01-01,,USD 2025 / kWh,annual,observed,https://ourworldindata.org/grapher/levelized-cost-of-energy.csv,2026-09-28T22:52:30.344Z,{}
solar,solar--levelized-cost-of-energy-united-kingdom-onshore-wind,United Kingdom · Onshore wind,United Kingdom,Onshore wind,2009-12-31,2009,year,2009-01-01,0.087046236,USD 2025 / kWh,annual,observed,https://ourworldindata.org/grapher/levelized-cost-of-energy.csv,2026-09-28T22:52:30.344Z,{}
solar,solar--levelized-cost-of-energy-united-kingdom-solar-photovoltaic,United Kingdom · Solar photovoltaic,United Kingdom,Solar photovoltaic,2009-12-31,2009,year,2009-01-01,,USD 2025 / kWh,annual,observed,https://ourworldindata.org/grapher/levelized-cost-of-energy.csv,2026-09-28T22:52:30.344Z,{}
solar,solar--levelized-cost-of-energy-united-states-onshore-wind,United States · Onshore wind,United States,Onshore wind,2009-12-31,2009,year,2009-01-01,0.12593967,USD 2025 / kWh,annual,observed,https://ourworldindata.org/grapher/levelized-cost-of-energy.csv,2026-09-28T22:52:30.344Z,{}
solar,solar--levelized-cost-of-energy-united-states-solar-photovoltaic,United States · Solar photovoltaic,United States,Solar photovoltaic,2009-12-31,2009,year,2009-01-01,,USD 2025 / kWh,annual,observed,https://ourworldindata.org/grapher/levelized-cost-of-energy.csv,2026-09-28T22:52:30.344Z,{}
solar,solar--levelized-cost-of-energy-vietnam-onshore-wind,Vietnam · Onshore wind,Vietnam,Onshore wind,2009-12-31,2009,year,2009-01-01,0.10195736,USD 2025 / kWh,annual,observed,https://ourworldindata.org/grapher/levelized-cost-of-energy.csv,2026-09-28T22:52:30.344Z,{}
solar,solar--levelized-cost-of-energy-world-bioenergy,Bioenergy,World,Bioenergy,2009-12-31,2009,year,2009-01-01,,USD 2025 / kWh,annual,observed,https://ourworldindata.org/grapher/levelized-cost-of-energy.csv,2026-09-28T22:52:30.344Z,{}
solar,solar--levelized-cost-of-energy-world-concentrated-solar-power,Concentrated solar power,World,Concentrated solar power,2009-12-31,2009,year,2009-01-01,,USD 2025 / kWh,annual,observed,https://ourworldindata.org/grapher/levelized-cost-of-energy.csv,2026-09-28T22:52:30.344Z,{}
solar,solar--levelized-cost-of-energy-world-geothermal,Geothermal,World,Geothermal,2009-12-31,2009,year,2009-01-01,0.109420605,USD 2025 / kWh,annual,observed,https://ourworldindata.org/grapher/levelized-cost-of-energy.csv,2026-09-28T22:52:30.344Z,{}
solar,solar--levelized-cost-of-energy-world-hydropower,Hydropower,World,Hydropower,2009-12-31,2009,year,2009-01-01,,USD 2025 / kWh,annual,observed,https://ourworldindata.org/grapher/levelized-cost-of-energy.csv,2026-09-28T22:52:30.344Z,{}
solar,solar--levelized-cost-of-energy-world-offshore-wind,Offshore wind,World,Offshore wind,2009-12-31,2009,year,2009-01-01,0.22014965,USD 2025 / kWh,annual,observed,https://ourworldindata.org/grapher/levelized-cost-of-energy.csv,2026-09-28T22:52:30.344Z,{}
solar,solar--levelized-cost-of-energy-world-onshore-wind,Onshore wind,World,Onshore wind,2009-12-31,2009,year,2009-01-01,0.1203612,USD 2025 / kWh,annual,observed,https://ourworldindata.org/grapher/levelized-cost-of-energy.csv,2026-09-28T22:52:30.344Z,{}
solar,solar--levelized-cost-of-energy-world-solar-photovoltaic,Solar photovoltaic,World,Solar photovoltaic,2009-12-31,2009,year,2009-01-01,,USD 2025 / kWh,annual,observed,https://ourworldindata.org/grapher/levelized-cost-of-energy.csv,2026-09-28T22:52:30.344Z,{}
solar,solar--levelized-cost-of-energy-australia-onshore-wind,Australia · Onshore wind,Australia,Onshore wind,2010-12-31,2010,year,2010-01-01,0.14663462,USD 2025 / kWh,annual,observed,https://ourworldindata.org/grapher/levelized-cost-of-energy.csv,2026-09-28T22:52:30.344Z,{}
solar,solar--levelized-cost-of-energy-australia-solar-photovoltaic,Australia · Solar photovoltaic,Australia,Solar photovoltaic,2010-12-31,2010,year,2010-01-01,0.49050656,USD 2025 / kWh,annual,observed,https://ourworldindata.org/grapher/levelized-cost-of-energy.csv,2026-09-28T22:52:30.344Z,{}
solar,solar--levelized-cost-of-energy-belgium-onshore-wind,Belgium · Onshore wind,Belgium,Onshore wind,2010-12-31,2010,year,2010-01-01,0.09650183,USD 2025 / kWh,annual,observed,https://ourworldindata.org/grapher/levelized-cost-of-energy.csv,2026-09-28T22:52:30.344Z,{}
solar,solar--levelized-cost-of-energy-brazil-onshore-wind,Brazil · Onshore wind,Brazil,Onshore wind,2010-12-31,2010,year,2010-01-01,0.12505285,USD 2025 / kWh,annual,observed,https://ourworldindata.org/grapher/levelized-cost-of-energy.csv,2026-09-28T22:52:30.344Z,{}
solar,solar--levelized-cost-of-energy-brazil-solar-photovoltaic,Brazil · Solar photovoltaic,Brazil,Solar photovoltaic,2010-12-31,2010,year,2010-01-01,,USD 2025 / kWh,annual,observed,https://ourworldindata.org/grapher/levelized-cost-of-energy.csv,2026-09-28T22:52:30.344Z,{}
solar,solar--levelized-cost-of-energy-canada-onshore-wind,Canada · Onshore wind,Canada,Onshore wind,2010-12-31,2010,year,2010-01-01,0.12458997,USD 2025 / kWh,annual,observed,https://ourworldindata.org/grapher/levelized-cost-of-energy.csv,2026-09-28T22:52:30.344Z,{}
solar,solar--levelized-cost-of-energy-canada-solar-photovoltaic,Canada · Solar photovoltaic,Canada,Solar photovoltaic,2010-12-31,2010,year,2010-01-01,,USD 2025 / kWh,annual,observed,https://ourworldindata.org/grapher/levelized-cost-of-energy.csv,2026-09-28T22:52:30.344Z,{}
solar,solar--levelized-cost-of-energy-china-onshore-wind,China · Onshore wind,China,Onshore wind,2010-12-31,2010,year,2010-01-01,0.09223594,USD 2025 / kWh,annual,observed,https://ourworldindata.org/grapher/levelized-cost-of-energy.csv,2026-09-28T22:52:30.344Z,{}
solar,solar--levelized-cost-of-energy-china-solar-photovoltaic,China · Solar photovoltaic,China,Solar photovoltaic,2010-12-31,2010,year,2010-01-01,0.3478405,USD 2025 / kWh,annual,observed,https://ourworldindata.org/grapher/levelized-cost-of-energy.csv,2026-09-28T22:52:30.344Z,{}
solar,solar--levelized-cost-of-energy-cyprus-onshore-wind,Cyprus · Onshore wind,Cyprus,Onshore wind,2010-12-31,2010,year,2010-01-01,0.14918421,USD 2025 / kWh,annual,observed,https://ourworldindata.org/grapher/levelized-cost-of-energy.csv,2026-09-28T22:52:30.344Z,{}
solar,solar--levelized-cost-of-energy-denmark-onshore-wind,Denmark · Onshore wind,Denmark,Onshore wind,2010-12-31,2010,year,2010-01-01,0.13622183,USD 2025 / kWh,annual,observed,https://ourworldindata.org/grapher/levelized-cost-of-energy.csv,2026-09-28T22:52:30.344Z,{}
solar,solar--levelized-cost-of-energy-egypt-onshore-wind,Egypt · Onshore wind,Egypt,Onshore wind,2010-12-31,2010,year,2010-01-01,0.07910572,USD 2025 / kWh,annual,observed,https://ourworldindata.org/grapher/levelized-cost-of-energy.csv,2026-09-28T22:52:30.344Z,{}
solar,solar--levelized-cost-of-energy-france-onshore-wind,France · Onshore wind,France,Onshore wind,2010-12-31,2010,year,2010-01-01,0.15086353,USD 2025 / kWh,annual,observed,https://ourworldindata.org/grapher/levelized-cost-of-energy.csv,2026-09-28T22:52:30.344Z,{}
solar,solar--levelized-cost-of-energy-france-solar-photovoltaic,France · Solar photovoltaic,France,Solar photovoltaic,2010-12-31,2010,year,2010-01-01,0.45621783,USD 2025 / kWh,annual,observed,https://ourworldindata.org/grapher/levelized-cost-of-energy.csv,2026-09-28T22:52:30.344Z,{}
solar,solar--levelized-cost-of-energy-germany-onshore-wind,Germany · Onshore wind,Germany,Onshore wind,2010-12-31,2010,year,2010-01-01,0.15879458,USD 2025 / kWh,annual,observed,https://ourworldindata.org/grapher/levelized-cost-of-energy.csv,2026-09-28T22:52:30.344Z,{}
solar,solar--levelized-cost-of-energy-germany-solar-photovoltaic,Germany · Solar photovoltaic,Germany,Solar photovoltaic,2010-12-31,2010,year,2010-01-01,0.43286258,USD 2025 / kWh,annual,observed,https://ourworldindata.org/grapher/levelized-cost-of-energy.csv,2026-09-28T22:52:30.344Z,{}
solar,solar--levelized-cost-of-energy-greece-onshore-wind,Greece · Onshore wind,Greece,Onshore wind,2010-12-31,2010,year,2010-01-01,0.15431772,USD 2025 / kWh,annual,observed,https://ourworldindata.org/grapher/levelized-cost-of-energy.csv,2026-09-28T22:52:30.344Z,{}
solar,solar--levelized-cost-of-energy-greece-solar-photovoltaic,Greece · Solar photovoltaic,Greece,Solar photovoltaic,2010-12-31,2010,year,2010-01-01,0.44911653,USD 2025 / kWh,annual,observed,https://ourworldindata.org/grapher/levelized-cost-of-energy.csv,2026-09-28T22:52:30.344Z,{}
solar,solar--levelized-cost-of-energy-india-onshore-wind,India · Onshore wind,India,Onshore wind,2010-12-31,2010,year,2010-01-01,0.09961408,USD 2025 / kWh,annual,observed,https://ourworldindata.org/grapher/levelized-cost-of-energy.csv,2026-09-28T22:52:30.344Z,{}
solar,solar--levelized-cost-of-energy-india-solar-photovoltaic,India · Solar photovoltaic,India,Solar photovoltaic,2010-12-31,2010,year,2010-01-01,0.4056847,USD 2025 / kWh,annual,observed,https://ourworldindata.org/grapher/levelized-cost-of-energy.csv,2026-09-28T22:52:30.344Z,{}
solar,solar--levelized-cost-of-energy-ireland-onshore-wind,Ireland · Onshore wind,Ireland,Onshore wind,2010-12-31,2010,year,2010-01-01,0.16218926,USD 2025 / kWh,annual,observed,https://ourworldindata.org/grapher/levelized-cost-of-energy.csv,2026-09-28T22:52:30.344Z,{}
solar,solar--levelized-cost-of-energy-italy-onshore-wind,Italy · Onshore wind,Italy,Onshore wind,2010-12-31,2010,year,2010-01-01,0.15333048,USD 2025 / kWh,annual,observed,https://ourworldindata.org/grapher/levelized-cost-of-energy.csv,2026-09-28T22:52:30.344Z,{}
solar,solar--levelized-cost-of-energy-italy-solar-photovoltaic,Italy · Solar photovoltaic,Italy,Solar photovoltaic,2010-12-31,2010,year,2010-01-01,0.47211102,USD 2025 / kWh,annual,observed,https://ourworldindata.org/grapher/levelized-cost-of-energy.csv,2026-09-28T22:52:30.344Z,{}
solar,solar--levelized-cost-of-energy-japan-onshore-wind,Japan · Onshore wind,Japan,Onshore wind,2010-12-31,2010,year,2010-01-01,0.19031094,USD 2025 / kWh,annual,observed,https://ourworldindata.org/grapher/levelized-cost-of-energy.csv,2026-09-28T22:52:30.344Z,{}
solar,solar--levelized-cost-of-energy-japan-solar-photovoltaic,Japan · Solar photovoltaic,Japan,Solar photovoltaic,2010-12-31,2010,year,2010-01-01,,USD 2025 / kWh,annual,observed,https://ourworldindata.org/grapher/levelized-cost-of-energy.csv,2026-09-28T22:52:30.344Z,{}
solar,solar--levelized-cost-of-energy-mexico-onshore-wind,Mexico · Onshore wind,Mexico,Onshore wind,2010-12-31,2010,year,2010-01-01,0.11223163,USD 2025 / kWh,annual,observed,https://ourworldindata.org/grapher/levelized-cost-of-energy.csv,2026-09-28T22:52:30.344Z,{}
solar,solar--levelized-cost-of-energy-mexico-solar-photovoltaic,Mexico · Solar photovoltaic,Mexico,Solar photovoltaic,2010-12-31,2010,year,2010-01-01,,USD 2025 / kWh,annual,observed,https://ourworldindata.org/grapher/levelized-cost-of-energy.csv,2026-09-28T22:52:30.344Z,{}
solar,solar--levelized-cost-of-energy-netherlands-onshore-wind,Netherlands · Onshore wind,Netherlands,Onshore wind,2010-12-31,2010,year,2010-01-01,0.1071179,USD 2025 / kWh,annual,observed,https://ourworldindata.org/grapher/levelized-cost-of-energy.csv,2026-09-28T22:52:30.344Z,{}
solar,solar--levelized-cost-of-energy-netherlands-solar-photovoltaic,Netherlands · Solar photovoltaic,Netherlands,Solar photovoltaic,2010-12-31,2010,year,2010-01-01,,USD 2025 / kWh,annual,observed,https://ourworldindata.org/grapher/levelized-cost-of-energy.csv,2026-09-28T22:52:30.344Z,{}
solar,solar--levelized-cost-of-energy-poland-onshore-wind,Poland · Onshore wind,Poland,Onshore wind,2010-12-31,2010,year,2010-01-01,0.18014097,USD 2025 / kWh,annual,observed,https://ourworldindata.org/grapher/levelized-cost-of-energy.csv,2026-09-28T22:52:30.344Z,{}
solar,solar--levelized-cost-of-energy-poland-solar-photovoltaic,Poland · Solar photovoltaic,Poland,Solar photovoltaic,2010-12-31,2010,year,2010-01-01,,USD 2025 / kWh,annual,observed,https://ourworldindata.org/grapher/levelized-cost-of-energy.csv,2026-09-28T22:52:30.344Z,{}
solar,solar--levelized-cost-of-energy-portugal-onshore-wind,Portugal · Onshore wind,Portugal,Onshore wind,2010-12-31,2010,year,2010-01-01,0.1225154,USD 2025 / kWh,annual,observed,https://ourworldindata.org/grapher/levelized-cost-of-energy.csv,2026-09-28T22:52:30.344Z,{}
solar,solar--levelized-cost-of-energy-portugal-solar-photovoltaic,Portugal · Solar photovoltaic,Portugal,Solar photovoltaic,2010-12-31,2010,year,2010-01-01,,USD 2025 / kWh,annual,observed,https://ourworldindata.org/grapher/levelized-cost-of-energy.csv,2026-09-28T22:52:30.344Z,{}
solar,solar--levelized-cost-of-energy-south-korea-onshore-wind,South Korea · Onshore wind,South Korea,Onshore wind,2010-12-31,2010,year,2010-01-01,0.14316475,USD 2025 / kWh,annual,observed,https://ourworldindata.org/grapher/levelized-cost-of-energy.csv,2026-09-28T22:52:30.344Z,{}
solar,solar--levelized-cost-of-energy-south-korea-solar-photovoltaic,South Korea · Solar photovoltaic,South Korea,Solar photovoltaic,2010-12-31,2010,year,2010-01-01,0.4306071,USD 2025 / kWh,annual,observed,https://ourworldindata.org/grapher/levelized-cost-of-energy.csv,2026-09-28T22:52:30.344Z,{}
solar,solar--levelized-cost-of-energy-spain-onshore-wind,Spain · Onshore wind,Spain,Onshore wind,2010-12-31,2010,year,2010-01-01,0.1330089,USD 2025 / kWh,annual,observed,https://ourworldindata.org/grapher/levelized-cost-of-energy.csv,2026-09-28T22:52:30.344Z,{}
solar,solar--levelized-cost-of-energy-spain-solar-photovoltaic,Spain · Solar photovoltaic,Spain,Solar photovoltaic,2010-12-31,2010,year,2010-01-01,0.37728053,USD 2025 / kWh,annual,observed,https://ourworldindata.org/grapher/levelized-cost-of-energy.csv,2026-09-28T22:52:30.344Z,{}
solar,solar--levelized-cost-of-energy-sweden-onshore-wind,Sweden · Onshore wind,Sweden,Onshore wind,2010-12-31,2010,year,2010-01-01,0.12880659,USD 2025 / kWh,annual,observed,https://ourworldindata.org/grapher/levelized-cost-of-energy.csv,2026-09-28T22:52:30.344Z,{}
solar,solar--levelized-cost-of-energy-thailand-solar-photovoltaic,Thailand · Solar photovoltaic,Thailand,Solar photovoltaic,2010-12-31,2010,year,2010-01-01,0.41621095,USD 2025 / kWh,annual,observed,https://ourworldindata.org/grapher/levelized-cost-of-energy.csv,2026-09-28T22:52:30.344Z,{}
solar,solar--levelized-cost-of-energy-turkey-onshore-wind,Turkey · Onshore wind,Turkey,Onshore wind,2010-12-31,2010,year,2010-01-01,0.14441991,USD 2025 / kWh,annual,observed,https://ourworldindata.org/grapher/levelized-cost-of-energy.csv,2026-09-28T22:52:30.344Z,{}
solar,solar--levelized-cost-of-energy-turkey-solar-photovoltaic,Turkey · Solar photovoltaic,Turkey,Solar photovoltaic,2010-12-31,2010,year,2010-01-01,,USD 2025 / kWh,annual,observed,https://ourworldindata.org/grapher/levelized-cost-of-energy.csv,2026-09-28T22:52:30.344Z,{}
solar,solar--levelized-cost-of-energy-united-kingdom-onshore-wind,United Kingdom · Onshore wind,United Kingdom,Onshore wind,2010-12-31,2010,year,2010-01-01,0.11532087,USD 2025 / kWh,annual,observed,https://ourworldindata.org/grapher/levelized-cost-of-energy.csv,2026-09-28T22:52:30.344Z,{}
solar,solar--levelized-cost-of-energy-united-kingdom-solar-photovoltaic,United Kingdom · Solar photovoltaic,United Kingdom,Solar photovoltaic,2010-12-31,2010,year,2010-01-01,0.6212772,USD 2025 / kWh,annual,observed,https://ourworldindata.org/grapher/levelized-cost-of-energy.csv,2026-09-28T22:52:30.344Z,{}
solar,solar--levelized-cost-of-energy-united-states-onshore-wind,United States · Onshore wind,United States,Onshore wind,2010-12-31,2010,year,2010-01-01,0.11298894,USD 2025 / kWh,annual,observed,https://ourworldindata.org/grapher/levelized-cost-of-energy.csv,2026-09-28T22:52:30.344Z,{}
solar,solar--levelized-cost-of-energy-united-states-solar-photovoltaic,United States · Solar photovoltaic,United States,Solar photovoltaic,2010-12-31,2010,year,2010-01-01,0.2573775,USD 2025 / kWh,annual,observed,https://ourworldindata.org/grapher/levelized-cost-of-energy.csv,2026-09-28T22:52:30.344Z,{}
solar,solar--levelized-cost-of-energy-world-bioenergy,Bioenergy,World,Bioenergy,2010-12-31,2010,year,2010-01-01,0.08847206,USD 2025 / kWh,annual,observed,https://ourworldindata.org/grapher/levelized-cost-of-energy.csv,2026-09-28T22:52:30.344Z,{}
solar,solar--levelized-cost-of-energy-world-concentrated-solar-power,Concentrated solar power,World,Concentrated solar power,2010-12-31,2010,year,2010-01-01,0.4115907,USD 2025 / kWh,annual,observed,https://ourworldindata.org/grapher/levelized-cost-of-energy.csv,2026-09-28T22:52:30.344Z,{}
solar,solar--levelized-cost-of-energy-world-geothermal,Geothermal,World,Geothermal,2010-12-31,2010,year,2010-01-01,0.057836853,USD 2025 / kWh,annual,observed,https://ourworldindata.org/grapher/levelized-cost-of-energy.csv,2026-09-28T22:52:30.344Z,{}
solar,solar--levelized-cost-of-energy-world-hydropower,Hydropower,World,Hydropower,2010-12-31,2010,year,2010-01-01,0.04370566,USD 2025 / kWh,annual,observed,https://ourworldindata.org/grapher/levelized-cost-of-energy.csv,2026-09-28T22:52:30.344Z,{}
solar,solar--levelized-cost-of-energy-world-offshore-wind,Offshore wind,World,Offshore wind,2010-12-31,2010,year,2010-01-01,0.20842612,USD 2025 / kWh,annual,observed,https://ourworldindata.org/grapher/levelized-cost-of-energy.csv,2026-09-28T22:52:30.344Z,{}
solar,solar--levelized-cost-of-energy-world-onshore-wind,Onshore wind,World,Onshore wind,2010-12-31,2010,year,2010-01-01,0.113624774,USD 2025 / kWh,annual,observed,https://ourworldindata.org/grapher/levelized-cost-of-energy.csv,2026-09-28T22:52:30.344Z,{}
solar,solar--levelized-cost-of-energy-world-solar-photovoltaic,Solar photovoltaic,World,Solar photovoltaic,2010-12-31,2010,year,2010-01-01,0.40771458,USD 2025 / kWh,annual,observed,https://ourworldindata.org/grapher/levelized-cost-of-energy.csv,2026-09-28T22:52:30.344Z,{}
solar,solar--levelized-cost-of-energy-australia-onshore-wind,Australia · Onshore wind,Australia,Onshore wind,2011-12-31,2011,year,2011-01-01,0.12529537,USD 2025 / kWh,annual,observed,https://ourworldindata.org/grapher/levelized-cost-of-energy.csv,2026-09-28T22:52:30.344Z,{}
solar,solar--levelized-cost-of-energy-australia-solar-photovoltaic,Australia · Solar photovoltaic,Australia,Solar photovoltaic,2011-12-31,2011,year,2011-01-01,0.48747972,USD 2025 / kWh,annual,observed,https://ourworldindata.org/grapher/levelized-cost-of-energy.csv,2026-09-28T22:52:30.344Z,{}
solar,solar--levelized-cost-of-energy-belgium-onshore-wind,Belgium · Onshore wind,Belgium,Onshore wind,2011-12-31,2011,year,2011-01-01,0.109729305,USD 2025 / kWh,annual,observed,https://ourworldindata.org/grapher/levelized-cost-of-energy.csv,2026-09-28T22:52:30.344Z,{}
solar,solar--levelized-cost-of-energy-brazil-onshore-wind,Brazil · Onshore wind,Brazil,Onshore wind,2011-12-31,2011,year,2011-01-01,0.10007716,USD 2025 / kWh,annual,observed,https://ourworldindata.org/grapher/levelized-cost-of-energy.csv,2026-09-28T22:52:30.344Z,{}
solar,solar--levelized-cost-of-energy-brazil-solar-photovoltaic,Brazil · Solar photovoltaic,Brazil,Solar photovoltaic,2011-12-31,2011,year,2011-01-01,0.62225926,USD 2025 / kWh,annual,observed,https://ourworldindata.org/grapher/levelized-cost-of-energy.csv,2026-09-28T22:52:30.344Z,{}
solar,solar--levelized-cost-of-energy-canada-onshore-wind,Canada · Onshore wind,Canada,Onshore wind,2011-12-31,2011,year,2011-01-01,0.109425895,USD 2025 / kWh,annual,observed,https://ourworldindata.org/grapher/levelized-cost-of-energy.csv,2026-09-28T22:52:30.344Z,{}
solar,solar--levelized-cost-of-energy-canada-solar-photovoltaic,Canada · Solar photovoltaic,Canada,Solar photovoltaic,2011-12-31,2011,year,2011-01-01,,USD 2025 / kWh,annual,observed,https://ourworldindata.org/grapher/levelized-cost-of-energy.csv,2026-09-28T22:52:30.344Z,{}
solar,solar--levelized-cost-of-energy-chile-onshore-wind,Chile · Onshore wind,Chile,Onshore wind,2011-12-31,2011,year,2011-01-01,0.14387742,USD 2025 / kWh,annual,observed,https://ourworldindata.org/grapher/levelized-cost-of-energy.csv,2026-09-28T22:52:30.344Z,{}
solar,solar--levelized-cost-of-energy-chile-solar-photovoltaic,Chile · Solar photovoltaic,Chile,Solar photovoltaic,2011-12-31,2011,year,2011-01-01,,USD 2025 / kWh,annual,observed,https://ourworldindata.org/grapher/levelized-cost-of-energy.csv,2026-09-28T22:52:30.344Z,{}
solar,solar--levelized-cost-of-energy-china-onshore-wind,China · Onshore wind,China,Onshore wind,2011-12-31,2011,year,2011-01-01,0.08724144,USD 2025 / kWh,annual,observed,https://ourworldindata.org/grapher/levelized-cost-of-energy.csv,2026-09-28T22:52:30.344Z,{}
solar,solar--levelized-cost-of-energy-china-solar-photovoltaic,China · Solar photovoltaic,China,Solar photovoltaic,2011-12-31,2011,year,2011-01-01,0.30377606,USD 2025 / kWh,annual,observed,https://ourworldindata.org/grapher/levelized-cost-of-energy.csv,2026-09-28T22:52:30.344Z,{}
solar,solar--levelized-cost-of-energy-costa-rica-onshore-wind,Costa Rica · Onshore wind,Costa Rica,Onshore wind,2011-12-31,2011,year,2011-01-01,0.10694981,USD 2025 / kWh,annual,observed,https://ourworldindata.org/grapher/levelized-cost-of-energy.csv,2026-09-28T22:52:30.344Z,{}
solar,solar--levelized-cost-of-energy-croatia-onshore-wind,Croatia · Onshore wind,Croatia,Onshore wind,2011-12-31,2011,year,2011-01-01,0.17243151,USD 2025 / kWh,annual,observed,https://ourworldindata.org/grapher/levelized-cost-of-energy.csv,2026-09-28T22:52:30.344Z,{}
solar,solar--levelized-cost-of-energy-cyprus-onshore-wind,Cyprus · Onshore wind,Cyprus,Onshore wind,2011-12-31,2011,year,2011-01-01,0.15158793,USD 2025 / kWh,annual,observed,https://ourworldindata.org/grapher/levelized-cost-of-energy.csv,2026-09-28T22:52:30.344Z,{}
solar,solar--levelized-cost-of-energy-denmark-onshore-wind,Denmark · Onshore wind,Denmark,Onshore wind,2011-12-31,2011,year,2011-01-01,0.13306853,USD 2025 / kWh,annual,observed,https://ourworldindata.org/grapher/levelized-cost-of-energy.csv,2026-09-28T22:52:30.344Z,{}
solar,solar--levelized-cost-of-energy-dominican-republic-onshore-wind,Dominican Republic · Onshore wind,Dominican Republic,Onshore wind,2011-12-31,2011,year,2011-01-01,0.08354424,USD 2025 / kWh,annual,observed,https://ourworldindata.org/grapher/levelized-cost-of-energy.csv,2026-09-28T22:52:30.344Z,{}
solar,solar--levelized-cost-of-energy-ethiopia-onshore-wind,Ethiopia · Onshore wind,Ethiopia,Onshore wind,2011-12-31,2011,year,2011-01-01,0.11940686,USD 2025 / kWh,annual,observed,https://ourworldindata.org/grapher/levelized-cost-of-energy.csv,2026-09-28T22:52:30.344Z,{}
solar,solar--levelized-cost-of-energy-france-onshore-wind,France · Onshore wind,France,Onshore wind,2011-12-31,2011,year,2011-01-01,0.13277026,USD 2025 / kWh,annual,observed,https://ourworldindata.org/grapher/levelized-cost-of-energy.csv,2026-09-28T22:52:30.344Z,{}
solar,solar--levelized-cost-of-energy-france-solar-photovoltaic,France · Solar photovoltaic,France,Solar photovoltaic,2011-12-31,2011,year,2011-01-01,0.45400876,USD 2025 / kWh,annual,observed,https://ourworldindata.org/grapher/levelized-cost-of-energy.csv,2026-09-28T22:52:30.344Z,{}
solar,solar--levelized-cost-of-energy-germany-onshore-wind,Germany · Onshore wind,Germany,Onshore wind,2011-12-31,2011,year,2011-01-01,0.15165226,USD 2025 / kWh,annual,observed,https://ourworldindata.org/grapher/levelized-cost-of-energy.csv,2026-09-28T22:52:30.344Z,{}
solar,solar--levelized-cost-of-energy-germany-solar-photovoltaic,Germany · Solar photovoltaic,Germany,Solar photovoltaic,2011-12-31,2011,year,2011-01-01,0.3578721,USD 2025 / kWh,annual,observed,https://ourworldindata.org/grapher/levelized-cost-of-energy.csv,2026-09-28T22:52:30.344Z,{}
solar,solar--levelized-cost-of-energy-greece-onshore-wind,Greece · Onshore wind,Greece,Onshore wind,2011-12-31,2011,year,2011-01-01,0.10199486,USD 2025 / kWh,annual,observed,https://ourworldindata.org/grapher/levelized-cost-of-energy.csv,2026-09-28T22:52:30.344Z,{}
solar,solar--levelized-cost-of-energy-greece-solar-photovoltaic,Greece · Solar photovoltaic,Greece,Solar photovoltaic,2011-12-31,2011,year,2011-01-01,0.30506033,USD 2025 / kWh,annual,observed,https://ourworldindata.org/grapher/levelized-cost-of-energy.csv,2026-09-28T22:52:30.344Z,{}
solar,solar--levelized-cost-of-energy-india-onshore-wind,India · Onshore wind,India,Onshore wind,2011-12-31,2011,year,2011-01-01,0.09384744,USD 2025 / kWh,annual,observed,https://ourworldindata.org/grapher/levelized-cost-of-energy.csv,2026-09-28T22:52:30.344Z,{}
solar,solar--levelized-cost-of-energy-india-solar-photovoltaic,India · Solar photovoltaic,India,Solar photovoltaic,2011-12-31,2011,year,2011-01-01,0.25358012,USD 2025 / kWh,annual,observed,https://ourworldindata.org/grapher/levelized-cost-of-energy.csv,2026-09-28T22:52:30.344Z,{}
solar,solar--levelized-cost-of-energy-ireland-onshore-wind,Ireland · Onshore wind,Ireland,Onshore wind,2011-12-31,2011,year,2011-01-01,0.10750926,USD 2025 / kWh,annual,observed,https://ourworldindata.org/grapher/levelized-cost-of-energy.csv,2026-09-28T22:52:30.344Z,{}
solar,solar--levelized-cost-of-energy-italy-onshore-wind,Italy · Onshore wind,Italy,Onshore wind,2011-12-31,2011,year,2011-01-01,0.17670414,USD 2025 / kWh,annual,observed,https://ourworldindata.org/grapher/levelized-cost-of-energy.csv,2026-09-28T22:52:30.344Z,{}
solar,solar--levelized-cost-of-energy-italy-solar-photovoltaic,Italy · Solar photovoltaic,Italy,Solar photovoltaic,2011-12-31,2011,year,2011-01-01,0.43576285,USD 2025 / kWh,annual,observed,https://ourworldindata.org/grapher/levelized-cost-of-energy.csv,2026-09-28T22:52:30.344Z,{}
solar,solar--levelized-cost-of-energy-japan-onshore-wind,Japan · Onshore wind,Japan,Onshore wind,2011-12-31,2011,year,2011-01-01,0.16475795,USD 2025 / kWh,annual,observed,https://ourworldindata.org/grapher/levelized-cost-of-energy.csv,2026-09-28T22:52:30.344Z,{}
solar,solar--levelized-cost-of-energy-japan-solar-photovoltaic,Japan · Solar photovoltaic,Japan,Solar photovoltaic,2011-12-31,2011,year,2011-01-01,0.5159704,USD 2025 / kWh,annual,observed,https://ourworldindata.org/grapher/levelized-cost-of-energy.csv,2026-09-28T22:52:30.344Z,{}
solar,solar--levelized-cost-of-energy-mexico-onshore-wind,Mexico · Onshore wind,Mexico,Onshore wind,2011-12-31,2011,year,2011-01-01,0.09656419,USD 2025 / kWh,annual,observed,https://ourworldindata.org/grapher/levelized-cost-of-energy.csv,2026-09-28T22:52:30.344Z,{}
solar,solar--levelized-cost-of-energy-mexico-solar-photovoltaic,Mexico · Solar photovoltaic,Mexico,Solar photovoltaic,2011-12-31,2011,year,2011-01-01,,USD 2025 / kWh,annual,observed,https://ourworldindata.org/grapher/levelized-cost-of-energy.csv,2026-09-28T22:52:30.344Z,{}
solar,solar--levelized-cost-of-energy-morocco-onshore-wind,Morocco · Onshore wind,Morocco,Onshore wind,2011-12-31,2011,year,2011-01-01,0.08267733,USD 2025 / kWh,annual,observed,https://ourworldindata.org/grapher/levelized-cost-of-energy.csv,2026-09-28T22:52:30.344Z,{}
solar,solar--levelized-cost-of-energy-new-zealand-onshore-wind,New Zealand · Onshore wind,New Zealand,Onshore wind,2011-12-31,2011,year,2011-01-01,0.089892544,USD 2025 / kWh,annual,observed,https://ourworldindata.org/grapher/levelized-cost-of-energy.csv,2026-09-28T22:52:30.344Z,{}
solar,solar--levelized-cost-of-energy-poland-onshore-wind,Poland · Onshore wind,Poland,Onshore wind,2011-12-31,2011,year,2011-01-01,0.15269305,USD 2025 / kWh,annual,observed,https://ourworldindata.org/grapher/levelized-cost-of-energy.csv,2026-09-28T22:52:30.344Z,{}
solar,solar--levelized-cost-of-energy-poland-solar-photovoltaic,Poland · Solar photovoltaic,Poland,Solar photovoltaic,2011-12-31,2011,year,2011-01-01,,USD 2025 / kWh,annual,observed,https://ourworldindata.org/grapher/levelized-cost-of-energy.csv,2026-09-28T22:52:30.344Z,{}
solar,solar--levelized-cost-of-energy-portugal-onshore-wind,Portugal · Onshore wind,Portugal,Onshore wind,2011-12-31,2011,year,2011-01-01,0.15752651,USD 2025 / kWh,annual,observed,https://ourworldindata.org/grapher/levelized-cost-of-energy.csv,2026-09-28T22:52:30.344Z,{}
solar,solar--levelized-cost-of-energy-portugal-solar-photovoltaic,Portugal · Solar photovoltaic,Portugal,Solar photovoltaic,2011-12-31,2011,year,2011-01-01,,USD 2025 / kWh,annual,observed,https://ourworldindata.org/grapher/levelized-cost-of-energy.csv,2026-09-28T22:52:30.344Z,{}
solar,solar--levelized-cost-of-energy-south-korea-onshore-wind,South Korea · Onshore wind,South Korea,Onshore wind,2011-12-31,2011,year,2011-01-01,0.12929302,USD 2025 / kWh,annual,observed,https://ourworldindata.org/grapher/levelized-cost-of-energy.csv,2026-09-28T22:52:30.344Z,{}
solar,solar--levelized-cost-of-energy-south-korea-solar-photovoltaic,South Korea · Solar photovoltaic,South Korea,Solar photovoltaic,2011-12-31,2011,year,2011-01-01,0.54482305,USD 2025 / kWh,annual,observed,https://ourworldindata.org/grapher/levelized-cost-of-energy.csv,2026-09-28T22:52:30.344Z,{}
solar,solar--levelized-cost-of-energy-spain-onshore-wind,Spain · Onshore wind,Spain,Onshore wind,2011-12-31,2011,year,2011-01-01,0.12509404,USD 2025 / kWh,annual,observed,https://ourworldindata.org/grapher/levelized-cost-of-energy.csv,2026-09-28T22:52:30.344Z,{}
solar,solar--levelized-cost-of-energy-spain-solar-photovoltaic,Spain · Solar photovoltaic,Spain,Solar photovoltaic,2011-12-31,2011,year,2011-01-01,0.26118296,USD 2025 / kWh,annual,observed,https://ourworldindata.org/grapher/levelized-cost-of-energy.csv,2026-09-28T22:52:30.344Z,{}
solar,solar--levelized-cost-of-energy-sweden-onshore-wind,Sweden · Onshore wind,Sweden,Onshore wind,2011-12-31,2011,year,2011-01-01,0.12208535,USD 2025 / kWh,annual,observed,https://ourworldindata.org/grapher/levelized-cost-of-energy.csv,2026-09-28T22:52:30.344Z,{}
solar,solar--levelized-cost-of-energy-thailand-solar-photovoltaic,Thailand · Solar photovoltaic,Thailand,Solar photovoltaic,2011-12-31,2011,year,2011-01-01,0.42480165,USD 2025 / kWh,annual,observed,https://ourworldindata.org/grapher/levelized-cost-of-energy.csv,2026-09-28T22:52:30.344Z,{}
solar,solar--levelized-cost-of-energy-turkey-onshore-wind,Turkey · Onshore wind,Turkey,Onshore wind,2011-12-31,2011,year,2011-01-01,0.1066754,USD 2025 / kWh,annual,observed,https://ourworldindata.org/grapher/levelized-cost-of-energy.csv,2026-09-28T22:52:30.344Z,{}
solar,solar--levelized-cost-of-energy-turkey-solar-photovoltaic,Turkey · Solar photovoltaic,Turkey,Solar photovoltaic,2011-12-31,2011,year,2011-01-01,,USD 2025 / kWh,annual,observed,https://ourworldindata.org/grapher/levelized-cost-of-energy.csv,2026-09-28T22:52:30.344Z,{}
solar,solar--levelized-cost-of-energy-united-kingdom-onshore-wind,United Kingdom · Onshore wind,United Kingdom,Onshore wind,2011-12-31,2011,year,2011-01-01,0.118333034,USD 2025 / kWh,annual,observed,https://ourworldindata.org/grapher/levelized-cost-of-energy.csv,2026-09-28T22:52:30.344Z,{}
solar,solar--levelized-cost-of-energy-united-kingdom-solar-photovoltaic,United Kingdom · Solar photovoltaic,United Kingdom,Solar photovoltaic,2011-12-31,2011,year,2011-01-01,0.57240313,USD 2025 / kWh,annual,observed,https://ourworldindata.org/grapher/levelized-cost-of-energy.csv,2026-09-28T22:52:30.344Z,{}
solar,solar--levelized-cost-of-energy-united-states-onshore-wind,United States · Onshore wind,United States,Onshore wind,2011-12-31,2011,year,2011-01-01,0.11748805,USD 2025 / kWh,annual,observed,https://ourworldindata.org/grapher/levelized-cost-of-energy.csv,2026-09-28T22:52:30.344Z,{}
solar,solar--levelized-cost-of-energy-united-states-solar-photovoltaic,United States · Solar photovoltaic,United States,Solar photovoltaic,2011-12-31,2011,year,2011-01-01,0.2940013,USD 2025 / kWh,annual,observed,https://ourworldindata.org/grapher/levelized-cost-of-energy.csv,2026-09-28T22:52:30.344Z,{}
solar,solar--levelized-cost-of-energy-uruguay-onshore-wind,Uruguay · Onshore wind,Uruguay,Onshore wind,2011-12-31,2011,year,2011-01-01,0.1338971,USD 2025 / kWh,annual,observed,https://ourworldindata.org/grapher/levelized-cost-of-energy.csv,2026-09-28T22:52:30.344Z,{}
solar,solar--levelized-cost-of-energy-vietnam-onshore-wind,Vietnam · Onshore wind,Vietnam,Onshore wind,2011-12-31,2011,year,2011-01-01,0.116527274,USD 2025 / kWh,annual,observed,https://ourworldindata.org/grapher/levelized-cost-of-energy.csv,2026-09-28T22:52:30.344Z,{}
solar,solar--levelized-cost-of-energy-world-bioenergy,Bioenergy,World,Bioenergy,2011-12-31,2011,year,2011-01-01,0.08535203,USD 2025 / kWh,annual,observed,https://ourworldindata.org/grapher/levelized-cost-of-energy.csv,2026-09-28T22:52:30.344Z,{}
solar,solar--levelized-cost-of-energy-world-concentrated-solar-power,Concentrated solar power,World,Concentrated solar power,2011-12-31,2011,year,2011-01-01,0.3815177,USD 2025 / kWh,annual,observed,https://ourworldindata.org/grapher/levelized-cost-of-energy.csv,2026-09-28T22:52:30.344Z,{}
solar,solar--levelized-cost-of-energy-world-geothermal,Geothermal,World,Geothermal,2011-12-31,2011,year,2011-01-01,,USD 2025 / kWh,annual,observed,https://ourworldindata.org/grapher/levelized-cost-of-energy.csv,2026-09-28T22:52:30.344Z,{}
solar,solar--levelized-cost-of-energy-world-hydropower,Hydropower,World,Hydropower,2011-12-31,2011,year,2011-01-01,0.04131591,USD 2025 / kWh,annual,observed,https://ourworldindata.org/grapher/levelized-cost-of-energy.csv,2026-09-28T22:52:30.344Z,{}
solar,solar--levelized-cost-of-energy-world-offshore-wind,Offshore wind,World,Offshore wind,2011-12-31,2011,year,2011-01-01,0.22120158,USD 2025 / kWh,annual,observed,https://ourworldindata.org/grapher/levelized-cost-of-energy.csv,2026-09-28T22:52:30.344Z,{}
solar,solar--levelized-cost-of-energy-world-onshore-wind,Onshore wind,World,Onshore wind,2011-12-31,2011,year,2011-01-01,0.107712924,USD 2025 / kWh,annual,observed,https://ourworldindata.org/grapher/levelized-cost-of-energy.csv,2026-09-28T22:52:30.344Z,{}
solar,solar--levelized-cost-of-energy-world-solar-photovoltaic,Solar photovoltaic,World,Solar photovoltaic,2011-12-31,2011,year,2011-01-01,0.34384683,USD 2025 / kWh,annual,observed,https://ourworldindata.org/grapher/levelized-cost-of-energy.csv,2026-09-28T22:52:30.344Z,{}
solar,solar--levelized-cost-of-energy-argentina-onshore-wind,Argentina · Onshore wind,Argentina,Onshore wind,2012-12-31,2012,year,2012-01-01,0.12629685,USD 2025 / kWh,annual,observed,https://ourworldindata.org/grapher/levelized-cost-of-energy.csv,2026-09-28T22:52:30.344Z,{}
solar,solar--levelized-cost-of-energy-australia-onshore-wind,Australia · Onshore wind,Australia,Onshore wind,2012-12-31,2012,year,2012-01-01,0.12228712,USD 2025 / kWh,annual,observed,https://ourworldindata.org/grapher/levelized-cost-of-energy.csv,2026-09-28T22:52:30.344Z,{}
solar,solar--levelized-cost-of-energy-australia-solar-photovoltaic,Australia · Solar photovoltaic,Australia,Solar photovoltaic,2012-12-31,2012,year,2012-01-01,0.29373592,USD 2025 / kWh,annual,observed,https://ourworldindata.org/grapher/levelized-cost-of-energy.csv,2026-09-28T22:52:30.344Z,{}
solar,solar--levelized-cost-of-energy-austria-onshore-wind,Austria · Onshore wind,Austria,Onshore wind,2012-12-31,2012,year,2012-01-01,0.12528044,USD 2025 / kWh,annual,observed,https://ourworldindata.org/grapher/levelized-cost-of-energy.csv,2026-09-28T22:52:30.344Z,{}
solar,solar--levelized-cost-of-energy-belgium-onshore-wind,Belgium · Onshore wind,Belgium,Onshore wind,2012-12-31,2012,year,2012-01-01,0.13080059,USD 2025 / kWh,annual,observed,https://ourworldindata.org/grapher/levelized-cost-of-energy.csv,2026-09-28T22:52:30.344Z,{}
solar,solar--levelized-cost-of-energy-brazil-onshore-wind,Brazil · Onshore wind,Brazil,Onshore wind,2012-12-31,2012,year,2012-01-01,0.09503042,USD 2025 / kWh,annual,observed,https://ourworldindata.org/grapher/levelized-cost-of-energy.csv,2026-09-28T22:52:30.344Z,{}
solar,solar--levelized-cost-of-energy-brazil-solar-photovoltaic,Brazil · Solar photovoltaic,Brazil,Solar photovoltaic,2012-12-31,2012,year,2012-01-01,,USD 2025 / kWh,annual,observed,https://ourworldindata.org/grapher/levelized-cost-of-energy.csv,2026-09-28T22:52:30.344Z,{}
solar,solar--levelized-cost-of-energy-canada-onshore-wind,Canada · Onshore wind,Canada,Onshore wind,2012-12-31,2012,year,2012-01-01,0.123326324,USD 2025 / kWh,annual,observed,https://ourworldindata.org/grapher/levelized-cost-of-energy.csv,2026-09-28T22:52:30.344Z,{}
solar,solar--levelized-cost-of-energy-canada-solar-photovoltaic,Canada · Solar photovoltaic,Canada,Solar photovoltaic,2012-12-31,2012,year,2012-01-01,,USD 2025 / kWh,annual,observed,https://ourworldindata.org/grapher/levelized-cost-of-energy.csv,2026-09-28T22:52:30.344Z,{}
solar,solar--levelized-cost-of-energy-chile-onshore-wind,Chile · Onshore wind,Chile,Onshore wind,2012-12-31,2012,year,2012-01-01,0.10223959,USD 2025 / kWh,annual,observed,https://ourworldindata.org/grapher/levelized-cost-of-energy.csv,2026-09-28T22:52:30.344Z,{}
solar,solar--levelized-cost-of-energy-chile-solar-photovoltaic,Chile · Solar photovoltaic,Chile,Solar photovoltaic,2012-12-31,2012,year,2012-01-01,0.21794009,USD 2025 / kWh,annual,observed,https://ourworldindata.org/grapher/levelized-cost-of-energy.csv,2026-09-28T22:52:30.344Z,{}
solar,solar--levelized-cost-of-energy-china-onshore-wind,China · Onshore wind,China,Onshore wind,2012-12-31,2012,year,2012-01-01,0.08585865,USD 2025 / kWh,annual,observed,https://ourworldindata.org/grapher/levelized-cost-of-energy.csv,2026-09-28T22:52:30.344Z,{}
solar,solar--levelized-cost-of-energy-china-solar-photovoltaic,China · Solar photovoltaic,China,Solar photovoltaic,2012-12-31,2012,year,2012-01-01,0.22241905,USD 2025 / kWh,annual,observed,https://ourworldindata.org/grapher/levelized-cost-of-energy.csv,2026-09-28T22:52:30.344Z,{}
solar,solar--levelized-cost-of-energy-costa-rica-onshore-wind,Costa Rica · Onshore wind,Costa Rica,Onshore wind,2012-12-31,2012,year,2012-01-01,0.14759396,USD 2025 / kWh,annual,observed,https://ourworldindata.org/grapher/levelized-cost-of-energy.csv,2026-09-28T22:52:30.344Z,{}
solar,solar--levelized-cost-of-energy-croatia-onshore-wind,Croatia · Onshore wind,Croatia,Onshore wind,2012-12-31,2012,year,2012-01-01,0.14201432,USD 2025 / kWh,annual,observed,https://ourworldindata.org/grapher/levelized-cost-of-energy.csv,2026-09-28T22:52:30.344Z,{}
solar,solar--levelized-cost-of-energy-cyprus-onshore-wind,Cyprus · Onshore wind,Cyprus,Onshore wind,2012-12-31,2012,year,2012-01-01,0.18813261,USD 2025 / kWh,annual,observed,https://ourworldindata.org/grapher/levelized-cost-of-energy.csv,2026-09-28T22:52:30.344Z,{}
solar,solar--levelized-cost-of-energy-denmark-onshore-wind,Denmark · Onshore wind,Denmark,Onshore wind,2012-12-31,2012,year,2012-01-01,0.1031046,USD 2025 / kWh,annual,observed,https://ourworldindata.org/grapher/levelized-cost-of-energy.csv,2026-09-28T22:52:30.344Z,{}
solar,solar--levelized-cost-of-energy-dominican-republic-onshore-wind,Dominican Republic · Onshore wind,Dominican Republic,Onshore wind,2012-12-31,2012,year,2012-01-01,0.12719491,USD 2025 / kWh,annual,observed,https://ourworldindata.org/grapher/levelized-cost-of-energy.csv,2026-09-28T22:52:30.344Z,{}
solar,solar--levelized-cost-of-energy-ethiopia-onshore-wind,Ethiopia · Onshore wind,Ethiopia,Onshore wind,2012-12-31,2012,year,2012-01-01,0.11190786,USD 2025 / kWh,annual,observed,https://ourworldindata.org/grapher/levelized-cost-of-energy.csv,2026-09-28T22:52:30.344Z,{}
solar,solar--levelized-cost-of-energy-france-onshore-wind,France · Onshore wind,France,Onshore wind,2012-12-31,2012,year,2012-01-01,0.1180426,USD 2025 / kWh,annual,observed,https://ourworldindata.org/grapher/levelized-cost-of-energy.csv,2026-09-28T22:52:30.344Z,{}
solar,solar--levelized-cost-of-energy-france-solar-photovoltaic,France · Solar photovoltaic,France,Solar photovoltaic,2012-12-31,2012,year,2012-01-01,0.46296307,USD 2025 / kWh,annual,observed,https://ourworldindata.org/grapher/levelized-cost-of-energy.csv,2026-09-28T22:52:30.344Z,{}
solar,solar--levelized-cost-of-energy-germany-onshore-wind,Germany · Onshore wind,Germany,Onshore wind,2012-12-31,2012,year,2012-01-01,0.13477096,USD 2025 / kWh,annual,observed,https://ourworldindata.org/grapher/levelized-cost-of-energy.csv,2026-09-28T22:52:30.344Z,{}
solar,solar--levelized-cost-of-energy-germany-solar-photovoltaic,Germany · Solar photovoltaic,Germany,Solar photovoltaic,2012-12-31,2012,year,2012-01-01,0.28715533,USD 2025 / kWh,annual,observed,https://ourworldindata.org/grapher/levelized-cost-of-energy.csv,2026-09-28T22:52:30.344Z,{}
solar,solar--levelized-cost-of-energy-greece-onshore-wind,Greece · Onshore wind,Greece,Onshore wind,2012-12-31,2012,year,2012-01-01,0.12300314,USD 2025 / kWh,annual,observed,https://ourworldindata.org/grapher/levelized-cost-of-energy.csv,2026-09-28T22:52:30.344Z,{}
solar,solar--levelized-cost-of-energy-greece-solar-photovoltaic,Greece · Solar photovoltaic,Greece,Solar photovoltaic,2012-12-31,2012,year,2012-01-01,0.1829845,USD 2025 / kWh,annual,observed,https://ourworldindata.org/grapher/levelized-cost-of-energy.csv,2026-09-28T22:52:30.344Z,{}
solar,solar--levelized-cost-of-energy-india-onshore-wind,India · Onshore wind,India,Onshore wind,2012-12-31,2012,year,2012-01-01,0.105874114,USD 2025 / kWh,annual,observed,https://ourworldindata.org/grapher/levelized-cost-of-energy.csv,2026-09-28T22:52:30.344Z,{}
solar,solar--levelized-cost-of-energy-india-solar-photovoltaic,India · Solar photovoltaic,India,Solar photovoltaic,2012-12-31,2012,year,2012-01-01,0.21880834,USD 2025 / kWh,annual,observed,https://ourworldindata.org/grapher/levelized-cost-of-energy.csv,2026-09-28T22:52:30.344Z,{}
solar,solar--levelized-cost-of-energy-ireland-onshore-wind,Ireland · Onshore wind,Ireland,Onshore wind,2012-12-31,2012,year,2012-01-01,0.095835425,USD 2025 / kWh,annual,observed,https://ourworldindata.org/grapher/levelized-cost-of-energy.csv,2026-09-28T22:52:30.344Z,{}
solar,solar--levelized-cost-of-energy-italy-onshore-wind,Italy · Onshore wind,Italy,Onshore wind,2012-12-31,2012,year,2012-01-01,0.15937231,USD 2025 / kWh,annual,observed,https://ourworldindata.org/grapher/levelized-cost-of-energy.csv,2026-09-28T22:52:30.344Z,{}
solar,solar--levelized-cost-of-energy-italy-solar-photovoltaic,Italy · Solar photovoltaic,Italy,Solar photovoltaic,2012-12-31,2012,year,2012-01-01,0.22945178,USD 2025 / kWh,annual,observed,https://ourworldindata.org/grapher/levelized-cost-of-energy.csv,2026-09-28T22:52:30.344Z,{}
solar,solar--levelized-cost-of-energy-japan-onshore-wind,Japan · Onshore wind,Japan,Onshore wind,2012-12-31,2012,year,2012-01-01,0.2082326,USD 2025 / kWh,annual,observed,https://ourworldindata.org/grapher/levelized-cost-of-energy.csv,2026-09-28T22:52:30.344Z,{}
solar,solar--levelized-cost-of-energy-japan-solar-photovoltaic,Japan · Solar photovoltaic,Japan,Solar photovoltaic,2012-12-31,2012,year,2012-01-01,0.36312267,USD 2025 / kWh,annual,observed,https://ourworldindata.org/grapher/levelized-cost-of-energy.csv,2026-09-28T22:52:30.344Z,{}
solar,solar--levelized-cost-of-energy-mexico-onshore-wind,Mexico · Onshore wind,Mexico,Onshore wind,2012-12-31,2012,year,2012-01-01,0.07513683,USD 2025 / kWh,annual,observed,https://ourworldindata.org/grapher/levelized-cost-of-energy.csv,2026-09-28T22:52:30.344Z,{}
solar,solar--levelized-cost-of-energy-mexico-solar-photovoltaic,Mexico · Solar photovoltaic,Mexico,Solar photovoltaic,2012-12-31,2012,year,2012-01-01,0.3312281,USD 2025 / kWh,annual,observed,https://ourworldindata.org/grapher/levelized-cost-of-energy.csv,2026-09-28T22:52:30.344Z,{}
solar,solar--levelized-cost-of-energy-morocco-onshore-wind,Morocco · Onshore wind,Morocco,Onshore wind,2012-12-31,2012,year,2012-01-01,0.10245692,USD 2025 / kWh,annual,observed,https://ourworldindata.org/grapher/levelized-cost-of-energy.csv,2026-09-28T22:52:30.344Z,{}
solar,solar--levelized-cost-of-energy-netherlands-onshore-wind,Netherlands · Onshore wind,Netherlands,Onshore wind,2012-12-31,2012,year,2012-01-01,0.12844934,USD 2025 / kWh,annual,observed,https://ourworldindata.org/grapher/levelized-cost-of-energy.csv,2026-09-28T22:52:30.344Z,{}
solar,solar--levelized-cost-of-energy-netherlands-solar-photovoltaic,Netherlands · Solar photovoltaic,Netherlands,Solar photovoltaic,2012-12-31,2012,year,2012-01-01,,USD 2025 / kWh,annual,observed,https://ourworldindata.org/grapher/levelized-cost-of-energy.csv,2026-09-28T22:52:30.344Z,{}
solar,solar--levelized-cost-of-energy-norway-onshore-wind,Norway · Onshore wind,Norway,Onshore wind,2012-12-31,2012,year,2012-01-01,0.12334424,USD 2025 / kWh,annual,observed,https://ourworldindata.org/grapher/levelized-cost-of-energy.csv,2026-09-28T22:52:30.344Z,{}
solar,solar--levelized-cost-of-energy-pakistan-onshore-wind,Pakistan · Onshore wind,Pakistan,Onshore wind,2012-12-31,2012,year,2012-01-01,0.14948945,USD 2025 / kWh,annual,observed,https://ourworldindata.org/grapher/levelized-cost-of-energy.csv,2026-09-28T22:52:30.344Z,{}
solar,solar--levelized-cost-of-energy-poland-onshore-wind,Poland · Onshore wind,Poland,Onshore wind,2012-12-31,2012,year,2012-01-01,0.14213887,USD 2025 / kWh,annual,observed,https://ourworldindata.org/grapher/levelized-cost-of-energy.csv,2026-09-28T22:52:30.344Z,{}
solar,solar--levelized-cost-of-energy-poland-solar-photovoltaic,Poland · Solar photovoltaic,Poland,Solar photovoltaic,2012-12-31,2012,year,2012-01-01,,USD 2025 / kWh,annual,observed,https://ourworldindata.org/grapher/levelized-cost-of-energy.csv,2026-09-28T22:52:30.344Z,{}
solar,solar--levelized-cost-of-energy-portugal-onshore-wind,Portugal · Onshore wind,Portugal,Onshore wind,2012-12-31,2012,year,2012-01-01,0.13166505,USD 2025 / kWh,annual,observed,https://ourworldindata.org/grapher/levelized-cost-of-energy.csv,2026-09-28T22:52:30.344Z,{}
solar,solar--levelized-cost-of-energy-portugal-solar-photovoltaic,Portugal · Solar photovoltaic,Portugal,Solar photovoltaic,2012-12-31,2012,year,2012-01-01,,USD 2025 / kWh,annual,observed,https://ourworldindata.org/grapher/levelized-cost-of-energy.csv,2026-09-28T22:52:30.344Z,{}
solar,solar--levelized-cost-of-energy-south-africa-onshore-wind,South Africa · Onshore wind,South Africa,Onshore wind,2012-12-31,2012,year,2012-01-01,0.1293436,USD 2025 / kWh,annual,observed,https://ourworldindata.org/grapher/levelized-cost-of-energy.csv,2026-09-28T22:52:30.344Z,{}
solar,solar--levelized-cost-of-energy-south-africa-solar-photovoltaic,South Africa · Solar photovoltaic,South Africa,Solar photovoltaic,2012-12-31,2012,year,2012-01-01,,USD 2025 / kWh,annual,observed,https://ourworldindata.org/grapher/levelized-cost-of-energy.csv,2026-09-28T22:52:30.344Z,{}
solar,solar--levelized-cost-of-energy-south-korea-onshore-wind,South Korea · Onshore wind,South Korea,Onshore wind,2012-12-31,2012,year,2012-01-01,0.14333595,USD 2025 / kWh,annual,observed,https://ourworldindata.org/grapher/levelized-cost-of-energy.csv,2026-09-28T22:52:30.344Z,{}
solar,solar--levelized-cost-of-energy-south-korea-solar-photovoltaic,South Korea · Solar photovoltaic,South Korea,Solar photovoltaic,2012-12-31,2012,year,2012-01-01,0.28269687,USD 2025 / kWh,annual,observed,https://ourworldindata.org/grapher/levelized-cost-of-energy.csv,2026-09-28T22:52:30.344Z,{}
solar,solar--levelized-cost-of-energy-spain-onshore-wind,Spain · Onshore wind,Spain,Onshore wind,2012-12-31,2012,year,2012-01-01,0.10765394,USD 2025 / kWh,annual,observed,https://ourworldindata.org/grapher/levelized-cost-of-energy.csv,2026-09-28T22:52:30.344Z,{}
solar,solar--levelized-cost-of-energy-spain-solar-photovoltaic,Spain · Solar photovoltaic,Spain,Solar photovoltaic,2012-12-31,2012,year,2012-01-01,0.21117711,USD 2025 / kWh,annual,observed,https://ourworldindata.org/grapher/levelized-cost-of-energy.csv,2026-09-28T22:52:30.344Z,{}
solar,solar--levelized-cost-of-energy-sweden-onshore-wind,Sweden · Onshore wind,Sweden,Onshore wind,2012-12-31,2012,year,2012-01-01,0.117841095,USD 2025 / kWh,annual,observed,https://ourworldindata.org/grapher/levelized-cost-of-energy.csv,2026-09-28T22:52:30.344Z,{}
solar,solar--levelized-cost-of-energy-thailand-solar-photovoltaic,Thailand · Solar photovoltaic,Thailand,Solar photovoltaic,2012-12-31,2012,year,2012-01-01,0.38952762,USD 2025 / kWh,annual,observed,https://ourworldindata.org/grapher/levelized-cost-of-energy.csv,2026-09-28T22:52:30.344Z,{}
solar,solar--levelized-cost-of-energy-turkey-onshore-wind,Turkey · Onshore wind,Turkey,Onshore wind,2012-12-31,2012,year,2012-01-01,0.09386107,USD 2025 / kWh,annual,observed,https://ourworldindata.org/grapher/levelized-cost-of-energy.csv,2026-09-28T22:52:30.344Z,{}
solar,solar--levelized-cost-of-energy-turkey-solar-photovoltaic,Turkey · Solar photovoltaic,Turkey,Solar photovoltaic,2012-12-31,2012,year,2012-01-01,,USD 2025 / kWh,annual,observed,https://ourworldindata.org/grapher/levelized-cost-of-energy.csv,2026-09-28T22:52:30.344Z,{}
solar,solar--levelized-cost-of-energy-united-kingdom-onshore-wind,United Kingdom · Onshore wind,United Kingdom,Onshore wind,2012-12-31,2012,year,2012-01-01,0.10360631,USD 2025 / kWh,annual,observed,https://ourworldindata.org/grapher/levelized-cost-of-energy.csv,2026-09-28T22:52:30.344Z,{}
solar,solar--levelized-cost-of-energy-united-kingdom-solar-photovoltaic,United Kingdom · Solar photovoltaic,United Kingdom,Solar photovoltaic,2012-12-31,2012,year,2012-01-01,0.33550027,USD 2025 / kWh,annual,observed,https://ourworldindata.org/grapher/levelized-cost-of-energy.csv,2026-09-28T22:52:30.344Z,{}
solar,solar--levelized-cost-of-energy-united-states-onshore-wind,United States · Onshore wind,United States,Onshore wind,2012-12-31,2012,year,2012-01-01,0.101329274,USD 2025 / kWh,annual,observed,https://ourworldindata.org/grapher/levelized-cost-of-energy.csv,2026-09-28T22:52:30.344Z,{}
solar,solar--levelized-cost-of-energy-united-states-solar-photovoltaic,United States · Solar photovoltaic,United States,Solar photovoltaic,2012-12-31,2012,year,2012-01-01,0.2416833,USD 2025 / kWh,annual,observed,https://ourworldindata.org/grapher/levelized-cost-of-energy.csv,2026-09-28T22:52:30.344Z,{}
solar,solar--levelized-cost-of-energy-uruguay-onshore-wind,Uruguay · Onshore wind,Uruguay,Onshore wind,2012-12-31,2012,year,2012-01-01,0.11563635,USD 2025 / kWh,annual,observed,https://ourworldindata.org/grapher/levelized-cost-of-energy.csv,2026-09-28T22:52:30.344Z,{}
solar,solar--levelized-cost-of-energy-vietnam-onshore-wind,Vietnam · Onshore wind,Vietnam,Onshore wind,2012-12-31,2012,year,2012-01-01,0.11858994,USD 2025 / kWh,annual,observed,https://ourworldindata.org/grapher/levelized-cost-of-energy.csv,2026-09-28T22:52:30.344Z,{}
solar,solar--levelized-cost-of-energy-world-bioenergy,Bioenergy,World,Bioenergy,2012-12-31,2012,year,2012-01-01,0.07138037,USD 2025 / kWh,annual,observed,https://ourworldindata.org/grapher/levelized-cost-of-energy.csv,2026-09-28T22:52:30.344Z,{}
solar,solar--levelized-cost-of-energy-world-concentrated-solar-power,Concentrated solar power,World,Concentrated solar power,2012-12-31,2012,year,2012-01-01,0.3855947,USD 2025 / kWh,annual,observed,https://ourworldindata.org/grapher/levelized-cost-of-energy.csv,2026-09-28T22:52:30.344Z,{}
solar,solar--levelized-cost-of-energy-world-geothermal,Geothermal,World,Geothermal,2012-12-31,2012,year,2012-01-01,0.09966607,USD 2025 / kWh,annual,observed,https://ourworldindata.org/grapher/levelized-cost-of-energy.csv,2026-09-28T22:52:30.344Z,{}
solar,solar--levelized-cost-of-energy-world-hydropower,Hydropower,World,Hydropower,2012-12-31,2012,year,2012-01-01,0.04141836,USD 2025 / kWh,annual,observed,https://ourworldindata.org/grapher/levelized-cost-of-energy.csv,2026-09-28T22:52:30.344Z,{}
solar,solar--levelized-cost-of-energy-world-offshore-wind,Offshore wind,World,Offshore wind,2012-12-31,2012,year,2012-01-01,0.18884064,USD 2025 / kWh,annual,observed,https://ourworldindata.org/grapher/levelized-cost-of-energy.csv,2026-09-28T22:52:30.344Z,{}
solar,solar--levelized-cost-of-energy-world-onshore-wind,Onshore wind,World,Onshore wind,2012-12-31,2012,year,2012-01-01,0.098840915,USD 2025 / kWh,annual,observed,https://ourworldindata.org/grapher/levelized-cost-of-energy.csv,2026-09-28T22:52:30.344Z,{}
solar,solar--levelized-cost-of-energy-world-solar-photovoltaic,Solar photovoltaic,World,Solar photovoltaic,2012-12-31,2012,year,2012-01-01,0.25977334,USD 2025 / kWh,annual,observed,https://ourworldindata.org/grapher/levelized-cost-of-energy.csv,2026-09-28T22:52:30.344Z,{}
solar,solar--levelized-cost-of-energy-argentina-onshore-wind,Argentina · Onshore wind,Argentina,Onshore wind,2013-12-31,2013,year,2013-01-01,0.12754396,USD 2025 / kWh,annual,observed,https://ourworldindata.org/grapher/levelized-cost-of-energy.csv,2026-09-28T22:52:30.344Z,{}
solar,solar--levelized-cost-of-energy-australia-onshore-wind,Australia · Onshore wind,Australia,Onshore wind,2013-12-31,2013,year,2013-01-01,0.09734644,USD 2025 / kWh,annual,observed,https://ourworldindata.org/grapher/levelized-cost-of-energy.csv,2026-09-28T22:52:30.344Z,{}
solar,solar--levelized-cost-of-energy-australia-solar-photovoltaic,Australia · Solar photovoltaic,Australia,Solar photovoltaic,2013-12-31,2013,year,2013-01-01,0.17218637,USD 2025 / kWh,annual,observed,https://ourworldindata.org/grapher/levelized-cost-of-energy.csv,2026-09-28T22:52:30.344Z,{}
solar,solar--levelized-cost-of-energy-austria-onshore-wind,Austria · Onshore wind,Austria,Onshore wind,2013-12-31,2013,year,2013-01-01,0.19101085,USD 2025 / kWh,annual,observed,https://ourworldindata.org/grapher/levelized-cost-of-energy.csv,2026-09-28T22:52:30.344Z,{}
solar,solar--levelized-cost-of-energy-brazil-onshore-wind,Brazil · Onshore wind,Brazil,Onshore wind,2013-12-31,2013,year,2013-01-01,0.088106304,USD 2025 / kWh,annual,observed,https://ourworldindata.org/grapher/levelized-cost-of-energy.csv,2026-09-28T22:52:30.344Z,{}
solar,solar--levelized-cost-of-energy-brazil-solar-photovoltaic,Brazil · Solar photovoltaic,Brazil,Solar photovoltaic,2013-12-31,2013,year,2013-01-01,0.445112,USD 2025 / kWh,annual,observed,https://ourworldindata.org/grapher/levelized-cost-of-energy.csv,2026-09-28T22:52:30.344Z,{}
solar,solar--levelized-cost-of-energy-canada-onshore-wind,Canada · Onshore wind,Canada,Onshore wind,2013-12-31,2013,year,2013-01-01,0.11232521,USD 2025 / kWh,annual,observed,https://ourworldindata.org/grapher/levelized-cost-of-energy.csv,2026-09-28T22:52:30.344Z,{}
solar,solar--levelized-cost-of-energy-canada-solar-photovoltaic,Canada · Solar photovoltaic,Canada,Solar photovoltaic,2013-12-31,2013,year,2013-01-01,,USD 2025 / kWh,annual,observed,https://ourworldindata.org/grapher/levelized-cost-of-energy.csv,2026-09-28T22:52:30.344Z,{}
solar,solar--levelized-cost-of-energy-chile-onshore-wind,Chile · Onshore wind,Chile,Onshore wind,2013-12-31,2013,year,2013-01-01,0.09999415,USD 2025 / kWh,annual,observed,https://ourworldindata.org/grapher/levelized-cost-of-energy.csv,2026-09-28T22:52:30.344Z,{}
solar,solar--levelized-cost-of-energy-chile-solar-photovoltaic,Chile · Solar photovoltaic,Chile,Solar photovoltaic,2013-12-31,2013,year,2013-01-01,0.16172221,USD 2025 / kWh,annual,observed,https://ourworldindata.org/grapher/levelized-cost-of-energy.csv,2026-09-28T22:52:30.344Z,{}
solar,solar--levelized-cost-of-energy-china-onshore-wind,China · Onshore wind,China,Onshore wind,2013-12-31,2013,year,2013-01-01,0.08043855,USD 2025 / kWh,annual,observed,https://ourworldindata.org/grapher/levelized-cost-of-energy.csv,2026-09-28T22:52:30.344Z,{}
solar,solar--levelized-cost-of-energy-china-solar-photovoltaic,China · Solar photovoltaic,China,Solar photovoltaic,2013-12-31,2013,year,2013-01-01,0.17646833,USD 2025 / kWh,annual,observed,https://ourworldindata.org/grapher/levelized-cost-of-energy.csv,2026-09-28T22:52:30.344Z,{}
solar,solar--levelized-cost-of-energy-cyprus-onshore-wind,Cyprus · Onshore wind,Cyprus,Onshore wind,2013-12-31,2013,year,2013-01-01,0.22005036,USD 2025 / kWh,annual,observed,https://ourworldindata.org/grapher/levelized-cost-of-energy.csv,2026-09-28T22:52:30.344Z,{}
solar,solar--levelized-cost-of-energy-denmark-onshore-wind,Denmark · Onshore wind,Denmark,Onshore wind,2013-12-31,2013,year,2013-01-01,0.10086695,USD 2025 / kWh,annual,observed,https://ourworldindata.org/grapher/levelized-cost-of-energy.csv,2026-09-28T22:52:30.344Z,{}
solar,solar--levelized-cost-of-energy-dominican-republic-onshore-wind,Dominican Republic · Onshore wind,Dominican Republic,Onshore wind,2013-12-31,2013,year,2013-01-01,0.08731135,USD 2025 / kWh,annual,observed,https://ourworldindata.org/grapher/levelized-cost-of-energy.csv,2026-09-28T22:52:30.344Z,{}
solar,solar--levelized-cost-of-energy-finland-onshore-wind,Finland · Onshore wind,Finland,Onshore wind,2013-12-31,2013,year,2013-01-01,0.070699915,USD 2025 / kWh,annual,observed,https://ourworldindata.org/grapher/levelized-cost-of-energy.csv,2026-09-28T22:52:30.344Z,{}
solar,solar--levelized-cost-of-energy-france-onshore-wind,France · Onshore wind,France,Onshore wind,2013-12-31,2013,year,2013-01-01,0.10686942,USD 2025 / kWh,annual,observed,https://ourworldindata.org/grapher/levelized-cost-of-energy.csv,2026-09-28T22:52:30.344Z,{}
solar,solar--levelized-cost-of-energy-france-solar-photovoltaic,France · Solar photovoltaic,France,Solar photovoltaic,2013-12-31,2013,year,2013-01-01,0.27948007,USD 2025 / kWh,annual,observed,https://ourworldindata.org/grapher/levelized-cost-of-energy.csv,2026-09-28T22:52:30.344Z,{}
solar,solar--levelized-cost-of-energy-germany-onshore-wind,Germany · Onshore wind,Germany,Onshore wind,2013-12-31,2013,year,2013-01-01,0.12577121,USD 2025 / kWh,annual,observed,https://ourworldindata.org/grapher/levelized-cost-of-energy.csv,2026-09-28T22:52:30.344Z,{}
solar,solar--levelized-cost-of-energy-germany-solar-photovoltaic,Germany · Solar photovoltaic,Germany,Solar photovoltaic,2013-12-31,2013,year,2013-01-01,0.2217285,USD 2025 / kWh,annual,observed,https://ourworldindata.org/grapher/levelized-cost-of-energy.csv,2026-09-28T22:52:30.344Z,{}
solar,solar--levelized-cost-of-energy-greece-onshore-wind,Greece · Onshore wind,Greece,Onshore wind,2013-12-31,2013,year,2013-01-01,,USD 2025 / kWh,annual,observed,https://ourworldindata.org/grapher/levelized-cost-of-energy.csv,2026-09-28T22:52:30.344Z,{}
solar,solar--levelized-cost-of-energy-greece-solar-photovoltaic,Greece · Solar photovoltaic,Greece,Solar photovoltaic,2013-12-31,2013,year,2013-01-01,0.16167116,USD 2025 / kWh,annual,observed,https://ourworldindata.org/grapher/levelized-cost-of-energy.csv,2026-09-28T22:52:30.344Z,{}
solar,solar--levelized-cost-of-energy-india-onshore-wind,India · Onshore wind,India,Onshore wind,2013-12-31,2013,year,2013-01-01,0.103953145,USD 2025 / kWh,annual,observed,https://ourworldindata.org/grapher/levelized-cost-of-energy.csv,2026-09-28T22:52:30.344Z,{}
solar,solar--levelized-cost-of-energy-india-solar-photovoltaic,India · Solar photovoltaic,India,Solar photovoltaic,2013-12-31,2013,year,2013-01-01,0.21562417,USD 2025 / kWh,annual,observed,https://ourworldindata.org/grapher/levelized-cost-of-energy.csv,2026-09-28T22:52:30.344Z,{}
solar,solar--levelized-cost-of-energy-ireland-onshore-wind,Ireland · Onshore wind,Ireland,Onshore wind,2013-12-31,2013,year,2013-01-01,0.09386973,USD 2025 / kWh,annual,observed,https://ourworldindata.org/grapher/levelized-cost-of-energy.csv,2026-09-28T22:52:30.344Z,{}
solar,solar--levelized-cost-of-energy-italy-onshore-wind,Italy · Onshore wind,Italy,Onshore wind,2013-12-31,2013,year,2013-01-01,0.114887804,USD 2025 / kWh,annual,observed,https://ourworldindata.org/grapher/levelized-cost-of-energy.csv,2026-09-28T22:52:30.344Z,{}
solar,solar--levelized-cost-of-energy-italy-solar-photovoltaic,Italy · Solar photovoltaic,Italy,Solar photovoltaic,2013-12-31,2013,year,2013-01-01,0.20336157,USD 2025 / kWh,annual,observed,https://ourworldindata.org/grapher/levelized-cost-of-energy.csv,2026-09-28T22:52:30.344Z,{}
solar,solar--levelized-cost-of-energy-japan-onshore-wind,Japan · Onshore wind,Japan,Onshore wind,2013-12-31,2013,year,2013-01-01,0.18547483,USD 2025 / kWh,annual,observed,https://ourworldindata.org/grapher/levelized-cost-of-energy.csv,2026-09-28T22:52:30.344Z,{}
solar,solar--levelized-cost-of-energy-japan-solar-photovoltaic,Japan · Solar photovoltaic,Japan,Solar photovoltaic,2013-12-31,2013,year,2013-01-01,0.3006787,USD 2025 / kWh,annual,observed,https://ourworldindata.org/grapher/levelized-cost-of-energy.csv,2026-09-28T22:52:30.344Z,{}
solar,solar--levelized-cost-of-energy-mexico-onshore-wind,Mexico · Onshore wind,Mexico,Onshore wind,2013-12-31,2013,year,2013-01-01,0.08772501,USD 2025 / kWh,annual,observed,https://ourworldindata.org/grapher/levelized-cost-of-energy.csv,2026-09-28T22:52:30.344Z,{}
solar,solar--levelized-cost-of-energy-mexico-solar-photovoltaic,Mexico · Solar photovoltaic,Mexico,Solar photovoltaic,2013-12-31,2013,year,2013-01-01,0.21345128,USD 2025 / kWh,annual,observed,https://ourworldindata.org/grapher/levelized-cost-of-energy.csv,2026-09-28T22:52:30.344Z,{}
solar,solar--levelized-cost-of-energy-morocco-onshore-wind,Morocco · Onshore wind,Morocco,Onshore wind,2013-12-31,2013,year,2013-01-01,0.0795557,USD 2025 / kWh,annual,observed,https://ourworldindata.org/grapher/levelized-cost-of-energy.csv,2026-09-28T22:52:30.344Z,{}
solar,solar--levelized-cost-of-energy-netherlands-onshore-wind,Netherlands · Onshore wind,Netherlands,Onshore wind,2013-12-31,2013,year,2013-01-01,0.09088859,USD 2025 / kWh,annual,observed,https://ourworldindata.org/grapher/levelized-cost-of-energy.csv,2026-09-28T22:52:30.344Z,{}
solar,solar--levelized-cost-of-energy-netherlands-solar-photovoltaic,Netherlands · Solar photovoltaic,Netherlands,Solar photovoltaic,2013-12-31,2013,year,2013-01-01,,USD 2025 / kWh,annual,observed,https://ourworldindata.org/grapher/levelized-cost-of-energy.csv,2026-09-28T22:52:30.344Z,{}
solar,solar--levelized-cost-of-energy-norway-onshore-wind,Norway · Onshore wind,Norway,Onshore wind,2013-12-31,2013,year,2013-01-01,0.09876536,USD 2025 / kWh,annual,observed,https://ourworldindata.org/grapher/levelized-cost-of-energy.csv,2026-09-28T22:52:30.344Z,{}
solar,solar--levelized-cost-of-energy-panama-onshore-wind,Panama · Onshore wind,Panama,Onshore wind,2013-12-31,2013,year,2013-01-01,0.099661924,USD 2025 / kWh,annual,observed,https://ourworldindata.org/grapher/levelized-cost-of-energy.csv,2026-09-28T22:52:30.344Z,{}
solar,solar--levelized-cost-of-energy-peru-onshore-wind,Peru · Onshore wind,Peru,Onshore wind,2013-12-31,2013,year,2013-01-01,0.06487301,USD 2025 / kWh,annual,observed,https://ourworldindata.org/grapher/levelized-cost-of-energy.csv,2026-09-28T22:52:30.344Z,{}
solar,solar--levelized-cost-of-energy-philippines-onshore-wind,Philippines · Onshore wind,Philippines,Onshore wind,2013-12-31,2013,year,2013-01-01,0.17666155,USD 2025 / kWh,annual,observed,https://ourworldindata.org/grapher/levelized-cost-of-energy.csv,2026-09-28T22:52:30.344Z,{}
solar,solar--levelized-cost-of-energy-poland-onshore-wind,Poland · Onshore wind,Poland,Onshore wind,2013-12-31,2013,year,2013-01-01,0.15912358,USD 2025 / kWh,annual,observed,https://ourworldindata.org/grapher/levelized-cost-of-energy.csv,2026-09-28T22:52:30.344Z,{}
solar,solar--levelized-cost-of-energy-poland-solar-photovoltaic,Poland · Solar photovoltaic,Poland,Solar photovoltaic,2013-12-31,2013,year,2013-01-01,,USD 2025 / kWh,annual,observed,https://ourworldindata.org/grapher/levelized-cost-of-energy.csv,2026-09-28T22:52:30.344Z,{}
solar,solar--levelized-cost-of-energy-portugal-onshore-wind,Portugal · Onshore wind,Portugal,Onshore wind,2013-12-31,2013,year,2013-01-01,0.12646028,USD 2025 / kWh,annual,observed,https://ourworldindata.org/grapher/levelized-cost-of-energy.csv,2026-09-28T22:52:30.344Z,{}
solar,solar--levelized-cost-of-energy-portugal-solar-photovoltaic,Portugal · Solar photovoltaic,Portugal,Solar photovoltaic,2013-12-31,2013,year,2013-01-01,,USD 2025 / kWh,annual,observed,https://ourworldindata.org/grapher/levelized-cost-of-energy.csv,2026-09-28T22:52:30.344Z,{}
solar,solar--levelized-cost-of-energy-south-africa-onshore-wind,South Africa · Onshore wind,South Africa,Onshore wind,2013-12-31,2013,year,2013-01-01,0.14895849,USD 2025 / kWh,annual,observed,https://ourworldindata.org/grapher/levelized-cost-of-energy.csv,2026-09-28T22:52:30.344Z,{}
solar,solar--levelized-cost-of-energy-south-africa-solar-photovoltaic,South Africa · Solar photovoltaic,South Africa,Solar photovoltaic,2013-12-31,2013,year,2013-01-01,,USD 2025 / kWh,annual,observed,https://ourworldindata.org/grapher/levelized-cost-of-energy.csv,2026-09-28T22:52:30.344Z,{}
solar,solar--levelized-cost-of-energy-south-korea-onshore-wind,South Korea · Onshore wind,South Korea,Onshore wind,2013-12-31,2013,year,2013-01-01,,USD 2025 / kWh,annual,observed,https://ourworldindata.org/grapher/levelized-cost-of-energy.csv,2026-09-28T22:52:30.344Z,{}
solar,solar--levelized-cost-of-energy-south-korea-solar-photovoltaic,South Korea · Solar photovoltaic,South Korea,Solar photovoltaic,2013-12-31,2013,year,2013-01-01,0.2582581,USD 2025 / kWh,annual,observed,https://ourworldindata.org/grapher/levelized-cost-of-energy.csv,2026-09-28T22:52:30.344Z,{}
solar,solar--levelized-cost-of-energy-spain-onshore-wind,Spain · Onshore wind,Spain,Onshore wind,2013-12-31,2013,year,2013-01-01,0.10306053,USD 2025 / kWh,annual,observed,https://ourworldindata.org/grapher/levelized-cost-of-energy.csv,2026-09-28T22:52:30.344Z,{}
solar,solar--levelized-cost-of-energy-spain-solar-photovoltaic,Spain · Solar photovoltaic,Spain,Solar photovoltaic,2013-12-31,2013,year,2013-01-01,0.16023909,USD 2025 / kWh,annual,observed,https://ourworldindata.org/grapher/levelized-cost-of-energy.csv,2026-09-28T22:52:30.344Z,{}
solar,solar--levelized-cost-of-energy-sweden-onshore-wind,Sweden · Onshore wind,Sweden,Onshore wind,2013-12-31,2013,year,2013-01-01,0.09361938,USD 2025 / kWh,annual,observed,https://ourworldindata.org/grapher/levelized-cost-of-energy.csv,2026-09-28T22:52:30.344Z,{}
solar,solar--levelized-cost-of-energy-thailand-solar-photovoltaic,Thailand · Solar photovoltaic,Thailand,Solar photovoltaic,2013-12-31,2013,year,2013-01-01,0.25651518,USD 2025 / kWh,annual,observed,https://ourworldindata.org/grapher/levelized-cost-of-energy.csv,2026-09-28T22:52:30.344Z,{}
solar,solar--levelized-cost-of-energy-turkey-onshore-wind,Turkey · Onshore wind,Turkey,Onshore wind,2013-12-31,2013,year,2013-01-01,0.09538295,USD 2025 / kWh,annual,observed,https://ourworldindata.org/grapher/levelized-cost-of-energy.csv,2026-09-28T22:52:30.344Z,{}
solar,solar--levelized-cost-of-energy-turkey-solar-photovoltaic,Turkey · Solar photovoltaic,Turkey,Solar photovoltaic,2013-12-31,2013,year,2013-01-01,,USD 2025 / kWh,annual,observed,https://ourworldindata.org/grapher/levelized-cost-of-energy.csv,2026-09-28T22:52:30.344Z,{}
solar,solar--levelized-cost-of-energy-ukraine-onshore-wind,Ukraine · Onshore wind,Ukraine,Onshore wind,2013-12-31,2013,year,2013-01-01,0.16588853,USD 2025 / kWh,annual,observed,https://ourworldindata.org/grapher/levelized-cost-of-energy.csv,2026-09-28T22:52:30.344Z,{}
solar,solar--levelized-cost-of-energy-united-kingdom-onshore-wind,United Kingdom · Onshore wind,United Kingdom,Onshore wind,2013-12-31,2013,year,2013-01-01,0.1049123,USD 2025 / kWh,annual,observed,https://ourworldindata.org/grapher/levelized-cost-of-energy.csv,2026-09-28T22:52:30.344Z,{}
solar,solar--levelized-cost-of-energy-united-kingdom-solar-photovoltaic,United Kingdom · Solar photovoltaic,United Kingdom,Solar photovoltaic,2013-12-31,2013,year,2013-01-01,0.27084237,USD 2025 / kWh,annual,observed,https://ourworldindata.org/grapher/levelized-cost-of-energy.csv,2026-09-28T22:52:30.344Z,{}
solar,solar--levelized-cost-of-energy-united-states-onshore-wind,United States · Onshore wind,United States,Onshore wind,2013-12-31,2013,year,2013-01-01,0.08420034,USD 2025 / kWh,annual,observed,https://ourworldindata.org/grapher/levelized-cost-of-energy.csv,2026-09-28T22:52:30.344Z,{}
solar,solar--levelized-cost-of-energy-united-states-solar-photovoltaic,United States · Solar photovoltaic,United States,Solar photovoltaic,2013-12-31,2013,year,2013-01-01,0.2247678,USD 2025 / kWh,annual,observed,https://ourworldindata.org/grapher/levelized-cost-of-energy.csv,2026-09-28T22:52:30.344Z,{}
solar,solar--levelized-cost-of-energy-uruguay-onshore-wind,Uruguay · Onshore wind,Uruguay,Onshore wind,2013-12-31,2013,year,2013-01-01,0.08089767,USD 2025 / kWh,annual,observed,https://ourworldindata.org/grapher/levelized-cost-of-energy.csv,2026-09-28T22:52:30.344Z,{}
solar,solar--levelized-cost-of-energy-vietnam-onshore-wind,Vietnam · Onshore wind,Vietnam,Onshore wind,2013-12-31,2013,year,2013-01-01,0.119737215,USD 2025 / kWh,annual,observed,https://ourworldindata.org/grapher/levelized-cost-of-energy.csv,2026-09-28T22:52:30.344Z,{}
solar,solar--levelized-cost-of-energy-world-bioenergy,Bioenergy,World,Bioenergy,2013-12-31,2013,year,2013-01-01,0.09458504,USD 2025 / kWh,annual,observed,https://ourworldindata.org/grapher/levelized-cost-of-energy.csv,2026-09-28T22:52:30.344Z,{}
solar,solar--levelized-cost-of-energy-world-concentrated-solar-power,Concentrated solar power,World,Concentrated solar power,2013-12-31,2013,year,2013-01-01,0.28220764,USD 2025 / kWh,annual,observed,https://ourworldindata.org/grapher/levelized-cost-of-energy.csv,2026-09-28T22:52:30.344Z,{}
solar,solar--levelized-cost-of-energy-world-geothermal,Geothermal,World,Geothermal,2013-12-31,2013,year,2013-01-01,0.07336675,USD 2025 / kWh,annual,observed,https://ourworldindata.org/grapher/levelized-cost-of-energy.csv,2026-09-28T22:52:30.344Z,{}
solar,solar--levelized-cost-of-energy-world-hydropower,Hydropower,World,Hydropower,2013-12-31,2013,year,2013-01-01,0.047016606,USD 2025 / kWh,annual,observed,https://ourworldindata.org/grapher/levelized-cost-of-energy.csv,2026-09-28T22:52:30.344Z,{}
solar,solar--levelized-cost-of-energy-world-offshore-wind,Offshore wind,World,Offshore wind,2013-12-31,2013,year,2013-01-01,0.15528043,USD 2025 / kWh,annual,observed,https://ourworldindata.org/grapher/levelized-cost-of-energy.csv,2026-09-28T22:52:30.344Z,{}
solar,solar--levelized-cost-of-energy-world-onshore-wind,Onshore wind,World,Onshore wind,2013-12-31,2013,year,2013-01-01,0.09904958,USD 2025 / kWh,annual,observed,https://ourworldindata.org/grapher/levelized-cost-of-energy.csv,2026-09-28T22:52:30.344Z,{}
solar,solar--levelized-cost-of-energy-world-solar-photovoltaic,Solar photovoltaic,World,Solar photovoltaic,2013-12-31,2013,year,2013-01-01,0.20261951,USD 2025 / kWh,annual,observed,https://ourworldindata.org/grapher/levelized-cost-of-energy.csv,2026-09-28T22:52:30.344Z,{}
solar,solar--levelized-cost-of-energy-argentina-onshore-wind,Argentina · Onshore wind,Argentina,Onshore wind,2014-12-31,2014,year,2014-01-01,0.11122079,USD 2025 / kWh,annual,observed,https://ourworldindata.org/grapher/levelized-cost-of-energy.csv,2026-09-28T22:52:30.344Z,{}
solar,solar--levelized-cost-of-energy-australia-onshore-wind,Australia · Onshore wind,Australia,Onshore wind,2014-12-31,2014,year,2014-01-01,0.09619286,USD 2025 / kWh,annual,observed,https://ourworldindata.org/grapher/levelized-cost-of-energy.csv,2026-09-28T22:52:30.344Z,{}
solar,solar--levelized-cost-of-energy-australia-solar-photovoltaic,Australia · Solar photovoltaic,Australia,Solar photovoltaic,2014-12-31,2014,year,2014-01-01,0.14194363,USD 2025 / kWh,annual,observed,https://ourworldindata.org/grapher/levelized-cost-of-energy.csv,2026-09-28T22:52:30.344Z,{}
solar,solar--levelized-cost-of-energy-austria-onshore-wind,Austria · Onshore wind,Austria,Onshore wind,2014-12-31,2014,year,2014-01-01,0.11794091,USD 2025 / kWh,annual,observed,https://ourworldindata.org/grapher/levelized-cost-of-energy.csv,2026-09-28T22:52:30.344Z,{}
solar,solar--levelized-cost-of-energy-belgium-onshore-wind,Belgium · Onshore wind,Belgium,Onshore wind,2014-12-31,2014,year,2014-01-01,0.103568085,USD 2025 / kWh,annual,observed,https://ourworldindata.org/grapher/levelized-cost-of-energy.csv,2026-09-28T22:52:30.344Z,{}
solar,solar--levelized-cost-of-energy-brazil-onshore-wind,Brazil · Onshore wind,Brazil,Onshore wind,2014-12-31,2014,year,2014-01-01,0.071932584,USD 2025 / kWh,annual,observed,https://ourworldindata.org/grapher/levelized-cost-of-energy.csv,2026-09-28T22:52:30.344Z,{}
solar,solar--levelized-cost-of-energy-brazil-solar-photovoltaic,Brazil · Solar photovoltaic,Brazil,Solar photovoltaic,2014-12-31,2014,year,2014-01-01,0.16850738,USD 2025 / kWh,annual,observed,https://ourworldindata.org/grapher/levelized-cost-of-energy.csv,2026-09-28T22:52:30.344Z,{}
solar,solar--levelized-cost-of-energy-canada-onshore-wind,Canada · Onshore wind,Canada,Onshore wind,2014-12-31,2014,year,2014-01-01,0.09747088,USD 2025 / kWh,annual,observed,https://ourworldindata.org/grapher/levelized-cost-of-energy.csv,2026-09-28T22:52:30.344Z,{}
solar,solar--levelized-cost-of-energy-canada-solar-photovoltaic,Canada · Solar photovoltaic,Canada,Solar photovoltaic,2014-12-31,2014,year,2014-01-01,,USD 2025 / kWh,annual,observed,https://ourworldindata.org/grapher/levelized-cost-of-energy.csv,2026-09-28T22:52:30.344Z,{}
solar,solar--levelized-cost-of-energy-chile-onshore-wind,Chile · Onshore wind,Chile,Onshore wind,2014-12-31,2014,year,2014-01-01,0.09918607,USD 2025 / kWh,annual,observed,https://ourworldindata.org/grapher/levelized-cost-of-energy.csv,2026-09-28T22:52:30.344Z,{}
solar,solar--levelized-cost-of-energy-chile-solar-photovoltaic,Chile · Solar photovoltaic,Chile,Solar photovoltaic,2014-12-31,2014,year,2014-01-01,0.15909909,USD 2025 / kWh,annual,observed,https://ourworldindata.org/grapher/levelized-cost-of-energy.csv,2026-09-28T22:52:30.344Z,{}
solar,solar--levelized-cost-of-energy-china-onshore-wind,China · Onshore wind,China,Onshore wind,2014-12-31,2014,year,2014-01-01,0.07613764,USD 2025 / kWh,annual,observed,https://ourworldindata.org/grapher/levelized-cost-of-energy.csv,2026-09-28T22:52:30.344Z,{}
solar,solar--levelized-cost-of-energy-china-solar-photovoltaic,China · Solar photovoltaic,China,Solar photovoltaic,2014-12-31,2014,year,2014-01-01,0.12963891,USD 2025 / kWh,annual,observed,https://ourworldindata.org/grapher/levelized-cost-of-energy.csv,2026-09-28T22:52:30.344Z,{}
solar,solar--levelized-cost-of-energy-costa-rica-onshore-wind,Costa Rica · Onshore wind,Costa Rica,Onshore wind,2014-12-31,2014,year,2014-01-01,0.075524956,USD 2025 / kWh,annual,observed,https://ourworldindata.org/grapher/levelized-cost-of-energy.csv,2026-09-28T22:52:30.344Z,{}
solar,solar--levelized-cost-of-energy-croatia-onshore-wind,Croatia · Onshore wind,Croatia,Onshore wind,2014-12-31,2014,year,2014-01-01,0.18128993,USD 2025 / kWh,annual,observed,https://ourworldindata.org/grapher/levelized-cost-of-energy.csv,2026-09-28T22:52:30.344Z,{}
solar,solar--levelized-cost-of-energy-dominican-republic-onshore-wind,Dominican Republic · Onshore wind,Dominican Republic,Onshore wind,2014-12-31,2014,year,2014-01-01,0.16479385,USD 2025 / kWh,annual,observed,https://ourworldindata.org/grapher/levelized-cost-of-energy.csv,2026-09-28T22:52:30.344Z,{}
solar,solar--levelized-cost-of-energy-finland-onshore-wind,Finland · Onshore wind,Finland,Onshore wind,2014-12-31,2014,year,2014-01-01,0.09207961,USD 2025 / kWh,annual,observed,https://ourworldindata.org/grapher/levelized-cost-of-energy.csv,2026-09-28T22:52:30.344Z,{}
solar,solar--levelized-cost-of-energy-france-onshore-wind,France · Onshore wind,France,Onshore wind,2014-12-31,2014,year,2014-01-01,0.09764253,USD 2025 / kWh,annual,observed,https://ourworldindata.org/grapher/levelized-cost-of-energy.csv,2026-09-28T22:52:30.344Z,{}
solar,solar--levelized-cost-of-energy-france-solar-photovoltaic,France · Solar photovoltaic,France,Solar photovoltaic,2014-12-31,2014,year,2014-01-01,0.18537629,USD 2025 / kWh,annual,observed,https://ourworldindata.org/grapher/levelized-cost-of-energy.csv,2026-09-28T22:52:30.344Z,{}
solar,solar--levelized-cost-of-energy-germany-onshore-wind,Germany · Onshore wind,Germany,Onshore wind,2014-12-31,2014,year,2014-01-01,0.111987285,USD 2025 / kWh,annual,observed,https://ourworldindata.org/grapher/levelized-cost-of-energy.csv,2026-09-28T22:52:30.344Z,{}
solar,solar--levelized-cost-of-energy-germany-solar-photovoltaic,Germany · Solar photovoltaic,Germany,Solar photovoltaic,2014-12-31,2014,year,2014-01-01,0.16527328,USD 2025 / kWh,annual,observed,https://ourworldindata.org/grapher/levelized-cost-of-energy.csv,2026-09-28T22:52:30.344Z,{}
solar,solar--levelized-cost-of-energy-greece-onshore-wind,Greece · Onshore wind,Greece,Onshore wind,2014-12-31,2014,year,2014-01-01,0.109748885,USD 2025 / kWh,annual,observed,https://ourworldindata.org/grapher/levelized-cost-of-energy.csv,2026-09-28T22:52:30.344Z,{}
solar,solar--levelized-cost-of-energy-greece-solar-photovoltaic,Greece · Solar photovoltaic,Greece,Solar photovoltaic,2014-12-31,2014,year,2014-01-01,,USD 2025 / kWh,annual,observed,https://ourworldindata.org/grapher/levelized-cost-of-energy.csv,2026-09-28T22:52:30.344Z,{}
solar,solar--levelized-cost-of-energy-india-onshore-wind,India · Onshore wind,India,Onshore wind,2014-12-31,2014,year,2014-01-01,0.10089447,USD 2025 / kWh,annual,observed,https://ourworldindata.org/grapher/levelized-cost-of-energy.csv,2026-09-28T22:52:30.344Z,{}
solar,solar--levelized-cost-of-energy-india-solar-photovoltaic,India · Solar photovoltaic,India,Solar photovoltaic,2014-12-31,2014,year,2014-01-01,0.14371087,USD 2025 / kWh,annual,observed,https://ourworldindata.org/grapher/levelized-cost-of-energy.csv,2026-09-28T22:52:30.344Z,{}
solar,solar--levelized-cost-of-energy-ireland-onshore-wind,Ireland · Onshore wind,Ireland,Onshore wind,2014-12-31,2014,year,2014-01-01,0.11760804,USD 2025 / kWh,annual,observed,https://ourworldindata.org/grapher/levelized-cost-of-energy.csv,2026-09-28T22:52:30.344Z,{}
solar,solar--levelized-cost-of-energy-italy-onshore-wind,Italy · Onshore wind,Italy,Onshore wind,2014-12-31,2014,year,2014-01-01,0.109356835,USD 2025 / kWh,annual,observed,https://ourworldindata.org/grapher/levelized-cost-of-energy.csv,2026-09-28T22:52:30.344Z,{}
solar,solar--levelized-cost-of-energy-italy-solar-photovoltaic,Italy · Solar photovoltaic,Italy,Solar photovoltaic,2014-12-31,2014,year,2014-01-01,0.16050053,USD 2025 / kWh,annual,observed,https://ourworldindata.org/grapher/levelized-cost-of-energy.csv,2026-09-28T22:52:30.344Z,{}
solar,solar--levelized-cost-of-energy-japan-onshore-wind,Japan · Onshore wind,Japan,Onshore wind,2014-12-31,2014,year,2014-01-01,0.17303234,USD 2025 / kWh,annual,observed,https://ourworldindata.org/grapher/levelized-cost-of-energy.csv,2026-09-28T22:52:30.344Z,{}
solar,solar--levelized-cost-of-energy-japan-solar-photovoltaic,Japan · Solar photovoltaic,Japan,Solar photovoltaic,2014-12-31,2014,year,2014-01-01,0.2659857,USD 2025 / kWh,annual,observed,https://ourworldindata.org/grapher/levelized-cost-of-energy.csv,2026-09-28T22:52:30.344Z,{}
solar,solar--levelized-cost-of-energy-mexico-onshore-wind,Mexico · Onshore wind,Mexico,Onshore wind,2014-12-31,2014,year,2014-01-01,0.0855938,USD 2025 / kWh,annual,observed,https://ourworldindata.org/grapher/levelized-cost-of-energy.csv,2026-09-28T22:52:30.344Z,{}
solar,solar--levelized-cost-of-energy-mexico-solar-photovoltaic,Mexico · Solar photovoltaic,Mexico,Solar photovoltaic,2014-12-31,2014,year,2014-01-01,0.1521159,USD 2025 / kWh,annual,observed,https://ourworldindata.org/grapher/levelized-cost-of-energy.csv,2026-09-28T22:52:30.344Z,{}
solar,solar--levelized-cost-of-energy-morocco-onshore-wind,Morocco · Onshore wind,Morocco,Onshore wind,2014-12-31,2014,year,2014-01-01,0.07546282,USD 2025 / kWh,annual,observed,https://ourworldindata.org/grapher/levelized-cost-of-energy.csv,2026-09-28T22:52:30.344Z,{}
solar,solar--levelized-cost-of-energy-netherlands-onshore-wind,Netherlands · Onshore wind,Netherlands,Onshore wind,2014-12-31,2014,year,2014-01-01,0.10883688,USD 2025 / kWh,annual,observed,https://ourworldindata.org/grapher/levelized-cost-of-energy.csv,2026-09-28T22:52:30.344Z,{}
solar,solar--levelized-cost-of-energy-netherlands-solar-photovoltaic,Netherlands · Solar photovoltaic,Netherlands,Solar photovoltaic,2014-12-31,2014,year,2014-01-01,,USD 2025 / kWh,annual,observed,https://ourworldindata.org/grapher/levelized-cost-of-energy.csv,2026-09-28T22:52:30.344Z,{}
solar,solar--levelized-cost-of-energy-new-zealand-onshore-wind,New Zealand · Onshore wind,New Zealand,Onshore wind,2014-12-31,2014,year,2014-01-01,0.08322095,USD 2025 / kWh,annual,observed,https://ourworldindata.org/grapher/levelized-cost-of-energy.csv,2026-09-28T22:52:30.344Z,{}
solar,solar--levelized-cost-of-energy-pakistan-onshore-wind,Pakistan · Onshore wind,Pakistan,Onshore wind,2014-12-31,2014,year,2014-01-01,0.091611646,USD 2025 / kWh,annual,observed,https://ourworldindata.org/grapher/levelized-cost-of-energy.csv,2026-09-28T22:52:30.344Z,{}
solar,solar--levelized-cost-of-energy-panama-onshore-wind,Panama · Onshore wind,Panama,Onshore wind,2014-12-31,2014,year,2014-01-01,0.088774286,USD 2025 / kWh,annual,observed,https://ourworldindata.org/grapher/levelized-cost-of-energy.csv,2026-09-28T22:52:30.344Z,{}
solar,solar--levelized-cost-of-energy-peru-onshore-wind,Peru · Onshore wind,Peru,Onshore wind,2014-12-31,2014,year,2014-01-01,0.09307982,USD 2025 / kWh,annual,observed,https://ourworldindata.org/grapher/levelized-cost-of-energy.csv,2026-09-28T22:52:30.344Z,{}
solar,solar--levelized-cost-of-energy-philippines-onshore-wind,Philippines · Onshore wind,Philippines,Onshore wind,2014-12-31,2014,year,2014-01-01,0.14914532,USD 2025 / kWh,annual,observed,https://ourworldindata.org/grapher/levelized-cost-of-energy.csv,2026-09-28T22:52:30.344Z,{}
solar,solar--levelized-cost-of-energy-poland-onshore-wind,Poland · Onshore wind,Poland,Onshore wind,2014-12-31,2014,year,2014-01-01,0.11818742,USD 2025 / kWh,annual,observed,https://ourworldindata.org/grapher/levelized-cost-of-energy.csv,2026-09-28T22:52:30.344Z,{}
solar,solar--levelized-cost-of-energy-poland-solar-photovoltaic,Poland · Solar photovoltaic,Poland,Solar photovoltaic,2014-12-31,2014,year,2014-01-01,,USD 2025 / kWh,annual,observed,https://ourworldindata.org/grapher/levelized-cost-of-energy.csv,2026-09-28T22:52:30.344Z,{}
solar,solar--levelized-cost-of-energy-portugal-onshore-wind,Portugal · Onshore wind,Portugal,Onshore wind,2014-12-31,2014,year,2014-01-01,0.0973783,USD 2025 / kWh,annual,observed,https://ourworldindata.org/grapher/levelized-cost-of-energy.csv,2026-09-28T22:52:30.344Z,{}
solar,solar--levelized-cost-of-energy-portugal-solar-photovoltaic,Portugal · Solar photovoltaic,Portugal,Solar photovoltaic,2014-12-31,2014,year,2014-01-01,,USD 2025 / kWh,annual,observed,https://ourworldindata.org/grapher/levelized-cost-of-energy.csv,2026-09-28T22:52:30.344Z,{}
solar,solar--levelized-cost-of-energy-south-africa-onshore-wind,South Africa · Onshore wind,South Africa,Onshore wind,2014-12-31,2014,year,2014-01-01,0.1257461,USD 2025 / kWh,annual,observed,https://ourworldindata.org/grapher/levelized-cost-of-energy.csv,2026-09-28T22:52:30.344Z,{}
solar,solar--levelized-cost-of-energy-south-africa-solar-photovoltaic,South Africa · Solar photovoltaic,South Africa,Solar photovoltaic,2014-12-31,2014,year,2014-01-01,,USD 2025 / kWh,annual,observed,https://ourworldindata.org/grapher/levelized-cost-of-energy.csv,2026-09-28T22:52:30.344Z,{}
solar,solar--levelized-cost-of-energy-south-korea-onshore-wind,South Korea · Onshore wind,South Korea,Onshore wind,2014-12-31,2014,year,2014-01-01,,USD 2025 / kWh,annual,observed,https://ourworldindata.org/grapher/levelized-cost-of-energy.csv,2026-09-28T22:52:30.344Z,{}
solar,solar--levelized-cost-of-energy-south-korea-solar-photovoltaic,South Korea · Solar photovoltaic,South Korea,Solar photovoltaic,2014-12-31,2014,year,2014-01-01,0.19834794,USD 2025 / kWh,annual,observed,https://ourworldindata.org/grapher/levelized-cost-of-energy.csv,2026-09-28T22:52:30.344Z,{}
solar,solar--levelized-cost-of-energy-spain-onshore-wind,Spain · Onshore wind,Spain,Onshore wind,2014-12-31,2014,year,2014-01-01,0.08576074,USD 2025 / kWh,annual,observed,https://ourworldindata.org/grapher/levelized-cost-of-energy.csv,2026-09-28T22:52:30.344Z,{}
solar,solar--levelized-cost-of-energy-spain-solar-photovoltaic,Spain · Solar photovoltaic,Spain,Solar photovoltaic,2014-12-31,2014,year,2014-01-01,0.15388542,USD 2025 / kWh,annual,observed,https://ourworldindata.org/grapher/levelized-cost-of-energy.csv,2026-09-28T22:52:30.344Z,{}
solar,solar--levelized-cost-of-energy-sweden-onshore-wind,Sweden · Onshore wind,Sweden,Onshore wind,2014-12-31,2014,year,2014-01-01,0.101477385,USD 2025 / kWh,annual,observed,https://ourworldindata.org/grapher/levelized-cost-of-energy.csv,2026-09-28T22:52:30.344Z,{}
solar,solar--levelized-cost-of-energy-thailand-solar-photovoltaic,Thailand · Solar photovoltaic,Thailand,Solar photovoltaic,2014-12-31,2014,year,2014-01-01,0.2638357,USD 2025 / kWh,annual,observed,https://ourworldindata.org/grapher/levelized-cost-of-energy.csv,2026-09-28T22:52:30.344Z,{}
solar,solar--levelized-cost-of-energy-turkey-onshore-wind,Turkey · Onshore wind,Turkey,Onshore wind,2014-12-31,2014,year,2014-01-01,0.095851585,USD 2025 / kWh,annual,observed,https://ourworldindata.org/grapher/levelized-cost-of-energy.csv,2026-09-28T22:52:30.344Z,{}
solar,solar--levelized-cost-of-energy-turkey-solar-photovoltaic,Turkey · Solar photovoltaic,Turkey,Solar photovoltaic,2014-12-31,2014,year,2014-01-01,,USD 2025 / kWh,annual,observed,https://ourworldindata.org/grapher/levelized-cost-of-energy.csv,2026-09-28T22:52:30.344Z,{}
solar,solar--levelized-cost-of-energy-ukraine-onshore-wind,Ukraine · Onshore wind,Ukraine,Onshore wind,2014-12-31,2014,year,2014-01-01,0.13565658,USD 2025 / kWh,annual,observed,https://ourworldindata.org/grapher/levelized-cost-of-energy.csv,2026-09-28T22:52:30.344Z,{}
solar,solar--levelized-cost-of-energy-united-kingdom-onshore-wind,United Kingdom · Onshore wind,United Kingdom,Onshore wind,2014-12-31,2014,year,2014-01-01,0.09902126,USD 2025 / kWh,annual,observed,https://ourworldindata.org/grapher/levelized-cost-of-energy.csv,2026-09-28T22:52:30.344Z,{}
solar,solar--levelized-cost-of-energy-united-kingdom-solar-photovoltaic,United Kingdom · Solar photovoltaic,United Kingdom,Solar photovoltaic,2014-12-31,2014,year,2014-01-01,0.22103882,USD 2025 / kWh,annual,observed,https://ourworldindata.org/grapher/levelized-cost-of-energy.csv,2026-09-28T22:52:30.344Z,{}
solar,solar--levelized-cost-of-energy-united-states-onshore-wind,United States · Onshore wind,United States,Onshore wind,2014-12-31,2014,year,2014-01-01,0.067436114,USD 2025 / kWh,annual,observed,https://ourworldindata.org/grapher/levelized-cost-of-energy.csv,2026-09-28T22:52:30.344Z,{}
solar,solar--levelized-cost-of-energy-united-states-solar-photovoltaic,United States · Solar photovoltaic,United States,Solar photovoltaic,2014-12-31,2014,year,2014-01-01,0.17015259,USD 2025 / kWh,annual,observed,https://ourworldindata.org/grapher/levelized-cost-of-energy.csv,2026-09-28T22:52:30.344Z,{}
solar,solar--levelized-cost-of-energy-uruguay-onshore-wind,Uruguay · Onshore wind,Uruguay,Onshore wind,2014-12-31,2014,year,2014-01-01,0.086148955,USD 2025 / kWh,annual,observed,https://ourworldindata.org/grapher/levelized-cost-of-energy.csv,2026-09-28T22:52:30.344Z,{}
solar,solar--levelized-cost-of-energy-world-bioenergy,Bioenergy,World,Bioenergy,2014-12-31,2014,year,2014-01-01,0.09174505,USD 2025 / kWh,annual,observed,https://ourworldindata.org/grapher/levelized-cost-of-energy.csv,2026-09-28T22:52:30.344Z,{}
solar,solar--levelized-cost-of-energy-world-concentrated-solar-power,Concentrated solar power,World,Concentrated solar power,2014-12-31,2014,year,2014-01-01,0.24910912,USD 2025 / kWh,annual,observed,https://ourworldindata.org/grapher/levelized-cost-of-energy.csv,2026-09-28T22:52:30.344Z,{}
solar,solar--levelized-cost-of-energy-world-geothermal,Geothermal,World,Geothermal,2014-12-31,2014,year,2014-01-01,0.074082755,USD 2025 / kWh,annual,observed,https://ourworldindata.org/grapher/levelized-cost-of-energy.csv,2026-09-28T22:52:30.344Z,{}
solar,solar--levelized-cost-of-energy-world-hydropower,Hydropower,World,Hydropower,2014-12-31,2014,year,2014-01-01,0.037323296,USD 2025 / kWh,annual,observed,https://ourworldindata.org/grapher/levelized-cost-of-energy.csv,2026-09-28T22:52:30.344Z,{}
solar,solar--levelized-cost-of-energy-world-offshore-wind,Offshore wind,World,Offshore wind,2014-12-31,2014,year,2014-01-01,0.19674823,USD 2025 / kWh,annual,observed,https://ourworldindata.org/grapher/levelized-cost-of-energy.csv,2026-09-28T22:52:30.344Z,{}
solar,solar--levelized-cost-of-energy-world-onshore-wind,Onshore wind,World,Onshore wind,2014-12-31,2014,year,2014-01-01,0.08761301,USD 2025 / kWh,annual,observed,https://ourworldindata.org/grapher/levelized-cost-of-energy.csv,2026-09-28T22:52:30.344Z,{}
solar,solar--levelized-cost-of-energy-world-solar-photovoltaic,Solar photovoltaic,World,Solar photovoltaic,2014-12-31,2014,year,2014-01-01,0.18077093,USD 2025 / kWh,annual,observed,https://ourworldindata.org/grapher/levelized-cost-of-energy.csv,2026-09-28T22:52:30.344Z,{}
solar,solar--levelized-cost-of-energy-argentina-onshore-wind,Argentina · Onshore wind,Argentina,Onshore wind,2015-12-31,2015,year,2015-01-01,0.10638489,USD 2025 / kWh,annual,observed,https://ourworldindata.org/grapher/levelized-cost-of-energy.csv,2026-09-28T22:52:30.344Z,{}
solar,solar--levelized-cost-of-energy-australia-onshore-wind,Australia · Onshore wind,Australia,Onshore wind,2015-12-31,2015,year,2015-01-01,0.082047604,USD 2025 / kWh,annual,observed,https://ourworldindata.org/grapher/levelized-cost-of-energy.csv,2026-09-28T22:52:30.344Z,{}
solar,solar--levelized-cost-of-energy-australia-solar-photovoltaic,Australia · Solar photovoltaic,Australia,Solar photovoltaic,2015-12-31,2015,year,2015-01-01,0.12176265,USD 2025 / kWh,annual,observed,https://ourworldindata.org/grapher/levelized-cost-of-energy.csv,2026-09-28T22:52:30.344Z,{}
solar,solar--levelized-cost-of-energy-austria-onshore-wind,Austria · Onshore wind,Austria,Onshore wind,2015-12-31,2015,year,2015-01-01,0.104813546,USD 2025 / kWh,annual,observed,https://ourworldindata.org/grapher/levelized-cost-of-energy.csv,2026-09-28T22:52:30.344Z,{}
solar,solar--levelized-cost-of-energy-belgium-onshore-wind,Belgium · Onshore wind,Belgium,Onshore wind,2015-12-31,2015,year,2015-01-01,0.09522925,USD 2025 / kWh,annual,observed,https://ourworldindata.org/grapher/levelized-cost-of-energy.csv,2026-09-28T22:52:30.344Z,{}
solar,solar--levelized-cost-of-energy-brazil-onshore-wind,Brazil · Onshore wind,Brazil,Onshore wind,2015-12-31,2015,year,2015-01-01,0.062089,USD 2025 / kWh,annual,observed,https://ourworldindata.org/grapher/levelized-cost-of-energy.csv,2026-09-28T22:52:30.344Z,{}
solar,solar--levelized-cost-of-energy-brazil-solar-photovoltaic,Brazil · Solar photovoltaic,Brazil,Solar photovoltaic,2015-12-31,2015,year,2015-01-01,0.1836573,USD 2025 / kWh,annual,observed,https://ourworldindata.org/grapher/levelized-cost-of-energy.csv,2026-09-28T22:52:30.344Z,{}
solar,solar--levelized-cost-of-energy-canada-onshore-wind,Canada · Onshore wind,Canada,Onshore wind,2015-12-31,2015,year,2015-01-01,0.08830686,USD 2025 / kWh,annual,observed,https://ourworldindata.org/grapher/levelized-cost-of-energy.csv,2026-09-28T22:52:30.344Z,{}
solar,solar--levelized-cost-of-energy-canada-solar-photovoltaic,Canada · Solar photovoltaic,Canada,Solar photovoltaic,2015-12-31,2015,year,2015-01-01,,USD 2025 / kWh,annual,observed,https://ourworldindata.org/grapher/levelized-cost-of-energy.csv,2026-09-28T22:52:30.344Z,{}
solar,solar--levelized-cost-of-energy-chile-onshore-wind,Chile · Onshore wind,Chile,Onshore wind,2015-12-31,2015,year,2015-01-01,0.09556158,USD 2025 / kWh,annual,observed,https://ourworldindata.org/grapher/levelized-cost-of-energy.csv,2026-09-28T22:52:30.344Z,{}
solar,solar--levelized-cost-of-energy-chile-solar-photovoltaic,Chile · Solar photovoltaic,Chile,Solar photovoltaic,2015-12-31,2015,year,2015-01-01,0.11017988,USD 2025 / kWh,annual,observed,https://ourworldindata.org/grapher/levelized-cost-of-energy.csv,2026-09-28T22:52:30.344Z,{}
solar,solar--levelized-cost-of-energy-china-onshore-wind,China · Onshore wind,China,Onshore wind,2015-12-31,2015,year,2015-01-01,0.07068341,USD 2025 / kWh,annual,observed,https://ourworldindata.org/grapher/levelized-cost-of-energy.csv,2026-09-28T22:52:30.344Z,{}
solar,solar--levelized-cost-of-energy-china-solar-photovoltaic,China · Solar photovoltaic,China,Solar photovoltaic,2015-12-31,2015,year,2015-01-01,0.0966326,USD 2025 / kWh,annual,observed,https://ourworldindata.org/grapher/levelized-cost-of-energy.csv,2026-09-28T22:52:30.344Z,{}
solar,solar--levelized-cost-of-energy-costa-rica-onshore-wind,Costa Rica · Onshore wind,Costa Rica,Onshore wind,2015-12-31,2015,year,2015-01-01,0.07354329,USD 2025 / kWh,annual,observed,https://ourworldindata.org/grapher/levelized-cost-of-energy.csv,2026-09-28T22:52:30.344Z,{}
solar,solar--levelized-cost-of-energy-croatia-onshore-wind,Croatia · Onshore wind,Croatia,Onshore wind,2015-12-31,2015,year,2015-01-01,0.0982597,USD 2025 / kWh,annual,observed,https://ourworldindata.org/grapher/levelized-cost-of-energy.csv,2026-09-28T22:52:30.344Z,{}
solar,solar--levelized-cost-of-energy-denmark-onshore-wind,Denmark · Onshore wind,Denmark,Onshore wind,2015-12-31,2015,year,2015-01-01,0.071291685,USD 2025 / kWh,annual,observed,https://ourworldindata.org/grapher/levelized-cost-of-energy.csv,2026-09-28T22:52:30.344Z,{}
solar,solar--levelized-cost-of-energy-egypt-onshore-wind,Egypt · Onshore wind,Egypt,Onshore wind,2015-12-31,2015,year,2015-01-01,0.072644636,USD 2025 / kWh,annual,observed,https://ourworldindata.org/grapher/levelized-cost-of-energy.csv,2026-09-28T22:52:30.344Z,{}
solar,solar--levelized-cost-of-energy-ethiopia-onshore-wind,Ethiopia · Onshore wind,Ethiopia,Onshore wind,2015-12-31,2015,year,2015-01-01,0.10011109,USD 2025 / kWh,annual,observed,https://ourworldindata.org/grapher/levelized-cost-of-energy.csv,2026-09-28T22:52:30.344Z,{}
solar,solar--levelized-cost-of-energy-finland-onshore-wind,Finland · Onshore wind,Finland,Onshore wind,2015-12-31,2015,year,2015-01-01,0.08614764,USD 2025 / kWh,annual,observed,https://ourworldindata.org/grapher/levelized-cost-of-energy.csv,2026-09-28T22:52:30.344Z,{}
solar,solar--levelized-cost-of-energy-france-onshore-wind,France · Onshore wind,France,Onshore wind,2015-12-31,2015,year,2015-01-01,0.09126384,USD 2025 / kWh,annual,observed,https://ourworldindata.org/grapher/levelized-cost-of-energy.csv,2026-09-28T22:52:30.344Z,{}
solar,solar--levelized-cost-of-energy-france-solar-photovoltaic,France · Solar photovoltaic,France,Solar photovoltaic,2015-12-31,2015,year,2015-01-01,0.12987319,USD 2025 / kWh,annual,observed,https://ourworldindata.org/grapher/levelized-cost-of-energy.csv,2026-09-28T22:52:30.344Z,{}
solar,solar--levelized-cost-of-energy-germany-onshore-wind,Germany · Onshore wind,Germany,Onshore wind,2015-12-31,2015,year,2015-01-01,0.10055146,USD 2025 / kWh,annual,observed,https://ourworldindata.org/grapher/levelized-cost-of-energy.csv,2026-09-28T22:52:30.344Z,{}
solar,solar--levelized-cost-of-energy-germany-solar-photovoltaic,Germany · Solar photovoltaic,Germany,Solar photovoltaic,2015-12-31,2015,year,2015-01-01,0.12924017,USD 2025 / kWh,annual,observed,https://ourworldindata.org/grapher/levelized-cost-of-energy.csv,2026-09-28T22:52:30.344Z,{}
solar,solar--levelized-cost-of-energy-greece-onshore-wind,Greece · Onshore wind,Greece,Onshore wind,2015-12-31,2015,year,2015-01-01,0.10473761,USD 2025 / kWh,annual,observed,https://ourworldindata.org/grapher/levelized-cost-of-energy.csv,2026-09-28T22:52:30.344Z,{}
solar,solar--levelized-cost-of-energy-greece-solar-photovoltaic,Greece · Solar photovoltaic,Greece,Solar photovoltaic,2015-12-31,2015,year,2015-01-01,,USD 2025 / kWh,annual,observed,https://ourworldindata.org/grapher/levelized-cost-of-energy.csv,2026-09-28T22:52:30.344Z,{}
solar,solar--levelized-cost-of-energy-india-onshore-wind,India · Onshore wind,India,Onshore wind,2015-12-31,2015,year,2015-01-01,0.087220214,USD 2025 / kWh,annual,observed,https://ourworldindata.org/grapher/levelized-cost-of-energy.csv,2026-09-28T22:52:30.344Z,{}
solar,solar--levelized-cost-of-energy-india-solar-photovoltaic,India · Solar photovoltaic,India,Solar photovoltaic,2015-12-31,2015,year,2015-01-01,0.09353033,USD 2025 / kWh,annual,observed,https://ourworldindata.org/grapher/levelized-cost-of-energy.csv,2026-09-28T22:52:30.344Z,{}
solar,solar--levelized-cost-of-energy-ireland-onshore-wind,Ireland · Onshore wind,Ireland,Onshore wind,2015-12-31,2015,year,2015-01-01,0.061931588,USD 2025 / kWh,annual,observed,https://ourworldindata.org/grapher/levelized-cost-of-energy.csv,2026-09-28T22:52:30.344Z,{}
solar,solar--levelized-cost-of-energy-italy-onshore-wind,Italy · Onshore wind,Italy,Onshore wind,2015-12-31,2015,year,2015-01-01,0.10574759,USD 2025 / kWh,annual,observed,https://ourworldindata.org/grapher/levelized-cost-of-energy.csv,2026-09-28T22:52:30.344Z,{}
solar,solar--levelized-cost-of-energy-italy-solar-photovoltaic,Italy · Solar photovoltaic,Italy,Solar photovoltaic,2015-12-31,2015,year,2015-01-01,,USD 2025 / kWh,annual,observed,https://ourworldindata.org/grapher/levelized-cost-of-energy.csv,2026-09-28T22:52:30.344Z,{}
solar,solar--levelized-cost-of-energy-japan-onshore-wind,Japan · Onshore wind,Japan,Onshore wind,2015-12-31,2015,year,2015-01-01,0.1421567,USD 2025 / kWh,annual,observed,https://ourworldindata.org/grapher/levelized-cost-of-energy.csv,2026-09-28T22:52:30.344Z,{}
solar,solar--levelized-cost-of-energy-japan-solar-photovoltaic,Japan · Solar photovoltaic,Japan,Solar photovoltaic,2015-12-31,2015,year,2015-01-01,0.18953212,USD 2025 / kWh,annual,observed,https://ourworldindata.org/grapher/levelized-cost-of-energy.csv,2026-09-28T22:52:30.344Z,{}
solar,solar--levelized-cost-of-energy-mexico-onshore-wind,Mexico · Onshore wind,Mexico,Onshore wind,2015-12-31,2015,year,2015-01-01,0.07841502,USD 2025 / kWh,annual,observed,https://ourworldindata.org/grapher/levelized-cost-of-energy.csv,2026-09-28T22:52:30.344Z,{}
solar,solar--levelized-cost-of-energy-mexico-solar-photovoltaic,Mexico · Solar photovoltaic,Mexico,Solar photovoltaic,2015-12-31,2015,year,2015-01-01,0.09426595,USD 2025 / kWh,annual,observed,https://ourworldindata.org/grapher/levelized-cost-of-energy.csv,2026-09-28T22:52:30.344Z,{}
solar,solar--levelized-cost-of-energy-netherlands-onshore-wind,Netherlands · Onshore wind,Netherlands,Onshore wind,2015-12-31,2015,year,2015-01-01,0.10068709,USD 2025 / kWh,annual,observed,https://ourworldindata.org/grapher/levelized-cost-of-energy.csv,2026-09-28T22:52:30.344Z,{}
solar,solar--levelized-cost-of-energy-netherlands-solar-photovoltaic,Netherlands · Solar photovoltaic,Netherlands,Solar photovoltaic,2015-12-31,2015,year,2015-01-01,,USD 2025 / kWh,annual,observed,https://ourworldindata.org/grapher/levelized-cost-of-energy.csv,2026-09-28T22:52:30.344Z,{}
solar,solar--levelized-cost-of-energy-new-zealand-onshore-wind,New Zealand · Onshore wind,New Zealand,Onshore wind,2015-12-31,2015,year,2015-01-01,0.071268186,USD 2025 / kWh,annual,observed,https://ourworldindata.org/grapher/levelized-cost-of-energy.csv,2026-09-28T22:52:30.344Z,{}
solar,solar--levelized-cost-of-energy-norway-onshore-wind,Norway · Onshore wind,Norway,Onshore wind,2015-12-31,2015,year,2015-01-01,0.0627167,USD 2025 / kWh,annual,observed,https://ourworldindata.org/grapher/levelized-cost-of-energy.csv,2026-09-28T22:52:30.344Z,{}
solar,solar--levelized-cost-of-energy-pakistan-onshore-wind,Pakistan · Onshore wind,Pakistan,Onshore wind,2015-12-31,2015,year,2015-01-01,0.1435489,USD 2025 / kWh,annual,observed,https://ourworldindata.org/grapher/levelized-cost-of-energy.csv,2026-09-28T22:52:30.344Z,{}
solar,solar--levelized-cost-of-energy-panama-onshore-wind,Panama · Onshore wind,Panama,Onshore wind,2015-12-31,2015,year,2015-01-01,0.0955435,USD 2025 / kWh,annual,observed,https://ourworldindata.org/grapher/levelized-cost-of-energy.csv,2026-09-28T22:52:30.344Z,{}
solar,solar--levelized-cost-of-energy-peru-onshore-wind,Peru · Onshore wind,Peru,Onshore wind,2015-12-31,2015,year,2015-01-01,0.06950798,USD 2025 / kWh,annual,observed,https://ourworldindata.org/grapher/levelized-cost-of-energy.csv,2026-09-28T22:52:30.344Z,{}
solar,solar--levelized-cost-of-energy-philippines-onshore-wind,Philippines · Onshore wind,Philippines,Onshore wind,2015-12-31,2015,year,2015-01-01,0.14726026,USD 2025 / kWh,annual,observed,https://ourworldindata.org/grapher/levelized-cost-of-energy.csv,2026-09-28T22:52:30.344Z,{}
solar,solar--levelized-cost-of-energy-poland-onshore-wind,Poland · Onshore wind,Poland,Onshore wind,2015-12-31,2015,year,2015-01-01,0.09564847,USD 2025 / kWh,annual,observed,https://ourworldindata.org/grapher/levelized-cost-of-energy.csv,2026-09-28T22:52:30.344Z,{}
solar,solar--levelized-cost-of-energy-poland-solar-photovoltaic,Poland · Solar photovoltaic,Poland,Solar photovoltaic,2015-12-31,2015,year,2015-01-01,,USD 2025 / kWh,annual,observed,https://ourworldindata.org/grapher/levelized-cost-of-energy.csv,2026-09-28T22:52:30.344Z,{}
solar,solar--levelized-cost-of-energy-portugal-onshore-wind,Portugal · Onshore wind,Portugal,Onshore wind,2015-12-31,2015,year,2015-01-01,0.093869135,USD 2025 / kWh,annual,observed,https://ourworldindata.org/grapher/levelized-cost-of-energy.csv,2026-09-28T22:52:30.344Z,{}
solar,solar--levelized-cost-of-energy-portugal-solar-photovoltaic,Portugal · Solar photovoltaic,Portugal,Solar photovoltaic,2015-12-31,2015,year,2015-01-01,,USD 2025 / kWh,annual,observed,https://ourworldindata.org/grapher/levelized-cost-of-energy.csv,2026-09-28T22:52:30.344Z,{}
solar,solar--levelized-cost-of-energy-russia-onshore-wind,Russia · Onshore wind,Russia,Onshore wind,2015-12-31,2015,year,2015-01-01,0.11153725,USD 2025 / kWh,annual,observed,https://ourworldindata.org/grapher/levelized-cost-of-energy.csv,2026-09-28T22:52:30.344Z,{}
solar,solar--levelized-cost-of-energy-south-africa-onshore-wind,South Africa · Onshore wind,South Africa,Onshore wind,2015-12-31,2015,year,2015-01-01,0.101895325,USD 2025 / kWh,annual,observed,https://ourworldindata.org/grapher/levelized-cost-of-energy.csv,2026-09-28T22:52:30.344Z,{}
solar,solar--levelized-cost-of-energy-south-africa-solar-photovoltaic,South Africa · Solar photovoltaic,South Africa,Solar photovoltaic,2015-12-31,2015,year,2015-01-01,,USD 2025 / kWh,annual,observed,https://ourworldindata.org/grapher/levelized-cost-of-energy.csv,2026-09-28T22:52:30.344Z,{}
solar,solar--levelized-cost-of-energy-south-korea-onshore-wind,South Korea · Onshore wind,South Korea,Onshore wind,2015-12-31,2015,year,2015-01-01,0.13176225,USD 2025 / kWh,annual,observed,https://ourworldindata.org/grapher/levelized-cost-of-energy.csv,2026-09-28T22:52:30.344Z,{}
solar,solar--levelized-cost-of-energy-south-korea-solar-photovoltaic,South Korea · Solar photovoltaic,South Korea,Solar photovoltaic,2015-12-31,2015,year,2015-01-01,0.18204585,USD 2025 / kWh,annual,observed,https://ourworldindata.org/grapher/levelized-cost-of-energy.csv,2026-09-28T22:52:30.344Z,{}
solar,solar--levelized-cost-of-energy-spain-onshore-wind,Spain · Onshore wind,Spain,Onshore wind,2015-12-31,2015,year,2015-01-01,0.06950602,USD 2025 / kWh,annual,observed,https://ourworldindata.org/grapher/levelized-cost-of-energy.csv,2026-09-28T22:52:30.344Z,{}
solar,solar--levelized-cost-of-energy-spain-solar-photovoltaic,Spain · Solar photovoltaic,Spain,Solar photovoltaic,2015-12-31,2015,year,2015-01-01,0.08248337,USD 2025 / kWh,annual,observed,https://ourworldindata.org/grapher/levelized-cost-of-energy.csv,2026-09-28T22:52:30.344Z,{}
solar,solar--levelized-cost-of-energy-sweden-onshore-wind,Sweden · Onshore wind,Sweden,Onshore wind,2015-12-31,2015,year,2015-01-01,0.08251437,USD 2025 / kWh,annual,observed,https://ourworldindata.org/grapher/levelized-cost-of-energy.csv,2026-09-28T22:52:30.344Z,{}
solar,solar--levelized-cost-of-energy-thailand-solar-photovoltaic,Thailand · Solar photovoltaic,Thailand,Solar photovoltaic,2015-12-31,2015,year,2015-01-01,0.2273523,USD 2025 / kWh,annual,observed,https://ourworldindata.org/grapher/levelized-cost-of-energy.csv,2026-09-28T22:52:30.344Z,{}
solar,solar--levelized-cost-of-energy-turkey-onshore-wind,Turkey · Onshore wind,Turkey,Onshore wind,2015-12-31,2015,year,2015-01-01,0.090810955,USD 2025 / kWh,annual,observed,https://ourworldindata.org/grapher/levelized-cost-of-energy.csv,2026-09-28T22:52:30.344Z,{}
solar,solar--levelized-cost-of-energy-turkey-solar-photovoltaic,Turkey · Solar photovoltaic,Turkey,Solar photovoltaic,2015-12-31,2015,year,2015-01-01,,USD 2025 / kWh,annual,observed,https://ourworldindata.org/grapher/levelized-cost-of-energy.csv,2026-09-28T22:52:30.344Z,{}
solar,solar--levelized-cost-of-energy-united-kingdom-onshore-wind,United Kingdom · Onshore wind,United Kingdom,Onshore wind,2015-12-31,2015,year,2015-01-01,0.090193465,USD 2025 / kWh,annual,observed,https://ourworldindata.org/grapher/levelized-cost-of-energy.csv,2026-09-28T22:52:30.344Z,{}
solar,solar--levelized-cost-of-energy-united-kingdom-solar-photovoltaic,United Kingdom · Solar photovoltaic,United Kingdom,Solar photovoltaic,2015-12-31,2015,year,2015-01-01,0.17154783,USD 2025 / kWh,annual,observed,https://ourworldindata.org/grapher/levelized-cost-of-energy.csv,2026-09-28T22:52:30.344Z,{}
solar,solar--levelized-cost-of-energy-united-states-onshore-wind,United States · Onshore wind,United States,Onshore wind,2015-12-31,2015,year,2015-01-01,0.061031222,USD 2025 / kWh,annual,observed,https://ourworldindata.org/grapher/levelized-cost-of-energy.csv,2026-09-28T22:52:30.344Z,{}
solar,solar--levelized-cost-of-energy-united-states-solar-photovoltaic,United States · Solar photovoltaic,United States,Solar photovoltaic,2015-12-31,2015,year,2015-01-01,0.15889297,USD 2025 / kWh,annual,observed,https://ourworldindata.org/grapher/levelized-cost-of-energy.csv,2026-09-28T22:52:30.344Z,{}
solar,solar--levelized-cost-of-energy-uruguay-onshore-wind,Uruguay · Onshore wind,Uruguay,Onshore wind,2015-12-31,2015,year,2015-01-01,0.06866414,USD 2025 / kWh,annual,observed,https://ourworldindata.org/grapher/levelized-cost-of-energy.csv,2026-09-28T22:52:30.344Z,{}
solar,solar--levelized-cost-of-energy-vietnam-onshore-wind,Vietnam · Onshore wind,Vietnam,Onshore wind,2015-12-31,2015,year,2015-01-01,0.098281205,USD 2025 / kWh,annual,observed,https://ourworldindata.org/grapher/levelized-cost-of-energy.csv,2026-09-28T22:52:30.344Z,{}
solar,solar--levelized-cost-of-energy-world-bioenergy,Bioenergy,World,Bioenergy,2015-12-31,2015,year,2015-01-01,0.083090186,USD 2025 / kWh,annual,observed,https://ourworldindata.org/grapher/levelized-cost-of-energy.csv,2026-09-28T22:52:30.344Z,{}
solar,solar--levelized-cost-of-energy-world-concentrated-solar-power,Concentrated solar power,World,Concentrated solar power,2015-12-31,2015,year,2015-01-01,0.24877329,USD 2025 / kWh,annual,observed,https://ourworldindata.org/grapher/levelized-cost-of-energy.csv,2026-09-28T22:52:30.344Z,{}
solar,solar--levelized-cost-of-energy-world-geothermal,Geothermal,World,Geothermal,2015-12-31,2015,year,2015-01-01,0.06837811,USD 2025 / kWh,annual,observed,https://ourworldindata.org/grapher/levelized-cost-of-energy.csv,2026-09-28T22:52:30.344Z,{}
solar,solar--levelized-cost-of-energy-world-hydropower,Hydropower,World,Hydropower,2015-12-31,2015,year,2015-01-01,0.041365817,USD 2025 / kWh,annual,observed,https://ourworldindata.org/grapher/levelized-cost-of-energy.csv,2026-09-28T22:52:30.344Z,{}
solar,solar--levelized-cost-of-energy-world-offshore-wind,Offshore wind,World,Offshore wind,2015-12-31,2015,year,2015-01-01,0.15726145,USD 2025 / kWh,annual,observed,https://ourworldindata.org/grapher/levelized-cost-of-energy.csv,2026-09-28T22:52:30.344Z,{}
solar,solar--levelized-cost-of-energy-world-onshore-wind,Onshore wind,World,Onshore wind,2015-12-31,2015,year,2015-01-01,0.07600691,USD 2025 / kWh,annual,observed,https://ourworldindata.org/grapher/levelized-cost-of-energy.csv,2026-09-28T22:52:30.344Z,{}
solar,solar--levelized-cost-of-energy-world-solar-photovoltaic,Solar photovoltaic,World,Solar photovoltaic,2015-12-31,2015,year,2015-01-01,0.13368668,USD 2025 / kWh,annual,observed,https://ourworldindata.org/grapher/levelized-cost-of-energy.csv,2026-09-28T22:52:30.344Z,{}
solar,solar--levelized-cost-of-energy-australia-onshore-wind,Australia · Onshore wind,Australia,Onshore wind,2016-12-31,2016,year,2016-01-01,0.07708115,USD 2025 / kWh,annual,observed,https://ourworldindata.org/grapher/levelized-cost-of-energy.csv,2026-09-28T22:52:30.344Z,{}
solar,solar--levelized-cost-of-energy-australia-solar-photovoltaic,Australia · Solar photovoltaic,Australia,Solar photovoltaic,2016-12-31,2016,year,2016-01-01,0.09339652,USD 2025 / kWh,annual,observed,https://ourworldindata.org/grapher/levelized-cost-of-energy.csv,2026-09-28T22:52:30.344Z,{}
solar,solar--levelized-cost-of-energy-austria-onshore-wind,Austria · Onshore wind,Austria,Onshore wind,2016-12-31,2016,year,2016-01-01,0.09251948,USD 2025 / kWh,annual,observed,https://ourworldindata.org/grapher/levelized-cost-of-energy.csv,2026-09-28T22:52:30.344Z,{}
solar,solar--levelized-cost-of-energy-belgium-onshore-wind,Belgium · Onshore wind,Belgium,Onshore wind,2016-12-31,2016,year,2016-01-01,0.10828592,USD 2025 / kWh,annual,observed,https://ourworldindata.org/grapher/levelized-cost-of-energy.csv,2026-09-28T22:52:30.344Z,{}
solar,solar--levelized-cost-of-energy-brazil-onshore-wind,Brazil · Onshore wind,Brazil,Onshore wind,2016-12-31,2016,year,2016-01-01,0.05945086,USD 2025 / kWh,annual,observed,https://ourworldindata.org/grapher/levelized-cost-of-energy.csv,2026-09-28T22:52:30.344Z,{}
solar,solar--levelized-cost-of-energy-brazil-solar-photovoltaic,Brazil · Solar photovoltaic,Brazil,Solar photovoltaic,2016-12-31,2016,year,2016-01-01,0.13923094,USD 2025 / kWh,annual,observed,https://ourworldindata.org/grapher/levelized-cost-of-energy.csv,2026-09-28T22:52:30.344Z,{}
solar,solar--levelized-cost-of-energy-canada-onshore-wind,Canada · Onshore wind,Canada,Onshore wind,2016-12-31,2016,year,2016-01-01,0.08646789,USD 2025 / kWh,annual,observed,https://ourworldindata.org/grapher/levelized-cost-of-energy.csv,2026-09-28T22:52:30.344Z,{}
solar,solar--levelized-cost-of-energy-canada-solar-photovoltaic,Canada · Solar photovoltaic,Canada,Solar photovoltaic,2016-12-31,2016,year,2016-01-01,,USD 2025 / kWh,annual,observed,https://ourworldindata.org/grapher/levelized-cost-of-energy.csv,2026-09-28T22:52:30.344Z,{}
solar,solar--levelized-cost-of-energy-chile-onshore-wind,Chile · Onshore wind,Chile,Onshore wind,2016-12-31,2016,year,2016-01-01,0.0805094,USD 2025 / kWh,annual,observed,https://ourworldindata.org/grapher/levelized-cost-of-energy.csv,2026-09-28T22:52:30.344Z,{}
solar,solar--levelized-cost-of-energy-chile-solar-photovoltaic,Chile · Solar photovoltaic,Chile,Solar photovoltaic,2016-12-31,2016,year,2016-01-01,0.101232186,USD 2025 / kWh,annual,observed,https://ourworldindata.org/grapher/levelized-cost-of-energy.csv,2026-09-28T22:52:30.344Z,{}
solar,solar--levelized-cost-of-energy-china-onshore-wind,China · Onshore wind,China,Onshore wind,2016-12-31,2016,year,2016-01-01,0.065297864,USD 2025 / kWh,annual,observed,https://ourworldindata.org/grapher/levelized-cost-of-energy.csv,2026-09-28T22:52:30.344Z,{}
solar,solar--levelized-cost-of-energy-china-solar-photovoltaic,China · Solar photovoltaic,China,Solar photovoltaic,2016-12-31,2016,year,2016-01-01,0.08339424,USD 2025 / kWh,annual,observed,https://ourworldindata.org/grapher/levelized-cost-of-energy.csv,2026-09-28T22:52:30.344Z,{}
solar,solar--levelized-cost-of-energy-costa-rica-onshore-wind,Costa Rica · Onshore wind,Costa Rica,Onshore wind,2016-12-31,2016,year,2016-01-01,0.08382575,USD 2025 / kWh,annual,observed,https://ourworldindata.org/grapher/levelized-cost-of-energy.csv,2026-09-28T22:52:30.344Z,{}
solar,solar--levelized-cost-of-energy-croatia-onshore-wind,Croatia · Onshore wind,Croatia,Onshore wind,2016-12-31,2016,year,2016-01-01,0.09661605,USD 2025 / kWh,annual,observed,https://ourworldindata.org/grapher/levelized-cost-of-energy.csv,2026-09-28T22:52:30.344Z,{}
solar,solar--levelized-cost-of-energy-cyprus-onshore-wind,Cyprus · Onshore wind,Cyprus,Onshore wind,2016-12-31,2016,year,2016-01-01,0.12053714,USD 2025 / kWh,annual,observed,https://ourworldindata.org/grapher/levelized-cost-of-energy.csv,2026-09-28T22:52:30.344Z,{}
solar,solar--levelized-cost-of-energy-denmark-onshore-wind,Denmark · Onshore wind,Denmark,Onshore wind,2016-12-31,2016,year,2016-01-01,0.062620245,USD 2025 / kWh,annual,observed,https://ourworldindata.org/grapher/levelized-cost-of-energy.csv,2026-09-28T22:52:30.344Z,{}
solar,solar--levelized-cost-of-energy-dominican-republic-onshore-wind,Dominican Republic · Onshore wind,Dominican Republic,Onshore wind,2016-12-31,2016,year,2016-01-01,0.09313559,USD 2025 / kWh,annual,observed,https://ourworldindata.org/grapher/levelized-cost-of-energy.csv,2026-09-28T22:52:30.344Z,{}
solar,solar--levelized-cost-of-energy-ethiopia-onshore-wind,Ethiopia · Onshore wind,Ethiopia,Onshore wind,2016-12-31,2016,year,2016-01-01,0.102308564,USD 2025 / kWh,annual,observed,https://ourworldindata.org/grapher/levelized-cost-of-energy.csv,2026-09-28T22:52:30.344Z,{}
solar,solar--levelized-cost-of-energy-finland-onshore-wind,Finland · Onshore wind,Finland,Onshore wind,2016-12-31,2016,year,2016-01-01,0.06919769,USD 2025 / kWh,annual,observed,https://ourworldindata.org/grapher/levelized-cost-of-energy.csv,2026-09-28T22:52:30.344Z,{}
solar,solar--levelized-cost-of-energy-france-onshore-wind,France · Onshore wind,France,Onshore wind,2016-12-31,2016,year,2016-01-01,0.083152436,USD 2025 / kWh,annual,observed,https://ourworldindata.org/grapher/levelized-cost-of-energy.csv,2026-09-28T22:52:30.344Z,{}
solar,solar--levelized-cost-of-energy-france-solar-photovoltaic,France · Solar photovoltaic,France,Solar photovoltaic,2016-12-31,2016,year,2016-01-01,0.10152005,USD 2025 / kWh,annual,observed,https://ourworldindata.org/grapher/levelized-cost-of-energy.csv,2026-09-28T22:52:30.344Z,{}
solar,solar--levelized-cost-of-energy-germany-onshore-wind,Germany · Onshore wind,Germany,Onshore wind,2016-12-31,2016,year,2016-01-01,0.090135194,USD 2025 / kWh,annual,observed,https://ourworldindata.org/grapher/levelized-cost-of-energy.csv,2026-09-28T22:52:30.344Z,{}
solar,solar--levelized-cost-of-energy-germany-solar-photovoltaic,Germany · Solar photovoltaic,Germany,Solar photovoltaic,2016-12-31,2016,year,2016-01-01,0.11192833,USD 2025 / kWh,annual,observed,https://ourworldindata.org/grapher/levelized-cost-of-energy.csv,2026-09-28T22:52:30.344Z,{}
solar,solar--levelized-cost-of-energy-greece-onshore-wind,Greece · Onshore wind,Greece,Onshore wind,2016-12-31,2016,year,2016-01-01,0.08669903,USD 2025 / kWh,annual,observed,https://ourworldindata.org/grapher/levelized-cost-of-energy.csv,2026-09-28T22:52:30.344Z,{}
solar,solar--levelized-cost-of-energy-greece-solar-photovoltaic,Greece · Solar photovoltaic,Greece,Solar photovoltaic,2016-12-31,2016,year,2016-01-01,,USD 2025 / kWh,annual,observed,https://ourworldindata.org/grapher/levelized-cost-of-energy.csv,2026-09-28T22:52:30.344Z,{}
solar,solar--levelized-cost-of-energy-india-onshore-wind,India · Onshore wind,India,Onshore wind,2016-12-31,2016,year,2016-01-01,0.07530705,USD 2025 / kWh,annual,observed,https://ourworldindata.org/grapher/levelized-cost-of-energy.csv,2026-09-28T22:52:30.344Z,{}
solar,solar--levelized-cost-of-energy-india-solar-photovoltaic,India · Solar photovoltaic,India,Solar photovoltaic,2016-12-31,2016,year,2016-01-01,0.087525174,USD 2025 / kWh,annual,observed,https://ourworldindata.org/grapher/levelized-cost-of-energy.csv,2026-09-28T22:52:30.344Z,{}
solar,solar--levelized-cost-of-energy-ireland-onshore-wind,Ireland · Onshore wind,Ireland,Onshore wind,2016-12-31,2016,year,2016-01-01,0.05323073,USD 2025 / kWh,annual,observed,https://ourworldindata.org/grapher/levelized-cost-of-energy.csv,2026-09-28T22:52:30.344Z,{}
solar,solar--levelized-cost-of-energy-italy-onshore-wind,Italy · Onshore wind,Italy,Onshore wind,2016-12-31,2016,year,2016-01-01,0.08028495,USD 2025 / kWh,annual,observed,https://ourworldindata.org/grapher/levelized-cost-of-energy.csv,2026-09-28T22:52:30.344Z,{}
solar,solar--levelized-cost-of-energy-italy-solar-photovoltaic,Italy · Solar photovoltaic,Italy,Solar photovoltaic,2016-12-31,2016,year,2016-01-01,,USD 2025 / kWh,annual,observed,https://ourworldindata.org/grapher/levelized-cost-of-energy.csv,2026-09-28T22:52:30.344Z,{}
solar,solar--levelized-cost-of-energy-japan-onshore-wind,Japan · Onshore wind,Japan,Onshore wind,2016-12-31,2016,year,2016-01-01,0.19888145,USD 2025 / kWh,annual,observed,https://ourworldindata.org/grapher/levelized-cost-of-energy.csv,2026-09-28T22:52:30.344Z,{}
solar,solar--levelized-cost-of-energy-japan-solar-photovoltaic,Japan · Solar photovoltaic,Japan,Solar photovoltaic,2016-12-31,2016,year,2016-01-01,0.19050677,USD 2025 / kWh,annual,observed,https://ourworldindata.org/grapher/levelized-cost-of-energy.csv,2026-09-28T22:52:30.344Z,{}
solar,solar--levelized-cost-of-energy-mexico-onshore-wind,Mexico · Onshore wind,Mexico,Onshore wind,2016-12-31,2016,year,2016-01-01,0.07821314,USD 2025 / kWh,annual,observed,https://ourworldindata.org/grapher/levelized-cost-of-energy.csv,2026-09-28T22:52:30.344Z,{}
solar,solar--levelized-cost-of-energy-mexico-solar-photovoltaic,Mexico · Solar photovoltaic,Mexico,Solar photovoltaic,2016-12-31,2016,year,2016-01-01,0.17697866,USD 2025 / kWh,annual,observed,https://ourworldindata.org/grapher/levelized-cost-of-energy.csv,2026-09-28T22:52:30.344Z,{}
solar,solar--levelized-cost-of-energy-morocco-onshore-wind,Morocco · Onshore wind,Morocco,Onshore wind,2016-12-31,2016,year,2016-01-01,0.061881874,USD 2025 / kWh,annual,observed,https://ourworldindata.org/grapher/levelized-cost-of-energy.csv,2026-09-28T22:52:30.344Z,{}
solar,solar--levelized-cost-of-energy-netherlands-onshore-wind,Netherlands · Onshore wind,Netherlands,Onshore wind,2016-12-31,2016,year,2016-01-01,0.08482742,USD 2025 / kWh,annual,observed,https://ourworldindata.org/grapher/levelized-cost-of-energy.csv,2026-09-28T22:52:30.344Z,{}
solar,solar--levelized-cost-of-energy-netherlands-solar-photovoltaic,Netherlands · Solar photovoltaic,Netherlands,Solar photovoltaic,2016-12-31,2016,year,2016-01-01,0.13473746,USD 2025 / kWh,annual,observed,https://ourworldindata.org/grapher/levelized-cost-of-energy.csv,2026-09-28T22:52:30.344Z,{}
solar,solar--levelized-cost-of-energy-norway-onshore-wind,Norway · Onshore wind,Norway,Onshore wind,2016-12-31,2016,year,2016-01-01,0.07124192,USD 2025 / kWh,annual,observed,https://ourworldindata.org/grapher/levelized-cost-of-energy.csv,2026-09-28T22:52:30.344Z,{}
solar,solar--levelized-cost-of-energy-pakistan-onshore-wind,Pakistan · Onshore wind,Pakistan,Onshore wind,2016-12-31,2016,year,2016-01-01,0.1255276,USD 2025 / kWh,annual,observed,https://ourworldindata.org/grapher/levelized-cost-of-energy.csv,2026-09-28T22:52:30.344Z,{}
solar,solar--levelized-cost-of-energy-panama-onshore-wind,Panama · Onshore wind,Panama,Onshore wind,2016-12-31,2016,year,2016-01-01,0.12244925,USD 2025 / kWh,annual,observed,https://ourworldindata.org/grapher/levelized-cost-of-energy.csv,2026-09-28T22:52:30.344Z,{}
solar,solar--levelized-cost-of-energy-peru-onshore-wind,Peru · Onshore wind,Peru,Onshore wind,2016-12-31,2016,year,2016-01-01,0.056203995,USD 2025 / kWh,annual,observed,https://ourworldindata.org/grapher/levelized-cost-of-energy.csv,2026-09-28T22:52:30.344Z,{}
solar,solar--levelized-cost-of-energy-philippines-onshore-wind,Philippines · Onshore wind,Philippines,Onshore wind,2016-12-31,2016,year,2016-01-01,0.14768408,USD 2025 / kWh,annual,observed,https://ourworldindata.org/grapher/levelized-cost-of-energy.csv,2026-09-28T22:52:30.344Z,{}
solar,solar--levelized-cost-of-energy-poland-onshore-wind,Poland · Onshore wind,Poland,Onshore wind,2016-12-31,2016,year,2016-01-01,0.08606295,USD 2025 / kWh,annual,observed,https://ourworldindata.org/grapher/levelized-cost-of-energy.csv,2026-09-28T22:52:30.344Z,{}
solar,solar--levelized-cost-of-energy-poland-solar-photovoltaic,Poland · Solar photovoltaic,Poland,Solar photovoltaic,2016-12-31,2016,year,2016-01-01,,USD 2025 / kWh,annual,observed,https://ourworldindata.org/grapher/levelized-cost-of-energy.csv,2026-09-28T22:52:30.344Z,{}
solar,solar--levelized-cost-of-energy-portugal-onshore-wind,Portugal · Onshore wind,Portugal,Onshore wind,2016-12-31,2016,year,2016-01-01,0.09749932,USD 2025 / kWh,annual,observed,https://ourworldindata.org/grapher/levelized-cost-of-energy.csv,2026-09-28T22:52:30.344Z,{}
solar,solar--levelized-cost-of-energy-portugal-solar-photovoltaic,Portugal · Solar photovoltaic,Portugal,Solar photovoltaic,2016-12-31,2016,year,2016-01-01,,USD 2025 / kWh,annual,observed,https://ourworldindata.org/grapher/levelized-cost-of-energy.csv,2026-09-28T22:52:30.344Z,{}
solar,solar--levelized-cost-of-energy-south-africa-onshore-wind,South Africa · Onshore wind,South Africa,Onshore wind,2016-12-31,2016,year,2016-01-01,0.08627036,USD 2025 / kWh,annual,observed,https://ourworldindata.org/grapher/levelized-cost-of-energy.csv,2026-09-28T22:52:30.344Z,{}
solar,solar--levelized-cost-of-energy-south-africa-solar-photovoltaic,South Africa · Solar photovoltaic,South Africa,Solar photovoltaic,2016-12-31,2016,year,2016-01-01,,USD 2025 / kWh,annual,observed,https://ourworldindata.org/grapher/levelized-cost-of-energy.csv,2026-09-28T22:52:30.344Z,{}
solar,solar--levelized-cost-of-energy-south-korea-onshore-wind,South Korea · Onshore wind,South Korea,Onshore wind,2016-12-31,2016,year,2016-01-01,0.09039339,USD 2025 / kWh,annual,observed,https://ourworldindata.org/grapher/levelized-cost-of-energy.csv,2026-09-28T22:52:30.344Z,{}
solar,solar--levelized-cost-of-energy-south-korea-solar-photovoltaic,South Korea · Solar photovoltaic,South Korea,Solar photovoltaic,2016-12-31,2016,year,2016-01-01,0.1741185,USD 2025 / kWh,annual,observed,https://ourworldindata.org/grapher/levelized-cost-of-energy.csv,2026-09-28T22:52:30.344Z,{}
solar,solar--levelized-cost-of-energy-spain-onshore-wind,Spain · Onshore wind,Spain,Onshore wind,2016-12-31,2016,year,2016-01-01,0.064062946,USD 2025 / kWh,annual,observed,https://ourworldindata.org/grapher/levelized-cost-of-energy.csv,2026-09-28T22:52:30.344Z,{}
solar,solar--levelized-cost-of-energy-spain-solar-photovoltaic,Spain · Solar photovoltaic,Spain,Solar photovoltaic,2016-12-31,2016,year,2016-01-01,,USD 2025 / kWh,annual,observed,https://ourworldindata.org/grapher/levelized-cost-of-energy.csv,2026-09-28T22:52:30.344Z,{}
solar,solar--levelized-cost-of-energy-sweden-onshore-wind,Sweden · Onshore wind,Sweden,Onshore wind,2016-12-31,2016,year,2016-01-01,0.06975087,USD 2025 / kWh,annual,observed,https://ourworldindata.org/grapher/levelized-cost-of-energy.csv,2026-09-28T22:52:30.344Z,{}
solar,solar--levelized-cost-of-energy-thailand-solar-photovoltaic,Thailand · Solar photovoltaic,Thailand,Solar photovoltaic,2016-12-31,2016,year,2016-01-01,0.22163641,USD 2025 / kWh,annual,observed,https://ourworldindata.org/grapher/levelized-cost-of-energy.csv,2026-09-28T22:52:30.344Z,{}
solar,solar--levelized-cost-of-energy-turkey-onshore-wind,Turkey · Onshore wind,Turkey,Onshore wind,2016-12-31,2016,year,2016-01-01,0.080151975,USD 2025 / kWh,annual,observed,https://ourworldindata.org/grapher/levelized-cost-of-energy.csv,2026-09-28T22:52:30.344Z,{}
solar,solar--levelized-cost-of-energy-turkey-solar-photovoltaic,Turkey · Solar photovoltaic,Turkey,Solar photovoltaic,2016-12-31,2016,year,2016-01-01,0.14212704,USD 2025 / kWh,annual,observed,https://ourworldindata.org/grapher/levelized-cost-of-energy.csv,2026-09-28T22:52:30.344Z,{}
solar,solar--levelized-cost-of-energy-united-kingdom-onshore-wind,United Kingdom · Onshore wind,United Kingdom,Onshore wind,2016-12-31,2016,year,2016-01-01,0.076404504,USD 2025 / kWh,annual,observed,https://ourworldindata.org/grapher/levelized-cost-of-energy.csv,2026-09-28T22:52:30.344Z,{}
solar,solar--levelized-cost-of-energy-united-kingdom-solar-photovoltaic,United Kingdom · Solar photovoltaic,United Kingdom,Solar photovoltaic,2016-12-31,2016,year,2016-01-01,0.16218528,USD 2025 / kWh,annual,observed,https://ourworldindata.org/grapher/levelized-cost-of-energy.csv,2026-09-28T22:52:30.344Z,{}
solar,solar--levelized-cost-of-energy-united-states-onshore-wind,United States · Onshore wind,United States,Onshore wind,2016-12-31,2016,year,2016-01-01,0.05742456,USD 2025 / kWh,annual,observed,https://ourworldindata.org/grapher/levelized-cost-of-energy.csv,2026-09-28T22:52:30.344Z,{}
solar,solar--levelized-cost-of-energy-united-states-solar-photovoltaic,United States · Solar photovoltaic,United States,Solar photovoltaic,2016-12-31,2016,year,2016-01-01,0.14283915,USD 2025 / kWh,annual,observed,https://ourworldindata.org/grapher/levelized-cost-of-energy.csv,2026-09-28T22:52:30.344Z,{}
solar,solar--levelized-cost-of-energy-vietnam-onshore-wind,Vietnam · Onshore wind,Vietnam,Onshore wind,2016-12-31,2016,year,2016-01-01,0.08110437,USD 2025 / kWh,annual,observed,https://ourworldindata.org/grapher/levelized-cost-of-energy.csv,2026-09-28T22:52:30.344Z,{}
solar,solar--levelized-cost-of-energy-world-bioenergy,Bioenergy,World,Bioenergy,2016-12-31,2016,year,2016-01-01,0.07940568,USD 2025 / kWh,annual,observed,https://ourworldindata.org/grapher/levelized-cost-of-energy.csv,2026-09-28T22:52:30.344Z,{}
solar,solar--levelized-cost-of-energy-world-concentrated-solar-power,Concentrated solar power,World,Concentrated solar power,2016-12-31,2016,year,2016-01-01,0.2993714,USD 2025 / kWh,annual,observed,https://ourworldindata.org/grapher/levelized-cost-of-energy.csv,2026-09-28T22:52:30.344Z,{}
solar,solar--levelized-cost-of-energy-world-geothermal,Geothermal,World,Geothermal,2016-12-31,2016,year,2016-01-01,0.077278756,USD 2025 / kWh,annual,observed,https://ourworldindata.org/grapher/levelized-cost-of-energy.csv,2026-09-28T22:52:30.344Z,{}
solar,solar--levelized-cost-of-energy-world-hydropower,Hydropower,World,Hydropower,2016-12-31,2016,year,2016-01-01,0.054425713,USD 2025 / kWh,annual,observed,https://ourworldindata.org/grapher/levelized-cost-of-energy.csv,2026-09-28T22:52:30.344Z,{}
solar,solar--levelized-cost-of-energy-world-offshore-wind,Offshore wind,World,Offshore wind,2016-12-31,2016,year,2016-01-01,0.12989524,USD 2025 / kWh,annual,observed,https://ourworldindata.org/grapher/levelized-cost-of-energy.csv,2026-09-28T22:52:30.344Z,{}
solar,solar--levelized-cost-of-energy-world-onshore-wind,Onshore wind,World,Onshore wind,2016-12-31,2016,year,2016-01-01,0.069786325,USD 2025 / kWh,annual,observed,https://ourworldindata.org/grapher/levelized-cost-of-energy.csv,2026-09-28T22:52:30.344Z,{}
solar,solar--levelized-cost-of-energy-world-solar-photovoltaic,Solar photovoltaic,World,Solar photovoltaic,2016-12-31,2016,year,2016-01-01,0.1174326,USD 2025 / kWh,annual,observed,https://ourworldindata.org/grapher/levelized-cost-of-energy.csv,2026-09-28T22:52:30.344Z,{}
solar,solar--levelized-cost-of-energy-argentina-onshore-wind,Argentina · Onshore wind,Argentina,Onshore wind,2017-12-31,2017,year,2017-01-01,0.11211535,USD 2025 / kWh,annual,observed,https://ourworldindata.org/grapher/levelized-cost-of-energy.csv,2026-09-28T22:52:30.344Z,{}
solar,solar--levelized-cost-of-energy-australia-onshore-wind,Australia · Onshore wind,Australia,Onshore wind,2017-12-31,2017,year,2017-01-01,0.060067378,USD 2025 / kWh,annual,observed,https://ourworldindata.org/grapher/levelized-cost-of-energy.csv,2026-09-28T22:52:30.344Z,{}
solar,solar--levelized-cost-of-energy-australia-solar-photovoltaic,Australia · Solar photovoltaic,Australia,Solar photovoltaic,2017-12-31,2017,year,2017-01-01,0.09920647,USD 2025 / kWh,annual,observed,https://ourworldindata.org/grapher/levelized-cost-of-energy.csv,2026-09-28T22:52:30.344Z,{}
solar,solar--levelized-cost-of-energy-austria-onshore-wind,Austria · Onshore wind,Austria,Onshore wind,2017-12-31,2017,year,2017-01-01,0.080473244,USD 2025 / kWh,annual,observed,https://ourworldindata.org/grapher/levelized-cost-of-energy.csv,2026-09-28T22:52:30.344Z,{}
solar,solar--levelized-cost-of-energy-belgium-onshore-wind,Belgium · Onshore wind,Belgium,Onshore wind,2017-12-31,2017,year,2017-01-01,0.08463709,USD 2025 / kWh,annual,observed,https://ourworldindata.org/grapher/levelized-cost-of-energy.csv,2026-09-28T22:52:30.344Z,{}
solar,solar--levelized-cost-of-energy-brazil-onshore-wind,Brazil · Onshore wind,Brazil,Onshore wind,2017-12-31,2017,year,2017-01-01,0.049688887,USD 2025 / kWh,annual,observed,https://ourworldindata.org/grapher/levelized-cost-of-energy.csv,2026-09-28T22:52:30.344Z,{}
solar,solar--levelized-cost-of-energy-brazil-solar-photovoltaic,Brazil · Solar photovoltaic,Brazil,Solar photovoltaic,2017-12-31,2017,year,2017-01-01,0.09172076,USD 2025 / kWh,annual,observed,https://ourworldindata.org/grapher/levelized-cost-of-energy.csv,2026-09-28T22:52:30.344Z,{}
solar,solar--levelized-cost-of-energy-canada-onshore-wind,Canada · Onshore wind,Canada,Onshore wind,2017-12-31,2017,year,2017-01-01,0.07114012,USD 2025 / kWh,annual,observed,https://ourworldindata.org/grapher/levelized-cost-of-energy.csv,2026-09-28T22:52:30.344Z,{}
solar,solar--levelized-cost-of-energy-canada-solar-photovoltaic,Canada · Solar photovoltaic,Canada,Solar photovoltaic,2017-12-31,2017,year,2017-01-01,,USD 2025 / kWh,annual,observed,https://ourworldindata.org/grapher/levelized-cost-of-energy.csv,2026-09-28T22:52:30.344Z,{}
solar,solar--levelized-cost-of-energy-chile-onshore-wind,Chile · Onshore wind,Chile,Onshore wind,2017-12-31,2017,year,2017-01-01,0.076818384,USD 2025 / kWh,annual,observed,https://ourworldindata.org/grapher/levelized-cost-of-energy.csv,2026-09-28T22:52:30.344Z,{}
solar,solar--levelized-cost-of-energy-chile-solar-photovoltaic,Chile · Solar photovoltaic,Chile,Solar photovoltaic,2017-12-31,2017,year,2017-01-01,0.09737591,USD 2025 / kWh,annual,observed,https://ourworldindata.org/grapher/levelized-cost-of-energy.csv,2026-09-28T22:52:30.344Z,{}
solar,solar--levelized-cost-of-energy-china-onshore-wind,China · Onshore wind,China,Onshore wind,2017-12-31,2017,year,2017-01-01,0.051044744,USD 2025 / kWh,annual,observed,https://ourworldindata.org/grapher/levelized-cost-of-energy.csv,2026-09-28T22:52:30.344Z,{}
solar,solar--levelized-cost-of-energy-china-solar-photovoltaic,China · Solar photovoltaic,China,Solar photovoltaic,2017-12-31,2017,year,2017-01-01,0.07426378,USD 2025 / kWh,annual,observed,https://ourworldindata.org/grapher/levelized-cost-of-energy.csv,2026-09-28T22:52:30.344Z,{}
solar,solar--levelized-cost-of-energy-costa-rica-onshore-wind,Costa Rica · Onshore wind,Costa Rica,Onshore wind,2017-12-31,2017,year,2017-01-01,0.05234419,USD 2025 / kWh,annual,observed,https://ourworldindata.org/grapher/levelized-cost-of-energy.csv,2026-09-28T22:52:30.344Z,{}
solar,solar--levelized-cost-of-energy-croatia-onshore-wind,Croatia · Onshore wind,Croatia,Onshore wind,2017-12-31,2017,year,2017-01-01,0.07183576,USD 2025 / kWh,annual,observed,https://ourworldindata.org/grapher/levelized-cost-of-energy.csv,2026-09-28T22:52:30.344Z,{}
solar,solar--levelized-cost-of-energy-denmark-onshore-wind,Denmark · Onshore wind,Denmark,Onshore wind,2017-12-31,2017,year,2017-01-01,0.05170197,USD 2025 / kWh,annual,observed,https://ourworldindata.org/grapher/levelized-cost-of-energy.csv,2026-09-28T22:52:30.344Z,{}
solar,solar--levelized-cost-of-energy-dominican-republic-onshore-wind,Dominican Republic · Onshore wind,Dominican Republic,Onshore wind,2017-12-31,2017,year,2017-01-01,0.0719312,USD 2025 / kWh,annual,observed,https://ourworldindata.org/grapher/levelized-cost-of-energy.csv,2026-09-28T22:52:30.344Z,{}
solar,solar--levelized-cost-of-energy-finland-onshore-wind,Finland · Onshore wind,Finland,Onshore wind,2017-12-31,2017,year,2017-01-01,0.061393753,USD 2025 / kWh,annual,observed,https://ourworldindata.org/grapher/levelized-cost-of-energy.csv,2026-09-28T22:52:30.344Z,{}
solar,solar--levelized-cost-of-energy-france-onshore-wind,France · Onshore wind,France,Onshore wind,2017-12-31,2017,year,2017-01-01,0.09086037,USD 2025 / kWh,annual,observed,https://ourworldindata.org/grapher/levelized-cost-of-energy.csv,2026-09-28T22:52:30.344Z,{}
solar,solar--levelized-cost-of-energy-france-solar-photovoltaic,France · Solar photovoltaic,France,Solar photovoltaic,2017-12-31,2017,year,2017-01-01,0.0906761,USD 2025 / kWh,annual,observed,https://ourworldindata.org/grapher/levelized-cost-of-energy.csv,2026-09-28T22:52:30.344Z,{}
solar,solar--levelized-cost-of-energy-germany-onshore-wind,Germany · Onshore wind,Germany,Onshore wind,2017-12-31,2017,year,2017-01-01,0.08729991,USD 2025 / kWh,annual,observed,https://ourworldindata.org/grapher/levelized-cost-of-energy.csv,2026-09-28T22:52:30.344Z,{}
solar,solar--levelized-cost-of-energy-germany-solar-photovoltaic,Germany · Solar photovoltaic,Germany,Solar photovoltaic,2017-12-31,2017,year,2017-01-01,0.1017431,USD 2025 / kWh,annual,observed,https://ourworldindata.org/grapher/levelized-cost-of-energy.csv,2026-09-28T22:52:30.344Z,{}
solar,solar--levelized-cost-of-energy-greece-onshore-wind,Greece · Onshore wind,Greece,Onshore wind,2017-12-31,2017,year,2017-01-01,0.084061965,USD 2025 / kWh,annual,observed,https://ourworldindata.org/grapher/levelized-cost-of-energy.csv,2026-09-28T22:52:30.344Z,{}
solar,solar--levelized-cost-of-energy-greece-solar-photovoltaic,Greece · Solar photovoltaic,Greece,Solar photovoltaic,2017-12-31,2017,year,2017-01-01,0.15794194,USD 2025 / kWh,annual,observed,https://ourworldindata.org/grapher/levelized-cost-of-energy.csv,2026-09-28T22:52:30.344Z,{}
solar,solar--levelized-cost-of-energy-india-onshore-wind,India · Onshore wind,India,Onshore wind,2017-12-31,2017,year,2017-01-01,0.06011181,USD 2025 / kWh,annual,observed,https://ourworldindata.org/grapher/levelized-cost-of-energy.csv,2026-09-28T22:52:30.344Z,{}
solar,solar--levelized-cost-of-energy-india-solar-photovoltaic,India · Solar photovoltaic,India,Solar photovoltaic,2017-12-31,2017,year,2017-01-01,0.08097292,USD 2025 / kWh,annual,observed,https://ourworldindata.org/grapher/levelized-cost-of-energy.csv,2026-09-28T22:52:30.344Z,{}
solar,solar--levelized-cost-of-energy-indonesia-onshore-wind,Indonesia · Onshore wind,Indonesia,Onshore wind,2017-12-31,2017,year,2017-01-01,0.13979171,USD 2025 / kWh,annual,observed,https://ourworldindata.org/grapher/levelized-cost-of-energy.csv,2026-09-28T22:52:30.344Z,{}
solar,solar--levelized-cost-of-energy-ireland-onshore-wind,Ireland · Onshore wind,Ireland,Onshore wind,2017-12-31,2017,year,2017-01-01,0.061041392,USD 2025 / kWh,annual,observed,https://ourworldindata.org/grapher/levelized-cost-of-energy.csv,2026-09-28T22:52:30.344Z,{}
solar,solar--levelized-cost-of-energy-italy-onshore-wind,Italy · Onshore wind,Italy,Onshore wind,2017-12-31,2017,year,2017-01-01,0.0970595,USD 2025 / kWh,annual,observed,https://ourworldindata.org/grapher/levelized-cost-of-energy.csv,2026-09-28T22:52:30.344Z,{}
solar,solar--levelized-cost-of-energy-italy-solar-photovoltaic,Italy · Solar photovoltaic,Italy,Solar photovoltaic,2017-12-31,2017,year,2017-01-01,0.08145198,USD 2025 / kWh,annual,observed,https://ourworldindata.org/grapher/levelized-cost-of-energy.csv,2026-09-28T22:52:30.344Z,{}
solar,solar--levelized-cost-of-energy-japan-onshore-wind,Japan · Onshore wind,Japan,Onshore wind,2017-12-31,2017,year,2017-01-01,0.13931288,USD 2025 / kWh,annual,observed,https://ourworldindata.org/grapher/levelized-cost-of-energy.csv,2026-09-28T22:52:30.344Z,{}
solar,solar--levelized-cost-of-energy-japan-solar-photovoltaic,Japan · Solar photovoltaic,Japan,Solar photovoltaic,2017-12-31,2017,year,2017-01-01,0.1501114,USD 2025 / kWh,annual,observed,https://ourworldindata.org/grapher/levelized-cost-of-energy.csv,2026-09-28T22:52:30.344Z,{}
solar,solar--levelized-cost-of-energy-mexico-onshore-wind,Mexico · Onshore wind,Mexico,Onshore wind,2017-12-31,2017,year,2017-01-01,0.06536912,USD 2025 / kWh,annual,observed,https://ourworldindata.org/grapher/levelized-cost-of-energy.csv,2026-09-28T22:52:30.344Z,{}
solar,solar--levelized-cost-of-energy-mexico-solar-photovoltaic,Mexico · Solar photovoltaic,Mexico,Solar photovoltaic,2017-12-31,2017,year,2017-01-01,0.16022645,USD 2025 / kWh,annual,observed,https://ourworldindata.org/grapher/levelized-cost-of-energy.csv,2026-09-28T22:52:30.344Z,{}
solar,solar--levelized-cost-of-energy-morocco-onshore-wind,Morocco · Onshore wind,Morocco,Onshore wind,2017-12-31,2017,year,2017-01-01,0.053603824,USD 2025 / kWh,annual,observed,https://ourworldindata.org/grapher/levelized-cost-of-energy.csv,2026-09-28T22:52:30.344Z,{}
solar,solar--levelized-cost-of-energy-netherlands-onshore-wind,Netherlands · Onshore wind,Netherlands,Onshore wind,2017-12-31,2017,year,2017-01-01,0.09345384,USD 2025 / kWh,annual,observed,https://ourworldindata.org/grapher/levelized-cost-of-energy.csv,2026-09-28T22:52:30.344Z,{}
solar,solar--levelized-cost-of-energy-netherlands-solar-photovoltaic,Netherlands · Solar photovoltaic,Netherlands,Solar photovoltaic,2017-12-31,2017,year,2017-01-01,0.15092458,USD 2025 / kWh,annual,observed,https://ourworldindata.org/grapher/levelized-cost-of-energy.csv,2026-09-28T22:52:30.344Z,{}
solar,solar--levelized-cost-of-energy-norway-onshore-wind,Norway · Onshore wind,Norway,Onshore wind,2017-12-31,2017,year,2017-01-01,0.061598044,USD 2025 / kWh,annual,observed,https://ourworldindata.org/grapher/levelized-cost-of-energy.csv,2026-09-28T22:52:30.344Z,{}
solar,solar--levelized-cost-of-energy-pakistan-onshore-wind,Pakistan · Onshore wind,Pakistan,Onshore wind,2017-12-31,2017,year,2017-01-01,0.13553134,USD 2025 / kWh,annual,observed,https://ourworldindata.org/grapher/levelized-cost-of-energy.csv,2026-09-28T22:52:30.344Z,{}
solar,solar--levelized-cost-of-energy-philippines-onshore-wind,Philippines · Onshore wind,Philippines,Onshore wind,2017-12-31,2017,year,2017-01-01,0.11561627,USD 2025 / kWh,annual,observed,https://ourworldindata.org/grapher/levelized-cost-of-energy.csv,2026-09-28T22:52:30.344Z,{}
solar,solar--levelized-cost-of-energy-poland-onshore-wind,Poland · Onshore wind,Poland,Onshore wind,2017-12-31,2017,year,2017-01-01,0.06588524,USD 2025 / kWh,annual,observed,https://ourworldindata.org/grapher/levelized-cost-of-energy.csv,2026-09-28T22:52:30.344Z,{}
solar,solar--levelized-cost-of-energy-poland-solar-photovoltaic,Poland · Solar photovoltaic,Poland,Solar photovoltaic,2017-12-31,2017,year,2017-01-01,,USD 2025 / kWh,annual,observed,https://ourworldindata.org/grapher/levelized-cost-of-energy.csv,2026-09-28T22:52:30.344Z,{}
solar,solar--levelized-cost-of-energy-portugal-onshore-wind,Portugal · Onshore wind,Portugal,Onshore wind,2017-12-31,2017,year,2017-01-01,0.058706824,USD 2025 / kWh,annual,observed,https://ourworldindata.org/grapher/levelized-cost-of-energy.csv,2026-09-28T22:52:30.344Z,{}
solar,solar--levelized-cost-of-energy-portugal-solar-photovoltaic,Portugal · Solar photovoltaic,Portugal,Solar photovoltaic,2017-12-31,2017,year,2017-01-01,,USD 2025 / kWh,annual,observed,https://ourworldindata.org/grapher/levelized-cost-of-energy.csv,2026-09-28T22:52:30.344Z,{}
solar,solar--levelized-cost-of-energy-saudi-arabia-solar-photovoltaic,Saudi Arabia · Solar photovoltaic,Saudi Arabia,Solar photovoltaic,2017-12-31,2017,year,2017-01-01,0.32917836,USD 2025 / kWh,annual,observed,https://ourworldindata.org/grapher/levelized-cost-of-energy.csv,2026-09-28T22:52:30.344Z,{}
solar,solar--levelized-cost-of-energy-south-africa-onshore-wind,South Africa · Onshore wind,South Africa,Onshore wind,2017-12-31,2017,year,2017-01-01,0.07331885,USD 2025 / kWh,annual,observed,https://ourworldindata.org/grapher/levelized-cost-of-energy.csv,2026-09-28T22:52:30.344Z,{}
solar,solar--levelized-cost-of-energy-south-africa-solar-photovoltaic,South Africa · Solar photovoltaic,South Africa,Solar photovoltaic,2017-12-31,2017,year,2017-01-01,,USD 2025 / kWh,annual,observed,https://ourworldindata.org/grapher/levelized-cost-of-energy.csv,2026-09-28T22:52:30.344Z,{}
solar,solar--levelized-cost-of-energy-south-korea-onshore-wind,South Korea · Onshore wind,South Korea,Onshore wind,2017-12-31,2017,year,2017-01-01,0.086208336,USD 2025 / kWh,annual,observed,https://ourworldindata.org/grapher/levelized-cost-of-energy.csv,2026-09-28T22:52:30.344Z,{}
solar,solar--levelized-cost-of-energy-south-korea-solar-photovoltaic,South Korea · Solar photovoltaic,South Korea,Solar photovoltaic,2017-12-31,2017,year,2017-01-01,0.11670691,USD 2025 / kWh,annual,observed,https://ourworldindata.org/grapher/levelized-cost-of-energy.csv,2026-09-28T22:52:30.344Z,{}
solar,solar--levelized-cost-of-energy-spain-onshore-wind,Spain · Onshore wind,Spain,Onshore wind,2017-12-31,2017,year,2017-01-01,0.061145525,USD 2025 / kWh,annual,observed,https://ourworldindata.org/grapher/levelized-cost-of-energy.csv,2026-09-28T22:52:30.344Z,{}
solar,solar--levelized-cost-of-energy-spain-solar-photovoltaic,Spain · Solar photovoltaic,Spain,Solar photovoltaic,2017-12-31,2017,year,2017-01-01,,USD 2025 / kWh,annual,observed,https://ourworldindata.org/grapher/levelized-cost-of-energy.csv,2026-09-28T22:52:30.344Z,{}
solar,solar--levelized-cost-of-energy-sweden-onshore-wind,Sweden · Onshore wind,Sweden,Onshore wind,2017-12-31,2017,year,2017-01-01,0.061485138,USD 2025 / kWh,annual,observed,https://ourworldindata.org/grapher/levelized-cost-of-energy.csv,2026-09-28T22:52:30.344Z,{}
solar,solar--levelized-cost-of-energy-thailand-solar-photovoltaic,Thailand · Solar photovoltaic,Thailand,Solar photovoltaic,2017-12-31,2017,year,2017-01-01,0.16937909,USD 2025 / kWh,annual,observed,https://ourworldindata.org/grapher/levelized-cost-of-energy.csv,2026-09-28T22:52:30.344Z,{}
solar,solar--levelized-cost-of-energy-turkey-onshore-wind,Turkey · Onshore wind,Turkey,Onshore wind,2017-12-31,2017,year,2017-01-01,0.072889574,USD 2025 / kWh,annual,observed,https://ourworldindata.org/grapher/levelized-cost-of-energy.csv,2026-09-28T22:52:30.344Z,{}
solar,solar--levelized-cost-of-energy-turkey-solar-photovoltaic,Turkey · Solar photovoltaic,Turkey,Solar photovoltaic,2017-12-31,2017,year,2017-01-01,0.13644722,USD 2025 / kWh,annual,observed,https://ourworldindata.org/grapher/levelized-cost-of-energy.csv,2026-09-28T22:52:30.344Z,{}
solar,solar--levelized-cost-of-energy-ukraine-onshore-wind,Ukraine · Onshore wind,Ukraine,Onshore wind,2017-12-31,2017,year,2017-01-01,0.112069756,USD 2025 / kWh,annual,observed,https://ourworldindata.org/grapher/levelized-cost-of-energy.csv,2026-09-28T22:52:30.344Z,{}
solar,solar--levelized-cost-of-energy-united-kingdom-onshore-wind,United Kingdom · Onshore wind,United Kingdom,Onshore wind,2017-12-31,2017,year,2017-01-01,0.0727575,USD 2025 / kWh,annual,observed,https://ourworldindata.org/grapher/levelized-cost-of-energy.csv,2026-09-28T22:52:30.344Z,{}
solar,solar--levelized-cost-of-energy-united-kingdom-solar-photovoltaic,United Kingdom · Solar photovoltaic,United Kingdom,Solar photovoltaic,2017-12-31,2017,year,2017-01-01,0.13256006,USD 2025 / kWh,annual,observed,https://ourworldindata.org/grapher/levelized-cost-of-energy.csv,2026-09-28T22:52:30.344Z,{}
solar,solar--levelized-cost-of-energy-united-states-onshore-wind,United States · Onshore wind,United States,Onshore wind,2017-12-31,2017,year,2017-01-01,0.05005332,USD 2025 / kWh,annual,observed,https://ourworldindata.org/grapher/levelized-cost-of-energy.csv,2026-09-28T22:52:30.344Z,{}
solar,solar--levelized-cost-of-energy-united-states-solar-photovoltaic,United States · Solar photovoltaic,United States,Solar photovoltaic,2017-12-31,2017,year,2017-01-01,0.10406889,USD 2025 / kWh,annual,observed,https://ourworldindata.org/grapher/levelized-cost-of-energy.csv,2026-09-28T22:52:30.344Z,{}
solar,solar--levelized-cost-of-energy-uruguay-onshore-wind,Uruguay · Onshore wind,Uruguay,Onshore wind,2017-12-31,2017,year,2017-01-01,0.059390515,USD 2025 / kWh,annual,observed,https://ourworldindata.org/grapher/levelized-cost-of-energy.csv,2026-09-28T22:52:30.344Z,{}
solar,solar--levelized-cost-of-energy-vietnam-onshore-wind,Vietnam · Onshore wind,Vietnam,Onshore wind,2017-12-31,2017,year,2017-01-01,0.076366395,USD 2025 / kWh,annual,observed,https://ourworldindata.org/grapher/levelized-cost-of-energy.csv,2026-09-28T22:52:30.344Z,{}
solar,solar--levelized-cost-of-energy-world-bioenergy,Bioenergy,World,Bioenergy,2017-12-31,2017,year,2017-01-01,0.07871184,USD 2025 / kWh,annual,observed,https://ourworldindata.org/grapher/levelized-cost-of-energy.csv,2026-09-28T22:52:30.344Z,{}
solar,solar--levelized-cost-of-energy-world-concentrated-solar-power,Concentrated solar power,World,Concentrated solar power,2017-12-31,2017,year,2017-01-01,0.2513753,USD 2025 / kWh,annual,observed,https://ourworldindata.org/grapher/levelized-cost-of-energy.csv,2026-09-28T22:52:30.344Z,{}
solar,solar--levelized-cost-of-energy-world-geothermal,Geothermal,World,Geothermal,2017-12-31,2017,year,2017-01-01,0.081349194,USD 2025 / kWh,annual,observed,https://ourworldindata.org/grapher/levelized-cost-of-energy.csv,2026-09-28T22:52:30.344Z,{}
solar,solar--levelized-cost-of-energy-world-hydropower,Hydropower,World,Hydropower,2017-12-31,2017,year,2017-01-01,0.056140576,USD 2025 / kWh,annual,observed,https://ourworldindata.org/grapher/levelized-cost-of-energy.csv,2026-09-28T22:52:30.344Z,{}
solar,solar--levelized-cost-of-energy-world-offshore-wind,Offshore wind,World,Offshore wind,2017-12-31,2017,year,2017-01-01,0.11862993,USD 2025 / kWh,annual,observed,https://ourworldindata.org/grapher/levelized-cost-of-energy.csv,2026-09-28T22:52:30.344Z,{}
solar,solar--levelized-cost-of-energy-world-onshore-wind,Onshore wind,World,Onshore wind,2017-12-31,2017,year,2017-01-01,0.064790785,USD 2025 / kWh,annual,observed,https://ourworldindata.org/grapher/levelized-cost-of-energy.csv,2026-09-28T22:52:30.344Z,{}
solar,solar--levelized-cost-of-energy-world-solar-photovoltaic,Solar photovoltaic,World,Solar photovoltaic,2017-12-31,2017,year,2017-01-01,0.093562625,USD 2025 / kWh,annual,observed,https://ourworldindata.org/grapher/levelized-cost-of-energy.csv,2026-09-28T22:52:30.344Z,{}
solar,solar--levelized-cost-of-energy-argentina-onshore-wind,Argentina · Onshore wind,Argentina,Onshore wind,2018-12-31,2018,year,2018-01-01,0.07988243,USD 2025 / kWh,annual,observed,https://ourworldindata.org/grapher/levelized-cost-of-energy.csv,2026-09-28T22:52:30.344Z,{}
solar,solar--levelized-cost-of-energy-australia-onshore-wind,Australia · Onshore wind,Australia,Onshore wind,2018-12-31,2018,year,2018-01-01,0.049212236,USD 2025 / kWh,annual,observed,https://ourworldindata.org/grapher/levelized-cost-of-energy.csv,2026-09-28T22:52:30.344Z,{}
solar,solar--levelized-cost-of-energy-australia-solar-photovoltaic,Australia · Solar photovoltaic,Australia,Solar photovoltaic,2018-12-31,2018,year,2018-01-01,0.083070554,USD 2025 / kWh,annual,observed,https://ourworldindata.org/grapher/levelized-cost-of-energy.csv,2026-09-28T22:52:30.344Z,{}
solar,solar--levelized-cost-of-energy-austria-onshore-wind,Austria · Onshore wind,Austria,Onshore wind,2018-12-31,2018,year,2018-01-01,0.0694105,USD 2025 / kWh,annual,observed,https://ourworldindata.org/grapher/levelized-cost-of-energy.csv,2026-09-28T22:52:30.344Z,{}
solar,solar--levelized-cost-of-energy-belgium-onshore-wind,Belgium · Onshore wind,Belgium,Onshore wind,2018-12-31,2018,year,2018-01-01,0.067395814,USD 2025 / kWh,annual,observed,https://ourworldindata.org/grapher/levelized-cost-of-energy.csv,2026-09-28T22:52:30.344Z,{}
solar,solar--levelized-cost-of-energy-brazil-onshore-wind,Brazil · Onshore wind,Brazil,Onshore wind,2018-12-31,2018,year,2018-01-01,0.04881647,USD 2025 / kWh,annual,observed,https://ourworldindata.org/grapher/levelized-cost-of-energy.csv,2026-09-28T22:52:30.344Z,{}
solar,solar--levelized-cost-of-energy-brazil-solar-photovoltaic,Brazil · Solar photovoltaic,Brazil,Solar photovoltaic,2018-12-31,2018,year,2018-01-01,0.103334874,USD 2025 / kWh,annual,observed,https://ourworldindata.org/grapher/levelized-cost-of-energy.csv,2026-09-28T22:52:30.344Z,{}
solar,solar--levelized-cost-of-energy-canada-onshore-wind,Canada · Onshore wind,Canada,Onshore wind,2018-12-31,2018,year,2018-01-01,0.059331898,USD 2025 / kWh,annual,observed,https://ourworldindata.org/grapher/levelized-cost-of-energy.csv,2026-09-28T22:52:30.344Z,{}
solar,solar--levelized-cost-of-energy-canada-solar-photovoltaic,Canada · Solar photovoltaic,Canada,Solar photovoltaic,2018-12-31,2018,year,2018-01-01,0.18601859,USD 2025 / kWh,annual,observed,https://ourworldindata.org/grapher/levelized-cost-of-energy.csv,2026-09-28T22:52:30.344Z,{}
solar,solar--levelized-cost-of-energy-chile-onshore-wind,Chile · Onshore wind,Chile,Onshore wind,2018-12-31,2018,year,2018-01-01,0.05666716,USD 2025 / kWh,annual,observed,https://ourworldindata.org/grapher/levelized-cost-of-energy.csv,2026-09-28T22:52:30.344Z,{}
solar,solar--levelized-cost-of-energy-chile-solar-photovoltaic,Chile · Solar photovoltaic,Chile,Solar photovoltaic,2018-12-31,2018,year,2018-01-01,0.12910484,USD 2025 / kWh,annual,observed,https://ourworldindata.org/grapher/levelized-cost-of-energy.csv,2026-09-28T22:52:30.344Z,{}
solar,solar--levelized-cost-of-energy-china-onshore-wind,China · Onshore wind,China,Onshore wind,2018-12-31,2018,year,2018-01-01,0.05369319,USD 2025 / kWh,annual,observed,https://ourworldindata.org/grapher/levelized-cost-of-energy.csv,2026-09-28T22:52:30.344Z,{}
solar,solar--levelized-cost-of-energy-china-solar-photovoltaic,China · Solar photovoltaic,China,Solar photovoltaic,2018-12-31,2018,year,2018-01-01,0.05676608,USD 2025 / kWh,annual,observed,https://ourworldindata.org/grapher/levelized-cost-of-energy.csv,2026-09-28T22:52:30.344Z,{}
solar,solar--levelized-cost-of-energy-denmark-onshore-wind,Denmark · Onshore wind,Denmark,Onshore wind,2018-12-31,2018,year,2018-01-01,0.049320128,USD 2025 / kWh,annual,observed,https://ourworldindata.org/grapher/levelized-cost-of-energy.csv,2026-09-28T22:52:30.344Z,{}
solar,solar--levelized-cost-of-energy-dominican-republic-onshore-wind,Dominican Republic · Onshore wind,Dominican Republic,Onshore wind,2018-12-31,2018,year,2018-01-01,0.07918608,USD 2025 / kWh,annual,observed,https://ourworldindata.org/grapher/levelized-cost-of-energy.csv,2026-09-28T22:52:30.344Z,{}
solar,solar--levelized-cost-of-energy-egypt-onshore-wind,Egypt · Onshore wind,Egypt,Onshore wind,2018-12-31,2018,year,2018-01-01,0.06473778,USD 2025 / kWh,annual,observed,https://ourworldindata.org/grapher/levelized-cost-of-energy.csv,2026-09-28T22:52:30.344Z,{}
solar,solar--levelized-cost-of-energy-finland-onshore-wind,Finland · Onshore wind,Finland,Onshore wind,2018-12-31,2018,year,2018-01-01,0.05290431,USD 2025 / kWh,annual,observed,https://ourworldindata.org/grapher/levelized-cost-of-energy.csv,2026-09-28T22:52:30.344Z,{}
solar,solar--levelized-cost-of-energy-france-onshore-wind,France · Onshore wind,France,Onshore wind,2018-12-31,2018,year,2018-01-01,0.070885845,USD 2025 / kWh,annual,observed,https://ourworldindata.org/grapher/levelized-cost-of-energy.csv,2026-09-28T22:52:30.344Z,{}
solar,solar--levelized-cost-of-energy-france-solar-photovoltaic,France · Solar photovoltaic,France,Solar photovoltaic,2018-12-31,2018,year,2018-01-01,0.07639155,USD 2025 / kWh,annual,observed,https://ourworldindata.org/grapher/levelized-cost-of-energy.csv,2026-09-28T22:52:30.344Z,{}
solar,solar--levelized-cost-of-energy-germany-onshore-wind,Germany · Onshore wind,Germany,Onshore wind,2018-12-31,2018,year,2018-01-01,0.073189735,USD 2025 / kWh,annual,observed,https://ourworldindata.org/grapher/levelized-cost-of-energy.csv,2026-09-28T22:52:30.344Z,{}
solar,solar--levelized-cost-of-energy-germany-solar-photovoltaic,Germany · Solar photovoltaic,Germany,Solar photovoltaic,2018-12-31,2018,year,2018-01-01,0.09560275,USD 2025 / kWh,annual,observed,https://ourworldindata.org/grapher/levelized-cost-of-energy.csv,2026-09-28T22:52:30.344Z,{}
solar,solar--levelized-cost-of-energy-greece-onshore-wind,Greece · Onshore wind,Greece,Onshore wind,2018-12-31,2018,year,2018-01-01,0.08698034,USD 2025 / kWh,annual,observed,https://ourworldindata.org/grapher/levelized-cost-of-energy.csv,2026-09-28T22:52:30.344Z,{}
solar,solar--levelized-cost-of-energy-greece-solar-photovoltaic,Greece · Solar photovoltaic,Greece,Solar photovoltaic,2018-12-31,2018,year,2018-01-01,0.124378555,USD 2025 / kWh,annual,observed,https://ourworldindata.org/grapher/levelized-cost-of-energy.csv,2026-09-28T22:52:30.344Z,{}
solar,solar--levelized-cost-of-energy-india-onshore-wind,India · Onshore wind,India,Onshore wind,2018-12-31,2018,year,2018-01-01,0.047091447,USD 2025 / kWh,annual,observed,https://ourworldindata.org/grapher/levelized-cost-of-energy.csv,2026-09-28T22:52:30.344Z,{}
solar,solar--levelized-cost-of-energy-india-solar-photovoltaic,India · Solar photovoltaic,India,Solar photovoltaic,2018-12-31,2018,year,2018-01-01,0.05787765,USD 2025 / kWh,annual,observed,https://ourworldindata.org/grapher/levelized-cost-of-energy.csv,2026-09-28T22:52:30.344Z,{}
solar,solar--levelized-cost-of-energy-indonesia-onshore-wind,Indonesia · Onshore wind,Indonesia,Onshore wind,2018-12-31,2018,year,2018-01-01,0.073621094,USD 2025 / kWh,annual,observed,https://ourworldindata.org/grapher/levelized-cost-of-energy.csv,2026-09-28T22:52:30.344Z,{}
solar,solar--levelized-cost-of-energy-ireland-onshore-wind,Ireland · Onshore wind,Ireland,Onshore wind,2018-12-31,2018,year,2018-01-01,0.054837238,USD 2025 / kWh,annual,observed,https://ourworldindata.org/grapher/levelized-cost-of-energy.csv,2026-09-28T22:52:30.344Z,{}
solar,solar--levelized-cost-of-energy-italy-onshore-wind,Italy · Onshore wind,Italy,Onshore wind,2018-12-31,2018,year,2018-01-01,0.06362549,USD 2025 / kWh,annual,observed,https://ourworldindata.org/grapher/levelized-cost-of-energy.csv,2026-09-28T22:52:30.344Z,{}
solar,solar--levelized-cost-of-energy-italy-solar-photovoltaic,Italy · Solar photovoltaic,Italy,Solar photovoltaic,2018-12-31,2018,year,2018-01-01,0.071168676,USD 2025 / kWh,annual,observed,https://ourworldindata.org/grapher/levelized-cost-of-energy.csv,2026-09-28T22:52:30.344Z,{}
solar,solar--levelized-cost-of-energy-japan-onshore-wind,Japan · Onshore wind,Japan,Onshore wind,2018-12-31,2018,year,2018-01-01,0.15676291,USD 2025 / kWh,annual,observed,https://ourworldindata.org/grapher/levelized-cost-of-energy.csv,2026-09-28T22:52:30.344Z,{}
solar,solar--levelized-cost-of-energy-japan-solar-photovoltaic,Japan · Solar photovoltaic,Japan,Solar photovoltaic,2018-12-31,2018,year,2018-01-01,0.13866292,USD 2025 / kWh,annual,observed,https://ourworldindata.org/grapher/levelized-cost-of-energy.csv,2026-09-28T22:52:30.344Z,{}
solar,solar--levelized-cost-of-energy-mexico-onshore-wind,Mexico · Onshore wind,Mexico,Onshore wind,2018-12-31,2018,year,2018-01-01,0.046236873,USD 2025 / kWh,annual,observed,https://ourworldindata.org/grapher/levelized-cost-of-energy.csv,2026-09-28T22:52:30.344Z,{}
solar,solar--levelized-cost-of-energy-mexico-solar-photovoltaic,Mexico · Solar photovoltaic,Mexico,Solar photovoltaic,2018-12-31,2018,year,2018-01-01,0.0935992,USD 2025 / kWh,annual,observed,https://ourworldindata.org/grapher/levelized-cost-of-energy.csv,2026-09-28T22:52:30.344Z,{}
solar,solar--levelized-cost-of-energy-morocco-onshore-wind,Morocco · Onshore wind,Morocco,Onshore wind,2018-12-31,2018,year,2018-01-01,0.06488611,USD 2025 / kWh,annual,observed,https://ourworldindata.org/grapher/levelized-cost-of-energy.csv,2026-09-28T22:52:30.344Z,{}
solar,solar--levelized-cost-of-energy-netherlands-onshore-wind,Netherlands · Onshore wind,Netherlands,Onshore wind,2018-12-31,2018,year,2018-01-01,0.05115059,USD 2025 / kWh,annual,observed,https://ourworldindata.org/grapher/levelized-cost-of-energy.csv,2026-09-28T22:52:30.344Z,{}
solar,solar--levelized-cost-of-energy-netherlands-solar-photovoltaic,Netherlands · Solar photovoltaic,Netherlands,Solar photovoltaic,2018-12-31,2018,year,2018-01-01,0.11435752,USD 2025 / kWh,annual,observed,https://ourworldindata.org/grapher/levelized-cost-of-energy.csv,2026-09-28T22:52:30.344Z,{}
solar,solar--levelized-cost-of-energy-norway-onshore-wind,Norway · Onshore wind,Norway,Onshore wind,2018-12-31,2018,year,2018-01-01,0.06500655,USD 2025 / kWh,annual,observed,https://ourworldindata.org/grapher/levelized-cost-of-energy.csv,2026-09-28T22:52:30.344Z,{}
solar,solar--levelized-cost-of-energy-pakistan-onshore-wind,Pakistan · Onshore wind,Pakistan,Onshore wind,2018-12-31,2018,year,2018-01-01,0.09822822,USD 2025 / kWh,annual,observed,https://ourworldindata.org/grapher/levelized-cost-of-energy.csv,2026-09-28T22:52:30.344Z,{}
solar,solar--levelized-cost-of-energy-peru-onshore-wind,Peru · Onshore wind,Peru,Onshore wind,2018-12-31,2018,year,2018-01-01,0.034956455,USD 2025 / kWh,annual,observed,https://ourworldindata.org/grapher/levelized-cost-of-energy.csv,2026-09-28T22:52:30.344Z,{}
solar,solar--levelized-cost-of-energy-portugal-onshore-wind,Portugal · Onshore wind,Portugal,Onshore wind,2018-12-31,2018,year,2018-01-01,0.05408909,USD 2025 / kWh,annual,observed,https://ourworldindata.org/grapher/levelized-cost-of-energy.csv,2026-09-28T22:52:30.344Z,{}
solar,solar--levelized-cost-of-energy-portugal-solar-photovoltaic,Portugal · Solar photovoltaic,Portugal,Solar photovoltaic,2018-12-31,2018,year,2018-01-01,0.059366547,USD 2025 / kWh,annual,observed,https://ourworldindata.org/grapher/levelized-cost-of-energy.csv,2026-09-28T22:52:30.344Z,{}
solar,solar--levelized-cost-of-energy-russia-onshore-wind,Russia · Onshore wind,Russia,Onshore wind,2018-12-31,2018,year,2018-01-01,0.0634787,USD 2025 / kWh,annual,observed,https://ourworldindata.org/grapher/levelized-cost-of-energy.csv,2026-09-28T22:52:30.344Z,{}
solar,solar--levelized-cost-of-energy-saudi-arabia-solar-photovoltaic,Saudi Arabia · Solar photovoltaic,Saudi Arabia,Solar photovoltaic,2018-12-31,2018,year,2018-01-01,0.09042032,USD 2025 / kWh,annual,observed,https://ourworldindata.org/grapher/levelized-cost-of-energy.csv,2026-09-28T22:52:30.344Z,{}
solar,solar--levelized-cost-of-energy-south-africa-onshore-wind,South Africa · Onshore wind,South Africa,Onshore wind,2018-12-31,2018,year,2018-01-01,,USD 2025 / kWh,annual,observed,https://ourworldindata.org/grapher/levelized-cost-of-energy.csv,2026-09-28T22:52:30.344Z,{}
solar,solar--levelized-cost-of-energy-south-africa-solar-photovoltaic,South Africa · Solar photovoltaic,South Africa,Solar photovoltaic,2018-12-31,2018,year,2018-01-01,0.10143963,USD 2025 / kWh,annual,observed,https://ourworldindata.org/grapher/levelized-cost-of-energy.csv,2026-09-28T22:52:30.344Z,{}
solar,solar--levelized-cost-of-energy-south-korea-onshore-wind,South Korea · Onshore wind,South Korea,Onshore wind,2018-12-31,2018,year,2018-01-01,0.069762416,USD 2025 / kWh,annual,observed,https://ourworldindata.org/grapher/levelized-cost-of-energy.csv,2026-09-28T22:52:30.344Z,{}
solar,solar--levelized-cost-of-energy-south-korea-solar-photovoltaic,South Korea · Solar photovoltaic,South Korea,Solar photovoltaic,2018-12-31,2018,year,2018-01-01,0.09590829,USD 2025 / kWh,annual,observed,https://ourworldindata.org/grapher/levelized-cost-of-energy.csv,2026-09-28T22:52:30.344Z,{}
solar,solar--levelized-cost-of-energy-spain-onshore-wind,Spain · Onshore wind,Spain,Onshore wind,2018-12-31,2018,year,2018-01-01,0.08700901,USD 2025 / kWh,annual,observed,https://ourworldindata.org/grapher/levelized-cost-of-energy.csv,2026-09-28T22:52:30.344Z,{}
solar,solar--levelized-cost-of-energy-spain-solar-photovoltaic,Spain · Solar photovoltaic,Spain,Solar photovoltaic,2018-12-31,2018,year,2018-01-01,,USD 2025 / kWh,annual,observed,https://ourworldindata.org/grapher/levelized-cost-of-energy.csv,2026-09-28T22:52:30.344Z,{}
solar,solar--levelized-cost-of-energy-sweden-onshore-wind,Sweden · Onshore wind,Sweden,Onshore wind,2018-12-31,2018,year,2018-01-01,0.046545815,USD 2025 / kWh,annual,observed,https://ourworldindata.org/grapher/levelized-cost-of-energy.csv,2026-09-28T22:52:30.344Z,{}
solar,solar--levelized-cost-of-energy-thailand-solar-photovoltaic,Thailand · Solar photovoltaic,Thailand,Solar photovoltaic,2018-12-31,2018,year,2018-01-01,0.07769886,USD 2025 / kWh,annual,observed,https://ourworldindata.org/grapher/levelized-cost-of-energy.csv,2026-09-28T22:52:30.344Z,{}
solar,solar--levelized-cost-of-energy-turkey-onshore-wind,Turkey · Onshore wind,Turkey,Onshore wind,2018-12-31,2018,year,2018-01-01,0.080729775,USD 2025 / kWh,annual,observed,https://ourworldindata.org/grapher/levelized-cost-of-energy.csv,2026-09-28T22:52:30.344Z,{}
solar,solar--levelized-cost-of-energy-turkey-solar-photovoltaic,Turkey · Solar photovoltaic,Turkey,Solar photovoltaic,2018-12-31,2018,year,2018-01-01,0.10854605,USD 2025 / kWh,annual,observed,https://ourworldindata.org/grapher/levelized-cost-of-energy.csv,2026-09-28T22:52:30.344Z,{}
solar,solar--levelized-cost-of-energy-united-kingdom-onshore-wind,United Kingdom · Onshore wind,United Kingdom,Onshore wind,2018-12-31,2018,year,2018-01-01,0.051258136,USD 2025 / kWh,annual,observed,https://ourworldindata.org/grapher/levelized-cost-of-energy.csv,2026-09-28T22:52:30.344Z,{}
solar,solar--levelized-cost-of-energy-united-kingdom-solar-photovoltaic,United Kingdom · Solar photovoltaic,United Kingdom,Solar photovoltaic,2018-12-31,2018,year,2018-01-01,0.13467975,USD 2025 / kWh,annual,observed,https://ourworldindata.org/grapher/levelized-cost-of-energy.csv,2026-09-28T22:52:30.344Z,{}
solar,solar--levelized-cost-of-energy-united-states-onshore-wind,United States · Onshore wind,United States,Onshore wind,2018-12-31,2018,year,2018-01-01,0.046102077,USD 2025 / kWh,annual,observed,https://ourworldindata.org/grapher/levelized-cost-of-energy.csv,2026-09-28T22:52:30.344Z,{}
solar,solar--levelized-cost-of-energy-united-states-solar-photovoltaic,United States · Solar photovoltaic,United States,Solar photovoltaic,2018-12-31,2018,year,2018-01-01,0.08299926,USD 2025 / kWh,annual,observed,https://ourworldindata.org/grapher/levelized-cost-of-energy.csv,2026-09-28T22:52:30.344Z,{}
solar,solar--levelized-cost-of-energy-world-bioenergy,Bioenergy,World,Bioenergy,2018-12-31,2018,year,2018-01-01,0.061025836,USD 2025 / kWh,annual,observed,https://ourworldindata.org/grapher/levelized-cost-of-energy.csv,2026-09-28T22:52:30.344Z,{}
solar,solar--levelized-cost-of-energy-world-concentrated-solar-power,Concentrated solar power,World,Concentrated solar power,2018-12-31,2018,year,2018-01-01,0.15496989,USD 2025 / kWh,annual,observed,https://ourworldindata.org/grapher/levelized-cost-of-energy.csv,2026-09-28T22:52:30.344Z,{}
solar,solar--levelized-cost-of-energy-world-geothermal,Geothermal,World,Geothermal,2018-12-31,2018,year,2018-01-01,0.07879731,USD 2025 / kWh,annual,observed,https://ourworldindata.org/grapher/levelized-cost-of-energy.csv,2026-09-28T22:52:30.344Z,{}
solar,solar--levelized-cost-of-energy-world-hydropower,Hydropower,World,Hydropower,2018-12-31,2018,year,2018-01-01,0.04631387,USD 2025 / kWh,annual,observed,https://ourworldindata.org/grapher/levelized-cost-of-energy.csv,2026-09-28T22:52:30.344Z,{}
solar,solar--levelized-cost-of-energy-world-offshore-wind,Offshore wind,World,Offshore wind,2018-12-31,2018,year,2018-01-01,0.115014374,USD 2025 / kWh,annual,observed,https://ourworldindata.org/grapher/levelized-cost-of-energy.csv,2026-09-28T22:52:30.344Z,{}
solar,solar--levelized-cost-of-energy-world-onshore-wind,Onshore wind,World,Onshore wind,2018-12-31,2018,year,2018-01-01,0.0556333,USD 2025 / kWh,annual,observed,https://ourworldindata.org/grapher/levelized-cost-of-energy.csv,2026-09-28T22:52:30.344Z,{}
solar,solar--levelized-cost-of-energy-world-solar-photovoltaic,Solar photovoltaic,World,Solar photovoltaic,2018-12-31,2018,year,2018-01-01,0.079153046,USD 2025 / kWh,annual,observed,https://ourworldindata.org/grapher/levelized-cost-of-energy.csv,2026-09-28T22:52:30.344Z,{}
solar,solar--levelized-cost-of-energy-argentina-onshore-wind,Argentina · Onshore wind,Argentina,Onshore wind,2019-12-31,2019,year,2019-01-01,0.07017975,USD 2025 / kWh,annual,observed,https://ourworldindata.org/grapher/levelized-cost-of-energy.csv,2026-09-28T22:52:30.344Z,{}
solar,solar--levelized-cost-of-energy-australia-onshore-wind,Australia · Onshore wind,Australia,Onshore wind,2019-12-31,2019,year,2019-01-01,0.046159316,USD 2025 / kWh,annual,observed,https://ourworldindata.org/grapher/levelized-cost-of-energy.csv,2026-09-28T22:52:30.344Z,{}
solar,solar--levelized-cost-of-energy-australia-solar-photovoltaic,Australia · Solar photovoltaic,Australia,Solar photovoltaic,2019-12-31,2019,year,2019-01-01,0.07413044,USD 2025 / kWh,annual,observed,https://ourworldindata.org/grapher/levelized-cost-of-energy.csv,2026-09-28T22:52:30.344Z,{}
solar,solar--levelized-cost-of-energy-belgium-onshore-wind,Belgium · Onshore wind,Belgium,Onshore wind,2019-12-31,2019,year,2019-01-01,0.06606774,USD 2025 / kWh,annual,observed,https://ourworldindata.org/grapher/levelized-cost-of-energy.csv,2026-09-28T22:52:30.344Z,{}
solar,solar--levelized-cost-of-energy-brazil-onshore-wind,Brazil · Onshore wind,Brazil,Onshore wind,2019-12-31,2019,year,2019-01-01,0.03827411,USD 2025 / kWh,annual,observed,https://ourworldindata.org/grapher/levelized-cost-of-energy.csv,2026-09-28T22:52:30.344Z,{}
solar,solar--levelized-cost-of-energy-brazil-solar-photovoltaic,Brazil · Solar photovoltaic,Brazil,Solar photovoltaic,2019-12-31,2019,year,2019-01-01,0.09701658,USD 2025 / kWh,annual,observed,https://ourworldindata.org/grapher/levelized-cost-of-energy.csv,2026-09-28T22:52:30.344Z,{}
solar,solar--levelized-cost-of-energy-canada-onshore-wind,Canada · Onshore wind,Canada,Onshore wind,2019-12-31,2019,year,2019-01-01,0.06394182,USD 2025 / kWh,annual,observed,https://ourworldindata.org/grapher/levelized-cost-of-energy.csv,2026-09-28T22:52:30.344Z,{}
solar,solar--levelized-cost-of-energy-canada-solar-photovoltaic,Canada · Solar photovoltaic,Canada,Solar photovoltaic,2019-12-31,2019,year,2019-01-01,0.120840654,USD 2025 / kWh,annual,observed,https://ourworldindata.org/grapher/levelized-cost-of-energy.csv,2026-09-28T22:52:30.344Z,{}
solar,solar--levelized-cost-of-energy-chile-onshore-wind,Chile · Onshore wind,Chile,Onshore wind,2019-12-31,2019,year,2019-01-01,0.0745539,USD 2025 / kWh,annual,observed,https://ourworldindata.org/grapher/levelized-cost-of-energy.csv,2026-09-28T22:52:30.344Z,{}
solar,solar--levelized-cost-of-energy-chile-solar-photovoltaic,Chile · Solar photovoltaic,Chile,Solar photovoltaic,2019-12-31,2019,year,2019-01-01,0.10293238,USD 2025 / kWh,annual,observed,https://ourworldindata.org/grapher/levelized-cost-of-energy.csv,2026-09-28T22:52:30.344Z,{}
solar,solar--levelized-cost-of-energy-china-onshore-wind,China · Onshore wind,China,Onshore wind,2019-12-31,2019,year,2019-01-01,0.04176588,USD 2025 / kWh,annual,observed,https://ourworldindata.org/grapher/levelized-cost-of-energy.csv,2026-09-28T22:52:30.344Z,{}
solar,solar--levelized-cost-of-energy-china-solar-photovoltaic,China · Solar photovoltaic,China,Solar photovoltaic,2019-12-31,2019,year,2019-01-01,0.051626235,USD 2025 / kWh,annual,observed,https://ourworldindata.org/grapher/levelized-cost-of-energy.csv,2026-09-28T22:52:30.344Z,{}
solar,solar--levelized-cost-of-energy-denmark-onshore-wind,Denmark · Onshore wind,Denmark,Onshore wind,2019-12-31,2019,year,2019-01-01,0.050691124,USD 2025 / kWh,annual,observed,https://ourworldindata.org/grapher/levelized-cost-of-energy.csv,2026-09-28T22:52:30.344Z,{}
solar,solar--levelized-cost-of-energy-dominican-republic-onshore-wind,Dominican Republic · Onshore wind,Dominican Republic,Onshore wind,2019-12-31,2019,year,2019-01-01,0.05942303,USD 2025 / kWh,annual,observed,https://ourworldindata.org/grapher/levelized-cost-of-energy.csv,2026-09-28T22:52:30.344Z,{}
solar,solar--levelized-cost-of-energy-ethiopia-onshore-wind,Ethiopia · Onshore wind,Ethiopia,Onshore wind,2019-12-31,2019,year,2019-01-01,0.06943596,USD 2025 / kWh,annual,observed,https://ourworldindata.org/grapher/levelized-cost-of-energy.csv,2026-09-28T22:52:30.344Z,{}
solar,solar--levelized-cost-of-energy-finland-onshore-wind,Finland · Onshore wind,Finland,Onshore wind,2019-12-31,2019,year,2019-01-01,0.042111903,USD 2025 / kWh,annual,observed,https://ourworldindata.org/grapher/levelized-cost-of-energy.csv,2026-09-28T22:52:30.344Z,{}
solar,solar--levelized-cost-of-energy-france-onshore-wind,France · Onshore wind,France,Onshore wind,2019-12-31,2019,year,2019-01-01,0.058222495,USD 2025 / kWh,annual,observed,https://ourworldindata.org/grapher/levelized-cost-of-energy.csv,2026-09-28T22:52:30.344Z,{}
solar,solar--levelized-cost-of-energy-france-solar-photovoltaic,France · Solar photovoltaic,France,Solar photovoltaic,2019-12-31,2019,year,2019-01-01,0.06746899,USD 2025 / kWh,annual,observed,https://ourworldindata.org/grapher/levelized-cost-of-energy.csv,2026-09-28T22:52:30.344Z,{}
solar,solar--levelized-cost-of-energy-germany-onshore-wind,Germany · Onshore wind,Germany,Onshore wind,2019-12-31,2019,year,2019-01-01,0.060275838,USD 2025 / kWh,annual,observed,https://ourworldindata.org/grapher/levelized-cost-of-energy.csv,2026-09-28T22:52:30.344Z,{}
solar,solar--levelized-cost-of-energy-germany-solar-photovoltaic,Germany · Solar photovoltaic,Germany,Solar photovoltaic,2019-12-31,2019,year,2019-01-01,0.076209664,USD 2025 / kWh,annual,observed,https://ourworldindata.org/grapher/levelized-cost-of-energy.csv,2026-09-28T22:52:30.344Z,{}
solar,solar--levelized-cost-of-energy-greece-onshore-wind,Greece · Onshore wind,Greece,Onshore wind,2019-12-31,2019,year,2019-01-01,0.069401965,USD 2025 / kWh,annual,observed,https://ourworldindata.org/grapher/levelized-cost-of-energy.csv,2026-09-28T22:52:30.344Z,{}
solar,solar--levelized-cost-of-energy-greece-solar-photovoltaic,Greece · Solar photovoltaic,Greece,Solar photovoltaic,2019-12-31,2019,year,2019-01-01,,USD 2025 / kWh,annual,observed,https://ourworldindata.org/grapher/levelized-cost-of-energy.csv,2026-09-28T22:52:30.344Z,{}
solar,solar--levelized-cost-of-energy-india-onshore-wind,India · Onshore wind,India,Onshore wind,2019-12-31,2019,year,2019-01-01,0.045043454,USD 2025 / kWh,annual,observed,https://ourworldindata.org/grapher/levelized-cost-of-energy.csv,2026-09-28T22:52:30.344Z,{}
solar,solar--levelized-cost-of-energy-india-solar-photovoltaic,India · Solar photovoltaic,India,Solar photovoltaic,2019-12-31,2019,year,2019-01-01,0.045615382,USD 2025 / kWh,annual,observed,https://ourworldindata.org/grapher/levelized-cost-of-energy.csv,2026-09-28T22:52:30.344Z,{}
solar,solar--levelized-cost-of-energy-indonesia-onshore-wind,Indonesia · Onshore wind,Indonesia,Onshore wind,2019-12-31,2019,year,2019-01-01,0.11306627,USD 2025 / kWh,annual,observed,https://ourworldindata.org/grapher/levelized-cost-of-energy.csv,2026-09-28T22:52:30.344Z,{}
solar,solar--levelized-cost-of-energy-ireland-onshore-wind,Ireland · Onshore wind,Ireland,Onshore wind,2019-12-31,2019,year,2019-01-01,0.0642056,USD 2025 / kWh,annual,observed,https://ourworldindata.org/grapher/levelized-cost-of-energy.csv,2026-09-28T22:52:30.344Z,{}
solar,solar--levelized-cost-of-energy-italy-onshore-wind,Italy · Onshore wind,Italy,Onshore wind,2019-12-31,2019,year,2019-01-01,0.058439624,USD 2025 / kWh,annual,observed,https://ourworldindata.org/grapher/levelized-cost-of-energy.csv,2026-09-28T22:52:30.344Z,{}
solar,solar--levelized-cost-of-energy-italy-solar-photovoltaic,Italy · Solar photovoltaic,Italy,Solar photovoltaic,2019-12-31,2019,year,2019-01-01,0.065653645,USD 2025 / kWh,annual,observed,https://ourworldindata.org/grapher/levelized-cost-of-energy.csv,2026-09-28T22:52:30.344Z,{}
solar,solar--levelized-cost-of-energy-japan-onshore-wind,Japan · Onshore wind,Japan,Onshore wind,2019-12-31,2019,year,2019-01-01,0.13387117,USD 2025 / kWh,annual,observed,https://ourworldindata.org/grapher/levelized-cost-of-energy.csv,2026-09-28T22:52:30.344Z,{}
solar,solar--levelized-cost-of-energy-japan-solar-photovoltaic,Japan · Solar photovoltaic,Japan,Solar photovoltaic,2019-12-31,2019,year,2019-01-01,0.12726365,USD 2025 / kWh,annual,observed,https://ourworldindata.org/grapher/levelized-cost-of-energy.csv,2026-09-28T22:52:30.344Z,{}
solar,solar--levelized-cost-of-energy-mexico-onshore-wind,Mexico · Onshore wind,Mexico,Onshore wind,2019-12-31,2019,year,2019-01-01,0.063694745,USD 2025 / kWh,annual,observed,https://ourworldindata.org/grapher/levelized-cost-of-energy.csv,2026-09-28T22:52:30.344Z,{}
solar,solar--levelized-cost-of-energy-mexico-solar-photovoltaic,Mexico · Solar photovoltaic,Mexico,Solar photovoltaic,2019-12-31,2019,year,2019-01-01,0.08424944,USD 2025 / kWh,annual,observed,https://ourworldindata.org/grapher/levelized-cost-of-energy.csv,2026-09-28T22:52:30.344Z,{}
solar,solar--levelized-cost-of-energy-netherlands-onshore-wind,Netherlands · Onshore wind,Netherlands,Onshore wind,2019-12-31,2019,year,2019-01-01,0.05642317,USD 2025 / kWh,annual,observed,https://ourworldindata.org/grapher/levelized-cost-of-energy.csv,2026-09-28T22:52:30.344Z,{}
solar,solar--levelized-cost-of-energy-netherlands-solar-photovoltaic,Netherlands · Solar photovoltaic,Netherlands,Solar photovoltaic,2019-12-31,2019,year,2019-01-01,0.10892326,USD 2025 / kWh,annual,observed,https://ourworldindata.org/grapher/levelized-cost-of-energy.csv,2026-09-28T22:52:30.344Z,{}
solar,solar--levelized-cost-of-energy-norway-onshore-wind,Norway · Onshore wind,Norway,Onshore wind,2019-12-31,2019,year,2019-01-01,0.06454831,USD 2025 / kWh,annual,observed,https://ourworldindata.org/grapher/levelized-cost-of-energy.csv,2026-09-28T22:52:30.344Z,{}
solar,solar--levelized-cost-of-energy-philippines-onshore-wind,Philippines · Onshore wind,Philippines,Onshore wind,2019-12-31,2019,year,2019-01-01,0.07548609,USD 2025 / kWh,annual,observed,https://ourworldindata.org/grapher/levelized-cost-of-energy.csv,2026-09-28T22:52:30.344Z,{}
solar,solar--levelized-cost-of-energy-portugal-onshore-wind,Portugal · Onshore wind,Portugal,Onshore wind,2019-12-31,2019,year,2019-01-01,,USD 2025 / kWh,annual,observed,https://ourworldindata.org/grapher/levelized-cost-of-energy.csv,2026-09-28T22:52:30.344Z,{}
solar,solar--levelized-cost-of-energy-portugal-solar-photovoltaic,Portugal · Solar photovoltaic,Portugal,Solar photovoltaic,2019-12-31,2019,year,2019-01-01,0.0646045,USD 2025 / kWh,annual,observed,https://ourworldindata.org/grapher/levelized-cost-of-energy.csv,2026-09-28T22:52:30.344Z,{}
solar,solar--levelized-cost-of-energy-russia-onshore-wind,Russia · Onshore wind,Russia,Onshore wind,2019-12-31,2019,year,2019-01-01,0.06146891,USD 2025 / kWh,annual,observed,https://ourworldindata.org/grapher/levelized-cost-of-energy.csv,2026-09-28T22:52:30.344Z,{}
solar,solar--levelized-cost-of-energy-saudi-arabia-solar-photovoltaic,Saudi Arabia · Solar photovoltaic,Saudi Arabia,Solar photovoltaic,2019-12-31,2019,year,2019-01-01,0.06677319,USD 2025 / kWh,annual,observed,https://ourworldindata.org/grapher/levelized-cost-of-energy.csv,2026-09-28T22:52:30.344Z,{}
solar,solar--levelized-cost-of-energy-south-africa-onshore-wind,South Africa · Onshore wind,South Africa,Onshore wind,2019-12-31,2019,year,2019-01-01,0.064345494,USD 2025 / kWh,annual,observed,https://ourworldindata.org/grapher/levelized-cost-of-energy.csv,2026-09-28T22:52:30.344Z,{}
solar,solar--levelized-cost-of-energy-south-africa-solar-photovoltaic,South Africa · Solar photovoltaic,South Africa,Solar photovoltaic,2019-12-31,2019,year,2019-01-01,0.0782794,USD 2025 / kWh,annual,observed,https://ourworldindata.org/grapher/levelized-cost-of-energy.csv,2026-09-28T22:52:30.344Z,{}
solar,solar--levelized-cost-of-energy-south-korea-onshore-wind,South Korea · Onshore wind,South Korea,Onshore wind,2019-12-31,2019,year,2019-01-01,0.0721757,USD 2025 / kWh,annual,observed,https://ourworldindata.org/grapher/levelized-cost-of-energy.csv,2026-09-28T22:52:30.344Z,{}
solar,solar--levelized-cost-of-energy-south-korea-solar-photovoltaic,South Korea · Solar photovoltaic,South Korea,Solar photovoltaic,2019-12-31,2019,year,2019-01-01,0.08788987,USD 2025 / kWh,annual,observed,https://ourworldindata.org/grapher/levelized-cost-of-energy.csv,2026-09-28T22:52:30.344Z,{}
solar,solar--levelized-cost-of-energy-spain-onshore-wind,Spain · Onshore wind,Spain,Onshore wind,2019-12-31,2019,year,2019-01-01,0.0429723,USD 2025 / kWh,annual,observed,https://ourworldindata.org/grapher/levelized-cost-of-energy.csv,2026-09-28T22:52:30.344Z,{}
solar,solar--levelized-cost-of-energy-spain-solar-photovoltaic,Spain · Solar photovoltaic,Spain,Solar photovoltaic,2019-12-31,2019,year,2019-01-01,0.05576035,USD 2025 / kWh,annual,observed,https://ourworldindata.org/grapher/levelized-cost-of-energy.csv,2026-09-28T22:52:30.344Z,{}
solar,solar--levelized-cost-of-energy-sweden-onshore-wind,Sweden · Onshore wind,Sweden,Onshore wind,2019-12-31,2019,year,2019-01-01,0.044657037,USD 2025 / kWh,annual,observed,https://ourworldindata.org/grapher/levelized-cost-of-energy.csv,2026-09-28T22:52:30.344Z,{}
solar,solar--levelized-cost-of-energy-thailand-solar-photovoltaic,Thailand · Solar photovoltaic,Thailand,Solar photovoltaic,2019-12-31,2019,year,2019-01-01,0.08995632,USD 2025 / kWh,annual,observed,https://ourworldindata.org/grapher/levelized-cost-of-energy.csv,2026-09-28T22:52:30.344Z,{}
solar,solar--levelized-cost-of-energy-turkey-onshore-wind,Turkey · Onshore wind,Turkey,Onshore wind,2019-12-31,2019,year,2019-01-01,0.073649,USD 2025 / kWh,annual,observed,https://ourworldindata.org/grapher/levelized-cost-of-energy.csv,2026-09-28T22:52:30.344Z,{}
solar,solar--levelized-cost-of-energy-turkey-solar-photovoltaic,Turkey · Solar photovoltaic,Turkey,Solar photovoltaic,2019-12-31,2019,year,2019-01-01,0.09838408,USD 2025 / kWh,annual,observed,https://ourworldindata.org/grapher/levelized-cost-of-energy.csv,2026-09-28T22:52:30.344Z,{}
solar,solar--levelized-cost-of-energy-ukraine-onshore-wind,Ukraine · Onshore wind,Ukraine,Onshore wind,2019-12-31,2019,year,2019-01-01,0.088293046,USD 2025 / kWh,annual,observed,https://ourworldindata.org/grapher/levelized-cost-of-energy.csv,2026-09-28T22:52:30.344Z,{}
solar,solar--levelized-cost-of-energy-united-kingdom-onshore-wind,United Kingdom · Onshore wind,United Kingdom,Onshore wind,2019-12-31,2019,year,2019-01-01,0.06129324,USD 2025 / kWh,annual,observed,https://ourworldindata.org/grapher/levelized-cost-of-energy.csv,2026-09-28T22:52:30.344Z,{}
solar,solar--levelized-cost-of-energy-united-kingdom-solar-photovoltaic,United Kingdom · Solar photovoltaic,United Kingdom,Solar photovoltaic,2019-12-31,2019,year,2019-01-01,0.099910215,USD 2025 / kWh,annual,observed,https://ourworldindata.org/grapher/levelized-cost-of-energy.csv,2026-09-28T22:52:30.344Z,{}
solar,solar--levelized-cost-of-energy-united-states-onshore-wind,United States · Onshore wind,United States,Onshore wind,2019-12-31,2019,year,2019-01-01,0.041780364,USD 2025 / kWh,annual,observed,https://ourworldindata.org/grapher/levelized-cost-of-energy.csv,2026-09-28T22:52:30.344Z,{}
solar,solar--levelized-cost-of-energy-united-states-solar-photovoltaic,United States · Solar photovoltaic,United States,Solar photovoltaic,2019-12-31,2019,year,2019-01-01,0.06812352,USD 2025 / kWh,annual,observed,https://ourworldindata.org/grapher/levelized-cost-of-energy.csv,2026-09-28T22:52:30.344Z,{}
solar,solar--levelized-cost-of-energy-vietnam-onshore-wind,Vietnam · Onshore wind,Vietnam,Onshore wind,2019-12-31,2019,year,2019-01-01,0.08623879,USD 2025 / kWh,annual,observed,https://ourworldindata.org/grapher/levelized-cost-of-energy.csv,2026-09-28T22:52:30.344Z,{}
solar,solar--levelized-cost-of-energy-world-bioenergy,Bioenergy,World,Bioenergy,2019-12-31,2019,year,2019-01-01,0.07212618,USD 2025 / kWh,annual,observed,https://ourworldindata.org/grapher/levelized-cost-of-energy.csv,2026-09-28T22:52:30.344Z,{}
solar,solar--levelized-cost-of-energy-world-concentrated-solar-power,Concentrated solar power,World,Concentrated solar power,2019-12-31,2019,year,2019-01-01,0.21341105,USD 2025 / kWh,annual,observed,https://ourworldindata.org/grapher/levelized-cost-of-energy.csv,2026-09-28T22:52:30.344Z,{}
solar,solar--levelized-cost-of-energy-world-geothermal,Geothermal,World,Geothermal,2019-12-31,2019,year,2019-01-01,0.07833054,USD 2025 / kWh,annual,observed,https://ourworldindata.org/grapher/levelized-cost-of-energy.csv,2026-09-28T22:52:30.344Z,{}
solar,solar--levelized-cost-of-energy-world-hydropower,Hydropower,World,Hydropower,2019-12-31,2019,year,2019-01-01,0.047993593,USD 2025 / kWh,annual,observed,https://ourworldindata.org/grapher/levelized-cost-of-energy.csv,2026-09-28T22:52:30.344Z,{}
solar,solar--levelized-cost-of-energy-world-offshore-wind,Offshore wind,World,Offshore wind,2019-12-31,2019,year,2019-01-01,0.094266236,USD 2025 / kWh,annual,observed,https://ourworldindata.org/grapher/levelized-cost-of-energy.csv,2026-09-28T22:52:30.344Z,{}
solar,solar--levelized-cost-of-energy-world-onshore-wind,Onshore wind,World,Onshore wind,2019-12-31,2019,year,2019-01-01,0.049264044,USD 2025 / kWh,annual,observed,https://ourworldindata.org/grapher/levelized-cost-of-energy.csv,2026-09-28T22:52:30.344Z,{}
solar,solar--levelized-cost-of-energy-world-solar-photovoltaic,Solar photovoltaic,World,Solar photovoltaic,2019-12-31,2019,year,2019-01-01,0.06849861,USD 2025 / kWh,annual,observed,https://ourworldindata.org/grapher/levelized-cost-of-energy.csv,2026-09-28T22:52:30.344Z,{}
solar,solar--levelized-cost-of-energy-argentina-onshore-wind,Argentina · Onshore wind,Argentina,Onshore wind,2020-12-31,2020,year,2020-01-01,0.07848385,USD 2025 / kWh,annual,observed,https://ourworldindata.org/grapher/levelized-cost-of-energy.csv,2026-09-28T22:52:30.344Z,{}
solar,solar--levelized-cost-of-energy-australia-onshore-wind,Australia · Onshore wind,Australia,Onshore wind,2020-12-31,2020,year,2020-01-01,0.051257677,USD 2025 / kWh,annual,observed,https://ourworldindata.org/grapher/levelized-cost-of-energy.csv,2026-09-28T22:52:30.344Z,{}
solar,solar--levelized-cost-of-energy-australia-solar-photovoltaic,Australia · Solar photovoltaic,Australia,Solar photovoltaic,2020-12-31,2020,year,2020-01-01,0.058517877,USD 2025 / kWh,annual,observed,https://ourworldindata.org/grapher/levelized-cost-of-energy.csv,2026-09-28T22:52:30.344Z,{}
solar,solar--levelized-cost-of-energy-belgium-onshore-wind,Belgium · Onshore wind,Belgium,Onshore wind,2020-12-31,2020,year,2020-01-01,0.060968228,USD 2025 / kWh,annual,observed,https://ourworldindata.org/grapher/levelized-cost-of-energy.csv,2026-09-28T22:52:30.344Z,{}
solar,solar--levelized-cost-of-energy-brazil-onshore-wind,Brazil · Onshore wind,Brazil,Onshore wind,2020-12-31,2020,year,2020-01-01,0.035417072,USD 2025 / kWh,annual,observed,https://ourworldindata.org/grapher/levelized-cost-of-energy.csv,2026-09-28T22:52:30.344Z,{}
solar,solar--levelized-cost-of-energy-brazil-solar-photovoltaic,Brazil · Solar photovoltaic,Brazil,Solar photovoltaic,2020-12-31,2020,year,2020-01-01,0.07770074,USD 2025 / kWh,annual,observed,https://ourworldindata.org/grapher/levelized-cost-of-energy.csv,2026-09-28T22:52:30.344Z,{}
solar,solar--levelized-cost-of-energy-canada-onshore-wind,Canada · Onshore wind,Canada,Onshore wind,2020-12-31,2020,year,2020-01-01,0.04042955,USD 2025 / kWh,annual,observed,https://ourworldindata.org/grapher/levelized-cost-of-energy.csv,2026-09-28T22:52:30.344Z,{}
solar,solar--levelized-cost-of-energy-canada-solar-photovoltaic,Canada · Solar photovoltaic,Canada,Solar photovoltaic,2020-12-31,2020,year,2020-01-01,0.10045032,USD 2025 / kWh,annual,observed,https://ourworldindata.org/grapher/levelized-cost-of-energy.csv,2026-09-28T22:52:30.344Z,{}
solar,solar--levelized-cost-of-energy-chile-onshore-wind,Chile · Onshore wind,Chile,Onshore wind,2020-12-31,2020,year,2020-01-01,0.042892344,USD 2025 / kWh,annual,observed,https://ourworldindata.org/grapher/levelized-cost-of-energy.csv,2026-09-28T22:52:30.344Z,{}
solar,solar--levelized-cost-of-energy-chile-solar-photovoltaic,Chile · Solar photovoltaic,Chile,Solar photovoltaic,2020-12-31,2020,year,2020-01-01,0.06959676,USD 2025 / kWh,annual,observed,https://ourworldindata.org/grapher/levelized-cost-of-energy.csv,2026-09-28T22:52:30.344Z,{}
solar,solar--levelized-cost-of-energy-china-onshore-wind,China · Onshore wind,China,Onshore wind,2020-12-31,2020,year,2020-01-01,0.0380572,USD 2025 / kWh,annual,observed,https://ourworldindata.org/grapher/levelized-cost-of-energy.csv,2026-09-28T22:52:30.344Z,{}
solar,solar--levelized-cost-of-energy-china-solar-photovoltaic,China · Solar photovoltaic,China,Solar photovoltaic,2020-12-31,2020,year,2020-01-01,0.043818224,USD 2025 / kWh,annual,observed,https://ourworldindata.org/grapher/levelized-cost-of-energy.csv,2026-09-28T22:52:30.344Z,{}
solar,solar--levelized-cost-of-energy-croatia-onshore-wind,Croatia · Onshore wind,Croatia,Onshore wind,2020-12-31,2020,year,2020-01-01,0.05420817,USD 2025 / kWh,annual,observed,https://ourworldindata.org/grapher/levelized-cost-of-energy.csv,2026-09-28T22:52:30.344Z,{}
solar,solar--levelized-cost-of-energy-denmark-onshore-wind,Denmark · Onshore wind,Denmark,Onshore wind,2020-12-31,2020,year,2020-01-01,0.044882674,USD 2025 / kWh,annual,observed,https://ourworldindata.org/grapher/levelized-cost-of-energy.csv,2026-09-28T22:52:30.344Z,{}
solar,solar--levelized-cost-of-energy-dominican-republic-onshore-wind,Dominican Republic · Onshore wind,Dominican Republic,Onshore wind,2020-12-31,2020,year,2020-01-01,0.0660741,USD 2025 / kWh,annual,observed,https://ourworldindata.org/grapher/levelized-cost-of-energy.csv,2026-09-28T22:52:30.344Z,{}
solar,solar--levelized-cost-of-energy-egypt-onshore-wind,Egypt · Onshore wind,Egypt,Onshore wind,2020-12-31,2020,year,2020-01-01,0.052266162,USD 2025 / kWh,annual,observed,https://ourworldindata.org/grapher/levelized-cost-of-energy.csv,2026-09-28T22:52:30.344Z,{}
solar,solar--levelized-cost-of-energy-finland-onshore-wind,Finland · Onshore wind,Finland,Onshore wind,2020-12-31,2020,year,2020-01-01,0.034456704,USD 2025 / kWh,annual,observed,https://ourworldindata.org/grapher/levelized-cost-of-energy.csv,2026-09-28T22:52:30.344Z,{}
solar,solar--levelized-cost-of-energy-france-onshore-wind,France · Onshore wind,France,Onshore wind,2020-12-31,2020,year,2020-01-01,0.050697178,USD 2025 / kWh,annual,observed,https://ourworldindata.org/grapher/levelized-cost-of-energy.csv,2026-09-28T22:52:30.344Z,{}
solar,solar--levelized-cost-of-energy-france-solar-photovoltaic,France · Solar photovoltaic,France,Solar photovoltaic,2020-12-31,2020,year,2020-01-01,0.060779765,USD 2025 / kWh,annual,observed,https://ourworldindata.org/grapher/levelized-cost-of-energy.csv,2026-09-28T22:52:30.344Z,{}
solar,solar--levelized-cost-of-energy-germany-onshore-wind,Germany · Onshore wind,Germany,Onshore wind,2020-12-31,2020,year,2020-01-01,0.05111326,USD 2025 / kWh,annual,observed,https://ourworldindata.org/grapher/levelized-cost-of-energy.csv,2026-09-28T22:52:30.344Z,{}
solar,solar--levelized-cost-of-energy-germany-solar-photovoltaic,Germany · Solar photovoltaic,Germany,Solar photovoltaic,2020-12-31,2020,year,2020-01-01,0.0619805,USD 2025 / kWh,annual,observed,https://ourworldindata.org/grapher/levelized-cost-of-energy.csv,2026-09-28T22:52:30.344Z,{}
solar,solar--levelized-cost-of-energy-greece-onshore-wind,Greece · Onshore wind,Greece,Onshore wind,2020-12-31,2020,year,2020-01-01,0.07294402,USD 2025 / kWh,annual,observed,https://ourworldindata.org/grapher/levelized-cost-of-energy.csv,2026-09-28T22:52:30.344Z,{}
solar,solar--levelized-cost-of-energy-greece-solar-photovoltaic,Greece · Solar photovoltaic,Greece,Solar photovoltaic,2020-12-31,2020,year,2020-01-01,0.05838799,USD 2025 / kWh,annual,observed,https://ourworldindata.org/grapher/levelized-cost-of-energy.csv,2026-09-28T22:52:30.344Z,{}
solar,solar--levelized-cost-of-energy-india-onshore-wind,India · Onshore wind,India,Onshore wind,2020-12-31,2020,year,2020-01-01,0.040804666,USD 2025 / kWh,annual,observed,https://ourworldindata.org/grapher/levelized-cost-of-energy.csv,2026-09-28T22:52:30.344Z,{}
solar,solar--levelized-cost-of-energy-india-solar-photovoltaic,India · Solar photovoltaic,India,Solar photovoltaic,2020-12-31,2020,year,2020-01-01,0.04310903,USD 2025 / kWh,annual,observed,https://ourworldindata.org/grapher/levelized-cost-of-energy.csv,2026-09-28T22:52:30.344Z,{}
solar,solar--levelized-cost-of-energy-indonesia-onshore-wind,Indonesia · Onshore wind,Indonesia,Onshore wind,2020-12-31,2020,year,2020-01-01,0.08750501,USD 2025 / kWh,annual,observed,https://ourworldindata.org/grapher/levelized-cost-of-energy.csv,2026-09-28T22:52:30.344Z,{}
solar,solar--levelized-cost-of-energy-ireland-onshore-wind,Ireland · Onshore wind,Ireland,Onshore wind,2020-12-31,2020,year,2020-01-01,0.08082932,USD 2025 / kWh,annual,observed,https://ourworldindata.org/grapher/levelized-cost-of-energy.csv,2026-09-28T22:52:30.344Z,{}
solar,solar--levelized-cost-of-energy-italy-onshore-wind,Italy · Onshore wind,Italy,Onshore wind,2020-12-31,2020,year,2020-01-01,0.057472445,USD 2025 / kWh,annual,observed,https://ourworldindata.org/grapher/levelized-cost-of-energy.csv,2026-09-28T22:52:30.344Z,{}
solar,solar--levelized-cost-of-energy-italy-solar-photovoltaic,Italy · Solar photovoltaic,Italy,Solar photovoltaic,2020-12-31,2020,year,2020-01-01,0.06023178,USD 2025 / kWh,annual,observed,https://ourworldindata.org/grapher/levelized-cost-of-energy.csv,2026-09-28T22:52:30.344Z,{}
solar,solar--levelized-cost-of-energy-japan-onshore-wind,Japan · Onshore wind,Japan,Onshore wind,2020-12-31,2020,year,2020-01-01,0.11736289,USD 2025 / kWh,annual,observed,https://ourworldindata.org/grapher/levelized-cost-of-energy.csv,2026-09-28T22:52:30.344Z,{}
solar,solar--levelized-cost-of-energy-japan-solar-photovoltaic,Japan · Solar photovoltaic,Japan,Solar photovoltaic,2020-12-31,2020,year,2020-01-01,0.11845534,USD 2025 / kWh,annual,observed,https://ourworldindata.org/grapher/levelized-cost-of-energy.csv,2026-09-28T22:52:30.344Z,{}
solar,solar--levelized-cost-of-energy-mexico-onshore-wind,Mexico · Onshore wind,Mexico,Onshore wind,2020-12-31,2020,year,2020-01-01,0.051426787,USD 2025 / kWh,annual,observed,https://ourworldindata.org/grapher/levelized-cost-of-energy.csv,2026-09-28T22:52:30.344Z,{}
solar,solar--levelized-cost-of-energy-mexico-solar-photovoltaic,Mexico · Solar photovoltaic,Mexico,Solar photovoltaic,2020-12-31,2020,year,2020-01-01,0.062313337,USD 2025 / kWh,annual,observed,https://ourworldindata.org/grapher/levelized-cost-of-energy.csv,2026-09-28T22:52:30.344Z,{}
solar,solar--levelized-cost-of-energy-morocco-onshore-wind,Morocco · Onshore wind,Morocco,Onshore wind,2020-12-31,2020,year,2020-01-01,0.04751978,USD 2025 / kWh,annual,observed,https://ourworldindata.org/grapher/levelized-cost-of-energy.csv,2026-09-28T22:52:30.344Z,{}
solar,solar--levelized-cost-of-energy-netherlands-onshore-wind,Netherlands · Onshore wind,Netherlands,Onshore wind,2020-12-31,2020,year,2020-01-01,0.041962832,USD 2025 / kWh,annual,observed,https://ourworldindata.org/grapher/levelized-cost-of-energy.csv,2026-09-28T22:52:30.344Z,{}
solar,solar--levelized-cost-of-energy-netherlands-solar-photovoltaic,Netherlands · Solar photovoltaic,Netherlands,Solar photovoltaic,2020-12-31,2020,year,2020-01-01,0.10539715,USD 2025 / kWh,annual,observed,https://ourworldindata.org/grapher/levelized-cost-of-energy.csv,2026-09-28T22:52:30.344Z,{}
solar,solar--levelized-cost-of-energy-new-zealand-onshore-wind,New Zealand · Onshore wind,New Zealand,Onshore wind,2020-12-31,2020,year,2020-01-01,0.03766828,USD 2025 / kWh,annual,observed,https://ourworldindata.org/grapher/levelized-cost-of-energy.csv,2026-09-28T22:52:30.344Z,{}
solar,solar--levelized-cost-of-energy-norway-onshore-wind,Norway · Onshore wind,Norway,Onshore wind,2020-12-31,2020,year,2020-01-01,0.042531792,USD 2025 / kWh,annual,observed,https://ourworldindata.org/grapher/levelized-cost-of-energy.csv,2026-09-28T22:52:30.344Z,{}
solar,solar--levelized-cost-of-energy-poland-onshore-wind,Poland · Onshore wind,Poland,Onshore wind,2020-12-31,2020,year,2020-01-01,0.04336406,USD 2025 / kWh,annual,observed,https://ourworldindata.org/grapher/levelized-cost-of-energy.csv,2026-09-28T22:52:30.344Z,{}
solar,solar--levelized-cost-of-energy-poland-solar-photovoltaic,Poland · Solar photovoltaic,Poland,Solar photovoltaic,2020-12-31,2020,year,2020-01-01,0.14841741,USD 2025 / kWh,annual,observed,https://ourworldindata.org/grapher/levelized-cost-of-energy.csv,2026-09-28T22:52:30.344Z,{}
solar,solar--levelized-cost-of-energy-portugal-onshore-wind,Portugal · Onshore wind,Portugal,Onshore wind,2020-12-31,2020,year,2020-01-01,,USD 2025 / kWh,annual,observed,https://ourworldindata.org/grapher/levelized-cost-of-energy.csv,2026-09-28T22:52:30.344Z,{}
solar,solar--levelized-cost-of-energy-portugal-solar-photovoltaic,Portugal · Solar photovoltaic,Portugal,Solar photovoltaic,2020-12-31,2020,year,2020-01-01,0.05557645,USD 2025 / kWh,annual,observed,https://ourworldindata.org/grapher/levelized-cost-of-energy.csv,2026-09-28T22:52:30.344Z,{}
solar,solar--levelized-cost-of-energy-russia-onshore-wind,Russia · Onshore wind,Russia,Onshore wind,2020-12-31,2020,year,2020-01-01,0.062054306,USD 2025 / kWh,annual,observed,https://ourworldindata.org/grapher/levelized-cost-of-energy.csv,2026-09-28T22:52:30.344Z,{}
solar,solar--levelized-cost-of-energy-south-africa-onshore-wind,South Africa · Onshore wind,South Africa,Onshore wind,2020-12-31,2020,year,2020-01-01,0.05757637,USD 2025 / kWh,annual,observed,https://ourworldindata.org/grapher/levelized-cost-of-energy.csv,2026-09-28T22:52:30.344Z,{}
solar,solar--levelized-cost-of-energy-south-africa-solar-photovoltaic,South Africa · Solar photovoltaic,South Africa,Solar photovoltaic,2020-12-31,2020,year,2020-01-01,0.075226836,USD 2025 / kWh,annual,observed,https://ourworldindata.org/grapher/levelized-cost-of-energy.csv,2026-09-28T22:52:30.344Z,{}
solar,solar--levelized-cost-of-energy-south-korea-onshore-wind,South Korea · Onshore wind,South Korea,Onshore wind,2020-12-31,2020,year,2020-01-01,,USD 2025 / kWh,annual,observed,https://ourworldindata.org/grapher/levelized-cost-of-energy.csv,2026-09-28T22:52:30.344Z,{}
solar,solar--levelized-cost-of-energy-south-korea-solar-photovoltaic,South Korea · Solar photovoltaic,South Korea,Solar photovoltaic,2020-12-31,2020,year,2020-01-01,0.066601954,USD 2025 / kWh,annual,observed,https://ourworldindata.org/grapher/levelized-cost-of-energy.csv,2026-09-28T22:52:30.344Z,{}
solar,solar--levelized-cost-of-energy-spain-onshore-wind,Spain · Onshore wind,Spain,Onshore wind,2020-12-31,2020,year,2020-01-01,0.03428823,USD 2025 / kWh,annual,observed,https://ourworldindata.org/grapher/levelized-cost-of-energy.csv,2026-09-28T22:52:30.344Z,{}
solar,solar--levelized-cost-of-energy-spain-solar-photovoltaic,Spain · Solar photovoltaic,Spain,Solar photovoltaic,2020-12-31,2020,year,2020-01-01,0.051145058,USD 2025 / kWh,annual,observed,https://ourworldindata.org/grapher/levelized-cost-of-energy.csv,2026-09-28T22:52:30.344Z,{}
solar,solar--levelized-cost-of-energy-sweden-onshore-wind,Sweden · Onshore wind,Sweden,Onshore wind,2020-12-31,2020,year,2020-01-01,0.04259455,USD 2025 / kWh,annual,observed,https://ourworldindata.org/grapher/levelized-cost-of-energy.csv,2026-09-28T22:52:30.344Z,{}
solar,solar--levelized-cost-of-energy-thailand-solar-photovoltaic,Thailand · Solar photovoltaic,Thailand,Solar photovoltaic,2020-12-31,2020,year,2020-01-01,0.09897649,USD 2025 / kWh,annual,observed,https://ourworldindata.org/grapher/levelized-cost-of-energy.csv,2026-09-28T22:52:30.344Z,{}
solar,solar--levelized-cost-of-energy-turkey-onshore-wind,Turkey · Onshore wind,Turkey,Onshore wind,2020-12-31,2020,year,2020-01-01,0.055152666,USD 2025 / kWh,annual,observed,https://ourworldindata.org/grapher/levelized-cost-of-energy.csv,2026-09-28T22:52:30.344Z,{}
solar,solar--levelized-cost-of-energy-turkey-solar-photovoltaic,Turkey · Solar photovoltaic,Turkey,Solar photovoltaic,2020-12-31,2020,year,2020-01-01,0.07535013,USD 2025 / kWh,annual,observed,https://ourworldindata.org/grapher/levelized-cost-of-energy.csv,2026-09-28T22:52:30.344Z,{}
solar,solar--levelized-cost-of-energy-ukraine-onshore-wind,Ukraine · Onshore wind,Ukraine,Onshore wind,2020-12-31,2020,year,2020-01-01,0.060029395,USD 2025 / kWh,annual,observed,https://ourworldindata.org/grapher/levelized-cost-of-energy.csv,2026-09-28T22:52:30.344Z,{}
solar,solar--levelized-cost-of-energy-united-kingdom-onshore-wind,United Kingdom · Onshore wind,United Kingdom,Onshore wind,2020-12-31,2020,year,2020-01-01,0.047909357,USD 2025 / kWh,annual,observed,https://ourworldindata.org/grapher/levelized-cost-of-energy.csv,2026-09-28T22:52:30.344Z,{}
solar,solar--levelized-cost-of-energy-united-kingdom-solar-photovoltaic,United Kingdom · Solar photovoltaic,United Kingdom,Solar photovoltaic,2020-12-31,2020,year,2020-01-01,0.084413,USD 2025 / kWh,annual,observed,https://ourworldindata.org/grapher/levelized-cost-of-energy.csv,2026-09-28T22:52:30.344Z,{}
solar,solar--levelized-cost-of-energy-united-states-onshore-wind,United States · Onshore wind,United States,Onshore wind,2020-12-31,2020,year,2020-01-01,0.037237886,USD 2025 / kWh,annual,observed,https://ourworldindata.org/grapher/levelized-cost-of-energy.csv,2026-09-28T22:52:30.344Z,{}
solar,solar--levelized-cost-of-energy-united-states-solar-photovoltaic,United States · Solar photovoltaic,United States,Solar photovoltaic,2020-12-31,2020,year,2020-01-01,0.06562752,USD 2025 / kWh,annual,observed,https://ourworldindata.org/grapher/levelized-cost-of-energy.csv,2026-09-28T22:52:30.344Z,{}
solar,solar--levelized-cost-of-energy-vietnam-onshore-wind,Vietnam · Onshore wind,Vietnam,Onshore wind,2020-12-31,2020,year,2020-01-01,0.06375663,USD 2025 / kWh,annual,observed,https://ourworldindata.org/grapher/levelized-cost-of-energy.csv,2026-09-28T22:52:30.344Z,{}
solar,solar--levelized-cost-of-energy-world-bioenergy,Bioenergy,World,Bioenergy,2020-12-31,2020,year,2020-01-01,0.080655456,USD 2025 / kWh,annual,observed,https://ourworldindata.org/grapher/levelized-cost-of-energy.csv,2026-09-28T22:52:30.344Z,{}
solar,solar--levelized-cost-of-energy-world-concentrated-solar-power,Concentrated solar power,World,Concentrated solar power,2020-12-31,2020,year,2020-01-01,0.12114394,USD 2025 / kWh,annual,observed,https://ourworldindata.org/grapher/levelized-cost-of-energy.csv,2026-09-28T22:52:30.344Z,{}
solar,solar--levelized-cost-of-energy-world-geothermal,Geothermal,World,Geothermal,2020-12-31,2020,year,2020-01-01,0.066739745,USD 2025 / kWh,annual,observed,https://ourworldindata.org/grapher/levelized-cost-of-energy.csv,2026-09-28T22:52:30.344Z,{}
solar,solar--levelized-cost-of-energy-world-hydropower,Hydropower,World,Hydropower,2020-12-31,2020,year,2020-01-01,0.051494826,USD 2025 / kWh,annual,observed,https://ourworldindata.org/grapher/levelized-cost-of-energy.csv,2026-09-28T22:52:30.344Z,{}
solar,solar--levelized-cost-of-energy-world-offshore-wind,Offshore wind,World,Offshore wind,2020-12-31,2020,year,2020-01-01,0.09220973,USD 2025 / kWh,annual,observed,https://ourworldindata.org/grapher/levelized-cost-of-energy.csv,2026-09-28T22:52:30.344Z,{}
solar,solar--levelized-cost-of-energy-world-onshore-wind,Onshore wind,World,Onshore wind,2020-12-31,2020,year,2020-01-01,0.04092597,USD 2025 / kWh,annual,observed,https://ourworldindata.org/grapher/levelized-cost-of-energy.csv,2026-09-28T22:52:30.344Z,{}
solar,solar--levelized-cost-of-energy-world-solar-photovoltaic,Solar photovoltaic,World,Solar photovoltaic,2020-12-31,2020,year,2020-01-01,0.060777713,USD 2025 / kWh,annual,observed,https://ourworldindata.org/grapher/levelized-cost-of-energy.csv,2026-09-28T22:52:30.344Z,{}
solar,solar--levelized-cost-of-energy-argentina-onshore-wind,Argentina · Onshore wind,Argentina,Onshore wind,2021-12-31,2021,year,2021-01-01,0.07653255,USD 2025 / kWh,annual,observed,https://ourworldindata.org/grapher/levelized-cost-of-energy.csv,2026-09-28T22:52:30.344Z,{}
solar,solar--levelized-cost-of-energy-australia-onshore-wind,Australia · Onshore wind,Australia,Onshore wind,2021-12-31,2021,year,2021-01-01,0.033636007,USD 2025 / kWh,annual,observed,https://ourworldindata.org/grapher/levelized-cost-of-energy.csv,2026-09-28T22:52:30.344Z,{}
solar,solar--levelized-cost-of-energy-australia-solar-photovoltaic,Australia · Solar photovoltaic,Australia,Solar photovoltaic,2021-12-31,2021,year,2021-01-01,0.048631787,USD 2025 / kWh,annual,observed,https://ourworldindata.org/grapher/levelized-cost-of-energy.csv,2026-09-28T22:52:30.344Z,{}
solar,solar--levelized-cost-of-energy-belgium-onshore-wind,Belgium · Onshore wind,Belgium,Onshore wind,2021-12-31,2021,year,2021-01-01,0.05183385,USD 2025 / kWh,annual,observed,https://ourworldindata.org/grapher/levelized-cost-of-energy.csv,2026-09-28T22:52:30.344Z,{}
solar,solar--levelized-cost-of-energy-brazil-onshore-wind,Brazil · Onshore wind,Brazil,Onshore wind,2021-12-31,2021,year,2021-01-01,0.026198067,USD 2025 / kWh,annual,observed,https://ourworldindata.org/grapher/levelized-cost-of-energy.csv,2026-09-28T22:52:30.344Z,{}
solar,solar--levelized-cost-of-energy-brazil-solar-photovoltaic,Brazil · Solar photovoltaic,Brazil,Solar photovoltaic,2021-12-31,2021,year,2021-01-01,0.04794616,USD 2025 / kWh,annual,observed,https://ourworldindata.org/grapher/levelized-cost-of-energy.csv,2026-09-28T22:52:30.344Z,{}
solar,solar--levelized-cost-of-energy-canada-onshore-wind,Canada · Onshore wind,Canada,Onshore wind,2021-12-31,2021,year,2021-01-01,0.031600554,USD 2025 / kWh,annual,observed,https://ourworldindata.org/grapher/levelized-cost-of-energy.csv,2026-09-28T22:52:30.344Z,{}
solar,solar--levelized-cost-of-energy-canada-solar-photovoltaic,Canada · Solar photovoltaic,Canada,Solar photovoltaic,2021-12-31,2021,year,2021-01-01,0.08516634,USD 2025 / kWh,annual,observed,https://ourworldindata.org/grapher/levelized-cost-of-energy.csv,2026-09-28T22:52:30.344Z,{}
solar,solar--levelized-cost-of-energy-chile-onshore-wind,Chile · Onshore wind,Chile,Onshore wind,2021-12-31,2021,year,2021-01-01,0.042404555,USD 2025 / kWh,annual,observed,https://ourworldindata.org/grapher/levelized-cost-of-energy.csv,2026-09-28T22:52:30.344Z,{}
solar,solar--levelized-cost-of-energy-chile-solar-photovoltaic,Chile · Solar photovoltaic,Chile,Solar photovoltaic,2021-12-31,2021,year,2021-01-01,0.049619596,USD 2025 / kWh,annual,observed,https://ourworldindata.org/grapher/levelized-cost-of-energy.csv,2026-09-28T22:52:30.344Z,{}
solar,solar--levelized-cost-of-energy-china-onshore-wind,China · Onshore wind,China,Onshore wind,2021-12-31,2021,year,2021-01-01,0.030620331,USD 2025 / kWh,annual,observed,https://ourworldindata.org/grapher/levelized-cost-of-energy.csv,2026-09-28T22:52:30.344Z,{}
solar,solar--levelized-cost-of-energy-china-solar-photovoltaic,China · Solar photovoltaic,China,Solar photovoltaic,2021-12-31,2021,year,2021-01-01,0.03955567,USD 2025 / kWh,annual,observed,https://ourworldindata.org/grapher/levelized-cost-of-energy.csv,2026-09-28T22:52:30.344Z,{}
solar,solar--levelized-cost-of-energy-croatia-onshore-wind,Croatia · Onshore wind,Croatia,Onshore wind,2021-12-31,2021,year,2021-01-01,0.051466677,USD 2025 / kWh,annual,observed,https://ourworldindata.org/grapher/levelized-cost-of-energy.csv,2026-09-28T22:52:30.344Z,{}
solar,solar--levelized-cost-of-energy-egypt-onshore-wind,Egypt · Onshore wind,Egypt,Onshore wind,2021-12-31,2021,year,2021-01-01,0.0492748,USD 2025 / kWh,annual,observed,https://ourworldindata.org/grapher/levelized-cost-of-energy.csv,2026-09-28T22:52:30.344Z,{}
solar,solar--levelized-cost-of-energy-finland-onshore-wind,Finland · Onshore wind,Finland,Onshore wind,2021-12-31,2021,year,2021-01-01,0.040455483,USD 2025 / kWh,annual,observed,https://ourworldindata.org/grapher/levelized-cost-of-energy.csv,2026-09-28T22:52:30.344Z,{}
solar,solar--levelized-cost-of-energy-france-onshore-wind,France · Onshore wind,France,Onshore wind,2021-12-31,2021,year,2021-01-01,0.04979184,USD 2025 / kWh,annual,observed,https://ourworldindata.org/grapher/levelized-cost-of-energy.csv,2026-09-28T22:52:30.344Z,{}
solar,solar--levelized-cost-of-energy-france-solar-photovoltaic,France · Solar photovoltaic,France,Solar photovoltaic,2021-12-31,2021,year,2021-01-01,0.055447746,USD 2025 / kWh,annual,observed,https://ourworldindata.org/grapher/levelized-cost-of-energy.csv,2026-09-28T22:52:30.344Z,{}
solar,solar--levelized-cost-of-energy-germany-onshore-wind,Germany · Onshore wind,Germany,Onshore wind,2021-12-31,2021,year,2021-01-01,0.056133773,USD 2025 / kWh,annual,observed,https://ourworldindata.org/grapher/levelized-cost-of-energy.csv,2026-09-28T22:52:30.344Z,{}
solar,solar--levelized-cost-of-energy-germany-solar-photovoltaic,Germany · Solar photovoltaic,Germany,Solar photovoltaic,2021-12-31,2021,year,2021-01-01,0.05887452,USD 2025 / kWh,annual,observed,https://ourworldindata.org/grapher/levelized-cost-of-energy.csv,2026-09-28T22:52:30.344Z,{}
solar,solar--levelized-cost-of-energy-greece-onshore-wind,Greece · Onshore wind,Greece,Onshore wind,2021-12-31,2021,year,2021-01-01,0.05964761,USD 2025 / kWh,annual,observed,https://ourworldindata.org/grapher/levelized-cost-of-energy.csv,2026-09-28T22:52:30.344Z,{}
solar,solar--levelized-cost-of-energy-greece-solar-photovoltaic,Greece · Solar photovoltaic,Greece,Solar photovoltaic,2021-12-31,2021,year,2021-01-01,0.055171933,USD 2025 / kWh,annual,observed,https://ourworldindata.org/grapher/levelized-cost-of-energy.csv,2026-09-28T22:52:30.344Z,{}
solar,solar--levelized-cost-of-energy-india-onshore-wind,India · Onshore wind,India,Onshore wind,2021-12-31,2021,year,2021-01-01,0.033337343,USD 2025 / kWh,annual,observed,https://ourworldindata.org/grapher/levelized-cost-of-energy.csv,2026-09-28T22:52:30.344Z,{}
solar,solar--levelized-cost-of-energy-india-solar-photovoltaic,India · Solar photovoltaic,India,Solar photovoltaic,2021-12-31,2021,year,2021-01-01,0.040222395,USD 2025 / kWh,annual,observed,https://ourworldindata.org/grapher/levelized-cost-of-energy.csv,2026-09-28T22:52:30.344Z,{}
solar,solar--levelized-cost-of-energy-italy-onshore-wind,Italy · Onshore wind,Italy,Onshore wind,2021-12-31,2021,year,2021-01-01,0.04508933,USD 2025 / kWh,annual,observed,https://ourworldindata.org/grapher/levelized-cost-of-energy.csv,2026-09-28T22:52:30.344Z,{}
solar,solar--levelized-cost-of-energy-italy-solar-photovoltaic,Italy · Solar photovoltaic,Italy,Solar photovoltaic,2021-12-31,2021,year,2021-01-01,0.05804125,USD 2025 / kWh,annual,observed,https://ourworldindata.org/grapher/levelized-cost-of-energy.csv,2026-09-28T22:52:30.344Z,{}
solar,solar--levelized-cost-of-energy-japan-onshore-wind,Japan · Onshore wind,Japan,Onshore wind,2021-12-31,2021,year,2021-01-01,0.15532671,USD 2025 / kWh,annual,observed,https://ourworldindata.org/grapher/levelized-cost-of-energy.csv,2026-09-28T22:52:30.344Z,{}
solar,solar--levelized-cost-of-energy-japan-solar-photovoltaic,Japan · Solar photovoltaic,Japan,Solar photovoltaic,2021-12-31,2021,year,2021-01-01,0.10270889,USD 2025 / kWh,annual,observed,https://ourworldindata.org/grapher/levelized-cost-of-energy.csv,2026-09-28T22:52:30.344Z,{}
solar,solar--levelized-cost-of-energy-mexico-onshore-wind,Mexico · Onshore wind,Mexico,Onshore wind,2021-12-31,2021,year,2021-01-01,0.046926,USD 2025 / kWh,annual,observed,https://ourworldindata.org/grapher/levelized-cost-of-energy.csv,2026-09-28T22:52:30.344Z,{}
solar,solar--levelized-cost-of-energy-mexico-solar-photovoltaic,Mexico · Solar photovoltaic,Mexico,Solar photovoltaic,2021-12-31,2021,year,2021-01-01,0.056258187,USD 2025 / kWh,annual,observed,https://ourworldindata.org/grapher/levelized-cost-of-energy.csv,2026-09-28T22:52:30.344Z,{}
solar,solar--levelized-cost-of-energy-morocco-onshore-wind,Morocco · Onshore wind,Morocco,Onshore wind,2021-12-31,2021,year,2021-01-01,0.052527867,USD 2025 / kWh,annual,observed,https://ourworldindata.org/grapher/levelized-cost-of-energy.csv,2026-09-28T22:52:30.344Z,{}
solar,solar--levelized-cost-of-energy-netherlands-onshore-wind,Netherlands · Onshore wind,Netherlands,Onshore wind,2021-12-31,2021,year,2021-01-01,0.047422305,USD 2025 / kWh,annual,observed,https://ourworldindata.org/grapher/levelized-cost-of-energy.csv,2026-09-28T22:52:30.344Z,{}
solar,solar--levelized-cost-of-energy-netherlands-solar-photovoltaic,Netherlands · Solar photovoltaic,Netherlands,Solar photovoltaic,2021-12-31,2021,year,2021-01-01,0.09194684,USD 2025 / kWh,annual,observed,https://ourworldindata.org/grapher/levelized-cost-of-energy.csv,2026-09-28T22:52:30.344Z,{}
solar,solar--levelized-cost-of-energy-new-zealand-onshore-wind,New Zealand · Onshore wind,New Zealand,Onshore wind,2021-12-31,2021,year,2021-01-01,0.03676585,USD 2025 / kWh,annual,observed,https://ourworldindata.org/grapher/levelized-cost-of-energy.csv,2026-09-28T22:52:30.344Z,{}
solar,solar--levelized-cost-of-energy-norway-onshore-wind,Norway · Onshore wind,Norway,Onshore wind,2021-12-31,2021,year,2021-01-01,0.041735824,USD 2025 / kWh,annual,observed,https://ourworldindata.org/grapher/levelized-cost-of-energy.csv,2026-09-28T22:52:30.344Z,{}
solar,solar--levelized-cost-of-energy-pakistan-onshore-wind,Pakistan · Onshore wind,Pakistan,Onshore wind,2021-12-31,2021,year,2021-01-01,0.07661813,USD 2025 / kWh,annual,observed,https://ourworldindata.org/grapher/levelized-cost-of-energy.csv,2026-09-28T22:52:30.344Z,{}
solar,solar--levelized-cost-of-energy-poland-onshore-wind,Poland · Onshore wind,Poland,Onshore wind,2021-12-31,2021,year,2021-01-01,0.048141766,USD 2025 / kWh,annual,observed,https://ourworldindata.org/grapher/levelized-cost-of-energy.csv,2026-09-28T22:52:30.344Z,{}
solar,solar--levelized-cost-of-energy-poland-solar-photovoltaic,Poland · Solar photovoltaic,Poland,Solar photovoltaic,2021-12-31,2021,year,2021-01-01,0.10041557,USD 2025 / kWh,annual,observed,https://ourworldindata.org/grapher/levelized-cost-of-energy.csv,2026-09-28T22:52:30.344Z,{}
solar,solar--levelized-cost-of-energy-portugal-onshore-wind,Portugal · Onshore wind,Portugal,Onshore wind,2021-12-31,2021,year,2021-01-01,,USD 2025 / kWh,annual,observed,https://ourworldindata.org/grapher/levelized-cost-of-energy.csv,2026-09-28T22:52:30.344Z,{}
solar,solar--levelized-cost-of-energy-portugal-solar-photovoltaic,Portugal · Solar photovoltaic,Portugal,Solar photovoltaic,2021-12-31,2021,year,2021-01-01,0.0554134,USD 2025 / kWh,annual,observed,https://ourworldindata.org/grapher/levelized-cost-of-energy.csv,2026-09-28T22:52:30.344Z,{}
solar,solar--levelized-cost-of-energy-russia-onshore-wind,Russia · Onshore wind,Russia,Onshore wind,2021-12-31,2021,year,2021-01-01,0.052946944,USD 2025 / kWh,annual,observed,https://ourworldindata.org/grapher/levelized-cost-of-energy.csv,2026-09-28T22:52:30.344Z,{}
solar,solar--levelized-cost-of-energy-saudi-arabia-solar-photovoltaic,Saudi Arabia · Solar photovoltaic,Saudi Arabia,Solar photovoltaic,2021-12-31,2021,year,2021-01-01,0.05733721,USD 2025 / kWh,annual,observed,https://ourworldindata.org/grapher/levelized-cost-of-energy.csv,2026-09-28T22:52:30.344Z,{}
solar,solar--levelized-cost-of-energy-south-africa-onshore-wind,South Africa · Onshore wind,South Africa,Onshore wind,2021-12-31,2021,year,2021-01-01,0.053848285,USD 2025 / kWh,annual,observed,https://ourworldindata.org/grapher/levelized-cost-of-energy.csv,2026-09-28T22:52:30.344Z,{}
solar,solar--levelized-cost-of-energy-south-africa-solar-photovoltaic,South Africa · Solar photovoltaic,South Africa,Solar photovoltaic,2021-12-31,2021,year,2021-01-01,0.06166614,USD 2025 / kWh,annual,observed,https://ourworldindata.org/grapher/levelized-cost-of-energy.csv,2026-09-28T22:52:30.344Z,{}
solar,solar--levelized-cost-of-energy-south-korea-onshore-wind,South Korea · Onshore wind,South Korea,Onshore wind,2021-12-31,2021,year,2021-01-01,0.07005853,USD 2025 / kWh,annual,observed,https://ourworldindata.org/grapher/levelized-cost-of-energy.csv,2026-09-28T22:52:30.344Z,{}
solar,solar--levelized-cost-of-energy-south-korea-solar-photovoltaic,South Korea · Solar photovoltaic,South Korea,Solar photovoltaic,2021-12-31,2021,year,2021-01-01,0.0634892,USD 2025 / kWh,annual,observed,https://ourworldindata.org/grapher/levelized-cost-of-energy.csv,2026-09-28T22:52:30.344Z,{}
solar,solar--levelized-cost-of-energy-spain-onshore-wind,Spain · Onshore wind,Spain,Onshore wind,2021-12-31,2021,year,2021-01-01,0.027758196,USD 2025 / kWh,annual,observed,https://ourworldindata.org/grapher/levelized-cost-of-energy.csv,2026-09-28T22:52:30.344Z,{}
solar,solar--levelized-cost-of-energy-spain-solar-photovoltaic,Spain · Solar photovoltaic,Spain,Solar photovoltaic,2021-12-31,2021,year,2021-01-01,0.054418083,USD 2025 / kWh,annual,observed,https://ourworldindata.org/grapher/levelized-cost-of-energy.csv,2026-09-28T22:52:30.344Z,{}
solar,solar--levelized-cost-of-energy-sweden-onshore-wind,Sweden · Onshore wind,Sweden,Onshore wind,2021-12-31,2021,year,2021-01-01,0.039879598,USD 2025 / kWh,annual,observed,https://ourworldindata.org/grapher/levelized-cost-of-energy.csv,2026-09-28T22:52:30.344Z,{}
solar,solar--levelized-cost-of-energy-thailand-solar-photovoltaic,Thailand · Solar photovoltaic,Thailand,Solar photovoltaic,2021-12-31,2021,year,2021-01-01,0.066321775,USD 2025 / kWh,annual,observed,https://ourworldindata.org/grapher/levelized-cost-of-energy.csv,2026-09-28T22:52:30.344Z,{}
solar,solar--levelized-cost-of-energy-turkey-onshore-wind,Turkey · Onshore wind,Turkey,Onshore wind,2021-12-31,2021,year,2021-01-01,0.049085516,USD 2025 / kWh,annual,observed,https://ourworldindata.org/grapher/levelized-cost-of-energy.csv,2026-09-28T22:52:30.344Z,{}
solar,solar--levelized-cost-of-energy-turkey-solar-photovoltaic,Turkey · Solar photovoltaic,Turkey,Solar photovoltaic,2021-12-31,2021,year,2021-01-01,0.071956344,USD 2025 / kWh,annual,observed,https://ourworldindata.org/grapher/levelized-cost-of-energy.csv,2026-09-28T22:52:30.344Z,{}
solar,solar--levelized-cost-of-energy-ukraine-onshore-wind,Ukraine · Onshore wind,Ukraine,Onshore wind,2021-12-31,2021,year,2021-01-01,0.053997826,USD 2025 / kWh,annual,observed,https://ourworldindata.org/grapher/levelized-cost-of-energy.csv,2026-09-28T22:52:30.344Z,{}
solar,solar--levelized-cost-of-energy-united-kingdom-onshore-wind,United Kingdom · Onshore wind,United Kingdom,Onshore wind,2021-12-31,2021,year,2021-01-01,0.04382721,USD 2025 / kWh,annual,observed,https://ourworldindata.org/grapher/levelized-cost-of-energy.csv,2026-09-28T22:52:30.344Z,{}
solar,solar--levelized-cost-of-energy-united-kingdom-solar-photovoltaic,United Kingdom · Solar photovoltaic,United Kingdom,Solar photovoltaic,2021-12-31,2021,year,2021-01-01,0.0775859,USD 2025 / kWh,annual,observed,https://ourworldindata.org/grapher/levelized-cost-of-energy.csv,2026-09-28T22:52:30.344Z,{}
solar,solar--levelized-cost-of-energy-united-states-onshore-wind,United States · Onshore wind,United States,Onshore wind,2021-12-31,2021,year,2021-01-01,0.032480188,USD 2025 / kWh,annual,observed,https://ourworldindata.org/grapher/levelized-cost-of-energy.csv,2026-09-28T22:52:30.344Z,{}
solar,solar--levelized-cost-of-energy-united-states-solar-photovoltaic,United States · Solar photovoltaic,United States,Solar photovoltaic,2021-12-31,2021,year,2021-01-01,0.061161496,USD 2025 / kWh,annual,observed,https://ourworldindata.org/grapher/levelized-cost-of-energy.csv,2026-09-28T22:52:30.344Z,{}
solar,solar--levelized-cost-of-energy-uzbekistan-onshore-wind,Uzbekistan · Onshore wind,Uzbekistan,Onshore wind,2021-12-31,2021,year,2021-01-01,,USD 2025 / kWh,annual,observed,https://ourworldindata.org/grapher/levelized-cost-of-energy.csv,2026-09-28T22:52:30.344Z,{}
solar,solar--levelized-cost-of-energy-uzbekistan-solar-photovoltaic,Uzbekistan · Solar photovoltaic,Uzbekistan,Solar photovoltaic,2021-12-31,2021,year,2021-01-01,0.078424335,USD 2025 / kWh,annual,observed,https://ourworldindata.org/grapher/levelized-cost-of-energy.csv,2026-09-28T22:52:30.344Z,{}
solar,solar--levelized-cost-of-energy-vietnam-onshore-wind,Vietnam · Onshore wind,Vietnam,Onshore wind,2021-12-31,2021,year,2021-01-01,0.053583924,USD 2025 / kWh,annual,observed,https://ourworldindata.org/grapher/levelized-cost-of-energy.csv,2026-09-28T22:52:30.344Z,{}
solar,solar--levelized-cost-of-energy-world-bioenergy,Bioenergy,World,Bioenergy,2021-12-31,2021,year,2021-01-01,0.07490364,USD 2025 / kWh,annual,observed,https://ourworldindata.org/grapher/levelized-cost-of-energy.csv,2026-09-28T22:52:30.344Z,{}
solar,solar--levelized-cost-of-energy-world-concentrated-solar-power,Concentrated solar power,World,Concentrated solar power,2021-12-31,2021,year,2021-01-01,0.12929337,USD 2025 / kWh,annual,observed,https://ourworldindata.org/grapher/levelized-cost-of-energy.csv,2026-09-28T22:52:30.344Z,{}
solar,solar--levelized-cost-of-energy-world-geothermal,Geothermal,World,Geothermal,2021-12-31,2021,year,2021-01-01,0.07743751,USD 2025 / kWh,annual,observed,https://ourworldindata.org/grapher/levelized-cost-of-energy.csv,2026-09-28T22:52:30.344Z,{}
solar,solar--levelized-cost-of-energy-world-hydropower,Hydropower,World,Hydropower,2021-12-31,2021,year,2021-01-01,0.05653018,USD 2025 / kWh,annual,observed,https://ourworldindata.org/grapher/levelized-cost-of-energy.csv,2026-09-28T22:52:30.344Z,{}
solar,solar--levelized-cost-of-energy-world-offshore-wind,Offshore wind,World,Offshore wind,2021-12-31,2021,year,2021-01-01,0.081596576,USD 2025 / kWh,annual,observed,https://ourworldindata.org/grapher/levelized-cost-of-energy.csv,2026-09-28T22:52:30.344Z,{}
solar,solar--levelized-cost-of-energy-world-onshore-wind,Onshore wind,World,Onshore wind,2021-12-31,2021,year,2021-01-01,0.036080316,USD 2025 / kWh,annual,observed,https://ourworldindata.org/grapher/levelized-cost-of-energy.csv,2026-09-28T22:52:30.344Z,{}
solar,solar--levelized-cost-of-energy-world-solar-photovoltaic,Solar photovoltaic,World,Solar photovoltaic,2021-12-31,2021,year,2021-01-01,0.054347396,USD 2025 / kWh,annual,observed,https://ourworldindata.org/grapher/levelized-cost-of-energy.csv,2026-09-28T22:52:30.344Z,{}
solar,solar--levelized-cost-of-energy-argentina-onshore-wind,Argentina · Onshore wind,Argentina,Onshore wind,2022-12-31,2022,year,2022-01-01,0.055677447,USD 2025 / kWh,annual,observed,https://ourworldindata.org/grapher/levelized-cost-of-energy.csv,2026-09-28T22:52:30.344Z,{}
solar,solar--levelized-cost-of-energy-australia-onshore-wind,Australia · Onshore wind,Australia,Onshore wind,2022-12-31,2022,year,2022-01-01,0.03445939,USD 2025 / kWh,annual,observed,https://ourworldindata.org/grapher/levelized-cost-of-energy.csv,2026-09-28T22:52:30.344Z,{}
solar,solar--levelized-cost-of-energy-australia-solar-photovoltaic,Australia · Solar photovoltaic,Australia,Solar photovoltaic,2022-12-31,2022,year,2022-01-01,0.042441983,USD 2025 / kWh,annual,observed,https://ourworldindata.org/grapher/levelized-cost-of-energy.csv,2026-09-28T22:52:30.344Z,{}
solar,solar--levelized-cost-of-energy-austria-onshore-wind,Austria · Onshore wind,Austria,Onshore wind,2022-12-31,2022,year,2022-01-01,0.062361445,USD 2025 / kWh,annual,observed,https://ourworldindata.org/grapher/levelized-cost-of-energy.csv,2026-09-28T22:52:30.344Z,{}
solar,solar--levelized-cost-of-energy-belgium-onshore-wind,Belgium · Onshore wind,Belgium,Onshore wind,2022-12-31,2022,year,2022-01-01,0.062104966,USD 2025 / kWh,annual,observed,https://ourworldindata.org/grapher/levelized-cost-of-energy.csv,2026-09-28T22:52:30.344Z,{}
solar,solar--levelized-cost-of-energy-brazil-onshore-wind,Brazil · Onshore wind,Brazil,Onshore wind,2022-12-31,2022,year,2022-01-01,0.023951773,USD 2025 / kWh,annual,observed,https://ourworldindata.org/grapher/levelized-cost-of-energy.csv,2026-09-28T22:52:30.344Z,{}
solar,solar--levelized-cost-of-energy-brazil-solar-photovoltaic,Brazil · Solar photovoltaic,Brazil,Solar photovoltaic,2022-12-31,2022,year,2022-01-01,0.045459356,USD 2025 / kWh,annual,observed,https://ourworldindata.org/grapher/levelized-cost-of-energy.csv,2026-09-28T22:52:30.344Z,{}
solar,solar--levelized-cost-of-energy-canada-onshore-wind,Canada · Onshore wind,Canada,Onshore wind,2022-12-31,2022,year,2022-01-01,0.034029264,USD 2025 / kWh,annual,observed,https://ourworldindata.org/grapher/levelized-cost-of-energy.csv,2026-09-28T22:52:30.344Z,{}
solar,solar--levelized-cost-of-energy-canada-solar-photovoltaic,Canada · Solar photovoltaic,Canada,Solar photovoltaic,2022-12-31,2022,year,2022-01-01,0.07219072,USD 2025 / kWh,annual,observed,https://ourworldindata.org/grapher/levelized-cost-of-energy.csv,2026-09-28T22:52:30.344Z,{}
solar,solar--levelized-cost-of-energy-chile-onshore-wind,Chile · Onshore wind,Chile,Onshore wind,2022-12-31,2022,year,2022-01-01,0.055552106,USD 2025 / kWh,annual,observed,https://ourworldindata.org/grapher/levelized-cost-of-energy.csv,2026-09-28T22:52:30.344Z,{}
solar,solar--levelized-cost-of-energy-chile-solar-photovoltaic,Chile · Solar photovoltaic,Chile,Solar photovoltaic,2022-12-31,2022,year,2022-01-01,0.045333337,USD 2025 / kWh,annual,observed,https://ourworldindata.org/grapher/levelized-cost-of-energy.csv,2026-09-28T22:52:30.344Z,{}
solar,solar--levelized-cost-of-energy-china-onshore-wind,China · Onshore wind,China,Onshore wind,2022-12-31,2022,year,2022-01-01,0.028609388,USD 2025 / kWh,annual,observed,https://ourworldindata.org/grapher/levelized-cost-of-energy.csv,2026-09-28T22:52:30.344Z,{}
solar,solar--levelized-cost-of-energy-china-solar-photovoltaic,China · Solar photovoltaic,China,Solar photovoltaic,2022-12-31,2022,year,2022-01-01,0.03938901,USD 2025 / kWh,annual,observed,https://ourworldindata.org/grapher/levelized-cost-of-energy.csv,2026-09-28T22:52:30.344Z,{}
solar,solar--levelized-cost-of-energy-egypt-onshore-wind,Egypt · Onshore wind,Egypt,Onshore wind,2022-12-31,2022,year,2022-01-01,0.047604043,USD 2025 / kWh,annual,observed,https://ourworldindata.org/grapher/levelized-cost-of-energy.csv,2026-09-28T22:52:30.344Z,{}
solar,solar--levelized-cost-of-energy-ethiopia-onshore-wind,Ethiopia · Onshore wind,Ethiopia,Onshore wind,2022-12-31,2022,year,2022-01-01,0.052687824,USD 2025 / kWh,annual,observed,https://ourworldindata.org/grapher/levelized-cost-of-energy.csv,2026-09-28T22:52:30.344Z,{}
solar,solar--levelized-cost-of-energy-finland-onshore-wind,Finland · Onshore wind,Finland,Onshore wind,2022-12-31,2022,year,2022-01-01,0.04405322,USD 2025 / kWh,annual,observed,https://ourworldindata.org/grapher/levelized-cost-of-energy.csv,2026-09-28T22:52:30.344Z,{}
solar,solar--levelized-cost-of-energy-france-onshore-wind,France · Onshore wind,France,Onshore wind,2022-12-31,2022,year,2022-01-01,0.052869555,USD 2025 / kWh,annual,observed,https://ourworldindata.org/grapher/levelized-cost-of-energy.csv,2026-09-28T22:52:30.344Z,{}
solar,solar--levelized-cost-of-energy-france-solar-photovoltaic,France · Solar photovoltaic,France,Solar photovoltaic,2022-12-31,2022,year,2022-01-01,0.064131945,USD 2025 / kWh,annual,observed,https://ourworldindata.org/grapher/levelized-cost-of-energy.csv,2026-09-28T22:52:30.344Z,{}
solar,solar--levelized-cost-of-energy-germany-onshore-wind,Germany · Onshore wind,Germany,Onshore wind,2022-12-31,2022,year,2022-01-01,0.05774945,USD 2025 / kWh,annual,observed,https://ourworldindata.org/grapher/levelized-cost-of-energy.csv,2026-09-28T22:52:30.344Z,{}
solar,solar--levelized-cost-of-energy-germany-solar-photovoltaic,Germany · Solar photovoltaic,Germany,Solar photovoltaic,2022-12-31,2022,year,2022-01-01,0.07302038,USD 2025 / kWh,annual,observed,https://ourworldindata.org/grapher/levelized-cost-of-energy.csv,2026-09-28T22:52:30.344Z,{}
solar,solar--levelized-cost-of-energy-greece-onshore-wind,Greece · Onshore wind,Greece,Onshore wind,2022-12-31,2022,year,2022-01-01,0.052026533,USD 2025 / kWh,annual,observed,https://ourworldindata.org/grapher/levelized-cost-of-energy.csv,2026-09-28T22:52:30.344Z,{}
solar,solar--levelized-cost-of-energy-greece-solar-photovoltaic,Greece · Solar photovoltaic,Greece,Solar photovoltaic,2022-12-31,2022,year,2022-01-01,0.07649471,USD 2025 / kWh,annual,observed,https://ourworldindata.org/grapher/levelized-cost-of-energy.csv,2026-09-28T22:52:30.344Z,{}
solar,solar--levelized-cost-of-energy-india-onshore-wind,India · Onshore wind,India,Onshore wind,2022-12-31,2022,year,2022-01-01,0.03968745,USD 2025 / kWh,annual,observed,https://ourworldindata.org/grapher/levelized-cost-of-energy.csv,2026-09-28T22:52:30.344Z,{}
solar,solar--levelized-cost-of-energy-india-solar-photovoltaic,India · Solar photovoltaic,India,Solar photovoltaic,2022-12-31,2022,year,2022-01-01,0.039683133,USD 2025 / kWh,annual,observed,https://ourworldindata.org/grapher/levelized-cost-of-energy.csv,2026-09-28T22:52:30.344Z,{}
solar,solar--levelized-cost-of-energy-ireland-onshore-wind,Ireland · Onshore wind,Ireland,Onshore wind,2022-12-31,2022,year,2022-01-01,0.044479836,USD 2025 / kWh,annual,observed,https://ourworldindata.org/grapher/levelized-cost-of-energy.csv,2026-09-28T22:52:30.344Z,{}
solar,solar--levelized-cost-of-energy-italy-onshore-wind,Italy · Onshore wind,Italy,Onshore wind,2022-12-31,2022,year,2022-01-01,0.04418795,USD 2025 / kWh,annual,observed,https://ourworldindata.org/grapher/levelized-cost-of-energy.csv,2026-09-28T22:52:30.344Z,{}
solar,solar--levelized-cost-of-energy-italy-solar-photovoltaic,Italy · Solar photovoltaic,Italy,Solar photovoltaic,2022-12-31,2022,year,2022-01-01,0.0647723,USD 2025 / kWh,annual,observed,https://ourworldindata.org/grapher/levelized-cost-of-energy.csv,2026-09-28T22:52:30.344Z,{}
solar,solar--levelized-cost-of-energy-japan-onshore-wind,Japan · Onshore wind,Japan,Onshore wind,2022-12-31,2022,year,2022-01-01,0.1588271,USD 2025 / kWh,annual,observed,https://ourworldindata.org/grapher/levelized-cost-of-energy.csv,2026-09-28T22:52:30.344Z,{}
solar,solar--levelized-cost-of-energy-japan-solar-photovoltaic,Japan · Solar photovoltaic,Japan,Solar photovoltaic,2022-12-31,2022,year,2022-01-01,0.10259636,USD 2025 / kWh,annual,observed,https://ourworldindata.org/grapher/levelized-cost-of-energy.csv,2026-09-28T22:52:30.344Z,{}
solar,solar--levelized-cost-of-energy-mexico-onshore-wind,Mexico · Onshore wind,Mexico,Onshore wind,2022-12-31,2022,year,2022-01-01,0.049193047,USD 2025 / kWh,annual,observed,https://ourworldindata.org/grapher/levelized-cost-of-energy.csv,2026-09-28T22:52:30.344Z,{}
solar,solar--levelized-cost-of-energy-mexico-solar-photovoltaic,Mexico · Solar photovoltaic,Mexico,Solar photovoltaic,2022-12-31,2022,year,2022-01-01,0.071278304,USD 2025 / kWh,annual,observed,https://ourworldindata.org/grapher/levelized-cost-of-energy.csv,2026-09-28T22:52:30.344Z,{}
solar,solar--levelized-cost-of-energy-morocco-onshore-wind,Morocco · Onshore wind,Morocco,Onshore wind,2022-12-31,2022,year,2022-01-01,0.05550887,USD 2025 / kWh,annual,observed,https://ourworldindata.org/grapher/levelized-cost-of-energy.csv,2026-09-28T22:52:30.344Z,{}
solar,solar--levelized-cost-of-energy-netherlands-onshore-wind,Netherlands · Onshore wind,Netherlands,Onshore wind,2022-12-31,2022,year,2022-01-01,0.048792668,USD 2025 / kWh,annual,observed,https://ourworldindata.org/grapher/levelized-cost-of-energy.csv,2026-09-28T22:52:30.344Z,{}
solar,solar--levelized-cost-of-energy-netherlands-solar-photovoltaic,Netherlands · Solar photovoltaic,Netherlands,Solar photovoltaic,2022-12-31,2022,year,2022-01-01,0.09546259,USD 2025 / kWh,annual,observed,https://ourworldindata.org/grapher/levelized-cost-of-energy.csv,2026-09-28T22:52:30.344Z,{}
solar,solar--levelized-cost-of-energy-pakistan-onshore-wind,Pakistan · Onshore wind,Pakistan,Onshore wind,2022-12-31,2022,year,2022-01-01,0.05540094,USD 2025 / kWh,annual,observed,https://ourworldindata.org/grapher/levelized-cost-of-energy.csv,2026-09-28T22:52:30.344Z,{}
solar,solar--levelized-cost-of-energy-poland-onshore-wind,Poland · Onshore wind,Poland,Onshore wind,2022-12-31,2022,year,2022-01-01,0.053480368,USD 2025 / kWh,annual,observed,https://ourworldindata.org/grapher/levelized-cost-of-energy.csv,2026-09-28T22:52:30.344Z,{}
solar,solar--levelized-cost-of-energy-poland-solar-photovoltaic,Poland · Solar photovoltaic,Poland,Solar photovoltaic,2022-12-31,2022,year,2022-01-01,0.11771458,USD 2025 / kWh,annual,observed,https://ourworldindata.org/grapher/levelized-cost-of-energy.csv,2026-09-28T22:52:30.344Z,{}
solar,solar--levelized-cost-of-energy-portugal-onshore-wind,Portugal · Onshore wind,Portugal,Onshore wind,2022-12-31,2022,year,2022-01-01,,USD 2025 / kWh,annual,observed,https://ourworldindata.org/grapher/levelized-cost-of-energy.csv,2026-09-28T22:52:30.344Z,{}
solar,solar--levelized-cost-of-energy-portugal-solar-photovoltaic,Portugal · Solar photovoltaic,Portugal,Solar photovoltaic,2022-12-31,2022,year,2022-01-01,0.06365554,USD 2025 / kWh,annual,observed,https://ourworldindata.org/grapher/levelized-cost-of-energy.csv,2026-09-28T22:52:30.344Z,{}
solar,solar--levelized-cost-of-energy-russia-onshore-wind,Russia · Onshore wind,Russia,Onshore wind,2022-12-31,2022,year,2022-01-01,0.043760225,USD 2025 / kWh,annual,observed,https://ourworldindata.org/grapher/levelized-cost-of-energy.csv,2026-09-28T22:52:30.344Z,{}
solar,solar--levelized-cost-of-energy-saudi-arabia-solar-photovoltaic,Saudi Arabia · Solar photovoltaic,Saudi Arabia,Solar photovoltaic,2022-12-31,2022,year,2022-01-01,0.038563646,USD 2025 / kWh,annual,observed,https://ourworldindata.org/grapher/levelized-cost-of-energy.csv,2026-09-28T22:52:30.344Z,{}
solar,solar--levelized-cost-of-energy-south-africa-onshore-wind,South Africa · Onshore wind,South Africa,Onshore wind,2022-12-31,2022,year,2022-01-01,0.04205908,USD 2025 / kWh,annual,observed,https://ourworldindata.org/grapher/levelized-cost-of-energy.csv,2026-09-28T22:52:30.344Z,{}
solar,solar--levelized-cost-of-energy-south-africa-solar-photovoltaic,South Africa · Solar photovoltaic,South Africa,Solar photovoltaic,2022-12-31,2022,year,2022-01-01,0.06763239,USD 2025 / kWh,annual,observed,https://ourworldindata.org/grapher/levelized-cost-of-energy.csv,2026-09-28T22:52:30.344Z,{}
solar,solar--levelized-cost-of-energy-south-korea-onshore-wind,South Korea · Onshore wind,South Korea,Onshore wind,2022-12-31,2022,year,2022-01-01,0.085985936,USD 2025 / kWh,annual,observed,https://ourworldindata.org/grapher/levelized-cost-of-energy.csv,2026-09-28T22:52:30.344Z,{}
solar,solar--levelized-cost-of-energy-south-korea-solar-photovoltaic,South Korea · Solar photovoltaic,South Korea,Solar photovoltaic,2022-12-31,2022,year,2022-01-01,0.07831042,USD 2025 / kWh,annual,observed,https://ourworldindata.org/grapher/levelized-cost-of-energy.csv,2026-09-28T22:52:30.344Z,{}
solar,solar--levelized-cost-of-energy-spain-onshore-wind,Spain · Onshore wind,Spain,Onshore wind,2022-12-31,2022,year,2022-01-01,0.034485288,USD 2025 / kWh,annual,observed,https://ourworldindata.org/grapher/levelized-cost-of-energy.csv,2026-09-28T22:52:30.344Z,{}
solar,solar--levelized-cost-of-energy-spain-solar-photovoltaic,Spain · Solar photovoltaic,Spain,Solar photovoltaic,2022-12-31,2022,year,2022-01-01,0.048341516,USD 2025 / kWh,annual,observed,https://ourworldindata.org/grapher/levelized-cost-of-energy.csv,2026-09-28T22:52:30.344Z,{}
solar,solar--levelized-cost-of-energy-sweden-onshore-wind,Sweden · Onshore wind,Sweden,Onshore wind,2022-12-31,2022,year,2022-01-01,0.038999435,USD 2025 / kWh,annual,observed,https://ourworldindata.org/grapher/levelized-cost-of-energy.csv,2026-09-28T22:52:30.344Z,{}
solar,solar--levelized-cost-of-energy-thailand-solar-photovoltaic,Thailand · Solar photovoltaic,Thailand,Solar photovoltaic,2022-12-31,2022,year,2022-01-01,0.051888503,USD 2025 / kWh,annual,observed,https://ourworldindata.org/grapher/levelized-cost-of-energy.csv,2026-09-28T22:52:30.344Z,{}
solar,solar--levelized-cost-of-energy-turkey-onshore-wind,Turkey · Onshore wind,Turkey,Onshore wind,2022-12-31,2022,year,2022-01-01,0.05840668,USD 2025 / kWh,annual,observed,https://ourworldindata.org/grapher/levelized-cost-of-energy.csv,2026-09-28T22:52:30.344Z,{}
solar,solar--levelized-cost-of-energy-turkey-solar-photovoltaic,Turkey · Solar photovoltaic,Turkey,Solar photovoltaic,2022-12-31,2022,year,2022-01-01,0.075084694,USD 2025 / kWh,annual,observed,https://ourworldindata.org/grapher/levelized-cost-of-energy.csv,2026-09-28T22:52:30.344Z,{}
solar,solar--levelized-cost-of-energy-united-kingdom-onshore-wind,United Kingdom · Onshore wind,United Kingdom,Onshore wind,2022-12-31,2022,year,2022-01-01,0.03682578,USD 2025 / kWh,annual,observed,https://ourworldindata.org/grapher/levelized-cost-of-energy.csv,2026-09-28T22:52:30.344Z,{}
solar,solar--levelized-cost-of-energy-united-kingdom-solar-photovoltaic,United Kingdom · Solar photovoltaic,United Kingdom,Solar photovoltaic,2022-12-31,2022,year,2022-01-01,0.08141446,USD 2025 / kWh,annual,observed,https://ourworldindata.org/grapher/levelized-cost-of-energy.csv,2026-09-28T22:52:30.344Z,{}
solar,solar--levelized-cost-of-energy-united-states-onshore-wind,United States · Onshore wind,United States,Onshore wind,2022-12-31,2022,year,2022-01-01,0.029802565,USD 2025 / kWh,annual,observed,https://ourworldindata.org/grapher/levelized-cost-of-energy.csv,2026-09-28T22:52:30.344Z,{}
solar,solar--levelized-cost-of-energy-united-states-solar-photovoltaic,United States · Solar photovoltaic,United States,Solar photovoltaic,2022-12-31,2022,year,2022-01-01,0.06000075,USD 2025 / kWh,annual,observed,https://ourworldindata.org/grapher/levelized-cost-of-energy.csv,2026-09-28T22:52:30.344Z,{}
solar,solar--levelized-cost-of-energy-uzbekistan-onshore-wind,Uzbekistan · Onshore wind,Uzbekistan,Onshore wind,2022-12-31,2022,year,2022-01-01,,USD 2025 / kWh,annual,observed,https://ourworldindata.org/grapher/levelized-cost-of-energy.csv,2026-09-28T22:52:30.344Z,{}
solar,solar--levelized-cost-of-energy-uzbekistan-solar-photovoltaic,Uzbekistan · Solar photovoltaic,Uzbekistan,Solar photovoltaic,2022-12-31,2022,year,2022-01-01,0.08048234,USD 2025 / kWh,annual,observed,https://ourworldindata.org/grapher/levelized-cost-of-energy.csv,2026-09-28T22:52:30.344Z,{}
solar,solar--levelized-cost-of-energy-vietnam-onshore-wind,Vietnam · Onshore wind,Vietnam,Onshore wind,2022-12-31,2022,year,2022-01-01,0.05177927,USD 2025 / kWh,annual,observed,https://ourworldindata.org/grapher/levelized-cost-of-energy.csv,2026-09-28T22:52:30.344Z,{}
solar,solar--levelized-cost-of-energy-world-bioenergy,Bioenergy,World,Bioenergy,2022-12-31,2022,year,2022-01-01,0.06515455,USD 2025 / kWh,annual,observed,https://ourworldindata.org/grapher/levelized-cost-of-energy.csv,2026-09-28T22:52:30.344Z,{}
solar,solar--levelized-cost-of-energy-world-concentrated-solar-power,Concentrated solar power,World,Concentrated solar power,2022-12-31,2022,year,2022-01-01,0.12690917,USD 2025 / kWh,annual,observed,https://ourworldindata.org/grapher/levelized-cost-of-energy.csv,2026-09-28T22:52:30.344Z,{}
solar,solar--levelized-cost-of-energy-world-geothermal,Geothermal,World,Geothermal,2022-12-31,2022,year,2022-01-01,0.06208036,USD 2025 / kWh,annual,observed,https://ourworldindata.org/grapher/levelized-cost-of-energy.csv,2026-09-28T22:52:30.344Z,{}
solar,solar--levelized-cost-of-energy-world-hydropower,Hydropower,World,Hydropower,2022-12-31,2022,year,2022-01-01,0.06784769,USD 2025 / kWh,annual,observed,https://ourworldindata.org/grapher/levelized-cost-of-energy.csv,2026-09-28T22:52:30.344Z,{}
solar,solar--levelized-cost-of-energy-world-offshore-wind,Offshore wind,World,Offshore wind,2022-12-31,2022,year,2022-01-01,0.080671065,USD 2025 / kWh,annual,observed,https://ourworldindata.org/grapher/levelized-cost-of-energy.csv,2026-09-28T22:52:30.344Z,{}
solar,solar--levelized-cost-of-energy-world-onshore-wind,Onshore wind,World,Onshore wind,2022-12-31,2022,year,2022-01-01,0.03402001,USD 2025 / kWh,annual,observed,https://ourworldindata.org/grapher/levelized-cost-of-energy.csv,2026-09-28T22:52:30.344Z,{}
solar,solar--levelized-cost-of-energy-world-solar-photovoltaic,Solar photovoltaic,World,Solar photovoltaic,2022-12-31,2022,year,2022-01-01,0.050453365,USD 2025 / kWh,annual,observed,https://ourworldindata.org/grapher/levelized-cost-of-energy.csv,2026-09-28T22:52:30.344Z,{}
solar,solar--levelized-cost-of-energy-argentina-onshore-wind,Argentina · Onshore wind,Argentina,Onshore wind,2023-12-31,2023,year,2023-01-01,0.10790043,USD 2025 / kWh,annual,observed,https://ourworldindata.org/grapher/levelized-cost-of-energy.csv,2026-09-28T22:52:30.344Z,{}
solar,solar--levelized-cost-of-energy-australia-onshore-wind,Australia · Onshore wind,Australia,Onshore wind,2023-12-31,2023,year,2023-01-01,0.043216687,USD 2025 / kWh,annual,observed,https://ourworldindata.org/grapher/levelized-cost-of-energy.csv,2026-09-28T22:52:30.344Z,{}
solar,solar--levelized-cost-of-energy-australia-solar-photovoltaic,Australia · Solar photovoltaic,Australia,Solar photovoltaic,2023-12-31,2023,year,2023-01-01,0.035775542,USD 2025 / kWh,annual,observed,https://ourworldindata.org/grapher/levelized-cost-of-energy.csv,2026-09-28T22:52:30.344Z,{}
solar,solar--levelized-cost-of-energy-austria-onshore-wind,Austria · Onshore wind,Austria,Onshore wind,2023-12-31,2023,year,2023-01-01,0.04733993,USD 2025 / kWh,annual,observed,https://ourworldindata.org/grapher/levelized-cost-of-energy.csv,2026-09-28T22:52:30.344Z,{}
solar,solar--levelized-cost-of-energy-belgium-onshore-wind,Belgium · Onshore wind,Belgium,Onshore wind,2023-12-31,2023,year,2023-01-01,0.06363763,USD 2025 / kWh,annual,observed,https://ourworldindata.org/grapher/levelized-cost-of-energy.csv,2026-09-28T22:52:30.344Z,{}
solar,solar--levelized-cost-of-energy-brazil-onshore-wind,Brazil · Onshore wind,Brazil,Onshore wind,2023-12-31,2023,year,2023-01-01,0.025132513,USD 2025 / kWh,annual,observed,https://ourworldindata.org/grapher/levelized-cost-of-energy.csv,2026-09-28T22:52:30.344Z,{}
solar,solar--levelized-cost-of-energy-brazil-solar-photovoltaic,Brazil · Solar photovoltaic,Brazil,Solar photovoltaic,2023-12-31,2023,year,2023-01-01,0.043257058,USD 2025 / kWh,annual,observed,https://ourworldindata.org/grapher/levelized-cost-of-energy.csv,2026-09-28T22:52:30.344Z,{}
solar,solar--levelized-cost-of-energy-canada-onshore-wind,Canada · Onshore wind,Canada,Onshore wind,2023-12-31,2023,year,2023-01-01,0.037629806,USD 2025 / kWh,annual,observed,https://ourworldindata.org/grapher/levelized-cost-of-energy.csv,2026-09-28T22:52:30.344Z,{}
solar,solar--levelized-cost-of-energy-canada-solar-photovoltaic,Canada · Solar photovoltaic,Canada,Solar photovoltaic,2023-12-31,2023,year,2023-01-01,0.10637197,USD 2025 / kWh,annual,observed,https://ourworldindata.org/grapher/levelized-cost-of-energy.csv,2026-09-28T22:52:30.344Z,{}
solar,solar--levelized-cost-of-energy-chile-onshore-wind,Chile · Onshore wind,Chile,Onshore wind,2023-12-31,2023,year,2023-01-01,0.051103354,USD 2025 / kWh,annual,observed,https://ourworldindata.org/grapher/levelized-cost-of-energy.csv,2026-09-28T22:52:30.344Z,{}
solar,solar--levelized-cost-of-energy-chile-solar-photovoltaic,Chile · Solar photovoltaic,Chile,Solar photovoltaic,2023-12-31,2023,year,2023-01-01,0.043112043,USD 2025 / kWh,annual,observed,https://ourworldindata.org/grapher/levelized-cost-of-energy.csv,2026-09-28T22:52:30.344Z,{}
solar,solar--levelized-cost-of-energy-china-onshore-wind,China · Onshore wind,China,Onshore wind,2023-12-31,2023,year,2023-01-01,0.026642129,USD 2025 / kWh,annual,observed,https://ourworldindata.org/grapher/levelized-cost-of-energy.csv,2026-09-28T22:52:30.344Z,{}
solar,solar--levelized-cost-of-energy-china-solar-photovoltaic,China · Solar photovoltaic,China,Solar photovoltaic,2023-12-31,2023,year,2023-01-01,0.03649012,USD 2025 / kWh,annual,observed,https://ourworldindata.org/grapher/levelized-cost-of-energy.csv,2026-09-28T22:52:30.344Z,{}
solar,solar--levelized-cost-of-energy-croatia-onshore-wind,Croatia · Onshore wind,Croatia,Onshore wind,2023-12-31,2023,year,2023-01-01,0.056435134,USD 2025 / kWh,annual,observed,https://ourworldindata.org/grapher/levelized-cost-of-energy.csv,2026-09-28T22:52:30.344Z,{}
solar,solar--levelized-cost-of-energy-egypt-onshore-wind,Egypt · Onshore wind,Egypt,Onshore wind,2023-12-31,2023,year,2023-01-01,0.05511983,USD 2025 / kWh,annual,observed,https://ourworldindata.org/grapher/levelized-cost-of-energy.csv,2026-09-28T22:52:30.344Z,{}
solar,solar--levelized-cost-of-energy-finland-onshore-wind,Finland · Onshore wind,Finland,Onshore wind,2023-12-31,2023,year,2023-01-01,0.043803457,USD 2025 / kWh,annual,observed,https://ourworldindata.org/grapher/levelized-cost-of-energy.csv,2026-09-28T22:52:30.344Z,{}
solar,solar--levelized-cost-of-energy-france-onshore-wind,France · Onshore wind,France,Onshore wind,2023-12-31,2023,year,2023-01-01,0.04969341,USD 2025 / kWh,annual,observed,https://ourworldindata.org/grapher/levelized-cost-of-energy.csv,2026-09-28T22:52:30.344Z,{}
solar,solar--levelized-cost-of-energy-france-solar-photovoltaic,France · Solar photovoltaic,France,Solar photovoltaic,2023-12-31,2023,year,2023-01-01,0.05446775,USD 2025 / kWh,annual,observed,https://ourworldindata.org/grapher/levelized-cost-of-energy.csv,2026-09-28T22:52:30.344Z,{}
solar,solar--levelized-cost-of-energy-germany-onshore-wind,Germany · Onshore wind,Germany,Onshore wind,2023-12-31,2023,year,2023-01-01,0.054817148,USD 2025 / kWh,annual,observed,https://ourworldindata.org/grapher/levelized-cost-of-energy.csv,2026-09-28T22:52:30.344Z,{}
solar,solar--levelized-cost-of-energy-germany-solar-photovoltaic,Germany · Solar photovoltaic,Germany,Solar photovoltaic,2023-12-31,2023,year,2023-01-01,0.052454896,USD 2025 / kWh,annual,observed,https://ourworldindata.org/grapher/levelized-cost-of-energy.csv,2026-09-28T22:52:30.344Z,{}
solar,solar--levelized-cost-of-energy-greece-onshore-wind,Greece · Onshore wind,Greece,Onshore wind,2023-12-31,2023,year,2023-01-01,0.04806639,USD 2025 / kWh,annual,observed,https://ourworldindata.org/grapher/levelized-cost-of-energy.csv,2026-09-28T22:52:30.344Z,{}
solar,solar--levelized-cost-of-energy-greece-solar-photovoltaic,Greece · Solar photovoltaic,Greece,Solar photovoltaic,2023-12-31,2023,year,2023-01-01,0.047414925,USD 2025 / kWh,annual,observed,https://ourworldindata.org/grapher/levelized-cost-of-energy.csv,2026-09-28T22:52:30.344Z,{}
solar,solar--levelized-cost-of-energy-india-onshore-wind,India · Onshore wind,India,Onshore wind,2023-12-31,2023,year,2023-01-01,0.048254125,USD 2025 / kWh,annual,observed,https://ourworldindata.org/grapher/levelized-cost-of-energy.csv,2026-09-28T22:52:30.344Z,{}
solar,solar--levelized-cost-of-energy-india-solar-photovoltaic,India · Solar photovoltaic,India,Solar photovoltaic,2023-12-31,2023,year,2023-01-01,0.04283813,USD 2025 / kWh,annual,observed,https://ourworldindata.org/grapher/levelized-cost-of-energy.csv,2026-09-28T22:52:30.344Z,{}
solar,solar--levelized-cost-of-energy-ireland-onshore-wind,Ireland · Onshore wind,Ireland,Onshore wind,2023-12-31,2023,year,2023-01-01,0.036810312,USD 2025 / kWh,annual,observed,https://ourworldindata.org/grapher/levelized-cost-of-energy.csv,2026-09-28T22:52:30.344Z,{}
solar,solar--levelized-cost-of-energy-italy-onshore-wind,Italy · Onshore wind,Italy,Onshore wind,2023-12-31,2023,year,2023-01-01,0.05207654,USD 2025 / kWh,annual,observed,https://ourworldindata.org/grapher/levelized-cost-of-energy.csv,2026-09-28T22:52:30.344Z,{}
solar,solar--levelized-cost-of-energy-italy-solar-photovoltaic,Italy · Solar photovoltaic,Italy,Solar photovoltaic,2023-12-31,2023,year,2023-01-01,0.056356527,USD 2025 / kWh,annual,observed,https://ourworldindata.org/grapher/levelized-cost-of-energy.csv,2026-09-28T22:52:30.344Z,{}
solar,solar--levelized-cost-of-energy-japan-onshore-wind,Japan · Onshore wind,Japan,Onshore wind,2023-12-31,2023,year,2023-01-01,0.12885275,USD 2025 / kWh,annual,observed,https://ourworldindata.org/grapher/levelized-cost-of-energy.csv,2026-09-28T22:52:30.344Z,{}
solar,solar--levelized-cost-of-energy-japan-solar-photovoltaic,Japan · Solar photovoltaic,Japan,Solar photovoltaic,2023-12-31,2023,year,2023-01-01,0.10563104,USD 2025 / kWh,annual,observed,https://ourworldindata.org/grapher/levelized-cost-of-energy.csv,2026-09-28T22:52:30.344Z,{}
solar,solar--levelized-cost-of-energy-mexico-onshore-wind,Mexico · Onshore wind,Mexico,Onshore wind,2023-12-31,2023,year,2023-01-01,,USD 2025 / kWh,annual,observed,https://ourworldindata.org/grapher/levelized-cost-of-energy.csv,2026-09-28T22:52:30.344Z,{}
solar,solar--levelized-cost-of-energy-mexico-solar-photovoltaic,Mexico · Solar photovoltaic,Mexico,Solar photovoltaic,2023-12-31,2023,year,2023-01-01,0.073232,USD 2025 / kWh,annual,observed,https://ourworldindata.org/grapher/levelized-cost-of-energy.csv,2026-09-28T22:52:30.344Z,{}
solar,solar--levelized-cost-of-energy-morocco-onshore-wind,Morocco · Onshore wind,Morocco,Onshore wind,2023-12-31,2023,year,2023-01-01,0.044635847,USD 2025 / kWh,annual,observed,https://ourworldindata.org/grapher/levelized-cost-of-energy.csv,2026-09-28T22:52:30.344Z,{}
solar,solar--levelized-cost-of-energy-netherlands-onshore-wind,Netherlands · Onshore wind,Netherlands,Onshore wind,2023-12-31,2023,year,2023-01-01,0.043467604,USD 2025 / kWh,annual,observed,https://ourworldindata.org/grapher/levelized-cost-of-energy.csv,2026-09-28T22:52:30.344Z,{}
solar,solar--levelized-cost-of-energy-netherlands-solar-photovoltaic,Netherlands · Solar photovoltaic,Netherlands,Solar photovoltaic,2023-12-31,2023,year,2023-01-01,0.068777055,USD 2025 / kWh,annual,observed,https://ourworldindata.org/grapher/levelized-cost-of-energy.csv,2026-09-28T22:52:30.344Z,{}
solar,solar--levelized-cost-of-energy-new-zealand-onshore-wind,New Zealand · Onshore wind,New Zealand,Onshore wind,2023-12-31,2023,year,2023-01-01,0.042845745,USD 2025 / kWh,annual,observed,https://ourworldindata.org/grapher/levelized-cost-of-energy.csv,2026-09-28T22:52:30.344Z,{}
solar,solar--levelized-cost-of-energy-peru-onshore-wind,Peru · Onshore wind,Peru,Onshore wind,2023-12-31,2023,year,2023-01-01,0.033064544,USD 2025 / kWh,annual,observed,https://ourworldindata.org/grapher/levelized-cost-of-energy.csv,2026-09-28T22:52:30.344Z,{}
solar,solar--levelized-cost-of-energy-philippines-onshore-wind,Philippines · Onshore wind,Philippines,Onshore wind,2023-12-31,2023,year,2023-01-01,0.060718648,USD 2025 / kWh,annual,observed,https://ourworldindata.org/grapher/levelized-cost-of-energy.csv,2026-09-28T22:52:30.344Z,{}
solar,solar--levelized-cost-of-energy-poland-onshore-wind,Poland · Onshore wind,Poland,Onshore wind,2023-12-31,2023,year,2023-01-01,0.05090747,USD 2025 / kWh,annual,observed,https://ourworldindata.org/grapher/levelized-cost-of-energy.csv,2026-09-28T22:52:30.344Z,{}
solar,solar--levelized-cost-of-energy-poland-solar-photovoltaic,Poland · Solar photovoltaic,Poland,Solar photovoltaic,2023-12-31,2023,year,2023-01-01,0.08055421,USD 2025 / kWh,annual,observed,https://ourworldindata.org/grapher/levelized-cost-of-energy.csv,2026-09-28T22:52:30.344Z,{}
solar,solar--levelized-cost-of-energy-portugal-onshore-wind,Portugal · Onshore wind,Portugal,Onshore wind,2023-12-31,2023,year,2023-01-01,,USD 2025 / kWh,annual,observed,https://ourworldindata.org/grapher/levelized-cost-of-energy.csv,2026-09-28T22:52:30.344Z,{}
solar,solar--levelized-cost-of-energy-portugal-solar-photovoltaic,Portugal · Solar photovoltaic,Portugal,Solar photovoltaic,2023-12-31,2023,year,2023-01-01,0.05489604,USD 2025 / kWh,annual,observed,https://ourworldindata.org/grapher/levelized-cost-of-energy.csv,2026-09-28T22:52:30.344Z,{}
solar,solar--levelized-cost-of-energy-russia-onshore-wind,Russia · Onshore wind,Russia,Onshore wind,2023-12-31,2023,year,2023-01-01,0.11098332,USD 2025 / kWh,annual,observed,https://ourworldindata.org/grapher/levelized-cost-of-energy.csv,2026-09-28T22:52:30.344Z,{}
solar,solar--levelized-cost-of-energy-saudi-arabia-solar-photovoltaic,Saudi Arabia · Solar photovoltaic,Saudi Arabia,Solar photovoltaic,2023-12-31,2023,year,2023-01-01,0.044272188,USD 2025 / kWh,annual,observed,https://ourworldindata.org/grapher/levelized-cost-of-energy.csv,2026-09-28T22:52:30.344Z,{}
solar,solar--levelized-cost-of-energy-south-africa-onshore-wind,South Africa · Onshore wind,South Africa,Onshore wind,2023-12-31,2023,year,2023-01-01,0.051767226,USD 2025 / kWh,annual,observed,https://ourworldindata.org/grapher/levelized-cost-of-energy.csv,2026-09-28T22:52:30.344Z,{}
solar,solar--levelized-cost-of-energy-south-africa-solar-photovoltaic,South Africa · Solar photovoltaic,South Africa,Solar photovoltaic,2023-12-31,2023,year,2023-01-01,0.078831166,USD 2025 / kWh,annual,observed,https://ourworldindata.org/grapher/levelized-cost-of-energy.csv,2026-09-28T22:52:30.344Z,{}
solar,solar--levelized-cost-of-energy-south-korea-onshore-wind,South Korea · Onshore wind,South Korea,Onshore wind,2023-12-31,2023,year,2023-01-01,0.07012827,USD 2025 / kWh,annual,observed,https://ourworldindata.org/grapher/levelized-cost-of-energy.csv,2026-09-28T22:52:30.344Z,{}
solar,solar--levelized-cost-of-energy-south-korea-solar-photovoltaic,South Korea · Solar photovoltaic,South Korea,Solar photovoltaic,2023-12-31,2023,year,2023-01-01,0.06927027,USD 2025 / kWh,annual,observed,https://ourworldindata.org/grapher/levelized-cost-of-energy.csv,2026-09-28T22:52:30.344Z,{}
solar,solar--levelized-cost-of-energy-spain-onshore-wind,Spain · Onshore wind,Spain,Onshore wind,2023-12-31,2023,year,2023-01-01,0.036824185,USD 2025 / kWh,annual,observed,https://ourworldindata.org/grapher/levelized-cost-of-energy.csv,2026-09-28T22:52:30.344Z,{}
solar,solar--levelized-cost-of-energy-spain-solar-photovoltaic,Spain · Solar photovoltaic,Spain,Solar photovoltaic,2023-12-31,2023,year,2023-01-01,0.039980456,USD 2025 / kWh,annual,observed,https://ourworldindata.org/grapher/levelized-cost-of-energy.csv,2026-09-28T22:52:30.344Z,{}
solar,solar--levelized-cost-of-energy-sweden-onshore-wind,Sweden · Onshore wind,Sweden,Onshore wind,2023-12-31,2023,year,2023-01-01,0.045045447,USD 2025 / kWh,annual,observed,https://ourworldindata.org/grapher/levelized-cost-of-energy.csv,2026-09-28T22:52:30.344Z,{}
solar,solar--levelized-cost-of-energy-turkey-onshore-wind,Turkey · Onshore wind,Turkey,Onshore wind,2023-12-31,2023,year,2023-01-01,0.07832752,USD 2025 / kWh,annual,observed,https://ourworldindata.org/grapher/levelized-cost-of-energy.csv,2026-09-28T22:52:30.344Z,{}
solar,solar--levelized-cost-of-energy-turkey-solar-photovoltaic,Turkey · Solar photovoltaic,Turkey,Solar photovoltaic,2023-12-31,2023,year,2023-01-01,0.07085222,USD 2025 / kWh,annual,observed,https://ourworldindata.org/grapher/levelized-cost-of-energy.csv,2026-09-28T22:52:30.344Z,{}
solar,solar--levelized-cost-of-energy-ukraine-onshore-wind,Ukraine · Onshore wind,Ukraine,Onshore wind,2023-12-31,2023,year,2023-01-01,0.10062135,USD 2025 / kWh,annual,observed,https://ourworldindata.org/grapher/levelized-cost-of-energy.csv,2026-09-28T22:52:30.344Z,{}
solar,solar--levelized-cost-of-energy-united-kingdom-onshore-wind,United Kingdom · Onshore wind,United Kingdom,Onshore wind,2023-12-31,2023,year,2023-01-01,0.03189014,USD 2025 / kWh,annual,observed,https://ourworldindata.org/grapher/levelized-cost-of-energy.csv,2026-09-28T22:52:30.344Z,{}
solar,solar--levelized-cost-of-energy-united-kingdom-solar-photovoltaic,United Kingdom · Solar photovoltaic,United Kingdom,Solar photovoltaic,2023-12-31,2023,year,2023-01-01,0.082789645,USD 2025 / kWh,annual,observed,https://ourworldindata.org/grapher/levelized-cost-of-energy.csv,2026-09-28T22:52:30.344Z,{}
solar,solar--levelized-cost-of-energy-united-states-onshore-wind,United States · Onshore wind,United States,Onshore wind,2023-12-31,2023,year,2023-01-01,0.03940049,USD 2025 / kWh,annual,observed,https://ourworldindata.org/grapher/levelized-cost-of-energy.csv,2026-09-28T22:52:30.344Z,{}
solar,solar--levelized-cost-of-energy-united-states-solar-photovoltaic,United States · Solar photovoltaic,United States,Solar photovoltaic,2023-12-31,2023,year,2023-01-01,0.058909874,USD 2025 / kWh,annual,observed,https://ourworldindata.org/grapher/levelized-cost-of-energy.csv,2026-09-28T22:52:30.344Z,{}
solar,solar--levelized-cost-of-energy-uzbekistan-onshore-wind,Uzbekistan · Onshore wind,Uzbekistan,Onshore wind,2023-12-31,2023,year,2023-01-01,,USD 2025 / kWh,annual,observed,https://ourworldindata.org/grapher/levelized-cost-of-energy.csv,2026-09-28T22:52:30.344Z,{}
solar,solar--levelized-cost-of-energy-uzbekistan-solar-photovoltaic,Uzbekistan · Solar photovoltaic,Uzbekistan,Solar photovoltaic,2023-12-31,2023,year,2023-01-01,0.07822473,USD 2025 / kWh,annual,observed,https://ourworldindata.org/grapher/levelized-cost-of-energy.csv,2026-09-28T22:52:30.344Z,{}
solar,solar--levelized-cost-of-energy-vietnam-onshore-wind,Vietnam · Onshore wind,Vietnam,Onshore wind,2023-12-31,2023,year,2023-01-01,0.053088505,USD 2025 / kWh,annual,observed,https://ourworldindata.org/grapher/levelized-cost-of-energy.csv,2026-09-28T22:52:30.344Z,{}
solar,solar--levelized-cost-of-energy-world-bioenergy,Bioenergy,World,Bioenergy,2023-12-31,2023,year,2023-01-01,0.074031115,USD 2025 / kWh,annual,observed,https://ourworldindata.org/grapher/levelized-cost-of-energy.csv,2026-09-28T22:52:30.344Z,{}
solar,solar--levelized-cost-of-energy-world-concentrated-solar-power,Concentrated solar power,World,Concentrated solar power,2023-12-31,2023,year,2023-01-01,0.122035764,USD 2025 / kWh,annual,observed,https://ourworldindata.org/grapher/levelized-cost-of-energy.csv,2026-09-28T22:52:30.344Z,{}
solar,solar--levelized-cost-of-energy-world-geothermal,Geothermal,World,Geothermal,2023-12-31,2023,year,2023-01-01,0.07635209,USD 2025 / kWh,annual,observed,https://ourworldindata.org/grapher/levelized-cost-of-energy.csv,2026-09-28T22:52:30.344Z,{}
solar,solar--levelized-cost-of-energy-world-hydropower,Hydropower,World,Hydropower,2023-12-31,2023,year,2023-01-01,0.057933297,USD 2025 / kWh,annual,observed,https://ourworldindata.org/grapher/levelized-cost-of-energy.csv,2026-09-28T22:52:30.344Z,{}
solar,solar--levelized-cost-of-energy-world-offshore-wind,Offshore wind,World,Offshore wind,2023-12-31,2023,year,2023-01-01,0.07669105,USD 2025 / kWh,annual,observed,https://ourworldindata.org/grapher/levelized-cost-of-energy.csv,2026-09-28T22:52:30.344Z,{}
solar,solar--levelized-cost-of-energy-world-onshore-wind,Onshore wind,World,Onshore wind,2023-12-31,2023,year,2023-01-01,0.033140354,USD 2025 / kWh,annual,observed,https://ourworldindata.org/grapher/levelized-cost-of-energy.csv,2026-09-28T22:52:30.344Z,{}
solar,solar--levelized-cost-of-energy-world-solar-photovoltaic,Solar photovoltaic,World,Solar photovoltaic,2023-12-31,2023,year,2023-01-01,0.042612284,USD 2025 / kWh,annual,observed,https://ourworldindata.org/grapher/levelized-cost-of-energy.csv,2026-09-28T22:52:30.344Z,{}
solar,solar--levelized-cost-of-energy-argentina-onshore-wind,Argentina · Onshore wind,Argentina,Onshore wind,2024-12-31,2024,year,2024-01-01,0.0802018,USD 2025 / kWh,annual,observed,https://ourworldindata.org/grapher/levelized-cost-of-energy.csv,2026-09-28T22:52:30.344Z,{}
solar,solar--levelized-cost-of-energy-australia-onshore-wind,Australia · Onshore wind,Australia,Onshore wind,2024-12-31,2024,year,2024-01-01,0.041794613,USD 2025 / kWh,annual,observed,https://ourworldindata.org/grapher/levelized-cost-of-energy.csv,2026-09-28T22:52:30.344Z,{}
solar,solar--levelized-cost-of-energy-australia-solar-photovoltaic,Australia · Solar photovoltaic,Australia,Solar photovoltaic,2024-12-31,2024,year,2024-01-01,0.049653575,USD 2025 / kWh,annual,observed,https://ourworldindata.org/grapher/levelized-cost-of-energy.csv,2026-09-28T22:52:30.344Z,{}
solar,solar--levelized-cost-of-energy-austria-onshore-wind,Austria · Onshore wind,Austria,Onshore wind,2024-12-31,2024,year,2024-01-01,0.06126949,USD 2025 / kWh,annual,observed,https://ourworldindata.org/grapher/levelized-cost-of-energy.csv,2026-09-28T22:52:30.344Z,{}
solar,solar--levelized-cost-of-energy-belgium-onshore-wind,Belgium · Onshore wind,Belgium,Onshore wind,2024-12-31,2024,year,2024-01-01,0.06651072,USD 2025 / kWh,annual,observed,https://ourworldindata.org/grapher/levelized-cost-of-energy.csv,2026-09-28T22:52:30.344Z,{}
solar,solar--levelized-cost-of-energy-brazil-onshore-wind,Brazil · Onshore wind,Brazil,Onshore wind,2024-12-31,2024,year,2024-01-01,0.02990177,USD 2025 / kWh,annual,observed,https://ourworldindata.org/grapher/levelized-cost-of-energy.csv,2026-09-28T22:52:30.344Z,{}
solar,solar--levelized-cost-of-energy-brazil-solar-photovoltaic,Brazil · Solar photovoltaic,Brazil,Solar photovoltaic,2024-12-31,2024,year,2024-01-01,0.048443347,USD 2025 / kWh,annual,observed,https://ourworldindata.org/grapher/levelized-cost-of-energy.csv,2026-09-28T22:52:30.344Z,{}
solar,solar--levelized-cost-of-energy-canada-onshore-wind,Canada · Onshore wind,Canada,Onshore wind,2024-12-31,2024,year,2024-01-01,0.035150085,USD 2025 / kWh,annual,observed,https://ourworldindata.org/grapher/levelized-cost-of-energy.csv,2026-09-28T22:52:30.344Z,{}
solar,solar--levelized-cost-of-energy-canada-solar-photovoltaic,Canada · Solar photovoltaic,Canada,Solar photovoltaic,2024-12-31,2024,year,2024-01-01,,USD 2025 / kWh,annual,observed,https://ourworldindata.org/grapher/levelized-cost-of-energy.csv,2026-09-28T22:52:30.344Z,{}
solar,solar--levelized-cost-of-energy-chile-onshore-wind,Chile · Onshore wind,Chile,Onshore wind,2024-12-31,2024,year,2024-01-01,0.046543337,USD 2025 / kWh,annual,observed,https://ourworldindata.org/grapher/levelized-cost-of-energy.csv,2026-09-28T22:52:30.344Z,{}
solar,solar--levelized-cost-of-energy-chile-solar-photovoltaic,Chile · Solar photovoltaic,Chile,Solar photovoltaic,2024-12-31,2024,year,2024-01-01,,USD 2025 / kWh,annual,observed,https://ourworldindata.org/grapher/levelized-cost-of-energy.csv,2026-09-28T22:52:30.344Z,{}
solar,solar--levelized-cost-of-energy-china-onshore-wind,China · Onshore wind,China,Onshore wind,2024-12-31,2024,year,2024-01-01,0.029029673,USD 2025 / kWh,annual,observed,https://ourworldindata.org/grapher/levelized-cost-of-energy.csv,2026-09-28T22:52:30.344Z,{}
solar,solar--levelized-cost-of-energy-china-solar-photovoltaic,China · Solar photovoltaic,China,Solar photovoltaic,2024-12-31,2024,year,2024-01-01,0.03348372,USD 2025 / kWh,annual,observed,https://ourworldindata.org/grapher/levelized-cost-of-energy.csv,2026-09-28T22:52:30.344Z,{}
solar,solar--levelized-cost-of-energy-dominican-republic-onshore-wind,Dominican Republic · Onshore wind,Dominican Republic,Onshore wind,2024-12-31,2024,year,2024-01-01,0.08344363,USD 2025 / kWh,annual,observed,https://ourworldindata.org/grapher/levelized-cost-of-energy.csv,2026-09-28T22:52:30.344Z,{}
solar,solar--levelized-cost-of-energy-egypt-onshore-wind,Egypt · Onshore wind,Egypt,Onshore wind,2024-12-31,2024,year,2024-01-01,0.05969164,USD 2025 / kWh,annual,observed,https://ourworldindata.org/grapher/levelized-cost-of-energy.csv,2026-09-28T22:52:30.344Z,{}
solar,solar--levelized-cost-of-energy-finland-onshore-wind,Finland · Onshore wind,Finland,Onshore wind,2024-12-31,2024,year,2024-01-01,0.04201187,USD 2025 / kWh,annual,observed,https://ourworldindata.org/grapher/levelized-cost-of-energy.csv,2026-09-28T22:52:30.344Z,{}
solar,solar--levelized-cost-of-energy-france-onshore-wind,France · Onshore wind,France,Onshore wind,2024-12-31,2024,year,2024-01-01,0.06120343,USD 2025 / kWh,annual,observed,https://ourworldindata.org/grapher/levelized-cost-of-energy.csv,2026-09-28T22:52:30.344Z,{}
solar,solar--levelized-cost-of-energy-france-solar-photovoltaic,France · Solar photovoltaic,France,Solar photovoltaic,2024-12-31,2024,year,2024-01-01,0.07251912,USD 2025 / kWh,annual,observed,https://ourworldindata.org/grapher/levelized-cost-of-energy.csv,2026-09-28T22:52:30.344Z,{}
solar,solar--levelized-cost-of-energy-germany-onshore-wind,Germany · Onshore wind,Germany,Onshore wind,2024-12-31,2024,year,2024-01-01,0.047414534,USD 2025 / kWh,annual,observed,https://ourworldindata.org/grapher/levelized-cost-of-energy.csv,2026-09-28T22:52:30.344Z,{}
solar,solar--levelized-cost-of-energy-germany-solar-photovoltaic,Germany · Solar photovoltaic,Germany,Solar photovoltaic,2024-12-31,2024,year,2024-01-01,0.0601958,USD 2025 / kWh,annual,observed,https://ourworldindata.org/grapher/levelized-cost-of-energy.csv,2026-09-28T22:52:30.344Z,{}
solar,solar--levelized-cost-of-energy-greece-onshore-wind,Greece · Onshore wind,Greece,Onshore wind,2024-12-31,2024,year,2024-01-01,0.07004984,USD 2025 / kWh,annual,observed,https://ourworldindata.org/grapher/levelized-cost-of-energy.csv,2026-09-28T22:52:30.344Z,{}
solar,solar--levelized-cost-of-energy-greece-solar-photovoltaic,Greece · Solar photovoltaic,Greece,Solar photovoltaic,2024-12-31,2024,year,2024-01-01,0.04500617,USD 2025 / kWh,annual,observed,https://ourworldindata.org/grapher/levelized-cost-of-energy.csv,2026-09-28T22:52:30.344Z,{}
solar,solar--levelized-cost-of-energy-india-onshore-wind,India · Onshore wind,India,Onshore wind,2024-12-31,2024,year,2024-01-01,0.04837377,USD 2025 / kWh,annual,observed,https://ourworldindata.org/grapher/levelized-cost-of-energy.csv,2026-09-28T22:52:30.344Z,{}
solar,solar--levelized-cost-of-energy-india-solar-photovoltaic,India · Solar photovoltaic,India,Solar photovoltaic,2024-12-31,2024,year,2024-01-01,0.03829114,USD 2025 / kWh,annual,observed,https://ourworldindata.org/grapher/levelized-cost-of-energy.csv,2026-09-28T22:52:30.344Z,{}
solar,solar--levelized-cost-of-energy-ireland-onshore-wind,Ireland · Onshore wind,Ireland,Onshore wind,2024-12-31,2024,year,2024-01-01,0.034880392,USD 2025 / kWh,annual,observed,https://ourworldindata.org/grapher/levelized-cost-of-energy.csv,2026-09-28T22:52:30.344Z,{}
solar,solar--levelized-cost-of-energy-italy-onshore-wind,Italy · Onshore wind,Italy,Onshore wind,2024-12-31,2024,year,2024-01-01,0.055962175,USD 2025 / kWh,annual,observed,https://ourworldindata.org/grapher/levelized-cost-of-energy.csv,2026-09-28T22:52:30.344Z,{}
solar,solar--levelized-cost-of-energy-italy-solar-photovoltaic,Italy · Solar photovoltaic,Italy,Solar photovoltaic,2024-12-31,2024,year,2024-01-01,0.062009286,USD 2025 / kWh,annual,observed,https://ourworldindata.org/grapher/levelized-cost-of-energy.csv,2026-09-28T22:52:30.344Z,{}
solar,solar--levelized-cost-of-energy-japan-onshore-wind,Japan · Onshore wind,Japan,Onshore wind,2024-12-31,2024,year,2024-01-01,0.13589929,USD 2025 / kWh,annual,observed,https://ourworldindata.org/grapher/levelized-cost-of-energy.csv,2026-09-28T22:52:30.344Z,{}
solar,solar--levelized-cost-of-energy-japan-solar-photovoltaic,Japan · Solar photovoltaic,Japan,Solar photovoltaic,2024-12-31,2024,year,2024-01-01,0.12307185,USD 2025 / kWh,annual,observed,https://ourworldindata.org/grapher/levelized-cost-of-energy.csv,2026-09-28T22:52:30.344Z,{}
solar,solar--levelized-cost-of-energy-lithuania-onshore-wind,Lithuania · Onshore wind,Lithuania,Onshore wind,2024-12-31,2024,year,2024-01-01,0.04879585,USD 2025 / kWh,annual,observed,https://ourworldindata.org/grapher/levelized-cost-of-energy.csv,2026-09-28T22:52:30.344Z,{}
solar,solar--levelized-cost-of-energy-morocco-onshore-wind,Morocco · Onshore wind,Morocco,Onshore wind,2024-12-31,2024,year,2024-01-01,0.042590316,USD 2025 / kWh,annual,observed,https://ourworldindata.org/grapher/levelized-cost-of-energy.csv,2026-09-28T22:52:30.344Z,{}
solar,solar--levelized-cost-of-energy-netherlands-onshore-wind,Netherlands · Onshore wind,Netherlands,Onshore wind,2024-12-31,2024,year,2024-01-01,0.041544158,USD 2025 / kWh,annual,observed,https://ourworldindata.org/grapher/levelized-cost-of-energy.csv,2026-09-28T22:52:30.344Z,{}
solar,solar--levelized-cost-of-energy-netherlands-solar-photovoltaic,Netherlands · Solar photovoltaic,Netherlands,Solar photovoltaic,2024-12-31,2024,year,2024-01-01,0.043643683,USD 2025 / kWh,annual,observed,https://ourworldindata.org/grapher/levelized-cost-of-energy.csv,2026-09-28T22:52:30.344Z,{}
solar,solar--levelized-cost-of-energy-new-zealand-onshore-wind,New Zealand · Onshore wind,New Zealand,Onshore wind,2024-12-31,2024,year,2024-01-01,0.042666122,USD 2025 / kWh,annual,observed,https://ourworldindata.org/grapher/levelized-cost-of-energy.csv,2026-09-28T22:52:30.344Z,{}
solar,solar--levelized-cost-of-energy-peru-onshore-wind,Peru · Onshore wind,Peru,Onshore wind,2024-12-31,2024,year,2024-01-01,0.033228975,USD 2025 / kWh,annual,observed,https://ourworldindata.org/grapher/levelized-cost-of-energy.csv,2026-09-28T22:52:30.344Z,{}
solar,solar--levelized-cost-of-energy-philippines-onshore-wind,Philippines · Onshore wind,Philippines,Onshore wind,2024-12-31,2024,year,2024-01-01,0.08192933,USD 2025 / kWh,annual,observed,https://ourworldindata.org/grapher/levelized-cost-of-energy.csv,2026-09-28T22:52:30.344Z,{}
solar,solar--levelized-cost-of-energy-poland-onshore-wind,Poland · Onshore wind,Poland,Onshore wind,2024-12-31,2024,year,2024-01-01,0.05627844,USD 2025 / kWh,annual,observed,https://ourworldindata.org/grapher/levelized-cost-of-energy.csv,2026-09-28T22:52:30.344Z,{}
solar,solar--levelized-cost-of-energy-poland-solar-photovoltaic,Poland · Solar photovoltaic,Poland,Solar photovoltaic,2024-12-31,2024,year,2024-01-01,0.08640794,USD 2025 / kWh,annual,observed,https://ourworldindata.org/grapher/levelized-cost-of-energy.csv,2026-09-28T22:52:30.344Z,{}
solar,solar--levelized-cost-of-energy-russia-onshore-wind,Russia · Onshore wind,Russia,Onshore wind,2024-12-31,2024,year,2024-01-01,0.061,USD 2025 / kWh,annual,observed,https://ourworldindata.org/grapher/levelized-cost-of-energy.csv,2026-09-28T22:52:30.344Z,{}
solar,solar--levelized-cost-of-energy-saudi-arabia-solar-photovoltaic,Saudi Arabia · Solar photovoltaic,Saudi Arabia,Solar photovoltaic,2024-12-31,2024,year,2024-01-01,0.041301407,USD 2025 / kWh,annual,observed,https://ourworldindata.org/grapher/levelized-cost-of-energy.csv,2026-09-28T22:52:30.344Z,{}
solar,solar--levelized-cost-of-energy-serbia-onshore-wind,Serbia · Onshore wind,Serbia,Onshore wind,2024-12-31,2024,year,2024-01-01,0.061183892,USD 2025 / kWh,annual,observed,https://ourworldindata.org/grapher/levelized-cost-of-energy.csv,2026-09-28T22:52:30.344Z,{}
solar,solar--levelized-cost-of-energy-south-korea-onshore-wind,South Korea · Onshore wind,South Korea,Onshore wind,2024-12-31,2024,year,2024-01-01,0.09075889,USD 2025 / kWh,annual,observed,https://ourworldindata.org/grapher/levelized-cost-of-energy.csv,2026-09-28T22:52:30.344Z,{}
solar,solar--levelized-cost-of-energy-south-korea-solar-photovoltaic,South Korea · Solar photovoltaic,South Korea,Solar photovoltaic,2024-12-31,2024,year,2024-01-01,0.085215606,USD 2025 / kWh,annual,observed,https://ourworldindata.org/grapher/levelized-cost-of-energy.csv,2026-09-28T22:52:30.344Z,{}
solar,solar--levelized-cost-of-energy-spain-onshore-wind,Spain · Onshore wind,Spain,Onshore wind,2024-12-31,2024,year,2024-01-01,0.042728398,USD 2025 / kWh,annual,observed,https://ourworldindata.org/grapher/levelized-cost-of-energy.csv,2026-09-28T22:52:30.344Z,{}
solar,solar--levelized-cost-of-energy-spain-solar-photovoltaic,Spain · Solar photovoltaic,Spain,Solar photovoltaic,2024-12-31,2024,year,2024-01-01,0.053811442,USD 2025 / kWh,annual,observed,https://ourworldindata.org/grapher/levelized-cost-of-energy.csv,2026-09-28T22:52:30.344Z,{}
solar,solar--levelized-cost-of-energy-sweden-onshore-wind,Sweden · Onshore wind,Sweden,Onshore wind,2024-12-31,2024,year,2024-01-01,0.057046846,USD 2025 / kWh,annual,observed,https://ourworldindata.org/grapher/levelized-cost-of-energy.csv,2026-09-28T22:52:30.344Z,{}
solar,solar--levelized-cost-of-energy-turkey-onshore-wind,Turkey · Onshore wind,Turkey,Onshore wind,2024-12-31,2024,year,2024-01-01,0.070539236,USD 2025 / kWh,annual,observed,https://ourworldindata.org/grapher/levelized-cost-of-energy.csv,2026-09-28T22:52:30.344Z,{}
solar,solar--levelized-cost-of-energy-turkey-solar-photovoltaic,Turkey · Solar photovoltaic,Turkey,Solar photovoltaic,2024-12-31,2024,year,2024-01-01,0.08683727,USD 2025 / kWh,annual,observed,https://ourworldindata.org/grapher/levelized-cost-of-energy.csv,2026-09-28T22:52:30.344Z,{}
solar,solar--levelized-cost-of-energy-united-kingdom-onshore-wind,United Kingdom · Onshore wind,United Kingdom,Onshore wind,2024-12-31,2024,year,2024-01-01,0.04539238,USD 2025 / kWh,annual,observed,https://ourworldindata.org/grapher/levelized-cost-of-energy.csv,2026-09-28T22:52:30.344Z,{}
solar,solar--levelized-cost-of-energy-united-kingdom-solar-photovoltaic,United Kingdom · Solar photovoltaic,United Kingdom,Solar photovoltaic,2024-12-31,2024,year,2024-01-01,,USD 2025 / kWh,annual,observed,https://ourworldindata.org/grapher/levelized-cost-of-energy.csv,2026-09-28T22:52:30.344Z,{}
solar,solar--levelized-cost-of-energy-united-states-onshore-wind,United States · Onshore wind,United States,Onshore wind,2024-12-31,2024,year,2024-01-01,0.038470604,USD 2025 / kWh,annual,observed,https://ourworldindata.org/grapher/levelized-cost-of-energy.csv,2026-09-28T22:52:30.344Z,{}
solar,solar--levelized-cost-of-energy-united-states-solar-photovoltaic,United States · Solar photovoltaic,United States,Solar photovoltaic,2024-12-31,2024,year,2024-01-01,0.069690436,USD 2025 / kWh,annual,observed,https://ourworldindata.org/grapher/levelized-cost-of-energy.csv,2026-09-28T22:52:30.344Z,{}
solar,solar--levelized-cost-of-energy-uzbekistan-onshore-wind,Uzbekistan · Onshore wind,Uzbekistan,Onshore wind,2024-12-31,2024,year,2024-01-01,0.03486305,USD 2025 / kWh,annual,observed,https://ourworldindata.org/grapher/levelized-cost-of-energy.csv,2026-09-28T22:52:30.344Z,{}
solar,solar--levelized-cost-of-energy-uzbekistan-solar-photovoltaic,Uzbekistan · Solar photovoltaic,Uzbekistan,Solar photovoltaic,2024-12-31,2024,year,2024-01-01,0.07192147,USD 2025 / kWh,annual,observed,https://ourworldindata.org/grapher/levelized-cost-of-energy.csv,2026-09-28T22:52:30.344Z,{}
solar,solar--levelized-cost-of-energy-vietnam-onshore-wind,Vietnam · Onshore wind,Vietnam,Onshore wind,2024-12-31,2024,year,2024-01-01,0.049008973,USD 2025 / kWh,annual,observed,https://ourworldindata.org/grapher/levelized-cost-of-energy.csv,2026-09-28T22:52:30.344Z,{}
solar,solar--levelized-cost-of-energy-world-bioenergy,Bioenergy,World,Bioenergy,2024-12-31,2024,year,2024-01-01,0.08681341,USD 2025 / kWh,annual,observed,https://ourworldindata.org/grapher/levelized-cost-of-energy.csv,2026-09-28T22:52:30.344Z,{}
solar,solar--levelized-cost-of-energy-world-concentrated-solar-power,Concentrated solar power,World,Concentrated solar power,2024-12-31,2024,year,2024-01-01,0.105704315,USD 2025 / kWh,annual,observed,https://ourworldindata.org/grapher/levelized-cost-of-energy.csv,2026-09-28T22:52:30.344Z,{}
solar,solar--levelized-cost-of-energy-world-geothermal,Geothermal,World,Geothermal,2024-12-31,2024,year,2024-01-01,0.057776697,USD 2025 / kWh,annual,observed,https://ourworldindata.org/grapher/levelized-cost-of-energy.csv,2026-09-28T22:52:30.344Z,{}
solar,solar--levelized-cost-of-energy-world-hydropower,Hydropower,World,Hydropower,2024-12-31,2024,year,2024-01-01,0.056509614,USD 2025 / kWh,annual,observed,https://ourworldindata.org/grapher/levelized-cost-of-energy.csv,2026-09-28T22:52:30.344Z,{}
solar,solar--levelized-cost-of-energy-world-offshore-wind,Offshore wind,World,Offshore wind,2024-12-31,2024,year,2024-01-01,0.0807271,USD 2025 / kWh,annual,observed,https://ourworldindata.org/grapher/levelized-cost-of-energy.csv,2026-09-28T22:52:30.344Z,{}
solar,solar--levelized-cost-of-energy-world-onshore-wind,Onshore wind,World,Onshore wind,2024-12-31,2024,year,2024-01-01,0.03428341,USD 2025 / kWh,annual,observed,https://ourworldindata.org/grapher/levelized-cost-of-energy.csv,2026-09-28T22:52:30.344Z,{}
solar,solar--levelized-cost-of-energy-world-solar-photovoltaic,Solar photovoltaic,World,Solar photovoltaic,2024-12-31,2024,year,2024-01-01,0.043,USD 2025 / kWh,annual,observed,https://ourworldindata.org/grapher/levelized-cost-of-energy.csv,2026-09-28T22:52:30.344Z,{}
solar,solar--levelized-cost-of-energy-australia-onshore-wind,Australia · Onshore wind,Australia,Onshore wind,2025-12-31,2025,year,2025-01-01,0.047897644,USD 2025 / kWh,annual,observed,https://ourworldindata.org/grapher/levelized-cost-of-energy.csv,2026-09-28T22:52:30.344Z,{}
solar,solar--levelized-cost-of-energy-australia-solar-photovoltaic,Australia · Solar photovoltaic,Australia,Solar photovoltaic,2025-12-31,2025,year,2025-01-01,0.039965868,USD 2025 / kWh,annual,observed,https://ourworldindata.org/grapher/levelized-cost-of-energy.csv,2026-09-28T22:52:30.344Z,{}
solar,solar--levelized-cost-of-energy-austria-onshore-wind,Austria · Onshore wind,Austria,Onshore wind,2025-12-31,2025,year,2025-01-01,0.062464964,USD 2025 / kWh,annual,observed,https://ourworldindata.org/grapher/levelized-cost-of-energy.csv,2026-09-28T22:52:30.344Z,{}
solar,solar--levelized-cost-of-energy-belgium-onshore-wind,Belgium · Onshore wind,Belgium,Onshore wind,2025-12-31,2025,year,2025-01-01,0.07335031,USD 2025 / kWh,annual,observed,https://ourworldindata.org/grapher/levelized-cost-of-energy.csv,2026-09-28T22:52:30.344Z,{}
solar,solar--levelized-cost-of-energy-brazil-onshore-wind,Brazil · Onshore wind,Brazil,Onshore wind,2025-12-31,2025,year,2025-01-01,0.030871013,USD 2025 / kWh,annual,observed,https://ourworldindata.org/grapher/levelized-cost-of-energy.csv,2026-09-28T22:52:30.344Z,{}
solar,solar--levelized-cost-of-energy-brazil-solar-photovoltaic,Brazil · Solar photovoltaic,Brazil,Solar photovoltaic,2025-12-31,2025,year,2025-01-01,0.03651688,USD 2025 / kWh,annual,observed,https://ourworldindata.org/grapher/levelized-cost-of-energy.csv,2026-09-28T22:52:30.344Z,{}
solar,solar--levelized-cost-of-energy-canada-onshore-wind,Canada · Onshore wind,Canada,Onshore wind,2025-12-31,2025,year,2025-01-01,0.041202456,USD 2025 / kWh,annual,observed,https://ourworldindata.org/grapher/levelized-cost-of-energy.csv,2026-09-28T22:52:30.344Z,{}
solar,solar--levelized-cost-of-energy-canada-solar-photovoltaic,Canada · Solar photovoltaic,Canada,Solar photovoltaic,2025-12-31,2025,year,2025-01-01,,USD 2025 / kWh,annual,observed,https://ourworldindata.org/grapher/levelized-cost-of-energy.csv,2026-09-28T22:52:30.344Z,{}
solar,solar--levelized-cost-of-energy-chile-onshore-wind,Chile · Onshore wind,Chile,Onshore wind,2025-12-31,2025,year,2025-01-01,0.045980047,USD 2025 / kWh,annual,observed,https://ourworldindata.org/grapher/levelized-cost-of-energy.csv,2026-09-28T22:52:30.344Z,{}
solar,solar--levelized-cost-of-energy-chile-solar-photovoltaic,Chile · Solar photovoltaic,Chile,Solar photovoltaic,2025-12-31,2025,year,2025-01-01,,USD 2025 / kWh,annual,observed,https://ourworldindata.org/grapher/levelized-cost-of-energy.csv,2026-09-28T22:52:30.344Z,{}
solar,solar--levelized-cost-of-energy-china-onshore-wind,China · Onshore wind,China,Onshore wind,2025-12-31,2025,year,2025-01-01,0.026907237,USD 2025 / kWh,annual,observed,https://ourworldindata.org/grapher/levelized-cost-of-energy.csv,2026-09-28T22:52:30.344Z,{}
solar,solar--levelized-cost-of-energy-china-solar-photovoltaic,China · Solar photovoltaic,China,Solar photovoltaic,2025-12-31,2025,year,2025-01-01,0.035850305,USD 2025 / kWh,annual,observed,https://ourworldindata.org/grapher/levelized-cost-of-energy.csv,2026-09-28T22:52:30.344Z,{}
solar,solar--levelized-cost-of-energy-egypt-onshore-wind,Egypt · Onshore wind,Egypt,Onshore wind,2025-12-31,2025,year,2025-01-01,0.05471773,USD 2025 / kWh,annual,observed,https://ourworldindata.org/grapher/levelized-cost-of-energy.csv,2026-09-28T22:52:30.344Z,{}
solar,solar--levelized-cost-of-energy-finland-onshore-wind,Finland · Onshore wind,Finland,Onshore wind,2025-12-31,2025,year,2025-01-01,0.043889597,USD 2025 / kWh,annual,observed,https://ourworldindata.org/grapher/levelized-cost-of-energy.csv,2026-09-28T22:52:30.344Z,{}
solar,solar--levelized-cost-of-energy-france-onshore-wind,France · Onshore wind,France,Onshore wind,2025-12-31,2025,year,2025-01-01,0.066641554,USD 2025 / kWh,annual,observed,https://ourworldindata.org/grapher/levelized-cost-of-energy.csv,2026-09-28T22:52:30.344Z,{}
solar,solar--levelized-cost-of-energy-france-solar-photovoltaic,France · Solar photovoltaic,France,Solar photovoltaic,2025-12-31,2025,year,2025-01-01,0.05665078,USD 2025 / kWh,annual,observed,https://ourworldindata.org/grapher/levelized-cost-of-energy.csv,2026-09-28T22:52:30.344Z,{}
solar,solar--levelized-cost-of-energy-germany-onshore-wind,Germany · Onshore wind,Germany,Onshore wind,2025-12-31,2025,year,2025-01-01,0.051544808,USD 2025 / kWh,annual,observed,https://ourworldindata.org/grapher/levelized-cost-of-energy.csv,2026-09-28T22:52:30.344Z,{}
solar,solar--levelized-cost-of-energy-germany-solar-photovoltaic,Germany · Solar photovoltaic,Germany,Solar photovoltaic,2025-12-31,2025,year,2025-01-01,0.06490183,USD 2025 / kWh,annual,observed,https://ourworldindata.org/grapher/levelized-cost-of-energy.csv,2026-09-28T22:52:30.344Z,{}
solar,solar--levelized-cost-of-energy-greece-onshore-wind,Greece · Onshore wind,Greece,Onshore wind,2025-12-31,2025,year,2025-01-01,0.062129296,USD 2025 / kWh,annual,observed,https://ourworldindata.org/grapher/levelized-cost-of-energy.csv,2026-09-28T22:52:30.344Z,{}
solar,solar--levelized-cost-of-energy-greece-solar-photovoltaic,Greece · Solar photovoltaic,Greece,Solar photovoltaic,2025-12-31,2025,year,2025-01-01,,USD 2025 / kWh,annual,observed,https://ourworldindata.org/grapher/levelized-cost-of-energy.csv,2026-09-28T22:52:30.344Z,{}
solar,solar--levelized-cost-of-energy-india-onshore-wind,India · Onshore wind,India,Onshore wind,2025-12-31,2025,year,2025-01-01,0.042872306,USD 2025 / kWh,annual,observed,https://ourworldindata.org/grapher/levelized-cost-of-energy.csv,2026-09-28T22:52:30.344Z,{}
solar,solar--levelized-cost-of-energy-india-solar-photovoltaic,India · Solar photovoltaic,India,Solar photovoltaic,2025-12-31,2025,year,2025-01-01,0.03524938,USD 2025 / kWh,annual,observed,https://ourworldindata.org/grapher/levelized-cost-of-energy.csv,2026-09-28T22:52:30.344Z,{}
solar,solar--levelized-cost-of-energy-italy-onshore-wind,Italy · Onshore wind,Italy,Onshore wind,2025-12-31,2025,year,2025-01-01,0.057106305,USD 2025 / kWh,annual,observed,https://ourworldindata.org/grapher/levelized-cost-of-energy.csv,2026-09-28T22:52:30.344Z,{}
solar,solar--levelized-cost-of-energy-italy-solar-photovoltaic,Italy · Solar photovoltaic,Italy,Solar photovoltaic,2025-12-31,2025,year,2025-01-01,0.06252388,USD 2025 / kWh,annual,observed,https://ourworldindata.org/grapher/levelized-cost-of-energy.csv,2026-09-28T22:52:30.344Z,{}
solar,solar--levelized-cost-of-energy-japan-onshore-wind,Japan · Onshore wind,Japan,Onshore wind,2025-12-31,2025,year,2025-01-01,0.10855229,USD 2025 / kWh,annual,observed,https://ourworldindata.org/grapher/levelized-cost-of-energy.csv,2026-09-28T22:52:30.344Z,{}
solar,solar--levelized-cost-of-energy-japan-solar-photovoltaic,Japan · Solar photovoltaic,Japan,Solar photovoltaic,2025-12-31,2025,year,2025-01-01,,USD 2025 / kWh,annual,observed,https://ourworldindata.org/grapher/levelized-cost-of-energy.csv,2026-09-28T22:52:30.344Z,{}
solar,solar--levelized-cost-of-energy-kazakhstan-onshore-wind,Kazakhstan · Onshore wind,Kazakhstan,Onshore wind,2025-12-31,2025,year,2025-01-01,0.047972403,USD 2025 / kWh,annual,observed,https://ourworldindata.org/grapher/levelized-cost-of-energy.csv,2026-09-28T22:52:30.344Z,{}
solar,solar--levelized-cost-of-energy-laos-onshore-wind,Laos · Onshore wind,Laos,Onshore wind,2025-12-31,2025,year,2025-01-01,0.115845114,USD 2025 / kWh,annual,observed,https://ourworldindata.org/grapher/levelized-cost-of-energy.csv,2026-09-28T22:52:30.344Z,{}
solar,solar--levelized-cost-of-energy-lithuania-onshore-wind,Lithuania · Onshore wind,Lithuania,Onshore wind,2025-12-31,2025,year,2025-01-01,0.059811115,USD 2025 / kWh,annual,observed,https://ourworldindata.org/grapher/levelized-cost-of-energy.csv,2026-09-28T22:52:30.344Z,{}
solar,solar--levelized-cost-of-energy-peru-onshore-wind,Peru · Onshore wind,Peru,Onshore wind,2025-12-31,2025,year,2025-01-01,0.033866346,USD 2025 / kWh,annual,observed,https://ourworldindata.org/grapher/levelized-cost-of-energy.csv,2026-09-28T22:52:30.344Z,{}
solar,solar--levelized-cost-of-energy-poland-onshore-wind,Poland · Onshore wind,Poland,Onshore wind,2025-12-31,2025,year,2025-01-01,0.060063075,USD 2025 / kWh,annual,observed,https://ourworldindata.org/grapher/levelized-cost-of-energy.csv,2026-09-28T22:52:30.344Z,{}
solar,solar--levelized-cost-of-energy-poland-solar-photovoltaic,Poland · Solar photovoltaic,Poland,Solar photovoltaic,2025-12-31,2025,year,2025-01-01,0.106780045,USD 2025 / kWh,annual,observed,https://ourworldindata.org/grapher/levelized-cost-of-energy.csv,2026-09-28T22:52:30.344Z,{}
solar,solar--levelized-cost-of-energy-russia-onshore-wind,Russia · Onshore wind,Russia,Onshore wind,2025-12-31,2025,year,2025-01-01,0.085,USD 2025 / kWh,annual,observed,https://ourworldindata.org/grapher/levelized-cost-of-energy.csv,2026-09-28T22:52:30.344Z,{}
solar,solar--levelized-cost-of-energy-saudi-arabia-solar-photovoltaic,Saudi Arabia · Solar photovoltaic,Saudi Arabia,Solar photovoltaic,2025-12-31,2025,year,2025-01-01,0.03967783,USD 2025 / kWh,annual,observed,https://ourworldindata.org/grapher/levelized-cost-of-energy.csv,2026-09-28T22:52:30.344Z,{}
solar,solar--levelized-cost-of-energy-serbia-onshore-wind,Serbia · Onshore wind,Serbia,Onshore wind,2025-12-31,2025,year,2025-01-01,0.08216961,USD 2025 / kWh,annual,observed,https://ourworldindata.org/grapher/levelized-cost-of-energy.csv,2026-09-28T22:52:30.344Z,{}
solar,solar--levelized-cost-of-energy-south-africa-onshore-wind,South Africa · Onshore wind,South Africa,Onshore wind,2025-12-31,2025,year,2025-01-01,0.057504807,USD 2025 / kWh,annual,observed,https://ourworldindata.org/grapher/levelized-cost-of-energy.csv,2026-09-28T22:52:30.344Z,{}
solar,solar--levelized-cost-of-energy-south-africa-solar-photovoltaic,South Africa · Solar photovoltaic,South Africa,Solar photovoltaic,2025-12-31,2025,year,2025-01-01,,USD 2025 / kWh,annual,observed,https://ourworldindata.org/grapher/levelized-cost-of-energy.csv,2026-09-28T22:52:30.344Z,{}
solar,solar--levelized-cost-of-energy-south-korea-onshore-wind,South Korea · Onshore wind,South Korea,Onshore wind,2025-12-31,2025,year,2025-01-01,0.06960722,USD 2025 / kWh,annual,observed,https://ourworldindata.org/grapher/levelized-cost-of-energy.csv,2026-09-28T22:52:30.344Z,{}
solar,solar--levelized-cost-of-energy-south-korea-solar-photovoltaic,South Korea · Solar photovoltaic,South Korea,Solar photovoltaic,2025-12-31,2025,year,2025-01-01,0.054414574,USD 2025 / kWh,annual,observed,https://ourworldindata.org/grapher/levelized-cost-of-energy.csv,2026-09-28T22:52:30.344Z,{}
solar,solar--levelized-cost-of-energy-spain-onshore-wind,Spain · Onshore wind,Spain,Onshore wind,2025-12-31,2025,year,2025-01-01,0.04459987,USD 2025 / kWh,annual,observed,https://ourworldindata.org/grapher/levelized-cost-of-energy.csv,2026-09-28T22:52:30.344Z,{}
solar,solar--levelized-cost-of-energy-spain-solar-photovoltaic,Spain · Solar photovoltaic,Spain,Solar photovoltaic,2025-12-31,2025,year,2025-01-01,0.04356941,USD 2025 / kWh,annual,observed,https://ourworldindata.org/grapher/levelized-cost-of-energy.csv,2026-09-28T22:52:30.344Z,{}
solar,solar--levelized-cost-of-energy-sweden-onshore-wind,Sweden · Onshore wind,Sweden,Onshore wind,2025-12-31,2025,year,2025-01-01,0.046920497,USD 2025 / kWh,annual,observed,https://ourworldindata.org/grapher/levelized-cost-of-energy.csv,2026-09-28T22:52:30.344Z,{}
solar,solar--levelized-cost-of-energy-thailand-solar-photovoltaic,Thailand · Solar photovoltaic,Thailand,Solar photovoltaic,2025-12-31,2025,year,2025-01-01,0.074634165,USD 2025 / kWh,annual,observed,https://ourworldindata.org/grapher/levelized-cost-of-energy.csv,2026-09-28T22:52:30.344Z,{}
solar,solar--levelized-cost-of-energy-turkey-onshore-wind,Turkey · Onshore wind,Turkey,Onshore wind,2025-12-31,2025,year,2025-01-01,0.061320174,USD 2025 / kWh,annual,observed,https://ourworldindata.org/grapher/levelized-cost-of-energy.csv,2026-09-28T22:52:30.344Z,{}
solar,solar--levelized-cost-of-energy-turkey-solar-photovoltaic,Turkey · Solar photovoltaic,Turkey,Solar photovoltaic,2025-12-31,2025,year,2025-01-01,0.08621213,USD 2025 / kWh,annual,observed,https://ourworldindata.org/grapher/levelized-cost-of-energy.csv,2026-09-28T22:52:30.344Z,{}
solar,solar--levelized-cost-of-energy-united-kingdom-onshore-wind,United Kingdom · Onshore wind,United Kingdom,Onshore wind,2025-12-31,2025,year,2025-01-01,0.04100304,USD 2025 / kWh,annual,observed,https://ourworldindata.org/grapher/levelized-cost-of-energy.csv,2026-09-28T22:52:30.344Z,{}
solar,solar--levelized-cost-of-energy-united-kingdom-solar-photovoltaic,United Kingdom · Solar photovoltaic,United Kingdom,Solar photovoltaic,2025-12-31,2025,year,2025-01-01,,USD 2025 / kWh,annual,observed,https://ourworldindata.org/grapher/levelized-cost-of-energy.csv,2026-09-28T22:52:30.344Z,{}
solar,solar--levelized-cost-of-energy-united-states-onshore-wind,United States · Onshore wind,United States,Onshore wind,2025-12-31,2025,year,2025-01-01,0.039794423,USD 2025 / kWh,annual,observed,https://ourworldindata.org/grapher/levelized-cost-of-energy.csv,2026-09-28T22:52:30.344Z,{}
solar,solar--levelized-cost-of-energy-united-states-solar-photovoltaic,United States · Solar photovoltaic,United States,Solar photovoltaic,2025-12-31,2025,year,2025-01-01,0.062,USD 2025 / kWh,annual,observed,https://ourworldindata.org/grapher/levelized-cost-of-energy.csv,2026-09-28T22:52:30.344Z,{}
solar,solar--levelized-cost-of-energy-uzbekistan-onshore-wind,Uzbekistan · Onshore wind,Uzbekistan,Onshore wind,2025-12-31,2025,year,2025-01-01,0.06198317,USD 2025 / kWh,annual,observed,https://ourworldindata.org/grapher/levelized-cost-of-energy.csv,2026-09-28T22:52:30.344Z,{}
solar,solar--levelized-cost-of-energy-uzbekistan-solar-photovoltaic,Uzbekistan · Solar photovoltaic,Uzbekistan,Solar photovoltaic,2025-12-31,2025,year,2025-01-01,0.06041487,USD 2025 / kWh,annual,observed,https://ourworldindata.org/grapher/levelized-cost-of-energy.csv,2026-09-28T22:52:30.344Z,{}
solar,solar--levelized-cost-of-energy-world-bioenergy,Bioenergy,World,Bioenergy,2025-12-31,2025,year,2025-01-01,0.08550513,USD 2025 / kWh,annual,observed,https://ourworldindata.org/grapher/levelized-cost-of-energy.csv,2026-09-28T22:52:30.344Z,{}
solar,solar--levelized-cost-of-energy-world-concentrated-solar-power,Concentrated solar power,World,Concentrated solar power,2025-12-31,2025,year,2025-01-01,0.11483293,USD 2025 / kWh,annual,observed,https://ourworldindata.org/grapher/levelized-cost-of-energy.csv,2026-09-28T22:52:30.344Z,{}
solar,solar--levelized-cost-of-energy-world-geothermal,Geothermal,World,Geothermal,2025-12-31,2025,year,2025-01-01,0.0886851,USD 2025 / kWh,annual,observed,https://ourworldindata.org/grapher/levelized-cost-of-energy.csv,2026-09-28T22:52:30.344Z,{}
solar,solar--levelized-cost-of-energy-world-hydropower,Hydropower,World,Hydropower,2025-12-31,2025,year,2025-01-01,0.06169417,USD 2025 / kWh,annual,observed,https://ourworldindata.org/grapher/levelized-cost-of-energy.csv,2026-09-28T22:52:30.344Z,{}
solar,solar--levelized-cost-of-energy-world-offshore-wind,Offshore wind,World,Offshore wind,2025-12-31,2025,year,2025-01-01,0.07790795,USD 2025 / kWh,annual,observed,https://ourworldindata.org/grapher/levelized-cost-of-energy.csv,2026-09-28T22:52:30.344Z,{}
solar,solar--levelized-cost-of-energy-world-onshore-wind,Onshore wind,World,Onshore wind,2025-12-31,2025,year,2025-01-01,0.032949988,USD 2025 / kWh,annual,observed,https://ourworldindata.org/grapher/levelized-cost-of-energy.csv,2026-09-28T22:52:30.344Z,{}
solar,solar--levelized-cost-of-energy-world-solar-photovoltaic,Solar photovoltaic,World,Solar photovoltaic,2025-12-31,2025,year,2025-01-01,0.043538958,USD 2025 / kWh,annual,observed,https://ourworldindata.org/grapher/levelized-cost-of-energy.csv,2026-09-28T22:52:30.344Z,{}
