topic_id,series_id,series_name,entity,metric,date,period,date_precision,period_start,value,unit,frequency,kind,source_url,retrieved_at,attributes_json
SP.DYN.LE00.IN,SP.DYN.LE00.IN--bra,Brazylia,BRA,"Life expectancy at birth, total (years)",1960-12-31,1960,year,1960-01-01,53.162,lata,annual,observed,https://api.worldbank.org/v2/country/POL;WLD;USA;CHN;DEU;IND;KOR;JPN;GBR;FRA;BRA;EST/indicator/SP.DYN.LE00.IN?format=json&per_page=1000,2026-09-28T17:23:21.218Z,{}
SP.DYN.LE00.IN,SP.DYN.LE00.IN--chn,Chiny,CHN,"Life expectancy at birth, total (years)",1960-12-31,1960,year,1960-01-01,33.419,lata,annual,observed,https://api.worldbank.org/v2/country/POL;WLD;USA;CHN;DEU;IND;KOR;JPN;GBR;FRA;BRA;EST/indicator/SP.DYN.LE00.IN?format=json&per_page=1000,2026-09-28T17:23:21.218Z,{}
SP.DYN.LE00.IN,SP.DYN.LE00.IN--deu,Niemcy,DEU,"Life expectancy at birth, total (years)",1960-12-31,1960,year,1960-01-01,69.0640731707317,lata,annual,observed,https://api.worldbank.org/v2/country/POL;WLD;USA;CHN;DEU;IND;KOR;JPN;GBR;FRA;BRA;EST/indicator/SP.DYN.LE00.IN?format=json&per_page=1000,2026-09-28T17:23:21.218Z,{}
SP.DYN.LE00.IN,SP.DYN.LE00.IN--est,Estonia,EST,"Life expectancy at birth, total (years)",1960-12-31,1960,year,1960-01-01,68.749268292683,lata,annual,observed,https://api.worldbank.org/v2/country/POL;WLD;USA;CHN;DEU;IND;KOR;JPN;GBR;FRA;BRA;EST/indicator/SP.DYN.LE00.IN?format=json&per_page=1000,2026-09-28T17:23:21.218Z,{}
SP.DYN.LE00.IN,SP.DYN.LE00.IN--fra,Francja,FRA,"Life expectancy at birth, total (years)",1960-12-31,1960,year,1960-01-01,69.8682926829268,lata,annual,observed,https://api.worldbank.org/v2/country/POL;WLD;USA;CHN;DEU;IND;KOR;JPN;GBR;FRA;BRA;EST/indicator/SP.DYN.LE00.IN?format=json&per_page=1000,2026-09-28T17:23:21.218Z,{}
SP.DYN.LE00.IN,SP.DYN.LE00.IN--gbr,Wielka Brytania,GBR,"Life expectancy at birth, total (years)",1960-12-31,1960,year,1960-01-01,71.1268292682927,lata,annual,observed,https://api.worldbank.org/v2/country/POL;WLD;USA;CHN;DEU;IND;KOR;JPN;GBR;FRA;BRA;EST/indicator/SP.DYN.LE00.IN?format=json&per_page=1000,2026-09-28T17:23:21.218Z,{}
SP.DYN.LE00.IN,SP.DYN.LE00.IN--ind,Indie,IND,"Life expectancy at birth, total (years)",1960-12-31,1960,year,1960-01-01,45.61,lata,annual,observed,https://api.worldbank.org/v2/country/POL;WLD;USA;CHN;DEU;IND;KOR;JPN;GBR;FRA;BRA;EST/indicator/SP.DYN.LE00.IN?format=json&per_page=1000,2026-09-28T17:23:21.218Z,{}
SP.DYN.LE00.IN,SP.DYN.LE00.IN--jpn,Japonia,JPN,"Life expectancy at birth, total (years)",1960-12-31,1960,year,1960-01-01,67.6956097560976,lata,annual,observed,https://api.worldbank.org/v2/country/POL;WLD;USA;CHN;DEU;IND;KOR;JPN;GBR;FRA;BRA;EST/indicator/SP.DYN.LE00.IN?format=json&per_page=1000,2026-09-28T17:23:21.218Z,{}
SP.DYN.LE00.IN,SP.DYN.LE00.IN--kor,Korea Płd.,KOR,"Life expectancy at birth, total (years)",1960-12-31,1960,year,1960-01-01,53.7975609756098,lata,annual,observed,https://api.worldbank.org/v2/country/POL;WLD;USA;CHN;DEU;IND;KOR;JPN;GBR;FRA;BRA;EST/indicator/SP.DYN.LE00.IN?format=json&per_page=1000,2026-09-28T17:23:21.218Z,{}
SP.DYN.LE00.IN,SP.DYN.LE00.IN--pol,Polska,POL,"Life expectancy at birth, total (years)",1960-12-31,1960,year,1960-01-01,67.6804878048781,lata,annual,observed,https://api.worldbank.org/v2/country/POL;WLD;USA;CHN;DEU;IND;KOR;JPN;GBR;FRA;BRA;EST/indicator/SP.DYN.LE00.IN?format=json&per_page=1000,2026-09-28T17:23:21.218Z,{}
SP.DYN.LE00.IN,SP.DYN.LE00.IN--usa,USA,USA,"Life expectancy at birth, total (years)",1960-12-31,1960,year,1960-01-01,69.7707317073171,lata,annual,observed,https://api.worldbank.org/v2/country/POL;WLD;USA;CHN;DEU;IND;KOR;JPN;GBR;FRA;BRA;EST/indicator/SP.DYN.LE00.IN?format=json&per_page=1000,2026-09-28T17:23:21.218Z,{}
SP.DYN.LE00.IN,SP.DYN.LE00.IN--wld,Świat,WLD,"Life expectancy at birth, total (years)",1960-12-31,1960,year,1960-01-01,50.9418860745353,lata,annual,observed,https://api.worldbank.org/v2/country/POL;WLD;USA;CHN;DEU;IND;KOR;JPN;GBR;FRA;BRA;EST/indicator/SP.DYN.LE00.IN?format=json&per_page=1000,2026-09-28T17:23:21.218Z,{}
SP.DYN.LE00.IN,SP.DYN.LE00.IN--bra,Brazylia,BRA,"Life expectancy at birth, total (years)",1961-12-31,1961,year,1961-01-01,53.594,lata,annual,observed,https://api.worldbank.org/v2/country/POL;WLD;USA;CHN;DEU;IND;KOR;JPN;GBR;FRA;BRA;EST/indicator/SP.DYN.LE00.IN?format=json&per_page=1000,2026-09-28T17:23:21.218Z,{}
SP.DYN.LE00.IN,SP.DYN.LE00.IN--chn,Chiny,CHN,"Life expectancy at birth, total (years)",1961-12-31,1961,year,1961-01-01,40.158,lata,annual,observed,https://api.worldbank.org/v2/country/POL;WLD;USA;CHN;DEU;IND;KOR;JPN;GBR;FRA;BRA;EST/indicator/SP.DYN.LE00.IN?format=json&per_page=1000,2026-09-28T17:23:21.218Z,{}
SP.DYN.LE00.IN,SP.DYN.LE00.IN--deu,Niemcy,DEU,"Life expectancy at birth, total (years)",1961-12-31,1961,year,1961-01-01,69.6448780487805,lata,annual,observed,https://api.worldbank.org/v2/country/POL;WLD;USA;CHN;DEU;IND;KOR;JPN;GBR;FRA;BRA;EST/indicator/SP.DYN.LE00.IN?format=json&per_page=1000,2026-09-28T17:23:21.218Z,{}
SP.DYN.LE00.IN,SP.DYN.LE00.IN--est,Estonia,EST,"Life expectancy at birth, total (years)",1961-12-31,1961,year,1961-01-01,69.0778780487805,lata,annual,observed,https://api.worldbank.org/v2/country/POL;WLD;USA;CHN;DEU;IND;KOR;JPN;GBR;FRA;BRA;EST/indicator/SP.DYN.LE00.IN?format=json&per_page=1000,2026-09-28T17:23:21.218Z,{}
SP.DYN.LE00.IN,SP.DYN.LE00.IN--fra,Francja,FRA,"Life expectancy at birth, total (years)",1961-12-31,1961,year,1961-01-01,70.1170731707317,lata,annual,observed,https://api.worldbank.org/v2/country/POL;WLD;USA;CHN;DEU;IND;KOR;JPN;GBR;FRA;BRA;EST/indicator/SP.DYN.LE00.IN?format=json&per_page=1000,2026-09-28T17:23:21.218Z,{}
SP.DYN.LE00.IN,SP.DYN.LE00.IN--gbr,Wielka Brytania,GBR,"Life expectancy at birth, total (years)",1961-12-31,1961,year,1961-01-01,70.8780487804878,lata,annual,observed,https://api.worldbank.org/v2/country/POL;WLD;USA;CHN;DEU;IND;KOR;JPN;GBR;FRA;BRA;EST/indicator/SP.DYN.LE00.IN?format=json&per_page=1000,2026-09-28T17:23:21.218Z,{}
SP.DYN.LE00.IN,SP.DYN.LE00.IN--ind,Indie,IND,"Life expectancy at birth, total (years)",1961-12-31,1961,year,1961-01-01,45.824,lata,annual,observed,https://api.worldbank.org/v2/country/POL;WLD;USA;CHN;DEU;IND;KOR;JPN;GBR;FRA;BRA;EST/indicator/SP.DYN.LE00.IN?format=json&per_page=1000,2026-09-28T17:23:21.218Z,{}
SP.DYN.LE00.IN,SP.DYN.LE00.IN--jpn,Japonia,JPN,"Life expectancy at birth, total (years)",1961-12-31,1961,year,1961-01-01,68.3519512195122,lata,annual,observed,https://api.worldbank.org/v2/country/POL;WLD;USA;CHN;DEU;IND;KOR;JPN;GBR;FRA;BRA;EST/indicator/SP.DYN.LE00.IN?format=json&per_page=1000,2026-09-28T17:23:21.218Z,{}
SP.DYN.LE00.IN,SP.DYN.LE00.IN--kor,Korea Płd.,KOR,"Life expectancy at birth, total (years)",1961-12-31,1961,year,1961-01-01,54.4768536585366,lata,annual,observed,https://api.worldbank.org/v2/country/POL;WLD;USA;CHN;DEU;IND;KOR;JPN;GBR;FRA;BRA;EST/indicator/SP.DYN.LE00.IN?format=json&per_page=1000,2026-09-28T17:23:21.218Z,{}
SP.DYN.LE00.IN,SP.DYN.LE00.IN--pol,Polska,POL,"Life expectancy at birth, total (years)",1961-12-31,1961,year,1961-01-01,67.7780487804878,lata,annual,observed,https://api.worldbank.org/v2/country/POL;WLD;USA;CHN;DEU;IND;KOR;JPN;GBR;FRA;BRA;EST/indicator/SP.DYN.LE00.IN?format=json&per_page=1000,2026-09-28T17:23:21.218Z,{}
SP.DYN.LE00.IN,SP.DYN.LE00.IN--usa,USA,USA,"Life expectancy at birth, total (years)",1961-12-31,1961,year,1961-01-01,70.2707317073171,lata,annual,observed,https://api.worldbank.org/v2/country/POL;WLD;USA;CHN;DEU;IND;KOR;JPN;GBR;FRA;BRA;EST/indicator/SP.DYN.LE00.IN?format=json&per_page=1000,2026-09-28T17:23:21.218Z,{}
SP.DYN.LE00.IN,SP.DYN.LE00.IN--wld,Świat,WLD,"Life expectancy at birth, total (years)",1961-12-31,1961,year,1961-01-01,52.7972306837695,lata,annual,observed,https://api.worldbank.org/v2/country/POL;WLD;USA;CHN;DEU;IND;KOR;JPN;GBR;FRA;BRA;EST/indicator/SP.DYN.LE00.IN?format=json&per_page=1000,2026-09-28T17:23:21.218Z,{}
SP.DYN.LE00.IN,SP.DYN.LE00.IN--bra,Brazylia,BRA,"Life expectancy at birth, total (years)",1962-12-31,1962,year,1962-01-01,54.017,lata,annual,observed,https://api.worldbank.org/v2/country/POL;WLD;USA;CHN;DEU;IND;KOR;JPN;GBR;FRA;BRA;EST/indicator/SP.DYN.LE00.IN?format=json&per_page=1000,2026-09-28T17:23:21.218Z,{}
SP.DYN.LE00.IN,SP.DYN.LE00.IN--chn,Chiny,CHN,"Life expectancy at birth, total (years)",1962-12-31,1962,year,1962-01-01,50.959,lata,annual,observed,https://api.worldbank.org/v2/country/POL;WLD;USA;CHN;DEU;IND;KOR;JPN;GBR;FRA;BRA;EST/indicator/SP.DYN.LE00.IN?format=json&per_page=1000,2026-09-28T17:23:21.218Z,{}
SP.DYN.LE00.IN,SP.DYN.LE00.IN--deu,Niemcy,DEU,"Life expectancy at birth, total (years)",1962-12-31,1962,year,1962-01-01,69.7992195121951,lata,annual,observed,https://api.worldbank.org/v2/country/POL;WLD;USA;CHN;DEU;IND;KOR;JPN;GBR;FRA;BRA;EST/indicator/SP.DYN.LE00.IN?format=json&per_page=1000,2026-09-28T17:23:21.218Z,{}
SP.DYN.LE00.IN,SP.DYN.LE00.IN--est,Estonia,EST,"Life expectancy at birth, total (years)",1962-12-31,1962,year,1962-01-01,69.2920243902439,lata,annual,observed,https://api.worldbank.org/v2/country/POL;WLD;USA;CHN;DEU;IND;KOR;JPN;GBR;FRA;BRA;EST/indicator/SP.DYN.LE00.IN?format=json&per_page=1000,2026-09-28T17:23:21.218Z,{}
SP.DYN.LE00.IN,SP.DYN.LE00.IN--fra,Francja,FRA,"Life expectancy at birth, total (years)",1962-12-31,1962,year,1962-01-01,70.3146341463415,lata,annual,observed,https://api.worldbank.org/v2/country/POL;WLD;USA;CHN;DEU;IND;KOR;JPN;GBR;FRA;BRA;EST/indicator/SP.DYN.LE00.IN?format=json&per_page=1000,2026-09-28T17:23:21.218Z,{}
SP.DYN.LE00.IN,SP.DYN.LE00.IN--gbr,Wielka Brytania,GBR,"Life expectancy at birth, total (years)",1962-12-31,1962,year,1962-01-01,70.9268292682927,lata,annual,observed,https://api.worldbank.org/v2/country/POL;WLD;USA;CHN;DEU;IND;KOR;JPN;GBR;FRA;BRA;EST/indicator/SP.DYN.LE00.IN?format=json&per_page=1000,2026-09-28T17:23:21.218Z,{}
SP.DYN.LE00.IN,SP.DYN.LE00.IN--ind,Indie,IND,"Life expectancy at birth, total (years)",1962-12-31,1962,year,1962-01-01,46.133,lata,annual,observed,https://api.worldbank.org/v2/country/POL;WLD;USA;CHN;DEU;IND;KOR;JPN;GBR;FRA;BRA;EST/indicator/SP.DYN.LE00.IN?format=json&per_page=1000,2026-09-28T17:23:21.218Z,{}
SP.DYN.LE00.IN,SP.DYN.LE00.IN--jpn,Japonia,JPN,"Life expectancy at birth, total (years)",1962-12-31,1962,year,1962-01-01,68.6348780487805,lata,annual,observed,https://api.worldbank.org/v2/country/POL;WLD;USA;CHN;DEU;IND;KOR;JPN;GBR;FRA;BRA;EST/indicator/SP.DYN.LE00.IN?format=json&per_page=1000,2026-09-28T17:23:21.218Z,{}
SP.DYN.LE00.IN,SP.DYN.LE00.IN--kor,Korea Płd.,KOR,"Life expectancy at birth, total (years)",1962-12-31,1962,year,1962-01-01,55.0549512195122,lata,annual,observed,https://api.worldbank.org/v2/country/POL;WLD;USA;CHN;DEU;IND;KOR;JPN;GBR;FRA;BRA;EST/indicator/SP.DYN.LE00.IN?format=json&per_page=1000,2026-09-28T17:23:21.218Z,{}
SP.DYN.LE00.IN,SP.DYN.LE00.IN--pol,Polska,POL,"Life expectancy at birth, total (years)",1962-12-31,1962,year,1962-01-01,67.4268292682927,lata,annual,observed,https://api.worldbank.org/v2/country/POL;WLD;USA;CHN;DEU;IND;KOR;JPN;GBR;FRA;BRA;EST/indicator/SP.DYN.LE00.IN?format=json&per_page=1000,2026-09-28T17:23:21.218Z,{}
SP.DYN.LE00.IN,SP.DYN.LE00.IN--usa,USA,USA,"Life expectancy at birth, total (years)",1962-12-31,1962,year,1962-01-01,70.119512195122,lata,annual,observed,https://api.worldbank.org/v2/country/POL;WLD;USA;CHN;DEU;IND;KOR;JPN;GBR;FRA;BRA;EST/indicator/SP.DYN.LE00.IN?format=json&per_page=1000,2026-09-28T17:23:21.218Z,{}
SP.DYN.LE00.IN,SP.DYN.LE00.IN--wld,Świat,WLD,"Life expectancy at birth, total (years)",1962-12-31,1962,year,1962-01-01,55.2860734026534,lata,annual,observed,https://api.worldbank.org/v2/country/POL;WLD;USA;CHN;DEU;IND;KOR;JPN;GBR;FRA;BRA;EST/indicator/SP.DYN.LE00.IN?format=json&per_page=1000,2026-09-28T17:23:21.218Z,{}
SP.DYN.LE00.IN,SP.DYN.LE00.IN--bra,Brazylia,BRA,"Life expectancy at birth, total (years)",1963-12-31,1963,year,1963-01-01,54.452,lata,annual,observed,https://api.worldbank.org/v2/country/POL;WLD;USA;CHN;DEU;IND;KOR;JPN;GBR;FRA;BRA;EST/indicator/SP.DYN.LE00.IN?format=json&per_page=1000,2026-09-28T17:23:21.218Z,{}
SP.DYN.LE00.IN,SP.DYN.LE00.IN--chn,Chiny,CHN,"Life expectancy at birth, total (years)",1963-12-31,1963,year,1963-01-01,51.67,lata,annual,observed,https://api.worldbank.org/v2/country/POL;WLD;USA;CHN;DEU;IND;KOR;JPN;GBR;FRA;BRA;EST/indicator/SP.DYN.LE00.IN?format=json&per_page=1000,2026-09-28T17:23:21.218Z,{}
SP.DYN.LE00.IN,SP.DYN.LE00.IN--deu,Niemcy,DEU,"Life expectancy at birth, total (years)",1963-12-31,1963,year,1963-01-01,69.9140731707317,lata,annual,observed,https://api.worldbank.org/v2/country/POL;WLD;USA;CHN;DEU;IND;KOR;JPN;GBR;FRA;BRA;EST/indicator/SP.DYN.LE00.IN?format=json&per_page=1000,2026-09-28T17:23:21.218Z,{}
SP.DYN.LE00.IN,SP.DYN.LE00.IN--est,Estonia,EST,"Life expectancy at birth, total (years)",1963-12-31,1963,year,1963-01-01,69.3215609756098,lata,annual,observed,https://api.worldbank.org/v2/country/POL;WLD;USA;CHN;DEU;IND;KOR;JPN;GBR;FRA;BRA;EST/indicator/SP.DYN.LE00.IN?format=json&per_page=1000,2026-09-28T17:23:21.218Z,{}
SP.DYN.LE00.IN,SP.DYN.LE00.IN--fra,Francja,FRA,"Life expectancy at birth, total (years)",1963-12-31,1963,year,1963-01-01,70.5146341463415,lata,annual,observed,https://api.worldbank.org/v2/country/POL;WLD;USA;CHN;DEU;IND;KOR;JPN;GBR;FRA;BRA;EST/indicator/SP.DYN.LE00.IN?format=json&per_page=1000,2026-09-28T17:23:21.218Z,{}
SP.DYN.LE00.IN,SP.DYN.LE00.IN--gbr,Wielka Brytania,GBR,"Life expectancy at birth, total (years)",1963-12-31,1963,year,1963-01-01,70.8268292682927,lata,annual,observed,https://api.worldbank.org/v2/country/POL;WLD;USA;CHN;DEU;IND;KOR;JPN;GBR;FRA;BRA;EST/indicator/SP.DYN.LE00.IN?format=json&per_page=1000,2026-09-28T17:23:21.218Z,{}
SP.DYN.LE00.IN,SP.DYN.LE00.IN--ind,Indie,IND,"Life expectancy at birth, total (years)",1963-12-31,1963,year,1963-01-01,46.458,lata,annual,observed,https://api.worldbank.org/v2/country/POL;WLD;USA;CHN;DEU;IND;KOR;JPN;GBR;FRA;BRA;EST/indicator/SP.DYN.LE00.IN?format=json&per_page=1000,2026-09-28T17:23:21.218Z,{}
SP.DYN.LE00.IN,SP.DYN.LE00.IN--jpn,Japonia,JPN,"Life expectancy at birth, total (years)",1963-12-31,1963,year,1963-01-01,69.7124390243902,lata,annual,observed,https://api.worldbank.org/v2/country/POL;WLD;USA;CHN;DEU;IND;KOR;JPN;GBR;FRA;BRA;EST/indicator/SP.DYN.LE00.IN?format=json&per_page=1000,2026-09-28T17:23:21.218Z,{}
SP.DYN.LE00.IN,SP.DYN.LE00.IN--kor,Korea Płd.,KOR,"Life expectancy at birth, total (years)",1963-12-31,1963,year,1963-01-01,55.0254634146342,lata,annual,observed,https://api.worldbank.org/v2/country/POL;WLD;USA;CHN;DEU;IND;KOR;JPN;GBR;FRA;BRA;EST/indicator/SP.DYN.LE00.IN?format=json&per_page=1000,2026-09-28T17:23:21.218Z,{}
SP.DYN.LE00.IN,SP.DYN.LE00.IN--pol,Polska,POL,"Life expectancy at birth, total (years)",1963-12-31,1963,year,1963-01-01,68.3756097560976,lata,annual,observed,https://api.worldbank.org/v2/country/POL;WLD;USA;CHN;DEU;IND;KOR;JPN;GBR;FRA;BRA;EST/indicator/SP.DYN.LE00.IN?format=json&per_page=1000,2026-09-28T17:23:21.218Z,{}
SP.DYN.LE00.IN,SP.DYN.LE00.IN--usa,USA,USA,"Life expectancy at birth, total (years)",1963-12-31,1963,year,1963-01-01,69.9170731707317,lata,annual,observed,https://api.worldbank.org/v2/country/POL;WLD;USA;CHN;DEU;IND;KOR;JPN;GBR;FRA;BRA;EST/indicator/SP.DYN.LE00.IN?format=json&per_page=1000,2026-09-28T17:23:21.218Z,{}
SP.DYN.LE00.IN,SP.DYN.LE00.IN--wld,Świat,WLD,"Life expectancy at birth, total (years)",1963-12-31,1963,year,1963-01-01,55.6522285444853,lata,annual,observed,https://api.worldbank.org/v2/country/POL;WLD;USA;CHN;DEU;IND;KOR;JPN;GBR;FRA;BRA;EST/indicator/SP.DYN.LE00.IN?format=json&per_page=1000,2026-09-28T17:23:21.218Z,{}
SP.DYN.LE00.IN,SP.DYN.LE00.IN--bra,Brazylia,BRA,"Life expectancy at birth, total (years)",1964-12-31,1964,year,1964-01-01,54.848,lata,annual,observed,https://api.worldbank.org/v2/country/POL;WLD;USA;CHN;DEU;IND;KOR;JPN;GBR;FRA;BRA;EST/indicator/SP.DYN.LE00.IN?format=json&per_page=1000,2026-09-28T17:23:21.218Z,{}
SP.DYN.LE00.IN,SP.DYN.LE00.IN--chn,Chiny,CHN,"Life expectancy at birth, total (years)",1964-12-31,1964,year,1964-01-01,52.343,lata,annual,observed,https://api.worldbank.org/v2/country/POL;WLD;USA;CHN;DEU;IND;KOR;JPN;GBR;FRA;BRA;EST/indicator/SP.DYN.LE00.IN?format=json&per_page=1000,2026-09-28T17:23:21.218Z,{}
SP.DYN.LE00.IN,SP.DYN.LE00.IN--deu,Niemcy,DEU,"Life expectancy at birth, total (years)",1964-12-31,1964,year,1964-01-01,70.4355609756098,lata,annual,observed,https://api.worldbank.org/v2/country/POL;WLD;USA;CHN;DEU;IND;KOR;JPN;GBR;FRA;BRA;EST/indicator/SP.DYN.LE00.IN?format=json&per_page=1000,2026-09-28T17:23:21.218Z,{}
SP.DYN.LE00.IN,SP.DYN.LE00.IN--est,Estonia,EST,"Life expectancy at birth, total (years)",1964-12-31,1964,year,1964-01-01,70.0720975609756,lata,annual,observed,https://api.worldbank.org/v2/country/POL;WLD;USA;CHN;DEU;IND;KOR;JPN;GBR;FRA;BRA;EST/indicator/SP.DYN.LE00.IN?format=json&per_page=1000,2026-09-28T17:23:21.218Z,{}
SP.DYN.LE00.IN,SP.DYN.LE00.IN--fra,Francja,FRA,"Life expectancy at birth, total (years)",1964-12-31,1964,year,1964-01-01,70.6634146341463,lata,annual,observed,https://api.worldbank.org/v2/country/POL;WLD;USA;CHN;DEU;IND;KOR;JPN;GBR;FRA;BRA;EST/indicator/SP.DYN.LE00.IN?format=json&per_page=1000,2026-09-28T17:23:21.218Z,{}
SP.DYN.LE00.IN,SP.DYN.LE00.IN--gbr,Wielka Brytania,GBR,"Life expectancy at birth, total (years)",1964-12-31,1964,year,1964-01-01,71.6243902439024,lata,annual,observed,https://api.worldbank.org/v2/country/POL;WLD;USA;CHN;DEU;IND;KOR;JPN;GBR;FRA;BRA;EST/indicator/SP.DYN.LE00.IN?format=json&per_page=1000,2026-09-28T17:23:21.218Z,{}
SP.DYN.LE00.IN,SP.DYN.LE00.IN--ind,Indie,IND,"Life expectancy at birth, total (years)",1964-12-31,1964,year,1964-01-01,46.742,lata,annual,observed,https://api.worldbank.org/v2/country/POL;WLD;USA;CHN;DEU;IND;KOR;JPN;GBR;FRA;BRA;EST/indicator/SP.DYN.LE00.IN?format=json&per_page=1000,2026-09-28T17:23:21.218Z,{}
SP.DYN.LE00.IN,SP.DYN.LE00.IN--jpn,Japonia,JPN,"Life expectancy at birth, total (years)",1964-12-31,1964,year,1964-01-01,70.2065853658537,lata,annual,observed,https://api.worldbank.org/v2/country/POL;WLD;USA;CHN;DEU;IND;KOR;JPN;GBR;FRA;BRA;EST/indicator/SP.DYN.LE00.IN?format=json&per_page=1000,2026-09-28T17:23:21.218Z,{}
SP.DYN.LE00.IN,SP.DYN.LE00.IN--kor,Korea Płd.,KOR,"Life expectancy at birth, total (years)",1964-12-31,1964,year,1964-01-01,55.392243902439,lata,annual,observed,https://api.worldbank.org/v2/country/POL;WLD;USA;CHN;DEU;IND;KOR;JPN;GBR;FRA;BRA;EST/indicator/SP.DYN.LE00.IN?format=json&per_page=1000,2026-09-28T17:23:21.218Z,{}
SP.DYN.LE00.IN,SP.DYN.LE00.IN--pol,Polska,POL,"Life expectancy at birth, total (years)",1964-12-31,1964,year,1964-01-01,68.6292682926829,lata,annual,observed,https://api.worldbank.org/v2/country/POL;WLD;USA;CHN;DEU;IND;KOR;JPN;GBR;FRA;BRA;EST/indicator/SP.DYN.LE00.IN?format=json&per_page=1000,2026-09-28T17:23:21.218Z,{}
SP.DYN.LE00.IN,SP.DYN.LE00.IN--usa,USA,USA,"Life expectancy at birth, total (years)",1964-12-31,1964,year,1964-01-01,70.1658536585366,lata,annual,observed,https://api.worldbank.org/v2/country/POL;WLD;USA;CHN;DEU;IND;KOR;JPN;GBR;FRA;BRA;EST/indicator/SP.DYN.LE00.IN?format=json&per_page=1000,2026-09-28T17:23:21.218Z,{}
SP.DYN.LE00.IN,SP.DYN.LE00.IN--wld,Świat,WLD,"Life expectancy at birth, total (years)",1964-12-31,1964,year,1964-01-01,56.096712233261,lata,annual,observed,https://api.worldbank.org/v2/country/POL;WLD;USA;CHN;DEU;IND;KOR;JPN;GBR;FRA;BRA;EST/indicator/SP.DYN.LE00.IN?format=json&per_page=1000,2026-09-28T17:23:21.218Z,{}
SP.DYN.LE00.IN,SP.DYN.LE00.IN--bra,Brazylia,BRA,"Life expectancy at birth, total (years)",1965-12-31,1965,year,1965-01-01,55.243,lata,annual,observed,https://api.worldbank.org/v2/country/POL;WLD;USA;CHN;DEU;IND;KOR;JPN;GBR;FRA;BRA;EST/indicator/SP.DYN.LE00.IN?format=json&per_page=1000,2026-09-28T17:23:21.218Z,{}
SP.DYN.LE00.IN,SP.DYN.LE00.IN--chn,Chiny,CHN,"Life expectancy at birth, total (years)",1965-12-31,1965,year,1965-01-01,53.001,lata,annual,observed,https://api.worldbank.org/v2/country/POL;WLD;USA;CHN;DEU;IND;KOR;JPN;GBR;FRA;BRA;EST/indicator/SP.DYN.LE00.IN?format=json&per_page=1000,2026-09-28T17:23:21.218Z,{}
SP.DYN.LE00.IN,SP.DYN.LE00.IN--deu,Niemcy,DEU,"Life expectancy at birth, total (years)",1965-12-31,1965,year,1965-01-01,70.4103658536585,lata,annual,observed,https://api.worldbank.org/v2/country/POL;WLD;USA;CHN;DEU;IND;KOR;JPN;GBR;FRA;BRA;EST/indicator/SP.DYN.LE00.IN?format=json&per_page=1000,2026-09-28T17:23:21.218Z,{}
SP.DYN.LE00.IN,SP.DYN.LE00.IN--est,Estonia,EST,"Life expectancy at birth, total (years)",1965-12-31,1965,year,1965-01-01,70.1765853658537,lata,annual,observed,https://api.worldbank.org/v2/country/POL;WLD;USA;CHN;DEU;IND;KOR;JPN;GBR;FRA;BRA;EST/indicator/SP.DYN.LE00.IN?format=json&per_page=1000,2026-09-28T17:23:21.218Z,{}
SP.DYN.LE00.IN,SP.DYN.LE00.IN--fra,Francja,FRA,"Life expectancy at birth, total (years)",1965-12-31,1965,year,1965-01-01,70.8121951219512,lata,annual,observed,https://api.worldbank.org/v2/country/POL;WLD;USA;CHN;DEU;IND;KOR;JPN;GBR;FRA;BRA;EST/indicator/SP.DYN.LE00.IN?format=json&per_page=1000,2026-09-28T17:23:21.218Z,{}
SP.DYN.LE00.IN,SP.DYN.LE00.IN--gbr,Wielka Brytania,GBR,"Life expectancy at birth, total (years)",1965-12-31,1965,year,1965-01-01,71.6243902439024,lata,annual,observed,https://api.worldbank.org/v2/country/POL;WLD;USA;CHN;DEU;IND;KOR;JPN;GBR;FRA;BRA;EST/indicator/SP.DYN.LE00.IN?format=json&per_page=1000,2026-09-28T17:23:21.218Z,{}
SP.DYN.LE00.IN,SP.DYN.LE00.IN--ind,Indie,IND,"Life expectancy at birth, total (years)",1965-12-31,1965,year,1965-01-01,45.558,lata,annual,observed,https://api.worldbank.org/v2/country/POL;WLD;USA;CHN;DEU;IND;KOR;JPN;GBR;FRA;BRA;EST/indicator/SP.DYN.LE00.IN?format=json&per_page=1000,2026-09-28T17:23:21.218Z,{}
SP.DYN.LE00.IN,SP.DYN.LE00.IN--jpn,Japonia,JPN,"Life expectancy at birth, total (years)",1965-12-31,1965,year,1965-01-01,70.2668292682927,lata,annual,observed,https://api.worldbank.org/v2/country/POL;WLD;USA;CHN;DEU;IND;KOR;JPN;GBR;FRA;BRA;EST/indicator/SP.DYN.LE00.IN?format=json&per_page=1000,2026-09-28T17:23:21.218Z,{}
SP.DYN.LE00.IN,SP.DYN.LE00.IN--kor,Korea Płd.,KOR,"Life expectancy at birth, total (years)",1965-12-31,1965,year,1965-01-01,55.8645853658537,lata,annual,observed,https://api.worldbank.org/v2/country/POL;WLD;USA;CHN;DEU;IND;KOR;JPN;GBR;FRA;BRA;EST/indicator/SP.DYN.LE00.IN?format=json&per_page=1000,2026-09-28T17:23:21.218Z,{}
SP.DYN.LE00.IN,SP.DYN.LE00.IN--pol,Polska,POL,"Life expectancy at birth, total (years)",1965-12-31,1965,year,1965-01-01,69.4292682926829,lata,annual,observed,https://api.worldbank.org/v2/country/POL;WLD;USA;CHN;DEU;IND;KOR;JPN;GBR;FRA;BRA;EST/indicator/SP.DYN.LE00.IN?format=json&per_page=1000,2026-09-28T17:23:21.218Z,{}
SP.DYN.LE00.IN,SP.DYN.LE00.IN--usa,USA,USA,"Life expectancy at birth, total (years)",1965-12-31,1965,year,1965-01-01,70.2146341463415,lata,annual,observed,https://api.worldbank.org/v2/country/POL;WLD;USA;CHN;DEU;IND;KOR;JPN;GBR;FRA;BRA;EST/indicator/SP.DYN.LE00.IN?format=json&per_page=1000,2026-09-28T17:23:21.218Z,{}
SP.DYN.LE00.IN,SP.DYN.LE00.IN--wld,Świat,WLD,"Life expectancy at birth, total (years)",1965-12-31,1965,year,1965-01-01,55.9265080057019,lata,annual,observed,https://api.worldbank.org/v2/country/POL;WLD;USA;CHN;DEU;IND;KOR;JPN;GBR;FRA;BRA;EST/indicator/SP.DYN.LE00.IN?format=json&per_page=1000,2026-09-28T17:23:21.218Z,{}
SP.DYN.LE00.IN,SP.DYN.LE00.IN--bra,Brazylia,BRA,"Life expectancy at birth, total (years)",1966-12-31,1966,year,1966-01-01,55.625,lata,annual,observed,https://api.worldbank.org/v2/country/POL;WLD;USA;CHN;DEU;IND;KOR;JPN;GBR;FRA;BRA;EST/indicator/SP.DYN.LE00.IN?format=json&per_page=1000,2026-09-28T17:23:21.218Z,{}
SP.DYN.LE00.IN,SP.DYN.LE00.IN--chn,Chiny,CHN,"Life expectancy at birth, total (years)",1966-12-31,1966,year,1966-01-01,53.662,lata,annual,observed,https://api.worldbank.org/v2/country/POL;WLD;USA;CHN;DEU;IND;KOR;JPN;GBR;FRA;BRA;EST/indicator/SP.DYN.LE00.IN?format=json&per_page=1000,2026-09-28T17:23:21.218Z,{}
SP.DYN.LE00.IN,SP.DYN.LE00.IN--deu,Niemcy,DEU,"Life expectancy at birth, total (years)",1966-12-31,1966,year,1966-01-01,70.5215853658537,lata,annual,observed,https://api.worldbank.org/v2/country/POL;WLD;USA;CHN;DEU;IND;KOR;JPN;GBR;FRA;BRA;EST/indicator/SP.DYN.LE00.IN?format=json&per_page=1000,2026-09-28T17:23:21.218Z,{}
SP.DYN.LE00.IN,SP.DYN.LE00.IN--est,Estonia,EST,"Life expectancy at birth, total (years)",1966-12-31,1966,year,1966-01-01,70.1464634146342,lata,annual,observed,https://api.worldbank.org/v2/country/POL;WLD;USA;CHN;DEU;IND;KOR;JPN;GBR;FRA;BRA;EST/indicator/SP.DYN.LE00.IN?format=json&per_page=1000,2026-09-28T17:23:21.218Z,{}
SP.DYN.LE00.IN,SP.DYN.LE00.IN--fra,Francja,FRA,"Life expectancy at birth, total (years)",1966-12-31,1966,year,1966-01-01,70.9609756097561,lata,annual,observed,https://api.worldbank.org/v2/country/POL;WLD;USA;CHN;DEU;IND;KOR;JPN;GBR;FRA;BRA;EST/indicator/SP.DYN.LE00.IN?format=json&per_page=1000,2026-09-28T17:23:21.218Z,{}
SP.DYN.LE00.IN,SP.DYN.LE00.IN--gbr,Wielka Brytania,GBR,"Life expectancy at birth, total (years)",1966-12-31,1966,year,1966-01-01,71.5731707317073,lata,annual,observed,https://api.worldbank.org/v2/country/POL;WLD;USA;CHN;DEU;IND;KOR;JPN;GBR;FRA;BRA;EST/indicator/SP.DYN.LE00.IN?format=json&per_page=1000,2026-09-28T17:23:21.218Z,{}
SP.DYN.LE00.IN,SP.DYN.LE00.IN--ind,Indie,IND,"Life expectancy at birth, total (years)",1966-12-31,1966,year,1966-01-01,45.884,lata,annual,observed,https://api.worldbank.org/v2/country/POL;WLD;USA;CHN;DEU;IND;KOR;JPN;GBR;FRA;BRA;EST/indicator/SP.DYN.LE00.IN?format=json&per_page=1000,2026-09-28T17:23:21.218Z,{}
SP.DYN.LE00.IN,SP.DYN.LE00.IN--jpn,Japonia,JPN,"Life expectancy at birth, total (years)",1966-12-31,1966,year,1966-01-01,70.9158536585366,lata,annual,observed,https://api.worldbank.org/v2/country/POL;WLD;USA;CHN;DEU;IND;KOR;JPN;GBR;FRA;BRA;EST/indicator/SP.DYN.LE00.IN?format=json&per_page=1000,2026-09-28T17:23:21.218Z,{}
SP.DYN.LE00.IN,SP.DYN.LE00.IN--kor,Korea Płd.,KOR,"Life expectancy at birth, total (years)",1966-12-31,1966,year,1966-01-01,55.5229756097561,lata,annual,observed,https://api.worldbank.org/v2/country/POL;WLD;USA;CHN;DEU;IND;KOR;JPN;GBR;FRA;BRA;EST/indicator/SP.DYN.LE00.IN?format=json&per_page=1000,2026-09-28T17:23:21.218Z,{}
SP.DYN.LE00.IN,SP.DYN.LE00.IN--pol,Polska,POL,"Life expectancy at birth, total (years)",1966-12-31,1966,year,1966-01-01,69.8268292682927,lata,annual,observed,https://api.worldbank.org/v2/country/POL;WLD;USA;CHN;DEU;IND;KOR;JPN;GBR;FRA;BRA;EST/indicator/SP.DYN.LE00.IN?format=json&per_page=1000,2026-09-28T17:23:21.218Z,{}
SP.DYN.LE00.IN,SP.DYN.LE00.IN--usa,USA,USA,"Life expectancy at birth, total (years)",1966-12-31,1966,year,1966-01-01,70.2121951219512,lata,annual,observed,https://api.worldbank.org/v2/country/POL;WLD;USA;CHN;DEU;IND;KOR;JPN;GBR;FRA;BRA;EST/indicator/SP.DYN.LE00.IN?format=json&per_page=1000,2026-09-28T17:23:21.218Z,{}
SP.DYN.LE00.IN,SP.DYN.LE00.IN--wld,Świat,WLD,"Life expectancy at birth, total (years)",1966-12-31,1966,year,1966-01-01,56.44915720267,lata,annual,observed,https://api.worldbank.org/v2/country/POL;WLD;USA;CHN;DEU;IND;KOR;JPN;GBR;FRA;BRA;EST/indicator/SP.DYN.LE00.IN?format=json&per_page=1000,2026-09-28T17:23:21.218Z,{}
SP.DYN.LE00.IN,SP.DYN.LE00.IN--bra,Brazylia,BRA,"Life expectancy at birth, total (years)",1967-12-31,1967,year,1967-01-01,56.016,lata,annual,observed,https://api.worldbank.org/v2/country/POL;WLD;USA;CHN;DEU;IND;KOR;JPN;GBR;FRA;BRA;EST/indicator/SP.DYN.LE00.IN?format=json&per_page=1000,2026-09-28T17:23:21.218Z,{}
SP.DYN.LE00.IN,SP.DYN.LE00.IN--chn,Chiny,CHN,"Life expectancy at birth, total (years)",1967-12-31,1967,year,1967-01-01,54.401,lata,annual,observed,https://api.worldbank.org/v2/country/POL;WLD;USA;CHN;DEU;IND;KOR;JPN;GBR;FRA;BRA;EST/indicator/SP.DYN.LE00.IN?format=json&per_page=1000,2026-09-28T17:23:21.218Z,{}
SP.DYN.LE00.IN,SP.DYN.LE00.IN--deu,Niemcy,DEU,"Life expectancy at birth, total (years)",1967-12-31,1967,year,1967-01-01,70.7317317073171,lata,annual,observed,https://api.worldbank.org/v2/country/POL;WLD;USA;CHN;DEU;IND;KOR;JPN;GBR;FRA;BRA;EST/indicator/SP.DYN.LE00.IN?format=json&per_page=1000,2026-09-28T17:23:21.218Z,{}
SP.DYN.LE00.IN,SP.DYN.LE00.IN--est,Estonia,EST,"Life expectancy at birth, total (years)",1967-12-31,1967,year,1967-01-01,70.4324146341464,lata,annual,observed,https://api.worldbank.org/v2/country/POL;WLD;USA;CHN;DEU;IND;KOR;JPN;GBR;FRA;BRA;EST/indicator/SP.DYN.LE00.IN?format=json&per_page=1000,2026-09-28T17:23:21.218Z,{}
SP.DYN.LE00.IN,SP.DYN.LE00.IN--fra,Francja,FRA,"Life expectancy at birth, total (years)",1967-12-31,1967,year,1967-01-01,71.1609756097561,lata,annual,observed,https://api.worldbank.org/v2/country/POL;WLD;USA;CHN;DEU;IND;KOR;JPN;GBR;FRA;BRA;EST/indicator/SP.DYN.LE00.IN?format=json&per_page=1000,2026-09-28T17:23:21.218Z,{}
SP.DYN.LE00.IN,SP.DYN.LE00.IN--gbr,Wielka Brytania,GBR,"Life expectancy at birth, total (years)",1967-12-31,1967,year,1967-01-01,72.1243902439024,lata,annual,observed,https://api.worldbank.org/v2/country/POL;WLD;USA;CHN;DEU;IND;KOR;JPN;GBR;FRA;BRA;EST/indicator/SP.DYN.LE00.IN?format=json&per_page=1000,2026-09-28T17:23:21.218Z,{}
SP.DYN.LE00.IN,SP.DYN.LE00.IN--ind,Indie,IND,"Life expectancy at birth, total (years)",1967-12-31,1967,year,1967-01-01,46.184,lata,annual,observed,https://api.worldbank.org/v2/country/POL;WLD;USA;CHN;DEU;IND;KOR;JPN;GBR;FRA;BRA;EST/indicator/SP.DYN.LE00.IN?format=json&per_page=1000,2026-09-28T17:23:21.218Z,{}
SP.DYN.LE00.IN,SP.DYN.LE00.IN--jpn,Japonia,JPN,"Life expectancy at birth, total (years)",1967-12-31,1967,year,1967-01-01,71.4660975609756,lata,annual,observed,https://api.worldbank.org/v2/country/POL;WLD;USA;CHN;DEU;IND;KOR;JPN;GBR;FRA;BRA;EST/indicator/SP.DYN.LE00.IN?format=json&per_page=1000,2026-09-28T17:23:21.218Z,{}
SP.DYN.LE00.IN,SP.DYN.LE00.IN--kor,Korea Płd.,KOR,"Life expectancy at birth, total (years)",1967-12-31,1967,year,1967-01-01,60.9287317073171,lata,annual,observed,https://api.worldbank.org/v2/country/POL;WLD;USA;CHN;DEU;IND;KOR;JPN;GBR;FRA;BRA;EST/indicator/SP.DYN.LE00.IN?format=json&per_page=1000,2026-09-28T17:23:21.218Z,{}
SP.DYN.LE00.IN,SP.DYN.LE00.IN--pol,Polska,POL,"Life expectancy at birth, total (years)",1967-12-31,1967,year,1967-01-01,69.4243902439024,lata,annual,observed,https://api.worldbank.org/v2/country/POL;WLD;USA;CHN;DEU;IND;KOR;JPN;GBR;FRA;BRA;EST/indicator/SP.DYN.LE00.IN?format=json&per_page=1000,2026-09-28T17:23:21.218Z,{}
SP.DYN.LE00.IN,SP.DYN.LE00.IN--usa,USA,USA,"Life expectancy at birth, total (years)",1967-12-31,1967,year,1967-01-01,70.5609756097561,lata,annual,observed,https://api.worldbank.org/v2/country/POL;WLD;USA;CHN;DEU;IND;KOR;JPN;GBR;FRA;BRA;EST/indicator/SP.DYN.LE00.IN?format=json&per_page=1000,2026-09-28T17:23:21.218Z,{}
SP.DYN.LE00.IN,SP.DYN.LE00.IN--wld,Świat,WLD,"Life expectancy at birth, total (years)",1967-12-31,1967,year,1967-01-01,56.9040239437714,lata,annual,observed,https://api.worldbank.org/v2/country/POL;WLD;USA;CHN;DEU;IND;KOR;JPN;GBR;FRA;BRA;EST/indicator/SP.DYN.LE00.IN?format=json&per_page=1000,2026-09-28T17:23:21.218Z,{}
SP.DYN.LE00.IN,SP.DYN.LE00.IN--bra,Brazylia,BRA,"Life expectancy at birth, total (years)",1968-12-31,1968,year,1968-01-01,56.47,lata,annual,observed,https://api.worldbank.org/v2/country/POL;WLD;USA;CHN;DEU;IND;KOR;JPN;GBR;FRA;BRA;EST/indicator/SP.DYN.LE00.IN?format=json&per_page=1000,2026-09-28T17:23:21.218Z,{}
SP.DYN.LE00.IN,SP.DYN.LE00.IN--chn,Chiny,CHN,"Life expectancy at birth, total (years)",1968-12-31,1968,year,1968-01-01,55.191,lata,annual,observed,https://api.worldbank.org/v2/country/POL;WLD;USA;CHN;DEU;IND;KOR;JPN;GBR;FRA;BRA;EST/indicator/SP.DYN.LE00.IN?format=json&per_page=1000,2026-09-28T17:23:21.218Z,{}
SP.DYN.LE00.IN,SP.DYN.LE00.IN--deu,Niemcy,DEU,"Life expectancy at birth, total (years)",1968-12-31,1968,year,1968-01-01,70.3784634146342,lata,annual,observed,https://api.worldbank.org/v2/country/POL;WLD;USA;CHN;DEU;IND;KOR;JPN;GBR;FRA;BRA;EST/indicator/SP.DYN.LE00.IN?format=json&per_page=1000,2026-09-28T17:23:21.218Z,{}
SP.DYN.LE00.IN,SP.DYN.LE00.IN--est,Estonia,EST,"Life expectancy at birth, total (years)",1968-12-31,1968,year,1968-01-01,70.0807804878049,lata,annual,observed,https://api.worldbank.org/v2/country/POL;WLD;USA;CHN;DEU;IND;KOR;JPN;GBR;FRA;BRA;EST/indicator/SP.DYN.LE00.IN?format=json&per_page=1000,2026-09-28T17:23:21.218Z,{}
SP.DYN.LE00.IN,SP.DYN.LE00.IN--fra,Francja,FRA,"Life expectancy at birth, total (years)",1968-12-31,1968,year,1968-01-01,71.309756097561,lata,annual,observed,https://api.worldbank.org/v2/country/POL;WLD;USA;CHN;DEU;IND;KOR;JPN;GBR;FRA;BRA;EST/indicator/SP.DYN.LE00.IN?format=json&per_page=1000,2026-09-28T17:23:21.218Z,{}
SP.DYN.LE00.IN,SP.DYN.LE00.IN--gbr,Wielka Brytania,GBR,"Life expectancy at birth, total (years)",1968-12-31,1968,year,1968-01-01,71.7243902439025,lata,annual,observed,https://api.worldbank.org/v2/country/POL;WLD;USA;CHN;DEU;IND;KOR;JPN;GBR;FRA;BRA;EST/indicator/SP.DYN.LE00.IN?format=json&per_page=1000,2026-09-28T17:23:21.218Z,{}
SP.DYN.LE00.IN,SP.DYN.LE00.IN--ind,Indie,IND,"Life expectancy at birth, total (years)",1968-12-31,1968,year,1968-01-01,47.925,lata,annual,observed,https://api.worldbank.org/v2/country/POL;WLD;USA;CHN;DEU;IND;KOR;JPN;GBR;FRA;BRA;EST/indicator/SP.DYN.LE00.IN?format=json&per_page=1000,2026-09-28T17:23:21.218Z,{}
SP.DYN.LE00.IN,SP.DYN.LE00.IN--jpn,Japonia,JPN,"Life expectancy at birth, total (years)",1968-12-31,1968,year,1968-01-01,71.6109756097561,lata,annual,observed,https://api.worldbank.org/v2/country/POL;WLD;USA;CHN;DEU;IND;KOR;JPN;GBR;FRA;BRA;EST/indicator/SP.DYN.LE00.IN?format=json&per_page=1000,2026-09-28T17:23:21.218Z,{}
SP.DYN.LE00.IN,SP.DYN.LE00.IN--kor,Korea Płd.,KOR,"Life expectancy at birth, total (years)",1968-12-31,1968,year,1968-01-01,60.9432682926829,lata,annual,observed,https://api.worldbank.org/v2/country/POL;WLD;USA;CHN;DEU;IND;KOR;JPN;GBR;FRA;BRA;EST/indicator/SP.DYN.LE00.IN?format=json&per_page=1000,2026-09-28T17:23:21.218Z,{}
SP.DYN.LE00.IN,SP.DYN.LE00.IN--pol,Polska,POL,"Life expectancy at birth, total (years)",1968-12-31,1968,year,1968-01-01,70.219512195122,lata,annual,observed,https://api.worldbank.org/v2/country/POL;WLD;USA;CHN;DEU;IND;KOR;JPN;GBR;FRA;BRA;EST/indicator/SP.DYN.LE00.IN?format=json&per_page=1000,2026-09-28T17:23:21.218Z,{}
SP.DYN.LE00.IN,SP.DYN.LE00.IN--usa,USA,USA,"Life expectancy at birth, total (years)",1968-12-31,1968,year,1968-01-01,69.9512195121951,lata,annual,observed,https://api.worldbank.org/v2/country/POL;WLD;USA;CHN;DEU;IND;KOR;JPN;GBR;FRA;BRA;EST/indicator/SP.DYN.LE00.IN?format=json&per_page=1000,2026-09-28T17:23:21.218Z,{}
SP.DYN.LE00.IN,SP.DYN.LE00.IN--wld,Świat,WLD,"Life expectancy at birth, total (years)",1968-12-31,1968,year,1968-01-01,57.3357035221963,lata,annual,observed,https://api.worldbank.org/v2/country/POL;WLD;USA;CHN;DEU;IND;KOR;JPN;GBR;FRA;BRA;EST/indicator/SP.DYN.LE00.IN?format=json&per_page=1000,2026-09-28T17:23:21.218Z,{}
SP.DYN.LE00.IN,SP.DYN.LE00.IN--bra,Brazylia,BRA,"Life expectancy at birth, total (years)",1969-12-31,1969,year,1969-01-01,56.898,lata,annual,observed,https://api.worldbank.org/v2/country/POL;WLD;USA;CHN;DEU;IND;KOR;JPN;GBR;FRA;BRA;EST/indicator/SP.DYN.LE00.IN?format=json&per_page=1000,2026-09-28T17:23:21.218Z,{}
SP.DYN.LE00.IN,SP.DYN.LE00.IN--chn,Chiny,CHN,"Life expectancy at birth, total (years)",1969-12-31,1969,year,1969-01-01,55.988,lata,annual,observed,https://api.worldbank.org/v2/country/POL;WLD;USA;CHN;DEU;IND;KOR;JPN;GBR;FRA;BRA;EST/indicator/SP.DYN.LE00.IN?format=json&per_page=1000,2026-09-28T17:23:21.218Z,{}
SP.DYN.LE00.IN,SP.DYN.LE00.IN--deu,Niemcy,DEU,"Life expectancy at birth, total (years)",1969-12-31,1969,year,1969-01-01,70.2288048780488,lata,annual,observed,https://api.worldbank.org/v2/country/POL;WLD;USA;CHN;DEU;IND;KOR;JPN;GBR;FRA;BRA;EST/indicator/SP.DYN.LE00.IN?format=json&per_page=1000,2026-09-28T17:23:21.218Z,{}
SP.DYN.LE00.IN,SP.DYN.LE00.IN--est,Estonia,EST,"Life expectancy at birth, total (years)",1969-12-31,1969,year,1969-01-01,69.7894634146342,lata,annual,observed,https://api.worldbank.org/v2/country/POL;WLD;USA;CHN;DEU;IND;KOR;JPN;GBR;FRA;BRA;EST/indicator/SP.DYN.LE00.IN?format=json&per_page=1000,2026-09-28T17:23:21.218Z,{}
SP.DYN.LE00.IN,SP.DYN.LE00.IN--fra,Francja,FRA,"Life expectancy at birth, total (years)",1969-12-31,1969,year,1969-01-01,71.4585365853659,lata,annual,observed,https://api.worldbank.org/v2/country/POL;WLD;USA;CHN;DEU;IND;KOR;JPN;GBR;FRA;BRA;EST/indicator/SP.DYN.LE00.IN?format=json&per_page=1000,2026-09-28T17:23:21.218Z,{}
SP.DYN.LE00.IN,SP.DYN.LE00.IN--gbr,Wielka Brytania,GBR,"Life expectancy at birth, total (years)",1969-12-31,1969,year,1969-01-01,71.7219512195122,lata,annual,observed,https://api.worldbank.org/v2/country/POL;WLD;USA;CHN;DEU;IND;KOR;JPN;GBR;FRA;BRA;EST/indicator/SP.DYN.LE00.IN?format=json&per_page=1000,2026-09-28T17:23:21.218Z,{}
SP.DYN.LE00.IN,SP.DYN.LE00.IN--ind,Indie,IND,"Life expectancy at birth, total (years)",1969-12-31,1969,year,1969-01-01,48.26,lata,annual,observed,https://api.worldbank.org/v2/country/POL;WLD;USA;CHN;DEU;IND;KOR;JPN;GBR;FRA;BRA;EST/indicator/SP.DYN.LE00.IN?format=json&per_page=1000,2026-09-28T17:23:21.218Z,{}
SP.DYN.LE00.IN,SP.DYN.LE00.IN--jpn,Japonia,JPN,"Life expectancy at birth, total (years)",1969-12-31,1969,year,1969-01-01,71.8580487804878,lata,annual,observed,https://api.worldbank.org/v2/country/POL;WLD;USA;CHN;DEU;IND;KOR;JPN;GBR;FRA;BRA;EST/indicator/SP.DYN.LE00.IN?format=json&per_page=1000,2026-09-28T17:23:21.218Z,{}
SP.DYN.LE00.IN,SP.DYN.LE00.IN--kor,Korea Płd.,KOR,"Life expectancy at birth, total (years)",1969-12-31,1969,year,1969-01-01,61.4829024390244,lata,annual,observed,https://api.worldbank.org/v2/country/POL;WLD;USA;CHN;DEU;IND;KOR;JPN;GBR;FRA;BRA;EST/indicator/SP.DYN.LE00.IN?format=json&per_page=1000,2026-09-28T17:23:21.218Z,{}
SP.DYN.LE00.IN,SP.DYN.LE00.IN--pol,Polska,POL,"Life expectancy at birth, total (years)",1969-12-31,1969,year,1969-01-01,69.719512195122,lata,annual,observed,https://api.worldbank.org/v2/country/POL;WLD;USA;CHN;DEU;IND;KOR;JPN;GBR;FRA;BRA;EST/indicator/SP.DYN.LE00.IN?format=json&per_page=1000,2026-09-28T17:23:21.218Z,{}
SP.DYN.LE00.IN,SP.DYN.LE00.IN--usa,USA,USA,"Life expectancy at birth, total (years)",1969-12-31,1969,year,1969-01-01,70.5073170731708,lata,annual,observed,https://api.worldbank.org/v2/country/POL;WLD;USA;CHN;DEU;IND;KOR;JPN;GBR;FRA;BRA;EST/indicator/SP.DYN.LE00.IN?format=json&per_page=1000,2026-09-28T17:23:21.218Z,{}
SP.DYN.LE00.IN,SP.DYN.LE00.IN--wld,Świat,WLD,"Life expectancy at birth, total (years)",1969-12-31,1969,year,1969-01-01,57.6804599932799,lata,annual,observed,https://api.worldbank.org/v2/country/POL;WLD;USA;CHN;DEU;IND;KOR;JPN;GBR;FRA;BRA;EST/indicator/SP.DYN.LE00.IN?format=json&per_page=1000,2026-09-28T17:23:21.218Z,{}
SP.DYN.LE00.IN,SP.DYN.LE00.IN--bra,Brazylia,BRA,"Life expectancy at birth, total (years)",1970-12-31,1970,year,1970-01-01,57.338,lata,annual,observed,https://api.worldbank.org/v2/country/POL;WLD;USA;CHN;DEU;IND;KOR;JPN;GBR;FRA;BRA;EST/indicator/SP.DYN.LE00.IN?format=json&per_page=1000,2026-09-28T17:23:21.218Z,{}
SP.DYN.LE00.IN,SP.DYN.LE00.IN--chn,Chiny,CHN,"Life expectancy at birth, total (years)",1970-12-31,1970,year,1970-01-01,56.824,lata,annual,observed,https://api.worldbank.org/v2/country/POL;WLD;USA;CHN;DEU;IND;KOR;JPN;GBR;FRA;BRA;EST/indicator/SP.DYN.LE00.IN?format=json&per_page=1000,2026-09-28T17:23:21.218Z,{}
SP.DYN.LE00.IN,SP.DYN.LE00.IN--deu,Niemcy,DEU,"Life expectancy at birth, total (years)",1970-12-31,1970,year,1970-01-01,70.4471951219512,lata,annual,observed,https://api.worldbank.org/v2/country/POL;WLD;USA;CHN;DEU;IND;KOR;JPN;GBR;FRA;BRA;EST/indicator/SP.DYN.LE00.IN?format=json&per_page=1000,2026-09-28T17:23:21.218Z,{}
SP.DYN.LE00.IN,SP.DYN.LE00.IN--est,Estonia,EST,"Life expectancy at birth, total (years)",1970-12-31,1970,year,1970-01-01,69.9242195121951,lata,annual,observed,https://api.worldbank.org/v2/country/POL;WLD;USA;CHN;DEU;IND;KOR;JPN;GBR;FRA;BRA;EST/indicator/SP.DYN.LE00.IN?format=json&per_page=1000,2026-09-28T17:23:21.218Z,{}
SP.DYN.LE00.IN,SP.DYN.LE00.IN--fra,Francja,FRA,"Life expectancy at birth, total (years)",1970-12-31,1970,year,1970-01-01,71.6585365853659,lata,annual,observed,https://api.worldbank.org/v2/country/POL;WLD;USA;CHN;DEU;IND;KOR;JPN;GBR;FRA;BRA;EST/indicator/SP.DYN.LE00.IN?format=json&per_page=1000,2026-09-28T17:23:21.218Z,{}
SP.DYN.LE00.IN,SP.DYN.LE00.IN--gbr,Wielka Brytania,GBR,"Life expectancy at birth, total (years)",1970-12-31,1970,year,1970-01-01,71.9731707317073,lata,annual,observed,https://api.worldbank.org/v2/country/POL;WLD;USA;CHN;DEU;IND;KOR;JPN;GBR;FRA;BRA;EST/indicator/SP.DYN.LE00.IN?format=json&per_page=1000,2026-09-28T17:23:21.218Z,{}
SP.DYN.LE00.IN,SP.DYN.LE00.IN--ind,Indie,IND,"Life expectancy at birth, total (years)",1970-12-31,1970,year,1970-01-01,48.585,lata,annual,observed,https://api.worldbank.org/v2/country/POL;WLD;USA;CHN;DEU;IND;KOR;JPN;GBR;FRA;BRA;EST/indicator/SP.DYN.LE00.IN?format=json&per_page=1000,2026-09-28T17:23:21.218Z,{}
SP.DYN.LE00.IN,SP.DYN.LE00.IN--jpn,Japonia,JPN,"Life expectancy at birth, total (years)",1970-12-31,1970,year,1970-01-01,71.919756097561,lata,annual,observed,https://api.worldbank.org/v2/country/POL;WLD;USA;CHN;DEU;IND;KOR;JPN;GBR;FRA;BRA;EST/indicator/SP.DYN.LE00.IN?format=json&per_page=1000,2026-09-28T17:23:21.218Z,{}
SP.DYN.LE00.IN,SP.DYN.LE00.IN--kor,Korea Płd.,KOR,"Life expectancy at birth, total (years)",1970-12-31,1970,year,1970-01-01,62.1634146341463,lata,annual,observed,https://api.worldbank.org/v2/country/POL;WLD;USA;CHN;DEU;IND;KOR;JPN;GBR;FRA;BRA;EST/indicator/SP.DYN.LE00.IN?format=json&per_page=1000,2026-09-28T17:23:21.218Z,{}
SP.DYN.LE00.IN,SP.DYN.LE00.IN--pol,Polska,POL,"Life expectancy at birth, total (years)",1970-12-31,1970,year,1970-01-01,69.8682926829268,lata,annual,observed,https://api.worldbank.org/v2/country/POL;WLD;USA;CHN;DEU;IND;KOR;JPN;GBR;FRA;BRA;EST/indicator/SP.DYN.LE00.IN?format=json&per_page=1000,2026-09-28T17:23:21.218Z,{}
SP.DYN.LE00.IN,SP.DYN.LE00.IN--usa,USA,USA,"Life expectancy at birth, total (years)",1970-12-31,1970,year,1970-01-01,70.8073170731707,lata,annual,observed,https://api.worldbank.org/v2/country/POL;WLD;USA;CHN;DEU;IND;KOR;JPN;GBR;FRA;BRA;EST/indicator/SP.DYN.LE00.IN?format=json&per_page=1000,2026-09-28T17:23:21.218Z,{}
SP.DYN.LE00.IN,SP.DYN.LE00.IN--wld,Świat,WLD,"Life expectancy at birth, total (years)",1970-12-31,1970,year,1970-01-01,57.9372947120442,lata,annual,observed,https://api.worldbank.org/v2/country/POL;WLD;USA;CHN;DEU;IND;KOR;JPN;GBR;FRA;BRA;EST/indicator/SP.DYN.LE00.IN?format=json&per_page=1000,2026-09-28T17:23:21.218Z,{}
SP.DYN.LE00.IN,SP.DYN.LE00.IN--bra,Brazylia,BRA,"Life expectancy at birth, total (years)",1971-12-31,1971,year,1971-01-01,57.786,lata,annual,observed,https://api.worldbank.org/v2/country/POL;WLD;USA;CHN;DEU;IND;KOR;JPN;GBR;FRA;BRA;EST/indicator/SP.DYN.LE00.IN?format=json&per_page=1000,2026-09-28T17:23:21.218Z,{}
SP.DYN.LE00.IN,SP.DYN.LE00.IN--chn,Chiny,CHN,"Life expectancy at birth, total (years)",1971-12-31,1971,year,1971-01-01,57.731,lata,annual,observed,https://api.worldbank.org/v2/country/POL;WLD;USA;CHN;DEU;IND;KOR;JPN;GBR;FRA;BRA;EST/indicator/SP.DYN.LE00.IN?format=json&per_page=1000,2026-09-28T17:23:21.218Z,{}
SP.DYN.LE00.IN,SP.DYN.LE00.IN--deu,Niemcy,DEU,"Life expectancy at birth, total (years)",1971-12-31,1971,year,1971-01-01,70.676756097561,lata,annual,observed,https://api.worldbank.org/v2/country/POL;WLD;USA;CHN;DEU;IND;KOR;JPN;GBR;FRA;BRA;EST/indicator/SP.DYN.LE00.IN?format=json&per_page=1000,2026-09-28T17:23:21.218Z,{}
SP.DYN.LE00.IN,SP.DYN.LE00.IN--est,Estonia,EST,"Life expectancy at birth, total (years)",1971-12-31,1971,year,1971-01-01,70.1225609756098,lata,annual,observed,https://api.worldbank.org/v2/country/POL;WLD;USA;CHN;DEU;IND;KOR;JPN;GBR;FRA;BRA;EST/indicator/SP.DYN.LE00.IN?format=json&per_page=1000,2026-09-28T17:23:21.218Z,{}
SP.DYN.LE00.IN,SP.DYN.LE00.IN--fra,Francja,FRA,"Life expectancy at birth, total (years)",1971-12-31,1971,year,1971-01-01,71.9073170731707,lata,annual,observed,https://api.worldbank.org/v2/country/POL;WLD;USA;CHN;DEU;IND;KOR;JPN;GBR;FRA;BRA;EST/indicator/SP.DYN.LE00.IN?format=json&per_page=1000,2026-09-28T17:23:21.218Z,{}
SP.DYN.LE00.IN,SP.DYN.LE00.IN--gbr,Wielka Brytania,GBR,"Life expectancy at birth, total (years)",1971-12-31,1971,year,1971-01-01,72.2731707317073,lata,annual,observed,https://api.worldbank.org/v2/country/POL;WLD;USA;CHN;DEU;IND;KOR;JPN;GBR;FRA;BRA;EST/indicator/SP.DYN.LE00.IN?format=json&per_page=1000,2026-09-28T17:23:21.218Z,{}
SP.DYN.LE00.IN,SP.DYN.LE00.IN--ind,Indie,IND,"Life expectancy at birth, total (years)",1971-12-31,1971,year,1971-01-01,48.902,lata,annual,observed,https://api.worldbank.org/v2/country/POL;WLD;USA;CHN;DEU;IND;KOR;JPN;GBR;FRA;BRA;EST/indicator/SP.DYN.LE00.IN?format=json&per_page=1000,2026-09-28T17:23:21.218Z,{}
SP.DYN.LE00.IN,SP.DYN.LE00.IN--jpn,Japonia,JPN,"Life expectancy at birth, total (years)",1971-12-31,1971,year,1971-01-01,72.8090243902439,lata,annual,observed,https://api.worldbank.org/v2/country/POL;WLD;USA;CHN;DEU;IND;KOR;JPN;GBR;FRA;BRA;EST/indicator/SP.DYN.LE00.IN?format=json&per_page=1000,2026-09-28T17:23:21.218Z,{}
SP.DYN.LE00.IN,SP.DYN.LE00.IN--kor,Korea Płd.,KOR,"Life expectancy at birth, total (years)",1971-12-31,1971,year,1971-01-01,62.6121951219512,lata,annual,observed,https://api.worldbank.org/v2/country/POL;WLD;USA;CHN;DEU;IND;KOR;JPN;GBR;FRA;BRA;EST/indicator/SP.DYN.LE00.IN?format=json&per_page=1000,2026-09-28T17:23:21.218Z,{}
SP.DYN.LE00.IN,SP.DYN.LE00.IN--pol,Polska,POL,"Life expectancy at birth, total (years)",1971-12-31,1971,year,1971-01-01,69.6121951219512,lata,annual,observed,https://api.worldbank.org/v2/country/POL;WLD;USA;CHN;DEU;IND;KOR;JPN;GBR;FRA;BRA;EST/indicator/SP.DYN.LE00.IN?format=json&per_page=1000,2026-09-28T17:23:21.218Z,{}
SP.DYN.LE00.IN,SP.DYN.LE00.IN--usa,USA,USA,"Life expectancy at birth, total (years)",1971-12-31,1971,year,1971-01-01,71.1073170731707,lata,annual,observed,https://api.worldbank.org/v2/country/POL;WLD;USA;CHN;DEU;IND;KOR;JPN;GBR;FRA;BRA;EST/indicator/SP.DYN.LE00.IN?format=json&per_page=1000,2026-09-28T17:23:21.218Z,{}
SP.DYN.LE00.IN,SP.DYN.LE00.IN--wld,Świat,WLD,"Life expectancy at birth, total (years)",1971-12-31,1971,year,1971-01-01,58.0247486866482,lata,annual,observed,https://api.worldbank.org/v2/country/POL;WLD;USA;CHN;DEU;IND;KOR;JPN;GBR;FRA;BRA;EST/indicator/SP.DYN.LE00.IN?format=json&per_page=1000,2026-09-28T17:23:21.218Z,{}
SP.DYN.LE00.IN,SP.DYN.LE00.IN--bra,Brazylia,BRA,"Life expectancy at birth, total (years)",1972-12-31,1972,year,1972-01-01,58.255,lata,annual,observed,https://api.worldbank.org/v2/country/POL;WLD;USA;CHN;DEU;IND;KOR;JPN;GBR;FRA;BRA;EST/indicator/SP.DYN.LE00.IN?format=json&per_page=1000,2026-09-28T17:23:21.218Z,{}
SP.DYN.LE00.IN,SP.DYN.LE00.IN--chn,Chiny,CHN,"Life expectancy at birth, total (years)",1972-12-31,1972,year,1972-01-01,58.579,lata,annual,observed,https://api.worldbank.org/v2/country/POL;WLD;USA;CHN;DEU;IND;KOR;JPN;GBR;FRA;BRA;EST/indicator/SP.DYN.LE00.IN?format=json&per_page=1000,2026-09-28T17:23:21.218Z,{}
SP.DYN.LE00.IN,SP.DYN.LE00.IN--deu,Niemcy,DEU,"Life expectancy at birth, total (years)",1972-12-31,1972,year,1972-01-01,70.9067073170732,lata,annual,observed,https://api.worldbank.org/v2/country/POL;WLD;USA;CHN;DEU;IND;KOR;JPN;GBR;FRA;BRA;EST/indicator/SP.DYN.LE00.IN?format=json&per_page=1000,2026-09-28T17:23:21.218Z,{}
SP.DYN.LE00.IN,SP.DYN.LE00.IN--est,Estonia,EST,"Life expectancy at birth, total (years)",1972-12-31,1972,year,1972-01-01,69.9291951219512,lata,annual,observed,https://api.worldbank.org/v2/country/POL;WLD;USA;CHN;DEU;IND;KOR;JPN;GBR;FRA;BRA;EST/indicator/SP.DYN.LE00.IN?format=json&per_page=1000,2026-09-28T17:23:21.218Z,{}
SP.DYN.LE00.IN,SP.DYN.LE00.IN--fra,Francja,FRA,"Life expectancy at birth, total (years)",1972-12-31,1972,year,1972-01-01,72.1073170731707,lata,annual,observed,https://api.worldbank.org/v2/country/POL;WLD;USA;CHN;DEU;IND;KOR;JPN;GBR;FRA;BRA;EST/indicator/SP.DYN.LE00.IN?format=json&per_page=1000,2026-09-28T17:23:21.218Z,{}
SP.DYN.LE00.IN,SP.DYN.LE00.IN--gbr,Wielka Brytania,GBR,"Life expectancy at birth, total (years)",1972-12-31,1972,year,1972-01-01,72.1243902439024,lata,annual,observed,https://api.worldbank.org/v2/country/POL;WLD;USA;CHN;DEU;IND;KOR;JPN;GBR;FRA;BRA;EST/indicator/SP.DYN.LE00.IN?format=json&per_page=1000,2026-09-28T17:23:21.218Z,{}
SP.DYN.LE00.IN,SP.DYN.LE00.IN--ind,Indie,IND,"Life expectancy at birth, total (years)",1972-12-31,1972,year,1972-01-01,49.213,lata,annual,observed,https://api.worldbank.org/v2/country/POL;WLD;USA;CHN;DEU;IND;KOR;JPN;GBR;FRA;BRA;EST/indicator/SP.DYN.LE00.IN?format=json&per_page=1000,2026-09-28T17:23:21.218Z,{}
SP.DYN.LE00.IN,SP.DYN.LE00.IN--jpn,Japonia,JPN,"Life expectancy at birth, total (years)",1972-12-31,1972,year,1972-01-01,73.1536585365854,lata,annual,observed,https://api.worldbank.org/v2/country/POL;WLD;USA;CHN;DEU;IND;KOR;JPN;GBR;FRA;BRA;EST/indicator/SP.DYN.LE00.IN?format=json&per_page=1000,2026-09-28T17:23:21.218Z,{}
SP.DYN.LE00.IN,SP.DYN.LE00.IN--kor,Korea Płd.,KOR,"Life expectancy at birth, total (years)",1972-12-31,1972,year,1972-01-01,63.009756097561,lata,annual,observed,https://api.worldbank.org/v2/country/POL;WLD;USA;CHN;DEU;IND;KOR;JPN;GBR;FRA;BRA;EST/indicator/SP.DYN.LE00.IN?format=json&per_page=1000,2026-09-28T17:23:21.218Z,{}
SP.DYN.LE00.IN,SP.DYN.LE00.IN--pol,Polska,POL,"Life expectancy at birth, total (years)",1972-12-31,1972,year,1972-01-01,70.6658536585366,lata,annual,observed,https://api.worldbank.org/v2/country/POL;WLD;USA;CHN;DEU;IND;KOR;JPN;GBR;FRA;BRA;EST/indicator/SP.DYN.LE00.IN?format=json&per_page=1000,2026-09-28T17:23:21.218Z,{}
SP.DYN.LE00.IN,SP.DYN.LE00.IN--usa,USA,USA,"Life expectancy at birth, total (years)",1972-12-31,1972,year,1972-01-01,71.1560975609756,lata,annual,observed,https://api.worldbank.org/v2/country/POL;WLD;USA;CHN;DEU;IND;KOR;JPN;GBR;FRA;BRA;EST/indicator/SP.DYN.LE00.IN?format=json&per_page=1000,2026-09-28T17:23:21.218Z,{}
SP.DYN.LE00.IN,SP.DYN.LE00.IN--wld,Świat,WLD,"Life expectancy at birth, total (years)",1972-12-31,1972,year,1972-01-01,58.8444152506983,lata,annual,observed,https://api.worldbank.org/v2/country/POL;WLD;USA;CHN;DEU;IND;KOR;JPN;GBR;FRA;BRA;EST/indicator/SP.DYN.LE00.IN?format=json&per_page=1000,2026-09-28T17:23:21.218Z,{}
SP.DYN.LE00.IN,SP.DYN.LE00.IN--bra,Brazylia,BRA,"Life expectancy at birth, total (years)",1973-12-31,1973,year,1973-01-01,58.681,lata,annual,observed,https://api.worldbank.org/v2/country/POL;WLD;USA;CHN;DEU;IND;KOR;JPN;GBR;FRA;BRA;EST/indicator/SP.DYN.LE00.IN?format=json&per_page=1000,2026-09-28T17:23:21.218Z,{}
SP.DYN.LE00.IN,SP.DYN.LE00.IN--chn,Chiny,CHN,"Life expectancy at birth, total (years)",1973-12-31,1973,year,1973-01-01,59.496,lata,annual,observed,https://api.worldbank.org/v2/country/POL;WLD;USA;CHN;DEU;IND;KOR;JPN;GBR;FRA;BRA;EST/indicator/SP.DYN.LE00.IN?format=json&per_page=1000,2026-09-28T17:23:21.218Z,{}
SP.DYN.LE00.IN,SP.DYN.LE00.IN--deu,Niemcy,DEU,"Life expectancy at birth, total (years)",1973-12-31,1973,year,1973-01-01,71.1128048780488,lata,annual,observed,https://api.worldbank.org/v2/country/POL;WLD;USA;CHN;DEU;IND;KOR;JPN;GBR;FRA;BRA;EST/indicator/SP.DYN.LE00.IN?format=json&per_page=1000,2026-09-28T17:23:21.218Z,{}
SP.DYN.LE00.IN,SP.DYN.LE00.IN--est,Estonia,EST,"Life expectancy at birth, total (years)",1973-12-31,1973,year,1973-01-01,70.2300243902439,lata,annual,observed,https://api.worldbank.org/v2/country/POL;WLD;USA;CHN;DEU;IND;KOR;JPN;GBR;FRA;BRA;EST/indicator/SP.DYN.LE00.IN?format=json&per_page=1000,2026-09-28T17:23:21.218Z,{}
SP.DYN.LE00.IN,SP.DYN.LE00.IN--fra,Francja,FRA,"Life expectancy at birth, total (years)",1973-12-31,1973,year,1973-01-01,72.3560975609756,lata,annual,observed,https://api.worldbank.org/v2/country/POL;WLD;USA;CHN;DEU;IND;KOR;JPN;GBR;FRA;BRA;EST/indicator/SP.DYN.LE00.IN?format=json&per_page=1000,2026-09-28T17:23:21.218Z,{}
SP.DYN.LE00.IN,SP.DYN.LE00.IN--gbr,Wielka Brytania,GBR,"Life expectancy at birth, total (years)",1973-12-31,1973,year,1973-01-01,72.3243902439024,lata,annual,observed,https://api.worldbank.org/v2/country/POL;WLD;USA;CHN;DEU;IND;KOR;JPN;GBR;FRA;BRA;EST/indicator/SP.DYN.LE00.IN?format=json&per_page=1000,2026-09-28T17:23:21.218Z,{}
SP.DYN.LE00.IN,SP.DYN.LE00.IN--ind,Indie,IND,"Life expectancy at birth, total (years)",1973-12-31,1973,year,1973-01-01,49.642,lata,annual,observed,https://api.worldbank.org/v2/country/POL;WLD;USA;CHN;DEU;IND;KOR;JPN;GBR;FRA;BRA;EST/indicator/SP.DYN.LE00.IN?format=json&per_page=1000,2026-09-28T17:23:21.218Z,{}
SP.DYN.LE00.IN,SP.DYN.LE00.IN--jpn,Japonia,JPN,"Life expectancy at birth, total (years)",1973-12-31,1973,year,1973-01-01,73.2951219512195,lata,annual,observed,https://api.worldbank.org/v2/country/POL;WLD;USA;CHN;DEU;IND;KOR;JPN;GBR;FRA;BRA;EST/indicator/SP.DYN.LE00.IN?format=json&per_page=1000,2026-09-28T17:23:21.218Z,{}
SP.DYN.LE00.IN,SP.DYN.LE00.IN--kor,Korea Płd.,KOR,"Life expectancy at birth, total (years)",1973-12-31,1973,year,1973-01-01,63.4073170731707,lata,annual,observed,https://api.worldbank.org/v2/country/POL;WLD;USA;CHN;DEU;IND;KOR;JPN;GBR;FRA;BRA;EST/indicator/SP.DYN.LE00.IN?format=json&per_page=1000,2026-09-28T17:23:21.218Z,{}
SP.DYN.LE00.IN,SP.DYN.LE00.IN--pol,Polska,POL,"Life expectancy at birth, total (years)",1973-12-31,1973,year,1973-01-01,70.6634146341463,lata,annual,observed,https://api.worldbank.org/v2/country/POL;WLD;USA;CHN;DEU;IND;KOR;JPN;GBR;FRA;BRA;EST/indicator/SP.DYN.LE00.IN?format=json&per_page=1000,2026-09-28T17:23:21.218Z,{}
SP.DYN.LE00.IN,SP.DYN.LE00.IN--usa,USA,USA,"Life expectancy at birth, total (years)",1973-12-31,1973,year,1973-01-01,71.3560975609756,lata,annual,observed,https://api.worldbank.org/v2/country/POL;WLD;USA;CHN;DEU;IND;KOR;JPN;GBR;FRA;BRA;EST/indicator/SP.DYN.LE00.IN?format=json&per_page=1000,2026-09-28T17:23:21.218Z,{}
SP.DYN.LE00.IN,SP.DYN.LE00.IN--wld,Świat,WLD,"Life expectancy at birth, total (years)",1973-12-31,1973,year,1973-01-01,59.2963752109716,lata,annual,observed,https://api.worldbank.org/v2/country/POL;WLD;USA;CHN;DEU;IND;KOR;JPN;GBR;FRA;BRA;EST/indicator/SP.DYN.LE00.IN?format=json&per_page=1000,2026-09-28T17:23:21.218Z,{}
SP.DYN.LE00.IN,SP.DYN.LE00.IN--bra,Brazylia,BRA,"Life expectancy at birth, total (years)",1974-12-31,1974,year,1974-01-01,59.081,lata,annual,observed,https://api.worldbank.org/v2/country/POL;WLD;USA;CHN;DEU;IND;KOR;JPN;GBR;FRA;BRA;EST/indicator/SP.DYN.LE00.IN?format=json&per_page=1000,2026-09-28T17:23:21.218Z,{}
SP.DYN.LE00.IN,SP.DYN.LE00.IN--chn,Chiny,CHN,"Life expectancy at birth, total (years)",1974-12-31,1974,year,1974-01-01,60.241,lata,annual,observed,https://api.worldbank.org/v2/country/POL;WLD;USA;CHN;DEU;IND;KOR;JPN;GBR;FRA;BRA;EST/indicator/SP.DYN.LE00.IN?format=json&per_page=1000,2026-09-28T17:23:21.218Z,{}
SP.DYN.LE00.IN,SP.DYN.LE00.IN--deu,Niemcy,DEU,"Life expectancy at birth, total (years)",1974-12-31,1974,year,1974-01-01,71.4189268292683,lata,annual,observed,https://api.worldbank.org/v2/country/POL;WLD;USA;CHN;DEU;IND;KOR;JPN;GBR;FRA;BRA;EST/indicator/SP.DYN.LE00.IN?format=json&per_page=1000,2026-09-28T17:23:21.218Z,{}
SP.DYN.LE00.IN,SP.DYN.LE00.IN--est,Estonia,EST,"Life expectancy at birth, total (years)",1974-12-31,1974,year,1974-01-01,70.3461951219512,lata,annual,observed,https://api.worldbank.org/v2/country/POL;WLD;USA;CHN;DEU;IND;KOR;JPN;GBR;FRA;BRA;EST/indicator/SP.DYN.LE00.IN?format=json&per_page=1000,2026-09-28T17:23:21.218Z,{}
SP.DYN.LE00.IN,SP.DYN.LE00.IN--fra,Francja,FRA,"Life expectancy at birth, total (years)",1974-12-31,1974,year,1974-01-01,72.6048780487805,lata,annual,observed,https://api.worldbank.org/v2/country/POL;WLD;USA;CHN;DEU;IND;KOR;JPN;GBR;FRA;BRA;EST/indicator/SP.DYN.LE00.IN?format=json&per_page=1000,2026-09-28T17:23:21.218Z,{}
SP.DYN.LE00.IN,SP.DYN.LE00.IN--gbr,Wielka Brytania,GBR,"Life expectancy at birth, total (years)",1974-12-31,1974,year,1974-01-01,72.5243902439024,lata,annual,observed,https://api.worldbank.org/v2/country/POL;WLD;USA;CHN;DEU;IND;KOR;JPN;GBR;FRA;BRA;EST/indicator/SP.DYN.LE00.IN?format=json&per_page=1000,2026-09-28T17:23:21.218Z,{}
SP.DYN.LE00.IN,SP.DYN.LE00.IN--ind,Indie,IND,"Life expectancy at birth, total (years)",1974-12-31,1974,year,1974-01-01,50.259,lata,annual,observed,https://api.worldbank.org/v2/country/POL;WLD;USA;CHN;DEU;IND;KOR;JPN;GBR;FRA;BRA;EST/indicator/SP.DYN.LE00.IN?format=json&per_page=1000,2026-09-28T17:23:21.218Z,{}
SP.DYN.LE00.IN,SP.DYN.LE00.IN--jpn,Japonia,JPN,"Life expectancy at birth, total (years)",1974-12-31,1974,year,1974-01-01,73.6721951219512,lata,annual,observed,https://api.worldbank.org/v2/country/POL;WLD;USA;CHN;DEU;IND;KOR;JPN;GBR;FRA;BRA;EST/indicator/SP.DYN.LE00.IN?format=json&per_page=1000,2026-09-28T17:23:21.218Z,{}
SP.DYN.LE00.IN,SP.DYN.LE00.IN--kor,Korea Płd.,KOR,"Life expectancy at birth, total (years)",1974-12-31,1974,year,1974-01-01,63.8048780487805,lata,annual,observed,https://api.worldbank.org/v2/country/POL;WLD;USA;CHN;DEU;IND;KOR;JPN;GBR;FRA;BRA;EST/indicator/SP.DYN.LE00.IN?format=json&per_page=1000,2026-09-28T17:23:21.218Z,{}
SP.DYN.LE00.IN,SP.DYN.LE00.IN--pol,Polska,POL,"Life expectancy at birth, total (years)",1974-12-31,1974,year,1974-01-01,71.1170731707317,lata,annual,observed,https://api.worldbank.org/v2/country/POL;WLD;USA;CHN;DEU;IND;KOR;JPN;GBR;FRA;BRA;EST/indicator/SP.DYN.LE00.IN?format=json&per_page=1000,2026-09-28T17:23:21.218Z,{}
SP.DYN.LE00.IN,SP.DYN.LE00.IN--usa,USA,USA,"Life expectancy at birth, total (years)",1974-12-31,1974,year,1974-01-01,71.9560975609756,lata,annual,observed,https://api.worldbank.org/v2/country/POL;WLD;USA;CHN;DEU;IND;KOR;JPN;GBR;FRA;BRA;EST/indicator/SP.DYN.LE00.IN?format=json&per_page=1000,2026-09-28T17:23:21.218Z,{}
SP.DYN.LE00.IN,SP.DYN.LE00.IN--wld,Świat,WLD,"Life expectancy at birth, total (years)",1974-12-31,1974,year,1974-01-01,59.6998625917946,lata,annual,observed,https://api.worldbank.org/v2/country/POL;WLD;USA;CHN;DEU;IND;KOR;JPN;GBR;FRA;BRA;EST/indicator/SP.DYN.LE00.IN?format=json&per_page=1000,2026-09-28T17:23:21.218Z,{}
SP.DYN.LE00.IN,SP.DYN.LE00.IN--bra,Brazylia,BRA,"Life expectancy at birth, total (years)",1975-12-31,1975,year,1975-01-01,59.556,lata,annual,observed,https://api.worldbank.org/v2/country/POL;WLD;USA;CHN;DEU;IND;KOR;JPN;GBR;FRA;BRA;EST/indicator/SP.DYN.LE00.IN?format=json&per_page=1000,2026-09-28T17:23:21.218Z,{}
SP.DYN.LE00.IN,SP.DYN.LE00.IN--chn,Chiny,CHN,"Life expectancy at birth, total (years)",1975-12-31,1975,year,1975-01-01,60.952,lata,annual,observed,https://api.worldbank.org/v2/country/POL;WLD;USA;CHN;DEU;IND;KOR;JPN;GBR;FRA;BRA;EST/indicator/SP.DYN.LE00.IN?format=json&per_page=1000,2026-09-28T17:23:21.218Z,{}
SP.DYN.LE00.IN,SP.DYN.LE00.IN--deu,Niemcy,DEU,"Life expectancy at birth, total (years)",1975-12-31,1975,year,1975-01-01,71.259243902439,lata,annual,observed,https://api.worldbank.org/v2/country/POL;WLD;USA;CHN;DEU;IND;KOR;JPN;GBR;FRA;BRA;EST/indicator/SP.DYN.LE00.IN?format=json&per_page=1000,2026-09-28T17:23:21.218Z,{}
SP.DYN.LE00.IN,SP.DYN.LE00.IN--est,Estonia,EST,"Life expectancy at birth, total (years)",1975-12-31,1975,year,1975-01-01,69.7081219512195,lata,annual,observed,https://api.worldbank.org/v2/country/POL;WLD;USA;CHN;DEU;IND;KOR;JPN;GBR;FRA;BRA;EST/indicator/SP.DYN.LE00.IN?format=json&per_page=1000,2026-09-28T17:23:21.218Z,{}
SP.DYN.LE00.IN,SP.DYN.LE00.IN--fra,Francja,FRA,"Life expectancy at birth, total (years)",1975-12-31,1975,year,1975-01-01,72.8536585365854,lata,annual,observed,https://api.worldbank.org/v2/country/POL;WLD;USA;CHN;DEU;IND;KOR;JPN;GBR;FRA;BRA;EST/indicator/SP.DYN.LE00.IN?format=json&per_page=1000,2026-09-28T17:23:21.218Z,{}
SP.DYN.LE00.IN,SP.DYN.LE00.IN--gbr,Wielka Brytania,GBR,"Life expectancy at birth, total (years)",1975-12-31,1975,year,1975-01-01,72.7243902439024,lata,annual,observed,https://api.worldbank.org/v2/country/POL;WLD;USA;CHN;DEU;IND;KOR;JPN;GBR;FRA;BRA;EST/indicator/SP.DYN.LE00.IN?format=json&per_page=1000,2026-09-28T17:23:21.218Z,{}
SP.DYN.LE00.IN,SP.DYN.LE00.IN--ind,Indie,IND,"Life expectancy at birth, total (years)",1975-12-31,1975,year,1975-01-01,50.761,lata,annual,observed,https://api.worldbank.org/v2/country/POL;WLD;USA;CHN;DEU;IND;KOR;JPN;GBR;FRA;BRA;EST/indicator/SP.DYN.LE00.IN?format=json&per_page=1000,2026-09-28T17:23:21.218Z,{}
SP.DYN.LE00.IN,SP.DYN.LE00.IN--jpn,Japonia,JPN,"Life expectancy at birth, total (years)",1975-12-31,1975,year,1975-01-01,74.2470731707317,lata,annual,observed,https://api.worldbank.org/v2/country/POL;WLD;USA;CHN;DEU;IND;KOR;JPN;GBR;FRA;BRA;EST/indicator/SP.DYN.LE00.IN?format=json&per_page=1000,2026-09-28T17:23:21.218Z,{}
SP.DYN.LE00.IN,SP.DYN.LE00.IN--kor,Korea Płd.,KOR,"Life expectancy at birth, total (years)",1975-12-31,1975,year,1975-01-01,64.1536585365854,lata,annual,observed,https://api.worldbank.org/v2/country/POL;WLD;USA;CHN;DEU;IND;KOR;JPN;GBR;FRA;BRA;EST/indicator/SP.DYN.LE00.IN?format=json&per_page=1000,2026-09-28T17:23:21.218Z,{}
SP.DYN.LE00.IN,SP.DYN.LE00.IN--pol,Polska,POL,"Life expectancy at birth, total (years)",1975-12-31,1975,year,1975-01-01,70.5609756097561,lata,annual,observed,https://api.worldbank.org/v2/country/POL;WLD;USA;CHN;DEU;IND;KOR;JPN;GBR;FRA;BRA;EST/indicator/SP.DYN.LE00.IN?format=json&per_page=1000,2026-09-28T17:23:21.218Z,{}
SP.DYN.LE00.IN,SP.DYN.LE00.IN--usa,USA,USA,"Life expectancy at birth, total (years)",1975-12-31,1975,year,1975-01-01,72.6048780487805,lata,annual,observed,https://api.worldbank.org/v2/country/POL;WLD;USA;CHN;DEU;IND;KOR;JPN;GBR;FRA;BRA;EST/indicator/SP.DYN.LE00.IN?format=json&per_page=1000,2026-09-28T17:23:21.218Z,{}
SP.DYN.LE00.IN,SP.DYN.LE00.IN--wld,Świat,WLD,"Life expectancy at birth, total (years)",1975-12-31,1975,year,1975-01-01,60.1307923083887,lata,annual,observed,https://api.worldbank.org/v2/country/POL;WLD;USA;CHN;DEU;IND;KOR;JPN;GBR;FRA;BRA;EST/indicator/SP.DYN.LE00.IN?format=json&per_page=1000,2026-09-28T17:23:21.218Z,{}
SP.DYN.LE00.IN,SP.DYN.LE00.IN--bra,Brazylia,BRA,"Life expectancy at birth, total (years)",1976-12-31,1976,year,1976-01-01,60.007,lata,annual,observed,https://api.worldbank.org/v2/country/POL;WLD;USA;CHN;DEU;IND;KOR;JPN;GBR;FRA;BRA;EST/indicator/SP.DYN.LE00.IN?format=json&per_page=1000,2026-09-28T17:23:21.218Z,{}
SP.DYN.LE00.IN,SP.DYN.LE00.IN--chn,Chiny,CHN,"Life expectancy at birth, total (years)",1976-12-31,1976,year,1976-01-01,61.225,lata,annual,observed,https://api.worldbank.org/v2/country/POL;WLD;USA;CHN;DEU;IND;KOR;JPN;GBR;FRA;BRA;EST/indicator/SP.DYN.LE00.IN?format=json&per_page=1000,2026-09-28T17:23:21.218Z,{}
SP.DYN.LE00.IN,SP.DYN.LE00.IN--deu,Niemcy,DEU,"Life expectancy at birth, total (years)",1976-12-31,1976,year,1976-01-01,71.7122195121951,lata,annual,observed,https://api.worldbank.org/v2/country/POL;WLD;USA;CHN;DEU;IND;KOR;JPN;GBR;FRA;BRA;EST/indicator/SP.DYN.LE00.IN?format=json&per_page=1000,2026-09-28T17:23:21.218Z,{}
SP.DYN.LE00.IN,SP.DYN.LE00.IN--est,Estonia,EST,"Life expectancy at birth, total (years)",1976-12-31,1976,year,1976-01-01,69.3450731707317,lata,annual,observed,https://api.worldbank.org/v2/country/POL;WLD;USA;CHN;DEU;IND;KOR;JPN;GBR;FRA;BRA;EST/indicator/SP.DYN.LE00.IN?format=json&per_page=1000,2026-09-28T17:23:21.218Z,{}
SP.DYN.LE00.IN,SP.DYN.LE00.IN--fra,Francja,FRA,"Life expectancy at birth, total (years)",1976-12-31,1976,year,1976-01-01,73.1024390243903,lata,annual,observed,https://api.worldbank.org/v2/country/POL;WLD;USA;CHN;DEU;IND;KOR;JPN;GBR;FRA;BRA;EST/indicator/SP.DYN.LE00.IN?format=json&per_page=1000,2026-09-28T17:23:21.218Z,{}
SP.DYN.LE00.IN,SP.DYN.LE00.IN--gbr,Wielka Brytania,GBR,"Life expectancy at birth, total (years)",1976-12-31,1976,year,1976-01-01,72.7756097560976,lata,annual,observed,https://api.worldbank.org/v2/country/POL;WLD;USA;CHN;DEU;IND;KOR;JPN;GBR;FRA;BRA;EST/indicator/SP.DYN.LE00.IN?format=json&per_page=1000,2026-09-28T17:23:21.218Z,{}
SP.DYN.LE00.IN,SP.DYN.LE00.IN--ind,Indie,IND,"Life expectancy at birth, total (years)",1976-12-31,1976,year,1976-01-01,51.302,lata,annual,observed,https://api.worldbank.org/v2/country/POL;WLD;USA;CHN;DEU;IND;KOR;JPN;GBR;FRA;BRA;EST/indicator/SP.DYN.LE00.IN?format=json&per_page=1000,2026-09-28T17:23:21.218Z,{}
SP.DYN.LE00.IN,SP.DYN.LE00.IN--jpn,Japonia,JPN,"Life expectancy at birth, total (years)",1976-12-31,1976,year,1976-01-01,74.6865853658537,lata,annual,observed,https://api.worldbank.org/v2/country/POL;WLD;USA;CHN;DEU;IND;KOR;JPN;GBR;FRA;BRA;EST/indicator/SP.DYN.LE00.IN?format=json&per_page=1000,2026-09-28T17:23:21.218Z,{}
SP.DYN.LE00.IN,SP.DYN.LE00.IN--kor,Korea Płd.,KOR,"Life expectancy at birth, total (years)",1976-12-31,1976,year,1976-01-01,64.5024390243902,lata,annual,observed,https://api.worldbank.org/v2/country/POL;WLD;USA;CHN;DEU;IND;KOR;JPN;GBR;FRA;BRA;EST/indicator/SP.DYN.LE00.IN?format=json&per_page=1000,2026-09-28T17:23:21.218Z,{}
SP.DYN.LE00.IN,SP.DYN.LE00.IN--pol,Polska,POL,"Life expectancy at birth, total (years)",1976-12-31,1976,year,1976-01-01,70.6560975609756,lata,annual,observed,https://api.worldbank.org/v2/country/POL;WLD;USA;CHN;DEU;IND;KOR;JPN;GBR;FRA;BRA;EST/indicator/SP.DYN.LE00.IN?format=json&per_page=1000,2026-09-28T17:23:21.218Z,{}
SP.DYN.LE00.IN,SP.DYN.LE00.IN--usa,USA,USA,"Life expectancy at birth, total (years)",1976-12-31,1976,year,1976-01-01,72.8560975609756,lata,annual,observed,https://api.worldbank.org/v2/country/POL;WLD;USA;CHN;DEU;IND;KOR;JPN;GBR;FRA;BRA;EST/indicator/SP.DYN.LE00.IN?format=json&per_page=1000,2026-09-28T17:23:21.218Z,{}
SP.DYN.LE00.IN,SP.DYN.LE00.IN--wld,Świat,WLD,"Life expectancy at birth, total (years)",1976-12-31,1976,year,1976-01-01,60.454259510654,lata,annual,observed,https://api.worldbank.org/v2/country/POL;WLD;USA;CHN;DEU;IND;KOR;JPN;GBR;FRA;BRA;EST/indicator/SP.DYN.LE00.IN?format=json&per_page=1000,2026-09-28T17:23:21.218Z,{}
SP.DYN.LE00.IN,SP.DYN.LE00.IN--bra,Brazylia,BRA,"Life expectancy at birth, total (years)",1977-12-31,1977,year,1977-01-01,60.461,lata,annual,observed,https://api.worldbank.org/v2/country/POL;WLD;USA;CHN;DEU;IND;KOR;JPN;GBR;FRA;BRA;EST/indicator/SP.DYN.LE00.IN?format=json&per_page=1000,2026-09-28T17:23:21.218Z,{}
SP.DYN.LE00.IN,SP.DYN.LE00.IN--chn,Chiny,CHN,"Life expectancy at birth, total (years)",1977-12-31,1977,year,1977-01-01,62.458,lata,annual,observed,https://api.worldbank.org/v2/country/POL;WLD;USA;CHN;DEU;IND;KOR;JPN;GBR;FRA;BRA;EST/indicator/SP.DYN.LE00.IN?format=json&per_page=1000,2026-09-28T17:23:21.218Z,{}
SP.DYN.LE00.IN,SP.DYN.LE00.IN--deu,Niemcy,DEU,"Life expectancy at birth, total (years)",1977-12-31,1977,year,1977-01-01,72.3073170731707,lata,annual,observed,https://api.worldbank.org/v2/country/POL;WLD;USA;CHN;DEU;IND;KOR;JPN;GBR;FRA;BRA;EST/indicator/SP.DYN.LE00.IN?format=json&per_page=1000,2026-09-28T17:23:21.218Z,{}
SP.DYN.LE00.IN,SP.DYN.LE00.IN--est,Estonia,EST,"Life expectancy at birth, total (years)",1977-12-31,1977,year,1977-01-01,69.4489512195122,lata,annual,observed,https://api.worldbank.org/v2/country/POL;WLD;USA;CHN;DEU;IND;KOR;JPN;GBR;FRA;BRA;EST/indicator/SP.DYN.LE00.IN?format=json&per_page=1000,2026-09-28T17:23:21.218Z,{}
SP.DYN.LE00.IN,SP.DYN.LE00.IN--fra,Francja,FRA,"Life expectancy at birth, total (years)",1977-12-31,1977,year,1977-01-01,73.3512195121951,lata,annual,observed,https://api.worldbank.org/v2/country/POL;WLD;USA;CHN;DEU;IND;KOR;JPN;GBR;FRA;BRA;EST/indicator/SP.DYN.LE00.IN?format=json&per_page=1000,2026-09-28T17:23:21.218Z,{}
SP.DYN.LE00.IN,SP.DYN.LE00.IN--gbr,Wielka Brytania,GBR,"Life expectancy at birth, total (years)",1977-12-31,1977,year,1977-01-01,73.2243902439024,lata,annual,observed,https://api.worldbank.org/v2/country/POL;WLD;USA;CHN;DEU;IND;KOR;JPN;GBR;FRA;BRA;EST/indicator/SP.DYN.LE00.IN?format=json&per_page=1000,2026-09-28T17:23:21.218Z,{}
SP.DYN.LE00.IN,SP.DYN.LE00.IN--ind,Indie,IND,"Life expectancy at birth, total (years)",1977-12-31,1977,year,1977-01-01,51.822,lata,annual,observed,https://api.worldbank.org/v2/country/POL;WLD;USA;CHN;DEU;IND;KOR;JPN;GBR;FRA;BRA;EST/indicator/SP.DYN.LE00.IN?format=json&per_page=1000,2026-09-28T17:23:21.218Z,{}
SP.DYN.LE00.IN,SP.DYN.LE00.IN--jpn,Japonia,JPN,"Life expectancy at birth, total (years)",1977-12-31,1977,year,1977-01-01,75.2558536585366,lata,annual,observed,https://api.worldbank.org/v2/country/POL;WLD;USA;CHN;DEU;IND;KOR;JPN;GBR;FRA;BRA;EST/indicator/SP.DYN.LE00.IN?format=json&per_page=1000,2026-09-28T17:23:21.218Z,{}
SP.DYN.LE00.IN,SP.DYN.LE00.IN--kor,Korea Płd.,KOR,"Life expectancy at birth, total (years)",1977-12-31,1977,year,1977-01-01,64.9,lata,annual,observed,https://api.worldbank.org/v2/country/POL;WLD;USA;CHN;DEU;IND;KOR;JPN;GBR;FRA;BRA;EST/indicator/SP.DYN.LE00.IN?format=json&per_page=1000,2026-09-28T17:23:21.218Z,{}
SP.DYN.LE00.IN,SP.DYN.LE00.IN--pol,Polska,POL,"Life expectancy at birth, total (years)",1977-12-31,1977,year,1977-01-01,70.4024390243902,lata,annual,observed,https://api.worldbank.org/v2/country/POL;WLD;USA;CHN;DEU;IND;KOR;JPN;GBR;FRA;BRA;EST/indicator/SP.DYN.LE00.IN?format=json&per_page=1000,2026-09-28T17:23:21.218Z,{}
SP.DYN.LE00.IN,SP.DYN.LE00.IN--usa,USA,USA,"Life expectancy at birth, total (years)",1977-12-31,1977,year,1977-01-01,73.2560975609756,lata,annual,observed,https://api.worldbank.org/v2/country/POL;WLD;USA;CHN;DEU;IND;KOR;JPN;GBR;FRA;BRA;EST/indicator/SP.DYN.LE00.IN?format=json&per_page=1000,2026-09-28T17:23:21.218Z,{}
SP.DYN.LE00.IN,SP.DYN.LE00.IN--wld,Świat,WLD,"Life expectancy at birth, total (years)",1977-12-31,1977,year,1977-01-01,61.0414812816423,lata,annual,observed,https://api.worldbank.org/v2/country/POL;WLD;USA;CHN;DEU;IND;KOR;JPN;GBR;FRA;BRA;EST/indicator/SP.DYN.LE00.IN?format=json&per_page=1000,2026-09-28T17:23:21.218Z,{}
SP.DYN.LE00.IN,SP.DYN.LE00.IN--bra,Brazylia,BRA,"Life expectancy at birth, total (years)",1978-12-31,1978,year,1978-01-01,60.922,lata,annual,observed,https://api.worldbank.org/v2/country/POL;WLD;USA;CHN;DEU;IND;KOR;JPN;GBR;FRA;BRA;EST/indicator/SP.DYN.LE00.IN?format=json&per_page=1000,2026-09-28T17:23:21.218Z,{}
SP.DYN.LE00.IN,SP.DYN.LE00.IN--chn,Chiny,CHN,"Life expectancy at birth, total (years)",1978-12-31,1978,year,1978-01-01,63.102,lata,annual,observed,https://api.worldbank.org/v2/country/POL;WLD;USA;CHN;DEU;IND;KOR;JPN;GBR;FRA;BRA;EST/indicator/SP.DYN.LE00.IN?format=json&per_page=1000,2026-09-28T17:23:21.218Z,{}
SP.DYN.LE00.IN,SP.DYN.LE00.IN--deu,Niemcy,DEU,"Life expectancy at birth, total (years)",1978-12-31,1978,year,1978-01-01,72.2904146341464,lata,annual,observed,https://api.worldbank.org/v2/country/POL;WLD;USA;CHN;DEU;IND;KOR;JPN;GBR;FRA;BRA;EST/indicator/SP.DYN.LE00.IN?format=json&per_page=1000,2026-09-28T17:23:21.218Z,{}
SP.DYN.LE00.IN,SP.DYN.LE00.IN--est,Estonia,EST,"Life expectancy at birth, total (years)",1978-12-31,1978,year,1978-01-01,69.2972682926829,lata,annual,observed,https://api.worldbank.org/v2/country/POL;WLD;USA;CHN;DEU;IND;KOR;JPN;GBR;FRA;BRA;EST/indicator/SP.DYN.LE00.IN?format=json&per_page=1000,2026-09-28T17:23:21.218Z,{}
SP.DYN.LE00.IN,SP.DYN.LE00.IN--fra,Francja,FRA,"Life expectancy at birth, total (years)",1978-12-31,1978,year,1978-01-01,73.6024390243903,lata,annual,observed,https://api.worldbank.org/v2/country/POL;WLD;USA;CHN;DEU;IND;KOR;JPN;GBR;FRA;BRA;EST/indicator/SP.DYN.LE00.IN?format=json&per_page=1000,2026-09-28T17:23:21.218Z,{}
SP.DYN.LE00.IN,SP.DYN.LE00.IN--gbr,Wielka Brytania,GBR,"Life expectancy at birth, total (years)",1978-12-31,1978,year,1978-01-01,73.1756097560976,lata,annual,observed,https://api.worldbank.org/v2/country/POL;WLD;USA;CHN;DEU;IND;KOR;JPN;GBR;FRA;BRA;EST/indicator/SP.DYN.LE00.IN?format=json&per_page=1000,2026-09-28T17:23:21.218Z,{}
SP.DYN.LE00.IN,SP.DYN.LE00.IN--ind,Indie,IND,"Life expectancy at birth, total (years)",1978-12-31,1978,year,1978-01-01,52.42,lata,annual,observed,https://api.worldbank.org/v2/country/POL;WLD;USA;CHN;DEU;IND;KOR;JPN;GBR;FRA;BRA;EST/indicator/SP.DYN.LE00.IN?format=json&per_page=1000,2026-09-28T17:23:21.218Z,{}
SP.DYN.LE00.IN,SP.DYN.LE00.IN--jpn,Japonia,JPN,"Life expectancy at birth, total (years)",1978-12-31,1978,year,1978-01-01,75.5846341463415,lata,annual,observed,https://api.worldbank.org/v2/country/POL;WLD;USA;CHN;DEU;IND;KOR;JPN;GBR;FRA;BRA;EST/indicator/SP.DYN.LE00.IN?format=json&per_page=1000,2026-09-28T17:23:21.218Z,{}
SP.DYN.LE00.IN,SP.DYN.LE00.IN--kor,Korea Płd.,KOR,"Life expectancy at birth, total (years)",1978-12-31,1978,year,1978-01-01,65.1975609756098,lata,annual,observed,https://api.worldbank.org/v2/country/POL;WLD;USA;CHN;DEU;IND;KOR;JPN;GBR;FRA;BRA;EST/indicator/SP.DYN.LE00.IN?format=json&per_page=1000,2026-09-28T17:23:21.218Z,{}
SP.DYN.LE00.IN,SP.DYN.LE00.IN--pol,Polska,POL,"Life expectancy at birth, total (years)",1978-12-31,1978,year,1978-01-01,70.3512195121951,lata,annual,observed,https://api.worldbank.org/v2/country/POL;WLD;USA;CHN;DEU;IND;KOR;JPN;GBR;FRA;BRA;EST/indicator/SP.DYN.LE00.IN?format=json&per_page=1000,2026-09-28T17:23:21.218Z,{}
SP.DYN.LE00.IN,SP.DYN.LE00.IN--usa,USA,USA,"Life expectancy at birth, total (years)",1978-12-31,1978,year,1978-01-01,73.3560975609756,lata,annual,observed,https://api.worldbank.org/v2/country/POL;WLD;USA;CHN;DEU;IND;KOR;JPN;GBR;FRA;BRA;EST/indicator/SP.DYN.LE00.IN?format=json&per_page=1000,2026-09-28T17:23:21.218Z,{}
SP.DYN.LE00.IN,SP.DYN.LE00.IN--wld,Świat,WLD,"Life expectancy at birth, total (years)",1978-12-31,1978,year,1978-01-01,61.394384620536,lata,annual,observed,https://api.worldbank.org/v2/country/POL;WLD;USA;CHN;DEU;IND;KOR;JPN;GBR;FRA;BRA;EST/indicator/SP.DYN.LE00.IN?format=json&per_page=1000,2026-09-28T17:23:21.218Z,{}
SP.DYN.LE00.IN,SP.DYN.LE00.IN--bra,Brazylia,BRA,"Life expectancy at birth, total (years)",1979-12-31,1979,year,1979-01-01,61.365,lata,annual,observed,https://api.worldbank.org/v2/country/POL;WLD;USA;CHN;DEU;IND;KOR;JPN;GBR;FRA;BRA;EST/indicator/SP.DYN.LE00.IN?format=json&per_page=1000,2026-09-28T17:23:21.218Z,{}
SP.DYN.LE00.IN,SP.DYN.LE00.IN--chn,Chiny,CHN,"Life expectancy at birth, total (years)",1979-12-31,1979,year,1979-01-01,63.704,lata,annual,observed,https://api.worldbank.org/v2/country/POL;WLD;USA;CHN;DEU;IND;KOR;JPN;GBR;FRA;BRA;EST/indicator/SP.DYN.LE00.IN?format=json&per_page=1000,2026-09-28T17:23:21.218Z,{}
SP.DYN.LE00.IN,SP.DYN.LE00.IN--deu,Niemcy,DEU,"Life expectancy at birth, total (years)",1979-12-31,1979,year,1979-01-01,72.6301707317073,lata,annual,observed,https://api.worldbank.org/v2/country/POL;WLD;USA;CHN;DEU;IND;KOR;JPN;GBR;FRA;BRA;EST/indicator/SP.DYN.LE00.IN?format=json&per_page=1000,2026-09-28T17:23:21.218Z,{}
SP.DYN.LE00.IN,SP.DYN.LE00.IN--est,Estonia,EST,"Life expectancy at birth, total (years)",1979-12-31,1979,year,1979-01-01,69.0543170731707,lata,annual,observed,https://api.worldbank.org/v2/country/POL;WLD;USA;CHN;DEU;IND;KOR;JPN;GBR;FRA;BRA;EST/indicator/SP.DYN.LE00.IN?format=json&per_page=1000,2026-09-28T17:23:21.218Z,{}
SP.DYN.LE00.IN,SP.DYN.LE00.IN--fra,Francja,FRA,"Life expectancy at birth, total (years)",1979-12-31,1979,year,1979-01-01,73.8512195121951,lata,annual,observed,https://api.worldbank.org/v2/country/POL;WLD;USA;CHN;DEU;IND;KOR;JPN;GBR;FRA;BRA;EST/indicator/SP.DYN.LE00.IN?format=json&per_page=1000,2026-09-28T17:23:21.218Z,{}
SP.DYN.LE00.IN,SP.DYN.LE00.IN--gbr,Wielka Brytania,GBR,"Life expectancy at birth, total (years)",1979-12-31,1979,year,1979-01-01,73.2756097560976,lata,annual,observed,https://api.worldbank.org/v2/country/POL;WLD;USA;CHN;DEU;IND;KOR;JPN;GBR;FRA;BRA;EST/indicator/SP.DYN.LE00.IN?format=json&per_page=1000,2026-09-28T17:23:21.218Z,{}
SP.DYN.LE00.IN,SP.DYN.LE00.IN--ind,Indie,IND,"Life expectancy at birth, total (years)",1979-12-31,1979,year,1979-01-01,53.014,lata,annual,observed,https://api.worldbank.org/v2/country/POL;WLD;USA;CHN;DEU;IND;KOR;JPN;GBR;FRA;BRA;EST/indicator/SP.DYN.LE00.IN?format=json&per_page=1000,2026-09-28T17:23:21.218Z,{}
SP.DYN.LE00.IN,SP.DYN.LE00.IN--jpn,Japonia,JPN,"Life expectancy at birth, total (years)",1979-12-31,1979,year,1979-01-01,76.1087804878049,lata,annual,observed,https://api.worldbank.org/v2/country/POL;WLD;USA;CHN;DEU;IND;KOR;JPN;GBR;FRA;BRA;EST/indicator/SP.DYN.LE00.IN?format=json&per_page=1000,2026-09-28T17:23:21.218Z,{}
SP.DYN.LE00.IN,SP.DYN.LE00.IN--kor,Korea Płd.,KOR,"Life expectancy at birth, total (years)",1979-12-31,1979,year,1979-01-01,65.5463414634146,lata,annual,observed,https://api.worldbank.org/v2/country/POL;WLD;USA;CHN;DEU;IND;KOR;JPN;GBR;FRA;BRA;EST/indicator/SP.DYN.LE00.IN?format=json&per_page=1000,2026-09-28T17:23:21.218Z,{}
SP.DYN.LE00.IN,SP.DYN.LE00.IN--pol,Polska,POL,"Life expectancy at birth, total (years)",1979-12-31,1979,year,1979-01-01,70.7512195121951,lata,annual,observed,https://api.worldbank.org/v2/country/POL;WLD;USA;CHN;DEU;IND;KOR;JPN;GBR;FRA;BRA;EST/indicator/SP.DYN.LE00.IN?format=json&per_page=1000,2026-09-28T17:23:21.218Z,{}
SP.DYN.LE00.IN,SP.DYN.LE00.IN--usa,USA,USA,"Life expectancy at birth, total (years)",1979-12-31,1979,year,1979-01-01,73.8048780487805,lata,annual,observed,https://api.worldbank.org/v2/country/POL;WLD;USA;CHN;DEU;IND;KOR;JPN;GBR;FRA;BRA;EST/indicator/SP.DYN.LE00.IN?format=json&per_page=1000,2026-09-28T17:23:21.218Z,{}
SP.DYN.LE00.IN,SP.DYN.LE00.IN--wld,Świat,WLD,"Life expectancy at birth, total (years)",1979-12-31,1979,year,1979-01-01,61.8410145342921,lata,annual,observed,https://api.worldbank.org/v2/country/POL;WLD;USA;CHN;DEU;IND;KOR;JPN;GBR;FRA;BRA;EST/indicator/SP.DYN.LE00.IN?format=json&per_page=1000,2026-09-28T17:23:21.218Z,{}
SP.DYN.LE00.IN,SP.DYN.LE00.IN--bra,Brazylia,BRA,"Life expectancy at birth, total (years)",1980-12-31,1980,year,1980-01-01,61.819,lata,annual,observed,https://api.worldbank.org/v2/country/POL;WLD;USA;CHN;DEU;IND;KOR;JPN;GBR;FRA;BRA;EST/indicator/SP.DYN.LE00.IN?format=json&per_page=1000,2026-09-28T17:23:21.218Z,{}
SP.DYN.LE00.IN,SP.DYN.LE00.IN--chn,Chiny,CHN,"Life expectancy at birth, total (years)",1980-12-31,1980,year,1980-01-01,64.243,lata,annual,observed,https://api.worldbank.org/v2/country/POL;WLD;USA;CHN;DEU;IND;KOR;JPN;GBR;FRA;BRA;EST/indicator/SP.DYN.LE00.IN?format=json&per_page=1000,2026-09-28T17:23:21.218Z,{}
SP.DYN.LE00.IN,SP.DYN.LE00.IN--deu,Niemcy,DEU,"Life expectancy at birth, total (years)",1980-12-31,1980,year,1980-01-01,72.8003170731707,lata,annual,observed,https://api.worldbank.org/v2/country/POL;WLD;USA;CHN;DEU;IND;KOR;JPN;GBR;FRA;BRA;EST/indicator/SP.DYN.LE00.IN?format=json&per_page=1000,2026-09-28T17:23:21.218Z,{}
SP.DYN.LE00.IN,SP.DYN.LE00.IN--est,Estonia,EST,"Life expectancy at birth, total (years)",1980-12-31,1980,year,1980-01-01,69.1147804878049,lata,annual,observed,https://api.worldbank.org/v2/country/POL;WLD;USA;CHN;DEU;IND;KOR;JPN;GBR;FRA;BRA;EST/indicator/SP.DYN.LE00.IN?format=json&per_page=1000,2026-09-28T17:23:21.218Z,{}
SP.DYN.LE00.IN,SP.DYN.LE00.IN--fra,Francja,FRA,"Life expectancy at birth, total (years)",1980-12-31,1980,year,1980-01-01,74.0512195121951,lata,annual,observed,https://api.worldbank.org/v2/country/POL;WLD;USA;CHN;DEU;IND;KOR;JPN;GBR;FRA;BRA;EST/indicator/SP.DYN.LE00.IN?format=json&per_page=1000,2026-09-28T17:23:21.218Z,{}
SP.DYN.LE00.IN,SP.DYN.LE00.IN--gbr,Wielka Brytania,GBR,"Life expectancy at birth, total (years)",1980-12-31,1980,year,1980-01-01,73.6756097560976,lata,annual,observed,https://api.worldbank.org/v2/country/POL;WLD;USA;CHN;DEU;IND;KOR;JPN;GBR;FRA;BRA;EST/indicator/SP.DYN.LE00.IN?format=json&per_page=1000,2026-09-28T17:23:21.218Z,{}
SP.DYN.LE00.IN,SP.DYN.LE00.IN--ind,Indie,IND,"Life expectancy at birth, total (years)",1980-12-31,1980,year,1980-01-01,53.593,lata,annual,observed,https://api.worldbank.org/v2/country/POL;WLD;USA;CHN;DEU;IND;KOR;JPN;GBR;FRA;BRA;EST/indicator/SP.DYN.LE00.IN?format=json&per_page=1000,2026-09-28T17:23:21.218Z,{}
SP.DYN.LE00.IN,SP.DYN.LE00.IN--jpn,Japonia,JPN,"Life expectancy at birth, total (years)",1980-12-31,1980,year,1980-01-01,75.9890243902439,lata,annual,observed,https://api.worldbank.org/v2/country/POL;WLD;USA;CHN;DEU;IND;KOR;JPN;GBR;FRA;BRA;EST/indicator/SP.DYN.LE00.IN?format=json&per_page=1000,2026-09-28T17:23:21.218Z,{}
SP.DYN.LE00.IN,SP.DYN.LE00.IN--kor,Korea Płd.,KOR,"Life expectancy at birth, total (years)",1980-12-31,1980,year,1980-01-01,66.0463414634146,lata,annual,observed,https://api.worldbank.org/v2/country/POL;WLD;USA;CHN;DEU;IND;KOR;JPN;GBR;FRA;BRA;EST/indicator/SP.DYN.LE00.IN?format=json&per_page=1000,2026-09-28T17:23:21.218Z,{}
SP.DYN.LE00.IN,SP.DYN.LE00.IN--pol,Polska,POL,"Life expectancy at birth, total (years)",1980-12-31,1980,year,1980-01-01,70.0975609756098,lata,annual,observed,https://api.worldbank.org/v2/country/POL;WLD;USA;CHN;DEU;IND;KOR;JPN;GBR;FRA;BRA;EST/indicator/SP.DYN.LE00.IN?format=json&per_page=1000,2026-09-28T17:23:21.218Z,{}
SP.DYN.LE00.IN,SP.DYN.LE00.IN--usa,USA,USA,"Life expectancy at birth, total (years)",1980-12-31,1980,year,1980-01-01,73.609756097561,lata,annual,observed,https://api.worldbank.org/v2/country/POL;WLD;USA;CHN;DEU;IND;KOR;JPN;GBR;FRA;BRA;EST/indicator/SP.DYN.LE00.IN?format=json&per_page=1000,2026-09-28T17:23:21.218Z,{}
SP.DYN.LE00.IN,SP.DYN.LE00.IN--wld,Świat,WLD,"Life expectancy at birth, total (years)",1980-12-31,1980,year,1980-01-01,62.1515000723228,lata,annual,observed,https://api.worldbank.org/v2/country/POL;WLD;USA;CHN;DEU;IND;KOR;JPN;GBR;FRA;BRA;EST/indicator/SP.DYN.LE00.IN?format=json&per_page=1000,2026-09-28T17:23:21.218Z,{}
SP.DYN.LE00.IN,SP.DYN.LE00.IN--bra,Brazylia,BRA,"Life expectancy at birth, total (years)",1981-12-31,1981,year,1981-01-01,62.267,lata,annual,observed,https://api.worldbank.org/v2/country/POL;WLD;USA;CHN;DEU;IND;KOR;JPN;GBR;FRA;BRA;EST/indicator/SP.DYN.LE00.IN?format=json&per_page=1000,2026-09-28T17:23:21.218Z,{}
SP.DYN.LE00.IN,SP.DYN.LE00.IN--chn,Chiny,CHN,"Life expectancy at birth, total (years)",1981-12-31,1981,year,1981-01-01,64.778,lata,annual,observed,https://api.worldbank.org/v2/country/POL;WLD;USA;CHN;DEU;IND;KOR;JPN;GBR;FRA;BRA;EST/indicator/SP.DYN.LE00.IN?format=json&per_page=1000,2026-09-28T17:23:21.218Z,{}
SP.DYN.LE00.IN,SP.DYN.LE00.IN--deu,Niemcy,DEU,"Life expectancy at birth, total (years)",1981-12-31,1981,year,1981-01-01,73.0402195121951,lata,annual,observed,https://api.worldbank.org/v2/country/POL;WLD;USA;CHN;DEU;IND;KOR;JPN;GBR;FRA;BRA;EST/indicator/SP.DYN.LE00.IN?format=json&per_page=1000,2026-09-28T17:23:21.218Z,{}
SP.DYN.LE00.IN,SP.DYN.LE00.IN--est,Estonia,EST,"Life expectancy at birth, total (years)",1981-12-31,1981,year,1981-01-01,68.9780487804878,lata,annual,observed,https://api.worldbank.org/v2/country/POL;WLD;USA;CHN;DEU;IND;KOR;JPN;GBR;FRA;BRA;EST/indicator/SP.DYN.LE00.IN?format=json&per_page=1000,2026-09-28T17:23:21.218Z,{}
SP.DYN.LE00.IN,SP.DYN.LE00.IN--fra,Francja,FRA,"Life expectancy at birth, total (years)",1981-12-31,1981,year,1981-01-01,74.3,lata,annual,observed,https://api.worldbank.org/v2/country/POL;WLD;USA;CHN;DEU;IND;KOR;JPN;GBR;FRA;BRA;EST/indicator/SP.DYN.LE00.IN?format=json&per_page=1000,2026-09-28T17:23:21.218Z,{}
SP.DYN.LE00.IN,SP.DYN.LE00.IN--gbr,Wielka Brytania,GBR,"Life expectancy at birth, total (years)",1981-12-31,1981,year,1981-01-01,74.0268292682927,lata,annual,observed,https://api.worldbank.org/v2/country/POL;WLD;USA;CHN;DEU;IND;KOR;JPN;GBR;FRA;BRA;EST/indicator/SP.DYN.LE00.IN?format=json&per_page=1000,2026-09-28T17:23:21.218Z,{}
SP.DYN.LE00.IN,SP.DYN.LE00.IN--ind,Indie,IND,"Life expectancy at birth, total (years)",1981-12-31,1981,year,1981-01-01,54.173,lata,annual,observed,https://api.worldbank.org/v2/country/POL;WLD;USA;CHN;DEU;IND;KOR;JPN;GBR;FRA;BRA;EST/indicator/SP.DYN.LE00.IN?format=json&per_page=1000,2026-09-28T17:23:21.218Z,{}
SP.DYN.LE00.IN,SP.DYN.LE00.IN--jpn,Japonia,JPN,"Life expectancy at birth, total (years)",1981-12-31,1981,year,1981-01-01,76.3948780487805,lata,annual,observed,https://api.worldbank.org/v2/country/POL;WLD;USA;CHN;DEU;IND;KOR;JPN;GBR;FRA;BRA;EST/indicator/SP.DYN.LE00.IN?format=json&per_page=1000,2026-09-28T17:23:21.218Z,{}
SP.DYN.LE00.IN,SP.DYN.LE00.IN--kor,Korea Płd.,KOR,"Life expectancy at birth, total (years)",1981-12-31,1981,year,1981-01-01,66.5463414634146,lata,annual,observed,https://api.worldbank.org/v2/country/POL;WLD;USA;CHN;DEU;IND;KOR;JPN;GBR;FRA;BRA;EST/indicator/SP.DYN.LE00.IN?format=json&per_page=1000,2026-09-28T17:23:21.218Z,{}
SP.DYN.LE00.IN,SP.DYN.LE00.IN--pol,Polska,POL,"Life expectancy at birth, total (years)",1981-12-31,1981,year,1981-01-01,71.0512195121951,lata,annual,observed,https://api.worldbank.org/v2/country/POL;WLD;USA;CHN;DEU;IND;KOR;JPN;GBR;FRA;BRA;EST/indicator/SP.DYN.LE00.IN?format=json&per_page=1000,2026-09-28T17:23:21.218Z,{}
SP.DYN.LE00.IN,SP.DYN.LE00.IN--usa,USA,USA,"Life expectancy at birth, total (years)",1981-12-31,1981,year,1981-01-01,74.009756097561,lata,annual,observed,https://api.worldbank.org/v2/country/POL;WLD;USA;CHN;DEU;IND;KOR;JPN;GBR;FRA;BRA;EST/indicator/SP.DYN.LE00.IN?format=json&per_page=1000,2026-09-28T17:23:21.218Z,{}
SP.DYN.LE00.IN,SP.DYN.LE00.IN--wld,Świat,WLD,"Life expectancy at birth, total (years)",1981-12-31,1981,year,1981-01-01,62.516815469465,lata,annual,observed,https://api.worldbank.org/v2/country/POL;WLD;USA;CHN;DEU;IND;KOR;JPN;GBR;FRA;BRA;EST/indicator/SP.DYN.LE00.IN?format=json&per_page=1000,2026-09-28T17:23:21.218Z,{}
SP.DYN.LE00.IN,SP.DYN.LE00.IN--bra,Brazylia,BRA,"Life expectancy at birth, total (years)",1982-12-31,1982,year,1982-01-01,62.708,lata,annual,observed,https://api.worldbank.org/v2/country/POL;WLD;USA;CHN;DEU;IND;KOR;JPN;GBR;FRA;BRA;EST/indicator/SP.DYN.LE00.IN?format=json&per_page=1000,2026-09-28T17:23:21.218Z,{}
SP.DYN.LE00.IN,SP.DYN.LE00.IN--chn,Chiny,CHN,"Life expectancy at birth, total (years)",1982-12-31,1982,year,1982-01-01,65.249,lata,annual,observed,https://api.worldbank.org/v2/country/POL;WLD;USA;CHN;DEU;IND;KOR;JPN;GBR;FRA;BRA;EST/indicator/SP.DYN.LE00.IN?format=json&per_page=1000,2026-09-28T17:23:21.218Z,{}
SP.DYN.LE00.IN,SP.DYN.LE00.IN--deu,Niemcy,DEU,"Life expectancy at birth, total (years)",1982-12-31,1982,year,1982-01-01,73.3331463414634,lata,annual,observed,https://api.worldbank.org/v2/country/POL;WLD;USA;CHN;DEU;IND;KOR;JPN;GBR;FRA;BRA;EST/indicator/SP.DYN.LE00.IN?format=json&per_page=1000,2026-09-28T17:23:21.218Z,{}
SP.DYN.LE00.IN,SP.DYN.LE00.IN--est,Estonia,EST,"Life expectancy at birth, total (years)",1982-12-31,1982,year,1982-01-01,69.1268292682927,lata,annual,observed,https://api.worldbank.org/v2/country/POL;WLD;USA;CHN;DEU;IND;KOR;JPN;GBR;FRA;BRA;EST/indicator/SP.DYN.LE00.IN?format=json&per_page=1000,2026-09-28T17:23:21.218Z,{}
SP.DYN.LE00.IN,SP.DYN.LE00.IN--fra,Francja,FRA,"Life expectancy at birth, total (years)",1982-12-31,1982,year,1982-01-01,74.5,lata,annual,observed,https://api.worldbank.org/v2/country/POL;WLD;USA;CHN;DEU;IND;KOR;JPN;GBR;FRA;BRA;EST/indicator/SP.DYN.LE00.IN?format=json&per_page=1000,2026-09-28T17:23:21.218Z,{}
SP.DYN.LE00.IN,SP.DYN.LE00.IN--gbr,Wielka Brytania,GBR,"Life expectancy at birth, total (years)",1982-12-31,1982,year,1982-01-01,74.1780487804878,lata,annual,observed,https://api.worldbank.org/v2/country/POL;WLD;USA;CHN;DEU;IND;KOR;JPN;GBR;FRA;BRA;EST/indicator/SP.DYN.LE00.IN?format=json&per_page=1000,2026-09-28T17:23:21.218Z,{}
SP.DYN.LE00.IN,SP.DYN.LE00.IN--ind,Indie,IND,"Life expectancy at birth, total (years)",1982-12-31,1982,year,1982-01-01,54.735,lata,annual,observed,https://api.worldbank.org/v2/country/POL;WLD;USA;CHN;DEU;IND;KOR;JPN;GBR;FRA;BRA;EST/indicator/SP.DYN.LE00.IN?format=json&per_page=1000,2026-09-28T17:23:21.218Z,{}
SP.DYN.LE00.IN,SP.DYN.LE00.IN--jpn,Japonia,JPN,"Life expectancy at birth, total (years)",1982-12-31,1982,year,1982-01-01,76.8736585365854,lata,annual,observed,https://api.worldbank.org/v2/country/POL;WLD;USA;CHN;DEU;IND;KOR;JPN;GBR;FRA;BRA;EST/indicator/SP.DYN.LE00.IN?format=json&per_page=1000,2026-09-28T17:23:21.218Z,{}
SP.DYN.LE00.IN,SP.DYN.LE00.IN--kor,Korea Płd.,KOR,"Life expectancy at birth, total (years)",1982-12-31,1982,year,1982-01-01,67.0951219512195,lata,annual,observed,https://api.worldbank.org/v2/country/POL;WLD;USA;CHN;DEU;IND;KOR;JPN;GBR;FRA;BRA;EST/indicator/SP.DYN.LE00.IN?format=json&per_page=1000,2026-09-28T17:23:21.218Z,{}
SP.DYN.LE00.IN,SP.DYN.LE00.IN--pol,Polska,POL,"Life expectancy at birth, total (years)",1982-12-31,1982,year,1982-01-01,71.1024390243903,lata,annual,observed,https://api.worldbank.org/v2/country/POL;WLD;USA;CHN;DEU;IND;KOR;JPN;GBR;FRA;BRA;EST/indicator/SP.DYN.LE00.IN?format=json&per_page=1000,2026-09-28T17:23:21.218Z,{}
SP.DYN.LE00.IN,SP.DYN.LE00.IN--usa,USA,USA,"Life expectancy at birth, total (years)",1982-12-31,1982,year,1982-01-01,74.3609756097561,lata,annual,observed,https://api.worldbank.org/v2/country/POL;WLD;USA;CHN;DEU;IND;KOR;JPN;GBR;FRA;BRA;EST/indicator/SP.DYN.LE00.IN?format=json&per_page=1000,2026-09-28T17:23:21.218Z,{}
SP.DYN.LE00.IN,SP.DYN.LE00.IN--wld,Świat,WLD,"Life expectancy at birth, total (years)",1982-12-31,1982,year,1982-01-01,62.8744224934289,lata,annual,observed,https://api.worldbank.org/v2/country/POL;WLD;USA;CHN;DEU;IND;KOR;JPN;GBR;FRA;BRA;EST/indicator/SP.DYN.LE00.IN?format=json&per_page=1000,2026-09-28T17:23:21.218Z,{}
SP.DYN.LE00.IN,SP.DYN.LE00.IN--bra,Brazylia,BRA,"Life expectancy at birth, total (years)",1983-12-31,1983,year,1983-01-01,63.133,lata,annual,observed,https://api.worldbank.org/v2/country/POL;WLD;USA;CHN;DEU;IND;KOR;JPN;GBR;FRA;BRA;EST/indicator/SP.DYN.LE00.IN?format=json&per_page=1000,2026-09-28T17:23:21.218Z,{}
SP.DYN.LE00.IN,SP.DYN.LE00.IN--chn,Chiny,CHN,"Life expectancy at birth, total (years)",1983-12-31,1983,year,1983-01-01,65.728,lata,annual,observed,https://api.worldbank.org/v2/country/POL;WLD;USA;CHN;DEU;IND;KOR;JPN;GBR;FRA;BRA;EST/indicator/SP.DYN.LE00.IN?format=json&per_page=1000,2026-09-28T17:23:21.218Z,{}
SP.DYN.LE00.IN,SP.DYN.LE00.IN--deu,Niemcy,DEU,"Life expectancy at birth, total (years)",1983-12-31,1983,year,1983-01-01,73.6221463414634,lata,annual,observed,https://api.worldbank.org/v2/country/POL;WLD;USA;CHN;DEU;IND;KOR;JPN;GBR;FRA;BRA;EST/indicator/SP.DYN.LE00.IN?format=json&per_page=1000,2026-09-28T17:23:21.218Z,{}
SP.DYN.LE00.IN,SP.DYN.LE00.IN--est,Estonia,EST,"Life expectancy at birth, total (years)",1983-12-31,1983,year,1983-01-01,69.3756097560976,lata,annual,observed,https://api.worldbank.org/v2/country/POL;WLD;USA;CHN;DEU;IND;KOR;JPN;GBR;FRA;BRA;EST/indicator/SP.DYN.LE00.IN?format=json&per_page=1000,2026-09-28T17:23:21.218Z,{}
SP.DYN.LE00.IN,SP.DYN.LE00.IN--fra,Francja,FRA,"Life expectancy at birth, total (years)",1983-12-31,1983,year,1983-01-01,74.8,lata,annual,observed,https://api.worldbank.org/v2/country/POL;WLD;USA;CHN;DEU;IND;KOR;JPN;GBR;FRA;BRA;EST/indicator/SP.DYN.LE00.IN?format=json&per_page=1000,2026-09-28T17:23:21.218Z,{}
SP.DYN.LE00.IN,SP.DYN.LE00.IN--gbr,Wielka Brytania,GBR,"Life expectancy at birth, total (years)",1983-12-31,1983,year,1983-01-01,74.3780487804878,lata,annual,observed,https://api.worldbank.org/v2/country/POL;WLD;USA;CHN;DEU;IND;KOR;JPN;GBR;FRA;BRA;EST/indicator/SP.DYN.LE00.IN?format=json&per_page=1000,2026-09-28T17:23:21.218Z,{}
SP.DYN.LE00.IN,SP.DYN.LE00.IN--ind,Indie,IND,"Life expectancy at birth, total (years)",1983-12-31,1983,year,1983-01-01,55.283,lata,annual,observed,https://api.worldbank.org/v2/country/POL;WLD;USA;CHN;DEU;IND;KOR;JPN;GBR;FRA;BRA;EST/indicator/SP.DYN.LE00.IN?format=json&per_page=1000,2026-09-28T17:23:21.218Z,{}
SP.DYN.LE00.IN,SP.DYN.LE00.IN--jpn,Japonia,JPN,"Life expectancy at birth, total (years)",1983-12-31,1983,year,1983-01-01,76.9219512195122,lata,annual,observed,https://api.worldbank.org/v2/country/POL;WLD;USA;CHN;DEU;IND;KOR;JPN;GBR;FRA;BRA;EST/indicator/SP.DYN.LE00.IN?format=json&per_page=1000,2026-09-28T17:23:21.218Z,{}
SP.DYN.LE00.IN,SP.DYN.LE00.IN--kor,Korea Płd.,KOR,"Life expectancy at birth, total (years)",1983-12-31,1983,year,1983-01-01,67.5463414634146,lata,annual,observed,https://api.worldbank.org/v2/country/POL;WLD;USA;CHN;DEU;IND;KOR;JPN;GBR;FRA;BRA;EST/indicator/SP.DYN.LE00.IN?format=json&per_page=1000,2026-09-28T17:23:21.218Z,{}
SP.DYN.LE00.IN,SP.DYN.LE00.IN--pol,Polska,POL,"Life expectancy at birth, total (years)",1983-12-31,1983,year,1983-01-01,71,lata,annual,observed,https://api.worldbank.org/v2/country/POL;WLD;USA;CHN;DEU;IND;KOR;JPN;GBR;FRA;BRA;EST/indicator/SP.DYN.LE00.IN?format=json&per_page=1000,2026-09-28T17:23:21.218Z,{}
SP.DYN.LE00.IN,SP.DYN.LE00.IN--usa,USA,USA,"Life expectancy at birth, total (years)",1983-12-31,1983,year,1983-01-01,74.4634146341463,lata,annual,observed,https://api.worldbank.org/v2/country/POL;WLD;USA;CHN;DEU;IND;KOR;JPN;GBR;FRA;BRA;EST/indicator/SP.DYN.LE00.IN?format=json&per_page=1000,2026-09-28T17:23:21.218Z,{}
SP.DYN.LE00.IN,SP.DYN.LE00.IN--wld,Świat,WLD,"Life expectancy at birth, total (years)",1983-12-31,1983,year,1983-01-01,63.1315027470635,lata,annual,observed,https://api.worldbank.org/v2/country/POL;WLD;USA;CHN;DEU;IND;KOR;JPN;GBR;FRA;BRA;EST/indicator/SP.DYN.LE00.IN?format=json&per_page=1000,2026-09-28T17:23:21.218Z,{}
SP.DYN.LE00.IN,SP.DYN.LE00.IN--bra,Brazylia,BRA,"Life expectancy at birth, total (years)",1984-12-31,1984,year,1984-01-01,63.553,lata,annual,observed,https://api.worldbank.org/v2/country/POL;WLD;USA;CHN;DEU;IND;KOR;JPN;GBR;FRA;BRA;EST/indicator/SP.DYN.LE00.IN?format=json&per_page=1000,2026-09-28T17:23:21.218Z,{}
SP.DYN.LE00.IN,SP.DYN.LE00.IN--chn,Chiny,CHN,"Life expectancy at birth, total (years)",1984-12-31,1984,year,1984-01-01,66.148,lata,annual,observed,https://api.worldbank.org/v2/country/POL;WLD;USA;CHN;DEU;IND;KOR;JPN;GBR;FRA;BRA;EST/indicator/SP.DYN.LE00.IN?format=json&per_page=1000,2026-09-28T17:23:21.218Z,{}
SP.DYN.LE00.IN,SP.DYN.LE00.IN--deu,Niemcy,DEU,"Life expectancy at birth, total (years)",1984-12-31,1984,year,1984-01-01,74.0722926829268,lata,annual,observed,https://api.worldbank.org/v2/country/POL;WLD;USA;CHN;DEU;IND;KOR;JPN;GBR;FRA;BRA;EST/indicator/SP.DYN.LE00.IN?format=json&per_page=1000,2026-09-28T17:23:21.218Z,{}
SP.DYN.LE00.IN,SP.DYN.LE00.IN--est,Estonia,EST,"Life expectancy at birth, total (years)",1984-12-31,1984,year,1984-01-01,69.2780487804878,lata,annual,observed,https://api.worldbank.org/v2/country/POL;WLD;USA;CHN;DEU;IND;KOR;JPN;GBR;FRA;BRA;EST/indicator/SP.DYN.LE00.IN?format=json&per_page=1000,2026-09-28T17:23:21.218Z,{}
SP.DYN.LE00.IN,SP.DYN.LE00.IN--fra,Francja,FRA,"Life expectancy at birth, total (years)",1984-12-31,1984,year,1984-01-01,75,lata,annual,observed,https://api.worldbank.org/v2/country/POL;WLD;USA;CHN;DEU;IND;KOR;JPN;GBR;FRA;BRA;EST/indicator/SP.DYN.LE00.IN?format=json&per_page=1000,2026-09-28T17:23:21.218Z,{}
SP.DYN.LE00.IN,SP.DYN.LE00.IN--gbr,Wielka Brytania,GBR,"Life expectancy at birth, total (years)",1984-12-31,1984,year,1984-01-01,74.7780487804878,lata,annual,observed,https://api.worldbank.org/v2/country/POL;WLD;USA;CHN;DEU;IND;KOR;JPN;GBR;FRA;BRA;EST/indicator/SP.DYN.LE00.IN?format=json&per_page=1000,2026-09-28T17:23:21.218Z,{}
SP.DYN.LE00.IN,SP.DYN.LE00.IN--ind,Indie,IND,"Life expectancy at birth, total (years)",1984-12-31,1984,year,1984-01-01,55.813,lata,annual,observed,https://api.worldbank.org/v2/country/POL;WLD;USA;CHN;DEU;IND;KOR;JPN;GBR;FRA;BRA;EST/indicator/SP.DYN.LE00.IN?format=json&per_page=1000,2026-09-28T17:23:21.218Z,{}
SP.DYN.LE00.IN,SP.DYN.LE00.IN--jpn,Japonia,JPN,"Life expectancy at birth, total (years)",1984-12-31,1984,year,1984-01-01,77.2912195121951,lata,annual,observed,https://api.worldbank.org/v2/country/POL;WLD;USA;CHN;DEU;IND;KOR;JPN;GBR;FRA;BRA;EST/indicator/SP.DYN.LE00.IN?format=json&per_page=1000,2026-09-28T17:23:21.218Z,{}
SP.DYN.LE00.IN,SP.DYN.LE00.IN--kor,Korea Płd.,KOR,"Life expectancy at birth, total (years)",1984-12-31,1984,year,1984-01-01,68.1951219512195,lata,annual,observed,https://api.worldbank.org/v2/country/POL;WLD;USA;CHN;DEU;IND;KOR;JPN;GBR;FRA;BRA;EST/indicator/SP.DYN.LE00.IN?format=json&per_page=1000,2026-09-28T17:23:21.218Z,{}
SP.DYN.LE00.IN,SP.DYN.LE00.IN--pol,Polska,POL,"Life expectancy at birth, total (years)",1984-12-31,1984,year,1984-01-01,70.8,lata,annual,observed,https://api.worldbank.org/v2/country/POL;WLD;USA;CHN;DEU;IND;KOR;JPN;GBR;FRA;BRA;EST/indicator/SP.DYN.LE00.IN?format=json&per_page=1000,2026-09-28T17:23:21.218Z,{}
SP.DYN.LE00.IN,SP.DYN.LE00.IN--usa,USA,USA,"Life expectancy at birth, total (years)",1984-12-31,1984,year,1984-01-01,74.5634146341464,lata,annual,observed,https://api.worldbank.org/v2/country/POL;WLD;USA;CHN;DEU;IND;KOR;JPN;GBR;FRA;BRA;EST/indicator/SP.DYN.LE00.IN?format=json&per_page=1000,2026-09-28T17:23:21.218Z,{}
SP.DYN.LE00.IN,SP.DYN.LE00.IN--wld,Świat,WLD,"Life expectancy at birth, total (years)",1984-12-31,1984,year,1984-01-01,63.4358699774594,lata,annual,observed,https://api.worldbank.org/v2/country/POL;WLD;USA;CHN;DEU;IND;KOR;JPN;GBR;FRA;BRA;EST/indicator/SP.DYN.LE00.IN?format=json&per_page=1000,2026-09-28T17:23:21.218Z,{}
SP.DYN.LE00.IN,SP.DYN.LE00.IN--bra,Brazylia,BRA,"Life expectancy at birth, total (years)",1985-12-31,1985,year,1985-01-01,63.98,lata,annual,observed,https://api.worldbank.org/v2/country/POL;WLD;USA;CHN;DEU;IND;KOR;JPN;GBR;FRA;BRA;EST/indicator/SP.DYN.LE00.IN?format=json&per_page=1000,2026-09-28T17:23:21.218Z,{}
SP.DYN.LE00.IN,SP.DYN.LE00.IN--chn,Chiny,CHN,"Life expectancy at birth, total (years)",1985-12-31,1985,year,1985-01-01,66.532,lata,annual,observed,https://api.worldbank.org/v2/country/POL;WLD;USA;CHN;DEU;IND;KOR;JPN;GBR;FRA;BRA;EST/indicator/SP.DYN.LE00.IN?format=json&per_page=1000,2026-09-28T17:23:21.218Z,{}
SP.DYN.LE00.IN,SP.DYN.LE00.IN--deu,Niemcy,DEU,"Life expectancy at birth, total (years)",1985-12-31,1985,year,1985-01-01,74.1890975609756,lata,annual,observed,https://api.worldbank.org/v2/country/POL;WLD;USA;CHN;DEU;IND;KOR;JPN;GBR;FRA;BRA;EST/indicator/SP.DYN.LE00.IN?format=json&per_page=1000,2026-09-28T17:23:21.218Z,{}
SP.DYN.LE00.IN,SP.DYN.LE00.IN--est,Estonia,EST,"Life expectancy at birth, total (years)",1985-12-31,1985,year,1985-01-01,69.3804878048781,lata,annual,observed,https://api.worldbank.org/v2/country/POL;WLD;USA;CHN;DEU;IND;KOR;JPN;GBR;FRA;BRA;EST/indicator/SP.DYN.LE00.IN?format=json&per_page=1000,2026-09-28T17:23:21.218Z,{}
SP.DYN.LE00.IN,SP.DYN.LE00.IN--fra,Francja,FRA,"Life expectancy at birth, total (years)",1985-12-31,1985,year,1985-01-01,75.3,lata,annual,observed,https://api.worldbank.org/v2/country/POL;WLD;USA;CHN;DEU;IND;KOR;JPN;GBR;FRA;BRA;EST/indicator/SP.DYN.LE00.IN?format=json&per_page=1000,2026-09-28T17:23:21.218Z,{}
SP.DYN.LE00.IN,SP.DYN.LE00.IN--gbr,Wielka Brytania,GBR,"Life expectancy at birth, total (years)",1985-12-31,1985,year,1985-01-01,74.6292682926829,lata,annual,observed,https://api.worldbank.org/v2/country/POL;WLD;USA;CHN;DEU;IND;KOR;JPN;GBR;FRA;BRA;EST/indicator/SP.DYN.LE00.IN?format=json&per_page=1000,2026-09-28T17:23:21.218Z,{}
SP.DYN.LE00.IN,SP.DYN.LE00.IN--ind,Indie,IND,"Life expectancy at birth, total (years)",1985-12-31,1985,year,1985-01-01,56.324,lata,annual,observed,https://api.worldbank.org/v2/country/POL;WLD;USA;CHN;DEU;IND;KOR;JPN;GBR;FRA;BRA;EST/indicator/SP.DYN.LE00.IN?format=json&per_page=1000,2026-09-28T17:23:21.218Z,{}
SP.DYN.LE00.IN,SP.DYN.LE00.IN--jpn,Japonia,JPN,"Life expectancy at birth, total (years)",1985-12-31,1985,year,1985-01-01,77.5604878048781,lata,annual,observed,https://api.worldbank.org/v2/country/POL;WLD;USA;CHN;DEU;IND;KOR;JPN;GBR;FRA;BRA;EST/indicator/SP.DYN.LE00.IN?format=json&per_page=1000,2026-09-28T17:23:21.218Z,{}
SP.DYN.LE00.IN,SP.DYN.LE00.IN--kor,Korea Płd.,KOR,"Life expectancy at birth, total (years)",1985-12-31,1985,year,1985-01-01,68.7951219512195,lata,annual,observed,https://api.worldbank.org/v2/country/POL;WLD;USA;CHN;DEU;IND;KOR;JPN;GBR;FRA;BRA;EST/indicator/SP.DYN.LE00.IN?format=json&per_page=1000,2026-09-28T17:23:21.218Z,{}
SP.DYN.LE00.IN,SP.DYN.LE00.IN--pol,Polska,POL,"Life expectancy at birth, total (years)",1985-12-31,1985,year,1985-01-01,70.5487804878049,lata,annual,observed,https://api.worldbank.org/v2/country/POL;WLD;USA;CHN;DEU;IND;KOR;JPN;GBR;FRA;BRA;EST/indicator/SP.DYN.LE00.IN?format=json&per_page=1000,2026-09-28T17:23:21.218Z,{}
SP.DYN.LE00.IN,SP.DYN.LE00.IN--usa,USA,USA,"Life expectancy at birth, total (years)",1985-12-31,1985,year,1985-01-01,74.5634146341464,lata,annual,observed,https://api.worldbank.org/v2/country/POL;WLD;USA;CHN;DEU;IND;KOR;JPN;GBR;FRA;BRA;EST/indicator/SP.DYN.LE00.IN?format=json&per_page=1000,2026-09-28T17:23:21.218Z,{}
SP.DYN.LE00.IN,SP.DYN.LE00.IN--wld,Świat,WLD,"Life expectancy at birth, total (years)",1985-12-31,1985,year,1985-01-01,63.7253727049054,lata,annual,observed,https://api.worldbank.org/v2/country/POL;WLD;USA;CHN;DEU;IND;KOR;JPN;GBR;FRA;BRA;EST/indicator/SP.DYN.LE00.IN?format=json&per_page=1000,2026-09-28T17:23:21.218Z,{}
SP.DYN.LE00.IN,SP.DYN.LE00.IN--bra,Brazylia,BRA,"Life expectancy at birth, total (years)",1986-12-31,1986,year,1986-01-01,64.389,lata,annual,observed,https://api.worldbank.org/v2/country/POL;WLD;USA;CHN;DEU;IND;KOR;JPN;GBR;FRA;BRA;EST/indicator/SP.DYN.LE00.IN?format=json&per_page=1000,2026-09-28T17:23:21.218Z,{}
SP.DYN.LE00.IN,SP.DYN.LE00.IN--chn,Chiny,CHN,"Life expectancy at birth, total (years)",1986-12-31,1986,year,1986-01-01,66.887,lata,annual,observed,https://api.worldbank.org/v2/country/POL;WLD;USA;CHN;DEU;IND;KOR;JPN;GBR;FRA;BRA;EST/indicator/SP.DYN.LE00.IN?format=json&per_page=1000,2026-09-28T17:23:21.218Z,{}
SP.DYN.LE00.IN,SP.DYN.LE00.IN--deu,Niemcy,DEU,"Life expectancy at birth, total (years)",1986-12-31,1986,year,1986-01-01,74.3968292682927,lata,annual,observed,https://api.worldbank.org/v2/country/POL;WLD;USA;CHN;DEU;IND;KOR;JPN;GBR;FRA;BRA;EST/indicator/SP.DYN.LE00.IN?format=json&per_page=1000,2026-09-28T17:23:21.218Z,{}
SP.DYN.LE00.IN,SP.DYN.LE00.IN--est,Estonia,EST,"Life expectancy at birth, total (years)",1986-12-31,1986,year,1986-01-01,70.0853658536585,lata,annual,observed,https://api.worldbank.org/v2/country/POL;WLD;USA;CHN;DEU;IND;KOR;JPN;GBR;FRA;BRA;EST/indicator/SP.DYN.LE00.IN?format=json&per_page=1000,2026-09-28T17:23:21.218Z,{}
SP.DYN.LE00.IN,SP.DYN.LE00.IN--fra,Francja,FRA,"Life expectancy at birth, total (years)",1986-12-31,1986,year,1986-01-01,75.6,lata,annual,observed,https://api.worldbank.org/v2/country/POL;WLD;USA;CHN;DEU;IND;KOR;JPN;GBR;FRA;BRA;EST/indicator/SP.DYN.LE00.IN?format=json&per_page=1000,2026-09-28T17:23:21.218Z,{}
SP.DYN.LE00.IN,SP.DYN.LE00.IN--gbr,Wielka Brytania,GBR,"Life expectancy at birth, total (years)",1986-12-31,1986,year,1986-01-01,74.9292682926829,lata,annual,observed,https://api.worldbank.org/v2/country/POL;WLD;USA;CHN;DEU;IND;KOR;JPN;GBR;FRA;BRA;EST/indicator/SP.DYN.LE00.IN?format=json&per_page=1000,2026-09-28T17:23:21.218Z,{}
SP.DYN.LE00.IN,SP.DYN.LE00.IN--ind,Indie,IND,"Life expectancy at birth, total (years)",1986-12-31,1986,year,1986-01-01,56.819,lata,annual,observed,https://api.worldbank.org/v2/country/POL;WLD;USA;CHN;DEU;IND;KOR;JPN;GBR;FRA;BRA;EST/indicator/SP.DYN.LE00.IN?format=json&per_page=1000,2026-09-28T17:23:21.218Z,{}
SP.DYN.LE00.IN,SP.DYN.LE00.IN--jpn,Japonia,JPN,"Life expectancy at birth, total (years)",1986-12-31,1986,year,1986-01-01,78.0104878048781,lata,annual,observed,https://api.worldbank.org/v2/country/POL;WLD;USA;CHN;DEU;IND;KOR;JPN;GBR;FRA;BRA;EST/indicator/SP.DYN.LE00.IN?format=json&per_page=1000,2026-09-28T17:23:21.218Z,{}
SP.DYN.LE00.IN,SP.DYN.LE00.IN--kor,Korea Płd.,KOR,"Life expectancy at birth, total (years)",1986-12-31,1986,year,1986-01-01,69.4463414634146,lata,annual,observed,https://api.worldbank.org/v2/country/POL;WLD;USA;CHN;DEU;IND;KOR;JPN;GBR;FRA;BRA;EST/indicator/SP.DYN.LE00.IN?format=json&per_page=1000,2026-09-28T17:23:21.218Z,{}
SP.DYN.LE00.IN,SP.DYN.LE00.IN--pol,Polska,POL,"Life expectancy at birth, total (years)",1986-12-31,1986,year,1986-01-01,70.8487804878049,lata,annual,observed,https://api.worldbank.org/v2/country/POL;WLD;USA;CHN;DEU;IND;KOR;JPN;GBR;FRA;BRA;EST/indicator/SP.DYN.LE00.IN?format=json&per_page=1000,2026-09-28T17:23:21.218Z,{}
SP.DYN.LE00.IN,SP.DYN.LE00.IN--usa,USA,USA,"Life expectancy at birth, total (years)",1986-12-31,1986,year,1986-01-01,74.6146341463415,lata,annual,observed,https://api.worldbank.org/v2/country/POL;WLD;USA;CHN;DEU;IND;KOR;JPN;GBR;FRA;BRA;EST/indicator/SP.DYN.LE00.IN?format=json&per_page=1000,2026-09-28T17:23:21.218Z,{}
SP.DYN.LE00.IN,SP.DYN.LE00.IN--wld,Świat,WLD,"Life expectancy at birth, total (years)",1986-12-31,1986,year,1986-01-01,64.1164876670747,lata,annual,observed,https://api.worldbank.org/v2/country/POL;WLD;USA;CHN;DEU;IND;KOR;JPN;GBR;FRA;BRA;EST/indicator/SP.DYN.LE00.IN?format=json&per_page=1000,2026-09-28T17:23:21.218Z,{}
SP.DYN.LE00.IN,SP.DYN.LE00.IN--bra,Brazylia,BRA,"Life expectancy at birth, total (years)",1987-12-31,1987,year,1987-01-01,64.785,lata,annual,observed,https://api.worldbank.org/v2/country/POL;WLD;USA;CHN;DEU;IND;KOR;JPN;GBR;FRA;BRA;EST/indicator/SP.DYN.LE00.IN?format=json&per_page=1000,2026-09-28T17:23:21.218Z,{}
SP.DYN.LE00.IN,SP.DYN.LE00.IN--chn,Chiny,CHN,"Life expectancy at birth, total (years)",1987-12-31,1987,year,1987-01-01,67.263,lata,annual,observed,https://api.worldbank.org/v2/country/POL;WLD;USA;CHN;DEU;IND;KOR;JPN;GBR;FRA;BRA;EST/indicator/SP.DYN.LE00.IN?format=json&per_page=1000,2026-09-28T17:23:21.218Z,{}
SP.DYN.LE00.IN,SP.DYN.LE00.IN--deu,Niemcy,DEU,"Life expectancy at birth, total (years)",1987-12-31,1987,year,1987-01-01,74.8070243902439,lata,annual,observed,https://api.worldbank.org/v2/country/POL;WLD;USA;CHN;DEU;IND;KOR;JPN;GBR;FRA;BRA;EST/indicator/SP.DYN.LE00.IN?format=json&per_page=1000,2026-09-28T17:23:21.218Z,{}
SP.DYN.LE00.IN,SP.DYN.LE00.IN--est,Estonia,EST,"Life expectancy at birth, total (years)",1987-12-31,1987,year,1987-01-01,70.6439024390244,lata,annual,observed,https://api.worldbank.org/v2/country/POL;WLD;USA;CHN;DEU;IND;KOR;JPN;GBR;FRA;BRA;EST/indicator/SP.DYN.LE00.IN?format=json&per_page=1000,2026-09-28T17:23:21.218Z,{}
SP.DYN.LE00.IN,SP.DYN.LE00.IN--fra,Francja,FRA,"Life expectancy at birth, total (years)",1987-12-31,1987,year,1987-01-01,75.8,lata,annual,observed,https://api.worldbank.org/v2/country/POL;WLD;USA;CHN;DEU;IND;KOR;JPN;GBR;FRA;BRA;EST/indicator/SP.DYN.LE00.IN?format=json&per_page=1000,2026-09-28T17:23:21.218Z,{}
SP.DYN.LE00.IN,SP.DYN.LE00.IN--gbr,Wielka Brytania,GBR,"Life expectancy at birth, total (years)",1987-12-31,1987,year,1987-01-01,75.280487804878,lata,annual,observed,https://api.worldbank.org/v2/country/POL;WLD;USA;CHN;DEU;IND;KOR;JPN;GBR;FRA;BRA;EST/indicator/SP.DYN.LE00.IN?format=json&per_page=1000,2026-09-28T17:23:21.218Z,{}
SP.DYN.LE00.IN,SP.DYN.LE00.IN--ind,Indie,IND,"Life expectancy at birth, total (years)",1987-12-31,1987,year,1987-01-01,57.291,lata,annual,observed,https://api.worldbank.org/v2/country/POL;WLD;USA;CHN;DEU;IND;KOR;JPN;GBR;FRA;BRA;EST/indicator/SP.DYN.LE00.IN?format=json&per_page=1000,2026-09-28T17:23:21.218Z,{}
SP.DYN.LE00.IN,SP.DYN.LE00.IN--jpn,Japonia,JPN,"Life expectancy at birth, total (years)",1987-12-31,1987,year,1987-01-01,78.429512195122,lata,annual,observed,https://api.worldbank.org/v2/country/POL;WLD;USA;CHN;DEU;IND;KOR;JPN;GBR;FRA;BRA;EST/indicator/SP.DYN.LE00.IN?format=json&per_page=1000,2026-09-28T17:23:21.218Z,{}
SP.DYN.LE00.IN,SP.DYN.LE00.IN--kor,Korea Płd.,KOR,"Life expectancy at birth, total (years)",1987-12-31,1987,year,1987-01-01,69.9975609756098,lata,annual,observed,https://api.worldbank.org/v2/country/POL;WLD;USA;CHN;DEU;IND;KOR;JPN;GBR;FRA;BRA;EST/indicator/SP.DYN.LE00.IN?format=json&per_page=1000,2026-09-28T17:23:21.218Z,{}
SP.DYN.LE00.IN,SP.DYN.LE00.IN--pol,Polska,POL,"Life expectancy at birth, total (years)",1987-12-31,1987,year,1987-01-01,70.8975609756098,lata,annual,observed,https://api.worldbank.org/v2/country/POL;WLD;USA;CHN;DEU;IND;KOR;JPN;GBR;FRA;BRA;EST/indicator/SP.DYN.LE00.IN?format=json&per_page=1000,2026-09-28T17:23:21.218Z,{}
SP.DYN.LE00.IN,SP.DYN.LE00.IN--usa,USA,USA,"Life expectancy at birth, total (years)",1987-12-31,1987,year,1987-01-01,74.7658536585366,lata,annual,observed,https://api.worldbank.org/v2/country/POL;WLD;USA;CHN;DEU;IND;KOR;JPN;GBR;FRA;BRA;EST/indicator/SP.DYN.LE00.IN?format=json&per_page=1000,2026-09-28T17:23:21.218Z,{}
SP.DYN.LE00.IN,SP.DYN.LE00.IN--wld,Świat,WLD,"Life expectancy at birth, total (years)",1987-12-31,1987,year,1987-01-01,64.4576806100147,lata,annual,observed,https://api.worldbank.org/v2/country/POL;WLD;USA;CHN;DEU;IND;KOR;JPN;GBR;FRA;BRA;EST/indicator/SP.DYN.LE00.IN?format=json&per_page=1000,2026-09-28T17:23:21.218Z,{}
SP.DYN.LE00.IN,SP.DYN.LE00.IN--bra,Brazylia,BRA,"Life expectancy at birth, total (years)",1988-12-31,1988,year,1988-01-01,65.161,lata,annual,observed,https://api.worldbank.org/v2/country/POL;WLD;USA;CHN;DEU;IND;KOR;JPN;GBR;FRA;BRA;EST/indicator/SP.DYN.LE00.IN?format=json&per_page=1000,2026-09-28T17:23:21.218Z,{}
SP.DYN.LE00.IN,SP.DYN.LE00.IN--chn,Chiny,CHN,"Life expectancy at birth, total (years)",1988-12-31,1988,year,1988-01-01,67.607,lata,annual,observed,https://api.worldbank.org/v2/country/POL;WLD;USA;CHN;DEU;IND;KOR;JPN;GBR;FRA;BRA;EST/indicator/SP.DYN.LE00.IN?format=json&per_page=1000,2026-09-28T17:23:21.218Z,{}
SP.DYN.LE00.IN,SP.DYN.LE00.IN--deu,Niemcy,DEU,"Life expectancy at birth, total (years)",1988-12-31,1988,year,1988-01-01,74.9987317073171,lata,annual,observed,https://api.worldbank.org/v2/country/POL;WLD;USA;CHN;DEU;IND;KOR;JPN;GBR;FRA;BRA;EST/indicator/SP.DYN.LE00.IN?format=json&per_page=1000,2026-09-28T17:23:21.218Z,{}
SP.DYN.LE00.IN,SP.DYN.LE00.IN--est,Estonia,EST,"Life expectancy at birth, total (years)",1988-12-31,1988,year,1988-01-01,70.6975609756098,lata,annual,observed,https://api.worldbank.org/v2/country/POL;WLD;USA;CHN;DEU;IND;KOR;JPN;GBR;FRA;BRA;EST/indicator/SP.DYN.LE00.IN?format=json&per_page=1000,2026-09-28T17:23:21.218Z,{}
SP.DYN.LE00.IN,SP.DYN.LE00.IN--fra,Francja,FRA,"Life expectancy at birth, total (years)",1988-12-31,1988,year,1988-01-01,76.1,lata,annual,observed,https://api.worldbank.org/v2/country/POL;WLD;USA;CHN;DEU;IND;KOR;JPN;GBR;FRA;BRA;EST/indicator/SP.DYN.LE00.IN?format=json&per_page=1000,2026-09-28T17:23:21.218Z,{}
SP.DYN.LE00.IN,SP.DYN.LE00.IN--gbr,Wielka Brytania,GBR,"Life expectancy at birth, total (years)",1988-12-31,1988,year,1988-01-01,75.3804878048781,lata,annual,observed,https://api.worldbank.org/v2/country/POL;WLD;USA;CHN;DEU;IND;KOR;JPN;GBR;FRA;BRA;EST/indicator/SP.DYN.LE00.IN?format=json&per_page=1000,2026-09-28T17:23:21.218Z,{}
SP.DYN.LE00.IN,SP.DYN.LE00.IN--ind,Indie,IND,"Life expectancy at birth, total (years)",1988-12-31,1988,year,1988-01-01,57.744,lata,annual,observed,https://api.worldbank.org/v2/country/POL;WLD;USA;CHN;DEU;IND;KOR;JPN;GBR;FRA;BRA;EST/indicator/SP.DYN.LE00.IN?format=json&per_page=1000,2026-09-28T17:23:21.218Z,{}
SP.DYN.LE00.IN,SP.DYN.LE00.IN--jpn,Japonia,JPN,"Life expectancy at birth, total (years)",1988-12-31,1988,year,1988-01-01,78.349756097561,lata,annual,observed,https://api.worldbank.org/v2/country/POL;WLD;USA;CHN;DEU;IND;KOR;JPN;GBR;FRA;BRA;EST/indicator/SP.DYN.LE00.IN?format=json&per_page=1000,2026-09-28T17:23:21.218Z,{}
SP.DYN.LE00.IN,SP.DYN.LE00.IN--kor,Korea Płd.,KOR,"Life expectancy at birth, total (years)",1988-12-31,1988,year,1988-01-01,70.5487804878049,lata,annual,observed,https://api.worldbank.org/v2/country/POL;WLD;USA;CHN;DEU;IND;KOR;JPN;GBR;FRA;BRA;EST/indicator/SP.DYN.LE00.IN?format=json&per_page=1000,2026-09-28T17:23:21.218Z,{}
SP.DYN.LE00.IN,SP.DYN.LE00.IN--pol,Polska,POL,"Life expectancy at birth, total (years)",1988-12-31,1988,year,1988-01-01,71.3317073170732,lata,annual,observed,https://api.worldbank.org/v2/country/POL;WLD;USA;CHN;DEU;IND;KOR;JPN;GBR;FRA;BRA;EST/indicator/SP.DYN.LE00.IN?format=json&per_page=1000,2026-09-28T17:23:21.218Z,{}
SP.DYN.LE00.IN,SP.DYN.LE00.IN--usa,USA,USA,"Life expectancy at birth, total (years)",1988-12-31,1988,year,1988-01-01,74.7658536585366,lata,annual,observed,https://api.worldbank.org/v2/country/POL;WLD;USA;CHN;DEU;IND;KOR;JPN;GBR;FRA;BRA;EST/indicator/SP.DYN.LE00.IN?format=json&per_page=1000,2026-09-28T17:23:21.218Z,{}
SP.DYN.LE00.IN,SP.DYN.LE00.IN--wld,Świat,WLD,"Life expectancy at birth, total (years)",1988-12-31,1988,year,1988-01-01,64.6663839423644,lata,annual,observed,https://api.worldbank.org/v2/country/POL;WLD;USA;CHN;DEU;IND;KOR;JPN;GBR;FRA;BRA;EST/indicator/SP.DYN.LE00.IN?format=json&per_page=1000,2026-09-28T17:23:21.218Z,{}
SP.DYN.LE00.IN,SP.DYN.LE00.IN--bra,Brazylia,BRA,"Life expectancy at birth, total (years)",1989-12-31,1989,year,1989-01-01,65.514,lata,annual,observed,https://api.worldbank.org/v2/country/POL;WLD;USA;CHN;DEU;IND;KOR;JPN;GBR;FRA;BRA;EST/indicator/SP.DYN.LE00.IN?format=json&per_page=1000,2026-09-28T17:23:21.218Z,{}
SP.DYN.LE00.IN,SP.DYN.LE00.IN--chn,Chiny,CHN,"Life expectancy at birth, total (years)",1989-12-31,1989,year,1989-01-01,67.93,lata,annual,observed,https://api.worldbank.org/v2/country/POL;WLD;USA;CHN;DEU;IND;KOR;JPN;GBR;FRA;BRA;EST/indicator/SP.DYN.LE00.IN?format=json&per_page=1000,2026-09-28T17:23:21.218Z,{}
SP.DYN.LE00.IN,SP.DYN.LE00.IN--deu,Niemcy,DEU,"Life expectancy at birth, total (years)",1989-12-31,1989,year,1989-01-01,75.1915365853659,lata,annual,observed,https://api.worldbank.org/v2/country/POL;WLD;USA;CHN;DEU;IND;KOR;JPN;GBR;FRA;BRA;EST/indicator/SP.DYN.LE00.IN?format=json&per_page=1000,2026-09-28T17:23:21.218Z,{}
SP.DYN.LE00.IN,SP.DYN.LE00.IN--est,Estonia,EST,"Life expectancy at birth, total (years)",1989-12-31,1989,year,1989-01-01,70.0390243902439,lata,annual,observed,https://api.worldbank.org/v2/country/POL;WLD;USA;CHN;DEU;IND;KOR;JPN;GBR;FRA;BRA;EST/indicator/SP.DYN.LE00.IN?format=json&per_page=1000,2026-09-28T17:23:21.218Z,{}
SP.DYN.LE00.IN,SP.DYN.LE00.IN--fra,Francja,FRA,"Life expectancy at birth, total (years)",1989-12-31,1989,year,1989-01-01,76.3487804878049,lata,annual,observed,https://api.worldbank.org/v2/country/POL;WLD;USA;CHN;DEU;IND;KOR;JPN;GBR;FRA;BRA;EST/indicator/SP.DYN.LE00.IN?format=json&per_page=1000,2026-09-28T17:23:21.218Z,{}
SP.DYN.LE00.IN,SP.DYN.LE00.IN--gbr,Wielka Brytania,GBR,"Life expectancy at birth, total (years)",1989-12-31,1989,year,1989-01-01,75.5829268292683,lata,annual,observed,https://api.worldbank.org/v2/country/POL;WLD;USA;CHN;DEU;IND;KOR;JPN;GBR;FRA;BRA;EST/indicator/SP.DYN.LE00.IN?format=json&per_page=1000,2026-09-28T17:23:21.218Z,{}
SP.DYN.LE00.IN,SP.DYN.LE00.IN--ind,Indie,IND,"Life expectancy at birth, total (years)",1989-12-31,1989,year,1989-01-01,58.196,lata,annual,observed,https://api.worldbank.org/v2/country/POL;WLD;USA;CHN;DEU;IND;KOR;JPN;GBR;FRA;BRA;EST/indicator/SP.DYN.LE00.IN?format=json&per_page=1000,2026-09-28T17:23:21.218Z,{}
SP.DYN.LE00.IN,SP.DYN.LE00.IN--jpn,Japonia,JPN,"Life expectancy at birth, total (years)",1989-12-31,1989,year,1989-01-01,78.7685365853659,lata,annual,observed,https://api.worldbank.org/v2/country/POL;WLD;USA;CHN;DEU;IND;KOR;JPN;GBR;FRA;BRA;EST/indicator/SP.DYN.LE00.IN?format=json&per_page=1000,2026-09-28T17:23:21.218Z,{}
SP.DYN.LE00.IN,SP.DYN.LE00.IN--kor,Korea Płd.,KOR,"Life expectancy at birth, total (years)",1989-12-31,1989,year,1989-01-01,71.0487804878049,lata,annual,observed,https://api.worldbank.org/v2/country/POL;WLD;USA;CHN;DEU;IND;KOR;JPN;GBR;FRA;BRA;EST/indicator/SP.DYN.LE00.IN?format=json&per_page=1000,2026-09-28T17:23:21.218Z,{}
SP.DYN.LE00.IN,SP.DYN.LE00.IN--pol,Polska,POL,"Life expectancy at birth, total (years)",1989-12-31,1989,year,1989-01-01,71.0439024390244,lata,annual,observed,https://api.worldbank.org/v2/country/POL;WLD;USA;CHN;DEU;IND;KOR;JPN;GBR;FRA;BRA;EST/indicator/SP.DYN.LE00.IN?format=json&per_page=1000,2026-09-28T17:23:21.218Z,{}
SP.DYN.LE00.IN,SP.DYN.LE00.IN--usa,USA,USA,"Life expectancy at birth, total (years)",1989-12-31,1989,year,1989-01-01,75.0170731707317,lata,annual,observed,https://api.worldbank.org/v2/country/POL;WLD;USA;CHN;DEU;IND;KOR;JPN;GBR;FRA;BRA;EST/indicator/SP.DYN.LE00.IN?format=json&per_page=1000,2026-09-28T17:23:21.218Z,{}
SP.DYN.LE00.IN,SP.DYN.LE00.IN--wld,Świat,WLD,"Life expectancy at birth, total (years)",1989-12-31,1989,year,1989-01-01,64.9575716318237,lata,annual,observed,https://api.worldbank.org/v2/country/POL;WLD;USA;CHN;DEU;IND;KOR;JPN;GBR;FRA;BRA;EST/indicator/SP.DYN.LE00.IN?format=json&per_page=1000,2026-09-28T17:23:21.218Z,{}
SP.DYN.LE00.IN,SP.DYN.LE00.IN--bra,Brazylia,BRA,"Life expectancy at birth, total (years)",1990-12-31,1990,year,1990-01-01,65.862,lata,annual,observed,https://api.worldbank.org/v2/country/POL;WLD;USA;CHN;DEU;IND;KOR;JPN;GBR;FRA;BRA;EST/indicator/SP.DYN.LE00.IN?format=json&per_page=1000,2026-09-28T17:23:21.218Z,{}
SP.DYN.LE00.IN,SP.DYN.LE00.IN--chn,Chiny,CHN,"Life expectancy at birth, total (years)",1990-12-31,1990,year,1990-01-01,68.155,lata,annual,observed,https://api.worldbank.org/v2/country/POL;WLD;USA;CHN;DEU;IND;KOR;JPN;GBR;FRA;BRA;EST/indicator/SP.DYN.LE00.IN?format=json&per_page=1000,2026-09-28T17:23:21.218Z,{}
SP.DYN.LE00.IN,SP.DYN.LE00.IN--deu,Niemcy,DEU,"Life expectancy at birth, total (years)",1990-12-31,1990,year,1990-01-01,75.0856341463415,lata,annual,observed,https://api.worldbank.org/v2/country/POL;WLD;USA;CHN;DEU;IND;KOR;JPN;GBR;FRA;BRA;EST/indicator/SP.DYN.LE00.IN?format=json&per_page=1000,2026-09-28T17:23:21.218Z,{}
SP.DYN.LE00.IN,SP.DYN.LE00.IN--est,Estonia,EST,"Life expectancy at birth, total (years)",1990-12-31,1990,year,1990-01-01,69.4756097560976,lata,annual,observed,https://api.worldbank.org/v2/country/POL;WLD;USA;CHN;DEU;IND;KOR;JPN;GBR;FRA;BRA;EST/indicator/SP.DYN.LE00.IN?format=json&per_page=1000,2026-09-28T17:23:21.218Z,{}
SP.DYN.LE00.IN,SP.DYN.LE00.IN--fra,Francja,FRA,"Life expectancy at birth, total (years)",1990-12-31,1990,year,1990-01-01,76.6,lata,annual,observed,https://api.worldbank.org/v2/country/POL;WLD;USA;CHN;DEU;IND;KOR;JPN;GBR;FRA;BRA;EST/indicator/SP.DYN.LE00.IN?format=json&per_page=1000,2026-09-28T17:23:21.218Z,{}
SP.DYN.LE00.IN,SP.DYN.LE00.IN--gbr,Wielka Brytania,GBR,"Life expectancy at birth, total (years)",1990-12-31,1990,year,1990-01-01,75.8804878048781,lata,annual,observed,https://api.worldbank.org/v2/country/POL;WLD;USA;CHN;DEU;IND;KOR;JPN;GBR;FRA;BRA;EST/indicator/SP.DYN.LE00.IN?format=json&per_page=1000,2026-09-28T17:23:21.218Z,{}
SP.DYN.LE00.IN,SP.DYN.LE00.IN--ind,Indie,IND,"Life expectancy at birth, total (years)",1990-12-31,1990,year,1990-01-01,58.618,lata,annual,observed,https://api.worldbank.org/v2/country/POL;WLD;USA;CHN;DEU;IND;KOR;JPN;GBR;FRA;BRA;EST/indicator/SP.DYN.LE00.IN?format=json&per_page=1000,2026-09-28T17:23:21.218Z,{}
SP.DYN.LE00.IN,SP.DYN.LE00.IN--jpn,Japonia,JPN,"Life expectancy at birth, total (years)",1990-12-31,1990,year,1990-01-01,78.8370731707317,lata,annual,observed,https://api.worldbank.org/v2/country/POL;WLD;USA;CHN;DEU;IND;KOR;JPN;GBR;FRA;BRA;EST/indicator/SP.DYN.LE00.IN?format=json&per_page=1000,2026-09-28T17:23:21.218Z,{}
SP.DYN.LE00.IN,SP.DYN.LE00.IN--kor,Korea Płd.,KOR,"Life expectancy at birth, total (years)",1990-12-31,1990,year,1990-01-01,71.5975609756098,lata,annual,observed,https://api.worldbank.org/v2/country/POL;WLD;USA;CHN;DEU;IND;KOR;JPN;GBR;FRA;BRA;EST/indicator/SP.DYN.LE00.IN?format=json&per_page=1000,2026-09-28T17:23:21.218Z,{}
SP.DYN.LE00.IN,SP.DYN.LE00.IN--pol,Polska,POL,"Life expectancy at birth, total (years)",1990-12-31,1990,year,1990-01-01,70.890243902439,lata,annual,observed,https://api.worldbank.org/v2/country/POL;WLD;USA;CHN;DEU;IND;KOR;JPN;GBR;FRA;BRA;EST/indicator/SP.DYN.LE00.IN?format=json&per_page=1000,2026-09-28T17:23:21.218Z,{}
SP.DYN.LE00.IN,SP.DYN.LE00.IN--usa,USA,USA,"Life expectancy at birth, total (years)",1990-12-31,1990,year,1990-01-01,75.2146341463415,lata,annual,observed,https://api.worldbank.org/v2/country/POL;WLD;USA;CHN;DEU;IND;KOR;JPN;GBR;FRA;BRA;EST/indicator/SP.DYN.LE00.IN?format=json&per_page=1000,2026-09-28T17:23:21.218Z,{}
SP.DYN.LE00.IN,SP.DYN.LE00.IN--wld,Świat,WLD,"Life expectancy at birth, total (years)",1990-12-31,1990,year,1990-01-01,65.1085564186251,lata,annual,observed,https://api.worldbank.org/v2/country/POL;WLD;USA;CHN;DEU;IND;KOR;JPN;GBR;FRA;BRA;EST/indicator/SP.DYN.LE00.IN?format=json&per_page=1000,2026-09-28T17:23:21.218Z,{}
SP.DYN.LE00.IN,SP.DYN.LE00.IN--bra,Brazylia,BRA,"Life expectancy at birth, total (years)",1991-12-31,1991,year,1991-01-01,66.203,lata,annual,observed,https://api.worldbank.org/v2/country/POL;WLD;USA;CHN;DEU;IND;KOR;JPN;GBR;FRA;BRA;EST/indicator/SP.DYN.LE00.IN?format=json&per_page=1000,2026-09-28T17:23:21.218Z,{}
SP.DYN.LE00.IN,SP.DYN.LE00.IN--chn,Chiny,CHN,"Life expectancy at birth, total (years)",1991-12-31,1991,year,1991-01-01,68.61,lata,annual,observed,https://api.worldbank.org/v2/country/POL;WLD;USA;CHN;DEU;IND;KOR;JPN;GBR;FRA;BRA;EST/indicator/SP.DYN.LE00.IN?format=json&per_page=1000,2026-09-28T17:23:21.218Z,{}
SP.DYN.LE00.IN,SP.DYN.LE00.IN--deu,Niemcy,DEU,"Life expectancy at birth, total (years)",1991-12-31,1991,year,1991-01-01,75.319512195122,lata,annual,observed,https://api.worldbank.org/v2/country/POL;WLD;USA;CHN;DEU;IND;KOR;JPN;GBR;FRA;BRA;EST/indicator/SP.DYN.LE00.IN?format=json&per_page=1000,2026-09-28T17:23:21.218Z,{}
SP.DYN.LE00.IN,SP.DYN.LE00.IN--est,Estonia,EST,"Life expectancy at birth, total (years)",1991-12-31,1991,year,1991-01-01,69.3731707317073,lata,annual,observed,https://api.worldbank.org/v2/country/POL;WLD;USA;CHN;DEU;IND;KOR;JPN;GBR;FRA;BRA;EST/indicator/SP.DYN.LE00.IN?format=json&per_page=1000,2026-09-28T17:23:21.218Z,{}
SP.DYN.LE00.IN,SP.DYN.LE00.IN--fra,Francja,FRA,"Life expectancy at birth, total (years)",1991-12-31,1991,year,1991-01-01,76.8487804878049,lata,annual,observed,https://api.worldbank.org/v2/country/POL;WLD;USA;CHN;DEU;IND;KOR;JPN;GBR;FRA;BRA;EST/indicator/SP.DYN.LE00.IN?format=json&per_page=1000,2026-09-28T17:23:21.218Z,{}
SP.DYN.LE00.IN,SP.DYN.LE00.IN--gbr,Wielka Brytania,GBR,"Life expectancy at birth, total (years)",1991-12-31,1991,year,1991-01-01,76.0829268292683,lata,annual,observed,https://api.worldbank.org/v2/country/POL;WLD;USA;CHN;DEU;IND;KOR;JPN;GBR;FRA;BRA;EST/indicator/SP.DYN.LE00.IN?format=json&per_page=1000,2026-09-28T17:23:21.218Z,{}
SP.DYN.LE00.IN,SP.DYN.LE00.IN--ind,Indie,IND,"Life expectancy at birth, total (years)",1991-12-31,1991,year,1991-01-01,59.032,lata,annual,observed,https://api.worldbank.org/v2/country/POL;WLD;USA;CHN;DEU;IND;KOR;JPN;GBR;FRA;BRA;EST/indicator/SP.DYN.LE00.IN?format=json&per_page=1000,2026-09-28T17:23:21.218Z,{}
SP.DYN.LE00.IN,SP.DYN.LE00.IN--jpn,Japonia,JPN,"Life expectancy at birth, total (years)",1991-12-31,1991,year,1991-01-01,79.0368292682927,lata,annual,observed,https://api.worldbank.org/v2/country/POL;WLD;USA;CHN;DEU;IND;KOR;JPN;GBR;FRA;BRA;EST/indicator/SP.DYN.LE00.IN?format=json&per_page=1000,2026-09-28T17:23:21.218Z,{}
SP.DYN.LE00.IN,SP.DYN.LE00.IN--kor,Korea Płd.,KOR,"Life expectancy at birth, total (years)",1991-12-31,1991,year,1991-01-01,72.0463414634146,lata,annual,observed,https://api.worldbank.org/v2/country/POL;WLD;USA;CHN;DEU;IND;KOR;JPN;GBR;FRA;BRA;EST/indicator/SP.DYN.LE00.IN?format=json&per_page=1000,2026-09-28T17:23:21.218Z,{}
SP.DYN.LE00.IN,SP.DYN.LE00.IN--pol,Polska,POL,"Life expectancy at birth, total (years)",1991-12-31,1991,year,1991-01-01,70.5878048780488,lata,annual,observed,https://api.worldbank.org/v2/country/POL;WLD;USA;CHN;DEU;IND;KOR;JPN;GBR;FRA;BRA;EST/indicator/SP.DYN.LE00.IN?format=json&per_page=1000,2026-09-28T17:23:21.218Z,{}
SP.DYN.LE00.IN,SP.DYN.LE00.IN--usa,USA,USA,"Life expectancy at birth, total (years)",1991-12-31,1991,year,1991-01-01,75.3658536585366,lata,annual,observed,https://api.worldbank.org/v2/country/POL;WLD;USA;CHN;DEU;IND;KOR;JPN;GBR;FRA;BRA;EST/indicator/SP.DYN.LE00.IN?format=json&per_page=1000,2026-09-28T17:23:21.218Z,{}
SP.DYN.LE00.IN,SP.DYN.LE00.IN--wld,Świat,WLD,"Life expectancy at birth, total (years)",1991-12-31,1991,year,1991-01-01,65.3038759534727,lata,annual,observed,https://api.worldbank.org/v2/country/POL;WLD;USA;CHN;DEU;IND;KOR;JPN;GBR;FRA;BRA;EST/indicator/SP.DYN.LE00.IN?format=json&per_page=1000,2026-09-28T17:23:21.218Z,{}
SP.DYN.LE00.IN,SP.DYN.LE00.IN--bra,Brazylia,BRA,"Life expectancy at birth, total (years)",1992-12-31,1992,year,1992-01-01,66.539,lata,annual,observed,https://api.worldbank.org/v2/country/POL;WLD;USA;CHN;DEU;IND;KOR;JPN;GBR;FRA;BRA;EST/indicator/SP.DYN.LE00.IN?format=json&per_page=1000,2026-09-28T17:23:21.218Z,{}
SP.DYN.LE00.IN,SP.DYN.LE00.IN--chn,Chiny,CHN,"Life expectancy at birth, total (years)",1992-12-31,1992,year,1992-01-01,69.059,lata,annual,observed,https://api.worldbank.org/v2/country/POL;WLD;USA;CHN;DEU;IND;KOR;JPN;GBR;FRA;BRA;EST/indicator/SP.DYN.LE00.IN?format=json&per_page=1000,2026-09-28T17:23:21.218Z,{}
SP.DYN.LE00.IN,SP.DYN.LE00.IN--deu,Niemcy,DEU,"Life expectancy at birth, total (years)",1992-12-31,1992,year,1992-01-01,75.819512195122,lata,annual,observed,https://api.worldbank.org/v2/country/POL;WLD;USA;CHN;DEU;IND;KOR;JPN;GBR;FRA;BRA;EST/indicator/SP.DYN.LE00.IN?format=json&per_page=1000,2026-09-28T17:23:21.218Z,{}
SP.DYN.LE00.IN,SP.DYN.LE00.IN--est,Estonia,EST,"Life expectancy at birth, total (years)",1992-12-31,1992,year,1992-01-01,68.8634146341464,lata,annual,observed,https://api.worldbank.org/v2/country/POL;WLD;USA;CHN;DEU;IND;KOR;JPN;GBR;FRA;BRA;EST/indicator/SP.DYN.LE00.IN?format=json&per_page=1000,2026-09-28T17:23:21.218Z,{}
SP.DYN.LE00.IN,SP.DYN.LE00.IN--fra,Francja,FRA,"Life expectancy at birth, total (years)",1992-12-31,1992,year,1992-01-01,77.1,lata,annual,observed,https://api.worldbank.org/v2/country/POL;WLD;USA;CHN;DEU;IND;KOR;JPN;GBR;FRA;BRA;EST/indicator/SP.DYN.LE00.IN?format=json&per_page=1000,2026-09-28T17:23:21.218Z,{}
SP.DYN.LE00.IN,SP.DYN.LE00.IN--gbr,Wielka Brytania,GBR,"Life expectancy at birth, total (years)",1992-12-31,1992,year,1992-01-01,76.4341463414634,lata,annual,observed,https://api.worldbank.org/v2/country/POL;WLD;USA;CHN;DEU;IND;KOR;JPN;GBR;FRA;BRA;EST/indicator/SP.DYN.LE00.IN?format=json&per_page=1000,2026-09-28T17:23:21.218Z,{}
SP.DYN.LE00.IN,SP.DYN.LE00.IN--ind,Indie,IND,"Life expectancy at birth, total (years)",1992-12-31,1992,year,1992-01-01,59.445,lata,annual,observed,https://api.worldbank.org/v2/country/POL;WLD;USA;CHN;DEU;IND;KOR;JPN;GBR;FRA;BRA;EST/indicator/SP.DYN.LE00.IN?format=json&per_page=1000,2026-09-28T17:23:21.218Z,{}
SP.DYN.LE00.IN,SP.DYN.LE00.IN--jpn,Japonia,JPN,"Life expectancy at birth, total (years)",1992-12-31,1992,year,1992-01-01,79.080243902439,lata,annual,observed,https://api.worldbank.org/v2/country/POL;WLD;USA;CHN;DEU;IND;KOR;JPN;GBR;FRA;BRA;EST/indicator/SP.DYN.LE00.IN?format=json&per_page=1000,2026-09-28T17:23:21.218Z,{}
SP.DYN.LE00.IN,SP.DYN.LE00.IN--kor,Korea Płd.,KOR,"Life expectancy at birth, total (years)",1992-12-31,1992,year,1992-01-01,72.4975609756098,lata,annual,observed,https://api.worldbank.org/v2/country/POL;WLD;USA;CHN;DEU;IND;KOR;JPN;GBR;FRA;BRA;EST/indicator/SP.DYN.LE00.IN?format=json&per_page=1000,2026-09-28T17:23:21.218Z,{}
SP.DYN.LE00.IN,SP.DYN.LE00.IN--pol,Polska,POL,"Life expectancy at birth, total (years)",1992-12-31,1992,year,1992-01-01,71.090243902439,lata,annual,observed,https://api.worldbank.org/v2/country/POL;WLD;USA;CHN;DEU;IND;KOR;JPN;GBR;FRA;BRA;EST/indicator/SP.DYN.LE00.IN?format=json&per_page=1000,2026-09-28T17:23:21.218Z,{}
SP.DYN.LE00.IN,SP.DYN.LE00.IN--usa,USA,USA,"Life expectancy at birth, total (years)",1992-12-31,1992,year,1992-01-01,75.6170731707317,lata,annual,observed,https://api.worldbank.org/v2/country/POL;WLD;USA;CHN;DEU;IND;KOR;JPN;GBR;FRA;BRA;EST/indicator/SP.DYN.LE00.IN?format=json&per_page=1000,2026-09-28T17:23:21.218Z,{}
SP.DYN.LE00.IN,SP.DYN.LE00.IN--wld,Świat,WLD,"Life expectancy at birth, total (years)",1992-12-31,1992,year,1992-01-01,65.5476873001237,lata,annual,observed,https://api.worldbank.org/v2/country/POL;WLD;USA;CHN;DEU;IND;KOR;JPN;GBR;FRA;BRA;EST/indicator/SP.DYN.LE00.IN?format=json&per_page=1000,2026-09-28T17:23:21.218Z,{}
SP.DYN.LE00.IN,SP.DYN.LE00.IN--bra,Brazylia,BRA,"Life expectancy at birth, total (years)",1993-12-31,1993,year,1993-01-01,66.892,lata,annual,observed,https://api.worldbank.org/v2/country/POL;WLD;USA;CHN;DEU;IND;KOR;JPN;GBR;FRA;BRA;EST/indicator/SP.DYN.LE00.IN?format=json&per_page=1000,2026-09-28T17:23:21.218Z,{}
SP.DYN.LE00.IN,SP.DYN.LE00.IN--chn,Chiny,CHN,"Life expectancy at birth, total (years)",1993-12-31,1993,year,1993-01-01,69.492,lata,annual,observed,https://api.worldbank.org/v2/country/POL;WLD;USA;CHN;DEU;IND;KOR;JPN;GBR;FRA;BRA;EST/indicator/SP.DYN.LE00.IN?format=json&per_page=1000,2026-09-28T17:23:21.218Z,{}
SP.DYN.LE00.IN,SP.DYN.LE00.IN--deu,Niemcy,DEU,"Life expectancy at birth, total (years)",1993-12-31,1993,year,1993-01-01,75.8707317073171,lata,annual,observed,https://api.worldbank.org/v2/country/POL;WLD;USA;CHN;DEU;IND;KOR;JPN;GBR;FRA;BRA;EST/indicator/SP.DYN.LE00.IN?format=json&per_page=1000,2026-09-28T17:23:21.218Z,{}
SP.DYN.LE00.IN,SP.DYN.LE00.IN--est,Estonia,EST,"Life expectancy at birth, total (years)",1993-12-31,1993,year,1993-01-01,67.909756097561,lata,annual,observed,https://api.worldbank.org/v2/country/POL;WLD;USA;CHN;DEU;IND;KOR;JPN;GBR;FRA;BRA;EST/indicator/SP.DYN.LE00.IN?format=json&per_page=1000,2026-09-28T17:23:21.218Z,{}
SP.DYN.LE00.IN,SP.DYN.LE00.IN--fra,Francja,FRA,"Life expectancy at birth, total (years)",1993-12-31,1993,year,1993-01-01,77.3,lata,annual,observed,https://api.worldbank.org/v2/country/POL;WLD;USA;CHN;DEU;IND;KOR;JPN;GBR;FRA;BRA;EST/indicator/SP.DYN.LE00.IN?format=json&per_page=1000,2026-09-28T17:23:21.218Z,{}
SP.DYN.LE00.IN,SP.DYN.LE00.IN--gbr,Wielka Brytania,GBR,"Life expectancy at birth, total (years)",1993-12-31,1993,year,1993-01-01,76.3853658536585,lata,annual,observed,https://api.worldbank.org/v2/country/POL;WLD;USA;CHN;DEU;IND;KOR;JPN;GBR;FRA;BRA;EST/indicator/SP.DYN.LE00.IN?format=json&per_page=1000,2026-09-28T17:23:21.218Z,{}
SP.DYN.LE00.IN,SP.DYN.LE00.IN--ind,Indie,IND,"Life expectancy at birth, total (years)",1993-12-31,1993,year,1993-01-01,59.823,lata,annual,observed,https://api.worldbank.org/v2/country/POL;WLD;USA;CHN;DEU;IND;KOR;JPN;GBR;FRA;BRA;EST/indicator/SP.DYN.LE00.IN?format=json&per_page=1000,2026-09-28T17:23:21.218Z,{}
SP.DYN.LE00.IN,SP.DYN.LE00.IN--jpn,Japonia,JPN,"Life expectancy at birth, total (years)",1993-12-31,1993,year,1993-01-01,79.3036585365854,lata,annual,observed,https://api.worldbank.org/v2/country/POL;WLD;USA;CHN;DEU;IND;KOR;JPN;GBR;FRA;BRA;EST/indicator/SP.DYN.LE00.IN?format=json&per_page=1000,2026-09-28T17:23:21.218Z,{}
SP.DYN.LE00.IN,SP.DYN.LE00.IN--kor,Korea Płd.,KOR,"Life expectancy at birth, total (years)",1993-12-31,1993,year,1993-01-01,72.9975609756098,lata,annual,observed,https://api.worldbank.org/v2/country/POL;WLD;USA;CHN;DEU;IND;KOR;JPN;GBR;FRA;BRA;EST/indicator/SP.DYN.LE00.IN?format=json&per_page=1000,2026-09-28T17:23:21.218Z,{}
SP.DYN.LE00.IN,SP.DYN.LE00.IN--pol,Polska,POL,"Life expectancy at birth, total (years)",1993-12-31,1993,year,1993-01-01,71.5951219512195,lata,annual,observed,https://api.worldbank.org/v2/country/POL;WLD;USA;CHN;DEU;IND;KOR;JPN;GBR;FRA;BRA;EST/indicator/SP.DYN.LE00.IN?format=json&per_page=1000,2026-09-28T17:23:21.218Z,{}
SP.DYN.LE00.IN,SP.DYN.LE00.IN--usa,USA,USA,"Life expectancy at birth, total (years)",1993-12-31,1993,year,1993-01-01,75.419512195122,lata,annual,observed,https://api.worldbank.org/v2/country/POL;WLD;USA;CHN;DEU;IND;KOR;JPN;GBR;FRA;BRA;EST/indicator/SP.DYN.LE00.IN?format=json&per_page=1000,2026-09-28T17:23:21.218Z,{}
SP.DYN.LE00.IN,SP.DYN.LE00.IN--wld,Świat,WLD,"Life expectancy at birth, total (years)",1993-12-31,1993,year,1993-01-01,65.742736646679,lata,annual,observed,https://api.worldbank.org/v2/country/POL;WLD;USA;CHN;DEU;IND;KOR;JPN;GBR;FRA;BRA;EST/indicator/SP.DYN.LE00.IN?format=json&per_page=1000,2026-09-28T17:23:21.218Z,{}
SP.DYN.LE00.IN,SP.DYN.LE00.IN--bra,Brazylia,BRA,"Life expectancy at birth, total (years)",1994-12-31,1994,year,1994-01-01,67.293,lata,annual,observed,https://api.worldbank.org/v2/country/POL;WLD;USA;CHN;DEU;IND;KOR;JPN;GBR;FRA;BRA;EST/indicator/SP.DYN.LE00.IN?format=json&per_page=1000,2026-09-28T17:23:21.218Z,{}
SP.DYN.LE00.IN,SP.DYN.LE00.IN--chn,Chiny,CHN,"Life expectancy at birth, total (years)",1994-12-31,1994,year,1994-01-01,69.835,lata,annual,observed,https://api.worldbank.org/v2/country/POL;WLD;USA;CHN;DEU;IND;KOR;JPN;GBR;FRA;BRA;EST/indicator/SP.DYN.LE00.IN?format=json&per_page=1000,2026-09-28T17:23:21.218Z,{}
SP.DYN.LE00.IN,SP.DYN.LE00.IN--deu,Niemcy,DEU,"Life expectancy at birth, total (years)",1994-12-31,1994,year,1994-01-01,76.2707317073171,lata,annual,observed,https://api.worldbank.org/v2/country/POL;WLD;USA;CHN;DEU;IND;KOR;JPN;GBR;FRA;BRA;EST/indicator/SP.DYN.LE00.IN?format=json&per_page=1000,2026-09-28T17:23:21.218Z,{}
SP.DYN.LE00.IN,SP.DYN.LE00.IN--est,Estonia,EST,"Life expectancy at birth, total (years)",1994-12-31,1994,year,1994-01-01,66.5,lata,annual,observed,https://api.worldbank.org/v2/country/POL;WLD;USA;CHN;DEU;IND;KOR;JPN;GBR;FRA;BRA;EST/indicator/SP.DYN.LE00.IN?format=json&per_page=1000,2026-09-28T17:23:21.218Z,{}
SP.DYN.LE00.IN,SP.DYN.LE00.IN--fra,Francja,FRA,"Life expectancy at birth, total (years)",1994-12-31,1994,year,1994-01-01,77.6487804878049,lata,annual,observed,https://api.worldbank.org/v2/country/POL;WLD;USA;CHN;DEU;IND;KOR;JPN;GBR;FRA;BRA;EST/indicator/SP.DYN.LE00.IN?format=json&per_page=1000,2026-09-28T17:23:21.218Z,{}
SP.DYN.LE00.IN,SP.DYN.LE00.IN--gbr,Wielka Brytania,GBR,"Life expectancy at birth, total (years)",1994-12-31,1994,year,1994-01-01,76.8853658536585,lata,annual,observed,https://api.worldbank.org/v2/country/POL;WLD;USA;CHN;DEU;IND;KOR;JPN;GBR;FRA;BRA;EST/indicator/SP.DYN.LE00.IN?format=json&per_page=1000,2026-09-28T17:23:21.218Z,{}
SP.DYN.LE00.IN,SP.DYN.LE00.IN--ind,Indie,IND,"Life expectancy at birth, total (years)",1994-12-31,1994,year,1994-01-01,60.237,lata,annual,observed,https://api.worldbank.org/v2/country/POL;WLD;USA;CHN;DEU;IND;KOR;JPN;GBR;FRA;BRA;EST/indicator/SP.DYN.LE00.IN?format=json&per_page=1000,2026-09-28T17:23:21.218Z,{}
SP.DYN.LE00.IN,SP.DYN.LE00.IN--jpn,Japonia,JPN,"Life expectancy at birth, total (years)",1994-12-31,1994,year,1994-01-01,79.6968292682927,lata,annual,observed,https://api.worldbank.org/v2/country/POL;WLD;USA;CHN;DEU;IND;KOR;JPN;GBR;FRA;BRA;EST/indicator/SP.DYN.LE00.IN?format=json&per_page=1000,2026-09-28T17:23:21.218Z,{}
SP.DYN.LE00.IN,SP.DYN.LE00.IN--kor,Korea Płd.,KOR,"Life expectancy at birth, total (years)",1994-12-31,1994,year,1994-01-01,73.3975609756098,lata,annual,observed,https://api.worldbank.org/v2/country/POL;WLD;USA;CHN;DEU;IND;KOR;JPN;GBR;FRA;BRA;EST/indicator/SP.DYN.LE00.IN?format=json&per_page=1000,2026-09-28T17:23:21.218Z,{}
SP.DYN.LE00.IN,SP.DYN.LE00.IN--pol,Polska,POL,"Life expectancy at birth, total (years)",1994-12-31,1994,year,1994-01-01,71.6951219512195,lata,annual,observed,https://api.worldbank.org/v2/country/POL;WLD;USA;CHN;DEU;IND;KOR;JPN;GBR;FRA;BRA;EST/indicator/SP.DYN.LE00.IN?format=json&per_page=1000,2026-09-28T17:23:21.218Z,{}
SP.DYN.LE00.IN,SP.DYN.LE00.IN--usa,USA,USA,"Life expectancy at birth, total (years)",1994-12-31,1994,year,1994-01-01,75.619512195122,lata,annual,observed,https://api.worldbank.org/v2/country/POL;WLD;USA;CHN;DEU;IND;KOR;JPN;GBR;FRA;BRA;EST/indicator/SP.DYN.LE00.IN?format=json&per_page=1000,2026-09-28T17:23:21.218Z,{}
SP.DYN.LE00.IN,SP.DYN.LE00.IN--wld,Świat,WLD,"Life expectancy at birth, total (years)",1994-12-31,1994,year,1994-01-01,65.9586214931772,lata,annual,observed,https://api.worldbank.org/v2/country/POL;WLD;USA;CHN;DEU;IND;KOR;JPN;GBR;FRA;BRA;EST/indicator/SP.DYN.LE00.IN?format=json&per_page=1000,2026-09-28T17:23:21.218Z,{}
SP.DYN.LE00.IN,SP.DYN.LE00.IN--bra,Brazylia,BRA,"Life expectancy at birth, total (years)",1995-12-31,1995,year,1995-01-01,67.701,lata,annual,observed,https://api.worldbank.org/v2/country/POL;WLD;USA;CHN;DEU;IND;KOR;JPN;GBR;FRA;BRA;EST/indicator/SP.DYN.LE00.IN?format=json&per_page=1000,2026-09-28T17:23:21.218Z,{}
SP.DYN.LE00.IN,SP.DYN.LE00.IN--chn,Chiny,CHN,"Life expectancy at birth, total (years)",1995-12-31,1995,year,1995-01-01,70.363,lata,annual,observed,https://api.worldbank.org/v2/country/POL;WLD;USA;CHN;DEU;IND;KOR;JPN;GBR;FRA;BRA;EST/indicator/SP.DYN.LE00.IN?format=json&per_page=1000,2026-09-28T17:23:21.218Z,{}
SP.DYN.LE00.IN,SP.DYN.LE00.IN--deu,Niemcy,DEU,"Life expectancy at birth, total (years)",1995-12-31,1995,year,1995-01-01,76.4219512195122,lata,annual,observed,https://api.worldbank.org/v2/country/POL;WLD;USA;CHN;DEU;IND;KOR;JPN;GBR;FRA;BRA;EST/indicator/SP.DYN.LE00.IN?format=json&per_page=1000,2026-09-28T17:23:21.218Z,{}
SP.DYN.LE00.IN,SP.DYN.LE00.IN--est,Estonia,EST,"Life expectancy at birth, total (years)",1995-12-31,1995,year,1995-01-01,67.5439024390244,lata,annual,observed,https://api.worldbank.org/v2/country/POL;WLD;USA;CHN;DEU;IND;KOR;JPN;GBR;FRA;BRA;EST/indicator/SP.DYN.LE00.IN?format=json&per_page=1000,2026-09-28T17:23:21.218Z,{}
SP.DYN.LE00.IN,SP.DYN.LE00.IN--fra,Francja,FRA,"Life expectancy at birth, total (years)",1995-12-31,1995,year,1995-01-01,77.7512195121951,lata,annual,observed,https://api.worldbank.org/v2/country/POL;WLD;USA;CHN;DEU;IND;KOR;JPN;GBR;FRA;BRA;EST/indicator/SP.DYN.LE00.IN?format=json&per_page=1000,2026-09-28T17:23:21.218Z,{}
SP.DYN.LE00.IN,SP.DYN.LE00.IN--gbr,Wielka Brytania,GBR,"Life expectancy at birth, total (years)",1995-12-31,1995,year,1995-01-01,76.8365853658537,lata,annual,observed,https://api.worldbank.org/v2/country/POL;WLD;USA;CHN;DEU;IND;KOR;JPN;GBR;FRA;BRA;EST/indicator/SP.DYN.LE00.IN?format=json&per_page=1000,2026-09-28T17:23:21.218Z,{}
SP.DYN.LE00.IN,SP.DYN.LE00.IN--ind,Indie,IND,"Life expectancy at birth, total (years)",1995-12-31,1995,year,1995-01-01,60.63,lata,annual,observed,https://api.worldbank.org/v2/country/POL;WLD;USA;CHN;DEU;IND;KOR;JPN;GBR;FRA;BRA;EST/indicator/SP.DYN.LE00.IN?format=json&per_page=1000,2026-09-28T17:23:21.218Z,{}
SP.DYN.LE00.IN,SP.DYN.LE00.IN--jpn,Japonia,JPN,"Life expectancy at birth, total (years)",1995-12-31,1995,year,1995-01-01,79.5360975609756,lata,annual,observed,https://api.worldbank.org/v2/country/POL;WLD;USA;CHN;DEU;IND;KOR;JPN;GBR;FRA;BRA;EST/indicator/SP.DYN.LE00.IN?format=json&per_page=1000,2026-09-28T17:23:21.218Z,{}
SP.DYN.LE00.IN,SP.DYN.LE00.IN--kor,Korea Płd.,KOR,"Life expectancy at birth, total (years)",1995-12-31,1995,year,1995-01-01,73.7,lata,annual,observed,https://api.worldbank.org/v2/country/POL;WLD;USA;CHN;DEU;IND;KOR;JPN;GBR;FRA;BRA;EST/indicator/SP.DYN.LE00.IN?format=json&per_page=1000,2026-09-28T17:23:21.218Z,{}
SP.DYN.LE00.IN,SP.DYN.LE00.IN--pol,Polska,POL,"Life expectancy at birth, total (years)",1995-12-31,1995,year,1995-01-01,71.8926829268293,lata,annual,observed,https://api.worldbank.org/v2/country/POL;WLD;USA;CHN;DEU;IND;KOR;JPN;GBR;FRA;BRA;EST/indicator/SP.DYN.LE00.IN?format=json&per_page=1000,2026-09-28T17:23:21.218Z,{}
SP.DYN.LE00.IN,SP.DYN.LE00.IN--usa,USA,USA,"Life expectancy at birth, total (years)",1995-12-31,1995,year,1995-01-01,75.6219512195122,lata,annual,observed,https://api.worldbank.org/v2/country/POL;WLD;USA;CHN;DEU;IND;KOR;JPN;GBR;FRA;BRA;EST/indicator/SP.DYN.LE00.IN?format=json&per_page=1000,2026-09-28T17:23:21.218Z,{}
SP.DYN.LE00.IN,SP.DYN.LE00.IN--wld,Świat,WLD,"Life expectancy at birth, total (years)",1995-12-31,1995,year,1995-01-01,66.2008974348323,lata,annual,observed,https://api.worldbank.org/v2/country/POL;WLD;USA;CHN;DEU;IND;KOR;JPN;GBR;FRA;BRA;EST/indicator/SP.DYN.LE00.IN?format=json&per_page=1000,2026-09-28T17:23:21.218Z,{}
SP.DYN.LE00.IN,SP.DYN.LE00.IN--bra,Brazylia,BRA,"Life expectancy at birth, total (years)",1996-12-31,1996,year,1996-01-01,68.108,lata,annual,observed,https://api.worldbank.org/v2/country/POL;WLD;USA;CHN;DEU;IND;KOR;JPN;GBR;FRA;BRA;EST/indicator/SP.DYN.LE00.IN?format=json&per_page=1000,2026-09-28T17:23:21.218Z,{}
SP.DYN.LE00.IN,SP.DYN.LE00.IN--chn,Chiny,CHN,"Life expectancy at birth, total (years)",1996-12-31,1996,year,1996-01-01,70.823,lata,annual,observed,https://api.worldbank.org/v2/country/POL;WLD;USA;CHN;DEU;IND;KOR;JPN;GBR;FRA;BRA;EST/indicator/SP.DYN.LE00.IN?format=json&per_page=1000,2026-09-28T17:23:21.218Z,{}
SP.DYN.LE00.IN,SP.DYN.LE00.IN--deu,Niemcy,DEU,"Life expectancy at birth, total (years)",1996-12-31,1996,year,1996-01-01,76.6731707317073,lata,annual,observed,https://api.worldbank.org/v2/country/POL;WLD;USA;CHN;DEU;IND;KOR;JPN;GBR;FRA;BRA;EST/indicator/SP.DYN.LE00.IN?format=json&per_page=1000,2026-09-28T17:23:21.218Z,{}
SP.DYN.LE00.IN,SP.DYN.LE00.IN--est,Estonia,EST,"Life expectancy at birth, total (years)",1996-12-31,1996,year,1996-01-01,69.6121951219512,lata,annual,observed,https://api.worldbank.org/v2/country/POL;WLD;USA;CHN;DEU;IND;KOR;JPN;GBR;FRA;BRA;EST/indicator/SP.DYN.LE00.IN?format=json&per_page=1000,2026-09-28T17:23:21.218Z,{}
SP.DYN.LE00.IN,SP.DYN.LE00.IN--fra,Francja,FRA,"Life expectancy at birth, total (years)",1996-12-31,1996,year,1996-01-01,77.9536585365854,lata,annual,observed,https://api.worldbank.org/v2/country/POL;WLD;USA;CHN;DEU;IND;KOR;JPN;GBR;FRA;BRA;EST/indicator/SP.DYN.LE00.IN?format=json&per_page=1000,2026-09-28T17:23:21.218Z,{}
SP.DYN.LE00.IN,SP.DYN.LE00.IN--gbr,Wielka Brytania,GBR,"Life expectancy at birth, total (years)",1996-12-31,1996,year,1996-01-01,77.0878048780488,lata,annual,observed,https://api.worldbank.org/v2/country/POL;WLD;USA;CHN;DEU;IND;KOR;JPN;GBR;FRA;BRA;EST/indicator/SP.DYN.LE00.IN?format=json&per_page=1000,2026-09-28T17:23:21.218Z,{}
SP.DYN.LE00.IN,SP.DYN.LE00.IN--ind,Indie,IND,"Life expectancy at birth, total (years)",1996-12-31,1996,year,1996-01-01,61.027,lata,annual,observed,https://api.worldbank.org/v2/country/POL;WLD;USA;CHN;DEU;IND;KOR;JPN;GBR;FRA;BRA;EST/indicator/SP.DYN.LE00.IN?format=json&per_page=1000,2026-09-28T17:23:21.218Z,{}
SP.DYN.LE00.IN,SP.DYN.LE00.IN--jpn,Japonia,JPN,"Life expectancy at birth, total (years)",1996-12-31,1996,year,1996-01-01,80.219756097561,lata,annual,observed,https://api.worldbank.org/v2/country/POL;WLD;USA;CHN;DEU;IND;KOR;JPN;GBR;FRA;BRA;EST/indicator/SP.DYN.LE00.IN?format=json&per_page=1000,2026-09-28T17:23:21.218Z,{}
SP.DYN.LE00.IN,SP.DYN.LE00.IN--kor,Korea Płd.,KOR,"Life expectancy at birth, total (years)",1996-12-31,1996,year,1996-01-01,74.1512195121951,lata,annual,observed,https://api.worldbank.org/v2/country/POL;WLD;USA;CHN;DEU;IND;KOR;JPN;GBR;FRA;BRA;EST/indicator/SP.DYN.LE00.IN?format=json&per_page=1000,2026-09-28T17:23:21.218Z,{}
SP.DYN.LE00.IN,SP.DYN.LE00.IN--pol,Polska,POL,"Life expectancy at birth, total (years)",1996-12-31,1996,year,1996-01-01,72.2463414634146,lata,annual,observed,https://api.worldbank.org/v2/country/POL;WLD;USA;CHN;DEU;IND;KOR;JPN;GBR;FRA;BRA;EST/indicator/SP.DYN.LE00.IN?format=json&per_page=1000,2026-09-28T17:23:21.218Z,{}
SP.DYN.LE00.IN,SP.DYN.LE00.IN--usa,USA,USA,"Life expectancy at birth, total (years)",1996-12-31,1996,year,1996-01-01,76.0268292682927,lata,annual,observed,https://api.worldbank.org/v2/country/POL;WLD;USA;CHN;DEU;IND;KOR;JPN;GBR;FRA;BRA;EST/indicator/SP.DYN.LE00.IN?format=json&per_page=1000,2026-09-28T17:23:21.218Z,{}
SP.DYN.LE00.IN,SP.DYN.LE00.IN--wld,Świat,WLD,"Life expectancy at birth, total (years)",1996-12-31,1996,year,1996-01-01,66.5154326237584,lata,annual,observed,https://api.worldbank.org/v2/country/POL;WLD;USA;CHN;DEU;IND;KOR;JPN;GBR;FRA;BRA;EST/indicator/SP.DYN.LE00.IN?format=json&per_page=1000,2026-09-28T17:23:21.218Z,{}
SP.DYN.LE00.IN,SP.DYN.LE00.IN--bra,Brazylia,BRA,"Life expectancy at birth, total (years)",1997-12-31,1997,year,1997-01-01,68.505,lata,annual,observed,https://api.worldbank.org/v2/country/POL;WLD;USA;CHN;DEU;IND;KOR;JPN;GBR;FRA;BRA;EST/indicator/SP.DYN.LE00.IN?format=json&per_page=1000,2026-09-28T17:23:21.218Z,{}
SP.DYN.LE00.IN,SP.DYN.LE00.IN--chn,Chiny,CHN,"Life expectancy at birth, total (years)",1997-12-31,1997,year,1997-01-01,71.227,lata,annual,observed,https://api.worldbank.org/v2/country/POL;WLD;USA;CHN;DEU;IND;KOR;JPN;GBR;FRA;BRA;EST/indicator/SP.DYN.LE00.IN?format=json&per_page=1000,2026-09-28T17:23:21.218Z,{}
SP.DYN.LE00.IN,SP.DYN.LE00.IN--deu,Niemcy,DEU,"Life expectancy at birth, total (years)",1997-12-31,1997,year,1997-01-01,77.0731707317073,lata,annual,observed,https://api.worldbank.org/v2/country/POL;WLD;USA;CHN;DEU;IND;KOR;JPN;GBR;FRA;BRA;EST/indicator/SP.DYN.LE00.IN?format=json&per_page=1000,2026-09-28T17:23:21.218Z,{}
SP.DYN.LE00.IN,SP.DYN.LE00.IN--est,Estonia,EST,"Life expectancy at birth, total (years)",1997-12-31,1997,year,1997-01-01,69.809756097561,lata,annual,observed,https://api.worldbank.org/v2/country/POL;WLD;USA;CHN;DEU;IND;KOR;JPN;GBR;FRA;BRA;EST/indicator/SP.DYN.LE00.IN?format=json&per_page=1000,2026-09-28T17:23:21.218Z,{}
SP.DYN.LE00.IN,SP.DYN.LE00.IN--fra,Francja,FRA,"Life expectancy at birth, total (years)",1997-12-31,1997,year,1997-01-01,78.3048780487805,lata,annual,observed,https://api.worldbank.org/v2/country/POL;WLD;USA;CHN;DEU;IND;KOR;JPN;GBR;FRA;BRA;EST/indicator/SP.DYN.LE00.IN?format=json&per_page=1000,2026-09-28T17:23:21.218Z,{}
SP.DYN.LE00.IN,SP.DYN.LE00.IN--gbr,Wielka Brytania,GBR,"Life expectancy at birth, total (years)",1997-12-31,1997,year,1997-01-01,77.2109756097561,lata,annual,observed,https://api.worldbank.org/v2/country/POL;WLD;USA;CHN;DEU;IND;KOR;JPN;GBR;FRA;BRA;EST/indicator/SP.DYN.LE00.IN?format=json&per_page=1000,2026-09-28T17:23:21.218Z,{}
SP.DYN.LE00.IN,SP.DYN.LE00.IN--ind,Indie,IND,"Life expectancy at birth, total (years)",1997-12-31,1997,year,1997-01-01,61.439,lata,annual,observed,https://api.worldbank.org/v2/country/POL;WLD;USA;CHN;DEU;IND;KOR;JPN;GBR;FRA;BRA;EST/indicator/SP.DYN.LE00.IN?format=json&per_page=1000,2026-09-28T17:23:21.218Z,{}
SP.DYN.LE00.IN,SP.DYN.LE00.IN--jpn,Japonia,JPN,"Life expectancy at birth, total (years)",1997-12-31,1997,year,1997-01-01,80.4241463414634,lata,annual,observed,https://api.worldbank.org/v2/country/POL;WLD;USA;CHN;DEU;IND;KOR;JPN;GBR;FRA;BRA;EST/indicator/SP.DYN.LE00.IN?format=json&per_page=1000,2026-09-28T17:23:21.218Z,{}
SP.DYN.LE00.IN,SP.DYN.LE00.IN--kor,Korea Płd.,KOR,"Life expectancy at birth, total (years)",1997-12-31,1997,year,1997-01-01,74.6024390243903,lata,annual,observed,https://api.worldbank.org/v2/country/POL;WLD;USA;CHN;DEU;IND;KOR;JPN;GBR;FRA;BRA;EST/indicator/SP.DYN.LE00.IN?format=json&per_page=1000,2026-09-28T17:23:21.218Z,{}
SP.DYN.LE00.IN,SP.DYN.LE00.IN--pol,Polska,POL,"Life expectancy at birth, total (years)",1997-12-31,1997,year,1997-01-01,72.6463414634146,lata,annual,observed,https://api.worldbank.org/v2/country/POL;WLD;USA;CHN;DEU;IND;KOR;JPN;GBR;FRA;BRA;EST/indicator/SP.DYN.LE00.IN?format=json&per_page=1000,2026-09-28T17:23:21.218Z,{}
SP.DYN.LE00.IN,SP.DYN.LE00.IN--usa,USA,USA,"Life expectancy at birth, total (years)",1997-12-31,1997,year,1997-01-01,76.4292682926829,lata,annual,observed,https://api.worldbank.org/v2/country/POL;WLD;USA;CHN;DEU;IND;KOR;JPN;GBR;FRA;BRA;EST/indicator/SP.DYN.LE00.IN?format=json&per_page=1000,2026-09-28T17:23:21.218Z,{}
SP.DYN.LE00.IN,SP.DYN.LE00.IN--wld,Świat,WLD,"Life expectancy at birth, total (years)",1997-12-31,1997,year,1997-01-01,66.8309307807022,lata,annual,observed,https://api.worldbank.org/v2/country/POL;WLD;USA;CHN;DEU;IND;KOR;JPN;GBR;FRA;BRA;EST/indicator/SP.DYN.LE00.IN?format=json&per_page=1000,2026-09-28T17:23:21.218Z,{}
SP.DYN.LE00.IN,SP.DYN.LE00.IN--bra,Brazylia,BRA,"Life expectancy at birth, total (years)",1998-12-31,1998,year,1998-01-01,68.848,lata,annual,observed,https://api.worldbank.org/v2/country/POL;WLD;USA;CHN;DEU;IND;KOR;JPN;GBR;FRA;BRA;EST/indicator/SP.DYN.LE00.IN?format=json&per_page=1000,2026-09-28T17:23:21.218Z,{}
SP.DYN.LE00.IN,SP.DYN.LE00.IN--chn,Chiny,CHN,"Life expectancy at birth, total (years)",1998-12-31,1998,year,1998-01-01,71.601,lata,annual,observed,https://api.worldbank.org/v2/country/POL;WLD;USA;CHN;DEU;IND;KOR;JPN;GBR;FRA;BRA;EST/indicator/SP.DYN.LE00.IN?format=json&per_page=1000,2026-09-28T17:23:21.218Z,{}
SP.DYN.LE00.IN,SP.DYN.LE00.IN--deu,Niemcy,DEU,"Life expectancy at birth, total (years)",1998-12-31,1998,year,1998-01-01,77.4756097560976,lata,annual,observed,https://api.worldbank.org/v2/country/POL;WLD;USA;CHN;DEU;IND;KOR;JPN;GBR;FRA;BRA;EST/indicator/SP.DYN.LE00.IN?format=json&per_page=1000,2026-09-28T17:23:21.218Z,{}
SP.DYN.LE00.IN,SP.DYN.LE00.IN--est,Estonia,EST,"Life expectancy at birth, total (years)",1998-12-31,1998,year,1998-01-01,69.3585365853659,lata,annual,observed,https://api.worldbank.org/v2/country/POL;WLD;USA;CHN;DEU;IND;KOR;JPN;GBR;FRA;BRA;EST/indicator/SP.DYN.LE00.IN?format=json&per_page=1000,2026-09-28T17:23:21.218Z,{}
SP.DYN.LE00.IN,SP.DYN.LE00.IN--fra,Francja,FRA,"Life expectancy at birth, total (years)",1998-12-31,1998,year,1998-01-01,78.6048780487805,lata,annual,observed,https://api.worldbank.org/v2/country/POL;WLD;USA;CHN;DEU;IND;KOR;JPN;GBR;FRA;BRA;EST/indicator/SP.DYN.LE00.IN?format=json&per_page=1000,2026-09-28T17:23:21.218Z,{}
SP.DYN.LE00.IN,SP.DYN.LE00.IN--gbr,Wielka Brytania,GBR,"Life expectancy at birth, total (years)",1998-12-31,1998,year,1998-01-01,77.190243902439,lata,annual,observed,https://api.worldbank.org/v2/country/POL;WLD;USA;CHN;DEU;IND;KOR;JPN;GBR;FRA;BRA;EST/indicator/SP.DYN.LE00.IN?format=json&per_page=1000,2026-09-28T17:23:21.218Z,{}
SP.DYN.LE00.IN,SP.DYN.LE00.IN--ind,Indie,IND,"Life expectancy at birth, total (years)",1998-12-31,1998,year,1998-01-01,61.852,lata,annual,observed,https://api.worldbank.org/v2/country/POL;WLD;USA;CHN;DEU;IND;KOR;JPN;GBR;FRA;BRA;EST/indicator/SP.DYN.LE00.IN?format=json&per_page=1000,2026-09-28T17:23:21.218Z,{}
SP.DYN.LE00.IN,SP.DYN.LE00.IN--jpn,Japonia,JPN,"Life expectancy at birth, total (years)",1998-12-31,1998,year,1998-01-01,80.5014634146342,lata,annual,observed,https://api.worldbank.org/v2/country/POL;WLD;USA;CHN;DEU;IND;KOR;JPN;GBR;FRA;BRA;EST/indicator/SP.DYN.LE00.IN?format=json&per_page=1000,2026-09-28T17:23:21.218Z,{}
SP.DYN.LE00.IN,SP.DYN.LE00.IN--kor,Korea Płd.,KOR,"Life expectancy at birth, total (years)",1998-12-31,1998,year,1998-01-01,75.0048780487805,lata,annual,observed,https://api.worldbank.org/v2/country/POL;WLD;USA;CHN;DEU;IND;KOR;JPN;GBR;FRA;BRA;EST/indicator/SP.DYN.LE00.IN?format=json&per_page=1000,2026-09-28T17:23:21.218Z,{}
SP.DYN.LE00.IN,SP.DYN.LE00.IN--pol,Polska,POL,"Life expectancy at birth, total (years)",1998-12-31,1998,year,1998-01-01,72.9975609756098,lata,annual,observed,https://api.worldbank.org/v2/country/POL;WLD;USA;CHN;DEU;IND;KOR;JPN;GBR;FRA;BRA;EST/indicator/SP.DYN.LE00.IN?format=json&per_page=1000,2026-09-28T17:23:21.218Z,{}
SP.DYN.LE00.IN,SP.DYN.LE00.IN--usa,USA,USA,"Life expectancy at birth, total (years)",1998-12-31,1998,year,1998-01-01,76.5804878048781,lata,annual,observed,https://api.worldbank.org/v2/country/POL;WLD;USA;CHN;DEU;IND;KOR;JPN;GBR;FRA;BRA;EST/indicator/SP.DYN.LE00.IN?format=json&per_page=1000,2026-09-28T17:23:21.218Z,{}
SP.DYN.LE00.IN,SP.DYN.LE00.IN--wld,Świat,WLD,"Life expectancy at birth, total (years)",1998-12-31,1998,year,1998-01-01,67.0666353847454,lata,annual,observed,https://api.worldbank.org/v2/country/POL;WLD;USA;CHN;DEU;IND;KOR;JPN;GBR;FRA;BRA;EST/indicator/SP.DYN.LE00.IN?format=json&per_page=1000,2026-09-28T17:23:21.218Z,{}
SP.DYN.LE00.IN,SP.DYN.LE00.IN--bra,Brazylia,BRA,"Life expectancy at birth, total (years)",1999-12-31,1999,year,1999-01-01,69.211,lata,annual,observed,https://api.worldbank.org/v2/country/POL;WLD;USA;CHN;DEU;IND;KOR;JPN;GBR;FRA;BRA;EST/indicator/SP.DYN.LE00.IN?format=json&per_page=1000,2026-09-28T17:23:21.218Z,{}
SP.DYN.LE00.IN,SP.DYN.LE00.IN--chn,Chiny,CHN,"Life expectancy at birth, total (years)",1999-12-31,1999,year,1999-01-01,71.952,lata,annual,observed,https://api.worldbank.org/v2/country/POL;WLD;USA;CHN;DEU;IND;KOR;JPN;GBR;FRA;BRA;EST/indicator/SP.DYN.LE00.IN?format=json&per_page=1000,2026-09-28T17:23:21.218Z,{}
SP.DYN.LE00.IN,SP.DYN.LE00.IN--deu,Niemcy,DEU,"Life expectancy at birth, total (years)",1999-12-31,1999,year,1999-01-01,77.7268292682927,lata,annual,observed,https://api.worldbank.org/v2/country/POL;WLD;USA;CHN;DEU;IND;KOR;JPN;GBR;FRA;BRA;EST/indicator/SP.DYN.LE00.IN?format=json&per_page=1000,2026-09-28T17:23:21.218Z,{}
SP.DYN.LE00.IN,SP.DYN.LE00.IN--est,Estonia,EST,"Life expectancy at birth, total (years)",1999-12-31,1999,year,1999-01-01,70.0634146341463,lata,annual,observed,https://api.worldbank.org/v2/country/POL;WLD;USA;CHN;DEU;IND;KOR;JPN;GBR;FRA;BRA;EST/indicator/SP.DYN.LE00.IN?format=json&per_page=1000,2026-09-28T17:23:21.218Z,{}
SP.DYN.LE00.IN,SP.DYN.LE00.IN--fra,Francja,FRA,"Life expectancy at birth, total (years)",1999-12-31,1999,year,1999-01-01,78.7560975609756,lata,annual,observed,https://api.worldbank.org/v2/country/POL;WLD;USA;CHN;DEU;IND;KOR;JPN;GBR;FRA;BRA;EST/indicator/SP.DYN.LE00.IN?format=json&per_page=1000,2026-09-28T17:23:21.218Z,{}
SP.DYN.LE00.IN,SP.DYN.LE00.IN--gbr,Wielka Brytania,GBR,"Life expectancy at birth, total (years)",1999-12-31,1999,year,1999-01-01,77.390243902439,lata,annual,observed,https://api.worldbank.org/v2/country/POL;WLD;USA;CHN;DEU;IND;KOR;JPN;GBR;FRA;BRA;EST/indicator/SP.DYN.LE00.IN?format=json&per_page=1000,2026-09-28T17:23:21.218Z,{}
SP.DYN.LE00.IN,SP.DYN.LE00.IN--ind,Indie,IND,"Life expectancy at birth, total (years)",1999-12-31,1999,year,1999-01-01,62.284,lata,annual,observed,https://api.worldbank.org/v2/country/POL;WLD;USA;CHN;DEU;IND;KOR;JPN;GBR;FRA;BRA;EST/indicator/SP.DYN.LE00.IN?format=json&per_page=1000,2026-09-28T17:23:21.218Z,{}
SP.DYN.LE00.IN,SP.DYN.LE00.IN--jpn,Japonia,JPN,"Life expectancy at birth, total (years)",1999-12-31,1999,year,1999-01-01,80.4609756097561,lata,annual,observed,https://api.worldbank.org/v2/country/POL;WLD;USA;CHN;DEU;IND;KOR;JPN;GBR;FRA;BRA;EST/indicator/SP.DYN.LE00.IN?format=json&per_page=1000,2026-09-28T17:23:21.218Z,{}
SP.DYN.LE00.IN,SP.DYN.LE00.IN--kor,Korea Płd.,KOR,"Life expectancy at birth, total (years)",1999-12-31,1999,year,1999-01-01,75.409756097561,lata,annual,observed,https://api.worldbank.org/v2/country/POL;WLD;USA;CHN;DEU;IND;KOR;JPN;GBR;FRA;BRA;EST/indicator/SP.DYN.LE00.IN?format=json&per_page=1000,2026-09-28T17:23:21.218Z,{}
SP.DYN.LE00.IN,SP.DYN.LE00.IN--pol,Polska,POL,"Life expectancy at birth, total (years)",1999-12-31,1999,year,1999-01-01,73.0439024390244,lata,annual,observed,https://api.worldbank.org/v2/country/POL;WLD;USA;CHN;DEU;IND;KOR;JPN;GBR;FRA;BRA;EST/indicator/SP.DYN.LE00.IN?format=json&per_page=1000,2026-09-28T17:23:21.218Z,{}
SP.DYN.LE00.IN,SP.DYN.LE00.IN--usa,USA,USA,"Life expectancy at birth, total (years)",1999-12-31,1999,year,1999-01-01,76.5829268292683,lata,annual,observed,https://api.worldbank.org/v2/country/POL;WLD;USA;CHN;DEU;IND;KOR;JPN;GBR;FRA;BRA;EST/indicator/SP.DYN.LE00.IN?format=json&per_page=1000,2026-09-28T17:23:21.218Z,{}
SP.DYN.LE00.IN,SP.DYN.LE00.IN--wld,Świat,WLD,"Life expectancy at birth, total (years)",1999-12-31,1999,year,1999-01-01,67.3121942863677,lata,annual,observed,https://api.worldbank.org/v2/country/POL;WLD;USA;CHN;DEU;IND;KOR;JPN;GBR;FRA;BRA;EST/indicator/SP.DYN.LE00.IN?format=json&per_page=1000,2026-09-28T17:23:21.218Z,{}
SP.DYN.LE00.IN,SP.DYN.LE00.IN--bra,Brazylia,BRA,"Life expectancy at birth, total (years)",2000-12-31,2000,year,2000-01-01,69.584,lata,annual,observed,https://api.worldbank.org/v2/country/POL;WLD;USA;CHN;DEU;IND;KOR;JPN;GBR;FRA;BRA;EST/indicator/SP.DYN.LE00.IN?format=json&per_page=1000,2026-09-28T17:23:21.218Z,{}
SP.DYN.LE00.IN,SP.DYN.LE00.IN--chn,Chiny,CHN,"Life expectancy at birth, total (years)",2000-12-31,2000,year,2000-01-01,72.288,lata,annual,observed,https://api.worldbank.org/v2/country/POL;WLD;USA;CHN;DEU;IND;KOR;JPN;GBR;FRA;BRA;EST/indicator/SP.DYN.LE00.IN?format=json&per_page=1000,2026-09-28T17:23:21.218Z,{}
SP.DYN.LE00.IN,SP.DYN.LE00.IN--deu,Niemcy,DEU,"Life expectancy at birth, total (years)",2000-12-31,2000,year,2000-01-01,77.9268292682927,lata,annual,observed,https://api.worldbank.org/v2/country/POL;WLD;USA;CHN;DEU;IND;KOR;JPN;GBR;FRA;BRA;EST/indicator/SP.DYN.LE00.IN?format=json&per_page=1000,2026-09-28T17:23:21.218Z,{}
SP.DYN.LE00.IN,SP.DYN.LE00.IN--est,Estonia,EST,"Life expectancy at birth, total (years)",2000-12-31,2000,year,2000-01-01,70.4170731707317,lata,annual,observed,https://api.worldbank.org/v2/country/POL;WLD;USA;CHN;DEU;IND;KOR;JPN;GBR;FRA;BRA;EST/indicator/SP.DYN.LE00.IN?format=json&per_page=1000,2026-09-28T17:23:21.218Z,{}
SP.DYN.LE00.IN,SP.DYN.LE00.IN--fra,Francja,FRA,"Life expectancy at birth, total (years)",2000-12-31,2000,year,2000-01-01,79.0560975609756,lata,annual,observed,https://api.worldbank.org/v2/country/POL;WLD;USA;CHN;DEU;IND;KOR;JPN;GBR;FRA;BRA;EST/indicator/SP.DYN.LE00.IN?format=json&per_page=1000,2026-09-28T17:23:21.218Z,{}
SP.DYN.LE00.IN,SP.DYN.LE00.IN--gbr,Wielka Brytania,GBR,"Life expectancy at birth, total (years)",2000-12-31,2000,year,2000-01-01,77.7414634146342,lata,annual,observed,https://api.worldbank.org/v2/country/POL;WLD;USA;CHN;DEU;IND;KOR;JPN;GBR;FRA;BRA;EST/indicator/SP.DYN.LE00.IN?format=json&per_page=1000,2026-09-28T17:23:21.218Z,{}
SP.DYN.LE00.IN,SP.DYN.LE00.IN--ind,Indie,IND,"Life expectancy at birth, total (years)",2000-12-31,2000,year,2000-01-01,62.749,lata,annual,observed,https://api.worldbank.org/v2/country/POL;WLD;USA;CHN;DEU;IND;KOR;JPN;GBR;FRA;BRA;EST/indicator/SP.DYN.LE00.IN?format=json&per_page=1000,2026-09-28T17:23:21.218Z,{}
SP.DYN.LE00.IN,SP.DYN.LE00.IN--jpn,Japonia,JPN,"Life expectancy at birth, total (years)",2000-12-31,2000,year,2000-01-01,81.0760975609756,lata,annual,observed,https://api.worldbank.org/v2/country/POL;WLD;USA;CHN;DEU;IND;KOR;JPN;GBR;FRA;BRA;EST/indicator/SP.DYN.LE00.IN?format=json&per_page=1000,2026-09-28T17:23:21.218Z,{}
SP.DYN.LE00.IN,SP.DYN.LE00.IN--kor,Korea Płd.,KOR,"Life expectancy at birth, total (years)",2000-12-31,2000,year,2000-01-01,75.909756097561,lata,annual,observed,https://api.worldbank.org/v2/country/POL;WLD;USA;CHN;DEU;IND;KOR;JPN;GBR;FRA;BRA;EST/indicator/SP.DYN.LE00.IN?format=json&per_page=1000,2026-09-28T17:23:21.218Z,{}
SP.DYN.LE00.IN,SP.DYN.LE00.IN--pol,Polska,POL,"Life expectancy at birth, total (years)",2000-12-31,2000,year,2000-01-01,73.7487804878049,lata,annual,observed,https://api.worldbank.org/v2/country/POL;WLD;USA;CHN;DEU;IND;KOR;JPN;GBR;FRA;BRA;EST/indicator/SP.DYN.LE00.IN?format=json&per_page=1000,2026-09-28T17:23:21.218Z,{}
SP.DYN.LE00.IN,SP.DYN.LE00.IN--usa,USA,USA,"Life expectancy at birth, total (years)",2000-12-31,2000,year,2000-01-01,76.6365853658537,lata,annual,observed,https://api.worldbank.org/v2/country/POL;WLD;USA;CHN;DEU;IND;KOR;JPN;GBR;FRA;BRA;EST/indicator/SP.DYN.LE00.IN?format=json&per_page=1000,2026-09-28T17:23:21.218Z,{}
SP.DYN.LE00.IN,SP.DYN.LE00.IN--wld,Świat,WLD,"Life expectancy at birth, total (years)",2000-12-31,2000,year,2000-01-01,67.6504778738489,lata,annual,observed,https://api.worldbank.org/v2/country/POL;WLD;USA;CHN;DEU;IND;KOR;JPN;GBR;FRA;BRA;EST/indicator/SP.DYN.LE00.IN?format=json&per_page=1000,2026-09-28T17:23:21.218Z,{}
SP.DYN.LE00.IN,SP.DYN.LE00.IN--bra,Brazylia,BRA,"Life expectancy at birth, total (years)",2001-12-31,2001,year,2001-01-01,69.98,lata,annual,observed,https://api.worldbank.org/v2/country/POL;WLD;USA;CHN;DEU;IND;KOR;JPN;GBR;FRA;BRA;EST/indicator/SP.DYN.LE00.IN?format=json&per_page=1000,2026-09-28T17:23:21.218Z,{}
SP.DYN.LE00.IN,SP.DYN.LE00.IN--chn,Chiny,CHN,"Life expectancy at birth, total (years)",2001-12-31,2001,year,2001-01-01,72.675,lata,annual,observed,https://api.worldbank.org/v2/country/POL;WLD;USA;CHN;DEU;IND;KOR;JPN;GBR;FRA;BRA;EST/indicator/SP.DYN.LE00.IN?format=json&per_page=1000,2026-09-28T17:23:21.218Z,{}
SP.DYN.LE00.IN,SP.DYN.LE00.IN--deu,Niemcy,DEU,"Life expectancy at birth, total (years)",2001-12-31,2001,year,2001-01-01,78.3292682926829,lata,annual,observed,https://api.worldbank.org/v2/country/POL;WLD;USA;CHN;DEU;IND;KOR;JPN;GBR;FRA;BRA;EST/indicator/SP.DYN.LE00.IN?format=json&per_page=1000,2026-09-28T17:23:21.218Z,{}
SP.DYN.LE00.IN,SP.DYN.LE00.IN--est,Estonia,EST,"Life expectancy at birth, total (years)",2001-12-31,2001,year,2001-01-01,70.2585365853659,lata,annual,observed,https://api.worldbank.org/v2/country/POL;WLD;USA;CHN;DEU;IND;KOR;JPN;GBR;FRA;BRA;EST/indicator/SP.DYN.LE00.IN?format=json&per_page=1000,2026-09-28T17:23:21.218Z,{}
SP.DYN.LE00.IN,SP.DYN.LE00.IN--fra,Francja,FRA,"Life expectancy at birth, total (years)",2001-12-31,2001,year,2001-01-01,79.1585365853659,lata,annual,observed,https://api.worldbank.org/v2/country/POL;WLD;USA;CHN;DEU;IND;KOR;JPN;GBR;FRA;BRA;EST/indicator/SP.DYN.LE00.IN?format=json&per_page=1000,2026-09-28T17:23:21.218Z,{}
SP.DYN.LE00.IN,SP.DYN.LE00.IN--gbr,Wielka Brytania,GBR,"Life expectancy at birth, total (years)",2001-12-31,2001,year,2001-01-01,77.9926829268293,lata,annual,observed,https://api.worldbank.org/v2/country/POL;WLD;USA;CHN;DEU;IND;KOR;JPN;GBR;FRA;BRA;EST/indicator/SP.DYN.LE00.IN?format=json&per_page=1000,2026-09-28T17:23:21.218Z,{}
SP.DYN.LE00.IN,SP.DYN.LE00.IN--ind,Indie,IND,"Life expectancy at birth, total (years)",2001-12-31,2001,year,2001-01-01,63.158,lata,annual,observed,https://api.worldbank.org/v2/country/POL;WLD;USA;CHN;DEU;IND;KOR;JPN;GBR;FRA;BRA;EST/indicator/SP.DYN.LE00.IN?format=json&per_page=1000,2026-09-28T17:23:21.218Z,{}
SP.DYN.LE00.IN,SP.DYN.LE00.IN--jpn,Japonia,JPN,"Life expectancy at birth, total (years)",2001-12-31,2001,year,2001-01-01,81.4163414634146,lata,annual,observed,https://api.worldbank.org/v2/country/POL;WLD;USA;CHN;DEU;IND;KOR;JPN;GBR;FRA;BRA;EST/indicator/SP.DYN.LE00.IN?format=json&per_page=1000,2026-09-28T17:23:21.218Z,{}
SP.DYN.LE00.IN,SP.DYN.LE00.IN--kor,Korea Płd.,KOR,"Life expectancy at birth, total (years)",2001-12-31,2001,year,2001-01-01,76.4121951219512,lata,annual,observed,https://api.worldbank.org/v2/country/POL;WLD;USA;CHN;DEU;IND;KOR;JPN;GBR;FRA;BRA;EST/indicator/SP.DYN.LE00.IN?format=json&per_page=1000,2026-09-28T17:23:21.218Z,{}
SP.DYN.LE00.IN,SP.DYN.LE00.IN--pol,Polska,POL,"Life expectancy at birth, total (years)",2001-12-31,2001,year,2001-01-01,74.2,lata,annual,observed,https://api.worldbank.org/v2/country/POL;WLD;USA;CHN;DEU;IND;KOR;JPN;GBR;FRA;BRA;EST/indicator/SP.DYN.LE00.IN?format=json&per_page=1000,2026-09-28T17:23:21.218Z,{}
SP.DYN.LE00.IN,SP.DYN.LE00.IN--usa,USA,USA,"Life expectancy at birth, total (years)",2001-12-31,2001,year,2001-01-01,76.8365853658537,lata,annual,observed,https://api.worldbank.org/v2/country/POL;WLD;USA;CHN;DEU;IND;KOR;JPN;GBR;FRA;BRA;EST/indicator/SP.DYN.LE00.IN?format=json&per_page=1000,2026-09-28T17:23:21.218Z,{}
SP.DYN.LE00.IN,SP.DYN.LE00.IN--wld,Świat,WLD,"Life expectancy at birth, total (years)",2001-12-31,2001,year,2001-01-01,67.9451852910729,lata,annual,observed,https://api.worldbank.org/v2/country/POL;WLD;USA;CHN;DEU;IND;KOR;JPN;GBR;FRA;BRA;EST/indicator/SP.DYN.LE00.IN?format=json&per_page=1000,2026-09-28T17:23:21.218Z,{}
SP.DYN.LE00.IN,SP.DYN.LE00.IN--bra,Brazylia,BRA,"Life expectancy at birth, total (years)",2002-12-31,2002,year,2002-01-01,70.396,lata,annual,observed,https://api.worldbank.org/v2/country/POL;WLD;USA;CHN;DEU;IND;KOR;JPN;GBR;FRA;BRA;EST/indicator/SP.DYN.LE00.IN?format=json&per_page=1000,2026-09-28T17:23:21.218Z,{}
SP.DYN.LE00.IN,SP.DYN.LE00.IN--chn,Chiny,CHN,"Life expectancy at birth, total (years)",2002-12-31,2002,year,2002-01-01,73.034,lata,annual,observed,https://api.worldbank.org/v2/country/POL;WLD;USA;CHN;DEU;IND;KOR;JPN;GBR;FRA;BRA;EST/indicator/SP.DYN.LE00.IN?format=json&per_page=1000,2026-09-28T17:23:21.218Z,{}
SP.DYN.LE00.IN,SP.DYN.LE00.IN--deu,Niemcy,DEU,"Life expectancy at birth, total (years)",2002-12-31,2002,year,2002-01-01,78.2292682926829,lata,annual,observed,https://api.worldbank.org/v2/country/POL;WLD;USA;CHN;DEU;IND;KOR;JPN;GBR;FRA;BRA;EST/indicator/SP.DYN.LE00.IN?format=json&per_page=1000,2026-09-28T17:23:21.218Z,{}
SP.DYN.LE00.IN,SP.DYN.LE00.IN--est,Estonia,EST,"Life expectancy at birth, total (years)",2002-12-31,2002,year,2002-01-01,70.9048780487805,lata,annual,observed,https://api.worldbank.org/v2/country/POL;WLD;USA;CHN;DEU;IND;KOR;JPN;GBR;FRA;BRA;EST/indicator/SP.DYN.LE00.IN?format=json&per_page=1000,2026-09-28T17:23:21.218Z,{}
SP.DYN.LE00.IN,SP.DYN.LE00.IN--fra,Francja,FRA,"Life expectancy at birth, total (years)",2002-12-31,2002,year,2002-01-01,79.2609756097561,lata,annual,observed,https://api.worldbank.org/v2/country/POL;WLD;USA;CHN;DEU;IND;KOR;JPN;GBR;FRA;BRA;EST/indicator/SP.DYN.LE00.IN?format=json&per_page=1000,2026-09-28T17:23:21.218Z,{}
SP.DYN.LE00.IN,SP.DYN.LE00.IN--gbr,Wielka Brytania,GBR,"Life expectancy at birth, total (years)",2002-12-31,2002,year,2002-01-01,78.1439024390244,lata,annual,observed,https://api.worldbank.org/v2/country/POL;WLD;USA;CHN;DEU;IND;KOR;JPN;GBR;FRA;BRA;EST/indicator/SP.DYN.LE00.IN?format=json&per_page=1000,2026-09-28T17:23:21.218Z,{}
SP.DYN.LE00.IN,SP.DYN.LE00.IN--ind,Indie,IND,"Life expectancy at birth, total (years)",2002-12-31,2002,year,2002-01-01,63.649,lata,annual,observed,https://api.worldbank.org/v2/country/POL;WLD;USA;CHN;DEU;IND;KOR;JPN;GBR;FRA;BRA;EST/indicator/SP.DYN.LE00.IN?format=json&per_page=1000,2026-09-28T17:23:21.218Z,{}
SP.DYN.LE00.IN,SP.DYN.LE00.IN--jpn,Japonia,JPN,"Life expectancy at birth, total (years)",2002-12-31,2002,year,2002-01-01,81.6907317073171,lata,annual,observed,https://api.worldbank.org/v2/country/POL;WLD;USA;CHN;DEU;IND;KOR;JPN;GBR;FRA;BRA;EST/indicator/SP.DYN.LE00.IN?format=json&per_page=1000,2026-09-28T17:23:21.218Z,{}
SP.DYN.LE00.IN,SP.DYN.LE00.IN--kor,Korea Płd.,KOR,"Life expectancy at birth, total (years)",2002-12-31,2002,year,2002-01-01,76.7658536585366,lata,annual,observed,https://api.worldbank.org/v2/country/POL;WLD;USA;CHN;DEU;IND;KOR;JPN;GBR;FRA;BRA;EST/indicator/SP.DYN.LE00.IN?format=json&per_page=1000,2026-09-28T17:23:21.218Z,{}
SP.DYN.LE00.IN,SP.DYN.LE00.IN--pol,Polska,POL,"Life expectancy at birth, total (years)",2002-12-31,2002,year,2002-01-01,74.4975609756098,lata,annual,observed,https://api.worldbank.org/v2/country/POL;WLD;USA;CHN;DEU;IND;KOR;JPN;GBR;FRA;BRA;EST/indicator/SP.DYN.LE00.IN?format=json&per_page=1000,2026-09-28T17:23:21.218Z,{}
SP.DYN.LE00.IN,SP.DYN.LE00.IN--usa,USA,USA,"Life expectancy at birth, total (years)",2002-12-31,2002,year,2002-01-01,76.9365853658537,lata,annual,observed,https://api.worldbank.org/v2/country/POL;WLD;USA;CHN;DEU;IND;KOR;JPN;GBR;FRA;BRA;EST/indicator/SP.DYN.LE00.IN?format=json&per_page=1000,2026-09-28T17:23:21.218Z,{}
SP.DYN.LE00.IN,SP.DYN.LE00.IN--wld,Świat,WLD,"Life expectancy at birth, total (years)",2002-12-31,2002,year,2002-01-01,68.2313680755001,lata,annual,observed,https://api.worldbank.org/v2/country/POL;WLD;USA;CHN;DEU;IND;KOR;JPN;GBR;FRA;BRA;EST/indicator/SP.DYN.LE00.IN?format=json&per_page=1000,2026-09-28T17:23:21.218Z,{}
SP.DYN.LE00.IN,SP.DYN.LE00.IN--bra,Brazylia,BRA,"Life expectancy at birth, total (years)",2003-12-31,2003,year,2003-01-01,70.884,lata,annual,observed,https://api.worldbank.org/v2/country/POL;WLD;USA;CHN;DEU;IND;KOR;JPN;GBR;FRA;BRA;EST/indicator/SP.DYN.LE00.IN?format=json&per_page=1000,2026-09-28T17:23:21.218Z,{}
SP.DYN.LE00.IN,SP.DYN.LE00.IN--chn,Chiny,CHN,"Life expectancy at birth, total (years)",2003-12-31,2003,year,2003-01-01,73.385,lata,annual,observed,https://api.worldbank.org/v2/country/POL;WLD;USA;CHN;DEU;IND;KOR;JPN;GBR;FRA;BRA;EST/indicator/SP.DYN.LE00.IN?format=json&per_page=1000,2026-09-28T17:23:21.218Z,{}
SP.DYN.LE00.IN,SP.DYN.LE00.IN--deu,Niemcy,DEU,"Life expectancy at birth, total (years)",2003-12-31,2003,year,2003-01-01,78.3804878048781,lata,annual,observed,https://api.worldbank.org/v2/country/POL;WLD;USA;CHN;DEU;IND;KOR;JPN;GBR;FRA;BRA;EST/indicator/SP.DYN.LE00.IN?format=json&per_page=1000,2026-09-28T17:23:21.218Z,{}
SP.DYN.LE00.IN,SP.DYN.LE00.IN--est,Estonia,EST,"Life expectancy at birth, total (years)",2003-12-31,2003,year,2003-01-01,71.3170731707317,lata,annual,observed,https://api.worldbank.org/v2/country/POL;WLD;USA;CHN;DEU;IND;KOR;JPN;GBR;FRA;BRA;EST/indicator/SP.DYN.LE00.IN?format=json&per_page=1000,2026-09-28T17:23:21.218Z,{}
SP.DYN.LE00.IN,SP.DYN.LE00.IN--fra,Francja,FRA,"Life expectancy at birth, total (years)",2003-12-31,2003,year,2003-01-01,79.1146341463415,lata,annual,observed,https://api.worldbank.org/v2/country/POL;WLD;USA;CHN;DEU;IND;KOR;JPN;GBR;FRA;BRA;EST/indicator/SP.DYN.LE00.IN?format=json&per_page=1000,2026-09-28T17:23:21.218Z,{}
SP.DYN.LE00.IN,SP.DYN.LE00.IN--gbr,Wielka Brytania,GBR,"Life expectancy at birth, total (years)",2003-12-31,2003,year,2003-01-01,78.4463414634146,lata,annual,observed,https://api.worldbank.org/v2/country/POL;WLD;USA;CHN;DEU;IND;KOR;JPN;GBR;FRA;BRA;EST/indicator/SP.DYN.LE00.IN?format=json&per_page=1000,2026-09-28T17:23:21.218Z,{}
SP.DYN.LE00.IN,SP.DYN.LE00.IN--ind,Indie,IND,"Life expectancy at birth, total (years)",2003-12-31,2003,year,2003-01-01,64.086,lata,annual,observed,https://api.worldbank.org/v2/country/POL;WLD;USA;CHN;DEU;IND;KOR;JPN;GBR;FRA;BRA;EST/indicator/SP.DYN.LE00.IN?format=json&per_page=1000,2026-09-28T17:23:21.218Z,{}
SP.DYN.LE00.IN,SP.DYN.LE00.IN--jpn,Japonia,JPN,"Life expectancy at birth, total (years)",2003-12-31,2003,year,2003-01-01,81.76,lata,annual,observed,https://api.worldbank.org/v2/country/POL;WLD;USA;CHN;DEU;IND;KOR;JPN;GBR;FRA;BRA;EST/indicator/SP.DYN.LE00.IN?format=json&per_page=1000,2026-09-28T17:23:21.218Z,{}
SP.DYN.LE00.IN,SP.DYN.LE00.IN--kor,Korea Płd.,KOR,"Life expectancy at birth, total (years)",2003-12-31,2003,year,2003-01-01,77.2146341463415,lata,annual,observed,https://api.worldbank.org/v2/country/POL;WLD;USA;CHN;DEU;IND;KOR;JPN;GBR;FRA;BRA;EST/indicator/SP.DYN.LE00.IN?format=json&per_page=1000,2026-09-28T17:23:21.218Z,{}
SP.DYN.LE00.IN,SP.DYN.LE00.IN--pol,Polska,POL,"Life expectancy at birth, total (years)",2003-12-31,2003,year,2003-01-01,74.5975609756098,lata,annual,observed,https://api.worldbank.org/v2/country/POL;WLD;USA;CHN;DEU;IND;KOR;JPN;GBR;FRA;BRA;EST/indicator/SP.DYN.LE00.IN?format=json&per_page=1000,2026-09-28T17:23:21.218Z,{}
SP.DYN.LE00.IN,SP.DYN.LE00.IN--usa,USA,USA,"Life expectancy at birth, total (years)",2003-12-31,2003,year,2003-01-01,77.0365853658537,lata,annual,observed,https://api.worldbank.org/v2/country/POL;WLD;USA;CHN;DEU;IND;KOR;JPN;GBR;FRA;BRA;EST/indicator/SP.DYN.LE00.IN?format=json&per_page=1000,2026-09-28T17:23:21.218Z,{}
SP.DYN.LE00.IN,SP.DYN.LE00.IN--wld,Świat,WLD,"Life expectancy at birth, total (years)",2003-12-31,2003,year,2003-01-01,68.5157832704694,lata,annual,observed,https://api.worldbank.org/v2/country/POL;WLD;USA;CHN;DEU;IND;KOR;JPN;GBR;FRA;BRA;EST/indicator/SP.DYN.LE00.IN?format=json&per_page=1000,2026-09-28T17:23:21.218Z,{}
SP.DYN.LE00.IN,SP.DYN.LE00.IN--bra,Brazylia,BRA,"Life expectancy at birth, total (years)",2004-12-31,2004,year,2004-01-01,71.361,lata,annual,observed,https://api.worldbank.org/v2/country/POL;WLD;USA;CHN;DEU;IND;KOR;JPN;GBR;FRA;BRA;EST/indicator/SP.DYN.LE00.IN?format=json&per_page=1000,2026-09-28T17:23:21.218Z,{}
SP.DYN.LE00.IN,SP.DYN.LE00.IN--chn,Chiny,CHN,"Life expectancy at birth, total (years)",2004-12-31,2004,year,2004-01-01,73.727,lata,annual,observed,https://api.worldbank.org/v2/country/POL;WLD;USA;CHN;DEU;IND;KOR;JPN;GBR;FRA;BRA;EST/indicator/SP.DYN.LE00.IN?format=json&per_page=1000,2026-09-28T17:23:21.218Z,{}
SP.DYN.LE00.IN,SP.DYN.LE00.IN--deu,Niemcy,DEU,"Life expectancy at birth, total (years)",2004-12-31,2004,year,2004-01-01,78.6804878048781,lata,annual,observed,https://api.worldbank.org/v2/country/POL;WLD;USA;CHN;DEU;IND;KOR;JPN;GBR;FRA;BRA;EST/indicator/SP.DYN.LE00.IN?format=json&per_page=1000,2026-09-28T17:23:21.218Z,{}
SP.DYN.LE00.IN,SP.DYN.LE00.IN--est,Estonia,EST,"Life expectancy at birth, total (years)",2004-12-31,2004,year,2004-01-01,71.909756097561,lata,annual,observed,https://api.worldbank.org/v2/country/POL;WLD;USA;CHN;DEU;IND;KOR;JPN;GBR;FRA;BRA;EST/indicator/SP.DYN.LE00.IN?format=json&per_page=1000,2026-09-28T17:23:21.218Z,{}
SP.DYN.LE00.IN,SP.DYN.LE00.IN--fra,Francja,FRA,"Life expectancy at birth, total (years)",2004-12-31,2004,year,2004-01-01,80.1634146341463,lata,annual,observed,https://api.worldbank.org/v2/country/POL;WLD;USA;CHN;DEU;IND;KOR;JPN;GBR;FRA;BRA;EST/indicator/SP.DYN.LE00.IN?format=json&per_page=1000,2026-09-28T17:23:21.218Z,{}
SP.DYN.LE00.IN,SP.DYN.LE00.IN--gbr,Wielka Brytania,GBR,"Life expectancy at birth, total (years)",2004-12-31,2004,year,2004-01-01,78.7463414634146,lata,annual,observed,https://api.worldbank.org/v2/country/POL;WLD;USA;CHN;DEU;IND;KOR;JPN;GBR;FRA;BRA;EST/indicator/SP.DYN.LE00.IN?format=json&per_page=1000,2026-09-28T17:23:21.218Z,{}
SP.DYN.LE00.IN,SP.DYN.LE00.IN--ind,Indie,IND,"Life expectancy at birth, total (years)",2004-12-31,2004,year,2004-01-01,64.484,lata,annual,observed,https://api.worldbank.org/v2/country/POL;WLD;USA;CHN;DEU;IND;KOR;JPN;GBR;FRA;BRA;EST/indicator/SP.DYN.LE00.IN?format=json&per_page=1000,2026-09-28T17:23:21.218Z,{}
SP.DYN.LE00.IN,SP.DYN.LE00.IN--jpn,Japonia,JPN,"Life expectancy at birth, total (years)",2004-12-31,2004,year,2004-01-01,82.030243902439,lata,annual,observed,https://api.worldbank.org/v2/country/POL;WLD;USA;CHN;DEU;IND;KOR;JPN;GBR;FRA;BRA;EST/indicator/SP.DYN.LE00.IN?format=json&per_page=1000,2026-09-28T17:23:21.218Z,{}
SP.DYN.LE00.IN,SP.DYN.LE00.IN--kor,Korea Płd.,KOR,"Life expectancy at birth, total (years)",2004-12-31,2004,year,2004-01-01,77.6658536585366,lata,annual,observed,https://api.worldbank.org/v2/country/POL;WLD;USA;CHN;DEU;IND;KOR;JPN;GBR;FRA;BRA;EST/indicator/SP.DYN.LE00.IN?format=json&per_page=1000,2026-09-28T17:23:21.218Z,{}
SP.DYN.LE00.IN,SP.DYN.LE00.IN--pol,Polska,POL,"Life expectancy at birth, total (years)",2004-12-31,2004,year,2004-01-01,74.8463414634146,lata,annual,observed,https://api.worldbank.org/v2/country/POL;WLD;USA;CHN;DEU;IND;KOR;JPN;GBR;FRA;BRA;EST/indicator/SP.DYN.LE00.IN?format=json&per_page=1000,2026-09-28T17:23:21.218Z,{}
SP.DYN.LE00.IN,SP.DYN.LE00.IN--usa,USA,USA,"Life expectancy at birth, total (years)",2004-12-31,2004,year,2004-01-01,77.4878048780488,lata,annual,observed,https://api.worldbank.org/v2/country/POL;WLD;USA;CHN;DEU;IND;KOR;JPN;GBR;FRA;BRA;EST/indicator/SP.DYN.LE00.IN?format=json&per_page=1000,2026-09-28T17:23:21.218Z,{}
SP.DYN.LE00.IN,SP.DYN.LE00.IN--wld,Świat,WLD,"Life expectancy at birth, total (years)",2004-12-31,2004,year,2004-01-01,68.7710985282211,lata,annual,observed,https://api.worldbank.org/v2/country/POL;WLD;USA;CHN;DEU;IND;KOR;JPN;GBR;FRA;BRA;EST/indicator/SP.DYN.LE00.IN?format=json&per_page=1000,2026-09-28T17:23:21.218Z,{}
SP.DYN.LE00.IN,SP.DYN.LE00.IN--bra,Brazylia,BRA,"Life expectancy at birth, total (years)",2005-12-31,2005,year,2005-01-01,71.832,lata,annual,observed,https://api.worldbank.org/v2/country/POL;WLD;USA;CHN;DEU;IND;KOR;JPN;GBR;FRA;BRA;EST/indicator/SP.DYN.LE00.IN?format=json&per_page=1000,2026-09-28T17:23:21.218Z,{}
SP.DYN.LE00.IN,SP.DYN.LE00.IN--chn,Chiny,CHN,"Life expectancy at birth, total (years)",2005-12-31,2005,year,2005-01-01,74.085,lata,annual,observed,https://api.worldbank.org/v2/country/POL;WLD;USA;CHN;DEU;IND;KOR;JPN;GBR;FRA;BRA;EST/indicator/SP.DYN.LE00.IN?format=json&per_page=1000,2026-09-28T17:23:21.218Z,{}
SP.DYN.LE00.IN,SP.DYN.LE00.IN--deu,Niemcy,DEU,"Life expectancy at birth, total (years)",2005-12-31,2005,year,2005-01-01,78.9317073170732,lata,annual,observed,https://api.worldbank.org/v2/country/POL;WLD;USA;CHN;DEU;IND;KOR;JPN;GBR;FRA;BRA;EST/indicator/SP.DYN.LE00.IN?format=json&per_page=1000,2026-09-28T17:23:21.218Z,{}
SP.DYN.LE00.IN,SP.DYN.LE00.IN--est,Estonia,EST,"Life expectancy at birth, total (years)",2005-12-31,2005,year,2005-01-01,72.5682926829268,lata,annual,observed,https://api.worldbank.org/v2/country/POL;WLD;USA;CHN;DEU;IND;KOR;JPN;GBR;FRA;BRA;EST/indicator/SP.DYN.LE00.IN?format=json&per_page=1000,2026-09-28T17:23:21.218Z,{}
SP.DYN.LE00.IN,SP.DYN.LE00.IN--fra,Francja,FRA,"Life expectancy at birth, total (years)",2005-12-31,2005,year,2005-01-01,80.1634146341463,lata,annual,observed,https://api.worldbank.org/v2/country/POL;WLD;USA;CHN;DEU;IND;KOR;JPN;GBR;FRA;BRA;EST/indicator/SP.DYN.LE00.IN?format=json&per_page=1000,2026-09-28T17:23:21.218Z,{}
SP.DYN.LE00.IN,SP.DYN.LE00.IN--gbr,Wielka Brytania,GBR,"Life expectancy at birth, total (years)",2005-12-31,2005,year,2005-01-01,79.0487804878049,lata,annual,observed,https://api.worldbank.org/v2/country/POL;WLD;USA;CHN;DEU;IND;KOR;JPN;GBR;FRA;BRA;EST/indicator/SP.DYN.LE00.IN?format=json&per_page=1000,2026-09-28T17:23:21.218Z,{}
SP.DYN.LE00.IN,SP.DYN.LE00.IN--ind,Indie,IND,"Life expectancy at birth, total (years)",2005-12-31,2005,year,2005-01-01,64.939,lata,annual,observed,https://api.worldbank.org/v2/country/POL;WLD;USA;CHN;DEU;IND;KOR;JPN;GBR;FRA;BRA;EST/indicator/SP.DYN.LE00.IN?format=json&per_page=1000,2026-09-28T17:23:21.218Z,{}
SP.DYN.LE00.IN,SP.DYN.LE00.IN--jpn,Japonia,JPN,"Life expectancy at birth, total (years)",2005-12-31,2005,year,2005-01-01,81.9551219512195,lata,annual,observed,https://api.worldbank.org/v2/country/POL;WLD;USA;CHN;DEU;IND;KOR;JPN;GBR;FRA;BRA;EST/indicator/SP.DYN.LE00.IN?format=json&per_page=1000,2026-09-28T17:23:21.218Z,{}
SP.DYN.LE00.IN,SP.DYN.LE00.IN--kor,Korea Płd.,KOR,"Life expectancy at birth, total (years)",2005-12-31,2005,year,2005-01-01,78.1682926829268,lata,annual,observed,https://api.worldbank.org/v2/country/POL;WLD;USA;CHN;DEU;IND;KOR;JPN;GBR;FRA;BRA;EST/indicator/SP.DYN.LE00.IN?format=json&per_page=1000,2026-09-28T17:23:21.218Z,{}
SP.DYN.LE00.IN,SP.DYN.LE00.IN--pol,Polska,POL,"Life expectancy at birth, total (years)",2005-12-31,2005,year,2005-01-01,74.9951219512195,lata,annual,observed,https://api.worldbank.org/v2/country/POL;WLD;USA;CHN;DEU;IND;KOR;JPN;GBR;FRA;BRA;EST/indicator/SP.DYN.LE00.IN?format=json&per_page=1000,2026-09-28T17:23:21.218Z,{}
SP.DYN.LE00.IN,SP.DYN.LE00.IN--usa,USA,USA,"Life expectancy at birth, total (years)",2005-12-31,2005,year,2005-01-01,77.4878048780488,lata,annual,observed,https://api.worldbank.org/v2/country/POL;WLD;USA;CHN;DEU;IND;KOR;JPN;GBR;FRA;BRA;EST/indicator/SP.DYN.LE00.IN?format=json&per_page=1000,2026-09-28T17:23:21.218Z,{}
SP.DYN.LE00.IN,SP.DYN.LE00.IN--wld,Świat,WLD,"Life expectancy at birth, total (years)",2005-12-31,2005,year,2005-01-01,69.111445965915,lata,annual,observed,https://api.worldbank.org/v2/country/POL;WLD;USA;CHN;DEU;IND;KOR;JPN;GBR;FRA;BRA;EST/indicator/SP.DYN.LE00.IN?format=json&per_page=1000,2026-09-28T17:23:21.218Z,{}
SP.DYN.LE00.IN,SP.DYN.LE00.IN--bra,Brazylia,BRA,"Life expectancy at birth, total (years)",2006-12-31,2006,year,2006-01-01,72.296,lata,annual,observed,https://api.worldbank.org/v2/country/POL;WLD;USA;CHN;DEU;IND;KOR;JPN;GBR;FRA;BRA;EST/indicator/SP.DYN.LE00.IN?format=json&per_page=1000,2026-09-28T17:23:21.218Z,{}
SP.DYN.LE00.IN,SP.DYN.LE00.IN--chn,Chiny,CHN,"Life expectancy at birth, total (years)",2006-12-31,2006,year,2006-01-01,74.404,lata,annual,observed,https://api.worldbank.org/v2/country/POL;WLD;USA;CHN;DEU;IND;KOR;JPN;GBR;FRA;BRA;EST/indicator/SP.DYN.LE00.IN?format=json&per_page=1000,2026-09-28T17:23:21.218Z,{}
SP.DYN.LE00.IN,SP.DYN.LE00.IN--deu,Niemcy,DEU,"Life expectancy at birth, total (years)",2006-12-31,2006,year,2006-01-01,79.1317073170732,lata,annual,observed,https://api.worldbank.org/v2/country/POL;WLD;USA;CHN;DEU;IND;KOR;JPN;GBR;FRA;BRA;EST/indicator/SP.DYN.LE00.IN?format=json&per_page=1000,2026-09-28T17:23:21.218Z,{}
SP.DYN.LE00.IN,SP.DYN.LE00.IN--est,Estonia,EST,"Life expectancy at birth, total (years)",2006-12-31,2006,year,2006-01-01,72.6914634146341,lata,annual,observed,https://api.worldbank.org/v2/country/POL;WLD;USA;CHN;DEU;IND;KOR;JPN;GBR;FRA;BRA;EST/indicator/SP.DYN.LE00.IN?format=json&per_page=1000,2026-09-28T17:23:21.218Z,{}
SP.DYN.LE00.IN,SP.DYN.LE00.IN--fra,Francja,FRA,"Life expectancy at birth, total (years)",2006-12-31,2006,year,2006-01-01,80.8121951219512,lata,annual,observed,https://api.worldbank.org/v2/country/POL;WLD;USA;CHN;DEU;IND;KOR;JPN;GBR;FRA;BRA;EST/indicator/SP.DYN.LE00.IN?format=json&per_page=1000,2026-09-28T17:23:21.218Z,{}
SP.DYN.LE00.IN,SP.DYN.LE00.IN--gbr,Wielka Brytania,GBR,"Life expectancy at birth, total (years)",2006-12-31,2006,year,2006-01-01,79.2487804878049,lata,annual,observed,https://api.worldbank.org/v2/country/POL;WLD;USA;CHN;DEU;IND;KOR;JPN;GBR;FRA;BRA;EST/indicator/SP.DYN.LE00.IN?format=json&per_page=1000,2026-09-28T17:23:21.218Z,{}
SP.DYN.LE00.IN,SP.DYN.LE00.IN--ind,Indie,IND,"Life expectancy at birth, total (years)",2006-12-31,2006,year,2006-01-01,65.373,lata,annual,observed,https://api.worldbank.org/v2/country/POL;WLD;USA;CHN;DEU;IND;KOR;JPN;GBR;FRA;BRA;EST/indicator/SP.DYN.LE00.IN?format=json&per_page=1000,2026-09-28T17:23:21.218Z,{}
SP.DYN.LE00.IN,SP.DYN.LE00.IN--jpn,Japonia,JPN,"Life expectancy at birth, total (years)",2006-12-31,2006,year,2006-01-01,82.3219512195122,lata,annual,observed,https://api.worldbank.org/v2/country/POL;WLD;USA;CHN;DEU;IND;KOR;JPN;GBR;FRA;BRA;EST/indicator/SP.DYN.LE00.IN?format=json&per_page=1000,2026-09-28T17:23:21.218Z,{}
SP.DYN.LE00.IN,SP.DYN.LE00.IN--kor,Korea Płd.,KOR,"Life expectancy at birth, total (years)",2006-12-31,2006,year,2006-01-01,78.6682926829268,lata,annual,observed,https://api.worldbank.org/v2/country/POL;WLD;USA;CHN;DEU;IND;KOR;JPN;GBR;FRA;BRA;EST/indicator/SP.DYN.LE00.IN?format=json&per_page=1000,2026-09-28T17:23:21.218Z,{}
SP.DYN.LE00.IN,SP.DYN.LE00.IN--pol,Polska,POL,"Life expectancy at birth, total (years)",2006-12-31,2006,year,2006-01-01,75.1439024390244,lata,annual,observed,https://api.worldbank.org/v2/country/POL;WLD;USA;CHN;DEU;IND;KOR;JPN;GBR;FRA;BRA;EST/indicator/SP.DYN.LE00.IN?format=json&per_page=1000,2026-09-28T17:23:21.218Z,{}
SP.DYN.LE00.IN,SP.DYN.LE00.IN--usa,USA,USA,"Life expectancy at birth, total (years)",2006-12-31,2006,year,2006-01-01,77.6878048780488,lata,annual,observed,https://api.worldbank.org/v2/country/POL;WLD;USA;CHN;DEU;IND;KOR;JPN;GBR;FRA;BRA;EST/indicator/SP.DYN.LE00.IN?format=json&per_page=1000,2026-09-28T17:23:21.218Z,{}
SP.DYN.LE00.IN,SP.DYN.LE00.IN--wld,Świat,WLD,"Life expectancy at birth, total (years)",2006-12-31,2006,year,2006-01-01,69.4690022328376,lata,annual,observed,https://api.worldbank.org/v2/country/POL;WLD;USA;CHN;DEU;IND;KOR;JPN;GBR;FRA;BRA;EST/indicator/SP.DYN.LE00.IN?format=json&per_page=1000,2026-09-28T17:23:21.218Z,{}
SP.DYN.LE00.IN,SP.DYN.LE00.IN--bra,Brazylia,BRA,"Life expectancy at birth, total (years)",2007-12-31,2007,year,2007-01-01,72.73,lata,annual,observed,https://api.worldbank.org/v2/country/POL;WLD;USA;CHN;DEU;IND;KOR;JPN;GBR;FRA;BRA;EST/indicator/SP.DYN.LE00.IN?format=json&per_page=1000,2026-09-28T17:23:21.218Z,{}
SP.DYN.LE00.IN,SP.DYN.LE00.IN--chn,Chiny,CHN,"Life expectancy at birth, total (years)",2007-12-31,2007,year,2007-01-01,74.789,lata,annual,observed,https://api.worldbank.org/v2/country/POL;WLD;USA;CHN;DEU;IND;KOR;JPN;GBR;FRA;BRA;EST/indicator/SP.DYN.LE00.IN?format=json&per_page=1000,2026-09-28T17:23:21.218Z,{}
SP.DYN.LE00.IN,SP.DYN.LE00.IN--deu,Niemcy,DEU,"Life expectancy at birth, total (years)",2007-12-31,2007,year,2007-01-01,79.5341463414634,lata,annual,observed,https://api.worldbank.org/v2/country/POL;WLD;USA;CHN;DEU;IND;KOR;JPN;GBR;FRA;BRA;EST/indicator/SP.DYN.LE00.IN?format=json&per_page=1000,2026-09-28T17:23:21.218Z,{}
SP.DYN.LE00.IN,SP.DYN.LE00.IN--est,Estonia,EST,"Life expectancy at birth, total (years)",2007-12-31,2007,year,2007-01-01,72.8146341463415,lata,annual,observed,https://api.worldbank.org/v2/country/POL;WLD;USA;CHN;DEU;IND;KOR;JPN;GBR;FRA;BRA;EST/indicator/SP.DYN.LE00.IN?format=json&per_page=1000,2026-09-28T17:23:21.218Z,{}
SP.DYN.LE00.IN,SP.DYN.LE00.IN--fra,Francja,FRA,"Life expectancy at birth, total (years)",2007-12-31,2007,year,2007-01-01,81.1121951219512,lata,annual,observed,https://api.worldbank.org/v2/country/POL;WLD;USA;CHN;DEU;IND;KOR;JPN;GBR;FRA;BRA;EST/indicator/SP.DYN.LE00.IN?format=json&per_page=1000,2026-09-28T17:23:21.218Z,{}
SP.DYN.LE00.IN,SP.DYN.LE00.IN--gbr,Wielka Brytania,GBR,"Life expectancy at birth, total (years)",2007-12-31,2007,year,2007-01-01,79.4487804878049,lata,annual,observed,https://api.worldbank.org/v2/country/POL;WLD;USA;CHN;DEU;IND;KOR;JPN;GBR;FRA;BRA;EST/indicator/SP.DYN.LE00.IN?format=json&per_page=1000,2026-09-28T17:23:21.218Z,{}
SP.DYN.LE00.IN,SP.DYN.LE00.IN--ind,Indie,IND,"Life expectancy at birth, total (years)",2007-12-31,2007,year,2007-01-01,65.803,lata,annual,observed,https://api.worldbank.org/v2/country/POL;WLD;USA;CHN;DEU;IND;KOR;JPN;GBR;FRA;BRA;EST/indicator/SP.DYN.LE00.IN?format=json&per_page=1000,2026-09-28T17:23:21.218Z,{}
SP.DYN.LE00.IN,SP.DYN.LE00.IN--jpn,Japonia,JPN,"Life expectancy at birth, total (years)",2007-12-31,2007,year,2007-01-01,82.5070731707317,lata,annual,observed,https://api.worldbank.org/v2/country/POL;WLD;USA;CHN;DEU;IND;KOR;JPN;GBR;FRA;BRA;EST/indicator/SP.DYN.LE00.IN?format=json&per_page=1000,2026-09-28T17:23:21.218Z,{}
SP.DYN.LE00.IN,SP.DYN.LE00.IN--kor,Korea Płd.,KOR,"Life expectancy at birth, total (years)",2007-12-31,2007,year,2007-01-01,79.119512195122,lata,annual,observed,https://api.worldbank.org/v2/country/POL;WLD;USA;CHN;DEU;IND;KOR;JPN;GBR;FRA;BRA;EST/indicator/SP.DYN.LE00.IN?format=json&per_page=1000,2026-09-28T17:23:21.218Z,{}
SP.DYN.LE00.IN,SP.DYN.LE00.IN--pol,Polska,POL,"Life expectancy at birth, total (years)",2007-12-31,2007,year,2007-01-01,75.2439024390244,lata,annual,observed,https://api.worldbank.org/v2/country/POL;WLD;USA;CHN;DEU;IND;KOR;JPN;GBR;FRA;BRA;EST/indicator/SP.DYN.LE00.IN?format=json&per_page=1000,2026-09-28T17:23:21.218Z,{}
SP.DYN.LE00.IN,SP.DYN.LE00.IN--usa,USA,USA,"Life expectancy at birth, total (years)",2007-12-31,2007,year,2007-01-01,77.9878048780488,lata,annual,observed,https://api.worldbank.org/v2/country/POL;WLD;USA;CHN;DEU;IND;KOR;JPN;GBR;FRA;BRA;EST/indicator/SP.DYN.LE00.IN?format=json&per_page=1000,2026-09-28T17:23:21.218Z,{}
SP.DYN.LE00.IN,SP.DYN.LE00.IN--wld,Świat,WLD,"Life expectancy at birth, total (years)",2007-12-31,2007,year,2007-01-01,69.8049778312625,lata,annual,observed,https://api.worldbank.org/v2/country/POL;WLD;USA;CHN;DEU;IND;KOR;JPN;GBR;FRA;BRA;EST/indicator/SP.DYN.LE00.IN?format=json&per_page=1000,2026-09-28T17:23:21.218Z,{}
SP.DYN.LE00.IN,SP.DYN.LE00.IN--bra,Brazylia,BRA,"Life expectancy at birth, total (years)",2008-12-31,2008,year,2008-01-01,73.111,lata,annual,observed,https://api.worldbank.org/v2/country/POL;WLD;USA;CHN;DEU;IND;KOR;JPN;GBR;FRA;BRA;EST/indicator/SP.DYN.LE00.IN?format=json&per_page=1000,2026-09-28T17:23:21.218Z,{}
SP.DYN.LE00.IN,SP.DYN.LE00.IN--chn,Chiny,CHN,"Life expectancy at birth, total (years)",2008-12-31,2008,year,2008-01-01,74.833,lata,annual,observed,https://api.worldbank.org/v2/country/POL;WLD;USA;CHN;DEU;IND;KOR;JPN;GBR;FRA;BRA;EST/indicator/SP.DYN.LE00.IN?format=json&per_page=1000,2026-09-28T17:23:21.218Z,{}
SP.DYN.LE00.IN,SP.DYN.LE00.IN--deu,Niemcy,DEU,"Life expectancy at birth, total (years)",2008-12-31,2008,year,2008-01-01,79.7365853658537,lata,annual,observed,https://api.worldbank.org/v2/country/POL;WLD;USA;CHN;DEU;IND;KOR;JPN;GBR;FRA;BRA;EST/indicator/SP.DYN.LE00.IN?format=json&per_page=1000,2026-09-28T17:23:21.218Z,{}
SP.DYN.LE00.IN,SP.DYN.LE00.IN--est,Estonia,EST,"Life expectancy at birth, total (years)",2008-12-31,2008,year,2008-01-01,73.7707317073171,lata,annual,observed,https://api.worldbank.org/v2/country/POL;WLD;USA;CHN;DEU;IND;KOR;JPN;GBR;FRA;BRA;EST/indicator/SP.DYN.LE00.IN?format=json&per_page=1000,2026-09-28T17:23:21.218Z,{}
SP.DYN.LE00.IN,SP.DYN.LE00.IN--fra,Francja,FRA,"Life expectancy at birth, total (years)",2008-12-31,2008,year,2008-01-01,81.2146341463415,lata,annual,observed,https://api.worldbank.org/v2/country/POL;WLD;USA;CHN;DEU;IND;KOR;JPN;GBR;FRA;BRA;EST/indicator/SP.DYN.LE00.IN?format=json&per_page=1000,2026-09-28T17:23:21.218Z,{}
SP.DYN.LE00.IN,SP.DYN.LE00.IN--gbr,Wielka Brytania,GBR,"Life expectancy at birth, total (years)",2008-12-31,2008,year,2008-01-01,79.6,lata,annual,observed,https://api.worldbank.org/v2/country/POL;WLD;USA;CHN;DEU;IND;KOR;JPN;GBR;FRA;BRA;EST/indicator/SP.DYN.LE00.IN?format=json&per_page=1000,2026-09-28T17:23:21.218Z,{}
SP.DYN.LE00.IN,SP.DYN.LE00.IN--ind,Indie,IND,"Life expectancy at birth, total (years)",2008-12-31,2008,year,2008-01-01,66.247,lata,annual,observed,https://api.worldbank.org/v2/country/POL;WLD;USA;CHN;DEU;IND;KOR;JPN;GBR;FRA;BRA;EST/indicator/SP.DYN.LE00.IN?format=json&per_page=1000,2026-09-28T17:23:21.218Z,{}
SP.DYN.LE00.IN,SP.DYN.LE00.IN--jpn,Japonia,JPN,"Life expectancy at birth, total (years)",2008-12-31,2008,year,2008-01-01,82.5875609756098,lata,annual,observed,https://api.worldbank.org/v2/country/POL;WLD;USA;CHN;DEU;IND;KOR;JPN;GBR;FRA;BRA;EST/indicator/SP.DYN.LE00.IN?format=json&per_page=1000,2026-09-28T17:23:21.218Z,{}
SP.DYN.LE00.IN,SP.DYN.LE00.IN--kor,Korea Płd.,KOR,"Life expectancy at birth, total (years)",2008-12-31,2008,year,2008-01-01,79.5170731707317,lata,annual,observed,https://api.worldbank.org/v2/country/POL;WLD;USA;CHN;DEU;IND;KOR;JPN;GBR;FRA;BRA;EST/indicator/SP.DYN.LE00.IN?format=json&per_page=1000,2026-09-28T17:23:21.218Z,{}
SP.DYN.LE00.IN,SP.DYN.LE00.IN--pol,Polska,POL,"Life expectancy at birth, total (years)",2008-12-31,2008,year,2008-01-01,75.5439024390244,lata,annual,observed,https://api.worldbank.org/v2/country/POL;WLD;USA;CHN;DEU;IND;KOR;JPN;GBR;FRA;BRA;EST/indicator/SP.DYN.LE00.IN?format=json&per_page=1000,2026-09-28T17:23:21.218Z,{}
SP.DYN.LE00.IN,SP.DYN.LE00.IN--usa,USA,USA,"Life expectancy at birth, total (years)",2008-12-31,2008,year,2008-01-01,78.0390243902439,lata,annual,observed,https://api.worldbank.org/v2/country/POL;WLD;USA;CHN;DEU;IND;KOR;JPN;GBR;FRA;BRA;EST/indicator/SP.DYN.LE00.IN?format=json&per_page=1000,2026-09-28T17:23:21.218Z,{}
SP.DYN.LE00.IN,SP.DYN.LE00.IN--wld,Świat,WLD,"Life expectancy at birth, total (years)",2008-12-31,2008,year,2008-01-01,70.0043236169628,lata,annual,observed,https://api.worldbank.org/v2/country/POL;WLD;USA;CHN;DEU;IND;KOR;JPN;GBR;FRA;BRA;EST/indicator/SP.DYN.LE00.IN?format=json&per_page=1000,2026-09-28T17:23:21.218Z,{}
SP.DYN.LE00.IN,SP.DYN.LE00.IN--bra,Brazylia,BRA,"Life expectancy at birth, total (years)",2009-12-31,2009,year,2009-01-01,73.457,lata,annual,observed,https://api.worldbank.org/v2/country/POL;WLD;USA;CHN;DEU;IND;KOR;JPN;GBR;FRA;BRA;EST/indicator/SP.DYN.LE00.IN?format=json&per_page=1000,2026-09-28T17:23:21.218Z,{}
SP.DYN.LE00.IN,SP.DYN.LE00.IN--chn,Chiny,CHN,"Life expectancy at birth, total (years)",2009-12-31,2009,year,2009-01-01,75.317,lata,annual,observed,https://api.worldbank.org/v2/country/POL;WLD;USA;CHN;DEU;IND;KOR;JPN;GBR;FRA;BRA;EST/indicator/SP.DYN.LE00.IN?format=json&per_page=1000,2026-09-28T17:23:21.218Z,{}
SP.DYN.LE00.IN,SP.DYN.LE00.IN--deu,Niemcy,DEU,"Life expectancy at birth, total (years)",2009-12-31,2009,year,2009-01-01,79.8365853658537,lata,annual,observed,https://api.worldbank.org/v2/country/POL;WLD;USA;CHN;DEU;IND;KOR;JPN;GBR;FRA;BRA;EST/indicator/SP.DYN.LE00.IN?format=json&per_page=1000,2026-09-28T17:23:21.218Z,{}
SP.DYN.LE00.IN,SP.DYN.LE00.IN--est,Estonia,EST,"Life expectancy at birth, total (years)",2009-12-31,2009,year,2009-01-01,74.8243902439024,lata,annual,observed,https://api.worldbank.org/v2/country/POL;WLD;USA;CHN;DEU;IND;KOR;JPN;GBR;FRA;BRA;EST/indicator/SP.DYN.LE00.IN?format=json&per_page=1000,2026-09-28T17:23:21.218Z,{}
SP.DYN.LE00.IN,SP.DYN.LE00.IN--fra,Francja,FRA,"Life expectancy at birth, total (years)",2009-12-31,2009,year,2009-01-01,81.4146341463415,lata,annual,observed,https://api.worldbank.org/v2/country/POL;WLD;USA;CHN;DEU;IND;KOR;JPN;GBR;FRA;BRA;EST/indicator/SP.DYN.LE00.IN?format=json&per_page=1000,2026-09-28T17:23:21.218Z,{}
SP.DYN.LE00.IN,SP.DYN.LE00.IN--gbr,Wielka Brytania,GBR,"Life expectancy at birth, total (years)",2009-12-31,2009,year,2009-01-01,80.0512195121951,lata,annual,observed,https://api.worldbank.org/v2/country/POL;WLD;USA;CHN;DEU;IND;KOR;JPN;GBR;FRA;BRA;EST/indicator/SP.DYN.LE00.IN?format=json&per_page=1000,2026-09-28T17:23:21.218Z,{}
SP.DYN.LE00.IN,SP.DYN.LE00.IN--ind,Indie,IND,"Life expectancy at birth, total (years)",2009-12-31,2009,year,2009-01-01,66.7,lata,annual,observed,https://api.worldbank.org/v2/country/POL;WLD;USA;CHN;DEU;IND;KOR;JPN;GBR;FRA;BRA;EST/indicator/SP.DYN.LE00.IN?format=json&per_page=1000,2026-09-28T17:23:21.218Z,{}
SP.DYN.LE00.IN,SP.DYN.LE00.IN--jpn,Japonia,JPN,"Life expectancy at birth, total (years)",2009-12-31,2009,year,2009-01-01,82.9314634146342,lata,annual,observed,https://api.worldbank.org/v2/country/POL;WLD;USA;CHN;DEU;IND;KOR;JPN;GBR;FRA;BRA;EST/indicator/SP.DYN.LE00.IN?format=json&per_page=1000,2026-09-28T17:23:21.218Z,{}
SP.DYN.LE00.IN,SP.DYN.LE00.IN--kor,Korea Płd.,KOR,"Life expectancy at birth, total (years)",2009-12-31,2009,year,2009-01-01,79.9682926829268,lata,annual,observed,https://api.worldbank.org/v2/country/POL;WLD;USA;CHN;DEU;IND;KOR;JPN;GBR;FRA;BRA;EST/indicator/SP.DYN.LE00.IN?format=json&per_page=1000,2026-09-28T17:23:21.218Z,{}
SP.DYN.LE00.IN,SP.DYN.LE00.IN--pol,Polska,POL,"Life expectancy at birth, total (years)",2009-12-31,2009,year,2009-01-01,75.6951219512195,lata,annual,observed,https://api.worldbank.org/v2/country/POL;WLD;USA;CHN;DEU;IND;KOR;JPN;GBR;FRA;BRA;EST/indicator/SP.DYN.LE00.IN?format=json&per_page=1000,2026-09-28T17:23:21.218Z,{}
SP.DYN.LE00.IN,SP.DYN.LE00.IN--usa,USA,USA,"Life expectancy at birth, total (years)",2009-12-31,2009,year,2009-01-01,78.390243902439,lata,annual,observed,https://api.worldbank.org/v2/country/POL;WLD;USA;CHN;DEU;IND;KOR;JPN;GBR;FRA;BRA;EST/indicator/SP.DYN.LE00.IN?format=json&per_page=1000,2026-09-28T17:23:21.218Z,{}
SP.DYN.LE00.IN,SP.DYN.LE00.IN--wld,Świat,WLD,"Life expectancy at birth, total (years)",2009-12-31,2009,year,2009-01-01,70.3803491247646,lata,annual,observed,https://api.worldbank.org/v2/country/POL;WLD;USA;CHN;DEU;IND;KOR;JPN;GBR;FRA;BRA;EST/indicator/SP.DYN.LE00.IN?format=json&per_page=1000,2026-09-28T17:23:21.218Z,{}
SP.DYN.LE00.IN,SP.DYN.LE00.IN--bra,Brazylia,BRA,"Life expectancy at birth, total (years)",2010-12-31,2010,year,2010-01-01,73.779,lata,annual,observed,https://api.worldbank.org/v2/country/POL;WLD;USA;CHN;DEU;IND;KOR;JPN;GBR;FRA;BRA;EST/indicator/SP.DYN.LE00.IN?format=json&per_page=1000,2026-09-28T17:23:21.218Z,{}
SP.DYN.LE00.IN,SP.DYN.LE00.IN--chn,Chiny,CHN,"Life expectancy at birth, total (years)",2010-12-31,2010,year,2010-01-01,75.668,lata,annual,observed,https://api.worldbank.org/v2/country/POL;WLD;USA;CHN;DEU;IND;KOR;JPN;GBR;FRA;BRA;EST/indicator/SP.DYN.LE00.IN?format=json&per_page=1000,2026-09-28T17:23:21.218Z,{}
SP.DYN.LE00.IN,SP.DYN.LE00.IN--deu,Niemcy,DEU,"Life expectancy at birth, total (years)",2010-12-31,2010,year,2010-01-01,79.9878048780488,lata,annual,observed,https://api.worldbank.org/v2/country/POL;WLD;USA;CHN;DEU;IND;KOR;JPN;GBR;FRA;BRA;EST/indicator/SP.DYN.LE00.IN?format=json&per_page=1000,2026-09-28T17:23:21.218Z,{}
SP.DYN.LE00.IN,SP.DYN.LE00.IN--est,Estonia,EST,"Life expectancy at birth, total (years)",2010-12-31,2010,year,2010-01-01,75.4292682926829,lata,annual,observed,https://api.worldbank.org/v2/country/POL;WLD;USA;CHN;DEU;IND;KOR;JPN;GBR;FRA;BRA;EST/indicator/SP.DYN.LE00.IN?format=json&per_page=1000,2026-09-28T17:23:21.218Z,{}
SP.DYN.LE00.IN,SP.DYN.LE00.IN--fra,Francja,FRA,"Life expectancy at birth, total (years)",2010-12-31,2010,year,2010-01-01,81.6634146341463,lata,annual,observed,https://api.worldbank.org/v2/country/POL;WLD;USA;CHN;DEU;IND;KOR;JPN;GBR;FRA;BRA;EST/indicator/SP.DYN.LE00.IN?format=json&per_page=1000,2026-09-28T17:23:21.218Z,{}
SP.DYN.LE00.IN,SP.DYN.LE00.IN--gbr,Wielka Brytania,GBR,"Life expectancy at birth, total (years)",2010-12-31,2010,year,2010-01-01,80.4024390243902,lata,annual,observed,https://api.worldbank.org/v2/country/POL;WLD;USA;CHN;DEU;IND;KOR;JPN;GBR;FRA;BRA;EST/indicator/SP.DYN.LE00.IN?format=json&per_page=1000,2026-09-28T17:23:21.218Z,{}
SP.DYN.LE00.IN,SP.DYN.LE00.IN--ind,Indie,IND,"Life expectancy at birth, total (years)",2010-12-31,2010,year,2010-01-01,67.162,lata,annual,observed,https://api.worldbank.org/v2/country/POL;WLD;USA;CHN;DEU;IND;KOR;JPN;GBR;FRA;BRA;EST/indicator/SP.DYN.LE00.IN?format=json&per_page=1000,2026-09-28T17:23:21.218Z,{}
SP.DYN.LE00.IN,SP.DYN.LE00.IN--jpn,Japonia,JPN,"Life expectancy at birth, total (years)",2010-12-31,2010,year,2010-01-01,82.8426829268293,lata,annual,observed,https://api.worldbank.org/v2/country/POL;WLD;USA;CHN;DEU;IND;KOR;JPN;GBR;FRA;BRA;EST/indicator/SP.DYN.LE00.IN?format=json&per_page=1000,2026-09-28T17:23:21.218Z,{}
SP.DYN.LE00.IN,SP.DYN.LE00.IN--kor,Korea Płd.,KOR,"Life expectancy at birth, total (years)",2010-12-31,2010,year,2010-01-01,80.1170731707317,lata,annual,observed,https://api.worldbank.org/v2/country/POL;WLD;USA;CHN;DEU;IND;KOR;JPN;GBR;FRA;BRA;EST/indicator/SP.DYN.LE00.IN?format=json&per_page=1000,2026-09-28T17:23:21.218Z,{}
SP.DYN.LE00.IN,SP.DYN.LE00.IN--pol,Polska,POL,"Life expectancy at birth, total (years)",2010-12-31,2010,year,2010-01-01,76.2463414634146,lata,annual,observed,https://api.worldbank.org/v2/country/POL;WLD;USA;CHN;DEU;IND;KOR;JPN;GBR;FRA;BRA;EST/indicator/SP.DYN.LE00.IN?format=json&per_page=1000,2026-09-28T17:23:21.218Z,{}
SP.DYN.LE00.IN,SP.DYN.LE00.IN--usa,USA,USA,"Life expectancy at birth, total (years)",2010-12-31,2010,year,2010-01-01,78.5414634146342,lata,annual,observed,https://api.worldbank.org/v2/country/POL;WLD;USA;CHN;DEU;IND;KOR;JPN;GBR;FRA;BRA;EST/indicator/SP.DYN.LE00.IN?format=json&per_page=1000,2026-09-28T17:23:21.218Z,{}
SP.DYN.LE00.IN,SP.DYN.LE00.IN--wld,Świat,WLD,"Life expectancy at birth, total (years)",2010-12-31,2010,year,2010-01-01,70.6826307784169,lata,annual,observed,https://api.worldbank.org/v2/country/POL;WLD;USA;CHN;DEU;IND;KOR;JPN;GBR;FRA;BRA;EST/indicator/SP.DYN.LE00.IN?format=json&per_page=1000,2026-09-28T17:23:21.218Z,{}
SP.DYN.LE00.IN,SP.DYN.LE00.IN--bra,Brazylia,BRA,"Life expectancy at birth, total (years)",2011-12-31,2011,year,2011-01-01,74.047,lata,annual,observed,https://api.worldbank.org/v2/country/POL;WLD;USA;CHN;DEU;IND;KOR;JPN;GBR;FRA;BRA;EST/indicator/SP.DYN.LE00.IN?format=json&per_page=1000,2026-09-28T17:23:21.218Z,{}
SP.DYN.LE00.IN,SP.DYN.LE00.IN--chn,Chiny,CHN,"Life expectancy at birth, total (years)",2011-12-31,2011,year,2011-01-01,75.889,lata,annual,observed,https://api.worldbank.org/v2/country/POL;WLD;USA;CHN;DEU;IND;KOR;JPN;GBR;FRA;BRA;EST/indicator/SP.DYN.LE00.IN?format=json&per_page=1000,2026-09-28T17:23:21.218Z,{}
SP.DYN.LE00.IN,SP.DYN.LE00.IN--deu,Niemcy,DEU,"Life expectancy at birth, total (years)",2011-12-31,2011,year,2011-01-01,80.4365853658537,lata,annual,observed,https://api.worldbank.org/v2/country/POL;WLD;USA;CHN;DEU;IND;KOR;JPN;GBR;FRA;BRA;EST/indicator/SP.DYN.LE00.IN?format=json&per_page=1000,2026-09-28T17:23:21.218Z,{}
SP.DYN.LE00.IN,SP.DYN.LE00.IN--est,Estonia,EST,"Life expectancy at birth, total (years)",2011-12-31,2011,year,2011-01-01,76.2292682926829,lata,annual,observed,https://api.worldbank.org/v2/country/POL;WLD;USA;CHN;DEU;IND;KOR;JPN;GBR;FRA;BRA;EST/indicator/SP.DYN.LE00.IN?format=json&per_page=1000,2026-09-28T17:23:21.218Z,{}
SP.DYN.LE00.IN,SP.DYN.LE00.IN--fra,Francja,FRA,"Life expectancy at birth, total (years)",2011-12-31,2011,year,2011-01-01,82.1146341463415,lata,annual,observed,https://api.worldbank.org/v2/country/POL;WLD;USA;CHN;DEU;IND;KOR;JPN;GBR;FRA;BRA;EST/indicator/SP.DYN.LE00.IN?format=json&per_page=1000,2026-09-28T17:23:21.218Z,{}
SP.DYN.LE00.IN,SP.DYN.LE00.IN--gbr,Wielka Brytania,GBR,"Life expectancy at birth, total (years)",2011-12-31,2011,year,2011-01-01,80.9512195121951,lata,annual,observed,https://api.worldbank.org/v2/country/POL;WLD;USA;CHN;DEU;IND;KOR;JPN;GBR;FRA;BRA;EST/indicator/SP.DYN.LE00.IN?format=json&per_page=1000,2026-09-28T17:23:21.218Z,{}
SP.DYN.LE00.IN,SP.DYN.LE00.IN--ind,Indie,IND,"Life expectancy at birth, total (years)",2011-12-31,2011,year,2011-01-01,67.623,lata,annual,observed,https://api.worldbank.org/v2/country/POL;WLD;USA;CHN;DEU;IND;KOR;JPN;GBR;FRA;BRA;EST/indicator/SP.DYN.LE00.IN?format=json&per_page=1000,2026-09-28T17:23:21.218Z,{}
SP.DYN.LE00.IN,SP.DYN.LE00.IN--jpn,Japonia,JPN,"Life expectancy at birth, total (years)",2011-12-31,2011,year,2011-01-01,82.5912195121951,lata,annual,observed,https://api.worldbank.org/v2/country/POL;WLD;USA;CHN;DEU;IND;KOR;JPN;GBR;FRA;BRA;EST/indicator/SP.DYN.LE00.IN?format=json&per_page=1000,2026-09-28T17:23:21.218Z,{}
SP.DYN.LE00.IN,SP.DYN.LE00.IN--kor,Korea Płd.,KOR,"Life expectancy at birth, total (years)",2011-12-31,2011,year,2011-01-01,80.5682926829269,lata,annual,observed,https://api.worldbank.org/v2/country/POL;WLD;USA;CHN;DEU;IND;KOR;JPN;GBR;FRA;BRA;EST/indicator/SP.DYN.LE00.IN?format=json&per_page=1000,2026-09-28T17:23:21.218Z,{}
SP.DYN.LE00.IN,SP.DYN.LE00.IN--pol,Polska,POL,"Life expectancy at birth, total (years)",2011-12-31,2011,year,2011-01-01,76.6951219512195,lata,annual,observed,https://api.worldbank.org/v2/country/POL;WLD;USA;CHN;DEU;IND;KOR;JPN;GBR;FRA;BRA;EST/indicator/SP.DYN.LE00.IN?format=json&per_page=1000,2026-09-28T17:23:21.218Z,{}
SP.DYN.LE00.IN,SP.DYN.LE00.IN--usa,USA,USA,"Life expectancy at birth, total (years)",2011-12-31,2011,year,2011-01-01,78.6414634146341,lata,annual,observed,https://api.worldbank.org/v2/country/POL;WLD;USA;CHN;DEU;IND;KOR;JPN;GBR;FRA;BRA;EST/indicator/SP.DYN.LE00.IN?format=json&per_page=1000,2026-09-28T17:23:21.218Z,{}
SP.DYN.LE00.IN,SP.DYN.LE00.IN--wld,Świat,WLD,"Life expectancy at birth, total (years)",2011-12-31,2011,year,2011-01-01,70.9688028224075,lata,annual,observed,https://api.worldbank.org/v2/country/POL;WLD;USA;CHN;DEU;IND;KOR;JPN;GBR;FRA;BRA;EST/indicator/SP.DYN.LE00.IN?format=json&per_page=1000,2026-09-28T17:23:21.218Z,{}
SP.DYN.LE00.IN,SP.DYN.LE00.IN--bra,Brazylia,BRA,"Life expectancy at birth, total (years)",2012-12-31,2012,year,2012-01-01,74.335,lata,annual,observed,https://api.worldbank.org/v2/country/POL;WLD;USA;CHN;DEU;IND;KOR;JPN;GBR;FRA;BRA;EST/indicator/SP.DYN.LE00.IN?format=json&per_page=1000,2026-09-28T17:23:21.218Z,{}
SP.DYN.LE00.IN,SP.DYN.LE00.IN--chn,Chiny,CHN,"Life expectancy at birth, total (years)",2012-12-31,2012,year,2012-01-01,76.2,lata,annual,observed,https://api.worldbank.org/v2/country/POL;WLD;USA;CHN;DEU;IND;KOR;JPN;GBR;FRA;BRA;EST/indicator/SP.DYN.LE00.IN?format=json&per_page=1000,2026-09-28T17:23:21.218Z,{}
SP.DYN.LE00.IN,SP.DYN.LE00.IN--deu,Niemcy,DEU,"Life expectancy at birth, total (years)",2012-12-31,2012,year,2012-01-01,80.5390243902439,lata,annual,observed,https://api.worldbank.org/v2/country/POL;WLD;USA;CHN;DEU;IND;KOR;JPN;GBR;FRA;BRA;EST/indicator/SP.DYN.LE00.IN?format=json&per_page=1000,2026-09-28T17:23:21.218Z,{}
SP.DYN.LE00.IN,SP.DYN.LE00.IN--est,Estonia,EST,"Life expectancy at birth, total (years)",2012-12-31,2012,year,2012-01-01,76.3268292682927,lata,annual,observed,https://api.worldbank.org/v2/country/POL;WLD;USA;CHN;DEU;IND;KOR;JPN;GBR;FRA;BRA;EST/indicator/SP.DYN.LE00.IN?format=json&per_page=1000,2026-09-28T17:23:21.218Z,{}
SP.DYN.LE00.IN,SP.DYN.LE00.IN--fra,Francja,FRA,"Life expectancy at birth, total (years)",2012-12-31,2012,year,2012-01-01,81.9682926829268,lata,annual,observed,https://api.worldbank.org/v2/country/POL;WLD;USA;CHN;DEU;IND;KOR;JPN;GBR;FRA;BRA;EST/indicator/SP.DYN.LE00.IN?format=json&per_page=1000,2026-09-28T17:23:21.218Z,{}
SP.DYN.LE00.IN,SP.DYN.LE00.IN--gbr,Wielka Brytania,GBR,"Life expectancy at birth, total (years)",2012-12-31,2012,year,2012-01-01,80.9048780487805,lata,annual,observed,https://api.worldbank.org/v2/country/POL;WLD;USA;CHN;DEU;IND;KOR;JPN;GBR;FRA;BRA;EST/indicator/SP.DYN.LE00.IN?format=json&per_page=1000,2026-09-28T17:23:21.218Z,{}
SP.DYN.LE00.IN,SP.DYN.LE00.IN--ind,Indie,IND,"Life expectancy at birth, total (years)",2012-12-31,2012,year,2012-01-01,68.076,lata,annual,observed,https://api.worldbank.org/v2/country/POL;WLD;USA;CHN;DEU;IND;KOR;JPN;GBR;FRA;BRA;EST/indicator/SP.DYN.LE00.IN?format=json&per_page=1000,2026-09-28T17:23:21.218Z,{}
SP.DYN.LE00.IN,SP.DYN.LE00.IN--jpn,Japonia,JPN,"Life expectancy at birth, total (years)",2012-12-31,2012,year,2012-01-01,83.0960975609756,lata,annual,observed,https://api.worldbank.org/v2/country/POL;WLD;USA;CHN;DEU;IND;KOR;JPN;GBR;FRA;BRA;EST/indicator/SP.DYN.LE00.IN?format=json&per_page=1000,2026-09-28T17:23:21.218Z,{}
SP.DYN.LE00.IN,SP.DYN.LE00.IN--kor,Korea Płd.,KOR,"Life expectancy at birth, total (years)",2012-12-31,2012,year,2012-01-01,80.819512195122,lata,annual,observed,https://api.worldbank.org/v2/country/POL;WLD;USA;CHN;DEU;IND;KOR;JPN;GBR;FRA;BRA;EST/indicator/SP.DYN.LE00.IN?format=json&per_page=1000,2026-09-28T17:23:21.218Z,{}
SP.DYN.LE00.IN,SP.DYN.LE00.IN--pol,Polska,POL,"Life expectancy at birth, total (years)",2012-12-31,2012,year,2012-01-01,76.7463414634146,lata,annual,observed,https://api.worldbank.org/v2/country/POL;WLD;USA;CHN;DEU;IND;KOR;JPN;GBR;FRA;BRA;EST/indicator/SP.DYN.LE00.IN?format=json&per_page=1000,2026-09-28T17:23:21.218Z,{}
SP.DYN.LE00.IN,SP.DYN.LE00.IN--usa,USA,USA,"Life expectancy at birth, total (years)",2012-12-31,2012,year,2012-01-01,78.7414634146342,lata,annual,observed,https://api.worldbank.org/v2/country/POL;WLD;USA;CHN;DEU;IND;KOR;JPN;GBR;FRA;BRA;EST/indicator/SP.DYN.LE00.IN?format=json&per_page=1000,2026-09-28T17:23:21.218Z,{}
SP.DYN.LE00.IN,SP.DYN.LE00.IN--wld,Świat,WLD,"Life expectancy at birth, total (years)",2012-12-31,2012,year,2012-01-01,71.2645542969028,lata,annual,observed,https://api.worldbank.org/v2/country/POL;WLD;USA;CHN;DEU;IND;KOR;JPN;GBR;FRA;BRA;EST/indicator/SP.DYN.LE00.IN?format=json&per_page=1000,2026-09-28T17:23:21.218Z,{}
SP.DYN.LE00.IN,SP.DYN.LE00.IN--bra,Brazylia,BRA,"Life expectancy at birth, total (years)",2013-12-31,2013,year,2013-01-01,74.609,lata,annual,observed,https://api.worldbank.org/v2/country/POL;WLD;USA;CHN;DEU;IND;KOR;JPN;GBR;FRA;BRA;EST/indicator/SP.DYN.LE00.IN?format=json&per_page=1000,2026-09-28T17:23:21.218Z,{}
SP.DYN.LE00.IN,SP.DYN.LE00.IN--chn,Chiny,CHN,"Life expectancy at birth, total (years)",2013-12-31,2013,year,2013-01-01,76.452,lata,annual,observed,https://api.worldbank.org/v2/country/POL;WLD;USA;CHN;DEU;IND;KOR;JPN;GBR;FRA;BRA;EST/indicator/SP.DYN.LE00.IN?format=json&per_page=1000,2026-09-28T17:23:21.218Z,{}
SP.DYN.LE00.IN,SP.DYN.LE00.IN--deu,Niemcy,DEU,"Life expectancy at birth, total (years)",2013-12-31,2013,year,2013-01-01,80.490243902439,lata,annual,observed,https://api.worldbank.org/v2/country/POL;WLD;USA;CHN;DEU;IND;KOR;JPN;GBR;FRA;BRA;EST/indicator/SP.DYN.LE00.IN?format=json&per_page=1000,2026-09-28T17:23:21.218Z,{}
SP.DYN.LE00.IN,SP.DYN.LE00.IN--est,Estonia,EST,"Life expectancy at birth, total (years)",2013-12-31,2013,year,2013-01-01,77.1414634146341,lata,annual,observed,https://api.worldbank.org/v2/country/POL;WLD;USA;CHN;DEU;IND;KOR;JPN;GBR;FRA;BRA;EST/indicator/SP.DYN.LE00.IN?format=json&per_page=1000,2026-09-28T17:23:21.218Z,{}
SP.DYN.LE00.IN,SP.DYN.LE00.IN--fra,Francja,FRA,"Life expectancy at birth, total (years)",2013-12-31,2013,year,2013-01-01,82.219512195122,lata,annual,observed,https://api.worldbank.org/v2/country/POL;WLD;USA;CHN;DEU;IND;KOR;JPN;GBR;FRA;BRA;EST/indicator/SP.DYN.LE00.IN?format=json&per_page=1000,2026-09-28T17:23:21.218Z,{}
SP.DYN.LE00.IN,SP.DYN.LE00.IN--gbr,Wielka Brytania,GBR,"Life expectancy at birth, total (years)",2013-12-31,2013,year,2013-01-01,81.0048780487805,lata,annual,observed,https://api.worldbank.org/v2/country/POL;WLD;USA;CHN;DEU;IND;KOR;JPN;GBR;FRA;BRA;EST/indicator/SP.DYN.LE00.IN?format=json&per_page=1000,2026-09-28T17:23:21.218Z,{}
SP.DYN.LE00.IN,SP.DYN.LE00.IN--ind,Indie,IND,"Life expectancy at birth, total (years)",2013-12-31,2013,year,2013-01-01,68.499,lata,annual,observed,https://api.worldbank.org/v2/country/POL;WLD;USA;CHN;DEU;IND;KOR;JPN;GBR;FRA;BRA;EST/indicator/SP.DYN.LE00.IN?format=json&per_page=1000,2026-09-28T17:23:21.218Z,{}
SP.DYN.LE00.IN,SP.DYN.LE00.IN--jpn,Japonia,JPN,"Life expectancy at birth, total (years)",2013-12-31,2013,year,2013-01-01,83.3319512195122,lata,annual,observed,https://api.worldbank.org/v2/country/POL;WLD;USA;CHN;DEU;IND;KOR;JPN;GBR;FRA;BRA;EST/indicator/SP.DYN.LE00.IN?format=json&per_page=1000,2026-09-28T17:23:21.218Z,{}
SP.DYN.LE00.IN,SP.DYN.LE00.IN--kor,Korea Płd.,KOR,"Life expectancy at birth, total (years)",2013-12-31,2013,year,2013-01-01,81.2707317073171,lata,annual,observed,https://api.worldbank.org/v2/country/POL;WLD;USA;CHN;DEU;IND;KOR;JPN;GBR;FRA;BRA;EST/indicator/SP.DYN.LE00.IN?format=json&per_page=1000,2026-09-28T17:23:21.218Z,{}
SP.DYN.LE00.IN,SP.DYN.LE00.IN--pol,Polska,POL,"Life expectancy at birth, total (years)",2013-12-31,2013,year,2013-01-01,77,lata,annual,observed,https://api.worldbank.org/v2/country/POL;WLD;USA;CHN;DEU;IND;KOR;JPN;GBR;FRA;BRA;EST/indicator/SP.DYN.LE00.IN?format=json&per_page=1000,2026-09-28T17:23:21.218Z,{}
SP.DYN.LE00.IN,SP.DYN.LE00.IN--usa,USA,USA,"Life expectancy at birth, total (years)",2013-12-31,2013,year,2013-01-01,78.7414634146342,lata,annual,observed,https://api.worldbank.org/v2/country/POL;WLD;USA;CHN;DEU;IND;KOR;JPN;GBR;FRA;BRA;EST/indicator/SP.DYN.LE00.IN?format=json&per_page=1000,2026-09-28T17:23:21.218Z,{}
SP.DYN.LE00.IN,SP.DYN.LE00.IN--wld,Świat,WLD,"Life expectancy at birth, total (years)",2013-12-31,2013,year,2013-01-01,71.5334887297047,lata,annual,observed,https://api.worldbank.org/v2/country/POL;WLD;USA;CHN;DEU;IND;KOR;JPN;GBR;FRA;BRA;EST/indicator/SP.DYN.LE00.IN?format=json&per_page=1000,2026-09-28T17:23:21.218Z,{}
SP.DYN.LE00.IN,SP.DYN.LE00.IN--bra,Brazylia,BRA,"Life expectancy at birth, total (years)",2014-12-31,2014,year,2014-01-01,74.823,lata,annual,observed,https://api.worldbank.org/v2/country/POL;WLD;USA;CHN;DEU;IND;KOR;JPN;GBR;FRA;BRA;EST/indicator/SP.DYN.LE00.IN?format=json&per_page=1000,2026-09-28T17:23:21.218Z,{}
SP.DYN.LE00.IN,SP.DYN.LE00.IN--chn,Chiny,CHN,"Life expectancy at birth, total (years)",2014-12-31,2014,year,2014-01-01,76.714,lata,annual,observed,https://api.worldbank.org/v2/country/POL;WLD;USA;CHN;DEU;IND;KOR;JPN;GBR;FRA;BRA;EST/indicator/SP.DYN.LE00.IN?format=json&per_page=1000,2026-09-28T17:23:21.218Z,{}
SP.DYN.LE00.IN,SP.DYN.LE00.IN--deu,Niemcy,DEU,"Life expectancy at birth, total (years)",2014-12-31,2014,year,2014-01-01,81.090243902439,lata,annual,observed,https://api.worldbank.org/v2/country/POL;WLD;USA;CHN;DEU;IND;KOR;JPN;GBR;FRA;BRA;EST/indicator/SP.DYN.LE00.IN?format=json&per_page=1000,2026-09-28T17:23:21.218Z,{}
SP.DYN.LE00.IN,SP.DYN.LE00.IN--est,Estonia,EST,"Life expectancy at birth, total (years)",2014-12-31,2014,year,2014-01-01,77.0341463414634,lata,annual,observed,https://api.worldbank.org/v2/country/POL;WLD;USA;CHN;DEU;IND;KOR;JPN;GBR;FRA;BRA;EST/indicator/SP.DYN.LE00.IN?format=json&per_page=1000,2026-09-28T17:23:21.218Z,{}
SP.DYN.LE00.IN,SP.DYN.LE00.IN--fra,Francja,FRA,"Life expectancy at birth, total (years)",2014-12-31,2014,year,2014-01-01,82.719512195122,lata,annual,observed,https://api.worldbank.org/v2/country/POL;WLD;USA;CHN;DEU;IND;KOR;JPN;GBR;FRA;BRA;EST/indicator/SP.DYN.LE00.IN?format=json&per_page=1000,2026-09-28T17:23:21.218Z,{}
SP.DYN.LE00.IN,SP.DYN.LE00.IN--gbr,Wielka Brytania,GBR,"Life expectancy at birth, total (years)",2014-12-31,2014,year,2014-01-01,81.3048780487805,lata,annual,observed,https://api.worldbank.org/v2/country/POL;WLD;USA;CHN;DEU;IND;KOR;JPN;GBR;FRA;BRA;EST/indicator/SP.DYN.LE00.IN?format=json&per_page=1000,2026-09-28T17:23:21.218Z,{}
SP.DYN.LE00.IN,SP.DYN.LE00.IN--ind,Indie,IND,"Life expectancy at birth, total (years)",2014-12-31,2014,year,2014-01-01,68.932,lata,annual,observed,https://api.worldbank.org/v2/country/POL;WLD;USA;CHN;DEU;IND;KOR;JPN;GBR;FRA;BRA;EST/indicator/SP.DYN.LE00.IN?format=json&per_page=1000,2026-09-28T17:23:21.218Z,{}
SP.DYN.LE00.IN,SP.DYN.LE00.IN--jpn,Japonia,JPN,"Life expectancy at birth, total (years)",2014-12-31,2014,year,2014-01-01,83.5878048780488,lata,annual,observed,https://api.worldbank.org/v2/country/POL;WLD;USA;CHN;DEU;IND;KOR;JPN;GBR;FRA;BRA;EST/indicator/SP.DYN.LE00.IN?format=json&per_page=1000,2026-09-28T17:23:21.218Z,{}
SP.DYN.LE00.IN,SP.DYN.LE00.IN--kor,Korea Płd.,KOR,"Life expectancy at birth, total (years)",2014-12-31,2014,year,2014-01-01,81.7219512195122,lata,annual,observed,https://api.worldbank.org/v2/country/POL;WLD;USA;CHN;DEU;IND;KOR;JPN;GBR;FRA;BRA;EST/indicator/SP.DYN.LE00.IN?format=json&per_page=1000,2026-09-28T17:23:21.218Z,{}
SP.DYN.LE00.IN,SP.DYN.LE00.IN--pol,Polska,POL,"Life expectancy at birth, total (years)",2014-12-31,2014,year,2014-01-01,77.6024390243903,lata,annual,observed,https://api.worldbank.org/v2/country/POL;WLD;USA;CHN;DEU;IND;KOR;JPN;GBR;FRA;BRA;EST/indicator/SP.DYN.LE00.IN?format=json&per_page=1000,2026-09-28T17:23:21.218Z,{}
SP.DYN.LE00.IN,SP.DYN.LE00.IN--usa,USA,USA,"Life expectancy at birth, total (years)",2014-12-31,2014,year,2014-01-01,78.8414634146341,lata,annual,observed,https://api.worldbank.org/v2/country/POL;WLD;USA;CHN;DEU;IND;KOR;JPN;GBR;FRA;BRA;EST/indicator/SP.DYN.LE00.IN?format=json&per_page=1000,2026-09-28T17:23:21.218Z,{}
SP.DYN.LE00.IN,SP.DYN.LE00.IN--wld,Świat,WLD,"Life expectancy at birth, total (years)",2014-12-31,2014,year,2014-01-01,71.7763867362613,lata,annual,observed,https://api.worldbank.org/v2/country/POL;WLD;USA;CHN;DEU;IND;KOR;JPN;GBR;FRA;BRA;EST/indicator/SP.DYN.LE00.IN?format=json&per_page=1000,2026-09-28T17:23:21.218Z,{}
SP.DYN.LE00.IN,SP.DYN.LE00.IN--bra,Brazylia,BRA,"Life expectancy at birth, total (years)",2015-12-31,2015,year,2015-01-01,75.106,lata,annual,observed,https://api.worldbank.org/v2/country/POL;WLD;USA;CHN;DEU;IND;KOR;JPN;GBR;FRA;BRA;EST/indicator/SP.DYN.LE00.IN?format=json&per_page=1000,2026-09-28T17:23:21.218Z,{}
SP.DYN.LE00.IN,SP.DYN.LE00.IN--chn,Chiny,CHN,"Life expectancy at birth, total (years)",2015-12-31,2015,year,2015-01-01,76.975,lata,annual,observed,https://api.worldbank.org/v2/country/POL;WLD;USA;CHN;DEU;IND;KOR;JPN;GBR;FRA;BRA;EST/indicator/SP.DYN.LE00.IN?format=json&per_page=1000,2026-09-28T17:23:21.218Z,{}
SP.DYN.LE00.IN,SP.DYN.LE00.IN--deu,Niemcy,DEU,"Life expectancy at birth, total (years)",2015-12-31,2015,year,2015-01-01,80.6414634146341,lata,annual,observed,https://api.worldbank.org/v2/country/POL;WLD;USA;CHN;DEU;IND;KOR;JPN;GBR;FRA;BRA;EST/indicator/SP.DYN.LE00.IN?format=json&per_page=1000,2026-09-28T17:23:21.218Z,{}
SP.DYN.LE00.IN,SP.DYN.LE00.IN--est,Estonia,EST,"Life expectancy at birth, total (years)",2015-12-31,2015,year,2015-01-01,77.590243902439,lata,annual,observed,https://api.worldbank.org/v2/country/POL;WLD;USA;CHN;DEU;IND;KOR;JPN;GBR;FRA;BRA;EST/indicator/SP.DYN.LE00.IN?format=json&per_page=1000,2026-09-28T17:23:21.218Z,{}
SP.DYN.LE00.IN,SP.DYN.LE00.IN--fra,Francja,FRA,"Life expectancy at birth, total (years)",2015-12-31,2015,year,2015-01-01,82.3219512195122,lata,annual,observed,https://api.worldbank.org/v2/country/POL;WLD;USA;CHN;DEU;IND;KOR;JPN;GBR;FRA;BRA;EST/indicator/SP.DYN.LE00.IN?format=json&per_page=1000,2026-09-28T17:23:21.218Z,{}
SP.DYN.LE00.IN,SP.DYN.LE00.IN--gbr,Wielka Brytania,GBR,"Life expectancy at birth, total (years)",2015-12-31,2015,year,2015-01-01,80.9560975609756,lata,annual,observed,https://api.worldbank.org/v2/country/POL;WLD;USA;CHN;DEU;IND;KOR;JPN;GBR;FRA;BRA;EST/indicator/SP.DYN.LE00.IN?format=json&per_page=1000,2026-09-28T17:23:21.218Z,{}
SP.DYN.LE00.IN,SP.DYN.LE00.IN--ind,Indie,IND,"Life expectancy at birth, total (years)",2015-12-31,2015,year,2015-01-01,69.326,lata,annual,observed,https://api.worldbank.org/v2/country/POL;WLD;USA;CHN;DEU;IND;KOR;JPN;GBR;FRA;BRA;EST/indicator/SP.DYN.LE00.IN?format=json&per_page=1000,2026-09-28T17:23:21.218Z,{}
SP.DYN.LE00.IN,SP.DYN.LE00.IN--jpn,Japonia,JPN,"Life expectancy at birth, total (years)",2015-12-31,2015,year,2015-01-01,83.7939024390244,lata,annual,observed,https://api.worldbank.org/v2/country/POL;WLD;USA;CHN;DEU;IND;KOR;JPN;GBR;FRA;BRA;EST/indicator/SP.DYN.LE00.IN?format=json&per_page=1000,2026-09-28T17:23:21.218Z,{}
SP.DYN.LE00.IN,SP.DYN.LE00.IN--kor,Korea Płd.,KOR,"Life expectancy at birth, total (years)",2015-12-31,2015,year,2015-01-01,82.0243902439024,lata,annual,observed,https://api.worldbank.org/v2/country/POL;WLD;USA;CHN;DEU;IND;KOR;JPN;GBR;FRA;BRA;EST/indicator/SP.DYN.LE00.IN?format=json&per_page=1000,2026-09-28T17:23:21.218Z,{}
SP.DYN.LE00.IN,SP.DYN.LE00.IN--pol,Polska,POL,"Life expectancy at birth, total (years)",2015-12-31,2015,year,2015-01-01,77.4512195121951,lata,annual,observed,https://api.worldbank.org/v2/country/POL;WLD;USA;CHN;DEU;IND;KOR;JPN;GBR;FRA;BRA;EST/indicator/SP.DYN.LE00.IN?format=json&per_page=1000,2026-09-28T17:23:21.218Z,{}
SP.DYN.LE00.IN,SP.DYN.LE00.IN--usa,USA,USA,"Life expectancy at birth, total (years)",2015-12-31,2015,year,2015-01-01,78.690243902439,lata,annual,observed,https://api.worldbank.org/v2/country/POL;WLD;USA;CHN;DEU;IND;KOR;JPN;GBR;FRA;BRA;EST/indicator/SP.DYN.LE00.IN?format=json&per_page=1000,2026-09-28T17:23:21.218Z,{}
SP.DYN.LE00.IN,SP.DYN.LE00.IN--wld,Świat,WLD,"Life expectancy at birth, total (years)",2015-12-31,2015,year,2015-01-01,71.9656376386893,lata,annual,observed,https://api.worldbank.org/v2/country/POL;WLD;USA;CHN;DEU;IND;KOR;JPN;GBR;FRA;BRA;EST/indicator/SP.DYN.LE00.IN?format=json&per_page=1000,2026-09-28T17:23:21.218Z,{}
SP.DYN.LE00.IN,SP.DYN.LE00.IN--bra,Brazylia,BRA,"Life expectancy at birth, total (years)",2016-12-31,2016,year,2016-01-01,75.081,lata,annual,observed,https://api.worldbank.org/v2/country/POL;WLD;USA;CHN;DEU;IND;KOR;JPN;GBR;FRA;BRA;EST/indicator/SP.DYN.LE00.IN?format=json&per_page=1000,2026-09-28T17:23:21.218Z,{}
SP.DYN.LE00.IN,SP.DYN.LE00.IN--chn,Chiny,CHN,"Life expectancy at birth, total (years)",2016-12-31,2016,year,2016-01-01,77.214,lata,annual,observed,https://api.worldbank.org/v2/country/POL;WLD;USA;CHN;DEU;IND;KOR;JPN;GBR;FRA;BRA;EST/indicator/SP.DYN.LE00.IN?format=json&per_page=1000,2026-09-28T17:23:21.218Z,{}
SP.DYN.LE00.IN,SP.DYN.LE00.IN--deu,Niemcy,DEU,"Life expectancy at birth, total (years)",2016-12-31,2016,year,2016-01-01,80.990243902439,lata,annual,observed,https://api.worldbank.org/v2/country/POL;WLD;USA;CHN;DEU;IND;KOR;JPN;GBR;FRA;BRA;EST/indicator/SP.DYN.LE00.IN?format=json&per_page=1000,2026-09-28T17:23:21.218Z,{}
SP.DYN.LE00.IN,SP.DYN.LE00.IN--est,Estonia,EST,"Life expectancy at birth, total (years)",2016-12-31,2016,year,2016-01-01,77.6414634146342,lata,annual,observed,https://api.worldbank.org/v2/country/POL;WLD;USA;CHN;DEU;IND;KOR;JPN;GBR;FRA;BRA;EST/indicator/SP.DYN.LE00.IN?format=json&per_page=1000,2026-09-28T17:23:21.218Z,{}
SP.DYN.LE00.IN,SP.DYN.LE00.IN--fra,Francja,FRA,"Life expectancy at birth, total (years)",2016-12-31,2016,year,2016-01-01,82.5731707317073,lata,annual,observed,https://api.worldbank.org/v2/country/POL;WLD;USA;CHN;DEU;IND;KOR;JPN;GBR;FRA;BRA;EST/indicator/SP.DYN.LE00.IN?format=json&per_page=1000,2026-09-28T17:23:21.218Z,{}
SP.DYN.LE00.IN,SP.DYN.LE00.IN--gbr,Wielka Brytania,GBR,"Life expectancy at birth, total (years)",2016-12-31,2016,year,2016-01-01,81.1560975609756,lata,annual,observed,https://api.worldbank.org/v2/country/POL;WLD;USA;CHN;DEU;IND;KOR;JPN;GBR;FRA;BRA;EST/indicator/SP.DYN.LE00.IN?format=json&per_page=1000,2026-09-28T17:23:21.218Z,{}
SP.DYN.LE00.IN,SP.DYN.LE00.IN--ind,Indie,IND,"Life expectancy at birth, total (years)",2016-12-31,2016,year,2016-01-01,69.709,lata,annual,observed,https://api.worldbank.org/v2/country/POL;WLD;USA;CHN;DEU;IND;KOR;JPN;GBR;FRA;BRA;EST/indicator/SP.DYN.LE00.IN?format=json&per_page=1000,2026-09-28T17:23:21.218Z,{}
SP.DYN.LE00.IN,SP.DYN.LE00.IN--jpn,Japonia,JPN,"Life expectancy at birth, total (years)",2016-12-31,2016,year,2016-01-01,83.9848780487805,lata,annual,observed,https://api.worldbank.org/v2/country/POL;WLD;USA;CHN;DEU;IND;KOR;JPN;GBR;FRA;BRA;EST/indicator/SP.DYN.LE00.IN?format=json&per_page=1000,2026-09-28T17:23:21.218Z,{}
SP.DYN.LE00.IN,SP.DYN.LE00.IN--kor,Korea Płd.,KOR,"Life expectancy at birth, total (years)",2016-12-31,2016,year,2016-01-01,82.2756097560976,lata,annual,observed,https://api.worldbank.org/v2/country/POL;WLD;USA;CHN;DEU;IND;KOR;JPN;GBR;FRA;BRA;EST/indicator/SP.DYN.LE00.IN?format=json&per_page=1000,2026-09-28T17:23:21.218Z,{}
SP.DYN.LE00.IN,SP.DYN.LE00.IN--pol,Polska,POL,"Life expectancy at birth, total (years)",2016-12-31,2016,year,2016-01-01,77.8512195121951,lata,annual,observed,https://api.worldbank.org/v2/country/POL;WLD;USA;CHN;DEU;IND;KOR;JPN;GBR;FRA;BRA;EST/indicator/SP.DYN.LE00.IN?format=json&per_page=1000,2026-09-28T17:23:21.218Z,{}
SP.DYN.LE00.IN,SP.DYN.LE00.IN--usa,USA,USA,"Life expectancy at birth, total (years)",2016-12-31,2016,year,2016-01-01,78.5390243902439,lata,annual,observed,https://api.worldbank.org/v2/country/POL;WLD;USA;CHN;DEU;IND;KOR;JPN;GBR;FRA;BRA;EST/indicator/SP.DYN.LE00.IN?format=json&per_page=1000,2026-09-28T17:23:21.218Z,{}
SP.DYN.LE00.IN,SP.DYN.LE00.IN--wld,Świat,WLD,"Life expectancy at birth, total (years)",2016-12-31,2016,year,2016-01-01,72.1858228976022,lata,annual,observed,https://api.worldbank.org/v2/country/POL;WLD;USA;CHN;DEU;IND;KOR;JPN;GBR;FRA;BRA;EST/indicator/SP.DYN.LE00.IN?format=json&per_page=1000,2026-09-28T17:23:21.218Z,{}
SP.DYN.LE00.IN,SP.DYN.LE00.IN--bra,Brazylia,BRA,"Life expectancy at birth, total (years)",2017-12-31,2017,year,2017-01-01,75.383,lata,annual,observed,https://api.worldbank.org/v2/country/POL;WLD;USA;CHN;DEU;IND;KOR;JPN;GBR;FRA;BRA;EST/indicator/SP.DYN.LE00.IN?format=json&per_page=1000,2026-09-28T17:23:21.218Z,{}
SP.DYN.LE00.IN,SP.DYN.LE00.IN--chn,Chiny,CHN,"Life expectancy at birth, total (years)",2017-12-31,2017,year,2017-01-01,77.235,lata,annual,observed,https://api.worldbank.org/v2/country/POL;WLD;USA;CHN;DEU;IND;KOR;JPN;GBR;FRA;BRA;EST/indicator/SP.DYN.LE00.IN?format=json&per_page=1000,2026-09-28T17:23:21.218Z,{}
SP.DYN.LE00.IN,SP.DYN.LE00.IN--deu,Niemcy,DEU,"Life expectancy at birth, total (years)",2017-12-31,2017,year,2017-01-01,80.9926829268293,lata,annual,observed,https://api.worldbank.org/v2/country/POL;WLD;USA;CHN;DEU;IND;KOR;JPN;GBR;FRA;BRA;EST/indicator/SP.DYN.LE00.IN?format=json&per_page=1000,2026-09-28T17:23:21.218Z,{}
SP.DYN.LE00.IN,SP.DYN.LE00.IN--est,Estonia,EST,"Life expectancy at birth, total (years)",2017-12-31,2017,year,2017-01-01,78.0926829268293,lata,annual,observed,https://api.worldbank.org/v2/country/POL;WLD;USA;CHN;DEU;IND;KOR;JPN;GBR;FRA;BRA;EST/indicator/SP.DYN.LE00.IN?format=json&per_page=1000,2026-09-28T17:23:21.218Z,{}
SP.DYN.LE00.IN,SP.DYN.LE00.IN--fra,Francja,FRA,"Life expectancy at birth, total (years)",2017-12-31,2017,year,2017-01-01,82.5756097560976,lata,annual,observed,https://api.worldbank.org/v2/country/POL;WLD;USA;CHN;DEU;IND;KOR;JPN;GBR;FRA;BRA;EST/indicator/SP.DYN.LE00.IN?format=json&per_page=1000,2026-09-28T17:23:21.218Z,{}
SP.DYN.LE00.IN,SP.DYN.LE00.IN--gbr,Wielka Brytania,GBR,"Life expectancy at birth, total (years)",2017-12-31,2017,year,2017-01-01,81.2560975609756,lata,annual,observed,https://api.worldbank.org/v2/country/POL;WLD;USA;CHN;DEU;IND;KOR;JPN;GBR;FRA;BRA;EST/indicator/SP.DYN.LE00.IN?format=json&per_page=1000,2026-09-28T17:23:21.218Z,{}
SP.DYN.LE00.IN,SP.DYN.LE00.IN--ind,Indie,IND,"Life expectancy at birth, total (years)",2017-12-31,2017,year,2017-01-01,70.068,lata,annual,observed,https://api.worldbank.org/v2/country/POL;WLD;USA;CHN;DEU;IND;KOR;JPN;GBR;FRA;BRA;EST/indicator/SP.DYN.LE00.IN?format=json&per_page=1000,2026-09-28T17:23:21.218Z,{}
SP.DYN.LE00.IN,SP.DYN.LE00.IN--jpn,Japonia,JPN,"Life expectancy at birth, total (years)",2017-12-31,2017,year,2017-01-01,84.099756097561,lata,annual,observed,https://api.worldbank.org/v2/country/POL;WLD;USA;CHN;DEU;IND;KOR;JPN;GBR;FRA;BRA;EST/indicator/SP.DYN.LE00.IN?format=json&per_page=1000,2026-09-28T17:23:21.218Z,{}
SP.DYN.LE00.IN,SP.DYN.LE00.IN--kor,Korea Płd.,KOR,"Life expectancy at birth, total (years)",2017-12-31,2017,year,2017-01-01,82.6268292682927,lata,annual,observed,https://api.worldbank.org/v2/country/POL;WLD;USA;CHN;DEU;IND;KOR;JPN;GBR;FRA;BRA;EST/indicator/SP.DYN.LE00.IN?format=json&per_page=1000,2026-09-28T17:23:21.218Z,{}
SP.DYN.LE00.IN,SP.DYN.LE00.IN--pol,Polska,POL,"Life expectancy at birth, total (years)",2017-12-31,2017,year,2017-01-01,77.7536585365854,lata,annual,observed,https://api.worldbank.org/v2/country/POL;WLD;USA;CHN;DEU;IND;KOR;JPN;GBR;FRA;BRA;EST/indicator/SP.DYN.LE00.IN?format=json&per_page=1000,2026-09-28T17:23:21.218Z,{}
SP.DYN.LE00.IN,SP.DYN.LE00.IN--usa,USA,USA,"Life expectancy at birth, total (years)",2017-12-31,2017,year,2017-01-01,78.5390243902439,lata,annual,observed,https://api.worldbank.org/v2/country/POL;WLD;USA;CHN;DEU;IND;KOR;JPN;GBR;FRA;BRA;EST/indicator/SP.DYN.LE00.IN?format=json&per_page=1000,2026-09-28T17:23:21.218Z,{}
SP.DYN.LE00.IN,SP.DYN.LE00.IN--wld,Świat,WLD,"Life expectancy at birth, total (years)",2017-12-31,2017,year,2017-01-01,72.3662967648278,lata,annual,observed,https://api.worldbank.org/v2/country/POL;WLD;USA;CHN;DEU;IND;KOR;JPN;GBR;FRA;BRA;EST/indicator/SP.DYN.LE00.IN?format=json&per_page=1000,2026-09-28T17:23:21.218Z,{}
SP.DYN.LE00.IN,SP.DYN.LE00.IN--bra,Brazylia,BRA,"Life expectancy at birth, total (years)",2018-12-31,2018,year,2018-01-01,75.633,lata,annual,observed,https://api.worldbank.org/v2/country/POL;WLD;USA;CHN;DEU;IND;KOR;JPN;GBR;FRA;BRA;EST/indicator/SP.DYN.LE00.IN?format=json&per_page=1000,2026-09-28T17:23:21.218Z,{}
SP.DYN.LE00.IN,SP.DYN.LE00.IN--chn,Chiny,CHN,"Life expectancy at birth, total (years)",2018-12-31,2018,year,2018-01-01,77.709,lata,annual,observed,https://api.worldbank.org/v2/country/POL;WLD;USA;CHN;DEU;IND;KOR;JPN;GBR;FRA;BRA;EST/indicator/SP.DYN.LE00.IN?format=json&per_page=1000,2026-09-28T17:23:21.218Z,{}
SP.DYN.LE00.IN,SP.DYN.LE00.IN--deu,Niemcy,DEU,"Life expectancy at birth, total (years)",2018-12-31,2018,year,2018-01-01,80.8926829268293,lata,annual,observed,https://api.worldbank.org/v2/country/POL;WLD;USA;CHN;DEU;IND;KOR;JPN;GBR;FRA;BRA;EST/indicator/SP.DYN.LE00.IN?format=json&per_page=1000,2026-09-28T17:23:21.218Z,{}
SP.DYN.LE00.IN,SP.DYN.LE00.IN--est,Estonia,EST,"Life expectancy at birth, total (years)",2018-12-31,2018,year,2018-01-01,78.2439024390244,lata,annual,observed,https://api.worldbank.org/v2/country/POL;WLD;USA;CHN;DEU;IND;KOR;JPN;GBR;FRA;BRA;EST/indicator/SP.DYN.LE00.IN?format=json&per_page=1000,2026-09-28T17:23:21.218Z,{}
SP.DYN.LE00.IN,SP.DYN.LE00.IN--fra,Francja,FRA,"Life expectancy at birth, total (years)",2018-12-31,2018,year,2018-01-01,82.6756097560976,lata,annual,observed,https://api.worldbank.org/v2/country/POL;WLD;USA;CHN;DEU;IND;KOR;JPN;GBR;FRA;BRA;EST/indicator/SP.DYN.LE00.IN?format=json&per_page=1000,2026-09-28T17:23:21.218Z,{}
SP.DYN.LE00.IN,SP.DYN.LE00.IN--gbr,Wielka Brytania,GBR,"Life expectancy at birth, total (years)",2018-12-31,2018,year,2018-01-01,81.2560975609756,lata,annual,observed,https://api.worldbank.org/v2/country/POL;WLD;USA;CHN;DEU;IND;KOR;JPN;GBR;FRA;BRA;EST/indicator/SP.DYN.LE00.IN?format=json&per_page=1000,2026-09-28T17:23:21.218Z,{}
SP.DYN.LE00.IN,SP.DYN.LE00.IN--ind,Indie,IND,"Life expectancy at birth, total (years)",2018-12-31,2018,year,2018-01-01,70.415,lata,annual,observed,https://api.worldbank.org/v2/country/POL;WLD;USA;CHN;DEU;IND;KOR;JPN;GBR;FRA;BRA;EST/indicator/SP.DYN.LE00.IN?format=json&per_page=1000,2026-09-28T17:23:21.218Z,{}
SP.DYN.LE00.IN,SP.DYN.LE00.IN--jpn,Japonia,JPN,"Life expectancy at birth, total (years)",2018-12-31,2018,year,2018-01-01,84.2109756097561,lata,annual,observed,https://api.worldbank.org/v2/country/POL;WLD;USA;CHN;DEU;IND;KOR;JPN;GBR;FRA;BRA;EST/indicator/SP.DYN.LE00.IN?format=json&per_page=1000,2026-09-28T17:23:21.218Z,{}
SP.DYN.LE00.IN,SP.DYN.LE00.IN--kor,Korea Płd.,KOR,"Life expectancy at birth, total (years)",2018-12-31,2018,year,2018-01-01,82.6268292682927,lata,annual,observed,https://api.worldbank.org/v2/country/POL;WLD;USA;CHN;DEU;IND;KOR;JPN;GBR;FRA;BRA;EST/indicator/SP.DYN.LE00.IN?format=json&per_page=1000,2026-09-28T17:23:21.218Z,{}
SP.DYN.LE00.IN,SP.DYN.LE00.IN--pol,Polska,POL,"Life expectancy at birth, total (years)",2018-12-31,2018,year,2018-01-01,77.6024390243903,lata,annual,observed,https://api.worldbank.org/v2/country/POL;WLD;USA;CHN;DEU;IND;KOR;JPN;GBR;FRA;BRA;EST/indicator/SP.DYN.LE00.IN?format=json&per_page=1000,2026-09-28T17:23:21.218Z,{}
SP.DYN.LE00.IN,SP.DYN.LE00.IN--usa,USA,USA,"Life expectancy at birth, total (years)",2018-12-31,2018,year,2018-01-01,78.6390243902439,lata,annual,observed,https://api.worldbank.org/v2/country/POL;WLD;USA;CHN;DEU;IND;KOR;JPN;GBR;FRA;BRA;EST/indicator/SP.DYN.LE00.IN?format=json&per_page=1000,2026-09-28T17:23:21.218Z,{}
SP.DYN.LE00.IN,SP.DYN.LE00.IN--wld,Świat,WLD,"Life expectancy at birth, total (years)",2018-12-31,2018,year,2018-01-01,72.6442408544831,lata,annual,observed,https://api.worldbank.org/v2/country/POL;WLD;USA;CHN;DEU;IND;KOR;JPN;GBR;FRA;BRA;EST/indicator/SP.DYN.LE00.IN?format=json&per_page=1000,2026-09-28T17:23:21.218Z,{}
SP.DYN.LE00.IN,SP.DYN.LE00.IN--bra,Brazylia,BRA,"Life expectancy at birth, total (years)",2019-12-31,2019,year,2019-01-01,75.809,lata,annual,observed,https://api.worldbank.org/v2/country/POL;WLD;USA;CHN;DEU;IND;KOR;JPN;GBR;FRA;BRA;EST/indicator/SP.DYN.LE00.IN?format=json&per_page=1000,2026-09-28T17:23:21.218Z,{}
SP.DYN.LE00.IN,SP.DYN.LE00.IN--chn,Chiny,CHN,"Life expectancy at birth, total (years)",2019-12-31,2019,year,2019-01-01,77.94,lata,annual,observed,https://api.worldbank.org/v2/country/POL;WLD;USA;CHN;DEU;IND;KOR;JPN;GBR;FRA;BRA;EST/indicator/SP.DYN.LE00.IN?format=json&per_page=1000,2026-09-28T17:23:21.218Z,{}
SP.DYN.LE00.IN,SP.DYN.LE00.IN--deu,Niemcy,DEU,"Life expectancy at birth, total (years)",2019-12-31,2019,year,2019-01-01,81.2926829268293,lata,annual,observed,https://api.worldbank.org/v2/country/POL;WLD;USA;CHN;DEU;IND;KOR;JPN;GBR;FRA;BRA;EST/indicator/SP.DYN.LE00.IN?format=json&per_page=1000,2026-09-28T17:23:21.218Z,{}
SP.DYN.LE00.IN,SP.DYN.LE00.IN--est,Estonia,EST,"Life expectancy at birth, total (years)",2019-12-31,2019,year,2019-01-01,78.6463414634147,lata,annual,observed,https://api.worldbank.org/v2/country/POL;WLD;USA;CHN;DEU;IND;KOR;JPN;GBR;FRA;BRA;EST/indicator/SP.DYN.LE00.IN?format=json&per_page=1000,2026-09-28T17:23:21.218Z,{}
SP.DYN.LE00.IN,SP.DYN.LE00.IN--fra,Francja,FRA,"Life expectancy at birth, total (years)",2019-12-31,2019,year,2019-01-01,82.8268292682927,lata,annual,observed,https://api.worldbank.org/v2/country/POL;WLD;USA;CHN;DEU;IND;KOR;JPN;GBR;FRA;BRA;EST/indicator/SP.DYN.LE00.IN?format=json&per_page=1000,2026-09-28T17:23:21.218Z,{}
SP.DYN.LE00.IN,SP.DYN.LE00.IN--gbr,Wielka Brytania,GBR,"Life expectancy at birth, total (years)",2019-12-31,2019,year,2019-01-01,81.3691219512195,lata,annual,observed,https://api.worldbank.org/v2/country/POL;WLD;USA;CHN;DEU;IND;KOR;JPN;GBR;FRA;BRA;EST/indicator/SP.DYN.LE00.IN?format=json&per_page=1000,2026-09-28T17:23:21.218Z,{}
SP.DYN.LE00.IN,SP.DYN.LE00.IN--ind,Indie,IND,"Life expectancy at birth, total (years)",2019-12-31,2019,year,2019-01-01,70.746,lata,annual,observed,https://api.worldbank.org/v2/country/POL;WLD;USA;CHN;DEU;IND;KOR;JPN;GBR;FRA;BRA;EST/indicator/SP.DYN.LE00.IN?format=json&per_page=1000,2026-09-28T17:23:21.218Z,{}
SP.DYN.LE00.IN,SP.DYN.LE00.IN--jpn,Japonia,JPN,"Life expectancy at birth, total (years)",2019-12-31,2019,year,2019-01-01,84.3563414634146,lata,annual,observed,https://api.worldbank.org/v2/country/POL;WLD;USA;CHN;DEU;IND;KOR;JPN;GBR;FRA;BRA;EST/indicator/SP.DYN.LE00.IN?format=json&per_page=1000,2026-09-28T17:23:21.218Z,{}
SP.DYN.LE00.IN,SP.DYN.LE00.IN--kor,Korea Płd.,KOR,"Life expectancy at birth, total (years)",2019-12-31,2019,year,2019-01-01,83.2268292682927,lata,annual,observed,https://api.worldbank.org/v2/country/POL;WLD;USA;CHN;DEU;IND;KOR;JPN;GBR;FRA;BRA;EST/indicator/SP.DYN.LE00.IN?format=json&per_page=1000,2026-09-28T17:23:21.218Z,{}
SP.DYN.LE00.IN,SP.DYN.LE00.IN--pol,Polska,POL,"Life expectancy at birth, total (years)",2019-12-31,2019,year,2019-01-01,77.9048780487805,lata,annual,observed,https://api.worldbank.org/v2/country/POL;WLD;USA;CHN;DEU;IND;KOR;JPN;GBR;FRA;BRA;EST/indicator/SP.DYN.LE00.IN?format=json&per_page=1000,2026-09-28T17:23:21.218Z,{}
SP.DYN.LE00.IN,SP.DYN.LE00.IN--usa,USA,USA,"Life expectancy at birth, total (years)",2019-12-31,2019,year,2019-01-01,78.7878048780488,lata,annual,observed,https://api.worldbank.org/v2/country/POL;WLD;USA;CHN;DEU;IND;KOR;JPN;GBR;FRA;BRA;EST/indicator/SP.DYN.LE00.IN?format=json&per_page=1000,2026-09-28T17:23:21.218Z,{}
SP.DYN.LE00.IN,SP.DYN.LE00.IN--wld,Świat,WLD,"Life expectancy at birth, total (years)",2019-12-31,2019,year,2019-01-01,72.869911203356,lata,annual,observed,https://api.worldbank.org/v2/country/POL;WLD;USA;CHN;DEU;IND;KOR;JPN;GBR;FRA;BRA;EST/indicator/SP.DYN.LE00.IN?format=json&per_page=1000,2026-09-28T17:23:21.218Z,{}
SP.DYN.LE00.IN,SP.DYN.LE00.IN--bra,Brazylia,BRA,"Life expectancy at birth, total (years)",2020-12-31,2020,year,2020-01-01,74.506,lata,annual,observed,https://api.worldbank.org/v2/country/POL;WLD;USA;CHN;DEU;IND;KOR;JPN;GBR;FRA;BRA;EST/indicator/SP.DYN.LE00.IN?format=json&per_page=1000,2026-09-28T17:23:21.218Z,{}
SP.DYN.LE00.IN,SP.DYN.LE00.IN--chn,Chiny,CHN,"Life expectancy at birth, total (years)",2020-12-31,2020,year,2020-01-01,78.019,lata,annual,observed,https://api.worldbank.org/v2/country/POL;WLD;USA;CHN;DEU;IND;KOR;JPN;GBR;FRA;BRA;EST/indicator/SP.DYN.LE00.IN?format=json&per_page=1000,2026-09-28T17:23:21.218Z,{}
SP.DYN.LE00.IN,SP.DYN.LE00.IN--deu,Niemcy,DEU,"Life expectancy at birth, total (years)",2020-12-31,2020,year,2020-01-01,81.0414634146342,lata,annual,observed,https://api.worldbank.org/v2/country/POL;WLD;USA;CHN;DEU;IND;KOR;JPN;GBR;FRA;BRA;EST/indicator/SP.DYN.LE00.IN?format=json&per_page=1000,2026-09-28T17:23:21.218Z,{}
SP.DYN.LE00.IN,SP.DYN.LE00.IN--est,Estonia,EST,"Life expectancy at birth, total (years)",2020-12-31,2020,year,2020-01-01,78.5951219512195,lata,annual,observed,https://api.worldbank.org/v2/country/POL;WLD;USA;CHN;DEU;IND;KOR;JPN;GBR;FRA;BRA;EST/indicator/SP.DYN.LE00.IN?format=json&per_page=1000,2026-09-28T17:23:21.218Z,{}
SP.DYN.LE00.IN,SP.DYN.LE00.IN--fra,Francja,FRA,"Life expectancy at birth, total (years)",2020-12-31,2020,year,2020-01-01,82.1756097560976,lata,annual,observed,https://api.worldbank.org/v2/country/POL;WLD;USA;CHN;DEU;IND;KOR;JPN;GBR;FRA;BRA;EST/indicator/SP.DYN.LE00.IN?format=json&per_page=1000,2026-09-28T17:23:21.218Z,{}
SP.DYN.LE00.IN,SP.DYN.LE00.IN--gbr,Wielka Brytania,GBR,"Life expectancy at birth, total (years)",2020-12-31,2020,year,2020-01-01,80.331756097561,lata,annual,observed,https://api.worldbank.org/v2/country/POL;WLD;USA;CHN;DEU;IND;KOR;JPN;GBR;FRA;BRA;EST/indicator/SP.DYN.LE00.IN?format=json&per_page=1000,2026-09-28T17:23:21.218Z,{}
SP.DYN.LE00.IN,SP.DYN.LE00.IN--ind,Indie,IND,"Life expectancy at birth, total (years)",2020-12-31,2020,year,2020-01-01,70.156,lata,annual,observed,https://api.worldbank.org/v2/country/POL;WLD;USA;CHN;DEU;IND;KOR;JPN;GBR;FRA;BRA;EST/indicator/SP.DYN.LE00.IN?format=json&per_page=1000,2026-09-28T17:23:21.218Z,{}
SP.DYN.LE00.IN,SP.DYN.LE00.IN--jpn,Japonia,JPN,"Life expectancy at birth, total (years)",2020-12-31,2020,year,2020-01-01,84.56,lata,annual,observed,https://api.worldbank.org/v2/country/POL;WLD;USA;CHN;DEU;IND;KOR;JPN;GBR;FRA;BRA;EST/indicator/SP.DYN.LE00.IN?format=json&per_page=1000,2026-09-28T17:23:21.218Z,{}
SP.DYN.LE00.IN,SP.DYN.LE00.IN--kor,Korea Płd.,KOR,"Life expectancy at birth, total (years)",2020-12-31,2020,year,2020-01-01,83.4268292682927,lata,annual,observed,https://api.worldbank.org/v2/country/POL;WLD;USA;CHN;DEU;IND;KOR;JPN;GBR;FRA;BRA;EST/indicator/SP.DYN.LE00.IN?format=json&per_page=1000,2026-09-28T17:23:21.218Z,{}
SP.DYN.LE00.IN,SP.DYN.LE00.IN--pol,Polska,POL,"Life expectancy at birth, total (years)",2020-12-31,2020,year,2020-01-01,76.4,lata,annual,observed,https://api.worldbank.org/v2/country/POL;WLD;USA;CHN;DEU;IND;KOR;JPN;GBR;FRA;BRA;EST/indicator/SP.DYN.LE00.IN?format=json&per_page=1000,2026-09-28T17:23:21.218Z,{}
SP.DYN.LE00.IN,SP.DYN.LE00.IN--usa,USA,USA,"Life expectancy at birth, total (years)",2020-12-31,2020,year,2020-01-01,76.9804878048781,lata,annual,observed,https://api.worldbank.org/v2/country/POL;WLD;USA;CHN;DEU;IND;KOR;JPN;GBR;FRA;BRA;EST/indicator/SP.DYN.LE00.IN?format=json&per_page=1000,2026-09-28T17:23:21.218Z,{}
SP.DYN.LE00.IN,SP.DYN.LE00.IN--wld,Świat,WLD,"Life expectancy at birth, total (years)",2020-12-31,2020,year,2020-01-01,72.1832040176208,lata,annual,observed,https://api.worldbank.org/v2/country/POL;WLD;USA;CHN;DEU;IND;KOR;JPN;GBR;FRA;BRA;EST/indicator/SP.DYN.LE00.IN?format=json&per_page=1000,2026-09-28T17:23:21.218Z,{}
SP.DYN.LE00.IN,SP.DYN.LE00.IN--bra,Brazylia,BRA,"Life expectancy at birth, total (years)",2021-12-31,2021,year,2021-01-01,73.038,lata,annual,observed,https://api.worldbank.org/v2/country/POL;WLD;USA;CHN;DEU;IND;KOR;JPN;GBR;FRA;BRA;EST/indicator/SP.DYN.LE00.IN?format=json&per_page=1000,2026-09-28T17:23:21.218Z,{}
SP.DYN.LE00.IN,SP.DYN.LE00.IN--chn,Chiny,CHN,"Life expectancy at birth, total (years)",2021-12-31,2021,year,2021-01-01,78.117,lata,annual,observed,https://api.worldbank.org/v2/country/POL;WLD;USA;CHN;DEU;IND;KOR;JPN;GBR;FRA;BRA;EST/indicator/SP.DYN.LE00.IN?format=json&per_page=1000,2026-09-28T17:23:21.218Z,{}
SP.DYN.LE00.IN,SP.DYN.LE00.IN--deu,Niemcy,DEU,"Life expectancy at birth, total (years)",2021-12-31,2021,year,2021-01-01,80.790243902439,lata,annual,observed,https://api.worldbank.org/v2/country/POL;WLD;USA;CHN;DEU;IND;KOR;JPN;GBR;FRA;BRA;EST/indicator/SP.DYN.LE00.IN?format=json&per_page=1000,2026-09-28T17:23:21.218Z,{}
SP.DYN.LE00.IN,SP.DYN.LE00.IN--est,Estonia,EST,"Life expectancy at birth, total (years)",2021-12-31,2021,year,2021-01-01,76.9439024390244,lata,annual,observed,https://api.worldbank.org/v2/country/POL;WLD;USA;CHN;DEU;IND;KOR;JPN;GBR;FRA;BRA;EST/indicator/SP.DYN.LE00.IN?format=json&per_page=1000,2026-09-28T17:23:21.218Z,{}
SP.DYN.LE00.IN,SP.DYN.LE00.IN--fra,Francja,FRA,"Life expectancy at birth, total (years)",2021-12-31,2021,year,2021-01-01,82.3243902439024,lata,annual,observed,https://api.worldbank.org/v2/country/POL;WLD;USA;CHN;DEU;IND;KOR;JPN;GBR;FRA;BRA;EST/indicator/SP.DYN.LE00.IN?format=json&per_page=1000,2026-09-28T17:23:21.218Z,{}
SP.DYN.LE00.IN,SP.DYN.LE00.IN--gbr,Wielka Brytania,GBR,"Life expectancy at birth, total (years)",2021-12-31,2021,year,2021-01-01,80.6473170731707,lata,annual,observed,https://api.worldbank.org/v2/country/POL;WLD;USA;CHN;DEU;IND;KOR;JPN;GBR;FRA;BRA;EST/indicator/SP.DYN.LE00.IN?format=json&per_page=1000,2026-09-28T17:23:21.218Z,{}
SP.DYN.LE00.IN,SP.DYN.LE00.IN--ind,Indie,IND,"Life expectancy at birth, total (years)",2021-12-31,2021,year,2021-01-01,67.282,lata,annual,observed,https://api.worldbank.org/v2/country/POL;WLD;USA;CHN;DEU;IND;KOR;JPN;GBR;FRA;BRA;EST/indicator/SP.DYN.LE00.IN?format=json&per_page=1000,2026-09-28T17:23:21.218Z,{}
SP.DYN.LE00.IN,SP.DYN.LE00.IN--jpn,Japonia,JPN,"Life expectancy at birth, total (years)",2021-12-31,2021,year,2021-01-01,84.4456097560976,lata,annual,observed,https://api.worldbank.org/v2/country/POL;WLD;USA;CHN;DEU;IND;KOR;JPN;GBR;FRA;BRA;EST/indicator/SP.DYN.LE00.IN?format=json&per_page=1000,2026-09-28T17:23:21.218Z,{}
SP.DYN.LE00.IN,SP.DYN.LE00.IN--kor,Korea Płd.,KOR,"Life expectancy at birth, total (years)",2021-12-31,2021,year,2021-01-01,83.5268292682927,lata,annual,observed,https://api.worldbank.org/v2/country/POL;WLD;USA;CHN;DEU;IND;KOR;JPN;GBR;FRA;BRA;EST/indicator/SP.DYN.LE00.IN?format=json&per_page=1000,2026-09-28T17:23:21.218Z,{}
SP.DYN.LE00.IN,SP.DYN.LE00.IN--pol,Polska,POL,"Life expectancy at birth, total (years)",2021-12-31,2021,year,2021-01-01,75.3512195121951,lata,annual,observed,https://api.worldbank.org/v2/country/POL;WLD;USA;CHN;DEU;IND;KOR;JPN;GBR;FRA;BRA;EST/indicator/SP.DYN.LE00.IN?format=json&per_page=1000,2026-09-28T17:23:21.218Z,{}
SP.DYN.LE00.IN,SP.DYN.LE00.IN--usa,USA,USA,"Life expectancy at birth, total (years)",2021-12-31,2021,year,2021-01-01,76.3292682926829,lata,annual,observed,https://api.worldbank.org/v2/country/POL;WLD;USA;CHN;DEU;IND;KOR;JPN;GBR;FRA;BRA;EST/indicator/SP.DYN.LE00.IN?format=json&per_page=1000,2026-09-28T17:23:21.218Z,{}
SP.DYN.LE00.IN,SP.DYN.LE00.IN--wld,Świat,WLD,"Life expectancy at birth, total (years)",2021-12-31,2021,year,2021-01-01,71.2160780260296,lata,annual,observed,https://api.worldbank.org/v2/country/POL;WLD;USA;CHN;DEU;IND;KOR;JPN;GBR;FRA;BRA;EST/indicator/SP.DYN.LE00.IN?format=json&per_page=1000,2026-09-28T17:23:21.218Z,{}
SP.DYN.LE00.IN,SP.DYN.LE00.IN--bra,Brazylia,BRA,"Life expectancy at birth, total (years)",2022-12-31,2022,year,2022-01-01,74.872,lata,annual,observed,https://api.worldbank.org/v2/country/POL;WLD;USA;CHN;DEU;IND;KOR;JPN;GBR;FRA;BRA;EST/indicator/SP.DYN.LE00.IN?format=json&per_page=1000,2026-09-28T17:23:21.218Z,{}
SP.DYN.LE00.IN,SP.DYN.LE00.IN--chn,Chiny,CHN,"Life expectancy at birth, total (years)",2022-12-31,2022,year,2022-01-01,78.202,lata,annual,observed,https://api.worldbank.org/v2/country/POL;WLD;USA;CHN;DEU;IND;KOR;JPN;GBR;FRA;BRA;EST/indicator/SP.DYN.LE00.IN?format=json&per_page=1000,2026-09-28T17:23:21.218Z,{}
SP.DYN.LE00.IN,SP.DYN.LE00.IN--deu,Niemcy,DEU,"Life expectancy at birth, total (years)",2022-12-31,2022,year,2022-01-01,80.6080487804878,lata,annual,observed,https://api.worldbank.org/v2/country/POL;WLD;USA;CHN;DEU;IND;KOR;JPN;GBR;FRA;BRA;EST/indicator/SP.DYN.LE00.IN?format=json&per_page=1000,2026-09-28T17:23:21.218Z,{}
SP.DYN.LE00.IN,SP.DYN.LE00.IN--est,Estonia,EST,"Life expectancy at birth, total (years)",2022-12-31,2022,year,2022-01-01,77.8439024390244,lata,annual,observed,https://api.worldbank.org/v2/country/POL;WLD;USA;CHN;DEU;IND;KOR;JPN;GBR;FRA;BRA;EST/indicator/SP.DYN.LE00.IN?format=json&per_page=1000,2026-09-28T17:23:21.218Z,{}
SP.DYN.LE00.IN,SP.DYN.LE00.IN--fra,Francja,FRA,"Life expectancy at birth, total (years)",2022-12-31,2022,year,2022-01-01,82.1292682926829,lata,annual,observed,https://api.worldbank.org/v2/country/POL;WLD;USA;CHN;DEU;IND;KOR;JPN;GBR;FRA;BRA;EST/indicator/SP.DYN.LE00.IN?format=json&per_page=1000,2026-09-28T17:23:21.218Z,{}
SP.DYN.LE00.IN,SP.DYN.LE00.IN--gbr,Wielka Brytania,GBR,"Life expectancy at birth, total (years)",2022-12-31,2022,year,2022-01-01,81.0112195121951,lata,annual,observed,https://api.worldbank.org/v2/country/POL;WLD;USA;CHN;DEU;IND;KOR;JPN;GBR;FRA;BRA;EST/indicator/SP.DYN.LE00.IN?format=json&per_page=1000,2026-09-28T17:23:21.218Z,{}
SP.DYN.LE00.IN,SP.DYN.LE00.IN--ind,Indie,IND,"Life expectancy at birth, total (years)",2022-12-31,2022,year,2022-01-01,71.698,lata,annual,observed,https://api.worldbank.org/v2/country/POL;WLD;USA;CHN;DEU;IND;KOR;JPN;GBR;FRA;BRA;EST/indicator/SP.DYN.LE00.IN?format=json&per_page=1000,2026-09-28T17:23:21.218Z,{}
SP.DYN.LE00.IN,SP.DYN.LE00.IN--jpn,Japonia,JPN,"Life expectancy at birth, total (years)",2022-12-31,2022,year,2022-01-01,83.9963414634146,lata,annual,observed,https://api.worldbank.org/v2/country/POL;WLD;USA;CHN;DEU;IND;KOR;JPN;GBR;FRA;BRA;EST/indicator/SP.DYN.LE00.IN?format=json&per_page=1000,2026-09-28T17:23:21.218Z,{}
SP.DYN.LE00.IN,SP.DYN.LE00.IN--kor,Korea Płd.,KOR,"Life expectancy at birth, total (years)",2022-12-31,2022,year,2022-01-01,82.6804878048781,lata,annual,observed,https://api.worldbank.org/v2/country/POL;WLD;USA;CHN;DEU;IND;KOR;JPN;GBR;FRA;BRA;EST/indicator/SP.DYN.LE00.IN?format=json&per_page=1000,2026-09-28T17:23:21.218Z,{}
SP.DYN.LE00.IN,SP.DYN.LE00.IN--pol,Polska,POL,"Life expectancy at birth, total (years)",2022-12-31,2022,year,2022-01-01,77.1560975609756,lata,annual,observed,https://api.worldbank.org/v2/country/POL;WLD;USA;CHN;DEU;IND;KOR;JPN;GBR;FRA;BRA;EST/indicator/SP.DYN.LE00.IN?format=json&per_page=1000,2026-09-28T17:23:21.218Z,{}
SP.DYN.LE00.IN,SP.DYN.LE00.IN--usa,USA,USA,"Life expectancy at birth, total (years)",2022-12-31,2022,year,2022-01-01,77.4341463414634,lata,annual,observed,https://api.worldbank.org/v2/country/POL;WLD;USA;CHN;DEU;IND;KOR;JPN;GBR;FRA;BRA;EST/indicator/SP.DYN.LE00.IN?format=json&per_page=1000,2026-09-28T17:23:21.218Z,{}
SP.DYN.LE00.IN,SP.DYN.LE00.IN--wld,Świat,WLD,"Life expectancy at birth, total (years)",2022-12-31,2022,year,2022-01-01,72.9689585478052,lata,annual,observed,https://api.worldbank.org/v2/country/POL;WLD;USA;CHN;DEU;IND;KOR;JPN;GBR;FRA;BRA;EST/indicator/SP.DYN.LE00.IN?format=json&per_page=1000,2026-09-28T17:23:21.218Z,{}
SP.DYN.LE00.IN,SP.DYN.LE00.IN--bra,Brazylia,BRA,"Life expectancy at birth, total (years)",2023-12-31,2023,year,2023-01-01,75.848,lata,annual,observed,https://api.worldbank.org/v2/country/POL;WLD;USA;CHN;DEU;IND;KOR;JPN;GBR;FRA;BRA;EST/indicator/SP.DYN.LE00.IN?format=json&per_page=1000,2026-09-28T17:23:21.218Z,{}
SP.DYN.LE00.IN,SP.DYN.LE00.IN--chn,Chiny,CHN,"Life expectancy at birth, total (years)",2023-12-31,2023,year,2023-01-01,77.953,lata,annual,observed,https://api.worldbank.org/v2/country/POL;WLD;USA;CHN;DEU;IND;KOR;JPN;GBR;FRA;BRA;EST/indicator/SP.DYN.LE00.IN?format=json&per_page=1000,2026-09-28T17:23:21.218Z,{}
SP.DYN.LE00.IN,SP.DYN.LE00.IN--deu,Niemcy,DEU,"Life expectancy at birth, total (years)",2023-12-31,2023,year,2023-01-01,81.0414634146342,lata,annual,observed,https://api.worldbank.org/v2/country/POL;WLD;USA;CHN;DEU;IND;KOR;JPN;GBR;FRA;BRA;EST/indicator/SP.DYN.LE00.IN?format=json&per_page=1000,2026-09-28T17:23:21.218Z,{}
SP.DYN.LE00.IN,SP.DYN.LE00.IN--est,Estonia,EST,"Life expectancy at birth, total (years)",2023-12-31,2023,year,2023-01-01,78.7926829268293,lata,annual,observed,https://api.worldbank.org/v2/country/POL;WLD;USA;CHN;DEU;IND;KOR;JPN;GBR;FRA;BRA;EST/indicator/SP.DYN.LE00.IN?format=json&per_page=1000,2026-09-28T17:23:21.218Z,{}
SP.DYN.LE00.IN,SP.DYN.LE00.IN--fra,Francja,FRA,"Life expectancy at birth, total (years)",2023-12-31,2023,year,2023-01-01,82.8317073170732,lata,annual,observed,https://api.worldbank.org/v2/country/POL;WLD;USA;CHN;DEU;IND;KOR;JPN;GBR;FRA;BRA;EST/indicator/SP.DYN.LE00.IN?format=json&per_page=1000,2026-09-28T17:23:21.218Z,{}
SP.DYN.LE00.IN,SP.DYN.LE00.IN--gbr,Wielka Brytania,GBR,"Life expectancy at birth, total (years)",2023-12-31,2023,year,2023-01-01,81.2380975609756,lata,annual,observed,https://api.worldbank.org/v2/country/POL;WLD;USA;CHN;DEU;IND;KOR;JPN;GBR;FRA;BRA;EST/indicator/SP.DYN.LE00.IN?format=json&per_page=1000,2026-09-28T17:23:21.218Z,{}
SP.DYN.LE00.IN,SP.DYN.LE00.IN--ind,Indie,IND,"Life expectancy at birth, total (years)",2023-12-31,2023,year,2023-01-01,72.003,lata,annual,observed,https://api.worldbank.org/v2/country/POL;WLD;USA;CHN;DEU;IND;KOR;JPN;GBR;FRA;BRA;EST/indicator/SP.DYN.LE00.IN?format=json&per_page=1000,2026-09-28T17:23:21.218Z,{}
SP.DYN.LE00.IN,SP.DYN.LE00.IN--jpn,Japonia,JPN,"Life expectancy at birth, total (years)",2023-12-31,2023,year,2023-01-01,84.0412195121951,lata,annual,observed,https://api.worldbank.org/v2/country/POL;WLD;USA;CHN;DEU;IND;KOR;JPN;GBR;FRA;BRA;EST/indicator/SP.DYN.LE00.IN?format=json&per_page=1000,2026-09-28T17:23:21.218Z,{}
SP.DYN.LE00.IN,SP.DYN.LE00.IN--kor,Korea Płd.,KOR,"Life expectancy at birth, total (years)",2023-12-31,2023,year,2023-01-01,83.4292682926829,lata,annual,observed,https://api.worldbank.org/v2/country/POL;WLD;USA;CHN;DEU;IND;KOR;JPN;GBR;FRA;BRA;EST/indicator/SP.DYN.LE00.IN?format=json&per_page=1000,2026-09-28T17:23:21.218Z,{}
SP.DYN.LE00.IN,SP.DYN.LE00.IN--pol,Polska,POL,"Life expectancy at birth, total (years)",2023-12-31,2023,year,2023-01-01,78.2585365853659,lata,annual,observed,https://api.worldbank.org/v2/country/POL;WLD;USA;CHN;DEU;IND;KOR;JPN;GBR;FRA;BRA;EST/indicator/SP.DYN.LE00.IN?format=json&per_page=1000,2026-09-28T17:23:21.218Z,{}
SP.DYN.LE00.IN,SP.DYN.LE00.IN--usa,USA,USA,"Life expectancy at birth, total (years)",2023-12-31,2023,year,2023-01-01,78.3853658536585,lata,annual,observed,https://api.worldbank.org/v2/country/POL;WLD;USA;CHN;DEU;IND;KOR;JPN;GBR;FRA;BRA;EST/indicator/SP.DYN.LE00.IN?format=json&per_page=1000,2026-09-28T17:23:21.218Z,{}
SP.DYN.LE00.IN,SP.DYN.LE00.IN--wld,Świat,WLD,"Life expectancy at birth, total (years)",2023-12-31,2023,year,2023-01-01,73.3302230276374,lata,annual,observed,https://api.worldbank.org/v2/country/POL;WLD;USA;CHN;DEU;IND;KOR;JPN;GBR;FRA;BRA;EST/indicator/SP.DYN.LE00.IN?format=json&per_page=1000,2026-09-28T17:23:21.218Z,{}
SP.DYN.LE00.IN,SP.DYN.LE00.IN--bra,Brazylia,BRA,"Life expectancy at birth, total (years)",2024-12-31,2024,year,2024-01-01,76.023,lata,annual,observed,https://api.worldbank.org/v2/country/POL;WLD;USA;CHN;DEU;IND;KOR;JPN;GBR;FRA;BRA;EST/indicator/SP.DYN.LE00.IN?format=json&per_page=1000,2026-09-28T17:23:21.218Z,{}
SP.DYN.LE00.IN,SP.DYN.LE00.IN--chn,Chiny,CHN,"Life expectancy at birth, total (years)",2024-12-31,2024,year,2024-01-01,78.017,lata,annual,observed,https://api.worldbank.org/v2/country/POL;WLD;USA;CHN;DEU;IND;KOR;JPN;GBR;FRA;BRA;EST/indicator/SP.DYN.LE00.IN?format=json&per_page=1000,2026-09-28T17:23:21.218Z,{}
SP.DYN.LE00.IN,SP.DYN.LE00.IN--deu,Niemcy,DEU,"Life expectancy at birth, total (years)",2024-12-31,2024,year,2024-01-01,80.7926829268293,lata,annual,observed,https://api.worldbank.org/v2/country/POL;WLD;USA;CHN;DEU;IND;KOR;JPN;GBR;FRA;BRA;EST/indicator/SP.DYN.LE00.IN?format=json&per_page=1000,2026-09-28T17:23:21.218Z,{}
SP.DYN.LE00.IN,SP.DYN.LE00.IN--est,Estonia,EST,"Life expectancy at birth, total (years)",2024-12-31,2024,year,2024-01-01,79.2951219512195,lata,annual,observed,https://api.worldbank.org/v2/country/POL;WLD;USA;CHN;DEU;IND;KOR;JPN;GBR;FRA;BRA;EST/indicator/SP.DYN.LE00.IN?format=json&per_page=1000,2026-09-28T17:23:21.218Z,{}
SP.DYN.LE00.IN,SP.DYN.LE00.IN--fra,Francja,FRA,"Life expectancy at birth, total (years)",2024-12-31,2024,year,2024-01-01,82.9804878048781,lata,annual,observed,https://api.worldbank.org/v2/country/POL;WLD;USA;CHN;DEU;IND;KOR;JPN;GBR;FRA;BRA;EST/indicator/SP.DYN.LE00.IN?format=json&per_page=1000,2026-09-28T17:23:21.218Z,{}
SP.DYN.LE00.IN,SP.DYN.LE00.IN--gbr,Wielka Brytania,GBR,"Life expectancy at birth, total (years)",2024-12-31,2024,year,2024-01-01,81.3868536585366,lata,annual,observed,https://api.worldbank.org/v2/country/POL;WLD;USA;CHN;DEU;IND;KOR;JPN;GBR;FRA;BRA;EST/indicator/SP.DYN.LE00.IN?format=json&per_page=1000,2026-09-28T17:23:21.218Z,{}
SP.DYN.LE00.IN,SP.DYN.LE00.IN--ind,Indie,IND,"Life expectancy at birth, total (years)",2024-12-31,2024,year,2024-01-01,72.235,lata,annual,observed,https://api.worldbank.org/v2/country/POL;WLD;USA;CHN;DEU;IND;KOR;JPN;GBR;FRA;BRA;EST/indicator/SP.DYN.LE00.IN?format=json&per_page=1000,2026-09-28T17:23:21.218Z,{}
SP.DYN.LE00.IN,SP.DYN.LE00.IN--jpn,Japonia,JPN,"Life expectancy at birth, total (years)",2024-12-31,2024,year,2024-01-01,84.0363414634146,lata,annual,observed,https://api.worldbank.org/v2/country/POL;WLD;USA;CHN;DEU;IND;KOR;JPN;GBR;FRA;BRA;EST/indicator/SP.DYN.LE00.IN?format=json&per_page=1000,2026-09-28T17:23:21.218Z,{}
SP.DYN.LE00.IN,SP.DYN.LE00.IN--kor,Korea Płd.,KOR,"Life expectancy at birth, total (years)",2024-12-31,2024,year,2024-01-01,83.6292682926829,lata,annual,observed,https://api.worldbank.org/v2/country/POL;WLD;USA;CHN;DEU;IND;KOR;JPN;GBR;FRA;BRA;EST/indicator/SP.DYN.LE00.IN?format=json&per_page=1000,2026-09-28T17:23:21.218Z,{}
SP.DYN.LE00.IN,SP.DYN.LE00.IN--pol,Polska,POL,"Life expectancy at birth, total (years)",2024-12-31,2024,year,2024-01-01,78.409756097561,lata,annual,observed,https://api.worldbank.org/v2/country/POL;WLD;USA;CHN;DEU;IND;KOR;JPN;GBR;FRA;BRA;EST/indicator/SP.DYN.LE00.IN?format=json&per_page=1000,2026-09-28T17:23:21.218Z,{}
SP.DYN.LE00.IN,SP.DYN.LE00.IN--usa,USA,USA,"Life expectancy at birth, total (years)",2024-12-31,2024,year,2024-01-01,78.890243902439,lata,annual,observed,https://api.worldbank.org/v2/country/POL;WLD;USA;CHN;DEU;IND;KOR;JPN;GBR;FRA;BRA;EST/indicator/SP.DYN.LE00.IN?format=json&per_page=1000,2026-09-28T17:23:21.218Z,{}
SP.DYN.LE00.IN,SP.DYN.LE00.IN--wld,Świat,WLD,"Life expectancy at birth, total (years)",2024-12-31,2024,year,2024-01-01,73.4818184164654,lata,annual,observed,https://api.worldbank.org/v2/country/POL;WLD;USA;CHN;DEU;IND;KOR;JPN;GBR;FRA;BRA;EST/indicator/SP.DYN.LE00.IN?format=json&per_page=1000,2026-09-28T17:23:21.218Z,{}
SP.DYN.LE00.IN,SP.DYN.LE00.IN--bra,Brazylia,BRA,"Life expectancy at birth, total (years)",2025-12-31,2025,year,2025-01-01,,lata,annual,observed,https://api.worldbank.org/v2/country/POL;WLD;USA;CHN;DEU;IND;KOR;JPN;GBR;FRA;BRA;EST/indicator/SP.DYN.LE00.IN?format=json&per_page=1000,2026-09-28T17:23:21.218Z,{}
SP.DYN.LE00.IN,SP.DYN.LE00.IN--chn,Chiny,CHN,"Life expectancy at birth, total (years)",2025-12-31,2025,year,2025-01-01,,lata,annual,observed,https://api.worldbank.org/v2/country/POL;WLD;USA;CHN;DEU;IND;KOR;JPN;GBR;FRA;BRA;EST/indicator/SP.DYN.LE00.IN?format=json&per_page=1000,2026-09-28T17:23:21.218Z,{}
SP.DYN.LE00.IN,SP.DYN.LE00.IN--deu,Niemcy,DEU,"Life expectancy at birth, total (years)",2025-12-31,2025,year,2025-01-01,,lata,annual,observed,https://api.worldbank.org/v2/country/POL;WLD;USA;CHN;DEU;IND;KOR;JPN;GBR;FRA;BRA;EST/indicator/SP.DYN.LE00.IN?format=json&per_page=1000,2026-09-28T17:23:21.218Z,{}
SP.DYN.LE00.IN,SP.DYN.LE00.IN--est,Estonia,EST,"Life expectancy at birth, total (years)",2025-12-31,2025,year,2025-01-01,,lata,annual,observed,https://api.worldbank.org/v2/country/POL;WLD;USA;CHN;DEU;IND;KOR;JPN;GBR;FRA;BRA;EST/indicator/SP.DYN.LE00.IN?format=json&per_page=1000,2026-09-28T17:23:21.218Z,{}
SP.DYN.LE00.IN,SP.DYN.LE00.IN--fra,Francja,FRA,"Life expectancy at birth, total (years)",2025-12-31,2025,year,2025-01-01,,lata,annual,observed,https://api.worldbank.org/v2/country/POL;WLD;USA;CHN;DEU;IND;KOR;JPN;GBR;FRA;BRA;EST/indicator/SP.DYN.LE00.IN?format=json&per_page=1000,2026-09-28T17:23:21.218Z,{}
SP.DYN.LE00.IN,SP.DYN.LE00.IN--gbr,Wielka Brytania,GBR,"Life expectancy at birth, total (years)",2025-12-31,2025,year,2025-01-01,,lata,annual,observed,https://api.worldbank.org/v2/country/POL;WLD;USA;CHN;DEU;IND;KOR;JPN;GBR;FRA;BRA;EST/indicator/SP.DYN.LE00.IN?format=json&per_page=1000,2026-09-28T17:23:21.218Z,{}
SP.DYN.LE00.IN,SP.DYN.LE00.IN--ind,Indie,IND,"Life expectancy at birth, total (years)",2025-12-31,2025,year,2025-01-01,,lata,annual,observed,https://api.worldbank.org/v2/country/POL;WLD;USA;CHN;DEU;IND;KOR;JPN;GBR;FRA;BRA;EST/indicator/SP.DYN.LE00.IN?format=json&per_page=1000,2026-09-28T17:23:21.218Z,{}
SP.DYN.LE00.IN,SP.DYN.LE00.IN--jpn,Japonia,JPN,"Life expectancy at birth, total (years)",2025-12-31,2025,year,2025-01-01,,lata,annual,observed,https://api.worldbank.org/v2/country/POL;WLD;USA;CHN;DEU;IND;KOR;JPN;GBR;FRA;BRA;EST/indicator/SP.DYN.LE00.IN?format=json&per_page=1000,2026-09-28T17:23:21.218Z,{}
SP.DYN.LE00.IN,SP.DYN.LE00.IN--kor,Korea Płd.,KOR,"Life expectancy at birth, total (years)",2025-12-31,2025,year,2025-01-01,,lata,annual,observed,https://api.worldbank.org/v2/country/POL;WLD;USA;CHN;DEU;IND;KOR;JPN;GBR;FRA;BRA;EST/indicator/SP.DYN.LE00.IN?format=json&per_page=1000,2026-09-28T17:23:21.218Z,{}
SP.DYN.LE00.IN,SP.DYN.LE00.IN--pol,Polska,POL,"Life expectancy at birth, total (years)",2025-12-31,2025,year,2025-01-01,,lata,annual,observed,https://api.worldbank.org/v2/country/POL;WLD;USA;CHN;DEU;IND;KOR;JPN;GBR;FRA;BRA;EST/indicator/SP.DYN.LE00.IN?format=json&per_page=1000,2026-09-28T17:23:21.218Z,{}
SP.DYN.LE00.IN,SP.DYN.LE00.IN--usa,USA,USA,"Life expectancy at birth, total (years)",2025-12-31,2025,year,2025-01-01,,lata,annual,observed,https://api.worldbank.org/v2/country/POL;WLD;USA;CHN;DEU;IND;KOR;JPN;GBR;FRA;BRA;EST/indicator/SP.DYN.LE00.IN?format=json&per_page=1000,2026-09-28T17:23:21.218Z,{}
SP.DYN.LE00.IN,SP.DYN.LE00.IN--wld,Świat,WLD,"Life expectancy at birth, total (years)",2025-12-31,2025,year,2025-01-01,,lata,annual,observed,https://api.worldbank.org/v2/country/POL;WLD;USA;CHN;DEU;IND;KOR;JPN;GBR;FRA;BRA;EST/indicator/SP.DYN.LE00.IN?format=json&per_page=1000,2026-09-28T17:23:21.218Z,{}
