topic_id,series_id,series_name,entity,metric,date,period,date_precision,period_start,value,unit,frequency,kind,source_url,retrieved_at,attributes_json
SP.URB.TOTL.IN.ZS,SP.URB.TOTL.IN.ZS--bra,Brazylia,BRA,Urban population (% of total population),1960-12-31,1960,year,1960-01-01,44.6809618118226,% populacji,annual,observed,https://api.worldbank.org/v2/country/POL;WLD;USA;CHN;DEU;IND;KOR;JPN;GBR;FRA;BRA;EST/indicator/SP.URB.TOTL.IN.ZS?format=json&per_page=1000,2026-09-28T17:23:23.715Z,{}
SP.URB.TOTL.IN.ZS,SP.URB.TOTL.IN.ZS--chn,Chiny,CHN,Urban population (% of total population),1960-12-31,1960,year,1960-01-01,19.7456455230713,% populacji,annual,observed,https://api.worldbank.org/v2/country/POL;WLD;USA;CHN;DEU;IND;KOR;JPN;GBR;FRA;BRA;EST/indicator/SP.URB.TOTL.IN.ZS?format=json&per_page=1000,2026-09-28T17:23:23.715Z,{}
SP.URB.TOTL.IN.ZS,SP.URB.TOTL.IN.ZS--deu,Niemcy,DEU,Urban population (% of total population),1960-12-31,1960,year,1960-01-01,75.6992409865797,% populacji,annual,observed,https://api.worldbank.org/v2/country/POL;WLD;USA;CHN;DEU;IND;KOR;JPN;GBR;FRA;BRA;EST/indicator/SP.URB.TOTL.IN.ZS?format=json&per_page=1000,2026-09-28T17:23:23.715Z,{}
SP.URB.TOTL.IN.ZS,SP.URB.TOTL.IN.ZS--est,Estonia,EST,Urban population (% of total population),1960-12-31,1960,year,1960-01-01,57.5905914306641,% populacji,annual,observed,https://api.worldbank.org/v2/country/POL;WLD;USA;CHN;DEU;IND;KOR;JPN;GBR;FRA;BRA;EST/indicator/SP.URB.TOTL.IN.ZS?format=json&per_page=1000,2026-09-28T17:23:23.715Z,{}
SP.URB.TOTL.IN.ZS,SP.URB.TOTL.IN.ZS--fra,Francja,FRA,Urban population (% of total population),1960-12-31,1960,year,1960-01-01,61.6814049817776,% populacji,annual,observed,https://api.worldbank.org/v2/country/POL;WLD;USA;CHN;DEU;IND;KOR;JPN;GBR;FRA;BRA;EST/indicator/SP.URB.TOTL.IN.ZS?format=json&per_page=1000,2026-09-28T17:23:23.715Z,{}
SP.URB.TOTL.IN.ZS,SP.URB.TOTL.IN.ZS--gbr,Wielka Brytania,GBR,Urban population (% of total population),1960-12-31,1960,year,1960-01-01,78.5503107965497,% populacji,annual,observed,https://api.worldbank.org/v2/country/POL;WLD;USA;CHN;DEU;IND;KOR;JPN;GBR;FRA;BRA;EST/indicator/SP.URB.TOTL.IN.ZS?format=json&per_page=1000,2026-09-28T17:23:23.715Z,{}
SP.URB.TOTL.IN.ZS,SP.URB.TOTL.IN.ZS--ind,Indie,IND,Urban population (% of total population),1960-12-31,1960,year,1960-01-01,17.9250073975312,% populacji,annual,observed,https://api.worldbank.org/v2/country/POL;WLD;USA;CHN;DEU;IND;KOR;JPN;GBR;FRA;BRA;EST/indicator/SP.URB.TOTL.IN.ZS?format=json&per_page=1000,2026-09-28T17:23:23.715Z,{}
SP.URB.TOTL.IN.ZS,SP.URB.TOTL.IN.ZS--jpn,Japonia,JPN,Urban population (% of total population),1960-12-31,1960,year,1960-01-01,63.2581272441637,% populacji,annual,observed,https://api.worldbank.org/v2/country/POL;WLD;USA;CHN;DEU;IND;KOR;JPN;GBR;FRA;BRA;EST/indicator/SP.URB.TOTL.IN.ZS?format=json&per_page=1000,2026-09-28T17:23:23.715Z,{}
SP.URB.TOTL.IN.ZS,SP.URB.TOTL.IN.ZS--kor,Korea Płd.,KOR,Urban population (% of total population),1960-12-31,1960,year,1960-01-01,27.6858239622977,% populacji,annual,observed,https://api.worldbank.org/v2/country/POL;WLD;USA;CHN;DEU;IND;KOR;JPN;GBR;FRA;BRA;EST/indicator/SP.URB.TOTL.IN.ZS?format=json&per_page=1000,2026-09-28T17:23:23.715Z,{}
SP.URB.TOTL.IN.ZS,SP.URB.TOTL.IN.ZS--pol,Polska,POL,Urban population (% of total population),1960-12-31,1960,year,1960-01-01,48.0560460566307,% populacji,annual,observed,https://api.worldbank.org/v2/country/POL;WLD;USA;CHN;DEU;IND;KOR;JPN;GBR;FRA;BRA;EST/indicator/SP.URB.TOTL.IN.ZS?format=json&per_page=1000,2026-09-28T17:23:23.715Z,{}
SP.URB.TOTL.IN.ZS,SP.URB.TOTL.IN.ZS--usa,USA,USA,Urban population (% of total population),1960-12-31,1960,year,1960-01-01,69.9799062047416,% populacji,annual,observed,https://api.worldbank.org/v2/country/POL;WLD;USA;CHN;DEU;IND;KOR;JPN;GBR;FRA;BRA;EST/indicator/SP.URB.TOTL.IN.ZS?format=json&per_page=1000,2026-09-28T17:23:23.715Z,{}
SP.URB.TOTL.IN.ZS,SP.URB.TOTL.IN.ZS--wld,Świat,WLD,Urban population (% of total population),1960-12-31,1960,year,1960-01-01,34.2335712808983,% populacji,annual,observed,https://api.worldbank.org/v2/country/POL;WLD;USA;CHN;DEU;IND;KOR;JPN;GBR;FRA;BRA;EST/indicator/SP.URB.TOTL.IN.ZS?format=json&per_page=1000,2026-09-28T17:23:23.715Z,{}
SP.URB.TOTL.IN.ZS,SP.URB.TOTL.IN.ZS--bra,Brazylia,BRA,Urban population (% of total population),1961-12-31,1961,year,1961-01-01,45.5029204567696,% populacji,annual,observed,https://api.worldbank.org/v2/country/POL;WLD;USA;CHN;DEU;IND;KOR;JPN;GBR;FRA;BRA;EST/indicator/SP.URB.TOTL.IN.ZS?format=json&per_page=1000,2026-09-28T17:23:23.715Z,{}
SP.URB.TOTL.IN.ZS,SP.URB.TOTL.IN.ZS--chn,Chiny,CHN,Urban population (% of total population),1961-12-31,1961,year,1961-01-01,19.2942504882812,% populacji,annual,observed,https://api.worldbank.org/v2/country/POL;WLD;USA;CHN;DEU;IND;KOR;JPN;GBR;FRA;BRA;EST/indicator/SP.URB.TOTL.IN.ZS?format=json&per_page=1000,2026-09-28T17:23:23.715Z,{}
SP.URB.TOTL.IN.ZS,SP.URB.TOTL.IN.ZS--deu,Niemcy,DEU,Urban population (% of total population),1961-12-31,1961,year,1961-01-01,76.1717481632679,% populacji,annual,observed,https://api.worldbank.org/v2/country/POL;WLD;USA;CHN;DEU;IND;KOR;JPN;GBR;FRA;BRA;EST/indicator/SP.URB.TOTL.IN.ZS?format=json&per_page=1000,2026-09-28T17:23:23.715Z,{}
SP.URB.TOTL.IN.ZS,SP.URB.TOTL.IN.ZS--est,Estonia,EST,Urban population (% of total population),1961-12-31,1961,year,1961-01-01,58.8204193115234,% populacji,annual,observed,https://api.worldbank.org/v2/country/POL;WLD;USA;CHN;DEU;IND;KOR;JPN;GBR;FRA;BRA;EST/indicator/SP.URB.TOTL.IN.ZS?format=json&per_page=1000,2026-09-28T17:23:23.715Z,{}
SP.URB.TOTL.IN.ZS,SP.URB.TOTL.IN.ZS--fra,Francja,FRA,Urban population (% of total population),1961-12-31,1961,year,1961-01-01,62.532604923054,% populacji,annual,observed,https://api.worldbank.org/v2/country/POL;WLD;USA;CHN;DEU;IND;KOR;JPN;GBR;FRA;BRA;EST/indicator/SP.URB.TOTL.IN.ZS?format=json&per_page=1000,2026-09-28T17:23:23.715Z,{}
SP.URB.TOTL.IN.ZS,SP.URB.TOTL.IN.ZS--gbr,Wielka Brytania,GBR,Urban population (% of total population),1961-12-31,1961,year,1961-01-01,78.3663913939232,% populacji,annual,observed,https://api.worldbank.org/v2/country/POL;WLD;USA;CHN;DEU;IND;KOR;JPN;GBR;FRA;BRA;EST/indicator/SP.URB.TOTL.IN.ZS?format=json&per_page=1000,2026-09-28T17:23:23.715Z,{}
SP.URB.TOTL.IN.ZS,SP.URB.TOTL.IN.ZS--ind,Indie,IND,Urban population (% of total population),1961-12-31,1961,year,1961-01-01,18.0240089532608,% populacji,annual,observed,https://api.worldbank.org/v2/country/POL;WLD;USA;CHN;DEU;IND;KOR;JPN;GBR;FRA;BRA;EST/indicator/SP.URB.TOTL.IN.ZS?format=json&per_page=1000,2026-09-28T17:23:23.715Z,{}
SP.URB.TOTL.IN.ZS,SP.URB.TOTL.IN.ZS--jpn,Japonia,JPN,Urban population (% of total population),1961-12-31,1961,year,1961-01-01,64.2724301568983,% populacji,annual,observed,https://api.worldbank.org/v2/country/POL;WLD;USA;CHN;DEU;IND;KOR;JPN;GBR;FRA;BRA;EST/indicator/SP.URB.TOTL.IN.ZS?format=json&per_page=1000,2026-09-28T17:23:23.715Z,{}
SP.URB.TOTL.IN.ZS,SP.URB.TOTL.IN.ZS--kor,Korea Płd.,KOR,Urban population (% of total population),1961-12-31,1961,year,1961-01-01,28.4487165107257,% populacji,annual,observed,https://api.worldbank.org/v2/country/POL;WLD;USA;CHN;DEU;IND;KOR;JPN;GBR;FRA;BRA;EST/indicator/SP.URB.TOTL.IN.ZS?format=json&per_page=1000,2026-09-28T17:23:23.715Z,{}
SP.URB.TOTL.IN.ZS,SP.URB.TOTL.IN.ZS--pol,Polska,POL,Urban population (% of total population),1961-12-31,1961,year,1961-01-01,48.6117275049923,% populacji,annual,observed,https://api.worldbank.org/v2/country/POL;WLD;USA;CHN;DEU;IND;KOR;JPN;GBR;FRA;BRA;EST/indicator/SP.URB.TOTL.IN.ZS?format=json&per_page=1000,2026-09-28T17:23:23.715Z,{}
SP.URB.TOTL.IN.ZS,SP.URB.TOTL.IN.ZS--usa,USA,USA,Urban population (% of total population),1961-12-31,1961,year,1961-01-01,70.4455872729358,% populacji,annual,observed,https://api.worldbank.org/v2/country/POL;WLD;USA;CHN;DEU;IND;KOR;JPN;GBR;FRA;BRA;EST/indicator/SP.URB.TOTL.IN.ZS?format=json&per_page=1000,2026-09-28T17:23:23.715Z,{}
SP.URB.TOTL.IN.ZS,SP.URB.TOTL.IN.ZS--wld,Świat,WLD,Urban population (% of total population),1961-12-31,1961,year,1961-01-01,34.5109401402331,% populacji,annual,observed,https://api.worldbank.org/v2/country/POL;WLD;USA;CHN;DEU;IND;KOR;JPN;GBR;FRA;BRA;EST/indicator/SP.URB.TOTL.IN.ZS?format=json&per_page=1000,2026-09-28T17:23:23.715Z,{}
SP.URB.TOTL.IN.ZS,SP.URB.TOTL.IN.ZS--bra,Brazylia,BRA,Urban population (% of total population),1962-12-31,1962,year,1962-01-01,46.3016845520166,% populacji,annual,observed,https://api.worldbank.org/v2/country/POL;WLD;USA;CHN;DEU;IND;KOR;JPN;GBR;FRA;BRA;EST/indicator/SP.URB.TOTL.IN.ZS?format=json&per_page=1000,2026-09-28T17:23:23.715Z,{}
SP.URB.TOTL.IN.ZS,SP.URB.TOTL.IN.ZS--chn,Chiny,CHN,Urban population (% of total population),1962-12-31,1962,year,1962-01-01,17.3249530792236,% populacji,annual,observed,https://api.worldbank.org/v2/country/POL;WLD;USA;CHN;DEU;IND;KOR;JPN;GBR;FRA;BRA;EST/indicator/SP.URB.TOTL.IN.ZS?format=json&per_page=1000,2026-09-28T17:23:23.715Z,{}
SP.URB.TOTL.IN.ZS,SP.URB.TOTL.IN.ZS--deu,Niemcy,DEU,Urban population (% of total population),1962-12-31,1962,year,1962-01-01,76.6758651852156,% populacji,annual,observed,https://api.worldbank.org/v2/country/POL;WLD;USA;CHN;DEU;IND;KOR;JPN;GBR;FRA;BRA;EST/indicator/SP.URB.TOTL.IN.ZS?format=json&per_page=1000,2026-09-28T17:23:23.715Z,{}
SP.URB.TOTL.IN.ZS,SP.URB.TOTL.IN.ZS--est,Estonia,EST,Urban population (% of total population),1962-12-31,1962,year,1962-01-01,60.094123840332,% populacji,annual,observed,https://api.worldbank.org/v2/country/POL;WLD;USA;CHN;DEU;IND;KOR;JPN;GBR;FRA;BRA;EST/indicator/SP.URB.TOTL.IN.ZS?format=json&per_page=1000,2026-09-28T17:23:23.715Z,{}
SP.URB.TOTL.IN.ZS,SP.URB.TOTL.IN.ZS--fra,Francja,FRA,Urban population (% of total population),1962-12-31,1962,year,1962-01-01,63.4598445709101,% populacji,annual,observed,https://api.worldbank.org/v2/country/POL;WLD;USA;CHN;DEU;IND;KOR;JPN;GBR;FRA;BRA;EST/indicator/SP.URB.TOTL.IN.ZS?format=json&per_page=1000,2026-09-28T17:23:23.715Z,{}
SP.URB.TOTL.IN.ZS,SP.URB.TOTL.IN.ZS--gbr,Wielka Brytania,GBR,Urban population (% of total population),1962-12-31,1962,year,1962-01-01,78.1875107335425,% populacji,annual,observed,https://api.worldbank.org/v2/country/POL;WLD;USA;CHN;DEU;IND;KOR;JPN;GBR;FRA;BRA;EST/indicator/SP.URB.TOTL.IN.ZS?format=json&per_page=1000,2026-09-28T17:23:23.715Z,{}
SP.URB.TOTL.IN.ZS,SP.URB.TOTL.IN.ZS--ind,Indie,IND,Urban population (% of total population),1962-12-31,1962,year,1962-01-01,18.1435710412125,% populacji,annual,observed,https://api.worldbank.org/v2/country/POL;WLD;USA;CHN;DEU;IND;KOR;JPN;GBR;FRA;BRA;EST/indicator/SP.URB.TOTL.IN.ZS?format=json&per_page=1000,2026-09-28T17:23:23.715Z,{}
SP.URB.TOTL.IN.ZS,SP.URB.TOTL.IN.ZS--jpn,Japonia,JPN,Urban population (% of total population),1962-12-31,1962,year,1962-01-01,65.2338060537393,% populacji,annual,observed,https://api.worldbank.org/v2/country/POL;WLD;USA;CHN;DEU;IND;KOR;JPN;GBR;FRA;BRA;EST/indicator/SP.URB.TOTL.IN.ZS?format=json&per_page=1000,2026-09-28T17:23:23.715Z,{}
SP.URB.TOTL.IN.ZS,SP.URB.TOTL.IN.ZS--kor,Korea Płd.,KOR,Urban population (% of total population),1962-12-31,1962,year,1962-01-01,29.2335073020446,% populacji,annual,observed,https://api.worldbank.org/v2/country/POL;WLD;USA;CHN;DEU;IND;KOR;JPN;GBR;FRA;BRA;EST/indicator/SP.URB.TOTL.IN.ZS?format=json&per_page=1000,2026-09-28T17:23:23.715Z,{}
SP.URB.TOTL.IN.ZS,SP.URB.TOTL.IN.ZS--pol,Polska,POL,Urban population (% of total population),1962-12-31,1962,year,1962-01-01,49.0876391652269,% populacji,annual,observed,https://api.worldbank.org/v2/country/POL;WLD;USA;CHN;DEU;IND;KOR;JPN;GBR;FRA;BRA;EST/indicator/SP.URB.TOTL.IN.ZS?format=json&per_page=1000,2026-09-28T17:23:23.715Z,{}
SP.URB.TOTL.IN.ZS,SP.URB.TOTL.IN.ZS--usa,USA,USA,Urban population (% of total population),1962-12-31,1962,year,1962-01-01,70.9235327611362,% populacji,annual,observed,https://api.worldbank.org/v2/country/POL;WLD;USA;CHN;DEU;IND;KOR;JPN;GBR;FRA;BRA;EST/indicator/SP.URB.TOTL.IN.ZS?format=json&per_page=1000,2026-09-28T17:23:23.715Z,{}
SP.URB.TOTL.IN.ZS,SP.URB.TOTL.IN.ZS--wld,Świat,WLD,Urban population (% of total population),1962-12-31,1962,year,1962-01-01,34.3999791158984,% populacji,annual,observed,https://api.worldbank.org/v2/country/POL;WLD;USA;CHN;DEU;IND;KOR;JPN;GBR;FRA;BRA;EST/indicator/SP.URB.TOTL.IN.ZS?format=json&per_page=1000,2026-09-28T17:23:23.715Z,{}
SP.URB.TOTL.IN.ZS,SP.URB.TOTL.IN.ZS--bra,Brazylia,BRA,Urban population (% of total population),1963-12-31,1963,year,1963-01-01,47.0872447116639,% populacji,annual,observed,https://api.worldbank.org/v2/country/POL;WLD;USA;CHN;DEU;IND;KOR;JPN;GBR;FRA;BRA;EST/indicator/SP.URB.TOTL.IN.ZS?format=json&per_page=1000,2026-09-28T17:23:23.715Z,{}
SP.URB.TOTL.IN.ZS,SP.URB.TOTL.IN.ZS--chn,Chiny,CHN,Urban population (% of total population),1963-12-31,1963,year,1963-01-01,16.8362922668457,% populacji,annual,observed,https://api.worldbank.org/v2/country/POL;WLD;USA;CHN;DEU;IND;KOR;JPN;GBR;FRA;BRA;EST/indicator/SP.URB.TOTL.IN.ZS?format=json&per_page=1000,2026-09-28T17:23:23.715Z,{}
SP.URB.TOTL.IN.ZS,SP.URB.TOTL.IN.ZS--deu,Niemcy,DEU,Urban population (% of total population),1963-12-31,1963,year,1963-01-01,77.2097631126453,% populacji,annual,observed,https://api.worldbank.org/v2/country/POL;WLD;USA;CHN;DEU;IND;KOR;JPN;GBR;FRA;BRA;EST/indicator/SP.URB.TOTL.IN.ZS?format=json&per_page=1000,2026-09-28T17:23:23.715Z,{}
SP.URB.TOTL.IN.ZS,SP.URB.TOTL.IN.ZS--est,Estonia,EST,Urban population (% of total population),1963-12-31,1963,year,1963-01-01,60.9519653320312,% populacji,annual,observed,https://api.worldbank.org/v2/country/POL;WLD;USA;CHN;DEU;IND;KOR;JPN;GBR;FRA;BRA;EST/indicator/SP.URB.TOTL.IN.ZS?format=json&per_page=1000,2026-09-28T17:23:23.715Z,{}
SP.URB.TOTL.IN.ZS,SP.URB.TOTL.IN.ZS--fra,Francja,FRA,Urban population (% of total population),1963-12-31,1963,year,1963-01-01,64.5733094041364,% populacji,annual,observed,https://api.worldbank.org/v2/country/POL;WLD;USA;CHN;DEU;IND;KOR;JPN;GBR;FRA;BRA;EST/indicator/SP.URB.TOTL.IN.ZS?format=json&per_page=1000,2026-09-28T17:23:23.715Z,{}
SP.URB.TOTL.IN.ZS,SP.URB.TOTL.IN.ZS--gbr,Wielka Brytania,GBR,Urban population (% of total population),1963-12-31,1963,year,1963-01-01,77.9930058788831,% populacji,annual,observed,https://api.worldbank.org/v2/country/POL;WLD;USA;CHN;DEU;IND;KOR;JPN;GBR;FRA;BRA;EST/indicator/SP.URB.TOTL.IN.ZS?format=json&per_page=1000,2026-09-28T17:23:23.715Z,{}
SP.URB.TOTL.IN.ZS,SP.URB.TOTL.IN.ZS--ind,Indie,IND,Urban population (% of total population),1963-12-31,1963,year,1963-01-01,18.283856024527,% populacji,annual,observed,https://api.worldbank.org/v2/country/POL;WLD;USA;CHN;DEU;IND;KOR;JPN;GBR;FRA;BRA;EST/indicator/SP.URB.TOTL.IN.ZS?format=json&per_page=1000,2026-09-28T17:23:23.715Z,{}
SP.URB.TOTL.IN.ZS,SP.URB.TOTL.IN.ZS--jpn,Japonia,JPN,Urban population (% of total population),1963-12-31,1963,year,1963-01-01,66.1447111189244,% populacji,annual,observed,https://api.worldbank.org/v2/country/POL;WLD;USA;CHN;DEU;IND;KOR;JPN;GBR;FRA;BRA;EST/indicator/SP.URB.TOTL.IN.ZS?format=json&per_page=1000,2026-09-28T17:23:23.715Z,{}
SP.URB.TOTL.IN.ZS,SP.URB.TOTL.IN.ZS--kor,Korea Płd.,KOR,Urban population (% of total population),1963-12-31,1963,year,1963-01-01,30.0578676824386,% populacji,annual,observed,https://api.worldbank.org/v2/country/POL;WLD;USA;CHN;DEU;IND;KOR;JPN;GBR;FRA;BRA;EST/indicator/SP.URB.TOTL.IN.ZS?format=json&per_page=1000,2026-09-28T17:23:23.715Z,{}
SP.URB.TOTL.IN.ZS,SP.URB.TOTL.IN.ZS--pol,Polska,POL,Urban population (% of total population),1963-12-31,1963,year,1963-01-01,49.5042258170874,% populacji,annual,observed,https://api.worldbank.org/v2/country/POL;WLD;USA;CHN;DEU;IND;KOR;JPN;GBR;FRA;BRA;EST/indicator/SP.URB.TOTL.IN.ZS?format=json&per_page=1000,2026-09-28T17:23:23.715Z,{}
SP.URB.TOTL.IN.ZS,SP.URB.TOTL.IN.ZS--usa,USA,USA,Urban population (% of total population),1963-12-31,1963,year,1963-01-01,71.3977756159267,% populacji,annual,observed,https://api.worldbank.org/v2/country/POL;WLD;USA;CHN;DEU;IND;KOR;JPN;GBR;FRA;BRA;EST/indicator/SP.URB.TOTL.IN.ZS?format=json&per_page=1000,2026-09-28T17:23:23.715Z,{}
SP.URB.TOTL.IN.ZS,SP.URB.TOTL.IN.ZS--wld,Świat,WLD,Urban population (% of total population),1963-12-31,1963,year,1963-01-01,34.5568545193136,% populacji,annual,observed,https://api.worldbank.org/v2/country/POL;WLD;USA;CHN;DEU;IND;KOR;JPN;GBR;FRA;BRA;EST/indicator/SP.URB.TOTL.IN.ZS?format=json&per_page=1000,2026-09-28T17:23:23.715Z,{}
SP.URB.TOTL.IN.ZS,SP.URB.TOTL.IN.ZS--bra,Brazylia,BRA,Urban population (% of total population),1964-12-31,1964,year,1964-01-01,47.8711440527209,% populacji,annual,observed,https://api.worldbank.org/v2/country/POL;WLD;USA;CHN;DEU;IND;KOR;JPN;GBR;FRA;BRA;EST/indicator/SP.URB.TOTL.IN.ZS?format=json&per_page=1000,2026-09-28T17:23:23.715Z,{}
SP.URB.TOTL.IN.ZS,SP.URB.TOTL.IN.ZS--chn,Chiny,CHN,Urban population (% of total population),1964-12-31,1964,year,1964-01-01,18.2999991337848,% populacji,annual,observed,https://api.worldbank.org/v2/country/POL;WLD;USA;CHN;DEU;IND;KOR;JPN;GBR;FRA;BRA;EST/indicator/SP.URB.TOTL.IN.ZS?format=json&per_page=1000,2026-09-28T17:23:23.715Z,{}
SP.URB.TOTL.IN.ZS,SP.URB.TOTL.IN.ZS--deu,Niemcy,DEU,Urban population (% of total population),1964-12-31,1964,year,1964-01-01,77.7449869109102,% populacji,annual,observed,https://api.worldbank.org/v2/country/POL;WLD;USA;CHN;DEU;IND;KOR;JPN;GBR;FRA;BRA;EST/indicator/SP.URB.TOTL.IN.ZS?format=json&per_page=1000,2026-09-28T17:23:23.715Z,{}
SP.URB.TOTL.IN.ZS,SP.URB.TOTL.IN.ZS--est,Estonia,EST,Urban population (% of total population),1964-12-31,1964,year,1964-01-01,61.7069664001465,% populacji,annual,observed,https://api.worldbank.org/v2/country/POL;WLD;USA;CHN;DEU;IND;KOR;JPN;GBR;FRA;BRA;EST/indicator/SP.URB.TOTL.IN.ZS?format=json&per_page=1000,2026-09-28T17:23:23.715Z,{}
SP.URB.TOTL.IN.ZS,SP.URB.TOTL.IN.ZS--fra,Francja,FRA,Urban population (% of total population),1964-12-31,1964,year,1964-01-01,65.8602703980992,% populacji,annual,observed,https://api.worldbank.org/v2/country/POL;WLD;USA;CHN;DEU;IND;KOR;JPN;GBR;FRA;BRA;EST/indicator/SP.URB.TOTL.IN.ZS?format=json&per_page=1000,2026-09-28T17:23:23.715Z,{}
SP.URB.TOTL.IN.ZS,SP.URB.TOTL.IN.ZS--gbr,Wielka Brytania,GBR,Urban population (% of total population),1964-12-31,1964,year,1964-01-01,77.792841598491,% populacji,annual,observed,https://api.worldbank.org/v2/country/POL;WLD;USA;CHN;DEU;IND;KOR;JPN;GBR;FRA;BRA;EST/indicator/SP.URB.TOTL.IN.ZS?format=json&per_page=1000,2026-09-28T17:23:23.715Z,{}
SP.URB.TOTL.IN.ZS,SP.URB.TOTL.IN.ZS--ind,Indie,IND,Urban population (% of total population),1964-12-31,1964,year,1964-01-01,18.4430405128829,% populacji,annual,observed,https://api.worldbank.org/v2/country/POL;WLD;USA;CHN;DEU;IND;KOR;JPN;GBR;FRA;BRA;EST/indicator/SP.URB.TOTL.IN.ZS?format=json&per_page=1000,2026-09-28T17:23:23.715Z,{}
SP.URB.TOTL.IN.ZS,SP.URB.TOTL.IN.ZS--jpn,Japonia,JPN,Urban population (% of total population),1964-12-31,1964,year,1964-01-01,67.0205733570673,% populacji,annual,observed,https://api.worldbank.org/v2/country/POL;WLD;USA;CHN;DEU;IND;KOR;JPN;GBR;FRA;BRA;EST/indicator/SP.URB.TOTL.IN.ZS?format=json&per_page=1000,2026-09-28T17:23:23.715Z,{}
SP.URB.TOTL.IN.ZS,SP.URB.TOTL.IN.ZS--kor,Korea Płd.,KOR,Urban population (% of total population),1964-12-31,1964,year,1964-01-01,30.9563602392687,% populacji,annual,observed,https://api.worldbank.org/v2/country/POL;WLD;USA;CHN;DEU;IND;KOR;JPN;GBR;FRA;BRA;EST/indicator/SP.URB.TOTL.IN.ZS?format=json&per_page=1000,2026-09-28T17:23:23.715Z,{}
SP.URB.TOTL.IN.ZS,SP.URB.TOTL.IN.ZS--pol,Polska,POL,Urban population (% of total population),1964-12-31,1964,year,1964-01-01,49.8770379382713,% populacji,annual,observed,https://api.worldbank.org/v2/country/POL;WLD;USA;CHN;DEU;IND;KOR;JPN;GBR;FRA;BRA;EST/indicator/SP.URB.TOTL.IN.ZS?format=json&per_page=1000,2026-09-28T17:23:23.715Z,{}
SP.URB.TOTL.IN.ZS,SP.URB.TOTL.IN.ZS--usa,USA,USA,Urban population (% of total population),1964-12-31,1964,year,1964-01-01,71.8549474048995,% populacji,annual,observed,https://api.worldbank.org/v2/country/POL;WLD;USA;CHN;DEU;IND;KOR;JPN;GBR;FRA;BRA;EST/indicator/SP.URB.TOTL.IN.ZS?format=json&per_page=1000,2026-09-28T17:23:23.715Z,{}
SP.URB.TOTL.IN.ZS,SP.URB.TOTL.IN.ZS--wld,Świat,WLD,Urban population (% of total population),1964-12-31,1964,year,1964-01-01,35.1476160350422,% populacji,annual,observed,https://api.worldbank.org/v2/country/POL;WLD;USA;CHN;DEU;IND;KOR;JPN;GBR;FRA;BRA;EST/indicator/SP.URB.TOTL.IN.ZS?format=json&per_page=1000,2026-09-28T17:23:23.715Z,{}
SP.URB.TOTL.IN.ZS,SP.URB.TOTL.IN.ZS--bra,Brazylia,BRA,Urban population (% of total population),1965-12-31,1965,year,1965-01-01,48.664925692197,% populacji,annual,observed,https://api.worldbank.org/v2/country/POL;WLD;USA;CHN;DEU;IND;KOR;JPN;GBR;FRA;BRA;EST/indicator/SP.URB.TOTL.IN.ZS?format=json&per_page=1000,2026-09-28T17:23:23.715Z,{}
SP.URB.TOTL.IN.ZS,SP.URB.TOTL.IN.ZS--chn,Chiny,CHN,Urban population (% of total population),1965-12-31,1965,year,1965-01-01,17.983678817749,% populacji,annual,observed,https://api.worldbank.org/v2/country/POL;WLD;USA;CHN;DEU;IND;KOR;JPN;GBR;FRA;BRA;EST/indicator/SP.URB.TOTL.IN.ZS?format=json&per_page=1000,2026-09-28T17:23:23.715Z,{}
SP.URB.TOTL.IN.ZS,SP.URB.TOTL.IN.ZS--deu,Niemcy,DEU,Urban population (% of total population),1965-12-31,1965,year,1965-01-01,78.2575384070784,% populacji,annual,observed,https://api.worldbank.org/v2/country/POL;WLD;USA;CHN;DEU;IND;KOR;JPN;GBR;FRA;BRA;EST/indicator/SP.URB.TOTL.IN.ZS?format=json&per_page=1000,2026-09-28T17:23:23.715Z,{}
SP.URB.TOTL.IN.ZS,SP.URB.TOTL.IN.ZS--est,Estonia,EST,Urban population (% of total population),1965-12-31,1965,year,1965-01-01,62.4530448913574,% populacji,annual,observed,https://api.worldbank.org/v2/country/POL;WLD;USA;CHN;DEU;IND;KOR;JPN;GBR;FRA;BRA;EST/indicator/SP.URB.TOTL.IN.ZS?format=json&per_page=1000,2026-09-28T17:23:23.715Z,{}
SP.URB.TOTL.IN.ZS,SP.URB.TOTL.IN.ZS--fra,Francja,FRA,Urban population (% of total population),1965-12-31,1965,year,1965-01-01,67.1844272221459,% populacji,annual,observed,https://api.worldbank.org/v2/country/POL;WLD;USA;CHN;DEU;IND;KOR;JPN;GBR;FRA;BRA;EST/indicator/SP.URB.TOTL.IN.ZS?format=json&per_page=1000,2026-09-28T17:23:23.715Z,{}
SP.URB.TOTL.IN.ZS,SP.URB.TOTL.IN.ZS--gbr,Wielka Brytania,GBR,Urban population (% of total population),1965-12-31,1965,year,1965-01-01,77.5949669582873,% populacji,annual,observed,https://api.worldbank.org/v2/country/POL;WLD;USA;CHN;DEU;IND;KOR;JPN;GBR;FRA;BRA;EST/indicator/SP.URB.TOTL.IN.ZS?format=json&per_page=1000,2026-09-28T17:23:23.715Z,{}
SP.URB.TOTL.IN.ZS,SP.URB.TOTL.IN.ZS--ind,Indie,IND,Urban population (% of total population),1965-12-31,1965,year,1965-01-01,18.6197192716934,% populacji,annual,observed,https://api.worldbank.org/v2/country/POL;WLD;USA;CHN;DEU;IND;KOR;JPN;GBR;FRA;BRA;EST/indicator/SP.URB.TOTL.IN.ZS?format=json&per_page=1000,2026-09-28T17:23:23.715Z,{}
SP.URB.TOTL.IN.ZS,SP.URB.TOTL.IN.ZS--jpn,Japonia,JPN,Urban population (% of total population),1965-12-31,1965,year,1965-01-01,67.8778304862691,% populacji,annual,observed,https://api.worldbank.org/v2/country/POL;WLD;USA;CHN;DEU;IND;KOR;JPN;GBR;FRA;BRA;EST/indicator/SP.URB.TOTL.IN.ZS?format=json&per_page=1000,2026-09-28T17:23:23.715Z,{}
SP.URB.TOTL.IN.ZS,SP.URB.TOTL.IN.ZS--kor,Korea Płd.,KOR,Urban population (% of total population),1965-12-31,1965,year,1965-01-01,31.9635475598961,% populacji,annual,observed,https://api.worldbank.org/v2/country/POL;WLD;USA;CHN;DEU;IND;KOR;JPN;GBR;FRA;BRA;EST/indicator/SP.URB.TOTL.IN.ZS?format=json&per_page=1000,2026-09-28T17:23:23.715Z,{}
SP.URB.TOTL.IN.ZS,SP.URB.TOTL.IN.ZS--pol,Polska,POL,Urban population (% of total population),1965-12-31,1965,year,1965-01-01,50.221626006476,% populacji,annual,observed,https://api.worldbank.org/v2/country/POL;WLD;USA;CHN;DEU;IND;KOR;JPN;GBR;FRA;BRA;EST/indicator/SP.URB.TOTL.IN.ZS?format=json&per_page=1000,2026-09-28T17:23:23.715Z,{}
SP.URB.TOTL.IN.ZS,SP.URB.TOTL.IN.ZS--usa,USA,USA,Urban population (% of total population),1965-12-31,1965,year,1965-01-01,72.281679695647,% populacji,annual,observed,https://api.worldbank.org/v2/country/POL;WLD;USA;CHN;DEU;IND;KOR;JPN;GBR;FRA;BRA;EST/indicator/SP.URB.TOTL.IN.ZS?format=json&per_page=1000,2026-09-28T17:23:23.715Z,{}
SP.URB.TOTL.IN.ZS,SP.URB.TOTL.IN.ZS--wld,Świat,WLD,Urban population (% of total population),1965-12-31,1965,year,1965-01-01,35.3541683062146,% populacji,annual,observed,https://api.worldbank.org/v2/country/POL;WLD;USA;CHN;DEU;IND;KOR;JPN;GBR;FRA;BRA;EST/indicator/SP.URB.TOTL.IN.ZS?format=json&per_page=1000,2026-09-28T17:23:23.715Z,{}
SP.URB.TOTL.IN.ZS,SP.URB.TOTL.IN.ZS--bra,Brazylia,BRA,Urban population (% of total population),1966-12-31,1966,year,1966-01-01,49.4801327471016,% populacji,annual,observed,https://api.worldbank.org/v2/country/POL;WLD;USA;CHN;DEU;IND;KOR;JPN;GBR;FRA;BRA;EST/indicator/SP.URB.TOTL.IN.ZS?format=json&per_page=1000,2026-09-28T17:23:23.715Z,{}
SP.URB.TOTL.IN.ZS,SP.URB.TOTL.IN.ZS--chn,Chiny,CHN,Urban population (% of total population),1966-12-31,1966,year,1966-01-01,17.8597278594971,% populacji,annual,observed,https://api.worldbank.org/v2/country/POL;WLD;USA;CHN;DEU;IND;KOR;JPN;GBR;FRA;BRA;EST/indicator/SP.URB.TOTL.IN.ZS?format=json&per_page=1000,2026-09-28T17:23:23.715Z,{}
SP.URB.TOTL.IN.ZS,SP.URB.TOTL.IN.ZS--deu,Niemcy,DEU,Urban population (% of total population),1966-12-31,1966,year,1966-01-01,78.7234194282177,% populacji,annual,observed,https://api.worldbank.org/v2/country/POL;WLD;USA;CHN;DEU;IND;KOR;JPN;GBR;FRA;BRA;EST/indicator/SP.URB.TOTL.IN.ZS?format=json&per_page=1000,2026-09-28T17:23:23.715Z,{}
SP.URB.TOTL.IN.ZS,SP.URB.TOTL.IN.ZS--est,Estonia,EST,Urban population (% of total population),1966-12-31,1966,year,1966-01-01,63.0544891357422,% populacji,annual,observed,https://api.worldbank.org/v2/country/POL;WLD;USA;CHN;DEU;IND;KOR;JPN;GBR;FRA;BRA;EST/indicator/SP.URB.TOTL.IN.ZS?format=json&per_page=1000,2026-09-28T17:23:23.715Z,{}
SP.URB.TOTL.IN.ZS,SP.URB.TOTL.IN.ZS--fra,Francja,FRA,Urban population (% of total population),1966-12-31,1966,year,1966-01-01,68.4228523195035,% populacji,annual,observed,https://api.worldbank.org/v2/country/POL;WLD;USA;CHN;DEU;IND;KOR;JPN;GBR;FRA;BRA;EST/indicator/SP.URB.TOTL.IN.ZS?format=json&per_page=1000,2026-09-28T17:23:23.715Z,{}
SP.URB.TOTL.IN.ZS,SP.URB.TOTL.IN.ZS--gbr,Wielka Brytania,GBR,Urban population (% of total population),1966-12-31,1966,year,1966-01-01,77.407331024193,% populacji,annual,observed,https://api.worldbank.org/v2/country/POL;WLD;USA;CHN;DEU;IND;KOR;JPN;GBR;FRA;BRA;EST/indicator/SP.URB.TOTL.IN.ZS?format=json&per_page=1000,2026-09-28T17:23:23.715Z,{}
SP.URB.TOTL.IN.ZS,SP.URB.TOTL.IN.ZS--ind,Indie,IND,Urban population (% of total population),1966-12-31,1966,year,1966-01-01,18.8124870663716,% populacji,annual,observed,https://api.worldbank.org/v2/country/POL;WLD;USA;CHN;DEU;IND;KOR;JPN;GBR;FRA;BRA;EST/indicator/SP.URB.TOTL.IN.ZS?format=json&per_page=1000,2026-09-28T17:23:23.715Z,{}
SP.URB.TOTL.IN.ZS,SP.URB.TOTL.IN.ZS--jpn,Japonia,JPN,Urban population (% of total population),1966-12-31,1966,year,1966-01-01,68.7175938053346,% populacji,annual,observed,https://api.worldbank.org/v2/country/POL;WLD;USA;CHN;DEU;IND;KOR;JPN;GBR;FRA;BRA;EST/indicator/SP.URB.TOTL.IN.ZS?format=json&per_page=1000,2026-09-28T17:23:23.715Z,{}
SP.URB.TOTL.IN.ZS,SP.URB.TOTL.IN.ZS--kor,Korea Płd.,KOR,Urban population (% of total population),1966-12-31,1966,year,1966-01-01,33.1034551656567,% populacji,annual,observed,https://api.worldbank.org/v2/country/POL;WLD;USA;CHN;DEU;IND;KOR;JPN;GBR;FRA;BRA;EST/indicator/SP.URB.TOTL.IN.ZS?format=json&per_page=1000,2026-09-28T17:23:23.715Z,{}
SP.URB.TOTL.IN.ZS,SP.URB.TOTL.IN.ZS--pol,Polska,POL,Urban population (% of total population),1966-12-31,1966,year,1966-01-01,50.553540499399,% populacji,annual,observed,https://api.worldbank.org/v2/country/POL;WLD;USA;CHN;DEU;IND;KOR;JPN;GBR;FRA;BRA;EST/indicator/SP.URB.TOTL.IN.ZS?format=json&per_page=1000,2026-09-28T17:23:23.715Z,{}
SP.URB.TOTL.IN.ZS,SP.URB.TOTL.IN.ZS--usa,USA,USA,Urban population (% of total population),1966-12-31,1966,year,1966-01-01,72.6646040557613,% populacji,annual,observed,https://api.worldbank.org/v2/country/POL;WLD;USA;CHN;DEU;IND;KOR;JPN;GBR;FRA;BRA;EST/indicator/SP.URB.TOTL.IN.ZS?format=json&per_page=1000,2026-09-28T17:23:23.715Z,{}
SP.URB.TOTL.IN.ZS,SP.URB.TOTL.IN.ZS--wld,Świat,WLD,Urban population (% of total population),1966-12-31,1966,year,1966-01-01,35.5805305350327,% populacji,annual,observed,https://api.worldbank.org/v2/country/POL;WLD;USA;CHN;DEU;IND;KOR;JPN;GBR;FRA;BRA;EST/indicator/SP.URB.TOTL.IN.ZS?format=json&per_page=1000,2026-09-28T17:23:23.715Z,{}
SP.URB.TOTL.IN.ZS,SP.URB.TOTL.IN.ZS--bra,Brazylia,BRA,Urban population (% of total population),1967-12-31,1967,year,1967-01-01,50.3283083344443,% populacji,annual,observed,https://api.worldbank.org/v2/country/POL;WLD;USA;CHN;DEU;IND;KOR;JPN;GBR;FRA;BRA;EST/indicator/SP.URB.TOTL.IN.ZS?format=json&per_page=1000,2026-09-28T17:23:23.715Z,{}
SP.URB.TOTL.IN.ZS,SP.URB.TOTL.IN.ZS--chn,Chiny,CHN,Urban population (% of total population),1967-12-31,1967,year,1967-01-01,17.7404155731201,% populacji,annual,observed,https://api.worldbank.org/v2/country/POL;WLD;USA;CHN;DEU;IND;KOR;JPN;GBR;FRA;BRA;EST/indicator/SP.URB.TOTL.IN.ZS?format=json&per_page=1000,2026-09-28T17:23:23.715Z,{}
SP.URB.TOTL.IN.ZS,SP.URB.TOTL.IN.ZS--deu,Niemcy,DEU,Urban population (% of total population),1967-12-31,1967,year,1967-01-01,79.1186318013963,% populacji,annual,observed,https://api.worldbank.org/v2/country/POL;WLD;USA;CHN;DEU;IND;KOR;JPN;GBR;FRA;BRA;EST/indicator/SP.URB.TOTL.IN.ZS?format=json&per_page=1000,2026-09-28T17:23:23.715Z,{}
SP.URB.TOTL.IN.ZS,SP.URB.TOTL.IN.ZS--est,Estonia,EST,Urban population (% of total population),1967-12-31,1967,year,1967-01-01,63.6162986755371,% populacji,annual,observed,https://api.worldbank.org/v2/country/POL;WLD;USA;CHN;DEU;IND;KOR;JPN;GBR;FRA;BRA;EST/indicator/SP.URB.TOTL.IN.ZS?format=json&per_page=1000,2026-09-28T17:23:23.715Z,{}
SP.URB.TOTL.IN.ZS,SP.URB.TOTL.IN.ZS--fra,Francja,FRA,Urban population (% of total population),1967-12-31,1967,year,1967-01-01,69.4526181333994,% populacji,annual,observed,https://api.worldbank.org/v2/country/POL;WLD;USA;CHN;DEU;IND;KOR;JPN;GBR;FRA;BRA;EST/indicator/SP.URB.TOTL.IN.ZS?format=json&per_page=1000,2026-09-28T17:23:23.715Z,{}
SP.URB.TOTL.IN.ZS,SP.URB.TOTL.IN.ZS--gbr,Wielka Brytania,GBR,Urban population (% of total population),1967-12-31,1967,year,1967-01-01,77.2378828621291,% populacji,annual,observed,https://api.worldbank.org/v2/country/POL;WLD;USA;CHN;DEU;IND;KOR;JPN;GBR;FRA;BRA;EST/indicator/SP.URB.TOTL.IN.ZS?format=json&per_page=1000,2026-09-28T17:23:23.715Z,{}
SP.URB.TOTL.IN.ZS,SP.URB.TOTL.IN.ZS--ind,Indie,IND,Urban population (% of total population),1967-12-31,1967,year,1967-01-01,19.019938662331,% populacji,annual,observed,https://api.worldbank.org/v2/country/POL;WLD;USA;CHN;DEU;IND;KOR;JPN;GBR;FRA;BRA;EST/indicator/SP.URB.TOTL.IN.ZS?format=json&per_page=1000,2026-09-28T17:23:23.715Z,{}
SP.URB.TOTL.IN.ZS,SP.URB.TOTL.IN.ZS--jpn,Japonia,JPN,Urban population (% of total population),1967-12-31,1967,year,1967-01-01,69.5276778884656,% populacji,annual,observed,https://api.worldbank.org/v2/country/POL;WLD;USA;CHN;DEU;IND;KOR;JPN;GBR;FRA;BRA;EST/indicator/SP.URB.TOTL.IN.ZS?format=json&per_page=1000,2026-09-28T17:23:23.715Z,{}
SP.URB.TOTL.IN.ZS,SP.URB.TOTL.IN.ZS--kor,Korea Płd.,KOR,Urban population (% of total population),1967-12-31,1967,year,1967-01-01,34.5588302969076,% populacji,annual,observed,https://api.worldbank.org/v2/country/POL;WLD;USA;CHN;DEU;IND;KOR;JPN;GBR;FRA;BRA;EST/indicator/SP.URB.TOTL.IN.ZS?format=json&per_page=1000,2026-09-28T17:23:23.715Z,{}
SP.URB.TOTL.IN.ZS,SP.URB.TOTL.IN.ZS--pol,Polska,POL,Urban population (% of total population),1967-12-31,1967,year,1967-01-01,50.8883318947378,% populacji,annual,observed,https://api.worldbank.org/v2/country/POL;WLD;USA;CHN;DEU;IND;KOR;JPN;GBR;FRA;BRA;EST/indicator/SP.URB.TOTL.IN.ZS?format=json&per_page=1000,2026-09-28T17:23:23.715Z,{}
SP.URB.TOTL.IN.ZS,SP.URB.TOTL.IN.ZS--usa,USA,USA,Urban population (% of total population),1967-12-31,1967,year,1967-01-01,72.9903520528347,% populacji,annual,observed,https://api.worldbank.org/v2/country/POL;WLD;USA;CHN;DEU;IND;KOR;JPN;GBR;FRA;BRA;EST/indicator/SP.URB.TOTL.IN.ZS?format=json&per_page=1000,2026-09-28T17:23:23.715Z,{}
SP.URB.TOTL.IN.ZS,SP.URB.TOTL.IN.ZS--wld,Świat,WLD,Urban population (% of total population),1967-12-31,1967,year,1967-01-01,35.8132007561064,% populacji,annual,observed,https://api.worldbank.org/v2/country/POL;WLD;USA;CHN;DEU;IND;KOR;JPN;GBR;FRA;BRA;EST/indicator/SP.URB.TOTL.IN.ZS?format=json&per_page=1000,2026-09-28T17:23:23.715Z,{}
SP.URB.TOTL.IN.ZS,SP.URB.TOTL.IN.ZS--bra,Brazylia,BRA,Urban population (% of total population),1968-12-31,1968,year,1968-01-01,51.2209955712343,% populacji,annual,observed,https://api.worldbank.org/v2/country/POL;WLD;USA;CHN;DEU;IND;KOR;JPN;GBR;FRA;BRA;EST/indicator/SP.URB.TOTL.IN.ZS?format=json&per_page=1000,2026-09-28T17:23:23.715Z,{}
SP.URB.TOTL.IN.ZS,SP.URB.TOTL.IN.ZS--chn,Chiny,CHN,Urban population (% of total population),1968-12-31,1968,year,1968-01-01,17.6203937530518,% populacji,annual,observed,https://api.worldbank.org/v2/country/POL;WLD;USA;CHN;DEU;IND;KOR;JPN;GBR;FRA;BRA;EST/indicator/SP.URB.TOTL.IN.ZS?format=json&per_page=1000,2026-09-28T17:23:23.715Z,{}
SP.URB.TOTL.IN.ZS,SP.URB.TOTL.IN.ZS--deu,Niemcy,DEU,Urban population (% of total population),1968-12-31,1968,year,1968-01-01,79.4191773536822,% populacji,annual,observed,https://api.worldbank.org/v2/country/POL;WLD;USA;CHN;DEU;IND;KOR;JPN;GBR;FRA;BRA;EST/indicator/SP.URB.TOTL.IN.ZS?format=json&per_page=1000,2026-09-28T17:23:23.715Z,{}
SP.URB.TOTL.IN.ZS,SP.URB.TOTL.IN.ZS--est,Estonia,EST,Urban population (% of total population),1968-12-31,1968,year,1968-01-01,64.1745529174805,% populacji,annual,observed,https://api.worldbank.org/v2/country/POL;WLD;USA;CHN;DEU;IND;KOR;JPN;GBR;FRA;BRA;EST/indicator/SP.URB.TOTL.IN.ZS?format=json&per_page=1000,2026-09-28T17:23:23.715Z,{}
SP.URB.TOTL.IN.ZS,SP.URB.TOTL.IN.ZS--fra,Francja,FRA,Urban population (% of total population),1968-12-31,1968,year,1968-01-01,70.1838035411656,% populacji,annual,observed,https://api.worldbank.org/v2/country/POL;WLD;USA;CHN;DEU;IND;KOR;JPN;GBR;FRA;BRA;EST/indicator/SP.URB.TOTL.IN.ZS?format=json&per_page=1000,2026-09-28T17:23:23.715Z,{}
SP.URB.TOTL.IN.ZS,SP.URB.TOTL.IN.ZS--gbr,Wielka Brytania,GBR,Urban population (% of total population),1968-12-31,1968,year,1968-01-01,77.0945715380164,% populacji,annual,observed,https://api.worldbank.org/v2/country/POL;WLD;USA;CHN;DEU;IND;KOR;JPN;GBR;FRA;BRA;EST/indicator/SP.URB.TOTL.IN.ZS?format=json&per_page=1000,2026-09-28T17:23:23.715Z,{}
SP.URB.TOTL.IN.ZS,SP.URB.TOTL.IN.ZS--ind,Indie,IND,Urban population (% of total population),1968-12-31,1968,year,1968-01-01,19.2406688249846,% populacji,annual,observed,https://api.worldbank.org/v2/country/POL;WLD;USA;CHN;DEU;IND;KOR;JPN;GBR;FRA;BRA;EST/indicator/SP.URB.TOTL.IN.ZS?format=json&per_page=1000,2026-09-28T17:23:23.715Z,{}
SP.URB.TOTL.IN.ZS,SP.URB.TOTL.IN.ZS--jpn,Japonia,JPN,Urban population (% of total population),1968-12-31,1968,year,1968-01-01,70.3160321311653,% populacji,annual,observed,https://api.worldbank.org/v2/country/POL;WLD;USA;CHN;DEU;IND;KOR;JPN;GBR;FRA;BRA;EST/indicator/SP.URB.TOTL.IN.ZS?format=json&per_page=1000,2026-09-28T17:23:23.715Z,{}
SP.URB.TOTL.IN.ZS,SP.URB.TOTL.IN.ZS--kor,Korea Płd.,KOR,Urban population (% of total population),1968-12-31,1968,year,1968-01-01,36.5332576645622,% populacji,annual,observed,https://api.worldbank.org/v2/country/POL;WLD;USA;CHN;DEU;IND;KOR;JPN;GBR;FRA;BRA;EST/indicator/SP.URB.TOTL.IN.ZS?format=json&per_page=1000,2026-09-28T17:23:23.715Z,{}
SP.URB.TOTL.IN.ZS,SP.URB.TOTL.IN.ZS--pol,Polska,POL,Urban population (% of total population),1968-12-31,1968,year,1968-01-01,51.2415506701898,% populacji,annual,observed,https://api.worldbank.org/v2/country/POL;WLD;USA;CHN;DEU;IND;KOR;JPN;GBR;FRA;BRA;EST/indicator/SP.URB.TOTL.IN.ZS?format=json&per_page=1000,2026-09-28T17:23:23.715Z,{}
SP.URB.TOTL.IN.ZS,SP.URB.TOTL.IN.ZS--usa,USA,USA,Urban population (% of total population),1968-12-31,1968,year,1968-01-01,73.2455552544594,% populacji,annual,observed,https://api.worldbank.org/v2/country/POL;WLD;USA;CHN;DEU;IND;KOR;JPN;GBR;FRA;BRA;EST/indicator/SP.URB.TOTL.IN.ZS?format=json&per_page=1000,2026-09-28T17:23:23.715Z,{}
SP.URB.TOTL.IN.ZS,SP.URB.TOTL.IN.ZS--wld,Świat,WLD,Urban population (% of total population),1968-12-31,1968,year,1968-01-01,36.0369555466922,% populacji,annual,observed,https://api.worldbank.org/v2/country/POL;WLD;USA;CHN;DEU;IND;KOR;JPN;GBR;FRA;BRA;EST/indicator/SP.URB.TOTL.IN.ZS?format=json&per_page=1000,2026-09-28T17:23:23.715Z,{}
SP.URB.TOTL.IN.ZS,SP.URB.TOTL.IN.ZS--bra,Brazylia,BRA,Urban population (% of total population),1969-12-31,1969,year,1969-01-01,52.1697375744812,% populacji,annual,observed,https://api.worldbank.org/v2/country/POL;WLD;USA;CHN;DEU;IND;KOR;JPN;GBR;FRA;BRA;EST/indicator/SP.URB.TOTL.IN.ZS?format=json&per_page=1000,2026-09-28T17:23:23.715Z,{}
SP.URB.TOTL.IN.ZS,SP.URB.TOTL.IN.ZS--chn,Chiny,CHN,Urban population (% of total population),1969-12-31,1969,year,1969-01-01,17.4994716644287,% populacji,annual,observed,https://api.worldbank.org/v2/country/POL;WLD;USA;CHN;DEU;IND;KOR;JPN;GBR;FRA;BRA;EST/indicator/SP.URB.TOTL.IN.ZS?format=json&per_page=1000,2026-09-28T17:23:23.715Z,{}
SP.URB.TOTL.IN.ZS,SP.URB.TOTL.IN.ZS--deu,Niemcy,DEU,Urban population (% of total population),1969-12-31,1969,year,1969-01-01,79.6010579121433,% populacji,annual,observed,https://api.worldbank.org/v2/country/POL;WLD;USA;CHN;DEU;IND;KOR;JPN;GBR;FRA;BRA;EST/indicator/SP.URB.TOTL.IN.ZS?format=json&per_page=1000,2026-09-28T17:23:23.715Z,{}
SP.URB.TOTL.IN.ZS,SP.URB.TOTL.IN.ZS--est,Estonia,EST,Urban population (% of total population),1969-12-31,1969,year,1969-01-01,64.6328659057617,% populacji,annual,observed,https://api.worldbank.org/v2/country/POL;WLD;USA;CHN;DEU;IND;KOR;JPN;GBR;FRA;BRA;EST/indicator/SP.URB.TOTL.IN.ZS?format=json&per_page=1000,2026-09-28T17:23:23.715Z,{}
SP.URB.TOTL.IN.ZS,SP.URB.TOTL.IN.ZS--fra,Francja,FRA,Urban population (% of total population),1969-12-31,1969,year,1969-01-01,70.786779752051,% populacji,annual,observed,https://api.worldbank.org/v2/country/POL;WLD;USA;CHN;DEU;IND;KOR;JPN;GBR;FRA;BRA;EST/indicator/SP.URB.TOTL.IN.ZS?format=json&per_page=1000,2026-09-28T17:23:23.715Z,{}
SP.URB.TOTL.IN.ZS,SP.URB.TOTL.IN.ZS--gbr,Wielka Brytania,GBR,Urban population (% of total population),1969-12-31,1969,year,1969-01-01,76.9853461177761,% populacji,annual,observed,https://api.worldbank.org/v2/country/POL;WLD;USA;CHN;DEU;IND;KOR;JPN;GBR;FRA;BRA;EST/indicator/SP.URB.TOTL.IN.ZS?format=json&per_page=1000,2026-09-28T17:23:23.715Z,{}
SP.URB.TOTL.IN.ZS,SP.URB.TOTL.IN.ZS--ind,Indie,IND,Urban population (% of total population),1969-12-31,1969,year,1969-01-01,19.4732723197457,% populacji,annual,observed,https://api.worldbank.org/v2/country/POL;WLD;USA;CHN;DEU;IND;KOR;JPN;GBR;FRA;BRA;EST/indicator/SP.URB.TOTL.IN.ZS?format=json&per_page=1000,2026-09-28T17:23:23.715Z,{}
SP.URB.TOTL.IN.ZS,SP.URB.TOTL.IN.ZS--jpn,Japonia,JPN,Urban population (% of total population),1969-12-31,1969,year,1969-01-01,71.0928717875749,% populacji,annual,observed,https://api.worldbank.org/v2/country/POL;WLD;USA;CHN;DEU;IND;KOR;JPN;GBR;FRA;BRA;EST/indicator/SP.URB.TOTL.IN.ZS?format=json&per_page=1000,2026-09-28T17:23:23.715Z,{}
SP.URB.TOTL.IN.ZS,SP.URB.TOTL.IN.ZS--kor,Korea Płd.,KOR,Urban population (% of total population),1969-12-31,1969,year,1969-01-01,38.7099888112837,% populacji,annual,observed,https://api.worldbank.org/v2/country/POL;WLD;USA;CHN;DEU;IND;KOR;JPN;GBR;FRA;BRA;EST/indicator/SP.URB.TOTL.IN.ZS?format=json&per_page=1000,2026-09-28T17:23:23.715Z,{}
SP.URB.TOTL.IN.ZS,SP.URB.TOTL.IN.ZS--pol,Polska,POL,Urban population (% of total population),1969-12-31,1969,year,1969-01-01,51.6287473034525,% populacji,annual,observed,https://api.worldbank.org/v2/country/POL;WLD;USA;CHN;DEU;IND;KOR;JPN;GBR;FRA;BRA;EST/indicator/SP.URB.TOTL.IN.ZS?format=json&per_page=1000,2026-09-28T17:23:23.715Z,{}
SP.URB.TOTL.IN.ZS,SP.URB.TOTL.IN.ZS--usa,USA,USA,Urban population (% of total population),1969-12-31,1969,year,1969-01-01,73.4168452282277,% populacji,annual,observed,https://api.worldbank.org/v2/country/POL;WLD;USA;CHN;DEU;IND;KOR;JPN;GBR;FRA;BRA;EST/indicator/SP.URB.TOTL.IN.ZS?format=json&per_page=1000,2026-09-28T17:23:23.715Z,{}
SP.URB.TOTL.IN.ZS,SP.URB.TOTL.IN.ZS--wld,Świat,WLD,Urban population (% of total population),1969-12-31,1969,year,1969-01-01,36.2531430561938,% populacji,annual,observed,https://api.worldbank.org/v2/country/POL;WLD;USA;CHN;DEU;IND;KOR;JPN;GBR;FRA;BRA;EST/indicator/SP.URB.TOTL.IN.ZS?format=json&per_page=1000,2026-09-28T17:23:23.715Z,{}
SP.URB.TOTL.IN.ZS,SP.URB.TOTL.IN.ZS--bra,Brazylia,BRA,Urban population (% of total population),1970-12-31,1970,year,1970-01-01,53.1833074822629,% populacji,annual,observed,https://api.worldbank.org/v2/country/POL;WLD;USA;CHN;DEU;IND;KOR;JPN;GBR;FRA;BRA;EST/indicator/SP.URB.TOTL.IN.ZS?format=json&per_page=1000,2026-09-28T17:23:23.715Z,{}
SP.URB.TOTL.IN.ZS,SP.URB.TOTL.IN.ZS--chn,Chiny,CHN,Urban population (% of total population),1970-12-31,1970,year,1970-01-01,17.3799896240234,% populacji,annual,observed,https://api.worldbank.org/v2/country/POL;WLD;USA;CHN;DEU;IND;KOR;JPN;GBR;FRA;BRA;EST/indicator/SP.URB.TOTL.IN.ZS?format=json&per_page=1000,2026-09-28T17:23:23.715Z,{}
SP.URB.TOTL.IN.ZS,SP.URB.TOTL.IN.ZS--deu,Niemcy,DEU,Urban population (% of total population),1970-12-31,1970,year,1970-01-01,79.6627851870384,% populacji,annual,observed,https://api.worldbank.org/v2/country/POL;WLD;USA;CHN;DEU;IND;KOR;JPN;GBR;FRA;BRA;EST/indicator/SP.URB.TOTL.IN.ZS?format=json&per_page=1000,2026-09-28T17:23:23.715Z,{}
SP.URB.TOTL.IN.ZS,SP.URB.TOTL.IN.ZS--est,Estonia,EST,Urban population (% of total population),1970-12-31,1970,year,1970-01-01,65.1748926604344,% populacji,annual,observed,https://api.worldbank.org/v2/country/POL;WLD;USA;CHN;DEU;IND;KOR;JPN;GBR;FRA;BRA;EST/indicator/SP.URB.TOTL.IN.ZS?format=json&per_page=1000,2026-09-28T17:23:23.715Z,{}
SP.URB.TOTL.IN.ZS,SP.URB.TOTL.IN.ZS--fra,Francja,FRA,Urban population (% of total population),1970-12-31,1970,year,1970-01-01,71.3599779089291,% populacji,annual,observed,https://api.worldbank.org/v2/country/POL;WLD;USA;CHN;DEU;IND;KOR;JPN;GBR;FRA;BRA;EST/indicator/SP.URB.TOTL.IN.ZS?format=json&per_page=1000,2026-09-28T17:23:23.715Z,{}
SP.URB.TOTL.IN.ZS,SP.URB.TOTL.IN.ZS--gbr,Wielka Brytania,GBR,Urban population (% of total population),1970-12-31,1970,year,1970-01-01,76.9181556673291,% populacji,annual,observed,https://api.worldbank.org/v2/country/POL;WLD;USA;CHN;DEU;IND;KOR;JPN;GBR;FRA;BRA;EST/indicator/SP.URB.TOTL.IN.ZS?format=json&per_page=1000,2026-09-28T17:23:23.715Z,{}
SP.URB.TOTL.IN.ZS,SP.URB.TOTL.IN.ZS--ind,Indie,IND,Urban population (% of total population),1970-12-31,1970,year,1970-01-01,19.7163439120276,% populacji,annual,observed,https://api.worldbank.org/v2/country/POL;WLD;USA;CHN;DEU;IND;KOR;JPN;GBR;FRA;BRA;EST/indicator/SP.URB.TOTL.IN.ZS?format=json&per_page=1000,2026-09-28T17:23:23.715Z,{}
SP.URB.TOTL.IN.ZS,SP.URB.TOTL.IN.ZS--jpn,Japonia,JPN,Urban population (% of total population),1970-12-31,1970,year,1970-01-01,71.8621514888884,% populacji,annual,observed,https://api.worldbank.org/v2/country/POL;WLD;USA;CHN;DEU;IND;KOR;JPN;GBR;FRA;BRA;EST/indicator/SP.URB.TOTL.IN.ZS?format=json&per_page=1000,2026-09-28T17:23:23.715Z,{}
SP.URB.TOTL.IN.ZS,SP.URB.TOTL.IN.ZS--kor,Korea Płd.,KOR,Urban population (% of total population),1970-12-31,1970,year,1970-01-01,40.7085270995502,% populacji,annual,observed,https://api.worldbank.org/v2/country/POL;WLD;USA;CHN;DEU;IND;KOR;JPN;GBR;FRA;BRA;EST/indicator/SP.URB.TOTL.IN.ZS?format=json&per_page=1000,2026-09-28T17:23:23.715Z,{}
SP.URB.TOTL.IN.ZS,SP.URB.TOTL.IN.ZS--pol,Polska,POL,Urban population (% of total population),1970-12-31,1970,year,1970-01-01,52.0669426831476,% populacji,annual,observed,https://api.worldbank.org/v2/country/POL;WLD;USA;CHN;DEU;IND;KOR;JPN;GBR;FRA;BRA;EST/indicator/SP.URB.TOTL.IN.ZS?format=json&per_page=1000,2026-09-28T17:23:23.715Z,{}
SP.URB.TOTL.IN.ZS,SP.URB.TOTL.IN.ZS--usa,USA,USA,Urban population (% of total population),1970-12-31,1970,year,1970-01-01,73.4952537807929,% populacji,annual,observed,https://api.worldbank.org/v2/country/POL;WLD;USA;CHN;DEU;IND;KOR;JPN;GBR;FRA;BRA;EST/indicator/SP.URB.TOTL.IN.ZS?format=json&per_page=1000,2026-09-28T17:23:23.715Z,{}
SP.URB.TOTL.IN.ZS,SP.URB.TOTL.IN.ZS--wld,Świat,WLD,Urban population (% of total population),1970-12-31,1970,year,1970-01-01,36.4465068838947,% populacji,annual,observed,https://api.worldbank.org/v2/country/POL;WLD;USA;CHN;DEU;IND;KOR;JPN;GBR;FRA;BRA;EST/indicator/SP.URB.TOTL.IN.ZS?format=json&per_page=1000,2026-09-28T17:23:23.715Z,{}
SP.URB.TOTL.IN.ZS,SP.URB.TOTL.IN.ZS--bra,Brazylia,BRA,Urban population (% of total population),1971-12-31,1971,year,1971-01-01,54.3280321339847,% populacji,annual,observed,https://api.worldbank.org/v2/country/POL;WLD;USA;CHN;DEU;IND;KOR;JPN;GBR;FRA;BRA;EST/indicator/SP.URB.TOTL.IN.ZS?format=json&per_page=1000,2026-09-28T17:23:23.715Z,{}
SP.URB.TOTL.IN.ZS,SP.URB.TOTL.IN.ZS--chn,Chiny,CHN,Urban population (% of total population),1971-12-31,1971,year,1971-01-01,17.2605571746826,% populacji,annual,observed,https://api.worldbank.org/v2/country/POL;WLD;USA;CHN;DEU;IND;KOR;JPN;GBR;FRA;BRA;EST/indicator/SP.URB.TOTL.IN.ZS?format=json&per_page=1000,2026-09-28T17:23:23.715Z,{}
SP.URB.TOTL.IN.ZS,SP.URB.TOTL.IN.ZS--deu,Niemcy,DEU,Urban population (% of total population),1971-12-31,1971,year,1971-01-01,79.6968705005988,% populacji,annual,observed,https://api.worldbank.org/v2/country/POL;WLD;USA;CHN;DEU;IND;KOR;JPN;GBR;FRA;BRA;EST/indicator/SP.URB.TOTL.IN.ZS?format=json&per_page=1000,2026-09-28T17:23:23.715Z,{}
SP.URB.TOTL.IN.ZS,SP.URB.TOTL.IN.ZS--est,Estonia,EST,Urban population (% of total population),1971-12-31,1971,year,1971-01-01,65.5471649169922,% populacji,annual,observed,https://api.worldbank.org/v2/country/POL;WLD;USA;CHN;DEU;IND;KOR;JPN;GBR;FRA;BRA;EST/indicator/SP.URB.TOTL.IN.ZS?format=json&per_page=1000,2026-09-28T17:23:23.715Z,{}
SP.URB.TOTL.IN.ZS,SP.URB.TOTL.IN.ZS--fra,Francja,FRA,Urban population (% of total population),1971-12-31,1971,year,1971-01-01,71.875132564358,% populacji,annual,observed,https://api.worldbank.org/v2/country/POL;WLD;USA;CHN;DEU;IND;KOR;JPN;GBR;FRA;BRA;EST/indicator/SP.URB.TOTL.IN.ZS?format=json&per_page=1000,2026-09-28T17:23:23.715Z,{}
SP.URB.TOTL.IN.ZS,SP.URB.TOTL.IN.ZS--gbr,Wielka Brytania,GBR,Urban population (% of total population),1971-12-31,1971,year,1971-01-01,76.9023108087531,% populacji,annual,observed,https://api.worldbank.org/v2/country/POL;WLD;USA;CHN;DEU;IND;KOR;JPN;GBR;FRA;BRA;EST/indicator/SP.URB.TOTL.IN.ZS?format=json&per_page=1000,2026-09-28T17:23:23.715Z,{}
SP.URB.TOTL.IN.ZS,SP.URB.TOTL.IN.ZS--ind,Indie,IND,Urban population (% of total population),1971-12-31,1971,year,1971-01-01,19.973429065388,% populacji,annual,observed,https://api.worldbank.org/v2/country/POL;WLD;USA;CHN;DEU;IND;KOR;JPN;GBR;FRA;BRA;EST/indicator/SP.URB.TOTL.IN.ZS?format=json&per_page=1000,2026-09-28T17:23:23.715Z,{}
SP.URB.TOTL.IN.ZS,SP.URB.TOTL.IN.ZS--jpn,Japonia,JPN,Urban population (% of total population),1971-12-31,1971,year,1971-01-01,72.7088282579266,% populacji,annual,observed,https://api.worldbank.org/v2/country/POL;WLD;USA;CHN;DEU;IND;KOR;JPN;GBR;FRA;BRA;EST/indicator/SP.URB.TOTL.IN.ZS?format=json&per_page=1000,2026-09-28T17:23:23.715Z,{}
SP.URB.TOTL.IN.ZS,SP.URB.TOTL.IN.ZS--kor,Korea Płd.,KOR,Urban population (% of total population),1971-12-31,1971,year,1971-01-01,42.3477332957849,% populacji,annual,observed,https://api.worldbank.org/v2/country/POL;WLD;USA;CHN;DEU;IND;KOR;JPN;GBR;FRA;BRA;EST/indicator/SP.URB.TOTL.IN.ZS?format=json&per_page=1000,2026-09-28T17:23:23.715Z,{}
SP.URB.TOTL.IN.ZS,SP.URB.TOTL.IN.ZS--pol,Polska,POL,Urban population (% of total population),1971-12-31,1971,year,1971-01-01,52.573371987575,% populacji,annual,observed,https://api.worldbank.org/v2/country/POL;WLD;USA;CHN;DEU;IND;KOR;JPN;GBR;FRA;BRA;EST/indicator/SP.URB.TOTL.IN.ZS?format=json&per_page=1000,2026-09-28T17:23:23.715Z,{}
SP.URB.TOTL.IN.ZS,SP.URB.TOTL.IN.ZS--usa,USA,USA,Urban population (% of total population),1971-12-31,1971,year,1971-01-01,73.5330324597265,% populacji,annual,observed,https://api.worldbank.org/v2/country/POL;WLD;USA;CHN;DEU;IND;KOR;JPN;GBR;FRA;BRA;EST/indicator/SP.URB.TOTL.IN.ZS?format=json&per_page=1000,2026-09-28T17:23:23.715Z,{}
SP.URB.TOTL.IN.ZS,SP.URB.TOTL.IN.ZS--wld,Świat,WLD,Urban population (% of total population),1971-12-31,1971,year,1971-01-01,36.6534857196482,% populacji,annual,observed,https://api.worldbank.org/v2/country/POL;WLD;USA;CHN;DEU;IND;KOR;JPN;GBR;FRA;BRA;EST/indicator/SP.URB.TOTL.IN.ZS?format=json&per_page=1000,2026-09-28T17:23:23.715Z,{}
SP.URB.TOTL.IN.ZS,SP.URB.TOTL.IN.ZS--bra,Brazylia,BRA,Urban population (% of total population),1972-12-31,1972,year,1972-01-01,55.6603463643346,% populacji,annual,observed,https://api.worldbank.org/v2/country/POL;WLD;USA;CHN;DEU;IND;KOR;JPN;GBR;FRA;BRA;EST/indicator/SP.URB.TOTL.IN.ZS?format=json&per_page=1000,2026-09-28T17:23:23.715Z,{}
SP.URB.TOTL.IN.ZS,SP.URB.TOTL.IN.ZS--chn,Chiny,CHN,Urban population (% of total population),1972-12-31,1972,year,1972-01-01,17.1318130493164,% populacji,annual,observed,https://api.worldbank.org/v2/country/POL;WLD;USA;CHN;DEU;IND;KOR;JPN;GBR;FRA;BRA;EST/indicator/SP.URB.TOTL.IN.ZS?format=json&per_page=1000,2026-09-28T17:23:23.715Z,{}
SP.URB.TOTL.IN.ZS,SP.URB.TOTL.IN.ZS--deu,Niemcy,DEU,Urban population (% of total population),1972-12-31,1972,year,1972-01-01,79.7310978143457,% populacji,annual,observed,https://api.worldbank.org/v2/country/POL;WLD;USA;CHN;DEU;IND;KOR;JPN;GBR;FRA;BRA;EST/indicator/SP.URB.TOTL.IN.ZS?format=json&per_page=1000,2026-09-28T17:23:23.715Z,{}
SP.URB.TOTL.IN.ZS,SP.URB.TOTL.IN.ZS--est,Estonia,EST,Urban population (% of total population),1972-12-31,1972,year,1972-01-01,66.1060028076172,% populacji,annual,observed,https://api.worldbank.org/v2/country/POL;WLD;USA;CHN;DEU;IND;KOR;JPN;GBR;FRA;BRA;EST/indicator/SP.URB.TOTL.IN.ZS?format=json&per_page=1000,2026-09-28T17:23:23.715Z,{}
SP.URB.TOTL.IN.ZS,SP.URB.TOTL.IN.ZS--fra,Francja,FRA,Urban population (% of total population),1972-12-31,1972,year,1972-01-01,72.3147256282583,% populacji,annual,observed,https://api.worldbank.org/v2/country/POL;WLD;USA;CHN;DEU;IND;KOR;JPN;GBR;FRA;BRA;EST/indicator/SP.URB.TOTL.IN.ZS?format=json&per_page=1000,2026-09-28T17:23:23.715Z,{}
SP.URB.TOTL.IN.ZS,SP.URB.TOTL.IN.ZS--gbr,Wielka Brytania,GBR,Urban population (% of total population),1972-12-31,1972,year,1972-01-01,76.9664092010843,% populacji,annual,observed,https://api.worldbank.org/v2/country/POL;WLD;USA;CHN;DEU;IND;KOR;JPN;GBR;FRA;BRA;EST/indicator/SP.URB.TOTL.IN.ZS?format=json&per_page=1000,2026-09-28T17:23:23.715Z,{}
SP.URB.TOTL.IN.ZS,SP.URB.TOTL.IN.ZS--ind,Indie,IND,Urban population (% of total population),1972-12-31,1972,year,1972-01-01,20.2765374145567,% populacji,annual,observed,https://api.worldbank.org/v2/country/POL;WLD;USA;CHN;DEU;IND;KOR;JPN;GBR;FRA;BRA;EST/indicator/SP.URB.TOTL.IN.ZS?format=json&per_page=1000,2026-09-28T17:23:23.715Z,{}
SP.URB.TOTL.IN.ZS,SP.URB.TOTL.IN.ZS--jpn,Japonia,JPN,Urban population (% of total population),1972-12-31,1972,year,1972-01-01,73.678910701481,% populacji,annual,observed,https://api.worldbank.org/v2/country/POL;WLD;USA;CHN;DEU;IND;KOR;JPN;GBR;FRA;BRA;EST/indicator/SP.URB.TOTL.IN.ZS?format=json&per_page=1000,2026-09-28T17:23:23.715Z,{}
SP.URB.TOTL.IN.ZS,SP.URB.TOTL.IN.ZS--kor,Korea Płd.,KOR,Urban population (% of total population),1972-12-31,1972,year,1972-01-01,43.7893372123996,% populacji,annual,observed,https://api.worldbank.org/v2/country/POL;WLD;USA;CHN;DEU;IND;KOR;JPN;GBR;FRA;BRA;EST/indicator/SP.URB.TOTL.IN.ZS?format=json&per_page=1000,2026-09-28T17:23:23.715Z,{}
SP.URB.TOTL.IN.ZS,SP.URB.TOTL.IN.ZS--pol,Polska,POL,Urban population (% of total population),1972-12-31,1972,year,1972-01-01,53.1783979300284,% populacji,annual,observed,https://api.worldbank.org/v2/country/POL;WLD;USA;CHN;DEU;IND;KOR;JPN;GBR;FRA;BRA;EST/indicator/SP.URB.TOTL.IN.ZS?format=json&per_page=1000,2026-09-28T17:23:23.715Z,{}
SP.URB.TOTL.IN.ZS,SP.URB.TOTL.IN.ZS--usa,USA,USA,Urban population (% of total population),1972-12-31,1972,year,1972-01-01,73.5628076749457,% populacji,annual,observed,https://api.worldbank.org/v2/country/POL;WLD;USA;CHN;DEU;IND;KOR;JPN;GBR;FRA;BRA;EST/indicator/SP.URB.TOTL.IN.ZS?format=json&per_page=1000,2026-09-28T17:23:23.715Z,{}
SP.URB.TOTL.IN.ZS,SP.URB.TOTL.IN.ZS--wld,Świat,WLD,Urban population (% of total population),1972-12-31,1972,year,1972-01-01,36.8815395836618,% populacji,annual,observed,https://api.worldbank.org/v2/country/POL;WLD;USA;CHN;DEU;IND;KOR;JPN;GBR;FRA;BRA;EST/indicator/SP.URB.TOTL.IN.ZS?format=json&per_page=1000,2026-09-28T17:23:23.715Z,{}
SP.URB.TOTL.IN.ZS,SP.URB.TOTL.IN.ZS--bra,Brazylia,BRA,Urban population (% of total population),1973-12-31,1973,year,1973-01-01,57.1367059834728,% populacji,annual,observed,https://api.worldbank.org/v2/country/POL;WLD;USA;CHN;DEU;IND;KOR;JPN;GBR;FRA;BRA;EST/indicator/SP.URB.TOTL.IN.ZS?format=json&per_page=1000,2026-09-28T17:23:23.715Z,{}
SP.URB.TOTL.IN.ZS,SP.URB.TOTL.IN.ZS--chn,Chiny,CHN,Urban population (% of total population),1973-12-31,1973,year,1973-01-01,17.2007942199707,% populacji,annual,observed,https://api.worldbank.org/v2/country/POL;WLD;USA;CHN;DEU;IND;KOR;JPN;GBR;FRA;BRA;EST/indicator/SP.URB.TOTL.IN.ZS?format=json&per_page=1000,2026-09-28T17:23:23.715Z,{}
SP.URB.TOTL.IN.ZS,SP.URB.TOTL.IN.ZS--deu,Niemcy,DEU,Urban population (% of total population),1973-12-31,1973,year,1973-01-01,79.7625459328083,% populacji,annual,observed,https://api.worldbank.org/v2/country/POL;WLD;USA;CHN;DEU;IND;KOR;JPN;GBR;FRA;BRA;EST/indicator/SP.URB.TOTL.IN.ZS?format=json&per_page=1000,2026-09-28T17:23:23.715Z,{}
SP.URB.TOTL.IN.ZS,SP.URB.TOTL.IN.ZS--est,Estonia,EST,Urban population (% of total population),1973-12-31,1973,year,1973-01-01,66.6622848510742,% populacji,annual,observed,https://api.worldbank.org/v2/country/POL;WLD;USA;CHN;DEU;IND;KOR;JPN;GBR;FRA;BRA;EST/indicator/SP.URB.TOTL.IN.ZS?format=json&per_page=1000,2026-09-28T17:23:23.715Z,{}
SP.URB.TOTL.IN.ZS,SP.URB.TOTL.IN.ZS--fra,Francja,FRA,Urban population (% of total population),1973-12-31,1973,year,1973-01-01,72.6612390105508,% populacji,annual,observed,https://api.worldbank.org/v2/country/POL;WLD;USA;CHN;DEU;IND;KOR;JPN;GBR;FRA;BRA;EST/indicator/SP.URB.TOTL.IN.ZS?format=json&per_page=1000,2026-09-28T17:23:23.715Z,{}
SP.URB.TOTL.IN.ZS,SP.URB.TOTL.IN.ZS--gbr,Wielka Brytania,GBR,Urban population (% of total population),1973-12-31,1973,year,1973-01-01,77.1097588679539,% populacji,annual,observed,https://api.worldbank.org/v2/country/POL;WLD;USA;CHN;DEU;IND;KOR;JPN;GBR;FRA;BRA;EST/indicator/SP.URB.TOTL.IN.ZS?format=json&per_page=1000,2026-09-28T17:23:23.715Z,{}
SP.URB.TOTL.IN.ZS,SP.URB.TOTL.IN.ZS--ind,Indie,IND,Urban population (% of total population),1973-12-31,1973,year,1973-01-01,20.6395528614156,% populacji,annual,observed,https://api.worldbank.org/v2/country/POL;WLD;USA;CHN;DEU;IND;KOR;JPN;GBR;FRA;BRA;EST/indicator/SP.URB.TOTL.IN.ZS?format=json&per_page=1000,2026-09-28T17:23:23.715Z,{}
SP.URB.TOTL.IN.ZS,SP.URB.TOTL.IN.ZS--jpn,Japonia,JPN,Urban population (% of total population),1973-12-31,1973,year,1973-01-01,74.6313684290253,% populacji,annual,observed,https://api.worldbank.org/v2/country/POL;WLD;USA;CHN;DEU;IND;KOR;JPN;GBR;FRA;BRA;EST/indicator/SP.URB.TOTL.IN.ZS?format=json&per_page=1000,2026-09-28T17:23:23.715Z,{}
SP.URB.TOTL.IN.ZS,SP.URB.TOTL.IN.ZS--kor,Korea Płd.,KOR,Urban population (% of total population),1973-12-31,1973,year,1973-01-01,45.1473735759202,% populacji,annual,observed,https://api.worldbank.org/v2/country/POL;WLD;USA;CHN;DEU;IND;KOR;JPN;GBR;FRA;BRA;EST/indicator/SP.URB.TOTL.IN.ZS?format=json&per_page=1000,2026-09-28T17:23:23.715Z,{}
SP.URB.TOTL.IN.ZS,SP.URB.TOTL.IN.ZS--pol,Polska,POL,Urban population (% of total population),1973-12-31,1973,year,1973-01-01,53.8553256612611,% populacji,annual,observed,https://api.worldbank.org/v2/country/POL;WLD;USA;CHN;DEU;IND;KOR;JPN;GBR;FRA;BRA;EST/indicator/SP.URB.TOTL.IN.ZS?format=json&per_page=1000,2026-09-28T17:23:23.715Z,{}
SP.URB.TOTL.IN.ZS,SP.URB.TOTL.IN.ZS--usa,USA,USA,Urban population (% of total population),1973-12-31,1973,year,1973-01-01,73.5855186931405,% populacji,annual,observed,https://api.worldbank.org/v2/country/POL;WLD;USA;CHN;DEU;IND;KOR;JPN;GBR;FRA;BRA;EST/indicator/SP.URB.TOTL.IN.ZS?format=json&per_page=1000,2026-09-28T17:23:23.715Z,{}
SP.URB.TOTL.IN.ZS,SP.URB.TOTL.IN.ZS--wld,Świat,WLD,Urban population (% of total population),1973-12-31,1973,year,1973-01-01,37.1627661237743,% populacji,annual,observed,https://api.worldbank.org/v2/country/POL;WLD;USA;CHN;DEU;IND;KOR;JPN;GBR;FRA;BRA;EST/indicator/SP.URB.TOTL.IN.ZS?format=json&per_page=1000,2026-09-28T17:23:23.715Z,{}
SP.URB.TOTL.IN.ZS,SP.URB.TOTL.IN.ZS--bra,Brazylia,BRA,Urban population (% of total population),1974-12-31,1974,year,1974-01-01,58.7085334377884,% populacji,annual,observed,https://api.worldbank.org/v2/country/POL;WLD;USA;CHN;DEU;IND;KOR;JPN;GBR;FRA;BRA;EST/indicator/SP.URB.TOTL.IN.ZS?format=json&per_page=1000,2026-09-28T17:23:23.715Z,{}
SP.URB.TOTL.IN.ZS,SP.URB.TOTL.IN.ZS--chn,Chiny,CHN,Urban population (% of total population),1974-12-31,1974,year,1974-01-01,17.1639575958252,% populacji,annual,observed,https://api.worldbank.org/v2/country/POL;WLD;USA;CHN;DEU;IND;KOR;JPN;GBR;FRA;BRA;EST/indicator/SP.URB.TOTL.IN.ZS?format=json&per_page=1000,2026-09-28T17:23:23.715Z,{}
SP.URB.TOTL.IN.ZS,SP.URB.TOTL.IN.ZS--deu,Niemcy,DEU,Urban population (% of total population),1974-12-31,1974,year,1974-01-01,79.7913607527508,% populacji,annual,observed,https://api.worldbank.org/v2/country/POL;WLD;USA;CHN;DEU;IND;KOR;JPN;GBR;FRA;BRA;EST/indicator/SP.URB.TOTL.IN.ZS?format=json&per_page=1000,2026-09-28T17:23:23.715Z,{}
SP.URB.TOTL.IN.ZS,SP.URB.TOTL.IN.ZS--est,Estonia,EST,Urban population (% of total population),1974-12-31,1974,year,1974-01-01,67.1876220703125,% populacji,annual,observed,https://api.worldbank.org/v2/country/POL;WLD;USA;CHN;DEU;IND;KOR;JPN;GBR;FRA;BRA;EST/indicator/SP.URB.TOTL.IN.ZS?format=json&per_page=1000,2026-09-28T17:23:23.715Z,{}
SP.URB.TOTL.IN.ZS,SP.URB.TOTL.IN.ZS--fra,Francja,FRA,Urban population (% of total population),1974-12-31,1974,year,1974-01-01,72.897154621156,% populacji,annual,observed,https://api.worldbank.org/v2/country/POL;WLD;USA;CHN;DEU;IND;KOR;JPN;GBR;FRA;BRA;EST/indicator/SP.URB.TOTL.IN.ZS?format=json&per_page=1000,2026-09-28T17:23:23.715Z,{}
SP.URB.TOTL.IN.ZS,SP.URB.TOTL.IN.ZS--gbr,Wielka Brytania,GBR,Urban population (% of total population),1974-12-31,1974,year,1974-01-01,77.3109917306611,% populacji,annual,observed,https://api.worldbank.org/v2/country/POL;WLD;USA;CHN;DEU;IND;KOR;JPN;GBR;FRA;BRA;EST/indicator/SP.URB.TOTL.IN.ZS?format=json&per_page=1000,2026-09-28T17:23:23.715Z,{}
SP.URB.TOTL.IN.ZS,SP.URB.TOTL.IN.ZS--ind,Indie,IND,Urban population (% of total population),1974-12-31,1974,year,1974-01-01,21.0444612042606,% populacji,annual,observed,https://api.worldbank.org/v2/country/POL;WLD;USA;CHN;DEU;IND;KOR;JPN;GBR;FRA;BRA;EST/indicator/SP.URB.TOTL.IN.ZS?format=json&per_page=1000,2026-09-28T17:23:23.715Z,{}
SP.URB.TOTL.IN.ZS,SP.URB.TOTL.IN.ZS--jpn,Japonia,JPN,Urban population (% of total population),1974-12-31,1974,year,1974-01-01,75.4106178027416,% populacji,annual,observed,https://api.worldbank.org/v2/country/POL;WLD;USA;CHN;DEU;IND;KOR;JPN;GBR;FRA;BRA;EST/indicator/SP.URB.TOTL.IN.ZS?format=json&per_page=1000,2026-09-28T17:23:23.715Z,{}
SP.URB.TOTL.IN.ZS,SP.URB.TOTL.IN.ZS--kor,Korea Płd.,KOR,Urban population (% of total population),1974-12-31,1974,year,1974-01-01,46.5094025449477,% populacji,annual,observed,https://api.worldbank.org/v2/country/POL;WLD;USA;CHN;DEU;IND;KOR;JPN;GBR;FRA;BRA;EST/indicator/SP.URB.TOTL.IN.ZS?format=json&per_page=1000,2026-09-28T17:23:23.715Z,{}
SP.URB.TOTL.IN.ZS,SP.URB.TOTL.IN.ZS--pol,Polska,POL,Urban population (% of total population),1974-12-31,1974,year,1974-01-01,54.5736658357177,% populacji,annual,observed,https://api.worldbank.org/v2/country/POL;WLD;USA;CHN;DEU;IND;KOR;JPN;GBR;FRA;BRA;EST/indicator/SP.URB.TOTL.IN.ZS?format=json&per_page=1000,2026-09-28T17:23:23.715Z,{}
SP.URB.TOTL.IN.ZS,SP.URB.TOTL.IN.ZS--usa,USA,USA,Urban population (% of total population),1974-12-31,1974,year,1974-01-01,73.6035786053068,% populacji,annual,observed,https://api.worldbank.org/v2/country/POL;WLD;USA;CHN;DEU;IND;KOR;JPN;GBR;FRA;BRA;EST/indicator/SP.URB.TOTL.IN.ZS?format=json&per_page=1000,2026-09-28T17:23:23.715Z,{}
SP.URB.TOTL.IN.ZS,SP.URB.TOTL.IN.ZS--wld,Świat,WLD,Urban population (% of total population),1974-12-31,1974,year,1974-01-01,37.4079286853298,% populacji,annual,observed,https://api.worldbank.org/v2/country/POL;WLD;USA;CHN;DEU;IND;KOR;JPN;GBR;FRA;BRA;EST/indicator/SP.URB.TOTL.IN.ZS?format=json&per_page=1000,2026-09-28T17:23:23.715Z,{}
SP.URB.TOTL.IN.ZS,SP.URB.TOTL.IN.ZS--bra,Brazylia,BRA,Urban population (% of total population),1975-12-31,1975,year,1975-01-01,60.3272511736705,% populacji,annual,observed,https://api.worldbank.org/v2/country/POL;WLD;USA;CHN;DEU;IND;KOR;JPN;GBR;FRA;BRA;EST/indicator/SP.URB.TOTL.IN.ZS?format=json&per_page=1000,2026-09-28T17:23:23.715Z,{}
SP.URB.TOTL.IN.ZS,SP.URB.TOTL.IN.ZS--chn,Chiny,CHN,Urban population (% of total population),1975-12-31,1975,year,1975-01-01,17.3447303771973,% populacji,annual,observed,https://api.worldbank.org/v2/country/POL;WLD;USA;CHN;DEU;IND;KOR;JPN;GBR;FRA;BRA;EST/indicator/SP.URB.TOTL.IN.ZS?format=json&per_page=1000,2026-09-28T17:23:23.715Z,{}
SP.URB.TOTL.IN.ZS,SP.URB.TOTL.IN.ZS--deu,Niemcy,DEU,Urban population (% of total population),1975-12-31,1975,year,1975-01-01,79.8176881709377,% populacji,annual,observed,https://api.worldbank.org/v2/country/POL;WLD;USA;CHN;DEU;IND;KOR;JPN;GBR;FRA;BRA;EST/indicator/SP.URB.TOTL.IN.ZS?format=json&per_page=1000,2026-09-28T17:23:23.715Z,{}
SP.URB.TOTL.IN.ZS,SP.URB.TOTL.IN.ZS--est,Estonia,EST,Urban population (% of total population),1975-12-31,1975,year,1975-01-01,67.6982269287109,% populacji,annual,observed,https://api.worldbank.org/v2/country/POL;WLD;USA;CHN;DEU;IND;KOR;JPN;GBR;FRA;BRA;EST/indicator/SP.URB.TOTL.IN.ZS?format=json&per_page=1000,2026-09-28T17:23:23.715Z,{}
SP.URB.TOTL.IN.ZS,SP.URB.TOTL.IN.ZS--fra,Francja,FRA,Urban population (% of total population),1975-12-31,1975,year,1975-01-01,73.0141655469367,% populacji,annual,observed,https://api.worldbank.org/v2/country/POL;WLD;USA;CHN;DEU;IND;KOR;JPN;GBR;FRA;BRA;EST/indicator/SP.URB.TOTL.IN.ZS?format=json&per_page=1000,2026-09-28T17:23:23.715Z,{}
SP.URB.TOTL.IN.ZS,SP.URB.TOTL.IN.ZS--gbr,Wielka Brytania,GBR,Urban population (% of total population),1975-12-31,1975,year,1975-01-01,77.5493534649081,% populacji,annual,observed,https://api.worldbank.org/v2/country/POL;WLD;USA;CHN;DEU;IND;KOR;JPN;GBR;FRA;BRA;EST/indicator/SP.URB.TOTL.IN.ZS?format=json&per_page=1000,2026-09-28T17:23:23.715Z,{}
SP.URB.TOTL.IN.ZS,SP.URB.TOTL.IN.ZS--ind,Indie,IND,Urban population (% of total population),1975-12-31,1975,year,1975-01-01,21.4761700378174,% populacji,annual,observed,https://api.worldbank.org/v2/country/POL;WLD;USA;CHN;DEU;IND;KOR;JPN;GBR;FRA;BRA;EST/indicator/SP.URB.TOTL.IN.ZS?format=json&per_page=1000,2026-09-28T17:23:23.715Z,{}
SP.URB.TOTL.IN.ZS,SP.URB.TOTL.IN.ZS--jpn,Japonia,JPN,Urban population (% of total population),1975-12-31,1975,year,1975-01-01,75.8511067264535,% populacji,annual,observed,https://api.worldbank.org/v2/country/POL;WLD;USA;CHN;DEU;IND;KOR;JPN;GBR;FRA;BRA;EST/indicator/SP.URB.TOTL.IN.ZS?format=json&per_page=1000,2026-09-28T17:23:23.715Z,{}
SP.URB.TOTL.IN.ZS,SP.URB.TOTL.IN.ZS--kor,Korea Płd.,KOR,Urban population (% of total population),1975-12-31,1975,year,1975-01-01,47.9673969434303,% populacji,annual,observed,https://api.worldbank.org/v2/country/POL;WLD;USA;CHN;DEU;IND;KOR;JPN;GBR;FRA;BRA;EST/indicator/SP.URB.TOTL.IN.ZS?format=json&per_page=1000,2026-09-28T17:23:23.715Z,{}
SP.URB.TOTL.IN.ZS,SP.URB.TOTL.IN.ZS--pol,Polska,POL,Urban population (% of total population),1975-12-31,1975,year,1975-01-01,55.3029291078427,% populacji,annual,observed,https://api.worldbank.org/v2/country/POL;WLD;USA;CHN;DEU;IND;KOR;JPN;GBR;FRA;BRA;EST/indicator/SP.URB.TOTL.IN.ZS?format=json&per_page=1000,2026-09-28T17:23:23.715Z,{}
SP.URB.TOTL.IN.ZS,SP.URB.TOTL.IN.ZS--usa,USA,USA,Urban population (% of total population),1975-12-31,1975,year,1975-01-01,73.6194005024406,% populacji,annual,observed,https://api.worldbank.org/v2/country/POL;WLD;USA;CHN;DEU;IND;KOR;JPN;GBR;FRA;BRA;EST/indicator/SP.URB.TOTL.IN.ZS?format=json&per_page=1000,2026-09-28T17:23:23.715Z,{}
SP.URB.TOTL.IN.ZS,SP.URB.TOTL.IN.ZS--wld,Świat,WLD,Urban population (% of total population),1975-12-31,1975,year,1975-01-01,37.6976120994804,% populacji,annual,observed,https://api.worldbank.org/v2/country/POL;WLD;USA;CHN;DEU;IND;KOR;JPN;GBR;FRA;BRA;EST/indicator/SP.URB.TOTL.IN.ZS?format=json&per_page=1000,2026-09-28T17:23:23.715Z,{}
SP.URB.TOTL.IN.ZS,SP.URB.TOTL.IN.ZS--bra,Brazylia,BRA,Urban population (% of total population),1976-12-31,1976,year,1976-01-01,61.9442816375084,% populacji,annual,observed,https://api.worldbank.org/v2/country/POL;WLD;USA;CHN;DEU;IND;KOR;JPN;GBR;FRA;BRA;EST/indicator/SP.URB.TOTL.IN.ZS?format=json&per_page=1000,2026-09-28T17:23:23.715Z,{}
SP.URB.TOTL.IN.ZS,SP.URB.TOTL.IN.ZS--chn,Chiny,CHN,Urban population (% of total population),1976-12-31,1976,year,1976-01-01,17.4365386962891,% populacji,annual,observed,https://api.worldbank.org/v2/country/POL;WLD;USA;CHN;DEU;IND;KOR;JPN;GBR;FRA;BRA;EST/indicator/SP.URB.TOTL.IN.ZS?format=json&per_page=1000,2026-09-28T17:23:23.715Z,{}
SP.URB.TOTL.IN.ZS,SP.URB.TOTL.IN.ZS--deu,Niemcy,DEU,Urban population (% of total population),1976-12-31,1976,year,1976-01-01,79.8416740841331,% populacji,annual,observed,https://api.worldbank.org/v2/country/POL;WLD;USA;CHN;DEU;IND;KOR;JPN;GBR;FRA;BRA;EST/indicator/SP.URB.TOTL.IN.ZS?format=json&per_page=1000,2026-09-28T17:23:23.715Z,{}
SP.URB.TOTL.IN.ZS,SP.URB.TOTL.IN.ZS--est,Estonia,EST,Urban population (% of total population),1976-12-31,1976,year,1976-01-01,68.2090377807617,% populacji,annual,observed,https://api.worldbank.org/v2/country/POL;WLD;USA;CHN;DEU;IND;KOR;JPN;GBR;FRA;BRA;EST/indicator/SP.URB.TOTL.IN.ZS?format=json&per_page=1000,2026-09-28T17:23:23.715Z,{}
SP.URB.TOTL.IN.ZS,SP.URB.TOTL.IN.ZS--fra,Francja,FRA,Urban population (% of total population),1976-12-31,1976,year,1976-01-01,73.0820015754495,% populacji,annual,observed,https://api.worldbank.org/v2/country/POL;WLD;USA;CHN;DEU;IND;KOR;JPN;GBR;FRA;BRA;EST/indicator/SP.URB.TOTL.IN.ZS?format=json&per_page=1000,2026-09-28T17:23:23.715Z,{}
SP.URB.TOTL.IN.ZS,SP.URB.TOTL.IN.ZS--gbr,Wielka Brytania,GBR,Urban population (% of total population),1976-12-31,1976,year,1976-01-01,77.8040897463968,% populacji,annual,observed,https://api.worldbank.org/v2/country/POL;WLD;USA;CHN;DEU;IND;KOR;JPN;GBR;FRA;BRA;EST/indicator/SP.URB.TOTL.IN.ZS?format=json&per_page=1000,2026-09-28T17:23:23.715Z,{}
SP.URB.TOTL.IN.ZS,SP.URB.TOTL.IN.ZS--ind,Indie,IND,Urban population (% of total population),1976-12-31,1976,year,1976-01-01,21.9195869568118,% populacji,annual,observed,https://api.worldbank.org/v2/country/POL;WLD;USA;CHN;DEU;IND;KOR;JPN;GBR;FRA;BRA;EST/indicator/SP.URB.TOTL.IN.ZS?format=json&per_page=1000,2026-09-28T17:23:23.715Z,{}
SP.URB.TOTL.IN.ZS,SP.URB.TOTL.IN.ZS--jpn,Japonia,JPN,Urban population (% of total population),1976-12-31,1976,year,1976-01-01,75.9718496490584,% populacji,annual,observed,https://api.worldbank.org/v2/country/POL;WLD;USA;CHN;DEU;IND;KOR;JPN;GBR;FRA;BRA;EST/indicator/SP.URB.TOTL.IN.ZS?format=json&per_page=1000,2026-09-28T17:23:23.715Z,{}
SP.URB.TOTL.IN.ZS,SP.URB.TOTL.IN.ZS--kor,Korea Płd.,KOR,Urban population (% of total population),1976-12-31,1976,year,1976-01-01,49.5736556126164,% populacji,annual,observed,https://api.worldbank.org/v2/country/POL;WLD;USA;CHN;DEU;IND;KOR;JPN;GBR;FRA;BRA;EST/indicator/SP.URB.TOTL.IN.ZS?format=json&per_page=1000,2026-09-28T17:23:23.715Z,{}
SP.URB.TOTL.IN.ZS,SP.URB.TOTL.IN.ZS--pol,Polska,POL,Urban population (% of total population),1976-12-31,1976,year,1976-01-01,56.0126261320806,% populacji,annual,observed,https://api.worldbank.org/v2/country/POL;WLD;USA;CHN;DEU;IND;KOR;JPN;GBR;FRA;BRA;EST/indicator/SP.URB.TOTL.IN.ZS?format=json&per_page=1000,2026-09-28T17:23:23.715Z,{}
SP.URB.TOTL.IN.ZS,SP.URB.TOTL.IN.ZS--usa,USA,USA,Urban population (% of total population),1976-12-31,1976,year,1976-01-01,73.6353974755378,% populacji,annual,observed,https://api.worldbank.org/v2/country/POL;WLD;USA;CHN;DEU;IND;KOR;JPN;GBR;FRA;BRA;EST/indicator/SP.URB.TOTL.IN.ZS?format=json&per_page=1000,2026-09-28T17:23:23.715Z,{}
SP.URB.TOTL.IN.ZS,SP.URB.TOTL.IN.ZS--wld,Świat,WLD,Urban population (% of total population),1976-12-31,1976,year,1976-01-01,37.9940867294726,% populacji,annual,observed,https://api.worldbank.org/v2/country/POL;WLD;USA;CHN;DEU;IND;KOR;JPN;GBR;FRA;BRA;EST/indicator/SP.URB.TOTL.IN.ZS?format=json&per_page=1000,2026-09-28T17:23:23.715Z,{}
SP.URB.TOTL.IN.ZS,SP.URB.TOTL.IN.ZS--bra,Brazylia,BRA,Urban population (% of total population),1977-12-31,1977,year,1977-01-01,63.5110472756912,% populacji,annual,observed,https://api.worldbank.org/v2/country/POL;WLD;USA;CHN;DEU;IND;KOR;JPN;GBR;FRA;BRA;EST/indicator/SP.URB.TOTL.IN.ZS?format=json&per_page=1000,2026-09-28T17:23:23.715Z,{}
SP.URB.TOTL.IN.ZS,SP.URB.TOTL.IN.ZS--chn,Chiny,CHN,Urban population (% of total population),1977-12-31,1977,year,1977-01-01,17.551118850708,% populacji,annual,observed,https://api.worldbank.org/v2/country/POL;WLD;USA;CHN;DEU;IND;KOR;JPN;GBR;FRA;BRA;EST/indicator/SP.URB.TOTL.IN.ZS?format=json&per_page=1000,2026-09-28T17:23:23.715Z,{}
SP.URB.TOTL.IN.ZS,SP.URB.TOTL.IN.ZS--deu,Niemcy,DEU,Urban population (% of total population),1977-12-31,1977,year,1977-01-01,79.8634643891014,% populacji,annual,observed,https://api.worldbank.org/v2/country/POL;WLD;USA;CHN;DEU;IND;KOR;JPN;GBR;FRA;BRA;EST/indicator/SP.URB.TOTL.IN.ZS?format=json&per_page=1000,2026-09-28T17:23:23.715Z,{}
SP.URB.TOTL.IN.ZS,SP.URB.TOTL.IN.ZS--est,Estonia,EST,Urban population (% of total population),1977-12-31,1977,year,1977-01-01,68.7161407470703,% populacji,annual,observed,https://api.worldbank.org/v2/country/POL;WLD;USA;CHN;DEU;IND;KOR;JPN;GBR;FRA;BRA;EST/indicator/SP.URB.TOTL.IN.ZS?format=json&per_page=1000,2026-09-28T17:23:23.715Z,{}
SP.URB.TOTL.IN.ZS,SP.URB.TOTL.IN.ZS--fra,Francja,FRA,Urban population (% of total population),1977-12-31,1977,year,1977-01-01,73.1339199821614,% populacji,annual,observed,https://api.worldbank.org/v2/country/POL;WLD;USA;CHN;DEU;IND;KOR;JPN;GBR;FRA;BRA;EST/indicator/SP.URB.TOTL.IN.ZS?format=json&per_page=1000,2026-09-28T17:23:23.715Z,{}
SP.URB.TOTL.IN.ZS,SP.URB.TOTL.IN.ZS--gbr,Wielka Brytania,GBR,Urban population (% of total population),1977-12-31,1977,year,1977-01-01,78.0544462508291,% populacji,annual,observed,https://api.worldbank.org/v2/country/POL;WLD;USA;CHN;DEU;IND;KOR;JPN;GBR;FRA;BRA;EST/indicator/SP.URB.TOTL.IN.ZS?format=json&per_page=1000,2026-09-28T17:23:23.715Z,{}
SP.URB.TOTL.IN.ZS,SP.URB.TOTL.IN.ZS--ind,Indie,IND,Urban population (% of total population),1977-12-31,1977,year,1977-01-01,22.3596195559694,% populacji,annual,observed,https://api.worldbank.org/v2/country/POL;WLD;USA;CHN;DEU;IND;KOR;JPN;GBR;FRA;BRA;EST/indicator/SP.URB.TOTL.IN.ZS?format=json&per_page=1000,2026-09-28T17:23:23.715Z,{}
SP.URB.TOTL.IN.ZS,SP.URB.TOTL.IN.ZS--jpn,Japonia,JPN,Urban population (% of total population),1977-12-31,1977,year,1977-01-01,76.0333398797102,% populacji,annual,observed,https://api.worldbank.org/v2/country/POL;WLD;USA;CHN;DEU;IND;KOR;JPN;GBR;FRA;BRA;EST/indicator/SP.URB.TOTL.IN.ZS?format=json&per_page=1000,2026-09-28T17:23:23.715Z,{}
SP.URB.TOTL.IN.ZS,SP.URB.TOTL.IN.ZS--kor,Korea Płd.,KOR,Urban population (% of total population),1977-12-31,1977,year,1977-01-01,51.3027034426193,% populacji,annual,observed,https://api.worldbank.org/v2/country/POL;WLD;USA;CHN;DEU;IND;KOR;JPN;GBR;FRA;BRA;EST/indicator/SP.URB.TOTL.IN.ZS?format=json&per_page=1000,2026-09-28T17:23:23.715Z,{}
SP.URB.TOTL.IN.ZS,SP.URB.TOTL.IN.ZS--pol,Polska,POL,Urban population (% of total population),1977-12-31,1977,year,1977-01-01,56.6722675628761,% populacji,annual,observed,https://api.worldbank.org/v2/country/POL;WLD;USA;CHN;DEU;IND;KOR;JPN;GBR;FRA;BRA;EST/indicator/SP.URB.TOTL.IN.ZS?format=json&per_page=1000,2026-09-28T17:23:23.715Z,{}
SP.URB.TOTL.IN.ZS,SP.URB.TOTL.IN.ZS--usa,USA,USA,Urban population (% of total population),1977-12-31,1977,year,1977-01-01,73.6539826155944,% populacji,annual,observed,https://api.worldbank.org/v2/country/POL;WLD;USA;CHN;DEU;IND;KOR;JPN;GBR;FRA;BRA;EST/indicator/SP.URB.TOTL.IN.ZS?format=json&per_page=1000,2026-09-28T17:23:23.715Z,{}
SP.URB.TOTL.IN.ZS,SP.URB.TOTL.IN.ZS--wld,Świat,WLD,Urban population (% of total population),1977-12-31,1977,year,1977-01-01,38.2941881464496,% populacji,annual,observed,https://api.worldbank.org/v2/country/POL;WLD;USA;CHN;DEU;IND;KOR;JPN;GBR;FRA;BRA;EST/indicator/SP.URB.TOTL.IN.ZS?format=json&per_page=1000,2026-09-28T17:23:23.715Z,{}
SP.URB.TOTL.IN.ZS,SP.URB.TOTL.IN.ZS--bra,Brazylia,BRA,Urban population (% of total population),1978-12-31,1978,year,1978-01-01,64.9789705346081,% populacji,annual,observed,https://api.worldbank.org/v2/country/POL;WLD;USA;CHN;DEU;IND;KOR;JPN;GBR;FRA;BRA;EST/indicator/SP.URB.TOTL.IN.ZS?format=json&per_page=1000,2026-09-28T17:23:23.715Z,{}
SP.URB.TOTL.IN.ZS,SP.URB.TOTL.IN.ZS--chn,Chiny,CHN,Urban population (% of total population),1978-12-31,1978,year,1978-01-01,17.9152069091797,% populacji,annual,observed,https://api.worldbank.org/v2/country/POL;WLD;USA;CHN;DEU;IND;KOR;JPN;GBR;FRA;BRA;EST/indicator/SP.URB.TOTL.IN.ZS?format=json&per_page=1000,2026-09-28T17:23:23.715Z,{}
SP.URB.TOTL.IN.ZS,SP.URB.TOTL.IN.ZS--deu,Niemcy,DEU,Urban population (% of total population),1978-12-31,1978,year,1978-01-01,79.8832049826069,% populacji,annual,observed,https://api.worldbank.org/v2/country/POL;WLD;USA;CHN;DEU;IND;KOR;JPN;GBR;FRA;BRA;EST/indicator/SP.URB.TOTL.IN.ZS?format=json&per_page=1000,2026-09-28T17:23:23.715Z,{}
SP.URB.TOTL.IN.ZS,SP.URB.TOTL.IN.ZS--est,Estonia,EST,Urban population (% of total population),1978-12-31,1978,year,1978-01-01,69.2126617431641,% populacji,annual,observed,https://api.worldbank.org/v2/country/POL;WLD;USA;CHN;DEU;IND;KOR;JPN;GBR;FRA;BRA;EST/indicator/SP.URB.TOTL.IN.ZS?format=json&per_page=1000,2026-09-28T17:23:23.715Z,{}
SP.URB.TOTL.IN.ZS,SP.URB.TOTL.IN.ZS--fra,Francja,FRA,Urban population (% of total population),1978-12-31,1978,year,1978-01-01,73.1746727920795,% populacji,annual,observed,https://api.worldbank.org/v2/country/POL;WLD;USA;CHN;DEU;IND;KOR;JPN;GBR;FRA;BRA;EST/indicator/SP.URB.TOTL.IN.ZS?format=json&per_page=1000,2026-09-28T17:23:23.715Z,{}
SP.URB.TOTL.IN.ZS,SP.URB.TOTL.IN.ZS--gbr,Wielka Brytania,GBR,Urban population (% of total population),1978-12-31,1978,year,1978-01-01,78.279668653907,% populacji,annual,observed,https://api.worldbank.org/v2/country/POL;WLD;USA;CHN;DEU;IND;KOR;JPN;GBR;FRA;BRA;EST/indicator/SP.URB.TOTL.IN.ZS?format=json&per_page=1000,2026-09-28T17:23:23.715Z,{}
SP.URB.TOTL.IN.ZS,SP.URB.TOTL.IN.ZS--ind,Indie,IND,Urban population (% of total population),1978-12-31,1978,year,1978-01-01,22.7811754300159,% populacji,annual,observed,https://api.worldbank.org/v2/country/POL;WLD;USA;CHN;DEU;IND;KOR;JPN;GBR;FRA;BRA;EST/indicator/SP.URB.TOTL.IN.ZS?format=json&per_page=1000,2026-09-28T17:23:23.715Z,{}
SP.URB.TOTL.IN.ZS,SP.URB.TOTL.IN.ZS--jpn,Japonia,JPN,Urban population (% of total population),1978-12-31,1978,year,1978-01-01,76.0764616511381,% populacji,annual,observed,https://api.worldbank.org/v2/country/POL;WLD;USA;CHN;DEU;IND;KOR;JPN;GBR;FRA;BRA;EST/indicator/SP.URB.TOTL.IN.ZS?format=json&per_page=1000,2026-09-28T17:23:23.715Z,{}
SP.URB.TOTL.IN.ZS,SP.URB.TOTL.IN.ZS--kor,Korea Płd.,KOR,Urban population (% of total population),1978-12-31,1978,year,1978-01-01,53.0955799830981,% populacji,annual,observed,https://api.worldbank.org/v2/country/POL;WLD;USA;CHN;DEU;IND;KOR;JPN;GBR;FRA;BRA;EST/indicator/SP.URB.TOTL.IN.ZS?format=json&per_page=1000,2026-09-28T17:23:23.715Z,{}
SP.URB.TOTL.IN.ZS,SP.URB.TOTL.IN.ZS--pol,Polska,POL,Urban population (% of total population),1978-12-31,1978,year,1978-01-01,57.2426552667943,% populacji,annual,observed,https://api.worldbank.org/v2/country/POL;WLD;USA;CHN;DEU;IND;KOR;JPN;GBR;FRA;BRA;EST/indicator/SP.URB.TOTL.IN.ZS?format=json&per_page=1000,2026-09-28T17:23:23.715Z,{}
SP.URB.TOTL.IN.ZS,SP.URB.TOTL.IN.ZS--usa,USA,USA,Urban population (% of total population),1978-12-31,1978,year,1978-01-01,73.6775690136064,% populacji,annual,observed,https://api.worldbank.org/v2/country/POL;WLD;USA;CHN;DEU;IND;KOR;JPN;GBR;FRA;BRA;EST/indicator/SP.URB.TOTL.IN.ZS?format=json&per_page=1000,2026-09-28T17:23:23.715Z,{}
SP.URB.TOTL.IN.ZS,SP.URB.TOTL.IN.ZS--wld,Świat,WLD,Urban population (% of total population),1978-12-31,1978,year,1978-01-01,38.6400976199421,% populacji,annual,observed,https://api.worldbank.org/v2/country/POL;WLD;USA;CHN;DEU;IND;KOR;JPN;GBR;FRA;BRA;EST/indicator/SP.URB.TOTL.IN.ZS?format=json&per_page=1000,2026-09-28T17:23:23.715Z,{}
SP.URB.TOTL.IN.ZS,SP.URB.TOTL.IN.ZS--bra,Brazylia,BRA,Urban population (% of total population),1979-12-31,1979,year,1979-01-01,66.2994738606484,% populacji,annual,observed,https://api.worldbank.org/v2/country/POL;WLD;USA;CHN;DEU;IND;KOR;JPN;GBR;FRA;BRA;EST/indicator/SP.URB.TOTL.IN.ZS?format=json&per_page=1000,2026-09-28T17:23:23.715Z,{}
SP.URB.TOTL.IN.ZS,SP.URB.TOTL.IN.ZS--chn,Chiny,CHN,Urban population (% of total population),1979-12-31,1979,year,1979-01-01,18.9610633850098,% populacji,annual,observed,https://api.worldbank.org/v2/country/POL;WLD;USA;CHN;DEU;IND;KOR;JPN;GBR;FRA;BRA;EST/indicator/SP.URB.TOTL.IN.ZS?format=json&per_page=1000,2026-09-28T17:23:23.715Z,{}
SP.URB.TOTL.IN.ZS,SP.URB.TOTL.IN.ZS--deu,Niemcy,DEU,Urban population (% of total population),1979-12-31,1979,year,1979-01-01,79.9010417614138,% populacji,annual,observed,https://api.worldbank.org/v2/country/POL;WLD;USA;CHN;DEU;IND;KOR;JPN;GBR;FRA;BRA;EST/indicator/SP.URB.TOTL.IN.ZS?format=json&per_page=1000,2026-09-28T17:23:23.715Z,{}
SP.URB.TOTL.IN.ZS,SP.URB.TOTL.IN.ZS--est,Estonia,EST,Urban population (% of total population),1979-12-31,1979,year,1979-01-01,69.6109237264603,% populacji,annual,observed,https://api.worldbank.org/v2/country/POL;WLD;USA;CHN;DEU;IND;KOR;JPN;GBR;FRA;BRA;EST/indicator/SP.URB.TOTL.IN.ZS?format=json&per_page=1000,2026-09-28T17:23:23.715Z,{}
SP.URB.TOTL.IN.ZS,SP.URB.TOTL.IN.ZS--fra,Francja,FRA,Urban population (% of total population),1979-12-31,1979,year,1979-01-01,73.2106388615716,% populacji,annual,observed,https://api.worldbank.org/v2/country/POL;WLD;USA;CHN;DEU;IND;KOR;JPN;GBR;FRA;BRA;EST/indicator/SP.URB.TOTL.IN.ZS?format=json&per_page=1000,2026-09-28T17:23:23.715Z,{}
SP.URB.TOTL.IN.ZS,SP.URB.TOTL.IN.ZS--gbr,Wielka Brytania,GBR,Urban population (% of total population),1979-12-31,1979,year,1979-01-01,78.4590026313326,% populacji,annual,observed,https://api.worldbank.org/v2/country/POL;WLD;USA;CHN;DEU;IND;KOR;JPN;GBR;FRA;BRA;EST/indicator/SP.URB.TOTL.IN.ZS?format=json&per_page=1000,2026-09-28T17:23:23.715Z,{}
SP.URB.TOTL.IN.ZS,SP.URB.TOTL.IN.ZS--ind,Indie,IND,Urban population (% of total population),1979-12-31,1979,year,1979-01-01,23.169162173677,% populacji,annual,observed,https://api.worldbank.org/v2/country/POL;WLD;USA;CHN;DEU;IND;KOR;JPN;GBR;FRA;BRA;EST/indicator/SP.URB.TOTL.IN.ZS?format=json&per_page=1000,2026-09-28T17:23:23.715Z,{}
SP.URB.TOTL.IN.ZS,SP.URB.TOTL.IN.ZS--jpn,Japonia,JPN,Urban population (% of total population),1979-12-31,1979,year,1979-01-01,76.1171567691576,% populacji,annual,observed,https://api.worldbank.org/v2/country/POL;WLD;USA;CHN;DEU;IND;KOR;JPN;GBR;FRA;BRA;EST/indicator/SP.URB.TOTL.IN.ZS?format=json&per_page=1000,2026-09-28T17:23:23.715Z,{}
SP.URB.TOTL.IN.ZS,SP.URB.TOTL.IN.ZS--kor,Korea Płd.,KOR,Urban population (% of total population),1979-12-31,1979,year,1979-01-01,54.8987778188484,% populacji,annual,observed,https://api.worldbank.org/v2/country/POL;WLD;USA;CHN;DEU;IND;KOR;JPN;GBR;FRA;BRA;EST/indicator/SP.URB.TOTL.IN.ZS?format=json&per_page=1000,2026-09-28T17:23:23.715Z,{}
SP.URB.TOTL.IN.ZS,SP.URB.TOTL.IN.ZS--pol,Polska,POL,Urban population (% of total population),1979-12-31,1979,year,1979-01-01,57.7421578493495,% populacji,annual,observed,https://api.worldbank.org/v2/country/POL;WLD;USA;CHN;DEU;IND;KOR;JPN;GBR;FRA;BRA;EST/indicator/SP.URB.TOTL.IN.ZS?format=json&per_page=1000,2026-09-28T17:23:23.715Z,{}
SP.URB.TOTL.IN.ZS,SP.URB.TOTL.IN.ZS--usa,USA,USA,Urban population (% of total population),1979-12-31,1979,year,1979-01-01,73.7085697605697,% populacji,annual,observed,https://api.worldbank.org/v2/country/POL;WLD;USA;CHN;DEU;IND;KOR;JPN;GBR;FRA;BRA;EST/indicator/SP.URB.TOTL.IN.ZS?format=json&per_page=1000,2026-09-28T17:23:23.715Z,{}
SP.URB.TOTL.IN.ZS,SP.URB.TOTL.IN.ZS--wld,Świat,WLD,Urban population (% of total population),1979-12-31,1979,year,1979-01-01,39.1340171574492,% populacji,annual,observed,https://api.worldbank.org/v2/country/POL;WLD;USA;CHN;DEU;IND;KOR;JPN;GBR;FRA;BRA;EST/indicator/SP.URB.TOTL.IN.ZS?format=json&per_page=1000,2026-09-28T17:23:23.715Z,{}
SP.URB.TOTL.IN.ZS,SP.URB.TOTL.IN.ZS--bra,Brazylia,BRA,Urban population (% of total population),1980-12-31,1980,year,1980-01-01,67.4180425303102,% populacji,annual,observed,https://api.worldbank.org/v2/country/POL;WLD;USA;CHN;DEU;IND;KOR;JPN;GBR;FRA;BRA;EST/indicator/SP.URB.TOTL.IN.ZS?format=json&per_page=1000,2026-09-28T17:23:23.715Z,{}
SP.URB.TOTL.IN.ZS,SP.URB.TOTL.IN.ZS--chn,Chiny,CHN,Urban population (% of total population),1980-12-31,1980,year,1980-01-01,19.3911151885986,% populacji,annual,observed,https://api.worldbank.org/v2/country/POL;WLD;USA;CHN;DEU;IND;KOR;JPN;GBR;FRA;BRA;EST/indicator/SP.URB.TOTL.IN.ZS?format=json&per_page=1000,2026-09-28T17:23:23.715Z,{}
SP.URB.TOTL.IN.ZS,SP.URB.TOTL.IN.ZS--deu,Niemcy,DEU,Urban population (% of total population),1980-12-31,1980,year,1980-01-01,79.9171206222865,% populacji,annual,observed,https://api.worldbank.org/v2/country/POL;WLD;USA;CHN;DEU;IND;KOR;JPN;GBR;FRA;BRA;EST/indicator/SP.URB.TOTL.IN.ZS?format=json&per_page=1000,2026-09-28T17:23:23.715Z,{}
SP.URB.TOTL.IN.ZS,SP.URB.TOTL.IN.ZS--est,Estonia,EST,Urban population (% of total population),1980-12-31,1980,year,1980-01-01,69.9892807006836,% populacji,annual,observed,https://api.worldbank.org/v2/country/POL;WLD;USA;CHN;DEU;IND;KOR;JPN;GBR;FRA;BRA;EST/indicator/SP.URB.TOTL.IN.ZS?format=json&per_page=1000,2026-09-28T17:23:23.715Z,{}
SP.URB.TOTL.IN.ZS,SP.URB.TOTL.IN.ZS--fra,Francja,FRA,Urban population (% of total population),1980-12-31,1980,year,1980-01-01,73.2481970470056,% populacji,annual,observed,https://api.worldbank.org/v2/country/POL;WLD;USA;CHN;DEU;IND;KOR;JPN;GBR;FRA;BRA;EST/indicator/SP.URB.TOTL.IN.ZS?format=json&per_page=1000,2026-09-28T17:23:23.715Z,{}
SP.URB.TOTL.IN.ZS,SP.URB.TOTL.IN.ZS--gbr,Wielka Brytania,GBR,Urban population (% of total population),1980-12-31,1980,year,1980-01-01,78.5716938588077,% populacji,annual,observed,https://api.worldbank.org/v2/country/POL;WLD;USA;CHN;DEU;IND;KOR;JPN;GBR;FRA;BRA;EST/indicator/SP.URB.TOTL.IN.ZS?format=json&per_page=1000,2026-09-28T17:23:23.715Z,{}
SP.URB.TOTL.IN.ZS,SP.URB.TOTL.IN.ZS--ind,Indie,IND,Urban population (% of total population),1980-12-31,1980,year,1980-01-01,23.5084873816783,% populacji,annual,observed,https://api.worldbank.org/v2/country/POL;WLD;USA;CHN;DEU;IND;KOR;JPN;GBR;FRA;BRA;EST/indicator/SP.URB.TOTL.IN.ZS?format=json&per_page=1000,2026-09-28T17:23:23.715Z,{}
SP.URB.TOTL.IN.ZS,SP.URB.TOTL.IN.ZS--jpn,Japonia,JPN,Urban population (% of total population),1980-12-31,1980,year,1980-01-01,76.172396260342,% populacji,annual,observed,https://api.worldbank.org/v2/country/POL;WLD;USA;CHN;DEU;IND;KOR;JPN;GBR;FRA;BRA;EST/indicator/SP.URB.TOTL.IN.ZS?format=json&per_page=1000,2026-09-28T17:23:23.715Z,{}
SP.URB.TOTL.IN.ZS,SP.URB.TOTL.IN.ZS--kor,Korea Płd.,KOR,Urban population (% of total population),1980-12-31,1980,year,1980-01-01,56.6554425515705,% populacji,annual,observed,https://api.worldbank.org/v2/country/POL;WLD;USA;CHN;DEU;IND;KOR;JPN;GBR;FRA;BRA;EST/indicator/SP.URB.TOTL.IN.ZS?format=json&per_page=1000,2026-09-28T17:23:23.715Z,{}
SP.URB.TOTL.IN.ZS,SP.URB.TOTL.IN.ZS--pol,Polska,POL,Urban population (% of total population),1980-12-31,1980,year,1980-01-01,58.2293445273576,% populacji,annual,observed,https://api.worldbank.org/v2/country/POL;WLD;USA;CHN;DEU;IND;KOR;JPN;GBR;FRA;BRA;EST/indicator/SP.URB.TOTL.IN.ZS?format=json&per_page=1000,2026-09-28T17:23:23.715Z,{}
SP.URB.TOTL.IN.ZS,SP.URB.TOTL.IN.ZS--usa,USA,USA,Urban population (% of total population),1980-12-31,1980,year,1980-01-01,73.7506044021808,% populacji,annual,observed,https://api.worldbank.org/v2/country/POL;WLD;USA;CHN;DEU;IND;KOR;JPN;GBR;FRA;BRA;EST/indicator/SP.URB.TOTL.IN.ZS?format=json&per_page=1000,2026-09-28T17:23:23.715Z,{}
SP.URB.TOTL.IN.ZS,SP.URB.TOTL.IN.ZS--wld,Świat,WLD,Urban population (% of total population),1980-12-31,1980,year,1980-01-01,39.4796467509084,% populacji,annual,observed,https://api.worldbank.org/v2/country/POL;WLD;USA;CHN;DEU;IND;KOR;JPN;GBR;FRA;BRA;EST/indicator/SP.URB.TOTL.IN.ZS?format=json&per_page=1000,2026-09-28T17:23:23.715Z,{}
SP.URB.TOTL.IN.ZS,SP.URB.TOTL.IN.ZS--bra,Brazylia,BRA,Urban population (% of total population),1981-12-31,1981,year,1981-01-01,68.3725962273929,% populacji,annual,observed,https://api.worldbank.org/v2/country/POL;WLD;USA;CHN;DEU;IND;KOR;JPN;GBR;FRA;BRA;EST/indicator/SP.URB.TOTL.IN.ZS?format=json&per_page=1000,2026-09-28T17:23:23.715Z,{}
SP.URB.TOTL.IN.ZS,SP.URB.TOTL.IN.ZS--chn,Chiny,CHN,Urban population (% of total population),1981-12-31,1981,year,1981-01-01,20.1564884185791,% populacji,annual,observed,https://api.worldbank.org/v2/country/POL;WLD;USA;CHN;DEU;IND;KOR;JPN;GBR;FRA;BRA;EST/indicator/SP.URB.TOTL.IN.ZS?format=json&per_page=1000,2026-09-28T17:23:23.715Z,{}
SP.URB.TOTL.IN.ZS,SP.URB.TOTL.IN.ZS--deu,Niemcy,DEU,Urban population (% of total population),1981-12-31,1981,year,1981-01-01,79.9315874619892,% populacji,annual,observed,https://api.worldbank.org/v2/country/POL;WLD;USA;CHN;DEU;IND;KOR;JPN;GBR;FRA;BRA;EST/indicator/SP.URB.TOTL.IN.ZS?format=json&per_page=1000,2026-09-28T17:23:23.715Z,{}
SP.URB.TOTL.IN.ZS,SP.URB.TOTL.IN.ZS--est,Estonia,EST,Urban population (% of total population),1981-12-31,1981,year,1981-01-01,70.3328552246094,% populacji,annual,observed,https://api.worldbank.org/v2/country/POL;WLD;USA;CHN;DEU;IND;KOR;JPN;GBR;FRA;BRA;EST/indicator/SP.URB.TOTL.IN.ZS?format=json&per_page=1000,2026-09-28T17:23:23.715Z,{}
SP.URB.TOTL.IN.ZS,SP.URB.TOTL.IN.ZS--fra,Francja,FRA,Urban population (% of total population),1981-12-31,1981,year,1981-01-01,73.2937262047492,% populacji,annual,observed,https://api.worldbank.org/v2/country/POL;WLD;USA;CHN;DEU;IND;KOR;JPN;GBR;FRA;BRA;EST/indicator/SP.URB.TOTL.IN.ZS?format=json&per_page=1000,2026-09-28T17:23:23.715Z,{}
SP.URB.TOTL.IN.ZS,SP.URB.TOTL.IN.ZS--gbr,Wielka Brytania,GBR,Urban population (% of total population),1981-12-31,1981,year,1981-01-01,78.5988698930662,% populacji,annual,observed,https://api.worldbank.org/v2/country/POL;WLD;USA;CHN;DEU;IND;KOR;JPN;GBR;FRA;BRA;EST/indicator/SP.URB.TOTL.IN.ZS?format=json&per_page=1000,2026-09-28T17:23:23.715Z,{}
SP.URB.TOTL.IN.ZS,SP.URB.TOTL.IN.ZS--ind,Indie,IND,Urban population (% of total population),1981-12-31,1981,year,1981-01-01,23.7875348455702,% populacji,annual,observed,https://api.worldbank.org/v2/country/POL;WLD;USA;CHN;DEU;IND;KOR;JPN;GBR;FRA;BRA;EST/indicator/SP.URB.TOTL.IN.ZS?format=json&per_page=1000,2026-09-28T17:23:23.715Z,{}
SP.URB.TOTL.IN.ZS,SP.URB.TOTL.IN.ZS--jpn,Japonia,JPN,Urban population (% of total population),1981-12-31,1981,year,1981-01-01,76.2503223945228,% populacji,annual,observed,https://api.worldbank.org/v2/country/POL;WLD;USA;CHN;DEU;IND;KOR;JPN;GBR;FRA;BRA;EST/indicator/SP.URB.TOTL.IN.ZS?format=json&per_page=1000,2026-09-28T17:23:23.715Z,{}
SP.URB.TOTL.IN.ZS,SP.URB.TOTL.IN.ZS--kor,Korea Płd.,KOR,Urban population (% of total population),1981-12-31,1981,year,1981-01-01,58.3339941411302,% populacji,annual,observed,https://api.worldbank.org/v2/country/POL;WLD;USA;CHN;DEU;IND;KOR;JPN;GBR;FRA;BRA;EST/indicator/SP.URB.TOTL.IN.ZS?format=json&per_page=1000,2026-09-28T17:23:23.715Z,{}
SP.URB.TOTL.IN.ZS,SP.URB.TOTL.IN.ZS--pol,Polska,POL,Urban population (% of total population),1981-12-31,1981,year,1981-01-01,58.7149763737717,% populacji,annual,observed,https://api.worldbank.org/v2/country/POL;WLD;USA;CHN;DEU;IND;KOR;JPN;GBR;FRA;BRA;EST/indicator/SP.URB.TOTL.IN.ZS?format=json&per_page=1000,2026-09-28T17:23:23.715Z,{}
SP.URB.TOTL.IN.ZS,SP.URB.TOTL.IN.ZS--usa,USA,USA,Urban population (% of total population),1981-12-31,1981,year,1981-01-01,73.8139615156658,% populacji,annual,observed,https://api.worldbank.org/v2/country/POL;WLD;USA;CHN;DEU;IND;KOR;JPN;GBR;FRA;BRA;EST/indicator/SP.URB.TOTL.IN.ZS?format=json&per_page=1000,2026-09-28T17:23:23.715Z,{}
SP.URB.TOTL.IN.ZS,SP.URB.TOTL.IN.ZS--wld,Świat,WLD,Urban population (% of total population),1981-12-31,1981,year,1981-01-01,39.8685790280087,% populacji,annual,observed,https://api.worldbank.org/v2/country/POL;WLD;USA;CHN;DEU;IND;KOR;JPN;GBR;FRA;BRA;EST/indicator/SP.URB.TOTL.IN.ZS?format=json&per_page=1000,2026-09-28T17:23:23.715Z,{}
SP.URB.TOTL.IN.ZS,SP.URB.TOTL.IN.ZS--bra,Brazylia,BRA,Urban population (% of total population),1982-12-31,1982,year,1982-01-01,69.2557781933047,% populacji,annual,observed,https://api.worldbank.org/v2/country/POL;WLD;USA;CHN;DEU;IND;KOR;JPN;GBR;FRA;BRA;EST/indicator/SP.URB.TOTL.IN.ZS?format=json&per_page=1000,2026-09-28T17:23:23.715Z,{}
SP.URB.TOTL.IN.ZS,SP.URB.TOTL.IN.ZS--chn,Chiny,CHN,Urban population (% of total population),1982-12-31,1982,year,1982-01-01,20.565502166748,% populacji,annual,observed,https://api.worldbank.org/v2/country/POL;WLD;USA;CHN;DEU;IND;KOR;JPN;GBR;FRA;BRA;EST/indicator/SP.URB.TOTL.IN.ZS?format=json&per_page=1000,2026-09-28T17:23:23.715Z,{}
SP.URB.TOTL.IN.ZS,SP.URB.TOTL.IN.ZS--deu,Niemcy,DEU,Urban population (% of total population),1982-12-31,1982,year,1982-01-01,79.9445881772863,% populacji,annual,observed,https://api.worldbank.org/v2/country/POL;WLD;USA;CHN;DEU;IND;KOR;JPN;GBR;FRA;BRA;EST/indicator/SP.URB.TOTL.IN.ZS?format=json&per_page=1000,2026-09-28T17:23:23.715Z,{}
SP.URB.TOTL.IN.ZS,SP.URB.TOTL.IN.ZS--est,Estonia,EST,Urban population (% of total population),1982-12-31,1982,year,1982-01-01,70.6393508911133,% populacji,annual,observed,https://api.worldbank.org/v2/country/POL;WLD;USA;CHN;DEU;IND;KOR;JPN;GBR;FRA;BRA;EST/indicator/SP.URB.TOTL.IN.ZS?format=json&per_page=1000,2026-09-28T17:23:23.715Z,{}
SP.URB.TOTL.IN.ZS,SP.URB.TOTL.IN.ZS--fra,Francja,FRA,Urban population (% of total population),1982-12-31,1982,year,1982-01-01,73.3522531908044,% populacji,annual,observed,https://api.worldbank.org/v2/country/POL;WLD;USA;CHN;DEU;IND;KOR;JPN;GBR;FRA;BRA;EST/indicator/SP.URB.TOTL.IN.ZS?format=json&per_page=1000,2026-09-28T17:23:23.715Z,{}
SP.URB.TOTL.IN.ZS,SP.URB.TOTL.IN.ZS--gbr,Wielka Brytania,GBR,Urban population (% of total population),1982-12-31,1982,year,1982-01-01,78.5790435793683,% populacji,annual,observed,https://api.worldbank.org/v2/country/POL;WLD;USA;CHN;DEU;IND;KOR;JPN;GBR;FRA;BRA;EST/indicator/SP.URB.TOTL.IN.ZS?format=json&per_page=1000,2026-09-28T17:23:23.715Z,{}
SP.URB.TOTL.IN.ZS,SP.URB.TOTL.IN.ZS--ind,Indie,IND,Urban population (% of total population),1982-12-31,1982,year,1982-01-01,24.0306681216752,% populacji,annual,observed,https://api.worldbank.org/v2/country/POL;WLD;USA;CHN;DEU;IND;KOR;JPN;GBR;FRA;BRA;EST/indicator/SP.URB.TOTL.IN.ZS?format=json&per_page=1000,2026-09-28T17:23:23.715Z,{}
SP.URB.TOTL.IN.ZS,SP.URB.TOTL.IN.ZS--jpn,Japonia,JPN,Urban population (% of total population),1982-12-31,1982,year,1982-01-01,76.3474944329034,% populacji,annual,observed,https://api.worldbank.org/v2/country/POL;WLD;USA;CHN;DEU;IND;KOR;JPN;GBR;FRA;BRA;EST/indicator/SP.URB.TOTL.IN.ZS?format=json&per_page=1000,2026-09-28T17:23:23.715Z,{}
SP.URB.TOTL.IN.ZS,SP.URB.TOTL.IN.ZS--kor,Korea Płd.,KOR,Urban population (% of total population),1982-12-31,1982,year,1982-01-01,59.950566865243,% populacji,annual,observed,https://api.worldbank.org/v2/country/POL;WLD;USA;CHN;DEU;IND;KOR;JPN;GBR;FRA;BRA;EST/indicator/SP.URB.TOTL.IN.ZS?format=json&per_page=1000,2026-09-28T17:23:23.715Z,{}
SP.URB.TOTL.IN.ZS,SP.URB.TOTL.IN.ZS--pol,Polska,POL,Urban population (% of total population),1982-12-31,1982,year,1982-01-01,59.1879461568081,% populacji,annual,observed,https://api.worldbank.org/v2/country/POL;WLD;USA;CHN;DEU;IND;KOR;JPN;GBR;FRA;BRA;EST/indicator/SP.URB.TOTL.IN.ZS?format=json&per_page=1000,2026-09-28T17:23:23.715Z,{}
SP.URB.TOTL.IN.ZS,SP.URB.TOTL.IN.ZS--usa,USA,USA,Urban population (% of total population),1982-12-31,1982,year,1982-01-01,73.9035480290863,% populacji,annual,observed,https://api.worldbank.org/v2/country/POL;WLD;USA;CHN;DEU;IND;KOR;JPN;GBR;FRA;BRA;EST/indicator/SP.URB.TOTL.IN.ZS?format=json&per_page=1000,2026-09-28T17:23:23.715Z,{}
SP.URB.TOTL.IN.ZS,SP.URB.TOTL.IN.ZS--wld,Świat,WLD,Urban population (% of total population),1982-12-31,1982,year,1982-01-01,40.1529808635678,% populacji,annual,observed,https://api.worldbank.org/v2/country/POL;WLD;USA;CHN;DEU;IND;KOR;JPN;GBR;FRA;BRA;EST/indicator/SP.URB.TOTL.IN.ZS?format=json&per_page=1000,2026-09-28T17:23:23.715Z,{}
SP.URB.TOTL.IN.ZS,SP.URB.TOTL.IN.ZS--bra,Brazylia,BRA,Urban population (% of total population),1983-12-31,1983,year,1983-01-01,70.0829125735291,% populacji,annual,observed,https://api.worldbank.org/v2/country/POL;WLD;USA;CHN;DEU;IND;KOR;JPN;GBR;FRA;BRA;EST/indicator/SP.URB.TOTL.IN.ZS?format=json&per_page=1000,2026-09-28T17:23:23.715Z,{}
SP.URB.TOTL.IN.ZS,SP.URB.TOTL.IN.ZS--chn,Chiny,CHN,Urban population (% of total population),1983-12-31,1983,year,1983-01-01,21.6235637664795,% populacji,annual,observed,https://api.worldbank.org/v2/country/POL;WLD;USA;CHN;DEU;IND;KOR;JPN;GBR;FRA;BRA;EST/indicator/SP.URB.TOTL.IN.ZS?format=json&per_page=1000,2026-09-28T17:23:23.715Z,{}
SP.URB.TOTL.IN.ZS,SP.URB.TOTL.IN.ZS--deu,Niemcy,DEU,Urban population (% of total population),1983-12-31,1983,year,1983-01-01,79.956268664942,% populacji,annual,observed,https://api.worldbank.org/v2/country/POL;WLD;USA;CHN;DEU;IND;KOR;JPN;GBR;FRA;BRA;EST/indicator/SP.URB.TOTL.IN.ZS?format=json&per_page=1000,2026-09-28T17:23:23.715Z,{}
SP.URB.TOTL.IN.ZS,SP.URB.TOTL.IN.ZS--est,Estonia,EST,Urban population (% of total population),1983-12-31,1983,year,1983-01-01,70.8462982177734,% populacji,annual,observed,https://api.worldbank.org/v2/country/POL;WLD;USA;CHN;DEU;IND;KOR;JPN;GBR;FRA;BRA;EST/indicator/SP.URB.TOTL.IN.ZS?format=json&per_page=1000,2026-09-28T17:23:23.715Z,{}
SP.URB.TOTL.IN.ZS,SP.URB.TOTL.IN.ZS--fra,Francja,FRA,Urban population (% of total population),1983-12-31,1983,year,1983-01-01,73.4180335490284,% populacji,annual,observed,https://api.worldbank.org/v2/country/POL;WLD;USA;CHN;DEU;IND;KOR;JPN;GBR;FRA;BRA;EST/indicator/SP.URB.TOTL.IN.ZS?format=json&per_page=1000,2026-09-28T17:23:23.715Z,{}
SP.URB.TOTL.IN.ZS,SP.URB.TOTL.IN.ZS--gbr,Wielka Brytania,GBR,Urban population (% of total population),1983-12-31,1983,year,1983-01-01,78.5365448356556,% populacji,annual,observed,https://api.worldbank.org/v2/country/POL;WLD;USA;CHN;DEU;IND;KOR;JPN;GBR;FRA;BRA;EST/indicator/SP.URB.TOTL.IN.ZS?format=json&per_page=1000,2026-09-28T17:23:23.715Z,{}
SP.URB.TOTL.IN.ZS,SP.URB.TOTL.IN.ZS--ind,Indie,IND,Urban population (% of total population),1983-12-31,1983,year,1983-01-01,24.2539519859126,% populacji,annual,observed,https://api.worldbank.org/v2/country/POL;WLD;USA;CHN;DEU;IND;KOR;JPN;GBR;FRA;BRA;EST/indicator/SP.URB.TOTL.IN.ZS?format=json&per_page=1000,2026-09-28T17:23:23.715Z,{}
SP.URB.TOTL.IN.ZS,SP.URB.TOTL.IN.ZS--jpn,Japonia,JPN,Urban population (% of total population),1983-12-31,1983,year,1983-01-01,76.4572744627542,% populacji,annual,observed,https://api.worldbank.org/v2/country/POL;WLD;USA;CHN;DEU;IND;KOR;JPN;GBR;FRA;BRA;EST/indicator/SP.URB.TOTL.IN.ZS?format=json&per_page=1000,2026-09-28T17:23:23.715Z,{}
SP.URB.TOTL.IN.ZS,SP.URB.TOTL.IN.ZS--kor,Korea Płd.,KOR,Urban population (% of total population),1983-12-31,1983,year,1983-01-01,61.5442686216481,% populacji,annual,observed,https://api.worldbank.org/v2/country/POL;WLD;USA;CHN;DEU;IND;KOR;JPN;GBR;FRA;BRA;EST/indicator/SP.URB.TOTL.IN.ZS?format=json&per_page=1000,2026-09-28T17:23:23.715Z,{}
SP.URB.TOTL.IN.ZS,SP.URB.TOTL.IN.ZS--pol,Polska,POL,Urban population (% of total population),1983-12-31,1983,year,1983-01-01,59.6371466446833,% populacji,annual,observed,https://api.worldbank.org/v2/country/POL;WLD;USA;CHN;DEU;IND;KOR;JPN;GBR;FRA;BRA;EST/indicator/SP.URB.TOTL.IN.ZS?format=json&per_page=1000,2026-09-28T17:23:23.715Z,{}
SP.URB.TOTL.IN.ZS,SP.URB.TOTL.IN.ZS--usa,USA,USA,Urban population (% of total population),1983-12-31,1983,year,1983-01-01,74.0163473769595,% populacji,annual,observed,https://api.worldbank.org/v2/country/POL;WLD;USA;CHN;DEU;IND;KOR;JPN;GBR;FRA;BRA;EST/indicator/SP.URB.TOTL.IN.ZS?format=json&per_page=1000,2026-09-28T17:23:23.715Z,{}
SP.URB.TOTL.IN.ZS,SP.URB.TOTL.IN.ZS--wld,Świat,WLD,Urban population (% of total population),1983-12-31,1983,year,1983-01-01,40.5680109115193,% populacji,annual,observed,https://api.worldbank.org/v2/country/POL;WLD;USA;CHN;DEU;IND;KOR;JPN;GBR;FRA;BRA;EST/indicator/SP.URB.TOTL.IN.ZS?format=json&per_page=1000,2026-09-28T17:23:23.715Z,{}
SP.URB.TOTL.IN.ZS,SP.URB.TOTL.IN.ZS--bra,Brazylia,BRA,Urban population (% of total population),1984-12-31,1984,year,1984-01-01,70.8607419854387,% populacji,annual,observed,https://api.worldbank.org/v2/country/POL;WLD;USA;CHN;DEU;IND;KOR;JPN;GBR;FRA;BRA;EST/indicator/SP.URB.TOTL.IN.ZS?format=json&per_page=1000,2026-09-28T17:23:23.715Z,{}
SP.URB.TOTL.IN.ZS,SP.URB.TOTL.IN.ZS--chn,Chiny,CHN,Urban population (% of total population),1984-12-31,1984,year,1984-01-01,23.0142688751221,% populacji,annual,observed,https://api.worldbank.org/v2/country/POL;WLD;USA;CHN;DEU;IND;KOR;JPN;GBR;FRA;BRA;EST/indicator/SP.URB.TOTL.IN.ZS?format=json&per_page=1000,2026-09-28T17:23:23.715Z,{}
SP.URB.TOTL.IN.ZS,SP.URB.TOTL.IN.ZS--deu,Niemcy,DEU,Urban population (% of total population),1984-12-31,1984,year,1984-01-01,79.9667748217206,% populacji,annual,observed,https://api.worldbank.org/v2/country/POL;WLD;USA;CHN;DEU;IND;KOR;JPN;GBR;FRA;BRA;EST/indicator/SP.URB.TOTL.IN.ZS?format=json&per_page=1000,2026-09-28T17:23:23.715Z,{}
SP.URB.TOTL.IN.ZS,SP.URB.TOTL.IN.ZS--est,Estonia,EST,Urban population (% of total population),1984-12-31,1984,year,1984-01-01,70.973388671875,% populacji,annual,observed,https://api.worldbank.org/v2/country/POL;WLD;USA;CHN;DEU;IND;KOR;JPN;GBR;FRA;BRA;EST/indicator/SP.URB.TOTL.IN.ZS?format=json&per_page=1000,2026-09-28T17:23:23.715Z,{}
SP.URB.TOTL.IN.ZS,SP.URB.TOTL.IN.ZS--fra,Francja,FRA,Urban population (% of total population),1984-12-31,1984,year,1984-01-01,73.487468496869,% populacji,annual,observed,https://api.worldbank.org/v2/country/POL;WLD;USA;CHN;DEU;IND;KOR;JPN;GBR;FRA;BRA;EST/indicator/SP.URB.TOTL.IN.ZS?format=json&per_page=1000,2026-09-28T17:23:23.715Z,{}
SP.URB.TOTL.IN.ZS,SP.URB.TOTL.IN.ZS--gbr,Wielka Brytania,GBR,Urban population (% of total population),1984-12-31,1984,year,1984-01-01,78.4775775496664,% populacji,annual,observed,https://api.worldbank.org/v2/country/POL;WLD;USA;CHN;DEU;IND;KOR;JPN;GBR;FRA;BRA;EST/indicator/SP.URB.TOTL.IN.ZS?format=json&per_page=1000,2026-09-28T17:23:23.715Z,{}
SP.URB.TOTL.IN.ZS,SP.URB.TOTL.IN.ZS--ind,Indie,IND,Urban population (% of total population),1984-12-31,1984,year,1984-01-01,24.4606633455594,% populacji,annual,observed,https://api.worldbank.org/v2/country/POL;WLD;USA;CHN;DEU;IND;KOR;JPN;GBR;FRA;BRA;EST/indicator/SP.URB.TOTL.IN.ZS?format=json&per_page=1000,2026-09-28T17:23:23.715Z,{}
SP.URB.TOTL.IN.ZS,SP.URB.TOTL.IN.ZS--jpn,Japonia,JPN,Urban population (% of total population),1984-12-31,1984,year,1984-01-01,76.5743728196347,% populacji,annual,observed,https://api.worldbank.org/v2/country/POL;WLD;USA;CHN;DEU;IND;KOR;JPN;GBR;FRA;BRA;EST/indicator/SP.URB.TOTL.IN.ZS?format=json&per_page=1000,2026-09-28T17:23:23.715Z,{}
SP.URB.TOTL.IN.ZS,SP.URB.TOTL.IN.ZS--kor,Korea Płd.,KOR,Urban population (% of total population),1984-12-31,1984,year,1984-01-01,63.149438472478,% populacji,annual,observed,https://api.worldbank.org/v2/country/POL;WLD;USA;CHN;DEU;IND;KOR;JPN;GBR;FRA;BRA;EST/indicator/SP.URB.TOTL.IN.ZS?format=json&per_page=1000,2026-09-28T17:23:23.715Z,{}
SP.URB.TOTL.IN.ZS,SP.URB.TOTL.IN.ZS--pol,Polska,POL,Urban population (% of total population),1984-12-31,1984,year,1984-01-01,60.051470605614,% populacji,annual,observed,https://api.worldbank.org/v2/country/POL;WLD;USA;CHN;DEU;IND;KOR;JPN;GBR;FRA;BRA;EST/indicator/SP.URB.TOTL.IN.ZS?format=json&per_page=1000,2026-09-28T17:23:23.715Z,{}
SP.URB.TOTL.IN.ZS,SP.URB.TOTL.IN.ZS--usa,USA,USA,Urban population (% of total population),1984-12-31,1984,year,1984-01-01,74.1500514363544,% populacji,annual,observed,https://api.worldbank.org/v2/country/POL;WLD;USA;CHN;DEU;IND;KOR;JPN;GBR;FRA;BRA;EST/indicator/SP.URB.TOTL.IN.ZS?format=json&per_page=1000,2026-09-28T17:23:23.715Z,{}
SP.URB.TOTL.IN.ZS,SP.URB.TOTL.IN.ZS--wld,Świat,WLD,Urban population (% of total population),1984-12-31,1984,year,1984-01-01,41.0578599206775,% populacji,annual,observed,https://api.worldbank.org/v2/country/POL;WLD;USA;CHN;DEU;IND;KOR;JPN;GBR;FRA;BRA;EST/indicator/SP.URB.TOTL.IN.ZS?format=json&per_page=1000,2026-09-28T17:23:23.715Z,{}
SP.URB.TOTL.IN.ZS,SP.URB.TOTL.IN.ZS--bra,Brazylia,BRA,Urban population (% of total population),1985-12-31,1985,year,1985-01-01,71.5960090464063,% populacji,annual,observed,https://api.worldbank.org/v2/country/POL;WLD;USA;CHN;DEU;IND;KOR;JPN;GBR;FRA;BRA;EST/indicator/SP.URB.TOTL.IN.ZS?format=json&per_page=1000,2026-09-28T17:23:23.715Z,{}
SP.URB.TOTL.IN.ZS,SP.URB.TOTL.IN.ZS--chn,Chiny,CHN,Urban population (% of total population),1985-12-31,1985,year,1985-01-01,23.7069091796875,% populacji,annual,observed,https://api.worldbank.org/v2/country/POL;WLD;USA;CHN;DEU;IND;KOR;JPN;GBR;FRA;BRA;EST/indicator/SP.URB.TOTL.IN.ZS?format=json&per_page=1000,2026-09-28T17:23:23.715Z,{}
SP.URB.TOTL.IN.ZS,SP.URB.TOTL.IN.ZS--deu,Niemcy,DEU,Urban population (% of total population),1985-12-31,1985,year,1985-01-01,79.9762525443865,% populacji,annual,observed,https://api.worldbank.org/v2/country/POL;WLD;USA;CHN;DEU;IND;KOR;JPN;GBR;FRA;BRA;EST/indicator/SP.URB.TOTL.IN.ZS?format=json&per_page=1000,2026-09-28T17:23:23.715Z,{}
SP.URB.TOTL.IN.ZS,SP.URB.TOTL.IN.ZS--est,Estonia,EST,Urban population (% of total population),1985-12-31,1985,year,1985-01-01,71.1091384887695,% populacji,annual,observed,https://api.worldbank.org/v2/country/POL;WLD;USA;CHN;DEU;IND;KOR;JPN;GBR;FRA;BRA;EST/indicator/SP.URB.TOTL.IN.ZS?format=json&per_page=1000,2026-09-28T17:23:23.715Z,{}
SP.URB.TOTL.IN.ZS,SP.URB.TOTL.IN.ZS--fra,Francja,FRA,Urban population (% of total population),1985-12-31,1985,year,1985-01-01,73.5623571560102,% populacji,annual,observed,https://api.worldbank.org/v2/country/POL;WLD;USA;CHN;DEU;IND;KOR;JPN;GBR;FRA;BRA;EST/indicator/SP.URB.TOTL.IN.ZS?format=json&per_page=1000,2026-09-28T17:23:23.715Z,{}
SP.URB.TOTL.IN.ZS,SP.URB.TOTL.IN.ZS--gbr,Wielka Brytania,GBR,Urban population (% of total population),1985-12-31,1985,year,1985-01-01,78.4080567918043,% populacji,annual,observed,https://api.worldbank.org/v2/country/POL;WLD;USA;CHN;DEU;IND;KOR;JPN;GBR;FRA;BRA;EST/indicator/SP.URB.TOTL.IN.ZS?format=json&per_page=1000,2026-09-28T17:23:23.715Z,{}
SP.URB.TOTL.IN.ZS,SP.URB.TOTL.IN.ZS--ind,Indie,IND,Urban population (% of total population),1985-12-31,1985,year,1985-01-01,24.654828858249,% populacji,annual,observed,https://api.worldbank.org/v2/country/POL;WLD;USA;CHN;DEU;IND;KOR;JPN;GBR;FRA;BRA;EST/indicator/SP.URB.TOTL.IN.ZS?format=json&per_page=1000,2026-09-28T17:23:23.715Z,{}
SP.URB.TOTL.IN.ZS,SP.URB.TOTL.IN.ZS--jpn,Japonia,JPN,Urban population (% of total population),1985-12-31,1985,year,1985-01-01,76.6930644715793,% populacji,annual,observed,https://api.worldbank.org/v2/country/POL;WLD;USA;CHN;DEU;IND;KOR;JPN;GBR;FRA;BRA;EST/indicator/SP.URB.TOTL.IN.ZS?format=json&per_page=1000,2026-09-28T17:23:23.715Z,{}
SP.URB.TOTL.IN.ZS,SP.URB.TOTL.IN.ZS--kor,Korea Płd.,KOR,Urban population (% of total population),1985-12-31,1985,year,1985-01-01,64.7952808591987,% populacji,annual,observed,https://api.worldbank.org/v2/country/POL;WLD;USA;CHN;DEU;IND;KOR;JPN;GBR;FRA;BRA;EST/indicator/SP.URB.TOTL.IN.ZS?format=json&per_page=1000,2026-09-28T17:23:23.715Z,{}
SP.URB.TOTL.IN.ZS,SP.URB.TOTL.IN.ZS--pol,Polska,POL,Urban population (% of total population),1985-12-31,1985,year,1985-01-01,60.4198108078166,% populacji,annual,observed,https://api.worldbank.org/v2/country/POL;WLD;USA;CHN;DEU;IND;KOR;JPN;GBR;FRA;BRA;EST/indicator/SP.URB.TOTL.IN.ZS?format=json&per_page=1000,2026-09-28T17:23:23.715Z,{}
SP.URB.TOTL.IN.ZS,SP.URB.TOTL.IN.ZS--usa,USA,USA,Urban population (% of total population),1985-12-31,1985,year,1985-01-01,74.30235208434,% populacji,annual,observed,https://api.worldbank.org/v2/country/POL;WLD;USA;CHN;DEU;IND;KOR;JPN;GBR;FRA;BRA;EST/indicator/SP.URB.TOTL.IN.ZS?format=json&per_page=1000,2026-09-28T17:23:23.715Z,{}
SP.URB.TOTL.IN.ZS,SP.URB.TOTL.IN.ZS--wld,Świat,WLD,Urban population (% of total population),1985-12-31,1985,year,1985-01-01,41.3908964862333,% populacji,annual,observed,https://api.worldbank.org/v2/country/POL;WLD;USA;CHN;DEU;IND;KOR;JPN;GBR;FRA;BRA;EST/indicator/SP.URB.TOTL.IN.ZS?format=json&per_page=1000,2026-09-28T17:23:23.715Z,{}
SP.URB.TOTL.IN.ZS,SP.URB.TOTL.IN.ZS--bra,Brazylia,BRA,Urban population (% of total population),1986-12-31,1986,year,1986-01-01,72.2954563738046,% populacji,annual,observed,https://api.worldbank.org/v2/country/POL;WLD;USA;CHN;DEU;IND;KOR;JPN;GBR;FRA;BRA;EST/indicator/SP.URB.TOTL.IN.ZS?format=json&per_page=1000,2026-09-28T17:23:23.715Z,{}
SP.URB.TOTL.IN.ZS,SP.URB.TOTL.IN.ZS--chn,Chiny,CHN,Urban population (% of total population),1986-12-31,1986,year,1986-01-01,24.5249156951904,% populacji,annual,observed,https://api.worldbank.org/v2/country/POL;WLD;USA;CHN;DEU;IND;KOR;JPN;GBR;FRA;BRA;EST/indicator/SP.URB.TOTL.IN.ZS?format=json&per_page=1000,2026-09-28T17:23:23.715Z,{}
SP.URB.TOTL.IN.ZS,SP.URB.TOTL.IN.ZS--deu,Niemcy,DEU,Urban population (% of total population),1986-12-31,1986,year,1986-01-01,79.9848477297039,% populacji,annual,observed,https://api.worldbank.org/v2/country/POL;WLD;USA;CHN;DEU;IND;KOR;JPN;GBR;FRA;BRA;EST/indicator/SP.URB.TOTL.IN.ZS?format=json&per_page=1000,2026-09-28T17:23:23.715Z,{}
SP.URB.TOTL.IN.ZS,SP.URB.TOTL.IN.ZS--est,Estonia,EST,Urban population (% of total population),1986-12-31,1986,year,1986-01-01,71.2458877563477,% populacji,annual,observed,https://api.worldbank.org/v2/country/POL;WLD;USA;CHN;DEU;IND;KOR;JPN;GBR;FRA;BRA;EST/indicator/SP.URB.TOTL.IN.ZS?format=json&per_page=1000,2026-09-28T17:23:23.715Z,{}
SP.URB.TOTL.IN.ZS,SP.URB.TOTL.IN.ZS--fra,Francja,FRA,Urban population (% of total population),1986-12-31,1986,year,1986-01-01,73.6440191686816,% populacji,annual,observed,https://api.worldbank.org/v2/country/POL;WLD;USA;CHN;DEU;IND;KOR;JPN;GBR;FRA;BRA;EST/indicator/SP.URB.TOTL.IN.ZS?format=json&per_page=1000,2026-09-28T17:23:23.715Z,{}
SP.URB.TOTL.IN.ZS,SP.URB.TOTL.IN.ZS--gbr,Wielka Brytania,GBR,Urban population (% of total population),1986-12-31,1986,year,1986-01-01,78.3338976324727,% populacji,annual,observed,https://api.worldbank.org/v2/country/POL;WLD;USA;CHN;DEU;IND;KOR;JPN;GBR;FRA;BRA;EST/indicator/SP.URB.TOTL.IN.ZS?format=json&per_page=1000,2026-09-28T17:23:23.715Z,{}
SP.URB.TOTL.IN.ZS,SP.URB.TOTL.IN.ZS--ind,Indie,IND,Urban population (% of total population),1986-12-31,1986,year,1986-01-01,24.8404751816147,% populacji,annual,observed,https://api.worldbank.org/v2/country/POL;WLD;USA;CHN;DEU;IND;KOR;JPN;GBR;FRA;BRA;EST/indicator/SP.URB.TOTL.IN.ZS?format=json&per_page=1000,2026-09-28T17:23:23.715Z,{}
SP.URB.TOTL.IN.ZS,SP.URB.TOTL.IN.ZS--jpn,Japonia,JPN,Urban population (% of total population),1986-12-31,1986,year,1986-01-01,76.81341381908,% populacji,annual,observed,https://api.worldbank.org/v2/country/POL;WLD;USA;CHN;DEU;IND;KOR;JPN;GBR;FRA;BRA;EST/indicator/SP.URB.TOTL.IN.ZS?format=json&per_page=1000,2026-09-28T17:23:23.715Z,{}
SP.URB.TOTL.IN.ZS,SP.URB.TOTL.IN.ZS--kor,Korea Płd.,KOR,Urban population (% of total population),1986-12-31,1986,year,1986-01-01,66.5771098057876,% populacji,annual,observed,https://api.worldbank.org/v2/country/POL;WLD;USA;CHN;DEU;IND;KOR;JPN;GBR;FRA;BRA;EST/indicator/SP.URB.TOTL.IN.ZS?format=json&per_page=1000,2026-09-28T17:23:23.715Z,{}
SP.URB.TOTL.IN.ZS,SP.URB.TOTL.IN.ZS--pol,Polska,POL,Urban population (% of total population),1986-12-31,1986,year,1986-01-01,60.7310600195075,% populacji,annual,observed,https://api.worldbank.org/v2/country/POL;WLD;USA;CHN;DEU;IND;KOR;JPN;GBR;FRA;BRA;EST/indicator/SP.URB.TOTL.IN.ZS?format=json&per_page=1000,2026-09-28T17:23:23.715Z,{}
SP.URB.TOTL.IN.ZS,SP.URB.TOTL.IN.ZS--usa,USA,USA,Urban population (% of total population),1986-12-31,1986,year,1986-01-01,74.4709411979853,% populacji,annual,observed,https://api.worldbank.org/v2/country/POL;WLD;USA;CHN;DEU;IND;KOR;JPN;GBR;FRA;BRA;EST/indicator/SP.URB.TOTL.IN.ZS?format=json&per_page=1000,2026-09-28T17:23:23.715Z,{}
SP.URB.TOTL.IN.ZS,SP.URB.TOTL.IN.ZS--wld,Świat,WLD,Urban population (% of total population),1986-12-31,1986,year,1986-01-01,41.7523096822701,% populacji,annual,observed,https://api.worldbank.org/v2/country/POL;WLD;USA;CHN;DEU;IND;KOR;JPN;GBR;FRA;BRA;EST/indicator/SP.URB.TOTL.IN.ZS?format=json&per_page=1000,2026-09-28T17:23:23.715Z,{}
SP.URB.TOTL.IN.ZS,SP.URB.TOTL.IN.ZS--bra,Brazylia,BRA,Urban population (% of total population),1987-12-31,1987,year,1987-01-01,72.9658265850064,% populacji,annual,observed,https://api.worldbank.org/v2/country/POL;WLD;USA;CHN;DEU;IND;KOR;JPN;GBR;FRA;BRA;EST/indicator/SP.URB.TOTL.IN.ZS?format=json&per_page=1000,2026-09-28T17:23:23.715Z,{}
SP.URB.TOTL.IN.ZS,SP.URB.TOTL.IN.ZS--chn,Chiny,CHN,Urban population (% of total population),1987-12-31,1987,year,1987-01-01,25.3193054199219,% populacji,annual,observed,https://api.worldbank.org/v2/country/POL;WLD;USA;CHN;DEU;IND;KOR;JPN;GBR;FRA;BRA;EST/indicator/SP.URB.TOTL.IN.ZS?format=json&per_page=1000,2026-09-28T17:23:23.715Z,{}
SP.URB.TOTL.IN.ZS,SP.URB.TOTL.IN.ZS--deu,Niemcy,DEU,Urban population (% of total population),1987-12-31,1987,year,1987-01-01,79.9927062744372,% populacji,annual,observed,https://api.worldbank.org/v2/country/POL;WLD;USA;CHN;DEU;IND;KOR;JPN;GBR;FRA;BRA;EST/indicator/SP.URB.TOTL.IN.ZS?format=json&per_page=1000,2026-09-28T17:23:23.715Z,{}
SP.URB.TOTL.IN.ZS,SP.URB.TOTL.IN.ZS--est,Estonia,EST,Urban population (% of total population),1987-12-31,1987,year,1987-01-01,71.3310165405273,% populacji,annual,observed,https://api.worldbank.org/v2/country/POL;WLD;USA;CHN;DEU;IND;KOR;JPN;GBR;FRA;BRA;EST/indicator/SP.URB.TOTL.IN.ZS?format=json&per_page=1000,2026-09-28T17:23:23.715Z,{}
SP.URB.TOTL.IN.ZS,SP.URB.TOTL.IN.ZS--fra,Francja,FRA,Urban population (% of total population),1987-12-31,1987,year,1987-01-01,73.7337741771127,% populacji,annual,observed,https://api.worldbank.org/v2/country/POL;WLD;USA;CHN;DEU;IND;KOR;JPN;GBR;FRA;BRA;EST/indicator/SP.URB.TOTL.IN.ZS?format=json&per_page=1000,2026-09-28T17:23:23.715Z,{}
SP.URB.TOTL.IN.ZS,SP.URB.TOTL.IN.ZS--gbr,Wielka Brytania,GBR,Urban population (% of total population),1987-12-31,1987,year,1987-01-01,78.2610151420751,% populacji,annual,observed,https://api.worldbank.org/v2/country/POL;WLD;USA;CHN;DEU;IND;KOR;JPN;GBR;FRA;BRA;EST/indicator/SP.URB.TOTL.IN.ZS?format=json&per_page=1000,2026-09-28T17:23:23.715Z,{}
SP.URB.TOTL.IN.ZS,SP.URB.TOTL.IN.ZS--ind,Indie,IND,Urban population (% of total population),1987-12-31,1987,year,1987-01-01,25.0216289732896,% populacji,annual,observed,https://api.worldbank.org/v2/country/POL;WLD;USA;CHN;DEU;IND;KOR;JPN;GBR;FRA;BRA;EST/indicator/SP.URB.TOTL.IN.ZS?format=json&per_page=1000,2026-09-28T17:23:23.715Z,{}
SP.URB.TOTL.IN.ZS,SP.URB.TOTL.IN.ZS--jpn,Japonia,JPN,Urban population (% of total population),1987-12-31,1987,year,1987-01-01,76.9402952490325,% populacji,annual,observed,https://api.worldbank.org/v2/country/POL;WLD;USA;CHN;DEU;IND;KOR;JPN;GBR;FRA;BRA;EST/indicator/SP.URB.TOTL.IN.ZS?format=json&per_page=1000,2026-09-28T17:23:23.715Z,{}
SP.URB.TOTL.IN.ZS,SP.URB.TOTL.IN.ZS--kor,Korea Płd.,KOR,Urban population (% of total population),1987-12-31,1987,year,1987-01-01,68.5628466782553,% populacji,annual,observed,https://api.worldbank.org/v2/country/POL;WLD;USA;CHN;DEU;IND;KOR;JPN;GBR;FRA;BRA;EST/indicator/SP.URB.TOTL.IN.ZS?format=json&per_page=1000,2026-09-28T17:23:23.715Z,{}
SP.URB.TOTL.IN.ZS,SP.URB.TOTL.IN.ZS--pol,Polska,POL,Urban population (% of total population),1987-12-31,1987,year,1987-01-01,60.9741110089033,% populacji,annual,observed,https://api.worldbank.org/v2/country/POL;WLD;USA;CHN;DEU;IND;KOR;JPN;GBR;FRA;BRA;EST/indicator/SP.URB.TOTL.IN.ZS?format=json&per_page=1000,2026-09-28T17:23:23.715Z,{}
SP.URB.TOTL.IN.ZS,SP.URB.TOTL.IN.ZS--usa,USA,USA,Urban population (% of total population),1987-12-31,1987,year,1987-01-01,74.6535106543594,% populacji,annual,observed,https://api.worldbank.org/v2/country/POL;WLD;USA;CHN;DEU;IND;KOR;JPN;GBR;FRA;BRA;EST/indicator/SP.URB.TOTL.IN.ZS?format=json&per_page=1000,2026-09-28T17:23:23.715Z,{}
SP.URB.TOTL.IN.ZS,SP.URB.TOTL.IN.ZS--wld,Świat,WLD,Urban population (% of total population),1987-12-31,1987,year,1987-01-01,42.1115595302388,% populacji,annual,observed,https://api.worldbank.org/v2/country/POL;WLD;USA;CHN;DEU;IND;KOR;JPN;GBR;FRA;BRA;EST/indicator/SP.URB.TOTL.IN.ZS?format=json&per_page=1000,2026-09-28T17:23:23.715Z,{}
SP.URB.TOTL.IN.ZS,SP.URB.TOTL.IN.ZS--bra,Brazylia,BRA,Urban population (% of total population),1988-12-31,1988,year,1988-01-01,73.6138622973844,% populacji,annual,observed,https://api.worldbank.org/v2/country/POL;WLD;USA;CHN;DEU;IND;KOR;JPN;GBR;FRA;BRA;EST/indicator/SP.URB.TOTL.IN.ZS?format=json&per_page=1000,2026-09-28T17:23:23.715Z,{}
SP.URB.TOTL.IN.ZS,SP.URB.TOTL.IN.ZS--chn,Chiny,CHN,Urban population (% of total population),1988-12-31,1988,year,1988-01-01,25.8146724700928,% populacji,annual,observed,https://api.worldbank.org/v2/country/POL;WLD;USA;CHN;DEU;IND;KOR;JPN;GBR;FRA;BRA;EST/indicator/SP.URB.TOTL.IN.ZS?format=json&per_page=1000,2026-09-28T17:23:23.715Z,{}
SP.URB.TOTL.IN.ZS,SP.URB.TOTL.IN.ZS--deu,Niemcy,DEU,Urban population (% of total population),1988-12-31,1988,year,1988-01-01,79.9999740753505,% populacji,annual,observed,https://api.worldbank.org/v2/country/POL;WLD;USA;CHN;DEU;IND;KOR;JPN;GBR;FRA;BRA;EST/indicator/SP.URB.TOTL.IN.ZS?format=json&per_page=1000,2026-09-28T17:23:23.715Z,{}
SP.URB.TOTL.IN.ZS,SP.URB.TOTL.IN.ZS--est,Estonia,EST,Urban population (% of total population),1988-12-31,1988,year,1988-01-01,71.4050140380859,% populacji,annual,observed,https://api.worldbank.org/v2/country/POL;WLD;USA;CHN;DEU;IND;KOR;JPN;GBR;FRA;BRA;EST/indicator/SP.URB.TOTL.IN.ZS?format=json&per_page=1000,2026-09-28T17:23:23.715Z,{}
SP.URB.TOTL.IN.ZS,SP.URB.TOTL.IN.ZS--fra,Francja,FRA,Urban population (% of total population),1988-12-31,1988,year,1988-01-01,73.8329418235332,% populacji,annual,observed,https://api.worldbank.org/v2/country/POL;WLD;USA;CHN;DEU;IND;KOR;JPN;GBR;FRA;BRA;EST/indicator/SP.URB.TOTL.IN.ZS?format=json&per_page=1000,2026-09-28T17:23:23.715Z,{}
SP.URB.TOTL.IN.ZS,SP.URB.TOTL.IN.ZS--gbr,Wielka Brytania,GBR,Urban population (% of total population),1988-12-31,1988,year,1988-01-01,78.1953243910149,% populacji,annual,observed,https://api.worldbank.org/v2/country/POL;WLD;USA;CHN;DEU;IND;KOR;JPN;GBR;FRA;BRA;EST/indicator/SP.URB.TOTL.IN.ZS?format=json&per_page=1000,2026-09-28T17:23:23.715Z,{}
SP.URB.TOTL.IN.ZS,SP.URB.TOTL.IN.ZS--ind,Indie,IND,Urban population (% of total population),1988-12-31,1988,year,1988-01-01,25.2023168909072,% populacji,annual,observed,https://api.worldbank.org/v2/country/POL;WLD;USA;CHN;DEU;IND;KOR;JPN;GBR;FRA;BRA;EST/indicator/SP.URB.TOTL.IN.ZS?format=json&per_page=1000,2026-09-28T17:23:23.715Z,{}
SP.URB.TOTL.IN.ZS,SP.URB.TOTL.IN.ZS--jpn,Japonia,JPN,Urban population (% of total population),1988-12-31,1988,year,1988-01-01,77.072111271414,% populacji,annual,observed,https://api.worldbank.org/v2/country/POL;WLD;USA;CHN;DEU;IND;KOR;JPN;GBR;FRA;BRA;EST/indicator/SP.URB.TOTL.IN.ZS?format=json&per_page=1000,2026-09-28T17:23:23.715Z,{}
SP.URB.TOTL.IN.ZS,SP.URB.TOTL.IN.ZS--kor,Korea Płd.,KOR,Urban population (% of total population),1988-12-31,1988,year,1988-01-01,70.5877839860655,% populacji,annual,observed,https://api.worldbank.org/v2/country/POL;WLD;USA;CHN;DEU;IND;KOR;JPN;GBR;FRA;BRA;EST/indicator/SP.URB.TOTL.IN.ZS?format=json&per_page=1000,2026-09-28T17:23:23.715Z,{}
SP.URB.TOTL.IN.ZS,SP.URB.TOTL.IN.ZS--pol,Polska,POL,Urban population (% of total population),1988-12-31,1988,year,1988-01-01,61.132169783268,% populacji,annual,observed,https://api.worldbank.org/v2/country/POL;WLD;USA;CHN;DEU;IND;KOR;JPN;GBR;FRA;BRA;EST/indicator/SP.URB.TOTL.IN.ZS?format=json&per_page=1000,2026-09-28T17:23:23.715Z,{}
SP.URB.TOTL.IN.ZS,SP.URB.TOTL.IN.ZS--usa,USA,USA,Urban population (% of total population),1988-12-31,1988,year,1988-01-01,74.8477523305311,% populacji,annual,observed,https://api.worldbank.org/v2/country/POL;WLD;USA;CHN;DEU;IND;KOR;JPN;GBR;FRA;BRA;EST/indicator/SP.URB.TOTL.IN.ZS?format=json&per_page=1000,2026-09-28T17:23:23.715Z,{}
SP.URB.TOTL.IN.ZS,SP.URB.TOTL.IN.ZS--wld,Świat,WLD,Urban population (% of total population),1988-12-31,1988,year,1988-01-01,42.4013433756877,% populacji,annual,observed,https://api.worldbank.org/v2/country/POL;WLD;USA;CHN;DEU;IND;KOR;JPN;GBR;FRA;BRA;EST/indicator/SP.URB.TOTL.IN.ZS?format=json&per_page=1000,2026-09-28T17:23:23.715Z,{}
SP.URB.TOTL.IN.ZS,SP.URB.TOTL.IN.ZS--bra,Brazylia,BRA,Urban population (% of total population),1989-12-31,1989,year,1989-01-01,74.2463061283112,% populacji,annual,observed,https://api.worldbank.org/v2/country/POL;WLD;USA;CHN;DEU;IND;KOR;JPN;GBR;FRA;BRA;EST/indicator/SP.URB.TOTL.IN.ZS?format=json&per_page=1000,2026-09-28T17:23:23.715Z,{}
SP.URB.TOTL.IN.ZS,SP.URB.TOTL.IN.ZS--chn,Chiny,CHN,Urban population (% of total population),1989-12-31,1989,year,1989-01-01,26.2102489471436,% populacji,annual,observed,https://api.worldbank.org/v2/country/POL;WLD;USA;CHN;DEU;IND;KOR;JPN;GBR;FRA;BRA;EST/indicator/SP.URB.TOTL.IN.ZS?format=json&per_page=1000,2026-09-28T17:23:23.715Z,{}
SP.URB.TOTL.IN.ZS,SP.URB.TOTL.IN.ZS--deu,Niemcy,DEU,Urban population (% of total population),1989-12-31,1989,year,1989-01-01,80.0067970292083,% populacji,annual,observed,https://api.worldbank.org/v2/country/POL;WLD;USA;CHN;DEU;IND;KOR;JPN;GBR;FRA;BRA;EST/indicator/SP.URB.TOTL.IN.ZS?format=json&per_page=1000,2026-09-28T17:23:23.715Z,{}
SP.URB.TOTL.IN.ZS,SP.URB.TOTL.IN.ZS--est,Estonia,EST,Urban population (% of total population),1989-12-31,1989,year,1989-01-01,71.4338586887699,% populacji,annual,observed,https://api.worldbank.org/v2/country/POL;WLD;USA;CHN;DEU;IND;KOR;JPN;GBR;FRA;BRA;EST/indicator/SP.URB.TOTL.IN.ZS?format=json&per_page=1000,2026-09-28T17:23:23.715Z,{}
SP.URB.TOTL.IN.ZS,SP.URB.TOTL.IN.ZS--fra,Francja,FRA,Urban population (% of total population),1989-12-31,1989,year,1989-01-01,73.9428417501728,% populacji,annual,observed,https://api.worldbank.org/v2/country/POL;WLD;USA;CHN;DEU;IND;KOR;JPN;GBR;FRA;BRA;EST/indicator/SP.URB.TOTL.IN.ZS?format=json&per_page=1000,2026-09-28T17:23:23.715Z,{}
SP.URB.TOTL.IN.ZS,SP.URB.TOTL.IN.ZS--gbr,Wielka Brytania,GBR,Urban population (% of total population),1989-12-31,1989,year,1989-01-01,78.1427404496957,% populacji,annual,observed,https://api.worldbank.org/v2/country/POL;WLD;USA;CHN;DEU;IND;KOR;JPN;GBR;FRA;BRA;EST/indicator/SP.URB.TOTL.IN.ZS?format=json&per_page=1000,2026-09-28T17:23:23.715Z,{}
SP.URB.TOTL.IN.ZS,SP.URB.TOTL.IN.ZS--ind,Indie,IND,Urban population (% of total population),1989-12-31,1989,year,1989-01-01,25.3865655921008,% populacji,annual,observed,https://api.worldbank.org/v2/country/POL;WLD;USA;CHN;DEU;IND;KOR;JPN;GBR;FRA;BRA;EST/indicator/SP.URB.TOTL.IN.ZS?format=json&per_page=1000,2026-09-28T17:23:23.715Z,{}
SP.URB.TOTL.IN.ZS,SP.URB.TOTL.IN.ZS--jpn,Japonia,JPN,Urban population (% of total population),1989-12-31,1989,year,1989-01-01,77.2063887541774,% populacji,annual,observed,https://api.worldbank.org/v2/country/POL;WLD;USA;CHN;DEU;IND;KOR;JPN;GBR;FRA;BRA;EST/indicator/SP.URB.TOTL.IN.ZS?format=json&per_page=1000,2026-09-28T17:23:23.715Z,{}
SP.URB.TOTL.IN.ZS,SP.URB.TOTL.IN.ZS--kor,Korea Płd.,KOR,Urban population (% of total population),1989-12-31,1989,year,1989-01-01,72.4660369649545,% populacji,annual,observed,https://api.worldbank.org/v2/country/POL;WLD;USA;CHN;DEU;IND;KOR;JPN;GBR;FRA;BRA;EST/indicator/SP.URB.TOTL.IN.ZS?format=json&per_page=1000,2026-09-28T17:23:23.715Z,{}
SP.URB.TOTL.IN.ZS,SP.URB.TOTL.IN.ZS--pol,Polska,POL,Urban population (% of total population),1989-12-31,1989,year,1989-01-01,61.2259791140646,% populacji,annual,observed,https://api.worldbank.org/v2/country/POL;WLD;USA;CHN;DEU;IND;KOR;JPN;GBR;FRA;BRA;EST/indicator/SP.URB.TOTL.IN.ZS?format=json&per_page=1000,2026-09-28T17:23:23.715Z,{}
SP.URB.TOTL.IN.ZS,SP.URB.TOTL.IN.ZS--usa,USA,USA,Urban population (% of total population),1989-12-31,1989,year,1989-01-01,75.0513581035696,% populacji,annual,observed,https://api.worldbank.org/v2/country/POL;WLD;USA;CHN;DEU;IND;KOR;JPN;GBR;FRA;BRA;EST/indicator/SP.URB.TOTL.IN.ZS?format=json&per_page=1000,2026-09-28T17:23:23.715Z,{}
SP.URB.TOTL.IN.ZS,SP.URB.TOTL.IN.ZS--wld,Świat,WLD,Urban population (% of total population),1989-12-31,1989,year,1989-01-01,42.6658745914205,% populacji,annual,observed,https://api.worldbank.org/v2/country/POL;WLD;USA;CHN;DEU;IND;KOR;JPN;GBR;FRA;BRA;EST/indicator/SP.URB.TOTL.IN.ZS?format=json&per_page=1000,2026-09-28T17:23:23.715Z,{}
SP.URB.TOTL.IN.ZS,SP.URB.TOTL.IN.ZS--bra,Brazylia,BRA,Urban population (% of total population),1990-12-31,1990,year,1990-01-01,74.8699006951598,% populacji,annual,observed,https://api.worldbank.org/v2/country/POL;WLD;USA;CHN;DEU;IND;KOR;JPN;GBR;FRA;BRA;EST/indicator/SP.URB.TOTL.IN.ZS?format=json&per_page=1000,2026-09-28T17:23:23.715Z,{}
SP.URB.TOTL.IN.ZS,SP.URB.TOTL.IN.ZS--chn,Chiny,CHN,Urban population (% of total population),1990-12-31,1990,year,1990-01-01,26.1957015991211,% populacji,annual,observed,https://api.worldbank.org/v2/country/POL;WLD;USA;CHN;DEU;IND;KOR;JPN;GBR;FRA;BRA;EST/indicator/SP.URB.TOTL.IN.ZS?format=json&per_page=1000,2026-09-28T17:23:23.715Z,{}
SP.URB.TOTL.IN.ZS,SP.URB.TOTL.IN.ZS--deu,Niemcy,DEU,Urban population (% of total population),1990-12-31,1990,year,1990-01-01,80.0133210327747,% populacji,annual,observed,https://api.worldbank.org/v2/country/POL;WLD;USA;CHN;DEU;IND;KOR;JPN;GBR;FRA;BRA;EST/indicator/SP.URB.TOTL.IN.ZS?format=json&per_page=1000,2026-09-28T17:23:23.715Z,{}
SP.URB.TOTL.IN.ZS,SP.URB.TOTL.IN.ZS--est,Estonia,EST,Urban population (% of total population),1990-12-31,1990,year,1990-01-01,71.2695807435219,% populacji,annual,observed,https://api.worldbank.org/v2/country/POL;WLD;USA;CHN;DEU;IND;KOR;JPN;GBR;FRA;BRA;EST/indicator/SP.URB.TOTL.IN.ZS?format=json&per_page=1000,2026-09-28T17:23:23.715Z,{}
SP.URB.TOTL.IN.ZS,SP.URB.TOTL.IN.ZS--fra,Francja,FRA,Urban population (% of total population),1990-12-31,1990,year,1990-01-01,74.0675966432025,% populacji,annual,observed,https://api.worldbank.org/v2/country/POL;WLD;USA;CHN;DEU;IND;KOR;JPN;GBR;FRA;BRA;EST/indicator/SP.URB.TOTL.IN.ZS?format=json&per_page=1000,2026-09-28T17:23:23.715Z,{}
SP.URB.TOTL.IN.ZS,SP.URB.TOTL.IN.ZS--gbr,Wielka Brytania,GBR,Urban population (% of total population),1990-12-31,1990,year,1990-01-01,78.1091783885209,% populacji,annual,observed,https://api.worldbank.org/v2/country/POL;WLD;USA;CHN;DEU;IND;KOR;JPN;GBR;FRA;BRA;EST/indicator/SP.URB.TOTL.IN.ZS?format=json&per_page=1000,2026-09-28T17:23:23.715Z,{}
SP.URB.TOTL.IN.ZS,SP.URB.TOTL.IN.ZS--ind,Indie,IND,Urban population (% of total population),1990-12-31,1990,year,1990-01-01,25.5784017345035,% populacji,annual,observed,https://api.worldbank.org/v2/country/POL;WLD;USA;CHN;DEU;IND;KOR;JPN;GBR;FRA;BRA;EST/indicator/SP.URB.TOTL.IN.ZS?format=json&per_page=1000,2026-09-28T17:23:23.715Z,{}
SP.URB.TOTL.IN.ZS,SP.URB.TOTL.IN.ZS--jpn,Japonia,JPN,Urban population (% of total population),1990-12-31,1990,year,1990-01-01,77.3404178010312,% populacji,annual,observed,https://api.worldbank.org/v2/country/POL;WLD;USA;CHN;DEU;IND;KOR;JPN;GBR;FRA;BRA;EST/indicator/SP.URB.TOTL.IN.ZS?format=json&per_page=1000,2026-09-28T17:23:23.715Z,{}
SP.URB.TOTL.IN.ZS,SP.URB.TOTL.IN.ZS--kor,Korea Płd.,KOR,Urban population (% of total population),1990-12-31,1990,year,1990-01-01,73.9851161168568,% populacji,annual,observed,https://api.worldbank.org/v2/country/POL;WLD;USA;CHN;DEU;IND;KOR;JPN;GBR;FRA;BRA;EST/indicator/SP.URB.TOTL.IN.ZS?format=json&per_page=1000,2026-09-28T17:23:23.715Z,{}
SP.URB.TOTL.IN.ZS,SP.URB.TOTL.IN.ZS--pol,Polska,POL,Urban population (% of total population),1990-12-31,1990,year,1990-01-01,61.3009151063249,% populacji,annual,observed,https://api.worldbank.org/v2/country/POL;WLD;USA;CHN;DEU;IND;KOR;JPN;GBR;FRA;BRA;EST/indicator/SP.URB.TOTL.IN.ZS?format=json&per_page=1000,2026-09-28T17:23:23.715Z,{}
SP.URB.TOTL.IN.ZS,SP.URB.TOTL.IN.ZS--usa,USA,USA,Urban population (% of total population),1990-12-31,1990,year,1990-01-01,75.2685508261939,% populacji,annual,observed,https://api.worldbank.org/v2/country/POL;WLD;USA;CHN;DEU;IND;KOR;JPN;GBR;FRA;BRA;EST/indicator/SP.URB.TOTL.IN.ZS?format=json&per_page=1000,2026-09-28T17:23:23.715Z,{}
SP.URB.TOTL.IN.ZS,SP.URB.TOTL.IN.ZS--wld,Świat,WLD,Urban population (% of total population),1990-12-31,1990,year,1990-01-01,42.8321272176977,% populacji,annual,observed,https://api.worldbank.org/v2/country/POL;WLD;USA;CHN;DEU;IND;KOR;JPN;GBR;FRA;BRA;EST/indicator/SP.URB.TOTL.IN.ZS?format=json&per_page=1000,2026-09-28T17:23:23.715Z,{}
SP.URB.TOTL.IN.ZS,SP.URB.TOTL.IN.ZS--bra,Brazylia,BRA,Urban population (% of total population),1991-12-31,1991,year,1991-01-01,75.4934501058885,% populacji,annual,observed,https://api.worldbank.org/v2/country/POL;WLD;USA;CHN;DEU;IND;KOR;JPN;GBR;FRA;BRA;EST/indicator/SP.URB.TOTL.IN.ZS?format=json&per_page=1000,2026-09-28T17:23:23.715Z,{}
SP.URB.TOTL.IN.ZS,SP.URB.TOTL.IN.ZS--chn,Chiny,CHN,Urban population (% of total population),1991-12-31,1991,year,1991-01-01,26.9402465820312,% populacji,annual,observed,https://api.worldbank.org/v2/country/POL;WLD;USA;CHN;DEU;IND;KOR;JPN;GBR;FRA;BRA;EST/indicator/SP.URB.TOTL.IN.ZS?format=json&per_page=1000,2026-09-28T17:23:23.715Z,{}
SP.URB.TOTL.IN.ZS,SP.URB.TOTL.IN.ZS--deu,Niemcy,DEU,Urban population (% of total population),1991-12-31,1991,year,1991-01-01,80.0196919828142,% populacji,annual,observed,https://api.worldbank.org/v2/country/POL;WLD;USA;CHN;DEU;IND;KOR;JPN;GBR;FRA;BRA;EST/indicator/SP.URB.TOTL.IN.ZS?format=json&per_page=1000,2026-09-28T17:23:23.715Z,{}
SP.URB.TOTL.IN.ZS,SP.URB.TOTL.IN.ZS--est,Estonia,EST,Urban population (% of total population),1991-12-31,1991,year,1991-01-01,70.9558713666771,% populacji,annual,observed,https://api.worldbank.org/v2/country/POL;WLD;USA;CHN;DEU;IND;KOR;JPN;GBR;FRA;BRA;EST/indicator/SP.URB.TOTL.IN.ZS?format=json&per_page=1000,2026-09-28T17:23:23.715Z,{}
SP.URB.TOTL.IN.ZS,SP.URB.TOTL.IN.ZS--fra,Francja,FRA,Urban population (% of total population),1991-12-31,1991,year,1991-01-01,74.2197862924166,% populacji,annual,observed,https://api.worldbank.org/v2/country/POL;WLD;USA;CHN;DEU;IND;KOR;JPN;GBR;FRA;BRA;EST/indicator/SP.URB.TOTL.IN.ZS?format=json&per_page=1000,2026-09-28T17:23:23.715Z,{}
SP.URB.TOTL.IN.ZS,SP.URB.TOTL.IN.ZS--gbr,Wielka Brytania,GBR,Urban population (% of total population),1991-12-31,1991,year,1991-01-01,78.1020654236402,% populacji,annual,observed,https://api.worldbank.org/v2/country/POL;WLD;USA;CHN;DEU;IND;KOR;JPN;GBR;FRA;BRA;EST/indicator/SP.URB.TOTL.IN.ZS?format=json&per_page=1000,2026-09-28T17:23:23.715Z,{}
SP.URB.TOTL.IN.ZS,SP.URB.TOTL.IN.ZS--ind,Indie,IND,Urban population (% of total population),1991-12-31,1991,year,1991-01-01,25.7797610905819,% populacji,annual,observed,https://api.worldbank.org/v2/country/POL;WLD;USA;CHN;DEU;IND;KOR;JPN;GBR;FRA;BRA;EST/indicator/SP.URB.TOTL.IN.ZS?format=json&per_page=1000,2026-09-28T17:23:23.715Z,{}
SP.URB.TOTL.IN.ZS,SP.URB.TOTL.IN.ZS--jpn,Japonia,JPN,Urban population (% of total population),1991-12-31,1991,year,1991-01-01,77.4744816932723,% populacji,annual,observed,https://api.worldbank.org/v2/country/POL;WLD;USA;CHN;DEU;IND;KOR;JPN;GBR;FRA;BRA;EST/indicator/SP.URB.TOTL.IN.ZS?format=json&per_page=1000,2026-09-28T17:23:23.715Z,{}
SP.URB.TOTL.IN.ZS,SP.URB.TOTL.IN.ZS--kor,Korea Płd.,KOR,Urban population (% of total population),1991-12-31,1991,year,1991-01-01,75.1606018983188,% populacji,annual,observed,https://api.worldbank.org/v2/country/POL;WLD;USA;CHN;DEU;IND;KOR;JPN;GBR;FRA;BRA;EST/indicator/SP.URB.TOTL.IN.ZS?format=json&per_page=1000,2026-09-28T17:23:23.715Z,{}
SP.URB.TOTL.IN.ZS,SP.URB.TOTL.IN.ZS--pol,Polska,POL,Urban population (% of total population),1991-12-31,1991,year,1991-01-01,61.3708913076577,% populacji,annual,observed,https://api.worldbank.org/v2/country/POL;WLD;USA;CHN;DEU;IND;KOR;JPN;GBR;FRA;BRA;EST/indicator/SP.URB.TOTL.IN.ZS?format=json&per_page=1000,2026-09-28T17:23:23.715Z,{}
SP.URB.TOTL.IN.ZS,SP.URB.TOTL.IN.ZS--usa,USA,USA,Urban population (% of total population),1991-12-31,1991,year,1991-01-01,75.543016838308,% populacji,annual,observed,https://api.worldbank.org/v2/country/POL;WLD;USA;CHN;DEU;IND;KOR;JPN;GBR;FRA;BRA;EST/indicator/SP.URB.TOTL.IN.ZS?format=json&per_page=1000,2026-09-28T17:23:23.715Z,{}
SP.URB.TOTL.IN.ZS,SP.URB.TOTL.IN.ZS--wld,Świat,WLD,Urban population (% of total population),1991-12-31,1991,year,1991-01-01,43.1665674974718,% populacji,annual,observed,https://api.worldbank.org/v2/country/POL;WLD;USA;CHN;DEU;IND;KOR;JPN;GBR;FRA;BRA;EST/indicator/SP.URB.TOTL.IN.ZS?format=json&per_page=1000,2026-09-28T17:23:23.715Z,{}
SP.URB.TOTL.IN.ZS,SP.URB.TOTL.IN.ZS--bra,Brazylia,BRA,Urban population (% of total population),1992-12-31,1992,year,1992-01-01,76.0910875240585,% populacji,annual,observed,https://api.worldbank.org/v2/country/POL;WLD;USA;CHN;DEU;IND;KOR;JPN;GBR;FRA;BRA;EST/indicator/SP.URB.TOTL.IN.ZS?format=json&per_page=1000,2026-09-28T17:23:23.715Z,{}
SP.URB.TOTL.IN.ZS,SP.URB.TOTL.IN.ZS--chn,Chiny,CHN,Urban population (% of total population),1992-12-31,1992,year,1992-01-01,27.4598693847656,% populacji,annual,observed,https://api.worldbank.org/v2/country/POL;WLD;USA;CHN;DEU;IND;KOR;JPN;GBR;FRA;BRA;EST/indicator/SP.URB.TOTL.IN.ZS?format=json&per_page=1000,2026-09-28T17:23:23.715Z,{}
SP.URB.TOTL.IN.ZS,SP.URB.TOTL.IN.ZS--deu,Niemcy,DEU,Urban population (% of total population),1992-12-31,1992,year,1992-01-01,80.026055776091,% populacji,annual,observed,https://api.worldbank.org/v2/country/POL;WLD;USA;CHN;DEU;IND;KOR;JPN;GBR;FRA;BRA;EST/indicator/SP.URB.TOTL.IN.ZS?format=json&per_page=1000,2026-09-28T17:23:23.715Z,{}
SP.URB.TOTL.IN.ZS,SP.URB.TOTL.IN.ZS--est,Estonia,EST,Urban population (% of total population),1992-12-31,1992,year,1992-01-01,70.5333354332329,% populacji,annual,observed,https://api.worldbank.org/v2/country/POL;WLD;USA;CHN;DEU;IND;KOR;JPN;GBR;FRA;BRA;EST/indicator/SP.URB.TOTL.IN.ZS?format=json&per_page=1000,2026-09-28T17:23:23.715Z,{}
SP.URB.TOTL.IN.ZS,SP.URB.TOTL.IN.ZS--fra,Francja,FRA,Urban population (% of total population),1992-12-31,1992,year,1992-01-01,74.4051122960444,% populacji,annual,observed,https://api.worldbank.org/v2/country/POL;WLD;USA;CHN;DEU;IND;KOR;JPN;GBR;FRA;BRA;EST/indicator/SP.URB.TOTL.IN.ZS?format=json&per_page=1000,2026-09-28T17:23:23.715Z,{}
SP.URB.TOTL.IN.ZS,SP.URB.TOTL.IN.ZS--gbr,Wielka Brytania,GBR,Urban population (% of total population),1992-12-31,1992,year,1992-01-01,78.1549335902337,% populacji,annual,observed,https://api.worldbank.org/v2/country/POL;WLD;USA;CHN;DEU;IND;KOR;JPN;GBR;FRA;BRA;EST/indicator/SP.URB.TOTL.IN.ZS?format=json&per_page=1000,2026-09-28T17:23:23.715Z,{}
SP.URB.TOTL.IN.ZS,SP.URB.TOTL.IN.ZS--ind,Indie,IND,Urban population (% of total population),1992-12-31,1992,year,1992-01-01,25.9808576702657,% populacji,annual,observed,https://api.worldbank.org/v2/country/POL;WLD;USA;CHN;DEU;IND;KOR;JPN;GBR;FRA;BRA;EST/indicator/SP.URB.TOTL.IN.ZS?format=json&per_page=1000,2026-09-28T17:23:23.715Z,{}
SP.URB.TOTL.IN.ZS,SP.URB.TOTL.IN.ZS--jpn,Japonia,JPN,Urban population (% of total population),1992-12-31,1992,year,1992-01-01,77.6108029675096,% populacji,annual,observed,https://api.worldbank.org/v2/country/POL;WLD;USA;CHN;DEU;IND;KOR;JPN;GBR;FRA;BRA;EST/indicator/SP.URB.TOTL.IN.ZS?format=json&per_page=1000,2026-09-28T17:23:23.715Z,{}
SP.URB.TOTL.IN.ZS,SP.URB.TOTL.IN.ZS--kor,Korea Płd.,KOR,Urban population (% of total population),1992-12-31,1992,year,1992-01-01,76.1960694185519,% populacji,annual,observed,https://api.worldbank.org/v2/country/POL;WLD;USA;CHN;DEU;IND;KOR;JPN;GBR;FRA;BRA;EST/indicator/SP.URB.TOTL.IN.ZS?format=json&per_page=1000,2026-09-28T17:23:23.715Z,{}
SP.URB.TOTL.IN.ZS,SP.URB.TOTL.IN.ZS--pol,Polska,POL,Urban population (% of total population),1992-12-31,1992,year,1992-01-01,61.4357163819024,% populacji,annual,observed,https://api.worldbank.org/v2/country/POL;WLD;USA;CHN;DEU;IND;KOR;JPN;GBR;FRA;BRA;EST/indicator/SP.URB.TOTL.IN.ZS?format=json&per_page=1000,2026-09-28T17:23:23.715Z,{}
SP.URB.TOTL.IN.ZS,SP.URB.TOTL.IN.ZS--usa,USA,USA,Urban population (% of total population),1992-12-31,1992,year,1992-01-01,75.8943317611462,% populacji,annual,observed,https://api.worldbank.org/v2/country/POL;WLD;USA;CHN;DEU;IND;KOR;JPN;GBR;FRA;BRA;EST/indicator/SP.URB.TOTL.IN.ZS?format=json&per_page=1000,2026-09-28T17:23:23.715Z,{}
SP.URB.TOTL.IN.ZS,SP.URB.TOTL.IN.ZS--wld,Świat,WLD,Urban population (% of total population),1992-12-31,1992,year,1992-01-01,43.4493316374507,% populacji,annual,observed,https://api.worldbank.org/v2/country/POL;WLD;USA;CHN;DEU;IND;KOR;JPN;GBR;FRA;BRA;EST/indicator/SP.URB.TOTL.IN.ZS?format=json&per_page=1000,2026-09-28T17:23:23.715Z,{}
SP.URB.TOTL.IN.ZS,SP.URB.TOTL.IN.ZS--bra,Brazylia,BRA,Urban population (% of total population),1993-12-31,1993,year,1993-01-01,76.6406402906957,% populacji,annual,observed,https://api.worldbank.org/v2/country/POL;WLD;USA;CHN;DEU;IND;KOR;JPN;GBR;FRA;BRA;EST/indicator/SP.URB.TOTL.IN.ZS?format=json&per_page=1000,2026-09-28T17:23:23.715Z,{}
SP.URB.TOTL.IN.ZS,SP.URB.TOTL.IN.ZS--chn,Chiny,CHN,Urban population (% of total population),1993-12-31,1993,year,1993-01-01,27.9900760650635,% populacji,annual,observed,https://api.worldbank.org/v2/country/POL;WLD;USA;CHN;DEU;IND;KOR;JPN;GBR;FRA;BRA;EST/indicator/SP.URB.TOTL.IN.ZS?format=json&per_page=1000,2026-09-28T17:23:23.715Z,{}
SP.URB.TOTL.IN.ZS,SP.URB.TOTL.IN.ZS--deu,Niemcy,DEU,Urban population (% of total population),1993-12-31,1993,year,1993-01-01,80.0325583093694,% populacji,annual,observed,https://api.worldbank.org/v2/country/POL;WLD;USA;CHN;DEU;IND;KOR;JPN;GBR;FRA;BRA;EST/indicator/SP.URB.TOTL.IN.ZS?format=json&per_page=1000,2026-09-28T17:23:23.715Z,{}
SP.URB.TOTL.IN.ZS,SP.URB.TOTL.IN.ZS--est,Estonia,EST,Urban population (% of total population),1993-12-31,1993,year,1993-01-01,70.0366053397264,% populacji,annual,observed,https://api.worldbank.org/v2/country/POL;WLD;USA;CHN;DEU;IND;KOR;JPN;GBR;FRA;BRA;EST/indicator/SP.URB.TOTL.IN.ZS?format=json&per_page=1000,2026-09-28T17:23:23.715Z,{}
SP.URB.TOTL.IN.ZS,SP.URB.TOTL.IN.ZS--fra,Francja,FRA,Urban population (% of total population),1993-12-31,1993,year,1993-01-01,74.6168782336776,% populacji,annual,observed,https://api.worldbank.org/v2/country/POL;WLD;USA;CHN;DEU;IND;KOR;JPN;GBR;FRA;BRA;EST/indicator/SP.URB.TOTL.IN.ZS?format=json&per_page=1000,2026-09-28T17:23:23.715Z,{}
SP.URB.TOTL.IN.ZS,SP.URB.TOTL.IN.ZS--gbr,Wielka Brytania,GBR,Urban population (% of total population),1993-12-31,1993,year,1993-01-01,78.2748023147801,% populacji,annual,observed,https://api.worldbank.org/v2/country/POL;WLD;USA;CHN;DEU;IND;KOR;JPN;GBR;FRA;BRA;EST/indicator/SP.URB.TOTL.IN.ZS?format=json&per_page=1000,2026-09-28T17:23:23.715Z,{}
SP.URB.TOTL.IN.ZS,SP.URB.TOTL.IN.ZS--ind,Indie,IND,Urban population (% of total population),1993-12-31,1993,year,1993-01-01,26.1767814681192,% populacji,annual,observed,https://api.worldbank.org/v2/country/POL;WLD;USA;CHN;DEU;IND;KOR;JPN;GBR;FRA;BRA;EST/indicator/SP.URB.TOTL.IN.ZS?format=json&per_page=1000,2026-09-28T17:23:23.715Z,{}
SP.URB.TOTL.IN.ZS,SP.URB.TOTL.IN.ZS--jpn,Japonia,JPN,Urban population (% of total population),1993-12-31,1993,year,1993-01-01,77.7480283183434,% populacji,annual,observed,https://api.worldbank.org/v2/country/POL;WLD;USA;CHN;DEU;IND;KOR;JPN;GBR;FRA;BRA;EST/indicator/SP.URB.TOTL.IN.ZS?format=json&per_page=1000,2026-09-28T17:23:23.715Z,{}
SP.URB.TOTL.IN.ZS,SP.URB.TOTL.IN.ZS--kor,Korea Płd.,KOR,Urban population (% of total population),1993-12-31,1993,year,1993-01-01,77.1082857281795,% populacji,annual,observed,https://api.worldbank.org/v2/country/POL;WLD;USA;CHN;DEU;IND;KOR;JPN;GBR;FRA;BRA;EST/indicator/SP.URB.TOTL.IN.ZS?format=json&per_page=1000,2026-09-28T17:23:23.715Z,{}
SP.URB.TOTL.IN.ZS,SP.URB.TOTL.IN.ZS--pol,Polska,POL,Urban population (% of total population),1993-12-31,1993,year,1993-01-01,61.4951989928981,% populacji,annual,observed,https://api.worldbank.org/v2/country/POL;WLD;USA;CHN;DEU;IND;KOR;JPN;GBR;FRA;BRA;EST/indicator/SP.URB.TOTL.IN.ZS?format=json&per_page=1000,2026-09-28T17:23:23.715Z,{}
SP.URB.TOTL.IN.ZS,SP.URB.TOTL.IN.ZS--usa,USA,USA,Urban population (% of total population),1993-12-31,1993,year,1993-01-01,76.2998113365493,% populacji,annual,observed,https://api.worldbank.org/v2/country/POL;WLD;USA;CHN;DEU;IND;KOR;JPN;GBR;FRA;BRA;EST/indicator/SP.URB.TOTL.IN.ZS?format=json&per_page=1000,2026-09-28T17:23:23.715Z,{}
SP.URB.TOTL.IN.ZS,SP.URB.TOTL.IN.ZS--wld,Świat,WLD,Urban population (% of total population),1993-12-31,1993,year,1993-01-01,43.7269610559117,% populacji,annual,observed,https://api.worldbank.org/v2/country/POL;WLD;USA;CHN;DEU;IND;KOR;JPN;GBR;FRA;BRA;EST/indicator/SP.URB.TOTL.IN.ZS?format=json&per_page=1000,2026-09-28T17:23:23.715Z,{}
SP.URB.TOTL.IN.ZS,SP.URB.TOTL.IN.ZS--bra,Brazylia,BRA,Urban population (% of total population),1994-12-31,1994,year,1994-01-01,77.1710338911115,% populacji,annual,observed,https://api.worldbank.org/v2/country/POL;WLD;USA;CHN;DEU;IND;KOR;JPN;GBR;FRA;BRA;EST/indicator/SP.URB.TOTL.IN.ZS?format=json&per_page=1000,2026-09-28T17:23:23.715Z,{}
SP.URB.TOTL.IN.ZS,SP.URB.TOTL.IN.ZS--chn,Chiny,CHN,Urban population (% of total population),1994-12-31,1994,year,1994-01-01,28.5098037719727,% populacji,annual,observed,https://api.worldbank.org/v2/country/POL;WLD;USA;CHN;DEU;IND;KOR;JPN;GBR;FRA;BRA;EST/indicator/SP.URB.TOTL.IN.ZS?format=json&per_page=1000,2026-09-28T17:23:23.715Z,{}
SP.URB.TOTL.IN.ZS,SP.URB.TOTL.IN.ZS--deu,Niemcy,DEU,Urban population (% of total population),1994-12-31,1994,year,1994-01-01,80.0393454794137,% populacji,annual,observed,https://api.worldbank.org/v2/country/POL;WLD;USA;CHN;DEU;IND;KOR;JPN;GBR;FRA;BRA;EST/indicator/SP.URB.TOTL.IN.ZS?format=json&per_page=1000,2026-09-28T17:23:23.715Z,{}
SP.URB.TOTL.IN.ZS,SP.URB.TOTL.IN.ZS--est,Estonia,EST,Urban population (% of total population),1994-12-31,1994,year,1994-01-01,69.500313482695,% populacji,annual,observed,https://api.worldbank.org/v2/country/POL;WLD;USA;CHN;DEU;IND;KOR;JPN;GBR;FRA;BRA;EST/indicator/SP.URB.TOTL.IN.ZS?format=json&per_page=1000,2026-09-28T17:23:23.715Z,{}
SP.URB.TOTL.IN.ZS,SP.URB.TOTL.IN.ZS--fra,Francja,FRA,Urban population (% of total population),1994-12-31,1994,year,1994-01-01,74.8499283532348,% populacji,annual,observed,https://api.worldbank.org/v2/country/POL;WLD;USA;CHN;DEU;IND;KOR;JPN;GBR;FRA;BRA;EST/indicator/SP.URB.TOTL.IN.ZS?format=json&per_page=1000,2026-09-28T17:23:23.715Z,{}
SP.URB.TOTL.IN.ZS,SP.URB.TOTL.IN.ZS--gbr,Wielka Brytania,GBR,Urban population (% of total population),1994-12-31,1994,year,1994-01-01,78.4474219748331,% populacji,annual,observed,https://api.worldbank.org/v2/country/POL;WLD;USA;CHN;DEU;IND;KOR;JPN;GBR;FRA;BRA;EST/indicator/SP.URB.TOTL.IN.ZS?format=json&per_page=1000,2026-09-28T17:23:23.715Z,{}
SP.URB.TOTL.IN.ZS,SP.URB.TOTL.IN.ZS--ind,Indie,IND,Urban population (% of total population),1994-12-31,1994,year,1994-01-01,26.3710188638872,% populacji,annual,observed,https://api.worldbank.org/v2/country/POL;WLD;USA;CHN;DEU;IND;KOR;JPN;GBR;FRA;BRA;EST/indicator/SP.URB.TOTL.IN.ZS?format=json&per_page=1000,2026-09-28T17:23:23.715Z,{}
SP.URB.TOTL.IN.ZS,SP.URB.TOTL.IN.ZS--jpn,Japonia,JPN,Urban population (% of total population),1994-12-31,1994,year,1994-01-01,77.8843368177677,% populacji,annual,observed,https://api.worldbank.org/v2/country/POL;WLD;USA;CHN;DEU;IND;KOR;JPN;GBR;FRA;BRA;EST/indicator/SP.URB.TOTL.IN.ZS?format=json&per_page=1000,2026-09-28T17:23:23.715Z,{}
SP.URB.TOTL.IN.ZS,SP.URB.TOTL.IN.ZS--kor,Korea Płd.,KOR,Urban population (% of total population),1994-12-31,1994,year,1994-01-01,77.8585649228147,% populacji,annual,observed,https://api.worldbank.org/v2/country/POL;WLD;USA;CHN;DEU;IND;KOR;JPN;GBR;FRA;BRA;EST/indicator/SP.URB.TOTL.IN.ZS?format=json&per_page=1000,2026-09-28T17:23:23.715Z,{}
SP.URB.TOTL.IN.ZS,SP.URB.TOTL.IN.ZS--pol,Polska,POL,Urban population (% of total population),1994-12-31,1994,year,1994-01-01,61.5491478044841,% populacji,annual,observed,https://api.worldbank.org/v2/country/POL;WLD;USA;CHN;DEU;IND;KOR;JPN;GBR;FRA;BRA;EST/indicator/SP.URB.TOTL.IN.ZS?format=json&per_page=1000,2026-09-28T17:23:23.715Z,{}
SP.URB.TOTL.IN.ZS,SP.URB.TOTL.IN.ZS--usa,USA,USA,Urban population (% of total population),1994-12-31,1994,year,1994-01-01,76.7405657773027,% populacji,annual,observed,https://api.worldbank.org/v2/country/POL;WLD;USA;CHN;DEU;IND;KOR;JPN;GBR;FRA;BRA;EST/indicator/SP.URB.TOTL.IN.ZS?format=json&per_page=1000,2026-09-28T17:23:23.715Z,{}
SP.URB.TOTL.IN.ZS,SP.URB.TOTL.IN.ZS--wld,Świat,WLD,Urban population (% of total population),1994-12-31,1994,year,1994-01-01,44.0163147432581,% populacji,annual,observed,https://api.worldbank.org/v2/country/POL;WLD;USA;CHN;DEU;IND;KOR;JPN;GBR;FRA;BRA;EST/indicator/SP.URB.TOTL.IN.ZS?format=json&per_page=1000,2026-09-28T17:23:23.715Z,{}
SP.URB.TOTL.IN.ZS,SP.URB.TOTL.IN.ZS--bra,Brazylia,BRA,Urban population (% of total population),1995-12-31,1995,year,1995-01-01,77.7144999942454,% populacji,annual,observed,https://api.worldbank.org/v2/country/POL;WLD;USA;CHN;DEU;IND;KOR;JPN;GBR;FRA;BRA;EST/indicator/SP.URB.TOTL.IN.ZS?format=json&per_page=1000,2026-09-28T17:23:23.715Z,{}
SP.URB.TOTL.IN.ZS,SP.URB.TOTL.IN.ZS--chn,Chiny,CHN,Urban population (% of total population),1995-12-31,1995,year,1995-01-01,29.0403804779053,% populacji,annual,observed,https://api.worldbank.org/v2/country/POL;WLD;USA;CHN;DEU;IND;KOR;JPN;GBR;FRA;BRA;EST/indicator/SP.URB.TOTL.IN.ZS?format=json&per_page=1000,2026-09-28T17:23:23.715Z,{}
SP.URB.TOTL.IN.ZS,SP.URB.TOTL.IN.ZS--deu,Niemcy,DEU,Urban population (% of total population),1995-12-31,1995,year,1995-01-01,80.0465631829882,% populacji,annual,observed,https://api.worldbank.org/v2/country/POL;WLD;USA;CHN;DEU;IND;KOR;JPN;GBR;FRA;BRA;EST/indicator/SP.URB.TOTL.IN.ZS?format=json&per_page=1000,2026-09-28T17:23:23.715Z,{}
SP.URB.TOTL.IN.ZS,SP.URB.TOTL.IN.ZS--est,Estonia,EST,Urban population (% of total population),1995-12-31,1995,year,1995-01-01,68.959092258676,% populacji,annual,observed,https://api.worldbank.org/v2/country/POL;WLD;USA;CHN;DEU;IND;KOR;JPN;GBR;FRA;BRA;EST/indicator/SP.URB.TOTL.IN.ZS?format=json&per_page=1000,2026-09-28T17:23:23.715Z,{}
SP.URB.TOTL.IN.ZS,SP.URB.TOTL.IN.ZS--fra,Francja,FRA,Urban population (% of total population),1995-12-31,1995,year,1995-01-01,75.0991069026347,% populacji,annual,observed,https://api.worldbank.org/v2/country/POL;WLD;USA;CHN;DEU;IND;KOR;JPN;GBR;FRA;BRA;EST/indicator/SP.URB.TOTL.IN.ZS?format=json&per_page=1000,2026-09-28T17:23:23.715Z,{}
SP.URB.TOTL.IN.ZS,SP.URB.TOTL.IN.ZS--gbr,Wielka Brytania,GBR,Urban population (% of total population),1995-12-31,1995,year,1995-01-01,78.6591002712985,% populacji,annual,observed,https://api.worldbank.org/v2/country/POL;WLD;USA;CHN;DEU;IND;KOR;JPN;GBR;FRA;BRA;EST/indicator/SP.URB.TOTL.IN.ZS?format=json&per_page=1000,2026-09-28T17:23:23.715Z,{}
SP.URB.TOTL.IN.ZS,SP.URB.TOTL.IN.ZS--ind,Indie,IND,Urban population (% of total population),1995-12-31,1995,year,1995-01-01,26.5661772139368,% populacji,annual,observed,https://api.worldbank.org/v2/country/POL;WLD;USA;CHN;DEU;IND;KOR;JPN;GBR;FRA;BRA;EST/indicator/SP.URB.TOTL.IN.ZS?format=json&per_page=1000,2026-09-28T17:23:23.715Z,{}
SP.URB.TOTL.IN.ZS,SP.URB.TOTL.IN.ZS--jpn,Japonia,JPN,Urban population (% of total population),1995-12-31,1995,year,1995-01-01,78.0190838015653,% populacji,annual,observed,https://api.worldbank.org/v2/country/POL;WLD;USA;CHN;DEU;IND;KOR;JPN;GBR;FRA;BRA;EST/indicator/SP.URB.TOTL.IN.ZS?format=json&per_page=1000,2026-09-28T17:23:23.715Z,{}
SP.URB.TOTL.IN.ZS,SP.URB.TOTL.IN.ZS--kor,Korea Płd.,KOR,Urban population (% of total population),1995-12-31,1995,year,1995-01-01,78.400437187912,% populacji,annual,observed,https://api.worldbank.org/v2/country/POL;WLD;USA;CHN;DEU;IND;KOR;JPN;GBR;FRA;BRA;EST/indicator/SP.URB.TOTL.IN.ZS?format=json&per_page=1000,2026-09-28T17:23:23.715Z,{}
SP.URB.TOTL.IN.ZS,SP.URB.TOTL.IN.ZS--pol,Polska,POL,Urban population (% of total population),1995-12-31,1995,year,1995-01-01,61.5973714804995,% populacji,annual,observed,https://api.worldbank.org/v2/country/POL;WLD;USA;CHN;DEU;IND;KOR;JPN;GBR;FRA;BRA;EST/indicator/SP.URB.TOTL.IN.ZS?format=json&per_page=1000,2026-09-28T17:23:23.715Z,{}
SP.URB.TOTL.IN.ZS,SP.URB.TOTL.IN.ZS--usa,USA,USA,Urban population (% of total population),1995-12-31,1995,year,1995-01-01,77.1977052961919,% populacji,annual,observed,https://api.worldbank.org/v2/country/POL;WLD;USA;CHN;DEU;IND;KOR;JPN;GBR;FRA;BRA;EST/indicator/SP.URB.TOTL.IN.ZS?format=json&per_page=1000,2026-09-28T17:23:23.715Z,{}
SP.URB.TOTL.IN.ZS,SP.URB.TOTL.IN.ZS--wld,Świat,WLD,Urban population (% of total population),1995-12-31,1995,year,1995-01-01,44.3128003590653,% populacji,annual,observed,https://api.worldbank.org/v2/country/POL;WLD;USA;CHN;DEU;IND;KOR;JPN;GBR;FRA;BRA;EST/indicator/SP.URB.TOTL.IN.ZS?format=json&per_page=1000,2026-09-28T17:23:23.715Z,{}
SP.URB.TOTL.IN.ZS,SP.URB.TOTL.IN.ZS--bra,Brazylia,BRA,Urban population (% of total population),1996-12-31,1996,year,1996-01-01,78.3021415455398,% populacji,annual,observed,https://api.worldbank.org/v2/country/POL;WLD;USA;CHN;DEU;IND;KOR;JPN;GBR;FRA;BRA;EST/indicator/SP.URB.TOTL.IN.ZS?format=json&per_page=1000,2026-09-28T17:23:23.715Z,{}
SP.URB.TOTL.IN.ZS,SP.URB.TOTL.IN.ZS--chn,Chiny,CHN,Urban population (% of total population),1996-12-31,1996,year,1996-01-01,30.4798641204834,% populacji,annual,observed,https://api.worldbank.org/v2/country/POL;WLD;USA;CHN;DEU;IND;KOR;JPN;GBR;FRA;BRA;EST/indicator/SP.URB.TOTL.IN.ZS?format=json&per_page=1000,2026-09-28T17:23:23.715Z,{}
SP.URB.TOTL.IN.ZS,SP.URB.TOTL.IN.ZS--deu,Niemcy,DEU,Urban population (% of total population),1996-12-31,1996,year,1996-01-01,80.0543573168571,% populacji,annual,observed,https://api.worldbank.org/v2/country/POL;WLD;USA;CHN;DEU;IND;KOR;JPN;GBR;FRA;BRA;EST/indicator/SP.URB.TOTL.IN.ZS?format=json&per_page=1000,2026-09-28T17:23:23.715Z,{}
SP.URB.TOTL.IN.ZS,SP.URB.TOTL.IN.ZS--est,Estonia,EST,Urban population (% of total population),1996-12-31,1996,year,1996-01-01,68.4475740642067,% populacji,annual,observed,https://api.worldbank.org/v2/country/POL;WLD;USA;CHN;DEU;IND;KOR;JPN;GBR;FRA;BRA;EST/indicator/SP.URB.TOTL.IN.ZS?format=json&per_page=1000,2026-09-28T17:23:23.715Z,{}
SP.URB.TOTL.IN.ZS,SP.URB.TOTL.IN.ZS--fra,Francja,FRA,Urban population (% of total population),1996-12-31,1996,year,1996-01-01,75.3592581297959,% populacji,annual,observed,https://api.worldbank.org/v2/country/POL;WLD;USA;CHN;DEU;IND;KOR;JPN;GBR;FRA;BRA;EST/indicator/SP.URB.TOTL.IN.ZS?format=json&per_page=1000,2026-09-28T17:23:23.715Z,{}
SP.URB.TOTL.IN.ZS,SP.URB.TOTL.IN.ZS--gbr,Wielka Brytania,GBR,Urban population (% of total population),1996-12-31,1996,year,1996-01-01,78.8961449050823,% populacji,annual,observed,https://api.worldbank.org/v2/country/POL;WLD;USA;CHN;DEU;IND;KOR;JPN;GBR;FRA;BRA;EST/indicator/SP.URB.TOTL.IN.ZS?format=json&per_page=1000,2026-09-28T17:23:23.715Z,{}
SP.URB.TOTL.IN.ZS,SP.URB.TOTL.IN.ZS--ind,Indie,IND,Urban population (% of total population),1996-12-31,1996,year,1996-01-01,26.7648638746349,% populacji,annual,observed,https://api.worldbank.org/v2/country/POL;WLD;USA;CHN;DEU;IND;KOR;JPN;GBR;FRA;BRA;EST/indicator/SP.URB.TOTL.IN.ZS?format=json&per_page=1000,2026-09-28T17:23:23.715Z,{}
SP.URB.TOTL.IN.ZS,SP.URB.TOTL.IN.ZS--jpn,Japonia,JPN,Urban population (% of total population),1996-12-31,1996,year,1996-01-01,78.1374047267253,% populacji,annual,observed,https://api.worldbank.org/v2/country/POL;WLD;USA;CHN;DEU;IND;KOR;JPN;GBR;FRA;BRA;EST/indicator/SP.URB.TOTL.IN.ZS?format=json&per_page=1000,2026-09-28T17:23:23.715Z,{}
SP.URB.TOTL.IN.ZS,SP.URB.TOTL.IN.ZS--kor,Korea Płd.,KOR,Urban population (% of total population),1996-12-31,1996,year,1996-01-01,78.7508147919442,% populacji,annual,observed,https://api.worldbank.org/v2/country/POL;WLD;USA;CHN;DEU;IND;KOR;JPN;GBR;FRA;BRA;EST/indicator/SP.URB.TOTL.IN.ZS?format=json&per_page=1000,2026-09-28T17:23:23.715Z,{}
SP.URB.TOTL.IN.ZS,SP.URB.TOTL.IN.ZS--pol,Polska,POL,Urban population (% of total population),1996-12-31,1996,year,1996-01-01,61.6396786847836,% populacji,annual,observed,https://api.worldbank.org/v2/country/POL;WLD;USA;CHN;DEU;IND;KOR;JPN;GBR;FRA;BRA;EST/indicator/SP.URB.TOTL.IN.ZS?format=json&per_page=1000,2026-09-28T17:23:23.715Z,{}
SP.URB.TOTL.IN.ZS,SP.URB.TOTL.IN.ZS--usa,USA,USA,Urban population (% of total population),1996-12-31,1996,year,1996-01-01,77.6523401060025,% populacji,annual,observed,https://api.worldbank.org/v2/country/POL;WLD;USA;CHN;DEU;IND;KOR;JPN;GBR;FRA;BRA;EST/indicator/SP.URB.TOTL.IN.ZS?format=json&per_page=1000,2026-09-28T17:23:23.715Z,{}
SP.URB.TOTL.IN.ZS,SP.URB.TOTL.IN.ZS--wld,Świat,WLD,Urban population (% of total population),1996-12-31,1996,year,1996-01-01,44.8041325932383,% populacji,annual,observed,https://api.worldbank.org/v2/country/POL;WLD;USA;CHN;DEU;IND;KOR;JPN;GBR;FRA;BRA;EST/indicator/SP.URB.TOTL.IN.ZS?format=json&per_page=1000,2026-09-28T17:23:23.715Z,{}
SP.URB.TOTL.IN.ZS,SP.URB.TOTL.IN.ZS--bra,Brazylia,BRA,Urban population (% of total population),1997-12-31,1997,year,1997-01-01,79.0008493879259,% populacji,annual,observed,https://api.worldbank.org/v2/country/POL;WLD;USA;CHN;DEU;IND;KOR;JPN;GBR;FRA;BRA;EST/indicator/SP.URB.TOTL.IN.ZS?format=json&per_page=1000,2026-09-28T17:23:23.715Z,{}
SP.URB.TOTL.IN.ZS,SP.URB.TOTL.IN.ZS--chn,Chiny,CHN,Urban population (% of total population),1997-12-31,1997,year,1997-01-01,31.9099540710449,% populacji,annual,observed,https://api.worldbank.org/v2/country/POL;WLD;USA;CHN;DEU;IND;KOR;JPN;GBR;FRA;BRA;EST/indicator/SP.URB.TOTL.IN.ZS?format=json&per_page=1000,2026-09-28T17:23:23.715Z,{}
SP.URB.TOTL.IN.ZS,SP.URB.TOTL.IN.ZS--deu,Niemcy,DEU,Urban population (% of total population),1997-12-31,1997,year,1997-01-01,80.0628737777848,% populacji,annual,observed,https://api.worldbank.org/v2/country/POL;WLD;USA;CHN;DEU;IND;KOR;JPN;GBR;FRA;BRA;EST/indicator/SP.URB.TOTL.IN.ZS?format=json&per_page=1000,2026-09-28T17:23:23.715Z,{}
SP.URB.TOTL.IN.ZS,SP.URB.TOTL.IN.ZS--est,Estonia,EST,Urban population (% of total population),1997-12-31,1997,year,1997-01-01,68.0003912958243,% populacji,annual,observed,https://api.worldbank.org/v2/country/POL;WLD;USA;CHN;DEU;IND;KOR;JPN;GBR;FRA;BRA;EST/indicator/SP.URB.TOTL.IN.ZS?format=json&per_page=1000,2026-09-28T17:23:23.715Z,{}
SP.URB.TOTL.IN.ZS,SP.URB.TOTL.IN.ZS--fra,Francja,FRA,Urban population (% of total population),1997-12-31,1997,year,1997-01-01,75.6252262826369,% populacji,annual,observed,https://api.worldbank.org/v2/country/POL;WLD;USA;CHN;DEU;IND;KOR;JPN;GBR;FRA;BRA;EST/indicator/SP.URB.TOTL.IN.ZS?format=json&per_page=1000,2026-09-28T17:23:23.715Z,{}
SP.URB.TOTL.IN.ZS,SP.URB.TOTL.IN.ZS--gbr,Wielka Brytania,GBR,Urban population (% of total population),1997-12-31,1997,year,1997-01-01,79.1448635770901,% populacji,annual,observed,https://api.worldbank.org/v2/country/POL;WLD;USA;CHN;DEU;IND;KOR;JPN;GBR;FRA;BRA;EST/indicator/SP.URB.TOTL.IN.ZS?format=json&per_page=1000,2026-09-28T17:23:23.715Z,{}
SP.URB.TOTL.IN.ZS,SP.URB.TOTL.IN.ZS--ind,Indie,IND,Urban population (% of total population),1997-12-31,1997,year,1997-01-01,26.9696862023486,% populacji,annual,observed,https://api.worldbank.org/v2/country/POL;WLD;USA;CHN;DEU;IND;KOR;JPN;GBR;FRA;BRA;EST/indicator/SP.URB.TOTL.IN.ZS?format=json&per_page=1000,2026-09-28T17:23:23.715Z,{}
SP.URB.TOTL.IN.ZS,SP.URB.TOTL.IN.ZS--jpn,Japonia,JPN,Urban population (% of total population),1997-12-31,1997,year,1997-01-01,78.2318902291629,% populacji,annual,observed,https://api.worldbank.org/v2/country/POL;WLD;USA;CHN;DEU;IND;KOR;JPN;GBR;FRA;BRA;EST/indicator/SP.URB.TOTL.IN.ZS?format=json&per_page=1000,2026-09-28T17:23:23.715Z,{}
SP.URB.TOTL.IN.ZS,SP.URB.TOTL.IN.ZS--kor,Korea Płd.,KOR,Urban population (% of total population),1997-12-31,1997,year,1997-01-01,78.9918025094803,% populacji,annual,observed,https://api.worldbank.org/v2/country/POL;WLD;USA;CHN;DEU;IND;KOR;JPN;GBR;FRA;BRA;EST/indicator/SP.URB.TOTL.IN.ZS?format=json&per_page=1000,2026-09-28T17:23:23.715Z,{}
SP.URB.TOTL.IN.ZS,SP.URB.TOTL.IN.ZS--pol,Polska,POL,Urban population (% of total population),1997-12-31,1997,year,1997-01-01,61.6758780811754,% populacji,annual,observed,https://api.worldbank.org/v2/country/POL;WLD;USA;CHN;DEU;IND;KOR;JPN;GBR;FRA;BRA;EST/indicator/SP.URB.TOTL.IN.ZS?format=json&per_page=1000,2026-09-28T17:23:23.715Z,{}
SP.URB.TOTL.IN.ZS,SP.URB.TOTL.IN.ZS--usa,USA,USA,Urban population (% of total population),1997-12-31,1997,year,1997-01-01,78.0855804195199,% populacji,annual,observed,https://api.worldbank.org/v2/country/POL;WLD;USA;CHN;DEU;IND;KOR;JPN;GBR;FRA;BRA;EST/indicator/SP.URB.TOTL.IN.ZS?format=json&per_page=1000,2026-09-28T17:23:23.715Z,{}
SP.URB.TOTL.IN.ZS,SP.URB.TOTL.IN.ZS--wld,Świat,WLD,Urban population (% of total population),1997-12-31,1997,year,1997-01-01,45.3028639009936,% populacji,annual,observed,https://api.worldbank.org/v2/country/POL;WLD;USA;CHN;DEU;IND;KOR;JPN;GBR;FRA;BRA;EST/indicator/SP.URB.TOTL.IN.ZS?format=json&per_page=1000,2026-09-28T17:23:23.715Z,{}
SP.URB.TOTL.IN.ZS,SP.URB.TOTL.IN.ZS--bra,Brazylia,BRA,Urban population (% of total population),1998-12-31,1998,year,1998-01-01,79.789068166086,% populacji,annual,observed,https://api.worldbank.org/v2/country/POL;WLD;USA;CHN;DEU;IND;KOR;JPN;GBR;FRA;BRA;EST/indicator/SP.URB.TOTL.IN.ZS?format=json&per_page=1000,2026-09-28T17:23:23.715Z,{}
SP.URB.TOTL.IN.ZS,SP.URB.TOTL.IN.ZS--chn,Chiny,CHN,Urban population (% of total population),1998-12-31,1998,year,1998-01-01,33.3501663208008,% populacji,annual,observed,https://api.worldbank.org/v2/country/POL;WLD;USA;CHN;DEU;IND;KOR;JPN;GBR;FRA;BRA;EST/indicator/SP.URB.TOTL.IN.ZS?format=json&per_page=1000,2026-09-28T17:23:23.715Z,{}
SP.URB.TOTL.IN.ZS,SP.URB.TOTL.IN.ZS--deu,Niemcy,DEU,Urban population (% of total population),1998-12-31,1998,year,1998-01-01,80.0722584625357,% populacji,annual,observed,https://api.worldbank.org/v2/country/POL;WLD;USA;CHN;DEU;IND;KOR;JPN;GBR;FRA;BRA;EST/indicator/SP.URB.TOTL.IN.ZS?format=json&per_page=1000,2026-09-28T17:23:23.715Z,{}
SP.URB.TOTL.IN.ZS,SP.URB.TOTL.IN.ZS--est,Estonia,EST,Urban population (% of total population),1998-12-31,1998,year,1998-01-01,67.6521763500664,% populacji,annual,observed,https://api.worldbank.org/v2/country/POL;WLD;USA;CHN;DEU;IND;KOR;JPN;GBR;FRA;BRA;EST/indicator/SP.URB.TOTL.IN.ZS?format=json&per_page=1000,2026-09-28T17:23:23.715Z,{}
SP.URB.TOTL.IN.ZS,SP.URB.TOTL.IN.ZS--fra,Francja,FRA,Urban population (% of total population),1998-12-31,1998,year,1998-01-01,75.8918556090764,% populacji,annual,observed,https://api.worldbank.org/v2/country/POL;WLD;USA;CHN;DEU;IND;KOR;JPN;GBR;FRA;BRA;EST/indicator/SP.URB.TOTL.IN.ZS?format=json&per_page=1000,2026-09-28T17:23:23.715Z,{}
SP.URB.TOTL.IN.ZS,SP.URB.TOTL.IN.ZS--gbr,Wielka Brytania,GBR,Urban population (% of total population),1998-12-31,1998,year,1998-01-01,79.391563988228,% populacji,annual,observed,https://api.worldbank.org/v2/country/POL;WLD;USA;CHN;DEU;IND;KOR;JPN;GBR;FRA;BRA;EST/indicator/SP.URB.TOTL.IN.ZS?format=json&per_page=1000,2026-09-28T17:23:23.715Z,{}
SP.URB.TOTL.IN.ZS,SP.URB.TOTL.IN.ZS--ind,Indie,IND,Urban population (% of total population),1998-12-31,1998,year,1998-01-01,27.1832515534447,% populacji,annual,observed,https://api.worldbank.org/v2/country/POL;WLD;USA;CHN;DEU;IND;KOR;JPN;GBR;FRA;BRA;EST/indicator/SP.URB.TOTL.IN.ZS?format=json&per_page=1000,2026-09-28T17:23:23.715Z,{}
SP.URB.TOTL.IN.ZS,SP.URB.TOTL.IN.ZS--jpn,Japonia,JPN,Urban population (% of total population),1998-12-31,1998,year,1998-01-01,78.3266396189341,% populacji,annual,observed,https://api.worldbank.org/v2/country/POL;WLD;USA;CHN;DEU;IND;KOR;JPN;GBR;FRA;BRA;EST/indicator/SP.URB.TOTL.IN.ZS?format=json&per_page=1000,2026-09-28T17:23:23.715Z,{}
SP.URB.TOTL.IN.ZS,SP.URB.TOTL.IN.ZS--kor,Korea Płd.,KOR,Urban population (% of total population),1998-12-31,1998,year,1998-01-01,79.1812369650495,% populacji,annual,observed,https://api.worldbank.org/v2/country/POL;WLD;USA;CHN;DEU;IND;KOR;JPN;GBR;FRA;BRA;EST/indicator/SP.URB.TOTL.IN.ZS?format=json&per_page=1000,2026-09-28T17:23:23.715Z,{}
SP.URB.TOTL.IN.ZS,SP.URB.TOTL.IN.ZS--pol,Polska,POL,Urban population (% of total population),1998-12-31,1998,year,1998-01-01,61.7057783335144,% populacji,annual,observed,https://api.worldbank.org/v2/country/POL;WLD;USA;CHN;DEU;IND;KOR;JPN;GBR;FRA;BRA;EST/indicator/SP.URB.TOTL.IN.ZS?format=json&per_page=1000,2026-09-28T17:23:23.715Z,{}
SP.URB.TOTL.IN.ZS,SP.URB.TOTL.IN.ZS--usa,USA,USA,Urban population (% of total population),1998-12-31,1998,year,1998-01-01,78.4785364495296,% populacji,annual,observed,https://api.worldbank.org/v2/country/POL;WLD;USA;CHN;DEU;IND;KOR;JPN;GBR;FRA;BRA;EST/indicator/SP.URB.TOTL.IN.ZS?format=json&per_page=1000,2026-09-28T17:23:23.715Z,{}
SP.URB.TOTL.IN.ZS,SP.URB.TOTL.IN.ZS--wld,Świat,WLD,Urban population (% of total population),1998-12-31,1998,year,1998-01-01,45.8016975826898,% populacji,annual,observed,https://api.worldbank.org/v2/country/POL;WLD;USA;CHN;DEU;IND;KOR;JPN;GBR;FRA;BRA;EST/indicator/SP.URB.TOTL.IN.ZS?format=json&per_page=1000,2026-09-28T17:23:23.715Z,{}
SP.URB.TOTL.IN.ZS,SP.URB.TOTL.IN.ZS--bra,Brazylia,BRA,Urban population (% of total population),1999-12-31,1999,year,1999-01-01,80.5466061325216,% populacji,annual,observed,https://api.worldbank.org/v2/country/POL;WLD;USA;CHN;DEU;IND;KOR;JPN;GBR;FRA;BRA;EST/indicator/SP.URB.TOTL.IN.ZS?format=json&per_page=1000,2026-09-28T17:23:23.715Z,{}
SP.URB.TOTL.IN.ZS,SP.URB.TOTL.IN.ZS--chn,Chiny,CHN,Urban population (% of total population),1999-12-31,1999,year,1999-01-01,34.7797050476074,% populacji,annual,observed,https://api.worldbank.org/v2/country/POL;WLD;USA;CHN;DEU;IND;KOR;JPN;GBR;FRA;BRA;EST/indicator/SP.URB.TOTL.IN.ZS?format=json&per_page=1000,2026-09-28T17:23:23.715Z,{}
SP.URB.TOTL.IN.ZS,SP.URB.TOTL.IN.ZS--deu,Niemcy,DEU,Urban population (% of total population),1999-12-31,1999,year,1999-01-01,80.0826572678738,% populacji,annual,observed,https://api.worldbank.org/v2/country/POL;WLD;USA;CHN;DEU;IND;KOR;JPN;GBR;FRA;BRA;EST/indicator/SP.URB.TOTL.IN.ZS?format=json&per_page=1000,2026-09-28T17:23:23.715Z,{}
SP.URB.TOTL.IN.ZS,SP.URB.TOTL.IN.ZS--est,Estonia,EST,Urban population (% of total population),1999-12-31,1999,year,1999-01-01,67.43756162347,% populacji,annual,observed,https://api.worldbank.org/v2/country/POL;WLD;USA;CHN;DEU;IND;KOR;JPN;GBR;FRA;BRA;EST/indicator/SP.URB.TOTL.IN.ZS?format=json&per_page=1000,2026-09-28T17:23:23.715Z,{}
SP.URB.TOTL.IN.ZS,SP.URB.TOTL.IN.ZS--fra,Francja,FRA,Urban population (% of total population),1999-12-31,1999,year,1999-01-01,76.1682703613968,% populacji,annual,observed,https://api.worldbank.org/v2/country/POL;WLD;USA;CHN;DEU;IND;KOR;JPN;GBR;FRA;BRA;EST/indicator/SP.URB.TOTL.IN.ZS?format=json&per_page=1000,2026-09-28T17:23:23.715Z,{}
SP.URB.TOTL.IN.ZS,SP.URB.TOTL.IN.ZS--gbr,Wielka Brytania,GBR,Urban population (% of total population),1999-12-31,1999,year,1999-01-01,79.6225538394017,% populacji,annual,observed,https://api.worldbank.org/v2/country/POL;WLD;USA;CHN;DEU;IND;KOR;JPN;GBR;FRA;BRA;EST/indicator/SP.URB.TOTL.IN.ZS?format=json&per_page=1000,2026-09-28T17:23:23.715Z,{}
SP.URB.TOTL.IN.ZS,SP.URB.TOTL.IN.ZS--ind,Indie,IND,Urban population (% of total population),1999-12-31,1999,year,1999-01-01,27.4081672842903,% populacji,annual,observed,https://api.worldbank.org/v2/country/POL;WLD;USA;CHN;DEU;IND;KOR;JPN;GBR;FRA;BRA;EST/indicator/SP.URB.TOTL.IN.ZS?format=json&per_page=1000,2026-09-28T17:23:23.715Z,{}
SP.URB.TOTL.IN.ZS,SP.URB.TOTL.IN.ZS--jpn,Japonia,JPN,Urban population (% of total population),1999-12-31,1999,year,1999-01-01,78.448341899402,% populacji,annual,observed,https://api.worldbank.org/v2/country/POL;WLD;USA;CHN;DEU;IND;KOR;JPN;GBR;FRA;BRA;EST/indicator/SP.URB.TOTL.IN.ZS?format=json&per_page=1000,2026-09-28T17:23:23.715Z,{}
SP.URB.TOTL.IN.ZS,SP.URB.TOTL.IN.ZS--kor,Korea Płd.,KOR,Urban population (% of total population),1999-12-31,1999,year,1999-01-01,79.3623394908518,% populacji,annual,observed,https://api.worldbank.org/v2/country/POL;WLD;USA;CHN;DEU;IND;KOR;JPN;GBR;FRA;BRA;EST/indicator/SP.URB.TOTL.IN.ZS?format=json&per_page=1000,2026-09-28T17:23:23.715Z,{}
SP.URB.TOTL.IN.ZS,SP.URB.TOTL.IN.ZS--pol,Polska,POL,Urban population (% of total population),1999-12-31,1999,year,1999-01-01,61.7291881056396,% populacji,annual,observed,https://api.worldbank.org/v2/country/POL;WLD;USA;CHN;DEU;IND;KOR;JPN;GBR;FRA;BRA;EST/indicator/SP.URB.TOTL.IN.ZS?format=json&per_page=1000,2026-09-28T17:23:23.715Z,{}
SP.URB.TOTL.IN.ZS,SP.URB.TOTL.IN.ZS--usa,USA,USA,Urban population (% of total population),1999-12-31,1999,year,1999-01-01,78.812318408817,% populacji,annual,observed,https://api.worldbank.org/v2/country/POL;WLD;USA;CHN;DEU;IND;KOR;JPN;GBR;FRA;BRA;EST/indicator/SP.URB.TOTL.IN.ZS?format=json&per_page=1000,2026-09-28T17:23:23.715Z,{}
SP.URB.TOTL.IN.ZS,SP.URB.TOTL.IN.ZS--wld,Świat,WLD,Urban population (% of total population),1999-12-31,1999,year,1999-01-01,46.2927733696434,% populacji,annual,observed,https://api.worldbank.org/v2/country/POL;WLD;USA;CHN;DEU;IND;KOR;JPN;GBR;FRA;BRA;EST/indicator/SP.URB.TOTL.IN.ZS?format=json&per_page=1000,2026-09-28T17:23:23.715Z,{}
SP.URB.TOTL.IN.ZS,SP.URB.TOTL.IN.ZS--bra,Brazylia,BRA,Urban population (% of total population),2000-12-31,2000,year,2000-01-01,81.1484365423806,% populacji,annual,observed,https://api.worldbank.org/v2/country/POL;WLD;USA;CHN;DEU;IND;KOR;JPN;GBR;FRA;BRA;EST/indicator/SP.URB.TOTL.IN.ZS?format=json&per_page=1000,2026-09-28T17:23:23.715Z,{}
SP.URB.TOTL.IN.ZS,SP.URB.TOTL.IN.ZS--chn,Chiny,CHN,Urban population (% of total population),2000-12-31,2000,year,2000-01-01,36.4320234662299,% populacji,annual,observed,https://api.worldbank.org/v2/country/POL;WLD;USA;CHN;DEU;IND;KOR;JPN;GBR;FRA;BRA;EST/indicator/SP.URB.TOTL.IN.ZS?format=json&per_page=1000,2026-09-28T17:23:23.715Z,{}
SP.URB.TOTL.IN.ZS,SP.URB.TOTL.IN.ZS--deu,Niemcy,DEU,Urban population (% of total population),2000-12-31,2000,year,2000-01-01,80.0942160905637,% populacji,annual,observed,https://api.worldbank.org/v2/country/POL;WLD;USA;CHN;DEU;IND;KOR;JPN;GBR;FRA;BRA;EST/indicator/SP.URB.TOTL.IN.ZS?format=json&per_page=1000,2026-09-28T17:23:23.715Z,{}
SP.URB.TOTL.IN.ZS,SP.URB.TOTL.IN.ZS--est,Estonia,EST,Urban population (% of total population),2000-12-31,2000,year,2000-01-01,67.385529072627,% populacji,annual,observed,https://api.worldbank.org/v2/country/POL;WLD;USA;CHN;DEU;IND;KOR;JPN;GBR;FRA;BRA;EST/indicator/SP.URB.TOTL.IN.ZS?format=json&per_page=1000,2026-09-28T17:23:23.715Z,{}
SP.URB.TOTL.IN.ZS,SP.URB.TOTL.IN.ZS--fra,Francja,FRA,Urban population (% of total population),2000-12-31,2000,year,2000-01-01,76.5143983146093,% populacji,annual,observed,https://api.worldbank.org/v2/country/POL;WLD;USA;CHN;DEU;IND;KOR;JPN;GBR;FRA;BRA;EST/indicator/SP.URB.TOTL.IN.ZS?format=json&per_page=1000,2026-09-28T17:23:23.715Z,{}
SP.URB.TOTL.IN.ZS,SP.URB.TOTL.IN.ZS--gbr,Wielka Brytania,GBR,Urban population (% of total population),2000-12-31,2000,year,2000-01-01,79.8241408315172,% populacji,annual,observed,https://api.worldbank.org/v2/country/POL;WLD;USA;CHN;DEU;IND;KOR;JPN;GBR;FRA;BRA;EST/indicator/SP.URB.TOTL.IN.ZS?format=json&per_page=1000,2026-09-28T17:23:23.715Z,{}
SP.URB.TOTL.IN.ZS,SP.URB.TOTL.IN.ZS--ind,Indie,IND,Urban population (% of total population),2000-12-31,2000,year,2000-01-01,27.6470407512523,% populacji,annual,observed,https://api.worldbank.org/v2/country/POL;WLD;USA;CHN;DEU;IND;KOR;JPN;GBR;FRA;BRA;EST/indicator/SP.URB.TOTL.IN.ZS?format=json&per_page=1000,2026-09-28T17:23:23.715Z,{}
SP.URB.TOTL.IN.ZS,SP.URB.TOTL.IN.ZS--jpn,Japonia,JPN,Urban population (% of total population),2000-12-31,2000,year,2000-01-01,78.6126803295375,% populacji,annual,observed,https://api.worldbank.org/v2/country/POL;WLD;USA;CHN;DEU;IND;KOR;JPN;GBR;FRA;BRA;EST/indicator/SP.URB.TOTL.IN.ZS?format=json&per_page=1000,2026-09-28T17:23:23.715Z,{}
SP.URB.TOTL.IN.ZS,SP.URB.TOTL.IN.ZS--kor,Korea Płd.,KOR,Urban population (% of total population),2000-12-31,2000,year,2000-01-01,79.579960745642,% populacji,annual,observed,https://api.worldbank.org/v2/country/POL;WLD;USA;CHN;DEU;IND;KOR;JPN;GBR;FRA;BRA;EST/indicator/SP.URB.TOTL.IN.ZS?format=json&per_page=1000,2026-09-28T17:23:23.715Z,{}
SP.URB.TOTL.IN.ZS,SP.URB.TOTL.IN.ZS--pol,Polska,POL,Urban population (% of total population),2000-12-31,2000,year,2000-01-01,61.7459160613903,% populacji,annual,observed,https://api.worldbank.org/v2/country/POL;WLD;USA;CHN;DEU;IND;KOR;JPN;GBR;FRA;BRA;EST/indicator/SP.URB.TOTL.IN.ZS?format=json&per_page=1000,2026-09-28T17:23:23.715Z,{}
SP.URB.TOTL.IN.ZS,SP.URB.TOTL.IN.ZS--usa,USA,USA,Urban population (% of total population),2000-12-31,2000,year,2000-01-01,79.0740897861327,% populacji,annual,observed,https://api.worldbank.org/v2/country/POL;WLD;USA;CHN;DEU;IND;KOR;JPN;GBR;FRA;BRA;EST/indicator/SP.URB.TOTL.IN.ZS?format=json&per_page=1000,2026-09-28T17:23:23.715Z,{}
SP.URB.TOTL.IN.ZS,SP.URB.TOTL.IN.ZS--wld,Świat,WLD,Urban population (% of total population),2000-12-31,2000,year,2000-01-01,46.8398553166724,% populacji,annual,observed,https://api.worldbank.org/v2/country/POL;WLD;USA;CHN;DEU;IND;KOR;JPN;GBR;FRA;BRA;EST/indicator/SP.URB.TOTL.IN.ZS?format=json&per_page=1000,2026-09-28T17:23:23.715Z,{}
SP.URB.TOTL.IN.ZS,SP.URB.TOTL.IN.ZS--bra,Brazylia,BRA,Urban population (% of total population),2001-12-31,2001,year,2001-01-01,81.5960450621957,% populacji,annual,observed,https://api.worldbank.org/v2/country/POL;WLD;USA;CHN;DEU;IND;KOR;JPN;GBR;FRA;BRA;EST/indicator/SP.URB.TOTL.IN.ZS?format=json&per_page=1000,2026-09-28T17:23:23.715Z,{}
SP.URB.TOTL.IN.ZS,SP.URB.TOTL.IN.ZS--chn,Chiny,CHN,Urban population (% of total population),2001-12-31,2001,year,2001-01-01,37.6597442626953,% populacji,annual,observed,https://api.worldbank.org/v2/country/POL;WLD;USA;CHN;DEU;IND;KOR;JPN;GBR;FRA;BRA;EST/indicator/SP.URB.TOTL.IN.ZS?format=json&per_page=1000,2026-09-28T17:23:23.715Z,{}
SP.URB.TOTL.IN.ZS,SP.URB.TOTL.IN.ZS--deu,Niemcy,DEU,Urban population (% of total population),2001-12-31,2001,year,2001-01-01,80.1070808273695,% populacji,annual,observed,https://api.worldbank.org/v2/country/POL;WLD;USA;CHN;DEU;IND;KOR;JPN;GBR;FRA;BRA;EST/indicator/SP.URB.TOTL.IN.ZS?format=json&per_page=1000,2026-09-28T17:23:23.715Z,{}
SP.URB.TOTL.IN.ZS,SP.URB.TOTL.IN.ZS--est,Estonia,EST,Urban population (% of total population),2001-12-31,2001,year,2001-01-01,67.3926456349791,% populacji,annual,observed,https://api.worldbank.org/v2/country/POL;WLD;USA;CHN;DEU;IND;KOR;JPN;GBR;FRA;BRA;EST/indicator/SP.URB.TOTL.IN.ZS?format=json&per_page=1000,2026-09-28T17:23:23.715Z,{}
SP.URB.TOTL.IN.ZS,SP.URB.TOTL.IN.ZS--fra,Francja,FRA,Urban population (% of total population),2001-12-31,2001,year,2001-01-01,76.9074413607811,% populacji,annual,observed,https://api.worldbank.org/v2/country/POL;WLD;USA;CHN;DEU;IND;KOR;JPN;GBR;FRA;BRA;EST/indicator/SP.URB.TOTL.IN.ZS?format=json&per_page=1000,2026-09-28T17:23:23.715Z,{}
SP.URB.TOTL.IN.ZS,SP.URB.TOTL.IN.ZS--gbr,Wielka Brytania,GBR,Urban population (% of total population),2001-12-31,2001,year,2001-01-01,79.9838301298823,% populacji,annual,observed,https://api.worldbank.org/v2/country/POL;WLD;USA;CHN;DEU;IND;KOR;JPN;GBR;FRA;BRA;EST/indicator/SP.URB.TOTL.IN.ZS?format=json&per_page=1000,2026-09-28T17:23:23.715Z,{}
SP.URB.TOTL.IN.ZS,SP.URB.TOTL.IN.ZS--ind,Indie,IND,Urban population (% of total population),2001-12-31,2001,year,2001-01-01,27.9028652096636,% populacji,annual,observed,https://api.worldbank.org/v2/country/POL;WLD;USA;CHN;DEU;IND;KOR;JPN;GBR;FRA;BRA;EST/indicator/SP.URB.TOTL.IN.ZS?format=json&per_page=1000,2026-09-28T17:23:23.715Z,{}
SP.URB.TOTL.IN.ZS,SP.URB.TOTL.IN.ZS--jpn,Japonia,JPN,Urban population (% of total population),2001-12-31,2001,year,2001-01-01,79.1577482060887,% populacji,annual,observed,https://api.worldbank.org/v2/country/POL;WLD;USA;CHN;DEU;IND;KOR;JPN;GBR;FRA;BRA;EST/indicator/SP.URB.TOTL.IN.ZS?format=json&per_page=1000,2026-09-28T17:23:23.715Z,{}
SP.URB.TOTL.IN.ZS,SP.URB.TOTL.IN.ZS--kor,Korea Płd.,KOR,Urban population (% of total population),2001-12-31,2001,year,2001-01-01,79.8787704357425,% populacji,annual,observed,https://api.worldbank.org/v2/country/POL;WLD;USA;CHN;DEU;IND;KOR;JPN;GBR;FRA;BRA;EST/indicator/SP.URB.TOTL.IN.ZS?format=json&per_page=1000,2026-09-28T17:23:23.715Z,{}
SP.URB.TOTL.IN.ZS,SP.URB.TOTL.IN.ZS--pol,Polska,POL,Urban population (% of total population),2001-12-31,2001,year,2001-01-01,61.7557708646056,% populacji,annual,observed,https://api.worldbank.org/v2/country/POL;WLD;USA;CHN;DEU;IND;KOR;JPN;GBR;FRA;BRA;EST/indicator/SP.URB.TOTL.IN.ZS?format=json&per_page=1000,2026-09-28T17:23:23.715Z,{}
SP.URB.TOTL.IN.ZS,SP.URB.TOTL.IN.ZS--usa,USA,USA,Urban population (% of total population),2001-12-31,2001,year,2001-01-01,79.3086223667912,% populacji,annual,observed,https://api.worldbank.org/v2/country/POL;WLD;USA;CHN;DEU;IND;KOR;JPN;GBR;FRA;BRA;EST/indicator/SP.URB.TOTL.IN.ZS?format=json&per_page=1000,2026-09-28T17:23:23.715Z,{}
SP.URB.TOTL.IN.ZS,SP.URB.TOTL.IN.ZS--wld,Świat,WLD,Urban population (% of total population),2001-12-31,2001,year,2001-01-01,47.3049897203957,% populacji,annual,observed,https://api.worldbank.org/v2/country/POL;WLD;USA;CHN;DEU;IND;KOR;JPN;GBR;FRA;BRA;EST/indicator/SP.URB.TOTL.IN.ZS?format=json&per_page=1000,2026-09-28T17:23:23.715Z,{}
SP.URB.TOTL.IN.ZS,SP.URB.TOTL.IN.ZS--bra,Brazylia,BRA,Urban population (% of total population),2002-12-31,2002,year,2002-01-01,81.9943491502673,% populacji,annual,observed,https://api.worldbank.org/v2/country/POL;WLD;USA;CHN;DEU;IND;KOR;JPN;GBR;FRA;BRA;EST/indicator/SP.URB.TOTL.IN.ZS?format=json&per_page=1000,2026-09-28T17:23:23.715Z,{}
SP.URB.TOTL.IN.ZS,SP.URB.TOTL.IN.ZS--chn,Chiny,CHN,Urban population (% of total population),2002-12-31,2002,year,2002-01-01,39.0897827148438,% populacji,annual,observed,https://api.worldbank.org/v2/country/POL;WLD;USA;CHN;DEU;IND;KOR;JPN;GBR;FRA;BRA;EST/indicator/SP.URB.TOTL.IN.ZS?format=json&per_page=1000,2026-09-28T17:23:23.715Z,{}
SP.URB.TOTL.IN.ZS,SP.URB.TOTL.IN.ZS--deu,Niemcy,DEU,Urban population (% of total population),2002-12-31,2002,year,2002-01-01,80.1213973750556,% populacji,annual,observed,https://api.worldbank.org/v2/country/POL;WLD;USA;CHN;DEU;IND;KOR;JPN;GBR;FRA;BRA;EST/indicator/SP.URB.TOTL.IN.ZS?format=json&per_page=1000,2026-09-28T17:23:23.715Z,{}
SP.URB.TOTL.IN.ZS,SP.URB.TOTL.IN.ZS--est,Estonia,EST,Urban population (% of total population),2002-12-31,2002,year,2002-01-01,67.4090870965661,% populacji,annual,observed,https://api.worldbank.org/v2/country/POL;WLD;USA;CHN;DEU;IND;KOR;JPN;GBR;FRA;BRA;EST/indicator/SP.URB.TOTL.IN.ZS?format=json&per_page=1000,2026-09-28T17:23:23.715Z,{}
SP.URB.TOTL.IN.ZS,SP.URB.TOTL.IN.ZS--fra,Francja,FRA,Urban population (% of total population),2002-12-31,2002,year,2002-01-01,77.2543866607525,% populacji,annual,observed,https://api.worldbank.org/v2/country/POL;WLD;USA;CHN;DEU;IND;KOR;JPN;GBR;FRA;BRA;EST/indicator/SP.URB.TOTL.IN.ZS?format=json&per_page=1000,2026-09-28T17:23:23.715Z,{}
SP.URB.TOTL.IN.ZS,SP.URB.TOTL.IN.ZS--gbr,Wielka Brytania,GBR,Urban population (% of total population),2002-12-31,2002,year,2002-01-01,80.1146062677742,% populacji,annual,observed,https://api.worldbank.org/v2/country/POL;WLD;USA;CHN;DEU;IND;KOR;JPN;GBR;FRA;BRA;EST/indicator/SP.URB.TOTL.IN.ZS?format=json&per_page=1000,2026-09-28T17:23:23.715Z,{}
SP.URB.TOTL.IN.ZS,SP.URB.TOTL.IN.ZS--ind,Indie,IND,Urban population (% of total population),2002-12-31,2002,year,2002-01-01,28.1756878910456,% populacji,annual,observed,https://api.worldbank.org/v2/country/POL;WLD;USA;CHN;DEU;IND;KOR;JPN;GBR;FRA;BRA;EST/indicator/SP.URB.TOTL.IN.ZS?format=json&per_page=1000,2026-09-28T17:23:23.715Z,{}
SP.URB.TOTL.IN.ZS,SP.URB.TOTL.IN.ZS--jpn,Japonia,JPN,Urban population (% of total population),2002-12-31,2002,year,2002-01-01,80.5469860733981,% populacji,annual,observed,https://api.worldbank.org/v2/country/POL;WLD;USA;CHN;DEU;IND;KOR;JPN;GBR;FRA;BRA;EST/indicator/SP.URB.TOTL.IN.ZS?format=json&per_page=1000,2026-09-28T17:23:23.715Z,{}
SP.URB.TOTL.IN.ZS,SP.URB.TOTL.IN.ZS--kor,Korea Płd.,KOR,Urban population (% of total population),2002-12-31,2002,year,2002-01-01,80.2766294544335,% populacji,annual,observed,https://api.worldbank.org/v2/country/POL;WLD;USA;CHN;DEU;IND;KOR;JPN;GBR;FRA;BRA;EST/indicator/SP.URB.TOTL.IN.ZS?format=json&per_page=1000,2026-09-28T17:23:23.715Z,{}
SP.URB.TOTL.IN.ZS,SP.URB.TOTL.IN.ZS--pol,Polska,POL,Urban population (% of total population),2002-12-31,2002,year,2002-01-01,61.7581534555696,% populacji,annual,observed,https://api.worldbank.org/v2/country/POL;WLD;USA;CHN;DEU;IND;KOR;JPN;GBR;FRA;BRA;EST/indicator/SP.URB.TOTL.IN.ZS?format=json&per_page=1000,2026-09-28T17:23:23.715Z,{}
SP.URB.TOTL.IN.ZS,SP.URB.TOTL.IN.ZS--usa,USA,USA,Urban population (% of total population),2002-12-31,2002,year,2002-01-01,79.5461039768657,% populacji,annual,observed,https://api.worldbank.org/v2/country/POL;WLD;USA;CHN;DEU;IND;KOR;JPN;GBR;FRA;BRA;EST/indicator/SP.URB.TOTL.IN.ZS?format=json&per_page=1000,2026-09-28T17:23:23.715Z,{}
SP.URB.TOTL.IN.ZS,SP.URB.TOTL.IN.ZS--wld,Świat,WLD,Urban population (% of total population),2002-12-31,2002,year,2002-01-01,47.8262479750919,% populacji,annual,observed,https://api.worldbank.org/v2/country/POL;WLD;USA;CHN;DEU;IND;KOR;JPN;GBR;FRA;BRA;EST/indicator/SP.URB.TOTL.IN.ZS?format=json&per_page=1000,2026-09-28T17:23:23.715Z,{}
SP.URB.TOTL.IN.ZS,SP.URB.TOTL.IN.ZS--bra,Brazylia,BRA,Urban population (% of total population),2003-12-31,2003,year,2003-01-01,82.3540335841671,% populacji,annual,observed,https://api.worldbank.org/v2/country/POL;WLD;USA;CHN;DEU;IND;KOR;JPN;GBR;FRA;BRA;EST/indicator/SP.URB.TOTL.IN.ZS?format=json&per_page=1000,2026-09-28T17:23:23.715Z,{}
SP.URB.TOTL.IN.ZS,SP.URB.TOTL.IN.ZS--chn,Chiny,CHN,Urban population (% of total population),2003-12-31,2003,year,2003-01-01,40.5302314758301,% populacji,annual,observed,https://api.worldbank.org/v2/country/POL;WLD;USA;CHN;DEU;IND;KOR;JPN;GBR;FRA;BRA;EST/indicator/SP.URB.TOTL.IN.ZS?format=json&per_page=1000,2026-09-28T17:23:23.715Z,{}
SP.URB.TOTL.IN.ZS,SP.URB.TOTL.IN.ZS--deu,Niemcy,DEU,Urban population (% of total population),2003-12-31,2003,year,2003-01-01,80.1373116303862,% populacji,annual,observed,https://api.worldbank.org/v2/country/POL;WLD;USA;CHN;DEU;IND;KOR;JPN;GBR;FRA;BRA;EST/indicator/SP.URB.TOTL.IN.ZS?format=json&per_page=1000,2026-09-28T17:23:23.715Z,{}
SP.URB.TOTL.IN.ZS,SP.URB.TOTL.IN.ZS--est,Estonia,EST,Urban population (% of total population),2003-12-31,2003,year,2003-01-01,67.4341760348669,% populacji,annual,observed,https://api.worldbank.org/v2/country/POL;WLD;USA;CHN;DEU;IND;KOR;JPN;GBR;FRA;BRA;EST/indicator/SP.URB.TOTL.IN.ZS?format=json&per_page=1000,2026-09-28T17:23:23.715Z,{}
SP.URB.TOTL.IN.ZS,SP.URB.TOTL.IN.ZS--fra,Francja,FRA,Urban population (% of total population),2003-12-31,2003,year,2003-01-01,77.4691216035138,% populacji,annual,observed,https://api.worldbank.org/v2/country/POL;WLD;USA;CHN;DEU;IND;KOR;JPN;GBR;FRA;BRA;EST/indicator/SP.URB.TOTL.IN.ZS?format=json&per_page=1000,2026-09-28T17:23:23.715Z,{}
SP.URB.TOTL.IN.ZS,SP.URB.TOTL.IN.ZS--gbr,Wielka Brytania,GBR,Urban population (% of total population),2003-12-31,2003,year,2003-01-01,80.2331593332802,% populacji,annual,observed,https://api.worldbank.org/v2/country/POL;WLD;USA;CHN;DEU;IND;KOR;JPN;GBR;FRA;BRA;EST/indicator/SP.URB.TOTL.IN.ZS?format=json&per_page=1000,2026-09-28T17:23:23.715Z,{}
SP.URB.TOTL.IN.ZS,SP.URB.TOTL.IN.ZS--ind,Indie,IND,Urban population (% of total population),2003-12-31,2003,year,2003-01-01,28.4660287698,% populacji,annual,observed,https://api.worldbank.org/v2/country/POL;WLD;USA;CHN;DEU;IND;KOR;JPN;GBR;FRA;BRA;EST/indicator/SP.URB.TOTL.IN.ZS?format=json&per_page=1000,2026-09-28T17:23:23.715Z,{}
SP.URB.TOTL.IN.ZS,SP.URB.TOTL.IN.ZS--jpn,Japonia,JPN,Urban population (% of total population),2003-12-31,2003,year,2003-01-01,82.4206778416671,% populacji,annual,observed,https://api.worldbank.org/v2/country/POL;WLD;USA;CHN;DEU;IND;KOR;JPN;GBR;FRA;BRA;EST/indicator/SP.URB.TOTL.IN.ZS?format=json&per_page=1000,2026-09-28T17:23:23.715Z,{}
SP.URB.TOTL.IN.ZS,SP.URB.TOTL.IN.ZS--kor,Korea Płd.,KOR,Urban population (% of total population),2003-12-31,2003,year,2003-01-01,80.707793508044,% populacji,annual,observed,https://api.worldbank.org/v2/country/POL;WLD;USA;CHN;DEU;IND;KOR;JPN;GBR;FRA;BRA;EST/indicator/SP.URB.TOTL.IN.ZS?format=json&per_page=1000,2026-09-28T17:23:23.715Z,{}
SP.URB.TOTL.IN.ZS,SP.URB.TOTL.IN.ZS--pol,Polska,POL,Urban population (% of total population),2003-12-31,2003,year,2003-01-01,61.7281374379602,% populacji,annual,observed,https://api.worldbank.org/v2/country/POL;WLD;USA;CHN;DEU;IND;KOR;JPN;GBR;FRA;BRA;EST/indicator/SP.URB.TOTL.IN.ZS?format=json&per_page=1000,2026-09-28T17:23:23.715Z,{}
SP.URB.TOTL.IN.ZS,SP.URB.TOTL.IN.ZS--usa,USA,USA,Urban population (% of total population),2003-12-31,2003,year,2003-01-01,79.7773350255284,% populacji,annual,observed,https://api.worldbank.org/v2/country/POL;WLD;USA;CHN;DEU;IND;KOR;JPN;GBR;FRA;BRA;EST/indicator/SP.URB.TOTL.IN.ZS?format=json&per_page=1000,2026-09-28T17:23:23.715Z,{}
SP.URB.TOTL.IN.ZS,SP.URB.TOTL.IN.ZS--wld,Świat,WLD,Urban population (% of total population),2003-12-31,2003,year,2003-01-01,48.3638691712542,% populacji,annual,observed,https://api.worldbank.org/v2/country/POL;WLD;USA;CHN;DEU;IND;KOR;JPN;GBR;FRA;BRA;EST/indicator/SP.URB.TOTL.IN.ZS?format=json&per_page=1000,2026-09-28T17:23:23.715Z,{}
SP.URB.TOTL.IN.ZS,SP.URB.TOTL.IN.ZS--bra,Brazylia,BRA,Urban population (% of total population),2004-12-31,2004,year,2004-01-01,82.6816824814559,% populacji,annual,observed,https://api.worldbank.org/v2/country/POL;WLD;USA;CHN;DEU;IND;KOR;JPN;GBR;FRA;BRA;EST/indicator/SP.URB.TOTL.IN.ZS?format=json&per_page=1000,2026-09-28T17:23:23.715Z,{}
SP.URB.TOTL.IN.ZS,SP.URB.TOTL.IN.ZS--chn,Chiny,CHN,Urban population (% of total population),2004-12-31,2004,year,2004-01-01,41.7600135803223,% populacji,annual,observed,https://api.worldbank.org/v2/country/POL;WLD;USA;CHN;DEU;IND;KOR;JPN;GBR;FRA;BRA;EST/indicator/SP.URB.TOTL.IN.ZS?format=json&per_page=1000,2026-09-28T17:23:23.715Z,{}
SP.URB.TOTL.IN.ZS,SP.URB.TOTL.IN.ZS--deu,Niemcy,DEU,Urban population (% of total population),2004-12-31,2004,year,2004-01-01,80.1549694901257,% populacji,annual,observed,https://api.worldbank.org/v2/country/POL;WLD;USA;CHN;DEU;IND;KOR;JPN;GBR;FRA;BRA;EST/indicator/SP.URB.TOTL.IN.ZS?format=json&per_page=1000,2026-09-28T17:23:23.715Z,{}
SP.URB.TOTL.IN.ZS,SP.URB.TOTL.IN.ZS--est,Estonia,EST,Urban population (% of total population),2004-12-31,2004,year,2004-01-01,67.467351453949,% populacji,annual,observed,https://api.worldbank.org/v2/country/POL;WLD;USA;CHN;DEU;IND;KOR;JPN;GBR;FRA;BRA;EST/indicator/SP.URB.TOTL.IN.ZS?format=json&per_page=1000,2026-09-28T17:23:23.715Z,{}
SP.URB.TOTL.IN.ZS,SP.URB.TOTL.IN.ZS--fra,Francja,FRA,Urban population (% of total population),2004-12-31,2004,year,2004-01-01,77.4900500011961,% populacji,annual,observed,https://api.worldbank.org/v2/country/POL;WLD;USA;CHN;DEU;IND;KOR;JPN;GBR;FRA;BRA;EST/indicator/SP.URB.TOTL.IN.ZS?format=json&per_page=1000,2026-09-28T17:23:23.715Z,{}
SP.URB.TOTL.IN.ZS,SP.URB.TOTL.IN.ZS--gbr,Wielka Brytania,GBR,Urban population (% of total population),2004-12-31,2004,year,2004-01-01,80.3423284929998,% populacji,annual,observed,https://api.worldbank.org/v2/country/POL;WLD;USA;CHN;DEU;IND;KOR;JPN;GBR;FRA;BRA;EST/indicator/SP.URB.TOTL.IN.ZS?format=json&per_page=1000,2026-09-28T17:23:23.715Z,{}
SP.URB.TOTL.IN.ZS,SP.URB.TOTL.IN.ZS--ind,Indie,IND,Urban population (% of total population),2004-12-31,2004,year,2004-01-01,28.7726067228528,% populacji,annual,observed,https://api.worldbank.org/v2/country/POL;WLD;USA;CHN;DEU;IND;KOR;JPN;GBR;FRA;BRA;EST/indicator/SP.URB.TOTL.IN.ZS?format=json&per_page=1000,2026-09-28T17:23:23.715Z,{}
SP.URB.TOTL.IN.ZS,SP.URB.TOTL.IN.ZS--jpn,Japonia,JPN,Urban population (% of total population),2004-12-31,2004,year,2004-01-01,84.3710541898905,% populacji,annual,observed,https://api.worldbank.org/v2/country/POL;WLD;USA;CHN;DEU;IND;KOR;JPN;GBR;FRA;BRA;EST/indicator/SP.URB.TOTL.IN.ZS?format=json&per_page=1000,2026-09-28T17:23:23.715Z,{}
SP.URB.TOTL.IN.ZS,SP.URB.TOTL.IN.ZS--kor,Korea Płd.,KOR,Urban population (% of total population),2004-12-31,2004,year,2004-01-01,81.104386778171,% populacji,annual,observed,https://api.worldbank.org/v2/country/POL;WLD;USA;CHN;DEU;IND;KOR;JPN;GBR;FRA;BRA;EST/indicator/SP.URB.TOTL.IN.ZS?format=json&per_page=1000,2026-09-28T17:23:23.715Z,{}
SP.URB.TOTL.IN.ZS,SP.URB.TOTL.IN.ZS--pol,Polska,POL,Urban population (% of total population),2004-12-31,2004,year,2004-01-01,61.6555172559989,% populacji,annual,observed,https://api.worldbank.org/v2/country/POL;WLD;USA;CHN;DEU;IND;KOR;JPN;GBR;FRA;BRA;EST/indicator/SP.URB.TOTL.IN.ZS?format=json&per_page=1000,2026-09-28T17:23:23.715Z,{}
SP.URB.TOTL.IN.ZS,SP.URB.TOTL.IN.ZS--usa,USA,USA,Urban population (% of total population),2004-12-31,2004,year,2004-01-01,79.9960936968363,% populacji,annual,observed,https://api.worldbank.org/v2/country/POL;WLD;USA;CHN;DEU;IND;KOR;JPN;GBR;FRA;BRA;EST/indicator/SP.URB.TOTL.IN.ZS?format=json&per_page=1000,2026-09-28T17:23:23.715Z,{}
SP.URB.TOTL.IN.ZS,SP.URB.TOTL.IN.ZS--wld,Świat,WLD,Urban population (% of total population),2004-12-31,2004,year,2004-01-01,48.8658931738129,% populacji,annual,observed,https://api.worldbank.org/v2/country/POL;WLD;USA;CHN;DEU;IND;KOR;JPN;GBR;FRA;BRA;EST/indicator/SP.URB.TOTL.IN.ZS?format=json&per_page=1000,2026-09-28T17:23:23.715Z,{}
SP.URB.TOTL.IN.ZS,SP.URB.TOTL.IN.ZS--bra,Brazylia,BRA,Urban population (% of total population),2005-12-31,2005,year,2005-01-01,82.9838799596945,% populacji,annual,observed,https://api.worldbank.org/v2/country/POL;WLD;USA;CHN;DEU;IND;KOR;JPN;GBR;FRA;BRA;EST/indicator/SP.URB.TOTL.IN.ZS?format=json&per_page=1000,2026-09-28T17:23:23.715Z,{}
SP.URB.TOTL.IN.ZS,SP.URB.TOTL.IN.ZS--chn,Chiny,CHN,Urban population (% of total population),2005-12-31,2005,year,2005-01-01,42.9899978637695,% populacji,annual,observed,https://api.worldbank.org/v2/country/POL;WLD;USA;CHN;DEU;IND;KOR;JPN;GBR;FRA;BRA;EST/indicator/SP.URB.TOTL.IN.ZS?format=json&per_page=1000,2026-09-28T17:23:23.715Z,{}
SP.URB.TOTL.IN.ZS,SP.URB.TOTL.IN.ZS--deu,Niemcy,DEU,Urban population (% of total population),2005-12-31,2005,year,2005-01-01,80.1745168510383,% populacji,annual,observed,https://api.worldbank.org/v2/country/POL;WLD;USA;CHN;DEU;IND;KOR;JPN;GBR;FRA;BRA;EST/indicator/SP.URB.TOTL.IN.ZS?format=json&per_page=1000,2026-09-28T17:23:23.715Z,{}
SP.URB.TOTL.IN.ZS,SP.URB.TOTL.IN.ZS--est,Estonia,EST,Urban population (% of total population),2005-12-31,2005,year,2005-01-01,67.5080523578799,% populacji,annual,observed,https://api.worldbank.org/v2/country/POL;WLD;USA;CHN;DEU;IND;KOR;JPN;GBR;FRA;BRA;EST/indicator/SP.URB.TOTL.IN.ZS?format=json&per_page=1000,2026-09-28T17:23:23.715Z,{}
SP.URB.TOTL.IN.ZS,SP.URB.TOTL.IN.ZS--fra,Francja,FRA,Urban population (% of total population),2005-12-31,2005,year,2005-01-01,77.4363315105438,% populacji,annual,observed,https://api.worldbank.org/v2/country/POL;WLD;USA;CHN;DEU;IND;KOR;JPN;GBR;FRA;BRA;EST/indicator/SP.URB.TOTL.IN.ZS?format=json&per_page=1000,2026-09-28T17:23:23.715Z,{}
SP.URB.TOTL.IN.ZS,SP.URB.TOTL.IN.ZS--gbr,Wielka Brytania,GBR,Urban population (% of total population),2005-12-31,2005,year,2005-01-01,80.4455938127627,% populacji,annual,observed,https://api.worldbank.org/v2/country/POL;WLD;USA;CHN;DEU;IND;KOR;JPN;GBR;FRA;BRA;EST/indicator/SP.URB.TOTL.IN.ZS?format=json&per_page=1000,2026-09-28T17:23:23.715Z,{}
SP.URB.TOTL.IN.ZS,SP.URB.TOTL.IN.ZS--ind,Indie,IND,Urban population (% of total population),2005-12-31,2005,year,2005-01-01,29.0945497159107,% populacji,annual,observed,https://api.worldbank.org/v2/country/POL;WLD;USA;CHN;DEU;IND;KOR;JPN;GBR;FRA;BRA;EST/indicator/SP.URB.TOTL.IN.ZS?format=json&per_page=1000,2026-09-28T17:23:23.715Z,{}
SP.URB.TOTL.IN.ZS,SP.URB.TOTL.IN.ZS--jpn,Japonia,JPN,Urban population (% of total population),2005-12-31,2005,year,2005-01-01,85.9573620483714,% populacji,annual,observed,https://api.worldbank.org/v2/country/POL;WLD;USA;CHN;DEU;IND;KOR;JPN;GBR;FRA;BRA;EST/indicator/SP.URB.TOTL.IN.ZS?format=json&per_page=1000,2026-09-28T17:23:23.715Z,{}
SP.URB.TOTL.IN.ZS,SP.URB.TOTL.IN.ZS--kor,Korea Płd.,KOR,Urban population (% of total population),2005-12-31,2005,year,2005-01-01,81.3901352283669,% populacji,annual,observed,https://api.worldbank.org/v2/country/POL;WLD;USA;CHN;DEU;IND;KOR;JPN;GBR;FRA;BRA;EST/indicator/SP.URB.TOTL.IN.ZS?format=json&per_page=1000,2026-09-28T17:23:23.715Z,{}
SP.URB.TOTL.IN.ZS,SP.URB.TOTL.IN.ZS--pol,Polska,POL,Urban population (% of total population),2005-12-31,2005,year,2005-01-01,61.5497010774856,% populacji,annual,observed,https://api.worldbank.org/v2/country/POL;WLD;USA;CHN;DEU;IND;KOR;JPN;GBR;FRA;BRA;EST/indicator/SP.URB.TOTL.IN.ZS?format=json&per_page=1000,2026-09-28T17:23:23.715Z,{}
SP.URB.TOTL.IN.ZS,SP.URB.TOTL.IN.ZS--usa,USA,USA,Urban population (% of total population),2005-12-31,2005,year,2005-01-01,80.1961581748464,% populacji,annual,observed,https://api.worldbank.org/v2/country/POL;WLD;USA;CHN;DEU;IND;KOR;JPN;GBR;FRA;BRA;EST/indicator/SP.URB.TOTL.IN.ZS?format=json&per_page=1000,2026-09-28T17:23:23.715Z,{}
SP.URB.TOTL.IN.ZS,SP.URB.TOTL.IN.ZS--wld,Świat,WLD,Urban population (% of total population),2005-12-31,2005,year,2005-01-01,49.35871452652,% populacji,annual,observed,https://api.worldbank.org/v2/country/POL;WLD;USA;CHN;DEU;IND;KOR;JPN;GBR;FRA;BRA;EST/indicator/SP.URB.TOTL.IN.ZS?format=json&per_page=1000,2026-09-28T17:23:23.715Z,{}
SP.URB.TOTL.IN.ZS,SP.URB.TOTL.IN.ZS--bra,Brazylia,BRA,Urban population (% of total population),2006-12-31,2006,year,2006-01-01,83.2672101364439,% populacji,annual,observed,https://api.worldbank.org/v2/country/POL;WLD;USA;CHN;DEU;IND;KOR;JPN;GBR;FRA;BRA;EST/indicator/SP.URB.TOTL.IN.ZS?format=json&per_page=1000,2026-09-28T17:23:23.715Z,{}
SP.URB.TOTL.IN.ZS,SP.URB.TOTL.IN.ZS--chn,Chiny,CHN,Urban population (% of total population),2006-12-31,2006,year,2006-01-01,44.3430099487305,% populacji,annual,observed,https://api.worldbank.org/v2/country/POL;WLD;USA;CHN;DEU;IND;KOR;JPN;GBR;FRA;BRA;EST/indicator/SP.URB.TOTL.IN.ZS?format=json&per_page=1000,2026-09-28T17:23:23.715Z,{}
SP.URB.TOTL.IN.ZS,SP.URB.TOTL.IN.ZS--deu,Niemcy,DEU,Urban population (% of total population),2006-12-31,2006,year,2006-01-01,80.1960996098884,% populacji,annual,observed,https://api.worldbank.org/v2/country/POL;WLD;USA;CHN;DEU;IND;KOR;JPN;GBR;FRA;BRA;EST/indicator/SP.URB.TOTL.IN.ZS?format=json&per_page=1000,2026-09-28T17:23:23.715Z,{}
SP.URB.TOTL.IN.ZS,SP.URB.TOTL.IN.ZS--est,Estonia,EST,Urban population (% of total population),2006-12-31,2006,year,2006-01-01,67.5557177507269,% populacji,annual,observed,https://api.worldbank.org/v2/country/POL;WLD;USA;CHN;DEU;IND;KOR;JPN;GBR;FRA;BRA;EST/indicator/SP.URB.TOTL.IN.ZS?format=json&per_page=1000,2026-09-28T17:23:23.715Z,{}
SP.URB.TOTL.IN.ZS,SP.URB.TOTL.IN.ZS--fra,Francja,FRA,Urban population (% of total population),2006-12-31,2006,year,2006-01-01,77.3467240068648,% populacji,annual,observed,https://api.worldbank.org/v2/country/POL;WLD;USA;CHN;DEU;IND;KOR;JPN;GBR;FRA;BRA;EST/indicator/SP.URB.TOTL.IN.ZS?format=json&per_page=1000,2026-09-28T17:23:23.715Z,{}
SP.URB.TOTL.IN.ZS,SP.URB.TOTL.IN.ZS--gbr,Wielka Brytania,GBR,Urban population (% of total population),2006-12-31,2006,year,2006-01-01,80.5464353583991,% populacji,annual,observed,https://api.worldbank.org/v2/country/POL;WLD;USA;CHN;DEU;IND;KOR;JPN;GBR;FRA;BRA;EST/indicator/SP.URB.TOTL.IN.ZS?format=json&per_page=1000,2026-09-28T17:23:23.715Z,{}
SP.URB.TOTL.IN.ZS,SP.URB.TOTL.IN.ZS--ind,Indie,IND,Urban population (% of total population),2006-12-31,2006,year,2006-01-01,29.4309857146804,% populacji,annual,observed,https://api.worldbank.org/v2/country/POL;WLD;USA;CHN;DEU;IND;KOR;JPN;GBR;FRA;BRA;EST/indicator/SP.URB.TOTL.IN.ZS?format=json&per_page=1000,2026-09-28T17:23:23.715Z,{}
SP.URB.TOTL.IN.ZS,SP.URB.TOTL.IN.ZS--jpn,Japonia,JPN,Urban population (% of total population),2006-12-31,2006,year,2006-01-01,87.1460898958075,% populacji,annual,observed,https://api.worldbank.org/v2/country/POL;WLD;USA;CHN;DEU;IND;KOR;JPN;GBR;FRA;BRA;EST/indicator/SP.URB.TOTL.IN.ZS?format=json&per_page=1000,2026-09-28T17:23:23.715Z,{}
SP.URB.TOTL.IN.ZS,SP.URB.TOTL.IN.ZS--kor,Korea Płd.,KOR,Urban population (% of total population),2006-12-31,2006,year,2006-01-01,81.566462110512,% populacji,annual,observed,https://api.worldbank.org/v2/country/POL;WLD;USA;CHN;DEU;IND;KOR;JPN;GBR;FRA;BRA;EST/indicator/SP.URB.TOTL.IN.ZS?format=json&per_page=1000,2026-09-28T17:23:23.715Z,{}
SP.URB.TOTL.IN.ZS,SP.URB.TOTL.IN.ZS--pol,Polska,POL,Urban population (% of total population),2006-12-31,2006,year,2006-01-01,61.4199688499096,% populacji,annual,observed,https://api.worldbank.org/v2/country/POL;WLD;USA;CHN;DEU;IND;KOR;JPN;GBR;FRA;BRA;EST/indicator/SP.URB.TOTL.IN.ZS?format=json&per_page=1000,2026-09-28T17:23:23.715Z,{}
SP.URB.TOTL.IN.ZS,SP.URB.TOTL.IN.ZS--usa,USA,USA,Urban population (% of total population),2006-12-31,2006,year,2006-01-01,80.3713066436159,% populacji,annual,observed,https://api.worldbank.org/v2/country/POL;WLD;USA;CHN;DEU;IND;KOR;JPN;GBR;FRA;BRA;EST/indicator/SP.URB.TOTL.IN.ZS?format=json&per_page=1000,2026-09-28T17:23:23.715Z,{}
SP.URB.TOTL.IN.ZS,SP.URB.TOTL.IN.ZS--wld,Świat,WLD,Urban population (% of total population),2006-12-31,2006,year,2006-01-01,49.872262926861,% populacji,annual,observed,https://api.worldbank.org/v2/country/POL;WLD;USA;CHN;DEU;IND;KOR;JPN;GBR;FRA;BRA;EST/indicator/SP.URB.TOTL.IN.ZS?format=json&per_page=1000,2026-09-28T17:23:23.715Z,{}
SP.URB.TOTL.IN.ZS,SP.URB.TOTL.IN.ZS--bra,Brazylia,BRA,Urban population (% of total population),2007-12-31,2007,year,2007-01-01,83.5382571292649,% populacji,annual,observed,https://api.worldbank.org/v2/country/POL;WLD;USA;CHN;DEU;IND;KOR;JPN;GBR;FRA;BRA;EST/indicator/SP.URB.TOTL.IN.ZS?format=json&per_page=1000,2026-09-28T17:23:23.715Z,{}
SP.URB.TOTL.IN.ZS,SP.URB.TOTL.IN.ZS--chn,Chiny,CHN,Urban population (% of total population),2007-12-31,2007,year,2007-01-01,45.8892440795898,% populacji,annual,observed,https://api.worldbank.org/v2/country/POL;WLD;USA;CHN;DEU;IND;KOR;JPN;GBR;FRA;BRA;EST/indicator/SP.URB.TOTL.IN.ZS?format=json&per_page=1000,2026-09-28T17:23:23.715Z,{}
SP.URB.TOTL.IN.ZS,SP.URB.TOTL.IN.ZS--deu,Niemcy,DEU,Urban population (% of total population),2007-12-31,2007,year,2007-01-01,80.2198636634402,% populacji,annual,observed,https://api.worldbank.org/v2/country/POL;WLD;USA;CHN;DEU;IND;KOR;JPN;GBR;FRA;BRA;EST/indicator/SP.URB.TOTL.IN.ZS?format=json&per_page=1000,2026-09-28T17:23:23.715Z,{}
SP.URB.TOTL.IN.ZS,SP.URB.TOTL.IN.ZS--est,Estonia,EST,Urban population (% of total population),2007-12-31,2007,year,2007-01-01,67.6097866365576,% populacji,annual,observed,https://api.worldbank.org/v2/country/POL;WLD;USA;CHN;DEU;IND;KOR;JPN;GBR;FRA;BRA;EST/indicator/SP.URB.TOTL.IN.ZS?format=json&per_page=1000,2026-09-28T17:23:23.715Z,{}
SP.URB.TOTL.IN.ZS,SP.URB.TOTL.IN.ZS--fra,Francja,FRA,Urban population (% of total population),2007-12-31,2007,year,2007-01-01,77.2457976606157,% populacji,annual,observed,https://api.worldbank.org/v2/country/POL;WLD;USA;CHN;DEU;IND;KOR;JPN;GBR;FRA;BRA;EST/indicator/SP.URB.TOTL.IN.ZS?format=json&per_page=1000,2026-09-28T17:23:23.715Z,{}
SP.URB.TOTL.IN.ZS,SP.URB.TOTL.IN.ZS--gbr,Wielka Brytania,GBR,Urban population (% of total population),2007-12-31,2007,year,2007-01-01,80.6483331957387,% populacji,annual,observed,https://api.worldbank.org/v2/country/POL;WLD;USA;CHN;DEU;IND;KOR;JPN;GBR;FRA;BRA;EST/indicator/SP.URB.TOTL.IN.ZS?format=json&per_page=1000,2026-09-28T17:23:23.715Z,{}
SP.URB.TOTL.IN.ZS,SP.URB.TOTL.IN.ZS--ind,Indie,IND,Urban population (% of total population),2007-12-31,2007,year,2007-01-01,29.7810426848684,% populacji,annual,observed,https://api.worldbank.org/v2/country/POL;WLD;USA;CHN;DEU;IND;KOR;JPN;GBR;FRA;BRA;EST/indicator/SP.URB.TOTL.IN.ZS?format=json&per_page=1000,2026-09-28T17:23:23.715Z,{}
SP.URB.TOTL.IN.ZS,SP.URB.TOTL.IN.ZS--jpn,Japonia,JPN,Urban population (% of total population),2007-12-31,2007,year,2007-01-01,88.2701404492656,% populacji,annual,observed,https://api.worldbank.org/v2/country/POL;WLD;USA;CHN;DEU;IND;KOR;JPN;GBR;FRA;BRA;EST/indicator/SP.URB.TOTL.IN.ZS?format=json&per_page=1000,2026-09-28T17:23:23.715Z,{}
SP.URB.TOTL.IN.ZS,SP.URB.TOTL.IN.ZS--kor,Korea Płd.,KOR,Urban population (% of total population),2007-12-31,2007,year,2007-01-01,81.712125801927,% populacji,annual,observed,https://api.worldbank.org/v2/country/POL;WLD;USA;CHN;DEU;IND;KOR;JPN;GBR;FRA;BRA;EST/indicator/SP.URB.TOTL.IN.ZS?format=json&per_page=1000,2026-09-28T17:23:23.715Z,{}
SP.URB.TOTL.IN.ZS,SP.URB.TOTL.IN.ZS--pol,Polska,POL,Urban population (% of total population),2007-12-31,2007,year,2007-01-01,61.2756005207604,% populacji,annual,observed,https://api.worldbank.org/v2/country/POL;WLD;USA;CHN;DEU;IND;KOR;JPN;GBR;FRA;BRA;EST/indicator/SP.URB.TOTL.IN.ZS?format=json&per_page=1000,2026-09-28T17:23:23.715Z,{}
SP.URB.TOTL.IN.ZS,SP.URB.TOTL.IN.ZS--usa,USA,USA,Urban population (% of total population),2007-12-31,2007,year,2007-01-01,80.5153172872016,% populacji,annual,observed,https://api.worldbank.org/v2/country/POL;WLD;USA;CHN;DEU;IND;KOR;JPN;GBR;FRA;BRA;EST/indicator/SP.URB.TOTL.IN.ZS?format=json&per_page=1000,2026-09-28T17:23:23.715Z,{}
SP.URB.TOTL.IN.ZS,SP.URB.TOTL.IN.ZS--wld,Świat,WLD,Urban population (% of total population),2007-12-31,2007,year,2007-01-01,50.4154664586044,% populacji,annual,observed,https://api.worldbank.org/v2/country/POL;WLD;USA;CHN;DEU;IND;KOR;JPN;GBR;FRA;BRA;EST/indicator/SP.URB.TOTL.IN.ZS?format=json&per_page=1000,2026-09-28T17:23:23.715Z,{}
SP.URB.TOTL.IN.ZS,SP.URB.TOTL.IN.ZS--bra,Brazylia,BRA,Urban population (% of total population),2008-12-31,2008,year,2008-01-01,83.8036050557184,% populacji,annual,observed,https://api.worldbank.org/v2/country/POL;WLD;USA;CHN;DEU;IND;KOR;JPN;GBR;FRA;BRA;EST/indicator/SP.URB.TOTL.IN.ZS?format=json&per_page=1000,2026-09-28T17:23:23.715Z,{}
SP.URB.TOTL.IN.ZS,SP.URB.TOTL.IN.ZS--chn,Chiny,CHN,Urban population (% of total population),2008-12-31,2008,year,2008-01-01,46.9895057678223,% populacji,annual,observed,https://api.worldbank.org/v2/country/POL;WLD;USA;CHN;DEU;IND;KOR;JPN;GBR;FRA;BRA;EST/indicator/SP.URB.TOTL.IN.ZS?format=json&per_page=1000,2026-09-28T17:23:23.715Z,{}
SP.URB.TOTL.IN.ZS,SP.URB.TOTL.IN.ZS--deu,Niemcy,DEU,Urban population (% of total population),2008-12-31,2008,year,2008-01-01,80.2459549084581,% populacji,annual,observed,https://api.worldbank.org/v2/country/POL;WLD;USA;CHN;DEU;IND;KOR;JPN;GBR;FRA;BRA;EST/indicator/SP.URB.TOTL.IN.ZS?format=json&per_page=1000,2026-09-28T17:23:23.715Z,{}
SP.URB.TOTL.IN.ZS,SP.URB.TOTL.IN.ZS--est,Estonia,EST,Urban population (% of total population),2008-12-31,2008,year,2008-01-01,67.6696980194394,% populacji,annual,observed,https://api.worldbank.org/v2/country/POL;WLD;USA;CHN;DEU;IND;KOR;JPN;GBR;FRA;BRA;EST/indicator/SP.URB.TOTL.IN.ZS?format=json&per_page=1000,2026-09-28T17:23:23.715Z,{}
SP.URB.TOTL.IN.ZS,SP.URB.TOTL.IN.ZS--fra,Francja,FRA,Urban population (% of total population),2008-12-31,2008,year,2008-01-01,77.1561901569367,% populacji,annual,observed,https://api.worldbank.org/v2/country/POL;WLD;USA;CHN;DEU;IND;KOR;JPN;GBR;FRA;BRA;EST/indicator/SP.URB.TOTL.IN.ZS?format=json&per_page=1000,2026-09-28T17:23:23.715Z,{}
SP.URB.TOTL.IN.ZS,SP.URB.TOTL.IN.ZS--gbr,Wielka Brytania,GBR,Urban population (% of total population),2008-12-31,2008,year,2008-01-01,80.7547673906116,% populacji,annual,observed,https://api.worldbank.org/v2/country/POL;WLD;USA;CHN;DEU;IND;KOR;JPN;GBR;FRA;BRA;EST/indicator/SP.URB.TOTL.IN.ZS?format=json&per_page=1000,2026-09-28T17:23:23.715Z,{}
SP.URB.TOTL.IN.ZS,SP.URB.TOTL.IN.ZS--ind,Indie,IND,Urban population (% of total population),2008-12-31,2008,year,2008-01-01,30.1438485921815,% populacji,annual,observed,https://api.worldbank.org/v2/country/POL;WLD;USA;CHN;DEU;IND;KOR;JPN;GBR;FRA;BRA;EST/indicator/SP.URB.TOTL.IN.ZS?format=json&per_page=1000,2026-09-28T17:23:23.715Z,{}
SP.URB.TOTL.IN.ZS,SP.URB.TOTL.IN.ZS--jpn,Japonia,JPN,Urban population (% of total population),2008-12-31,2008,year,2008-01-01,89.2921563808851,% populacji,annual,observed,https://api.worldbank.org/v2/country/POL;WLD;USA;CHN;DEU;IND;KOR;JPN;GBR;FRA;BRA;EST/indicator/SP.URB.TOTL.IN.ZS?format=json&per_page=1000,2026-09-28T17:23:23.715Z,{}
SP.URB.TOTL.IN.ZS,SP.URB.TOTL.IN.ZS--kor,Korea Płd.,KOR,Urban population (% of total population),2008-12-31,2008,year,2008-01-01,81.8350833138518,% populacji,annual,observed,https://api.worldbank.org/v2/country/POL;WLD;USA;CHN;DEU;IND;KOR;JPN;GBR;FRA;BRA;EST/indicator/SP.URB.TOTL.IN.ZS?format=json&per_page=1000,2026-09-28T17:23:23.715Z,{}
SP.URB.TOTL.IN.ZS,SP.URB.TOTL.IN.ZS--pol,Polska,POL,Urban population (% of total population),2008-12-31,2008,year,2008-01-01,61.1258760375274,% populacji,annual,observed,https://api.worldbank.org/v2/country/POL;WLD;USA;CHN;DEU;IND;KOR;JPN;GBR;FRA;BRA;EST/indicator/SP.URB.TOTL.IN.ZS?format=json&per_page=1000,2026-09-28T17:23:23.715Z,{}
SP.URB.TOTL.IN.ZS,SP.URB.TOTL.IN.ZS--usa,USA,USA,Urban population (% of total population),2008-12-31,2008,year,2008-01-01,80.6219682896606,% populacji,annual,observed,https://api.worldbank.org/v2/country/POL;WLD;USA;CHN;DEU;IND;KOR;JPN;GBR;FRA;BRA;EST/indicator/SP.URB.TOTL.IN.ZS?format=json&per_page=1000,2026-09-28T17:23:23.715Z,{}
SP.URB.TOTL.IN.ZS,SP.URB.TOTL.IN.ZS--wld,Świat,WLD,Urban population (% of total population),2008-12-31,2008,year,2008-01-01,50.8801432860982,% populacji,annual,observed,https://api.worldbank.org/v2/country/POL;WLD;USA;CHN;DEU;IND;KOR;JPN;GBR;FRA;BRA;EST/indicator/SP.URB.TOTL.IN.ZS?format=json&per_page=1000,2026-09-28T17:23:23.715Z,{}
SP.URB.TOTL.IN.ZS,SP.URB.TOTL.IN.ZS--bra,Brazylia,BRA,Urban population (% of total population),2009-12-31,2009,year,2009-01-01,84.0698380333651,% populacji,annual,observed,https://api.worldbank.org/v2/country/POL;WLD;USA;CHN;DEU;IND;KOR;JPN;GBR;FRA;BRA;EST/indicator/SP.URB.TOTL.IN.ZS?format=json&per_page=1000,2026-09-28T17:23:23.715Z,{}
SP.URB.TOTL.IN.ZS,SP.URB.TOTL.IN.ZS--chn,Chiny,CHN,Urban population (% of total population),2009-12-31,2009,year,2009-01-01,48.3417053222656,% populacji,annual,observed,https://api.worldbank.org/v2/country/POL;WLD;USA;CHN;DEU;IND;KOR;JPN;GBR;FRA;BRA;EST/indicator/SP.URB.TOTL.IN.ZS?format=json&per_page=1000,2026-09-28T17:23:23.715Z,{}
SP.URB.TOTL.IN.ZS,SP.URB.TOTL.IN.ZS--deu,Niemcy,DEU,Urban population (% of total population),2009-12-31,2009,year,2009-01-01,80.2745192417062,% populacji,annual,observed,https://api.worldbank.org/v2/country/POL;WLD;USA;CHN;DEU;IND;KOR;JPN;GBR;FRA;BRA;EST/indicator/SP.URB.TOTL.IN.ZS?format=json&per_page=1000,2026-09-28T17:23:23.715Z,{}
SP.URB.TOTL.IN.ZS,SP.URB.TOTL.IN.ZS--est,Estonia,EST,Urban population (% of total population),2009-12-31,2009,year,2009-01-01,67.7348909034398,% populacji,annual,observed,https://api.worldbank.org/v2/country/POL;WLD;USA;CHN;DEU;IND;KOR;JPN;GBR;FRA;BRA;EST/indicator/SP.URB.TOTL.IN.ZS?format=json&per_page=1000,2026-09-28T17:23:23.715Z,{}
SP.URB.TOTL.IN.ZS,SP.URB.TOTL.IN.ZS--fra,Francja,FRA,Urban population (% of total population),2009-12-31,2009,year,2009-01-01,77.1005391809676,% populacji,annual,observed,https://api.worldbank.org/v2/country/POL;WLD;USA;CHN;DEU;IND;KOR;JPN;GBR;FRA;BRA;EST/indicator/SP.URB.TOTL.IN.ZS?format=json&per_page=1000,2026-09-28T17:23:23.715Z,{}
SP.URB.TOTL.IN.ZS,SP.URB.TOTL.IN.ZS--gbr,Wielka Brytania,GBR,Urban population (% of total population),2009-12-31,2009,year,2009-01-01,80.8692180088478,% populacji,annual,observed,https://api.worldbank.org/v2/country/POL;WLD;USA;CHN;DEU;IND;KOR;JPN;GBR;FRA;BRA;EST/indicator/SP.URB.TOTL.IN.ZS?format=json&per_page=1000,2026-09-28T17:23:23.715Z,{}
SP.URB.TOTL.IN.ZS,SP.URB.TOTL.IN.ZS--ind,Indie,IND,Urban population (% of total population),2009-12-31,2009,year,2009-01-01,30.5185314023263,% populacji,annual,observed,https://api.worldbank.org/v2/country/POL;WLD;USA;CHN;DEU;IND;KOR;JPN;GBR;FRA;BRA;EST/indicator/SP.URB.TOTL.IN.ZS?format=json&per_page=1000,2026-09-28T17:23:23.715Z,{}
SP.URB.TOTL.IN.ZS,SP.URB.TOTL.IN.ZS--jpn,Japonia,JPN,Urban population (% of total population),2009-12-31,2009,year,2009-01-01,90.1131158718189,% populacji,annual,observed,https://api.worldbank.org/v2/country/POL;WLD;USA;CHN;DEU;IND;KOR;JPN;GBR;FRA;BRA;EST/indicator/SP.URB.TOTL.IN.ZS?format=json&per_page=1000,2026-09-28T17:23:23.715Z,{}
SP.URB.TOTL.IN.ZS,SP.URB.TOTL.IN.ZS--kor,Korea Płd.,KOR,Urban population (% of total population),2009-12-31,2009,year,2009-01-01,81.9245045084002,% populacji,annual,observed,https://api.worldbank.org/v2/country/POL;WLD;USA;CHN;DEU;IND;KOR;JPN;GBR;FRA;BRA;EST/indicator/SP.URB.TOTL.IN.ZS?format=json&per_page=1000,2026-09-28T17:23:23.715Z,{}
SP.URB.TOTL.IN.ZS,SP.URB.TOTL.IN.ZS--pol,Polska,POL,Urban population (% of total population),2009-12-31,2009,year,2009-01-01,60.9800753477,% populacji,annual,observed,https://api.worldbank.org/v2/country/POL;WLD;USA;CHN;DEU;IND;KOR;JPN;GBR;FRA;BRA;EST/indicator/SP.URB.TOTL.IN.ZS?format=json&per_page=1000,2026-09-28T17:23:23.715Z,{}
SP.URB.TOTL.IN.ZS,SP.URB.TOTL.IN.ZS--usa,USA,USA,Urban population (% of total population),2009-12-31,2009,year,2009-01-01,80.6850378350499,% populacji,annual,observed,https://api.worldbank.org/v2/country/POL;WLD;USA;CHN;DEU;IND;KOR;JPN;GBR;FRA;BRA;EST/indicator/SP.URB.TOTL.IN.ZS?format=json&per_page=1000,2026-09-28T17:23:23.715Z,{}
SP.URB.TOTL.IN.ZS,SP.URB.TOTL.IN.ZS--wld,Świat,WLD,Urban population (% of total population),2009-12-31,2009,year,2009-01-01,51.373746374335,% populacji,annual,observed,https://api.worldbank.org/v2/country/POL;WLD;USA;CHN;DEU;IND;KOR;JPN;GBR;FRA;BRA;EST/indicator/SP.URB.TOTL.IN.ZS?format=json&per_page=1000,2026-09-28T17:23:23.715Z,{}
SP.URB.TOTL.IN.ZS,SP.URB.TOTL.IN.ZS--bra,Brazylia,BRA,Urban population (% of total population),2010-12-31,2010,year,2010-01-01,84.343846036308,% populacji,annual,observed,https://api.worldbank.org/v2/country/POL;WLD;USA;CHN;DEU;IND;KOR;JPN;GBR;FRA;BRA;EST/indicator/SP.URB.TOTL.IN.ZS?format=json&per_page=1000,2026-09-28T17:23:23.715Z,{}
SP.URB.TOTL.IN.ZS,SP.URB.TOTL.IN.ZS--chn,Chiny,CHN,Urban population (% of total population),2010-12-31,2010,year,2010-01-01,49.2340270628041,% populacji,annual,observed,https://api.worldbank.org/v2/country/POL;WLD;USA;CHN;DEU;IND;KOR;JPN;GBR;FRA;BRA;EST/indicator/SP.URB.TOTL.IN.ZS?format=json&per_page=1000,2026-09-28T17:23:23.715Z,{}
SP.URB.TOTL.IN.ZS,SP.URB.TOTL.IN.ZS--deu,Niemcy,DEU,Urban population (% of total population),2010-12-31,2010,year,2010-01-01,80.305702559949,% populacji,annual,observed,https://api.worldbank.org/v2/country/POL;WLD;USA;CHN;DEU;IND;KOR;JPN;GBR;FRA;BRA;EST/indicator/SP.URB.TOTL.IN.ZS?format=json&per_page=1000,2026-09-28T17:23:23.715Z,{}
SP.URB.TOTL.IN.ZS,SP.URB.TOTL.IN.ZS--est,Estonia,EST,Urban population (% of total population),2010-12-31,2010,year,2010-01-01,67.8048042926262,% populacji,annual,observed,https://api.worldbank.org/v2/country/POL;WLD;USA;CHN;DEU;IND;KOR;JPN;GBR;FRA;BRA;EST/indicator/SP.URB.TOTL.IN.ZS?format=json&per_page=1000,2026-09-28T17:23:23.715Z,{}
SP.URB.TOTL.IN.ZS,SP.URB.TOTL.IN.ZS--fra,Francja,FRA,Urban population (% of total population),2010-12-31,2010,year,2010-01-01,77.0962844808803,% populacji,annual,observed,https://api.worldbank.org/v2/country/POL;WLD;USA;CHN;DEU;IND;KOR;JPN;GBR;FRA;BRA;EST/indicator/SP.URB.TOTL.IN.ZS?format=json&per_page=1000,2026-09-28T17:23:23.715Z,{}
SP.URB.TOTL.IN.ZS,SP.URB.TOTL.IN.ZS--gbr,Wielka Brytania,GBR,Urban population (% of total population),2010-12-31,2010,year,2010-01-01,80.995165116277,% populacji,annual,observed,https://api.worldbank.org/v2/country/POL;WLD;USA;CHN;DEU;IND;KOR;JPN;GBR;FRA;BRA;EST/indicator/SP.URB.TOTL.IN.ZS?format=json&per_page=1000,2026-09-28T17:23:23.715Z,{}
SP.URB.TOTL.IN.ZS,SP.URB.TOTL.IN.ZS--ind,Indie,IND,Urban population (% of total population),2010-12-31,2010,year,2010-01-01,30.9042190810094,% populacji,annual,observed,https://api.worldbank.org/v2/country/POL;WLD;USA;CHN;DEU;IND;KOR;JPN;GBR;FRA;BRA;EST/indicator/SP.URB.TOTL.IN.ZS?format=json&per_page=1000,2026-09-28T17:23:23.715Z,{}
SP.URB.TOTL.IN.ZS,SP.URB.TOTL.IN.ZS--jpn,Japonia,JPN,Urban population (% of total population),2010-12-31,2010,year,2010-01-01,90.6228586840649,% populacji,annual,observed,https://api.worldbank.org/v2/country/POL;WLD;USA;CHN;DEU;IND;KOR;JPN;GBR;FRA;BRA;EST/indicator/SP.URB.TOTL.IN.ZS?format=json&per_page=1000,2026-09-28T17:23:23.715Z,{}
SP.URB.TOTL.IN.ZS,SP.URB.TOTL.IN.ZS--kor,Korea Płd.,KOR,Urban population (% of total population),2010-12-31,2010,year,2010-01-01,81.9685075986486,% populacji,annual,observed,https://api.worldbank.org/v2/country/POL;WLD;USA;CHN;DEU;IND;KOR;JPN;GBR;FRA;BRA;EST/indicator/SP.URB.TOTL.IN.ZS?format=json&per_page=1000,2026-09-28T17:23:23.715Z,{}
SP.URB.TOTL.IN.ZS,SP.URB.TOTL.IN.ZS--pol,Polska,POL,Urban population (% of total population),2010-12-31,2010,year,2010-01-01,60.8474783987677,% populacji,annual,observed,https://api.worldbank.org/v2/country/POL;WLD;USA;CHN;DEU;IND;KOR;JPN;GBR;FRA;BRA;EST/indicator/SP.URB.TOTL.IN.ZS?format=json&per_page=1000,2026-09-28T17:23:23.715Z,{}
SP.URB.TOTL.IN.ZS,SP.URB.TOTL.IN.ZS--usa,USA,USA,Urban population (% of total population),2010-12-31,2010,year,2010-01-01,80.6997744673366,% populacji,annual,observed,https://api.worldbank.org/v2/country/POL;WLD;USA;CHN;DEU;IND;KOR;JPN;GBR;FRA;BRA;EST/indicator/SP.URB.TOTL.IN.ZS?format=json&per_page=1000,2026-09-28T17:23:23.715Z,{}
SP.URB.TOTL.IN.ZS,SP.URB.TOTL.IN.ZS--wld,Świat,WLD,Urban population (% of total population),2010-12-31,2010,year,2010-01-01,51.7598125029111,% populacji,annual,observed,https://api.worldbank.org/v2/country/POL;WLD;USA;CHN;DEU;IND;KOR;JPN;GBR;FRA;BRA;EST/indicator/SP.URB.TOTL.IN.ZS?format=json&per_page=1000,2026-09-28T17:23:23.715Z,{}
SP.URB.TOTL.IN.ZS,SP.URB.TOTL.IN.ZS--bra,Brazylia,BRA,Urban population (% of total population),2011-12-31,2011,year,2011-01-01,84.6225758599683,% populacji,annual,observed,https://api.worldbank.org/v2/country/POL;WLD;USA;CHN;DEU;IND;KOR;JPN;GBR;FRA;BRA;EST/indicator/SP.URB.TOTL.IN.ZS?format=json&per_page=1000,2026-09-28T17:23:23.715Z,{}
SP.URB.TOTL.IN.ZS,SP.URB.TOTL.IN.ZS--chn,Chiny,CHN,Urban population (% of total population),2011-12-31,2011,year,2011-01-01,51.8300285339355,% populacji,annual,observed,https://api.worldbank.org/v2/country/POL;WLD;USA;CHN;DEU;IND;KOR;JPN;GBR;FRA;BRA;EST/indicator/SP.URB.TOTL.IN.ZS?format=json&per_page=1000,2026-09-28T17:23:23.715Z,{}
SP.URB.TOTL.IN.ZS,SP.URB.TOTL.IN.ZS--deu,Niemcy,DEU,Urban population (% of total population),2011-12-31,2011,year,2011-01-01,80.3405762928198,% populacji,annual,observed,https://api.worldbank.org/v2/country/POL;WLD;USA;CHN;DEU;IND;KOR;JPN;GBR;FRA;BRA;EST/indicator/SP.URB.TOTL.IN.ZS?format=json&per_page=1000,2026-09-28T17:23:23.715Z,{}
SP.URB.TOTL.IN.ZS,SP.URB.TOTL.IN.ZS--est,Estonia,EST,Urban population (% of total population),2011-12-31,2011,year,2011-01-01,67.8775556334506,% populacji,annual,observed,https://api.worldbank.org/v2/country/POL;WLD;USA;CHN;DEU;IND;KOR;JPN;GBR;FRA;BRA;EST/indicator/SP.URB.TOTL.IN.ZS?format=json&per_page=1000,2026-09-28T17:23:23.715Z,{}
SP.URB.TOTL.IN.ZS,SP.URB.TOTL.IN.ZS--fra,Francja,FRA,Urban population (% of total population),2011-12-31,2011,year,2011-01-01,77.1182717387509,% populacji,annual,observed,https://api.worldbank.org/v2/country/POL;WLD;USA;CHN;DEU;IND;KOR;JPN;GBR;FRA;BRA;EST/indicator/SP.URB.TOTL.IN.ZS?format=json&per_page=1000,2026-09-28T17:23:23.715Z,{}
SP.URB.TOTL.IN.ZS,SP.URB.TOTL.IN.ZS--gbr,Wielka Brytania,GBR,Urban population (% of total population),2011-12-31,2011,year,2011-01-01,81.1359685592627,% populacji,annual,observed,https://api.worldbank.org/v2/country/POL;WLD;USA;CHN;DEU;IND;KOR;JPN;GBR;FRA;BRA;EST/indicator/SP.URB.TOTL.IN.ZS?format=json&per_page=1000,2026-09-28T17:23:23.715Z,{}
SP.URB.TOTL.IN.ZS,SP.URB.TOTL.IN.ZS--ind,Indie,IND,Urban population (% of total population),2011-12-31,2011,year,2011-01-01,31.2746502853309,% populacji,annual,observed,https://api.worldbank.org/v2/country/POL;WLD;USA;CHN;DEU;IND;KOR;JPN;GBR;FRA;BRA;EST/indicator/SP.URB.TOTL.IN.ZS?format=json&per_page=1000,2026-09-28T17:23:23.715Z,{}
SP.URB.TOTL.IN.ZS,SP.URB.TOTL.IN.ZS--jpn,Japonia,JPN,Urban population (% of total population),2011-12-31,2011,year,2011-01-01,90.8631654434251,% populacji,annual,observed,https://api.worldbank.org/v2/country/POL;WLD;USA;CHN;DEU;IND;KOR;JPN;GBR;FRA;BRA;EST/indicator/SP.URB.TOTL.IN.ZS?format=json&per_page=1000,2026-09-28T17:23:23.715Z,{}
SP.URB.TOTL.IN.ZS,SP.URB.TOTL.IN.ZS--kor,Korea Płd.,KOR,Urban population (% of total population),2011-12-31,2011,year,2011-01-01,81.9615408086376,% populacji,annual,observed,https://api.worldbank.org/v2/country/POL;WLD;USA;CHN;DEU;IND;KOR;JPN;GBR;FRA;BRA;EST/indicator/SP.URB.TOTL.IN.ZS?format=json&per_page=1000,2026-09-28T17:23:23.715Z,{}
SP.URB.TOTL.IN.ZS,SP.URB.TOTL.IN.ZS--pol,Polska,POL,Urban population (% of total population),2011-12-31,2011,year,2011-01-01,60.7357090652544,% populacji,annual,observed,https://api.worldbank.org/v2/country/POL;WLD;USA;CHN;DEU;IND;KOR;JPN;GBR;FRA;BRA;EST/indicator/SP.URB.TOTL.IN.ZS?format=json&per_page=1000,2026-09-28T17:23:23.715Z,{}
SP.URB.TOTL.IN.ZS,SP.URB.TOTL.IN.ZS--usa,USA,USA,Urban population (% of total population),2011-12-31,2011,year,2011-01-01,80.6957554256024,% populacji,annual,observed,https://api.worldbank.org/v2/country/POL;WLD;USA;CHN;DEU;IND;KOR;JPN;GBR;FRA;BRA;EST/indicator/SP.URB.TOTL.IN.ZS?format=json&per_page=1000,2026-09-28T17:23:23.715Z,{}
SP.URB.TOTL.IN.ZS,SP.URB.TOTL.IN.ZS--wld,Świat,WLD,Urban population (% of total population),2011-12-31,2011,year,2011-01-01,52.4582964061998,% populacji,annual,observed,https://api.worldbank.org/v2/country/POL;WLD;USA;CHN;DEU;IND;KOR;JPN;GBR;FRA;BRA;EST/indicator/SP.URB.TOTL.IN.ZS?format=json&per_page=1000,2026-09-28T17:23:23.715Z,{}
SP.URB.TOTL.IN.ZS,SP.URB.TOTL.IN.ZS--bra,Brazylia,BRA,Urban population (% of total population),2012-12-31,2012,year,2012-01-01,84.8973874181312,% populacji,annual,observed,https://api.worldbank.org/v2/country/POL;WLD;USA;CHN;DEU;IND;KOR;JPN;GBR;FRA;BRA;EST/indicator/SP.URB.TOTL.IN.ZS?format=json&per_page=1000,2026-09-28T17:23:23.715Z,{}
SP.URB.TOTL.IN.ZS,SP.URB.TOTL.IN.ZS--chn,Chiny,CHN,Urban population (% of total population),2012-12-31,2012,year,2012-01-01,53.1003112792969,% populacji,annual,observed,https://api.worldbank.org/v2/country/POL;WLD;USA;CHN;DEU;IND;KOR;JPN;GBR;FRA;BRA;EST/indicator/SP.URB.TOTL.IN.ZS?format=json&per_page=1000,2026-09-28T17:23:23.715Z,{}
SP.URB.TOTL.IN.ZS,SP.URB.TOTL.IN.ZS--deu,Niemcy,DEU,Urban population (% of total population),2012-12-31,2012,year,2012-01-01,80.393447520218,% populacji,annual,observed,https://api.worldbank.org/v2/country/POL;WLD;USA;CHN;DEU;IND;KOR;JPN;GBR;FRA;BRA;EST/indicator/SP.URB.TOTL.IN.ZS?format=json&per_page=1000,2026-09-28T17:23:23.715Z,{}
SP.URB.TOTL.IN.ZS,SP.URB.TOTL.IN.ZS--est,Estonia,EST,Urban population (% of total population),2012-12-31,2012,year,2012-01-01,67.9629593320316,% populacji,annual,observed,https://api.worldbank.org/v2/country/POL;WLD;USA;CHN;DEU;IND;KOR;JPN;GBR;FRA;BRA;EST/indicator/SP.URB.TOTL.IN.ZS?format=json&per_page=1000,2026-09-28T17:23:23.715Z,{}
SP.URB.TOTL.IN.ZS,SP.URB.TOTL.IN.ZS--fra,Francja,FRA,Urban population (% of total population),2012-12-31,2012,year,2012-01-01,77.1669464919916,% populacji,annual,observed,https://api.worldbank.org/v2/country/POL;WLD;USA;CHN;DEU;IND;KOR;JPN;GBR;FRA;BRA;EST/indicator/SP.URB.TOTL.IN.ZS?format=json&per_page=1000,2026-09-28T17:23:23.715Z,{}
SP.URB.TOTL.IN.ZS,SP.URB.TOTL.IN.ZS--gbr,Wielka Brytania,GBR,Urban population (% of total population),2012-12-31,2012,year,2012-01-01,81.2905667759508,% populacji,annual,observed,https://api.worldbank.org/v2/country/POL;WLD;USA;CHN;DEU;IND;KOR;JPN;GBR;FRA;BRA;EST/indicator/SP.URB.TOTL.IN.ZS?format=json&per_page=1000,2026-09-28T17:23:23.715Z,{}
SP.URB.TOTL.IN.ZS,SP.URB.TOTL.IN.ZS--ind,Indie,IND,Urban population (% of total population),2012-12-31,2012,year,2012-01-01,31.5898935604399,% populacji,annual,observed,https://api.worldbank.org/v2/country/POL;WLD;USA;CHN;DEU;IND;KOR;JPN;GBR;FRA;BRA;EST/indicator/SP.URB.TOTL.IN.ZS?format=json&per_page=1000,2026-09-28T17:23:23.715Z,{}
SP.URB.TOTL.IN.ZS,SP.URB.TOTL.IN.ZS--jpn,Japonia,JPN,Urban population (% of total population),2012-12-31,2012,year,2012-01-01,91.0265277326652,% populacji,annual,observed,https://api.worldbank.org/v2/country/POL;WLD;USA;CHN;DEU;IND;KOR;JPN;GBR;FRA;BRA;EST/indicator/SP.URB.TOTL.IN.ZS?format=json&per_page=1000,2026-09-28T17:23:23.715Z,{}
SP.URB.TOTL.IN.ZS,SP.URB.TOTL.IN.ZS--kor,Korea Płd.,KOR,Urban population (% of total population),2012-12-31,2012,year,2012-01-01,81.9087898200378,% populacji,annual,observed,https://api.worldbank.org/v2/country/POL;WLD;USA;CHN;DEU;IND;KOR;JPN;GBR;FRA;BRA;EST/indicator/SP.URB.TOTL.IN.ZS?format=json&per_page=1000,2026-09-28T17:23:23.715Z,{}
SP.URB.TOTL.IN.ZS,SP.URB.TOTL.IN.ZS--pol,Polska,POL,Urban population (% of total population),2012-12-31,2012,year,2012-01-01,60.6341632788866,% populacji,annual,observed,https://api.worldbank.org/v2/country/POL;WLD;USA;CHN;DEU;IND;KOR;JPN;GBR;FRA;BRA;EST/indicator/SP.URB.TOTL.IN.ZS?format=json&per_page=1000,2026-09-28T17:23:23.715Z,{}
SP.URB.TOTL.IN.ZS,SP.URB.TOTL.IN.ZS--usa,USA,USA,Urban population (% of total population),2012-12-31,2012,year,2012-01-01,80.6837493386238,% populacji,annual,observed,https://api.worldbank.org/v2/country/POL;WLD;USA;CHN;DEU;IND;KOR;JPN;GBR;FRA;BRA;EST/indicator/SP.URB.TOTL.IN.ZS?format=json&per_page=1000,2026-09-28T17:23:23.715Z,{}
SP.URB.TOTL.IN.ZS,SP.URB.TOTL.IN.ZS--wld,Świat,WLD,Urban population (% of total population),2012-12-31,2012,year,2012-01-01,52.9178673657727,% populacji,annual,observed,https://api.worldbank.org/v2/country/POL;WLD;USA;CHN;DEU;IND;KOR;JPN;GBR;FRA;BRA;EST/indicator/SP.URB.TOTL.IN.ZS?format=json&per_page=1000,2026-09-28T17:23:23.715Z,{}
SP.URB.TOTL.IN.ZS,SP.URB.TOTL.IN.ZS--bra,Brazylia,BRA,Urban population (% of total population),2013-12-31,2013,year,2013-01-01,85.1676585442726,% populacji,annual,observed,https://api.worldbank.org/v2/country/POL;WLD;USA;CHN;DEU;IND;KOR;JPN;GBR;FRA;BRA;EST/indicator/SP.URB.TOTL.IN.ZS?format=json&per_page=1000,2026-09-28T17:23:23.715Z,{}
SP.URB.TOTL.IN.ZS,SP.URB.TOTL.IN.ZS--chn,Chiny,CHN,Urban population (% of total population),2013-12-31,2013,year,2013-01-01,54.4900016784668,% populacji,annual,observed,https://api.worldbank.org/v2/country/POL;WLD;USA;CHN;DEU;IND;KOR;JPN;GBR;FRA;BRA;EST/indicator/SP.URB.TOTL.IN.ZS?format=json&per_page=1000,2026-09-28T17:23:23.715Z,{}
SP.URB.TOTL.IN.ZS,SP.URB.TOTL.IN.ZS--deu,Niemcy,DEU,Urban population (% of total population),2013-12-31,2013,year,2013-01-01,80.4732318400362,% populacji,annual,observed,https://api.worldbank.org/v2/country/POL;WLD;USA;CHN;DEU;IND;KOR;JPN;GBR;FRA;BRA;EST/indicator/SP.URB.TOTL.IN.ZS?format=json&per_page=1000,2026-09-28T17:23:23.715Z,{}
SP.URB.TOTL.IN.ZS,SP.URB.TOTL.IN.ZS--est,Estonia,EST,Urban population (% of total population),2013-12-31,2013,year,2013-01-01,68.0923458296768,% populacji,annual,observed,https://api.worldbank.org/v2/country/POL;WLD;USA;CHN;DEU;IND;KOR;JPN;GBR;FRA;BRA;EST/indicator/SP.URB.TOTL.IN.ZS?format=json&per_page=1000,2026-09-28T17:23:23.715Z,{}
SP.URB.TOTL.IN.ZS,SP.URB.TOTL.IN.ZS--fra,Francja,FRA,Urban population (% of total population),2013-12-31,2013,year,2013-01-01,77.2440721470918,% populacji,annual,observed,https://api.worldbank.org/v2/country/POL;WLD;USA;CHN;DEU;IND;KOR;JPN;GBR;FRA;BRA;EST/indicator/SP.URB.TOTL.IN.ZS?format=json&per_page=1000,2026-09-28T17:23:23.715Z,{}
SP.URB.TOTL.IN.ZS,SP.URB.TOTL.IN.ZS--gbr,Wielka Brytania,GBR,Urban population (% of total population),2013-12-31,2013,year,2013-01-01,81.4573768694887,% populacji,annual,observed,https://api.worldbank.org/v2/country/POL;WLD;USA;CHN;DEU;IND;KOR;JPN;GBR;FRA;BRA;EST/indicator/SP.URB.TOTL.IN.ZS?format=json&per_page=1000,2026-09-28T17:23:23.715Z,{}
SP.URB.TOTL.IN.ZS,SP.URB.TOTL.IN.ZS--ind,Indie,IND,Urban population (% of total population),2013-12-31,2013,year,2013-01-01,31.9096789235237,% populacji,annual,observed,https://api.worldbank.org/v2/country/POL;WLD;USA;CHN;DEU;IND;KOR;JPN;GBR;FRA;BRA;EST/indicator/SP.URB.TOTL.IN.ZS?format=json&per_page=1000,2026-09-28T17:23:23.715Z,{}
SP.URB.TOTL.IN.ZS,SP.URB.TOTL.IN.ZS--jpn,Japonia,JPN,Urban population (% of total population),2013-12-31,2013,year,2013-01-01,91.1516595654317,% populacji,annual,observed,https://api.worldbank.org/v2/country/POL;WLD;USA;CHN;DEU;IND;KOR;JPN;GBR;FRA;BRA;EST/indicator/SP.URB.TOTL.IN.ZS?format=json&per_page=1000,2026-09-28T17:23:23.715Z,{}
SP.URB.TOTL.IN.ZS,SP.URB.TOTL.IN.ZS--kor,Korea Płd.,KOR,Urban population (% of total population),2013-12-31,2013,year,2013-01-01,81.8269383502703,% populacji,annual,observed,https://api.worldbank.org/v2/country/POL;WLD;USA;CHN;DEU;IND;KOR;JPN;GBR;FRA;BRA;EST/indicator/SP.URB.TOTL.IN.ZS?format=json&per_page=1000,2026-09-28T17:23:23.715Z,{}
SP.URB.TOTL.IN.ZS,SP.URB.TOTL.IN.ZS--pol,Polska,POL,Urban population (% of total population),2013-12-31,2013,year,2013-01-01,60.5333187465323,% populacji,annual,observed,https://api.worldbank.org/v2/country/POL;WLD;USA;CHN;DEU;IND;KOR;JPN;GBR;FRA;BRA;EST/indicator/SP.URB.TOTL.IN.ZS?format=json&per_page=1000,2026-09-28T17:23:23.715Z,{}
SP.URB.TOTL.IN.ZS,SP.URB.TOTL.IN.ZS--usa,USA,USA,Urban population (% of total population),2013-12-31,2013,year,2013-01-01,80.660889281215,% populacji,annual,observed,https://api.worldbank.org/v2/country/POL;WLD;USA;CHN;DEU;IND;KOR;JPN;GBR;FRA;BRA;EST/indicator/SP.URB.TOTL.IN.ZS?format=json&per_page=1000,2026-09-28T17:23:23.715Z,{}
SP.URB.TOTL.IN.ZS,SP.URB.TOTL.IN.ZS--wld,Świat,WLD,Urban population (% of total population),2013-12-31,2013,year,2013-01-01,53.4334012321388,% populacji,annual,observed,https://api.worldbank.org/v2/country/POL;WLD;USA;CHN;DEU;IND;KOR;JPN;GBR;FRA;BRA;EST/indicator/SP.URB.TOTL.IN.ZS?format=json&per_page=1000,2026-09-28T17:23:23.715Z,{}
SP.URB.TOTL.IN.ZS,SP.URB.TOTL.IN.ZS--bra,Brazylia,BRA,Urban population (% of total population),2014-12-31,2014,year,2014-01-01,85.4331367898168,% populacji,annual,observed,https://api.worldbank.org/v2/country/POL;WLD;USA;CHN;DEU;IND;KOR;JPN;GBR;FRA;BRA;EST/indicator/SP.URB.TOTL.IN.ZS?format=json&per_page=1000,2026-09-28T17:23:23.715Z,{}
SP.URB.TOTL.IN.ZS,SP.URB.TOTL.IN.ZS--chn,Chiny,CHN,Urban population (% of total population),2014-12-31,2014,year,2014-01-01,55.7502555847168,% populacji,annual,observed,https://api.worldbank.org/v2/country/POL;WLD;USA;CHN;DEU;IND;KOR;JPN;GBR;FRA;BRA;EST/indicator/SP.URB.TOTL.IN.ZS?format=json&per_page=1000,2026-09-28T17:23:23.715Z,{}
SP.URB.TOTL.IN.ZS,SP.URB.TOTL.IN.ZS--deu,Niemcy,DEU,Urban population (% of total population),2014-12-31,2014,year,2014-01-01,80.57574023743,% populacji,annual,observed,https://api.worldbank.org/v2/country/POL;WLD;USA;CHN;DEU;IND;KOR;JPN;GBR;FRA;BRA;EST/indicator/SP.URB.TOTL.IN.ZS?format=json&per_page=1000,2026-09-28T17:23:23.715Z,{}
SP.URB.TOTL.IN.ZS,SP.URB.TOTL.IN.ZS--est,Estonia,EST,Urban population (% of total population),2014-12-31,2014,year,2014-01-01,68.2668382808032,% populacji,annual,observed,https://api.worldbank.org/v2/country/POL;WLD;USA;CHN;DEU;IND;KOR;JPN;GBR;FRA;BRA;EST/indicator/SP.URB.TOTL.IN.ZS?format=json&per_page=1000,2026-09-28T17:23:23.715Z,{}
SP.URB.TOTL.IN.ZS,SP.URB.TOTL.IN.ZS--fra,Francja,FRA,Urban population (% of total population),2014-12-31,2014,year,2014-01-01,77.3524296788613,% populacji,annual,observed,https://api.worldbank.org/v2/country/POL;WLD;USA;CHN;DEU;IND;KOR;JPN;GBR;FRA;BRA;EST/indicator/SP.URB.TOTL.IN.ZS?format=json&per_page=1000,2026-09-28T17:23:23.715Z,{}
SP.URB.TOTL.IN.ZS,SP.URB.TOTL.IN.ZS--gbr,Wielka Brytania,GBR,Urban population (% of total population),2014-12-31,2014,year,2014-01-01,81.6355750750722,% populacji,annual,observed,https://api.worldbank.org/v2/country/POL;WLD;USA;CHN;DEU;IND;KOR;JPN;GBR;FRA;BRA;EST/indicator/SP.URB.TOTL.IN.ZS?format=json&per_page=1000,2026-09-28T17:23:23.715Z,{}
SP.URB.TOTL.IN.ZS,SP.URB.TOTL.IN.ZS--ind,Indie,IND,Urban population (% of total population),2014-12-31,2014,year,2014-01-01,32.2288233408821,% populacji,annual,observed,https://api.worldbank.org/v2/country/POL;WLD;USA;CHN;DEU;IND;KOR;JPN;GBR;FRA;BRA;EST/indicator/SP.URB.TOTL.IN.ZS?format=json&per_page=1000,2026-09-28T17:23:23.715Z,{}
SP.URB.TOTL.IN.ZS,SP.URB.TOTL.IN.ZS--jpn,Japonia,JPN,Urban population (% of total population),2014-12-31,2014,year,2014-01-01,91.2548945132333,% populacji,annual,observed,https://api.worldbank.org/v2/country/POL;WLD;USA;CHN;DEU;IND;KOR;JPN;GBR;FRA;BRA;EST/indicator/SP.URB.TOTL.IN.ZS?format=json&per_page=1000,2026-09-28T17:23:23.715Z,{}
SP.URB.TOTL.IN.ZS,SP.URB.TOTL.IN.ZS--kor,Korea Płd.,KOR,Urban population (% of total population),2014-12-31,2014,year,2014-01-01,81.7315682816954,% populacji,annual,observed,https://api.worldbank.org/v2/country/POL;WLD;USA;CHN;DEU;IND;KOR;JPN;GBR;FRA;BRA;EST/indicator/SP.URB.TOTL.IN.ZS?format=json&per_page=1000,2026-09-28T17:23:23.715Z,{}
SP.URB.TOTL.IN.ZS,SP.URB.TOTL.IN.ZS--pol,Polska,POL,Urban population (% of total population),2014-12-31,2014,year,2014-01-01,60.4340063344328,% populacji,annual,observed,https://api.worldbank.org/v2/country/POL;WLD;USA;CHN;DEU;IND;KOR;JPN;GBR;FRA;BRA;EST/indicator/SP.URB.TOTL.IN.ZS?format=json&per_page=1000,2026-09-28T17:23:23.715Z,{}
SP.URB.TOTL.IN.ZS,SP.URB.TOTL.IN.ZS--usa,USA,USA,Urban population (% of total population),2014-12-31,2014,year,2014-01-01,80.6242231779766,% populacji,annual,observed,https://api.worldbank.org/v2/country/POL;WLD;USA;CHN;DEU;IND;KOR;JPN;GBR;FRA;BRA;EST/indicator/SP.URB.TOTL.IN.ZS?format=json&per_page=1000,2026-09-28T17:23:23.715Z,{}
SP.URB.TOTL.IN.ZS,SP.URB.TOTL.IN.ZS--wld,Świat,WLD,Urban population (% of total population),2014-12-31,2014,year,2014-01-01,53.9090710066533,% populacji,annual,observed,https://api.worldbank.org/v2/country/POL;WLD;USA;CHN;DEU;IND;KOR;JPN;GBR;FRA;BRA;EST/indicator/SP.URB.TOTL.IN.ZS?format=json&per_page=1000,2026-09-28T17:23:23.715Z,{}
SP.URB.TOTL.IN.ZS,SP.URB.TOTL.IN.ZS--bra,Brazylia,BRA,Urban population (% of total population),2015-12-31,2015,year,2015-01-01,85.6935697061881,% populacji,annual,observed,https://api.worldbank.org/v2/country/POL;WLD;USA;CHN;DEU;IND;KOR;JPN;GBR;FRA;BRA;EST/indicator/SP.URB.TOTL.IN.ZS?format=json&per_page=1000,2026-09-28T17:23:23.715Z,{}
SP.URB.TOTL.IN.ZS,SP.URB.TOTL.IN.ZS--chn,Chiny,CHN,Urban population (% of total population),2015-12-31,2015,year,2015-01-01,57.3297843933105,% populacji,annual,observed,https://api.worldbank.org/v2/country/POL;WLD;USA;CHN;DEU;IND;KOR;JPN;GBR;FRA;BRA;EST/indicator/SP.URB.TOTL.IN.ZS?format=json&per_page=1000,2026-09-28T17:23:23.715Z,{}
SP.URB.TOTL.IN.ZS,SP.URB.TOTL.IN.ZS--deu,Niemcy,DEU,Urban population (% of total population),2015-12-31,2015,year,2015-01-01,80.6974371632814,% populacji,annual,observed,https://api.worldbank.org/v2/country/POL;WLD;USA;CHN;DEU;IND;KOR;JPN;GBR;FRA;BRA;EST/indicator/SP.URB.TOTL.IN.ZS?format=json&per_page=1000,2026-09-28T17:23:23.715Z,{}
SP.URB.TOTL.IN.ZS,SP.URB.TOTL.IN.ZS--est,Estonia,EST,Urban population (% of total population),2015-12-31,2015,year,2015-01-01,68.4796609690553,% populacji,annual,observed,https://api.worldbank.org/v2/country/POL;WLD;USA;CHN;DEU;IND;KOR;JPN;GBR;FRA;BRA;EST/indicator/SP.URB.TOTL.IN.ZS?format=json&per_page=1000,2026-09-28T17:23:23.715Z,{}
SP.URB.TOTL.IN.ZS,SP.URB.TOTL.IN.ZS--fra,Francja,FRA,Urban population (% of total population),2015-12-31,2015,year,2015-01-01,77.7610919150066,% populacji,annual,observed,https://api.worldbank.org/v2/country/POL;WLD;USA;CHN;DEU;IND;KOR;JPN;GBR;FRA;BRA;EST/indicator/SP.URB.TOTL.IN.ZS?format=json&per_page=1000,2026-09-28T17:23:23.715Z,{}
SP.URB.TOTL.IN.ZS,SP.URB.TOTL.IN.ZS--gbr,Wielka Brytania,GBR,Urban population (% of total population),2015-12-31,2015,year,2015-01-01,81.8243772295647,% populacji,annual,observed,https://api.worldbank.org/v2/country/POL;WLD;USA;CHN;DEU;IND;KOR;JPN;GBR;FRA;BRA;EST/indicator/SP.URB.TOTL.IN.ZS?format=json&per_page=1000,2026-09-28T17:23:23.715Z,{}
SP.URB.TOTL.IN.ZS,SP.URB.TOTL.IN.ZS--ind,Indie,IND,Urban population (% of total population),2015-12-31,2015,year,2015-01-01,32.5472990022299,% populacji,annual,observed,https://api.worldbank.org/v2/country/POL;WLD;USA;CHN;DEU;IND;KOR;JPN;GBR;FRA;BRA;EST/indicator/SP.URB.TOTL.IN.ZS?format=json&per_page=1000,2026-09-28T17:23:23.715Z,{}
SP.URB.TOTL.IN.ZS,SP.URB.TOTL.IN.ZS--jpn,Japonia,JPN,Urban population (% of total population),2015-12-31,2015,year,2015-01-01,91.3532644103625,% populacji,annual,observed,https://api.worldbank.org/v2/country/POL;WLD;USA;CHN;DEU;IND;KOR;JPN;GBR;FRA;BRA;EST/indicator/SP.URB.TOTL.IN.ZS?format=json&per_page=1000,2026-09-28T17:23:23.715Z,{}
SP.URB.TOTL.IN.ZS,SP.URB.TOTL.IN.ZS--kor,Korea Płd.,KOR,Urban population (% of total population),2015-12-31,2015,year,2015-01-01,81.639489860678,% populacji,annual,observed,https://api.worldbank.org/v2/country/POL;WLD;USA;CHN;DEU;IND;KOR;JPN;GBR;FRA;BRA;EST/indicator/SP.URB.TOTL.IN.ZS?format=json&per_page=1000,2026-09-28T17:23:23.715Z,{}
SP.URB.TOTL.IN.ZS,SP.URB.TOTL.IN.ZS--pol,Polska,POL,Urban population (% of total population),2015-12-31,2015,year,2015-01-01,60.3362886805635,% populacji,annual,observed,https://api.worldbank.org/v2/country/POL;WLD;USA;CHN;DEU;IND;KOR;JPN;GBR;FRA;BRA;EST/indicator/SP.URB.TOTL.IN.ZS?format=json&per_page=1000,2026-09-28T17:23:23.715Z,{}
SP.URB.TOTL.IN.ZS,SP.URB.TOTL.IN.ZS--usa,USA,USA,Urban population (% of total population),2015-12-31,2015,year,2015-01-01,80.5707989535091,% populacji,annual,observed,https://api.worldbank.org/v2/country/POL;WLD;USA;CHN;DEU;IND;KOR;JPN;GBR;FRA;BRA;EST/indicator/SP.URB.TOTL.IN.ZS?format=json&per_page=1000,2026-09-28T17:23:23.715Z,{}
SP.URB.TOTL.IN.ZS,SP.URB.TOTL.IN.ZS--wld,Świat,WLD,Urban population (% of total population),2015-12-31,2015,year,2015-01-01,54.4258474649377,% populacji,annual,observed,https://api.worldbank.org/v2/country/POL;WLD;USA;CHN;DEU;IND;KOR;JPN;GBR;FRA;BRA;EST/indicator/SP.URB.TOTL.IN.ZS?format=json&per_page=1000,2026-09-28T17:23:23.715Z,{}
SP.URB.TOTL.IN.ZS,SP.URB.TOTL.IN.ZS--bra,Brazylia,BRA,Urban population (% of total population),2016-12-31,2016,year,2016-01-01,85.9487048448108,% populacji,annual,observed,https://api.worldbank.org/v2/country/POL;WLD;USA;CHN;DEU;IND;KOR;JPN;GBR;FRA;BRA;EST/indicator/SP.URB.TOTL.IN.ZS?format=json&per_page=1000,2026-09-28T17:23:23.715Z,{}
SP.URB.TOTL.IN.ZS,SP.URB.TOTL.IN.ZS--chn,Chiny,CHN,Urban population (% of total population),2016-12-31,2016,year,2016-01-01,58.8399238586426,% populacji,annual,observed,https://api.worldbank.org/v2/country/POL;WLD;USA;CHN;DEU;IND;KOR;JPN;GBR;FRA;BRA;EST/indicator/SP.URB.TOTL.IN.ZS?format=json&per_page=1000,2026-09-28T17:23:23.715Z,{}
SP.URB.TOTL.IN.ZS,SP.URB.TOTL.IN.ZS--deu,Niemcy,DEU,Urban population (% of total population),2016-12-31,2016,year,2016-01-01,80.8347870684725,% populacji,annual,observed,https://api.worldbank.org/v2/country/POL;WLD;USA;CHN;DEU;IND;KOR;JPN;GBR;FRA;BRA;EST/indicator/SP.URB.TOTL.IN.ZS?format=json&per_page=1000,2026-09-28T17:23:23.715Z,{}
SP.URB.TOTL.IN.ZS,SP.URB.TOTL.IN.ZS--est,Estonia,EST,Urban population (% of total population),2016-12-31,2016,year,2016-01-01,68.724038178078,% populacji,annual,observed,https://api.worldbank.org/v2/country/POL;WLD;USA;CHN;DEU;IND;KOR;JPN;GBR;FRA;BRA;EST/indicator/SP.URB.TOTL.IN.ZS?format=json&per_page=1000,2026-09-28T17:23:23.715Z,{}
SP.URB.TOTL.IN.ZS,SP.URB.TOTL.IN.ZS--fra,Francja,FRA,Urban population (% of total population),2016-12-31,2016,year,2016-01-01,78.5999114705779,% populacji,annual,observed,https://api.worldbank.org/v2/country/POL;WLD;USA;CHN;DEU;IND;KOR;JPN;GBR;FRA;BRA;EST/indicator/SP.URB.TOTL.IN.ZS?format=json&per_page=1000,2026-09-28T17:23:23.715Z,{}
SP.URB.TOTL.IN.ZS,SP.URB.TOTL.IN.ZS--gbr,Wielka Brytania,GBR,Urban population (% of total population),2016-12-31,2016,year,2016-01-01,82.0229991698295,% populacji,annual,observed,https://api.worldbank.org/v2/country/POL;WLD;USA;CHN;DEU;IND;KOR;JPN;GBR;FRA;BRA;EST/indicator/SP.URB.TOTL.IN.ZS?format=json&per_page=1000,2026-09-28T17:23:23.715Z,{}
SP.URB.TOTL.IN.ZS,SP.URB.TOTL.IN.ZS--ind,Indie,IND,Urban population (% of total population),2016-12-31,2016,year,2016-01-01,32.8650780972823,% populacji,annual,observed,https://api.worldbank.org/v2/country/POL;WLD;USA;CHN;DEU;IND;KOR;JPN;GBR;FRA;BRA;EST/indicator/SP.URB.TOTL.IN.ZS?format=json&per_page=1000,2026-09-28T17:23:23.715Z,{}
SP.URB.TOTL.IN.ZS,SP.URB.TOTL.IN.ZS--jpn,Japonia,JPN,Urban population (% of total population),2016-12-31,2016,year,2016-01-01,91.4541254852142,% populacji,annual,observed,https://api.worldbank.org/v2/country/POL;WLD;USA;CHN;DEU;IND;KOR;JPN;GBR;FRA;BRA;EST/indicator/SP.URB.TOTL.IN.ZS?format=json&per_page=1000,2026-09-28T17:23:23.715Z,{}
SP.URB.TOTL.IN.ZS,SP.URB.TOTL.IN.ZS--kor,Korea Płd.,KOR,Urban population (% of total population),2016-12-31,2016,year,2016-01-01,81.5559241797057,% populacji,annual,observed,https://api.worldbank.org/v2/country/POL;WLD;USA;CHN;DEU;IND;KOR;JPN;GBR;FRA;BRA;EST/indicator/SP.URB.TOTL.IN.ZS?format=json&per_page=1000,2026-09-28T17:23:23.715Z,{}
SP.URB.TOTL.IN.ZS,SP.URB.TOTL.IN.ZS--pol,Polska,POL,Urban population (% of total population),2016-12-31,2016,year,2016-01-01,60.2402284228997,% populacji,annual,observed,https://api.worldbank.org/v2/country/POL;WLD;USA;CHN;DEU;IND;KOR;JPN;GBR;FRA;BRA;EST/indicator/SP.URB.TOTL.IN.ZS?format=json&per_page=1000,2026-09-28T17:23:23.715Z,{}
SP.URB.TOTL.IN.ZS,SP.URB.TOTL.IN.ZS--usa,USA,USA,Urban population (% of total population),2016-12-31,2016,year,2016-01-01,80.4976645324131,% populacji,annual,observed,https://api.worldbank.org/v2/country/POL;WLD;USA;CHN;DEU;IND;KOR;JPN;GBR;FRA;BRA;EST/indicator/SP.URB.TOTL.IN.ZS?format=json&per_page=1000,2026-09-28T17:23:23.715Z,{}
SP.URB.TOTL.IN.ZS,SP.URB.TOTL.IN.ZS--wld,Świat,WLD,Urban population (% of total population),2016-12-31,2016,year,2016-01-01,54.894926437495,% populacji,annual,observed,https://api.worldbank.org/v2/country/POL;WLD;USA;CHN;DEU;IND;KOR;JPN;GBR;FRA;BRA;EST/indicator/SP.URB.TOTL.IN.ZS?format=json&per_page=1000,2026-09-28T17:23:23.715Z,{}
SP.URB.TOTL.IN.ZS,SP.URB.TOTL.IN.ZS--bra,Brazylia,BRA,Urban population (% of total population),2017-12-31,2017,year,2017-01-01,86.1982897571091,% populacji,annual,observed,https://api.worldbank.org/v2/country/POL;WLD;USA;CHN;DEU;IND;KOR;JPN;GBR;FRA;BRA;EST/indicator/SP.URB.TOTL.IN.ZS?format=json&per_page=1000,2026-09-28T17:23:23.715Z,{}
SP.URB.TOTL.IN.ZS,SP.URB.TOTL.IN.ZS--chn,Chiny,CHN,Urban population (% of total population),2017-12-31,2017,year,2017-01-01,60.2402687072754,% populacji,annual,observed,https://api.worldbank.org/v2/country/POL;WLD;USA;CHN;DEU;IND;KOR;JPN;GBR;FRA;BRA;EST/indicator/SP.URB.TOTL.IN.ZS?format=json&per_page=1000,2026-09-28T17:23:23.715Z,{}
SP.URB.TOTL.IN.ZS,SP.URB.TOTL.IN.ZS--deu,Niemcy,DEU,Urban population (% of total population),2017-12-31,2017,year,2017-01-01,80.9842544038853,% populacji,annual,observed,https://api.worldbank.org/v2/country/POL;WLD;USA;CHN;DEU;IND;KOR;JPN;GBR;FRA;BRA;EST/indicator/SP.URB.TOTL.IN.ZS?format=json&per_page=1000,2026-09-28T17:23:23.715Z,{}
SP.URB.TOTL.IN.ZS,SP.URB.TOTL.IN.ZS--est,Estonia,EST,Urban population (% of total population),2017-12-31,2017,year,2017-01-01,68.9931941915158,% populacji,annual,observed,https://api.worldbank.org/v2/country/POL;WLD;USA;CHN;DEU;IND;KOR;JPN;GBR;FRA;BRA;EST/indicator/SP.URB.TOTL.IN.ZS?format=json&per_page=1000,2026-09-28T17:23:23.715Z,{}
SP.URB.TOTL.IN.ZS,SP.URB.TOTL.IN.ZS--fra,Francja,FRA,Urban population (% of total population),2017-12-31,2017,year,2017-01-01,78.6467804026368,% populacji,annual,observed,https://api.worldbank.org/v2/country/POL;WLD;USA;CHN;DEU;IND;KOR;JPN;GBR;FRA;BRA;EST/indicator/SP.URB.TOTL.IN.ZS?format=json&per_page=1000,2026-09-28T17:23:23.715Z,{}
SP.URB.TOTL.IN.ZS,SP.URB.TOTL.IN.ZS--gbr,Wielka Brytania,GBR,Urban population (% of total population),2017-12-31,2017,year,2017-01-01,82.23065673273,% populacji,annual,observed,https://api.worldbank.org/v2/country/POL;WLD;USA;CHN;DEU;IND;KOR;JPN;GBR;FRA;BRA;EST/indicator/SP.URB.TOTL.IN.ZS?format=json&per_page=1000,2026-09-28T17:23:23.715Z,{}
SP.URB.TOTL.IN.ZS,SP.URB.TOTL.IN.ZS--ind,Indie,IND,Urban population (% of total population),2017-12-31,2017,year,2017-01-01,33.1821328157539,% populacji,annual,observed,https://api.worldbank.org/v2/country/POL;WLD;USA;CHN;DEU;IND;KOR;JPN;GBR;FRA;BRA;EST/indicator/SP.URB.TOTL.IN.ZS?format=json&per_page=1000,2026-09-28T17:23:23.715Z,{}
SP.URB.TOTL.IN.ZS,SP.URB.TOTL.IN.ZS--jpn,Japonia,JPN,Urban population (% of total population),2017-12-31,2017,year,2017-01-01,91.5498419685883,% populacji,annual,observed,https://api.worldbank.org/v2/country/POL;WLD;USA;CHN;DEU;IND;KOR;JPN;GBR;FRA;BRA;EST/indicator/SP.URB.TOTL.IN.ZS?format=json&per_page=1000,2026-09-28T17:23:23.715Z,{}
SP.URB.TOTL.IN.ZS,SP.URB.TOTL.IN.ZS--kor,Korea Płd.,KOR,Urban population (% of total population),2017-12-31,2017,year,2017-01-01,81.471030429984,% populacji,annual,observed,https://api.worldbank.org/v2/country/POL;WLD;USA;CHN;DEU;IND;KOR;JPN;GBR;FRA;BRA;EST/indicator/SP.URB.TOTL.IN.ZS?format=json&per_page=1000,2026-09-28T17:23:23.715Z,{}
SP.URB.TOTL.IN.ZS,SP.URB.TOTL.IN.ZS--pol,Polska,POL,Urban population (% of total population),2017-12-31,2017,year,2017-01-01,60.145888199417,% populacji,annual,observed,https://api.worldbank.org/v2/country/POL;WLD;USA;CHN;DEU;IND;KOR;JPN;GBR;FRA;BRA;EST/indicator/SP.URB.TOTL.IN.ZS?format=json&per_page=1000,2026-09-28T17:23:23.715Z,{}
SP.URB.TOTL.IN.ZS,SP.URB.TOTL.IN.ZS--usa,USA,USA,Urban population (% of total population),2017-12-31,2017,year,2017-01-01,80.4018678392891,% populacji,annual,observed,https://api.worldbank.org/v2/country/POL;WLD;USA;CHN;DEU;IND;KOR;JPN;GBR;FRA;BRA;EST/indicator/SP.URB.TOTL.IN.ZS?format=json&per_page=1000,2026-09-28T17:23:23.715Z,{}
SP.URB.TOTL.IN.ZS,SP.URB.TOTL.IN.ZS--wld,Świat,WLD,Urban population (% of total population),2017-12-31,2017,year,2017-01-01,55.319833918472,% populacji,annual,observed,https://api.worldbank.org/v2/country/POL;WLD;USA;CHN;DEU;IND;KOR;JPN;GBR;FRA;BRA;EST/indicator/SP.URB.TOTL.IN.ZS?format=json&per_page=1000,2026-09-28T17:23:23.715Z,{}
SP.URB.TOTL.IN.ZS,SP.URB.TOTL.IN.ZS--bra,Brazylia,BRA,Urban population (% of total population),2018-12-31,2018,year,2018-01-01,86.4420719945072,% populacji,annual,observed,https://api.worldbank.org/v2/country/POL;WLD;USA;CHN;DEU;IND;KOR;JPN;GBR;FRA;BRA;EST/indicator/SP.URB.TOTL.IN.ZS?format=json&per_page=1000,2026-09-28T17:23:23.715Z,{}
SP.URB.TOTL.IN.ZS,SP.URB.TOTL.IN.ZS--chn,Chiny,CHN,Urban population (% of total population),2018-12-31,2018,year,2018-01-01,61.5001983642578,% populacji,annual,observed,https://api.worldbank.org/v2/country/POL;WLD;USA;CHN;DEU;IND;KOR;JPN;GBR;FRA;BRA;EST/indicator/SP.URB.TOTL.IN.ZS?format=json&per_page=1000,2026-09-28T17:23:23.715Z,{}
SP.URB.TOTL.IN.ZS,SP.URB.TOTL.IN.ZS--deu,Niemcy,DEU,Urban population (% of total population),2018-12-31,2018,year,2018-01-01,81.1423036204018,% populacji,annual,observed,https://api.worldbank.org/v2/country/POL;WLD;USA;CHN;DEU;IND;KOR;JPN;GBR;FRA;BRA;EST/indicator/SP.URB.TOTL.IN.ZS?format=json&per_page=1000,2026-09-28T17:23:23.715Z,{}
SP.URB.TOTL.IN.ZS,SP.URB.TOTL.IN.ZS--est,Estonia,EST,Urban population (% of total population),2018-12-31,2018,year,2018-01-01,69.2803532930133,% populacji,annual,observed,https://api.worldbank.org/v2/country/POL;WLD;USA;CHN;DEU;IND;KOR;JPN;GBR;FRA;BRA;EST/indicator/SP.URB.TOTL.IN.ZS?format=json&per_page=1000,2026-09-28T17:23:23.715Z,{}
SP.URB.TOTL.IN.ZS,SP.URB.TOTL.IN.ZS--fra,Francja,FRA,Urban population (% of total population),2018-12-31,2018,year,2018-01-01,78.6714432536599,% populacji,annual,observed,https://api.worldbank.org/v2/country/POL;WLD;USA;CHN;DEU;IND;KOR;JPN;GBR;FRA;BRA;EST/indicator/SP.URB.TOTL.IN.ZS?format=json&per_page=1000,2026-09-28T17:23:23.715Z,{}
SP.URB.TOTL.IN.ZS,SP.URB.TOTL.IN.ZS--gbr,Wielka Brytania,GBR,Urban population (% of total population),2018-12-31,2018,year,2018-01-01,82.4465657551295,% populacji,annual,observed,https://api.worldbank.org/v2/country/POL;WLD;USA;CHN;DEU;IND;KOR;JPN;GBR;FRA;BRA;EST/indicator/SP.URB.TOTL.IN.ZS?format=json&per_page=1000,2026-09-28T17:23:23.715Z,{}
SP.URB.TOTL.IN.ZS,SP.URB.TOTL.IN.ZS--ind,Indie,IND,Urban population (% of total population),2018-12-31,2018,year,2018-01-01,33.4984353473598,% populacji,annual,observed,https://api.worldbank.org/v2/country/POL;WLD;USA;CHN;DEU;IND;KOR;JPN;GBR;FRA;BRA;EST/indicator/SP.URB.TOTL.IN.ZS?format=json&per_page=1000,2026-09-28T17:23:23.715Z,{}
SP.URB.TOTL.IN.ZS,SP.URB.TOTL.IN.ZS--jpn,Japonia,JPN,Urban population (% of total population),2018-12-31,2018,year,2018-01-01,91.6377318609728,% populacji,annual,observed,https://api.worldbank.org/v2/country/POL;WLD;USA;CHN;DEU;IND;KOR;JPN;GBR;FRA;BRA;EST/indicator/SP.URB.TOTL.IN.ZS?format=json&per_page=1000,2026-09-28T17:23:23.715Z,{}
SP.URB.TOTL.IN.ZS,SP.URB.TOTL.IN.ZS--kor,Korea Płd.,KOR,Urban population (% of total population),2018-12-31,2018,year,2018-01-01,81.3823523035196,% populacji,annual,observed,https://api.worldbank.org/v2/country/POL;WLD;USA;CHN;DEU;IND;KOR;JPN;GBR;FRA;BRA;EST/indicator/SP.URB.TOTL.IN.ZS?format=json&per_page=1000,2026-09-28T17:23:23.715Z,{}
SP.URB.TOTL.IN.ZS,SP.URB.TOTL.IN.ZS--pol,Polska,POL,Urban population (% of total population),2018-12-31,2018,year,2018-01-01,60.0533306480907,% populacji,annual,observed,https://api.worldbank.org/v2/country/POL;WLD;USA;CHN;DEU;IND;KOR;JPN;GBR;FRA;BRA;EST/indicator/SP.URB.TOTL.IN.ZS?format=json&per_page=1000,2026-09-28T17:23:23.715Z,{}
SP.URB.TOTL.IN.ZS,SP.URB.TOTL.IN.ZS--usa,USA,USA,Urban population (% of total population),2018-12-31,2018,year,2018-01-01,80.2804567987377,% populacji,annual,observed,https://api.worldbank.org/v2/country/POL;WLD;USA;CHN;DEU;IND;KOR;JPN;GBR;FRA;BRA;EST/indicator/SP.URB.TOTL.IN.ZS?format=json&per_page=1000,2026-09-28T17:23:23.715Z,{}
SP.URB.TOTL.IN.ZS,SP.URB.TOTL.IN.ZS--wld,Świat,WLD,Urban population (% of total population),2018-12-31,2018,year,2018-01-01,55.7520777819135,% populacji,annual,observed,https://api.worldbank.org/v2/country/POL;WLD;USA;CHN;DEU;IND;KOR;JPN;GBR;FRA;BRA;EST/indicator/SP.URB.TOTL.IN.ZS?format=json&per_page=1000,2026-09-28T17:23:23.715Z,{}
SP.URB.TOTL.IN.ZS,SP.URB.TOTL.IN.ZS--bra,Brazylia,BRA,Urban population (% of total population),2019-12-31,2019,year,2019-01-01,86.6797991084296,% populacji,annual,observed,https://api.worldbank.org/v2/country/POL;WLD;USA;CHN;DEU;IND;KOR;JPN;GBR;FRA;BRA;EST/indicator/SP.URB.TOTL.IN.ZS?format=json&per_page=1000,2026-09-28T17:23:23.715Z,{}
SP.URB.TOTL.IN.ZS,SP.URB.TOTL.IN.ZS--chn,Chiny,CHN,Urban population (% of total population),2019-12-31,2019,year,2019-01-01,62.7099151611328,% populacji,annual,observed,https://api.worldbank.org/v2/country/POL;WLD;USA;CHN;DEU;IND;KOR;JPN;GBR;FRA;BRA;EST/indicator/SP.URB.TOTL.IN.ZS?format=json&per_page=1000,2026-09-28T17:23:23.715Z,{}
SP.URB.TOTL.IN.ZS,SP.URB.TOTL.IN.ZS--deu,Niemcy,DEU,Urban population (% of total population),2019-12-31,2019,year,2019-01-01,81.3053991689039,% populacji,annual,observed,https://api.worldbank.org/v2/country/POL;WLD;USA;CHN;DEU;IND;KOR;JPN;GBR;FRA;BRA;EST/indicator/SP.URB.TOTL.IN.ZS?format=json&per_page=1000,2026-09-28T17:23:23.715Z,{}
SP.URB.TOTL.IN.ZS,SP.URB.TOTL.IN.ZS--est,Estonia,EST,Urban population (% of total population),2019-12-31,2019,year,2019-01-01,69.5787397662154,% populacji,annual,observed,https://api.worldbank.org/v2/country/POL;WLD;USA;CHN;DEU;IND;KOR;JPN;GBR;FRA;BRA;EST/indicator/SP.URB.TOTL.IN.ZS?format=json&per_page=1000,2026-09-28T17:23:23.715Z,{}
SP.URB.TOTL.IN.ZS,SP.URB.TOTL.IN.ZS--fra,Francja,FRA,Urban population (% of total population),2019-12-31,2019,year,2019-01-01,78.6890784549356,% populacji,annual,observed,https://api.worldbank.org/v2/country/POL;WLD;USA;CHN;DEU;IND;KOR;JPN;GBR;FRA;BRA;EST/indicator/SP.URB.TOTL.IN.ZS?format=json&per_page=1000,2026-09-28T17:23:23.715Z,{}
SP.URB.TOTL.IN.ZS,SP.URB.TOTL.IN.ZS--gbr,Wielka Brytania,GBR,Urban population (% of total population),2019-12-31,2019,year,2019-01-01,82.6699420738913,% populacji,annual,observed,https://api.worldbank.org/v2/country/POL;WLD;USA;CHN;DEU;IND;KOR;JPN;GBR;FRA;BRA;EST/indicator/SP.URB.TOTL.IN.ZS?format=json&per_page=1000,2026-09-28T17:23:23.715Z,{}
SP.URB.TOTL.IN.ZS,SP.URB.TOTL.IN.ZS--ind,Indie,IND,Urban population (% of total population),2019-12-31,2019,year,2019-01-01,33.8139578818147,% populacji,annual,observed,https://api.worldbank.org/v2/country/POL;WLD;USA;CHN;DEU;IND;KOR;JPN;GBR;FRA;BRA;EST/indicator/SP.URB.TOTL.IN.ZS?format=json&per_page=1000,2026-09-28T17:23:23.715Z,{}
SP.URB.TOTL.IN.ZS,SP.URB.TOTL.IN.ZS--jpn,Japonia,JPN,Urban population (% of total population),2019-12-31,2019,year,2019-01-01,91.7164207898107,% populacji,annual,observed,https://api.worldbank.org/v2/country/POL;WLD;USA;CHN;DEU;IND;KOR;JPN;GBR;FRA;BRA;EST/indicator/SP.URB.TOTL.IN.ZS?format=json&per_page=1000,2026-09-28T17:23:23.715Z,{}
SP.URB.TOTL.IN.ZS,SP.URB.TOTL.IN.ZS--kor,Korea Płd.,KOR,Urban population (% of total population),2019-12-31,2019,year,2019-01-01,81.2901063535619,% populacji,annual,observed,https://api.worldbank.org/v2/country/POL;WLD;USA;CHN;DEU;IND;KOR;JPN;GBR;FRA;BRA;EST/indicator/SP.URB.TOTL.IN.ZS?format=json&per_page=1000,2026-09-28T17:23:23.715Z,{}
SP.URB.TOTL.IN.ZS,SP.URB.TOTL.IN.ZS--pol,Polska,POL,Urban population (% of total population),2019-12-31,2019,year,2019-01-01,59.9626184068963,% populacji,annual,observed,https://api.worldbank.org/v2/country/POL;WLD;USA;CHN;DEU;IND;KOR;JPN;GBR;FRA;BRA;EST/indicator/SP.URB.TOTL.IN.ZS?format=json&per_page=1000,2026-09-28T17:23:23.715Z,{}
SP.URB.TOTL.IN.ZS,SP.URB.TOTL.IN.ZS--usa,USA,USA,Urban population (% of total population),2019-12-31,2019,year,2019-01-01,80.1304793353594,% populacji,annual,observed,https://api.worldbank.org/v2/country/POL;WLD;USA;CHN;DEU;IND;KOR;JPN;GBR;FRA;BRA;EST/indicator/SP.URB.TOTL.IN.ZS?format=json&per_page=1000,2026-09-28T17:23:23.715Z,{}
SP.URB.TOTL.IN.ZS,SP.URB.TOTL.IN.ZS--wld,Świat,WLD,Urban population (% of total population),2019-12-31,2019,year,2019-01-01,56.1409825640469,% populacji,annual,observed,https://api.worldbank.org/v2/country/POL;WLD;USA;CHN;DEU;IND;KOR;JPN;GBR;FRA;BRA;EST/indicator/SP.URB.TOTL.IN.ZS?format=json&per_page=1000,2026-09-28T17:23:23.715Z,{}
SP.URB.TOTL.IN.ZS,SP.URB.TOTL.IN.ZS--bra,Brazylia,BRA,Urban population (% of total population),2020-12-31,2020,year,2020-01-01,86.9112186503004,% populacji,annual,observed,https://api.worldbank.org/v2/country/POL;WLD;USA;CHN;DEU;IND;KOR;JPN;GBR;FRA;BRA;EST/indicator/SP.URB.TOTL.IN.ZS?format=json&per_page=1000,2026-09-28T17:23:23.715Z,{}
SP.URB.TOTL.IN.ZS,SP.URB.TOTL.IN.ZS--chn,Chiny,CHN,Urban population (% of total population),2020-12-31,2020,year,2020-01-01,63.5234230266258,% populacji,annual,observed,https://api.worldbank.org/v2/country/POL;WLD;USA;CHN;DEU;IND;KOR;JPN;GBR;FRA;BRA;EST/indicator/SP.URB.TOTL.IN.ZS?format=json&per_page=1000,2026-09-28T17:23:23.715Z,{}
SP.URB.TOTL.IN.ZS,SP.URB.TOTL.IN.ZS--deu,Niemcy,DEU,Urban population (% of total population),2020-12-31,2020,year,2020-01-01,81.4700055002738,% populacji,annual,observed,https://api.worldbank.org/v2/country/POL;WLD;USA;CHN;DEU;IND;KOR;JPN;GBR;FRA;BRA;EST/indicator/SP.URB.TOTL.IN.ZS?format=json&per_page=1000,2026-09-28T17:23:23.715Z,{}
SP.URB.TOTL.IN.ZS,SP.URB.TOTL.IN.ZS--est,Estonia,EST,Urban population (% of total population),2020-12-31,2020,year,2020-01-01,69.8815778947665,% populacji,annual,observed,https://api.worldbank.org/v2/country/POL;WLD;USA;CHN;DEU;IND;KOR;JPN;GBR;FRA;BRA;EST/indicator/SP.URB.TOTL.IN.ZS?format=json&per_page=1000,2026-09-28T17:23:23.715Z,{}
SP.URB.TOTL.IN.ZS,SP.URB.TOTL.IN.ZS--fra,Francja,FRA,Urban population (% of total population),2020-12-31,2020,year,2020-01-01,78.7119131765249,% populacji,annual,observed,https://api.worldbank.org/v2/country/POL;WLD;USA;CHN;DEU;IND;KOR;JPN;GBR;FRA;BRA;EST/indicator/SP.URB.TOTL.IN.ZS?format=json&per_page=1000,2026-09-28T17:23:23.715Z,{}
SP.URB.TOTL.IN.ZS,SP.URB.TOTL.IN.ZS--gbr,Wielka Brytania,GBR,Urban population (% of total population),2020-12-31,2020,year,2020-01-01,82.9000015258789,% populacji,annual,observed,https://api.worldbank.org/v2/country/POL;WLD;USA;CHN;DEU;IND;KOR;JPN;GBR;FRA;BRA;EST/indicator/SP.URB.TOTL.IN.ZS?format=json&per_page=1000,2026-09-28T17:23:23.715Z,{}
SP.URB.TOTL.IN.ZS,SP.URB.TOTL.IN.ZS--ind,Indie,IND,Urban population (% of total population),2020-12-31,2020,year,2020-01-01,34.1286726088333,% populacji,annual,observed,https://api.worldbank.org/v2/country/POL;WLD;USA;CHN;DEU;IND;KOR;JPN;GBR;FRA;BRA;EST/indicator/SP.URB.TOTL.IN.ZS?format=json&per_page=1000,2026-09-28T17:23:23.715Z,{}
SP.URB.TOTL.IN.ZS,SP.URB.TOTL.IN.ZS--jpn,Japonia,JPN,Urban population (% of total population),2020-12-31,2020,year,2020-01-01,91.7809926267889,% populacji,annual,observed,https://api.worldbank.org/v2/country/POL;WLD;USA;CHN;DEU;IND;KOR;JPN;GBR;FRA;BRA;EST/indicator/SP.URB.TOTL.IN.ZS?format=json&per_page=1000,2026-09-28T17:23:23.715Z,{}
SP.URB.TOTL.IN.ZS,SP.URB.TOTL.IN.ZS--kor,Korea Płd.,KOR,Urban population (% of total population),2020-12-31,2020,year,2020-01-01,81.1759595622913,% populacji,annual,observed,https://api.worldbank.org/v2/country/POL;WLD;USA;CHN;DEU;IND;KOR;JPN;GBR;FRA;BRA;EST/indicator/SP.URB.TOTL.IN.ZS?format=json&per_page=1000,2026-09-28T17:23:23.715Z,{}
SP.URB.TOTL.IN.ZS,SP.URB.TOTL.IN.ZS--pol,Polska,POL,Urban population (% of total population),2020-12-31,2020,year,2020-01-01,59.8738141138092,% populacji,annual,observed,https://api.worldbank.org/v2/country/POL;WLD;USA;CHN;DEU;IND;KOR;JPN;GBR;FRA;BRA;EST/indicator/SP.URB.TOTL.IN.ZS?format=json&per_page=1000,2026-09-28T17:23:23.715Z,{}
SP.URB.TOTL.IN.ZS,SP.URB.TOTL.IN.ZS--usa,USA,USA,Urban population (% of total population),2020-12-31,2020,year,2020-01-01,79.997451762548,% populacji,annual,observed,https://api.worldbank.org/v2/country/POL;WLD;USA;CHN;DEU;IND;KOR;JPN;GBR;FRA;BRA;EST/indicator/SP.URB.TOTL.IN.ZS?format=json&per_page=1000,2026-09-28T17:23:23.715Z,{}
SP.URB.TOTL.IN.ZS,SP.URB.TOTL.IN.ZS--wld,Świat,WLD,Urban population (% of total population),2020-12-31,2020,year,2020-01-01,56.4441759386598,% populacji,annual,observed,https://api.worldbank.org/v2/country/POL;WLD;USA;CHN;DEU;IND;KOR;JPN;GBR;FRA;BRA;EST/indicator/SP.URB.TOTL.IN.ZS?format=json&per_page=1000,2026-09-28T17:23:23.715Z,{}
SP.URB.TOTL.IN.ZS,SP.URB.TOTL.IN.ZS--bra,Brazylia,BRA,Urban population (% of total population),2021-12-31,2021,year,2021-01-01,87.1360781715439,% populacji,annual,observed,https://api.worldbank.org/v2/country/POL;WLD;USA;CHN;DEU;IND;KOR;JPN;GBR;FRA;BRA;EST/indicator/SP.URB.TOTL.IN.ZS?format=json&per_page=1000,2026-09-28T17:23:23.715Z,{}
SP.URB.TOTL.IN.ZS,SP.URB.TOTL.IN.ZS--chn,Chiny,CHN,Urban population (% of total population),2021-12-31,2021,year,2021-01-01,64.721076965332,% populacji,annual,observed,https://api.worldbank.org/v2/country/POL;WLD;USA;CHN;DEU;IND;KOR;JPN;GBR;FRA;BRA;EST/indicator/SP.URB.TOTL.IN.ZS?format=json&per_page=1000,2026-09-28T17:23:23.715Z,{}
SP.URB.TOTL.IN.ZS,SP.URB.TOTL.IN.ZS--deu,Niemcy,DEU,Urban population (% of total population),2021-12-31,2021,year,2021-01-01,81.6325870653934,% populacji,annual,observed,https://api.worldbank.org/v2/country/POL;WLD;USA;CHN;DEU;IND;KOR;JPN;GBR;FRA;BRA;EST/indicator/SP.URB.TOTL.IN.ZS?format=json&per_page=1000,2026-09-28T17:23:23.715Z,{}
SP.URB.TOTL.IN.ZS,SP.URB.TOTL.IN.ZS--est,Estonia,EST,Urban population (% of total population),2021-12-31,2021,year,2021-01-01,70.1777274135822,% populacji,annual,observed,https://api.worldbank.org/v2/country/POL;WLD;USA;CHN;DEU;IND;KOR;JPN;GBR;FRA;BRA;EST/indicator/SP.URB.TOTL.IN.ZS?format=json&per_page=1000,2026-09-28T17:23:23.715Z,{}
SP.URB.TOTL.IN.ZS,SP.URB.TOTL.IN.ZS--fra,Francja,FRA,Urban population (% of total population),2021-12-31,2021,year,2021-01-01,78.7364603392338,% populacji,annual,observed,https://api.worldbank.org/v2/country/POL;WLD;USA;CHN;DEU;IND;KOR;JPN;GBR;FRA;BRA;EST/indicator/SP.URB.TOTL.IN.ZS?format=json&per_page=1000,2026-09-28T17:23:23.715Z,{}
SP.URB.TOTL.IN.ZS,SP.URB.TOTL.IN.ZS--gbr,Wielka Brytania,GBR,Urban population (% of total population),2021-12-31,2021,year,2021-01-01,82.9886431523641,% populacji,annual,observed,https://api.worldbank.org/v2/country/POL;WLD;USA;CHN;DEU;IND;KOR;JPN;GBR;FRA;BRA;EST/indicator/SP.URB.TOTL.IN.ZS?format=json&per_page=1000,2026-09-28T17:23:23.715Z,{}
SP.URB.TOTL.IN.ZS,SP.URB.TOTL.IN.ZS--ind,Indie,IND,Urban population (% of total population),2021-12-31,2021,year,2021-01-01,34.4425517181304,% populacji,annual,observed,https://api.worldbank.org/v2/country/POL;WLD;USA;CHN;DEU;IND;KOR;JPN;GBR;FRA;BRA;EST/indicator/SP.URB.TOTL.IN.ZS?format=json&per_page=1000,2026-09-28T17:23:23.715Z,{}
SP.URB.TOTL.IN.ZS,SP.URB.TOTL.IN.ZS--jpn,Japonia,JPN,Urban population (% of total population),2021-12-31,2021,year,2021-01-01,91.8741049279527,% populacji,annual,observed,https://api.worldbank.org/v2/country/POL;WLD;USA;CHN;DEU;IND;KOR;JPN;GBR;FRA;BRA;EST/indicator/SP.URB.TOTL.IN.ZS?format=json&per_page=1000,2026-09-28T17:23:23.715Z,{}
SP.URB.TOTL.IN.ZS,SP.URB.TOTL.IN.ZS--kor,Korea Płd.,KOR,Urban population (% of total population),2021-12-31,2021,year,2021-01-01,81.1616526507785,% populacji,annual,observed,https://api.worldbank.org/v2/country/POL;WLD;USA;CHN;DEU;IND;KOR;JPN;GBR;FRA;BRA;EST/indicator/SP.URB.TOTL.IN.ZS?format=json&per_page=1000,2026-09-28T17:23:23.715Z,{}
SP.URB.TOTL.IN.ZS,SP.URB.TOTL.IN.ZS--pol,Polska,POL,Urban population (% of total population),2021-12-31,2021,year,2021-01-01,59.8096513205543,% populacji,annual,observed,https://api.worldbank.org/v2/country/POL;WLD;USA;CHN;DEU;IND;KOR;JPN;GBR;FRA;BRA;EST/indicator/SP.URB.TOTL.IN.ZS?format=json&per_page=1000,2026-09-28T17:23:23.715Z,{}
SP.URB.TOTL.IN.ZS,SP.URB.TOTL.IN.ZS--usa,USA,USA,Urban population (% of total population),2021-12-31,2021,year,2021-01-01,80.0074765140272,% populacji,annual,observed,https://api.worldbank.org/v2/country/POL;WLD;USA;CHN;DEU;IND;KOR;JPN;GBR;FRA;BRA;EST/indicator/SP.URB.TOTL.IN.ZS?format=json&per_page=1000,2026-09-28T17:23:23.715Z,{}
SP.URB.TOTL.IN.ZS,SP.URB.TOTL.IN.ZS--wld,Świat,WLD,Urban population (% of total population),2021-12-31,2021,year,2021-01-01,56.80922270108,% populacji,annual,observed,https://api.worldbank.org/v2/country/POL;WLD;USA;CHN;DEU;IND;KOR;JPN;GBR;FRA;BRA;EST/indicator/SP.URB.TOTL.IN.ZS?format=json&per_page=1000,2026-09-28T17:23:23.715Z,{}
SP.URB.TOTL.IN.ZS,SP.URB.TOTL.IN.ZS--bra,Brazylia,BRA,Urban population (% of total population),2022-12-31,2022,year,2022-01-01,87.349556243881,% populacji,annual,observed,https://api.worldbank.org/v2/country/POL;WLD;USA;CHN;DEU;IND;KOR;JPN;GBR;FRA;BRA;EST/indicator/SP.URB.TOTL.IN.ZS?format=json&per_page=1000,2026-09-28T17:23:23.715Z,{}
SP.URB.TOTL.IN.ZS,SP.URB.TOTL.IN.ZS--chn,Chiny,CHN,Urban population (% of total population),2022-12-31,2022,year,2022-01-01,65.2176361083984,% populacji,annual,observed,https://api.worldbank.org/v2/country/POL;WLD;USA;CHN;DEU;IND;KOR;JPN;GBR;FRA;BRA;EST/indicator/SP.URB.TOTL.IN.ZS?format=json&per_page=1000,2026-09-28T17:23:23.715Z,{}
SP.URB.TOTL.IN.ZS,SP.URB.TOTL.IN.ZS--deu,Niemcy,DEU,Urban population (% of total population),2022-12-31,2022,year,2022-01-01,81.7867852780995,% populacji,annual,observed,https://api.worldbank.org/v2/country/POL;WLD;USA;CHN;DEU;IND;KOR;JPN;GBR;FRA;BRA;EST/indicator/SP.URB.TOTL.IN.ZS?format=json&per_page=1000,2026-09-28T17:23:23.715Z,{}
SP.URB.TOTL.IN.ZS,SP.URB.TOTL.IN.ZS--est,Estonia,EST,Urban population (% of total population),2022-12-31,2022,year,2022-01-01,70.4892333736738,% populacji,annual,observed,https://api.worldbank.org/v2/country/POL;WLD;USA;CHN;DEU;IND;KOR;JPN;GBR;FRA;BRA;EST/indicator/SP.URB.TOTL.IN.ZS?format=json&per_page=1000,2026-09-28T17:23:23.715Z,{}
SP.URB.TOTL.IN.ZS,SP.URB.TOTL.IN.ZS--fra,Francja,FRA,Urban population (% of total population),2022-12-31,2022,year,2022-01-01,78.7591921123356,% populacji,annual,observed,https://api.worldbank.org/v2/country/POL;WLD;USA;CHN;DEU;IND;KOR;JPN;GBR;FRA;BRA;EST/indicator/SP.URB.TOTL.IN.ZS?format=json&per_page=1000,2026-09-28T17:23:23.715Z,{}
SP.URB.TOTL.IN.ZS,SP.URB.TOTL.IN.ZS--gbr,Wielka Brytania,GBR,Urban population (% of total population),2022-12-31,2022,year,2022-01-01,83.0753982997505,% populacji,annual,observed,https://api.worldbank.org/v2/country/POL;WLD;USA;CHN;DEU;IND;KOR;JPN;GBR;FRA;BRA;EST/indicator/SP.URB.TOTL.IN.ZS?format=json&per_page=1000,2026-09-28T17:23:23.715Z,{}
SP.URB.TOTL.IN.ZS,SP.URB.TOTL.IN.ZS--ind,Indie,IND,Urban population (% of total population),2022-12-31,2022,year,2022-01-01,34.7555673994206,% populacji,annual,observed,https://api.worldbank.org/v2/country/POL;WLD;USA;CHN;DEU;IND;KOR;JPN;GBR;FRA;BRA;EST/indicator/SP.URB.TOTL.IN.ZS?format=json&per_page=1000,2026-09-28T17:23:23.715Z,{}
SP.URB.TOTL.IN.ZS,SP.URB.TOTL.IN.ZS--jpn,Japonia,JPN,Urban population (% of total population),2022-12-31,2022,year,2022-01-01,91.9776532428406,% populacji,annual,observed,https://api.worldbank.org/v2/country/POL;WLD;USA;CHN;DEU;IND;KOR;JPN;GBR;FRA;BRA;EST/indicator/SP.URB.TOTL.IN.ZS?format=json&per_page=1000,2026-09-28T17:23:23.715Z,{}
SP.URB.TOTL.IN.ZS,SP.URB.TOTL.IN.ZS--kor,Korea Płd.,KOR,Urban population (% of total population),2022-12-31,2022,year,2022-01-01,81.1624941626873,% populacji,annual,observed,https://api.worldbank.org/v2/country/POL;WLD;USA;CHN;DEU;IND;KOR;JPN;GBR;FRA;BRA;EST/indicator/SP.URB.TOTL.IN.ZS?format=json&per_page=1000,2026-09-28T17:23:23.715Z,{}
SP.URB.TOTL.IN.ZS,SP.URB.TOTL.IN.ZS--pol,Polska,POL,Urban population (% of total population),2022-12-31,2022,year,2022-01-01,59.8315488048321,% populacji,annual,observed,https://api.worldbank.org/v2/country/POL;WLD;USA;CHN;DEU;IND;KOR;JPN;GBR;FRA;BRA;EST/indicator/SP.URB.TOTL.IN.ZS?format=json&per_page=1000,2026-09-28T17:23:23.715Z,{}
SP.URB.TOTL.IN.ZS,SP.URB.TOTL.IN.ZS--usa,USA,USA,Urban population (% of total population),2022-12-31,2022,year,2022-01-01,80.0324978239707,% populacji,annual,observed,https://api.worldbank.org/v2/country/POL;WLD;USA;CHN;DEU;IND;KOR;JPN;GBR;FRA;BRA;EST/indicator/SP.URB.TOTL.IN.ZS?format=json&per_page=1000,2026-09-28T17:23:23.715Z,{}
SP.URB.TOTL.IN.ZS,SP.URB.TOTL.IN.ZS--wld,Świat,WLD,Urban population (% of total population),2022-12-31,2022,year,2022-01-01,57.0722541398634,% populacji,annual,observed,https://api.worldbank.org/v2/country/POL;WLD;USA;CHN;DEU;IND;KOR;JPN;GBR;FRA;BRA;EST/indicator/SP.URB.TOTL.IN.ZS?format=json&per_page=1000,2026-09-28T17:23:23.715Z,{}
SP.URB.TOTL.IN.ZS,SP.URB.TOTL.IN.ZS--bra,Brazylia,BRA,Urban population (% of total population),2023-12-31,2023,year,2023-01-01,87.6159710235763,% populacji,annual,observed,https://api.worldbank.org/v2/country/POL;WLD;USA;CHN;DEU;IND;KOR;JPN;GBR;FRA;BRA;EST/indicator/SP.URB.TOTL.IN.ZS?format=json&per_page=1000,2026-09-28T17:23:23.715Z,{}
SP.URB.TOTL.IN.ZS,SP.URB.TOTL.IN.ZS--chn,Chiny,CHN,Urban population (% of total population),2023-12-31,2023,year,2023-01-01,65.5301448035523,% populacji,annual,observed,https://api.worldbank.org/v2/country/POL;WLD;USA;CHN;DEU;IND;KOR;JPN;GBR;FRA;BRA;EST/indicator/SP.URB.TOTL.IN.ZS?format=json&per_page=1000,2026-09-28T17:23:23.715Z,{}
SP.URB.TOTL.IN.ZS,SP.URB.TOTL.IN.ZS--deu,Niemcy,DEU,Urban population (% of total population),2023-12-31,2023,year,2023-01-01,81.9034366692129,% populacji,annual,observed,https://api.worldbank.org/v2/country/POL;WLD;USA;CHN;DEU;IND;KOR;JPN;GBR;FRA;BRA;EST/indicator/SP.URB.TOTL.IN.ZS?format=json&per_page=1000,2026-09-28T17:23:23.715Z,{}
SP.URB.TOTL.IN.ZS,SP.URB.TOTL.IN.ZS--est,Estonia,EST,Urban population (% of total population),2023-12-31,2023,year,2023-01-01,70.6770085523126,% populacji,annual,observed,https://api.worldbank.org/v2/country/POL;WLD;USA;CHN;DEU;IND;KOR;JPN;GBR;FRA;BRA;EST/indicator/SP.URB.TOTL.IN.ZS?format=json&per_page=1000,2026-09-28T17:23:23.715Z,{}
SP.URB.TOTL.IN.ZS,SP.URB.TOTL.IN.ZS--fra,Francja,FRA,Urban population (% of total population),2023-12-31,2023,year,2023-01-01,78.7804323126547,% populacji,annual,observed,https://api.worldbank.org/v2/country/POL;WLD;USA;CHN;DEU;IND;KOR;JPN;GBR;FRA;BRA;EST/indicator/SP.URB.TOTL.IN.ZS?format=json&per_page=1000,2026-09-28T17:23:23.715Z,{}
SP.URB.TOTL.IN.ZS,SP.URB.TOTL.IN.ZS--gbr,Wielka Brytania,GBR,Urban population (% of total population),2023-12-31,2023,year,2023-01-01,83.1601932891335,% populacji,annual,observed,https://api.worldbank.org/v2/country/POL;WLD;USA;CHN;DEU;IND;KOR;JPN;GBR;FRA;BRA;EST/indicator/SP.URB.TOTL.IN.ZS?format=json&per_page=1000,2026-09-28T17:23:23.715Z,{}
SP.URB.TOTL.IN.ZS,SP.URB.TOTL.IN.ZS--ind,Indie,IND,Urban population (% of total population),2023-12-31,2023,year,2023-01-01,35.0676918424186,% populacji,annual,observed,https://api.worldbank.org/v2/country/POL;WLD;USA;CHN;DEU;IND;KOR;JPN;GBR;FRA;BRA;EST/indicator/SP.URB.TOTL.IN.ZS?format=json&per_page=1000,2026-09-28T17:23:23.715Z,{}
SP.URB.TOTL.IN.ZS,SP.URB.TOTL.IN.ZS--jpn,Japonia,JPN,Urban population (% of total population),2023-12-31,2023,year,2023-01-01,92.0826903891473,% populacji,annual,observed,https://api.worldbank.org/v2/country/POL;WLD;USA;CHN;DEU;IND;KOR;JPN;GBR;FRA;BRA;EST/indicator/SP.URB.TOTL.IN.ZS?format=json&per_page=1000,2026-09-28T17:23:23.715Z,{}
SP.URB.TOTL.IN.ZS,SP.URB.TOTL.IN.ZS--kor,Korea Płd.,KOR,Urban population (% of total population),2023-12-31,2023,year,2023-01-01,81.1645551720421,% populacji,annual,observed,https://api.worldbank.org/v2/country/POL;WLD;USA;CHN;DEU;IND;KOR;JPN;GBR;FRA;BRA;EST/indicator/SP.URB.TOTL.IN.ZS?format=json&per_page=1000,2026-09-28T17:23:23.715Z,{}
SP.URB.TOTL.IN.ZS,SP.URB.TOTL.IN.ZS--pol,Polska,POL,Urban population (% of total population),2023-12-31,2023,year,2023-01-01,59.8859561370214,% populacji,annual,observed,https://api.worldbank.org/v2/country/POL;WLD;USA;CHN;DEU;IND;KOR;JPN;GBR;FRA;BRA;EST/indicator/SP.URB.TOTL.IN.ZS?format=json&per_page=1000,2026-09-28T17:23:23.715Z,{}
SP.URB.TOTL.IN.ZS,SP.URB.TOTL.IN.ZS--usa,USA,USA,Urban population (% of total population),2023-12-31,2023,year,2023-01-01,80.071561119178,% populacji,annual,observed,https://api.worldbank.org/v2/country/POL;WLD;USA;CHN;DEU;IND;KOR;JPN;GBR;FRA;BRA;EST/indicator/SP.URB.TOTL.IN.ZS?format=json&per_page=1000,2026-09-28T17:23:23.715Z,{}
SP.URB.TOTL.IN.ZS,SP.URB.TOTL.IN.ZS--wld,Świat,WLD,Urban population (% of total population),2023-12-31,2023,year,2023-01-01,57.3116916082902,% populacji,annual,observed,https://api.worldbank.org/v2/country/POL;WLD;USA;CHN;DEU;IND;KOR;JPN;GBR;FRA;BRA;EST/indicator/SP.URB.TOTL.IN.ZS?format=json&per_page=1000,2026-09-28T17:23:23.715Z,{}
SP.URB.TOTL.IN.ZS,SP.URB.TOTL.IN.ZS--bra,Brazylia,BRA,Urban population (% of total population),2024-12-31,2024,year,2024-01-01,87.8958549533146,% populacji,annual,observed,https://api.worldbank.org/v2/country/POL;WLD;USA;CHN;DEU;IND;KOR;JPN;GBR;FRA;BRA;EST/indicator/SP.URB.TOTL.IN.ZS?format=json&per_page=1000,2026-09-28T17:23:23.715Z,{}
SP.URB.TOTL.IN.ZS,SP.URB.TOTL.IN.ZS--chn,Chiny,CHN,Urban population (% of total population),2024-12-31,2024,year,2024-01-01,65.8946980998325,% populacji,annual,observed,https://api.worldbank.org/v2/country/POL;WLD;USA;CHN;DEU;IND;KOR;JPN;GBR;FRA;BRA;EST/indicator/SP.URB.TOTL.IN.ZS?format=json&per_page=1000,2026-09-28T17:23:23.715Z,{}
SP.URB.TOTL.IN.ZS,SP.URB.TOTL.IN.ZS--deu,Niemcy,DEU,Urban population (% of total population),2024-12-31,2024,year,2024-01-01,82.0211432579125,% populacji,annual,observed,https://api.worldbank.org/v2/country/POL;WLD;USA;CHN;DEU;IND;KOR;JPN;GBR;FRA;BRA;EST/indicator/SP.URB.TOTL.IN.ZS?format=json&per_page=1000,2026-09-28T17:23:23.715Z,{}
SP.URB.TOTL.IN.ZS,SP.URB.TOTL.IN.ZS--est,Estonia,EST,Urban population (% of total population),2024-12-31,2024,year,2024-01-01,70.6981161541961,% populacji,annual,observed,https://api.worldbank.org/v2/country/POL;WLD;USA;CHN;DEU;IND;KOR;JPN;GBR;FRA;BRA;EST/indicator/SP.URB.TOTL.IN.ZS?format=json&per_page=1000,2026-09-28T17:23:23.715Z,{}
SP.URB.TOTL.IN.ZS,SP.URB.TOTL.IN.ZS--fra,Francja,FRA,Urban population (% of total population),2024-12-31,2024,year,2024-01-01,78.7999750964116,% populacji,annual,observed,https://api.worldbank.org/v2/country/POL;WLD;USA;CHN;DEU;IND;KOR;JPN;GBR;FRA;BRA;EST/indicator/SP.URB.TOTL.IN.ZS?format=json&per_page=1000,2026-09-28T17:23:23.715Z,{}
SP.URB.TOTL.IN.ZS,SP.URB.TOTL.IN.ZS--gbr,Wielka Brytania,GBR,Urban population (% of total population),2024-12-31,2024,year,2024-01-01,83.2429544416085,% populacji,annual,observed,https://api.worldbank.org/v2/country/POL;WLD;USA;CHN;DEU;IND;KOR;JPN;GBR;FRA;BRA;EST/indicator/SP.URB.TOTL.IN.ZS?format=json&per_page=1000,2026-09-28T17:23:23.715Z,{}
SP.URB.TOTL.IN.ZS,SP.URB.TOTL.IN.ZS--ind,Indie,IND,Urban population (% of total population),2024-12-31,2024,year,2024-01-01,35.3788972368389,% populacji,annual,observed,https://api.worldbank.org/v2/country/POL;WLD;USA;CHN;DEU;IND;KOR;JPN;GBR;FRA;BRA;EST/indicator/SP.URB.TOTL.IN.ZS?format=json&per_page=1000,2026-09-28T17:23:23.715Z,{}
SP.URB.TOTL.IN.ZS,SP.URB.TOTL.IN.ZS--jpn,Japonia,JPN,Urban population (% of total population),2024-12-31,2024,year,2024-01-01,92.1901718034531,% populacji,annual,observed,https://api.worldbank.org/v2/country/POL;WLD;USA;CHN;DEU;IND;KOR;JPN;GBR;FRA;BRA;EST/indicator/SP.URB.TOTL.IN.ZS?format=json&per_page=1000,2026-09-28T17:23:23.715Z,{}
SP.URB.TOTL.IN.ZS,SP.URB.TOTL.IN.ZS--kor,Korea Płd.,KOR,Urban population (% of total population),2024-12-31,2024,year,2024-01-01,81.1682528469686,% populacji,annual,observed,https://api.worldbank.org/v2/country/POL;WLD;USA;CHN;DEU;IND;KOR;JPN;GBR;FRA;BRA;EST/indicator/SP.URB.TOTL.IN.ZS?format=json&per_page=1000,2026-09-28T17:23:23.715Z,{}
SP.URB.TOTL.IN.ZS,SP.URB.TOTL.IN.ZS--pol,Polska,POL,Urban population (% of total population),2024-12-31,2024,year,2024-01-01,59.9705468695101,% populacji,annual,observed,https://api.worldbank.org/v2/country/POL;WLD;USA;CHN;DEU;IND;KOR;JPN;GBR;FRA;BRA;EST/indicator/SP.URB.TOTL.IN.ZS?format=json&per_page=1000,2026-09-28T17:23:23.715Z,{}
SP.URB.TOTL.IN.ZS,SP.URB.TOTL.IN.ZS--usa,USA,USA,Urban population (% of total population),2024-12-31,2024,year,2024-01-01,80.1247798047184,% populacji,annual,observed,https://api.worldbank.org/v2/country/POL;WLD;USA;CHN;DEU;IND;KOR;JPN;GBR;FRA;BRA;EST/indicator/SP.URB.TOTL.IN.ZS?format=json&per_page=1000,2026-09-28T17:23:23.715Z,{}
SP.URB.TOTL.IN.ZS,SP.URB.TOTL.IN.ZS--wld,Świat,WLD,Urban population (% of total population),2024-12-31,2024,year,2024-01-01,57.565600293551,% populacji,annual,observed,https://api.worldbank.org/v2/country/POL;WLD;USA;CHN;DEU;IND;KOR;JPN;GBR;FRA;BRA;EST/indicator/SP.URB.TOTL.IN.ZS?format=json&per_page=1000,2026-09-28T17:23:23.715Z,{}
SP.URB.TOTL.IN.ZS,SP.URB.TOTL.IN.ZS--bra,Brazylia,BRA,Urban population (% of total population),2025-12-31,2025,year,2025-01-01,88.1772996487898,% populacji,annual,observed,https://api.worldbank.org/v2/country/POL;WLD;USA;CHN;DEU;IND;KOR;JPN;GBR;FRA;BRA;EST/indicator/SP.URB.TOTL.IN.ZS?format=json&per_page=1000,2026-09-28T17:23:23.715Z,{}
SP.URB.TOTL.IN.ZS,SP.URB.TOTL.IN.ZS--chn,Chiny,CHN,Urban population (% of total population),2025-12-31,2025,year,2025-01-01,66.3429910348272,% populacji,annual,observed,https://api.worldbank.org/v2/country/POL;WLD;USA;CHN;DEU;IND;KOR;JPN;GBR;FRA;BRA;EST/indicator/SP.URB.TOTL.IN.ZS?format=json&per_page=1000,2026-09-28T17:23:23.715Z,{}
SP.URB.TOTL.IN.ZS,SP.URB.TOTL.IN.ZS--deu,Niemcy,DEU,Urban population (% of total population),2025-12-31,2025,year,2025-01-01,82.13822205362,% populacji,annual,observed,https://api.worldbank.org/v2/country/POL;WLD;USA;CHN;DEU;IND;KOR;JPN;GBR;FRA;BRA;EST/indicator/SP.URB.TOTL.IN.ZS?format=json&per_page=1000,2026-09-28T17:23:23.715Z,{}
SP.URB.TOTL.IN.ZS,SP.URB.TOTL.IN.ZS--est,Estonia,EST,Urban population (% of total population),2025-12-31,2025,year,2025-01-01,70.7208526598129,% populacji,annual,observed,https://api.worldbank.org/v2/country/POL;WLD;USA;CHN;DEU;IND;KOR;JPN;GBR;FRA;BRA;EST/indicator/SP.URB.TOTL.IN.ZS?format=json&per_page=1000,2026-09-28T17:23:23.715Z,{}
SP.URB.TOTL.IN.ZS,SP.URB.TOTL.IN.ZS--fra,Francja,FRA,Urban population (% of total population),2025-12-31,2025,year,2025-01-01,78.8449650563584,% populacji,annual,observed,https://api.worldbank.org/v2/country/POL;WLD;USA;CHN;DEU;IND;KOR;JPN;GBR;FRA;BRA;EST/indicator/SP.URB.TOTL.IN.ZS?format=json&per_page=1000,2026-09-28T17:23:23.715Z,{}
SP.URB.TOTL.IN.ZS,SP.URB.TOTL.IN.ZS--gbr,Wielka Brytania,GBR,Urban population (% of total population),2025-12-31,2025,year,2025-01-01,83.323608078271,% populacji,annual,observed,https://api.worldbank.org/v2/country/POL;WLD;USA;CHN;DEU;IND;KOR;JPN;GBR;FRA;BRA;EST/indicator/SP.URB.TOTL.IN.ZS?format=json&per_page=1000,2026-09-28T17:23:23.715Z,{}
SP.URB.TOTL.IN.ZS,SP.URB.TOTL.IN.ZS--ind,Indie,IND,Urban population (% of total population),2025-12-31,2025,year,2025-01-01,35.689155772396,% populacji,annual,observed,https://api.worldbank.org/v2/country/POL;WLD;USA;CHN;DEU;IND;KOR;JPN;GBR;FRA;BRA;EST/indicator/SP.URB.TOTL.IN.ZS?format=json&per_page=1000,2026-09-28T17:23:23.715Z,{}
SP.URB.TOTL.IN.ZS,SP.URB.TOTL.IN.ZS--jpn,Japonia,JPN,Urban population (% of total population),2025-12-31,2025,year,2025-01-01,92.3001449420786,% populacji,annual,observed,https://api.worldbank.org/v2/country/POL;WLD;USA;CHN;DEU;IND;KOR;JPN;GBR;FRA;BRA;EST/indicator/SP.URB.TOTL.IN.ZS?format=json&per_page=1000,2026-09-28T17:23:23.715Z,{}
SP.URB.TOTL.IN.ZS,SP.URB.TOTL.IN.ZS--kor,Korea Płd.,KOR,Urban population (% of total population),2025-12-31,2025,year,2025-01-01,81.1740263306674,% populacji,annual,observed,https://api.worldbank.org/v2/country/POL;WLD;USA;CHN;DEU;IND;KOR;JPN;GBR;FRA;BRA;EST/indicator/SP.URB.TOTL.IN.ZS?format=json&per_page=1000,2026-09-28T17:23:23.715Z,{}
SP.URB.TOTL.IN.ZS,SP.URB.TOTL.IN.ZS--pol,Polska,POL,Urban population (% of total population),2025-12-31,2025,year,2025-01-01,60.0853330309371,% populacji,annual,observed,https://api.worldbank.org/v2/country/POL;WLD;USA;CHN;DEU;IND;KOR;JPN;GBR;FRA;BRA;EST/indicator/SP.URB.TOTL.IN.ZS?format=json&per_page=1000,2026-09-28T17:23:23.715Z,{}
SP.URB.TOTL.IN.ZS,SP.URB.TOTL.IN.ZS--usa,USA,USA,Urban population (% of total population),2025-12-31,2025,year,2025-01-01,80.1921733027869,% populacji,annual,observed,https://api.worldbank.org/v2/country/POL;WLD;USA;CHN;DEU;IND;KOR;JPN;GBR;FRA;BRA;EST/indicator/SP.URB.TOTL.IN.ZS?format=json&per_page=1000,2026-09-28T17:23:23.715Z,{}
SP.URB.TOTL.IN.ZS,SP.URB.TOTL.IN.ZS--wld,Świat,WLD,Urban population (% of total population),2025-12-31,2025,year,2025-01-01,57.8251158115221,% populacji,annual,observed,https://api.worldbank.org/v2/country/POL;WLD;USA;CHN;DEU;IND;KOR;JPN;GBR;FRA;BRA;EST/indicator/SP.URB.TOTL.IN.ZS?format=json&per_page=1000,2026-09-28T17:23:23.715Z,{}
