KEY,FREQ,ADJUSTMENT,REF_AREA,COUNTERPART_AREA,REF_SECTOR,COUNTERPART_SECTOR,FLOW_STOCK_ENTRY,ACCOUNTING_ENTRY,INT_ACC_ITEM,FUNCTIONAL_CAT,INSTR_ASSET,MATURITY,UNIT_MEASURE,CURRENCY_DENOM,VALUATION,COMP_METHOD,TYPE_ENTITY,TIME_PERIOD,OBS_VALUE,OBS_STATUS,CONF_STATUS,PRE_BREAK_VALUE,COMMENT_OBS,TIME_FORMAT,COMMENT_TS,COMPILING_ORG,DATA_COMP,DECIMALS,DISS_ORG,REF_PERIOD_DETAIL,TIME_PER_COLLECT,TITLE,TITLE_COMPL,UNIT_MULT
RAS.M.N.PL.W1.S121.S1.LE.A.FA.R.F11._Z.XGO.XAU._Z.N.ALL,M,N,PL,W1,S121,S1,LE,A,FA,R,F11,_Z,XGO,XAU,_Z,N,ALL,2000-01,3.306,A,F,,,P1M,Monthly- Neither seasonally adjusted nor calendar adjusted data- Poland vis-a-vis Rest of the World-  sector: Central bank vis-a-vis Total economy- Closing balance sheet/Positions/Stocks- Assets (Net Acquisition of)- Financial account- Reserve Assets- Monetary gold- Not applicable- Gold fine troy ounces-Compilation methodology based on international standards,,,3,,,E,"Reserve assets, Monetary gold, volume",,6
RAS.M.N.PL.W1.S121.S1.LE.A.FA.R.F11._Z.XGO.XAU._Z.N.ALL,M,N,PL,W1,S121,S1,LE,A,FA,R,F11,_Z,XGO,XAU,_Z,N,ALL,2000-02,3.306,A,F,,,P1M,Monthly- Neither seasonally adjusted nor calendar adjusted data- Poland vis-a-vis Rest of the World-  sector: Central bank vis-a-vis Total economy- Closing balance sheet/Positions/Stocks- Assets (Net Acquisition of)- Financial account- Reserve Assets- Monetary gold- Not applicable- Gold fine troy ounces-Compilation methodology based on international standards,,,3,,,E,"Reserve assets, Monetary gold, volume",,6
RAS.M.N.PL.W1.S121.S1.LE.A.FA.R.F11._Z.XGO.XAU._Z.N.ALL,M,N,PL,W1,S121,S1,LE,A,FA,R,F11,_Z,XGO,XAU,_Z,N,ALL,2000-03,3.306,A,F,,,P1M,Monthly- Neither seasonally adjusted nor calendar adjusted data- Poland vis-a-vis Rest of the World-  sector: Central bank vis-a-vis Total economy- Closing balance sheet/Positions/Stocks- Assets (Net Acquisition of)- Financial account- Reserve Assets- Monetary gold- Not applicable- Gold fine troy ounces-Compilation methodology based on international standards,,,3,,,E,"Reserve assets, Monetary gold, volume",,6
RAS.M.N.PL.W1.S121.S1.LE.A.FA.R.F11._Z.XGO.XAU._Z.N.ALL,M,N,PL,W1,S121,S1,LE,A,FA,R,F11,_Z,XGO,XAU,_Z,N,ALL,2000-04,3.306,A,F,,,P1M,Monthly- Neither seasonally adjusted nor calendar adjusted data- Poland vis-a-vis Rest of the World-  sector: Central bank vis-a-vis Total economy- Closing balance sheet/Positions/Stocks- Assets (Net Acquisition of)- Financial account- Reserve Assets- Monetary gold- Not applicable- Gold fine troy ounces-Compilation methodology based on international standards,,,3,,,E,"Reserve assets, Monetary gold, volume",,6
RAS.M.N.PL.W1.S121.S1.LE.A.FA.R.F11._Z.XGO.XAU._Z.N.ALL,M,N,PL,W1,S121,S1,LE,A,FA,R,F11,_Z,XGO,XAU,_Z,N,ALL,2000-05,3.306,A,F,,,P1M,Monthly- Neither seasonally adjusted nor calendar adjusted data- Poland vis-a-vis Rest of the World-  sector: Central bank vis-a-vis Total economy- Closing balance sheet/Positions/Stocks- Assets (Net Acquisition of)- Financial account- Reserve Assets- Monetary gold- Not applicable- Gold fine troy ounces-Compilation methodology based on international standards,,,3,,,E,"Reserve assets, Monetary gold, volume",,6
RAS.M.N.PL.W1.S121.S1.LE.A.FA.R.F11._Z.XGO.XAU._Z.N.ALL,M,N,PL,W1,S121,S1,LE,A,FA,R,F11,_Z,XGO,XAU,_Z,N,ALL,2000-06,3.306,A,F,,,P1M,Monthly- Neither seasonally adjusted nor calendar adjusted data- Poland vis-a-vis Rest of the World-  sector: Central bank vis-a-vis Total economy- Closing balance sheet/Positions/Stocks- Assets (Net Acquisition of)- Financial account- Reserve Assets- Monetary gold- Not applicable- Gold fine troy ounces-Compilation methodology based on international standards,,,3,,,E,"Reserve assets, Monetary gold, volume",,6
RAS.M.N.PL.W1.S121.S1.LE.A.FA.R.F11._Z.XGO.XAU._Z.N.ALL,M,N,PL,W1,S121,S1,LE,A,FA,R,F11,_Z,XGO,XAU,_Z,N,ALL,2000-07,3.306,A,F,,,P1M,Monthly- Neither seasonally adjusted nor calendar adjusted data- Poland vis-a-vis Rest of the World-  sector: Central bank vis-a-vis Total economy- Closing balance sheet/Positions/Stocks- Assets (Net Acquisition of)- Financial account- Reserve Assets- Monetary gold- Not applicable- Gold fine troy ounces-Compilation methodology based on international standards,,,3,,,E,"Reserve assets, Monetary gold, volume",,6
RAS.M.N.PL.W1.S121.S1.LE.A.FA.R.F11._Z.XGO.XAU._Z.N.ALL,M,N,PL,W1,S121,S1,LE,A,FA,R,F11,_Z,XGO,XAU,_Z,N,ALL,2000-08,3.306,A,F,,,P1M,Monthly- Neither seasonally adjusted nor calendar adjusted data- Poland vis-a-vis Rest of the World-  sector: Central bank vis-a-vis Total economy- Closing balance sheet/Positions/Stocks- Assets (Net Acquisition of)- Financial account- Reserve Assets- Monetary gold- Not applicable- Gold fine troy ounces-Compilation methodology based on international standards,,,3,,,E,"Reserve assets, Monetary gold, volume",,6
RAS.M.N.PL.W1.S121.S1.LE.A.FA.R.F11._Z.XGO.XAU._Z.N.ALL,M,N,PL,W1,S121,S1,LE,A,FA,R,F11,_Z,XGO,XAU,_Z,N,ALL,2000-09,3.306,A,F,,,P1M,Monthly- Neither seasonally adjusted nor calendar adjusted data- Poland vis-a-vis Rest of the World-  sector: Central bank vis-a-vis Total economy- Closing balance sheet/Positions/Stocks- Assets (Net Acquisition of)- Financial account- Reserve Assets- Monetary gold- Not applicable- Gold fine troy ounces-Compilation methodology based on international standards,,,3,,,E,"Reserve assets, Monetary gold, volume",,6
RAS.M.N.PL.W1.S121.S1.LE.A.FA.R.F11._Z.XGO.XAU._Z.N.ALL,M,N,PL,W1,S121,S1,LE,A,FA,R,F11,_Z,XGO,XAU,_Z,N,ALL,2000-10,3.306,A,F,,,P1M,Monthly- Neither seasonally adjusted nor calendar adjusted data- Poland vis-a-vis Rest of the World-  sector: Central bank vis-a-vis Total economy- Closing balance sheet/Positions/Stocks- Assets (Net Acquisition of)- Financial account- Reserve Assets- Monetary gold- Not applicable- Gold fine troy ounces-Compilation methodology based on international standards,,,3,,,E,"Reserve assets, Monetary gold, volume",,6
RAS.M.N.PL.W1.S121.S1.LE.A.FA.R.F11._Z.XGO.XAU._Z.N.ALL,M,N,PL,W1,S121,S1,LE,A,FA,R,F11,_Z,XGO,XAU,_Z,N,ALL,2000-11,3.306,A,F,,,P1M,Monthly- Neither seasonally adjusted nor calendar adjusted data- Poland vis-a-vis Rest of the World-  sector: Central bank vis-a-vis Total economy- Closing balance sheet/Positions/Stocks- Assets (Net Acquisition of)- Financial account- Reserve Assets- Monetary gold- Not applicable- Gold fine troy ounces-Compilation methodology based on international standards,,,3,,,E,"Reserve assets, Monetary gold, volume",,6
RAS.M.N.PL.W1.S121.S1.LE.A.FA.R.F11._Z.XGO.XAU._Z.N.ALL,M,N,PL,W1,S121,S1,LE,A,FA,R,F11,_Z,XGO,XAU,_Z,N,ALL,2000-12,3.306,A,F,,,P1M,Monthly- Neither seasonally adjusted nor calendar adjusted data- Poland vis-a-vis Rest of the World-  sector: Central bank vis-a-vis Total economy- Closing balance sheet/Positions/Stocks- Assets (Net Acquisition of)- Financial account- Reserve Assets- Monetary gold- Not applicable- Gold fine troy ounces-Compilation methodology based on international standards,,,3,,,E,"Reserve assets, Monetary gold, volume",,6
RAS.M.N.PL.W1.S121.S1.LE.A.FA.R.F11._Z.XGO.XAU._Z.N.ALL,M,N,PL,W1,S121,S1,LE,A,FA,R,F11,_Z,XGO,XAU,_Z,N,ALL,2001-01,3.306,A,F,,,P1M,Monthly- Neither seasonally adjusted nor calendar adjusted data- Poland vis-a-vis Rest of the World-  sector: Central bank vis-a-vis Total economy- Closing balance sheet/Positions/Stocks- Assets (Net Acquisition of)- Financial account- Reserve Assets- Monetary gold- Not applicable- Gold fine troy ounces-Compilation methodology based on international standards,,,3,,,E,"Reserve assets, Monetary gold, volume",,6
RAS.M.N.PL.W1.S121.S1.LE.A.FA.R.F11._Z.XGO.XAU._Z.N.ALL,M,N,PL,W1,S121,S1,LE,A,FA,R,F11,_Z,XGO,XAU,_Z,N,ALL,2001-02,3.306,A,F,,,P1M,Monthly- Neither seasonally adjusted nor calendar adjusted data- Poland vis-a-vis Rest of the World-  sector: Central bank vis-a-vis Total economy- Closing balance sheet/Positions/Stocks- Assets (Net Acquisition of)- Financial account- Reserve Assets- Monetary gold- Not applicable- Gold fine troy ounces-Compilation methodology based on international standards,,,3,,,E,"Reserve assets, Monetary gold, volume",,6
RAS.M.N.PL.W1.S121.S1.LE.A.FA.R.F11._Z.XGO.XAU._Z.N.ALL,M,N,PL,W1,S121,S1,LE,A,FA,R,F11,_Z,XGO,XAU,_Z,N,ALL,2001-03,3.306,A,F,,,P1M,Monthly- Neither seasonally adjusted nor calendar adjusted data- Poland vis-a-vis Rest of the World-  sector: Central bank vis-a-vis Total economy- Closing balance sheet/Positions/Stocks- Assets (Net Acquisition of)- Financial account- Reserve Assets- Monetary gold- Not applicable- Gold fine troy ounces-Compilation methodology based on international standards,,,3,,,E,"Reserve assets, Monetary gold, volume",,6
RAS.M.N.PL.W1.S121.S1.LE.A.FA.R.F11._Z.XGO.XAU._Z.N.ALL,M,N,PL,W1,S121,S1,LE,A,FA,R,F11,_Z,XGO,XAU,_Z,N,ALL,2001-04,3.306,A,F,,,P1M,Monthly- Neither seasonally adjusted nor calendar adjusted data- Poland vis-a-vis Rest of the World-  sector: Central bank vis-a-vis Total economy- Closing balance sheet/Positions/Stocks- Assets (Net Acquisition of)- Financial account- Reserve Assets- Monetary gold- Not applicable- Gold fine troy ounces-Compilation methodology based on international standards,,,3,,,E,"Reserve assets, Monetary gold, volume",,6
RAS.M.N.PL.W1.S121.S1.LE.A.FA.R.F11._Z.XGO.XAU._Z.N.ALL,M,N,PL,W1,S121,S1,LE,A,FA,R,F11,_Z,XGO,XAU,_Z,N,ALL,2001-05,3.306,A,F,,,P1M,Monthly- Neither seasonally adjusted nor calendar adjusted data- Poland vis-a-vis Rest of the World-  sector: Central bank vis-a-vis Total economy- Closing balance sheet/Positions/Stocks- Assets (Net Acquisition of)- Financial account- Reserve Assets- Monetary gold- Not applicable- Gold fine troy ounces-Compilation methodology based on international standards,,,3,,,E,"Reserve assets, Monetary gold, volume",,6
RAS.M.N.PL.W1.S121.S1.LE.A.FA.R.F11._Z.XGO.XAU._Z.N.ALL,M,N,PL,W1,S121,S1,LE,A,FA,R,F11,_Z,XGO,XAU,_Z,N,ALL,2001-06,3.306,A,F,,,P1M,Monthly- Neither seasonally adjusted nor calendar adjusted data- Poland vis-a-vis Rest of the World-  sector: Central bank vis-a-vis Total economy- Closing balance sheet/Positions/Stocks- Assets (Net Acquisition of)- Financial account- Reserve Assets- Monetary gold- Not applicable- Gold fine troy ounces-Compilation methodology based on international standards,,,3,,,E,"Reserve assets, Monetary gold, volume",,6
RAS.M.N.PL.W1.S121.S1.LE.A.FA.R.F11._Z.XGO.XAU._Z.N.ALL,M,N,PL,W1,S121,S1,LE,A,FA,R,F11,_Z,XGO,XAU,_Z,N,ALL,2001-07,3.306,A,F,,,P1M,Monthly- Neither seasonally adjusted nor calendar adjusted data- Poland vis-a-vis Rest of the World-  sector: Central bank vis-a-vis Total economy- Closing balance sheet/Positions/Stocks- Assets (Net Acquisition of)- Financial account- Reserve Assets- Monetary gold- Not applicable- Gold fine troy ounces-Compilation methodology based on international standards,,,3,,,E,"Reserve assets, Monetary gold, volume",,6
RAS.M.N.PL.W1.S121.S1.LE.A.FA.R.F11._Z.XGO.XAU._Z.N.ALL,M,N,PL,W1,S121,S1,LE,A,FA,R,F11,_Z,XGO,XAU,_Z,N,ALL,2001-08,3.306,A,F,,,P1M,Monthly- Neither seasonally adjusted nor calendar adjusted data- Poland vis-a-vis Rest of the World-  sector: Central bank vis-a-vis Total economy- Closing balance sheet/Positions/Stocks- Assets (Net Acquisition of)- Financial account- Reserve Assets- Monetary gold- Not applicable- Gold fine troy ounces-Compilation methodology based on international standards,,,3,,,E,"Reserve assets, Monetary gold, volume",,6
RAS.M.N.PL.W1.S121.S1.LE.A.FA.R.F11._Z.XGO.XAU._Z.N.ALL,M,N,PL,W1,S121,S1,LE,A,FA,R,F11,_Z,XGO,XAU,_Z,N,ALL,2001-09,3.307,A,F,,,P1M,Monthly- Neither seasonally adjusted nor calendar adjusted data- Poland vis-a-vis Rest of the World-  sector: Central bank vis-a-vis Total economy- Closing balance sheet/Positions/Stocks- Assets (Net Acquisition of)- Financial account- Reserve Assets- Monetary gold- Not applicable- Gold fine troy ounces-Compilation methodology based on international standards,,,3,,,E,"Reserve assets, Monetary gold, volume",,6
RAS.M.N.PL.W1.S121.S1.LE.A.FA.R.F11._Z.XGO.XAU._Z.N.ALL,M,N,PL,W1,S121,S1,LE,A,FA,R,F11,_Z,XGO,XAU,_Z,N,ALL,2001-10,3.307,A,F,,,P1M,Monthly- Neither seasonally adjusted nor calendar adjusted data- Poland vis-a-vis Rest of the World-  sector: Central bank vis-a-vis Total economy- Closing balance sheet/Positions/Stocks- Assets (Net Acquisition of)- Financial account- Reserve Assets- Monetary gold- Not applicable- Gold fine troy ounces-Compilation methodology based on international standards,,,3,,,E,"Reserve assets, Monetary gold, volume",,6
RAS.M.N.PL.W1.S121.S1.LE.A.FA.R.F11._Z.XGO.XAU._Z.N.ALL,M,N,PL,W1,S121,S1,LE,A,FA,R,F11,_Z,XGO,XAU,_Z,N,ALL,2001-11,3.308,A,F,,,P1M,Monthly- Neither seasonally adjusted nor calendar adjusted data- Poland vis-a-vis Rest of the World-  sector: Central bank vis-a-vis Total economy- Closing balance sheet/Positions/Stocks- Assets (Net Acquisition of)- Financial account- Reserve Assets- Monetary gold- Not applicable- Gold fine troy ounces-Compilation methodology based on international standards,,,3,,,E,"Reserve assets, Monetary gold, volume",,6
RAS.M.N.PL.W1.S121.S1.LE.A.FA.R.F11._Z.XGO.XAU._Z.N.ALL,M,N,PL,W1,S121,S1,LE,A,FA,R,F11,_Z,XGO,XAU,_Z,N,ALL,2001-12,3.308,A,F,,,P1M,Monthly- Neither seasonally adjusted nor calendar adjusted data- Poland vis-a-vis Rest of the World-  sector: Central bank vis-a-vis Total economy- Closing balance sheet/Positions/Stocks- Assets (Net Acquisition of)- Financial account- Reserve Assets- Monetary gold- Not applicable- Gold fine troy ounces-Compilation methodology based on international standards,,,3,,,E,"Reserve assets, Monetary gold, volume",,6
RAS.M.N.PL.W1.S121.S1.LE.A.FA.R.F11._Z.XGO.XAU._Z.N.ALL,M,N,PL,W1,S121,S1,LE,A,FA,R,F11,_Z,XGO,XAU,_Z,N,ALL,2002-01,3.308,A,F,,,P1M,Monthly- Neither seasonally adjusted nor calendar adjusted data- Poland vis-a-vis Rest of the World-  sector: Central bank vis-a-vis Total economy- Closing balance sheet/Positions/Stocks- Assets (Net Acquisition of)- Financial account- Reserve Assets- Monetary gold- Not applicable- Gold fine troy ounces-Compilation methodology based on international standards,,,3,,,E,"Reserve assets, Monetary gold, volume",,6
RAS.M.N.PL.W1.S121.S1.LE.A.FA.R.F11._Z.XGO.XAU._Z.N.ALL,M,N,PL,W1,S121,S1,LE,A,FA,R,F11,_Z,XGO,XAU,_Z,N,ALL,2002-02,3.308,A,F,,,P1M,Monthly- Neither seasonally adjusted nor calendar adjusted data- Poland vis-a-vis Rest of the World-  sector: Central bank vis-a-vis Total economy- Closing balance sheet/Positions/Stocks- Assets (Net Acquisition of)- Financial account- Reserve Assets- Monetary gold- Not applicable- Gold fine troy ounces-Compilation methodology based on international standards,,,3,,,E,"Reserve assets, Monetary gold, volume",,6
RAS.M.N.PL.W1.S121.S1.LE.A.FA.R.F11._Z.XGO.XAU._Z.N.ALL,M,N,PL,W1,S121,S1,LE,A,FA,R,F11,_Z,XGO,XAU,_Z,N,ALL,2002-03,3.308,A,F,,,P1M,Monthly- Neither seasonally adjusted nor calendar adjusted data- Poland vis-a-vis Rest of the World-  sector: Central bank vis-a-vis Total economy- Closing balance sheet/Positions/Stocks- Assets (Net Acquisition of)- Financial account- Reserve Assets- Monetary gold- Not applicable- Gold fine troy ounces-Compilation methodology based on international standards,,,3,,,E,"Reserve assets, Monetary gold, volume",,6
RAS.M.N.PL.W1.S121.S1.LE.A.FA.R.F11._Z.XGO.XAU._Z.N.ALL,M,N,PL,W1,S121,S1,LE,A,FA,R,F11,_Z,XGO,XAU,_Z,N,ALL,2002-04,3.308,A,F,,,P1M,Monthly- Neither seasonally adjusted nor calendar adjusted data- Poland vis-a-vis Rest of the World-  sector: Central bank vis-a-vis Total economy- Closing balance sheet/Positions/Stocks- Assets (Net Acquisition of)- Financial account- Reserve Assets- Monetary gold- Not applicable- Gold fine troy ounces-Compilation methodology based on international standards,,,3,,,E,"Reserve assets, Monetary gold, volume",,6
RAS.M.N.PL.W1.S121.S1.LE.A.FA.R.F11._Z.XGO.XAU._Z.N.ALL,M,N,PL,W1,S121,S1,LE,A,FA,R,F11,_Z,XGO,XAU,_Z,N,ALL,2002-05,3.308,A,F,,,P1M,Monthly- Neither seasonally adjusted nor calendar adjusted data- Poland vis-a-vis Rest of the World-  sector: Central bank vis-a-vis Total economy- Closing balance sheet/Positions/Stocks- Assets (Net Acquisition of)- Financial account- Reserve Assets- Monetary gold- Not applicable- Gold fine troy ounces-Compilation methodology based on international standards,,,3,,,E,"Reserve assets, Monetary gold, volume",,6
RAS.M.N.PL.W1.S121.S1.LE.A.FA.R.F11._Z.XGO.XAU._Z.N.ALL,M,N,PL,W1,S121,S1,LE,A,FA,R,F11,_Z,XGO,XAU,_Z,N,ALL,2002-06,3.308,A,F,,,P1M,Monthly- Neither seasonally adjusted nor calendar adjusted data- Poland vis-a-vis Rest of the World-  sector: Central bank vis-a-vis Total economy- Closing balance sheet/Positions/Stocks- Assets (Net Acquisition of)- Financial account- Reserve Assets- Monetary gold- Not applicable- Gold fine troy ounces-Compilation methodology based on international standards,,,3,,,E,"Reserve assets, Monetary gold, volume",,6
RAS.M.N.PL.W1.S121.S1.LE.A.FA.R.F11._Z.XGO.XAU._Z.N.ALL,M,N,PL,W1,S121,S1,LE,A,FA,R,F11,_Z,XGO,XAU,_Z,N,ALL,2002-07,3.308,A,F,,,P1M,Monthly- Neither seasonally adjusted nor calendar adjusted data- Poland vis-a-vis Rest of the World-  sector: Central bank vis-a-vis Total economy- Closing balance sheet/Positions/Stocks- Assets (Net Acquisition of)- Financial account- Reserve Assets- Monetary gold- Not applicable- Gold fine troy ounces-Compilation methodology based on international standards,,,3,,,E,"Reserve assets, Monetary gold, volume",,6
RAS.M.N.PL.W1.S121.S1.LE.A.FA.R.F11._Z.XGO.XAU._Z.N.ALL,M,N,PL,W1,S121,S1,LE,A,FA,R,F11,_Z,XGO,XAU,_Z,N,ALL,2002-08,3.308,A,F,,,P1M,Monthly- Neither seasonally adjusted nor calendar adjusted data- Poland vis-a-vis Rest of the World-  sector: Central bank vis-a-vis Total economy- Closing balance sheet/Positions/Stocks- Assets (Net Acquisition of)- Financial account- Reserve Assets- Monetary gold- Not applicable- Gold fine troy ounces-Compilation methodology based on international standards,,,3,,,E,"Reserve assets, Monetary gold, volume",,6
RAS.M.N.PL.W1.S121.S1.LE.A.FA.R.F11._Z.XGO.XAU._Z.N.ALL,M,N,PL,W1,S121,S1,LE,A,FA,R,F11,_Z,XGO,XAU,_Z,N,ALL,2002-09,3.308,A,F,,,P1M,Monthly- Neither seasonally adjusted nor calendar adjusted data- Poland vis-a-vis Rest of the World-  sector: Central bank vis-a-vis Total economy- Closing balance sheet/Positions/Stocks- Assets (Net Acquisition of)- Financial account- Reserve Assets- Monetary gold- Not applicable- Gold fine troy ounces-Compilation methodology based on international standards,,,3,,,E,"Reserve assets, Monetary gold, volume",,6
RAS.M.N.PL.W1.S121.S1.LE.A.FA.R.F11._Z.XGO.XAU._Z.N.ALL,M,N,PL,W1,S121,S1,LE,A,FA,R,F11,_Z,XGO,XAU,_Z,N,ALL,2002-10,3.309,A,F,,,P1M,Monthly- Neither seasonally adjusted nor calendar adjusted data- Poland vis-a-vis Rest of the World-  sector: Central bank vis-a-vis Total economy- Closing balance sheet/Positions/Stocks- Assets (Net Acquisition of)- Financial account- Reserve Assets- Monetary gold- Not applicable- Gold fine troy ounces-Compilation methodology based on international standards,,,3,,,E,"Reserve assets, Monetary gold, volume",,6
RAS.M.N.PL.W1.S121.S1.LE.A.FA.R.F11._Z.XGO.XAU._Z.N.ALL,M,N,PL,W1,S121,S1,LE,A,FA,R,F11,_Z,XGO,XAU,_Z,N,ALL,2002-11,3.309,A,F,,,P1M,Monthly- Neither seasonally adjusted nor calendar adjusted data- Poland vis-a-vis Rest of the World-  sector: Central bank vis-a-vis Total economy- Closing balance sheet/Positions/Stocks- Assets (Net Acquisition of)- Financial account- Reserve Assets- Monetary gold- Not applicable- Gold fine troy ounces-Compilation methodology based on international standards,,,3,,,E,"Reserve assets, Monetary gold, volume",,6
RAS.M.N.PL.W1.S121.S1.LE.A.FA.R.F11._Z.XGO.XAU._Z.N.ALL,M,N,PL,W1,S121,S1,LE,A,FA,R,F11,_Z,XGO,XAU,_Z,N,ALL,2002-12,3.309,A,F,,,P1M,Monthly- Neither seasonally adjusted nor calendar adjusted data- Poland vis-a-vis Rest of the World-  sector: Central bank vis-a-vis Total economy- Closing balance sheet/Positions/Stocks- Assets (Net Acquisition of)- Financial account- Reserve Assets- Monetary gold- Not applicable- Gold fine troy ounces-Compilation methodology based on international standards,,,3,,,E,"Reserve assets, Monetary gold, volume",,6
RAS.M.N.PL.W1.S121.S1.LE.A.FA.R.F11._Z.XGO.XAU._Z.N.ALL,M,N,PL,W1,S121,S1,LE,A,FA,R,F11,_Z,XGO,XAU,_Z,N,ALL,2003-01,3.309,A,F,,,P1M,Monthly- Neither seasonally adjusted nor calendar adjusted data- Poland vis-a-vis Rest of the World-  sector: Central bank vis-a-vis Total economy- Closing balance sheet/Positions/Stocks- Assets (Net Acquisition of)- Financial account- Reserve Assets- Monetary gold- Not applicable- Gold fine troy ounces-Compilation methodology based on international standards,,,3,,,E,"Reserve assets, Monetary gold, volume",,6
RAS.M.N.PL.W1.S121.S1.LE.A.FA.R.F11._Z.XGO.XAU._Z.N.ALL,M,N,PL,W1,S121,S1,LE,A,FA,R,F11,_Z,XGO,XAU,_Z,N,ALL,2003-02,3.304,A,F,,,P1M,Monthly- Neither seasonally adjusted nor calendar adjusted data- Poland vis-a-vis Rest of the World-  sector: Central bank vis-a-vis Total economy- Closing balance sheet/Positions/Stocks- Assets (Net Acquisition of)- Financial account- Reserve Assets- Monetary gold- Not applicable- Gold fine troy ounces-Compilation methodology based on international standards,,,3,,,E,"Reserve assets, Monetary gold, volume",,6
RAS.M.N.PL.W1.S121.S1.LE.A.FA.R.F11._Z.XGO.XAU._Z.N.ALL,M,N,PL,W1,S121,S1,LE,A,FA,R,F11,_Z,XGO,XAU,_Z,N,ALL,2003-03,3.309,A,F,,,P1M,Monthly- Neither seasonally adjusted nor calendar adjusted data- Poland vis-a-vis Rest of the World-  sector: Central bank vis-a-vis Total economy- Closing balance sheet/Positions/Stocks- Assets (Net Acquisition of)- Financial account- Reserve Assets- Monetary gold- Not applicable- Gold fine troy ounces-Compilation methodology based on international standards,,,3,,,E,"Reserve assets, Monetary gold, volume",,6
RAS.M.N.PL.W1.S121.S1.LE.A.FA.R.F11._Z.XGO.XAU._Z.N.ALL,M,N,PL,W1,S121,S1,LE,A,FA,R,F11,_Z,XGO,XAU,_Z,N,ALL,2003-04,3.309,A,F,,,P1M,Monthly- Neither seasonally adjusted nor calendar adjusted data- Poland vis-a-vis Rest of the World-  sector: Central bank vis-a-vis Total economy- Closing balance sheet/Positions/Stocks- Assets (Net Acquisition of)- Financial account- Reserve Assets- Monetary gold- Not applicable- Gold fine troy ounces-Compilation methodology based on international standards,,,3,,,E,"Reserve assets, Monetary gold, volume",,6
RAS.M.N.PL.W1.S121.S1.LE.A.FA.R.F11._Z.XGO.XAU._Z.N.ALL,M,N,PL,W1,S121,S1,LE,A,FA,R,F11,_Z,XGO,XAU,_Z,N,ALL,2003-05,3.309,A,F,,,P1M,Monthly- Neither seasonally adjusted nor calendar adjusted data- Poland vis-a-vis Rest of the World-  sector: Central bank vis-a-vis Total economy- Closing balance sheet/Positions/Stocks- Assets (Net Acquisition of)- Financial account- Reserve Assets- Monetary gold- Not applicable- Gold fine troy ounces-Compilation methodology based on international standards,,,3,,,E,"Reserve assets, Monetary gold, volume",,6
RAS.M.N.PL.W1.S121.S1.LE.A.FA.R.F11._Z.XGO.XAU._Z.N.ALL,M,N,PL,W1,S121,S1,LE,A,FA,R,F11,_Z,XGO,XAU,_Z,N,ALL,2003-06,3.308,A,F,,,P1M,Monthly- Neither seasonally adjusted nor calendar adjusted data- Poland vis-a-vis Rest of the World-  sector: Central bank vis-a-vis Total economy- Closing balance sheet/Positions/Stocks- Assets (Net Acquisition of)- Financial account- Reserve Assets- Monetary gold- Not applicable- Gold fine troy ounces-Compilation methodology based on international standards,,,3,,,E,"Reserve assets, Monetary gold, volume",,6
RAS.M.N.PL.W1.S121.S1.LE.A.FA.R.F11._Z.XGO.XAU._Z.N.ALL,M,N,PL,W1,S121,S1,LE,A,FA,R,F11,_Z,XGO,XAU,_Z,N,ALL,2003-07,3.308,A,F,,,P1M,Monthly- Neither seasonally adjusted nor calendar adjusted data- Poland vis-a-vis Rest of the World-  sector: Central bank vis-a-vis Total economy- Closing balance sheet/Positions/Stocks- Assets (Net Acquisition of)- Financial account- Reserve Assets- Monetary gold- Not applicable- Gold fine troy ounces-Compilation methodology based on international standards,,,3,,,E,"Reserve assets, Monetary gold, volume",,6
RAS.M.N.PL.W1.S121.S1.LE.A.FA.R.F11._Z.XGO.XAU._Z.N.ALL,M,N,PL,W1,S121,S1,LE,A,FA,R,F11,_Z,XGO,XAU,_Z,N,ALL,2003-08,3.308,A,F,,,P1M,Monthly- Neither seasonally adjusted nor calendar adjusted data- Poland vis-a-vis Rest of the World-  sector: Central bank vis-a-vis Total economy- Closing balance sheet/Positions/Stocks- Assets (Net Acquisition of)- Financial account- Reserve Assets- Monetary gold- Not applicable- Gold fine troy ounces-Compilation methodology based on international standards,,,3,,,E,"Reserve assets, Monetary gold, volume",,6
RAS.M.N.PL.W1.S121.S1.LE.A.FA.R.F11._Z.XGO.XAU._Z.N.ALL,M,N,PL,W1,S121,S1,LE,A,FA,R,F11,_Z,XGO,XAU,_Z,N,ALL,2003-09,3.308,A,F,,,P1M,Monthly- Neither seasonally adjusted nor calendar adjusted data- Poland vis-a-vis Rest of the World-  sector: Central bank vis-a-vis Total economy- Closing balance sheet/Positions/Stocks- Assets (Net Acquisition of)- Financial account- Reserve Assets- Monetary gold- Not applicable- Gold fine troy ounces-Compilation methodology based on international standards,,,3,,,E,"Reserve assets, Monetary gold, volume",,6
RAS.M.N.PL.W1.S121.S1.LE.A.FA.R.F11._Z.XGO.XAU._Z.N.ALL,M,N,PL,W1,S121,S1,LE,A,FA,R,F11,_Z,XGO,XAU,_Z,N,ALL,2003-10,3.309,A,F,,,P1M,Monthly- Neither seasonally adjusted nor calendar adjusted data- Poland vis-a-vis Rest of the World-  sector: Central bank vis-a-vis Total economy- Closing balance sheet/Positions/Stocks- Assets (Net Acquisition of)- Financial account- Reserve Assets- Monetary gold- Not applicable- Gold fine troy ounces-Compilation methodology based on international standards,,,3,,,E,"Reserve assets, Monetary gold, volume",,6
RAS.M.N.PL.W1.S121.S1.LE.A.FA.R.F11._Z.XGO.XAU._Z.N.ALL,M,N,PL,W1,S121,S1,LE,A,FA,R,F11,_Z,XGO,XAU,_Z,N,ALL,2003-11,3.307,A,F,,,P1M,Monthly- Neither seasonally adjusted nor calendar adjusted data- Poland vis-a-vis Rest of the World-  sector: Central bank vis-a-vis Total economy- Closing balance sheet/Positions/Stocks- Assets (Net Acquisition of)- Financial account- Reserve Assets- Monetary gold- Not applicable- Gold fine troy ounces-Compilation methodology based on international standards,,,3,,,E,"Reserve assets, Monetary gold, volume",,6
RAS.M.N.PL.W1.S121.S1.LE.A.FA.R.F11._Z.XGO.XAU._Z.N.ALL,M,N,PL,W1,S121,S1,LE,A,FA,R,F11,_Z,XGO,XAU,_Z,N,ALL,2003-12,3.308,A,F,,,P1M,Monthly- Neither seasonally adjusted nor calendar adjusted data- Poland vis-a-vis Rest of the World-  sector: Central bank vis-a-vis Total economy- Closing balance sheet/Positions/Stocks- Assets (Net Acquisition of)- Financial account- Reserve Assets- Monetary gold- Not applicable- Gold fine troy ounces-Compilation methodology based on international standards,,,3,,,E,"Reserve assets, Monetary gold, volume",,6
RAS.M.N.PL.W1.S121.S1.LE.A.FA.R.F11._Z.XGO.XAU._Z.N.ALL,M,N,PL,W1,S121,S1,LE,A,FA,R,F11,_Z,XGO,XAU,_Z,N,ALL,2004-01,3.308,A,F,,,P1M,Monthly- Neither seasonally adjusted nor calendar adjusted data- Poland vis-a-vis Rest of the World-  sector: Central bank vis-a-vis Total economy- Closing balance sheet/Positions/Stocks- Assets (Net Acquisition of)- Financial account- Reserve Assets- Monetary gold- Not applicable- Gold fine troy ounces-Compilation methodology based on international standards,,,3,,,E,"Reserve assets, Monetary gold, volume",,6
RAS.M.N.PL.W1.S121.S1.LE.A.FA.R.F11._Z.XGO.XAU._Z.N.ALL,M,N,PL,W1,S121,S1,LE,A,FA,R,F11,_Z,XGO,XAU,_Z,N,ALL,2004-02,3.308,A,F,,,P1M,Monthly- Neither seasonally adjusted nor calendar adjusted data- Poland vis-a-vis Rest of the World-  sector: Central bank vis-a-vis Total economy- Closing balance sheet/Positions/Stocks- Assets (Net Acquisition of)- Financial account- Reserve Assets- Monetary gold- Not applicable- Gold fine troy ounces-Compilation methodology based on international standards,,,3,,,E,"Reserve assets, Monetary gold, volume",,6
RAS.M.N.PL.W1.S121.S1.LE.A.FA.R.F11._Z.XGO.XAU._Z.N.ALL,M,N,PL,W1,S121,S1,LE,A,FA,R,F11,_Z,XGO,XAU,_Z,N,ALL,2004-03,3.308,A,F,,,P1M,Monthly- Neither seasonally adjusted nor calendar adjusted data- Poland vis-a-vis Rest of the World-  sector: Central bank vis-a-vis Total economy- Closing balance sheet/Positions/Stocks- Assets (Net Acquisition of)- Financial account- Reserve Assets- Monetary gold- Not applicable- Gold fine troy ounces-Compilation methodology based on international standards,,,3,,,E,"Reserve assets, Monetary gold, volume",,6
RAS.M.N.PL.W1.S121.S1.LE.A.FA.R.F11._Z.XGO.XAU._Z.N.ALL,M,N,PL,W1,S121,S1,LE,A,FA,R,F11,_Z,XGO,XAU,_Z,N,ALL,2004-04,3.308,A,F,,,P1M,Monthly- Neither seasonally adjusted nor calendar adjusted data- Poland vis-a-vis Rest of the World-  sector: Central bank vis-a-vis Total economy- Closing balance sheet/Positions/Stocks- Assets (Net Acquisition of)- Financial account- Reserve Assets- Monetary gold- Not applicable- Gold fine troy ounces-Compilation methodology based on international standards,,,3,,,E,"Reserve assets, Monetary gold, volume",,6
RAS.M.N.PL.W1.S121.S1.LE.A.FA.R.F11._Z.XGO.XAU._Z.N.ALL,M,N,PL,W1,S121,S1,LE,A,FA,R,F11,_Z,XGO,XAU,_Z,N,ALL,2004-05,3.308,A,F,,,P1M,Monthly- Neither seasonally adjusted nor calendar adjusted data- Poland vis-a-vis Rest of the World-  sector: Central bank vis-a-vis Total economy- Closing balance sheet/Positions/Stocks- Assets (Net Acquisition of)- Financial account- Reserve Assets- Monetary gold- Not applicable- Gold fine troy ounces-Compilation methodology based on international standards,,,3,,,E,"Reserve assets, Monetary gold, volume",,6
RAS.M.N.PL.W1.S121.S1.LE.A.FA.R.F11._Z.XGO.XAU._Z.N.ALL,M,N,PL,W1,S121,S1,LE,A,FA,R,F11,_Z,XGO,XAU,_Z,N,ALL,2004-06,3.308,A,F,,,P1M,Monthly- Neither seasonally adjusted nor calendar adjusted data- Poland vis-a-vis Rest of the World-  sector: Central bank vis-a-vis Total economy- Closing balance sheet/Positions/Stocks- Assets (Net Acquisition of)- Financial account- Reserve Assets- Monetary gold- Not applicable- Gold fine troy ounces-Compilation methodology based on international standards,,,3,,,E,"Reserve assets, Monetary gold, volume",,6
RAS.M.N.PL.W1.S121.S1.LE.A.FA.R.F11._Z.XGO.XAU._Z.N.ALL,M,N,PL,W1,S121,S1,LE,A,FA,R,F11,_Z,XGO,XAU,_Z,N,ALL,2004-07,3.308,A,F,,,P1M,Monthly- Neither seasonally adjusted nor calendar adjusted data- Poland vis-a-vis Rest of the World-  sector: Central bank vis-a-vis Total economy- Closing balance sheet/Positions/Stocks- Assets (Net Acquisition of)- Financial account- Reserve Assets- Monetary gold- Not applicable- Gold fine troy ounces-Compilation methodology based on international standards,,,3,,,E,"Reserve assets, Monetary gold, volume",,6
RAS.M.N.PL.W1.S121.S1.LE.A.FA.R.F11._Z.XGO.XAU._Z.N.ALL,M,N,PL,W1,S121,S1,LE,A,FA,R,F11,_Z,XGO,XAU,_Z,N,ALL,2004-08,3.308,A,F,,,P1M,Monthly- Neither seasonally adjusted nor calendar adjusted data- Poland vis-a-vis Rest of the World-  sector: Central bank vis-a-vis Total economy- Closing balance sheet/Positions/Stocks- Assets (Net Acquisition of)- Financial account- Reserve Assets- Monetary gold- Not applicable- Gold fine troy ounces-Compilation methodology based on international standards,,,3,,,E,"Reserve assets, Monetary gold, volume",,6
RAS.M.N.PL.W1.S121.S1.LE.A.FA.R.F11._Z.XGO.XAU._Z.N.ALL,M,N,PL,W1,S121,S1,LE,A,FA,R,F11,_Z,XGO,XAU,_Z,N,ALL,2004-09,3.308,A,F,,,P1M,Monthly- Neither seasonally adjusted nor calendar adjusted data- Poland vis-a-vis Rest of the World-  sector: Central bank vis-a-vis Total economy- Closing balance sheet/Positions/Stocks- Assets (Net Acquisition of)- Financial account- Reserve Assets- Monetary gold- Not applicable- Gold fine troy ounces-Compilation methodology based on international standards,,,3,,,E,"Reserve assets, Monetary gold, volume",,6
RAS.M.N.PL.W1.S121.S1.LE.A.FA.R.F11._Z.XGO.XAU._Z.N.ALL,M,N,PL,W1,S121,S1,LE,A,FA,R,F11,_Z,XGO,XAU,_Z,N,ALL,2004-10,3.308,A,F,,,P1M,Monthly- Neither seasonally adjusted nor calendar adjusted data- Poland vis-a-vis Rest of the World-  sector: Central bank vis-a-vis Total economy- Closing balance sheet/Positions/Stocks- Assets (Net Acquisition of)- Financial account- Reserve Assets- Monetary gold- Not applicable- Gold fine troy ounces-Compilation methodology based on international standards,,,3,,,E,"Reserve assets, Monetary gold, volume",,6
RAS.M.N.PL.W1.S121.S1.LE.A.FA.R.F11._Z.XGO.XAU._Z.N.ALL,M,N,PL,W1,S121,S1,LE,A,FA,R,F11,_Z,XGO,XAU,_Z,N,ALL,2004-11,3.308,A,F,,,P1M,Monthly- Neither seasonally adjusted nor calendar adjusted data- Poland vis-a-vis Rest of the World-  sector: Central bank vis-a-vis Total economy- Closing balance sheet/Positions/Stocks- Assets (Net Acquisition of)- Financial account- Reserve Assets- Monetary gold- Not applicable- Gold fine troy ounces-Compilation methodology based on international standards,,,3,,,E,"Reserve assets, Monetary gold, volume",,6
RAS.M.N.PL.W1.S121.S1.LE.A.FA.R.F11._Z.XGO.XAU._Z.N.ALL,M,N,PL,W1,S121,S1,LE,A,FA,R,F11,_Z,XGO,XAU,_Z,N,ALL,2004-12,3.308,A,F,,,P1M,Monthly- Neither seasonally adjusted nor calendar adjusted data- Poland vis-a-vis Rest of the World-  sector: Central bank vis-a-vis Total economy- Closing balance sheet/Positions/Stocks- Assets (Net Acquisition of)- Financial account- Reserve Assets- Monetary gold- Not applicable- Gold fine troy ounces-Compilation methodology based on international standards,,,3,,,E,"Reserve assets, Monetary gold, volume",,6
RAS.M.N.PL.W1.S121.S1.LE.A.FA.R.F11._Z.XGO.XAU._Z.N.ALL,M,N,PL,W1,S121,S1,LE,A,FA,R,F11,_Z,XGO,XAU,_Z,N,ALL,2005-01,3.308,A,F,,,P1M,Monthly- Neither seasonally adjusted nor calendar adjusted data- Poland vis-a-vis Rest of the World-  sector: Central bank vis-a-vis Total economy- Closing balance sheet/Positions/Stocks- Assets (Net Acquisition of)- Financial account- Reserve Assets- Monetary gold- Not applicable- Gold fine troy ounces-Compilation methodology based on international standards,,,3,,,E,"Reserve assets, Monetary gold, volume",,6
RAS.M.N.PL.W1.S121.S1.LE.A.FA.R.F11._Z.XGO.XAU._Z.N.ALL,M,N,PL,W1,S121,S1,LE,A,FA,R,F11,_Z,XGO,XAU,_Z,N,ALL,2005-02,3.308,A,F,,,P1M,Monthly- Neither seasonally adjusted nor calendar adjusted data- Poland vis-a-vis Rest of the World-  sector: Central bank vis-a-vis Total economy- Closing balance sheet/Positions/Stocks- Assets (Net Acquisition of)- Financial account- Reserve Assets- Monetary gold- Not applicable- Gold fine troy ounces-Compilation methodology based on international standards,,,3,,,E,"Reserve assets, Monetary gold, volume",,6
RAS.M.N.PL.W1.S121.S1.LE.A.FA.R.F11._Z.XGO.XAU._Z.N.ALL,M,N,PL,W1,S121,S1,LE,A,FA,R,F11,_Z,XGO,XAU,_Z,N,ALL,2005-03,3.308,A,F,,,P1M,Monthly- Neither seasonally adjusted nor calendar adjusted data- Poland vis-a-vis Rest of the World-  sector: Central bank vis-a-vis Total economy- Closing balance sheet/Positions/Stocks- Assets (Net Acquisition of)- Financial account- Reserve Assets- Monetary gold- Not applicable- Gold fine troy ounces-Compilation methodology based on international standards,,,3,,,E,"Reserve assets, Monetary gold, volume",,6
RAS.M.N.PL.W1.S121.S1.LE.A.FA.R.F11._Z.XGO.XAU._Z.N.ALL,M,N,PL,W1,S121,S1,LE,A,FA,R,F11,_Z,XGO,XAU,_Z,N,ALL,2005-04,3.308,A,F,,,P1M,Monthly- Neither seasonally adjusted nor calendar adjusted data- Poland vis-a-vis Rest of the World-  sector: Central bank vis-a-vis Total economy- Closing balance sheet/Positions/Stocks- Assets (Net Acquisition of)- Financial account- Reserve Assets- Monetary gold- Not applicable- Gold fine troy ounces-Compilation methodology based on international standards,,,3,,,E,"Reserve assets, Monetary gold, volume",,6
RAS.M.N.PL.W1.S121.S1.LE.A.FA.R.F11._Z.XGO.XAU._Z.N.ALL,M,N,PL,W1,S121,S1,LE,A,FA,R,F11,_Z,XGO,XAU,_Z,N,ALL,2005-05,3.308,A,F,,,P1M,Monthly- Neither seasonally adjusted nor calendar adjusted data- Poland vis-a-vis Rest of the World-  sector: Central bank vis-a-vis Total economy- Closing balance sheet/Positions/Stocks- Assets (Net Acquisition of)- Financial account- Reserve Assets- Monetary gold- Not applicable- Gold fine troy ounces-Compilation methodology based on international standards,,,3,,,E,"Reserve assets, Monetary gold, volume",,6
RAS.M.N.PL.W1.S121.S1.LE.A.FA.R.F11._Z.XGO.XAU._Z.N.ALL,M,N,PL,W1,S121,S1,LE,A,FA,R,F11,_Z,XGO,XAU,_Z,N,ALL,2005-06,3.308,A,F,,,P1M,Monthly- Neither seasonally adjusted nor calendar adjusted data- Poland vis-a-vis Rest of the World-  sector: Central bank vis-a-vis Total economy- Closing balance sheet/Positions/Stocks- Assets (Net Acquisition of)- Financial account- Reserve Assets- Monetary gold- Not applicable- Gold fine troy ounces-Compilation methodology based on international standards,,,3,,,E,"Reserve assets, Monetary gold, volume",,6
RAS.M.N.PL.W1.S121.S1.LE.A.FA.R.F11._Z.XGO.XAU._Z.N.ALL,M,N,PL,W1,S121,S1,LE,A,FA,R,F11,_Z,XGO,XAU,_Z,N,ALL,2005-07,3.308,A,F,,,P1M,Monthly- Neither seasonally adjusted nor calendar adjusted data- Poland vis-a-vis Rest of the World-  sector: Central bank vis-a-vis Total economy- Closing balance sheet/Positions/Stocks- Assets (Net Acquisition of)- Financial account- Reserve Assets- Monetary gold- Not applicable- Gold fine troy ounces-Compilation methodology based on international standards,,,3,,,E,"Reserve assets, Monetary gold, volume",,6
RAS.M.N.PL.W1.S121.S1.LE.A.FA.R.F11._Z.XGO.XAU._Z.N.ALL,M,N,PL,W1,S121,S1,LE,A,FA,R,F11,_Z,XGO,XAU,_Z,N,ALL,2005-08,3.308,A,F,,,P1M,Monthly- Neither seasonally adjusted nor calendar adjusted data- Poland vis-a-vis Rest of the World-  sector: Central bank vis-a-vis Total economy- Closing balance sheet/Positions/Stocks- Assets (Net Acquisition of)- Financial account- Reserve Assets- Monetary gold- Not applicable- Gold fine troy ounces-Compilation methodology based on international standards,,,3,,,E,"Reserve assets, Monetary gold, volume",,6
RAS.M.N.PL.W1.S121.S1.LE.A.FA.R.F11._Z.XGO.XAU._Z.N.ALL,M,N,PL,W1,S121,S1,LE,A,FA,R,F11,_Z,XGO,XAU,_Z,N,ALL,2005-09,3.308,A,F,,,P1M,Monthly- Neither seasonally adjusted nor calendar adjusted data- Poland vis-a-vis Rest of the World-  sector: Central bank vis-a-vis Total economy- Closing balance sheet/Positions/Stocks- Assets (Net Acquisition of)- Financial account- Reserve Assets- Monetary gold- Not applicable- Gold fine troy ounces-Compilation methodology based on international standards,,,3,,,E,"Reserve assets, Monetary gold, volume",,6
RAS.M.N.PL.W1.S121.S1.LE.A.FA.R.F11._Z.XGO.XAU._Z.N.ALL,M,N,PL,W1,S121,S1,LE,A,FA,R,F11,_Z,XGO,XAU,_Z,N,ALL,2005-10,3.308,A,F,,,P1M,Monthly- Neither seasonally adjusted nor calendar adjusted data- Poland vis-a-vis Rest of the World-  sector: Central bank vis-a-vis Total economy- Closing balance sheet/Positions/Stocks- Assets (Net Acquisition of)- Financial account- Reserve Assets- Monetary gold- Not applicable- Gold fine troy ounces-Compilation methodology based on international standards,,,3,,,E,"Reserve assets, Monetary gold, volume",,6
RAS.M.N.PL.W1.S121.S1.LE.A.FA.R.F11._Z.XGO.XAU._Z.N.ALL,M,N,PL,W1,S121,S1,LE,A,FA,R,F11,_Z,XGO,XAU,_Z,N,ALL,2005-11,3.308,A,F,,,P1M,Monthly- Neither seasonally adjusted nor calendar adjusted data- Poland vis-a-vis Rest of the World-  sector: Central bank vis-a-vis Total economy- Closing balance sheet/Positions/Stocks- Assets (Net Acquisition of)- Financial account- Reserve Assets- Monetary gold- Not applicable- Gold fine troy ounces-Compilation methodology based on international standards,,,3,,,E,"Reserve assets, Monetary gold, volume",,6
RAS.M.N.PL.W1.S121.S1.LE.A.FA.R.F11._Z.XGO.XAU._Z.N.ALL,M,N,PL,W1,S121,S1,LE,A,FA,R,F11,_Z,XGO,XAU,_Z,N,ALL,2005-12,3.308,A,F,,,P1M,Monthly- Neither seasonally adjusted nor calendar adjusted data- Poland vis-a-vis Rest of the World-  sector: Central bank vis-a-vis Total economy- Closing balance sheet/Positions/Stocks- Assets (Net Acquisition of)- Financial account- Reserve Assets- Monetary gold- Not applicable- Gold fine troy ounces-Compilation methodology based on international standards,,,3,,,E,"Reserve assets, Monetary gold, volume",,6
RAS.M.N.PL.W1.S121.S1.LE.A.FA.R.F11._Z.XGO.XAU._Z.N.ALL,M,N,PL,W1,S121,S1,LE,A,FA,R,F11,_Z,XGO,XAU,_Z,N,ALL,2006-01,3.308,A,F,,,P1M,Monthly- Neither seasonally adjusted nor calendar adjusted data- Poland vis-a-vis Rest of the World-  sector: Central bank vis-a-vis Total economy- Closing balance sheet/Positions/Stocks- Assets (Net Acquisition of)- Financial account- Reserve Assets- Monetary gold- Not applicable- Gold fine troy ounces-Compilation methodology based on international standards,,,3,,,E,"Reserve assets, Monetary gold, volume",,6
RAS.M.N.PL.W1.S121.S1.LE.A.FA.R.F11._Z.XGO.XAU._Z.N.ALL,M,N,PL,W1,S121,S1,LE,A,FA,R,F11,_Z,XGO,XAU,_Z,N,ALL,2006-02,3.308,A,F,,,P1M,Monthly- Neither seasonally adjusted nor calendar adjusted data- Poland vis-a-vis Rest of the World-  sector: Central bank vis-a-vis Total economy- Closing balance sheet/Positions/Stocks- Assets (Net Acquisition of)- Financial account- Reserve Assets- Monetary gold- Not applicable- Gold fine troy ounces-Compilation methodology based on international standards,,,3,,,E,"Reserve assets, Monetary gold, volume",,6
RAS.M.N.PL.W1.S121.S1.LE.A.FA.R.F11._Z.XGO.XAU._Z.N.ALL,M,N,PL,W1,S121,S1,LE,A,FA,R,F11,_Z,XGO,XAU,_Z,N,ALL,2006-03,3.308,A,F,,,P1M,Monthly- Neither seasonally adjusted nor calendar adjusted data- Poland vis-a-vis Rest of the World-  sector: Central bank vis-a-vis Total economy- Closing balance sheet/Positions/Stocks- Assets (Net Acquisition of)- Financial account- Reserve Assets- Monetary gold- Not applicable- Gold fine troy ounces-Compilation methodology based on international standards,,,3,,,E,"Reserve assets, Monetary gold, volume",,6
RAS.M.N.PL.W1.S121.S1.LE.A.FA.R.F11._Z.XGO.XAU._Z.N.ALL,M,N,PL,W1,S121,S1,LE,A,FA,R,F11,_Z,XGO,XAU,_Z,N,ALL,2006-04,3.308,A,F,,,P1M,Monthly- Neither seasonally adjusted nor calendar adjusted data- Poland vis-a-vis Rest of the World-  sector: Central bank vis-a-vis Total economy- Closing balance sheet/Positions/Stocks- Assets (Net Acquisition of)- Financial account- Reserve Assets- Monetary gold- Not applicable- Gold fine troy ounces-Compilation methodology based on international standards,,,3,,,E,"Reserve assets, Monetary gold, volume",,6
RAS.M.N.PL.W1.S121.S1.LE.A.FA.R.F11._Z.XGO.XAU._Z.N.ALL,M,N,PL,W1,S121,S1,LE,A,FA,R,F11,_Z,XGO,XAU,_Z,N,ALL,2006-05,3.308,A,F,,,P1M,Monthly- Neither seasonally adjusted nor calendar adjusted data- Poland vis-a-vis Rest of the World-  sector: Central bank vis-a-vis Total economy- Closing balance sheet/Positions/Stocks- Assets (Net Acquisition of)- Financial account- Reserve Assets- Monetary gold- Not applicable- Gold fine troy ounces-Compilation methodology based on international standards,,,3,,,E,"Reserve assets, Monetary gold, volume",,6
RAS.M.N.PL.W1.S121.S1.LE.A.FA.R.F11._Z.XGO.XAU._Z.N.ALL,M,N,PL,W1,S121,S1,LE,A,FA,R,F11,_Z,XGO,XAU,_Z,N,ALL,2006-06,3.308,A,F,,,P1M,Monthly- Neither seasonally adjusted nor calendar adjusted data- Poland vis-a-vis Rest of the World-  sector: Central bank vis-a-vis Total economy- Closing balance sheet/Positions/Stocks- Assets (Net Acquisition of)- Financial account- Reserve Assets- Monetary gold- Not applicable- Gold fine troy ounces-Compilation methodology based on international standards,,,3,,,E,"Reserve assets, Monetary gold, volume",,6
RAS.M.N.PL.W1.S121.S1.LE.A.FA.R.F11._Z.XGO.XAU._Z.N.ALL,M,N,PL,W1,S121,S1,LE,A,FA,R,F11,_Z,XGO,XAU,_Z,N,ALL,2006-07,3.308,A,F,,,P1M,Monthly- Neither seasonally adjusted nor calendar adjusted data- Poland vis-a-vis Rest of the World-  sector: Central bank vis-a-vis Total economy- Closing balance sheet/Positions/Stocks- Assets (Net Acquisition of)- Financial account- Reserve Assets- Monetary gold- Not applicable- Gold fine troy ounces-Compilation methodology based on international standards,,,3,,,E,"Reserve assets, Monetary gold, volume",,6
RAS.M.N.PL.W1.S121.S1.LE.A.FA.R.F11._Z.XGO.XAU._Z.N.ALL,M,N,PL,W1,S121,S1,LE,A,FA,R,F11,_Z,XGO,XAU,_Z,N,ALL,2006-08,3.308,A,F,,,P1M,Monthly- Neither seasonally adjusted nor calendar adjusted data- Poland vis-a-vis Rest of the World-  sector: Central bank vis-a-vis Total economy- Closing balance sheet/Positions/Stocks- Assets (Net Acquisition of)- Financial account- Reserve Assets- Monetary gold- Not applicable- Gold fine troy ounces-Compilation methodology based on international standards,,,3,,,E,"Reserve assets, Monetary gold, volume",,6
RAS.M.N.PL.W1.S121.S1.LE.A.FA.R.F11._Z.XGO.XAU._Z.N.ALL,M,N,PL,W1,S121,S1,LE,A,FA,R,F11,_Z,XGO,XAU,_Z,N,ALL,2006-09,3.308,A,F,,,P1M,Monthly- Neither seasonally adjusted nor calendar adjusted data- Poland vis-a-vis Rest of the World-  sector: Central bank vis-a-vis Total economy- Closing balance sheet/Positions/Stocks- Assets (Net Acquisition of)- Financial account- Reserve Assets- Monetary gold- Not applicable- Gold fine troy ounces-Compilation methodology based on international standards,,,3,,,E,"Reserve assets, Monetary gold, volume",,6
RAS.M.N.PL.W1.S121.S1.LE.A.FA.R.F11._Z.XGO.XAU._Z.N.ALL,M,N,PL,W1,S121,S1,LE,A,FA,R,F11,_Z,XGO,XAU,_Z,N,ALL,2006-10,3.308,A,F,,,P1M,Monthly- Neither seasonally adjusted nor calendar adjusted data- Poland vis-a-vis Rest of the World-  sector: Central bank vis-a-vis Total economy- Closing balance sheet/Positions/Stocks- Assets (Net Acquisition of)- Financial account- Reserve Assets- Monetary gold- Not applicable- Gold fine troy ounces-Compilation methodology based on international standards,,,3,,,E,"Reserve assets, Monetary gold, volume",,6
RAS.M.N.PL.W1.S121.S1.LE.A.FA.R.F11._Z.XGO.XAU._Z.N.ALL,M,N,PL,W1,S121,S1,LE,A,FA,R,F11,_Z,XGO,XAU,_Z,N,ALL,2006-11,3.308,A,F,,,P1M,Monthly- Neither seasonally adjusted nor calendar adjusted data- Poland vis-a-vis Rest of the World-  sector: Central bank vis-a-vis Total economy- Closing balance sheet/Positions/Stocks- Assets (Net Acquisition of)- Financial account- Reserve Assets- Monetary gold- Not applicable- Gold fine troy ounces-Compilation methodology based on international standards,,,3,,,E,"Reserve assets, Monetary gold, volume",,6
RAS.M.N.PL.W1.S121.S1.LE.A.FA.R.F11._Z.XGO.XAU._Z.N.ALL,M,N,PL,W1,S121,S1,LE,A,FA,R,F11,_Z,XGO,XAU,_Z,N,ALL,2006-12,3.308,A,F,,,P1M,Monthly- Neither seasonally adjusted nor calendar adjusted data- Poland vis-a-vis Rest of the World-  sector: Central bank vis-a-vis Total economy- Closing balance sheet/Positions/Stocks- Assets (Net Acquisition of)- Financial account- Reserve Assets- Monetary gold- Not applicable- Gold fine troy ounces-Compilation methodology based on international standards,,,3,,,E,"Reserve assets, Monetary gold, volume",,6
RAS.M.N.PL.W1.S121.S1.LE.A.FA.R.F11._Z.XGO.XAU._Z.N.ALL,M,N,PL,W1,S121,S1,LE,A,FA,R,F11,_Z,XGO,XAU,_Z,N,ALL,2007-01,3.308,A,F,,,P1M,Monthly- Neither seasonally adjusted nor calendar adjusted data- Poland vis-a-vis Rest of the World-  sector: Central bank vis-a-vis Total economy- Closing balance sheet/Positions/Stocks- Assets (Net Acquisition of)- Financial account- Reserve Assets- Monetary gold- Not applicable- Gold fine troy ounces-Compilation methodology based on international standards,,,3,,,E,"Reserve assets, Monetary gold, volume",,6
RAS.M.N.PL.W1.S121.S1.LE.A.FA.R.F11._Z.XGO.XAU._Z.N.ALL,M,N,PL,W1,S121,S1,LE,A,FA,R,F11,_Z,XGO,XAU,_Z,N,ALL,2007-02,3.308,A,F,,,P1M,Monthly- Neither seasonally adjusted nor calendar adjusted data- Poland vis-a-vis Rest of the World-  sector: Central bank vis-a-vis Total economy- Closing balance sheet/Positions/Stocks- Assets (Net Acquisition of)- Financial account- Reserve Assets- Monetary gold- Not applicable- Gold fine troy ounces-Compilation methodology based on international standards,,,3,,,E,"Reserve assets, Monetary gold, volume",,6
RAS.M.N.PL.W1.S121.S1.LE.A.FA.R.F11._Z.XGO.XAU._Z.N.ALL,M,N,PL,W1,S121,S1,LE,A,FA,R,F11,_Z,XGO,XAU,_Z,N,ALL,2007-03,3.308,A,F,,,P1M,Monthly- Neither seasonally adjusted nor calendar adjusted data- Poland vis-a-vis Rest of the World-  sector: Central bank vis-a-vis Total economy- Closing balance sheet/Positions/Stocks- Assets (Net Acquisition of)- Financial account- Reserve Assets- Monetary gold- Not applicable- Gold fine troy ounces-Compilation methodology based on international standards,,,3,,,E,"Reserve assets, Monetary gold, volume",,6
RAS.M.N.PL.W1.S121.S1.LE.A.FA.R.F11._Z.XGO.XAU._Z.N.ALL,M,N,PL,W1,S121,S1,LE,A,FA,R,F11,_Z,XGO,XAU,_Z,N,ALL,2007-04,3.308,A,F,,,P1M,Monthly- Neither seasonally adjusted nor calendar adjusted data- Poland vis-a-vis Rest of the World-  sector: Central bank vis-a-vis Total economy- Closing balance sheet/Positions/Stocks- Assets (Net Acquisition of)- Financial account- Reserve Assets- Monetary gold- Not applicable- Gold fine troy ounces-Compilation methodology based on international standards,,,3,,,E,"Reserve assets, Monetary gold, volume",,6
RAS.M.N.PL.W1.S121.S1.LE.A.FA.R.F11._Z.XGO.XAU._Z.N.ALL,M,N,PL,W1,S121,S1,LE,A,FA,R,F11,_Z,XGO,XAU,_Z,N,ALL,2007-05,3.308,A,F,,,P1M,Monthly- Neither seasonally adjusted nor calendar adjusted data- Poland vis-a-vis Rest of the World-  sector: Central bank vis-a-vis Total economy- Closing balance sheet/Positions/Stocks- Assets (Net Acquisition of)- Financial account- Reserve Assets- Monetary gold- Not applicable- Gold fine troy ounces-Compilation methodology based on international standards,,,3,,,E,"Reserve assets, Monetary gold, volume",,6
RAS.M.N.PL.W1.S121.S1.LE.A.FA.R.F11._Z.XGO.XAU._Z.N.ALL,M,N,PL,W1,S121,S1,LE,A,FA,R,F11,_Z,XGO,XAU,_Z,N,ALL,2007-06,3.308,A,F,,,P1M,Monthly- Neither seasonally adjusted nor calendar adjusted data- Poland vis-a-vis Rest of the World-  sector: Central bank vis-a-vis Total economy- Closing balance sheet/Positions/Stocks- Assets (Net Acquisition of)- Financial account- Reserve Assets- Monetary gold- Not applicable- Gold fine troy ounces-Compilation methodology based on international standards,,,3,,,E,"Reserve assets, Monetary gold, volume",,6
RAS.M.N.PL.W1.S121.S1.LE.A.FA.R.F11._Z.XGO.XAU._Z.N.ALL,M,N,PL,W1,S121,S1,LE,A,FA,R,F11,_Z,XGO,XAU,_Z,N,ALL,2007-07,3.308,A,F,,,P1M,Monthly- Neither seasonally adjusted nor calendar adjusted data- Poland vis-a-vis Rest of the World-  sector: Central bank vis-a-vis Total economy- Closing balance sheet/Positions/Stocks- Assets (Net Acquisition of)- Financial account- Reserve Assets- Monetary gold- Not applicable- Gold fine troy ounces-Compilation methodology based on international standards,,,3,,,E,"Reserve assets, Monetary gold, volume",,6
RAS.M.N.PL.W1.S121.S1.LE.A.FA.R.F11._Z.XGO.XAU._Z.N.ALL,M,N,PL,W1,S121,S1,LE,A,FA,R,F11,_Z,XGO,XAU,_Z,N,ALL,2007-08,3.308,A,F,,,P1M,Monthly- Neither seasonally adjusted nor calendar adjusted data- Poland vis-a-vis Rest of the World-  sector: Central bank vis-a-vis Total economy- Closing balance sheet/Positions/Stocks- Assets (Net Acquisition of)- Financial account- Reserve Assets- Monetary gold- Not applicable- Gold fine troy ounces-Compilation methodology based on international standards,,,3,,,E,"Reserve assets, Monetary gold, volume",,6
RAS.M.N.PL.W1.S121.S1.LE.A.FA.R.F11._Z.XGO.XAU._Z.N.ALL,M,N,PL,W1,S121,S1,LE,A,FA,R,F11,_Z,XGO,XAU,_Z,N,ALL,2007-09,3.308,A,F,,,P1M,Monthly- Neither seasonally adjusted nor calendar adjusted data- Poland vis-a-vis Rest of the World-  sector: Central bank vis-a-vis Total economy- Closing balance sheet/Positions/Stocks- Assets (Net Acquisition of)- Financial account- Reserve Assets- Monetary gold- Not applicable- Gold fine troy ounces-Compilation methodology based on international standards,,,3,,,E,"Reserve assets, Monetary gold, volume",,6
RAS.M.N.PL.W1.S121.S1.LE.A.FA.R.F11._Z.XGO.XAU._Z.N.ALL,M,N,PL,W1,S121,S1,LE,A,FA,R,F11,_Z,XGO,XAU,_Z,N,ALL,2007-10,3.308,A,F,,,P1M,Monthly- Neither seasonally adjusted nor calendar adjusted data- Poland vis-a-vis Rest of the World-  sector: Central bank vis-a-vis Total economy- Closing balance sheet/Positions/Stocks- Assets (Net Acquisition of)- Financial account- Reserve Assets- Monetary gold- Not applicable- Gold fine troy ounces-Compilation methodology based on international standards,,,3,,,E,"Reserve assets, Monetary gold, volume",,6
RAS.M.N.PL.W1.S121.S1.LE.A.FA.R.F11._Z.XGO.XAU._Z.N.ALL,M,N,PL,W1,S121,S1,LE,A,FA,R,F11,_Z,XGO,XAU,_Z,N,ALL,2007-11,3.308,A,F,,,P1M,Monthly- Neither seasonally adjusted nor calendar adjusted data- Poland vis-a-vis Rest of the World-  sector: Central bank vis-a-vis Total economy- Closing balance sheet/Positions/Stocks- Assets (Net Acquisition of)- Financial account- Reserve Assets- Monetary gold- Not applicable- Gold fine troy ounces-Compilation methodology based on international standards,,,3,,,E,"Reserve assets, Monetary gold, volume",,6
RAS.M.N.PL.W1.S121.S1.LE.A.FA.R.F11._Z.XGO.XAU._Z.N.ALL,M,N,PL,W1,S121,S1,LE,A,FA,R,F11,_Z,XGO,XAU,_Z,N,ALL,2007-12,3.308,A,F,,,P1M,Monthly- Neither seasonally adjusted nor calendar adjusted data- Poland vis-a-vis Rest of the World-  sector: Central bank vis-a-vis Total economy- Closing balance sheet/Positions/Stocks- Assets (Net Acquisition of)- Financial account- Reserve Assets- Monetary gold- Not applicable- Gold fine troy ounces-Compilation methodology based on international standards,,,3,,,E,"Reserve assets, Monetary gold, volume",,6
RAS.M.N.PL.W1.S121.S1.LE.A.FA.R.F11._Z.XGO.XAU._Z.N.ALL,M,N,PL,W1,S121,S1,LE,A,FA,R,F11,_Z,XGO,XAU,_Z,N,ALL,2008-01,3.308,A,F,,,P1M,Monthly- Neither seasonally adjusted nor calendar adjusted data- Poland vis-a-vis Rest of the World-  sector: Central bank vis-a-vis Total economy- Closing balance sheet/Positions/Stocks- Assets (Net Acquisition of)- Financial account- Reserve Assets- Monetary gold- Not applicable- Gold fine troy ounces-Compilation methodology based on international standards,,,3,,,E,"Reserve assets, Monetary gold, volume",,6
RAS.M.N.PL.W1.S121.S1.LE.A.FA.R.F11._Z.XGO.XAU._Z.N.ALL,M,N,PL,W1,S121,S1,LE,A,FA,R,F11,_Z,XGO,XAU,_Z,N,ALL,2008-02,3.308,A,F,,,P1M,Monthly- Neither seasonally adjusted nor calendar adjusted data- Poland vis-a-vis Rest of the World-  sector: Central bank vis-a-vis Total economy- Closing balance sheet/Positions/Stocks- Assets (Net Acquisition of)- Financial account- Reserve Assets- Monetary gold- Not applicable- Gold fine troy ounces-Compilation methodology based on international standards,,,3,,,E,"Reserve assets, Monetary gold, volume",,6
RAS.M.N.PL.W1.S121.S1.LE.A.FA.R.F11._Z.XGO.XAU._Z.N.ALL,M,N,PL,W1,S121,S1,LE,A,FA,R,F11,_Z,XGO,XAU,_Z,N,ALL,2008-03,3.308,A,F,,,P1M,Monthly- Neither seasonally adjusted nor calendar adjusted data- Poland vis-a-vis Rest of the World-  sector: Central bank vis-a-vis Total economy- Closing balance sheet/Positions/Stocks- Assets (Net Acquisition of)- Financial account- Reserve Assets- Monetary gold- Not applicable- Gold fine troy ounces-Compilation methodology based on international standards,,,3,,,E,"Reserve assets, Monetary gold, volume",,6
RAS.M.N.PL.W1.S121.S1.LE.A.FA.R.F11._Z.XGO.XAU._Z.N.ALL,M,N,PL,W1,S121,S1,LE,A,FA,R,F11,_Z,XGO,XAU,_Z,N,ALL,2008-04,3.308,A,F,,,P1M,Monthly- Neither seasonally adjusted nor calendar adjusted data- Poland vis-a-vis Rest of the World-  sector: Central bank vis-a-vis Total economy- Closing balance sheet/Positions/Stocks- Assets (Net Acquisition of)- Financial account- Reserve Assets- Monetary gold- Not applicable- Gold fine troy ounces-Compilation methodology based on international standards,,,3,,,E,"Reserve assets, Monetary gold, volume",,6
RAS.M.N.PL.W1.S121.S1.LE.A.FA.R.F11._Z.XGO.XAU._Z.N.ALL,M,N,PL,W1,S121,S1,LE,A,FA,R,F11,_Z,XGO,XAU,_Z,N,ALL,2008-05,3.308,A,F,,,P1M,Monthly- Neither seasonally adjusted nor calendar adjusted data- Poland vis-a-vis Rest of the World-  sector: Central bank vis-a-vis Total economy- Closing balance sheet/Positions/Stocks- Assets (Net Acquisition of)- Financial account- Reserve Assets- Monetary gold- Not applicable- Gold fine troy ounces-Compilation methodology based on international standards,,,3,,,E,"Reserve assets, Monetary gold, volume",,6
RAS.M.N.PL.W1.S121.S1.LE.A.FA.R.F11._Z.XGO.XAU._Z.N.ALL,M,N,PL,W1,S121,S1,LE,A,FA,R,F11,_Z,XGO,XAU,_Z,N,ALL,2008-06,3.308,A,F,,,P1M,Monthly- Neither seasonally adjusted nor calendar adjusted data- Poland vis-a-vis Rest of the World-  sector: Central bank vis-a-vis Total economy- Closing balance sheet/Positions/Stocks- Assets (Net Acquisition of)- Financial account- Reserve Assets- Monetary gold- Not applicable- Gold fine troy ounces-Compilation methodology based on international standards,,,3,,,E,"Reserve assets, Monetary gold, volume",,6
RAS.M.N.PL.W1.S121.S1.LE.A.FA.R.F11._Z.XGO.XAU._Z.N.ALL,M,N,PL,W1,S121,S1,LE,A,FA,R,F11,_Z,XGO,XAU,_Z,N,ALL,2008-07,3.309,A,F,,,P1M,Monthly- Neither seasonally adjusted nor calendar adjusted data- Poland vis-a-vis Rest of the World-  sector: Central bank vis-a-vis Total economy- Closing balance sheet/Positions/Stocks- Assets (Net Acquisition of)- Financial account- Reserve Assets- Monetary gold- Not applicable- Gold fine troy ounces-Compilation methodology based on international standards,,,3,,,E,"Reserve assets, Monetary gold, volume",,6
RAS.M.N.PL.W1.S121.S1.LE.A.FA.R.F11._Z.XGO.XAU._Z.N.ALL,M,N,PL,W1,S121,S1,LE,A,FA,R,F11,_Z,XGO,XAU,_Z,N,ALL,2008-08,3.309,A,F,,,P1M,Monthly- Neither seasonally adjusted nor calendar adjusted data- Poland vis-a-vis Rest of the World-  sector: Central bank vis-a-vis Total economy- Closing balance sheet/Positions/Stocks- Assets (Net Acquisition of)- Financial account- Reserve Assets- Monetary gold- Not applicable- Gold fine troy ounces-Compilation methodology based on international standards,,,3,,,E,"Reserve assets, Monetary gold, volume",,6
RAS.M.N.PL.W1.S121.S1.LE.A.FA.R.F11._Z.XGO.XAU._Z.N.ALL,M,N,PL,W1,S121,S1,LE,A,FA,R,F11,_Z,XGO,XAU,_Z,N,ALL,2008-09,3.309,A,F,,,P1M,Monthly- Neither seasonally adjusted nor calendar adjusted data- Poland vis-a-vis Rest of the World-  sector: Central bank vis-a-vis Total economy- Closing balance sheet/Positions/Stocks- Assets (Net Acquisition of)- Financial account- Reserve Assets- Monetary gold- Not applicable- Gold fine troy ounces-Compilation methodology based on international standards,,,3,,,E,"Reserve assets, Monetary gold, volume",,6
RAS.M.N.PL.W1.S121.S1.LE.A.FA.R.F11._Z.XGO.XAU._Z.N.ALL,M,N,PL,W1,S121,S1,LE,A,FA,R,F11,_Z,XGO,XAU,_Z,N,ALL,2008-10,3.309,A,F,,,P1M,Monthly- Neither seasonally adjusted nor calendar adjusted data- Poland vis-a-vis Rest of the World-  sector: Central bank vis-a-vis Total economy- Closing balance sheet/Positions/Stocks- Assets (Net Acquisition of)- Financial account- Reserve Assets- Monetary gold- Not applicable- Gold fine troy ounces-Compilation methodology based on international standards,,,3,,,E,"Reserve assets, Monetary gold, volume",,6
RAS.M.N.PL.W1.S121.S1.LE.A.FA.R.F11._Z.XGO.XAU._Z.N.ALL,M,N,PL,W1,S121,S1,LE,A,FA,R,F11,_Z,XGO,XAU,_Z,N,ALL,2008-11,3.309,A,F,,,P1M,Monthly- Neither seasonally adjusted nor calendar adjusted data- Poland vis-a-vis Rest of the World-  sector: Central bank vis-a-vis Total economy- Closing balance sheet/Positions/Stocks- Assets (Net Acquisition of)- Financial account- Reserve Assets- Monetary gold- Not applicable- Gold fine troy ounces-Compilation methodology based on international standards,,,3,,,E,"Reserve assets, Monetary gold, volume",,6
RAS.M.N.PL.W1.S121.S1.LE.A.FA.R.F11._Z.XGO.XAU._Z.N.ALL,M,N,PL,W1,S121,S1,LE,A,FA,R,F11,_Z,XGO,XAU,_Z,N,ALL,2008-12,3.309,A,F,,,P1M,Monthly- Neither seasonally adjusted nor calendar adjusted data- Poland vis-a-vis Rest of the World-  sector: Central bank vis-a-vis Total economy- Closing balance sheet/Positions/Stocks- Assets (Net Acquisition of)- Financial account- Reserve Assets- Monetary gold- Not applicable- Gold fine troy ounces-Compilation methodology based on international standards,,,3,,,E,"Reserve assets, Monetary gold, volume",,6
RAS.M.N.PL.W1.S121.S1.LE.A.FA.R.F11._Z.XGO.XAU._Z.N.ALL,M,N,PL,W1,S121,S1,LE,A,FA,R,F11,_Z,XGO,XAU,_Z,N,ALL,2009-01,3.309,A,F,,,P1M,Monthly- Neither seasonally adjusted nor calendar adjusted data- Poland vis-a-vis Rest of the World-  sector: Central bank vis-a-vis Total economy- Closing balance sheet/Positions/Stocks- Assets (Net Acquisition of)- Financial account- Reserve Assets- Monetary gold- Not applicable- Gold fine troy ounces-Compilation methodology based on international standards,,,3,,,E,"Reserve assets, Monetary gold, volume",,6
RAS.M.N.PL.W1.S121.S1.LE.A.FA.R.F11._Z.XGO.XAU._Z.N.ALL,M,N,PL,W1,S121,S1,LE,A,FA,R,F11,_Z,XGO,XAU,_Z,N,ALL,2009-02,3.309,A,F,,,P1M,Monthly- Neither seasonally adjusted nor calendar adjusted data- Poland vis-a-vis Rest of the World-  sector: Central bank vis-a-vis Total economy- Closing balance sheet/Positions/Stocks- Assets (Net Acquisition of)- Financial account- Reserve Assets- Monetary gold- Not applicable- Gold fine troy ounces-Compilation methodology based on international standards,,,3,,,E,"Reserve assets, Monetary gold, volume",,6
RAS.M.N.PL.W1.S121.S1.LE.A.FA.R.F11._Z.XGO.XAU._Z.N.ALL,M,N,PL,W1,S121,S1,LE,A,FA,R,F11,_Z,XGO,XAU,_Z,N,ALL,2009-03,3.309,A,F,,,P1M,Monthly- Neither seasonally adjusted nor calendar adjusted data- Poland vis-a-vis Rest of the World-  sector: Central bank vis-a-vis Total economy- Closing balance sheet/Positions/Stocks- Assets (Net Acquisition of)- Financial account- Reserve Assets- Monetary gold- Not applicable- Gold fine troy ounces-Compilation methodology based on international standards,,,3,,,E,"Reserve assets, Monetary gold, volume",,6
RAS.M.N.PL.W1.S121.S1.LE.A.FA.R.F11._Z.XGO.XAU._Z.N.ALL,M,N,PL,W1,S121,S1,LE,A,FA,R,F11,_Z,XGO,XAU,_Z,N,ALL,2009-04,3.309,A,F,,,P1M,Monthly- Neither seasonally adjusted nor calendar adjusted data- Poland vis-a-vis Rest of the World-  sector: Central bank vis-a-vis Total economy- Closing balance sheet/Positions/Stocks- Assets (Net Acquisition of)- Financial account- Reserve Assets- Monetary gold- Not applicable- Gold fine troy ounces-Compilation methodology based on international standards,,,3,,,E,"Reserve assets, Monetary gold, volume",,6
RAS.M.N.PL.W1.S121.S1.LE.A.FA.R.F11._Z.XGO.XAU._Z.N.ALL,M,N,PL,W1,S121,S1,LE,A,FA,R,F11,_Z,XGO,XAU,_Z,N,ALL,2009-05,3.309,A,F,,,P1M,Monthly- Neither seasonally adjusted nor calendar adjusted data- Poland vis-a-vis Rest of the World-  sector: Central bank vis-a-vis Total economy- Closing balance sheet/Positions/Stocks- Assets (Net Acquisition of)- Financial account- Reserve Assets- Monetary gold- Not applicable- Gold fine troy ounces-Compilation methodology based on international standards,,,3,,,E,"Reserve assets, Monetary gold, volume",,6
RAS.M.N.PL.W1.S121.S1.LE.A.FA.R.F11._Z.XGO.XAU._Z.N.ALL,M,N,PL,W1,S121,S1,LE,A,FA,R,F11,_Z,XGO,XAU,_Z,N,ALL,2009-06,3.309,A,F,,,P1M,Monthly- Neither seasonally adjusted nor calendar adjusted data- Poland vis-a-vis Rest of the World-  sector: Central bank vis-a-vis Total economy- Closing balance sheet/Positions/Stocks- Assets (Net Acquisition of)- Financial account- Reserve Assets- Monetary gold- Not applicable- Gold fine troy ounces-Compilation methodology based on international standards,,,3,,,E,"Reserve assets, Monetary gold, volume",,6
RAS.M.N.PL.W1.S121.S1.LE.A.FA.R.F11._Z.XGO.XAU._Z.N.ALL,M,N,PL,W1,S121,S1,LE,A,FA,R,F11,_Z,XGO,XAU,_Z,N,ALL,2009-07,3.309,A,F,,,P1M,Monthly- Neither seasonally adjusted nor calendar adjusted data- Poland vis-a-vis Rest of the World-  sector: Central bank vis-a-vis Total economy- Closing balance sheet/Positions/Stocks- Assets (Net Acquisition of)- Financial account- Reserve Assets- Monetary gold- Not applicable- Gold fine troy ounces-Compilation methodology based on international standards,,,3,,,E,"Reserve assets, Monetary gold, volume",,6
RAS.M.N.PL.W1.S121.S1.LE.A.FA.R.F11._Z.XGO.XAU._Z.N.ALL,M,N,PL,W1,S121,S1,LE,A,FA,R,F11,_Z,XGO,XAU,_Z,N,ALL,2009-08,3.309,A,F,,,P1M,Monthly- Neither seasonally adjusted nor calendar adjusted data- Poland vis-a-vis Rest of the World-  sector: Central bank vis-a-vis Total economy- Closing balance sheet/Positions/Stocks- Assets (Net Acquisition of)- Financial account- Reserve Assets- Monetary gold- Not applicable- Gold fine troy ounces-Compilation methodology based on international standards,,,3,,,E,"Reserve assets, Monetary gold, volume",,6
RAS.M.N.PL.W1.S121.S1.LE.A.FA.R.F11._Z.XGO.XAU._Z.N.ALL,M,N,PL,W1,S121,S1,LE,A,FA,R,F11,_Z,XGO,XAU,_Z,N,ALL,2009-09,3.309,A,F,,,P1M,Monthly- Neither seasonally adjusted nor calendar adjusted data- Poland vis-a-vis Rest of the World-  sector: Central bank vis-a-vis Total economy- Closing balance sheet/Positions/Stocks- Assets (Net Acquisition of)- Financial account- Reserve Assets- Monetary gold- Not applicable- Gold fine troy ounces-Compilation methodology based on international standards,,,3,,,E,"Reserve assets, Monetary gold, volume",,6
RAS.M.N.PL.W1.S121.S1.LE.A.FA.R.F11._Z.XGO.XAU._Z.N.ALL,M,N,PL,W1,S121,S1,LE,A,FA,R,F11,_Z,XGO,XAU,_Z,N,ALL,2009-10,3.309,A,F,,,P1M,Monthly- Neither seasonally adjusted nor calendar adjusted data- Poland vis-a-vis Rest of the World-  sector: Central bank vis-a-vis Total economy- Closing balance sheet/Positions/Stocks- Assets (Net Acquisition of)- Financial account- Reserve Assets- Monetary gold- Not applicable- Gold fine troy ounces-Compilation methodology based on international standards,,,3,,,E,"Reserve assets, Monetary gold, volume",,6
RAS.M.N.PL.W1.S121.S1.LE.A.FA.R.F11._Z.XGO.XAU._Z.N.ALL,M,N,PL,W1,S121,S1,LE,A,FA,R,F11,_Z,XGO,XAU,_Z,N,ALL,2009-11,3.309,A,F,,,P1M,Monthly- Neither seasonally adjusted nor calendar adjusted data- Poland vis-a-vis Rest of the World-  sector: Central bank vis-a-vis Total economy- Closing balance sheet/Positions/Stocks- Assets (Net Acquisition of)- Financial account- Reserve Assets- Monetary gold- Not applicable- Gold fine troy ounces-Compilation methodology based on international standards,,,3,,,E,"Reserve assets, Monetary gold, volume",,6
RAS.M.N.PL.W1.S121.S1.LE.A.FA.R.F11._Z.XGO.XAU._Z.N.ALL,M,N,PL,W1,S121,S1,LE,A,FA,R,F11,_Z,XGO,XAU,_Z,N,ALL,2009-12,3.309,A,F,,,P1M,Monthly- Neither seasonally adjusted nor calendar adjusted data- Poland vis-a-vis Rest of the World-  sector: Central bank vis-a-vis Total economy- Closing balance sheet/Positions/Stocks- Assets (Net Acquisition of)- Financial account- Reserve Assets- Monetary gold- Not applicable- Gold fine troy ounces-Compilation methodology based on international standards,,,3,,,E,"Reserve assets, Monetary gold, volume",,6
RAS.M.N.PL.W1.S121.S1.LE.A.FA.R.F11._Z.XGO.XAU._Z.N.ALL,M,N,PL,W1,S121,S1,LE,A,FA,R,F11,_Z,XGO,XAU,_Z,N,ALL,2010-01,3.309,A,F,,,P1M,Monthly- Neither seasonally adjusted nor calendar adjusted data- Poland vis-a-vis Rest of the World-  sector: Central bank vis-a-vis Total economy- Closing balance sheet/Positions/Stocks- Assets (Net Acquisition of)- Financial account- Reserve Assets- Monetary gold- Not applicable- Gold fine troy ounces-Compilation methodology based on international standards,,,3,,,E,"Reserve assets, Monetary gold, volume",,6
RAS.M.N.PL.W1.S121.S1.LE.A.FA.R.F11._Z.XGO.XAU._Z.N.ALL,M,N,PL,W1,S121,S1,LE,A,FA,R,F11,_Z,XGO,XAU,_Z,N,ALL,2010-02,3.309,A,F,,,P1M,Monthly- Neither seasonally adjusted nor calendar adjusted data- Poland vis-a-vis Rest of the World-  sector: Central bank vis-a-vis Total economy- Closing balance sheet/Positions/Stocks- Assets (Net Acquisition of)- Financial account- Reserve Assets- Monetary gold- Not applicable- Gold fine troy ounces-Compilation methodology based on international standards,,,3,,,E,"Reserve assets, Monetary gold, volume",,6
RAS.M.N.PL.W1.S121.S1.LE.A.FA.R.F11._Z.XGO.XAU._Z.N.ALL,M,N,PL,W1,S121,S1,LE,A,FA,R,F11,_Z,XGO,XAU,_Z,N,ALL,2010-03,3.309,A,F,,,P1M,Monthly- Neither seasonally adjusted nor calendar adjusted data- Poland vis-a-vis Rest of the World-  sector: Central bank vis-a-vis Total economy- Closing balance sheet/Positions/Stocks- Assets (Net Acquisition of)- Financial account- Reserve Assets- Monetary gold- Not applicable- Gold fine troy ounces-Compilation methodology based on international standards,,,3,,,E,"Reserve assets, Monetary gold, volume",,6
RAS.M.N.PL.W1.S121.S1.LE.A.FA.R.F11._Z.XGO.XAU._Z.N.ALL,M,N,PL,W1,S121,S1,LE,A,FA,R,F11,_Z,XGO,XAU,_Z,N,ALL,2010-04,3.309,A,F,,,P1M,Monthly- Neither seasonally adjusted nor calendar adjusted data- Poland vis-a-vis Rest of the World-  sector: Central bank vis-a-vis Total economy- Closing balance sheet/Positions/Stocks- Assets (Net Acquisition of)- Financial account- Reserve Assets- Monetary gold- Not applicable- Gold fine troy ounces-Compilation methodology based on international standards,,,3,,,E,"Reserve assets, Monetary gold, volume",,6
RAS.M.N.PL.W1.S121.S1.LE.A.FA.R.F11._Z.XGO.XAU._Z.N.ALL,M,N,PL,W1,S121,S1,LE,A,FA,R,F11,_Z,XGO,XAU,_Z,N,ALL,2010-05,3.309,A,F,,,P1M,Monthly- Neither seasonally adjusted nor calendar adjusted data- Poland vis-a-vis Rest of the World-  sector: Central bank vis-a-vis Total economy- Closing balance sheet/Positions/Stocks- Assets (Net Acquisition of)- Financial account- Reserve Assets- Monetary gold- Not applicable- Gold fine troy ounces-Compilation methodology based on international standards,,,3,,,E,"Reserve assets, Monetary gold, volume",,6
RAS.M.N.PL.W1.S121.S1.LE.A.FA.R.F11._Z.XGO.XAU._Z.N.ALL,M,N,PL,W1,S121,S1,LE,A,FA,R,F11,_Z,XGO,XAU,_Z,N,ALL,2010-06,3.309,A,F,,,P1M,Monthly- Neither seasonally adjusted nor calendar adjusted data- Poland vis-a-vis Rest of the World-  sector: Central bank vis-a-vis Total economy- Closing balance sheet/Positions/Stocks- Assets (Net Acquisition of)- Financial account- Reserve Assets- Monetary gold- Not applicable- Gold fine troy ounces-Compilation methodology based on international standards,,,3,,,E,"Reserve assets, Monetary gold, volume",,6
RAS.M.N.PL.W1.S121.S1.LE.A.FA.R.F11._Z.XGO.XAU._Z.N.ALL,M,N,PL,W1,S121,S1,LE,A,FA,R,F11,_Z,XGO,XAU,_Z,N,ALL,2010-07,3.309,A,F,,,P1M,Monthly- Neither seasonally adjusted nor calendar adjusted data- Poland vis-a-vis Rest of the World-  sector: Central bank vis-a-vis Total economy- Closing balance sheet/Positions/Stocks- Assets (Net Acquisition of)- Financial account- Reserve Assets- Monetary gold- Not applicable- Gold fine troy ounces-Compilation methodology based on international standards,,,3,,,E,"Reserve assets, Monetary gold, volume",,6
RAS.M.N.PL.W1.S121.S1.LE.A.FA.R.F11._Z.XGO.XAU._Z.N.ALL,M,N,PL,W1,S121,S1,LE,A,FA,R,F11,_Z,XGO,XAU,_Z,N,ALL,2010-08,3.309,A,F,,,P1M,Monthly- Neither seasonally adjusted nor calendar adjusted data- Poland vis-a-vis Rest of the World-  sector: Central bank vis-a-vis Total economy- Closing balance sheet/Positions/Stocks- Assets (Net Acquisition of)- Financial account- Reserve Assets- Monetary gold- Not applicable- Gold fine troy ounces-Compilation methodology based on international standards,,,3,,,E,"Reserve assets, Monetary gold, volume",,6
RAS.M.N.PL.W1.S121.S1.LE.A.FA.R.F11._Z.XGO.XAU._Z.N.ALL,M,N,PL,W1,S121,S1,LE,A,FA,R,F11,_Z,XGO,XAU,_Z,N,ALL,2010-09,3.309,A,F,,,P1M,Monthly- Neither seasonally adjusted nor calendar adjusted data- Poland vis-a-vis Rest of the World-  sector: Central bank vis-a-vis Total economy- Closing balance sheet/Positions/Stocks- Assets (Net Acquisition of)- Financial account- Reserve Assets- Monetary gold- Not applicable- Gold fine troy ounces-Compilation methodology based on international standards,,,3,,,E,"Reserve assets, Monetary gold, volume",,6
RAS.M.N.PL.W1.S121.S1.LE.A.FA.R.F11._Z.XGO.XAU._Z.N.ALL,M,N,PL,W1,S121,S1,LE,A,FA,R,F11,_Z,XGO,XAU,_Z,N,ALL,2010-10,3.309,A,F,,,P1M,Monthly- Neither seasonally adjusted nor calendar adjusted data- Poland vis-a-vis Rest of the World-  sector: Central bank vis-a-vis Total economy- Closing balance sheet/Positions/Stocks- Assets (Net Acquisition of)- Financial account- Reserve Assets- Monetary gold- Not applicable- Gold fine troy ounces-Compilation methodology based on international standards,,,3,,,E,"Reserve assets, Monetary gold, volume",,6
RAS.M.N.PL.W1.S121.S1.LE.A.FA.R.F11._Z.XGO.XAU._Z.N.ALL,M,N,PL,W1,S121,S1,LE,A,FA,R,F11,_Z,XGO,XAU,_Z,N,ALL,2010-11,3.309,A,F,,,P1M,Monthly- Neither seasonally adjusted nor calendar adjusted data- Poland vis-a-vis Rest of the World-  sector: Central bank vis-a-vis Total economy- Closing balance sheet/Positions/Stocks- Assets (Net Acquisition of)- Financial account- Reserve Assets- Monetary gold- Not applicable- Gold fine troy ounces-Compilation methodology based on international standards,,,3,,,E,"Reserve assets, Monetary gold, volume",,6
RAS.M.N.PL.W1.S121.S1.LE.A.FA.R.F11._Z.XGO.XAU._Z.N.ALL,M,N,PL,W1,S121,S1,LE,A,FA,R,F11,_Z,XGO,XAU,_Z,N,ALL,2010-12,3.309,A,F,,,P1M,Monthly- Neither seasonally adjusted nor calendar adjusted data- Poland vis-a-vis Rest of the World-  sector: Central bank vis-a-vis Total economy- Closing balance sheet/Positions/Stocks- Assets (Net Acquisition of)- Financial account- Reserve Assets- Monetary gold- Not applicable- Gold fine troy ounces-Compilation methodology based on international standards,,,3,,,E,"Reserve assets, Monetary gold, volume",,6
RAS.M.N.PL.W1.S121.S1.LE.A.FA.R.F11._Z.XGO.XAU._Z.N.ALL,M,N,PL,W1,S121,S1,LE,A,FA,R,F11,_Z,XGO,XAU,_Z,N,ALL,2011-01,3.309,A,F,,,P1M,Monthly- Neither seasonally adjusted nor calendar adjusted data- Poland vis-a-vis Rest of the World-  sector: Central bank vis-a-vis Total economy- Closing balance sheet/Positions/Stocks- Assets (Net Acquisition of)- Financial account- Reserve Assets- Monetary gold- Not applicable- Gold fine troy ounces-Compilation methodology based on international standards,,,3,,,E,"Reserve assets, Monetary gold, volume",,6
RAS.M.N.PL.W1.S121.S1.LE.A.FA.R.F11._Z.XGO.XAU._Z.N.ALL,M,N,PL,W1,S121,S1,LE,A,FA,R,F11,_Z,XGO,XAU,_Z,N,ALL,2011-02,3.309,A,F,,,P1M,Monthly- Neither seasonally adjusted nor calendar adjusted data- Poland vis-a-vis Rest of the World-  sector: Central bank vis-a-vis Total economy- Closing balance sheet/Positions/Stocks- Assets (Net Acquisition of)- Financial account- Reserve Assets- Monetary gold- Not applicable- Gold fine troy ounces-Compilation methodology based on international standards,,,3,,,E,"Reserve assets, Monetary gold, volume",,6
RAS.M.N.PL.W1.S121.S1.LE.A.FA.R.F11._Z.XGO.XAU._Z.N.ALL,M,N,PL,W1,S121,S1,LE,A,FA,R,F11,_Z,XGO,XAU,_Z,N,ALL,2011-03,3.309,A,F,,,P1M,Monthly- Neither seasonally adjusted nor calendar adjusted data- Poland vis-a-vis Rest of the World-  sector: Central bank vis-a-vis Total economy- Closing balance sheet/Positions/Stocks- Assets (Net Acquisition of)- Financial account- Reserve Assets- Monetary gold- Not applicable- Gold fine troy ounces-Compilation methodology based on international standards,,,3,,,E,"Reserve assets, Monetary gold, volume",,6
RAS.M.N.PL.W1.S121.S1.LE.A.FA.R.F11._Z.XGO.XAU._Z.N.ALL,M,N,PL,W1,S121,S1,LE,A,FA,R,F11,_Z,XGO,XAU,_Z,N,ALL,2011-04,3.309,A,F,,,P1M,Monthly- Neither seasonally adjusted nor calendar adjusted data- Poland vis-a-vis Rest of the World-  sector: Central bank vis-a-vis Total economy- Closing balance sheet/Positions/Stocks- Assets (Net Acquisition of)- Financial account- Reserve Assets- Monetary gold- Not applicable- Gold fine troy ounces-Compilation methodology based on international standards,,,3,,,E,"Reserve assets, Monetary gold, volume",,6
RAS.M.N.PL.W1.S121.S1.LE.A.FA.R.F11._Z.XGO.XAU._Z.N.ALL,M,N,PL,W1,S121,S1,LE,A,FA,R,F11,_Z,XGO,XAU,_Z,N,ALL,2011-05,3.309,A,F,,,P1M,Monthly- Neither seasonally adjusted nor calendar adjusted data- Poland vis-a-vis Rest of the World-  sector: Central bank vis-a-vis Total economy- Closing balance sheet/Positions/Stocks- Assets (Net Acquisition of)- Financial account- Reserve Assets- Monetary gold- Not applicable- Gold fine troy ounces-Compilation methodology based on international standards,,,3,,,E,"Reserve assets, Monetary gold, volume",,6
RAS.M.N.PL.W1.S121.S1.LE.A.FA.R.F11._Z.XGO.XAU._Z.N.ALL,M,N,PL,W1,S121,S1,LE,A,FA,R,F11,_Z,XGO,XAU,_Z,N,ALL,2011-06,3.309,A,F,,,P1M,Monthly- Neither seasonally adjusted nor calendar adjusted data- Poland vis-a-vis Rest of the World-  sector: Central bank vis-a-vis Total economy- Closing balance sheet/Positions/Stocks- Assets (Net Acquisition of)- Financial account- Reserve Assets- Monetary gold- Not applicable- Gold fine troy ounces-Compilation methodology based on international standards,,,3,,,E,"Reserve assets, Monetary gold, volume",,6
RAS.M.N.PL.W1.S121.S1.LE.A.FA.R.F11._Z.XGO.XAU._Z.N.ALL,M,N,PL,W1,S121,S1,LE,A,FA,R,F11,_Z,XGO,XAU,_Z,N,ALL,2011-07,3.309,A,F,,,P1M,Monthly- Neither seasonally adjusted nor calendar adjusted data- Poland vis-a-vis Rest of the World-  sector: Central bank vis-a-vis Total economy- Closing balance sheet/Positions/Stocks- Assets (Net Acquisition of)- Financial account- Reserve Assets- Monetary gold- Not applicable- Gold fine troy ounces-Compilation methodology based on international standards,,,3,,,E,"Reserve assets, Monetary gold, volume",,6
RAS.M.N.PL.W1.S121.S1.LE.A.FA.R.F11._Z.XGO.XAU._Z.N.ALL,M,N,PL,W1,S121,S1,LE,A,FA,R,F11,_Z,XGO,XAU,_Z,N,ALL,2011-08,3.309,A,F,,,P1M,Monthly- Neither seasonally adjusted nor calendar adjusted data- Poland vis-a-vis Rest of the World-  sector: Central bank vis-a-vis Total economy- Closing balance sheet/Positions/Stocks- Assets (Net Acquisition of)- Financial account- Reserve Assets- Monetary gold- Not applicable- Gold fine troy ounces-Compilation methodology based on international standards,,,3,,,E,"Reserve assets, Monetary gold, volume",,6
RAS.M.N.PL.W1.S121.S1.LE.A.FA.R.F11._Z.XGO.XAU._Z.N.ALL,M,N,PL,W1,S121,S1,LE,A,FA,R,F11,_Z,XGO,XAU,_Z,N,ALL,2011-09,3.309,A,F,,,P1M,Monthly- Neither seasonally adjusted nor calendar adjusted data- Poland vis-a-vis Rest of the World-  sector: Central bank vis-a-vis Total economy- Closing balance sheet/Positions/Stocks- Assets (Net Acquisition of)- Financial account- Reserve Assets- Monetary gold- Not applicable- Gold fine troy ounces-Compilation methodology based on international standards,,,3,,,E,"Reserve assets, Monetary gold, volume",,6
RAS.M.N.PL.W1.S121.S1.LE.A.FA.R.F11._Z.XGO.XAU._Z.N.ALL,M,N,PL,W1,S121,S1,LE,A,FA,R,F11,_Z,XGO,XAU,_Z,N,ALL,2011-10,3.309,A,F,,,P1M,Monthly- Neither seasonally adjusted nor calendar adjusted data- Poland vis-a-vis Rest of the World-  sector: Central bank vis-a-vis Total economy- Closing balance sheet/Positions/Stocks- Assets (Net Acquisition of)- Financial account- Reserve Assets- Monetary gold- Not applicable- Gold fine troy ounces-Compilation methodology based on international standards,,,3,,,E,"Reserve assets, Monetary gold, volume",,6
RAS.M.N.PL.W1.S121.S1.LE.A.FA.R.F11._Z.XGO.XAU._Z.N.ALL,M,N,PL,W1,S121,S1,LE,A,FA,R,F11,_Z,XGO,XAU,_Z,N,ALL,2011-11,3.309,A,F,,,P1M,Monthly- Neither seasonally adjusted nor calendar adjusted data- Poland vis-a-vis Rest of the World-  sector: Central bank vis-a-vis Total economy- Closing balance sheet/Positions/Stocks- Assets (Net Acquisition of)- Financial account- Reserve Assets- Monetary gold- Not applicable- Gold fine troy ounces-Compilation methodology based on international standards,,,3,,,E,"Reserve assets, Monetary gold, volume",,6
RAS.M.N.PL.W1.S121.S1.LE.A.FA.R.F11._Z.XGO.XAU._Z.N.ALL,M,N,PL,W1,S121,S1,LE,A,FA,R,F11,_Z,XGO,XAU,_Z,N,ALL,2011-12,3.309,A,F,,,P1M,Monthly- Neither seasonally adjusted nor calendar adjusted data- Poland vis-a-vis Rest of the World-  sector: Central bank vis-a-vis Total economy- Closing balance sheet/Positions/Stocks- Assets (Net Acquisition of)- Financial account- Reserve Assets- Monetary gold- Not applicable- Gold fine troy ounces-Compilation methodology based on international standards,,,3,,,E,"Reserve assets, Monetary gold, volume",,6
RAS.M.N.PL.W1.S121.S1.LE.A.FA.R.F11._Z.XGO.XAU._Z.N.ALL,M,N,PL,W1,S121,S1,LE,A,FA,R,F11,_Z,XGO,XAU,_Z,N,ALL,2012-01,3.309,A,F,,,P1M,Monthly- Neither seasonally adjusted nor calendar adjusted data- Poland vis-a-vis Rest of the World-  sector: Central bank vis-a-vis Total economy- Closing balance sheet/Positions/Stocks- Assets (Net Acquisition of)- Financial account- Reserve Assets- Monetary gold- Not applicable- Gold fine troy ounces-Compilation methodology based on international standards,,,3,,,E,"Reserve assets, Monetary gold, volume",,6
RAS.M.N.PL.W1.S121.S1.LE.A.FA.R.F11._Z.XGO.XAU._Z.N.ALL,M,N,PL,W1,S121,S1,LE,A,FA,R,F11,_Z,XGO,XAU,_Z,N,ALL,2012-02,3.309,A,F,,,P1M,Monthly- Neither seasonally adjusted nor calendar adjusted data- Poland vis-a-vis Rest of the World-  sector: Central bank vis-a-vis Total economy- Closing balance sheet/Positions/Stocks- Assets (Net Acquisition of)- Financial account- Reserve Assets- Monetary gold- Not applicable- Gold fine troy ounces-Compilation methodology based on international standards,,,3,,,E,"Reserve assets, Monetary gold, volume",,6
RAS.M.N.PL.W1.S121.S1.LE.A.FA.R.F11._Z.XGO.XAU._Z.N.ALL,M,N,PL,W1,S121,S1,LE,A,FA,R,F11,_Z,XGO,XAU,_Z,N,ALL,2012-03,3.309,A,F,,,P1M,Monthly- Neither seasonally adjusted nor calendar adjusted data- Poland vis-a-vis Rest of the World-  sector: Central bank vis-a-vis Total economy- Closing balance sheet/Positions/Stocks- Assets (Net Acquisition of)- Financial account- Reserve Assets- Monetary gold- Not applicable- Gold fine troy ounces-Compilation methodology based on international standards,,,3,,,E,"Reserve assets, Monetary gold, volume",,6
RAS.M.N.PL.W1.S121.S1.LE.A.FA.R.F11._Z.XGO.XAU._Z.N.ALL,M,N,PL,W1,S121,S1,LE,A,FA,R,F11,_Z,XGO,XAU,_Z,N,ALL,2012-04,3.309,A,F,,,P1M,Monthly- Neither seasonally adjusted nor calendar adjusted data- Poland vis-a-vis Rest of the World-  sector: Central bank vis-a-vis Total economy- Closing balance sheet/Positions/Stocks- Assets (Net Acquisition of)- Financial account- Reserve Assets- Monetary gold- Not applicable- Gold fine troy ounces-Compilation methodology based on international standards,,,3,,,E,"Reserve assets, Monetary gold, volume",,6
RAS.M.N.PL.W1.S121.S1.LE.A.FA.R.F11._Z.XGO.XAU._Z.N.ALL,M,N,PL,W1,S121,S1,LE,A,FA,R,F11,_Z,XGO,XAU,_Z,N,ALL,2012-05,3.309,A,F,,,P1M,Monthly- Neither seasonally adjusted nor calendar adjusted data- Poland vis-a-vis Rest of the World-  sector: Central bank vis-a-vis Total economy- Closing balance sheet/Positions/Stocks- Assets (Net Acquisition of)- Financial account- Reserve Assets- Monetary gold- Not applicable- Gold fine troy ounces-Compilation methodology based on international standards,,,3,,,E,"Reserve assets, Monetary gold, volume",,6
RAS.M.N.PL.W1.S121.S1.LE.A.FA.R.F11._Z.XGO.XAU._Z.N.ALL,M,N,PL,W1,S121,S1,LE,A,FA,R,F11,_Z,XGO,XAU,_Z,N,ALL,2012-06,3.309,A,F,,,P1M,Monthly- Neither seasonally adjusted nor calendar adjusted data- Poland vis-a-vis Rest of the World-  sector: Central bank vis-a-vis Total economy- Closing balance sheet/Positions/Stocks- Assets (Net Acquisition of)- Financial account- Reserve Assets- Monetary gold- Not applicable- Gold fine troy ounces-Compilation methodology based on international standards,,,3,,,E,"Reserve assets, Monetary gold, volume",,6
RAS.M.N.PL.W1.S121.S1.LE.A.FA.R.F11._Z.XGO.XAU._Z.N.ALL,M,N,PL,W1,S121,S1,LE,A,FA,R,F11,_Z,XGO,XAU,_Z,N,ALL,2012-07,3.309,A,F,,,P1M,Monthly- Neither seasonally adjusted nor calendar adjusted data- Poland vis-a-vis Rest of the World-  sector: Central bank vis-a-vis Total economy- Closing balance sheet/Positions/Stocks- Assets (Net Acquisition of)- Financial account- Reserve Assets- Monetary gold- Not applicable- Gold fine troy ounces-Compilation methodology based on international standards,,,3,,,E,"Reserve assets, Monetary gold, volume",,6
RAS.M.N.PL.W1.S121.S1.LE.A.FA.R.F11._Z.XGO.XAU._Z.N.ALL,M,N,PL,W1,S121,S1,LE,A,FA,R,F11,_Z,XGO,XAU,_Z,N,ALL,2012-08,3.309,A,F,,,P1M,Monthly- Neither seasonally adjusted nor calendar adjusted data- Poland vis-a-vis Rest of the World-  sector: Central bank vis-a-vis Total economy- Closing balance sheet/Positions/Stocks- Assets (Net Acquisition of)- Financial account- Reserve Assets- Monetary gold- Not applicable- Gold fine troy ounces-Compilation methodology based on international standards,,,3,,,E,"Reserve assets, Monetary gold, volume",,6
RAS.M.N.PL.W1.S121.S1.LE.A.FA.R.F11._Z.XGO.XAU._Z.N.ALL,M,N,PL,W1,S121,S1,LE,A,FA,R,F11,_Z,XGO,XAU,_Z,N,ALL,2012-09,3.309,A,F,,,P1M,Monthly- Neither seasonally adjusted nor calendar adjusted data- Poland vis-a-vis Rest of the World-  sector: Central bank vis-a-vis Total economy- Closing balance sheet/Positions/Stocks- Assets (Net Acquisition of)- Financial account- Reserve Assets- Monetary gold- Not applicable- Gold fine troy ounces-Compilation methodology based on international standards,,,3,,,E,"Reserve assets, Monetary gold, volume",,6
RAS.M.N.PL.W1.S121.S1.LE.A.FA.R.F11._Z.XGO.XAU._Z.N.ALL,M,N,PL,W1,S121,S1,LE,A,FA,R,F11,_Z,XGO,XAU,_Z,N,ALL,2012-10,3.309,A,F,,,P1M,Monthly- Neither seasonally adjusted nor calendar adjusted data- Poland vis-a-vis Rest of the World-  sector: Central bank vis-a-vis Total economy- Closing balance sheet/Positions/Stocks- Assets (Net Acquisition of)- Financial account- Reserve Assets- Monetary gold- Not applicable- Gold fine troy ounces-Compilation methodology based on international standards,,,3,,,E,"Reserve assets, Monetary gold, volume",,6
RAS.M.N.PL.W1.S121.S1.LE.A.FA.R.F11._Z.XGO.XAU._Z.N.ALL,M,N,PL,W1,S121,S1,LE,A,FA,R,F11,_Z,XGO,XAU,_Z,N,ALL,2012-11,3.309,A,F,,,P1M,Monthly- Neither seasonally adjusted nor calendar adjusted data- Poland vis-a-vis Rest of the World-  sector: Central bank vis-a-vis Total economy- Closing balance sheet/Positions/Stocks- Assets (Net Acquisition of)- Financial account- Reserve Assets- Monetary gold- Not applicable- Gold fine troy ounces-Compilation methodology based on international standards,,,3,,,E,"Reserve assets, Monetary gold, volume",,6
RAS.M.N.PL.W1.S121.S1.LE.A.FA.R.F11._Z.XGO.XAU._Z.N.ALL,M,N,PL,W1,S121,S1,LE,A,FA,R,F11,_Z,XGO,XAU,_Z,N,ALL,2012-12,3.309,A,F,,,P1M,Monthly- Neither seasonally adjusted nor calendar adjusted data- Poland vis-a-vis Rest of the World-  sector: Central bank vis-a-vis Total economy- Closing balance sheet/Positions/Stocks- Assets (Net Acquisition of)- Financial account- Reserve Assets- Monetary gold- Not applicable- Gold fine troy ounces-Compilation methodology based on international standards,,,3,,,E,"Reserve assets, Monetary gold, volume",,6
RAS.M.N.PL.W1.S121.S1.LE.A.FA.R.F11._Z.XGO.XAU._Z.N.ALL,M,N,PL,W1,S121,S1,LE,A,FA,R,F11,_Z,XGO,XAU,_Z,N,ALL,2013-01,3.309,A,F,,,P1M,Monthly- Neither seasonally adjusted nor calendar adjusted data- Poland vis-a-vis Rest of the World-  sector: Central bank vis-a-vis Total economy- Closing balance sheet/Positions/Stocks- Assets (Net Acquisition of)- Financial account- Reserve Assets- Monetary gold- Not applicable- Gold fine troy ounces-Compilation methodology based on international standards,,,3,,,E,"Reserve assets, Monetary gold, volume",,6
RAS.M.N.PL.W1.S121.S1.LE.A.FA.R.F11._Z.XGO.XAU._Z.N.ALL,M,N,PL,W1,S121,S1,LE,A,FA,R,F11,_Z,XGO,XAU,_Z,N,ALL,2013-02,3.309,A,F,,,P1M,Monthly- Neither seasonally adjusted nor calendar adjusted data- Poland vis-a-vis Rest of the World-  sector: Central bank vis-a-vis Total economy- Closing balance sheet/Positions/Stocks- Assets (Net Acquisition of)- Financial account- Reserve Assets- Monetary gold- Not applicable- Gold fine troy ounces-Compilation methodology based on international standards,,,3,,,E,"Reserve assets, Monetary gold, volume",,6
RAS.M.N.PL.W1.S121.S1.LE.A.FA.R.F11._Z.XGO.XAU._Z.N.ALL,M,N,PL,W1,S121,S1,LE,A,FA,R,F11,_Z,XGO,XAU,_Z,N,ALL,2013-03,3.309,A,F,,,P1M,Monthly- Neither seasonally adjusted nor calendar adjusted data- Poland vis-a-vis Rest of the World-  sector: Central bank vis-a-vis Total economy- Closing balance sheet/Positions/Stocks- Assets (Net Acquisition of)- Financial account- Reserve Assets- Monetary gold- Not applicable- Gold fine troy ounces-Compilation methodology based on international standards,,,3,,,E,"Reserve assets, Monetary gold, volume",,6
RAS.M.N.PL.W1.S121.S1.LE.A.FA.R.F11._Z.XGO.XAU._Z.N.ALL,M,N,PL,W1,S121,S1,LE,A,FA,R,F11,_Z,XGO,XAU,_Z,N,ALL,2013-04,3.309,A,F,,,P1M,Monthly- Neither seasonally adjusted nor calendar adjusted data- Poland vis-a-vis Rest of the World-  sector: Central bank vis-a-vis Total economy- Closing balance sheet/Positions/Stocks- Assets (Net Acquisition of)- Financial account- Reserve Assets- Monetary gold- Not applicable- Gold fine troy ounces-Compilation methodology based on international standards,,,3,,,E,"Reserve assets, Monetary gold, volume",,6
RAS.M.N.PL.W1.S121.S1.LE.A.FA.R.F11._Z.XGO.XAU._Z.N.ALL,M,N,PL,W1,S121,S1,LE,A,FA,R,F11,_Z,XGO,XAU,_Z,N,ALL,2013-05,3.309,A,F,,,P1M,Monthly- Neither seasonally adjusted nor calendar adjusted data- Poland vis-a-vis Rest of the World-  sector: Central bank vis-a-vis Total economy- Closing balance sheet/Positions/Stocks- Assets (Net Acquisition of)- Financial account- Reserve Assets- Monetary gold- Not applicable- Gold fine troy ounces-Compilation methodology based on international standards,,,3,,,E,"Reserve assets, Monetary gold, volume",,6
RAS.M.N.PL.W1.S121.S1.LE.A.FA.R.F11._Z.XGO.XAU._Z.N.ALL,M,N,PL,W1,S121,S1,LE,A,FA,R,F11,_Z,XGO,XAU,_Z,N,ALL,2013-06,3.309,A,F,,,P1M,Monthly- Neither seasonally adjusted nor calendar adjusted data- Poland vis-a-vis Rest of the World-  sector: Central bank vis-a-vis Total economy- Closing balance sheet/Positions/Stocks- Assets (Net Acquisition of)- Financial account- Reserve Assets- Monetary gold- Not applicable- Gold fine troy ounces-Compilation methodology based on international standards,,,3,,,E,"Reserve assets, Monetary gold, volume",,6
RAS.M.N.PL.W1.S121.S1.LE.A.FA.R.F11._Z.XGO.XAU._Z.N.ALL,M,N,PL,W1,S121,S1,LE,A,FA,R,F11,_Z,XGO,XAU,_Z,N,ALL,2013-07,3.309,A,F,,,P1M,Monthly- Neither seasonally adjusted nor calendar adjusted data- Poland vis-a-vis Rest of the World-  sector: Central bank vis-a-vis Total economy- Closing balance sheet/Positions/Stocks- Assets (Net Acquisition of)- Financial account- Reserve Assets- Monetary gold- Not applicable- Gold fine troy ounces-Compilation methodology based on international standards,,,3,,,E,"Reserve assets, Monetary gold, volume",,6
RAS.M.N.PL.W1.S121.S1.LE.A.FA.R.F11._Z.XGO.XAU._Z.N.ALL,M,N,PL,W1,S121,S1,LE,A,FA,R,F11,_Z,XGO,XAU,_Z,N,ALL,2013-08,3.309,A,F,,,P1M,Monthly- Neither seasonally adjusted nor calendar adjusted data- Poland vis-a-vis Rest of the World-  sector: Central bank vis-a-vis Total economy- Closing balance sheet/Positions/Stocks- Assets (Net Acquisition of)- Financial account- Reserve Assets- Monetary gold- Not applicable- Gold fine troy ounces-Compilation methodology based on international standards,,,3,,,E,"Reserve assets, Monetary gold, volume",,6
RAS.M.N.PL.W1.S121.S1.LE.A.FA.R.F11._Z.XGO.XAU._Z.N.ALL,M,N,PL,W1,S121,S1,LE,A,FA,R,F11,_Z,XGO,XAU,_Z,N,ALL,2013-09,3.309,A,F,,,P1M,Monthly- Neither seasonally adjusted nor calendar adjusted data- Poland vis-a-vis Rest of the World-  sector: Central bank vis-a-vis Total economy- Closing balance sheet/Positions/Stocks- Assets (Net Acquisition of)- Financial account- Reserve Assets- Monetary gold- Not applicable- Gold fine troy ounces-Compilation methodology based on international standards,,,3,,,E,"Reserve assets, Monetary gold, volume",,6
RAS.M.N.PL.W1.S121.S1.LE.A.FA.R.F11._Z.XGO.XAU._Z.N.ALL,M,N,PL,W1,S121,S1,LE,A,FA,R,F11,_Z,XGO,XAU,_Z,N,ALL,2013-10,3.309,A,F,,,P1M,Monthly- Neither seasonally adjusted nor calendar adjusted data- Poland vis-a-vis Rest of the World-  sector: Central bank vis-a-vis Total economy- Closing balance sheet/Positions/Stocks- Assets (Net Acquisition of)- Financial account- Reserve Assets- Monetary gold- Not applicable- Gold fine troy ounces-Compilation methodology based on international standards,,,3,,,E,"Reserve assets, Monetary gold, volume",,6
RAS.M.N.PL.W1.S121.S1.LE.A.FA.R.F11._Z.XGO.XAU._Z.N.ALL,M,N,PL,W1,S121,S1,LE,A,FA,R,F11,_Z,XGO,XAU,_Z,N,ALL,2013-11,3.309,A,F,,,P1M,Monthly- Neither seasonally adjusted nor calendar adjusted data- Poland vis-a-vis Rest of the World-  sector: Central bank vis-a-vis Total economy- Closing balance sheet/Positions/Stocks- Assets (Net Acquisition of)- Financial account- Reserve Assets- Monetary gold- Not applicable- Gold fine troy ounces-Compilation methodology based on international standards,,,3,,,E,"Reserve assets, Monetary gold, volume",,6
RAS.M.N.PL.W1.S121.S1.LE.A.FA.R.F11._Z.XGO.XAU._Z.N.ALL,M,N,PL,W1,S121,S1,LE,A,FA,R,F11,_Z,XGO,XAU,_Z,N,ALL,2013-12,3.309,A,F,,,P1M,Monthly- Neither seasonally adjusted nor calendar adjusted data- Poland vis-a-vis Rest of the World-  sector: Central bank vis-a-vis Total economy- Closing balance sheet/Positions/Stocks- Assets (Net Acquisition of)- Financial account- Reserve Assets- Monetary gold- Not applicable- Gold fine troy ounces-Compilation methodology based on international standards,,,3,,,E,"Reserve assets, Monetary gold, volume",,6
RAS.M.N.PL.W1.S121.S1.LE.A.FA.R.F11._Z.XGO.XAU._Z.N.ALL,M,N,PL,W1,S121,S1,LE,A,FA,R,F11,_Z,XGO,XAU,_Z,N,ALL,2014-01,3.309,A,F,,,P1M,Monthly- Neither seasonally adjusted nor calendar adjusted data- Poland vis-a-vis Rest of the World-  sector: Central bank vis-a-vis Total economy- Closing balance sheet/Positions/Stocks- Assets (Net Acquisition of)- Financial account- Reserve Assets- Monetary gold- Not applicable- Gold fine troy ounces-Compilation methodology based on international standards,,,3,,,E,"Reserve assets, Monetary gold, volume",,6
RAS.M.N.PL.W1.S121.S1.LE.A.FA.R.F11._Z.XGO.XAU._Z.N.ALL,M,N,PL,W1,S121,S1,LE,A,FA,R,F11,_Z,XGO,XAU,_Z,N,ALL,2014-02,3.309,A,F,,,P1M,Monthly- Neither seasonally adjusted nor calendar adjusted data- Poland vis-a-vis Rest of the World-  sector: Central bank vis-a-vis Total economy- Closing balance sheet/Positions/Stocks- Assets (Net Acquisition of)- Financial account- Reserve Assets- Monetary gold- Not applicable- Gold fine troy ounces-Compilation methodology based on international standards,,,3,,,E,"Reserve assets, Monetary gold, volume",,6
RAS.M.N.PL.W1.S121.S1.LE.A.FA.R.F11._Z.XGO.XAU._Z.N.ALL,M,N,PL,W1,S121,S1,LE,A,FA,R,F11,_Z,XGO,XAU,_Z,N,ALL,2014-03,3.309,A,F,,,P1M,Monthly- Neither seasonally adjusted nor calendar adjusted data- Poland vis-a-vis Rest of the World-  sector: Central bank vis-a-vis Total economy- Closing balance sheet/Positions/Stocks- Assets (Net Acquisition of)- Financial account- Reserve Assets- Monetary gold- Not applicable- Gold fine troy ounces-Compilation methodology based on international standards,,,3,,,E,"Reserve assets, Monetary gold, volume",,6
RAS.M.N.PL.W1.S121.S1.LE.A.FA.R.F11._Z.XGO.XAU._Z.N.ALL,M,N,PL,W1,S121,S1,LE,A,FA,R,F11,_Z,XGO,XAU,_Z,N,ALL,2014-04,3.309,A,F,,,P1M,Monthly- Neither seasonally adjusted nor calendar adjusted data- Poland vis-a-vis Rest of the World-  sector: Central bank vis-a-vis Total economy- Closing balance sheet/Positions/Stocks- Assets (Net Acquisition of)- Financial account- Reserve Assets- Monetary gold- Not applicable- Gold fine troy ounces-Compilation methodology based on international standards,,,3,,,E,"Reserve assets, Monetary gold, volume",,6
RAS.M.N.PL.W1.S121.S1.LE.A.FA.R.F11._Z.XGO.XAU._Z.N.ALL,M,N,PL,W1,S121,S1,LE,A,FA,R,F11,_Z,XGO,XAU,_Z,N,ALL,2014-05,3.309,A,F,,,P1M,Monthly- Neither seasonally adjusted nor calendar adjusted data- Poland vis-a-vis Rest of the World-  sector: Central bank vis-a-vis Total economy- Closing balance sheet/Positions/Stocks- Assets (Net Acquisition of)- Financial account- Reserve Assets- Monetary gold- Not applicable- Gold fine troy ounces-Compilation methodology based on international standards,,,3,,,E,"Reserve assets, Monetary gold, volume",,6
RAS.M.N.PL.W1.S121.S1.LE.A.FA.R.F11._Z.XGO.XAU._Z.N.ALL,M,N,PL,W1,S121,S1,LE,A,FA,R,F11,_Z,XGO,XAU,_Z,N,ALL,2014-06,3.309,A,F,,,P1M,Monthly- Neither seasonally adjusted nor calendar adjusted data- Poland vis-a-vis Rest of the World-  sector: Central bank vis-a-vis Total economy- Closing balance sheet/Positions/Stocks- Assets (Net Acquisition of)- Financial account- Reserve Assets- Monetary gold- Not applicable- Gold fine troy ounces-Compilation methodology based on international standards,,,3,,,E,"Reserve assets, Monetary gold, volume",,6
RAS.M.N.PL.W1.S121.S1.LE.A.FA.R.F11._Z.XGO.XAU._Z.N.ALL,M,N,PL,W1,S121,S1,LE,A,FA,R,F11,_Z,XGO,XAU,_Z,N,ALL,2014-07,3.309,A,F,,,P1M,Monthly- Neither seasonally adjusted nor calendar adjusted data- Poland vis-a-vis Rest of the World-  sector: Central bank vis-a-vis Total economy- Closing balance sheet/Positions/Stocks- Assets (Net Acquisition of)- Financial account- Reserve Assets- Monetary gold- Not applicable- Gold fine troy ounces-Compilation methodology based on international standards,,,3,,,E,"Reserve assets, Monetary gold, volume",,6
RAS.M.N.PL.W1.S121.S1.LE.A.FA.R.F11._Z.XGO.XAU._Z.N.ALL,M,N,PL,W1,S121,S1,LE,A,FA,R,F11,_Z,XGO,XAU,_Z,N,ALL,2014-08,3.309,A,F,,,P1M,Monthly- Neither seasonally adjusted nor calendar adjusted data- Poland vis-a-vis Rest of the World-  sector: Central bank vis-a-vis Total economy- Closing balance sheet/Positions/Stocks- Assets (Net Acquisition of)- Financial account- Reserve Assets- Monetary gold- Not applicable- Gold fine troy ounces-Compilation methodology based on international standards,,,3,,,E,"Reserve assets, Monetary gold, volume",,6
RAS.M.N.PL.W1.S121.S1.LE.A.FA.R.F11._Z.XGO.XAU._Z.N.ALL,M,N,PL,W1,S121,S1,LE,A,FA,R,F11,_Z,XGO,XAU,_Z,N,ALL,2014-09,3.309,A,F,,,P1M,Monthly- Neither seasonally adjusted nor calendar adjusted data- Poland vis-a-vis Rest of the World-  sector: Central bank vis-a-vis Total economy- Closing balance sheet/Positions/Stocks- Assets (Net Acquisition of)- Financial account- Reserve Assets- Monetary gold- Not applicable- Gold fine troy ounces-Compilation methodology based on international standards,,,3,,,E,"Reserve assets, Monetary gold, volume",,6
RAS.M.N.PL.W1.S121.S1.LE.A.FA.R.F11._Z.XGO.XAU._Z.N.ALL,M,N,PL,W1,S121,S1,LE,A,FA,R,F11,_Z,XGO,XAU,_Z,N,ALL,2014-10,3.309,A,F,,,P1M,Monthly- Neither seasonally adjusted nor calendar adjusted data- Poland vis-a-vis Rest of the World-  sector: Central bank vis-a-vis Total economy- Closing balance sheet/Positions/Stocks- Assets (Net Acquisition of)- Financial account- Reserve Assets- Monetary gold- Not applicable- Gold fine troy ounces-Compilation methodology based on international standards,,,3,,,E,"Reserve assets, Monetary gold, volume",,6
RAS.M.N.PL.W1.S121.S1.LE.A.FA.R.F11._Z.XGO.XAU._Z.N.ALL,M,N,PL,W1,S121,S1,LE,A,FA,R,F11,_Z,XGO,XAU,_Z,N,ALL,2014-11,3.309,A,F,,,P1M,Monthly- Neither seasonally adjusted nor calendar adjusted data- Poland vis-a-vis Rest of the World-  sector: Central bank vis-a-vis Total economy- Closing balance sheet/Positions/Stocks- Assets (Net Acquisition of)- Financial account- Reserve Assets- Monetary gold- Not applicable- Gold fine troy ounces-Compilation methodology based on international standards,,,3,,,E,"Reserve assets, Monetary gold, volume",,6
RAS.M.N.PL.W1.S121.S1.LE.A.FA.R.F11._Z.XGO.XAU._Z.N.ALL,M,N,PL,W1,S121,S1,LE,A,FA,R,F11,_Z,XGO,XAU,_Z,N,ALL,2014-12,3.309,A,F,,,P1M,Monthly- Neither seasonally adjusted nor calendar adjusted data- Poland vis-a-vis Rest of the World-  sector: Central bank vis-a-vis Total economy- Closing balance sheet/Positions/Stocks- Assets (Net Acquisition of)- Financial account- Reserve Assets- Monetary gold- Not applicable- Gold fine troy ounces-Compilation methodology based on international standards,,,3,,,E,"Reserve assets, Monetary gold, volume",,6
RAS.M.N.PL.W1.S121.S1.LE.A.FA.R.F11._Z.XGO.XAU._Z.N.ALL,M,N,PL,W1,S121,S1,LE,A,FA,R,F11,_Z,XGO,XAU,_Z,N,ALL,2015-01,3.309,A,F,,,P1M,Monthly- Neither seasonally adjusted nor calendar adjusted data- Poland vis-a-vis Rest of the World-  sector: Central bank vis-a-vis Total economy- Closing balance sheet/Positions/Stocks- Assets (Net Acquisition of)- Financial account- Reserve Assets- Monetary gold- Not applicable- Gold fine troy ounces-Compilation methodology based on international standards,,,3,,,E,"Reserve assets, Monetary gold, volume",,6
RAS.M.N.PL.W1.S121.S1.LE.A.FA.R.F11._Z.XGO.XAU._Z.N.ALL,M,N,PL,W1,S121,S1,LE,A,FA,R,F11,_Z,XGO,XAU,_Z,N,ALL,2015-02,3.309,A,F,,,P1M,Monthly- Neither seasonally adjusted nor calendar adjusted data- Poland vis-a-vis Rest of the World-  sector: Central bank vis-a-vis Total economy- Closing balance sheet/Positions/Stocks- Assets (Net Acquisition of)- Financial account- Reserve Assets- Monetary gold- Not applicable- Gold fine troy ounces-Compilation methodology based on international standards,,,3,,,E,"Reserve assets, Monetary gold, volume",,6
RAS.M.N.PL.W1.S121.S1.LE.A.FA.R.F11._Z.XGO.XAU._Z.N.ALL,M,N,PL,W1,S121,S1,LE,A,FA,R,F11,_Z,XGO,XAU,_Z,N,ALL,2015-03,3.309,A,F,,,P1M,Monthly- Neither seasonally adjusted nor calendar adjusted data- Poland vis-a-vis Rest of the World-  sector: Central bank vis-a-vis Total economy- Closing balance sheet/Positions/Stocks- Assets (Net Acquisition of)- Financial account- Reserve Assets- Monetary gold- Not applicable- Gold fine troy ounces-Compilation methodology based on international standards,,,3,,,E,"Reserve assets, Monetary gold, volume",,6
RAS.M.N.PL.W1.S121.S1.LE.A.FA.R.F11._Z.XGO.XAU._Z.N.ALL,M,N,PL,W1,S121,S1,LE,A,FA,R,F11,_Z,XGO,XAU,_Z,N,ALL,2015-04,3.309,A,F,,,P1M,Monthly- Neither seasonally adjusted nor calendar adjusted data- Poland vis-a-vis Rest of the World-  sector: Central bank vis-a-vis Total economy- Closing balance sheet/Positions/Stocks- Assets (Net Acquisition of)- Financial account- Reserve Assets- Monetary gold- Not applicable- Gold fine troy ounces-Compilation methodology based on international standards,,,3,,,E,"Reserve assets, Monetary gold, volume",,6
RAS.M.N.PL.W1.S121.S1.LE.A.FA.R.F11._Z.XGO.XAU._Z.N.ALL,M,N,PL,W1,S121,S1,LE,A,FA,R,F11,_Z,XGO,XAU,_Z,N,ALL,2015-05,3.309,A,F,,,P1M,Monthly- Neither seasonally adjusted nor calendar adjusted data- Poland vis-a-vis Rest of the World-  sector: Central bank vis-a-vis Total economy- Closing balance sheet/Positions/Stocks- Assets (Net Acquisition of)- Financial account- Reserve Assets- Monetary gold- Not applicable- Gold fine troy ounces-Compilation methodology based on international standards,,,3,,,E,"Reserve assets, Monetary gold, volume",,6
RAS.M.N.PL.W1.S121.S1.LE.A.FA.R.F11._Z.XGO.XAU._Z.N.ALL,M,N,PL,W1,S121,S1,LE,A,FA,R,F11,_Z,XGO,XAU,_Z,N,ALL,2015-06,3.309,A,F,,,P1M,Monthly- Neither seasonally adjusted nor calendar adjusted data- Poland vis-a-vis Rest of the World-  sector: Central bank vis-a-vis Total economy- Closing balance sheet/Positions/Stocks- Assets (Net Acquisition of)- Financial account- Reserve Assets- Monetary gold- Not applicable- Gold fine troy ounces-Compilation methodology based on international standards,,,3,,,E,"Reserve assets, Monetary gold, volume",,6
RAS.M.N.PL.W1.S121.S1.LE.A.FA.R.F11._Z.XGO.XAU._Z.N.ALL,M,N,PL,W1,S121,S1,LE,A,FA,R,F11,_Z,XGO,XAU,_Z,N,ALL,2015-07,3.309,A,F,,,P1M,Monthly- Neither seasonally adjusted nor calendar adjusted data- Poland vis-a-vis Rest of the World-  sector: Central bank vis-a-vis Total economy- Closing balance sheet/Positions/Stocks- Assets (Net Acquisition of)- Financial account- Reserve Assets- Monetary gold- Not applicable- Gold fine troy ounces-Compilation methodology based on international standards,,,3,,,E,"Reserve assets, Monetary gold, volume",,6
RAS.M.N.PL.W1.S121.S1.LE.A.FA.R.F11._Z.XGO.XAU._Z.N.ALL,M,N,PL,W1,S121,S1,LE,A,FA,R,F11,_Z,XGO,XAU,_Z,N,ALL,2015-08,3.309,A,F,,,P1M,Monthly- Neither seasonally adjusted nor calendar adjusted data- Poland vis-a-vis Rest of the World-  sector: Central bank vis-a-vis Total economy- Closing balance sheet/Positions/Stocks- Assets (Net Acquisition of)- Financial account- Reserve Assets- Monetary gold- Not applicable- Gold fine troy ounces-Compilation methodology based on international standards,,,3,,,E,"Reserve assets, Monetary gold, volume",,6
RAS.M.N.PL.W1.S121.S1.LE.A.FA.R.F11._Z.XGO.XAU._Z.N.ALL,M,N,PL,W1,S121,S1,LE,A,FA,R,F11,_Z,XGO,XAU,_Z,N,ALL,2015-09,3.309,A,F,,,P1M,Monthly- Neither seasonally adjusted nor calendar adjusted data- Poland vis-a-vis Rest of the World-  sector: Central bank vis-a-vis Total economy- Closing balance sheet/Positions/Stocks- Assets (Net Acquisition of)- Financial account- Reserve Assets- Monetary gold- Not applicable- Gold fine troy ounces-Compilation methodology based on international standards,,,3,,,E,"Reserve assets, Monetary gold, volume",,6
RAS.M.N.PL.W1.S121.S1.LE.A.FA.R.F11._Z.XGO.XAU._Z.N.ALL,M,N,PL,W1,S121,S1,LE,A,FA,R,F11,_Z,XGO,XAU,_Z,N,ALL,2015-10,3.309,A,F,,,P1M,Monthly- Neither seasonally adjusted nor calendar adjusted data- Poland vis-a-vis Rest of the World-  sector: Central bank vis-a-vis Total economy- Closing balance sheet/Positions/Stocks- Assets (Net Acquisition of)- Financial account- Reserve Assets- Monetary gold- Not applicable- Gold fine troy ounces-Compilation methodology based on international standards,,,3,,,E,"Reserve assets, Monetary gold, volume",,6
RAS.M.N.PL.W1.S121.S1.LE.A.FA.R.F11._Z.XGO.XAU._Z.N.ALL,M,N,PL,W1,S121,S1,LE,A,FA,R,F11,_Z,XGO,XAU,_Z,N,ALL,2015-11,3.309,A,F,,,P1M,Monthly- Neither seasonally adjusted nor calendar adjusted data- Poland vis-a-vis Rest of the World-  sector: Central bank vis-a-vis Total economy- Closing balance sheet/Positions/Stocks- Assets (Net Acquisition of)- Financial account- Reserve Assets- Monetary gold- Not applicable- Gold fine troy ounces-Compilation methodology based on international standards,,,3,,,E,"Reserve assets, Monetary gold, volume",,6
RAS.M.N.PL.W1.S121.S1.LE.A.FA.R.F11._Z.XGO.XAU._Z.N.ALL,M,N,PL,W1,S121,S1,LE,A,FA,R,F11,_Z,XGO,XAU,_Z,N,ALL,2015-12,3.309,A,F,,,P1M,Monthly- Neither seasonally adjusted nor calendar adjusted data- Poland vis-a-vis Rest of the World-  sector: Central bank vis-a-vis Total economy- Closing balance sheet/Positions/Stocks- Assets (Net Acquisition of)- Financial account- Reserve Assets- Monetary gold- Not applicable- Gold fine troy ounces-Compilation methodology based on international standards,,,3,,,E,"Reserve assets, Monetary gold, volume",,6
RAS.M.N.PL.W1.S121.S1.LE.A.FA.R.F11._Z.XGO.XAU._Z.N.ALL,M,N,PL,W1,S121,S1,LE,A,FA,R,F11,_Z,XGO,XAU,_Z,N,ALL,2016-01,3.309,A,F,,,P1M,Monthly- Neither seasonally adjusted nor calendar adjusted data- Poland vis-a-vis Rest of the World-  sector: Central bank vis-a-vis Total economy- Closing balance sheet/Positions/Stocks- Assets (Net Acquisition of)- Financial account- Reserve Assets- Monetary gold- Not applicable- Gold fine troy ounces-Compilation methodology based on international standards,,,3,,,E,"Reserve assets, Monetary gold, volume",,6
RAS.M.N.PL.W1.S121.S1.LE.A.FA.R.F11._Z.XGO.XAU._Z.N.ALL,M,N,PL,W1,S121,S1,LE,A,FA,R,F11,_Z,XGO,XAU,_Z,N,ALL,2016-02,3.309,A,F,,,P1M,Monthly- Neither seasonally adjusted nor calendar adjusted data- Poland vis-a-vis Rest of the World-  sector: Central bank vis-a-vis Total economy- Closing balance sheet/Positions/Stocks- Assets (Net Acquisition of)- Financial account- Reserve Assets- Monetary gold- Not applicable- Gold fine troy ounces-Compilation methodology based on international standards,,,3,,,E,"Reserve assets, Monetary gold, volume",,6
RAS.M.N.PL.W1.S121.S1.LE.A.FA.R.F11._Z.XGO.XAU._Z.N.ALL,M,N,PL,W1,S121,S1,LE,A,FA,R,F11,_Z,XGO,XAU,_Z,N,ALL,2016-03,3.31,A,F,,,P1M,Monthly- Neither seasonally adjusted nor calendar adjusted data- Poland vis-a-vis Rest of the World-  sector: Central bank vis-a-vis Total economy- Closing balance sheet/Positions/Stocks- Assets (Net Acquisition of)- Financial account- Reserve Assets- Monetary gold- Not applicable- Gold fine troy ounces-Compilation methodology based on international standards,,,3,,,E,"Reserve assets, Monetary gold, volume",,6
RAS.M.N.PL.W1.S121.S1.LE.A.FA.R.F11._Z.XGO.XAU._Z.N.ALL,M,N,PL,W1,S121,S1,LE,A,FA,R,F11,_Z,XGO,XAU,_Z,N,ALL,2016-04,3.31,A,F,,,P1M,Monthly- Neither seasonally adjusted nor calendar adjusted data- Poland vis-a-vis Rest of the World-  sector: Central bank vis-a-vis Total economy- Closing balance sheet/Positions/Stocks- Assets (Net Acquisition of)- Financial account- Reserve Assets- Monetary gold- Not applicable- Gold fine troy ounces-Compilation methodology based on international standards,,,3,,,E,"Reserve assets, Monetary gold, volume",,6
RAS.M.N.PL.W1.S121.S1.LE.A.FA.R.F11._Z.XGO.XAU._Z.N.ALL,M,N,PL,W1,S121,S1,LE,A,FA,R,F11,_Z,XGO,XAU,_Z,N,ALL,2016-05,3.31,A,F,,,P1M,Monthly- Neither seasonally adjusted nor calendar adjusted data- Poland vis-a-vis Rest of the World-  sector: Central bank vis-a-vis Total economy- Closing balance sheet/Positions/Stocks- Assets (Net Acquisition of)- Financial account- Reserve Assets- Monetary gold- Not applicable- Gold fine troy ounces-Compilation methodology based on international standards,,,3,,,E,"Reserve assets, Monetary gold, volume",,6
RAS.M.N.PL.W1.S121.S1.LE.A.FA.R.F11._Z.XGO.XAU._Z.N.ALL,M,N,PL,W1,S121,S1,LE,A,FA,R,F11,_Z,XGO,XAU,_Z,N,ALL,2016-06,3.31,A,F,,,P1M,Monthly- Neither seasonally adjusted nor calendar adjusted data- Poland vis-a-vis Rest of the World-  sector: Central bank vis-a-vis Total economy- Closing balance sheet/Positions/Stocks- Assets (Net Acquisition of)- Financial account- Reserve Assets- Monetary gold- Not applicable- Gold fine troy ounces-Compilation methodology based on international standards,,,3,,,E,"Reserve assets, Monetary gold, volume",,6
RAS.M.N.PL.W1.S121.S1.LE.A.FA.R.F11._Z.XGO.XAU._Z.N.ALL,M,N,PL,W1,S121,S1,LE,A,FA,R,F11,_Z,XGO,XAU,_Z,N,ALL,2016-07,3.31,A,F,,,P1M,Monthly- Neither seasonally adjusted nor calendar adjusted data- Poland vis-a-vis Rest of the World-  sector: Central bank vis-a-vis Total economy- Closing balance sheet/Positions/Stocks- Assets (Net Acquisition of)- Financial account- Reserve Assets- Monetary gold- Not applicable- Gold fine troy ounces-Compilation methodology based on international standards,,,3,,,E,"Reserve assets, Monetary gold, volume",,6
RAS.M.N.PL.W1.S121.S1.LE.A.FA.R.F11._Z.XGO.XAU._Z.N.ALL,M,N,PL,W1,S121,S1,LE,A,FA,R,F11,_Z,XGO,XAU,_Z,N,ALL,2016-08,3.31,A,F,,,P1M,Monthly- Neither seasonally adjusted nor calendar adjusted data- Poland vis-a-vis Rest of the World-  sector: Central bank vis-a-vis Total economy- Closing balance sheet/Positions/Stocks- Assets (Net Acquisition of)- Financial account- Reserve Assets- Monetary gold- Not applicable- Gold fine troy ounces-Compilation methodology based on international standards,,,3,,,E,"Reserve assets, Monetary gold, volume",,6
RAS.M.N.PL.W1.S121.S1.LE.A.FA.R.F11._Z.XGO.XAU._Z.N.ALL,M,N,PL,W1,S121,S1,LE,A,FA,R,F11,_Z,XGO,XAU,_Z,N,ALL,2016-09,3.31,A,F,,,P1M,Monthly- Neither seasonally adjusted nor calendar adjusted data- Poland vis-a-vis Rest of the World-  sector: Central bank vis-a-vis Total economy- Closing balance sheet/Positions/Stocks- Assets (Net Acquisition of)- Financial account- Reserve Assets- Monetary gold- Not applicable- Gold fine troy ounces-Compilation methodology based on international standards,,,3,,,E,"Reserve assets, Monetary gold, volume",,6
RAS.M.N.PL.W1.S121.S1.LE.A.FA.R.F11._Z.XGO.XAU._Z.N.ALL,M,N,PL,W1,S121,S1,LE,A,FA,R,F11,_Z,XGO,XAU,_Z,N,ALL,2016-10,3.31,A,F,,,P1M,Monthly- Neither seasonally adjusted nor calendar adjusted data- Poland vis-a-vis Rest of the World-  sector: Central bank vis-a-vis Total economy- Closing balance sheet/Positions/Stocks- Assets (Net Acquisition of)- Financial account- Reserve Assets- Monetary gold- Not applicable- Gold fine troy ounces-Compilation methodology based on international standards,,,3,,,E,"Reserve assets, Monetary gold, volume",,6
RAS.M.N.PL.W1.S121.S1.LE.A.FA.R.F11._Z.XGO.XAU._Z.N.ALL,M,N,PL,W1,S121,S1,LE,A,FA,R,F11,_Z,XGO,XAU,_Z,N,ALL,2016-11,3.31,A,F,,,P1M,Monthly- Neither seasonally adjusted nor calendar adjusted data- Poland vis-a-vis Rest of the World-  sector: Central bank vis-a-vis Total economy- Closing balance sheet/Positions/Stocks- Assets (Net Acquisition of)- Financial account- Reserve Assets- Monetary gold- Not applicable- Gold fine troy ounces-Compilation methodology based on international standards,,,3,,,E,"Reserve assets, Monetary gold, volume",,6
RAS.M.N.PL.W1.S121.S1.LE.A.FA.R.F11._Z.XGO.XAU._Z.N.ALL,M,N,PL,W1,S121,S1,LE,A,FA,R,F11,_Z,XGO,XAU,_Z,N,ALL,2016-12,3.31,A,F,,,P1M,Monthly- Neither seasonally adjusted nor calendar adjusted data- Poland vis-a-vis Rest of the World-  sector: Central bank vis-a-vis Total economy- Closing balance sheet/Positions/Stocks- Assets (Net Acquisition of)- Financial account- Reserve Assets- Monetary gold- Not applicable- Gold fine troy ounces-Compilation methodology based on international standards,,,3,,,E,"Reserve assets, Monetary gold, volume",,6
RAS.M.N.PL.W1.S121.S1.LE.A.FA.R.F11._Z.XGO.XAU._Z.N.ALL,M,N,PL,W1,S121,S1,LE,A,FA,R,F11,_Z,XGO,XAU,_Z,N,ALL,2017-01,3,A,F,,,P1M,Monthly- Neither seasonally adjusted nor calendar adjusted data- Poland vis-a-vis Rest of the World-  sector: Central bank vis-a-vis Total economy- Closing balance sheet/Positions/Stocks- Assets (Net Acquisition of)- Financial account- Reserve Assets- Monetary gold- Not applicable- Gold fine troy ounces-Compilation methodology based on international standards,,,3,,,E,"Reserve assets, Monetary gold, volume",,6
RAS.M.N.PL.W1.S121.S1.LE.A.FA.R.F11._Z.XGO.XAU._Z.N.ALL,M,N,PL,W1,S121,S1,LE,A,FA,R,F11,_Z,XGO,XAU,_Z,N,ALL,2017-02,3.31,A,F,,,P1M,Monthly- Neither seasonally adjusted nor calendar adjusted data- Poland vis-a-vis Rest of the World-  sector: Central bank vis-a-vis Total economy- Closing balance sheet/Positions/Stocks- Assets (Net Acquisition of)- Financial account- Reserve Assets- Monetary gold- Not applicable- Gold fine troy ounces-Compilation methodology based on international standards,,,3,,,E,"Reserve assets, Monetary gold, volume",,6
RAS.M.N.PL.W1.S121.S1.LE.A.FA.R.F11._Z.XGO.XAU._Z.N.ALL,M,N,PL,W1,S121,S1,LE,A,FA,R,F11,_Z,XGO,XAU,_Z,N,ALL,2017-03,3.31,A,F,,,P1M,Monthly- Neither seasonally adjusted nor calendar adjusted data- Poland vis-a-vis Rest of the World-  sector: Central bank vis-a-vis Total economy- Closing balance sheet/Positions/Stocks- Assets (Net Acquisition of)- Financial account- Reserve Assets- Monetary gold- Not applicable- Gold fine troy ounces-Compilation methodology based on international standards,,,3,,,E,"Reserve assets, Monetary gold, volume",,6
RAS.M.N.PL.W1.S121.S1.LE.A.FA.R.F11._Z.XGO.XAU._Z.N.ALL,M,N,PL,W1,S121,S1,LE,A,FA,R,F11,_Z,XGO,XAU,_Z,N,ALL,2017-04,3.31,A,F,,,P1M,Monthly- Neither seasonally adjusted nor calendar adjusted data- Poland vis-a-vis Rest of the World-  sector: Central bank vis-a-vis Total economy- Closing balance sheet/Positions/Stocks- Assets (Net Acquisition of)- Financial account- Reserve Assets- Monetary gold- Not applicable- Gold fine troy ounces-Compilation methodology based on international standards,,,3,,,E,"Reserve assets, Monetary gold, volume",,6
RAS.M.N.PL.W1.S121.S1.LE.A.FA.R.F11._Z.XGO.XAU._Z.N.ALL,M,N,PL,W1,S121,S1,LE,A,FA,R,F11,_Z,XGO,XAU,_Z,N,ALL,2017-05,3.31,A,F,,,P1M,Monthly- Neither seasonally adjusted nor calendar adjusted data- Poland vis-a-vis Rest of the World-  sector: Central bank vis-a-vis Total economy- Closing balance sheet/Positions/Stocks- Assets (Net Acquisition of)- Financial account- Reserve Assets- Monetary gold- Not applicable- Gold fine troy ounces-Compilation methodology based on international standards,,,3,,,E,"Reserve assets, Monetary gold, volume",,6
RAS.M.N.PL.W1.S121.S1.LE.A.FA.R.F11._Z.XGO.XAU._Z.N.ALL,M,N,PL,W1,S121,S1,LE,A,FA,R,F11,_Z,XGO,XAU,_Z,N,ALL,2017-06,3.31,A,F,,,P1M,Monthly- Neither seasonally adjusted nor calendar adjusted data- Poland vis-a-vis Rest of the World-  sector: Central bank vis-a-vis Total economy- Closing balance sheet/Positions/Stocks- Assets (Net Acquisition of)- Financial account- Reserve Assets- Monetary gold- Not applicable- Gold fine troy ounces-Compilation methodology based on international standards,,,3,,,E,"Reserve assets, Monetary gold, volume",,6
RAS.M.N.PL.W1.S121.S1.LE.A.FA.R.F11._Z.XGO.XAU._Z.N.ALL,M,N,PL,W1,S121,S1,LE,A,FA,R,F11,_Z,XGO,XAU,_Z,N,ALL,2017-07,3.311,A,F,,,P1M,Monthly- Neither seasonally adjusted nor calendar adjusted data- Poland vis-a-vis Rest of the World-  sector: Central bank vis-a-vis Total economy- Closing balance sheet/Positions/Stocks- Assets (Net Acquisition of)- Financial account- Reserve Assets- Monetary gold- Not applicable- Gold fine troy ounces-Compilation methodology based on international standards,,,3,,,E,"Reserve assets, Monetary gold, volume",,6
RAS.M.N.PL.W1.S121.S1.LE.A.FA.R.F11._Z.XGO.XAU._Z.N.ALL,M,N,PL,W1,S121,S1,LE,A,FA,R,F11,_Z,XGO,XAU,_Z,N,ALL,2017-08,3.311,A,F,,,P1M,Monthly- Neither seasonally adjusted nor calendar adjusted data- Poland vis-a-vis Rest of the World-  sector: Central bank vis-a-vis Total economy- Closing balance sheet/Positions/Stocks- Assets (Net Acquisition of)- Financial account- Reserve Assets- Monetary gold- Not applicable- Gold fine troy ounces-Compilation methodology based on international standards,,,3,,,E,"Reserve assets, Monetary gold, volume",,6
RAS.M.N.PL.W1.S121.S1.LE.A.FA.R.F11._Z.XGO.XAU._Z.N.ALL,M,N,PL,W1,S121,S1,LE,A,FA,R,F11,_Z,XGO,XAU,_Z,N,ALL,2017-09,3.311,A,F,,,P1M,Monthly- Neither seasonally adjusted nor calendar adjusted data- Poland vis-a-vis Rest of the World-  sector: Central bank vis-a-vis Total economy- Closing balance sheet/Positions/Stocks- Assets (Net Acquisition of)- Financial account- Reserve Assets- Monetary gold- Not applicable- Gold fine troy ounces-Compilation methodology based on international standards,,,3,,,E,"Reserve assets, Monetary gold, volume",,6
RAS.M.N.PL.W1.S121.S1.LE.A.FA.R.F11._Z.XGO.XAU._Z.N.ALL,M,N,PL,W1,S121,S1,LE,A,FA,R,F11,_Z,XGO,XAU,_Z,N,ALL,2017-10,3.311,A,F,,,P1M,Monthly- Neither seasonally adjusted nor calendar adjusted data- Poland vis-a-vis Rest of the World-  sector: Central bank vis-a-vis Total economy- Closing balance sheet/Positions/Stocks- Assets (Net Acquisition of)- Financial account- Reserve Assets- Monetary gold- Not applicable- Gold fine troy ounces-Compilation methodology based on international standards,,,3,,,E,"Reserve assets, Monetary gold, volume",,6
RAS.M.N.PL.W1.S121.S1.LE.A.FA.R.F11._Z.XGO.XAU._Z.N.ALL,M,N,PL,W1,S121,S1,LE,A,FA,R,F11,_Z,XGO,XAU,_Z,N,ALL,2017-11,3.311,A,F,,,P1M,Monthly- Neither seasonally adjusted nor calendar adjusted data- Poland vis-a-vis Rest of the World-  sector: Central bank vis-a-vis Total economy- Closing balance sheet/Positions/Stocks- Assets (Net Acquisition of)- Financial account- Reserve Assets- Monetary gold- Not applicable- Gold fine troy ounces-Compilation methodology based on international standards,,,3,,,E,"Reserve assets, Monetary gold, volume",,6
RAS.M.N.PL.W1.S121.S1.LE.A.FA.R.F11._Z.XGO.XAU._Z.N.ALL,M,N,PL,W1,S121,S1,LE,A,FA,R,F11,_Z,XGO,XAU,_Z,N,ALL,2017-12,3.311,A,F,,,P1M,Monthly- Neither seasonally adjusted nor calendar adjusted data- Poland vis-a-vis Rest of the World-  sector: Central bank vis-a-vis Total economy- Closing balance sheet/Positions/Stocks- Assets (Net Acquisition of)- Financial account- Reserve Assets- Monetary gold- Not applicable- Gold fine troy ounces-Compilation methodology based on international standards,,,3,,,E,"Reserve assets, Monetary gold, volume",,6
RAS.M.N.PL.W1.S121.S1.LE.A.FA.R.F11._Z.XGO.XAU._Z.N.ALL,M,N,PL,W1,S121,S1,LE,A,FA,R,F11,_Z,XGO,XAU,_Z,N,ALL,2018-01,3.311,A,F,,,P1M,Monthly- Neither seasonally adjusted nor calendar adjusted data- Poland vis-a-vis Rest of the World-  sector: Central bank vis-a-vis Total economy- Closing balance sheet/Positions/Stocks- Assets (Net Acquisition of)- Financial account- Reserve Assets- Monetary gold- Not applicable- Gold fine troy ounces-Compilation methodology based on international standards,,,3,,,E,"Reserve assets, Monetary gold, volume",,6
RAS.M.N.PL.W1.S121.S1.LE.A.FA.R.F11._Z.XGO.XAU._Z.N.ALL,M,N,PL,W1,S121,S1,LE,A,FA,R,F11,_Z,XGO,XAU,_Z,N,ALL,2018-02,3.311,A,F,,,P1M,Monthly- Neither seasonally adjusted nor calendar adjusted data- Poland vis-a-vis Rest of the World-  sector: Central bank vis-a-vis Total economy- Closing balance sheet/Positions/Stocks- Assets (Net Acquisition of)- Financial account- Reserve Assets- Monetary gold- Not applicable- Gold fine troy ounces-Compilation methodology based on international standards,,,3,,,E,"Reserve assets, Monetary gold, volume",,6
RAS.M.N.PL.W1.S121.S1.LE.A.FA.R.F11._Z.XGO.XAU._Z.N.ALL,M,N,PL,W1,S121,S1,LE,A,FA,R,F11,_Z,XGO,XAU,_Z,N,ALL,2018-03,3.311,A,F,,,P1M,Monthly- Neither seasonally adjusted nor calendar adjusted data- Poland vis-a-vis Rest of the World-  sector: Central bank vis-a-vis Total economy- Closing balance sheet/Positions/Stocks- Assets (Net Acquisition of)- Financial account- Reserve Assets- Monetary gold- Not applicable- Gold fine troy ounces-Compilation methodology based on international standards,,,3,,,E,"Reserve assets, Monetary gold, volume",,6
RAS.M.N.PL.W1.S121.S1.LE.A.FA.R.F11._Z.XGO.XAU._Z.N.ALL,M,N,PL,W1,S121,S1,LE,A,FA,R,F11,_Z,XGO,XAU,_Z,N,ALL,2018-04,3.31,A,F,,,P1M,Monthly- Neither seasonally adjusted nor calendar adjusted data- Poland vis-a-vis Rest of the World-  sector: Central bank vis-a-vis Total economy- Closing balance sheet/Positions/Stocks- Assets (Net Acquisition of)- Financial account- Reserve Assets- Monetary gold- Not applicable- Gold fine troy ounces-Compilation methodology based on international standards,,,3,,,E,"Reserve assets, Monetary gold, volume",,6
RAS.M.N.PL.W1.S121.S1.LE.A.FA.R.F11._Z.XGO.XAU._Z.N.ALL,M,N,PL,W1,S121,S1,LE,A,FA,R,F11,_Z,XGO,XAU,_Z,N,ALL,2018-05,3.31,A,F,,,P1M,Monthly- Neither seasonally adjusted nor calendar adjusted data- Poland vis-a-vis Rest of the World-  sector: Central bank vis-a-vis Total economy- Closing balance sheet/Positions/Stocks- Assets (Net Acquisition of)- Financial account- Reserve Assets- Monetary gold- Not applicable- Gold fine troy ounces-Compilation methodology based on international standards,,,3,,,E,"Reserve assets, Monetary gold, volume",,6
RAS.M.N.PL.W1.S121.S1.LE.A.FA.R.F11._Z.XGO.XAU._Z.N.ALL,M,N,PL,W1,S121,S1,LE,A,FA,R,F11,_Z,XGO,XAU,_Z,N,ALL,2018-06,3.31,A,F,,,P1M,Monthly- Neither seasonally adjusted nor calendar adjusted data- Poland vis-a-vis Rest of the World-  sector: Central bank vis-a-vis Total economy- Closing balance sheet/Positions/Stocks- Assets (Net Acquisition of)- Financial account- Reserve Assets- Monetary gold- Not applicable- Gold fine troy ounces-Compilation methodology based on international standards,,,3,,,E,"Reserve assets, Monetary gold, volume",,6
RAS.M.N.PL.W1.S121.S1.LE.A.FA.R.F11._Z.XGO.XAU._Z.N.ALL,M,N,PL,W1,S121,S1,LE,A,FA,R,F11,_Z,XGO,XAU,_Z,N,ALL,2018-07,3.37,A,F,,,P1M,Monthly- Neither seasonally adjusted nor calendar adjusted data- Poland vis-a-vis Rest of the World-  sector: Central bank vis-a-vis Total economy- Closing balance sheet/Positions/Stocks- Assets (Net Acquisition of)- Financial account- Reserve Assets- Monetary gold- Not applicable- Gold fine troy ounces-Compilation methodology based on international standards,,,3,,,E,"Reserve assets, Monetary gold, volume",,6
RAS.M.N.PL.W1.S121.S1.LE.A.FA.R.F11._Z.XGO.XAU._Z.N.ALL,M,N,PL,W1,S121,S1,LE,A,FA,R,F11,_Z,XGO,XAU,_Z,N,ALL,2018-08,3.611,A,F,,,P1M,Monthly- Neither seasonally adjusted nor calendar adjusted data- Poland vis-a-vis Rest of the World-  sector: Central bank vis-a-vis Total economy- Closing balance sheet/Positions/Stocks- Assets (Net Acquisition of)- Financial account- Reserve Assets- Monetary gold- Not applicable- Gold fine troy ounces-Compilation methodology based on international standards,,,3,,,E,"Reserve assets, Monetary gold, volume",,6
RAS.M.N.PL.W1.S121.S1.LE.A.FA.R.F11._Z.XGO.XAU._Z.N.ALL,M,N,PL,W1,S121,S1,LE,A,FA,R,F11,_Z,XGO,XAU,_Z,N,ALL,2018-09,3.751,A,F,,,P1M,Monthly- Neither seasonally adjusted nor calendar adjusted data- Poland vis-a-vis Rest of the World-  sector: Central bank vis-a-vis Total economy- Closing balance sheet/Positions/Stocks- Assets (Net Acquisition of)- Financial account- Reserve Assets- Monetary gold- Not applicable- Gold fine troy ounces-Compilation methodology based on international standards,,,3,,,E,"Reserve assets, Monetary gold, volume",,6
RAS.M.N.PL.W1.S121.S1.LE.A.FA.R.F11._Z.XGO.XAU._Z.N.ALL,M,N,PL,W1,S121,S1,LE,A,FA,R,F11,_Z,XGO,XAU,_Z,N,ALL,2018-10,4.136,A,F,,,P1M,Monthly- Neither seasonally adjusted nor calendar adjusted data- Poland vis-a-vis Rest of the World-  sector: Central bank vis-a-vis Total economy- Closing balance sheet/Positions/Stocks- Assets (Net Acquisition of)- Financial account- Reserve Assets- Monetary gold- Not applicable- Gold fine troy ounces-Compilation methodology based on international standards,,,3,,,E,"Reserve assets, Monetary gold, volume",,6
RAS.M.N.PL.W1.S121.S1.LE.A.FA.R.F11._Z.XGO.XAU._Z.N.ALL,M,N,PL,W1,S121,S1,LE,A,FA,R,F11,_Z,XGO,XAU,_Z,N,ALL,2018-11,4.136,A,F,,,P1M,Monthly- Neither seasonally adjusted nor calendar adjusted data- Poland vis-a-vis Rest of the World-  sector: Central bank vis-a-vis Total economy- Closing balance sheet/Positions/Stocks- Assets (Net Acquisition of)- Financial account- Reserve Assets- Monetary gold- Not applicable- Gold fine troy ounces-Compilation methodology based on international standards,,,3,,,E,"Reserve assets, Monetary gold, volume",,6
RAS.M.N.PL.W1.S121.S1.LE.A.FA.R.F11._Z.XGO.XAU._Z.N.ALL,M,N,PL,W1,S121,S1,LE,A,FA,R,F11,_Z,XGO,XAU,_Z,N,ALL,2018-12,4.136,A,F,,,P1M,Monthly- Neither seasonally adjusted nor calendar adjusted data- Poland vis-a-vis Rest of the World-  sector: Central bank vis-a-vis Total economy- Closing balance sheet/Positions/Stocks- Assets (Net Acquisition of)- Financial account- Reserve Assets- Monetary gold- Not applicable- Gold fine troy ounces-Compilation methodology based on international standards,,,3,,,E,"Reserve assets, Monetary gold, volume",,6
RAS.M.N.PL.W1.S121.S1.LE.A.FA.R.F11._Z.XGO.XAU._Z.N.ALL,M,N,PL,W1,S121,S1,LE,A,FA,R,F11,_Z,XGO,XAU,_Z,N,ALL,2019-01,4.136,A,F,,,P1M,Monthly- Neither seasonally adjusted nor calendar adjusted data- Poland vis-a-vis Rest of the World-  sector: Central bank vis-a-vis Total economy- Closing balance sheet/Positions/Stocks- Assets (Net Acquisition of)- Financial account- Reserve Assets- Monetary gold- Not applicable- Gold fine troy ounces-Compilation methodology based on international standards,,,3,,,E,"Reserve assets, Monetary gold, volume",,6
RAS.M.N.PL.W1.S121.S1.LE.A.FA.R.F11._Z.XGO.XAU._Z.N.ALL,M,N,PL,W1,S121,S1,LE,A,FA,R,F11,_Z,XGO,XAU,_Z,N,ALL,2019-02,4.136,A,F,,,P1M,Monthly- Neither seasonally adjusted nor calendar adjusted data- Poland vis-a-vis Rest of the World-  sector: Central bank vis-a-vis Total economy- Closing balance sheet/Positions/Stocks- Assets (Net Acquisition of)- Financial account- Reserve Assets- Monetary gold- Not applicable- Gold fine troy ounces-Compilation methodology based on international standards,,,3,,,E,"Reserve assets, Monetary gold, volume",,6
RAS.M.N.PL.W1.S121.S1.LE.A.FA.R.F11._Z.XGO.XAU._Z.N.ALL,M,N,PL,W1,S121,S1,LE,A,FA,R,F11,_Z,XGO,XAU,_Z,N,ALL,2019-03,4.136,A,F,,,P1M,Monthly- Neither seasonally adjusted nor calendar adjusted data- Poland vis-a-vis Rest of the World-  sector: Central bank vis-a-vis Total economy- Closing balance sheet/Positions/Stocks- Assets (Net Acquisition of)- Financial account- Reserve Assets- Monetary gold- Not applicable- Gold fine troy ounces-Compilation methodology based on international standards,,,3,,,E,"Reserve assets, Monetary gold, volume",,6
RAS.M.N.PL.W1.S121.S1.LE.A.FA.R.F11._Z.XGO.XAU._Z.N.ALL,M,N,PL,W1,S121,S1,LE,A,FA,R,F11,_Z,XGO,XAU,_Z,N,ALL,2019-04,4.136,A,F,,,P1M,Monthly- Neither seasonally adjusted nor calendar adjusted data- Poland vis-a-vis Rest of the World-  sector: Central bank vis-a-vis Total economy- Closing balance sheet/Positions/Stocks- Assets (Net Acquisition of)- Financial account- Reserve Assets- Monetary gold- Not applicable- Gold fine troy ounces-Compilation methodology based on international standards,,,3,,,E,"Reserve assets, Monetary gold, volume",,6
RAS.M.N.PL.W1.S121.S1.LE.A.FA.R.F11._Z.XGO.XAU._Z.N.ALL,M,N,PL,W1,S121,S1,LE,A,FA,R,F11,_Z,XGO,XAU,_Z,N,ALL,2019-05,4.286,A,F,,,P1M,Monthly- Neither seasonally adjusted nor calendar adjusted data- Poland vis-a-vis Rest of the World-  sector: Central bank vis-a-vis Total economy- Closing balance sheet/Positions/Stocks- Assets (Net Acquisition of)- Financial account- Reserve Assets- Monetary gold- Not applicable- Gold fine troy ounces-Compilation methodology based on international standards,,,3,,,E,"Reserve assets, Monetary gold, volume",,6
RAS.M.N.PL.W1.S121.S1.LE.A.FA.R.F11._Z.XGO.XAU._Z.N.ALL,M,N,PL,W1,S121,S1,LE,A,FA,R,F11,_Z,XGO,XAU,_Z,N,ALL,2019-06,7.336,A,F,,,P1M,Monthly- Neither seasonally adjusted nor calendar adjusted data- Poland vis-a-vis Rest of the World-  sector: Central bank vis-a-vis Total economy- Closing balance sheet/Positions/Stocks- Assets (Net Acquisition of)- Financial account- Reserve Assets- Monetary gold- Not applicable- Gold fine troy ounces-Compilation methodology based on international standards,,,3,,,E,"Reserve assets, Monetary gold, volume",,6
RAS.M.N.PL.W1.S121.S1.LE.A.FA.R.F11._Z.XGO.XAU._Z.N.ALL,M,N,PL,W1,S121,S1,LE,A,FA,R,F11,_Z,XGO,XAU,_Z,N,ALL,2019-07,7.351,A,F,,,P1M,Monthly- Neither seasonally adjusted nor calendar adjusted data- Poland vis-a-vis Rest of the World-  sector: Central bank vis-a-vis Total economy- Closing balance sheet/Positions/Stocks- Assets (Net Acquisition of)- Financial account- Reserve Assets- Monetary gold- Not applicable- Gold fine troy ounces-Compilation methodology based on international standards,,,3,,,E,"Reserve assets, Monetary gold, volume",,6
RAS.M.N.PL.W1.S121.S1.LE.A.FA.R.F11._Z.XGO.XAU._Z.N.ALL,M,N,PL,W1,S121,S1,LE,A,FA,R,F11,_Z,XGO,XAU,_Z,N,ALL,2019-08,7.351,A,F,,,P1M,Monthly- Neither seasonally adjusted nor calendar adjusted data- Poland vis-a-vis Rest of the World-  sector: Central bank vis-a-vis Total economy- Closing balance sheet/Positions/Stocks- Assets (Net Acquisition of)- Financial account- Reserve Assets- Monetary gold- Not applicable- Gold fine troy ounces-Compilation methodology based on international standards,,,3,,,E,"Reserve assets, Monetary gold, volume",,6
RAS.M.N.PL.W1.S121.S1.LE.A.FA.R.F11._Z.XGO.XAU._Z.N.ALL,M,N,PL,W1,S121,S1,LE,A,FA,R,F11,_Z,XGO,XAU,_Z,N,ALL,2019-09,7.351,A,F,,,P1M,Monthly- Neither seasonally adjusted nor calendar adjusted data- Poland vis-a-vis Rest of the World-  sector: Central bank vis-a-vis Total economy- Closing balance sheet/Positions/Stocks- Assets (Net Acquisition of)- Financial account- Reserve Assets- Monetary gold- Not applicable- Gold fine troy ounces-Compilation methodology based on international standards,,,3,,,E,"Reserve assets, Monetary gold, volume",,6
RAS.M.N.PL.W1.S121.S1.LE.A.FA.R.F11._Z.XGO.XAU._Z.N.ALL,M,N,PL,W1,S121,S1,LE,A,FA,R,F11,_Z,XGO,XAU,_Z,N,ALL,2019-10,7.351,A,F,,,P1M,Monthly- Neither seasonally adjusted nor calendar adjusted data- Poland vis-a-vis Rest of the World-  sector: Central bank vis-a-vis Total economy- Closing balance sheet/Positions/Stocks- Assets (Net Acquisition of)- Financial account- Reserve Assets- Monetary gold- Not applicable- Gold fine troy ounces-Compilation methodology based on international standards,,,3,,,E,"Reserve assets, Monetary gold, volume",,6
RAS.M.N.PL.W1.S121.S1.LE.A.FA.R.F11._Z.XGO.XAU._Z.N.ALL,M,N,PL,W1,S121,S1,LE,A,FA,R,F11,_Z,XGO,XAU,_Z,N,ALL,2019-11,7.351,A,F,,,P1M,Monthly- Neither seasonally adjusted nor calendar adjusted data- Poland vis-a-vis Rest of the World-  sector: Central bank vis-a-vis Total economy- Closing balance sheet/Positions/Stocks- Assets (Net Acquisition of)- Financial account- Reserve Assets- Monetary gold- Not applicable- Gold fine troy ounces-Compilation methodology based on international standards,,,3,,,E,"Reserve assets, Monetary gold, volume",,6
RAS.M.N.PL.W1.S121.S1.LE.A.FA.R.F11._Z.XGO.XAU._Z.N.ALL,M,N,PL,W1,S121,S1,LE,A,FA,R,F11,_Z,XGO,XAU,_Z,N,ALL,2019-12,7.351,A,F,,,P1M,Monthly- Neither seasonally adjusted nor calendar adjusted data- Poland vis-a-vis Rest of the World-  sector: Central bank vis-a-vis Total economy- Closing balance sheet/Positions/Stocks- Assets (Net Acquisition of)- Financial account- Reserve Assets- Monetary gold- Not applicable- Gold fine troy ounces-Compilation methodology based on international standards,,,3,,,E,"Reserve assets, Monetary gold, volume",,6
RAS.M.N.PL.W1.S121.S1.LE.A.FA.R.F11._Z.XGO.XAU._Z.N.ALL,M,N,PL,W1,S121,S1,LE,A,FA,R,F11,_Z,XGO,XAU,_Z,N,ALL,2020-01,7.351,A,F,,,P1M,Monthly- Neither seasonally adjusted nor calendar adjusted data- Poland vis-a-vis Rest of the World-  sector: Central bank vis-a-vis Total economy- Closing balance sheet/Positions/Stocks- Assets (Net Acquisition of)- Financial account- Reserve Assets- Monetary gold- Not applicable- Gold fine troy ounces-Compilation methodology based on international standards,,,3,,,E,"Reserve assets, Monetary gold, volume",,6
RAS.M.N.PL.W1.S121.S1.LE.A.FA.R.F11._Z.XGO.XAU._Z.N.ALL,M,N,PL,W1,S121,S1,LE,A,FA,R,F11,_Z,XGO,XAU,_Z,N,ALL,2020-02,7.351,A,F,,,P1M,Monthly- Neither seasonally adjusted nor calendar adjusted data- Poland vis-a-vis Rest of the World-  sector: Central bank vis-a-vis Total economy- Closing balance sheet/Positions/Stocks- Assets (Net Acquisition of)- Financial account- Reserve Assets- Monetary gold- Not applicable- Gold fine troy ounces-Compilation methodology based on international standards,,,3,,,E,"Reserve assets, Monetary gold, volume",,6
RAS.M.N.PL.W1.S121.S1.LE.A.FA.R.F11._Z.XGO.XAU._Z.N.ALL,M,N,PL,W1,S121,S1,LE,A,FA,R,F11,_Z,XGO,XAU,_Z,N,ALL,2020-03,7.351,A,F,,,P1M,Monthly- Neither seasonally adjusted nor calendar adjusted data- Poland vis-a-vis Rest of the World-  sector: Central bank vis-a-vis Total economy- Closing balance sheet/Positions/Stocks- Assets (Net Acquisition of)- Financial account- Reserve Assets- Monetary gold- Not applicable- Gold fine troy ounces-Compilation methodology based on international standards,,,3,,,E,"Reserve assets, Monetary gold, volume",,6
RAS.M.N.PL.W1.S121.S1.LE.A.FA.R.F11._Z.XGO.XAU._Z.N.ALL,M,N,PL,W1,S121,S1,LE,A,FA,R,F11,_Z,XGO,XAU,_Z,N,ALL,2020-04,7.351,A,F,,,P1M,Monthly- Neither seasonally adjusted nor calendar adjusted data- Poland vis-a-vis Rest of the World-  sector: Central bank vis-a-vis Total economy- Closing balance sheet/Positions/Stocks- Assets (Net Acquisition of)- Financial account- Reserve Assets- Monetary gold- Not applicable- Gold fine troy ounces-Compilation methodology based on international standards,,,3,,,E,"Reserve assets, Monetary gold, volume",,6
RAS.M.N.PL.W1.S121.S1.LE.A.FA.R.F11._Z.XGO.XAU._Z.N.ALL,M,N,PL,W1,S121,S1,LE,A,FA,R,F11,_Z,XGO,XAU,_Z,N,ALL,2020-05,7.351,A,F,,,P1M,Monthly- Neither seasonally adjusted nor calendar adjusted data- Poland vis-a-vis Rest of the World-  sector: Central bank vis-a-vis Total economy- Closing balance sheet/Positions/Stocks- Assets (Net Acquisition of)- Financial account- Reserve Assets- Monetary gold- Not applicable- Gold fine troy ounces-Compilation methodology based on international standards,,,3,,,E,"Reserve assets, Monetary gold, volume",,6
RAS.M.N.PL.W1.S121.S1.LE.A.FA.R.F11._Z.XGO.XAU._Z.N.ALL,M,N,PL,W1,S121,S1,LE,A,FA,R,F11,_Z,XGO,XAU,_Z,N,ALL,2020-06,7.351,A,F,,,P1M,Monthly- Neither seasonally adjusted nor calendar adjusted data- Poland vis-a-vis Rest of the World-  sector: Central bank vis-a-vis Total economy- Closing balance sheet/Positions/Stocks- Assets (Net Acquisition of)- Financial account- Reserve Assets- Monetary gold- Not applicable- Gold fine troy ounces-Compilation methodology based on international standards,,,3,,,E,"Reserve assets, Monetary gold, volume",,6
RAS.M.N.PL.W1.S121.S1.LE.A.FA.R.F11._Z.XGO.XAU._Z.N.ALL,M,N,PL,W1,S121,S1,LE,A,FA,R,F11,_Z,XGO,XAU,_Z,N,ALL,2020-07,7.351,A,F,,,P1M,Monthly- Neither seasonally adjusted nor calendar adjusted data- Poland vis-a-vis Rest of the World-  sector: Central bank vis-a-vis Total economy- Closing balance sheet/Positions/Stocks- Assets (Net Acquisition of)- Financial account- Reserve Assets- Monetary gold- Not applicable- Gold fine troy ounces-Compilation methodology based on international standards,,,3,,,E,"Reserve assets, Monetary gold, volume",,6
RAS.M.N.PL.W1.S121.S1.LE.A.FA.R.F11._Z.XGO.XAU._Z.N.ALL,M,N,PL,W1,S121,S1,LE,A,FA,R,F11,_Z,XGO,XAU,_Z,N,ALL,2020-08,7.352,A,F,,,P1M,Monthly- Neither seasonally adjusted nor calendar adjusted data- Poland vis-a-vis Rest of the World-  sector: Central bank vis-a-vis Total economy- Closing balance sheet/Positions/Stocks- Assets (Net Acquisition of)- Financial account- Reserve Assets- Monetary gold- Not applicable- Gold fine troy ounces-Compilation methodology based on international standards,,,3,,,E,"Reserve assets, Monetary gold, volume",,6
RAS.M.N.PL.W1.S121.S1.LE.A.FA.R.F11._Z.XGO.XAU._Z.N.ALL,M,N,PL,W1,S121,S1,LE,A,FA,R,F11,_Z,XGO,XAU,_Z,N,ALL,2020-09,7.352,A,F,,,P1M,Monthly- Neither seasonally adjusted nor calendar adjusted data- Poland vis-a-vis Rest of the World-  sector: Central bank vis-a-vis Total economy- Closing balance sheet/Positions/Stocks- Assets (Net Acquisition of)- Financial account- Reserve Assets- Monetary gold- Not applicable- Gold fine troy ounces-Compilation methodology based on international standards,,,3,,,E,"Reserve assets, Monetary gold, volume",,6
RAS.M.N.PL.W1.S121.S1.LE.A.FA.R.F11._Z.XGO.XAU._Z.N.ALL,M,N,PL,W1,S121,S1,LE,A,FA,R,F11,_Z,XGO,XAU,_Z,N,ALL,2020-10,7.352,A,F,,,P1M,Monthly- Neither seasonally adjusted nor calendar adjusted data- Poland vis-a-vis Rest of the World-  sector: Central bank vis-a-vis Total economy- Closing balance sheet/Positions/Stocks- Assets (Net Acquisition of)- Financial account- Reserve Assets- Monetary gold- Not applicable- Gold fine troy ounces-Compilation methodology based on international standards,,,3,,,E,"Reserve assets, Monetary gold, volume",,6
RAS.M.N.PL.W1.S121.S1.LE.A.FA.R.F11._Z.XGO.XAU._Z.N.ALL,M,N,PL,W1,S121,S1,LE,A,FA,R,F11,_Z,XGO,XAU,_Z,N,ALL,2020-11,7.352,A,F,,,P1M,Monthly- Neither seasonally adjusted nor calendar adjusted data- Poland vis-a-vis Rest of the World-  sector: Central bank vis-a-vis Total economy- Closing balance sheet/Positions/Stocks- Assets (Net Acquisition of)- Financial account- Reserve Assets- Monetary gold- Not applicable- Gold fine troy ounces-Compilation methodology based on international standards,,,3,,,E,"Reserve assets, Monetary gold, volume",,6
RAS.M.N.PL.W1.S121.S1.LE.A.FA.R.F11._Z.XGO.XAU._Z.N.ALL,M,N,PL,W1,S121,S1,LE,A,FA,R,F11,_Z,XGO,XAU,_Z,N,ALL,2020-12,7.352,A,F,,,P1M,Monthly- Neither seasonally adjusted nor calendar adjusted data- Poland vis-a-vis Rest of the World-  sector: Central bank vis-a-vis Total economy- Closing balance sheet/Positions/Stocks- Assets (Net Acquisition of)- Financial account- Reserve Assets- Monetary gold- Not applicable- Gold fine troy ounces-Compilation methodology based on international standards,,,3,,,E,"Reserve assets, Monetary gold, volume",,6
RAS.M.N.PL.W1.S121.S1.LE.A.FA.R.F11._Z.XGO.XAU._Z.N.ALL,M,N,PL,W1,S121,S1,LE,A,FA,R,F11,_Z,XGO,XAU,_Z,N,ALL,2021-01,7.352,A,F,,,P1M,Monthly- Neither seasonally adjusted nor calendar adjusted data- Poland vis-a-vis Rest of the World-  sector: Central bank vis-a-vis Total economy- Closing balance sheet/Positions/Stocks- Assets (Net Acquisition of)- Financial account- Reserve Assets- Monetary gold- Not applicable- Gold fine troy ounces-Compilation methodology based on international standards,,,3,,,E,"Reserve assets, Monetary gold, volume",,6
RAS.M.N.PL.W1.S121.S1.LE.A.FA.R.F11._Z.XGO.XAU._Z.N.ALL,M,N,PL,W1,S121,S1,LE,A,FA,R,F11,_Z,XGO,XAU,_Z,N,ALL,2021-02,7.352,A,F,,,P1M,Monthly- Neither seasonally adjusted nor calendar adjusted data- Poland vis-a-vis Rest of the World-  sector: Central bank vis-a-vis Total economy- Closing balance sheet/Positions/Stocks- Assets (Net Acquisition of)- Financial account- Reserve Assets- Monetary gold- Not applicable- Gold fine troy ounces-Compilation methodology based on international standards,,,3,,,E,"Reserve assets, Monetary gold, volume",,6
RAS.M.N.PL.W1.S121.S1.LE.A.FA.R.F11._Z.XGO.XAU._Z.N.ALL,M,N,PL,W1,S121,S1,LE,A,FA,R,F11,_Z,XGO,XAU,_Z,N,ALL,2021-03,7.352,A,F,,,P1M,Monthly- Neither seasonally adjusted nor calendar adjusted data- Poland vis-a-vis Rest of the World-  sector: Central bank vis-a-vis Total economy- Closing balance sheet/Positions/Stocks- Assets (Net Acquisition of)- Financial account- Reserve Assets- Monetary gold- Not applicable- Gold fine troy ounces-Compilation methodology based on international standards,,,3,,,E,"Reserve assets, Monetary gold, volume",,6
RAS.M.N.PL.W1.S121.S1.LE.A.FA.R.F11._Z.XGO.XAU._Z.N.ALL,M,N,PL,W1,S121,S1,LE,A,FA,R,F11,_Z,XGO,XAU,_Z,N,ALL,2021-04,7.352,A,F,,,P1M,Monthly- Neither seasonally adjusted nor calendar adjusted data- Poland vis-a-vis Rest of the World-  sector: Central bank vis-a-vis Total economy- Closing balance sheet/Positions/Stocks- Assets (Net Acquisition of)- Financial account- Reserve Assets- Monetary gold- Not applicable- Gold fine troy ounces-Compilation methodology based on international standards,,,3,,,E,"Reserve assets, Monetary gold, volume",,6
RAS.M.N.PL.W1.S121.S1.LE.A.FA.R.F11._Z.XGO.XAU._Z.N.ALL,M,N,PL,W1,S121,S1,LE,A,FA,R,F11,_Z,XGO,XAU,_Z,N,ALL,2021-05,7.412,A,F,,,P1M,Monthly- Neither seasonally adjusted nor calendar adjusted data- Poland vis-a-vis Rest of the World-  sector: Central bank vis-a-vis Total economy- Closing balance sheet/Positions/Stocks- Assets (Net Acquisition of)- Financial account- Reserve Assets- Monetary gold- Not applicable- Gold fine troy ounces-Compilation methodology based on international standards,,,3,,,E,"Reserve assets, Monetary gold, volume",,6
RAS.M.N.PL.W1.S121.S1.LE.A.FA.R.F11._Z.XGO.XAU._Z.N.ALL,M,N,PL,W1,S121,S1,LE,A,FA,R,F11,_Z,XGO,XAU,_Z,N,ALL,2021-06,7.452,A,F,,,P1M,Monthly- Neither seasonally adjusted nor calendar adjusted data- Poland vis-a-vis Rest of the World-  sector: Central bank vis-a-vis Total economy- Closing balance sheet/Positions/Stocks- Assets (Net Acquisition of)- Financial account- Reserve Assets- Monetary gold- Not applicable- Gold fine troy ounces-Compilation methodology based on international standards,,,3,,,E,"Reserve assets, Monetary gold, volume",,6
RAS.M.N.PL.W1.S121.S1.LE.A.FA.R.F11._Z.XGO.XAU._Z.N.ALL,M,N,PL,W1,S121,S1,LE,A,FA,R,F11,_Z,XGO,XAU,_Z,N,ALL,2021-07,7,A,F,,,P1M,Monthly- Neither seasonally adjusted nor calendar adjusted data- Poland vis-a-vis Rest of the World-  sector: Central bank vis-a-vis Total economy- Closing balance sheet/Positions/Stocks- Assets (Net Acquisition of)- Financial account- Reserve Assets- Monetary gold- Not applicable- Gold fine troy ounces-Compilation methodology based on international standards,,,3,,,E,"Reserve assets, Monetary gold, volume",,6
RAS.M.N.PL.W1.S121.S1.LE.A.FA.R.F11._Z.XGO.XAU._Z.N.ALL,M,N,PL,W1,S121,S1,LE,A,FA,R,F11,_Z,XGO,XAU,_Z,N,ALL,2021-08,7,A,F,,,P1M,Monthly- Neither seasonally adjusted nor calendar adjusted data- Poland vis-a-vis Rest of the World-  sector: Central bank vis-a-vis Total economy- Closing balance sheet/Positions/Stocks- Assets (Net Acquisition of)- Financial account- Reserve Assets- Monetary gold- Not applicable- Gold fine troy ounces-Compilation methodology based on international standards,,,3,,,E,"Reserve assets, Monetary gold, volume",,6
RAS.M.N.PL.W1.S121.S1.LE.A.FA.R.F11._Z.XGO.XAU._Z.N.ALL,M,N,PL,W1,S121,S1,LE,A,FA,R,F11,_Z,XGO,XAU,_Z,N,ALL,2021-09,7,A,F,,,P1M,Monthly- Neither seasonally adjusted nor calendar adjusted data- Poland vis-a-vis Rest of the World-  sector: Central bank vis-a-vis Total economy- Closing balance sheet/Positions/Stocks- Assets (Net Acquisition of)- Financial account- Reserve Assets- Monetary gold- Not applicable- Gold fine troy ounces-Compilation methodology based on international standards,,,3,,,E,"Reserve assets, Monetary gold, volume",,6
RAS.M.N.PL.W1.S121.S1.LE.A.FA.R.F11._Z.XGO.XAU._Z.N.ALL,M,N,PL,W1,S121,S1,LE,A,FA,R,F11,_Z,XGO,XAU,_Z,N,ALL,2021-10,7,A,F,,,P1M,Monthly- Neither seasonally adjusted nor calendar adjusted data- Poland vis-a-vis Rest of the World-  sector: Central bank vis-a-vis Total economy- Closing balance sheet/Positions/Stocks- Assets (Net Acquisition of)- Financial account- Reserve Assets- Monetary gold- Not applicable- Gold fine troy ounces-Compilation methodology based on international standards,,,3,,,E,"Reserve assets, Monetary gold, volume",,6
RAS.M.N.PL.W1.S121.S1.LE.A.FA.R.F11._Z.XGO.XAU._Z.N.ALL,M,N,PL,W1,S121,S1,LE,A,FA,R,F11,_Z,XGO,XAU,_Z,N,ALL,2021-11,7,A,F,,,P1M,Monthly- Neither seasonally adjusted nor calendar adjusted data- Poland vis-a-vis Rest of the World-  sector: Central bank vis-a-vis Total economy- Closing balance sheet/Positions/Stocks- Assets (Net Acquisition of)- Financial account- Reserve Assets- Monetary gold- Not applicable- Gold fine troy ounces-Compilation methodology based on international standards,,,3,,,E,"Reserve assets, Monetary gold, volume",,6
RAS.M.N.PL.W1.S121.S1.LE.A.FA.R.F11._Z.XGO.XAU._Z.N.ALL,M,N,PL,W1,S121,S1,LE,A,FA,R,F11,_Z,XGO,XAU,_Z,N,ALL,2021-12,7,A,F,,,P1M,Monthly- Neither seasonally adjusted nor calendar adjusted data- Poland vis-a-vis Rest of the World-  sector: Central bank vis-a-vis Total economy- Closing balance sheet/Positions/Stocks- Assets (Net Acquisition of)- Financial account- Reserve Assets- Monetary gold- Not applicable- Gold fine troy ounces-Compilation methodology based on international standards,,,3,,,E,"Reserve assets, Monetary gold, volume",,6
RAS.M.N.PL.W1.S121.S1.LE.A.FA.R.F11._Z.XGO.XAU._Z.N.ALL,M,N,PL,W1,S121,S1,LE,A,FA,R,F11,_Z,XGO,XAU,_Z,N,ALL,2022-01,7,A,F,,,P1M,Monthly- Neither seasonally adjusted nor calendar adjusted data- Poland vis-a-vis Rest of the World-  sector: Central bank vis-a-vis Total economy- Closing balance sheet/Positions/Stocks- Assets (Net Acquisition of)- Financial account- Reserve Assets- Monetary gold- Not applicable- Gold fine troy ounces-Compilation methodology based on international standards,,,3,,,E,"Reserve assets, Monetary gold, volume",,6
RAS.M.N.PL.W1.S121.S1.LE.A.FA.R.F11._Z.XGO.XAU._Z.N.ALL,M,N,PL,W1,S121,S1,LE,A,FA,R,F11,_Z,XGO,XAU,_Z,N,ALL,2022-02,7,A,F,,,P1M,Monthly- Neither seasonally adjusted nor calendar adjusted data- Poland vis-a-vis Rest of the World-  sector: Central bank vis-a-vis Total economy- Closing balance sheet/Positions/Stocks- Assets (Net Acquisition of)- Financial account- Reserve Assets- Monetary gold- Not applicable- Gold fine troy ounces-Compilation methodology based on international standards,,,3,,,E,"Reserve assets, Monetary gold, volume",,6
RAS.M.N.PL.W1.S121.S1.LE.A.FA.R.F11._Z.XGO.XAU._Z.N.ALL,M,N,PL,W1,S121,S1,LE,A,FA,R,F11,_Z,XGO,XAU,_Z,N,ALL,2022-03,7,A,F,,,P1M,Monthly- Neither seasonally adjusted nor calendar adjusted data- Poland vis-a-vis Rest of the World-  sector: Central bank vis-a-vis Total economy- Closing balance sheet/Positions/Stocks- Assets (Net Acquisition of)- Financial account- Reserve Assets- Monetary gold- Not applicable- Gold fine troy ounces-Compilation methodology based on international standards,,,3,,,E,"Reserve assets, Monetary gold, volume",,6
RAS.M.N.PL.W1.S121.S1.LE.A.FA.R.F11._Z.XGO.XAU._Z.N.ALL,M,N,PL,W1,S121,S1,LE,A,FA,R,F11,_Z,XGO,XAU,_Z,N,ALL,2022-04,7,A,F,,,P1M,Monthly- Neither seasonally adjusted nor calendar adjusted data- Poland vis-a-vis Rest of the World-  sector: Central bank vis-a-vis Total economy- Closing balance sheet/Positions/Stocks- Assets (Net Acquisition of)- Financial account- Reserve Assets- Monetary gold- Not applicable- Gold fine troy ounces-Compilation methodology based on international standards,,,3,,,E,"Reserve assets, Monetary gold, volume",,6
RAS.M.N.PL.W1.S121.S1.LE.A.FA.R.F11._Z.XGO.XAU._Z.N.ALL,M,N,PL,W1,S121,S1,LE,A,FA,R,F11,_Z,XGO,XAU,_Z,N,ALL,2022-05,7,A,F,,,P1M,Monthly- Neither seasonally adjusted nor calendar adjusted data- Poland vis-a-vis Rest of the World-  sector: Central bank vis-a-vis Total economy- Closing balance sheet/Positions/Stocks- Assets (Net Acquisition of)- Financial account- Reserve Assets- Monetary gold- Not applicable- Gold fine troy ounces-Compilation methodology based on international standards,,,3,,,E,"Reserve assets, Monetary gold, volume",,6
RAS.M.N.PL.W1.S121.S1.LE.A.FA.R.F11._Z.XGO.XAU._Z.N.ALL,M,N,PL,W1,S121,S1,LE,A,FA,R,F11,_Z,XGO,XAU,_Z,N,ALL,2022-06,7,A,F,,,P1M,Monthly- Neither seasonally adjusted nor calendar adjusted data- Poland vis-a-vis Rest of the World-  sector: Central bank vis-a-vis Total economy- Closing balance sheet/Positions/Stocks- Assets (Net Acquisition of)- Financial account- Reserve Assets- Monetary gold- Not applicable- Gold fine troy ounces-Compilation methodology based on international standards,,,3,,,E,"Reserve assets, Monetary gold, volume",,6
RAS.M.N.PL.W1.S121.S1.LE.A.FA.R.F11._Z.XGO.XAU._Z.N.ALL,M,N,PL,W1,S121,S1,LE,A,FA,R,F11,_Z,XGO,XAU,_Z,N,ALL,2022-07,7,A,F,,,P1M,Monthly- Neither seasonally adjusted nor calendar adjusted data- Poland vis-a-vis Rest of the World-  sector: Central bank vis-a-vis Total economy- Closing balance sheet/Positions/Stocks- Assets (Net Acquisition of)- Financial account- Reserve Assets- Monetary gold- Not applicable- Gold fine troy ounces-Compilation methodology based on international standards,,,3,,,E,"Reserve assets, Monetary gold, volume",,6
RAS.M.N.PL.W1.S121.S1.LE.A.FA.R.F11._Z.XGO.XAU._Z.N.ALL,M,N,PL,W1,S121,S1,LE,A,FA,R,F11,_Z,XGO,XAU,_Z,N,ALL,2022-08,7,A,F,,,P1M,Monthly- Neither seasonally adjusted nor calendar adjusted data- Poland vis-a-vis Rest of the World-  sector: Central bank vis-a-vis Total economy- Closing balance sheet/Positions/Stocks- Assets (Net Acquisition of)- Financial account- Reserve Assets- Monetary gold- Not applicable- Gold fine troy ounces-Compilation methodology based on international standards,,,3,,,E,"Reserve assets, Monetary gold, volume",,6
RAS.M.N.PL.W1.S121.S1.LE.A.FA.R.F11._Z.XGO.XAU._Z.N.ALL,M,N,PL,W1,S121,S1,LE,A,FA,R,F11,_Z,XGO,XAU,_Z,N,ALL,2022-09,7,A,F,,,P1M,Monthly- Neither seasonally adjusted nor calendar adjusted data- Poland vis-a-vis Rest of the World-  sector: Central bank vis-a-vis Total economy- Closing balance sheet/Positions/Stocks- Assets (Net Acquisition of)- Financial account- Reserve Assets- Monetary gold- Not applicable- Gold fine troy ounces-Compilation methodology based on international standards,,,3,,,E,"Reserve assets, Monetary gold, volume",,6
RAS.M.N.PL.W1.S121.S1.LE.A.FA.R.F11._Z.XGO.XAU._Z.N.ALL,M,N,PL,W1,S121,S1,LE,A,FA,R,F11,_Z,XGO,XAU,_Z,N,ALL,2022-10,7,A,F,,,P1M,Monthly- Neither seasonally adjusted nor calendar adjusted data- Poland vis-a-vis Rest of the World-  sector: Central bank vis-a-vis Total economy- Closing balance sheet/Positions/Stocks- Assets (Net Acquisition of)- Financial account- Reserve Assets- Monetary gold- Not applicable- Gold fine troy ounces-Compilation methodology based on international standards,,,3,,,E,"Reserve assets, Monetary gold, volume",,6
RAS.M.N.PL.W1.S121.S1.LE.A.FA.R.F11._Z.XGO.XAU._Z.N.ALL,M,N,PL,W1,S121,S1,LE,A,FA,R,F11,_Z,XGO,XAU,_Z,N,ALL,2022-11,7,A,F,,,P1M,Monthly- Neither seasonally adjusted nor calendar adjusted data- Poland vis-a-vis Rest of the World-  sector: Central bank vis-a-vis Total economy- Closing balance sheet/Positions/Stocks- Assets (Net Acquisition of)- Financial account- Reserve Assets- Monetary gold- Not applicable- Gold fine troy ounces-Compilation methodology based on international standards,,,3,,,E,"Reserve assets, Monetary gold, volume",,6
RAS.M.N.PL.W1.S121.S1.LE.A.FA.R.F11._Z.XGO.XAU._Z.N.ALL,M,N,PL,W1,S121,S1,LE,A,FA,R,F11,_Z,XGO,XAU,_Z,N,ALL,2022-12,7,A,F,,,P1M,Monthly- Neither seasonally adjusted nor calendar adjusted data- Poland vis-a-vis Rest of the World-  sector: Central bank vis-a-vis Total economy- Closing balance sheet/Positions/Stocks- Assets (Net Acquisition of)- Financial account- Reserve Assets- Monetary gold- Not applicable- Gold fine troy ounces-Compilation methodology based on international standards,,,3,,,E,"Reserve assets, Monetary gold, volume",,6
RAS.M.N.PL.W1.S121.S1.LE.A.FA.R.F11._Z.XGO.XAU._Z.N.ALL,M,N,PL,W1,S121,S1,LE,A,FA,R,F11,_Z,XGO,XAU,_Z,N,ALL,2023-01,7,A,F,,,P1M,Monthly- Neither seasonally adjusted nor calendar adjusted data- Poland vis-a-vis Rest of the World-  sector: Central bank vis-a-vis Total economy- Closing balance sheet/Positions/Stocks- Assets (Net Acquisition of)- Financial account- Reserve Assets- Monetary gold- Not applicable- Gold fine troy ounces-Compilation methodology based on international standards,,,3,,,E,"Reserve assets, Monetary gold, volume",,6
RAS.M.N.PL.W1.S121.S1.LE.A.FA.R.F11._Z.XGO.XAU._Z.N.ALL,M,N,PL,W1,S121,S1,LE,A,FA,R,F11,_Z,XGO,XAU,_Z,N,ALL,2023-02,7,A,F,,,P1M,Monthly- Neither seasonally adjusted nor calendar adjusted data- Poland vis-a-vis Rest of the World-  sector: Central bank vis-a-vis Total economy- Closing balance sheet/Positions/Stocks- Assets (Net Acquisition of)- Financial account- Reserve Assets- Monetary gold- Not applicable- Gold fine troy ounces-Compilation methodology based on international standards,,,3,,,E,"Reserve assets, Monetary gold, volume",,6
RAS.M.N.PL.W1.S121.S1.LE.A.FA.R.F11._Z.XGO.XAU._Z.N.ALL,M,N,PL,W1,S121,S1,LE,A,FA,R,F11,_Z,XGO,XAU,_Z,N,ALL,2023-03,7,A,F,,,P1M,Monthly- Neither seasonally adjusted nor calendar adjusted data- Poland vis-a-vis Rest of the World-  sector: Central bank vis-a-vis Total economy- Closing balance sheet/Positions/Stocks- Assets (Net Acquisition of)- Financial account- Reserve Assets- Monetary gold- Not applicable- Gold fine troy ounces-Compilation methodology based on international standards,,,3,,,E,"Reserve assets, Monetary gold, volume",,6
RAS.M.N.PL.W1.S121.S1.LE.A.FA.R.F11._Z.XGO.XAU._Z.N.ALL,M,N,PL,W1,S121,S1,LE,A,FA,R,F11,_Z,XGO,XAU,_Z,N,ALL,2023-04,8,A,F,,,P1M,Monthly- Neither seasonally adjusted nor calendar adjusted data- Poland vis-a-vis Rest of the World-  sector: Central bank vis-a-vis Total economy- Closing balance sheet/Positions/Stocks- Assets (Net Acquisition of)- Financial account- Reserve Assets- Monetary gold- Not applicable- Gold fine troy ounces-Compilation methodology based on international standards,,,3,,,E,"Reserve assets, Monetary gold, volume",,6
RAS.M.N.PL.W1.S121.S1.LE.A.FA.R.F11._Z.XGO.XAU._Z.N.ALL,M,N,PL,W1,S121,S1,LE,A,FA,R,F11,_Z,XGO,XAU,_Z,N,ALL,2023-05,8,A,F,,,P1M,Monthly- Neither seasonally adjusted nor calendar adjusted data- Poland vis-a-vis Rest of the World-  sector: Central bank vis-a-vis Total economy- Closing balance sheet/Positions/Stocks- Assets (Net Acquisition of)- Financial account- Reserve Assets- Monetary gold- Not applicable- Gold fine troy ounces-Compilation methodology based on international standards,,,3,,,E,"Reserve assets, Monetary gold, volume",,6
RAS.M.N.PL.W1.S121.S1.LE.A.FA.R.F11._Z.XGO.XAU._Z.N.ALL,M,N,PL,W1,S121,S1,LE,A,FA,R,F11,_Z,XGO,XAU,_Z,N,ALL,2023-06,9,A,F,,,P1M,Monthly- Neither seasonally adjusted nor calendar adjusted data- Poland vis-a-vis Rest of the World-  sector: Central bank vis-a-vis Total economy- Closing balance sheet/Positions/Stocks- Assets (Net Acquisition of)- Financial account- Reserve Assets- Monetary gold- Not applicable- Gold fine troy ounces-Compilation methodology based on international standards,,,3,,,E,"Reserve assets, Monetary gold, volume",,6
RAS.M.N.PL.W1.S121.S1.LE.A.FA.R.F11._Z.XGO.XAU._Z.N.ALL,M,N,PL,W1,S121,S1,LE,A,FA,R,F11,_Z,XGO,XAU,_Z,N,ALL,2023-07,10,A,F,,,P1M,Monthly- Neither seasonally adjusted nor calendar adjusted data- Poland vis-a-vis Rest of the World-  sector: Central bank vis-a-vis Total economy- Closing balance sheet/Positions/Stocks- Assets (Net Acquisition of)- Financial account- Reserve Assets- Monetary gold- Not applicable- Gold fine troy ounces-Compilation methodology based on international standards,,,3,,,E,"Reserve assets, Monetary gold, volume",,6
RAS.M.N.PL.W1.S121.S1.LE.A.FA.R.F11._Z.XGO.XAU._Z.N.ALL,M,N,PL,W1,S121,S1,LE,A,FA,R,F11,_Z,XGO,XAU,_Z,N,ALL,2023-08,10,A,F,,,P1M,Monthly- Neither seasonally adjusted nor calendar adjusted data- Poland vis-a-vis Rest of the World-  sector: Central bank vis-a-vis Total economy- Closing balance sheet/Positions/Stocks- Assets (Net Acquisition of)- Financial account- Reserve Assets- Monetary gold- Not applicable- Gold fine troy ounces-Compilation methodology based on international standards,,,3,,,E,"Reserve assets, Monetary gold, volume",,6
RAS.M.N.PL.W1.S121.S1.LE.A.FA.R.F11._Z.XGO.XAU._Z.N.ALL,M,N,PL,W1,S121,S1,LE,A,FA,R,F11,_Z,XGO,XAU,_Z,N,ALL,2023-09,11,A,F,,,P1M,Monthly- Neither seasonally adjusted nor calendar adjusted data- Poland vis-a-vis Rest of the World-  sector: Central bank vis-a-vis Total economy- Closing balance sheet/Positions/Stocks- Assets (Net Acquisition of)- Financial account- Reserve Assets- Monetary gold- Not applicable- Gold fine troy ounces-Compilation methodology based on international standards,,,3,,,E,"Reserve assets, Monetary gold, volume",,6
RAS.M.N.PL.W1.S121.S1.LE.A.FA.R.F11._Z.XGO.XAU._Z.N.ALL,M,N,PL,W1,S121,S1,LE,A,FA,R,F11,_Z,XGO,XAU,_Z,N,ALL,2023-10,11,A,F,,,P1M,Monthly- Neither seasonally adjusted nor calendar adjusted data- Poland vis-a-vis Rest of the World-  sector: Central bank vis-a-vis Total economy- Closing balance sheet/Positions/Stocks- Assets (Net Acquisition of)- Financial account- Reserve Assets- Monetary gold- Not applicable- Gold fine troy ounces-Compilation methodology based on international standards,,,3,,,E,"Reserve assets, Monetary gold, volume",,6
RAS.M.N.PL.W1.S121.S1.LE.A.FA.R.F11._Z.XGO.XAU._Z.N.ALL,M,N,PL,W1,S121,S1,LE,A,FA,R,F11,_Z,XGO,XAU,_Z,N,ALL,2023-11,12,A,F,,,P1M,Monthly- Neither seasonally adjusted nor calendar adjusted data- Poland vis-a-vis Rest of the World-  sector: Central bank vis-a-vis Total economy- Closing balance sheet/Positions/Stocks- Assets (Net Acquisition of)- Financial account- Reserve Assets- Monetary gold- Not applicable- Gold fine troy ounces-Compilation methodology based on international standards,,,3,,,E,"Reserve assets, Monetary gold, volume",,6
RAS.M.N.PL.W1.S121.S1.LE.A.FA.R.F11._Z.XGO.XAU._Z.N.ALL,M,N,PL,W1,S121,S1,LE,A,FA,R,F11,_Z,XGO,XAU,_Z,N,ALL,2023-12,12,A,F,,,P1M,Monthly- Neither seasonally adjusted nor calendar adjusted data- Poland vis-a-vis Rest of the World-  sector: Central bank vis-a-vis Total economy- Closing balance sheet/Positions/Stocks- Assets (Net Acquisition of)- Financial account- Reserve Assets- Monetary gold- Not applicable- Gold fine troy ounces-Compilation methodology based on international standards,,,3,,,E,"Reserve assets, Monetary gold, volume",,6
RAS.M.N.PL.W1.S121.S1.LE.A.FA.R.F11._Z.XGO.XAU._Z.N.ALL,M,N,PL,W1,S121,S1,LE,A,FA,R,F11,_Z,XGO,XAU,_Z,N,ALL,2024-01,12,A,F,,,P1M,Monthly- Neither seasonally adjusted nor calendar adjusted data- Poland vis-a-vis Rest of the World-  sector: Central bank vis-a-vis Total economy- Closing balance sheet/Positions/Stocks- Assets (Net Acquisition of)- Financial account- Reserve Assets- Monetary gold- Not applicable- Gold fine troy ounces-Compilation methodology based on international standards,,,3,,,E,"Reserve assets, Monetary gold, volume",,6
RAS.M.N.PL.W1.S121.S1.LE.A.FA.R.F11._Z.XGO.XAU._Z.N.ALL,M,N,PL,W1,S121,S1,LE,A,FA,R,F11,_Z,XGO,XAU,_Z,N,ALL,2024-02,12,A,F,,,P1M,Monthly- Neither seasonally adjusted nor calendar adjusted data- Poland vis-a-vis Rest of the World-  sector: Central bank vis-a-vis Total economy- Closing balance sheet/Positions/Stocks- Assets (Net Acquisition of)- Financial account- Reserve Assets- Monetary gold- Not applicable- Gold fine troy ounces-Compilation methodology based on international standards,,,3,,,E,"Reserve assets, Monetary gold, volume",,6
RAS.M.N.PL.W1.S121.S1.LE.A.FA.R.F11._Z.XGO.XAU._Z.N.ALL,M,N,PL,W1,S121,S1,LE,A,FA,R,F11,_Z,XGO,XAU,_Z,N,ALL,2024-03,12,A,F,,,P1M,Monthly- Neither seasonally adjusted nor calendar adjusted data- Poland vis-a-vis Rest of the World-  sector: Central bank vis-a-vis Total economy- Closing balance sheet/Positions/Stocks- Assets (Net Acquisition of)- Financial account- Reserve Assets- Monetary gold- Not applicable- Gold fine troy ounces-Compilation methodology based on international standards,,,3,,,E,"Reserve assets, Monetary gold, volume",,6
RAS.M.N.PL.W1.S121.S1.LE.A.FA.R.F11._Z.XGO.XAU._Z.N.ALL,M,N,PL,W1,S121,S1,LE,A,FA,R,F11,_Z,XGO,XAU,_Z,N,ALL,2024-04,12,A,F,,,P1M,Monthly- Neither seasonally adjusted nor calendar adjusted data- Poland vis-a-vis Rest of the World-  sector: Central bank vis-a-vis Total economy- Closing balance sheet/Positions/Stocks- Assets (Net Acquisition of)- Financial account- Reserve Assets- Monetary gold- Not applicable- Gold fine troy ounces-Compilation methodology based on international standards,,,3,,,E,"Reserve assets, Monetary gold, volume",,6
RAS.M.N.PL.W1.S121.S1.LE.A.FA.R.F11._Z.XGO.XAU._Z.N.ALL,M,N,PL,W1,S121,S1,LE,A,FA,R,F11,_Z,XGO,XAU,_Z,N,ALL,2024-05,12,A,F,,,P1M,Monthly- Neither seasonally adjusted nor calendar adjusted data- Poland vis-a-vis Rest of the World-  sector: Central bank vis-a-vis Total economy- Closing balance sheet/Positions/Stocks- Assets (Net Acquisition of)- Financial account- Reserve Assets- Monetary gold- Not applicable- Gold fine troy ounces-Compilation methodology based on international standards,,,3,,,E,"Reserve assets, Monetary gold, volume",,6
RAS.M.N.PL.W1.S121.S1.LE.A.FA.R.F11._Z.XGO.XAU._Z.N.ALL,M,N,PL,W1,S121,S1,LE,A,FA,R,F11,_Z,XGO,XAU,_Z,N,ALL,2024-06,12,A,F,,,P1M,Monthly- Neither seasonally adjusted nor calendar adjusted data- Poland vis-a-vis Rest of the World-  sector: Central bank vis-a-vis Total economy- Closing balance sheet/Positions/Stocks- Assets (Net Acquisition of)- Financial account- Reserve Assets- Monetary gold- Not applicable- Gold fine troy ounces-Compilation methodology based on international standards,,,3,,,E,"Reserve assets, Monetary gold, volume",,6
RAS.M.N.PL.W1.S121.S1.LE.A.FA.R.F11._Z.XGO.XAU._Z.N.ALL,M,N,PL,W1,S121,S1,LE,A,FA,R,F11,_Z,XGO,XAU,_Z,N,ALL,2024-07,13,A,F,,,P1M,Monthly- Neither seasonally adjusted nor calendar adjusted data- Poland vis-a-vis Rest of the World-  sector: Central bank vis-a-vis Total economy- Closing balance sheet/Positions/Stocks- Assets (Net Acquisition of)- Financial account- Reserve Assets- Monetary gold- Not applicable- Gold fine troy ounces-Compilation methodology based on international standards,,,3,,,E,"Reserve assets, Monetary gold, volume",,6
RAS.M.N.PL.W1.S121.S1.LE.A.FA.R.F11._Z.XGO.XAU._Z.N.ALL,M,N,PL,W1,S121,S1,LE,A,FA,R,F11,_Z,XGO,XAU,_Z,N,ALL,2024-08,13,A,F,,,P1M,Monthly- Neither seasonally adjusted nor calendar adjusted data- Poland vis-a-vis Rest of the World-  sector: Central bank vis-a-vis Total economy- Closing balance sheet/Positions/Stocks- Assets (Net Acquisition of)- Financial account- Reserve Assets- Monetary gold- Not applicable- Gold fine troy ounces-Compilation methodology based on international standards,,,3,,,E,"Reserve assets, Monetary gold, volume",,6
RAS.M.N.PL.W1.S121.S1.LE.A.FA.R.F11._Z.XGO.XAU._Z.N.ALL,M,N,PL,W1,S121,S1,LE,A,FA,R,F11,_Z,XGO,XAU,_Z,N,ALL,2024-09,13,A,F,,,P1M,Monthly- Neither seasonally adjusted nor calendar adjusted data- Poland vis-a-vis Rest of the World-  sector: Central bank vis-a-vis Total economy- Closing balance sheet/Positions/Stocks- Assets (Net Acquisition of)- Financial account- Reserve Assets- Monetary gold- Not applicable- Gold fine troy ounces-Compilation methodology based on international standards,,,3,,,E,"Reserve assets, Monetary gold, volume",,6
RAS.M.N.PL.W1.S121.S1.LE.A.FA.R.F11._Z.XGO.XAU._Z.N.ALL,M,N,PL,W1,S121,S1,LE,A,FA,R,F11,_Z,XGO,XAU,_Z,N,ALL,2024-10,14,A,F,,,P1M,Monthly- Neither seasonally adjusted nor calendar adjusted data- Poland vis-a-vis Rest of the World-  sector: Central bank vis-a-vis Total economy- Closing balance sheet/Positions/Stocks- Assets (Net Acquisition of)- Financial account- Reserve Assets- Monetary gold- Not applicable- Gold fine troy ounces-Compilation methodology based on international standards,,,3,,,E,"Reserve assets, Monetary gold, volume",,6
RAS.M.N.PL.W1.S121.S1.LE.A.FA.R.F11._Z.XGO.XAU._Z.N.ALL,M,N,PL,W1,S121,S1,LE,A,FA,R,F11,_Z,XGO,XAU,_Z,N,ALL,2024-11,14,A,F,,,P1M,Monthly- Neither seasonally adjusted nor calendar adjusted data- Poland vis-a-vis Rest of the World-  sector: Central bank vis-a-vis Total economy- Closing balance sheet/Positions/Stocks- Assets (Net Acquisition of)- Financial account- Reserve Assets- Monetary gold- Not applicable- Gold fine troy ounces-Compilation methodology based on international standards,,,3,,,E,"Reserve assets, Monetary gold, volume",,6
RAS.M.N.PL.W1.S121.S1.LE.A.FA.R.F11._Z.XGO.XAU._Z.N.ALL,M,N,PL,W1,S121,S1,LE,A,FA,R,F11,_Z,XGO,XAU,_Z,N,ALL,2024-12,14,A,F,,,P1M,Monthly- Neither seasonally adjusted nor calendar adjusted data- Poland vis-a-vis Rest of the World-  sector: Central bank vis-a-vis Total economy- Closing balance sheet/Positions/Stocks- Assets (Net Acquisition of)- Financial account- Reserve Assets- Monetary gold- Not applicable- Gold fine troy ounces-Compilation methodology based on international standards,,,3,,,E,"Reserve assets, Monetary gold, volume",,6
RAS.M.N.PL.W1.S121.S1.LE.A.FA.R.F11._Z.XGO.XAU._Z.N.ALL,M,N,PL,W1,S121,S1,LE,A,FA,R,F11,_Z,XGO,XAU,_Z,N,ALL,2025-01,15,A,F,,,P1M,Monthly- Neither seasonally adjusted nor calendar adjusted data- Poland vis-a-vis Rest of the World-  sector: Central bank vis-a-vis Total economy- Closing balance sheet/Positions/Stocks- Assets (Net Acquisition of)- Financial account- Reserve Assets- Monetary gold- Not applicable- Gold fine troy ounces-Compilation methodology based on international standards,,,3,,,E,"Reserve assets, Monetary gold, volume",,6
RAS.M.N.PL.W1.S121.S1.LE.A.FA.R.F11._Z.XGO.XAU._Z.N.ALL,M,N,PL,W1,S121,S1,LE,A,FA,R,F11,_Z,XGO,XAU,_Z,N,ALL,2025-02,15,A,F,,,P1M,Monthly- Neither seasonally adjusted nor calendar adjusted data- Poland vis-a-vis Rest of the World-  sector: Central bank vis-a-vis Total economy- Closing balance sheet/Positions/Stocks- Assets (Net Acquisition of)- Financial account- Reserve Assets- Monetary gold- Not applicable- Gold fine troy ounces-Compilation methodology based on international standards,,,3,,,E,"Reserve assets, Monetary gold, volume",,6
RAS.M.N.PL.W1.S121.S1.LE.A.FA.R.F11._Z.XGO.XAU._Z.N.ALL,M,N,PL,W1,S121,S1,LE,A,FA,R,F11,_Z,XGO,XAU,_Z,N,ALL,2025-03,16,A,F,,,P1M,Monthly- Neither seasonally adjusted nor calendar adjusted data- Poland vis-a-vis Rest of the World-  sector: Central bank vis-a-vis Total economy- Closing balance sheet/Positions/Stocks- Assets (Net Acquisition of)- Financial account- Reserve Assets- Monetary gold- Not applicable- Gold fine troy ounces-Compilation methodology based on international standards,,,3,,,E,"Reserve assets, Monetary gold, volume",,6
RAS.M.N.PL.W1.S121.S1.LE.A.FA.R.F11._Z.XGO.XAU._Z.N.ALL,M,N,PL,W1,S121,S1,LE,A,FA,R,F11,_Z,XGO,XAU,_Z,N,ALL,2025-04,16,A,F,,,P1M,Monthly- Neither seasonally adjusted nor calendar adjusted data- Poland vis-a-vis Rest of the World-  sector: Central bank vis-a-vis Total economy- Closing balance sheet/Positions/Stocks- Assets (Net Acquisition of)- Financial account- Reserve Assets- Monetary gold- Not applicable- Gold fine troy ounces-Compilation methodology based on international standards,,,3,,,E,"Reserve assets, Monetary gold, volume",,6
RAS.M.N.PL.W1.S121.S1.LE.A.FA.R.F11._Z.XGO.XAU._Z.N.ALL,M,N,PL,W1,S121,S1,LE,A,FA,R,F11,_Z,XGO,XAU,_Z,N,ALL,2025-05,17,A,F,,,P1M,Monthly- Neither seasonally adjusted nor calendar adjusted data- Poland vis-a-vis Rest of the World-  sector: Central bank vis-a-vis Total economy- Closing balance sheet/Positions/Stocks- Assets (Net Acquisition of)- Financial account- Reserve Assets- Monetary gold- Not applicable- Gold fine troy ounces-Compilation methodology based on international standards,,,3,,,E,"Reserve assets, Monetary gold, volume",,6
RAS.M.N.PL.W1.S121.S1.LE.A.FA.R.F11._Z.XGO.XAU._Z.N.ALL,M,N,PL,W1,S121,S1,LE,A,FA,R,F11,_Z,XGO,XAU,_Z,N,ALL,2025-06,17,A,F,,,P1M,Monthly- Neither seasonally adjusted nor calendar adjusted data- Poland vis-a-vis Rest of the World-  sector: Central bank vis-a-vis Total economy- Closing balance sheet/Positions/Stocks- Assets (Net Acquisition of)- Financial account- Reserve Assets- Monetary gold- Not applicable- Gold fine troy ounces-Compilation methodology based on international standards,,,3,,,E,"Reserve assets, Monetary gold, volume",,6
RAS.M.N.PL.W1.S121.S1.LE.A.FA.R.F11._Z.XGO.XAU._Z.N.ALL,M,N,PL,W1,S121,S1,LE,A,FA,R,F11,_Z,XGO,XAU,_Z,N,ALL,2025-07,17,A,F,,,P1M,Monthly- Neither seasonally adjusted nor calendar adjusted data- Poland vis-a-vis Rest of the World-  sector: Central bank vis-a-vis Total economy- Closing balance sheet/Positions/Stocks- Assets (Net Acquisition of)- Financial account- Reserve Assets- Monetary gold- Not applicable- Gold fine troy ounces-Compilation methodology based on international standards,,,3,,,E,"Reserve assets, Monetary gold, volume",,6
RAS.M.N.PL.W1.S121.S1.LE.A.FA.R.F11._Z.XGO.XAU._Z.N.ALL,M,N,PL,W1,S121,S1,LE,A,FA,R,F11,_Z,XGO,XAU,_Z,N,ALL,2025-08,17,A,F,,,P1M,Monthly- Neither seasonally adjusted nor calendar adjusted data- Poland vis-a-vis Rest of the World-  sector: Central bank vis-a-vis Total economy- Closing balance sheet/Positions/Stocks- Assets (Net Acquisition of)- Financial account- Reserve Assets- Monetary gold- Not applicable- Gold fine troy ounces-Compilation methodology based on international standards,,,3,,,E,"Reserve assets, Monetary gold, volume",,6
RAS.M.N.PL.W1.S121.S1.LE.A.FA.R.F11._Z.XGO.XAU._Z.N.ALL,M,N,PL,W1,S121,S1,LE,A,FA,R,F11,_Z,XGO,XAU,_Z,N,ALL,2025-09,17,A,F,,,P1M,Monthly- Neither seasonally adjusted nor calendar adjusted data- Poland vis-a-vis Rest of the World-  sector: Central bank vis-a-vis Total economy- Closing balance sheet/Positions/Stocks- Assets (Net Acquisition of)- Financial account- Reserve Assets- Monetary gold- Not applicable- Gold fine troy ounces-Compilation methodology based on international standards,,,3,,,E,"Reserve assets, Monetary gold, volume",,6
RAS.M.N.PL.W1.S121.S1.LE.A.FA.R.F11._Z.XGO.XAU._Z.N.ALL,M,N,PL,W1,S121,S1,LE,A,FA,R,F11,_Z,XGO,XAU,_Z,N,ALL,2025-10,17,A,F,,,P1M,Monthly- Neither seasonally adjusted nor calendar adjusted data- Poland vis-a-vis Rest of the World-  sector: Central bank vis-a-vis Total economy- Closing balance sheet/Positions/Stocks- Assets (Net Acquisition of)- Financial account- Reserve Assets- Monetary gold- Not applicable- Gold fine troy ounces-Compilation methodology based on international standards,,,3,,,E,"Reserve assets, Monetary gold, volume",,6
RAS.M.N.PL.W1.S121.S1.LE.A.FA.R.F11._Z.XGO.XAU._Z.N.ALL,M,N,PL,W1,S121,S1,LE,A,FA,R,F11,_Z,XGO,XAU,_Z,N,ALL,2025-11,17,A,F,,,P1M,Monthly- Neither seasonally adjusted nor calendar adjusted data- Poland vis-a-vis Rest of the World-  sector: Central bank vis-a-vis Total economy- Closing balance sheet/Positions/Stocks- Assets (Net Acquisition of)- Financial account- Reserve Assets- Monetary gold- Not applicable- Gold fine troy ounces-Compilation methodology based on international standards,,,3,,,E,"Reserve assets, Monetary gold, volume",,6
RAS.M.N.PL.W1.S121.S1.LE.A.FA.R.F11._Z.XGO.XAU._Z.N.ALL,M,N,PL,W1,S121,S1,LE,A,FA,R,F11,_Z,XGO,XAU,_Z,N,ALL,2025-12,18,A,F,,,P1M,Monthly- Neither seasonally adjusted nor calendar adjusted data- Poland vis-a-vis Rest of the World-  sector: Central bank vis-a-vis Total economy- Closing balance sheet/Positions/Stocks- Assets (Net Acquisition of)- Financial account- Reserve Assets- Monetary gold- Not applicable- Gold fine troy ounces-Compilation methodology based on international standards,,,3,,,E,"Reserve assets, Monetary gold, volume",,6
RAS.M.N.PL.W1.S121.S1.LE.A.FA.R.F11._Z.XGO.XAU._Z.N.ALL,M,N,PL,W1,S121,S1,LE,A,FA,R,F11,_Z,XGO,XAU,_Z,N,ALL,2026-01,18,A,F,,,P1M,Monthly- Neither seasonally adjusted nor calendar adjusted data- Poland vis-a-vis Rest of the World-  sector: Central bank vis-a-vis Total economy- Closing balance sheet/Positions/Stocks- Assets (Net Acquisition of)- Financial account- Reserve Assets- Monetary gold- Not applicable- Gold fine troy ounces-Compilation methodology based on international standards,,,3,,,E,"Reserve assets, Monetary gold, volume",,6
RAS.M.N.PL.W1.S121.S1.LE.A.FA.R.F11._Z.XGO.XAU._Z.N.ALL,M,N,PL,W1,S121,S1,LE,A,FA,R,F11,_Z,XGO,XAU,_Z,N,ALL,2026-02,18,A,F,,,P1M,Monthly- Neither seasonally adjusted nor calendar adjusted data- Poland vis-a-vis Rest of the World-  sector: Central bank vis-a-vis Total economy- Closing balance sheet/Positions/Stocks- Assets (Net Acquisition of)- Financial account- Reserve Assets- Monetary gold- Not applicable- Gold fine troy ounces-Compilation methodology based on international standards,,,3,,,E,"Reserve assets, Monetary gold, volume",,6
RAS.M.N.PL.W1.S121.S1.LE.A.FA.R.F11._Z.XGO.XAU._Z.N.ALL,M,N,PL,W1,S121,S1,LE,A,FA,R,F11,_Z,XGO,XAU,_Z,N,ALL,2026-03,19,A,F,,,P1M,Monthly- Neither seasonally adjusted nor calendar adjusted data- Poland vis-a-vis Rest of the World-  sector: Central bank vis-a-vis Total economy- Closing balance sheet/Positions/Stocks- Assets (Net Acquisition of)- Financial account- Reserve Assets- Monetary gold- Not applicable- Gold fine troy ounces-Compilation methodology based on international standards,,,3,,,E,"Reserve assets, Monetary gold, volume",,6
RAS.M.N.PL.W1.S121.S1.LE.A.FA.R.F11._Z.XGO.XAU._Z.N.ALL,M,N,PL,W1,S121,S1,LE,A,FA,R,F11,_Z,XGO,XAU,_Z,N,ALL,2026-04,19,A,F,,,P1M,Monthly- Neither seasonally adjusted nor calendar adjusted data- Poland vis-a-vis Rest of the World-  sector: Central bank vis-a-vis Total economy- Closing balance sheet/Positions/Stocks- Assets (Net Acquisition of)- Financial account- Reserve Assets- Monetary gold- Not applicable- Gold fine troy ounces-Compilation methodology based on international standards,,,3,,,E,"Reserve assets, Monetary gold, volume",,6
RAS.M.N.PL.W1.S121.S1.LE.A.FA.R.F11._Z.XGO.XAU._Z.N.ALL,M,N,PL,W1,S121,S1,LE,A,FA,R,F11,_Z,XGO,XAU,_Z,N,ALL,2026-05,20,A,F,,,P1M,Monthly- Neither seasonally adjusted nor calendar adjusted data- Poland vis-a-vis Rest of the World-  sector: Central bank vis-a-vis Total economy- Closing balance sheet/Positions/Stocks- Assets (Net Acquisition of)- Financial account- Reserve Assets- Monetary gold- Not applicable- Gold fine troy ounces-Compilation methodology based on international standards,,,3,,,E,"Reserve assets, Monetary gold, volume",,6
RAS.M.N.PL.W1.S121.S1.LE.A.FA.R.F11._Z.XGO.XAU._Z.N.ALL,M,N,PL,W1,S121,S1,LE,A,FA,R,F11,_Z,XGO,XAU,_Z,N,ALL,2026-06,20,A,F,,,P1M,Monthly- Neither seasonally adjusted nor calendar adjusted data- Poland vis-a-vis Rest of the World-  sector: Central bank vis-a-vis Total economy- Closing balance sheet/Positions/Stocks- Assets (Net Acquisition of)- Financial account- Reserve Assets- Monetary gold- Not applicable- Gold fine troy ounces-Compilation methodology based on international standards,,,3,,,E,"Reserve assets, Monetary gold, volume",,6
RAS.M.N.PL.W1.S121.S1.LE.A.FA.R.F11._Z.XGO.XAU._Z.N.ALL,M,N,PL,W1,S121,S1,LE,A,FA,R,F11,_Z,XGO,XAU,_Z,N,ALL,2026-07,21,A,F,,,P1M,Monthly- Neither seasonally adjusted nor calendar adjusted data- Poland vis-a-vis Rest of the World-  sector: Central bank vis-a-vis Total economy- Closing balance sheet/Positions/Stocks- Assets (Net Acquisition of)- Financial account- Reserve Assets- Monetary gold- Not applicable- Gold fine troy ounces-Compilation methodology based on international standards,,,3,,,E,"Reserve assets, Monetary gold, volume",,6
